participant,trial_index,condition,level,sequence,quiz_name,event_index,target_note,target_note_name,target_key_id,actual_key_id,target_finger,target_hand,timed_out,actual_note,key_correct,actual_finger,finger_correct,target_finger_probability,manually_corrected,rt_s,validity,suspected_carryover,p_L1,p_L2,p_L3,p_L4,p_L5,p_R1,p_R2,p_R3,p_R4,p_R5
P10,1,C,alpha,1799551287-α-3,P10-T01-Cα,0,60,C4,7,7,L3,L,False,60,True,L3,True,0.7200937907681202,False,1.0156102180480957,valid,False,0.016596345735921645,0.07787860471946763,0.7200937907681202,0.17061020788760345,0.0015830944882640747,0.0032274206313015652,0.00849418208435559,0.0013490241355208737,0.00016192556388783055,5.403985557106595e-06
P10,1,C,alpha,1799551287-α-3,P10-T01-Cα,1,59,B3,6,6,L2,L,False,59,True,L2,True,0.900136654574515,False,1.1630949974060059,valid,False,0.013334754593187106,0.900136654574515,0.07538034692783818,0.008352380518052925,0.00014698078577122644,0.0005260294899529168,0.0018267649036462713,0.0002678164530499219,2.739339344558021e-05,8.783605408948136e-07
P10,1,C,alpha,1799551287-α-3,P10-T01-Cα,2,64,E4,9,9,R3,R,False,64,True,R3,True,0.40480444757522466,False,1.0532240867614746,valid,False,9.188133506789885e-05,0.00034071501357353087,3.4853702897040465e-05,7.324020193582791e-06,3.234079931972671e-07,0.011512162728114105,0.31843045674632675,0.40480444757522466,0.2607088076548858,0.004069027815723296
P10,1,C,alpha,1799551287-α-3,P10-T01-Cα,3,60,C4,7,7,L2,L,False,60,True,L2,True,0.9130647024511053,False,0.7436239719390869,valid,False,0.014028167751983052,0.9130647024511053,0.04545881476521653,0.003962229001388758,8.516257059380378e-05,0.005107302525712017,0.014250710228197514,0.0035141818762851073,0.0005152035292556931,1.3525300262356852e-05
P10,1,C,alpha,1799551287-α-3,P10-T01-Cα,4,59,B3,6,6,L1,L,False,59,True,L1,True,0.5150396169904223,False,1.0648791790008545,valid,False,0.5150396169904223,0.45679916202778287,0.024970487656977854,0.0009979670009791224,1.839353240106434e-05,0.0005110713676409672,0.0012766555716844168,0.00034103977164830196,4.434496186570149e-05,1.2611185974558802e-06
P10,1,C,alpha,1799551287-α-3,P10-T01-Cα,5,64,E4,9,9,R3,R,False,64,True,R2,True,0.4156282522400039,False,0.6854231357574463,valid,False,9.907172187032744e-05,0.00012870803122039595,8.146158898026708e-06,1.5182320232740566e-06,5.066836717513714e-08,0.012804430403581743,0.4156282522400039,0.4156282522400039,0.1529010891691159,0.0028004811349156716
P10,1,C,alpha,1799551287-α-3,P10-T01-Cα,6,65,F4,10,10,R2,R,False,65,True,R2,True,0.6026109288020136,False,0.9560582637786865,valid,False,1.1067973838452618e-05,1.4425926535965859e-05,1.8757846306985185e-06,3.1006511399760415e-07,9.942140311480444e-09,0.061637580810627195,0.6026109288020136,0.293322229060514,0.04131690600650505,0.0010846656280807693
P10,1,C,alpha,1799551287-α-3,P10-T01-Cα,7,64,E4,9,9,R1,R,False,64,True,R1,True,0.5888161774288687,False,1.2489337921142578,valid,False,6.331784513750268e-05,6.192161563714337e-05,8.722180999527912e-06,1.2285926425810425e-06,5.0080143903208376e-08,0.5888161774288687,0.3792190635871446,0.029315431281755393,0.0023587080726229816,0.00015537931504761303
P10,1,C,alpha,1799551287-α-3,P10-T01-Cα,8,64,E4,9,9,R1,R,False,64,True,R1,True,0.6599036258778659,False,1.222795009613037,valid,False,5.536248176301417e-05,8.143857718567691e-05,1.3461706267140246e-05,1.821843830511509e-06,6.586481348663003e-08,0.6599036258778659,0.3086147708851854,0.02799690036958499,0.003102144985305609,0.00023040740819829986
P10,1,C,alpha,1799551287-α-3,P10-T01-Cα,9,62,D4,8,8,R2,R,False,62,True,R2,True,0.7384400540855925,False,1.0110352039337158,valid,False,0.00034789599502352595,0.0007592227443266074,8.082571785172254e-05,1.1849612956245852e-05,5.445994030479426e-07,0.07553075513912343,0.7384400540855925,0.16150561763015547,0.022749426269261786,0.0005738082063054469
P10,1,C,alpha,1799551287-α-3,P10-T01-Cα,10,57,A3,5,5,L2,L,False,57,True,L2,True,0.9348461000566266,False,0.6374568939208984,valid,False,0.03661221459631489,0.9348461000566266,0.024541901373668507,0.003321385173570443,0.00016536203071256114,0.00024985118312012653,0.00022772464366124326,3.081917914985105e-05,4.51830623051069e-06,1.2345694537434682e-07
P10,1,C,alpha,1799551287-α-3,P10-T01-Cα,11,59,B3,6,6,L1,L,False,59,True,L2,True,0.4718433747168434,False,0.8342058658599854,valid,False,0.4718433747168434,0.511141825798866,0.014743947555292031,0.0005692970625987946,1.0852574970199606e-05,0.0007187077701039071,0.0008159902254456512,0.00013488227706584793,2.0581700922207067e-05,5.403178920086967e-07
P10,1,C,alpha,1799551287-α-3,P10-T01-Cα,12,64,E4,9,9,R2,R,False,64,True,R2,True,0.7443247407403195,False,0.9087660312652588,valid,False,0.0002500429793776901,0.000533912889873347,3.810070165388096e-05,9.02711384707023e-06,4.494335342685768e-07,0.05988807593391379,0.7443247407403195,0.16943636338900706,0.024840550510876403,0.0006787363075971383
P10,1,C,alpha,1799551287-α-3,P10-T01-Cα,13,65,F4,10,10,R3,R,False,65,True,R3,True,0.4455796956491129,False,0.8499009609222412,valid,False,2.4937189302266935e-05,9.626756020736669e-05,6.600407570553914e-06,1.1355662216525783e-06,5.218977942291626e-08,0.03585116708750397,0.4455796956491129,0.4455796956491129,0.07076582038849719,0.002094628312692012
P10,1,C,alpha,1799551287-α-3,P10-T01-Cα,14,67,G4,11,11,R4,R,False,67,True,R4,True,0.3435110661821722,True,0.8099410533905029,valid,False,3.4134832524089253e-06,1.132456891886636e-05,8.411162553390354e-07,1.698184431816548e-07,7.49870159634238e-09,0.029331681325965465,0.24944022993234127,0.3721210955983839,0.3435110661821722,0.005580170475565894
P10,1,C,alpha,1799551287-α-3,P10-T01-Cα,15,65,F4,10,10,R5,R,False,65,True,R5,True,0.6574962853443684,False,0.9791977405548096,valid,False,3.313999601892301e-05,0.00015388328005911888,8.63820143025721e-06,1.5468094549997089e-06,7.399145934849234e-08,0.02580104578776088,0.006878764892356951,0.03690839804213004,0.272718223654961,0.6574962853443684
P10,1,C,alpha,1799551287-α-3,P10-T01-Cα,16,60,C4,7,7,L1,L,False,60,True,L1,True,0.4336762499657967,True,0.9359452724456787,valid,False,0.4336762499657967,0.551310564283592,0.006768627189862121,0.00037995528201557925,7.538728749095047e-06,0.0025575023184423867,0.004024087945922787,0.001032825538729981,0.00023511001814025903,7.538728749095047e-06
P10,1,C,alpha,1799551287-α-3,P10-T01-Cα,17,59,B3,6,6,L2,L,False,59,True,L2,True,0.8676446519404252,False,0.684769868850708,valid,False,0.03013786165716823,0.8676446519404252,0.09236815197823503,0.008379449696590885,0.00016625745533574446,0.0005572422849656868,0.0005303501891778916,0.000180104551269759,3.4936688472090006e-05,9.935583595518379e-07
P10,1,C,alpha,1799551287-α-3,P10-T01-Cα,18,60,C4,7,7,L1,L,False,60,True,L1,True,0.4838916681676568,False,0.6723430156707764,valid,False,0.4838916681676568,0.4838916681676568,0.02592721267997888,0.0007331002019170507,1.53270054491988e-05,0.002241076666880757,0.0023675627620396472,0.0007724878917554521,0.00015596261553845823,3.933841126962743e-06
P10,1,C,alpha,1799551287-α-3,P10-T01-Cα,19,59,B3,6,6,L2,L,False,59,True,L2,True,0.887708813291048,False,0.5307908058166504,valid,False,0.03618496772076311,0.887708813291048,0.0686240994006941,0.0057468034371736055,0.0001235195020872019,0.0005678995887474514,0.000747249442607391,0.00025376256725014474,4.194667023870448e-05,9.383793900358701e-07
P10,1,C,alpha,1799551287-α-3,P10-T01-Cα,20,60,C4,7,7,L4,L,False,60,True,L4,True,0.5159255278426819,False,0.7147510051727295,valid,False,0.0056179252838904105,0.025879170333203923,0.43964273412025545,0.5159255278426819,0.006334193069994603,0.0021301451450252214,0.0033399720182341348,0.0009665351904349976,0.00015976719240594456,4.029803873550045e-06
P10,1,C,alpha,1799551287-α-3,P10-T01-Cα,21,59,B3,6,6,L3,L,False,59,True,L2,True,0.46399827764967644,False,0.5119268894195557,valid,False,0.00920623378807186,0.46399827764967644,0.46399827764967644,0.060333097892597366,0.0015838852383919901,0.00028023984708262057,0.0004403791759101727,0.00013805278599630916,2.1065489215209256e-05,4.904833817571252e-07
P10,1,C,alpha,1799551287-α-3,P10-T01-Cα,22,64,E4,9,9,R4,R,False,64,True,R4,True,0.41854019555750793,False,0.6579320430755615,valid,False,0.0003795721299681397,0.001967224528139955,0.00019335506447873228,5.5953904118732644e-05,1.3559851132542498e-06,0.011902791257300472,0.14908161385840749,0.40212899975240174,0.41854019555750793,0.015748937962563665
P10,1,C,alpha,1799551287-α-3,P10-T01-Cα,23,62,D4,8,8,R2,R,False,62,True,R2,True,0.7008502766225565,False,0.5006248950958252,valid,False,0.00397540941294679,0.03220260579646745,0.0037146864695903675,0.0008801123394468498,1.8175046062184948e-05,0.03446393687603948,0.7008502766225565,0.19486251893400997,0.028568201933983035,0.00046407656889712766
P10,1,C,alpha,1799551287-α-3,P10-T01-Cα,24,64,E4,9,9,R1,R,False,64,True,R1,True,0.7942518415961466,False,0.6134200096130371,valid,False,0.0007982348056469547,0.005141786523831317,0.0006685798733058488,0.00014622636566899495,2.787529921195044e-06,0.7942518415961466,0.16690096153698636,0.02871445319956702,0.0031816521051594502,0.0001934764637664026
P10,1,C,alpha,1799551287-α-3,P10-T01-Cα,25,65,F4,10,10,R2,R,False,65,True,R2,True,0.6041743304801575,False,0.5549042224884033,valid,False,0.00010571972745990888,0.0004510679809219673,5.635201857256755e-05,1.2324856315572485e-05,2.5451845316261363e-07,0.1431456699739352,0.6041743304801575,0.22226331506717065,0.028900612333749617,0.0008903530432640202
P10,1,C,alpha,1799551287-α-3,P10-T01-Cα,26,64,E4,9,9,R1,R,False,64,True,R1,True,0.7035831369513584,False,0.5836501121520996,valid,False,0.0007180243518773854,0.00455482014961564,0.0005922573923376008,0.00011957470526955614,2.469316334676406e-06,0.7035831369513584,0.2588337712393161,0.028679599344150042,0.0028184470612461214,9.789948849442132e-05
P10,1,C,alpha,1799551287-α-3,P10-T01-Cα,27,65,F4,10,10,R2,R,False,65,True,R2,True,0.6574799553762659,False,0.45941591262817383,valid,False,0.0001056303902241949,0.000531509000842408,6.914249751715341e-05,1.5739438303888307e-05,3.3829721229941355e-07,0.1902643226971626,0.6574799553762659,0.13274291364174948,0.017964799815359384,0.0008256488453628043
P10,1,C,alpha,1799551287-α-3,P10-T01-Cα,28,60,C4,7,7,L4,L,False,60,True,L4,True,0.5789715848944811,False,0.8163018226623535,valid,False,0.022535377996404295,0.034907267702267604,0.33071381700264113,0.5789715848944811,0.024563298553706567,0.005603115751369524,0.002319272131878386,0.00034002144160827065,4.4212549723347405e-05,2.0319759198439516e-06
P10,1,C,alpha,1799551287-α-3,P10-T01-Cα,29,64,E4,9,9,R2,R,False,64,True,R2,True,0.7168782350770584,False,0.4691789150238037,valid,False,0.0004431521111347413,0.0025469740325130114,0.0002310562713108621,4.664945663849138e-05,1.3807975673884156e-06,0.07943237260775371,0.7168782350770584,0.1767799962858199,0.02298647502613808,0.0006537083340653206
P10,2,C,gamma,1799551287-γ-4,P10-T02-Cγ,0,53,F3,3,3,L2,L,False,53,True,L2,True,0.43217942639305984,False,0.9597539901733398,valid,False,0.05481124211649358,0.43217942639305984,0.43217942639305984,0.07738870509080395,0.0034172660844765733,1.1531927469536806e-05,9.940289250269124e-06,2.0888133296507477e-06,3.5936960485153574e-07,1.3522451780047008e-08
P10,2,C,gamma,1799551287-γ-4,P10-T02-Cγ,1,48,C3,0,0,L2,L,False,48,True,L2,True,0.37740574366235047,True,1.6684660911560059,valid,False,0.09037027356119978,0.37740574366235047,0.37740574366235047,0.14450597437446072,0.010312129789844107,6.48968144652493e-08,5.6195203698467646e-08,1.1808639325522669e-08,1.951954951918608e-09,9.718211464216233e-11
P10,2,C,gamma,1799551287-γ-4,P10-T02-Cγ,2,60,C4,7,7,R4,R,False,60,True,R4,True,0.5321945010639653,False,0.9359123706817627,valid,False,0.003059493823757905,0.007667641152478433,0.001217755032148128,0.0002663375009266721,1.1760709884899152e-05,0.029874612098855818,0.06648717194883987,0.31640056639927283,0.5321945010639653,0.04282016026987027
P10,2,C,gamma,1799551287-γ-4,P10-T02-Cγ,3,57,A3,5,5,L5,L,False,57,True,L5,True,0.7008136418000979,False,0.8046283721923828,valid,False,0.021024254226658465,0.00597773765361657,0.03220887402664203,0.23799317706624828,0.7008136418000979,0.0006650633789952193,0.0009922720210408618,0.0002650708859730152,5.797415364725347e-05,1.934787080391212e-06
P10,2,C,gamma,1799551287-γ-4,P10-T02-Cγ,4,48,C3,0,0,L2,L,False,48,True,L2,True,0.7344406381387691,False,1.2437310218811035,valid,False,0.013600741858438679,0.7344406381387691,0.19619502164519192,0.048381096678162094,0.007382476658754781,1.568466145205695e-08,7.203879720010199e-09,1.7067990758776112e-09,4.043880795683985e-10,2.095495240079249e-11
P10,2,C,gamma,1799551287-γ-4,P10-T02-Cγ,5,57,A3,5,18,L5,L,False,58,False,L5,True,0.8433598235772868,False,0.9891982078552246,valid,False,0.0010290237339318354,0.0018529512181981519,0.01821399705861051,0.1353599331840766,0.8433598235772868,6.184807718603146e-05,9.285236098009724e-05,2.441506632320762e-05,4.952094847131556e-06,2.0362855966393083e-07
P10,2,C,gamma,1799551287-γ-4,P10-T02-Cγ,6,57,A3,5,5,R4,R,False,57,True,R4,True,0.5139578614487007,False,1.006627082824707,valid,False,0.01194397389025118,0.0047690221337485916,0.00023743563102079747,4.4251822606772305e-05,4.1782669673746135e-06,0.025588455186147607,0.06169119909595319,0.2820660548250484,0.5139578614487007,0.09969756769955533
P10,2,C,gamma,1799551287-γ-4,P10-T02-Cγ,7,52,E3,2,2,L2,L,False,52,True,L2,True,0.6926946083693896,False,0.8403782844543457,valid,False,0.07666908649585663,0.6926946083693896,0.1708163873626116,0.04943156666810328,0.010387355212933899,7.034816614116744e-07,2.5881144357004133e-07,2.867712536787555e-08,4.554427239071477e-09,3.664474246250499e-10
P10,2,C,gamma,1799551287-γ-4,P10-T02-Cγ,8,57,A3,5,5,L4,L,False,57,True,L4,True,0.48585157131251655,False,0.7471659183502197,valid,False,0.007511917352660624,0.04068677774074696,0.4140153988534353,0.48585157131251655,0.0517230316322404,0.00016218861484182048,4.183186825149675e-05,6.383129200503917e-06,8.299900613119625e-07,6.95060449437282e-08
P10,2,C,gamma,1799551287-γ-4,P10-T02-Cγ,9,67,G4,11,11,R5,R,False,67,True,R5,True,0.7622301554496513,False,0.916654109954834,valid,False,9.399982635378539e-07,5.850861546639817e-07,5.984507319004966e-08,1.598673169779233e-08,1.918913440261737e-09,0.0020825043684066526,0.004934486186991652,0.04278760900119106,0.1879636421586228,0.7622301554496513
P10,2,C,gamma,1799551287-γ-4,P10-T02-Cγ,10,55,G3,4,4,L1,L,False,55,True,L1,True,0.2915129899447167,True,0.6388339996337891,valid,False,0.2915129899447167,0.6487740903091801,0.05433043500313339,0.00454980587498954,0.00028796525952117045,0.0001903881631790189,0.00027667398019069853,6.555174601224399e-05,1.173809864728511e-05,3.6162042976989164e-07
P10,2,C,gamma,1799551287-γ-4,P10-T02-Cγ,11,62,D4,8,8,R4,R,False,62,True,R4,True,0.4460836441322092,False,0.5671501159667969,valid,False,0.0002798195301072223,0.00026197832106621995,2.3766137093324065e-05,5.630857594053309e-06,3.0369291271050623e-07,0.0075421438913989315,0.0975124685735922,0.42859245426080983,0.4460836441322092,0.019697790603216296
P10,2,C,gamma,1799551287-γ-4,P10-T02-Cγ,12,67,G4,11,11,R5,R,False,67,True,R5,True,0.671393736508459,False,0.6228139400482178,valid,False,3.3606299630114345e-06,3.6587114935389686e-06,4.0539678902068895e-07,8.518848852221288e-08,6.5854739939666816e-09,0.0019148952679804853,0.00510058763428248,0.05402007601356981,0.26756318806350005,0.671393736508459
P10,2,C,gamma,1799551287-γ-4,P10-T02-Cγ,13,57,A3,5,5,L3,L,False,57,True,L3,True,0.5023424901627291,False,0.4762871265411377,valid,False,0.012173751754127982,0.3098103386501101,0.5023424901627291,0.17059326200059965,0.003384757074105082,0.0007378388019201166,0.000834670818154188,0.0001042756024279671,1.7940081819786163e-05,6.750540058566672e-07
P10,2,C,gamma,1799551287-γ-4,P10-T02-Cγ,14,64,E4,9,9,R1,R,False,64,True,R1,True,0.7607092267337396,False,0.8522129058837891,valid,False,0.00020700509561613961,0.0002764435027812898,3.594559229736763e-05,6.972727514014539e-06,2.1481168254361843e-07,0.7607092267337396,0.19524422116922033,0.03787348227945761,0.005334798908665579,0.00031168917902547866
P10,2,C,gamma,1799551287-γ-4,P10-T02-Cγ,15,57,A3,5,5,R2,R,False,57,True,R2,True,0.5435056888457811,False,1.0232949256896973,valid,False,0.05353708772639103,0.17733492453305502,0.01887881083999671,0.0038115661724750917,0.00014927577774166226,0.03203472587141354,0.5435056888457811,0.15728196871206135,0.013171299387438858,0.0002946521336456485
P10,2,C,gamma,1799551287-γ-4,P10-T02-Cγ,16,59,B3,6,6,L5,L,False,59,True,L5,True,0.7046778830529659,False,0.8067882061004639,valid,False,0.020404673051453073,0.0037349737667381664,0.031116579963602443,0.2393054561057349,0.7046778830529659,0.0005693440506088512,0.00015224576253362803,3.1992326395781166e-05,6.459139301856723e-06,3.927806654509137e-07
P10,2,C,gamma,1799551287-γ-4,P10-T02-Cγ,17,52,E3,2,2,L2,L,False,52,True,L2,True,0.7259175260420655,False,0.9669530391693115,valid,False,0.042412214894310546,0.7259175260420655,0.19391819752155018,0.03472418464012407,0.003026589499556265,9.358658277623339e-07,2.7122452023988116e-07,6.688314323767359e-08,1.2465277335218604e-08,9.63625028952819e-10
P10,2,C,gamma,1799551287-γ-4,P10-T02-Cγ,18,53,F3,3,3,L4,L,False,53,True,L4,True,0.43859013844678346,False,0.6260561943054199,valid,False,0.009364298831414953,0.04652532395751367,0.43859013844678346,0.43859013844678346,0.06692451560952103,4.006595235867792e-06,1.2602632535784058e-06,2.6482676878565916e-07,4.935681786025282e-08,3.665907471754114e-09
P10,2,C,gamma,1799551287-γ-4,P10-T02-Cγ,19,62,D4,8,8,R5,R,False,62,True,R5,True,0.48759144900610446,False,0.8865840435028076,valid,False,0.00011521773560309843,0.0001919496579618527,1.7413280104902052e-05,6.405987753953161e-06,7.689211423314476e-07,0.044025809522407075,0.01693661524046733,0.05190825640930259,0.3992061142391523,0.48759144900610446
P10,2,C,gamma,1799551287-γ-4,P10-T02-Cγ,20,62,D4,8,8,L4,L,False,62,True,L4,True,0.5668893999002625,False,0.9744439125061035,valid,False,0.017464394752836985,0.02688295333813178,0.3238123634228454,0.5668893999002625,0.05142704610041511,0.008165970233772812,0.0043066667231273234,0.0008695010155628589,0.00016866584377085703,1.3038669274356241e-05
P10,2,C,gamma,1799551287-γ-4,P10-T02-Cγ,21,65,F4,10,10,R1,R,False,65,True,R1,True,0.7035964272917439,False,1.179473876953125,valid,False,3.0768661394652204e-06,4.499472708752525e-06,5.621200802861844e-07,1.5016211738831788e-07,1.1153077770671197e-08,0.7035964272917439,0.24868945143573734,0.04110808983476363,0.006272687775350065,0.0003250438882812349
P10,2,C,gamma,1799551287-γ-4,P10-T02-Cγ,22,67,G4,11,11,R4,R,False,67,True,R4,True,0.39924783165681293,True,0.6768879890441895,valid,False,1.910351445235394e-07,2.316187993422993e-07,2.5664094503218437e-08,7.4267839169277416e-09,6.47324809823572e-10,0.04226145073600089,0.1656011780971707,0.38359310026033044,0.39924783165681293,0.00929598285753782
P10,2,C,gamma,1799551287-γ-4,P10-T02-Cγ,23,71,B4,13,13,R5,R,False,71,True,R5,True,0.3670863590411806,True,0.7328331470489502,valid,False,5.399864943348575e-09,6.560768129918475e-09,6.447502084459099e-10,1.7926460742293482e-10,1.761697574341004e-11,0.010283262795734759,0.022322544482157442,0.21824038332954618,0.38206743754911615,0.3670863590411806
P10,2,C,gamma,1799551287-γ-4,P10-T02-Cγ,24,65,F4,10,10,R2,R,False,65,True,R2,True,0.6002601480948092,False,0.6069769859313965,valid,False,2.6249708681045896e-06,3.995299001660211e-06,3.926323584546748e-07,1.091664410153087e-07,1.3103425693867376e-08,0.10327167543737559,0.6002601480948092,0.2489776519931822,0.04640295494692589,0.0010804343556122646
P10,2,C,gamma,1799551287-γ-4,P10-T02-Cγ,25,52,E3,2,2,L2,L,False,52,True,L2,True,0.7409755681694501,False,0.870631217956543,valid,False,0.04046035306844272,0.7409755681694501,0.17555768060459953,0.0383965515939862,0.004608800617050333,8.220645656350538e-07,1.713105876873608e-07,4.396870853620823e-08,8.194623031211077e-09,4.079862571037783e-10
P10,2,C,gamma,1799551287-γ-4,P10-T02-Cγ,26,71,B4,13,13,R2,R,False,71,True,R2,True,0.5585448388007874,False,1.1629359722137451,valid,False,1.9426385699848176e-08,2.2216726643499743e-08,2.183317387648671e-09,4.775174656682212e-10,4.1620828895609523e-11,0.08188656203016957,0.5585448388007874,0.33206638362976804,0.025670305596444412,0.0018318655972626762
P10,2,C,gamma,1799551287-γ-4,P10-T02-Cγ,27,62,D4,8,8,L4,L,False,62,True,L4,True,0.6215812026209734,False,0.8673169612884521,valid,False,0.01680025538085827,0.024343541014950027,0.21108619523508287,0.6215812026209734,0.12057434797163988,0.002784656560867313,0.0022083962166931353,0.0005232303659031816,9.369284609260379e-05,4.481786939236641e-06
P10,2,C,gamma,1799551287-γ-4,P10-T02-Cγ,28,60,C4,7,7,L2,L,False,60,True,L2,True,0.7385200490105694,False,1.280437707901001,valid,False,0.014158410955623115,0.7385200490105694,0.20533612075745936,0.03532702493367055,0.001088334177695835,0.0035938982166717603,0.0015599413897627796,0.0003551014519798316,5.63962986102671e-05,4.722807957084444e-06
P10,2,C,gamma,1799551287-γ-4,P10-T02-Cγ,29,65,F4,10,10,R4,R,False,65,True,R4,True,0.3826826836186368,True,0.5912611484527588,valid,False,2.659469926907998e-06,2.5471151944151723e-06,3.4471455627245707e-07,8.167244720273544e-08,5.828249520164109e-09,0.021960268317197933,0.20178567988457,0.3826826836186368,0.3826826836186368,0.010883045760584137
P10,3,B,beta,1799551287-β-2,P10-T03-Bβ,0,57,A3,5,5,L1,L,False,57,True,L2,False,0.051493288638832714,False,0.9043400287628174,valid,False,0.051493288638832714,0.8467889427477487,0.09014788436981405,0.010820597367771276,0.0007128041943489153,2.682157927819334e-05,8.078504432936086e-06,1.3353678012574948e-06,2.2073481291476827e-07,2.6495159063331338e-08
P10,3,B,beta,1799551287-β-2,P10-T03-Bβ,1,60,C4,7,7,R5,R,False,60,True,R5,True,0.7598965879623862,False,1.5320656299591064,valid,False,0.00018439724474359192,6.542717123777167e-05,9.215968025883321e-06,2.2726297349657464e-06,2.727874480914991e-07,0.042502950859856656,0.0067746137600346755,0.024365844974728986,0.16619841664180313,0.7598965879623862
P10,3,B,beta,1799551287-β-2,P10-T03-Bβ,2,60,C4,7,7,R5,R,False,60,True,R5,True,0.6651106532199964,False,0.882594108581543,valid,False,0.0003537102133819356,0.00019013012413473702,2.573131420158696e-05,7.154265137722181e-06,6.235718409886333e-07,0.0433788388333297,0.01038075304332871,0.03587186999090282,0.24468053542374527,0.6651106532199964
P10,3,B,beta,1799551287-β-2,P10-T03-Bβ,3,60,C4,7,7,L2,L,False,60,True,L2,True,0.9140661169681109,False,0.9658122062683105,valid,False,0.016996042917082118,0.9140661169681109,0.05785286094054195,0.005917433987527634,0.00011280472041730648,0.003518036096842383,0.0011478640951541718,0.00031914903430381425,6.706472419612164e-05,2.6265158232594077e-06
P10,3,B,beta,1799551287-β-2,P10-T03-Bβ,4,64,E4,9,9,R3,R,False,64,True,R3,True,0.37793991331441973,True,0.832927942276001,valid,False,0.00011005087271191182,0.00023101681555451028,2.0957372682542883e-05,3.4642304044697903e-06,1.1107945782253173e-07,0.044288289563957216,0.2972980656222006,0.37793991331441973,0.2744407041249801,0.005667427003631065
P10,3,B,beta,1799551287-β-2,P10-T03-Bβ,5,59,B3,6,6,L5,L,False,59,True,L5,True,0.7428083602036369,False,0.9109256267547607,valid,False,0.008636928245466694,0.0028035992935878627,0.030278505895456373,0.21495701639611808,0.7428083602036369,0.0003043545678540471,0.0001481452725146797,5.236264018037288e-05,1.01573071566515e-05,5.701780282720806e-07
P10,3,B,beta,1799551287-β-2,P10-T03-Bβ,6,57,A3,5,5,L4,L,False,57,True,L4,True,0.4945398866545254,False,0.7486848831176758,valid,False,0.002722711320559131,0.03256811383960718,0.4386175322456853,0.4945398866545254,0.03130030395074121,0.0001464313818391884,7.758569654821838e-05,2.2452076118862676e-05,4.717991065918315e-06,2.6484330953888656e-07
P10,3,B,beta,1799551287-β-2,P10-T03-Bβ,7,60,C4,7,7,R3,R,False,60,True,R2,False,0.2992699146368472,False,0.7678959369659424,valid,False,0.0030354998649597537,0.01426691435483841,0.002016464823243909,0.0005386689394607766,2.7913241157438052e-05,0.03589151605533716,0.6148300515765003,0.2992699146368472,0.029410327574874173,0.0007127289327807436
P10,3,B,beta,1799551287-β-2,P10-T03-Bβ,8,60,C4,7,7,R3,R,False,60,True,R3,True,0.43433648515438394,False,0.938946008682251,valid,False,0.0014650074154887367,0.0032996603704065906,0.0003805337316016382,8.66238190138632e-05,4.488752502664566e-06,0.00795515021828975,0.4009431092781282,0.43433648515438394,0.14749872698277833,0.004030214277406419
P10,3,B,beta,1799551287-β-2,P10-T03-Bβ,9,65,F4,10,10,R1,R,False,65,True,R1,True,0.4591405839673912,False,1.0579121112823486,valid,False,6.185849987347646e-06,1.099138435335313e-05,1.0801627511596883e-06,2.4588575175229134e-07,1.224193073317493e-08,0.4591405839673912,0.4591405839673912,0.07291952576692956,0.008409453135109272,0.0003713376384045343
P10,3,B,beta,1799551287-β-2,P10-T03-Bβ,10,60,C4,7,7,L5,L,False,60,True,L5,True,0.7702592151024141,False,1.531764030456543,valid,False,0.0017988654475879693,0.005297575255491974,0.03267881802481295,0.18994358389230015,0.7702592151024141,1.4504839903325587e-05,5.780454889357711e-06,1.3695502210986352e-06,2.4524008246346633e-07,4.219229659138083e-08
P10,3,B,beta,1799551287-β-2,P10-T03-Bβ,11,57,A3,5,5,L4,L,False,57,True,L4,True,0.5540068146413962,False,0.9607439041137695,valid,False,0.007394207622796125,0.042600670317177465,0.3293684350198248,0.5540068146413962,0.06649834016785154,9.415404960544183e-05,2.9515993425441333e-05,6.718952513719276e-06,1.0670867443635204e-06,7.614866480457156e-08
P10,3,B,beta,1799551287-β-2,P10-T03-Bβ,12,52,E3,2,2,L3,L,False,52,True,L3,True,0.3981513262854097,True,2.0780389308929443,valid,False,0.02729851076083675,0.3981513262854097,0.3981513262854097,0.17188611747465654,0.00451241347887133,1.9683045187441593e-07,8.49737774054864e-08,2.0132646627435383e-08,3.4637184474147248e-09,3.1422144832024477e-10
P10,3,B,beta,1799551287-β-2,P10-T03-Bβ,13,55,G3,4,4,L4,L,False,55,True,L3,True,0.4088834653067651,False,0.9407548904418945,valid,False,0.010731865819094341,0.0791712276762571,0.46101481979624254,0.4088834653067651,0.04018244423003237,9.788277228912468e-06,5.161284427238627e-06,1.0420453542395186e-06,1.7224893853226162e-07,1.3315659484870392e-08
P10,3,B,beta,1799551287-β-2,P10-T03-Bβ,14,60,C4,7,7,R2,R,False,60,True,R2,True,0.7475383852565789,False,0.8447990417480469,valid,False,0.0010811572271475982,0.0021744715194654462,0.0005151926634250557,0.00011267875956163116,1.1073345723573244e-05,0.054459779221756294,0.7475383852565789,0.1771125941476937,0.016723010670301353,0.00027165718834659214
P10,3,B,beta,1799551287-β-2,P10-T03-Bβ,15,57,A3,5,5,L5,L,False,57,True,L5,True,0.8530440515252596,False,1.040544033050537,valid,False,0.002685052243324386,0.0008950046053315645,0.018300651251956224,0.12501010421397163,0.8530440515252596,4.366585594408039e-05,1.7401675038969453e-05,3.3755776599916565e-06,6.54794697241371e-07,3.825681625635073e-08
P10,3,B,beta,1799551287-β-2,P10-T03-Bβ,16,62,D4,8,8,R1,R,False,62,True,R1,True,0.5383032161094571,False,0.9831111431121826,valid,False,0.00035695088026997847,0.0006494834009325735,8.445148936019837e-05,2.2559974111702388e-05,2.707910431803944e-06,0.5383032161094571,0.40684081870885547,0.04691896666082321,0.00660893155509071,0.00021191331066735327
P10,3,B,beta,1799551287-β-2,P10-T03-Bβ,17,67,G4,11,11,R2,R,False,67,True,R3,False,0.4098035377525103,True,1.5780079364776611,valid,False,9.862033615464938e-07,1.5580470525861588e-06,2.0259084973570947e-07,5.63278129570353e-08,7.3242329054044025e-09,0.07949370758418907,0.4098035377525103,0.4098035377525103,0.09709383369970655,0.003802572717773804
P10,3,B,beta,1799551287-β-2,P10-T03-Bβ,18,60,C4,7,7,R1,R,False,60,True,R1,True,0.6071348915029134,False,0.9830188751220703,valid,False,0.003051198082763564,0.007454001429993845,0.0010087893947743332,0.0002694832595929891,2.8688784771515523e-05,0.6071348915029134,0.3201376286616845,0.055078034727733836,0.00563361308957708,0.00020367106619487377
P10,3,B,beta,1799551287-β-2,P10-T03-Bβ,19,59,B3,6,6,L3,L,False,59,True,L3,True,0.5223831285130195,False,0.7316989898681641,valid,False,0.0052509094035806895,0.13946244587120438,0.5223831285130195,0.3232420040835894,0.0052509094035806895,0.0031984860355338466,0.0009786328633680592,0.0001975825675091506,3.399306592092048e-05,1.9081926934759464e-06
P10,3,B,beta,1799551287-β-2,P10-T03-Bβ,20,64,E4,9,9,R4,R,False,64,True,R4,True,0.5408599344385514,False,0.9306211471557617,valid,False,9.068371501265394e-05,0.00014854911184844708,2.177833401526243e-05,4.763180527153643e-06,3.265786807478901e-07,0.017019749923516972,0.0784418355952459,0.2740088332763088,0.5408599344385514,0.08940354584629272
P10,3,B,beta,1799551287-β-2,P10-T03-Bβ,21,60,C4,7,7,R3,R,False,60,True,R3,True,0.5760489081144223,False,0.7398648262023926,valid,False,0.003153962383396822,0.005790349005241699,0.0007233895299286959,0.00018566571879156677,1.4352840200400742e-05,0.008375065209714355,0.2918361652844105,0.5760489081144223,0.11174199155765775,0.0021301503562359326
P10,3,B,beta,1799551287-β-2,P10-T03-Bβ,22,65,F4,10,10,R4,R,False,65,True,R4,True,0.401608945100471,False,1.0008978843688965,valid,False,9.789345119782749e-06,1.4927932475780464e-05,2.10272499615442e-06,4.5989095165052197e-07,3.8512751711879324e-08,0.017495060191597564,0.16004881169240298,0.401608945100471,0.401608945100471,0.01921091950876261
P10,3,B,beta,1799551287-β-2,P10-T03-Bβ,23,62,D4,8,8,R3,R,False,62,True,R3,True,0.439827738062972,False,0.5710799694061279,valid,False,0.0004745882401823568,0.0007606234491575322,9.502484890646825e-05,2.4389151550228367e-05,1.9623415426861246e-06,0.013018652617835524,0.439827738062972,0.439827738062972,0.1042074001854873,0.0017618830393938407
P10,3,B,beta,1799551287-β-2,P10-T03-Bβ,24,62,D4,8,8,R3,R,False,62,True,R2,True,0.4450084488203423,False,0.5756731033325195,valid,False,0.0004744265826747789,0.0007695827978850887,9.614414224416299e-05,2.568349447064214e-05,1.8328067720694438e-06,0.013171998730021907,0.4450084488203423,0.4450084488203423,0.09351232708625332,0.0019311067189933411
P10,3,B,beta,1799551287-β-2,P10-T03-Bβ,25,57,A3,5,5,L4,L,False,57,True,L3,False,0.07031792817290868,True,0.7459537982940674,valid,False,0.028965072222264493,0.5195831160301982,0.3772947793850763,0.07031792817290868,0.0020813709560944978,0.00034954987464996004,0.0010131120083685591,0.0003175966143097656,7.524745399344309e-05,2.2272821360278558e-06
P10,3,B,beta,1799551287-β-2,P10-T03-Bβ,26,52,E3,2,5,L2,L,False,57,False,L2,True,0.7374635870136309,False,1.198702096939087,valid,False,0.04308680119584099,0.7374635870136309,0.18185628157504813,0.03389327826488421,0.0013273927945267035,0.0004893892138504438,0.0013273927945267035,0.0004507766537946005,0.00010261375544719307,2.4867384500328918e-06
P10,3,B,beta,1799551287-β-2,P10-T03-Bβ,27,55,G3,4,4,L4,L,False,55,True,L4,True,0.3114854364903451,True,1.5030369758605957,valid,False,0.01374181825142319,0.18763336271527725,0.46468166711186815,0.3114854364903451,0.022227996196276086,5.8814464051935865e-05,0.00012262217296118242,4.0009137410005455e-05,8.077705531049796e-06,1.9575485610642225e-07
P10,3,B,beta,1799551287-β-2,P10-T03-Bβ,28,59,B3,6,6,L2,L,False,59,True,L2,True,0.8578174009625839,False,0.7695720195770264,valid,False,0.018941196200634745,0.8578174009625839,0.09191666615092293,0.009785310805954345,0.00024681464821346325,0.0043322533706821615,0.012439568047700326,0.0037467258946553093,0.0007564509120113166,1.7613006641625572e-05
P10,3,B,beta,1799551287-β-2,P10-T03-Bβ,29,64,E4,9,9,R1,R,False,64,True,R1,True,0.6595142970471078,False,0.8291780948638916,valid,False,9.576889078980583e-05,0.00014248816298981188,1.7103086247272984e-05,3.59397534940978e-06,2.2746905530510227e-07,0.6595142970471078,0.2847192623871685,0.04898448672519979,0.006119642321017856,0.0004031299350744736
P10,4,A,gamma,1799551287-γ-3,P10-T04-Aγ,0,60,C4,7,7,R3,R,False,60,True,R2,False,0.3396913708979667,False,1.5350151062011719,valid,False,0.0016487472112714997,0.004972372083123857,0.000949364441442716,0.00028594307475780697,3.432221292475278e-05,0.01756648125587694,0.5946883416189536,0.3396913708979667,0.03917494846439339,0.0009881087392887174
P10,4,A,gamma,1799551287-γ-3,P10-T04-Aγ,1,59,B3,6,6,L5,L,False,59,True,R2,False,3.525427263842296e-05,False,0.5671279430389404,valid,False,0.004682322136622702,0.005232197974131875,0.0007983816422137363,0.000231039047148917,3.525427263842296e-05,0.028765720313632538,0.8082176996825864,0.13904970408126974,0.012614304559751256,0.00037337629000440187
P10,4,A,gamma,1799551287-γ-3,P10-T04-Aγ,2,62,D4,8,8,L2,L,False,62,True,R2,False,1.7500706424231373e-05,False,0.476635217666626,valid,False,2.9289891817042158e-05,1.7500706424231373e-05,3.010906653564073e-06,7.727816410383849e-07,1.3295311219740245e-07,0.07184320012930182,0.7608878447569198,0.1475970563045729,0.01919185496073406,0.0004293366088232014
P10,4,A,gamma,1799551287-γ-3,P10-T04-Aγ,3,53,F3,3,3,L2,L,False,53,True,L3,False,0.32233562918609987,False,0.5122087001800537,valid,False,0.025864398915846604,0.32233562918609987,0.3634324070591847,0.2746763043734508,0.013675327944873207,1.138868788752159e-05,3.6087036507799972e-06,7.892663849134399e-07,1.4133089122247946e-07,4.531730554154926e-09
P10,4,A,gamma,1799551287-γ-3,P10-T04-Aγ,4,69,A4,12,12,R3,R,False,69,True,R4,False,0.32043808787014705,False,1.013127326965332,valid,False,1.4154337627270149e-08,6.204033481702323e-09,2.0242507702442998e-09,5.628172195990233e-10,5.10576262380611e-11,0.044795838298002134,0.1439821140863964,0.32043808787014705,0.45929333688975277,0.03149059985920481
P10,4,A,gamma,1799551287-γ-3,P10-T04-Aγ,5,62,D4,8,8,L2,L,False,62,True,R3,False,1.7787117168173602e-05,False,0.44661617279052734,valid,False,3.0465604728205188e-05,1.7787117168173602e-05,6.810560625699458e-06,2.13501664021997e-06,2.183784833693714e-07,0.008090731616728542,0.3917873278929952,0.4980593076906637,0.10055643997757369,0.001448776144393308
P10,4,A,gamma,1799551287-γ-3,P10-T04-Aγ,6,60,C4,7,7,R2,R,False,60,True,R2,True,0.8114257327045631,False,0.37047910690307617,valid,False,0.0015556970937299231,0.003000541775588782,0.0010605555389947665,0.0002512750468119395,1.5903642057379157e-05,0.06949059127715412,0.8114257327045631,0.10550864199715654,0.007529230642087326,0.00016183028185626038
P10,4,A,gamma,1799551287-γ-3,P10-T04-Aγ,7,57,A3,5,5,L4,L,False,57,True,L3,False,0.07366775991230401,False,0.4267420768737793,valid,False,0.006764453764921163,0.2257809436144047,0.6919856740600685,0.07366775991230401,0.0013492720882957283,0.00026839506865569603,0.00014950360887330862,2.9000716371885355e-05,4.793786173902208e-06,2.0337993100931074e-07
P10,4,A,gamma,1799551287-γ-3,P10-T04-Aγ,8,57,A3,5,5,R4,R,False,57,True,L3,False,5.272263996501208e-06,False,0.34972691535949707,valid,False,0.012177033127947315,0.40129811987391706,0.5101498939152942,0.07479152617804169,0.0010775657824966772,0.00030875988727292975,0.00016442587671116745,2.717941461521562e-05,5.272263996501208e-06,2.2367970722366244e-07
P10,4,A,gamma,1799551287-γ-3,P10-T04-Aγ,9,52,E3,2,2,L2,L,False,52,True,L3,False,0.1939177936646146,False,0.6176192760467529,valid,False,0.00998599638201994,0.1939177936646146,0.41857232212723783,0.35668380453389,0.02083948881864436,3.7417315255047583e-07,1.763305300969033e-07,3.705340482731151e-08,6.635010469431784e-09,2.8149523624259514e-10
P10,4,A,gamma,1799551287-γ-3,P10-T04-Aγ,10,64,E4,9,9,R2,R,False,64,True,R2,True,0.7395813182294155,False,0.3792438507080078,valid,False,1.5572641132311415e-05,1.9156220003176634e-05,4.5441446717559364e-06,1.1205722797664414e-06,1.0165602373326248e-07,0.11285279156444211,0.7395813182294155,0.13243397772264565,0.014674103006156104,0.0004173142432299612
P10,4,A,gamma,1799551287-γ-3,P10-T04-Aγ,11,55,G3,4,4,L5,L,False,55,True,L3,False,0.00236290866311084,False,0.41496777534484863,valid,False,0.009973118710336843,0.3506867393631258,0.5026496188254237,0.13427545770794913,0.00236290866311084,3.9734763199895645e-05,9.851745262542935e-06,2.154693796143309e-06,4.0157884993467844e-07,1.394894533921137e-08
P10,4,A,gamma,1799551287-γ-3,P10-T04-Aγ,12,52,E3,2,2,L2,L,False,52,True,L3,False,0.23064227237343288,False,0.3976280689239502,valid,False,0.010198742032694608,0.23064227237343288,0.44448516704728436,0.2979473176372945,0.01672520201263584,9.233647301530089e-07,3.02604672493212e-07,6.10948297052925e-08,1.1386486327626019e-08,4.4593915608119674e-10
P10,4,A,gamma,1799551287-γ-3,P10-T04-Aγ,13,55,G3,4,4,L5,L,False,55,True,L3,False,0.001166061564086251,False,0.40493011474609375,valid,False,0.00764179012985346,0.31533383961356537,0.598024597424941,0.07776036747675469,0.001166061564086251,4.7656291125809555e-05,2.1357162529836343e-05,3.6743901190924517e-06,6.321599476720234e-07,2.3787076854213988e-08
P10,4,A,gamma,1799551287-γ-3,P10-T04-Aγ,14,59,B3,6,6,L3,L,False,59,True,L2,False,0.17285558853313285,False,0.4900350570678711,valid,False,0.008999294139102861,0.7963198808657933,0.17285558853313285,0.013907892677834864,0.0001239913464554328,0.004743444992944865,0.00249043276738635,0.00048309425354022684,7.371540323824615e-05,2.6650205709540007e-06
P10,4,A,gamma,1799551287-γ-3,P10-T04-Aγ,15,55,G3,4,4,L5,L,False,55,True,L3,False,0.0013336035003805404,False,0.45018696784973145,valid,False,0.007447546707933308,0.2952683716566147,0.5828236638449357,0.11305615896077319,0.0013336035003805404,4.791910576154765e-05,1.8460622613114073e-05,3.580992355208062e-06,6.674037834068578e-07,2.72048491551637e-08
P10,4,A,gamma,1799551287-γ-3,P10-T04-Aγ,16,50,D3,1,1,L3,L,False,50,True,L3,False,0.3766000348031316,False,0.8156108856201172,valid,False,0.00594611590099359,0.025736291994607745,0.3766000348031316,0.3766000348031316,0.2151173533253279,1.0393792884150995e-07,5.387649333750692e-08,9.647456124926587e-09,1.6597952752518529e-09,5.113399527490202e-11
P10,4,A,gamma,1799551287-γ-3,P10-T04-Aγ,17,71,B4,13,13,R5,R,False,71,True,R4,False,0.07862290301789003,False,1.3438739776611328,valid,False,2.3512386070690646e-09,9.032154392552309e-10,1.5569965778621417e-10,5.961629131510081e-11,1.4701196439762246e-11,0.0025590747531118473,0.1681174839095818,0.34538614223373426,0.40531439260121077,0.07862290301789003
P10,4,A,gamma,1799551287-γ-3,P10-T04-Aγ,18,64,E4,9,9,R1,R,False,64,True,R2,False,0.005186179267139709,False,0.4112429618835449,valid,False,3.4575397975555467e-06,1.7461486003816269e-06,3.552855538704739e-07,1.36036311066732e-07,3.354614129487201e-08,0.005186179267139709,0.46285382211998194,0.46285382211998194,0.06785759277143202,0.0012428551650603278
P10,4,A,gamma,1799551287-γ-3,P10-T04-Aγ,19,69,A4,12,12,R5,R,False,69,True,R4,False,0.03661113368063295,False,0.5202810764312744,valid,False,1.7209673717046366e-08,1.2105208556807673e-08,2.6534560259018325e-09,7.678682968912642e-10,1.3749921802767766e-10,0.0033788886266350724,0.09561716872173141,0.33041597569729964,0.5339768003999951,0.03661113368063295
P10,4,A,gamma,1799551287-γ-3,P10-T04-Aγ,20,59,B3,6,6,L3,L,False,59,True,L2,False,0.047086859627992805,False,0.6123991012573242,valid,False,0.010308427964875596,0.9306877260805125,0.047086859627992805,0.002980210612357841,9.181257329907485e-05,0.0050926106001675416,0.0032284236153149186,0.0004547506525174707,6.666961169238085e-05,2.5086612699956214e-06
P10,4,A,gamma,1799551287-γ-3,P10-T04-Aγ,21,64,E4,9,9,R3,R,False,64,True,R2,False,0.3535510777917344,False,0.41379404067993164,valid,False,2.0259548308758172e-05,2.2104545044747705e-05,2.6532445392259153e-06,4.944957341803862e-07,5.264327628276457e-08,0.01895786562265139,0.5946826884265392,0.3535510777917344,0.032073430160532004,0.0006893735216400585
P10,4,A,gamma,1799551287-γ-3,P10-T04-Aγ,22,53,F3,3,3,L5,L,False,53,True,L3,False,0.00986356956319891,False,0.4553830623626709,valid,False,0.010663734471149211,0.24157605344505875,0.39105496586481675,0.3468346411052364,0.00986356956319891,6.141706311296514e-06,6.953106233083747e-07,1.7146148870419114e-07,2.6163326694605297e-08,9.087899275929064e-10
P10,4,A,gamma,1799551287-γ-3,P10-T04-Aγ,23,65,F4,10,10,R5,R,False,65,True,R2,False,0.0020770769049168218,False,0.38106322288513184,valid,False,1.2801488223221577e-06,1.2198365204222917e-06,2.273457824291811e-07,5.38645266767793e-08,2.285242462213337e-09,0.034137827118984956,0.6084784952006784,0.3082655451577075,0.04703827213681805,0.0020770769049168218
P10,4,A,gamma,1799551287-γ-3,P10-T04-Aγ,24,71,B4,13,13,R2,R,False,71,True,R4,False,0.037346803406610424,False,0.7821409702301025,valid,False,4.140645490266349e-09,2.9322143283146793e-09,4.656867324167707e-10,1.1952351855905112e-10,7.268232648762295e-12,0.0007833487328682289,0.037346803406610424,0.28721966982760366,0.35081089692528844,0.32383927344229096
P10,4,A,gamma,1799551287-γ-3,P10-T04-Aγ,25,67,G4,11,11,R5,R,False,67,True,R3,False,0.01759998426704247,False,0.5632741451263428,valid,False,1.5079285875369707e-07,1.374703924233309e-07,2.0976621718316413e-08,5.383876028083927e-09,3.8420022849826204e-10,0.007432044457766416,0.17206942139161113,0.44939310103242713,0.3535051338432037,0.01759998426704247
P10,4,A,gamma,1799551287-γ-3,P10-T04-Aγ,26,69,A4,12,12,R5,R,False,69,True,R4,False,0.035674839803066995,False,0.4760608673095703,valid,False,2.5801786992187196e-08,1.9884812131460372e-08,3.857256698207121e-09,9.900065010711477e-10,6.78779683466782e-11,0.0038476825995710133,0.10505097125562979,0.33510558889665837,0.5203208668433336,0.035674839803066995
P10,4,A,gamma,1799551287-γ-3,P10-T04-Aγ,27,60,C4,7,7,L1,L,False,60,True,R1,False,0.0006110720338754148,False,1.0204789638519287,valid,False,0.0006110720338754148,0.0013737734978645174,0.00016489627015455838,3.753660576109635e-05,2.375758156838466e-06,0.8267987628499335,0.16038245898368722,0.009752867374784467,0.0008500682245819927,2.6188401200578413e-05
P10,4,A,gamma,1799551287-γ-3,P10-T04-Aγ,28,59,B3,6,6,L1,L,False,59,True,L1,True,0.4950950340047023,False,0.5957000255584717,valid,False,0.4950950340047023,0.4950950340047023,0.0037612439183177158,0.0002684071411223883,6.249522188662031e-06,0.005181531260503384,0.000489069697998172,9.114986417631282e-05,1.185209933558956e-05,4.2848695321181457e-07
P10,4,A,gamma,1799551287-γ-3,P10-T04-Aγ,29,71,B4,13,13,R5,R,False,71,True,R4,False,0.3519431102445763,False,0.9044599533081055,valid,False,8.195923179310982e-09,5.149914444799244e-09,7.550133119832246e-10,1.9378230326389204e-10,1.757953393580855e-11,0.003535297034220269,0.02227510180937122,0.20923741075694,0.41300906584267943,0.3519431102445763
P10,5,B,alpha,1799551287-α-4,P10-T05-Bα,0,60,C4,7,7,R1,R,False,60,True,R1,True,0.7753734039477164,False,0.6669089794158936,valid,False,0.004016222482072284,0.002867225177184124,0.00042035517297061935,8.154051423003588e-05,9.403669673084746e-06,0.7753734039477164,0.19900794028634422,0.017345701523052894,0.0008297297155545835,4.8477511201812384e-05
P10,5,B,alpha,1799551287-α-4,P10-T05-Bα,1,62,D4,8,8,R2,R,False,62,True,R2,True,0.670182673663481,False,0.5533139705657959,valid,False,0.0007411851342526843,0.0009489020709621377,0.0001336608473244361,2.2995662276406163e-05,1.8502219437046952e-06,0.09825344585819878,0.670182673663481,0.20185514223128473,0.027318122846637653,0.0005420214636384841
P10,5,B,alpha,1799551287-α-4,P10-T05-Bα,2,59,B3,6,6,L2,L,False,59,True,L2,True,0.9088423882689958,False,0.731813907623291,valid,False,0.023922274388212438,0.9088423882689958,0.05101765191908776,0.005218300055033307,0.00017415173647061097,0.008127257395974622,0.0020795919340231414,0.0005337496815327272,8.144492035278194e-05,3.1897003170417087e-06
P10,5,B,alpha,1799551287-α-4,P10-T05-Bα,3,57,A3,5,5,L4,L,False,57,True,L3,False,0.18288582045727408,False,0.9457070827484131,valid,False,0.007162521087480863,0.22337724553490018,0.5833935644064686,0.18288582045727408,0.0022453513812055025,0.000722170653805668,0.0001667702814306294,3.951250899414572e-05,6.79792422920486e-06,2.4576421093519894e-07
P10,5,B,alpha,1799551287-α-4,P10-T05-Bα,4,55,G3,4,4,L5,L,False,55,True,L5,True,0.6301086358585883,False,0.7973377704620361,valid,False,0.007709629544755599,0.002952008863707922,0.03988068982217098,0.3192237419622625,0.6301086358585883,9.533134903557583e-05,2.3421338800484095e-05,5.549165307333302e-06,9.547053896317546e-07,3.738998172997561e-08
P10,5,B,alpha,1799551287-α-4,P10-T05-Bα,5,57,A3,5,5,L4,L,False,57,True,L3,True,0.4511731952534263,False,0.6768052577972412,valid,False,0.007939507858140836,0.03646929884597939,0.4887500876996257,0.4511731952534263,0.015057124844055506,0.00043886636712561246,0.00013423695641089995,3.180446121474416e-05,5.695102356124733e-06,1.826116649590978e-07
P10,5,B,alpha,1799551287-α-4,P10-T05-Bα,6,59,B3,6,6,L5,L,False,59,True,L4,False,0.30390273949906366,False,0.8318710327148438,valid,False,0.010142228166984903,0.016542505360860393,0.09153374612137972,0.5763457346283678,0.30390273949906366,0.0011642350848971165,0.00028843304905214857,6.833779584177609e-05,1.1296161676159338e-05,7.441318763779404e-07
P10,5,B,alpha,1799551287-α-4,P10-T05-Bα,7,62,D4,8,8,R2,R,False,62,True,R2,True,0.6464656082785988,False,0.6215040683746338,valid,False,0.00047743259075126314,0.0006385980833813333,8.995191762830035e-05,2.3087129066941844e-05,3.3847338568156486e-06,0.14138971303632364,0.6464656082785988,0.18707694447619494,0.023371562370873462,0.0004637173833244597
P10,5,B,alpha,1799551287-α-4,P10-T05-Bα,8,64,E4,9,9,R3,R,False,64,True,R2,True,0.4240507581723656,False,0.6244189739227295,valid,False,3.372086981380739e-05,4.641433890973081e-05,7.98534861716154e-06,2.220224772693243e-06,2.4600791708870635e-07,0.0409772770059567,0.4240507581723656,0.4240507581723656,0.10883719706026379,0.0019934227990177924
P10,5,B,alpha,1799551287-α-4,P10-T05-Bα,9,65,F4,10,10,R2,R,False,65,True,R2,True,0.5243116091196259,False,0.7558567523956299,valid,False,5.522396078441775e-06,7.1695397426144446e-06,1.233482488692049e-06,3.4295414131222505e-07,3.37033331646173e-08,0.2073261383725132,0.5243116091196259,0.22635083921297677,0.040531772854401515,0.001465338364698404
P10,5,B,alpha,1799551287-α-4,P10-T05-Bα,10,64,E4,9,9,R3,R,False,64,True,R2,True,0.4299768498935454,False,0.8742141723632812,valid,False,2.8712438311850193e-05,4.521761162921547e-05,7.181344693654366e-06,2.0781678179239197e-06,1.962210692077492e-07,0.04397984099740703,0.4299768498935454,0.4299768498935454,0.09404104818598652,0.001942025245993814
P10,5,B,alpha,1799551287-α-4,P10-T05-Bα,11,59,B3,6,6,L5,L,False,59,True,L4,True,0.44205308181690245,False,1.2866120338439941,valid,False,0.008770817078370031,0.0066789272987663635,0.06175944811898908,0.47887038675811083,0.44205308181690245,0.0012424594814276504,0.0004923477365558714,0.00011207690063058103,1.9282255106697884e-05,1.1725551405937264e-06
P10,5,B,alpha,1799551287-α-4,P10-T05-Bα,12,57,A3,5,5,L4,L,False,57,True,L4,True,0.7221311629795973,False,1.0373749732971191,valid,False,0.013766068893414493,0.01566430289396808,0.15793866928226505,0.7221311629795973,0.09021599942625019,0.00019926713915784073,6.217556441868899e-05,1.8726920125283366e-05,3.4902105627215074e-06,1.3669024035180173e-07
P10,5,B,alpha,1799551287-α-4,P10-T05-Bα,13,59,B3,6,6,L5,L,False,59,True,L5,True,0.7478670989462027,False,1.0909950733184814,valid,False,0.004838430572844285,0.0016364368282930732,0.02553088915592881,0.21924643145382416,0.7478670989462027,0.0006478285552731945,0.00017503405692073694,4.866599667361237e-05,8.714432558617319e-06,4.700014806165079e-07
P10,5,B,alpha,1799551287-α-4,P10-T05-Bα,14,64,E4,9,9,R3,R,False,64,True,R2,True,0.4237483427542677,False,0.7509720325469971,valid,False,8.807739216039193e-05,0.00022972777633019573,3.3679691404730554e-05,4.937677242335212e-06,5.4711023342456e-07,0.03147330567875346,0.4237483427542677,0.4237483427542677,0.11781784529091141,0.002855193874428558
P10,5,B,alpha,1799551287-α-4,P10-T05-Bα,15,62,D4,8,8,R5,R,False,62,True,R4,False,0.0519745856795405,False,1.0454559326171875,valid,False,1.0942310361707511e-05,9.193623456194792e-06,1.6462667376495493e-06,4.5772355956196776e-07,6.447421781825861e-08,0.0198250739076822,0.05315398539575808,0.3020990253623424,0.5729250252563439,0.0519745856795405
P10,5,B,alpha,1799551287-α-4,P10-T05-Bα,16,64,E4,9,9,R3,R,False,64,True,R3,True,0.3963731694815758,True,1.6173272132873535,valid,False,9.191891553815756e-07,7.335286621319409e-07,1.0754040879070385e-07,3.508826249390859e-08,6.283120001691522e-09,0.016816425459686993,0.3963731694815758,0.3963731694815758,0.18537042393404177,0.005065010013510713
P10,5,B,alpha,1799551287-α-4,P10-T05-Bα,17,59,B3,6,6,L5,L,False,59,True,L5,True,0.7165801742514231,False,1.0987181663513184,valid,False,0.0018629217004700878,0.0024457438132378067,0.03567642612651146,0.2433474209416541,0.7165801742514231,4.709307672860034e-05,2.6635513439652463e-05,1.1047955818632932e-05,2.41631926405791e-06,1.2030145239823785e-07
P10,5,B,alpha,1799551287-α-4,P10-T05-Bα,18,62,D4,8,8,R4,R,False,62,True,R4,True,0.4562187259109532,False,0.9911391735076904,valid,False,5.18999617596305e-05,3.6260450723817036e-05,4.9073183689950165e-06,1.3644175517797445e-06,2.542919241031486e-07,0.010353402546844801,0.07564763376152264,0.43833013379877217,0.4562187259109532,0.01935541754157889
P10,5,B,alpha,1799551287-α-4,P10-T05-Bα,19,64,E4,9,9,R5,R,False,64,True,R5,True,0.7025347418810576,False,1.2536859512329102,valid,False,2.5252787937314883e-05,1.2212379295095114e-05,1.6527658108946419e-06,4.782843416221475e-07,8.228636442307961e-08,0.01927284440194936,0.007287105753332691,0.03228797450698155,0.23857765495292937,0.7025347418810576
P10,5,B,alpha,1799551287-α-4,P10-T05-Bα,20,59,B3,6,6,L5,L,False,59,True,L5,True,0.7100544373212769,False,0.9552242755889893,valid,False,0.01382402158494306,0.011967631014195788,0.041485403371544514,0.22259225377459438,0.7100544373212769,4.543043692284812e-05,2.249058817495551e-05,6.7740349807976095e-06,1.4234690970413594e-06,1.3440426985568392e-07
P10,5,B,alpha,1799551287-α-4,P10-T05-Bα,21,64,E4,9,9,R5,R,False,64,True,R5,True,0.6881487497092025,False,0.8109760284423828,valid,False,6.306113678745453e-05,7.839501173624994e-05,1.348745911856957e-05,3.9030578090121715e-06,5.497785597410086e-07,0.025988798019597588,0.009556138960480172,0.03291751939791047,0.24322939746879835,0.6881487497092025
P10,5,B,alpha,1799551287-α-4,P10-T05-Bα,22,65,F4,10,10,R3,R,False,65,True,R2,True,0.41438098428240944,False,1.3976070880889893,valid,False,4.292079138936983e-06,5.23067891609661e-06,1.0560558599079624e-06,2.604201688060464e-07,3.524403730589272e-08,0.03912594502424856,0.41438098428240944,0.41438098428240944,0.12480915399234294,0.007292057940468571
P10,5,B,alpha,1799551287-α-4,P10-T05-Bα,23,57,A3,5,5,L4,L,False,57,True,L4,True,0.5025262157019404,False,1.4053568840026855,valid,False,0.020402354400978148,0.018379470206260837,0.36490892763625,0.5025262157019404,0.09365780888440882,5.6467710634336905e-05,4.5033339269069924e-05,1.9441366467609506e-05,4.085332368277749e-06,1.9542142238363804e-07
P10,5,B,alpha,1799551287-α-4,P10-T05-Bα,24,59,B3,6,6,L3,L,False,59,True,L3,True,0.6550048916011634,False,0.7018537521362305,valid,False,0.01235136094928974,0.2507967132729849,0.6550048916011634,0.07862130382185782,0.0019053061488052152,0.0005637817738700326,0.0005089745333984725,0.0002028360429863973,4.262316917107094e-05,2.208686472914808e-06
P10,5,B,alpha,1799551287-α-4,P10-T05-Bα,25,57,A3,5,5,L2,L,False,57,True,L2,True,0.7935486285666187,False,0.840688943862915,valid,False,0.06914509671364284,0.7935486285666187,0.12108766915621053,0.015127508202317123,0.0008158822970173424,0.00012145587016595867,0.00010608812330969406,3.902763951809731e-05,8.201114836572672e-06,4.423163631100208e-07
P10,5,B,alpha,1799551287-α-4,P10-T05-Bα,26,59,B3,6,6,L3,L,False,59,True,L3,True,0.6512979450661073,False,0.6743018627166748,valid,False,0.008027719476615678,0.2811721767727732,0.6512979450661073,0.05676768344740064,0.00161440619899094,0.0004662900379398595,0.00044886514140234297,0.0001651282573804345,3.758941479692936e-05,2.1961865927264594e-06
P10,5,B,alpha,1799551287-α-4,P10-T05-Bα,27,57,A3,5,5,L4,L,False,57,True,L4,True,0.6033730598961303,False,0.7871029376983643,valid,False,0.007710134856639312,0.02508062052925107,0.33113815617665426,0.6033730598961303,0.03254213393789687,6.294488762822774e-05,6.60420035840071e-05,2.1548171365883856e-05,5.1053599454171385e-06,2.541809046450372e-07
P10,5,B,alpha,1799551287-α-4,P10-T05-Bα,28,55,G3,4,4,L5,L,False,55,True,L5,True,0.7686772389180401,False,0.7268750667572021,valid,False,0.010575154979830935,0.0022393333497316772,0.028923984547839163,0.18955347336820558,0.7686772389180401,1.266122654736325e-05,1.2838217248681282e-05,4.188850887225695e-06,1.0751137232579374e-06,5.142794614573965e-08
P10,5,B,alpha,1799551287-α-4,P10-T05-Bα,29,53,F3,3,3,L4,L,False,53,True,L4,True,0.6715700678640542,False,0.7799158096313477,valid,False,0.005182986940232832,0.023007887556503164,0.15911359097703076,0.6715700678640542,0.14112109559698327,1.8585774196039995e-06,1.781353796033563e-06,5.812197507208022e-07,1.4332702591064735e-07,6.587203568571639e-09
P10,6,A,beta,1799551287-β-7,P10-T06-Aβ,0,62,D4,8,8,R1,R,False,62,True,R2,False,0.11046238157242325,False,0.6859428882598877,valid,False,0.0006756014083739271,0.00040847483285295666,4.178052424162642e-05,7.786802423922872e-06,8.980139320383838e-07,0.11046238157242325,0.5050588841408405,0.32527631617831193,0.055962119521761194,0.0021057570048387186
P10,6,A,beta,1799551287-β-7,P10-T06-Aβ,1,64,E4,9,9,R2,R,False,64,True,R2,True,0.44457553966989616,False,0.4279448986053467,valid,False,1.6686589846868457e-05,7.1340226545887955e-06,2.1487263312126664e-06,4.1681002460018575e-07,5.207216481979756e-08,0.015471897064016693,0.44457553966989616,0.44457553966989616,0.0934213572581917,0.0019292281169772303
P10,6,A,beta,1799551287-β-7,P10-T06-Aβ,2,60,C4,7,7,L3,L,False,60,True,R2,False,0.0002490998734549613,False,0.4179048538208008,valid,False,0.0020612394136722417,0.0011854217699586206,0.0002490998734549613,5.0292397083466e-05,6.5394555597489856e-06,0.0551523102585795,0.7425562573466508,0.1831121186175263,0.015334399458052452,0.00029232140946208144
P10,6,A,beta,1799551287-β-7,P10-T06-Aβ,3,59,B3,6,6,L5,L,False,59,True,L2,False,0.00010084774985466674,False,0.4624819755554199,valid,False,0.039065439113158566,0.6428148099630108,0.0346693729525828,0.003546129309780042,0.00010084774985466674,0.03940553388836433,0.193612100092301,0.042345267747968214,0.004331252119757963,0.00010924706322167966
P10,6,A,beta,1799551287-β-7,P10-T06-Aβ,4,62,D4,8,8,R5,R,False,62,True,L2,False,0.00011920216942155281,False,0.4710848331451416,valid,False,0.015738067376135822,0.759807928231611,0.030971445754956764,0.0017385747620847355,2.0508121005543257e-05,0.1468415111793453,0.03355096665354115,0.009328420195945717,0.001883375555952462,0.00011920216942155281
P10,6,A,beta,1799551287-β-7,P10-T06-Aβ,5,60,C4,7,7,L3,L,False,60,True,L2,False,0.06069479655485105,False,0.32262182235717773,valid,False,0.015128191160500841,0.8994641076781009,0.06069479655485105,0.004508019719119812,0.00011370566793206699,0.016313654574183552,0.0027894877321259248,0.0008072337258118366,0.0001696289236828546,1.1174263691223088e-05
P10,6,A,beta,1799551287-β-7,P10-T06-Aβ,6,59,B3,6,6,L1,L,False,59,True,L3,False,0.005803089002772007,False,0.3178679943084717,valid,False,0.005803089002772007,0.4027799417115092,0.4726666402159037,0.1165581584337215,0.0009592441604091283,0.000999360335351906,0.00017176815671105715,4.970699369666155e-05,1.1315185141616782e-05,7.758047831488667e-07
P10,6,A,beta,1799551287-β-7,P10-T06-Aβ,7,60,C4,7,7,L2,L,False,60,True,L2,True,0.9378934197680266,False,0.3829660415649414,valid,False,0.0114863297791955,0.9378934197680266,0.033907503008100706,0.0016881551704478613,3.091964049007253e-05,0.01184001660024089,0.0023248053557310506,0.0006727619797287464,0.00014714104205618183,8.947655982176242e-06
P10,6,A,beta,1799551287-β-7,P10-T06-Aβ,8,64,E4,9,9,R1,R,False,64,True,L2,False,0.0800199028718028,False,0.7056558132171631,valid,False,0.3829555438093791,0.5066998968140849,0.009278676460527989,0.0005873813028013333,7.812102922266634e-06,0.0800199028718028,0.013844927344619834,0.005517467169262668,0.001028312294002391,6.0079830596573323e-05
P10,6,A,beta,1799551287-β-7,P10-T06-Aβ,9,59,B3,6,6,L2,L,False,59,True,L2,True,0.9065517360239946,False,0.3425638675689697,valid,False,0.032774412388814185,0.9065517360239946,0.055127467840619185,0.004435534383553714,8.455509889805768e-05,0.0007422081253611072,0.00020385386310940522,6.651339658844999e-05,1.2902271483138388e-05,8.166075780239931e-07
P10,6,A,beta,1799551287-β-7,P10-T06-Aβ,10,57,A3,5,5,L3,L,False,57,True,L2,True,0.42051886457812404,False,0.3222951889038086,valid,False,0.009593962810405516,0.4934834590395614,0.42051886457812404,0.07530069320411956,0.0010423620509022904,4.314086445366075e-05,1.2797433200986943e-05,3.854512807470315e-06,8.099721777548413e-07,5.553424728408139e-08
P10,6,A,beta,1799551287-β-7,P10-T06-Aβ,11,62,D4,8,8,R1,R,False,62,True,L2,False,0.043189501476562725,False,0.48462414741516113,valid,False,0.01124952212392442,0.8663019706991718,0.05939639556120206,0.0019045267332790904,2.0738436676070687e-05,0.043189501476562725,0.012990697751350654,0.004072404225071165,0.0008222042329085914,5.203875985356662e-05
P10,6,A,beta,1799551287-β-7,P10-T06-Aβ,12,64,E4,9,9,R3,R,False,64,True,L2,False,0.036035672889185334,False,0.43494391441345215,valid,False,0.009267607531707162,0.44787284384030057,0.020583902976193672,0.0010248121847532324,1.2581967529021604e-05,0.36668727072054663,0.11044408352291135,0.036035672889185334,0.0075723947240093166,0.0004988296428639033
P10,6,A,beta,1799551287-β-7,P10-T06-Aβ,13,59,B3,6,6,L2,L,False,59,True,L2,True,0.8910536327727044,False,0.2997019290924072,valid,False,0.011850909545948425,0.8910536327727044,0.08756703545836571,0.008605526555237865,0.0001576157168331492,0.0005315915446517722,0.00017074306770766882,5.1426823717683105e-05,1.080663069036823e-05,7.118841429048373e-07
P10,6,A,beta,1799551287-β-7,P10-T06-Aβ,14,60,C4,7,8,R2,R,False,62,False,L2,False,0.04063039112725642,False,0.3655409812927246,valid,False,0.03198179344426616,0.7533397614924099,0.027235365650868558,0.0013028007062433828,1.8770220828473188e-05,0.1305255321288844,0.04063039112725642,0.012237638635258523,0.0025715693035879153,0.00015637729039626918
P10,6,A,beta,1799551287-β-7,P10-T06-Aβ,15,62,D4,8,8,R4,R,False,62,True,L2,False,0.0010793503813085112,False,0.4442002773284912,valid,False,0.006578995728682106,0.8809213152410074,0.029855209922462156,0.0009572979115609752,1.175307184873163e-05,0.055948174091497174,0.019227842549148416,0.00534605743590429,0.0010793503813085112,7.400366658013412e-05
P10,6,A,beta,1799551287-β-7,P10-T06-Aβ,16,57,A3,5,5,L3,L,False,57,True,L2,False,0.060921021770166395,False,0.360886812210083,valid,False,0.00929594515472712,0.9248007419629777,0.060921021770166395,0.0047094837754833255,0.00015100811531753848,8.413756512274458e-05,2.8143982865947384e-05,7.825077020048966e-06,1.579855803387881e-06,1.1274051584578338e-07
P10,6,A,beta,1799551287-β-7,P10-T06-Aβ,17,60,C4,7,7,R3,R,False,60,True,L2,False,0.0005237520039292595,False,0.3502469062805176,valid,False,0.011242137377357594,0.9261605621254242,0.05210510967699379,0.0023008141035335836,3.450203463917639e-05,0.005560818626492927,0.0019606244478920045,0.0005237520039292595,0.00010574370588604061,5.935897851115275e-06
P10,6,A,beta,1799551287-β-7,P10-T06-Aβ,18,62,D4,8,8,R1,R,False,62,True,L2,False,0.042337926663876854,False,0.41365814208984375,valid,False,0.017171385795787635,0.8946687345904031,0.024445680186218628,0.0009198483318731338,1.2733149628931644e-05,0.042337926663876854,0.015126580900636536,0.004377393784022483,0.0008837805628855882,5.5936034666907556e-05
P10,6,A,beta,1799551287-β-7,P10-T06-Aβ,19,59,B3,6,6,L5,L,False,59,True,L2,False,8.736346785078129e-05,False,0.39389824867248535,valid,False,0.2048589980961695,0.7668735527974434,0.02559307810294345,0.0019008894882245264,8.736346785078129e-05,0.0004728276358588333,0.00015918661723822035,4.425981732519071e-05,9.300584124779112e-06,5.433928213490836e-07
P10,6,A,beta,1799551287-β-7,P10-T06-Aβ,20,52,E3,2,2,L4,L,False,52,True,L3,False,0.19824070201959645,False,1.0720441341400146,valid,False,0.020214256956858495,0.1758237300103364,0.5837553414259796,0.19824070201959645,0.021965695899737597,1.9170037477007387e-07,6.064229076570565e-08,1.7548921887266207e-08,3.543066223599239e-09,2.5283770383839284e-10
P10,6,A,beta,1799551287-β-7,P10-T06-Aβ,21,50,D3,1,1,L2,L,False,50,True,L3,False,0.020677864601414426,False,1.678440809249878,valid,False,0.004706242765874911,0.020677864601414426,0.46827877197380885,0.27840135211667855,0.22793574867641664,1.2119106708389276e-08,5.390156087134682e-09,1.9051759054863736e-09,4.3368983908945513e-10,1.7678153684309206e-11
P10,6,A,beta,1799551287-β-7,P10-T06-Aβ,22,52,E3,2,2,L4,L,False,52,True,L3,False,0.2065072083086333,False,0.6270840167999268,valid,False,0.008614243143587738,0.13842592138013443,0.5842537073330271,0.2065072083086333,0.06219877586070775,8.720292869640327e-08,3.9089186819769226e-08,1.4380108203102811e-08,3.1451005996776395e-09,1.5658533857996053e-10
P10,6,A,beta,1799551287-β-7,P10-T06-Aβ,23,55,G3,4,4,L2,L,False,55,True,L2,True,0.6816902153516626,False,0.44766688346862793,valid,False,0.020919243372781605,0.6816902153516626,0.26101433389699374,0.03532444880676544,0.0010455837322973732,3.657438518553372e-06,1.7372972551110479e-06,6.39115943358933e-07,1.3430131337921684e-07,6.686468671104977e-09
P10,6,A,beta,1799551287-β-7,P10-T06-Aβ,24,57,A3,5,5,L1,L,False,57,True,L2,False,0.01775008428062669,False,0.3364417552947998,valid,False,0.01775008428062669,0.8946121425917338,0.07797515607652294,0.009359484967300062,0.0002457084187032471,3.3652053743734136e-05,1.6846544188554568e-05,5.721011029012883e-06,1.1550522061667221e-06,4.900394583330289e-08
P10,6,A,beta,1799551287-β-7,P10-T06-Aβ,25,64,E4,9,9,R3,R,False,64,True,R2,False,0.14523473832090517,False,0.4296450614929199,valid,False,0.0005541054522461732,0.0004058999080830948,1.6545374848083205e-05,2.5246604978563053e-06,1.1148185880638641e-07,0.14523473832090517,0.6911461582535604,0.14523473832090517,0.016749213775789723,0.0006559644513055382
P10,6,A,beta,1799551287-β-7,P10-T06-Aβ,26,60,C4,7,7,L2,L,False,60,True,L2,True,0.9283665310557248,False,0.38672804832458496,valid,False,0.019602262655194047,0.9283665310557248,0.024371797499507422,0.0013144609052860325,2.7144702363257496e-05,0.019547413954958456,0.005121393774647111,0.001368105072476383,0.00026538507981735236,1.550530002537102e-05
P10,6,A,beta,1799551287-β-7,P10-T06-Aβ,27,60,C4,7,7,R1,R,False,60,True,L2,False,0.025527325884932842,False,0.37526464462280273,valid,False,0.013096072624700339,0.9223817546913727,0.02730197894803375,0.0013059871459521252,2.2982072776051246e-05,0.025527325884932842,0.007900761826065174,0.0020278156688028817,0.00040940892266630533,2.591221469776584e-05
P10,6,A,beta,1799551287-β-7,P10-T06-Aβ,28,62,D4,8,8,R2,R,False,62,True,R2,True,0.7630584476785405,False,0.5254929065704346,valid,False,0.004052558434264165,0.0401922928863617,0.0008498755353773925,5.16809845299399e-05,1.4697464601034412e-06,0.11575721629545901,0.7630584476785405,0.06922310061359346,0.0065360606102755885,0.00027729721513808137
P10,6,A,beta,1799551287-β-7,P10-T06-Aβ,29,64,E4,9,9,R3,R,False,64,True,R2,False,0.07298886106695546,False,0.3106999397277832,valid,False,0.00029418557246071005,7.50430628700759e-05,4.212524536558701e-06,6.175854252044323e-07,5.831255369058571e-08,0.08229471105335676,0.8374041767913716,0.07298886106695546,0.006621400088919485,0.0003167339415503388
P10,7,C,gamma,1799551287-γ-2,P10-T07-Cγ,0,65,F4,10,10,R1,R,False,65,True,R1,True,0.7046520830996724,False,0.7785232067108154,valid,False,4.0449372210079014e-05,2.7261064103032942e-05,1.4702897068079393e-06,3.0896090251554446e-07,1.2100112375807174e-08,0.7046520830996724,0.2592270145510002,0.03225106731264487,0.003447689104583679,0.00035264414506414347
P10,7,C,gamma,1799551287-γ-2,P10-T07-Cγ,1,48,C3,0,0,L4,L,False,48,True,L4,True,0.1638947892025176,True,1.0163042545318604,valid,False,0.016262751014805323,0.36475456133684825,0.4455122272683293,0.1638947892025176,0.00957566220726857,7.310665277556429e-09,1.1215764616421141e-09,4.469695759965786e-10,8.670317725455827e-11,4.316697013683718e-12
P10,7,C,gamma,1799551287-γ-2,P10-T07-Cγ,2,53,F3,3,3,L1,L,False,53,True,L1,True,0.31367754264178294,True,0.49492597579956055,valid,False,0.31367754264178294,0.6707292303348013,0.013851112079908603,0.0016625715396461401,7.641055208799352e-05,2.153318546810958e-06,6.812137148493024e-07,2.506045207370836e-07,4.487478617759553e-08,2.840204571940779e-09
P10,7,C,gamma,1799551287-γ-2,P10-T07-Cγ,3,55,G3,4,4,L4,L,False,55,True,L3,True,0.4658564956883782,False,0.5123240947723389,valid,False,0.009740267262667406,0.05096743848703234,0.4658564956883782,0.4658564956883782,0.007567612572086018,7.670544433890178e-06,2.7500880147092343e-06,1.052989136637584e-06,2.042588772568082e-07,1.2420995117743207e-08
P10,7,C,gamma,1799551287-γ-2,P10-T07-Cγ,4,62,D4,8,8,L2,L,False,62,True,L2,True,0.8995418359022511,False,0.5267319679260254,valid,False,0.008214583751573702,0.8995418359022511,0.035229562098425996,0.0012237079619985749,1.135480317309647e-05,0.03729922276580608,0.012452053667046256,0.004962380486924183,0.0010018873412746155,6.341122152640923e-05
P10,7,C,gamma,1799551287-γ-2,P10-T07-Cγ,5,55,G3,4,4,L5,L,False,55,True,L5,True,0.3451237800457192,True,0.597491979598999,valid,False,0.001803513181482113,0.00605255823111474,0.13214544016034518,0.5148641788155173,0.3451237800457192,6.990260572934406e-06,2.390872625094868e-06,9.52808265908022e-07,1.8482578771594937e-07,1.0798569734717799e-08
P10,7,C,gamma,1799551287-γ-2,P10-T07-Cγ,6,59,B3,6,6,L2,L,False,59,True,L2,True,0.9185443161258406,False,0.3794219493865967,valid,False,0.018968698093970456,0.9185443161258406,0.05585673738765038,0.005274005611159193,0.00042434441746869633,0.0006039879418455684,0.00022375359651620412,8.567366031740024e-05,1.729721370193997e-05,1.1859515294855987e-06
P10,7,C,gamma,1799551287-γ-2,P10-T07-Cγ,7,59,B3,6,6,R4,R,False,59,True,R4,True,0.43924751793640143,False,0.7296819686889648,valid,False,0.005888688997781351,0.0022368375859560205,0.0003150774102146073,6.891117492405382e-05,8.609087706115675e-06,0.01401576569654956,0.12398393643054453,0.3895776004350806,0.43924751793640143,0.024657055244841793
P10,7,C,gamma,1799551287-γ-2,P10-T07-Cγ,8,52,E3,2,2,L5,L,False,52,True,L5,True,0.6069218500344851,False,0.7851958274841309,valid,False,0.0002300479078084661,0.0005698419773198708,0.03145003307725451,0.36082751085758624,0.6069218500344851,3.4827608783510676e-07,2.4565069623118644e-07,1.018917110393793e-07,1.9764958416510153e-08,5.620921878902768e-10
P10,7,C,gamma,1799551287-γ-2,P10-T07-Cγ,9,60,C4,7,7,R1,R,False,60,True,R1,True,0.6604296210496333,False,0.5611147880554199,valid,False,0.006937402596536282,0.016004830200858782,0.0007655892840314888,0.00010361124259731705,5.158500018871962e-06,0.6604296210496333,0.28511441739140597,0.028019216104551995,0.0025418459377787037,7.830769258707717e-05
P10,7,C,gamma,1799551287-γ-2,P10-T07-Cγ,10,57,A3,5,5,L1,L,False,57,True,L1,True,0.3587367179987602,True,0.6467859745025635,valid,False,0.3587367179987602,0.6280305070469069,0.011502779978179773,0.0011304194328737856,0.00011109037090535574,0.0003418549524851868,0.00010673445515738038,3.345977671587287e-05,6.2360316239281e-06,1.9995639171584288e-07
P10,7,C,gamma,1799551287-γ-2,P10-T07-Cγ,11,50,D3,1,1,L3,L,False,50,True,L2,True,0.4119536130193014,False,0.9620687961578369,valid,False,0.04618544318445933,0.46447640167601084,0.4119536130193014,0.07677743280220764,0.0006070833111096394,1.7054623009284323e-08,6.530093823242442e-09,2.0470941734533636e-09,3.6656526805235504e-10,8.53501053178558e-12
P10,7,C,gamma,1799551287-γ-2,P10-T07-Cγ,12,55,G3,4,4,L3,L,False,55,True,L2,True,0.44067538485203506,False,0.8988602161407471,valid,False,0.026797497750244283,0.45865968847537525,0.44067538485203506,0.07284315118266116,0.0010083431271359184,8.989559016508597e-06,5.134917590233546e-06,1.546607456824498e-06,2.5565249312830467e-07,7.875991437351264e-09
P10,7,C,gamma,1799551287-γ-2,P10-T07-Cγ,13,69,A4,12,12,R5,R,False,69,True,R5,True,0.511595603247237,False,0.7897772789001465,valid,False,1.762048519448111e-07,7.031921102339356e-08,9.516670340826106e-09,1.999795716334043e-09,7.229827807508737e-11,0.017093720088082014,0.015142940890495187,0.09923933675373338,0.3569281409076251,0.511595603247237
P10,7,C,gamma,1799551287-γ-2,P10-T07-Cγ,14,50,D3,1,1,L5,L,False,50,True,L5,True,0.6961080152582765,False,0.9675240516662598,valid,False,6.816438336681542e-05,0.0001281098420109283,0.014961868173083167,0.28873370941371457,0.6961080152582765,6.078399951777734e-08,5.465361718303665e-08,1.4027439849520407e-08,3.3234898835951453e-09,1.4100152128510654e-10
P10,7,C,gamma,1799551287-γ-2,P10-T07-Cγ,15,65,F4,10,10,R3,R,False,65,True,R3,True,0.385107024612558,True,0.5132472515106201,valid,False,3.821798099267216e-06,5.175115478764999e-07,4.0006095885003166e-08,9.865381784398557e-09,1.9136871757534256e-09,0.09073801530744807,0.385107024612558,0.385107024612558,0.1361178809045238,0.0029256634681002623
P10,7,C,gamma,1799551287-γ-2,P10-T07-Cγ,16,57,A3,5,5,L2,L,False,57,True,L2,True,0.8913450088613489,False,0.4496471881866455,valid,False,0.034908542424051565,0.8913450088613489,0.06620338323161952,0.0065060438493109145,0.00021712795775677215,0.0004384028457129037,0.00028728847399992917,7.987691176225786e-05,1.3742412406743482e-05,5.830320305901062e-07
P10,7,C,gamma,1799551287-γ-2,P10-T07-Cγ,17,67,G4,11,11,R3,R,False,67,True,R3,True,0.39975660204735086,True,1.0108449459075928,valid,False,1.9932408788644315e-06,8.341109482473491e-07,4.152793880677466e-08,7.144668576863512e-09,3.154883336514491e-10,0.10206113676207267,0.39975660204735086,0.39975660204735086,0.09471343574145973,0.003709347061843183
P10,7,C,gamma,1799551287-γ-2,P10-T07-Cγ,18,62,D4,8,8,R5,R,False,62,True,R5,True,0.6392424814009904,False,0.8552079200744629,valid,False,0.0008210567034457203,0.0008696050399407114,3.405712056178848e-05,5.859352669258114e-06,2.917199919357798e-07,0.028198206595205742,0.012750794342254346,0.0421099414812147,0.27596770624372535,0.6392424814009904
P10,7,C,gamma,1799551287-γ-2,P10-T07-Cγ,19,64,E4,9,9,R3,R,False,64,True,R3,True,0.3987209838814628,True,0.4440469741821289,valid,False,9.431553619445198e-05,7.952068390593661e-05,3.65471152054046e-06,5.804318768555464e-07,3.130483134548579e-08,0.02733756828241009,0.3987209838814628,0.3987209838814628,0.17213204465362397,0.0029103166327110784
P10,7,C,gamma,1799551287-γ-2,P10-T07-Cγ,20,59,B3,6,6,L4,L,False,59,True,L4,True,0.5217795562888304,False,0.6353170871734619,valid,False,0.008924767420223922,0.019065198138180216,0.43631294713138796,0.5217795562888304,0.008821969926237202,0.00280473727011138,0.001644185611652928,0.0005583580770471218,8.519991802683056e-05,3.0802183018825566e-06
P10,7,C,gamma,1799551287-γ-2,P10-T07-Cγ,21,65,F4,10,10,R1,R,False,65,True,R1,True,0.32422707310587845,True,0.5045530796051025,valid,False,2.7397367045506722e-05,5.086623745736951e-05,2.9718937985552513e-06,7.328599878806128e-07,2.0841676735376123e-08,0.32422707310587845,0.4836899553032912,0.17096247931838138,0.020520904806941555,0.0005175982655415801
P10,7,C,gamma,1799551287-γ-2,P10-T07-Cγ,22,60,C4,7,7,R3,R,False,60,True,R3,True,0.5283107799371368,False,0.5470271110534668,valid,False,0.0042605329634012425,0.015024537665246336,0.000989737729068344,0.00019198936654156874,5.45995194206299e-06,0.007026471847381557,0.3269099363372492,0.5283107799371368,0.11554784757724747,0.0017327066247854637
P10,7,C,gamma,1799551287-γ-2,P10-T07-Cγ,23,65,F4,10,10,R1,R,False,65,True,R1,True,0.3340265443353523,True,0.4290440082550049,valid,False,2.6933035992949128e-05,3.9605806759795034e-05,2.71549903427637e-06,4.671876615637034e-07,1.6890156926078943e-08,0.3340265443353523,0.47877007123980403,0.16922352326144746,0.017308893834405457,0.0006012289093850624
P10,7,C,gamma,1799551287-γ-2,P10-T07-Cγ,24,53,F3,3,3,L5,L,False,53,True,L5,True,0.6233304316026058,False,0.5792989730834961,valid,False,0.0012715545491803974,0.0030539331634526334,0.05654726097799454,0.315789788508457,0.6233304316026058,5.433941058769618e-06,1.2496106777096177e-06,2.9606745709498656e-07,4.89396214963936e-08,2.6394942423842693e-09
P10,7,C,gamma,1799551287-γ-2,P10-T07-Cγ,25,52,E3,2,2,L5,L,False,52,True,L5,True,0.3267420189736028,True,0.9519040584564209,valid,False,0.000752552267832921,0.002918562777153331,0.23726340244919528,0.4323221062472983,0.3267420189736028,9.815908470521027e-07,2.827834710112369e-07,7.862435289274844e-08,1.352691608660835e-08,7.593302263989888e-10
P10,7,C,gamma,1799551287-γ-2,P10-T07-Cγ,26,57,A3,5,5,R3,R,False,57,True,R3,True,0.4586904151198926,False,0.7910289764404297,valid,False,0.020950196694479922,0.008071791927383153,0.0005995208690483217,9.910013311932696e-05,1.5738828068864716e-05,0.005435123793650589,0.3908701883027496,0.4586904151198926,0.11311166375768067,0.0021562605739270115
P10,7,C,gamma,1799551287-γ-2,P10-T07-Cγ,27,62,D4,8,8,R5,R,False,62,True,R5,True,0.7746166701025929,False,0.7950451374053955,valid,False,0.0005442942414123162,0.00028149750005712924,2.9967802842580607e-05,6.050395045867364e-06,6.441160074866802e-07,0.019533889942970294,0.010636999445328895,0.0315750827117647,0.16277490374197776,0.7746166701025929
P10,7,C,gamma,1799551287-γ-2,P10-T07-Cγ,28,59,B3,6,6,L3,L,False,59,True,L3,True,0.6235103416266862,False,0.5863237380981445,valid,False,0.006523201945934573,0.26917597594710096,0.6235103416266862,0.0990243076081971,0.0008482035398295119,0.0005516424771916056,0.0002554739967200899,9.029848025943782e-05,1.974935100645897e-05,8.050270741656318e-07
P10,7,C,gamma,1799551287-γ-2,P10-T07-Cγ,29,69,A4,12,12,R4,R,False,69,True,R4,True,0.37459591555648647,True,0.6090648174285889,valid,False,2.6402629633064797e-07,1.3447232885221304e-07,2.0519146880933674e-08,4.311812909950819e-09,1.3825692415018098e-10,0.03593940172179124,0.15537598455854723,0.37459591555648647,0.37459591555648647,0.05949235913884658
P10,8,C,beta,1799551287-β-9,P10-T08-Cβ,0,62,D4,8,8,R4,R,False,62,True,R4,True,0.6152593119028105,False,0.7411699295043945,valid,False,0.0038650506674269415,0.015518670141263798,0.0004976012747864924,3.846693739162488e-05,2.434640490895525e-06,0.012705612491525704,0.04028077671210493,0.28773612408216265,0.6152593119028105,0.02409595115003663
P10,8,C,beta,1799551287-β-9,P10-T08-Cβ,1,67,G4,11,11,R2,R,False,67,True,R2,True,0.5267934541352726,False,0.584507942199707,valid,False,8.461147916394105e-07,9.748845971010454e-07,1.1242868415882086e-07,1.521556781455369e-08,1.3262018461940159e-09,0.0992653790768392,0.5267934541352726,0.3131895330196137,0.05837037852279147,0.0023793052756404718
P10,8,C,beta,1799551287-β-9,P10-T08-Cβ,2,64,E4,9,9,R3,R,False,64,True,R3,True,0.48007837064074455,False,0.38639211654663086,valid,False,1.2150117163472016e-05,8.01812530231037e-06,8.201275858925959e-07,1.4109873883241886e-07,1.834688711695114e-08,0.011433762510574647,0.4090958017585292,0.48007837064074455,0.09692615139691392,0.0024447658775597824
P10,8,C,beta,1799551287-β-9,P10-T08-Cβ,3,62,D4,8,8,R2,R,False,62,True,R2,True,0.7588251100010494,False,0.3592031002044678,valid,False,0.0001607878685941191,0.00011904798036813944,1.2176728233042028e-05,2.094943550664007e-06,2.321263620043742e-07,0.036298315282323114,0.7588251100010494,0.18712396828891434,0.01697550341456324,0.0004827633660418043
P10,8,C,beta,1799551287-β-9,P10-T08-Cβ,4,59,B3,6,6,L4,L,False,59,True,L4,True,0.4887931532745663,False,0.5947060585021973,valid,False,0.009243002886430814,0.039428163245432225,0.45121294978962045,0.4887931532745663,0.008601524031694757,0.0014317964086853565,0.0010324549372047527,0.00021695602419603905,3.884947951897744e-05,1.1499226503283195e-06
P10,8,C,beta,1799551287-β-9,P10-T08-Cβ,5,59,B3,6,6,L4,L,False,59,True,L3,True,0.4581412634799632,False,0.44786906242370605,valid,False,0.005530021283855595,0.02380136017274353,0.49629850589610996,0.4581412634799632,0.013028999086441694,0.0015955395205935932,0.0013326608358541511,0.00022927745202684017,4.1055830137408425e-05,1.3164422742301046e-06
P10,8,C,beta,1799551287-β-9,P10-T08-Cβ,6,60,C4,7,7,R4,R,False,60,True,R4,True,0.5639297444301576,False,0.6306788921356201,valid,False,0.0009971108885898753,0.0043860492516812595,0.0007081705511281184,0.00012183710603233182,2.6187181860983906e-06,0.007334432814663037,0.06405854925301441,0.3292392582686845,0.5639297444301576,0.029222228717862783
P10,8,C,beta,1799551287-β-9,P10-T08-Cβ,7,64,E4,9,9,R5,R,False,64,True,R5,True,0.5946798857758404,False,0.7123796939849854,valid,False,2.2623358050421506e-05,4.192064945640755e-05,6.396676333950492e-06,1.5155501868178593e-06,7.853416960182388e-08,0.01612368578389248,0.011502437282720185,0.05125421532450216,0.3263672410648477,0.5946798857758404
P10,8,C,beta,1799551287-β-9,P10-T08-Cβ,8,60,C4,7,7,L2,L,False,60,True,L2,True,0.77739580491847,False,0.46840977668762207,valid,False,0.023064452573060848,0.77739580491847,0.08276039470232571,0.004120397429196095,7.250858010168388e-05,0.025867508279030973,0.06510163226571421,0.01810068209025574,0.0033734960901862982,0.0001431230716583615
P10,8,C,beta,1799551287-β-9,P10-T08-Cβ,9,59,B3,6,6,L1,L,False,59,True,L1,True,0.3552660737921385,True,0.6104190349578857,valid,False,0.3552660737921385,0.6219545456760622,0.019160809332330404,0.0008806165537079747,2.6065752589251672e-05,0.0009633171842673302,0.0014231418705947807,0.0002652366088909128,5.8010399219338145e-05,2.1828301993120677e-06
P10,8,C,beta,1799551287-β-9,P10-T08-Cβ,10,60,C4,7,7,R4,R,False,60,True,R3,True,0.444622151173162,False,0.5263597965240479,valid,False,0.0029845431912414854,0.005458777278386388,0.00042198936064344214,5.9440754985716645e-05,2.0646900162996283e-06,0.007119044340145931,0.07863548821277105,0.444622151173162,0.444622151173162,0.016074349825485522
P10,8,C,beta,1799551287-β-9,P10-T08-Cβ,11,64,E4,9,9,R5,R,False,64,True,R5,True,0.671940306828325,False,0.6785781383514404,valid,False,0.00012250635239983597,0.0001340113886728335,1.4848885121472231e-05,2.7674457598412177e-06,8.873727745123123e-08,0.014367442387366505,0.010217453269067226,0.045919411421510285,0.2572811632844996,0.671940306828325
P10,8,C,beta,1799551287-β-9,P10-T08-Cβ,12,62,D4,8,8,R4,R,False,62,True,R4,True,0.4803574932756392,False,0.4074990749359131,valid,False,0.0006861629560593878,0.0010560447954839915,0.00017456303060569658,2.772365121422035e-05,7.575133510029027e-07,0.009127517541688217,0.07261108090120842,0.42603887771638893,0.4803574932756392,0.009919778618360894
P10,8,C,beta,1799551287-β-9,P10-T08-Cβ,13,57,A3,5,5,L2,L,False,57,True,L2,True,0.8301795456814818,False,0.35227179527282715,valid,False,0.043019005116159865,0.8301795456814818,0.11235258395204578,0.012957075343208758,0.00034015359869925087,0.0003044459018184562,0.0006450947959598986,0.00015907841813824107,4.249546126560882e-05,5.217312222955592e-07
P10,8,C,beta,1799551287-β-9,P10-T08-Cβ,14,60,C4,7,7,L1,L,False,60,True,L1,True,0.48662254157466733,False,0.6185050010681152,valid,False,0.48662254157466733,0.4492092226477857,0.037618229270288496,0.0017289058537157769,3.0424373069973194e-05,0.005461137348024369,0.014991580656092776,0.0034126487657724423,0.0009116389585480077,1.3670552035446938e-05
P10,8,C,beta,1799551287-β-9,P10-T08-Cβ,15,64,E4,9,9,R5,R,False,64,True,R5,True,0.5801001085427755,False,0.6151998043060303,valid,False,0.00018839140071839634,0.00012041642797771645,8.593069175934982e-06,1.3647291288807097e-06,6.528166706952241e-08,0.015145603998924225,0.013928886412510649,0.059148130197806986,0.33135843993931463,0.5801001085427755
P10,8,C,beta,1799551287-β-9,P10-T08-Cβ,16,59,B3,6,6,L2,L,False,59,True,L2,True,0.9008095859107249,False,0.38237905502319336,valid,False,0.03328603531876886,0.9008095859107249,0.05477828733262785,0.0042346212841772885,7.755979427153909e-05,0.0014738272971110689,0.003751080885133213,0.0012754434204344165,0.0003021879509293853,1.1370805821605279e-05
P10,8,C,beta,1799551287-β-9,P10-T08-Cβ,17,57,A3,5,5,L1,L,False,57,True,L1,True,0.2563415823669341,True,0.669003963470459,valid,False,0.2563415823669341,0.7252459663183317,0.01622431205211176,0.0010268654001967849,5.538263739376829e-05,0.0002115554784217593,0.0006318804144899571,0.00020732054874891912,5.3211053120335166e-05,1.923730250915103e-06
P10,8,C,beta,1799551287-β-9,P10-T08-Cβ,18,52,E3,2,2,L3,L,False,52,True,L2,True,0.4117781835259044,False,0.7818498611450195,valid,False,0.09293137240242821,0.4117781835259044,0.4117781835259044,0.08313658144004427,0.00037549309936607,9.854733909941053e-08,5.8909087920986063e-08,2.3476393229434707e-08,4.933237039197649e-09,1.4029546343126418e-10
P10,8,C,beta,1799551287-β-9,P10-T08-Cβ,19,55,G3,4,4,L2,L,False,55,True,L2,True,0.8157280265476402,False,0.7273142337799072,valid,False,0.1460692754573302,0.8157280265476402,0.033250872209005036,0.004683665353607908,0.0002331859671722726,1.5208292966278462e-05,1.4180053267067906e-05,4.445250743405035e-06,1.0961853372828504e-06,4.4682930316417755e-08
P10,8,C,beta,1799551287-β-9,P10-T08-Cβ,20,60,C4,7,7,R4,R,False,60,True,R3,True,0.41774208561845405,False,0.5580310821533203,valid,False,0.0022180231516605435,0.0011217211222237307,8.004744337009955e-05,1.1275356471878985e-05,6.587702108566742e-07,0.006886534027380061,0.08997005928262015,0.471002886307009,0.41774208561845405,0.010966708920599531
P10,8,C,beta,1799551287-β-9,P10-T08-Cβ,21,57,A3,5,5,L1,L,False,57,True,L1,True,0.38682128789815595,True,0.5026919841766357,valid,False,0.38682128789815595,0.6006202059933184,0.011000742802250756,0.0006427257243256895,3.755167847624458e-05,0.00020597368346368246,0.0004857616526607107,0.0001405717559600006,4.40673029158622e-05,1.1115084725031275e-06
P10,8,C,beta,1799551287-β-9,P10-T08-Cβ,22,60,C4,7,7,L2,L,False,60,True,L2,True,0.5948121662896543,False,0.49297118186950684,valid,False,0.01615054756708702,0.5948121662896543,0.019850827001271,0.0011597977874953525,1.960924125616125e-05,0.01773624978601098,0.2510977820550829,0.08049907299739353,0.018324622894166462,0.00034932438058217827
P10,8,C,beta,1799551287-β-9,P10-T08-Cβ,23,64,E4,9,9,R2,R,False,64,True,R2,True,0.5522828671128303,False,0.4333169460296631,valid,False,3.345268155063252e-05,1.2702713530089587e-05,5.838072712686736e-07,9.650269287638987e-08,6.61652900798687e-09,0.046249948731334534,0.5522828671128303,0.3417434657484973,0.05879520802711754,0.0008816680586466084
P10,8,C,beta,1799551287-β-9,P10-T08-Cβ,24,59,B3,6,6,L1,L,False,59,True,L1,True,0.2900474164153646,True,0.5804970264434814,valid,False,0.2900474164153646,0.6992752310828726,0.006753388740224989,0.0003230476041000259,1.9644545036249183e-05,0.0009841977111993507,0.0020340815993488046,0.0004630336332598105,9.730006852703225e-05,2.658600066535177e-06
P10,8,C,beta,1799551287-β-9,P10-T08-Cβ,25,62,D4,8,8,R1,R,False,62,True,R1,True,0.4942871968088485,False,0.5680739879608154,valid,False,0.0015384398868585722,0.0011310164235763525,4.088944647261916e-05,4.908026849040522e-06,1.7048158350915158e-07,0.4942871968088485,0.4383934164574035,0.059330097185329,0.005171261787995378,0.0001026034950835579
P10,8,C,beta,1799551287-β-9,P10-T08-Cβ,26,60,C4,7,7,L3,L,False,60,True,L3,True,0.6649667062611632,False,0.6134159564971924,valid,False,0.002885611897418662,0.1575490713126902,0.6649667062611632,0.1056083007351947,0.00014366615681990467,0.03652806804219373,0.02502153799141716,0.006170235301833035,0.0011048802672067506,2.1922034062834297e-05
P10,8,C,beta,1799551287-β-9,P10-T08-Cβ,27,64,E4,9,9,R3,R,False,64,True,R2,True,0.42600622416606065,False,0.41338419914245605,valid,False,0.00026821310698493177,0.00027333342462386304,3.125593367829075e-05,3.751700620051321e-06,7.443784745495101e-08,0.026962687259683496,0.42600622416606065,0.42600622416606065,0.11844562054338978,0.0020026152610507246
P10,8,C,beta,1799551287-β-9,P10-T08-Cβ,28,62,D4,8,8,R4,R,False,62,True,R4,True,0.5757273440057264,False,0.4481170177459717,valid,False,0.0023722102142705397,0.002806325892909463,0.0004473715540715147,6.054515598227203e-05,1.0654417122976488e-06,0.009260362065123841,0.05782730100955113,0.326074985367569,0.5757273440057264,0.025422489293083314
P10,8,C,beta,1799551287-β-9,P10-T08-Cβ,29,64,E4,9,9,R5,R,False,64,True,R4,False,0.3871324757444043,False,0.5672640800476074,valid,False,0.00043132389942558236,0.0004311785304077485,5.386722529931299e-05,8.555054073558475e-06,2.532247684081046e-07,0.012919876623427392,0.015158209055115227,0.09172242979118257,0.4921418308518958,0.3871324757444043
P10,9,B,beta,1799551287-β-5,P10-T09-Bβ,0,62,D4,8,8,R2,R,False,62,True,R2,True,0.692905217754552,False,0.49190211296081543,valid,False,0.00022397503349803967,0.0004408252321416385,5.50723897939443e-05,1.0682944501289793e-05,8.946242313604201e-07,0.047507767259208855,0.692905217754552,0.2353075116454781,0.023124512889041195,0.0004235402275535575
P10,9,B,beta,1799551287-β-5,P10-T09-Bβ,1,64,E4,9,9,R3,R,False,64,True,R3,True,0.4221541512804959,False,0.49707913398742676,valid,False,1.7884336065753097e-05,2.6393712362839564e-05,3.5720005382905788e-06,7.506061594433986e-07,7.990840911219918e-08,0.010995290307311747,0.2992494552486587,0.4221541512804959,0.2612219775943879,0.006330445005610241
P10,9,B,beta,1799551287-β-5,P10-T09-Bβ,2,57,A3,5,5,L4,L,False,57,True,L3,False,0.3462617243683658,False,1.135511875152588,valid,False,0.0034805659780043994,0.061915267787497535,0.5824217944200059,0.3462617243683658,0.005192394287756908,0.00029900691976878136,0.0002914738218845447,0.00011615786799866724,2.079994197213304e-05,8.146067454616367e-07
P10,9,B,beta,1799551287-β-5,P10-T09-Bβ,3,60,C4,7,7,R1,R,False,60,True,R1,True,0.5218647515960693,False,0.6737899780273438,valid,False,0.001186448634304574,0.008870276910702475,0.0014584999233214545,0.00034555911787059854,8.374268551261481e-06,0.5218647515960693,0.4272667210791037,0.03578069341136524,0.003118675703634699,9.999935507669136e-05
P10,9,B,beta,1799551287-β-5,P10-T09-Bβ,4,59,B3,6,6,L5,L,False,59,True,L5,True,0.662805639282538,False,0.922062873840332,valid,False,0.0011116703125172516,0.0024090263836193523,0.03574755208997697,0.29781777130987563,0.662805639282538,6.432129503468274e-05,3.131937992173892e-05,1.06359212873965e-05,1.9045334544239402e-06,1.5949177472170819e-07
P10,9,B,beta,1799551287-β-5,P10-T09-Bβ,5,64,E4,9,9,R1,R,False,64,True,R1,True,0.5994952308482788,False,0.6657211780548096,valid,False,0.00023296518344549137,0.00046584049876288025,8.341626365463763e-05,1.976362838533024e-05,1.5901737678275682e-06,0.5994952308482788,0.3424371095946745,0.050203664358373014,0.006794327135456245,0.0002660923152012099
P10,9,B,beta,1799551287-β-5,P10-T09-Bβ,6,59,B3,6,6,L5,L,False,59,True,L5,True,0.5834113317155344,False,0.8222568035125732,valid,False,0.002138671762966154,0.004816561023149906,0.06210909781234392,0.3468500246235403,0.5834113317155344,0.0004910999934979074,0.00014211658754826475,3.504551901514359e-05,5.5658391265662525e-06,4.85123277371925e-07
P10,9,B,beta,1799551287-β-5,P10-T09-Bβ,7,57,A3,5,5,L3,L,False,57,True,L3,True,0.4423630213435809,False,1.1455180644989014,valid,False,0.011613066194012651,0.4250177191784263,0.4423630213435809,0.11817077928514338,0.002751457744774536,5.913873588404405e-05,1.929577459851208e-05,4.758279432894649e-06,6.975968926240097e-07,6.586725430260587e-08
P10,9,B,beta,1799551287-β-5,P10-T09-Bβ,8,55,G3,4,4,L1,L,False,55,True,L1,True,0.4929375748648115,False,0.8979651927947998,valid,False,0.4929375748648115,0.4929375748648115,0.01243335204615307,0.0015533013094655825,0.00012497801252313458,9.282564188209023e-06,3.028713136904024e-06,7.773518668872286e-07,1.1861620357863324e-07,1.1656839636449206e-08
P10,9,B,beta,1799551287-β-5,P10-T09-Bβ,9,57,A3,5,5,L3,L,False,57,True,L2,False,0.11827681875744742,False,0.8622598648071289,valid,False,0.08939169660798431,0.7751277068114327,0.11827681875744742,0.01666028592173868,0.0004037448333274356,9.956225010565544e-05,3.121138954570074e-05,7.696633902368595e-06,1.1744301811344409e-06,1.0236433457032683e-07
P10,9,B,beta,1799551287-β-5,P10-T09-Bβ,10,59,B3,6,6,L1,L,False,59,True,L1,True,0.5446447838791241,False,0.6267731189727783,valid,False,0.5446447838791241,0.44591743406534995,0.007847019745610558,0.0005599732912807991,2.282574552162501e-05,0.0007118655707433966,0.00023226735222136818,5.503058317683972e-05,8.067866623818025e-06,7.319003475247335e-07
P10,9,B,beta,1799551287-β-5,P10-T09-Bβ,11,60,C4,7,7,R2,R,False,60,True,R2,True,0.7129676088161617,False,0.7986881732940674,valid,False,0.022444510478851022,0.020275960854014088,0.0010094806492629328,0.0001736759608344458,5.56886503317038e-06,0.055782409331090785,0.7129676088161617,0.16892181756976496,0.017983164055502165,0.00043580341948482764
P10,9,B,beta,1799551287-β-5,P10-T09-Bβ,12,62,D4,8,8,R3,R,False,62,True,R3,True,0.41974595486644484,False,0.7327671051025391,valid,False,0.0012156364188746474,0.0011271019122830281,6.853913787093382e-05,1.3295224862785028e-05,4.0959145712066963e-07,0.007687915334340719,0.34365892172924095,0.41974595486644484,0.22132886202379176,0.005153363760833366
P10,9,B,beta,1799551287-β-5,P10-T09-Bβ,13,57,A3,5,5,L3,L,False,57,True,L3,True,0.461219969704573,False,0.8086051940917969,valid,False,0.022062406283335768,0.42575969331424024,0.461219969704573,0.08946746922869696,0.0006796856187422754,0.00028409537990291864,0.0003583930774938135,0.00014282646557416253,2.4572559820034413e-05,8.883676209399452e-07
P10,9,B,beta,1799551287-β-5,P10-T09-Bβ,14,53,F3,3,3,L2,L,False,53,True,L2,True,0.4702700185997649,False,0.9543559551239014,valid,False,0.06291222391448043,0.4702700185997649,0.41709209027148925,0.04810119579457801,0.0016052941926669535,7.620002785938309e-06,8.174849578078374e-06,2.8894388576805627e-06,4.776210307588476e-07,1.5314768057250994e-08
P10,9,B,beta,1799551287-β-5,P10-T09-Bβ,15,59,B3,6,6,L3,L,False,59,True,L3,True,0.5827244480395001,False,0.7110147476196289,valid,False,0.005627776519339341,0.2952181072436698,0.5827244480395001,0.10860467231649219,0.0009302652018063425,0.002847750472146599,0.0028511272139333816,0.0010077442626248462,0.00018045288318813946,7.65584729937177e-06
P10,9,B,beta,1799551287-β-5,P10-T09-Bβ,16,64,E4,9,9,R5,R,False,64,True,R5,True,0.5554177339254727,False,0.9928269386291504,valid,False,0.00025613512932135934,0.0003261886135889677,3.915295049097807e-05,7.594890992053134e-06,2.4352778975958774e-07,0.01250127551031694,0.018379950826177566,0.06938845535816508,0.3436832692676846,0.5554177339254727
P10,9,B,beta,1799551287-β-5,P10-T09-Bβ,17,62,D4,8,8,R4,R,False,62,True,R4,True,0.511216420312251,False,0.869718074798584,valid,False,0.001056828217960422,0.001037478265159119,0.00013490196138302596,3.19620193523025e-05,2.280850278566085e-06,0.007978839889669744,0.08759350557856564,0.34267861439788283,0.511216420312251,0.04826916850749745
P10,9,B,beta,1799551287-β-5,P10-T09-Bβ,18,64,E4,9,9,R3,R,False,64,True,R3,True,0.4765356806247225,False,0.7355592250823975,valid,False,0.00012515362351708546,0.0001362236308697963,1.918824553645084e-05,4.731763092654858e-06,3.962531041170224e-07,0.03139167093657238,0.3194314193739887,0.4765356806247225,0.16843376743722213,0.003921768111374062
P10,9,B,beta,1799551287-β-5,P10-T09-Bβ,19,62,D4,8,8,R5,R,False,62,True,R5,True,0.6135193894423436,False,0.9824130535125732,valid,False,0.0014320620606040587,0.0015207625220072247,0.0002415235894650568,5.0752818192493417e-05,3.479773297495968e-06,0.0148680091564538,0.01281115451557744,0.044733518284805804,0.31081934783725296,0.6135193894423436
P10,9,B,beta,1799551287-β-5,P10-T09-Bβ,20,64,E4,9,9,R3,R,False,64,True,R2,True,0.4103679261118369,False,1.278635025024414,valid,False,0.00012606448870479612,0.00013226525542762535,1.9391007293638927e-05,4.4141240757576235e-06,3.026462694622796e-07,0.029284376192561908,0.4103679261118369,0.4103679261118369,0.14504646480994351,0.0046508692520494666
P10,9,B,beta,1799551287-β-5,P10-T09-Bβ,21,60,C4,7,7,L1,L,False,60,True,L1,True,0.5456936074189013,False,1.2310540676116943,valid,False,0.5456936074189013,0.4124263563035291,0.0017109689165626927,8.225407550619472e-05,2.3392092353479723e-06,0.011609954299492064,0.02053349919799282,0.006699665901213439,0.0011996833652242738,4.1671312342760496e-05
P10,9,B,beta,1799551287-β-5,P10-T09-Bβ,22,62,D4,8,8,R3,R,False,62,True,R3,True,0.5568416030646304,False,1.0968408584594727,valid,False,0.0006020474461266116,0.003604280247019867,0.00019442298164134292,2.4289304352734086e-05,8.781271336872226e-07,0.010083465702494219,0.24039437992611942,0.5568416030646304,0.18168616388549166,0.0065684693149902825
P10,9,B,beta,1799551287-β-5,P10-T09-Bβ,23,57,A3,5,5,L3,L,False,57,True,L3,True,0.6083603975614652,False,0.7746081352233887,valid,False,0.00662445076805799,0.3025351586436068,0.6083603975614652,0.06740825347237542,0.0018418444085359315,0.001065946042917118,0.008738597184023662,0.0029765576014570273,0.00043638406755561627,1.2410250005277016e-05
P10,9,B,beta,1799551287-β-5,P10-T09-Bβ,24,55,G3,4,4,L2,L,False,55,True,L2,True,0.6394845094018051,False,1.1523308753967285,valid,False,0.007169118836467446,0.6394845094018051,0.3112705276027844,0.03589731127137269,0.004297799092734418,0.00022229310277199204,0.0011882894271031872,0.00042344247678149704,4.5079052768804646e-05,1.6297354103823743e-06
P10,9,B,beta,1799551287-β-5,P10-T09-Bβ,25,57,A3,5,5,L4,L,False,57,True,L4,True,0.5035345844126187,False,1.393150806427002,valid,False,0.0012413360003401769,0.030264109772319726,0.44659511350943215,0.5035345844126187,0.00922255761609036,0.0006594035191629023,0.00614176281611411,0.0020994016967133358,0.00023262033866708036,9.110318541448379e-06
P10,9,B,beta,1799551287-β-5,P10-T09-Bβ,26,60,C4,7,7,R4,R,False,60,True,R4,True,0.4738725361548085,False,1.2802917957305908,valid,False,0.0009196120215152846,0.007458904368683517,0.0008525120505626846,0.00011090718201585336,8.71369695091744e-06,0.010380652526199892,0.11507612816936541,0.37276133953364005,0.4738725361548085,0.018558694296257876
P10,9,B,beta,1799551287-β-5,P10-T09-Bβ,27,62,D4,8,8,R5,R,False,62,True,R5,True,0.6669676770652239,False,0.9641573429107666,valid,False,0.0012947254477803391,0.0018618399645947924,0.00018318505356199082,2.1988000298004165e-05,1.5075666539763688e-06,0.02231769593241862,0.008345696533867823,0.033206365337201706,0.26579931909839893,0.6669676770652239
P10,9,B,beta,1799551287-β-5,P10-T09-Bβ,28,59,B3,6,6,L2,L,False,59,True,L2,True,0.9040498536847271,False,1.0825469493865967,valid,False,0.04050784413204619,0.9040498536847271,0.0194312871511864,0.002332369040830648,0.00013092698294870438,0.021549201428986767,0.009087360634198903,0.0025266252189772884,0.0003558964386044304,2.8635287493671592e-05
P10,9,B,beta,1799551287-β-5,P10-T09-Bβ,29,57,A3,5,5,L5,L,False,57,True,L5,True,0.6331349775487974,False,1.6430840492248535,valid,False,0.0014788203603873476,0.005635909051123879,0.05094179131295029,0.30817987864904317,0.6331349775487974,0.0003160207226901011,0.00023008272382662285,6.658230909585382e-05,1.4562342459989805e-05,1.3749796253332288e-06
P10,10,C,gamma,1799551287-γ-6,P10-T10-Cγ,0,62,D4,8,8,L2,L,False,62,True,L2,True,0.6663474440265655,False,0.8606982231140137,valid,False,0.008218820585944722,0.6663474440265655,0.07395634638259832,0.004151521964266199,0.00010471373403257943,0.10208941846438618,0.09785384671036981,0.03899662115744761,0.007873282025245384,0.0004079849491437013
P10,10,C,gamma,1799551287-γ-6,P10-T10-Cγ,1,57,A3,5,5,R2,R,False,57,True,R2,True,0.6232647118496074,False,0.6284558773040771,valid,False,0.061563032119041676,0.0481813167770019,0.004549290683976266,0.0007225066370413035,4.055773871640108e-05,0.00845563497897125,0.6232647118496074,0.2292862738971136,0.023452364636327713,0.0004843106822025814
P10,10,C,gamma,1799551287-γ-6,P10-T10-Cγ,2,62,D4,8,8,R4,R,False,62,True,R3,True,0.44083960039315323,False,0.4775538444519043,valid,False,0.0012044267561728945,0.001913016070985308,0.00023899350368749312,4.279564608119062e-05,1.428230649794145e-06,0.005200116823309482,0.0971830620601553,0.44083960039315323,0.44083960039315323,0.012536960122652027
P10,10,C,gamma,1799551287-γ-6,P10-T10-Cγ,3,55,G3,4,4,L5,L,False,55,True,L5,True,0.5469617468391338,False,0.7228109836578369,valid,False,0.0028138120350817463,0.0054712760832756465,0.06307842965741321,0.38160226203612024,0.5469617468391338,2.286108442014804e-05,3.419687091968519e-05,1.2087044134902774e-05,3.2288761848518184e-06,9.947331580059107e-08
P10,10,C,gamma,1799551287-γ-6,P10-T10-Cγ,4,48,C3,0,0,L1,L,False,48,True,L1,True,0.612233151009123,False,1.6658990383148193,valid,False,0.612233151009123,0.36398518842346256,0.020127510351854918,0.0031177549505101115,0.0005363937258941538,8.458812747735263e-10,4.83175051090627e-10,1.640840854536421e-10,4.3832651715449066e-11,2.1822992277018316e-12
P10,10,C,gamma,1799551287-γ-6,P10-T10-Cγ,5,55,G3,4,4,L5,L,False,55,True,L5,True,0.5478380013649364,False,0.8830840587615967,valid,False,0.02122402047559145,0.0028406724977261466,0.04587772133628163,0.3822136040743853,0.5478380013649364,3.0093506850942808e-06,2.0828453263300376e-06,7.07324953432154e-07,1.744241860365073e-07,6.305928251614339e-09
P10,10,C,gamma,1799551287-γ-6,P10-T10-Cγ,6,62,D4,8,8,R4,R,False,62,True,R4,True,0.5179106085285948,False,0.5105001926422119,valid,False,0.000496262347502604,0.0007632288615699462,8.125220310181624e-05,2.4472693279381703e-05,2.7116517089881566e-06,0.015329861479905636,0.0829370722235861,0.3335532947577481,0.5179106085285948,0.048901235253002696
P10,10,C,gamma,1799551287-γ-6,P10-T10-Cγ,7,59,B3,6,6,L3,L,False,59,True,L3,True,0.5983318081904649,False,0.4340488910675049,valid,False,0.008699032044074427,0.29123935744931784,0.5983318081904649,0.0989035826814954,0.0007513719050089985,0.0006787674075763373,0.0009177277171820513,0.0003657319698280713,0.0001101563524234633,2.46428262857267e-06
P10,10,C,gamma,1799551287-γ-6,P10-T10-Cγ,8,59,B3,6,6,R2,R,False,59,True,R2,True,0.6006190612359595,False,0.7316949367523193,valid,False,0.05269187441929992,0.14230332800039594,0.013436311991374007,0.002133920486839574,5.6020414615940826e-05,0.018535889683516243,0.6006190612359595,0.15415535490993673,0.01576765818791501,0.00030058067014729
P10,10,C,gamma,1799551287-γ-6,P10-T10-Cγ,9,69,A4,12,12,R5,R,False,69,True,R5,True,0.3521017257568476,True,0.8247330188751221,valid,False,6.773975111777096e-08,4.29239817733696e-08,5.8091292309421755e-09,1.432513631494782e-09,2.0178160808022657e-10,0.015051202597580676,0.02057177781459385,0.16466615602872783,0.44760901969509276,0.3521017257568476
P10,10,C,gamma,1799551287-γ-6,P10-T10-Cγ,10,50,D3,1,1,L2,L,False,50,True,L2,True,0.5429695576086873,False,0.8901219367980957,valid,False,0.02833474083109311,0.5429695576086873,0.39427682141787623,0.03301801280177117,0.0014008136621209539,2.138738690499781e-08,2.534455243828319e-08,5.769375330173107e-09,1.119143670539007e-09,5.799281316804113e-11
P10,10,C,gamma,1799551287-γ-6,P10-T10-Cγ,11,60,C4,7,7,L3,L,False,60,True,L3,True,0.6341295398299233,False,0.5956437587738037,valid,False,0.0028908090854049395,0.27376039556181764,0.6341295398299233,0.07611560135300635,0.0006785841763838988,0.0032182795709013584,0.007480153065392124,0.0013941058681805113,0.00031735103719492,1.5180451795088224e-05
P10,10,C,gamma,1799551287-γ-6,P10-T10-Cγ,12,59,B3,6,6,R2,R,False,59,True,R2,True,0.6096923303759314,False,0.6560189723968506,valid,False,0.05431908260277589,0.1387889527121169,0.01804654860532337,0.0023465694509550543,4.845859550842006e-05,0.032460490043463464,0.6096923303759314,0.13334696003681307,0.010729043965807598,0.00022156361130480079
P10,10,C,gamma,1799551287-γ-6,P10-T10-Cγ,13,69,A4,12,12,R3,R,False,69,True,R3,True,0.39325745519038274,True,0.60182785987854,valid,False,1.8448400498771492e-07,1.0669508116929047e-07,1.7636578295995606e-08,2.915306784361045e-09,8.62914341582105e-11,0.11271072171261741,0.39325745519038274,0.39325745519038274,0.09697609449735074,0.003797961592003703
P10,10,C,gamma,1799551287-γ-6,P10-T10-Cγ,14,53,F3,3,3,L1,L,False,53,True,L1,True,0.39209045587740005,True,0.4931011199951172,valid,False,0.39209045587740005,0.5849302257873301,0.020317702857327306,0.0025382949293536435,0.00012141905744931559,9.260755385724112e-07,6.97151763989165e-07,2.3674961974619698e-07,3.9134448930929776e-08,2.379768290293232e-09
P10,10,C,gamma,1799551287-γ-6,P10-T10-Cγ,15,67,G4,11,11,R5,R,False,67,True,R5,True,0.3164168931399573,True,0.5838429927825928,valid,False,7.2291673544293e-07,6.09458698772309e-07,7.028589820361662e-08,1.0724932640107445e-08,4.929099317504085e-10,0.00825043887896741,0.033685269204009716,0.18811634469659386,0.45352964020129677,0.3164168931399573
P10,10,C,gamma,1799551287-γ-6,P10-T10-Cγ,16,65,F4,10,10,R4,R,False,65,True,R4,True,0.4691386691194462,False,0.4385242462158203,valid,False,4.743913882654669e-06,4.300166201615284e-06,5.591450677590123e-07,9.619803703992965e-08,4.601622471363832e-09,0.009306325387799911,0.09207908243947371,0.3997736030540106,0.4691386691194462,0.029692615974458127
P10,10,C,gamma,1799551287-γ-6,P10-T10-Cγ,17,60,C4,7,7,R3,R,False,60,True,R3,True,0.6636720075041564,False,0.4558429718017578,valid,False,0.003560142251588434,0.003810605356864108,0.0007101976714758388,9.611480302316545e-05,3.4748223027698115e-06,0.004742957591647946,0.21654276630551644,0.6636720075041564,0.10540268001102307,0.0014590536824019202
P10,10,C,gamma,1799551287-γ-6,P10-T10-Cγ,18,59,B3,6,6,L5,L,False,59,True,L5,True,0.48942935958014194,False,0.594123125076294,valid,False,0.006254118083779083,0.008527950819418416,0.07721432583076912,0.41706418890392843,0.48942935958014194,0.0006430584084289972,0.0006146146088860495,0.00020872037117371667,4.213991617452546e-05,1.5234772995872378e-06
P10,10,C,gamma,1799551287-γ-6,P10-T10-Cγ,19,69,A4,12,12,R1,R,False,69,True,R1,True,0.4513327915199079,False,0.7001240253448486,valid,False,2.0158217876167725e-07,1.9789083144330473e-07,2.6781611723308426e-08,6.345307239498316e-09,6.755119185438348e-10,0.4513327915199079,0.4513327915199079,0.08754955398629803,0.009320394576451943,0.0004640351219932811
P10,10,C,gamma,1799551287-γ-6,P10-T10-Cγ,20,55,G3,4,4,L1,L,False,55,True,L1,True,0.2829288518293807,True,0.41617608070373535,valid,False,0.2829288518293807,0.6821130858124123,0.03134941037452417,0.003337411341643274,0.0002478814823169468,8.571241979141697e-06,1.1392448664350071e-05,2.8093432524893366e-06,5.671966205293772e-07,1.892920593751156e-08
P10,10,C,gamma,1799551287-γ-6,P10-T10-Cγ,21,60,C4,7,7,R4,R,False,60,True,R3,True,0.42267651472351503,False,0.551292896270752,valid,False,0.001797179455297736,0.0015630001476055501,0.00016639465805863823,2.8627346286581453e-05,1.6725717715899011e-06,0.007255604513646322,0.07201220262203875,0.4765664395873069,0.42267651472351503,0.017932364374472813
P10,10,C,gamma,1799551287-γ-6,P10-T10-Cγ,22,52,E3,2,2,L4,L,False,52,True,L4,True,0.2618396114023596,True,0.6444621086120605,valid,False,0.02987925537827291,0.22795817707013805,0.45839540717032845,0.2618396114023596,0.021927293646640728,1.1029848718469158e-07,9.399510477503942e-08,3.898756324240613e-08,1.174282838517366e-08,3.0827676989762294e-10
P10,10,C,gamma,1799551287-γ-6,P10-T10-Cγ,23,59,B3,6,6,L2,L,False,59,True,L2,True,0.898804796112762,False,0.4376342296600342,valid,False,0.03535935862034007,0.898804796112762,0.059208545221201364,0.004958314559444802,9.837838894633502e-05,0.0006183359340320929,0.0006447232502943379,0.00023718042902851695,6.863627296486586e-05,1.7312109857765985e-06
P10,10,C,gamma,1799551287-γ-6,P10-T10-Cγ,24,60,C4,7,7,L4,L,False,60,True,L3,True,0.4590275535182322,False,0.5285658836364746,valid,False,0.0006499305536819175,0.024294166880289823,0.4972586124327759,0.4590275535182322,0.009479297761294223,0.002616368037008301,0.004614069570226273,0.0016308644924800126,0.00041857894774588645,1.0557806265550384e-05
P10,10,C,gamma,1799551287-γ-6,P10-T10-Cγ,25,62,D4,8,8,R5,R,False,62,True,R4,True,0.4240086129252142,False,0.61179518699646,valid,False,0.0013548692413212203,0.0021592345168300327,0.0001422390435451913,3.507571629220212e-05,1.3198380603386366e-06,0.022868347942166193,0.01715874974136986,0.072948504070519,0.4593230469646818,0.4240086129252142
P10,10,C,gamma,1799551287-γ-6,P10-T10-Cγ,26,65,F4,10,10,R3,R,False,65,True,R2,True,0.42031194764943214,False,0.46170711517333984,valid,False,1.246421324482672e-05,1.2289588580590555e-05,1.2077419354170494e-06,2.7492758234252906e-07,9.549680763718669e-09,0.033818134020003374,0.42031194764943214,0.42031194764943214,0.1216316442609701,0.0039000803991383107
P10,10,C,gamma,1799551287-γ-6,P10-T10-Cγ,27,69,A4,12,12,R5,R,False,69,True,R5,True,0.38270271615635143,True,0.516869306564331,valid,False,3.405639450295062e-07,3.5880140561518174e-07,3.254972915477365e-08,7.409545102311866e-09,2.4728074898266616e-10,0.013280919524324858,0.02422193166157313,0.165216789909589,0.41457690317625595,0.38270271615635143
P10,10,C,gamma,1799551287-γ-6,P10-T10-Cγ,28,62,D4,8,8,R3,R,False,62,True,R3,True,0.5509148464884829,False,0.3861401081085205,valid,False,0.0008892951095135129,0.0011180434674538883,0.00010142661505601469,2.3088520191945993e-05,7.112975316912526e-07,0.009476463522703787,0.3146875537230998,0.5509148464884829,0.1204916256254858,0.002296945630480716
P10,10,C,gamma,1799551287-γ-6,P10-T10-Cγ,29,55,G3,4,4,L2,L,False,55,True,L2,True,0.6364832728977848,False,0.47030115127563477,valid,False,0.06510218665605888,0.6364832728977848,0.25365070358155833,0.04363930075631016,0.0011007129848033229,8.993906197456862e-06,1.0213531071662526e-05,3.91068838802534e-06,6.728138511722047e-07,3.218397622098841e-08
P10,11,B,alpha,1799551287-α-9,P10-T11-Bα,0,60,C4,7,7,L4,L,False,60,True,R2,False,0.0004156779192724916,False,1.0255188941955566,valid,False,0.007675391955611238,0.023621455937242665,0.002617331922963193,0.0004156779192724916,3.770945006400203e-05,0.02135587365417047,0.7297578230013918,0.1967935970725254,0.017152697483107375,0.0005724416036515485
P10,11,B,alpha,1799551287-α-9,P10-T11-Bα,1,59,B3,6,6,L5,L,False,59,True,L5,True,0.4747463907772756,False,0.900177001953125,valid,False,0.004829123683623353,0.00956300540737818,0.07244160197640341,0.43824615371456066,0.4747463907772756,0.00010523919693522109,4.608723558388938e-05,1.8366640931127694e-05,3.708160851252799e-06,3.2320645715317946e-07
P10,11,B,alpha,1799551287-α-9,P10-T11-Bα,2,60,C4,7,7,L4,L,False,60,True,L4,True,0.5384576000253307,False,0.8686068058013916,valid,False,0.0076447354015387985,0.03007556623363002,0.40695749956241495,0.5384576000253307,0.01413577412680381,0.0012408767373591804,0.000969193260546103,0.0004020048025914781,0.00010738967433199664,9.360175453001691e-06
P10,11,B,alpha,1799551287-α-9,P10-T11-Bα,3,65,F4,10,10,R4,R,False,65,True,R3,True,0.41153063755500446,False,0.7517869472503662,valid,False,0.00010757912780634128,0.00035855166648308414,6.203127849466781e-05,1.3566977969627142e-05,3.858289083794289e-07,0.011202171831303025,0.14016923433711023,0.41153063755500446,0.41153063755500446,0.0250252038419157
P10,11,B,alpha,1799551287-α-9,P10-T11-Bα,4,64,E4,9,9,R5,R,False,64,True,R5,True,0.61871491818529,False,0.8639400005340576,valid,False,0.0006185842985576184,0.0021093443195637487,0.0003096367676969187,7.635548683875262e-05,2.4483146585402185e-06,0.01382075179373569,0.009151818901069923,0.06584394680714575,0.2893521951254429,0.61871491818529
P10,11,B,alpha,1799551287-α-9,P10-T11-Bα,5,59,B3,6,6,L3,L,False,59,True,L3,True,0.47380799878768687,False,0.7726559638977051,valid,False,0.008010892465479839,0.43737990872965304,0.47380799878768687,0.07831993543009945,0.0011744526083169102,0.0004257379466339322,0.0006192799627631048,0.00020205853906450933,5.617981073501248e-05,3.5557195675288616e-06
P10,11,B,alpha,1799551287-α-9,P10-T11-Bα,6,57,A3,5,5,L4,L,False,57,True,L4,True,0.3350698109722567,True,0.8643238544464111,valid,False,0.006643362519455117,0.09925332630256715,0.5414977444598755,0.3350698109722567,0.017362954781852274,5.935753172616289e-05,7.842119067515947e-05,2.7718337008917322e-05,6.835257751909291e-06,4.686468309283792e-07
P10,11,B,alpha,1799551287-α-9,P10-T11-Bα,7,62,D4,8,8,R5,R,False,62,True,R5,True,0.539302162844313,False,0.9516158103942871,valid,False,0.0012218262391715483,0.0016327668223107407,0.00018091572078126163,3.11256205452612e-05,1.4305103830004224e-06,0.01249499978568514,0.009427344750094279,0.05944907609133448,0.37625835161538124,0.539302162844313
P10,11,B,alpha,1799551287-α-9,P10-T11-Bα,8,64,E4,9,9,R4,R,False,64,True,R3,True,0.4087495962616325,False,0.6631948947906494,valid,False,0.0001955028284552984,0.00030516664774863213,4.473955516992962e-05,9.785072532618026e-06,9.23908732521802e-07,0.006129435971080555,0.13795290454568554,0.42543098373589583,0.4087495962616325,0.02118096147306666
P10,11,B,alpha,1799551287-α-9,P10-T11-Bα,9,62,D4,8,8,R3,R,False,62,True,R3,True,0.6057377806281069,False,0.5650510787963867,valid,False,0.0016834943430242297,0.0028475164325486063,0.0004174657337922033,8.428487803472955e-05,8.97284205736506e-06,0.007145245619379908,0.22283847623389771,0.6057377806281069,0.1554691294061325,0.0037676338830258064
P10,11,B,alpha,1799551287-α-9,P10-T11-Bα,10,64,E4,9,9,R1,R,False,64,True,R1,True,0.5742943231038997,False,0.9212210178375244,valid,False,0.0003952877534916008,0.0006145543075472085,9.009794009361714e-05,1.747720222968209e-05,1.650201335373497e-06,0.5742943231038997,0.35536378914524286,0.061138514711136537,0.007638047616368439,0.00044625801865489425
P10,11,B,alpha,1799551287-α-9,P10-T11-Bα,11,59,B3,6,6,L1,L,False,59,True,L1,True,0.27508414587879226,True,0.8660180568695068,valid,False,0.27508414587879226,0.6902660036774881,0.030480192178775175,0.0019291452629363716,5.710161013973107e-05,0.0015447787712419413,0.0004757213648424413,0.0001376662551218277,2.3684772115464188e-05,1.5602285467515189e-06
P10,11,B,alpha,1799551287-α-9,P10-T11-Bα,12,64,E4,9,9,R1,R,False,64,True,R1,True,0.7279338143842309,False,0.7564671039581299,valid,False,0.0008631658714359217,0.0010727335708167298,0.00011886226772779789,2.1284208414041387e-05,2.2658849946551548e-06,0.7279338143842309,0.21924945154770165,0.04426570083971887,0.005990711160810518,0.00048201026414884906
P10,11,B,alpha,1799551287-α-9,P10-T11-Bα,13,65,F4,10,10,R2,R,False,65,True,R2,True,0.5551446093653616,False,0.9772021770477295,valid,False,8.044828609464395e-05,0.00011071772188581816,1.6231988859672783e-05,2.683129712129088e-06,2.53341706283859e-07,0.270217890992607,0.5551446093653616,0.1482987228575299,0.024513614013030878,0.00161482830321204
P10,11,B,alpha,1799551287-α-9,P10-T11-Bα,14,64,E4,9,9,R3,R,False,64,True,R3,True,0.4323405788605172,False,0.6341440677642822,valid,False,0.0003946042165027978,0.0006121448476116715,8.284479633335861e-05,1.3694152728847962e-05,1.4006955485116248e-06,0.015017461959038228,0.4323405788605172,0.4323405788605172,0.11549343108599479,0.0037032605252073974
P10,11,B,alpha,1799551287-α-9,P10-T11-Bα,15,62,D4,8,8,R1,R,False,62,True,R1,True,0.7542769489128168,False,0.785876989364624,valid,False,0.0058151596132612095,0.010867314416603971,0.0013044214469710058,0.0001990418065448533,1.879357179936029e-05,0.7542769489128168,0.20971712666979142,0.016212128043722844,0.0014707310745924228,0.00011833444389602364
P10,11,B,alpha,1799551287-α-9,P10-T11-Bα,16,57,A3,5,5,L2,L,False,57,True,L2,True,0.7664624845698683,False,1.0269229412078857,valid,False,0.10372941743950102,0.7664624845698683,0.11695459157920018,0.011962607621418165,0.0005722300136329931,0.00025063103103127116,4.987605522035283e-05,1.5022379145383654e-05,2.914041741931332e-06,2.2526924050094296e-07
P10,11,B,alpha,1799551287-α-9,P10-T11-Bα,17,59,B3,6,6,L1,L,False,59,True,L1,True,0.6416653085922635,False,0.6348471641540527,valid,False,0.6416653085922635,0.35215338783329847,0.0034009909382070355,0.00029643326598860796,1.6640211082418173e-05,0.00175973510101768,0.0005189575669392153,0.0001563070153901308,3.0320441455740647e-05,1.919034357178785e-06
P10,11,B,alpha,1799551287-α-9,P10-T11-Bα,18,64,E4,9,9,R2,R,False,64,True,R2,True,0.5609561509751573,False,0.7557539939880371,valid,False,0.0010158458478146213,0.001050895586569583,0.0001540686094631591,2.0850918899567706e-05,7.845837310185367e-07,0.08224007718280187,0.5609561509751573,0.3078592629936837,0.0451343113111925,0.0015677519906867141
P10,11,B,alpha,1799551287-α-9,P10-T11-Bα,19,65,F4,10,10,R1,R,False,65,True,R1,True,0.7306922311521413,False,0.7995240688323975,valid,False,0.0001541452091892357,0.00017101437643030247,2.3144279071727686e-05,3.825723599246716e-06,1.68933121299131e-07,0.7306922311521413,0.22906191694447464,0.03495258213143193,0.0045448391964223985,0.00039613205411796325
P10,11,B,alpha,1799551287-α-9,P10-T11-Bα,20,60,C4,7,7,L2,L,False,60,True,L2,True,0.8928255098017579,False,0.9488260746002197,valid,False,0.020163553389501824,0.8928255098017579,0.06631334533401338,0.00795969883248424,0.00024521771362925096,0.009260914117611136,0.0023974152169085653,0.0006937741276202644,0.00012930144263786174,1.1270023835578568e-05
P10,11,B,alpha,1799551287-α-9,P10-T11-Bα,21,59,B3,6,6,L3,L,False,59,True,L3,True,0.7075838702178328,False,0.7847552299499512,valid,False,0.014039238608580229,0.16764626045033246,0.7075838702178328,0.1079702975884043,0.0014945963448929134,0.0009551404750267566,0.00023736794456470406,6.092304107584556e-05,1.1354469397717632e-05,9.508598922527527e-07
P10,11,B,alpha,1799551287-α-9,P10-T11-Bα,22,57,A3,5,6,L2,L,False,59,False,L2,True,0.7717142947862092,False,0.7342419624328613,valid,False,0.03546741533381555,0.7717142947862092,0.16878308960068952,0.021946647558855514,0.0005318543512620199,0.0011260132648192214,0.0003291026394207675,8.446773913120016e-05,1.574258838894141e-05,1.3721374081956342e-06
P10,11,B,alpha,1799551287-α-9,P10-T11-Bα,23,59,B3,6,6,L1,L,False,59,True,L1,True,0.4965921375351752,False,0.9977619647979736,valid,False,0.4965921375351752,0.4965921375351752,0.005195376213735313,0.0003858791815637594,1.0973950405344725e-05,0.0008749510986530313,0.0002586625507500141,7.485285995891276e-05,1.395062512846372e-05,1.0784494545776646e-06
P10,11,B,alpha,1799551287-α-9,P10-T11-Bα,24,60,C4,7,7,L2,L,False,60,True,L2,True,0.8965604047367836,False,0.7196381092071533,valid,False,0.019951536363822037,0.8965604047367836,0.0639796887160042,0.004752000413976872,7.12589872587321e-05,0.010348246996095954,0.0031853611362583556,0.0009594123370910918,0.0001788094919249295,1.3280820783951559e-05
P10,11,B,alpha,1799551287-α-9,P10-T11-Bα,25,59,B3,6,6,L3,L,False,59,True,L3,True,0.6396206141474695,False,0.8596689701080322,valid,False,0.007852839688897866,0.19265002680094578,0.6396206141474695,0.15772850152323173,0.0005173038860560577,0.0011146637614939858,0.00037563971873408455,0.0001177578608137643,2.1086446522218537e-05,1.5661658350303676e-06
P10,11,B,alpha,1799551287-α-9,P10-T11-Bα,26,60,C4,7,7,L4,L,False,60,True,L4,True,0.5673297901733251,False,0.7725958824157715,valid,False,0.0050476581119245495,0.014710628546108415,0.3958125636787744,0.5673297901733251,0.005264261001563811,0.006596239832358178,0.0038226380571901434,0.0011513564570609764,0.00025181534327842285,1.3048798416166119e-05
P10,11,B,alpha,1799551287-α-9,P10-T11-Bα,27,64,E4,9,9,R2,R,False,64,True,R2,True,0.6416889483315952,False,0.6861457824707031,valid,False,0.001231334532562871,0.014059782579780345,0.0020220334876813054,0.00042490217293772925,5.881777199787865e-06,0.13484199453535192,0.6416889483315952,0.1784134629247659,0.02615665580255578,0.001155003855569392
P10,11,B,alpha,1799551287-α-9,P10-T11-Bα,28,59,B3,6,6,L4,L,False,59,True,L3,True,0.4728438931063757,False,0.872955322265625,valid,False,0.009013877176377437,0.03914135019479966,0.4728438931063757,0.4728438931063757,0.00475294914635837,0.0007459108825793014,0.00048615163299455666,0.00014068461011392224,2.956291124775098e-05,1.727232777499283e-06
P10,11,B,alpha,1799551287-α-9,P10-T11-Bα,29,57,A3,5,6,L4,L,False,59,False,L4,True,0.47805089027796904,True,0.5389358997344971,valid,False,0.005639058911031423,0.029287348873787967,0.47805089027796904,0.47805089027796904,0.007461206958712759,0.0007510464601231418,0.0005541705386212845,0.0001669129586449983,3.650584814202455e-05,1.9688949983262353e-06
P10,12,C,alpha,1799551287-α-8,P10-T12-Cα,0,59,B3,6,6,L2,L,False,59,True,L2,True,0.832862948097626,False,0.7744812965393066,valid,False,0.015012170082796285,0.832862948097626,0.11731575971267785,0.01652491266228055,0.00046994909461980434,0.010389060418371152,0.005391745109612562,0.001759217487024164,0.0002579135314992014,1.6323803492464355e-05
P10,12,C,alpha,1799551287-α-8,P10-T12-Cα,1,64,E4,9,9,R4,R,False,64,True,R4,True,0.427042105130349,False,0.5169041156768799,valid,False,2.9131126390442128e-05,4.1366593942758376e-05,8.711446880320593e-06,2.1482163522256407e-06,1.0695339439722127e-07,0.007722228822565752,0.1192551264212351,0.427042105130349,0.427042105130349,0.018856970158541007
P10,12,C,alpha,1799551287-α-8,P10-T12-Cα,2,65,F4,10,10,R5,R,False,65,True,R5,True,0.4500199645604797,False,0.5638971328735352,valid,False,3.2759960673448698e-06,2.75046912151381e-06,6.5510957088218e-07,1.6154803122863417e-07,7.424627428384594e-09,0.013662292223635101,0.02246539156716227,0.09842471561519132,0.41542078548611333,0.4500199645604797
P10,12,C,alpha,1799551287-α-8,P10-T12-Cα,3,64,E4,9,9,R3,R,False,64,True,R2,True,0.4376667852531099,False,0.33887791633605957,valid,False,1.8265383631059522e-05,1.5619342260256283e-05,3.0319717048657555e-06,8.43001227871344e-07,4.925290814727519e-08,0.022679418894284088,0.4376667852531099,0.4376667852531099,0.09962945527739253,0.002319746370371219
P10,12,C,alpha,1799551287-α-8,P10-T12-Cα,4,60,C4,7,7,L2,L,False,60,True,L2,True,0.47668554187719636,False,0.6127529144287109,valid,False,0.010654232257878106,0.47668554187719636,0.031132715219919956,0.0022216700828309116,3.75628106171065e-05,0.03478788885859874,0.32615858264688513,0.10336425465239396,0.01455972569001699,0.00039782590366273956
P10,12,C,alpha,1799551287-α-8,P10-T12-Cα,5,59,B3,6,6,L1,L,False,59,True,L1,True,0.32415802217240364,True,0.5863857269287109,valid,False,0.32415802217240364,0.6659610062476237,0.006967323301386465,0.00040707050387348833,1.2049056988164453e-05,0.0012996936983996046,0.0009059520671525006,0.00024201177902536953,4.510469750532921e-05,1.7664756415702567e-06
P10,12,C,alpha,1799551287-α-8,P10-T12-Cα,6,60,C4,7,7,L2,L,False,60,True,L2,True,0.7434666066095333,False,0.40346789360046387,valid,False,0.020211955936274815,0.7434666066095333,0.027161203746019963,0.0012483087338603122,2.1105737041715242e-05,0.07139726434205315,0.0976890643872166,0.03187396786517791,0.006697870380767909,0.0002326522620542681
P10,12,C,alpha,1799551287-α-8,P10-T12-Cα,7,65,F4,10,10,R4,R,False,65,True,R4,True,0.3859827104346206,True,0.4210319519042969,valid,False,7.430767022342954e-06,7.873855618164428e-06,1.154362052432077e-06,2.5247270271345113e-07,8.425839665269153e-09,0.01609685684756422,0.19554539986550576,0.3859827104346206,0.3859827104346206,0.016375602534453214
P10,12,C,alpha,1799551287-α-8,P10-T12-Cα,8,60,C4,7,7,L2,L,False,60,True,L2,True,0.8754114211728748,False,0.45899295806884766,valid,False,0.016127889938157395,0.8754114211728748,0.041211933776081844,0.0022227115493221785,3.7580419176036095e-05,0.020386178009354574,0.03241845531669571,0.010162737747344332,0.001971368298021096,4.972377297195083e-05
P10,12,C,alpha,1799551287-α-8,P10-T12-Cα,9,65,F4,10,10,R4,R,False,65,True,R4,True,0.3931476014554207,True,0.3714578151702881,valid,False,1.3609089775248924e-05,1.4613421635998036e-05,2.0584234959001155e-06,3.26913521456866e-07,8.245731525002046e-09,0.011340389936370644,0.19115313533403486,0.3931476014554207,0.3931476014554207,0.01118065572459278
P10,12,C,alpha,1799551287-α-8,P10-T12-Cα,10,64,E4,9,9,R2,R,False,64,True,R2,True,0.6431994754079566,False,0.3149740695953369,valid,False,0.00014023430318732346,0.00020730894763584237,2.8056215145780833e-05,6.136227755271026e-06,1.372721511706394e-07,0.06320951870718426,0.6431994754079566,0.2563272381656414,0.03610585000706488,0.0007760447462774646
P10,12,C,alpha,1799551287-α-8,P10-T12-Cα,11,65,F4,10,10,R3,R,False,65,True,R2,True,0.4200624913630117,False,0.3864750862121582,valid,False,1.5671530291627605e-05,1.6914289008453665e-05,2.382520040732969e-06,5.006534009167119e-07,1.2132818419651512e-08,0.04455992458534435,0.4200624913630117,0.4200624913630117,0.11221352047478553,0.0030660910882866215
P10,12,C,alpha,1799551287-α-8,P10-T12-Cα,12,64,E4,9,9,R2,R,False,64,True,R2,True,0.5793663988889464,False,0.3294999599456787,valid,False,0.0001350924210983085,0.00017941299263070083,2.42809081740042e-05,5.102294648871774e-06,1.188005039205567e-07,0.06167848031331082,0.5793663988889464,0.31796302127214693,0.039723187718831696,0.000924904389708574
P10,12,C,alpha,1799551287-α-8,P10-T12-Cα,13,59,B3,6,6,L2,L,False,59,True,L2,True,0.9061517092261603,False,0.34882688522338867,valid,False,0.03803473666194175,0.9061517092261603,0.04334566687581235,0.005202850984018862,0.00010744316611747483,0.004339051539125938,0.002073435185056818,0.0006245066765142193,0.00011639179236511259,4.207892886927826e-06
P10,12,C,alpha,1799551287-α-8,P10-T12-Cα,14,60,C4,7,7,L3,L,False,60,True,L3,True,0.7381429932105905,False,0.4963250160217285,valid,False,0.001429659223359038,0.07558424172464684,0.7381429932105905,0.10000776356879945,0.00015339297577718073,0.03825898199703935,0.03396218903772123,0.010646676935848318,0.001759883860750135,5.421746546803424e-05
P10,12,C,alpha,1799551287-α-8,P10-T12-Cα,15,65,F4,10,10,R3,R,False,65,True,R2,True,0.41328781680959836,False,0.3830692768096924,valid,False,8.153683424401848e-06,6.269307656853363e-06,8.975374093399415e-07,1.369553282119411e-07,3.742129375740937e-09,0.040308823850368714,0.41328781680959836,0.41328781680959836,0.12956001929695082,0.003540062007535753
P10,12,C,alpha,1799551287-α-8,P10-T12-Cα,16,60,C4,7,7,L3,L,False,60,True,L3,True,0.7599975651894656,False,0.440676212310791,valid,False,0.001573933067499466,0.10285448574405236,0.7599975651894656,0.09122374541443355,0.00012916239757661117,0.02549332001952817,0.013374036189362561,0.004541762849721018,0.0007813869709968425,3.0602157363835615e-05
P10,12,C,alpha,1799551287-α-8,P10-T12-Cα,17,59,B3,6,6,L1,L,False,59,True,L1,True,0.3602840067466424,True,0.6016499996185303,valid,False,0.3602840067466424,0.6307393029078417,0.004249887993233152,0.00020329292251902844,9.343191600986287e-06,0.002703118650179837,0.0013322811561775002,0.00040127537288035955,7.478728673040952e-05,2.703772194506123e-06
P10,12,C,alpha,1799551287-α-8,P10-T12-Cα,18,60,C4,7,7,L2,L,False,60,True,L2,True,0.8349023332316134,False,0.4017181396484375,valid,False,0.02963600115573111,0.8349023332316134,0.027933098592381925,0.0013907070893452024,2.085445499305893e-05,0.058276313858810457,0.03550992785140954,0.01027601270035226,0.0019933413781960743,6.140968716667695e-05
P10,12,C,alpha,1799551287-α-8,P10-T12-Cα,19,59,B3,6,6,L1,L,False,59,True,L1,True,0.3469975364347822,True,0.458590030670166,valid,False,0.3469975364347822,0.6418919667036216,0.005722581491971804,0.00023326503405857787,7.479569915081028e-06,0.003015750176373475,0.0015287035348820737,0.0004987850754008374,0.00010070296995113075,3.2290090430640283e-06
P10,12,C,alpha,1799551287-α-8,P10-T12-Cα,20,60,C4,7,7,L3,L,False,60,True,L3,True,0.7179911109265525,False,0.44574713706970215,valid,False,0.0028777289715161045,0.17705442809154906,0.7179911109265525,0.06779288094664618,9.222326841310695e-05,0.018669080030924774,0.010766690860319247,0.00396084421695992,0.0007683247287135202,2.6687958405510147e-05
P10,12,C,alpha,1799551287-α-8,P10-T12-Cα,21,59,B3,6,6,L4,L,False,59,True,L4,True,0.6004362844795239,False,0.501478910446167,valid,False,0.0006173349903944625,0.00639668052141193,0.3854204024029751,0.6004362844795239,0.004210816331120633,0.001615758603420862,0.0008848444003697086,0.0003526273419443379,6.314361977024153e-05,2.1073090688644526e-06
P10,12,C,alpha,1799551287-α-8,P10-T12-Cα,22,57,A3,5,5,L5,L,False,57,True,L5,True,0.710486920100187,False,0.6366877555847168,valid,False,0.00031584524505272457,0.001121151153011982,0.017491732177833456,0.27009568172387355,0.710486920100187,0.00026174896981179263,0.00015350080586067083,6.117299395729472e-05,1.1866339954896498e-05,3.804904566471779e-07
P10,12,C,alpha,1799551287-α-8,P10-T12-Cα,23,62,D4,8,8,R4,R,False,62,True,R4,True,0.5555852613556048,False,0.5840022563934326,valid,False,0.0006051407283860961,0.0008859490529867692,7.427521842260217e-05,1.9841532901901316e-05,1.799983254985024e-06,0.01007678293841565,0.055726561855991695,0.2734777531462967,0.5555852613556048,0.10354663418773881
P10,12,C,alpha,1799551287-α-8,P10-T12-Cα,24,64,E4,9,9,R5,R,False,64,True,R5,True,0.5747858881065724,False,0.7702739238739014,valid,False,0.00012747938826406015,0.00010582141211878487,9.22348438318252e-06,2.017285673720131e-06,2.957481243731851e-07,0.01140205413694726,0.012030232919942797,0.059814966355319264,0.34172202116265427,0.5747858881065724
P10,12,C,alpha,1799551287-α-8,P10-T12-Cα,25,65,F4,10,10,R4,R,False,65,True,R4,True,0.3937092130336919,True,0.5047459602355957,valid,False,9.95896330057011e-06,8.700390222454936e-06,6.208708919103532e-07,1.413336146192688e-07,2.0720491886232607e-08,0.013816538819817422,0.1839310014588944,0.3937092130336919,0.3937092130336919,0.01481459137538301
P10,12,C,alpha,1799551287-α-8,P10-T12-Cα,26,64,E4,9,9,R5,R,False,64,True,R5,True,0.22317617729317463,True,0.8640038967132568,valid,False,8.737233200118324e-05,8.110274204661095e-05,6.525494731379089e-06,1.7431900055435183e-06,1.9315095823987593e-07,0.011914471360428593,0.05162192921181516,0.2725879985015266,0.4405224867233119,0.22317617729317463
P10,12,C,alpha,1799551287-α-8,P10-T12-Cα,27,59,B3,6,6,L2,L,False,59,True,L2,True,0.8920317754342076,False,0.48360395431518555,valid,False,0.03493543887806849,0.8920317754342076,0.06625439184238373,0.00472799751555877,0.00014565736282364487,0.0010922938220409614,0.0005906697328931276,0.0001779063046991366,4.2150942027785017e-05,1.7181652968168633e-06
P10,12,C,alpha,1799551287-α-8,P10-T12-Cα,28,60,C4,7,7,L3,L,False,60,True,L3,True,0.7971556458768986,False,0.5125229358673096,valid,False,0.0011599256583927206,0.06706696068499583,0.7971556458768986,0.11686856758706929,0.000507149193919305,0.00983898050230874,0.0051605850219104766,0.001752511583151088,0.0004681577109637162,2.151618039041051e-05
P10,12,C,alpha,1799551287-α-8,P10-T12-Cα,29,57,A3,5,5,L3,L,False,57,True,L3,True,0.6620652442085833,False,0.4529449939727783,valid,False,0.006143312595154354,0.1915912329199274,0.6620652442085833,0.13912378929656652,0.0008653373113778094,0.00012199214242743036,6.427169847840108e-05,1.9358263571460705e-05,5.171275584696676e-06,2.9028832849689384e-07
P10,13,C,alpha,1799551287-α-6,P10-T13-Cα,0,64,E4,9,9,R3,R,False,64,True,R3,True,0.4913443256043598,False,0.635394811630249,valid,False,3.750832425249257e-05,0.00010083575585463143,1.9008769686794912e-05,3.5427399861453784e-06,3.087882337008392e-07,0.008307387308807352,0.24863095820761574,0.4913443256043598,0.239162958941053,0.012393165560150453
P10,13,C,alpha,1799551287-α-6,P10-T13-Cα,1,65,F4,10,10,R4,R,False,65,True,R3,True,0.41839789161959157,False,0.44564390182495117,valid,False,1.695218887413624e-06,4.639368083208932e-06,1.1429698506037405e-06,2.148531169881458e-07,2.3849221758536988e-08,0.009463062447854045,0.13525817188711203,0.41839789161959157,0.41839789161959157,0.018475266166690704
P10,13,C,alpha,1799551287-α-6,P10-T13-Cα,2,67,G4,11,11,R5,R,False,67,True,R5,True,0.3198133198017017,True,0.6383249759674072,valid,False,3.825757431259547e-07,7.88903509988384e-07,1.7636764211163024e-07,3.7368735071769e-08,3.987833128857636e-09,0.007913671338708655,0.04314565594408182,0.2059714258998061,0.4231545378122383,0.3198133198017017
P10,13,C,alpha,1799551287-α-6,P10-T13-Cα,3,65,F4,10,10,R3,R,False,65,True,R3,True,0.4521348049784767,False,0.4329841136932373,valid,False,2.1034101217569898e-06,4.50133872354923e-06,9.2688270023006e-07,1.9736708566926645e-07,2.1965893049303103e-08,0.017357795723900064,0.3701766693727947,0.4521348049784767,0.15354295675903784,0.006780022201266452
P10,13,C,alpha,1799551287-α-6,P10-T13-Cα,4,60,C4,7,7,L3,L,False,60,True,L3,True,0.835321823049248,False,0.5345261096954346,valid,False,0.0005758109814735629,0.06028127127250542,0.835321823049248,0.0766325148854666,0.000496099614366077,0.010188680238774332,0.0121705787702101,0.003665707881208805,0.000630666213237652,3.6847093509719704e-05
P10,13,C,alpha,1799551287-α-6,P10-T13-Cα,5,59,B3,6,6,L4,L,False,59,True,L4,True,0.6806512398984412,False,0.4547901153564453,valid,False,0.00045070153007552944,0.010158297277110926,0.29356474286812123,0.6806512398984412,0.012975332378911155,0.0011029342965623154,0.0007890307745446059,0.0002574447990696717,4.798101081328168e-05,2.2951663500732685e-06
P10,13,C,alpha,1799551287-α-6,P10-T13-Cα,6,60,C4,7,7,L5,L,False,60,True,L5,True,0.6683721548366052,False,0.7456848621368408,valid,False,0.010824354290659083,0.006797014960861029,0.034634321332034326,0.27722934847001984,0.6683721548366052,0.0010246564131162596,0.0008064165459558443,0.0002528004431922396,5.529046195293087e-05,3.642245603271702e-06
P10,13,C,alpha,1799551287-α-6,P10-T13-Cα,7,59,B3,6,6,L4,L,False,59,True,L4,True,0.8068649733143703,False,0.7857351303100586,valid,False,0.003105442865351009,0.018750903327094965,0.14448220265611408,0.8068649733143703,0.02587187147139806,0.0003678185826301096,0.00040379673248819683,0.00012162123861450463,2.999142819315456e-05,1.3783837456005703e-06
P10,13,C,alpha,1799551287-α-6,P10-T13-Cα,8,60,C4,7,7,L5,L,False,60,True,L5,True,0.768713810873962,False,1.0440678596496582,valid,False,0.008712151216333458,0.0028551306996858427,0.021841896071088156,0.19729868395383987,0.768713810873962,0.00024722431871199114,0.000228714390412273,8.413932213273408e-05,1.698743616502963e-05,1.2617176686643327e-06
P10,13,C,alpha,1799551287-α-6,P10-T13-Cα,9,59,B3,6,6,L3,L,False,59,True,L3,True,0.7225519056245174,False,0.5905499458312988,valid,False,0.0021576345752950935,0.17868943935823872,0.7225519056245174,0.09395249283110606,0.002187565450653846,0.00017364237605663432,0.0002065504181072558,6.475070173214893e-05,1.5341238634492633e-05,6.774256581499895e-07
P10,13,C,alpha,1799551287-α-6,P10-T13-Cα,10,57,A3,5,5,L4,L,False,57,True,L4,True,0.690133020803263,False,0.5540890693664551,valid,False,0.0012422004492301346,0.017267906374806453,0.2642470240420834,0.690133020803263,0.02702829723108605,3.117950013483807e-05,3.67684316625137e-05,1.0640203841501954e-05,2.8423740661778247e-06,1.205898261856207e-07
P10,13,C,alpha,1799551287-α-6,P10-T13-Cα,11,62,D4,8,8,R2,R,False,62,True,R2,True,0.7536759998343107,False,0.4395308494567871,valid,False,0.0003750351951785451,0.00143033580459723,0.00021544762621396744,5.312873051279041e-05,1.4516746865084894e-06,0.03648289605193671,0.7536759998343107,0.1785667654132504,0.028359514071170745,0.0008394255981425393
P10,13,C,alpha,1799551287-α-6,P10-T13-Cα,12,64,E4,9,9,R1,R,False,64,True,R1,True,0.5514812917615564,False,0.5291261672973633,valid,False,6.690974602206386e-05,7.579337329214779e-05,1.0808827859431713e-05,2.560911358716033e-06,1.1308259417472825e-07,0.5514812917615564,0.38475544153310903,0.05640782644629067,0.0067707232691398824,0.0004285310487776309
P10,13,C,alpha,1799551287-α-6,P10-T13-Cα,13,65,F4,10,10,R2,R,False,65,True,R2,True,0.6181355588236761,False,0.5494217872619629,valid,False,5.592167776804936e-06,5.230270843381212e-06,7.667941194670639e-07,1.6113110368465855e-07,5.825345681855268e-09,0.10217712064378277,0.6181355588236761,0.2463387901626517,0.03203111532420067,0.0013056588564996396
P10,13,C,alpha,1799551287-α-6,P10-T13-Cα,14,64,E4,9,9,R1,R,False,64,True,R1,True,0.5052110236832017,False,0.5238409042358398,valid,False,7.387414167469771e-05,8.917610149949208e-05,1.2094266407187041e-05,2.753110847630062e-06,9.563001819599875e-08,0.5052110236832017,0.41363180188344584,0.07116322702792047,0.009253262672389254,0.0005626914825955823
P10,13,C,alpha,1799551287-α-6,P10-T13-Cα,15,62,D4,8,8,R2,R,False,62,True,R2,True,0.828563191782154,False,0.3917250633239746,valid,False,0.0004131199275691847,0.0006627962686226067,9.069011680878384e-05,2.2363907464555742e-05,8.085185839291462e-07,0.048409356273544764,0.828563191782154,0.11213383423926966,0.009390448977217062,0.0003133899887653331
P10,13,C,alpha,1799551287-α-6,P10-T13-Cα,16,59,B3,6,6,L5,L,False,59,True,L5,True,0.49549551415441523,False,0.6318461894989014,valid,False,0.007138897128029913,0.005003495620991149,0.06979471569725224,0.4222334248473044,0.49549551415441523,0.00019824645198132472,0.00010285431603062195,2.7476018771331195e-05,5.1208148641464595e-06,2.5495035974043366e-07
P10,13,C,alpha,1799551287-α-6,P10-T13-Cα,17,64,E4,9,9,R3,R,False,64,True,R3,True,0.48577886698176953,False,0.39438581466674805,valid,False,3.636526485671863e-05,7.0351829796704e-05,9.521084811750903e-06,2.647216718445131e-06,2.0464240131656444e-07,0.014378780079158918,0.41395344430955827,0.48577886698176953,0.08357575901799431,0.0021940595729338336
P10,13,C,alpha,1799551287-α-6,P10-T13-Cα,18,60,C4,7,7,L4,L,False,60,True,L4,True,0.7067734431540694,False,0.5823240280151367,valid,False,0.005124577129596125,0.009718064525310089,0.23310201642533612,0.7067734431540694,0.04129370910229977,0.001697786905045124,0.0016172224915305556,0.0005492015220961372,0.00011540705015076219,8.571694565858192e-06
P10,13,C,alpha,1799551287-α-6,P10-T13-Cα,19,59,B3,6,6,L3,L,False,59,True,L3,True,0.7371053595102753,False,0.7287847995758057,valid,False,0.0059226888363331995,0.11128811527131484,0.7371053595102753,0.1429837288106463,0.0018271015143185338,0.0003491223502769767,0.00036888543376367407,0.00012527184278173629,2.8516592710414853e-05,1.2098375788304588e-06
P10,13,C,alpha,1799551287-α-6,P10-T13-Cα,20,62,D4,8,8,R4,R,False,62,True,R4,True,0.5087326662014401,False,0.48709607124328613,valid,False,0.000565566837238025,0.002199712577808495,0.00026498625157994783,4.9386541302734235e-05,1.2965124695550336e-06,0.005963223813366859,0.07435030823061879,0.3844918778624711,0.5087326662014401,0.02338097517170452
P10,13,C,alpha,1799551287-α-6,P10-T13-Cα,21,57,A3,5,5,L1,L,False,57,True,L1,True,0.3701839518711071,True,0.6001231670379639,valid,False,0.3701839518711071,0.6226596425220039,0.006514301881758267,0.0003513403206708709,2.9422371733575197e-05,7.730833711911138e-05,0.00011931360087848587,5.361105668782573e-05,1.0823885671286083e-05,2.8415236968788396e-07
P10,13,C,alpha,1799551287-α-6,P10-T13-Cα,22,55,G3,4,4,L2,L,False,55,True,L2,True,0.8022546576271743,False,0.44606900215148926,valid,False,0.0432685518397182,0.8022546576271743,0.13802379332287523,0.015917610671093114,0.0005103931773399992,9.42953364836182e-06,1.0540040279187142e-05,4.035706440791894e-06,9.561708817158252e-07,3.191054896370529e-08
P10,13,C,alpha,1799551287-α-6,P10-T13-Cα,23,53,F3,3,3,L3,L,False,53,True,L3,True,0.4181697301839224,False,0.4008450508117676,valid,False,0.016888800903133955,0.40177306053388906,0.4181697301839224,0.16011421481755597,0.0030522755767787265,7.553016926659863e-07,8.054474497072206e-07,2.846891721707764e-07,7.020348552436273e-08,2.3429198745604006e-09
P10,13,C,alpha,1799551287-α-6,P10-T13-Cα,24,55,G3,4,4,L2,L,False,55,True,L2,True,0.7549845954987685,False,0.41910600662231445,valid,False,0.027294831057963775,0.7549845954987685,0.19377493286868003,0.02325912075692587,0.0006614620582122652,9.153807772557446e-06,1.074512995743103e-05,4.1142338195784035e-06,1.014557568853913e-06,3.0030330983385536e-08
P10,13,C,alpha,1799551287-α-6,P10-T13-Cα,25,53,F3,3,3,L3,L,False,53,True,L2,True,0.4309700565275637,False,0.3642301559448242,valid,False,0.015854186229572662,0.4309700565275637,0.4309700565275637,0.11982575109308428,0.0023774740802532165,9.589173225916533e-07,1.0138894669335553e-06,4.0405425812804974e-07,9.573166976424636e-08,2.9492448992787245e-09
P10,13,C,alpha,1799551287-α-6,P10-T13-Cα,26,55,G3,4,4,L4,L,False,55,True,L3,True,0.4762070550328698,False,0.5004627704620361,valid,False,0.002525947307373438,0.014902369120200836,0.4762070550328698,0.4762070550328698,0.030139986618367084,6.274705530899998e-06,7.641607816305032e-06,2.9259172702750053e-06,7.215223155941289e-07,2.3135386006555204e-08
P10,13,C,alpha,1799551287-α-6,P10-T13-Cα,27,62,D4,8,8,R4,R,False,62,True,R3,True,0.4440513222370966,False,0.5084359645843506,valid,False,0.0003126378253703752,0.0005266701116829335,9.217559741006366e-05,2.562825427155455e-05,1.087297680070483e-06,0.004835285357892644,0.08399585754244039,0.4440513222370966,0.4440513222370966,0.02210801353905871
P10,13,C,alpha,1799551287-α-6,P10-T13-Cα,28,57,A3,5,5,L4,L,False,57,True,L3,True,0.4707110113076506,False,0.453341007232666,valid,False,0.002812979780505921,0.022448141478766084,0.48992109209999785,0.4707110113076506,0.013932780062013681,5.5115546283773226e-05,7.686107877238976e-05,3.318173654815212e-05,8.516450283116912e-06,3.2045917833867197e-07
P10,13,C,alpha,1799551287-α-6,P10-T13-Cα,29,62,D4,8,8,R4,R,False,62,True,R3,True,0.433814786475561,False,0.7147021293640137,valid,False,0.0004427189404277544,0.0009045156536397544,0.0001290723322998243,3.887583940671541e-05,1.4628300687904291e-06,0.007634043738493237,0.10481482390663244,0.433814786475561,0.433814786475561,0.018404913807909484
P10,14,B,alpha,1799551287-α-5,P10-T14-Bα,0,60,C4,7,7,R5,R,False,60,True,R5,True,0.6533788797813624,False,1.330223798751831,valid,False,0.0013635492875132308,0.0035955473005255373,0.0003269843969664034,4.9894583713954356e-05,2.3867018983160384e-06,0.012712859679653554,0.009822091623090046,0.036677268457358754,0.2820705381879178,0.6533788797813624
P10,14,B,alpha,1799551287-α-5,P10-T14-Bα,1,62,D4,8,8,R4,R,False,62,True,R4,True,0.4932205670888972,False,0.8589560985565186,valid,False,0.00012953561228280623,0.00024839747045762915,4.754617875305968e-05,7.297710954845302e-06,5.162777799513349e-07,0.01459905019901874,0.07929467103574045,0.3727680855573614,0.4932205670888972,0.03968433286875405
P10,14,B,alpha,1799551287-α-5,P10-T14-Bα,2,59,B3,6,6,L1,L,False,59,True,L2,True,0.4840715471587299,False,0.8190901279449463,valid,False,0.4840715471587299,0.5038268817627849,0.00960450943023027,0.0005840508199367994,1.2553355488994463e-05,0.000615099514543712,0.0009438695796796318,0.00027314096015205086,6.471467549310807e-05,3.6327429606935505e-06
P10,14,B,alpha,1799551287-α-5,P10-T14-Bα,3,57,A3,5,5,L2,L,False,57,True,L2,True,0.9182372487077514,False,0.6319131851196289,valid,False,0.025089659724456148,0.9182372487077514,0.049523920639343105,0.006439531558379254,0.00021490822511583026,0.00020161471535588978,0.00022367879616311915,5.515851203193862e-05,1.3601921602612654e-05,6.771998007636016e-07
P10,14,B,alpha,1799551287-α-5,P10-T14-Bα,4,59,B3,6,6,L3,L,False,59,True,L3,True,0.7902949166220263,False,0.6796963214874268,valid,False,0.0020388913168253877,0.09745299075827253,0.7902949166220263,0.10695478638149715,0.0005668878376475888,0.0009066489004194651,0.0013131202666657154,0.00037999628142897595,8.650147509893687e-05,5.2601601179400805e-06
P10,14,B,alpha,1799551287-α-5,P10-T14-Bα,5,57,A3,5,5,L4,L,False,57,True,L4,True,0.6911335801617192,False,0.8319640159606934,valid,False,0.0006941166185756285,0.005267800484360078,0.27542989162735554,0.6911335801617192,0.027067483032840938,0.00014365423349966918,0.00019756910034993589,5.27776812811015e-05,1.2504497734370756e-05,6.225622836069166e-07
P10,14,B,alpha,1799551287-α-5,P10-T14-Bα,6,59,B3,6,6,L3,L,False,59,True,L3,True,0.7835617784280277,False,0.6247663497924805,valid,False,0.0032669273929425368,0.1355462529195124,0.7835617784280277,0.07398407800726597,0.0007436757998471954,0.0010195828489894894,0.0014103669348120218,0.00037675879701366046,8.576450163045583e-05,4.814369958613309e-06
P10,14,B,alpha,1799551287-α-5,P10-T14-Bα,7,57,A3,5,5,L2,L,False,57,True,L2,True,0.7776913385408684,False,0.7363631725311279,valid,False,0.02301922435577158,0.7776913385408684,0.17009034011866697,0.027013310023297404,0.0017794951640290057,0.0001411164706349449,0.00019717368446491338,5.482163894903435e-05,1.247947116377019e-05,7.005321540736499e-07
P10,14,B,alpha,1799551287-α-5,P10-T14-Bα,8,60,C4,7,7,R3,R,False,60,True,R3,True,0.5797782623786216,False,0.868973970413208,valid,False,0.012355651088931994,0.017861467236952394,0.0019015050880649778,0.0003271441839349766,1.6287549851719737e-05,0.00683902873810661,0.2404821157990925,0.5797782623786216,0.13736556423798194,0.0030729736984613527
P10,14,B,alpha,1799551287-α-5,P10-T14-Bα,9,62,D4,8,8,R2,R,False,62,True,R2,True,0.6118870003507194,False,0.5805258750915527,valid,False,0.003517632171448857,0.0028764233370995066,0.00030621972642919305,5.0617780330263954e-05,2.520110889932371e-06,0.028121871689332514,0.6118870003507194,0.3099923517852839,0.04195290273004507,0.0012924603184215234
P10,14,B,alpha,1799551287-α-5,P10-T14-Bα,10,64,E4,9,9,R1,R,False,64,True,R1,True,0.7721786055030011,False,0.8020999431610107,valid,False,0.0007864734698542043,0.0005538927946321129,5.8966598502979365e-05,1.0144900409553581e-05,5.05084850275615e-07,0.7721786055030011,0.19041689973770354,0.0314757018252437,0.004259773021590523,0.00025903706421213376
P10,14,B,alpha,1799551287-α-5,P10-T14-Bα,11,59,B3,6,6,L1,L,False,59,True,L1,True,0.49500513992588274,False,0.8015999794006348,valid,False,0.49500513992588274,0.49500513992588274,0.0074228876022898885,0.0007902295123150795,2.533846064917189e-05,0.0013313453735134982,0.0003149215074844888,8.755992579563761e-05,1.6318891512248683e-05,1.1188746743812443e-06
P10,14,B,alpha,1799551287-α-5,P10-T14-Bα,12,62,D4,8,8,R2,R,False,62,True,R2,True,0.7090346088983888,False,0.6780691146850586,valid,False,0.004169016033809893,0.006847641860200144,0.0006729423185363882,9.865802900957419e-05,6.244241118892685e-06,0.04311643897055795,0.7090346088983888,0.20518342578778084,0.030081318734244696,0.0007897051263528852
P10,14,B,alpha,1799551287-α-5,P10-T14-Bα,13,60,C4,7,7,R3,R,False,60,True,R3,True,0.6051881210472994,False,0.6317870616912842,valid,False,0.019038220331322707,0.09234571939341725,0.009075144960005336,0.0012281873135756404,7.77341469530788e-05,0.004952404529566328,0.14338586510078122,0.6051881210472994,0.12218537437117774,0.0025232288059012934
P10,14,B,alpha,1799551287-α-5,P10-T14-Bα,14,57,A3,5,5,L3,L,False,57,True,L3,True,0.6576930417058278,False,0.6279129981994629,valid,False,0.007565393394488583,0.194841384443385,0.6576930417058278,0.13278593502972028,0.004996503263679331,0.0004134990819054331,0.0013347424081163347,0.00030383767637144615,6.38472555954651e-05,1.8157409103611666e-06
P10,14,B,alpha,1799551287-α-5,P10-T14-Bα,15,55,G3,4,4,L4,L,False,55,True,L4,True,0.6547262606492172,False,0.7935621738433838,valid,False,0.001988794180559559,0.013757383233589248,0.25069002746367225,0.6547262606492172,0.07858785929494204,6.137853038954414e-05,0.0001472265423018126,3.3514309758326226e-05,7.3299779271445565e-06,2.2581764286253496e-07
P10,14,B,alpha,1799551287-α-5,P10-T14-Bα,16,60,C4,7,7,R3,R,False,60,True,R3,True,0.49196562655980736,False,1.0498991012573242,valid,False,0.004986649611840813,0.07923157516165935,0.015774723007764085,0.003059981436173183,0.00014637387385364273,0.006412637178904,0.30442015905471087,0.49196562655980736,0.09168958989667085,0.0023126842186160317
P10,14,B,alpha,1799551287-α-5,P10-T14-Bα,17,55,G3,4,4,L4,L,False,55,True,L4,True,0.6563115351585184,False,0.8907830715179443,valid,False,0.002020229232381938,0.014522569154298334,0.2414435207884872,0.6563115351585184,0.08533934285130285,8.151549570532368e-05,0.0002032406726497265,6.631332493120121e-05,1.1408866957442195e-05,3.244547675901505e-07
P10,14,B,alpha,1799551287-α-5,P10-T14-Bα,18,57,A3,5,5,L3,L,False,57,True,L3,True,0.6886180089251335,False,1.1502439975738525,valid,False,0.006989689716924765,0.18991703681686176,0.6886180089251335,0.10936453974836223,0.0031101989758511362,0.0004455983929966903,0.0011441782611681084,0.00034461986965960236,6.422817533064334e-05,1.9011177116513752e-06
P10,14,B,alpha,1799551287-α-5,P10-T14-Bα,19,62,D4,8,8,R1,R,False,62,True,R1,True,0.6663453890871389,False,0.8851318359375,valid,False,0.004634345816259103,0.0177309406455928,0.0022746089291360164,0.00033347350513520025,2.110612784109456e-05,0.6663453890871389,0.25513890908378356,0.04755125292830227,0.0057076543267442995,0.00026231955006686885
P10,14,B,alpha,1799551287-α-5,P10-T14-Bα,20,64,E4,9,9,R2,R,False,64,True,R2,True,0.6649999222204496,False,0.7597129344940186,valid,False,0.0008917035086548804,0.0018575208664915015,0.00019009847030602823,3.404020080156783e-05,2.3339035350004705e-06,0.07982102362411261,0.6649999222204496,0.2258309981402972,0.02502278785006329,0.0013495712152884606
P10,14,B,alpha,1799551287-α-5,P10-T14-Bα,21,62,D4,8,8,R3,R,False,62,True,R3,True,0.5364585361535653,False,0.6912448406219482,valid,False,0.0041606530743829515,0.012480464959588097,0.0012776076085623817,0.00021980582703440827,1.3911899488761013e-05,0.010643924642249081,0.318935622877306,0.5364585361535653,0.11272928914942361,0.003080183808399439
P10,14,B,alpha,1799551287-α-5,P10-T14-Bα,22,59,B3,6,6,L3,L,False,59,True,L2,False,0.10894973495198075,False,0.8264141082763672,valid,False,0.02686667386140118,0.8378898338371319,0.10894973495198075,0.01662465157850721,0.0008966287597125781,0.002111593348999119,0.004622273245863077,0.0017004392986298175,0.0003298512870613067,8.319830712914648e-06
P10,14,B,alpha,1799551287-α-5,P10-T14-Bα,23,57,A3,5,5,L4,L,False,57,True,L3,True,0.47784625113202206,False,1.2726428508758545,valid,False,0.0029147931589432506,0.025222206597520638,0.47784625113202206,0.47784625113202206,0.01532198967764622,0.00022218388737229938,0.0004535222401065998,0.000142172954996342,2.9875666193934427e-05,7.535531765952567e-07
P10,14,B,alpha,1799551287-α-5,P10-T14-Bα,24,55,G3,4,4,L5,L,False,55,True,L5,True,0.7007747955232093,False,0.7917811870574951,valid,False,0.0008283022119120853,0.002480950092138841,0.04804733033289039,0.24769213247638516,0.7007747955232093,4.7002312320813575e-05,9.001189719643787e-05,3.3113526439406885e-05,6.171499583198388e-06,1.9012792434804492e-07
P10,14,B,alpha,1799551287-α-5,P10-T14-Bα,25,57,A3,5,5,L4,L,False,57,True,L4,True,0.5590483313324359,False,0.8166751861572266,valid,False,0.0014446208299801052,0.014647335546062037,0.3900347859001544,0.5590483313324359,0.03399576403884903,0.0002277502723829631,0.0004344110513305605,0.0001361818614148148,2.9784591878699167e-05,1.0345755114699733e-06
P10,14,B,alpha,1799551287-α-5,P10-T14-Bα,26,55,G3,4,4,L5,L,False,55,True,L5,True,0.737085952617431,False,0.808208703994751,valid,False,0.0005412727030057005,0.002245159699782744,0.046651473374207574,0.2133010419520554,0.737085952617431,4.527658294949192e-05,9.096363300756075e-05,3.21515219745026e-05,6.4912803348807135e-06,2.1663525100413026e-07
P10,14,B,alpha,1799551287-α-5,P10-T14-Bα,27,53,F3,3,3,L4,L,False,53,True,L4,True,0.6004540028518132,False,1.045362949371338,valid,False,0.0015367008040748666,0.017688532433432404,0.29227234048831535,0.6004540028518132,0.08803073725711294,5.308401495240806e-06,8.894573035737025e-06,2.7883257315546007e-06,6.606317660529181e-07,3.4233222766767785e-08
P10,14,B,alpha,1799551287-α-5,P10-T14-Bα,28,64,E4,9,9,R2,R,False,64,True,R2,True,0.5181516197243634,False,1.0568618774414062,valid,False,0.00042662730870045935,0.0005771043968645272,4.1182902426825134e-05,9.007190299939857e-06,4.857909850917562e-07,0.07596463489070934,0.5181516197243634,0.3473274175870764,0.05516164647754308,0.0023402737310309453
P10,14,B,alpha,1799551287-α-5,P10-T14-Bα,29,65,F4,10,10,R1,R,False,65,True,R1,True,0.4599314030979421,False,0.6434271335601807,valid,False,0.00010082960481149819,0.00014242743381888127,1.2414096403198689e-05,2.5063628378557917e-06,2.1845671902017828e-07,0.4599314030979421,0.4245701964162513,0.09664817806885678,0.01730641694945425,0.0012854095129051636
P10,15,B,gamma,1799551287-γ-8,P10-T15-Bγ,0,71,B4,13,13,R4,R,False,71,True,R5,False,0.16859307171587434,False,1.5596649646759033,valid,False,7.071842902960741e-07,5.042128546965848e-07,6.299141893049734e-08,7.86953133367682e-09,6.859150516500144e-10,0.00016181023766591277,0.0032139089948935913,0.025725634643003176,0.16859307171587434,0.8023042914645527
P10,15,B,gamma,1799551287-γ-8,P10-T15-Bγ,1,65,F4,10,10,R2,R,False,65,True,R2,True,0.7311413365285623,False,1.4207496643066406,valid,False,0.0001345579689514742,0.00013460735604476555,1.6157140155674672e-05,1.9393678449734842e-06,1.6240891894786534e-07,0.026748750717835765,0.7311413365285623,0.2115807638742302,0.02863434260633781,0.0016073820311181038
P10,15,B,gamma,1799551287-γ-8,P10-T15-Bγ,2,57,A3,5,5,R4,R,False,57,True,R4,True,0.5799200421563849,False,2.1224992275238037,valid,False,0.00955337618762917,0.008027637180747784,0.0023230715074491447,0.00043296007346716256,5.40897938517665e-05,0.008355251269029702,0.07253320101398292,0.1969382515481328,0.5799200421563849,0.1218621192693246
P10,15,B,gamma,1799551287-γ-8,P10-T15-Bγ,3,64,E4,9,9,R2,R,False,64,True,R2,True,0.5820638923935613,False,0.9468519687652588,valid,False,3.934041626448211e-05,2.6425659831946225e-05,6.516487484711599e-06,1.2640685178724254e-06,1.8532124532989017e-07,0.047981898446400044,0.5820638923935613,0.3194434370957677,0.04874390784978568,0.0016931322611407802
P10,15,B,gamma,1799551287-γ-8,P10-T15-Bγ,4,53,F3,3,3,L4,L,False,53,True,L4,True,0.5651386497698916,False,1.7933158874511719,valid,False,0.0034043228816170164,0.027786876404695814,0.2642963731030896,0.5651386497698916,0.1393614752393141,9.90609978172713e-06,1.9056561364249233e-06,4.004470935679617e-07,8.414837896613646e-08,6.250001206750747e-09
P10,15,B,gamma,1799551287-γ-8,P10-T15-Bγ,5,72,C5,14,14,R5,R,False,72,True,R5,True,0.8652507785972092,False,1.4508769512176514,valid,False,4.3674662477849115e-08,3.880425634909624e-08,5.921145580125834e-09,1.0187026850092087e-09,6.710678920849879e-11,3.917876965844207e-05,0.0008547206251662813,0.011977374148184457,0.12187785837390762,0.8652507785972092
P10,15,B,gamma,1799551287-γ-8,P10-T15-Bγ,6,57,A3,5,5,L2,L,False,57,True,L2,True,0.8251192033926521,False,1.1458020210266113,valid,False,0.04820813895831411,0.8251192033926521,0.10728918633818027,0.017039392423335593,0.0011224657914623436,0.0011041364676872294,0.00010182779923884431,1.3780894051349926e-05,1.791911888249201e-06,7.602318980995084e-08
P10,15,B,gamma,1799551287-γ-8,P10-T15-Bγ,7,67,G4,11,11,R3,R,False,67,True,R3,True,0.6065620030596037,False,1.0877912044525146,valid,False,9.73056908159292e-06,8.985051329981818e-06,7.229336966346995e-07,1.1950013631163766e-07,7.872042133450805e-09,0.0069113660071612815,0.17552947088694745,0.6065620030596037,0.20598574226527328,0.004991851854727452
P10,15,B,gamma,1799551287-γ-8,P10-T15-Bγ,8,62,D4,8,8,L4,L,False,62,True,L4,True,0.4727595341325166,False,1.3846352100372314,valid,False,0.002646459890814934,0.033240862382048354,0.4727595341325166,0.4727595341325166,0.00604110459215923,0.005025775811994382,0.005576642399253555,0.001613792299433742,0.00031304349849287284,2.3250860769799106e-05
P10,15,B,gamma,1799551287-γ-8,P10-T15-Bγ,9,60,C4,7,7,L1,L,False,60,True,L1,True,0.5337207597478292,False,0.7692711353302002,valid,False,0.5337207597478292,0.4198396196472507,0.03245559282464441,0.001322961494956954,2.7320246554493143e-05,0.00866355530917874,0.0031895274797929933,0.0006439544922184741,0.00012491431963394947,1.1794437940251747e-05
P10,15,B,gamma,1799551287-γ-8,P10-T15-Bγ,10,52,E3,2,2,L5,L,False,52,True,L5,True,0.880090200950424,False,0.9632508754730225,valid,False,0.00019794122845173855,0.0007516402078301082,0.01746195306064925,0.10149650894902042,0.880090200950424,1.200951094861795e-06,4.3508219239018886e-07,9.904110453266384e-08,1.9211997645782766e-08,1.3172351561994286e-09
P10,15,B,gamma,1799551287-γ-8,P10-T15-Bγ,11,59,B3,6,6,R1,R,False,59,True,R1,True,0.8368753934770139,False,1.0951128005981445,valid,False,0.021739719500240482,0.02906908349690405,0.005417720671139602,0.0011849199109649623,0.000148032295915178,0.8368753934770139,0.09651275604651281,0.0080822895021277,0.000932091015097539,3.7994084083808305e-05
P10,15,B,gamma,1799551287-γ-8,P10-T15-Bγ,12,67,G4,11,11,R5,R,False,67,True,R5,True,0.8983522193776493,False,1.0309059619903564,valid,False,5.192109702045768e-06,3.699943306118428e-06,7.177151589947558e-07,1.5081784375239013e-07,1.4240254469085712e-08,0.001229820545499317,0.0006443986116798898,0.011479492905028395,0.08828429373387761,0.8983522193776493
P10,15,B,gamma,1799551287-γ-8,P10-T15-Bγ,13,55,G3,4,4,L2,L,False,55,True,L2,True,0.5554339122843057,False,0.6833229064941406,valid,False,0.06152145808456368,0.5554339122843057,0.31726888506580303,0.05913066358330428,0.006048133017181602,0.0004051753831128268,0.0001587776683172855,2.8431705439945035e-05,4.338396939929788e-06,2.2481103169262868e-07
P10,15,B,gamma,1799551287-γ-8,P10-T15-Bγ,14,59,B3,6,6,R2,R,False,59,True,R2,True,0.7366261444402997,False,0.6340651512145996,valid,False,0.03945586932031273,0.054711859553809805,0.013491778457569074,0.0023211911874632387,0.00020231700030534343,0.02945285791227887,0.7366261444402997,0.11240186128343096,0.011046133936926819,0.0002899869076032619
P10,15,B,gamma,1799551287-γ-8,P10-T15-Bγ,15,59,B3,6,6,L3,L,False,59,True,L3,True,0.6361081418754904,False,0.8440556526184082,valid,False,0.0048325224768844014,0.2579917091859394,0.6361081418754904,0.060061472732868965,0.000680701485159394,0.018991956885118306,0.01809016794606268,0.002760380640049494,0.0004562878508685729,2.665892155850721e-05
P10,15,B,gamma,1799551287-γ-8,P10-T15-Bγ,16,53,F3,3,3,L5,L,False,53,True,L5,True,0.8154870931835442,False,1.6116969585418701,valid,False,0.0006702337017477871,0.0022507913887683828,0.029482167677461053,0.15198557196543794,0.8154870931835442,6.231060336261839e-05,5.0985479374792154e-05,9.129773391064913e-06,1.634833352442847e-06,8.139355988813608e-08
P10,15,B,gamma,1799551287-γ-8,P10-T15-Bγ,17,57,A3,5,5,R5,R,False,57,True,R5,True,0.7059742818115412,False,1.662355899810791,valid,False,0.011845720455700206,0.008667486220624916,0.002828025623963525,0.0005485805301361702,9.067975173151742e-05,0.0116143246499459,0.014503386652752073,0.039629698876488754,0.20429781542711578,0.7059742818115412
P10,15,B,gamma,1799551287-γ-8,P10-T15-Bγ,18,55,G3,4,4,L2,L,False,55,True,L2,True,0.6064276058764261,False,0.7050659656524658,valid,False,0.041578589425115095,0.6064276058764261,0.29518000523675497,0.05078420380424485,0.0049907457999058,0.0002838587828175049,0.0006234949318114155,0.00011164683568180934,1.920826464115139e-05,6.41042601338531e-07
P10,15,B,gamma,1799551287-γ-8,P10-T15-Bγ,19,60,C4,7,7,L1,L,False,60,True,L1,True,0.4863666374876866,False,0.9275410175323486,valid,False,0.4863666374876866,0.4863666374876866,0.006159411042038849,0.0002636751931229007,1.1643149910822959e-05,0.009154594202105092,0.009271662798054614,0.0020278228657471748,0.00036311442921619177,1.4801344431198428e-05
P10,15,B,gamma,1799551287-γ-8,P10-T15-Bγ,20,55,G3,4,4,L3,L,False,55,True,L2,False,0.21438066424646007,False,1.0997910499572754,valid,False,0.04322093708244606,0.7117688712721739,0.21438066424646007,0.029013267916247837,0.0014444855533213843,0.00010641329270171151,4.820720632478558e-05,1.3950404701324526e-05,3.0511193359737366e-06,1.5190628697863605e-07
P10,15,B,gamma,1799551287-γ-8,P10-T15-Bγ,21,50,D3,1,1,L5,L,False,50,True,L5,True,0.7472505991175425,False,1.134685754776001,valid,False,8.536085047650814e-05,0.0005806544804388521,0.02701522518800691,0.2250675553021291,0.7472505991175425,3.378305041196409e-07,2.027373220122412e-07,5.203471858514501e-08,1.1845063054424624e-08,6.137983413229439e-10
P10,15,B,gamma,1799551287-γ-8,P10-T15-Bγ,22,67,G4,11,11,R3,R,False,67,True,R2,True,0.40585418994659195,False,0.9371490478515625,valid,False,1.4296062258525788e-05,1.1401549144261605e-05,9.937687313994644e-07,1.456934147706074e-07,8.859625676282501e-09,0.08679861987180064,0.42241741364753693,0.40585418994659195,0.0819405477637584,0.002962382837137562
P10,15,B,gamma,1799551287-γ-8,P10-T15-Bγ,23,52,E3,2,2,L1,L,False,52,True,L1,True,0.5321392013200822,False,1.1422629356384277,valid,False,0.5321392013200822,0.4534591152703484,0.012390191006841847,0.0018164882637278672,0.0001933806237789345,1.3833240279342318e-06,1.835368876111638e-07,4.902918189388066e-08,7.1880194131981985e-09,4.371039106678646e-10
P10,15,B,gamma,1799551287-γ-8,P10-T15-Bγ,24,50,D3,1,1,L2,L,False,50,True,L2,True,0.9092477452783229,False,1.4305500984191895,valid,False,0.014793254430073222,0.9092477452783229,0.062340893323947266,0.011618720158632759,0.0019989411274901055,3.6703799064338267e-07,5.844745596945302e-08,1.6913771336247226e-08,3.028683879837624e-09,2.536317573966893e-10
P10,15,B,gamma,1799551287-γ-8,P10-T15-Bγ,25,52,E3,2,2,L4,L,False,52,True,L4,True,0.13862238654196707,True,1.1359388828277588,valid,False,0.021734178950655544,0.34784382237979267,0.46024253142811183,0.13862238654196707,0.03155567963066073,1.1213063224797245e-06,2.1003289278030707e-07,5.8396978515011685e-08,1.0456921992353368e-08,8.75696377405646e-10
P10,15,B,gamma,1799551287-γ-8,P10-T15-Bγ,26,65,F4,10,10,R5,R,False,65,True,R5,True,0.4949720819965188,False,0.9720158576965332,valid,False,3.7699100739047236e-06,2.4899350852430156e-06,3.799394579850071e-07,1.144355656221435e-07,9.974301337159468e-09,0.012400132166785822,0.011844313858071066,0.07552784233855381,0.4052488654455864,0.4949720819965188
P10,15,B,gamma,1799551287-γ-8,P10-T15-Bγ,27,57,A3,5,5,R4,R,False,57,True,R4,True,0.5604380256769883,False,1.2013821601867676,valid,False,0.002901151533857312,0.0034858735287853545,0.0007624019771574207,0.00021197618758902697,2.1681816190127577e-05,0.01294962562040763,0.08189092852145202,0.251821037529342,0.5604380256769883,0.08551729760823085
P10,15,B,gamma,1799551287-γ-8,P10-T15-Bγ,28,62,D4,8,8,R2,R,False,62,True,R2,True,0.6266049190991345,False,0.6124608516693115,valid,False,5.093095868332924e-05,5.844414477303963e-05,7.015145874067282e-06,2.1129213329888326e-06,2.1611848239709847e-07,0.08147662986054081,0.6266049190991345,0.25990501281794076,0.031196821946828462,0.0006978969864099195
P10,15,B,gamma,1799551287-γ-8,P10-T15-Bγ,29,53,F3,3,3,L3,L,False,53,True,L3,True,0.5403144036270169,False,0.7872071266174316,valid,False,0.0237611365680277,0.308632484679819,0.5403144036270169,0.1229959218421325,0.004272295194333298,1.7098314280487165e-05,5.365054197327823e-06,1.0831857612930988e-06,2.0187763712146975e-07,9.656794463055393e-09
P10,16,B,gamma,1799551287-γ-9,P10-T16-Bγ,0,62,D4,8,8,R2,R,False,62,True,R2,True,0.5218339081085804,False,0.9829239845275879,valid,False,0.0038381772315389364,0.0028787303710183405,0.000250912590267424,3.1346563145405214e-05,1.9061864679574426e-06,0.04198655103498802,0.5218339081085804,0.37892918988544655,0.04927167407501089,0.0009776039535360239
P10,16,B,gamma,1799551287-γ-9,P10-T16-Bγ,1,60,C4,7,7,L5,L,False,60,True,L5,True,0.7939614201039347,False,1.0727248191833496,valid,False,0.0009550986351689948,0.005432603779915833,0.023500809580173875,0.17364880035819164,0.7939614201039347,0.0014853252222989883,0.0007842988624053602,0.00019340571829201754,3.604579270684136e-05,2.1919469118786465e-06
P10,16,B,gamma,1799551287-γ-9,P10-T16-Bγ,2,72,C5,14,14,R4,R,False,72,True,R4,True,0.5748605129323677,False,1.7069132328033447,valid,False,1.5583613305953309e-09,9.700942794760402e-10,1.9585865715274632e-10,5.232076152112484e-11,1.014918353255946e-11,0.00011383494404124377,0.005778403452071972,0.31549013862826397,0.5748605129323677,0.10375710725647073
P10,16,B,gamma,1799551287-γ-9,P10-T16-Bγ,3,53,F3,3,3,L1,L,False,53,True,L1,True,0.5401464324934936,False,0.7170710563659668,valid,False,0.5401464324934936,0.4422344954477833,0.015361129713674558,0.002078902840634495,0.00017409402956751154,4.701991875152887e-06,2.186234474855025e-07,2.14849100815872e-08,3.149837398705227e-09,2.2477639566778944e-10
P10,16,B,gamma,1799551287-γ-9,P10-T16-Bγ,4,55,G3,4,4,L5,L,False,55,True,L4,False,0.04270654447426816,False,1.1472482681274414,valid,False,0.0065000343154275175,0.03453685993443381,0.3854271403944538,0.5307824161658152,0.04270654447426816,4.318276153851715e-05,3.3943336025973513e-06,3.613556786967557e-07,6.216938853306924e-08,4.0953932024555725e-09
P10,16,B,gamma,1799551287-γ-9,P10-T16-Bγ,5,64,E4,9,9,R1,R,False,64,True,R1,True,0.9094485081313582,False,0.693079948425293,valid,False,0.0003510485228060659,0.0012988803694598218,0.0001742678807304983,5.0430374377091e-05,2.83089710529458e-06,0.9094485081313582,0.08250330727978646,0.005434885106421996,0.000678981349620215,5.6860088334139375e-05
P10,16,B,gamma,1799551287-γ-9,P10-T16-Bγ,6,57,A3,5,5,R3,R,False,57,True,R3,True,0.47935510509197077,False,1.4268159866333008,valid,False,0.003716610340053053,0.0017030856082421836,0.0006019635820098166,0.0001316565908978813,8.672845594015325e-06,0.006634310592343629,0.30380058004442184,0.47935510509197077,0.19882830621947806,0.005219709084988876
P10,16,B,gamma,1799551287-γ-9,P10-T16-Bγ,7,60,C4,7,7,L4,L,False,60,True,L4,True,0.703224233156587,False,0.9642932415008545,valid,False,0.006299208294631771,0.01335970318997281,0.2556340566945171,0.703224233156587,0.01846128445383387,0.002099919615231786,0.000641257495956396,0.0002359054492594374,4.224268007021765e-05,2.1889699397125665e-06
P10,16,B,gamma,1799551287-γ-9,P10-T16-Bγ,8,55,G3,4,4,L3,L,False,55,True,L3,True,0.7246777193764732,False,0.7874839305877686,valid,False,0.010352675090363873,0.09946207115378468,0.7246777193764732,0.158495631437056,0.0069987182911516515,8.444221067001582e-06,3.645459096786116e-06,8.989591454407668e-07,1.889037429929195e-07,7.1081185531743805e-09
P10,16,B,gamma,1799551287-γ-9,P10-T16-Bγ,9,57,A3,5,5,R3,R,False,57,True,R3,True,0.5429728289326052,False,0.8515822887420654,valid,False,0.007144421613689474,0.0032448180570673942,0.0004219195089955119,9.22788119543604e-05,5.611480333925363e-06,0.006979203499401726,0.2580146252613011,0.5429728289326052,0.1771610631100212,0.0039632297246300395
P10,16,B,gamma,1799551287-γ-9,P10-T16-Bγ,10,60,C4,7,7,R2,R,False,60,True,R2,True,0.6714843464027255,False,0.5948779582977295,valid,False,0.0012093093183072308,0.0009895457340080643,0.00017719414277107506,3.875446532234198e-05,6.406070031405155e-06,0.08649284510485626,0.6714843464027255,0.21050106327624282,0.02848822102009845,0.000612314465636807
P10,16,B,gamma,1799551287-γ-9,P10-T16-Bγ,11,69,A4,12,12,R1,R,False,69,True,R1,True,0.769434659007588,False,1.1674120426177979,valid,False,4.220338427069718e-09,1.4065875504856043e-09,4.77670838572787e-10,1.1779217855549024e-10,1.94709161564212e-11,0.769434659007588,0.21393153546559374,0.014523519761644045,0.0019072378358175961,0.0002030416874966642
P10,16,B,gamma,1799551287-γ-9,P10-T16-Bγ,12,60,C4,7,7,R4,R,False,60,True,R4,True,0.719569636679536,False,0.9489479064941406,valid,False,0.0002103334058284824,0.0001435105548488373,3.138746424854853e-05,9.453722558263983e-06,1.50141588383242e-06,0.010557171265825158,0.0337588160097174,0.1677762637809895,0.719569636679536,0.06794192570056398
P10,16,B,gamma,1799551287-γ-9,P10-T16-Bγ,13,53,F3,3,3,L5,L,False,53,True,L5,True,0.7499745839470773,False,1.0169677734375,valid,False,0.0045768903483911294,0.0024429107813930206,0.034468274383883876,0.2085209087291528,0.7499745839470773,8.035018302701558e-06,6.604786390445287e-06,1.5034983061898337e-06,2.802129572931171e-07,8.294145262600914e-09
P10,16,B,gamma,1799551287-γ-9,P10-T16-Bγ,14,59,B3,6,6,R2,R,False,59,True,R2,True,0.7903421997687912,False,0.6961557865142822,valid,False,0.0049712521960224585,0.011386927830656306,0.0016039446733681479,0.00042847024465671765,6.281672093236927e-05,0.027873114130763647,0.7903421997687912,0.14729921820264325,0.015681254466086612,0.00035080176607930154
P10,16,B,gamma,1799551287-γ-9,P10-T16-Bγ,15,62,D4,8,8,R4,R,False,62,True,R4,True,0.5005028176749988,False,1.0736079216003418,valid,False,5.865109518055645e-05,7.852118864739378e-05,1.4634306131555363e-05,3.200696708268836e-06,5.290716074113308e-07,0.010335796190760959,0.06347636986917002,0.3782718921515434,0.5005028176749988,0.04725758775525161
P10,16,B,gamma,1799551287-γ-9,P10-T16-Bγ,16,62,D4,8,8,L1,L,False,62,True,L1,True,0.5233297663564787,False,1.5463178157806396,valid,False,0.5233297663564787,0.44595220998181184,0.0036412056685262264,0.0001437343886024941,3.346674187165023e-06,0.023108760632041543,0.0026650206169298047,0.0009804062952665092,0.0001686738675603882,6.875518595316465e-06
P10,16,B,gamma,1799551287-γ-9,P10-T16-Bγ,17,55,G3,4,4,L3,L,False,55,True,L3,True,0.4772038864329859,False,1.2426581382751465,valid,False,0.0278495636197641,0.3606629387255352,0.4772038864329859,0.13268048034960003,0.001565090788974988,2.9835504586978827e-05,6.269515716200122e-06,1.609138774842454e-06,3.1214080759585295e-07,1.3783254211669037e-08
P10,16,B,gamma,1799551287-γ-9,P10-T16-Bγ,18,50,D3,1,1,L1,L,False,50,True,L1,True,0.6145128389762258,False,1.221560001373291,valid,False,0.6145128389762258,0.12406800245231032,0.2430722908632457,0.017786298130928725,0.0005603631754641267,1.6018675929445576e-07,3.503474839005066e-08,9.359018090473772e-09,1.7442774133463637e-09,7.702235151180153e-11
P10,16,B,gamma,1799551287-γ-9,P10-T16-Bγ,19,59,B3,6,6,R2,R,False,59,True,R2,True,0.7049518143428364,False,1.0095160007476807,valid,False,0.01270660024108792,0.03239906136059178,0.004384736145836083,0.0007851578112431549,4.407464752150204e-05,0.06386799204219676,0.7049518143428364,0.16047360143897801,0.020048001080042264,0.000338960889666213
P10,16,B,gamma,1799551287-γ-9,P10-T16-Bγ,20,64,E4,9,9,R4,R,False,64,True,R4,True,0.6651394217270112,False,1.1633472442626953,valid,False,3.6230115039842714e-05,4.688753933803968e-05,8.395971054311381e-06,1.989238603857964e-06,2.9163622866403514e-07,0.01905672667654002,0.021683424520575135,0.0936904886368038,0.6651394217270112,0.200336143938805
P10,16,B,gamma,1799551287-γ-9,P10-T16-Bγ,21,60,C4,7,7,R1,R,False,60,True,R1,True,0.8787470861404963,False,0.7946550846099854,valid,False,0.002252236159032402,0.003968932342638576,0.0006560601036648538,0.00014348814322660575,1.9419008504668336e-05,0.8787470861404963,0.10134161407099748,0.011687233908930403,0.0011485463820274696,3.538374048129941e-05
P10,16,B,gamma,1799551287-γ-9,P10-T16-Bγ,22,52,E3,2,2,L4,L,False,52,True,L4,True,0.39930163503994254,True,1.1573450565338135,valid,False,0.013424497672230673,0.09846657089776922,0.4325582973402359,0.39930163503994254,0.056244997782917715,3.1784906508709145e-06,6.296900201502168e-07,1.6821243367771054e-07,2.369413778712834e-08,1.179661657925347e-09
P10,16,B,gamma,1799551287-γ-9,P10-T16-Bγ,23,59,B3,6,6,L4,L,False,59,True,L4,True,0.4896275598844409,False,0.9810278415679932,valid,False,0.003680926442743921,0.0158873946017436,0.47042898865489247,0.4896275598844409,0.011865618542603741,0.005926809158810135,0.0020414187263385233,0.0004647038398871289,7.380306775287635e-05,2.7770807865626578e-06
P10,16,B,gamma,1799551287-γ-9,P10-T16-Bγ,24,62,D4,8,8,L3,L,False,62,True,L3,True,0.7240244699752854,False,1.951530933380127,valid,False,0.001142006442394088,0.09381256724652422,0.7240244699752854,0.039049309361453045,0.0004989872124672928,0.09094153189208387,0.039049309361453045,0.009629441132550869,0.0017243069301463713,0.00012807044564174438
P10,16,B,gamma,1799551287-γ-9,P10-T16-Bγ,25,64,E4,9,9,R3,R,False,64,True,R2,True,0.4263648634723498,False,0.8844759464263916,valid,False,0.0001251564316817871,0.00031831795625891676,6.426728698385029e-05,1.4056019605537414e-05,1.1309418099252588e-06,0.04724257348746164,0.4263648634723498,0.4263648634723498,0.09705671192892563,0.0024480590025731876
P10,16,B,gamma,1799551287-γ-9,P10-T16-Bγ,26,53,F3,3,3,L5,L,False,53,True,L5,True,0.8692789087490067,False,1.058398962020874,valid,False,0.0004967850439503959,0.0013707768336433555,0.02024006442468566,0.10859919852976557,0.8692789087490067,7.393176076060725e-06,5.341034209623313e-06,1.2654392643305897e-06,2.554877812020645e-07,1.1281616983713193e-08
P10,16,B,gamma,1799551287-γ-9,P10-T16-Bγ,27,65,F4,10,10,R5,R,False,65,True,R5,True,0.7917010763245005,False,0.8691041469573975,valid,False,3.499673507342176e-05,3.062875184755473e-05,4.4903882622143495e-06,8.040765287417073e-07,7.294417697550325e-08,0.0017572214262157762,0.005146477843834411,0.03495927776531308,0.1663649537442473,0.7917010763245005
P10,16,B,gamma,1799551287-γ-9,P10-T16-Bγ,28,64,E4,9,9,R3,R,False,64,True,R2,True,0.43044883288580477,False,1.037580966949463,valid,False,0.00011122360606934884,0.00011822430864242848,1.877608040186067e-05,3.6421848704101177e-06,3.3041155694526985e-07,0.045824938960817706,0.43044883288580477,0.43044883288580477,0.09045282659557755,0.002572372080454156
P10,16,B,gamma,1799551287-γ-9,P10-T16-Bγ,29,57,A3,5,5,L5,L,False,57,True,L5,True,0.628178150596466,False,1.1557729244232178,valid,False,0.006632327221897285,0.00425164435162837,0.05475254247580069,0.30576713194759264,0.628178150596466,0.00017403677254746017,0.00017957251048891302,5.408620077780384e-05,1.008026028782513e-05,4.2766251299543017e-07
P10,17,C,beta,1799551287-β-1,P10-T17-Cβ,0,64,E4,9,9,R2,R,False,64,True,R2,True,0.4870718786883872,False,0.7362382411956787,valid,False,2.0789280897605296e-05,2.5949880017973276e-05,5.67554722491451e-06,1.344694683293529e-06,1.4315418483016237e-07,0.17918373054220843,0.4870718786883872,0.289574240218692,0.04245359966966669,0.0016626483240372188
P10,17,C,beta,1799551287-β-1,P10-T17-Cβ,1,60,C4,7,7,L3,L,False,60,True,L3,True,0.6665467181383032,False,0.5223836898803711,valid,False,0.003604888136827644,0.17805815882422216,0.6665467181383032,0.12422696207545547,0.0009822693037958752,0.01933172550008008,0.005270420928231782,0.0016522041284351369,0.0003079278526451845,1.8725112003402546e-05
P10,17,C,beta,1799551287-β-1,P10-T17-Cβ,2,57,A3,5,5,L5,L,False,57,True,L5,True,0.43662710062044124,True,0.6569497585296631,valid,False,0.014454399004116693,0.006447508756342766,0.06934399228906596,0.47299249149853684,0.43662710062044124,6.255747015307079e-05,4.9741261161876566e-05,1.8298787359393917e-05,3.6944614513862487e-06,2.1585137067741787e-07
P10,17,C,beta,1799551287-β-1,P10-T17-Cβ,3,60,C4,7,7,L4,L,False,60,True,L4,True,0.57265688820288,False,0.5061700344085693,valid,False,0.0069836004012872035,0.013997781571081917,0.38386339166278044,0.57265688820288,0.015647117870785737,0.0030519654932820908,0.0026920062633025515,0.0009141932820256985,0.00018457244041509473,8.482812159377757e-06
P10,17,C,beta,1799551287-β-1,P10-T17-Cβ,4,64,E4,9,9,R2,R,False,64,True,R2,True,0.5940587554097955,False,0.4023878574371338,valid,False,3.317095826316099e-05,3.1649853134660696e-05,5.667417282788186e-06,2.084926302877492e-06,1.4294912350449826e-07,0.16517049266472386,0.5940587554097955,0.20173969530736782,0.037599029139413244,0.0013593113745926954
P10,17,C,beta,1799551287-β-1,P10-T17-Cβ,5,69,A4,12,12,R3,R,False,69,True,R2,True,0.406919221926735,False,0.5901710987091064,valid,False,2.3278516002483243e-08,1.4355386703230282e-08,2.7846585197947163e-09,8.387230283141693e-10,1.1350881859396763e-10,0.016239309019594854,0.406919221926735,0.406919221926735,0.16216505812109905,0.007757147635043029
P10,17,C,beta,1799551287-β-1,P10-T17-Cβ,6,64,E4,9,9,R1,R,False,64,True,R1,True,0.7113187428775419,False,0.7775988578796387,valid,False,1.784658926087673e-05,1.5719090208465853e-05,2.7043887343377556e-06,9.183983137856817e-07,1.147356962240655e-07,0.7113187428775419,0.261679541624563,0.024707840726097326,0.0021535564354736615,0.00010301513411040234
P10,17,C,beta,1799551287-β-1,P10-T17-Cβ,7,59,B3,6,6,L2,L,False,59,True,L2,True,0.8676153614672636,False,0.47040891647338867,valid,False,0.02593433497646521,0.8676153614672636,0.08526367249681222,0.00714025496071966,0.00017303670912811677,0.011396937047709891,0.001907414165045007,0.0004895584015726694,7.470176827014472e-05,4.72800701340956e-06
P10,17,C,beta,1799551287-β-1,P10-T17-Cβ,8,60,C4,7,7,L1,L,False,60,True,L1,True,0.29265094381133094,True,0.7459661960601807,valid,False,0.29265094381133094,0.6778869819683857,0.009766718951959762,0.0005061008004208946,1.4392911950878303e-05,0.014640259602379736,0.0034520925409457282,0.0009221757833395974,0.00015243463173090601,7.89899755591879e-06
P10,17,C,beta,1799551287-β-1,P10-T17-Cβ,9,57,A3,5,5,L3,L,False,57,True,L3,True,0.575611451526119,False,0.45238614082336426,valid,False,0.010542691486372515,0.25863889724824135,0.575611451526119,0.15376613891843124,0.0011223591677710996,0.0002355822301656622,6.300336569754644e-05,1.683042312047896e-05,2.895587853847125e-06,1.50046227164855e-07
P10,17,C,beta,1799551287-β-1,P10-T17-Cβ,10,62,D4,8,8,R2,R,False,62,True,R2,True,0.7842044392700753,False,0.42716288566589355,valid,False,0.00044022814343899704,0.000562519066618355,0.00010911747233206146,2.800617522795505e-05,9.346576464387404e-07,0.05824566975615378,0.7842044392700753,0.14042446811518491,0.01555947457851334,0.000425142764809003
P10,17,C,beta,1799551287-β-1,P10-T17-Cβ,11,59,B3,6,6,L5,L,False,59,True,L4,True,0.4416119531996439,False,0.7315850257873535,valid,False,0.011138767182490156,0.008027068662888602,0.07907775133113087,0.4596344789023341,0.4416119531996439,0.00035063301646814324,0.00012129029948865282,3.240092077942969e-05,5.355836182195434e-06,3.006485938660127e-07
P10,17,C,beta,1799551287-β-1,P10-T17-Cβ,12,60,C4,7,7,R3,R,False,60,True,R3,True,0.5049876409973175,False,0.48705196380615234,valid,False,0.003633213066443472,0.00572323357342345,0.0007441846836083789,0.00022414411929655708,1.8770551547415675e-05,0.007299537390460021,0.3816614487018533,0.5049876409973175,0.09411655450343222,0.0015912724126177448
P10,17,C,beta,1799551287-β-1,P10-T17-Cβ,13,65,F4,10,10,R4,R,False,65,True,R4,True,0.3415572800547964,True,0.4466979503631592,valid,False,8.329513883339159e-06,1.2695792948520303e-05,1.5238967028551596e-06,4.2370012543137217e-07,3.548201518744117e-08,0.016297575778500765,0.22895269169013888,0.4008211812106978,0.3415572800547964,0.01234826288019077
P10,17,C,beta,1799551287-β-1,P10-T17-Cβ,14,60,C4,7,7,R5,R,False,60,True,R5,True,0.5055034006839398,False,0.7217321395874023,valid,False,0.0013531818762924667,0.00247330364681757,0.0004088343430533399,0.00010081730775201489,9.145939815411608e-06,0.01620880747509405,0.01562305348318601,0.060676396402172726,0.3976430588418765,0.5055034006839398
P10,17,C,beta,1799551287-β-1,P10-T17-Cβ,15,64,E4,9,9,R4,R,False,64,True,R3,True,0.4157807598432842,False,0.5382769107818604,valid,False,4.548919361433515e-05,9.349550691100762e-05,1.484871576016805e-05,3.8110829237672435e-06,2.3175219126418468e-07,0.013331879229753759,0.14161684560252333,0.4157807598432842,0.4157807598432842,0.013331879229753759
P10,17,C,beta,1799551287-β-1,P10-T17-Cβ,16,60,C4,7,7,L1,L,False,60,True,L1,True,0.1815780837716777,True,0.6111118793487549,valid,False,0.1815780837716777,0.7976626588542958,0.01149239801726446,0.00046845547218030527,1.2298054188286148e-05,0.004775798180848388,0.003070025214653684,0.0007570588971577768,0.00017936826769395092,3.855270039773153e-06
P10,17,C,beta,1799551287-β-1,P10-T17-Cβ,17,60,C4,7,7,R5,R,False,60,True,R5,True,0.3287996899094973,True,1.1564891338348389,valid,False,0.001871175193766567,0.0014268207537864006,0.0001518972034653783,2.3178010340957004e-05,1.2010593980866328e-06,0.019210340851883743,0.029316930255910426,0.08783400445025152,0.5313647623116996,0.3287996899094973
P10,17,C,beta,1799551287-β-1,P10-T17-Cβ,18,67,G4,11,11,R4,R,False,67,True,R3,True,0.4009558497309926,False,0.5974860191345215,valid,False,1.241719632273851e-06,1.1991423582391657e-06,1.4393501007651583e-07,2.6825740119232803e-08,8.952626668847043e-10,0.024064534646738325,0.13616281254980964,0.4009558497309926,0.4009558497309926,0.037858340823463385
P10,17,C,beta,1799551287-β-1,P10-T17-Cβ,19,62,D4,8,8,R5,R,False,62,True,R5,True,0.6643602492747077,False,0.7157549858093262,valid,False,0.0007830278204469989,0.0010605891402753614,0.00010014106334437402,2.021813199751134e-05,7.309427244871297e-07,0.01647960102040154,0.008553614854906421,0.03307654915153101,0.2755652785996645,0.6643602492747077
P10,17,C,beta,1799551287-β-1,P10-T17-Cβ,20,60,C4,7,7,R1,R,False,60,True,R1,True,0.6282400367456484,False,0.5148413181304932,valid,False,0.00922431232256891,0.02271265634962137,0.00272623712946613,0.0005080996534448704,1.2815784772627628e-05,0.6282400367456484,0.30579725517031986,0.027741301110571628,0.0029532974257659604,8.398830782021052e-05
P10,17,C,beta,1799551287-β-1,P10-T17-Cβ,21,57,A3,5,5,L3,L,False,57,True,L2,True,0.45509714652543015,False,0.4300882816314697,valid,False,0.013470618483672115,0.45509714652543015,0.45509714652543015,0.07522705235347006,0.00046790542117613245,0.0005142113176458565,0.00010233647758060267,1.985123424898624e-05,3.5546840482546687e-06,1.7697729773661053e-07
P10,17,C,beta,1799551287-β-1,P10-T17-Cβ,22,60,C4,7,7,L2,L,False,60,True,L2,True,0.8640959107402406,False,0.4520230293273926,valid,False,0.02175809771860895,0.8640959107402406,0.025576750888796344,0.001042564736832976,1.2298029538542754e-05,0.059774842960477526,0.0226845430680972,0.00422780848623851,0.0007879534775134305,3.922989365565731e-05
P10,17,C,beta,1799551287-β-1,P10-T17-Cβ,23,64,E4,9,9,R1,R,False,64,True,R1,True,0.7301492374871039,False,0.43141770362854004,valid,False,0.0003034984315362168,0.00033731062008360475,3.450154919197751e-05,7.250019997542083e-06,5.384849273429268e-07,0.7301492374871039,0.2199167241632236,0.04265945545365652,0.006254173170195581,0.00033731062008360475
P10,17,C,beta,1799551287-β-1,P10-T17-Cβ,24,60,C4,7,7,R3,R,False,60,True,R3,True,0.5275494362356363,False,0.4951817989349365,valid,False,0.008856838310665097,0.06332261795166433,0.005094912938741796,0.00087655360273613,2.81064154447367e-05,0.0055192532974688065,0.25678587821810717,0.5275494362356363,0.13009208930481403,0.0018743137247214832
P10,17,C,beta,1799551287-β-1,P10-T17-Cβ,25,57,A3,5,5,L1,L,False,57,True,L1,True,0.3504637552770734,True,0.4831528663635254,valid,False,0.3504637552770734,0.6385865973458139,0.009575974377026616,0.0008019229825204283,3.6855784166423356e-05,0.00038097284292602616,0.00011295760501812223,3.402217682292315e-05,6.599623298938831e-06,3.4198533309890324e-07
P10,17,C,beta,1799551287-β-1,P10-T17-Cβ,26,60,C4,7,7,L3,L,False,60,True,L3,True,0.6686470015619752,False,0.45024585723876953,valid,False,0.004278188171782707,0.17161545892856206,0.6686470015619752,0.09418456079361134,0.0002967860619111443,0.03421694433157143,0.019791573572939068,0.005727369040188155,0.0012035268284220331,3.859070903699079e-05
P10,17,C,beta,1799551287-β-1,P10-T17-Cβ,27,64,E4,9,9,R5,R,False,64,True,R4,True,0.42035071918421457,False,0.5207600593566895,valid,False,7.597485167301078e-05,5.3992475133768105e-05,9.289128031858561e-06,1.3084519063010127e-06,3.721083441023505e-08,0.005123581319447569,0.01716234433251803,0.10186225506611263,0.45536049798012773,0.42035071918421457
P10,17,C,beta,1799551287-β-1,P10-T17-Cβ,28,59,B3,6,6,L3,L,False,59,True,L3,True,0.6364589959710373,False,0.38847780227661133,valid,False,0.009968597951733674,0.2536410287639904,0.6364589959710373,0.08965060915347406,0.0003315157347492243,0.00420887033553762,0.004288426981944,0.0011923426612503482,0.00025055420236021257,9.058243923198064e-06
P10,17,C,beta,1799551287-β-1,P10-T17-Cβ,29,60,C4,7,7,L4,L,False,60,True,L3,True,0.4715612659834186,False,0.49773073196411133,valid,False,0.004606605981888636,0.01282954148686024,0.4715612659834186,0.4715612659834186,0.002933068169859559,0.008880965042143332,0.021672605249080133,0.0049335017601554905,0.0009960568268958965,2.5123516279251477e-05
P10,18,A,alpha,1799551287-α-2,P10-T18-Aα,0,57,A3,5,5,L5,L,False,57,True,L2,False,0.001870891281731238,False,0.9184231758117676,valid,False,0.04972038144946522,0.7251764021472309,0.19372021716610946,0.02840073254195501,0.001870891281731238,0.0008419400853674512,0.00020730066296837616,5.1119714111083746e-05,9.916204305166341e-06,1.098746755978602e-06
P10,18,A,alpha,1799551287-α-2,P10-T18-Aα,1,59,B3,6,6,L4,L,False,59,True,L2,False,0.0059827659096446445,False,0.49507999420166016,valid,False,0.0243468612621169,0.8839956808199944,0.08383771682925796,0.0059827659096446445,0.00012354905290318087,0.0012520950501595468,0.000322672625762004,0.00011870462524664796,1.885236304865923e-05,1.1014618661224627e-06
P10,18,A,alpha,1799551287-α-2,P10-T18-Aα,2,60,C4,7,7,L2,L,False,60,True,L2,True,0.9356516167533127,False,0.41855406761169434,valid,False,0.011222222006616184,0.9356516167533127,0.036129818117882045,0.002110908684713546,2.8074839675423263e-05,0.011742843564401978,0.0022867200791929416,0.0006887468521163262,0.00013360314350124367,5.445958587548621e-06
P10,18,A,alpha,1799551287-α-2,P10-T18-Aα,3,59,B3,6,6,L4,L,False,59,True,L2,False,0.0033340882374949627,False,0.36223697662353516,valid,False,0.011991514203527643,0.9384215389617873,0.04488929061521266,0.0033340882374949627,7.458612730932508e-05,0.0010685819926804553,0.00015948574240447813,4.999657629160682e-05,1.0506084115407552e-05,4.114591761969557e-07
P10,18,A,alpha,1799551287-α-2,P10-T18-Aα,4,57,A3,5,5,L2,L,False,57,True,L2,True,0.9288738837967844,False,0.3942148685455322,valid,False,0.011869510564685144,0.9288738837967844,0.05427007525785948,0.004730225968380834,0.00013452206717326628,0.00010213248723229482,1.3759482926551792e-05,4.863353661721625e-06,9.818941700781535e-07,4.512712616482212e-08
P10,18,A,alpha,1799551287-α-2,P10-T18-Aα,5,59,B3,6,6,L1,L,False,59,True,L2,False,0.007119118486791715,False,0.32381176948547363,valid,False,0.007119118486791715,0.8983578667237697,0.08848065227255272,0.004966840430729202,8.06839111078411e-05,0.0008025132682189353,0.00013571256936923575,4.608738133157088e-05,1.0079858135714148e-05,4.450979933453406e-07
P10,18,A,alpha,1799551287-α-2,P10-T18-Aα,6,64,E4,9,9,R2,R,False,64,True,R2,True,0.7663616391339206,False,0.3753368854522705,valid,False,0.0003065575254837534,0.00048755809426640406,4.9869492899778365e-05,5.525697319223431e-06,1.2361411407457313e-07,0.08158571391582985,0.7663616391339206,0.137229426626849,0.013486027805051096,0.00048755809426640406
P10,18,A,alpha,1799551287-α-2,P10-T18-Aα,7,65,F4,10,10,R3,R,False,65,True,R2,True,0.4339718096194852,False,0.35404205322265625,valid,False,1.7658353595852982e-05,9.981514738179765e-06,1.7873513944876495e-06,3.0750462726856717e-07,9.860039110227725e-09,0.027398291606583993,0.4893018490201738,0.4339718096194852,0.04808544714605644,0.0012128580233056298
P10,18,A,alpha,1799551287-α-2,P10-T18-Aα,8,67,G4,11,11,R2,R,False,67,True,R2,True,0.47696366991832745,False,0.367948055267334,valid,False,2.67958770341792e-06,1.3705273643832805e-06,2.265466496098173e-07,3.897618748168937e-08,1.4090995484396856e-09,0.033617446735216334,0.47696366991832745,0.42302882642218115,0.0645500133619711,0.0018357265152993644
P10,18,A,alpha,1799551287-α-2,P10-T18-Aα,9,69,A4,12,12,R1,R,False,69,True,R3,False,0.005804006563545331,False,0.3534078598022461,valid,False,3.3183318480992087e-07,1.6234394114484768e-07,3.149148456894765e-08,5.417948174250289e-09,1.8081464705031093e-10,0.005804006563545331,0.14755583111235765,0.40109833439589365,0.40109833439589365,0.04444296226493655
P10,18,A,alpha,1799551287-α-2,P10-T18-Aα,10,67,G4,11,11,R3,R,False,67,True,R2,True,0.4582676964728382,False,0.40389299392700195,valid,False,2.0624882785615555e-06,1.0781092176876044e-06,2.1766649706906933e-07,3.456923281421925e-08,1.1536883390302997e-09,0.019605673858225054,0.4582676964728382,0.4582676964728382,0.06201978850034162,0.0018357507088422364
P10,18,A,alpha,1799551287-α-2,P10-T18-Aα,11,65,F4,10,10,R4,R,False,65,True,R2,False,0.020296375266264773,False,0.3004028797149658,valid,False,2.3868988064970685e-05,1.1919760757715874e-05,2.8241222003527327e-06,4.66824259920207e-07,1.4381646855421636e-08,0.04339925659413375,0.7731262127599848,0.16246170489170975,0.020296375266264773,0.0006773564109771394
P10,18,A,alpha,1799551287-α-2,P10-T18-Aα,12,60,C4,7,7,L1,L,False,60,True,L2,False,0.024139793268848714,False,0.40712666511535645,valid,False,0.024139793268848714,0.8864636716514063,0.04967363417584213,0.0027884176735704165,4.1813931431602895e-05,0.022287944431548756,0.011769062810877919,0.002473104620792914,0.0003483576116574296,1.4199824023796626e-05
P10,18,A,alpha,1799551287-α-2,P10-T18-Aα,13,64,E4,9,9,R5,R,False,64,True,R2,False,0.00047498465414848827,False,0.3302347660064697,valid,False,0.00039953167226564263,0.00047498465414848827,2.7751294741543555e-05,2.95436133277255e-06,8.401856408508318e-08,0.06007100129191212,0.8087802248945528,0.1185728118028918,0.01119567135544219,0.00047498465414848827
P10,18,A,alpha,1799551287-α-2,P10-T18-Aα,14,62,D4,8,8,R4,R,False,62,True,L2,False,0.002140600169622863,False,0.4430501461029053,valid,False,0.007550809920252247,0.7534888347314533,0.019318945427737294,0.0010419419616722267,1.3314338294565444e-05,0.0801592759589779,0.11687280922204299,0.019318945427737294,0.002140600169622863,9.452284220925995e-05
P10,18,A,alpha,1799551287-α-2,P10-T18-Aα,15,57,A3,5,5,L2,L,False,57,True,L2,True,0.9485089209127311,False,0.35936689376831055,valid,False,0.013665729392061562,0.9485089209127311,0.03429128343497009,0.003237790635617542,8.846849267005671e-05,0.0001680109359442847,3.2545739644740306e-05,6.313223952675078e-06,8.892707568947287e-07,4.796165092771122e-08
P10,18,A,alpha,1799551287-α-2,P10-T18-Aα,16,59,B3,6,6,L1,L,False,59,True,L2,False,0.009833745288200368,False,0.3619089126586914,valid,False,0.009833745288200368,0.9451866687329729,0.040783216851857984,0.0019508606713265553,3.16907843495963e-05,0.0017186339520661972,0.0004099461969326489,7.340748633569578e-05,1.1201256103310839e-05,6.287798548037473e-07
P10,18,A,alpha,1799551287-α-2,P10-T18-Aα,17,64,E4,9,9,R3,R,False,64,True,R2,False,0.09022109533706846,False,0.3217508792877197,valid,False,0.0006469976510653618,0.0025657819158126202,0.00010048601379776352,8.085065153996145e-06,1.9593320897226018e-07,0.083284567894555,0.8142466033507758,0.09022109533706846,0.008518695958740882,0.00040749087982104424
P10,18,A,alpha,1799551287-α-2,P10-T18-Aα,18,62,D4,8,8,R4,R,False,62,True,R2,False,0.004930857791402915,False,0.4458179473876953,valid,False,0.004762561174475336,0.024422698520899924,0.001965040718753995,0.0002998457710912553,1.3240340214009242e-05,0.05724807110331371,0.8251069110735079,0.08108621465813269,0.004930857791402915,0.0001645588482084668
P10,18,A,alpha,1799551287-α-2,P10-T18-Aα,19,64,E4,9,9,R3,R,False,64,True,R2,False,0.08343925133138955,False,0.32346081733703613,valid,False,0.0007324308513135445,0.0006866839324169436,0.00010478117386905423,1.8762761178375973e-05,1.7715840982411774e-06,0.09038866190377484,0.8157588938773547,0.08343925133138955,0.008534517631369535,0.0003342449532354121
P10,18,A,alpha,1799551287-α-2,P10-T18-Aα,20,65,F4,10,10,R1,R,False,65,True,R2,False,0.0946698619611199,False,0.2910730838775635,valid,False,6.857054211284648e-05,6.022882034438746e-05,9.190322065962434e-06,1.5191500199019063e-06,1.4343848394780496e-07,0.0946698619611199,0.757781967188511,0.13037249535251072,0.016287463509247868,0.000748559715583465
P10,18,A,alpha,1799551287-α-2,P10-T18-Aα,21,64,E4,9,9,R2,R,False,64,True,R2,True,0.8109264277750364,False,0.3296639919281006,valid,False,0.000806249833977902,0.0007696474948059535,0.00012223343413472106,2.188787019649775e-05,1.761089428595021e-06,0.09352018843611973,0.8109264277750364,0.08633001466254055,0.007229553893262721,0.0002720355104970102
P10,18,A,alpha,1799551287-α-2,P10-T18-Aα,22,59,B3,6,6,L1,L,False,59,True,L2,False,0.02841251377318382,False,0.40099406242370605,valid,False,0.02841251377318382,0.8956798338718309,0.066525346196081,0.007371218469673451,0.00025604118228234675,0.0014051387645928292,0.00026649042115642395,7.118899912662793e-05,1.1767462409239084e-05,4.6085966337671304e-07
P10,18,A,alpha,1799551287-α-2,P10-T18-Aα,23,60,C4,7,7,L2,L,False,60,True,L2,True,0.5918276504213713,False,0.6255278587341309,valid,False,0.008749377758188456,0.5918276504213713,0.0284866409363965,0.002584249761840282,6.51824667108394e-05,0.01594138945982504,0.2733364380460771,0.07148125434326562,0.007311403395532493,0.00021641341079236954
P10,18,A,alpha,1799551287-α-2,P10-T18-Aα,24,59,B3,6,6,L3,L,False,59,True,L2,False,0.03798942679060249,False,0.30484795570373535,valid,False,0.023340392518574147,0.9319767599113307,0.03798942679060249,0.0028216106620495263,8.351808186036774e-05,0.0027874080763329047,0.0008165295947656888,0.00015839044532441318,2.4168814802932122e-05,1.7951043566133303e-06
P10,18,A,alpha,1799551287-α-2,P10-T18-Aα,25,62,D4,8,8,R1,R,False,62,True,R2,False,0.07785385535987581,False,0.3777329921722412,valid,False,0.0035578599779848004,0.010103328354113166,0.0006931559910719373,7.993829856862935e-05,3.529848913078662e-06,0.07785385535987581,0.8234474958094317,0.07775009634476278,0.006255742176637872,0.0002549978386401816
P10,18,A,alpha,1799551287-α-2,P10-T18-Aα,26,64,E4,9,9,R2,R,False,64,True,R2,True,0.833191397069188,False,0.31685400009155273,valid,False,0.0005251093532131796,0.0006220488727133944,7.771269766597342e-05,1.3370070487264296e-05,5.030924458248279e-07,0.05273415690254849,0.833191397069188,0.104090778037887,0.008375103067181259,0.0003698208366698091
P10,18,A,alpha,1799551287-α-2,P10-T18-Aα,27,59,B3,6,6,L3,L,False,59,True,L2,False,0.04452290489105217,False,0.32198405265808105,valid,False,0.018332284881388133,0.9307621562803465,0.04452290489105217,0.004203862617160885,0.00017135870549774059,0.001433797046721349,0.00048481096515146576,7.699642963376776e-05,1.128821264348996e-05,5.399704043883556e-07
P10,18,A,alpha,1799551287-α-2,P10-T18-Aα,28,62,D4,8,8,R2,R,False,62,True,R2,True,0.8399158538470591,False,0.3467390537261963,valid,False,0.004065216398580095,0.024861034862430676,0.0020003090884175884,0.0002129499138491632,9.403265210796578e-06,0.04398818636345864,0.8399158538470591,0.07930504238635218,0.0054374038463470085,0.00020460002829467288
P10,18,A,alpha,1799551287-α-2,P10-T18-Aα,29,65,F4,10,10,R2,R,False,65,True,R2,True,0.6963224595182032,False,0.33064794540405273,valid,False,8.255623031841067e-05,9.688920759157184e-05,1.3647660785640147e-05,2.6473738163702213e-06,2.2169962273116412e-07,0.045017622038396696,0.6963224595182032,0.22719594908300902,0.029541996376064156,0.0017260108121924182
P10,19,A,beta,1799551287-β-6,P10-T19-Aβ,0,64,E4,9,9,R4,R,False,64,True,R2,False,0.03684588443123759,False,0.793870210647583,valid,False,2.383433019916897e-05,2.2522148594855125e-05,2.4955251974157453e-06,4.65100953348906e-07,5.8105160795641805e-08,0.0727292708031564,0.6059175544403662,0.28336729774770825,0.03684588443123759,0.001090617367426058
P10,19,A,beta,1799551287-β-6,P10-T19-Aβ,1,62,D4,8,8,R2,R,False,62,True,R2,True,0.7870742851451701,False,0.3375508785247803,valid,False,4.791583403048567e-05,2.8762615460121933e-05,7.214391952585003e-06,1.7790471521922195e-06,2.3132720779148927e-07,0.021505799312707827,0.7870742851451701,0.1791677708567884,0.01180263290631697,0.0003636085632135805
P10,19,A,beta,1799551287-β-6,P10-T19-Aβ,2,60,C4,7,7,L2,L,False,60,True,R2,False,0.00010945618909784858,False,0.3169090747833252,valid,False,0.00025000682902961334,0.00010945618909784858,2.069258164949963e-05,5.1027278108804155e-06,8.104020970482282e-07,0.02999993839035959,0.8643864791650001,0.09968547533336834,0.005376405255017241,0.00016563312656995893
P10,19,A,beta,1799551287-β-6,P10-T19-Aβ,3,59,B3,6,6,L3,L,False,59,True,L2,False,0.03938715041719654,False,0.37100720405578613,valid,False,0.027491608865033663,0.7658606876766634,0.03938715041719654,0.0028107170579794844,8.319563733295192e-05,0.056026156686548666,0.08764133257934491,0.018420047905712156,0.002210988347381679,6.811482680641044e-05
P10,19,A,beta,1799551287-β-6,P10-T19-Aβ,4,57,A3,5,5,L4,L,False,57,True,L2,False,0.006462862887442922,False,0.29395198822021484,valid,False,0.012239739081211043,0.8971379737801928,0.0771747546352597,0.006462862887442922,0.00020722966480296687,0.005744371059455083,0.0008074068319385872,0.00019129709103584195,3.291168197700714e-05,1.4532866840340781e-06
P10,19,A,beta,1799551287-β-6,P10-T19-Aβ,5,60,C4,7,7,R4,R,False,60,True,L2,False,0.008257506101199335,False,0.3733358383178711,valid,False,0.007662099693109217,0.4363928062930718,0.023362276757624957,0.0012600137292701197,3.053513220026142e-05,0.11852374946296584,0.34074098611414744,0.06350525238168304,0.008257506101199335,0.0002647743347278471
P10,19,A,beta,1799551287-β-6,P10-T19-Aβ,6,59,B3,6,6,L2,L,False,59,True,L2,True,0.8951689012888884,False,0.3162648677825928,valid,False,0.009325949002728127,0.8951689012888884,0.0389017948117685,0.002183743025580759,4.6936502031953334e-05,0.037011796937667714,0.01375002151281936,0.003130023112405893,0.00045888317990761153,2.1950626201626964e-05
P10,19,A,beta,1799551287-β-6,P10-T19-Aβ,7,64,E4,9,9,R2,R,False,64,True,R2,True,0.6587720672798548,False,0.6468961238861084,valid,False,9.179652431751872e-05,0.0001669586893380559,1.1002613956679718e-05,9.981346189835084e-07,3.074994347304337e-08,0.032624025550394606,0.6587720672798548,0.28439883398584304,0.022882618342526494,0.0010516681292063012
P10,19,A,beta,1799551287-β-6,P10-T19-Aβ,8,57,A3,5,5,L1,L,False,57,True,L2,False,0.011952294822659247,False,0.29912304878234863,valid,False,0.011952294822659247,0.9355069564317828,0.04657614879848149,0.0036005570937151206,0.00011545073021497219,0.0019129331746984748,0.0002674262589152245,6.087629539259268e-05,7.020566134499597e-06,3.358280052304999e-07
P10,19,A,beta,1799551287-β-6,P10-T19-Aβ,9,59,B3,6,6,L3,L,False,59,True,L2,False,0.029671653606168562,False,0.30902099609375,valid,False,0.011754891925930383,0.9275089317324772,0.029671653606168562,0.0017335861222083798,4.372619913516111e-05,0.0238943072297473,0.004179502273081131,0.0010727143006881569,0.00013401442521342524,6.672185350380804e-06
P10,19,A,beta,1799551287-β-6,P10-T19-Aβ,10,57,A3,5,5,L2,L,False,57,True,L3,False,0.22026474661894965,False,0.321835994720459,valid,False,0.001963699544034733,0.22026474661894965,0.7026298447950873,0.07186793628952673,0.0003516321130058554,0.0024985785736595886,0.0003245973514301778,8.67114114916158e-05,1.1735113434064295e-05,5.181893803321778e-07
P10,19,A,beta,1799551287-β-6,P10-T19-Aβ,11,62,D4,8,8,R4,R,False,62,True,R2,False,0.016133403409516495,False,0.3439140319824219,valid,False,0.00040693242820480363,0.0007111471764437293,7.89367696327031e-05,8.746443386223476e-06,3.0380997586596803e-07,0.038896017543513725,0.7506142479562677,0.19265323607286472,0.016133403409516495,0.0004970283901941621
P10,19,A,beta,1799551287-β-6,P10-T19-Aβ,12,60,C4,7,7,R5,R,False,60,True,R2,False,0.00038934439508518995,False,0.35898804664611816,valid,False,0.004683898545704321,0.009551603129502696,0.0014003315182911358,0.0001614934018403391,5.3895628964290545e-06,0.03779181038629744,0.7468587185199332,0.18432656741291475,0.014830843127534299,0.00038934439508518995
P10,19,A,beta,1799551287-β-6,P10-T19-Aβ,13,62,D4,8,8,R4,R,False,62,True,R3,False,0.06978445977780337,False,0.38216400146484375,valid,False,0.00029318533574555853,0.000302828495763329,4.09833802462475e-05,5.546497373619703e-06,1.8510475418404985e-07,0.010648418097682025,0.4221713801502154,0.49542270402789385,0.06978445977780337,0.0013303091325226409
P10,19,A,beta,1799551287-β-6,P10-T19-Aβ,14,64,E4,9,9,R2,R,False,64,True,R2,True,0.6028704217089976,False,0.30436086654663086,valid,False,5.807615380094969e-05,4.0831651930058666e-05,3.5589215488231667e-06,5.430562155153794e-07,3.172842104764748e-08,0.033598757766302285,0.6028704217089976,0.3308623024908106,0.03124009244842484,0.0013253840735481114
P10,19,A,beta,1799551287-β-6,P10-T19-Aβ,15,60,C4,7,7,L3,L,False,60,True,R2,False,0.0011032563987088012,False,0.3643627166748047,valid,False,0.006508974389630351,0.00956648810578466,0.0011032563987088012,0.0001554029541931607,6.593085497745595e-06,0.03751000809554285,0.7767132795696227,0.15731751773953,0.01078618521994375,0.0003322944415461915
P10,19,A,beta,1799551287-β-6,P10-T19-Aβ,16,59,B3,6,6,L2,L,False,59,True,L2,True,0.8169017494927597,False,0.35938596725463867,valid,False,0.033852543215904314,0.8169017494927597,0.0408691592250875,0.003288316479434563,6.790644875894768e-05,0.036279228971369364,0.054075202975878846,0.012811916641355782,0.0018046663470734324,4.931020237740378e-05
P10,19,A,beta,1799551287-β-6,P10-T19-Aβ,17,57,A3,5,5,L1,L,False,57,True,L3,False,0.004212576065866988,False,0.3133831024169922,valid,False,0.004212576065866988,0.2593229905960391,0.6507166881921818,0.08129417393700805,0.00031288309791200274,0.002380606738055986,0.0014305719834073896,0.00028882750219066,3.908855181549631e-05,1.5933355223221986e-06
P10,19,A,beta,1799551287-β-6,P10-T19-Aβ,18,59,B3,6,6,L2,L,False,59,True,L2,True,0.8549505489844001,False,0.3426380157470703,valid,False,0.01025436166511543,0.8549505489844001,0.05286297262343112,0.002851095035239414,3.643239758595608e-05,0.022586484207415193,0.04688525076534067,0.008395561248413941,0.0011362156594844305,4.10774135736535e-05
P10,19,A,beta,1799551287-β-6,P10-T19-Aβ,19,62,D4,8,8,R3,R,False,62,True,R2,False,0.18993720214481027,False,0.39980101585388184,valid,False,0.0006249842043028096,0.005358759242586885,0.0007023618882215779,5.4295903466235006e-05,8.141983914651679e-07,0.04154152388351571,0.7400320547583334,0.18993720214481027,0.021045641888150033,0.0007023618882215779
P10,19,A,beta,1799551287-β-6,P10-T19-Aβ,20,57,A3,5,5,L2,L,False,57,True,L2,True,0.8813827967392996,False,0.3018629550933838,valid,False,0.012200684224098372,0.8813827967392996,0.09383069432646882,0.008178363210763925,0.00019819419108003597,0.0028476024362024477,0.0011068211015406286,0.00022346332644406194,3.0242472577302766e-05,1.1379715246227314e-06
P10,19,A,beta,1799551287-β-6,P10-T19-Aβ,21,60,C4,7,7,R3,R,False,60,True,R2,False,0.10170391525922967,False,0.3473351001739502,valid,False,0.003423554247148325,0.06275532546965074,0.0039831214683687406,0.0004240371542834294,1.0695478471692304e-05,0.06810850429592134,0.751495935331337,0.10170391525922967,0.007862194771182104,0.00023271652440694408
P10,19,A,beta,1799551287-β-6,P10-T19-Aβ,22,62,D4,8,8,R4,R,False,62,True,R2,False,0.011672903294857801,False,0.3057689666748047,valid,False,0.000651302300350438,0.0020686458395857985,0.00014331220140661685,1.6527496973449277e-05,5.975158173966231e-07,0.05554926019200897,0.7784230933295933,0.1509985445642814,0.011672903294857801,0.0004758132651247367
P10,19,A,beta,1799551287-β-6,P10-T19-Aβ,23,64,E4,9,9,R2,R,False,64,True,R2,True,0.5781803597797993,False,0.2858712673187256,valid,False,9.003936832038599e-05,0.00015879929990129964,1.3298365595517312e-05,1.3068780697491662e-06,5.1182435630823146e-08,0.028785905101313042,0.5781803597797993,0.357768404100239,0.03378057256772946,0.001221263356596479
P10,19,A,beta,1799551287-β-6,P10-T19-Aβ,24,67,G4,11,11,R4,R,False,67,True,R3,False,0.31636166696236495,False,1.5277361869812012,valid,False,3.104225515454328e-07,9.996890871840895e-08,1.5369678389889403e-08,3.3615313625013908e-09,4.5493379905288236e-10,0.003545099011978296,0.21206356716212407,0.43567043514547826,0.31636166696236495,0.03235880214045055
P10,19,A,beta,1799551287-β-6,P10-T19-Aβ,25,60,C4,7,7,R3,R,False,60,True,R2,False,0.12374844572749434,False,0.4068338871002197,valid,False,0.002638555749455248,0.0030472695239900545,0.000605470668825793,0.00011744922594472198,6.592984443459548e-06,0.051406083559728956,0.8109860407637315,0.12374844572749434,0.007230085353700745,0.00021400644268519057
P10,19,A,beta,1799551287-β-6,P10-T19-Aβ,26,60,C4,7,7,L3,L,False,60,True,R2,False,0.00022937283418715795,False,0.3469729423522949,valid,False,0.0015063097276325113,0.0009765270833790707,0.00022937283418715795,5.434479150652931e-05,4.551008134892137e-06,0.03594307205840291,0.8023889758207441,0.14954442375390206,0.009093805773726912,0.000258617148383859
P10,19,A,beta,1799551287-β-6,P10-T19-Aβ,27,59,B3,6,6,L2,L,False,59,True,L2,True,0.8735729384495164,False,0.4307820796966553,valid,False,0.011806060419147233,0.8735729384495164,0.04907413502086351,0.00208200654614521,4.8476899879281064e-05,0.02698449245392701,0.030366259718162442,0.005437569154211296,0.0006024998361002155,2.556150204743831e-05
P10,19,A,beta,1799551287-β-6,P10-T19-Aβ,28,62,D4,8,8,R2,R,False,62,True,R2,True,0.796046077453312,False,0.7108030319213867,valid,False,0.00037668469074580855,0.0003824273150955606,4.074822780930827e-05,5.973973891318139e-06,4.618165010833987e-07,0.04468585776288412,0.796046077453312,0.14836227256554987,0.009773328271398655,0.00032616792281227455
P10,19,A,beta,1799551287-β-6,P10-T19-Aβ,29,60,C4,7,7,R1,R,False,60,True,R2,False,0.052337588869621886,False,0.3566420078277588,valid,False,0.0027944498055602614,0.007545699035572444,0.0007547366430828496,0.00012475712800168732,6.2112916611983585e-06,0.052337588869621886,0.8276692286856375,0.10340089236993372,0.005148027297720031,0.00021840887320847475
P10,20,C,beta,1799551287-β-4,P10-T20-Cβ,0,62,D4,8,8,R4,R,False,62,True,R4,True,0.48666197124926475,False,0.8370778560638428,valid,False,0.0003020474222241577,0.0006890577308610408,0.00013366344777329076,1.8827622188208287e-05,9.006172268114615e-07,0.008826704719802674,0.10295075331674998,0.3828218655062417,0.48666197124926475,0.017594208367667247
P10,20,C,beta,1799551287-β-4,P10-T20-Cβ,1,65,F4,10,10,R2,R,False,65,True,R2,True,0.44371186003944474,False,0.4439060688018799,valid,False,2.8443624173747466e-06,3.862525854671039e-06,5.728855427293148e-07,1.4703724850236552e-07,7.619311001449593e-09,0.11998332441856577,0.44371186003944474,0.36328054531972664,0.07046917554457885,0.002547660247309521
P10,20,C,beta,1799551287-β-4,P10-T20-Cβ,2,60,C4,7,7,R3,R,False,60,True,R3,True,0.5535843968816792,False,0.3958449363708496,valid,False,0.0019187795359489003,0.003640607688080994,0.0005254050547996767,0.0001244830420339447,5.9546325595954e-06,0.010139251907722538,0.32911729898184544,0.5535843968816792,0.09912822549350953,0.0018155967818201345
P10,20,C,beta,1799551287-β-4,P10-T20-Cβ,3,57,A3,5,5,L5,L,False,57,True,L5,True,0.23408883545950404,True,0.5281863212585449,valid,False,0.0011770069376813683,0.011743594180261425,0.11522652033003511,0.6363194276747093,0.23408883545950404,0.0010059118900416322,0.00034496948402269956,8.173284666322612e-05,1.1512759718363942e-05,4.884373629334499e-07
P10,20,C,beta,1799551287-β-4,P10-T20-Cβ,4,60,C4,7,7,R3,R,False,60,True,R3,True,0.481046441454007,False,0.3996291160583496,valid,False,0.0014420919311618845,0.00261790421390935,0.0003737993276409509,9.217777931967228e-05,9.058640886791758e-06,0.013134156706584441,0.40992073728933026,0.481046441454007,0.08965453795339254,0.0017090947037671554
P10,20,C,beta,1799551287-β-4,P10-T20-Cβ,5,57,A3,5,5,L5,L,False,57,True,L5,True,0.5133093198645438,False,0.7312629222869873,valid,False,0.0017291813418657369,0.003522315608239564,0.037423107288741146,0.4421997679702282,0.5133093198645438,0.0011123225812897462,0.0005277559205514213,0.0001527242343314769,2.2390436039021558e-05,1.1147541698610511e-06
P10,20,C,beta,1799551287-β-4,P10-T20-Cβ,6,62,D4,8,8,R5,R,False,62,True,R5,True,0.5338924571791955,False,1.2433700561523438,valid,False,0.00027420119092310373,0.0004617481929556555,6.588756354384047e-05,1.6247673131420726e-05,2.0298252520415975e-06,0.013917425663076594,0.009618118660145664,0.054066390370196546,0.3876854936815796,0.5338924571791955
P10,20,C,beta,1799551287-β-4,P10-T20-Cβ,7,65,F4,10,10,R3,R,False,65,True,R2,True,0.42737328732340113,False,0.4600229263305664,valid,False,3.1223818822526294e-06,2.960463309669028e-06,4.7020482539439055e-07,1.2560830801753064e-07,1.1394928619496461e-08,0.021767342365765562,0.42737328732340113,0.42737328732340113,0.11882571509320575,0.004653677840972437
P10,20,C,beta,1799551287-β-4,P10-T20-Cβ,8,69,A4,12,12,R5,R,False,69,True,R5,True,0.21826012332613456,True,0.623971700668335,valid,False,9.488719353669205e-08,7.820570325276226e-08,1.2443496733203957e-08,3.0685285152253877e-09,2.5696847568660656e-10,0.0026127314457544395,0.047736083419082,0.30057207567981,0.43081879726732836,0.21826012332613456
P10,20,C,beta,1799551287-β-4,P10-T20-Cβ,9,64,E4,9,9,R4,R,False,64,True,R4,True,0.4655033823934667,False,0.4707820415496826,valid,False,2.0970520176868746e-05,1.5927918771948413e-05,2.9768766350527654e-06,7.640474700475301e-07,5.6748539526039174e-08,0.005079657082556332,0.08052618305525094,0.41286446320572745,0.4655033823934667,0.03598561815140505
P10,20,C,beta,1799551287-β-4,P10-T20-Cβ,10,60,C4,7,7,R3,R,False,60,True,R3,True,0.6194182815549857,False,0.37786316871643066,valid,False,0.0011992060870280054,0.0014108143671834363,0.00024384580066396836,6.258565265527607e-05,5.035617000806336e-06,0.00892432578080628,0.24684997959551047,0.6194182815549857,0.1201547844517877,0.0017311410923784997
P10,20,C,beta,1799551287-β-4,P10-T20-Cβ,11,57,A3,5,5,L5,L,False,57,True,L5,True,0.5883431173862176,False,0.6828598976135254,valid,False,0.006667935626042977,0.0031872097009784206,0.04499653565059661,0.35650323809510565,0.5883431173862176,0.00021382653298059826,6.976033555063719e-05,1.525741462269951e-05,2.959633933760927e-06,1.5962397110698442e-07
P10,20,C,beta,1799551287-β-4,P10-T20-Cβ,12,55,G3,4,4,L4,L,False,55,True,L3,True,0.45449326924571626,False,0.44553494453430176,valid,False,0.00268947566546998,0.024882227442085167,0.4923466809191974,0.45449326924571626,0.025512871878818365,4.332996202798154e-05,2.5202378710834e-05,5.7370112315076735e-06,1.1582825913376276e-06,4.721415125269501e-08
P10,20,C,beta,1799551287-β-4,P10-T20-Cβ,13,62,D4,8,8,R1,R,False,62,True,R1,True,0.6277855429384195,False,0.5080780982971191,valid,False,0.00022237692361504007,0.0004057698827374506,8.063670113904864e-05,2.154090950830982e-05,1.8039052444154675e-06,0.6277855429384195,0.33102656071518055,0.03667878842906289,0.003604556054547776,0.0001724235405449367
P10,20,C,beta,1799551287-β-4,P10-T20-Cβ,14,64,E4,9,9,R2,R,False,64,True,R2,True,0.5409068065315543,False,0.37855982780456543,valid,False,2.0455909275740436e-05,1.835316716431031e-05,3.9001003418946095e-06,8.529983050787484e-07,7.434805856629049e-08,0.11159691765171606,0.5409068065315543,0.30897087058834116,0.03708627675932114,0.0013954919459217468
P10,20,C,beta,1799551287-β-4,P10-T20-Cβ,15,59,B3,6,6,L3,L,False,59,True,L3,True,0.8325886352500768,False,0.4363830089569092,valid,False,0.001526219702185012,0.06436304834404835,0.8325886352500768,0.08182147051946696,0.0005738080679090374,0.014148957029459322,0.00391392100055151,0.0009273165303195572,0.00013062034215479516,6.003213828678199e-06
P10,20,C,beta,1799551287-β-4,P10-T20-Cβ,16,62,D4,8,8,R5,R,False,62,True,R5,True,0.4816294348444982,False,0.6721127033233643,valid,False,0.0003063798213999248,0.0006686044874410407,9.605589772383395e-05,2.4653781340770495e-05,1.3839341685287445e-06,0.022114262557849346,0.019560237209762545,0.06518145597976988,0.4104175314860457,0.4816294348444982
P10,20,C,beta,1799551287-β-4,P10-T20-Cβ,17,60,C4,7,7,R5,R,False,60,True,R5,True,0.3870782800925497,True,0.5478229522705078,valid,False,0.001419891207562897,0.004288004187716976,0.0007251526799359767,0.00020984774116967927,1.003804350945874e-05,0.013445264290898753,0.018794170695290605,0.08195641638584143,0.4920729346755245,0.3870782800925497
P10,20,C,beta,1799551287-β-4,P10-T20-Cβ,18,57,A3,5,5,L5,L,False,57,True,L4,True,0.40237074867147654,False,0.5588419437408447,valid,False,0.010563175295854987,0.007840195233992644,0.08741953684421773,0.49145674223031394,0.40237074867147654,0.00017580596716596216,0.00011971682985310049,4.231447402084107e-05,1.1303689795083505e-05,4.6076330913537e-07
P10,20,C,beta,1799551287-β-4,P10-T20-Cβ,19,60,C4,7,7,L3,L,False,60,True,L3,True,0.7608696777211362,False,0.6246569156646729,valid,False,0.0008975612798552743,0.04103650727453442,0.7608696777211362,0.08100104791771624,0.0006404796641210928,0.030717652470370806,0.06371768106766255,0.017715892035190493,0.003301781237683365,0.00010171933172953706
P10,20,C,beta,1799551287-β-4,P10-T20-Cβ,20,57,A3,5,5,L5,L,False,57,True,L5,True,0.3201755736901521,True,0.7401649951934814,valid,False,0.0012283418956526542,0.004156229833842209,0.04008087327999413,0.6319874353111001,0.3201755736901521,0.0007181326423848872,0.0011839656368529202,0.0003863040648331069,8.117641847291456e-05,1.96722671510098e-06
P10,20,C,beta,1799551287-β-4,P10-T20-Cβ,21,53,F3,3,3,L4,L,False,53,True,L3,True,0.43646583250025783,False,0.44788384437561035,valid,False,0.007518602362858273,0.07305392436893257,0.43646583250025783,0.43646583250025783,0.04646549974062292,9.829984792786637e-06,1.4389019415922607e-05,4.886446612065473e-06,1.1577348437165202e-06,4.534140597175606e-08
P10,20,C,beta,1799551287-β-4,P10-T20-Cβ,22,50,D3,1,1,L3,L,False,50,True,L3,True,0.37570047892029124,True,1.7774162292480469,valid,False,0.018625443767417597,0.37570047892029124,0.37570047892029124,0.223361654600356,0.006611378814336323,1.9479137284592065e-07,2.6621460927682105e-07,8.345460115734562e-08,1.9772711603920275e-08,7.44012670006547e-10
P10,20,C,beta,1799551287-β-4,P10-T20-Cβ,23,55,G3,4,4,L2,L,False,55,True,L2,True,0.8616141290187359,False,0.4801371097564697,valid,False,0.011008019382039567,0.8616141290187359,0.11203457447094396,0.014567711292269851,0.0004671090785337569,0.00010154059501888248,0.00014643224108514037,4.777788154745096e-05,1.2262708199163733e-05,4.433316263733318e-07
P10,20,C,beta,1799551287-β-4,P10-T20-Cβ,24,64,E4,9,9,R4,R,False,64,True,R3,True,0.41509643485442227,False,0.43121910095214844,valid,False,1.5583798205958432e-05,1.87911602532468e-05,3.11511523570694e-06,4.753357632614027e-07,2.7771808525291758e-08,0.017254459732459662,0.13012699606049802,0.41509643485442227,0.41509643485442227,0.022387681316931012
P10,20,C,beta,1799551287-β-4,P10-T20-Cβ,25,60,C4,7,7,R5,R,False,60,True,R5,True,0.3886394792693372,True,0.7349658012390137,valid,False,0.0008539951325078371,0.0009633409551773494,0.000141232490934301,2.24301806928547e-05,1.95503364763531e-06,0.017861581571690367,0.017309122414602765,0.08014925514891177,0.494057607802498,0.3886394792693372
P10,20,C,beta,1799551287-β-4,P10-T20-Cβ,26,57,A3,5,5,L1,L,False,57,True,L1,True,0.4969921629967265,False,0.7246780395507812,valid,False,0.4969921629967265,0.4969921629967265,0.005632617517873698,0.0003037878318915075,1.4531657368212387e-05,3.947102487579307e-05,1.9045035050629728e-05,5.136282333415468e-06,1.0369975185540473e-06,4.7659635099647435e-08
P10,20,C,beta,1799551287-β-4,P10-T20-Cβ,27,50,D3,1,1,L3,L,False,50,True,L2,True,0.40142773355323624,False,1.467217206954956,valid,False,0.02981547416546907,0.40142773355323624,0.40142773355323624,0.15997659544036555,0.007352405407684075,2.7766782047839957e-08,2.0298319188032176e-08,7.772082014349626e-09,1.9165718282437858e-09,1.262536985261217e-10
P10,20,C,beta,1799551287-β-4,P10-T20-Cβ,28,53,F3,3,3,L1,L,False,53,True,L1,True,0.21295826738890059,True,0.45614004135131836,valid,False,0.21295826738890059,0.765934164379325,0.0193191381535805,0.001554410258576975,0.00022788736591422253,2.8134509836396556e-06,2.3841710546568662e-06,7.474046784952341e-07,1.770809153044077e-07,1.034607040626337e-08
P10,20,C,beta,1799551287-β-4,P10-T20-Cβ,29,62,D4,8,8,R4,R,False,62,True,R4,True,0.36675674618698706,True,0.46127796173095703,valid,False,0.00017477949292251394,0.00013871952520595383,1.8037521036197467e-05,3.4989190934244357e-06,1.6080772060893472e-07,0.0067173841231679896,0.14309560403323984,0.46623920196485036,0.36675674618698706,0.016855867425776105
P10,21,B,beta,1799551287-β-3,P10-T21-Bβ,0,62,D4,8,8,R3,R,False,62,True,R2,False,0.21122012586365657,False,0.590203046798706,valid,False,0.0007003454235272651,0.0035088905157783868,0.0006899136176976286,0.0001240011487905165,1.0388050126258761e-05,0.02746468067763014,0.7298951109633187,0.21122012586365657,0.025353095681809563,0.0010334480576649574
P10,21,B,beta,1799551287-β-3,P10-T21-Bβ,1,64,E4,9,9,R3,R,False,64,True,R3,True,0.4847999775274389,False,1.0622987747192383,valid,False,5.896391677449041e-05,0.00035177526314505894,8.93791228227994e-05,1.902799562870305e-05,1.3859894759769985e-06,0.010693725924152304,0.2734239567894973,0.4847999775274389,0.21783467170645643,0.01272713576460812
P10,21,B,beta,1799551287-β-3,P10-T21-Bβ,2,60,C4,7,7,L4,L,False,60,True,L4,True,0.6500044540116289,False,1.420112133026123,valid,False,0.001548023901342062,0.01106567242100495,0.3132644467276529,0.6500044540116289,0.013423128347128672,0.005868143395340149,0.003585791444336583,0.0010376714528118806,0.00018581182985274633,1.68564689012017e-05
P10,21,B,beta,1799551287-β-3,P10-T21-Bβ,3,57,A3,5,5,L4,L,False,57,True,L4,True,0.4891153221165563,False,0.9164390563964844,valid,False,0.0009327673423523515,0.010108560947094608,0.46993683601717395,0.4891153221165563,0.029743133368861446,8.178241222912464e-05,6.0361626078197376e-05,1.7467701956168546e-05,3.5266682023188614e-06,2.417994956065784e-07
P10,21,B,beta,1799551287-β-3,P10-T21-Bβ,4,60,C4,7,7,R3,R,False,60,True,R3,True,0.4919112002558559,False,1.1649858951568604,valid,False,0.001522373861956804,0.01941336209543962,0.00821341204161802,0.0014892880886381295,4.069289437800707e-05,0.008316971722506911,0.3717784873933474,0.4919112002558559,0.09542095542899433,0.0018932562172650114
P10,21,B,beta,1799551287-β-3,P10-T21-Bβ,5,65,F4,10,10,R2,R,False,65,True,R2,True,0.5301230758200235,False,0.6787869930267334,valid,False,1.718932654939755e-05,4.1588456410226604e-05,9.98280863514965e-06,2.0977481861394186e-06,8.550883945866264e-08,0.09335838884905961,0.5301230758200235,0.3280313549306181,0.046205978668117716,0.0022102578835606966
P10,21,B,beta,1799551287-β-3,P10-T21-Bβ,6,64,E4,9,9,R4,R,False,64,True,R4,True,0.4394128636276599,False,0.7746322154998779,valid,False,8.899744988354113e-05,0.0002524426921032289,6.114173624657358e-05,1.2344303652330823e-05,6.396684485151085e-07,0.006929842213786855,0.0927165887851744,0.40562919722725443,0.4394128636276599,0.054895942295790305
P10,21,B,beta,1799551287-β-3,P10-T21-Bβ,7,59,B3,6,6,L5,L,False,59,True,L5,True,0.7340691865565852,False,0.8467321395874023,valid,False,0.009696421084973511,0.004652376366704363,0.029922277916652883,0.22109739013394195,0.7340691865565852,0.00020734965681328465,0.00023659706883377533,9.05913344990164e-05,2.6215702486052793e-05,1.5941785099409545e-06
P10,21,B,beta,1799551287-β-3,P10-T21-Bβ,8,52,E3,2,2,L3,L,False,52,True,L3,True,0.5817475549672793,False,1.5960719585418701,valid,False,0.008953296114612559,0.1823698192444859,0.5817475549672793,0.21401296542421563,0.012915978584425683,1.839474927313277e-07,1.456996275977114e-07,4.3883884510194044e-08,1.1263271894126487e-08,8.707043103177622e-10
P10,21,B,beta,1799551287-β-3,P10-T21-Bβ,9,57,A3,5,5,L2,L,False,57,True,L2,True,0.9090994625010235,False,0.6464502811431885,valid,False,0.0510320827201334,0.9090994625010235,0.03420782803825438,0.005219776098070531,0.00024968741283566204,8.256685240093774e-05,7.827355346431008e-05,2.3575541249250463e-05,6.297859330626882e-06,4.494232373210665e-07
P10,21,B,beta,1799551287-β-3,P10-T21-Bβ,10,60,C4,7,7,R5,R,False,60,True,R5,True,0.7600054401406929,False,1.0962610244750977,valid,False,0.002292091701285914,0.0013679668566811626,0.0002087382073328908,4.386342679842431e-05,8.175001255135948e-06,0.011377203442764652,0.012403620727010432,0.03928701894342883,0.1730058815527495,0.7600054401406929
P10,21,B,beta,1799551287-β-3,P10-T21-Bβ,11,64,E4,9,9,R4,R,False,64,True,R3,True,0.40332884613752007,False,0.6756339073181152,valid,False,0.0001394301787896159,0.00017200224061569697,2.6245840085970166e-05,3.847822883563054e-06,4.2635092831764957e-07,0.009772156584252543,0.16314763787002362,0.40332884613752007,0.40332884613752007,0.020080560837380388
P10,21,B,beta,1799551287-β-3,P10-T21-Bβ,12,60,C4,7,7,L3,L,False,60,True,L3,True,0.7258948086809585,False,0.770510196685791,valid,False,0.0019184256026779512,0.15808373341774254,0.7258948086809585,0.08371390667203277,0.0007170606256912394,0.010397763890894772,0.013837815701572675,0.004167869994821476,0.0012061157989230477,6.249961468510952e-05
P10,21,B,beta,1799551287-β-3,P10-T21-Bβ,13,59,B3,6,6,L4,L,False,59,True,L4,True,0.5935059307342944,False,0.7550742626190186,valid,False,0.0006245185699030763,0.009546324077918403,0.36725161287682717,0.5935059307342944,0.026207541341520802,0.0012521705513365946,0.0011572508168835975,0.00034855724777600717,0.00010086696655464781,5.226816985359397e-06
P10,21,B,beta,1799551287-β-3,P10-T21-Bβ,14,62,D4,8,8,R4,R,False,62,True,R4,True,0.5177121201827873,False,0.8777408599853516,valid,False,0.0014699419137973995,0.0049999071148368575,0.0007940723787520691,9.531380077757721e-05,6.535014815743162e-06,0.011581619727780924,0.0700647164199648,0.3203516617058536,0.5177121201827873,0.0729241117406337
P10,21,B,beta,1799551287-β-3,P10-T21-Bβ,15,57,A3,5,5,L1,L,False,57,True,L1,True,0.5178734031203073,False,1.2661402225494385,valid,False,0.5178734031203073,0.47805740377923145,0.0032211254491848616,0.00028075603681680964,1.5142208297365054e-05,0.00025982273195693305,0.00019587684028861483,7.499984867379383e-05,2.085275545965972e-05,6.172297833001031e-07
P10,21,B,beta,1799551287-β-3,P10-T21-Bβ,16,60,C4,7,7,L2,L,False,60,True,L2,True,0.9020873825408267,False,0.6423089504241943,valid,False,0.012120499695870814,0.9020873825408267,0.03983362448013519,0.0023273060380317413,3.780595654564376e-05,0.016506728744987653,0.01862884883547928,0.006584453840402521,0.0018307237707441831,4.2626096976159994e-05
P10,21,B,beta,1799551287-β-3,P10-T21-Bβ,17,64,E4,9,9,R2,R,False,64,True,R2,True,0.5867139482356254,False,0.7191247940063477,valid,False,0.0012548519087183592,0.0021695882211349646,0.0001968206029021812,2.1808344432340432e-05,7.575184910133915e-07,0.12328976400092316,0.5867139482356254,0.2338166800417707,0.05113848729283793,0.001397293833163901
P10,21,B,beta,1799551287-β-3,P10-T21-Bβ,18,60,C4,7,7,R1,R,False,60,True,R1,True,0.6681658734493241,False,0.8192191123962402,valid,False,0.019334573629938148,0.10611638423370415,0.014361290916313576,0.0021054652335109262,0.00014435733737168242,0.6681658734493241,0.17149197221335483,0.016192310292759037,0.0020229087608596777,6.48639328639383e-05
P10,21,B,beta,1799551287-β-3,P10-T21-Bβ,19,57,A3,5,5,L5,L,False,57,True,L5,True,0.624606145438046,False,1.004382848739624,valid,False,0.000715212752380338,0.003666874489017178,0.05444120346476622,0.3164360868148869,0.624606145438046,9.407180926667567e-05,2.9514349322076537e-05,9.252340650212898e-06,1.529401622927582e-06,1.0914004147370944e-07
P10,21,B,beta,1799551287-β-3,P10-T21-Bβ,20,62,D4,8,8,R3,R,False,62,True,R2,True,0.43114827619395624,False,0.6582481861114502,valid,False,0.0014918087617612186,0.0035482412536972843,0.0005201968711101439,0.00011377323926713757,7.494784197019069e-06,0.014976047017174731,0.43114827619395624,0.43114827619395624,0.11517492495312834,0.0018709607317515856
P10,21,B,beta,1799551287-β-3,P10-T21-Bβ,21,65,F4,10,10,R2,R,False,65,True,R2,True,0.6173861129393655,False,0.9550049304962158,valid,False,1.841410729195962e-05,3.5782584976477405e-05,8.786793872349272e-06,2.255225342207909e-06,2.2162908072459442e-07,0.20144061413297282,0.6173861129393655,0.16492562570957997,0.015572314390288361,0.0006098724872297003
P10,21,B,beta,1799551287-β-3,P10-T21-Bβ,22,62,D4,8,8,R3,R,False,62,True,R3,True,0.4816195154851553,False,0.6761059761047363,valid,False,0.001064061355096842,0.0019292945449767948,0.00038951785081689776,9.605391941250663e-05,8.04386504237615e-06,0.012633110344456265,0.4104090787655912,0.4816195154851553,0.08976134403914258,0.0020899798303092034
P10,21,B,beta,1799551287-β-3,P10-T21-Bβ,23,64,E4,9,9,R4,R,False,64,True,R4,True,0.45041187283676476,False,0.5872189998626709,valid,False,0.00015265347667712916,0.00024418294430832144,4.9299686209532986e-05,1.2653295766105225e-05,1.0596278018257275e-06,0.0032876151947826464,0.10477433685608357,0.41578256242223627,0.45041187283676476,0.02528376365936979
P10,21,B,beta,1799551287-β-3,P10-T21-Bβ,24,59,B3,6,6,L3,L,False,59,True,L2,True,0.4672755863703475,False,0.7459189891815186,valid,False,0.006214710880952746,0.4672755863703475,0.4672755863703475,0.05608784959567866,0.0007764051491102656,0.0008204991416984097,0.0011582603768185479,0.0002972800082287668,8.953901779571635e-05,4.283089021677157e-06
P10,21,B,beta,1799551287-β-3,P10-T21-Bβ,25,60,C4,7,7,L5,L,False,60,True,L5,True,0.6532940147587352,False,0.9558918476104736,valid,False,0.0035375878526176362,0.01028305548209027,0.04852248410213911,0.2820339010645785,0.6532940147587352,0.00160197458311128,0.0005076450887580691,0.00017942953339492018,3.770461720499492e-05,2.202917370138404e-06
P10,21,B,beta,1799551287-β-3,P10-T21-Bβ,26,60,C4,7,7,R5,R,False,60,True,R5,True,0.27590200296219597,True,0.9710190296173096,valid,False,0.0031438027910431223,0.004137309680343277,0.0009048788070935422,0.0002322468976774355,3.1431199678000315e-05,0.020492228996504044,0.030815006187967578,0.09751885470879339,0.5668222377687037,0.27590200296219597
P10,21,B,beta,1799551287-β-3,P10-T21-Bβ,27,64,E4,9,9,R3,R,False,64,True,R2,True,0.4249403694767663,False,0.7766289710998535,valid,False,0.0001791243209334418,0.00033020184894788266,7.516638559455687e-05,2.089905893553447e-05,2.137643664322409e-06,0.031561841768760535,0.4603324067871996,0.4249403694767663,0.07919782623904087,0.0033600264701568786
P10,21,B,beta,1799551287-β-3,P10-T21-Bβ,28,59,B3,6,6,L3,L,False,59,True,L3,True,0.5108307425909197,False,0.6248571872711182,valid,False,0.010497014063987708,0.38607756988597186,0.5108307425909197,0.08788580554568255,0.002601370203427393,0.0012172016054946815,0.0006414899942533547,0.00020930522357771937,3.747948012381606e-05,2.0214065611778043e-06
P10,21,B,beta,1799551287-β-3,P10-T21-Bβ,29,55,G3,4,4,L4,L,False,55,True,L4,True,0.3177178102988378,True,0.8501670360565186,valid,False,0.014141689732985411,0.16753019435412364,0.47397927628431014,0.3177178102988378,0.026606714262514094,1.3400026345803811e-05,7.916260053277728e-06,2.4816381309755644e-06,4.813882695973297e-07,3.575442929340018e-08
P10,22,A,gamma,1799551287-γ-7,P10-T22-Aγ,0,69,A4,12,12,R3,R,False,69,True,R2,True,0.42635812528779343,False,3.243711233139038,valid,False,3.313145749060697e-07,4.3141934461680456e-07,8.399776747054006e-08,1.9901402781097103e-08,1.955782209855024e-09,0.0651689130614482,0.42635812528779343,0.42635812528779343,0.07946205902659496,0.0026519087474979196
P10,22,A,gamma,1799551287-γ-7,P10-T22-Aγ,1,72,C5,14,14,R4,R,False,72,True,R3,False,0.0822822501948627,False,0.7215011119842529,valid,False,6.56652833570852e-11,2.3889075189099663e-11,9.908780164314992e-12,2.25561181130804e-12,3.880664269141555e-13,0.010099765041592918,0.44149001885039785,0.4595075683178947,0.0822822501948627,0.00662039749314529
P10,22,A,gamma,1799551287-γ-7,P10-T22-Aγ,2,57,A3,5,5,L4,L,False,57,True,L2,False,0.003064348977954063,False,0.6105842590332031,valid,False,0.0073878380513093264,0.8624999936918964,0.05244867863065433,0.003064348977954063,8.044634340015444e-05,0.009958930717540277,0.05239044590956402,0.011021359267117201,0.001127310989564021,2.0647421000156178e-05
P10,22,A,gamma,1799551287-γ-7,P10-T22-Aγ,3,71,B4,13,13,R2,R,False,71,True,R4,False,0.15717297365364427,False,0.6506180763244629,valid,False,4.685955805960097e-09,1.3668213936587975e-09,3.1125508308368726e-10,9.374822945305824e-11,9.588963280592236e-12,0.01140200716987993,0.15717297365364427,0.3229013768897036,0.3943926323468005,0.11413100347260238
P10,22,A,gamma,1799551287-γ-7,P10-T22-Aγ,4,48,C3,0,0,L1,L,False,48,True,L3,False,0.0013815052684064575,False,1.1579320430755615,valid,False,0.0013815052684064575,0.05517982127037274,0.3763792692280988,0.3763792692280988,0.19068013336509787,1.4311566574831651e-09,1.5048496316932683e-10,4.910020287674357e-11,8.447437717613517e-12,7.362858641392491e-13
P10,22,A,gamma,1799551287-γ-7,P10-T22-Aγ,5,64,E4,9,9,R5,R,False,64,True,R2,False,0.0011168697172746539,False,0.4859471321105957,valid,False,5.257184401401136e-05,7.561557742647483e-05,6.674439001172146e-06,9.785192258861769e-07,1.1745325621288789e-07,0.036253280617683854,0.6996147854043786,0.23758605079837122,0.025293055629367796,0.0011168697172746539
P10,22,A,gamma,1799551287-γ-7,P10-T22-Aγ,6,72,C5,14,14,R2,R,False,72,True,R4,False,0.02904867280573334,False,0.914780855178833,valid,False,8.865295571324806e-10,1.2300667628645434e-10,2.4834619632330937e-11,7.785310062211596e-12,2.2529458637661195e-12,0.0009591132015349092,0.02904867280573334,0.15586227982597106,0.40706496656117575,0.40706496656117575
P10,22,A,gamma,1799551287-γ-7,P10-T22-Aγ,7,50,D3,1,1,L5,L,False,50,True,L3,False,0.03514631567114521,False,0.6112809181213379,valid,False,0.010264562504248375,0.2928087880419833,0.4732007870917738,0.18857952391225102,0.03514631567114521,1.8846834299250086e-08,3.1112679790508304e-09,6.804712905122111e-10,1.3199784971129644e-10,8.02679750733804e-12
P10,22,A,gamma,1799551287-γ-7,P10-T22-Aγ,8,60,C4,7,7,L3,L,False,60,True,R2,False,5.247942326813086e-05,False,0.5363729000091553,valid,False,0.0006851074335971806,0.00037256858997125245,5.247942326813086e-05,1.3469409550072993e-05,2.13917695592257e-06,0.02192699246161363,0.8064693362211093,0.1564389559464783,0.01363535260211843,0.0004035987353377521
P10,22,A,gamma,1799551287-γ-7,P10-T22-Aγ,9,71,B4,13,13,R5,R,False,71,True,R4,False,0.10098396621745646,False,0.6346828937530518,valid,False,2.4650913474273837e-09,6.129158132517496e-10,1.0544901762589175e-10,3.0515281498109784e-11,8.151708937570482e-12,0.0035769040709411237,0.15065037486897323,0.33527857516363296,0.40951017645687315,0.10098396621745646
P10,22,A,gamma,1799551287-γ-7,P10-T22-Aγ,10,52,E3,2,2,L5,L,False,52,True,L3,False,0.03712019905686859,False,0.5142929553985596,valid,False,0.008490233851305347,0.12552695092551122,0.4801801137162466,0.3486823271969879,0.03712019905686859,1.5984051388272182e-07,1.1818567696793295e-08,3.0333627675371658e-09,5.218744842668426e-10,3.876148532525857e-11
P10,22,A,gamma,1799551287-γ-7,P10-T22-Aγ,11,62,D4,8,8,L3,L,False,62,True,R2,False,4.6938248108922635e-06,False,0.43613409996032715,valid,False,9.019117823644591e-05,3.9104899842663094e-05,4.6938248108922635e-06,1.2047207228474843e-06,1.1374999954047022e-07,0.016419875073875257,0.7951195620219551,0.17390209976244037,0.01399209455980391,0.00043106020831299943
P10,22,A,gamma,1799551287-γ-7,P10-T22-Aγ,12,57,A3,5,5,L4,L,False,57,True,L2,False,0.004989184226911383,False,0.43215489387512207,valid,False,0.01524787146457377,0.9033970517631297,0.07573742430395596,0.004989184226911383,0.0001258420682036984,0.0004201654751194729,6.375373010642308e-05,1.6363081902801868e-05,2.214502323939582e-06,1.293837730561048e-07
P10,22,A,gamma,1799551287-γ-7,P10-T22-Aγ,13,67,G4,11,11,R2,R,False,67,True,R2,True,0.4490755412012026,False,0.41834497451782227,valid,False,2.187530208715087e-07,5.698007667776803e-08,9.049429117338116e-09,1.3808533460540437e-09,1.303804811357838e-10,0.018855947125916084,0.4490755412012026,0.4490755412012026,0.08041422728416842,0.0025784568937499354
P10,22,A,gamma,1799551287-γ-7,P10-T22-Aγ,14,62,D4,8,8,R2,R,False,62,True,R2,True,0.8500979474603046,False,0.39113616943359375,valid,False,0.00024172631637727087,0.00017646222911680442,2.118104873165185e-05,3.947596268802458e-06,2.6004693478194635e-07,0.04062697099924847,0.8500979474603046,0.10203864102790715,0.006458206031670832,0.00033465724343954926
P10,22,A,gamma,1799551287-γ-7,P10-T22-Aγ,15,55,G3,4,5,L1,L,False,57,False,L2,False,0.03321154358767574,False,0.4488379955291748,valid,False,0.03321154358767574,0.9188041146897603,0.04395089329299945,0.003397612398266487,0.00012784623185321708,0.0004588193452113212,3.850654504897442e-05,9.123269413045666e-06,1.44893416585991e-06,9.170560559397453e-08
P10,22,A,gamma,1799551287-γ-7,P10-T22-Aγ,16,57,A3,5,5,R3,R,False,57,True,L2,False,1.3854516511707945e-05,False,0.3643491268157959,valid,False,0.01657987114926852,0.9524075731260109,0.028813845046810553,0.001554036908675591,6.593116751702899e-05,0.0004967035922246083,6.593116751702899e-05,1.3854516511707945e-05,2.1140621397320074e-06,1.3926332429700213e-07
P10,22,A,gamma,1799551287-γ-7,P10-T22-Aγ,17,62,D4,8,8,L1,L,False,62,True,R2,False,0.00021186348222795281,False,0.38206982612609863,valid,False,0.00021186348222795281,0.00011804995143315865,7.178624939554311e-06,7.054692125188951e-07,9.17312522682503e-08,0.051591275211378546,0.8151340458402606,0.12438139026080201,0.008193593538644925,0.0003618058898484511
P10,22,A,gamma,1799551287-γ-7,P10-T22-Aγ,18,55,G3,4,4,L3,L,False,55,True,L2,False,0.040101086435914146,False,0.35448598861694336,valid,False,0.00988880616585637,0.9452065046975671,0.040101086435914146,0.004443327030860233,0.00029270307699411617,5.943583919970085e-05,6.291243249392694e-06,1.6147153803929433e-06,2.185279633519938e-07,1.2267015395390427e-08
P10,22,A,gamma,1799551287-γ-7,P10-T22-Aγ,19,53,F3,3,3,L5,L,False,53,True,L3,False,0.002040834436172888,False,0.33334803581237793,valid,False,0.003491640218686696,0.32811322978228746,0.5302553916719897,0.13609576081034494,0.002040834436172888,2.858679302646536e-06,2.062046906794502e-07,6.728042412519833e-08,1.0266327032632006e-08,6.49773992453664e-10
P10,22,A,gamma,1799551287-γ-7,P10-T22-Aγ,20,62,D4,8,8,R5,R,False,62,True,R2,False,0.00027538951811031546,False,0.38810110092163086,valid,False,0.00032235484805981336,0.0003714721557505404,4.373665444310553e-05,5.464029520433246e-06,2.720380112978369e-07,0.06532092591832511,0.8209245835585175,0.10674376532852267,0.005992035950739047,0.00027538951811031546
P10,22,A,gamma,1799551287-γ-7,P10-T22-Aγ,21,67,G4,11,11,R1,R,False,67,True,R2,False,0.015054797621097004,False,0.35856103897094727,valid,False,3.106399004709189e-07,1.4497373314806067e-07,2.2122740273526406e-08,4.838506269776718e-09,4.949027754922654e-10,0.015054797621097004,0.4553632687143442,0.4553632687143442,0.07231962228084622,0.0018985595995854054
P10,22,A,gamma,1799551287-γ-7,P10-T22-Aγ,22,57,A3,5,5,R3,R,False,57,True,L2,False,8.93194130367628e-06,False,0.39307093620300293,valid,False,0.020073069554958394,0.9356613786014685,0.039720939163985704,0.003903519115217585,0.00019434477306460167,0.0004122896454615651,2.427953373864603e-05,8.93194130367628e-06,1.1614088133587948e-06,8.626198833782118e-08
P10,22,A,gamma,1799551287-γ-7,P10-T22-Aγ,23,48,C3,0,0,L1,L,False,48,True,L3,False,0.0006032934053778478,False,0.754439115524292,valid,False,0.0006032934053778478,0.008549808394086174,0.33028229691214034,0.33028229691214034,0.33028229691214034,6.902190002634611e-09,4.047273258734211e-10,1.3205434876431166e-10,2.364646354818617e-11,1.496626493416485e-12
P10,22,A,gamma,1799551287-γ-7,P10-T22-Aγ,24,65,F4,10,10,R3,R,False,65,True,R2,True,0.45926102446287126,False,0.5071320533752441,valid,False,1.0517845734638252e-06,6.067030708443285e-07,7.117412127674595e-08,1.6863125030268908e-08,3.6881658952812382e-09,0.02410330109478473,0.45926102446287126,0.45926102446287126,0.0551258486781184,0.002247051088298011
P10,22,A,gamma,1799551287-γ-7,P10-T22-Aγ,25,67,G4,11,11,R1,R,False,67,True,R2,False,0.04071266687638482,False,0.39195704460144043,valid,False,2.2494682379939738e-07,8.72790473968447e-08,1.764376812476022e-08,4.016386590300413e-09,8.439876985091653e-10,0.04071266687638482,0.5869103499277533,0.3094733811093589,0.06003165955549875,0.0028716078009906193
P10,22,A,gamma,1799551287-γ-7,P10-T22-Aγ,26,59,B3,6,6,R4,R,False,59,True,L2,False,0.0001034838583737963,False,0.46007204055786133,valid,False,0.006144263215211106,0.9495257071007239,0.03418067287861732,0.002078528858320809,7.514470411080238e-05,0.0036383476863227665,0.003484813284080242,0.0007646480348577753,0.0001034838583737963,4.390379381378992e-06
P10,22,A,gamma,1799551287-γ-7,P10-T22-Aγ,27,57,A3,5,5,L5,L,False,57,True,L2,False,0.00023146986833970937,False,0.32540106773376465,valid,False,0.008424624558986047,0.9486411996530669,0.03873309597477358,0.0028768456333656436,0.00023146986833970937,0.00067270055064761,0.0003453124663489517,6.43572573294291e-05,9.820280702120569e-06,5.737564399797299e-07
P10,22,A,gamma,1799551287-γ-7,P10-T22-Aγ,28,60,C4,7,7,L2,L,False,60,True,R2,False,0.02852652434300765,False,0.3903028964996338,valid,False,0.003573870015163608,0.02852652434300765,0.00158349527800786,0.0001826167845994569,1.867881294569764e-05,0.054505672211225084,0.7784858020679363,0.12391980282938028,0.008843074453081615,0.000360463204652392
P10,22,A,gamma,1799551287-γ-7,P10-T22-Aγ,29,57,A3,5,5,R3,R,False,57,True,L2,False,7.151522340178222e-05,False,0.3150179386138916,valid,False,0.00896792516407432,0.9470512944244878,0.038174015542823826,0.0039045988969443326,0.0002471289689227094,0.001205048116596201,0.00036867309934151974,7.151522340178222e-05,9.299032307116369e-06,5.015311006479225e-07
P10,23,A,beta,1799551287-β-8,P10-T23-Aβ,0,62,D4,8,8,R3,R,False,62,True,R2,False,0.1501228307207299,False,1.194309949874878,valid,False,0.00015721673535895275,0.0003169667089508268,4.123177139177205e-05,9.768951182346183e-06,6.435272601405733e-07,0.08925110758292508,0.7435632482017545,0.1501228307207299,0.01598185203170866,0.0005551337687378961
P10,23,A,beta,1799551287-β-8,P10-T23-Aβ,1,59,B3,6,6,L3,L,False,59,True,L2,False,0.03542898119723188,False,0.4223501682281494,valid,False,0.009526350007281956,0.9389618168911639,0.03542898119723188,0.0025282570773237983,7.483498144800991e-05,0.007076724769891861,0.004794791205112002,0.0013875369030723745,0.00021172440278139276,8.982564692829274e-06
P10,23,A,beta,1799551287-β-8,P10-T23-Aβ,2,60,C4,7,7,R4,R,False,60,True,R2,False,0.005450253156634636,False,0.41724276542663574,valid,False,0.007173610623441434,0.01882064017377725,0.001778307480590322,0.00020508352544197102,8.35965649666807e-06,0.07135622907015131,0.8088892888849367,0.08611314390308772,0.005450253156634636,0.00020508352544197102
P10,23,A,beta,1799551287-β-8,P10-T23-Aβ,3,64,E4,9,9,R4,R,False,64,True,R2,False,0.009269157317299031,False,0.30239319801330566,valid,False,1.5206278691145156e-05,7.802527737798871e-06,2.084330603333824e-06,4.208190911627985e-07,7.23997632332437e-08,0.0741946816080427,0.8178610618710002,0.09816919515248541,0.009269157317299031,0.00048031769528608404
P10,23,A,beta,1799551287-β-8,P10-T23-Aβ,4,60,C4,7,7,L5,L,False,60,True,R2,False,1.8562502514670015e-05,False,0.3752319812774658,valid,False,0.003530787862469991,0.003606159457492113,0.000735936289669727,0.00016752683577817657,1.8562502514670015e-05,0.11454817842920031,0.7871688333621925,0.08591756354015954,0.0041098571575543,0.00019659456296855
P10,23,A,beta,1799551287-β-8,P10-T23-Aβ,5,60,C4,7,7,R2,R,False,60,True,R2,True,0.8151149384128883,False,0.3643341064453125,valid,False,0.0032002986920027956,0.002893085605262245,0.0007141438488370222,0.00021509599374241366,3.0298082024999396e-05,0.11180584732340822,0.8151149384128883,0.06301224874546459,0.002895996112126222,0.00011804718424304456
P10,23,A,beta,1799551287-β-8,P10-T23-Aβ,6,57,A3,5,5,L2,L,False,57,True,L2,True,0.9028948316614847,False,0.3306429386138916,valid,False,0.049820450820969205,0.9028948316614847,0.0398950028694327,0.005187495793603439,0.0004521465503259224,0.0014658186848969354,0.00020316254108712175,6.899308993184266e-05,1.1404481060705539e-05,6.935072075096156e-07
P10,23,A,beta,1799551287-β-8,P10-T23-Aβ,7,55,G3,4,4,L3,L,False,55,True,L2,False,0.08426608112317319,False,0.3032047748565674,valid,False,0.015089202546324017,0.8924579742623738,0.08426608112317319,0.007644446411213871,0.00048383053149623524,4.983292636678858e-05,6.1825740881398095e-06,2.099574497300619e-06,3.3344901758101626e-07,1.6601449035503123e-08
P10,23,A,beta,1799551287-β-8,P10-T23-Aβ,8,50,D3,1,1,L2,L,False,50,True,L3,False,0.0334400494775587,False,0.7547810077667236,valid,False,0.0014783226538593545,0.0334400494775587,0.3968735210604162,0.3968735210604162,0.17133447551213418,9.968054994857094e-08,7.382617135412776e-09,2.7159130661583662e-09,4.3133432269742684e-10,2.5200995056944067e-11
P10,23,A,beta,1799551287-β-8,P10-T23-Aβ,9,55,G3,4,4,L3,L,False,55,True,L2,False,0.0880304473554708,False,0.3526170253753662,valid,False,0.008651067703978102,0.8957691613072054,0.0880304473554708,0.007082895176206598,0.00041382286762662094,4.647755741343507e-05,4.329439233247612e-06,1.530260567247401e-06,2.5295037045532957e-07,1.5381927868460692e-08
P10,23,A,beta,1799551287-β-8,P10-T23-Aβ,10,60,C4,7,7,R2,R,False,60,True,R2,True,0.7875803595633076,False,0.46858978271484375,valid,False,0.004260117402461663,0.050897440565479395,0.005552505474030406,0.000693675687104409,2.5078340407758218e-05,0.05720655801739041,0.7875803595633076,0.08772871445903659,0.005779107521133061,0.00027644296964849063
P10,23,A,beta,1799551287-β-8,P10-T23-Aβ,11,64,E4,9,9,R4,R,False,64,True,R2,False,0.017521073336346626,False,0.29364585876464844,valid,False,4.7881365091318e-05,5.7464055241977304e-05,9.88639555882624e-06,1.770318769448308e-06,1.2137863869189598e-07,0.08337965603062468,0.7832127317286841,0.11482443930055529,0.017521073336346626,0.0009449760904891244
P10,23,A,beta,1799551287-β-8,P10-T23-Aβ,12,60,C4,7,7,R3,R,False,60,True,R2,False,0.06911827853995402,False,0.40769410133361816,valid,False,0.003940048837526982,0.008987360656686195,0.0010364684555450561,0.00019317074709935847,1.3784909754165816e-05,0.05378792468641425,0.8590432060538957,0.06911827853995402,0.0037278036215127857,0.00015195349161139645
P10,23,A,beta,1799551287-β-8,P10-T23-Aβ,13,57,A3,5,5,L5,L,False,57,True,L2,False,0.0003566049422979762,False,0.3395252227783203,valid,False,0.03526022685018886,0.9058495981918563,0.05084965235789518,0.006611914744713222,0.0003566049422979762,0.0008754738438292523,0.00014211385965058796,4.636888093988126e-05,7.664724467441495e-06,3.8160416108134924e-07
P10,23,A,beta,1799551287-β-8,P10-T23-Aβ,14,60,C4,7,7,L3,L,False,60,True,R2,False,0.0011645078643716695,False,0.37838101387023926,valid,False,0.00531804964673462,0.008604613937488192,0.0011645078643716695,0.0001849441417007757,1.3736463173895415e-05,0.06670381298445652,0.8560241289340579,0.05869171431188728,0.00316546056681916,0.0001290311493101572
P10,23,A,beta,1799551287-β-8,P10-T23-Aβ,15,57,A3,5,5,L4,L,False,57,True,L2,False,0.006156195454737336,False,0.29111313819885254,valid,False,0.03150702391950097,0.9136604154904912,0.04734489339430003,0.006156195454737336,0.0003190073823681453,0.0008656179245294572,0.0001000044059719469,3.985365997216674e-05,6.587765684960303e-06,4.006024438626977e-07
P10,23,A,beta,1799551287-β-8,P10-T23-Aβ,16,60,C4,7,7,L2,L,False,60,True,R2,False,0.009374975688598353,False,0.3734869956970215,valid,False,0.004006023556993491,0.009374975688598353,0.0010811702060164984,0.00015850707944992364,1.0441614933610057e-05,0.0670881571154761,0.8609564983931114,0.05449145926402421,0.0027129700078426465,0.0001197970735538831
P10,23,A,beta,1799551287-β-8,P10-T23-Aβ,17,64,E4,9,9,R2,R,False,64,True,R2,True,0.7810729680125446,False,0.3103461265563965,valid,False,7.676130537797079e-05,8.213989690471487e-05,1.1570096172615577e-05,1.6297454767792555e-06,1.1174049035665328e-07,0.10156191113265717,0.7810729680125446,0.10156191113265717,0.014889683259311457,0.0007413136784071787
P10,23,A,beta,1799551287-β-8,P10-T23-Aβ,18,59,B3,6,6,L1,L,False,59,True,L2,False,0.011364823393574633,False,0.3702538013458252,valid,False,0.011364823393574633,0.9597999526241388,0.01866273552069186,0.001908903097875849,6.120837715476768e-05,0.005656275894112505,0.0019868069111584103,0.0004899405522298654,6.63062434051312e-05,3.0473856580904196e-06
P10,23,A,beta,1799551287-β-8,P10-T23-Aβ,19,55,G3,4,4,L2,L,False,55,True,L2,True,0.8743244948719138,False,0.2899341583251953,valid,False,0.011628413960102425,0.8743244948719138,0.10083157819764632,0.012102978536443782,0.0010549059144625247,4.6699222204266666e-05,8.341198085000783e-06,2.2282284691936562e-06,3.400056177647598e-07,1.986505464957757e-08
P10,23,A,beta,1799551287-β-8,P10-T23-Aβ,20,60,C4,7,7,L3,L,False,60,True,R2,False,0.0011980600607785143,False,0.3982100486755371,valid,False,0.006591510544808074,0.015497886079279296,0.0011980600607785143,0.0001438051001497799,1.3045704358167039e-05,0.10373367485595832,0.803390385056832,0.06541186294710323,0.0038217316546631623,0.00019803799606937485
P10,23,A,beta,1799551287-β-8,P10-T23-Aβ,21,64,E4,9,9,R2,R,False,64,True,R2,True,0.7886123611617627,False,0.30142998695373535,valid,False,6.395730452277163e-05,8.631731153393425e-05,1.0360807472148865e-05,1.8552698832903116e-06,1.1281907778956479e-07,0.10254224870465564,0.7886123611617627,0.09465842597451145,0.013333436409641315,0.0006909242369390101
P10,23,A,beta,1799551287-β-8,P10-T23-Aβ,22,60,C4,7,7,R3,R,False,60,True,R2,False,0.0798004889329662,False,0.4051539897918701,valid,False,0.0056630014523330885,0.03856185480059005,0.0023620493985374146,0.00030713423832298134,1.2028573090988545e-05,0.059604508827229646,0.8092095612996553,0.0798004889329662,0.004303934616526116,0.00017543786074838906
P10,23,A,beta,1799551287-β-8,P10-T23-Aβ,23,57,A3,5,5,L2,L,False,57,True,L2,True,0.8988970620540843,False,0.3523828983306885,valid,False,0.02429577649303854,0.8988970620540843,0.0668754750235391,0.008695731806693158,0.0007579273883564084,0.0003214966034996107,0.0001203720769947053,2.9683388730239604e-05,5.992972826917174e-06,4.821922369143898e-07
P10,23,A,beta,1799551287-β-8,P10-T23-Aβ,24,62,D4,8,8,R4,R,False,62,True,R2,False,0.00912031703559946,False,0.36536192893981934,valid,False,0.0009327656830853856,0.001185903066941546,0.0001542014470211807,2.5489327754761075e-05,2.406708015728242e-06,0.09779363282627676,0.8047281883342868,0.08567015936189384,0.00912031703559946,0.0003869362091245202
P10,23,A,beta,1799551287-β-8,P10-T23-Aβ,25,59,B3,6,6,L1,L,False,59,True,L2,False,0.02401266015195324,False,0.31665468215942383,valid,False,0.02401266015195324,0.9404172199173397,0.02021295282296106,0.0021518407266208303,0.0001361938048161266,0.008150538259386407,0.0037671683851122698,0.0009668843646377872,0.0001731362586515402,1.1405308520976389e-05
P10,23,A,beta,1799551287-β-8,P10-T23-Aβ,26,60,C4,7,7,L2,L,False,60,True,R2,False,0.032254392084828054,False,0.36763691902160645,valid,False,0.006269632277974835,0.032254392084828054,0.0030508981050545443,0.00035184519324021093,2.1395728235319125e-05,0.056360005734570846,0.825043413973157,0.07191148645500028,0.004551405143107318,0.00018552530483152555
P10,23,A,beta,1799551287-β-8,P10-T23-Aβ,27,60,C4,7,7,R2,R,False,60,True,R2,True,0.8243705674924974,False,0.33510398864746094,valid,False,0.006437457607083049,0.02585423851939833,0.0031728179830499328,0.00042939422039428083,3.3194208755432944e-05,0.07238573313298956,0.8243705674924974,0.06372775274910322,0.003437072689124535,0.00015177139760439888
P10,23,A,beta,1799551287-β-8,P10-T23-Aβ,28,65,F4,10,10,R2,R,False,65,True,R3,False,0.3899972665431638,False,0.3853611946105957,valid,False,1.1729382739727746e-05,1.3356378223297966e-05,1.961863936240196e-06,3.115781807256599e-07,2.8265734845070532e-08,0.022073011784161937,0.3899972665431638,0.49578369372066733,0.08877807623189148,0.0033405642513006785
P10,23,A,beta,1799551287-β-8,P10-T23-Aβ,29,62,D4,8,8,R4,R,False,62,True,R2,False,0.005068192396825831,False,0.30763697624206543,valid,False,0.0007542944103959212,0.0014064166909405996,0.0001832295070195815,3.028763379972624e-05,2.6398959507528194e-06,0.02945855100933735,0.8826989696951326,0.0800766439014156,0.005068192396825831,0.00032077485918199293
P10,24,A,gamma,1799551287-γ-5,P10-T24-Aγ,0,52,E3,2,2,L1,L,False,52,True,L3,False,0.01254276237583287,False,1.0274128913879395,valid,False,0.01254276237583287,0.16539727859703698,0.4510351278665613,0.3146765309389202,0.056347914233384255,2.1365524781346991e-07,1.2237080045851076e-07,3.992711964145987e-08,9.459842967283997e-09,5.752536432652672e-10
P10,24,A,gamma,1799551287-γ-5,P10-T24-Aγ,1,59,B3,6,6,L4,L,False,59,True,R2,False,0.00040503636425483604,False,0.42958998680114746,valid,False,0.006928575420387946,0.006587976600910969,0.0010578320441324764,0.00040503636425483604,3.39190516248356e-05,0.03422835851867464,0.7749123002078337,0.16340333175201247,0.012136550141365839,0.0003061198988021439
P10,24,A,gamma,1799551287-γ-5,P10-T24-Aγ,2,72,C5,14,,R1,R,True,,False,,,,False,,valid,False,,,,,,,,,,
P10,24,A,gamma,1799551287-γ-5,P10-T24-Aγ,3,64,E4,9,9,R2,R,False,64,True,R2,True,0.6465944959925226,False,0.6831338405609131,valid,False,0.0003433163741559256,0.0002955863453664063,1.4871916443223054e-05,1.6413188409349226e-06,8.684788573558243e-08,0.12995986388183337,0.6465944959925226,0.20269843912840896,0.019138831864046475,0.0009528663304963353
P10,24,A,gamma,1799551287-γ-5,P10-T24-Aγ,4,67,G4,11,11,R4,R,False,67,True,R2,False,0.048080863808926844,False,0.5294551849365234,valid,False,8.194595639911548e-08,3.5459628149228e-08,1.3577239357662266e-08,5.861437109818279e-09,9.308983550689275e-10,0.033507112140807184,0.5741463081809868,0.3413417777548243,0.048080863808926844,0.0029238003392954163
P10,24,A,gamma,1799551287-γ-5,P10-T24-Aγ,5,62,D4,8,8,R3,R,False,62,True,R2,False,0.11225358512202711,False,0.38448119163513184,valid,False,8.772000815591128e-05,6.321987239934563e-05,1.6920328075934974e-05,5.9805691787178195e-06,8.093820237179323e-07,0.05249723307307113,0.8294480377727453,0.11225358512202711,0.005369637839639757,0.0002568560326830338
P10,24,A,gamma,1799551287-γ-5,P10-T24-Aγ,6,72,C5,14,14,R5,R,False,72,True,R2,False,0.057983349903187445,False,2.9077491760253906,valid,False,6.730487677921453e-11,1.9755298535511405e-11,7.267568185418948e-12,2.0206550391334006e-12,4.4194127648836764e-13,0.0028545342138920184,0.33702459123001643,0.33702459123001643,0.2651129333260973,0.057983349903187445
P10,24,A,gamma,1799551287-γ-5,P10-T24-Aγ,7,55,G3,4,4,L5,L,False,55,True,L2,False,0.0005091101755919635,False,0.501079797744751,valid,False,0.011496908777525685,0.8668874640793152,0.1127202594309011,0.008372137005181041,0.0005091101755919635,1.2597881672386007e-05,1.0310561648911627e-06,3.956063800331381e-07,9.005492186063181e-08,5.932345862458014e-09
P10,24,A,gamma,1799551287-γ-5,P10-T24-Aγ,8,64,E4,9,9,R2,R,False,64,True,R2,True,0.8134249118484292,False,0.46733522415161133,valid,False,7.676691393786636e-06,4.801886678932675e-06,1.1377002482850545e-06,3.0391989937225085e-07,5.8954394933272806e-08,0.03891009077009766,0.8134249118484292,0.13445823358028738,0.012695576425231288,0.0004972082233389313
P10,24,A,gamma,1799551287-γ-5,P10-T24-Aγ,9,59,B3,6,6,L3,L,False,59,True,L2,False,0.12797652764725928,False,0.530811071395874,valid,False,0.005575574054428931,0.8551140189797498,0.12797652764725928,0.007183932027814857,0.0002495357392275497,0.0032118553903442448,0.0005335763373543652,0.00013694811730940393,1.7108957355660194e-05,9.227491560553029e-07
P10,24,A,gamma,1799551287-γ-5,P10-T24-Aγ,10,71,B4,13,13,R4,R,False,71,True,R3,False,0.3416024383208481,False,0.618366003036499,valid,False,4.535356447866574e-09,1.1843074315644324e-09,2.695930060570978e-10,5.229566271628448e-11,7.366284471235418e-12,0.004365128378890427,0.25817756892452925,0.3416024383208481,0.3416024383208481,0.054252420005965224
P10,24,A,gamma,1799551287-γ-5,P10-T24-Aγ,11,57,A3,5,5,L1,L,False,57,True,L2,False,0.012239538724232987,False,0.4005157947540283,valid,False,0.012239538724232987,0.946933876155995,0.037085618991450596,0.003501632422545796,0.00012163010892642028,0.00011049620329998226,5.160247508906712e-06,1.7523969652451625e-06,2.673984382548015e-07,2.735063713386601e-08
P10,24,A,gamma,1799551287-γ-5,P10-T24-Aγ,12,65,F4,10,10,R1,R,False,65,True,R2,False,0.023040288538307457,False,0.4940788745880127,valid,False,5.132087438081814e-06,3.1252527614934886e-06,4.5818381325204805e-07,7.276757390454431e-08,5.625278413379437e-09,0.023040288538307457,0.7588164255817216,0.19475841335492478,0.02246053759333771,0.0009155410148433946
P10,24,A,gamma,1799551287-γ-5,P10-T24-Aγ,13,69,A4,12,12,R5,R,False,69,True,R2,False,0.00687718225286476,False,0.3847200870513916,valid,False,6.757839056779163e-08,2.6146610636740736e-08,4.322005669015965e-09,7.739249064023231e-10,6.745595380966081e-11,0.008282563989881146,0.4233541284007301,0.4233541284007301,0.13813189806740608,0.00687718225286476
P10,24,A,gamma,1799551287-γ-5,P10-T24-Aγ,14,52,E3,2,2,L1,L,False,52,True,L3,False,0.008186562902365172,False,0.5761551856994629,valid,False,0.008186562902365172,0.2818851682123799,0.47486757491039344,0.20500532932406368,0.030055208552732963,1.4314914090569412e-07,9.569170584929521e-09,2.9998027408837214e-09,3.4595261418272684e-10,3.399800384493885e-11
P10,24,A,gamma,1799551287-γ-5,P10-T24-Aγ,15,53,F3,3,3,L5,L,False,53,True,L2,False,0.001327459262917954,False,0.6446409225463867,valid,False,0.01717177051893213,0.7675984820434089,0.18928745519809037,0.02461280378486549,0.001327459262917954,1.8702450301458512e-06,1.1895881545075565e-07,3.442480377617271e-08,5.046915903558096e-09,5.162197895554693e-10
P10,24,A,gamma,1799551287-γ-5,P10-T24-Aγ,16,60,C4,7,7,R1,R,False,60,True,L2,False,0.03432762496974332,False,0.4744908809661865,valid,False,0.008791339301768222,0.7883044905226125,0.02851444067249859,0.00125911695916886,3.175867537572398e-05,0.03432762496974332,0.11161008258100558,0.024298403514915187,0.0026923398526150365,0.00017040295029714016
P10,24,A,gamma,1799551287-γ-5,P10-T24-Aγ,17,52,E3,2,2,L3,L,False,52,True,L3,True,0.441944395940231,False,0.7287769317626953,valid,False,0.009286321304506745,0.37660017206889196,0.441944395940231,0.1441975267421818,0.02797144233569045,1.2890001238949708e-07,9.269177338006887e-09,3.0243452781694157e-09,3.778320973634865e-10,3.713091496432604e-11
P10,24,A,gamma,1799551287-γ-5,P10-T24-Aγ,18,62,D4,8,8,L1,L,False,62,True,R2,False,0.00035032311116892345,False,0.5429768562316895,valid,False,0.00035032311116892345,0.0008496348597148747,7.211330739998896e-05,1.1920249539199697e-05,1.0389790994759364e-06,0.023818993697845584,0.7778463451462503,0.18318257204069213,0.013072140901427944,0.0007949177068615059
P10,24,A,gamma,1799551287-γ-5,P10-T24-Aγ,19,62,D4,8,8,R2,R,False,62,True,R2,True,0.8347901673854365,False,0.38219785690307617,valid,False,0.00044678679962328595,0.0004902599083624067,5.653928327200405e-05,1.141508442253109e-05,8.47839165680086e-07,0.06165961146949152,0.8347901673854365,0.09627227709510994,0.005854323199225973,0.0004177719358901692
P10,24,A,gamma,1799551287-γ-5,P10-T24-Aγ,20,57,A3,5,5,R4,R,False,57,True,L2,False,1.602816166879039e-06,False,0.36657285690307617,valid,False,0.010295613364801972,0.9382410579379094,0.04671227169709169,0.003911836306653497,0.00014142395984381422,0.0006186208345722347,6.354588137797664e-05,1.3898239624218883e-05,1.602816166879039e-06,1.2896195847888026e-07
P10,24,A,gamma,1799551287-γ-5,P10-T24-Aγ,21,64,E4,9,9,R1,R,False,64,True,R2,False,0.058057275612026185,False,0.3187289237976074,valid,False,3.5778222293499616e-05,3.1474739793553474e-05,3.629828176333077e-06,3.712740955299344e-07,2.649459081041506e-08,0.058057275612026185,0.8467707813060664,0.08661127763578688,0.007857197838899654,0.0006321870482711418
P10,24,A,gamma,1799551287-γ-5,P10-T24-Aγ,22,53,F3,3,3,L2,L,False,53,True,L2,True,0.7279704456260099,False,0.36053013801574707,valid,False,0.008005932633643048,0.7279704456260099,0.23752204749049702,0.025286241932936177,0.0012095645885855663,5.156155835129349e-06,4.7616813119883437e-07,1.2221368251401564e-07,1.2010376790565352e-08,1.1803027916682649e-09
P10,24,A,gamma,1799551287-γ-5,P10-T24-Aγ,23,57,A3,5,5,R3,R,False,57,True,L2,False,6.839554489551054e-06,False,0.37727904319763184,valid,False,0.01223549451155204,0.9485811268241436,0.03569345424257947,0.0029890849908010566,9.584406964826753e-05,0.0003659383911535718,3.127198336067299e-05,6.839554489551054e-06,8.544669937233803e-07,9.096527819322746e-08
P10,24,A,gamma,1799551287-γ-5,P10-T24-Aγ,24,60,C4,7,7,L5,L,False,60,True,R2,False,4.518556662320205e-05,False,0.4567251205444336,valid,False,0.0033088581762430263,0.026058242212807094,0.002781589242613168,0.00045979360929308165,4.518556662320205e-05,0.04807881845729639,0.8070299846490668,0.10595584326674706,0.005947806132669491,0.00033387868664080803
P10,24,A,gamma,1799551287-γ-5,P10-T24-Aγ,25,53,F3,3,3,L3,L,False,53,True,L2,True,0.42095503251155997,False,0.40639495849609375,valid,False,0.0060821433025367005,0.42095503251155997,0.42095503251155997,0.14295444553864564,0.009047839653012837,4.852585971354308e-06,4.449832205408284e-07,1.7733428634862986e-07,2.9313160376996965e-08,2.2660462545165717e-09
P10,24,A,gamma,1799551287-γ-5,P10-T24-Aγ,26,60,C4,7,7,L2,L,False,60,True,R2,False,0.006599907754400368,False,0.40488696098327637,valid,False,0.0025311753800306876,0.006599907754400368,0.0011818200581516678,0.00021162396533775594,1.141366077178791e-05,0.03999696658782427,0.8687502392969594,0.07572101056492299,0.004792516660633012,0.00020332607096805339
P10,24,A,gamma,1799551287-γ-5,P10-T24-Aγ,27,60,C4,7,7,R1,R,False,60,True,R2,False,0.09403042395888957,False,0.38550877571105957,valid,False,0.005825838275216632,0.025769443593021246,0.0034897475285515394,0.0006503981222698549,6.141073587117562e-05,0.09403042395888957,0.8041850402057965,0.062167315801493664,0.003632166826927701,0.00018821495196208912
P10,24,A,gamma,1799551287-γ-5,P10-T24-Aγ,28,59,B3,6,6,L4,L,False,59,True,L2,False,0.001401965190641129,False,0.3945450782775879,valid,False,0.011055967303068327,0.9513432753673606,0.02215082983105778,0.001401965190641129,5.275350622816609e-05,0.008959835466632898,0.003966463770890506,0.0009029166438636562,0.00015534217103708845,1.0650749219476105e-05
P10,24,A,gamma,1799551287-γ-5,P10-T24-Aγ,29,64,E4,9,9,R5,R,False,64,True,R2,False,0.0010604410348408833,False,0.31244492530822754,valid,False,5.77274842954672e-05,0.00011289296655154743,4.421328299438267e-06,4.522320577369989e-07,4.102556668975995e-08,0.03442162126877645,0.8113381261497471,0.13411329022433852,0.01889098628552615,0.0010604410348408833
P10,25,A,alpha,1799551287-α-7,P10-T25-Aα,0,60,C4,7,7,L3,L,False,60,True,R2,False,0.0004939642664849489,False,1.1526646614074707,valid,False,0.0011709791839666986,0.002326112169321262,0.0004939642664849489,0.00012182347476930155,1.2969144922223482e-05,0.021217319163118347,0.7168150014610362,0.23388225145942063,0.022984447460138183,0.0009751322168224404
P10,25,A,alpha,1799551287-α-7,P10-T25-Aα,1,59,B3,6,6,L4,L,False,59,True,L2,False,0.0018133364287855722,False,0.5096728801727295,valid,False,0.014727735354135704,0.8962068960013809,0.03230327050892858,0.0018133364287855722,5.367373406141537e-05,0.02110196972220145,0.02634461048067981,0.006521917835592123,0.000882645597525776,4.394433670860989e-05
P10,25,A,alpha,1799551287-α-7,P10-T25-Aα,2,64,E4,9,9,R1,R,False,64,True,R2,False,0.06983228654820661,False,0.30580925941467285,valid,False,3.974712715089369e-05,3.2260763509799e-05,3.872311981104157e-06,3.512882174238391e-07,1.748961049770573e-08,0.06983228654820661,0.8338857985751421,0.08529334739861089,0.01023789938944868,0.0006744191081221528
P10,25,A,alpha,1799551287-α-7,P10-T25-Aα,3,65,F4,10,10,R2,R,False,65,True,R2,True,0.8292920552261932,False,0.6053218841552734,valid,False,5.03512332857035e-06,2.1997147003530487e-06,3.2249348977223393e-07,3.719160074196999e-08,2.992421570084525e-09,0.07226022940818848,0.8292920552261932,0.08828519189297725,0.00939870948776169,0.0007562164693384055
P10,25,A,alpha,1799551287-α-7,P10-T25-Aα,4,64,E4,9,9,R3,R,False,64,True,R2,False,0.10618371987321931,False,0.3317129611968994,valid,False,2.9081494155069736e-05,1.9549038021834943e-05,3.500570933945299e-06,4.3732706959397595e-07,3.248184630873368e-08,0.036059516165280886,0.8499442849295359,0.10618371987321931,0.007280290754342202,0.00047958736559510417
P10,25,A,alpha,1799551287-α-7,P10-T25-Aα,5,62,D4,8,8,R2,R,False,62,True,R2,True,0.8735969742768507,False,0.3495168685913086,valid,False,0.0003665204319756617,0.0007065361866777425,8.148137124638185e-05,1.0179485000041956e-05,4.14938243966429e-07,0.030344617114846522,0.8735969742768507,0.08935517350300147,0.005220635519286377,0.000317467172871242
P10,25,A,alpha,1799551287-α-7,P10-T25-Aα,6,64,E4,9,9,R4,R,False,64,True,R2,False,0.009071634452577072,False,0.2798781394958496,valid,False,7.590673476412773e-05,0.0001415860601475084,2.075750215823124e-05,2.8092224338688242e-06,1.2910977482242992e-07,0.05711989342069911,0.8330989745916639,0.09999822663146214,0.009071634452577072,0.00047008227431933697
P10,25,A,alpha,1799551287-α-7,P10-T25-Aα,7,60,C4,7,7,L3,L,False,60,True,R2,False,0.002259343827041027,False,0.34380125999450684,valid,False,0.002461422651375087,0.016414344207060838,0.002259343827041027,0.0003057689367614898,1.2463815770520016e-05,0.030698407273130113,0.8414061068639213,0.10099534524636126,0.005233469430152044,0.00021332774842640174
P10,25,A,alpha,1799551287-α-7,P10-T25-Aα,8,59,B3,6,6,L2,L,False,59,True,L2,True,0.9285309485925078,False,0.3119332790374756,valid,False,0.010835091340902067,0.9285309485925078,0.040775168756681315,0.002580732535773135,6.0089106339991276e-05,0.011423863116201978,0.00489430990869393,0.0008090239865190015,8.612748361175368e-05,4.645172769082861e-06
P10,25,A,alpha,1799551287-α-7,P10-T25-Aα,9,62,D4,8,8,R5,R,False,62,True,R2,False,0.0002934874706102612,False,0.33261919021606445,valid,False,0.0006101605305407253,0.00233513608362753,0.00015475371980434765,1.4038940724573636e-05,6.452192798413983e-07,0.05318861575202846,0.8405695264743838,0.09693878238156521,0.005894853427435357,0.0002934874706102612
P10,25,A,alpha,1799551287-α-7,P10-T25-Aα,10,64,E4,9,9,R4,R,False,64,True,R2,False,0.01067654008419607,False,0.2929248809814453,valid,False,9.329235495602582e-05,0.00038562548605247134,2.866864732333787e-05,2.400805000221387e-06,8.679589924727732e-08,0.03020624886061397,0.8355154325423795,0.12249237937806375,0.01067654008419607,0.0005993250455154686
P10,25,A,alpha,1799551287-α-7,P10-T25-Aα,11,60,C4,7,7,L2,L,False,60,True,L2,True,0.8127978287472633,False,0.3723030090332031,valid,False,0.010891457635739779,0.8127978287472633,0.02208924420018449,0.0015763165096662028,3.820040360988282e-05,0.07475670189487668,0.06770031293450102,0.009162241026198004,0.0009371525551012154,5.0544092859558566e-05
P10,25,A,alpha,1799551287-α-7,P10-T25-Aα,12,59,B3,6,6,L3,L,False,59,True,L2,False,0.027121669395415188,False,0.31732821464538574,valid,False,0.005982241919362748,0.9562931698638453,0.027121669395415188,0.0018595471996792135,4.329721421219754e-05,0.006984157061966022,0.0014054155399870728,0.0002726225658829689,3.544876079813122e-05,2.430478851180391e-06
P10,25,A,alpha,1799551287-α-7,P10-T25-Aα,13,62,D4,8,8,R1,R,False,62,True,R2,False,0.046128094050896754,False,0.3510117530822754,valid,False,0.0006909131798065688,0.0037148234494961564,0.00017769816919710541,1.3736910847031813e-05,5.379909353972915e-07,0.046128094050896754,0.8560520268726889,0.08756060247590096,0.0053245657200613515,0.0003370011801698067
P10,25,A,alpha,1799551287-α-7,P10-T25-Aα,14,64,E4,9,9,R2,R,False,64,True,R2,True,0.8241764088044005,False,0.27028679847717285,valid,False,0.0001226508666218261,0.00039529317624579694,2.717071868031017e-05,3.5329735236411007e-06,2.95862598801532e-07,0.06631290974464395,0.8241764088044005,0.0989272365295163,0.009340731753310318,0.0006937695704586062
P10,25,A,alpha,1799551287-α-7,P10-T25-Aα,15,62,D4,8,8,R1,R,False,62,True,R2,False,0.0621921309347729,False,0.32949185371398926,valid,False,0.0012032125843730742,0.010265065569407471,0.0006301607144982823,7.563921678517197e-05,3.919542309600683e-06,0.0621921309347729,0.8440566475117669,0.07657109152259059,0.004656292870770029,0.00034583953272598314
P10,25,A,alpha,1799551287-α-7,P10-T25-Aα,16,64,E4,9,9,R2,R,False,64,True,R2,True,0.8220212694758829,False,0.26447200775146484,valid,False,0.0001352334003822019,0.0007942586684940658,4.379508291992433e-05,5.927019951338897e-06,4.22959668413573e-07,0.03350739866093148,0.8220212694758829,0.13055130222330316,0.012326683094492205,0.000613709413974476
P10,25,A,alpha,1799551287-α-7,P10-T25-Aα,17,65,F4,10,10,R1,R,False,65,True,R2,False,0.03336385430361531,False,0.3153250217437744,valid,False,1.965750684505491e-05,8.134550910995657e-05,5.021099978136407e-06,6.52887157348769e-07,3.970210892557922e-08,0.03336385430361531,0.6963787893544441,0.23648712101880875,0.032005051504891587,0.0016584671130408014
P10,25,A,alpha,1799551287-α-7,P10-T25-Aα,18,64,E4,9,9,R2,R,False,64,True,R2,True,0.8435715461493418,False,0.3004899024963379,valid,False,0.00016822599021367642,0.0007309599669014157,4.494322371494683e-05,6.330631523588667e-06,3.849660994066062e-07,0.03578914799981864,0.8435715461493418,0.1096885206795195,0.009560544858032058,0.0004393955348349956
P10,25,A,alpha,1799551287-α-7,P10-T25-Aα,19,62,D4,8,8,R1,R,False,62,True,R2,False,0.035588035740742034,False,0.28342604637145996,valid,False,0.000850506416487906,0.007519567141640628,0.0004926331530806471,6.93915280362954e-05,3.895276969015587e-06,0.035588035740742034,0.8388312103542652,0.10907214092695482,0.0071851004983251665,0.0003875189634983017
P10,25,A,alpha,1799551287-α-7,P10-T25-Aα,20,57,A3,5,5,L3,L,False,57,True,L3,True,0.6945169468223737,False,0.5224361419677734,valid,False,0.003136842006339468,0.22091784234536083,0.6945169468223737,0.08009525095527588,0.0006084847450495764,0.0005088267909276076,0.0001760858820740144,3.555112645876097e-05,3.9391770949694525e-06,2.3014904512569798e-07
P10,25,A,alpha,1799551287-α-7,P10-T25-Aα,21,59,B3,6,6,L2,L,False,59,True,L2,True,0.9067254605280071,False,0.35579395294189453,valid,False,0.009624438638207982,0.9067254605280071,0.06168980897805437,0.0037513611472932205,9.848202317825949e-05,0.009617539611663119,0.007114384687209076,0.0012239933446956815,0.00014691791445100758,7.613127240126375e-06
P10,25,A,alpha,1799551287-α-7,P10-T25-Aα,22,64,E4,9,9,R5,R,False,64,True,R2,False,0.0008043156813477804,False,0.3081650733947754,valid,False,8.70436848981742e-05,0.00011303863654642824,6.359767566961101e-06,8.95826816907018e-07,5.669846338603317e-08,0.029436533872692672,0.7822986332728208,0.1710980102432373,0.01615511231560969,0.0008043156813477804
P10,25,A,alpha,1799551287-α-7,P10-T25-Aα,23,65,F4,10,10,R4,R,False,65,True,R2,False,0.022466010540700666,False,0.3021681308746338,valid,False,1.499345108680966e-05,1.3732410974569353e-05,1.0199553005910543e-06,1.326234728894723e-07,7.74861472609234e-09,0.04396725601309316,0.7292404583045702,0.2027560484082528,0.022466010540700666,0.0015403405439336924
P10,25,A,alpha,1799551287-α-7,P10-T25-Aα,24,60,C4,7,7,L2,L,False,60,True,R2,False,0.22314780746513144,False,0.43505096435546875,valid,False,0.0035489430261444106,0.22314780746513144,0.014853312844842948,0.0011032086933234133,3.398700367011863e-05,0.021242003620409917,0.6420137628040115,0.08985730638993639,0.003967844212000364,0.00023182394052951127
P10,25,A,alpha,1799551287-α-7,P10-T25-Aα,25,59,B3,6,6,L1,L,False,59,True,L2,False,0.007122220498246906,False,0.3097999095916748,valid,False,0.007122220498246906,0.9443494004422421,0.03766160675698421,0.002797262295142352,7.643161856474622e-05,0.005431341458130756,0.0022004044560699457,0.0003225946127625003,3.574450196475912e-05,2.9933598917155187e-06
P10,25,A,alpha,1799551287-α-7,P10-T25-Aα,26,60,C4,7,7,L2,L,False,60,True,R2,False,0.046162252647348904,False,0.36694908142089844,valid,False,0.004963379784274939,0.046162252647348904,0.0023002398253612845,0.00018507639177818216,6.964101998774987e-06,0.03491838178966076,0.8493618068167442,0.05873368365295148,0.003167724128136316,0.00020049086174524878
P10,25,A,alpha,1799551287-α-7,P10-T25-Aα,27,59,B3,6,6,L2,L,False,59,True,L2,True,0.9296580111664252,False,0.32350993156433105,valid,False,0.01112600046915024,0.9296580111664252,0.03965648668990617,0.002829937236337631,7.429248572964391e-05,0.009766236333719997,0.005813917042369809,0.0009610340233162641,0.00010648560507710288,7.5989479677820065e-06
P10,25,A,alpha,1799551287-α-7,P10-T25-Aα,28,64,E4,9,9,R4,R,False,64,True,R2,False,0.006897587083600053,False,0.642815113067627,valid,False,0.00017706468078467424,0.0005332161791827587,2.9931963757747116e-05,2.6088954470544047e-06,1.0634432837106246e-07,0.04896822666687666,0.8381286864000752,0.10470759464168053,0.006897587083600053,0.0005549771442671143
P10,25,A,alpha,1799551287-α-7,P10-T25-Aα,29,59,B3,6,6,L2,L,False,59,True,L2,True,0.9536601956575337,False,0.3413219451904297,valid,False,0.006312792920841495,0.9536601956575337,0.03336545270286334,0.0024781715609827793,6.505781222490575e-05,0.003143835158629525,0.0008415759738902861,0.0001185430627672762,1.3134945756558622e-05,1.2402045100055881e-06
P10,26,A,alpha,1799551287-α-1,P10-T26-Aα,0,57,A3,5,5,L5,L,False,57,True,L2,False,0.0002018553015510397,False,0.7308700084686279,valid,False,0.011238346448022568,0.8976639993745562,0.084757635176231,0.005811250806339974,0.0002018553015510397,0.00026655223044150554,4.2417080018981096e-05,1.4992515527729104e-05,2.7942147297354667e-06,1.5685258116134336e-07
P10,26,A,alpha,1799551287-α-1,P10-T26-Aα,1,59,B3,6,6,L4,L,False,59,True,R2,False,0.00030348801419983616,False,0.44352293014526367,valid,False,0.005581942914627235,0.015231825333792613,0.0020700791407846034,0.00030348801419983616,1.3401171356380317e-05,0.022902775618156505,0.7828692637709653,0.16199846158680353,0.008737174370361398,0.0002915880789525129
P10,26,A,alpha,1799551287-α-1,P10-T26-Aα,2,57,A3,5,5,L3,L,False,57,True,L2,False,0.05826110264186965,False,0.3448812961578369,valid,False,0.02030963209970194,0.8996581695666634,0.05826110264186965,0.0052853279880548,0.00016947237879151253,0.010805353064736026,0.004687665407358978,0.0007444829544472029,7.61488484088718e-05,2.645049967825802e-06
P10,26,A,alpha,1799551287-α-1,P10-T26-Aα,3,62,D4,8,8,R3,R,False,62,True,R2,False,0.12442742424528602,False,0.30113720893859863,valid,False,0.00017059552328608713,0.0003760932184501286,2.688256370733141e-05,2.53825766533505e-06,1.368975952099123e-07,0.04577429129775779,0.8154357297814026,0.12442742424528602,0.013246357488915927,0.0005399507259335498
P10,26,A,alpha,1799551287-α-1,P10-T26-Aα,4,59,B3,6,6,L4,L,False,59,True,L2,False,0.001939283197864958,False,0.3417668342590332,valid,False,0.0098254379834388,0.882111459344906,0.03595680723747135,0.001939283197864958,5.091072955723019e-05,0.037721270666284605,0.027175570304738408,0.004675417292392454,0.0005180510026589553,2.5792240687421894e-05
P10,26,A,alpha,1799551287-α-1,P10-T26-Aα,5,60,C4,7,7,L2,L,False,60,True,R2,False,0.009588642628157054,False,0.3235781192779541,valid,False,0.0015022792074358045,0.009588642628157054,0.000325740068649286,2.6208917826087238e-05,1.3048651836551334e-06,0.06487939046538205,0.7950018557369873,0.12130941724382585,0.007087583490236026,0.0002775773763169163
P10,26,A,alpha,1799551287-α-1,P10-T26-Aα,6,59,B3,6,6,L3,L,False,59,True,L2,False,0.027424691097989184,False,0.33327698707580566,valid,False,0.008904420347199777,0.8511634085982901,0.027424691097989184,0.0017357571963086318,3.883022823631808e-05,0.030873316829564363,0.06881651381915578,0.010088980035427695,0.0009152516195917446,3.883022823631808e-05
P10,26,A,alpha,1799551287-α-1,P10-T26-Aα,7,57,A3,5,5,L4,L,False,57,True,L2,False,0.0015989561072976733,False,0.28518080711364746,valid,False,0.00671256094756493,0.9623237989523654,0.023320924000954944,0.0015989561072976733,7.348683410585044e-05,0.0036721104878622065,0.001952969399630427,0.0003101655733148829,3.301976304503592e-05,2.007933858638491e-06
P10,26,A,alpha,1799551287-α-1,P10-T26-Aα,8,59,B3,6,6,L3,L,False,59,True,L2,False,0.021781320623054542,False,0.3418161869049072,valid,False,0.0066698962751102694,0.8268150578824741,0.021781320623054542,0.0010844280990023813,2.7352502651750384e-05,0.02037931817605568,0.10788358729213515,0.01402796378053646,0.0012725881629882777,5.84872059913139e-05
P10,26,A,alpha,1799551287-α-1,P10-T26-Aα,9,64,E4,9,9,R2,R,False,64,True,R2,True,0.4970012782062763,False,0.3233470916748047,valid,False,3.214611771378369e-05,8.790487683884044e-05,2.602175632675689e-06,2.4569800403321793e-07,1.0015192157479483e-08,0.027775423350888773,0.4970012782062763,0.4235165523317464,0.0488420976592816,0.0027417395684253697
P10,26,A,alpha,1799551287-α-1,P10-T26-Aα,10,65,F4,10,10,R3,R,False,65,True,R2,False,0.2819082608303006,False,0.3022189140319824,valid,False,7.843849724831748e-06,7.6090397464340725e-06,1.362521436699394e-06,2.539385375965953e-07,2.1265632240504045e-08,0.03631216076502665,0.6530029858690989,0.2819082608303006,0.026617840908478397,0.0021416610120177895
P10,26,A,alpha,1799551287-α-1,P10-T26-Aα,11,67,G4,11,11,R2,R,False,67,True,R2,True,0.43784312967718514,False,0.44975996017456055,valid,False,6.483339104865587e-07,4.446872618623736e-07,8.626045386228426e-08,1.8866186633574627e-08,2.6574612580070455e-09,0.011761012748613369,0.43784312967718514,0.43784312967718514,0.10797078646108496,0.0045807406306571765
P10,26,A,alpha,1799551287-α-1,P10-T26-Aα,12,69,A4,12,12,R1,R,False,69,True,R4,False,0.002529898982372215,False,0.30601024627685547,valid,False,8.648757881410764e-08,4.8024682099868724e-08,1.0503568842342544e-08,2.488587023979584e-09,3.9523098579151934e-10,0.002529898982372215,0.1337810530542729,0.4100194227743525,0.4100194227743525,0.04365005451500211
P10,26,A,alpha,1799551287-α-1,P10-T26-Aα,13,67,G4,11,11,R2,R,False,67,True,R2,True,0.45656672555985534,False,0.29940009117126465,valid,False,5.993074049628209e-07,3.2351497874854045e-07,7.364420191985603e-08,1.890157808287481e-08,2.6624464416695763e-09,0.011152909153086903,0.45656672555985534,0.45656672555985534,0.07251075219948105,0.003201869497111101
P10,26,A,alpha,1799551287-α-1,P10-T26-Aα,14,57,A3,5,5,L4,L,False,57,True,L2,False,0.00696043536392349,False,0.4470059871673584,valid,False,0.020582183686203615,0.9149872854930426,0.0557145885004946,0.00696043536392349,0.00045851697029931075,0.0008513836281777475,0.00033217110381995104,0.0001002831117737749,1.2528390433831837e-05,6.237518310684782e-07
P10,26,A,alpha,1799551287-α-1,P10-T26-Aα,15,59,B3,6,6,L3,L,False,59,True,L2,False,0.0240884196078911,False,0.4483370780944824,valid,False,0.010362424407431386,0.9482431782759557,0.0240884196078911,0.0012482358204831737,4.002428879875709e-05,0.009968978651520877,0.004863368042827398,0.0010219690533231013,0.00015594236592683452,7.45948584157398e-06
P10,26,A,alpha,1799551287-α-1,P10-T26-Aα,16,57,A3,5,5,L2,L,False,57,True,L2,True,0.9395244614494841,False,0.3115568161010742,valid,False,0.0068566885294050325,0.9395244614494841,0.04868514024960066,0.0036160195722045306,0.00017297189664526217,0.0008023176297586364,0.0002685747125206952,6.363280467622352e-05,9.709736395152074e-06,4.834193097393731e-07
P10,26,A,alpha,1799551287-α-1,P10-T26-Aα,17,65,F4,10,10,R1,R,False,65,True,R2,False,0.023285850094834182,False,0.37953829765319824,valid,False,6.8395118727101975e-06,4.303301554515105e-06,4.581230473865917e-07,5.0761480569011536e-08,3.6224036979664838e-09,0.023285850094834182,0.4510721265208494,0.4510721265208494,0.07163811412261657,0.0029201274204915745
P10,26,A,alpha,1799551287-α-1,P10-T26-Aα,18,64,E4,9,9,R3,R,False,64,True,R2,False,0.22470522181744285,False,0.3188037872314453,valid,False,5.9777735968570084e-05,4.136953320394974e-05,5.168304561725742e-06,5.960353491425919e-07,4.08660635246624e-08,0.03714352334400829,0.7167946643925294,0.22470522181744285,0.020384797816721853,0.0008648401541508153
P10,26,A,alpha,1799551287-α-1,P10-T26-Aα,19,65,F4,10,10,R4,R,False,65,True,R2,False,0.05862563019023952,False,0.29693007469177246,valid,False,6.175782345258468e-06,3.970639858764981e-06,4.960528801196584e-07,5.9542035028560964e-08,4.422399995734431e-09,0.019350005716103385,0.469267034438806,0.45086681083113433,0.05862563019023952,0.0018798123841975655
P10,26,A,alpha,1799551287-α-1,P10-T26-Aα,20,64,E4,9,9,R5,R,False,64,True,R2,False,0.0007237551628069587,False,0.27034997940063477,valid,False,6.423821835166817e-05,5.1648087265893483e-05,5.956321915323581e-06,8.389980994898931e-07,6.231539096414008e-08,0.039515692966197065,0.76257272676079,0.18067464698354804,0.016390434185634607,0.0007237551628069587
P10,26,A,alpha,1799551287-α-1,P10-T26-Aα,21,65,F4,10,10,R4,R,False,65,True,R2,False,0.06034457208560559,False,0.25708794593811035,valid,False,6.08168866348336e-06,4.087061621439315e-06,5.531236421429792e-07,7.48571447742869e-08,4.93119602906784e-09,0.023201795190924895,0.5027389266808611,0.41160782004303764,0.06034457208560559,0.002096084337302952
P10,26,A,alpha,1799551287-α-1,P10-T26-Aα,22,64,E4,9,9,R5,R,False,64,True,R2,False,0.0009189664874787815,False,0.2739567756652832,valid,False,5.048472620887278e-05,3.4579106988040235e-05,5.069537828696941e-06,6.591854686148781e-07,4.7040311913478956e-08,0.029829396780594004,0.6755278440202458,0.2692107086248376,0.024422244490037662,0.0009189664874787815
P10,26,A,alpha,1799551287-α-1,P10-T26-Aα,23,59,B3,6,6,L2,L,False,59,True,L2,True,0.9241380420578051,False,0.47098612785339355,valid,False,0.008108421198733874,0.9241380420578051,0.05512442141268806,0.0036313077234583725,7.804988056936036e-05,0.005804205480507075,0.0023386944300677007,0.0006767812586435552,9.533033940148852e-05,4.7462181253135834e-06
P10,26,A,alpha,1799551287-α-1,P10-T26-Aα,24,57,A3,5,5,L3,L,False,57,True,L3,True,0.6666449895299675,False,0.35527873039245605,valid,False,0.0030109560551992718,0.25525362396197765,0.6666449895299675,0.0738663703463454,0.00032054187838816974,0.0006521578519798159,0.00019056873318672998,5.298521612602346e-05,7.463413875671948e-06,3.430129537900447e-07
P10,26,A,alpha,1799551287-α-1,P10-T26-Aα,25,59,B3,6,6,L4,L,False,59,True,L2,False,0.0029402800681934092,False,0.3629190921783447,valid,False,0.009777919016291528,0.9068530700765716,0.06146727000487831,0.0029402800681934092,5.385310796077319e-05,0.013213588342546457,0.004386382423713288,0.0011258123208856736,0.00017178782110634783,1.0036817852728903e-05
P10,26,A,alpha,1799551287-α-1,P10-T26-Aα,26,60,C4,7,7,L5,L,False,60,True,R2,False,6.168115343241375e-06,False,0.44907689094543457,valid,False,0.003470258674648721,0.02425759896089007,0.0025899486710046844,0.0002757220619341922,6.168115343241375e-06,0.042413794394324696,0.7896880999950309,0.13053456497099566,0.00649893331058034,0.0002649108452476746
P10,26,A,alpha,1799551287-α-1,P10-T26-Aα,27,65,F4,10,10,R5,R,False,65,True,R2,False,0.004126940414543183,False,0.41777491569519043,valid,False,5.570544857509833e-06,6.5806963770978935e-06,7.300017056681971e-07,7.771488977973978e-08,2.5935999965562405e-09,0.012878502695189838,0.4447606679731642,0.4447606679731642,0.09346025939250852,0.004126940414543183
P10,26,A,alpha,1799551287-α-1,P10-T26-Aα,28,60,C4,7,7,L5,L,False,60,True,L2,False,4.1726138978406664e-05,False,0.4149818420410156,valid,False,0.006191919281170337,0.7586214677476871,0.0515923026266982,0.002896121672016558,4.1726138978406664e-05,0.08540150595171202,0.08010774070809566,0.013241720476991339,0.0017920719912936768,0.00011342340535675951
P10,26,A,alpha,1799551287-α-1,P10-T26-Aα,29,59,B3,6,6,L4,L,False,59,True,L2,False,0.0024584974134880507,False,0.3159151077270508,valid,False,0.00977841786416039,0.9325511351706783,0.035857414143404834,0.0024584974134880507,0.000143639348655042,0.012776642244222322,0.005256946557414432,0.0010197427155282104,0.00014950138167814478,8.063160770400235e-06
P10,27,B,gamma,1799551287-γ-1,P10-T27-Bγ,0,55,G3,4,4,L3,L,False,55,True,L3,True,0.7531217239267813,False,0.9996480941772461,valid,False,0.0011237050484073394,0.1318394894733047,0.7531217239267813,0.11041288805927767,0.003341201911511763,9.448505189248835e-05,5.1007982785374594e-05,1.309174849252783e-05,2.252368086602578e-06,1.544294603339086e-07
P10,27,B,gamma,1799551287-γ-1,P10-T27-Bγ,1,60,C4,7,7,L5,L,False,60,True,L5,True,0.3053755973913688,True,1.1517398357391357,valid,False,0.000813267823044258,0.0091920407389948,0.08157660242214529,0.6027740916573934,0.3053755973913688,0.00013851030188390427,9.456597743576675e-05,2.9645127107769143e-05,4.9003065521018536e-06,7.782540737396956e-07
P10,27,B,gamma,1799551287-γ-1,P10-T27-Bγ,2,57,A3,5,5,L2,L,False,57,True,L2,True,0.6068683231804527,False,0.8694310188293457,valid,False,0.003286398154522251,0.6068683231804527,0.37552003939730577,0.013576112804603682,0.000644786881096895,5.1915789853050884e-05,3.794232015854551e-05,1.1894393040327518e-05,2.40143653850199e-06,1.8564242829995243e-07
P10,27,B,gamma,1799551287-γ-1,P10-T27-Bγ,3,48,C3,0,0,L4,L,False,48,True,L4,True,0.38963320276202895,True,1.4117777347564697,valid,False,0.00015332393679621023,0.008716395486576463,0.38963320276202895,0.38963320276202895,0.2118638692757863,2.7330369363810897e-09,2.1830355203813318e-09,7.122803812448204e-10,1.3816817847684276e-10,1.0262245010831847e-11
P10,27,B,gamma,1799551287-γ-1,P10-T27-Bγ,4,64,E4,9,9,R2,R,False,64,True,R2,True,0.6924306219249046,False,0.5984010696411133,valid,False,0.00013612985161035385,0.00029453164049969793,2.1932363406096122e-05,3.215437171306612e-06,1.66620472454041e-07,0.07672349985607453,0.6924306219249046,0.20037849400278893,0.028224998251769932,0.001786410051302287
P10,27,B,gamma,1799551287-γ-1,P10-T27-Bγ,5,69,A4,12,12,R5,R,False,69,True,R5,True,0.245904410870408,True,0.9613711833953857,valid,False,7.345598160765155e-08,2.7672895841537833e-08,2.7195146984039477e-09,5.490605482430436e-10,8.378120712333844e-11,0.004315480364672828,0.03752258006079979,0.245904410870408,0.4663530133524774,0.245904410870408
P10,27,B,gamma,1799551287-γ-1,P10-T27-Bγ,6,53,F3,3,3,L2,L,False,53,True,L2,True,0.6913914086945305,False,0.9577550888061523,valid,False,0.03881109275262509,0.6913914086945305,0.22558704683298536,0.04039500349511231,0.0038141052460239164,1.0500624650972508e-06,2.201296430581936e-07,5.880439866998538e-08,1.2861220994202817e-08,1.1209949726954295e-09
P10,27,B,gamma,1799551287-γ-1,P10-T27-Bγ,7,53,F3,3,3,L2,L,False,53,True,L2,True,0.7110319146811266,False,0.7224471569061279,valid,False,0.02781929409041452,0.7110319146811266,0.22289867941903282,0.03540019454796245,0.0028482857321860022,1.2368368557727335e-06,2.995339820711488e-07,7.687862456237357e-08,1.6814269044327617e-08,1.4655460066144277e-09
P10,27,B,gamma,1799551287-γ-1,P10-T27-Bγ,8,65,F4,10,10,R2,R,False,65,True,R2,True,0.6999689722695671,False,0.6115829944610596,valid,False,3.8894933380848e-06,1.7139339566331766e-06,2.722025795097318e-07,5.0731477031412266e-08,4.602255763638567e-09,0.1204260665144783,0.6999689722695671,0.14708872979516385,0.030908647797066594,0.0016016526601171487
P10,27,B,gamma,1799551287-γ-1,P10-T27-Bγ,9,50,D3,1,1,L4,L,False,50,True,L4,True,0.47008687593423204,False,1.2615797519683838,valid,False,0.004627862425886965,0.03491503434723305,0.433944879396716,0.47008687593423204,0.05642529326024899,3.825452841098706e-08,1.3045302118023968e-08,2.7412885347085656e-09,5.534566099763316e-10,4.110720280931709e-11
P10,27,B,gamma,1799551287-γ-1,P10-T27-Bγ,10,60,C4,7,7,L2,L,False,60,True,L2,True,0.8963955854268362,False,0.6791930198669434,valid,False,0.010124723400042598,0.8963955854268362,0.06149812365183619,0.002826408048349394,6.074968782977556e-05,0.020778729774316364,0.006290286792222098,0.0016144698953524138,0.0003825127337656069,2.841058944931851e-05
P10,27,B,gamma,1799551287-γ-1,P10-T27-Bγ,11,55,G3,4,4,L4,L,False,55,True,L3,False,0.11773712808661178,False,0.7375850677490234,valid,False,0.008058472335143677,0.3546371542344565,0.5172128083118597,0.11773712808661178,0.0023360335132965233,1.251548913418682e-05,4.740817979297527e-06,9.196240721175544e-07,2.0934109795894871e-07,1.8246348344088012e-08
P10,27,B,gamma,1799551287-γ-1,P10-T27-Bγ,12,65,F4,10,10,R2,R,False,65,True,R2,True,0.6840401523075519,False,0.6699140071868896,valid,False,1.4343378860222265e-05,2.977830364661727e-05,7.069373747181697e-06,1.168559620832007e-06,2.9474549909708326e-08,0.1557133190330023,0.6840401523075519,0.13269013767328708,0.0257392385174485,0.0017647633782855489
P10,27,B,gamma,1799551287-γ-1,P10-T27-Bγ,13,67,G4,11,11,R5,R,False,67,True,R5,True,0.2641731216384139,True,0.9040682315826416,valid,False,1.495664996161956e-06,2.1453599453004533e-06,4.888790952729992e-07,8.410913737217931e-08,2.4895829586751403e-09,0.006439029878726088,0.05502699743705056,0.2641731216384139,0.4101835129046385,0.2641731216384139
P10,27,B,gamma,1799551287-γ-1,P10-T27-Bγ,14,48,C3,0,0,L3,L,False,48,True,L2,True,0.4007184936166735,False,1.5301439762115479,valid,False,0.022270801504398193,0.4007184936166735,0.4007184936166735,0.17299439062696645,0.0032978118403295706,5.976845650459439e-09,2.1571107872445963e-09,5.319369710202049e-10,1.210889024489266e-10,7.976701712585712e-12
P10,27,B,gamma,1799551287-γ-1,P10-T27-Bγ,15,50,D3,1,1,L5,L,False,50,True,L5,True,0.14463679412012262,True,1.1991569995880127,valid,False,0.0057905436191461514,0.05506524287114956,0.5202064395114184,0.2743009144927793,0.14463679412012262,4.412098624940461e-08,1.6276726897141487e-08,4.013791435741782e-09,9.136902040870037e-10,6.018911781604144e-11
P10,27,B,gamma,1799551287-γ-1,P10-T27-Bγ,16,62,D4,8,8,R3,R,False,62,True,R3,True,0.5021859087622539,False,0.7295520305633545,valid,False,0.0002284552755018766,0.0002615762077021557,3.684521156744094e-05,8.729653394842357e-06,1.279827964668736e-06,0.013183557211548281,0.39503342726741514,0.5021859087622539,0.08639850628685684,0.0026617142957949262
P10,27,B,gamma,1799551287-γ-1,P10-T27-Bγ,17,53,F3,3,3,L4,L,False,53,True,L4,True,0.48433087756419585,False,1.3058600425720215,valid,False,0.005527513144205845,0.03928007330026752,0.41271954912088404,0.48433087756419585,0.05813502397241339,4.281798010242551e-06,2.1608973677639507e-06,4.362776542953581e-07,7.812255897453186e-08,5.8024419942988155e-09
P10,27,B,gamma,1799551287-γ-1,P10-T27-Bγ,18,71,B4,13,13,R1,R,False,71,True,R1,True,0.5889810985321159,False,1.1326332092285156,valid,False,3.654146037674656e-09,1.2635240098583628e-09,2.551010979930486e-10,7.997066894880005e-11,9.99075264143616e-12,0.5889810985321159,0.28668787842828974,0.0652609659330754,0.03306231427988787,0.026007737563898355
P10,27,B,gamma,1799551287-γ-1,P10-T27-Bγ,19,62,D4,8,8,L2,L,False,62,True,L2,True,0.8384141526383689,False,1.3956549167633057,valid,False,0.01752768092095032,0.8384141526383689,0.008427601348297037,0.000651493534789705,1.8527710438308877e-05,0.059457887305437336,0.0648133884536982,0.009129511552130223,0.0013930731332482426,0.0001666834026415893
P10,27,B,gamma,1799551287-γ-1,P10-T27-Bγ,20,72,C5,14,14,R3,R,False,72,True,R2,False,0.39808689153006555,False,1.6728432178497314,valid,False,4.29412557015231e-10,2.6771852234957914e-10,6.094282556518827e-11,1.910473363862567e-11,4.178432343823274e-12,0.012977560468014609,0.39808689153006555,0.39808689153006555,0.16511963997111045,0.025729015719386687
P10,27,B,gamma,1799551287-γ-1,P10-T27-Bγ,21,60,C4,7,7,L4,L,False,60,True,L4,True,0.6257728433890609,False,1.8204281330108643,valid,False,0.0011312154782810936,0.01560670136731217,0.30459634323811147,0.6257728433890609,0.05240423639340004,0.00037352951676893406,9.062614197903936e-05,2.0629925467251724e-05,3.410103743830908e-06,4.644458752262352e-07
P10,27,B,gamma,1799551287-γ-1,P10-T27-Bγ,22,62,D4,8,8,R5,R,False,62,True,R5,True,0.5112646264250658,False,0.9393060207366943,valid,False,9.278315896034441e-05,9.043601599453294e-05,1.273867440738029e-05,2.7860995169080306e-06,4.988961081907929e-07,0.0057010141444590635,0.008644189110724995,0.07201592795102274,0.40217499952374003,0.5112646264250658
P10,27,B,gamma,1799551287-γ-1,P10-T27-Bγ,23,57,A3,5,5,R3,R,False,57,True,R3,True,0.524620362096304,False,1.085508108139038,valid,False,0.006279519982789736,0.01616219513125154,0.0022765812848058926,0.0004596338343341088,6.738552014404827e-05,0.0046770841982355605,0.2752539872263761,0.524620362096304,0.16446123372681987,0.005742016998939148
P10,27,B,gamma,1799551287-γ-1,P10-T27-Bγ,24,57,A3,5,5,L1,L,False,57,True,L1,True,0.5414049142255823,False,0.8315098285675049,valid,False,0.5414049142255823,0.4432648531440312,0.006647012157139086,0.001014268288025146,8.840448759515779e-05,0.0015748616923237798,0.0047610038969944195,0.0010987437195704608,0.00013726628603779752,8.672102700651912e-06
P10,27,B,gamma,1799551287-γ-1,P10-T27-Bγ,25,59,B3,6,6,R5,R,False,59,True,R5,True,0.6541104270604078,False,0.9757900238037109,valid,False,0.0014941625761286047,0.0014967202076325748,0.0002283846947711198,5.411067384942188e-05,9.689389927111158e-06,0.008076157191221811,0.009054629609040023,0.04308936375035392,0.2823863548466675,0.6541104270604078
P10,27,B,gamma,1799551287-γ-1,P10-T27-Bγ,26,69,A4,12,12,R1,R,False,69,True,R1,True,0.8799613010317094,False,1.2429940700531006,valid,False,1.6151823343900352e-07,1.6656547716624008e-07,2.3462150093596936e-08,5.558834635539467e-09,7.523064598662265e-10,0.8799613010317094,0.08647695224546506,0.024043818353748886,0.006957901570568214,0.0025596689415065352
P10,27,B,gamma,1799551287-γ-1,P10-T27-Bγ,27,71,B4,13,13,R1,R,False,71,True,R1,True,0.6523968923809219,False,0.8439040184020996,valid,False,1.9739691103711678e-08,2.0412830828855955e-08,2.8753191170810837e-09,6.812429139058776e-10,9.219620270638728e-11,0.6523968923809219,0.2497981289249258,0.06411338185141598,0.02266117499159406,0.0110303780498621
P10,27,B,gamma,1799551287-γ-1,P10-T27-Bγ,28,62,D4,8,8,L3,L,False,62,True,L3,True,0.7292492116650594,False,1.0856077671051025,valid,False,0.001807628070746992,0.082746378283124,0.7292492116650594,0.1798306415534136,0.002590926484386624,0.0018042575027526636,0.001603222277929115,0.00031099312527438984,4.745447387528294e-05,9.28656343795407e-06
P10,27,B,gamma,1799551287-γ-1,P10-T27-Bγ,29,65,F4,10,10,R4,R,False,65,True,R4,True,0.28009418753632315,True,0.9198310375213623,valid,False,1.656201965692493e-05,5.699157116612181e-05,1.0411190212296674e-05,1.5263529691860507e-06,1.0054812701314221e-07,0.008654912306941188,0.21169063301620392,0.4711261679560407,0.28009418753632315,0.028348507502359545
