participant,trial_index,condition,level,sequence,quiz_name,event_index,target_note,target_note_name,target_key_id,actual_key_id,target_finger,target_hand,timed_out,actual_note,key_correct,actual_finger,finger_correct,target_finger_probability,manually_corrected,rt_s,validity,suspected_carryover,p_L1,p_L2,p_L3,p_L4,p_L5,p_R1,p_R2,p_R3,p_R4,p_R5
P16,1,C,beta,1799551287-β-4,P16-T01-Cβ,0,62,D4,8,8,R4,R,False,62,True,R4,True,0.5957767156908195,False,1.1004691123962402,valid,False,2.3546493825510128e-05,0.0001509354168792817,7.480572183726745e-05,1.1852726924974436e-05,1.3286073427991148e-06,0.005482538193958935,0.019603518056713818,0.35572864220103617,0.5957767156908195,0.023146116890661848
P16,1,C,beta,1799551287-β-4,P16-T01-Cβ,1,65,F4,10,10,R2,R,False,65,True,R2,True,0.8635991253617129,False,2.0188450813293457,valid,False,1.5046756977649243e-06,4.623662253428262e-06,9.657423900808442e-07,1.4899685420686466e-07,1.613336388814831e-08,0.03634358748393937,0.8635991253617129,0.0956895106490269,0.004225377837727074,0.00013513945703457844
P16,1,C,beta,1799551287-β-4,P16-T01-Cβ,2,60,C4,7,7,R3,R,False,60,True,R3,True,0.7891052325678034,False,0.9139862060546875,valid,False,9.071467883991042e-05,0.00047655403809315034,0.00011189255269924636,1.3273232259138532e-05,1.7006822951449355e-06,0.005393321191854502,0.09791793557449856,0.7891052325678034,0.10586286884337855,0.0010265066382782872
P16,1,C,beta,1799551287-β-4,P16-T01-Cβ,3,57,A3,5,5,L5,L,False,57,True,L5,True,0.6330129996644904,False,1.0428311824798584,valid,False,0.0019551740433993016,0.0031919235465293267,0.022688045661464876,0.33905384590908794,0.6330129996644904,7.076804291824067e-05,2.4463728510210998e-05,2.6390836241304763e-06,1.3758866931337958e-07,2.7313063005431845e-09
P16,1,C,beta,1799551287-β-4,P16-T01-Cβ,4,60,C4,7,7,R3,R,False,60,True,R3,True,0.7362185691991852,False,0.8891448974609375,valid,False,0.000163983187281635,0.001935467132244489,0.0006412219863856536,4.87590961279639e-05,3.3985722405799483e-06,0.005373755668420327,0.18238246903272923,0.7362185691991852,0.0723508385837167,0.0008815375416682921
P16,1,C,beta,1799551287-β-4,P16-T01-Cβ,5,57,A3,5,5,L5,L,False,57,True,L5,True,0.6621002641407627,False,1.0786099433898926,valid,False,0.0023364339748080643,0.0032943126435000447,0.023128777289405177,0.3089149794418972,0.6621002641407627,0.0001760516400100008,4.405947652302144e-05,4.743347324377524e-06,3.67242243529971e-07,1.080352579120163e-08
P16,1,C,beta,1799551287-β-4,P16-T01-Cβ,6,62,D4,8,8,R5,R,False,62,True,R5,True,0.9145630977272793,False,0.9002189636230469,valid,False,6.6704103522197085e-06,2.1249257602500636e-06,3.141222760012569e-07,2.743376420229048e-08,5.0284239058332155e-09,0.0019813685631070825,0.0005812621174401423,0.005902339015128409,0.07696279065646845,0.9145630977272793
P16,1,C,beta,1799551287-β-4,P16-T01-Cβ,7,65,F4,10,10,R3,R,False,65,True,R3,True,0.6880993646182431,False,2.1247708797454834,valid,False,2.3946092116333604e-06,4.684189946110084e-06,3.685011420411642e-07,3.76918469874501e-08,4.9966688692475295e-09,0.003024489905380305,0.27069181226816125,0.6880993646182431,0.03711173596289398,0.0010651072565056783
P16,1,C,beta,1799551287-β-4,P16-T01-Cβ,8,69,A4,12,12,R5,R,False,69,True,R5,True,0.9447529027820756,False,1.8404548168182373,valid,False,4.159208288747379e-08,2.7009983870812987e-08,5.968131952909833e-09,4.6136489155105724e-10,4.346856740119406e-11,3.87493684825322e-05,0.0003158537897790653,0.003938411349878326,0.050954007634752115,0.9447529027820756
P16,1,C,beta,1799551287-β-4,P16-T01-Cβ,9,64,E4,9,9,R4,R,False,64,True,R4,True,0.616943729275936,False,1.287315845489502,valid,False,5.673134169198296e-06,6.9252370975928794e-06,1.3941559773816531e-06,1.4263492262422764e-07,1.2581413662068589e-08,0.0017659559240439551,0.012961908736039345,0.3587622830416269,0.616943729275936,0.009551975278773295
P16,1,C,beta,1799551287-β-4,P16-T01-Cβ,10,60,C4,7,7,R3,R,False,60,True,R3,True,0.7584218865938989,False,0.9049417972564697,valid,False,0.00015026624028883183,0.000603771561857881,8.386882917035944e-05,7.676285447466823e-06,9.80825535716155e-07,0.0029632586322500924,0.16413012759600124,0.7584218865938989,0.07304142112440447,0.0005967423111451413
P16,1,C,beta,1799551287-β-4,P16-T01-Cβ,11,57,A3,5,5,L5,L,False,57,True,L5,True,0.6647839271857356,False,1.0557451248168945,valid,False,0.0021364445676807365,0.003000387827174541,0.021582957248379483,0.30834744308355394,0.6647839271857356,0.00013886644818810636,7.4776766871812416e-06,2.3249673690577662e-06,1.6811106715650542e-07,2.8841640503763483e-09
P16,1,C,beta,1799551287-β-4,P16-T01-Cβ,12,55,G3,4,4,L4,L,False,55,True,L4,True,0.3941542918949873,True,1.0666778087615967,valid,False,0.0012622884335457784,0.04786374098863088,0.5417474261068923,0.3941542918949873,0.014920061505432743,4.5316758985925606e-05,5.674240013936685e-06,1.096657710859213e-06,1.0181939544687663e-07,1.5944046733313834e-09
P16,1,C,beta,1799551287-β-4,P16-T01-Cβ,13,62,D4,8,8,R1,R,False,62,True,R1,True,0.7705636564614621,False,1.028691053390503,valid,False,4.10402113019827e-05,6.470692472764068e-05,1.5719115938510704e-05,9.183998170806873e-07,3.658563319936068e-08,0.7705636564614621,0.2142454388698874,0.014113365672530758,0.0009297144978079894,2.540326089332948e-05
P16,1,C,beta,1799551287-β-4,P16-T01-Cβ,14,64,E4,9,9,R2,R,False,64,True,R2,True,0.712610812709339,False,0.7920269966125488,valid,False,1.6002540757683833e-05,2.1812027492487918e-05,3.3091478385095525e-06,2.8842814321806713e-07,1.9752826544786468e-08,0.05261997658741373,0.712610812709339,0.22339364213190024,0.011122114533767045,0.00021202214052159623
P16,1,C,beta,1799551287-β-4,P16-T01-Cβ,15,59,B3,6,6,L3,L,False,59,True,L3,True,0.7875228373285886,False,0.7950677871704102,valid,False,0.004898320396160764,0.16338740684349431,0.7875228373285886,0.03920845334333264,0.0022384583461940596,0.0020958939305949767,0.0005769660768300797,6.780579403536393e-05,3.80626216695527e-06,5.1678602156794085e-08
P16,1,C,beta,1799551287-β-4,P16-T01-Cβ,16,62,D4,8,8,R5,R,False,62,True,R5,True,0.8598951929326655,False,0.7681810855865479,valid,False,9.702291618487876e-05,7.789386795589252e-05,1.66536368701838e-05,1.1554716890338185e-06,1.367607343646156e-07,0.00224481382285466,0.0012807516932068972,0.013009864268208073,0.12337651462963053,0.8598951929326655
P16,1,C,beta,1799551287-β-4,P16-T01-Cβ,17,60,C4,7,7,R5,R,False,60,True,R5,True,0.873109650038774,False,0.8870558738708496,valid,False,0.00016277156773315246,0.00012516672642209702,2.4528027133478945e-05,1.5524222116511322e-06,1.8293247982125655e-07,0.0023651502730055326,0.0014505479621361333,0.012939580853494625,0.10982086919660931,0.873109650038774
P16,1,C,beta,1799551287-β-4,P16-T01-Cβ,18,57,A3,5,5,L5,L,False,57,True,L5,True,0.5384476595554657,False,0.9328751564025879,valid,False,0.001829456039487944,0.00550577525995179,0.03922648531352516,0.4147434212602921,0.5384476595554657,0.00014161714587948606,8.176267902978018e-05,2.1568099396339857e-05,2.1774105497162266e-06,7.723642192387032e-08
P16,1,C,beta,1799551287-β-4,P16-T01-Cβ,19,60,C4,7,7,L3,L,False,60,True,L3,True,0.7726514625587457,False,0.9884061813354492,valid,False,0.0033293668884370967,0.09513818102426673,0.7726514625587457,0.11789896838505003,0.006669461138299209,0.001690604689698765,0.001852349806619666,0.0006985795962997434,6.911721581828322e-05,1.9086967646252663e-06
P16,1,C,beta,1799551287-β-4,P16-T01-Cβ,20,57,A3,5,5,L5,L,False,57,True,L5,True,0.7653915273376389,False,2.737222909927368,valid,False,0.0016620399975557153,0.0012461734933847887,0.008120990913089944,0.2232563268051912,0.7653915273376389,0.0001711591485707682,0.0001295909373669745,2.0599895517285903e-05,1.553387631499748e-06,3.808405300429237e-08
P16,1,C,beta,1799551287-β-4,P16-T01-Cβ,21,53,F3,3,3,L4,L,False,53,True,L4,True,0.6874017876778927,False,1.023183822631836,valid,False,0.0009487205458645984,0.019205759366344017,0.24296538024158648,0.6874017876778927,0.04947252636215557,3.846531589390356e-06,1.643547782343925e-06,3.10347843472969e-07,2.4725483542954227e-08,6.534578890522706e-10
P16,1,C,beta,1799551287-β-4,P16-T01-Cβ,22,50,D3,1,1,L3,L,False,50,True,L3,True,0.6113371173673883,False,1.0446391105651855,valid,False,0.005815349373665786,0.3492013025074589,0.6113371173673883,0.030436682858183024,0.0032092557113911303,1.9414251196788768e-07,8.30982626823358e-08,1.3813687811797854e-08,1.1016514274141908e-09,2.5799102795232506e-11
P16,1,C,beta,1799551287-β-4,P16-T01-Cβ,23,55,G3,4,4,L2,L,False,55,True,L2,True,0.8846866515918155,False,0.8033549785614014,valid,False,0.019015102204636945,0.8846866515918155,0.09048947234989393,0.00488043090569339,0.000834939183768991,4.587276970741228e-05,3.8811922763989824e-05,8.083434266270674e-06,6.241523316690267e-07,1.14851218656765e-08
P16,1,C,beta,1799551287-β-4,P16-T01-Cβ,24,64,E4,9,9,R4,R,False,64,True,R4,True,0.5774042455447381,False,0.7965288162231445,valid,False,1.7694741714442315e-06,1.2605998965103004e-06,2.8544608811200576e-07,2.2966879997684382e-08,2.143012409017685e-09,0.0017121814508811316,0.03255983207670864,0.37784490217721844,0.5774042455447381,0.010475498120405076
P16,1,C,beta,1799551287-β-4,P16-T01-Cβ,25,60,C4,7,7,R5,R,False,60,True,R5,True,0.9163694894742145,False,0.8223490715026855,valid,False,1.1426036780770797e-05,4.078503077303756e-06,5.994006348916211e-07,5.0195742587834584e-08,1.0050012378951128e-08,0.0022103441043766136,0.0010350672824617087,0.007527687691873171,0.07284124726082593,0.9163694894742145
P16,1,C,beta,1799551287-β-4,P16-T01-Cβ,26,57,A3,5,5,L1,L,False,57,True,L1,True,0.6052888124702923,False,1.2471449375152588,valid,False,0.6052888124702923,0.3745426644026786,0.017916206962564754,0.0007303040827266896,0.00014166441685253432,0.0007752074546489878,0.000502603635616738,9.496049842620278e-05,7.340896683203977e-06,2.3517950999793093e-07
P16,1,C,beta,1799551287-β-4,P16-T01-Cβ,27,50,D3,1,1,L3,L,False,50,True,L3,True,0.5560548503274945,False,0.977492094039917,valid,False,0.013659566112768542,0.37273471286986665,0.5560548503274945,0.05044415793836091,0.007105484431889311,9.562368745891336e-07,2.342473243880569e-07,3.574382400164072e-08,2.0064710831171134e-09,8.512602265785988e-11
P16,1,C,beta,1799551287-β-4,P16-T01-Cβ,28,53,F3,3,3,L1,L,False,53,True,L1,True,0.5281955102939943,False,1.5543599128723145,valid,False,0.5281955102939943,0.43244990791541077,0.03343042788612971,0.00452431642669052,0.0006903659220263136,0.00033925816002576857,0.0002895111713157229,7.649472458624024e-05,4.125642555961137e-06,8.185726483423091e-08
P16,1,C,beta,1799551287-β-4,P16-T01-Cβ,29,62,D4,8,8,R4,R,False,62,True,R4,True,0.53059886043008,False,0.8048000335693359,valid,False,3.280077276123296e-06,5.837757106568868e-07,8.222972477519002e-08,1.02729769651955e-08,3.0941612010242663e-09,0.002511933859778659,0.07518705156034812,0.366317056845523,0.53059886043008,0.02538113785442046
P16,2,A,beta,1799551287-β-1,P16-T02-Aβ,0,64,E4,9,9,R2,R,False,64,True,R3,False,0.32121735490365766,False,0.7676489353179932,valid,False,1.1503192116083141e-05,6.049864442671301e-05,2.0497150430364512e-05,2.9803018785658336e-06,3.155494369451906e-07,0.007627723097249363,0.32121735490365766,0.5402964725110924,0.1280112322559097,0.002751422393802238
P16,2,A,beta,1799551287-β-1,P16-T02-Aβ,1,60,C4,7,7,L3,L,False,60,True,R2,False,0.00015474717032210126,False,0.4641547203063965,valid,False,8.835451591437149e-05,0.000800472723226972,0.00015474717032210126,2.5837377498884867e-05,3.274772148428547e-06,0.011359350335761954,0.5500676237296939,0.4157321667160882,0.02154279071309882,0.00022538194624634737
P16,2,A,beta,1799551287-β-1,P16-T02-Aβ,2,57,A3,5,5,L5,L,False,57,True,L2,False,0.00040478560746412334,False,0.5467288494110107,valid,False,0.01212903643980136,0.9119656124126279,0.06507902389353222,0.0028737054186559197,0.00040478560746412334,0.0034179549579098564,0.003295300307711889,0.0007989972969008076,3.52814582061283e-05,3.0220718996784766e-07
P16,2,A,beta,1799551287-β-1,P16-T02-Aβ,3,60,C4,7,7,L4,L,False,60,True,R2,False,1.73549346221016e-05,False,0.38167810440063477,valid,False,0.00045721459618090396,0.0011449617756757566,0.00020723986327699943,1.73549346221016e-05,1.3092243822192803e-06,0.011776683513537294,0.4859577097949823,0.46690303544566847,0.03331879336913322,0.00021569748254085845
P16,2,A,beta,1799551287-β-1,P16-T02-Aβ,4,64,E4,9,9,R2,R,False,64,True,R2,True,0.4798415619877883,False,0.37291693687438965,valid,False,6.7984594400099345e-06,6.993883373126026e-06,1.618033056995964e-06,1.8659985814164583e-07,1.833010862149689e-08,0.010861927546726862,0.4798415619877883,0.4798415619877883,0.02917919543465982,0.00026013773719980453
P16,2,A,beta,1799551287-β-1,P16-T02-Aβ,5,69,A4,12,12,R3,R,False,69,True,R2,False,0.3444508952605251,False,0.5396580696105957,valid,False,2.1745445031714356e-08,1.2515292629989133e-08,2.657702689587598e-09,3.06499884359874e-10,2.5667288959930892e-11,0.0008295164277847024,0.3444508952605251,0.3444508952605251,0.30550053845208075,0.004768117348476792
P16,2,A,beta,1799551287-β-1,P16-T02-Aβ,6,64,E4,9,9,R1,R,False,64,True,R2,False,0.006521253365814405,False,0.41141295433044434,valid,False,5.282215740815937e-06,4.985704393563747e-06,1.0407130665950036e-06,7.729748335042315e-08,7.272451676736406e-09,0.006521253365814405,0.5623648509224211,0.39234864310303774,0.038557507964741465,0.00019635144084939385
P16,2,A,beta,1799551287-β-1,P16-T02-Aβ,7,59,B3,6,6,L2,L,False,59,True,R2,False,0.0021287912577889166,False,0.47754716873168945,valid,False,0.0008956551755294047,0.0021287912577889166,0.0004835533136639837,4.752051796463021e-05,5.242934729037132e-06,0.028599987934123824,0.8233705117795281,0.1361022301915947,0.00827638514138271,9.012175369458869e-05
P16,2,A,beta,1799551287-β-1,P16-T02-Aβ,8,60,C4,7,7,L1,L,False,60,True,R2,False,0.0001732328507143394,False,0.42486023902893066,valid,False,0.0001732328507143394,0.0001028669958197335,3.417177464166071e-05,4.269087057184809e-06,5.333379519483199e-07,0.00787461836114929,0.5045387882922527,0.4657480028586846,0.02140543199716206,0.00011808444456655851
P16,2,A,beta,1799551287-β-1,P16-T02-Aβ,9,57,A3,5,5,L3,L,False,57,True,L2,False,0.08313608073082697,False,0.4932389259338379,valid,False,0.016784885219276534,0.8804901949658039,0.08313608073082697,0.00430802168145577,0.0006068211313434849,0.0032554676505878338,0.008044181242542673,0.0032559327446830292,0.00011771118872101611,7.034447587951581e-07
P16,2,A,beta,1799551287-β-1,P16-T02-Aβ,10,62,D4,8,8,R2,R,False,62,True,R2,True,0.5102694884761606,False,0.3333008289337158,valid,False,0.0024820319571573863,0.00330335624289694,0.00025536509694890183,1.6162508563227096e-05,2.187357674218517e-06,0.00841909525843886,0.5102694884761606,0.4525684375627169,0.02253205574207235,0.000151819797370523
P16,2,A,beta,1799551287-β-1,P16-T02-Aβ,11,59,B3,6,6,L5,L,False,59,True,R3,False,0.00011138900372318951,False,0.44780993461608887,valid,False,0.0011225687299828487,0.04966845469819998,0.013367643753613215,0.0014341929534669108,0.00011138900372318951,0.0056635668380714205,0.2742537786377088,0.586430333242411,0.06763014916157238,0.00031792298125040384
P16,2,A,beta,1799551287-β-1,P16-T02-Aβ,12,60,C4,7,7,R3,R,False,60,True,R2,False,0.3685875555780693,False,0.367189884185791,valid,False,0.003836826268734985,0.030039909079628467,0.0028001648301171182,0.000275182238138837,2.8246455592042693e-05,0.011818643985376182,0.5527798344059637,0.3685875555780693,0.029656409774582882,0.00017722738379658524
P16,2,A,beta,1799551287-β-1,P16-T02-Aβ,13,65,F4,10,10,R4,R,False,65,True,R2,False,0.034164942672371516,False,0.3381960391998291,valid,False,1.7773356400152213e-05,1.8981657173951555e-05,2.5066703764262136e-06,2.1848352434383405e-07,2.360689875622928e-08,0.00810097511818199,0.47876029791448865,0.47876029791448865,0.034164942672371516,0.00017398260609558736
P16,2,A,beta,1799551287-β-1,P16-T02-Aβ,14,60,C4,7,7,R5,R,False,60,True,R2,False,9.923639017604406e-05,False,0.4423820972442627,valid,False,0.001131461958769997,0.006847341795466589,0.0009321602886935144,7.806210934414746e-05,8.666908323665818e-06,0.0080828901830145,0.6077414254959199,0.34714741071966865,0.02793134415062296,9.923639017604406e-05
P16,2,A,beta,1799551287-β-1,P16-T02-Aβ,15,64,E4,9,9,R4,R,False,64,True,R2,False,0.00390741978767917,False,0.3613700866699219,valid,False,0.00011556326075416398,0.0001571376416170067,1.9898264846779556e-05,1.8787986080520603e-06,2.0425100120412382e-07,0.029329007015579573,0.7986136247820079,0.16781752951909282,0.00390741978767917,3.7736678813263255e-05
P16,2,A,beta,1799551287-β-1,P16-T02-Aβ,16,60,C4,7,7,L1,L,False,60,True,R2,False,0.001342327497527124,False,0.4077291488647461,valid,False,0.001342327497527124,0.0071122034962184085,0.001178974046871204,9.485978817916193e-05,9.871046284501355e-06,0.021002565742636533,0.8666581500961621,0.09994745605846324,0.002623854994942261,2.973723271561838e-05
P16,2,A,beta,1799551287-β-1,P16-T02-Aβ,17,60,C4,7,7,R5,R,False,60,True,R2,False,1.6420247497998772e-05,False,0.33123016357421875,valid,False,0.0026150590085569905,0.010874448867824571,0.0017002238143362853,0.00015424082457050596,1.8290166084453258e-05,0.020302822136513576,0.907560198058965,0.055188792480120895,0.0015695043955296613,1.6420247497998772e-05
P16,2,A,beta,1799551287-β-1,P16-T02-Aβ,18,67,G4,11,11,R4,R,False,67,True,R2,False,0.0017709629813354665,False,0.9863910675048828,valid,False,6.471580025685282e-06,5.139146144212857e-06,4.490049956529523e-07,4.7800400296026295e-08,6.4071919229620125e-09,0.052374053175762915,0.8726403108647056,0.07307771441358706,0.0017709629813354665,0.00012484462585122427
P16,2,A,beta,1799551287-β-1,P16-T02-Aβ,19,62,D4,8,8,R5,R,False,62,True,R3,False,0.0013112335595035973,False,0.5698907375335693,valid,False,7.828699459142428e-05,0.00040973692026070483,0.00010886268436376694,1.2947545834582206e-05,1.44396852419678e-06,0.009924669364676985,0.17785555862758365,0.726023278108601,0.08427398222606013,0.0013112335595035973
P16,2,A,beta,1799551287-β-1,P16-T02-Aβ,20,60,C4,7,7,R1,R,False,60,True,R3,False,0.002745445383184251,False,0.42751479148864746,valid,False,0.0009901435489597626,0.004697799140642601,0.0006806897518907339,8.175511471922952e-05,8.165648243672138e-06,0.002745445383184251,0.07008688672405948,0.7471781672576289,0.17015263065754824,0.003378316773123097
P16,2,A,beta,1799551287-β-1,P16-T02-Aβ,21,57,A3,5,4,L3,L,False,55,False,L3,True,0.7187138843526146,False,0.5194401741027832,valid,False,0.0056231745210211116,0.1898051433931889,0.7187138843526146,0.07351307951644974,0.003942944691521537,0.00029862238072897186,0.005679153733880168,0.0022074234016003203,0.00021495785311022382,1.6161558843346847e-06
P16,2,A,beta,1799551287-β-1,P16-T02-Aβ,22,60,C4,7,7,L2,L,False,60,True,R3,False,0.010709068591841304,False,0.3679041862487793,valid,False,0.0003349779363022467,0.010709068591841304,0.00222063749016585,0.0001717527427161158,1.5334569508651747e-05,0.002113023985644679,0.13436419913580835,0.7575112559389662,0.09156692660030508,0.000992823008741535
P16,2,A,beta,1799551287-β-1,P16-T02-Aβ,23,64,E4,9,9,R1,R,False,64,True,R4,False,0.00026132179994298356,False,0.5286221504211426,valid,False,2.2772322576604556e-05,0.00011551766534861114,2.601362788224975e-05,2.093046269534484e-06,2.1220510939590186e-07,0.00026132179994298356,0.008515523161207865,0.28107780776849456,0.6998494713836997,0.010129267019468735
P16,2,A,beta,1799551287-β-1,P16-T02-Aβ,24,60,C4,7,7,R3,R,False,60,True,R4,False,0.17336987783092372,False,0.6270022392272949,valid,False,0.0002743865999880931,0.005186588460092736,0.0009139822710150579,8.318926720675796e-05,9.366066330028707e-06,0.0005375087852466708,0.00790472251667251,0.17336987783092372,0.7976840061967356,0.014036372005788887
P16,2,A,beta,1799551287-β-1,P16-T02-Aβ,25,57,A3,5,5,L1,L,False,57,True,L3,False,0.005301577731745697,False,0.638312816619873,valid,False,0.005301577731745697,0.2641312581125576,0.6898306753333779,0.029266577621088204,0.0016426562428659523,0.0002682519751575926,0.006526089515813448,0.0028703028781545212,0.00016137409989222298,1.2364893469103462e-06
P16,2,A,beta,1799551287-β-1,P16-T02-Aβ,26,60,C4,7,7,L3,L,False,60,True,R3,False,0.0006619170502052903,False,0.40528106689453125,valid,False,0.0006034558302897051,0.004437471823810983,0.0006619170502052903,6.786805358788606e-05,5.4837486029497175e-06,0.002298764531371565,0.19563253136839798,0.7374964344680427,0.058286184754982734,0.0005098883707080306
P16,2,A,beta,1799551287-β-1,P16-T02-Aβ,27,64,E4,9,9,R5,R,False,64,True,R4,False,0.03015518771865637,False,0.2633659839630127,valid,False,1.991766478135525e-05,5.4300940732374085e-05,8.544652649898777e-06,9.859391177906446e-07,9.725139765486313e-08,0.00022618571971035103,0.005389948906775996,0.06545236333300583,0.8986924678731725,0.03015518771865637
P16,2,A,beta,1799551287-β-1,P16-T02-Aβ,28,59,B3,6,6,L3,L,False,59,True,R3,False,0.0030180209130869985,False,0.4305078983306885,valid,False,0.0012856618736080566,0.017952305429139403,0.0030180209130869985,0.00036237014842721837,3.87155435065958e-05,0.0011569569337142758,0.14545625752384828,0.7786261344122689,0.051717345344765464,0.00038623187763459164
P16,2,A,beta,1799551287-β-1,P16-T02-Aβ,29,60,C4,7,7,L4,L,False,60,True,R3,False,3.551068756989378e-05,False,0.40467405319213867,valid,False,0.0003653050894106117,0.0018472730949197966,0.00028434854832313285,3.551068756989378e-05,4.112260994738528e-06,0.0011931314141158764,0.1613960372885864,0.7765642554402,0.057909559287891633,0.0004004668879878997
P16,3,C,gamma,1799551287-γ-5,P16-T03-Cγ,0,52,E3,2,2,L1,L,False,52,True,L1,True,0.7433597418468706,False,1.5515389442443848,valid,False,0.7433597418468706,0.23303300649345488,0.02031135526471494,0.002641059341264614,0.0005332206848185836,2.2577087702790364e-05,6.178232982237488e-05,3.429873454325532e-05,2.8225857454836517e-06,1.356310623656908e-07
P16,3,C,gamma,1799551287-γ-5,P16-T03-Cγ,1,59,B3,6,6,L4,L,False,59,True,L4,True,0.6861524457066379,False,1.4267549514770508,valid,False,0.0023422214744983185,0.02952711484671681,0.2516162050600955,0.6861524457066379,0.02867272399757892,0.0006718765038431001,0.000777201384001224,0.0002261446058396678,1.3628284675422254e-05,4.381361130696643e-07
P16,3,C,gamma,1799551287-γ-5,P16-T03-Cγ,2,72,C5,14,14,R1,R,False,72,True,R1,True,0.9305126195657254,False,1.1983909606933594,valid,False,9.430868750962453e-10,1.4965239475415054e-09,2.3581061201154905e-10,3.334777868779241e-11,2.239867143646006e-12,0.9305126195657254,0.05658453066934739,0.010132373938339788,0.0021291772513397414,0.000641295864238662
P16,3,C,gamma,1799551287-γ-5,P16-T03-Cγ,3,64,E4,9,9,R2,R,False,64,True,R2,True,0.7536859414600674,False,0.6949307918548584,valid,False,5.582972047494013e-06,2.4829522935866724e-05,8.580698518360647e-06,9.572227444179934e-07,5.3418958010389385e-08,0.061086320500519806,0.7536859414600674,0.17856912086035862,0.006455779382932527,0.00016283396091748586
P16,3,C,gamma,1799551287-γ-5,P16-T03-Cγ,4,67,G4,11,11,R4,R,False,67,True,R4,True,0.5236407007590496,False,0.6702921390533447,valid,False,1.83587045454891e-07,5.233169817623267e-07,1.518324195306356e-07,1.5331347566283223e-08,7.784372735189779e-10,0.002412931488840847,0.12884951570099043,0.3372436828503265,0.5236407007590496,0.007852294354561105
P16,3,C,gamma,1799551287-γ-5,P16-T03-Cγ,5,62,D4,8,8,R3,R,False,62,True,R3,True,0.6370668489046853,False,1.291923999786377,valid,False,2.2325006814059053e-05,0.00011652259330233869,3.267436564350451e-05,4.193723908798549e-06,2.677888090867304e-07,0.007821486244979563,0.2645971996521693,0.6370668489046853,0.08973623035785995,0.0006022513618279005
P16,3,C,gamma,1799551287-γ-5,P16-T03-Cγ,6,72,C5,14,14,R5,R,False,72,True,R5,True,0.15047952044990187,True,1.1271560192108154,valid,False,5.026010901669234e-10,9.153496059972304e-10,1.8681655765273828e-10,2.1061326250961514e-11,1.194143543858408e-12,0.0269457880665327,0.27419156328551425,0.27419156328551425,0.27419156328551425,0.15047952044990187
P16,3,C,gamma,1799551287-γ-5,P16-T03-Cγ,7,55,G3,4,4,L5,L,False,55,True,L4,True,0.4259835986398292,False,0.9052488803863525,valid,False,0.0029135500280093,0.005983364748939716,0.03787816550185995,0.5272382749796846,0.4259835986398292,1.4163278232204364e-06,1.2295827572203504e-06,3.5014235529802034e-07,4.55743579534967e-08,4.474383579801531e-09
P16,3,C,gamma,1799551287-γ-5,P16-T03-Cγ,8,64,E4,9,9,R2,R,False,64,True,R2,True,0.7812904896950899,False,0.5560200214385986,valid,False,2.3569105576838288e-05,0.00030650488248341857,0.0002256097192877971,2.8861487901537023e-05,2.7862587732502904e-06,0.04048562717334827,0.7812904896950899,0.170877517259033,0.006692229160708123,6.680525779785977e-05
P16,3,C,gamma,1799551287-γ-5,P16-T03-Cγ,9,59,B3,6,6,L3,L,False,59,True,L3,True,0.7971645700765428,False,0.6440830230712891,valid,False,0.003672808453981887,0.1212493490989095,0.7971645700765428,0.07179567628491385,0.005978994272364133,9.730813942109294e-05,3.6729342980209345e-05,4.344090533147759e-06,2.158775500523487e-07,4.362803425893293e-09
P16,3,C,gamma,1799551287-γ-5,P16-T03-Cγ,10,71,B4,13,13,R4,R,False,71,True,R4,True,0.16182082361918174,True,0.7304210662841797,valid,False,2.4413029882782612e-08,5.3621514572623144e-08,9.902554101858663e-09,9.404227709511254e-10,6.796670714461604e-11,0.002638353636829834,0.33245007421699385,0.4959572314495847,0.16182082361918174,0.007133428131921924
P16,3,C,gamma,1799551287-γ-5,P16-T03-Cγ,11,57,A3,5,5,L1,L,False,57,True,L1,True,0.6413979042425243,False,0.9304718971252441,valid,False,0.6413979042425243,0.33820425570417173,0.018985015683448396,0.000983782955223513,0.000183351540924807,8.860104751862542e-05,0.00013603808021801946,2.0092252005012906e-05,9.511669820262643e-07,7.326983472747166e-09
P16,3,C,gamma,1799551287-γ-5,P16-T03-Cγ,12,65,F4,10,10,R1,R,False,65,True,R1,True,0.35441733118719004,True,0.8939967155456543,valid,False,1.411876170764391e-06,6.632852186678654e-06,2.485811206719174e-06,3.0598871157359603e-07,3.293148076447556e-08,0.35441733118719004,0.5727647766251389,0.06874988889231616,0.00401675804351901,4.037579207938881e-05
P16,3,C,gamma,1799551287-γ-5,P16-T03-Cγ,13,69,A4,12,12,R5,R,False,69,True,R5,True,0.5242122639153846,False,0.8550472259521484,valid,False,5.188016536008787e-08,1.5943577041005943e-07,4.564246882189085e-08,4.776544251002327e-09,4.567180625350867e-10,0.0008423879359563853,0.01326403044999843,0.06548994936804828,0.39619110613894554,0.5242122639153846
P16,3,C,gamma,1799551287-γ-5,P16-T03-Cγ,14,52,E3,2,2,L1,L,False,52,True,L1,True,0.7331419521166052,False,0.9823970794677734,valid,False,0.7331419521166052,0.2489717266013953,0.015757860848155315,0.0017460207510097742,0.00038187549311107096,4.524735498318662e-07,1.0166753831415087e-07,9.141732328780897e-09,8.630318779076025e-10,4.3870920766715727e-11
P16,3,C,gamma,1799551287-γ-5,P16-T03-Cγ,15,53,F3,3,3,L5,L,False,53,True,L5,True,0.7633583212157439,False,0.9724647998809814,valid,False,0.002906253975629805,0.0017475615015738577,0.009782406756757097,0.22220306817894803,0.7633583212157439,1.7552795265171858e-06,5.719544711413754e-07,5.70488180524912e-08,3.929353162020171e-09,1.5917846809688772e-10
P16,3,C,gamma,1799551287-γ-5,P16-T03-Cγ,16,60,C4,7,7,R1,R,False,60,True,R1,True,0.5681775306345676,False,0.7674210071563721,valid,False,4.877239483701438e-05,0.0016332615537791386,0.003890072142096153,0.0008803481103289189,9.277611292220809e-05,0.5681775306345676,0.3808607884913792,0.04220057826121364,0.002186788269558965,2.9084029317116336e-05
P16,3,C,gamma,1799551287-γ-5,P16-T03-Cγ,17,52,E3,2,2,L3,L,False,52,True,L3,True,0.6679424682680749,False,0.7652218341827393,valid,False,0.004688768091239691,0.27308274745270994,0.6679424682680749,0.04760749474196849,0.0066779689759487474,4.0340300225732735e-07,1.2862224103760032e-07,1.9292426362502856e-08,1.1271728583003215e-09,2.521572685549855e-11
P16,3,C,gamma,1799551287-γ-5,P16-T03-Cγ,18,62,D4,8,8,L1,L,False,62,True,L1,True,0.28811416746502794,True,1.0654711723327637,valid,False,0.28811416746502794,0.6108726969600184,0.0932131294331221,0.004116027855305003,0.00040449681578825266,0.002119049591170774,0.001037486642016413,0.0001170549946957197,5.6987304527644905e-06,1.9151240268627147e-07
P16,3,C,gamma,1799551287-γ-5,P16-T03-Cγ,19,62,D4,8,8,R2,R,False,62,True,R2,True,0.796629890724027,False,0.7017581462860107,valid,False,0.0001600929370938319,0.0011978688755366535,0.0003483604035388924,3.25397982469954e-05,4.316039857928261e-06,0.0465436318927788,0.796629890724027,0.1484710801660776,0.00655606249234721,5.6156670495033764e-05
P16,3,C,gamma,1799551287-γ-5,P16-T03-Cγ,20,57,A3,5,6,R4,R,False,59,False,R4,True,0.7411598439236907,False,0.9841327667236328,valid,False,1.415543165743033e-05,3.582180147515079e-06,5.92130395793682e-07,7.397497599573515e-08,1.824200448820153e-08,0.004591840078814829,0.012615023412768326,0.06775479736994908,0.7411598439236907,0.17386007325559566
P16,3,C,gamma,1799551287-γ-5,P16-T03-Cγ,21,64,E4,9,9,R1,R,False,64,True,R1,True,0.4244428575629687,True,1.406181812286377,valid,False,3.9791620999274695e-06,1.2214454922502814e-05,2.1809939247759067e-06,2.435916013804412e-07,3.49327718970425e-08,0.4244428575629687,0.49808830746497224,0.07302321363008739,0.00426642988720587,0.00016053831944559438
P16,3,C,gamma,1799551287-γ-5,P16-T03-Cγ,22,53,F3,3,3,L2,L,False,53,True,L2,True,0.8684073113712396,False,0.7433850765228271,valid,False,0.0179333275736485,0.8684073113712396,0.10423634379514556,0.00805796350184229,0.0013575765698610879,5.514944761022305e-06,1.615965224640376e-06,3.2446296989641884e-07,2.1373918462387994e-08,4.4138905361495347e-10
P16,3,C,gamma,1799551287-γ-5,P16-T03-Cγ,23,57,A3,5,5,R3,R,False,57,True,R3,True,0.6944160298836008,False,0.718878984451294,valid,False,0.001736664989101483,0.024120720613384185,0.00529579295506485,0.0005592062771346897,7.455516319670275e-05,0.005558590099328096,0.16153432762563227,0.6944160298836008,0.10596101543921409,0.0007430969543426783
P16,3,C,gamma,1799551287-γ-5,P16-T03-Cγ,24,60,C4,7,7,L5,L,False,60,True,L5,True,0.8782373511468426,False,1.0658202171325684,valid,False,0.0012928202466627719,0.0030980982744534817,0.013696800136590326,0.10344999635602567,0.8782373511468426,0.00019405528934315206,1.889626815011826e-05,1.0911727544160145e-05,1.0452065476831413e-06,2.5347839945535975e-08
P16,3,C,gamma,1799551287-γ-5,P16-T03-Cγ,25,53,F3,3,3,L3,L,False,53,True,L3,True,0.7326637352065487,False,0.7785210609436035,valid,False,0.0043511520766937135,0.17320334952823274,0.7326637352065487,0.0843694923683251,0.005411742431941945,4.782698317845184e-07,2.684038984143819e-08,2.1161794363217047e-08,2.0796454098955056e-09,3.6596502734914e-11
P16,3,C,gamma,1799551287-γ-5,P16-T03-Cγ,26,60,C4,7,7,L2,L,False,60,True,L2,True,0.905529719823941,False,0.8921332359313965,valid,False,0.008811410412832517,0.905529719823941,0.0758319796076543,0.004089898275526199,0.0004907094046244682,0.0033940076190570245,0.0016605747484320617,0.00018059832697182193,1.0982195573166076e-05,1.195853875288993e-07
P16,3,C,gamma,1799551287-γ-5,P16-T03-Cγ,27,60,C4,7,7,R1,R,False,60,True,R1,True,0.5094441215577751,False,0.7564077377319336,valid,False,0.00037704005439621565,0.0016175478800172823,8.658057234079261e-05,9.575848087651263e-06,1.6229430546334545e-06,0.5094441215577751,0.4341196440108056,0.05210808783943087,0.0022107242428762368,2.5055051215555664e-05
P16,3,C,gamma,1799551287-γ-5,P16-T03-Cγ,28,59,B3,6,6,L4,L,False,59,True,L4,True,0.5680551772732746,False,0.9987378120422363,valid,False,0.001600218397194469,0.02550277073663873,0.3715910926207115,0.5680551772732746,0.03203954488598424,0.0008215900322412139,0.0003215084436324608,6.444107735425962e-05,3.6217658899778958e-06,3.4767078559414706e-08
P16,3,C,gamma,1799551287-γ-5,P16-T03-Cγ,29,64,E4,9,9,R5,R,False,64,True,R5,True,0.8699824647585807,False,0.771942138671875,valid,False,2.271478663718569e-05,3.0749250590907515e-05,5.560326999335911e-06,4.1287361617392266e-07,3.428352105051881e-08,0.0018832289562964624,0.0012164398400995515,0.01563821905465152,0.11122017586900722,0.8699824647585807
P16,4,A,gamma,1799551287-γ-6,P16-T04-Aγ,0,62,D4,8,8,L2,L,False,62,True,R1,False,5.645410237413686e-06,False,1.1790549755096436,valid,False,3.636839297802323e-06,5.645410237413686e-06,2.1615874183167705e-06,4.727648630722266e-07,6.147300569389721e-08,0.4654885916498618,0.4654885916498618,0.06556798797656066,0.0033976621381396808,4.5188510753828244e-05
P16,4,A,gamma,1799551287-γ-6,P16-T04-Aγ,1,57,A3,5,5,R2,R,False,57,True,R2,True,0.5343390576774851,False,0.7682859897613525,valid,False,0.0003682182992012409,0.0008195749530458969,0.00022787240746393467,4.600664561402775e-05,5.982184821032611e-06,0.35535205982139506,0.5343390576774851,0.1036511130059539,0.0051604850496326194,2.9629955387298798e-05
P16,4,A,gamma,1799551287-γ-6,P16-T04-Aγ,2,62,D4,8,8,R4,R,False,62,True,R1,False,0.00541079505501161,False,0.6044628620147705,valid,False,1.4955621080153973e-06,2.130062498487662e-06,7.2335969383049e-07,1.5200396412652715e-07,1.8989887493352746e-08,0.44071395739880975,0.44071395739880975,0.11311398672025484,0.00541079505501161,4.2783448962071317e-05
P16,4,A,gamma,1799551287-γ-6,P16-T04-Aγ,3,55,G3,4,4,L5,L,False,55,True,L2,False,0.0009511258455922831,False,0.7260129451751709,valid,False,0.025712519956774267,0.8539657644837446,0.11104006749013078,0.006752353457983283,0.0009511258455922831,0.0007123807992754556,0.0007787159798337022,8.290093854932032e-05,3.96555723447207e-06,2.0549088187681176e-07
P16,4,A,gamma,1799551287-γ-6,P16-T04-Aγ,4,48,C3,0,0,L1,L,False,48,True,L1,True,0.6739613038010575,False,1.4177169799804688,valid,False,0.6739613038010575,0.27954763195131743,0.03783265794825591,0.006774548324047325,0.0018835771278078281,1.3959041035884283e-07,1.275722989494957e-07,1.3048631396926549e-08,5.997053992901245e-10,3.646812288751379e-11
P16,4,A,gamma,1799551287-γ-6,P16-T04-Aγ,5,55,G3,4,4,L5,L,False,55,True,L3,False,0.007823776198950305,False,0.7080729007720947,valid,False,0.003040209520417859,0.11136227007124747,0.7918758624815665,0.08029333018976144,0.007823776198950305,0.00015581535518116192,0.003738419612071208,0.001592641016223703,0.00011665762965471436,1.0179249253355709e-06
P16,4,A,gamma,1799551287-γ-6,P16-T04-Aγ,6,62,D4,8,8,R4,R,False,62,True,R3,False,0.10612602505819634,False,0.4203619956970215,valid,False,0.00021241675372081796,0.001045126218302809,0.00015517465638199008,1.4607027884579439e-05,1.4266260492495573e-06,0.005517027872584507,0.1300906455542235,0.7558472355666631,0.10612602505819634,0.0009903146659930528
P16,4,A,gamma,1799551287-γ-6,P16-T04-Aγ,7,59,B3,6,6,L3,L,False,59,True,R3,False,0.003127234528012281,False,0.3878211975097656,valid,False,0.0017429229096444711,0.0246575739191885,0.003127234528012281,0.0003576618194866237,3.9554402452052696e-05,0.0030814827307197997,0.1655737407831258,0.7570404292625448,0.04412020070104116,0.00025919894378455434
P16,4,A,gamma,1799551287-γ-6,P16-T04-Aγ,8,59,B3,6,6,R2,R,False,59,True,R3,False,0.15799389471511102,False,0.33603620529174805,valid,False,0.001960630608012748,0.04411779092812037,0.006172210263806824,0.0007644901333669033,7.810728029456958e-05,0.002465898862769764,0.15799389471511102,0.7356807355694738,0.050452565425212106,0.00031367621383159754
P16,4,A,gamma,1799551287-γ-6,P16-T04-Aγ,9,69,A4,12,12,R5,R,False,69,True,R5,True,0.9859936893476515,False,0.5256261825561523,valid,False,3.8998593963336513e-07,6.907122963934489e-07,6.409490706857426e-08,7.3839764320771345e-09,8.982714305062063e-10,1.2753875516607595e-05,9.66907029467535e-05,0.0006343555672658768,0.01326135743122841,0.9859936893476515
P16,4,A,gamma,1799551287-γ-6,P16-T04-Aγ,10,50,D3,1,1,L2,L,False,50,True,L5,False,0.0037080907557208824,False,1.0071957111358643,valid,False,0.0010119177335220445,0.0037080907557208824,0.02280447358882774,0.2320508959613624,0.7402268747797247,3.042467861220472e-05,0.00014772110369527255,1.8337126681690295e-05,1.2522911420222064e-06,1.1980710999317188e-08
P16,4,A,gamma,1799551287-γ-6,P16-T04-Aγ,11,60,C4,7,7,L3,L,False,60,True,R3,False,0.002622940011982308,False,0.4284539222717285,valid,False,0.0006653114243520136,0.008027413249482652,0.002622940011982308,0.00024700761065564133,2.3584163356716507e-05,0.001980669682725528,0.13201824215305624,0.793781369343125,0.05992465166867411,0.0007088106925898387
P16,4,A,gamma,1799551287-γ-6,P16-T04-Aγ,12,59,B3,6,6,R2,R,False,59,True,R2,True,0.7472592407192853,False,0.43311309814453125,valid,False,0.0016400811515133798,0.03807565384752998,0.014756187467670994,0.0014891575087929057,0.00015179338272699243,0.004465638331043206,0.7472592407192853,0.18427186003868584,0.00781787022242552,7.251733032591304e-05
P16,4,A,gamma,1799551287-γ-6,P16-T04-Aγ,13,69,A4,12,12,R3,R,False,69,True,R5,False,0.0014178430452945988,False,0.5412158966064453,valid,False,3.9741752669591146e-07,6.264326683846925e-07,7.85600262108691e-08,8.705510019430793e-09,9.45759130801863e-10,1.7317053832008276e-05,0.00024327369864650186,0.0014178430452945988,0.0362028097999698,0.9621176443407666
P16,4,A,gamma,1799551287-γ-6,P16-T04-Aγ,14,53,F3,3,3,L1,L,False,53,True,L3,False,0.0037541907947814825,False,0.4716038703918457,valid,False,0.0037541907947814825,0.22822973665763036,0.680530581797095,0.07848227171585309,0.007924178741822802,0.00021391792051831676,0.0007483973146832797,0.00011112192703803138,5.5324349786112565e-06,7.069559880254591e-08
P16,4,A,gamma,1799551287-γ-6,P16-T04-Aγ,15,67,G4,11,11,R5,R,False,67,True,R5,True,0.8917490528799242,False,0.8005518913269043,valid,False,2.678499791682652e-06,4.075681742430136e-06,3.331841433288529e-07,4.1555612166445746e-08,4.6375578216949916e-09,4.509174710167444e-05,0.0007778675760537015,0.008612242712357504,0.09880861152571549,0.8917490528799242
P16,4,A,gamma,1799551287-γ-6,P16-T04-Aγ,16,65,F4,10,10,R4,R,False,65,True,R4,True,0.7900582259452362,False,0.7022247314453125,valid,False,8.596846730612722e-06,1.4337007736675992e-05,1.3495916231943195e-06,1.6159369217998553e-07,1.8031088555980366e-08,0.00016998861619822714,0.008247134513015685,0.1798470282427896,0.7900582259452362,0.021653159611889104
P16,4,A,gamma,1799551287-γ-6,P16-T04-Aγ,17,60,C4,7,7,R3,R,False,60,True,R3,True,0.7445161192384746,False,0.43734002113342285,valid,False,0.000635181116147931,0.00402538797143613,0.0003724389480743751,4.6240345416198165e-05,5.074255591724731e-06,0.002667474850241087,0.19344805739062362,0.7445161192384746,0.05398269315138171,0.00030133273261257994
P16,4,A,gamma,1799551287-γ-6,P16-T04-Aγ,18,59,B3,6,6,L5,L,False,59,True,R2,False,4.527452376640315e-05,False,0.402360200881958,valid,False,0.002429099864818618,0.029095632662515605,0.0028665767389952734,0.0003559684273603367,4.527452376640315e-05,0.0031070753951127194,0.7940237350663398,0.16298886674985352,0.005021265011725034,6.650555951258209e-05
P16,4,A,gamma,1799551287-γ-6,P16-T04-Aγ,19,69,A4,12,12,R1,R,False,69,True,R5,False,8.050892361371915e-06,False,0.47855210304260254,valid,False,4.1596421761975e-07,4.910457878709602e-07,4.014490106132814e-08,5.219989733346455e-09,5.728424469038003e-10,8.050892361371915e-06,0.00021730725725683234,0.0013729818083519424,0.02870251866095485,0.9696981884333361
P16,4,A,gamma,1799551287-γ-6,P16-T04-Aγ,20,55,G3,4,4,L1,L,False,55,True,L2,False,0.01342311820412654,False,0.4469261169433594,valid,False,0.01342311820412654,0.8951385041618511,0.07496178569028675,0.007667406783311109,0.0012618636099371117,0.0008207525013477388,0.005992942640340887,0.0006955714504193416,3.7514733101971856e-05,5.402252774631232e-07
P16,4,A,gamma,1799551287-γ-6,P16-T04-Aγ,21,60,C4,7,7,R4,R,False,60,True,R2,False,0.011397332731068723,False,0.38646578788757324,valid,False,0.0015673312197577612,0.004872185027485221,0.00041204585267121417,4.386578521105137e-05,4.779083105901181e-06,0.0030420582720815975,0.7910643815550131,0.18742511089508804,0.011397332731068723,0.00017090957851728615
P16,4,A,gamma,1799551287-γ-6,P16-T04-Aγ,22,52,E3,2,2,L4,L,False,52,True,L4,True,0.47662537240078906,False,0.8845067024230957,valid,False,0.0013062492435096157,0.03323763443804742,0.4579366242347213,0.47662537240078906,0.030837500239972764,3.440557982499664e-05,1.9420353888185463e-05,2.5973354133205966e-06,1.9291339497012624e-07,3.260438235585938e-09
P16,4,A,gamma,1799551287-γ-6,P16-T04-Aγ,23,59,B3,6,6,L2,L,False,59,True,R2,False,0.05491891371725432,False,0.39843297004699707,valid,False,0.0022857126896296074,0.05491891371725432,0.008955788332435509,0.000910914749523935,7.919799458814874e-05,0.0027273254967739285,0.8315749704722668,0.09590148412193744,0.002620385534431254,2.5306891159111008e-05
P16,4,A,gamma,1799551287-γ-6,P16-T04-Aγ,24,60,C4,7,7,L4,L,False,60,True,R3,False,0.00012088376480084047,False,0.44269490242004395,valid,False,0.0003057417812377853,0.007222803750930938,0.0015939184882180488,0.00012088376480084047,9.311207268204052e-06,0.0013797505045509565,0.42545841523748923,0.5408636488677495,0.022946541126723764,9.89852710307953e-05
P16,4,A,gamma,1799551287-γ-6,P16-T04-Aγ,25,62,D4,8,8,R5,R,False,62,True,R3,False,0.0010210779191997925,False,0.49846982955932617,valid,False,0.0001547202534423798,0.0018219405739301237,0.0002982714448923425,2.5046038044586318e-05,1.9676237748639288e-06,0.0003953468098588242,0.11808239092513803,0.7937300906187149,0.08446914779300399,0.0010210779191997925
P16,4,A,gamma,1799551287-γ-6,P16-T04-Aγ,26,65,F4,10,10,R3,R,False,65,True,R4,False,0.1043737178362095,False,0.5420851707458496,valid,False,9.269373120822253e-06,4.328984498896889e-05,4.931617131803691e-06,4.4719342888391553e-07,4.587950397067127e-08,5.4726442797234085e-05,0.004601115520764545,0.1043737178362095,0.8695517933945824,0.021360662897471808
P16,4,A,gamma,1799551287-γ-6,P16-T04-Aγ,27,69,A4,12,12,R5,R,False,69,True,R5,True,0.9603929331060352,False,0.3854248523712158,valid,False,6.47061474818784e-07,1.39766835919129e-06,1.1707948510421275e-07,9.804192943941847e-09,1.19335551096395e-09,5.296666713975887e-06,0.00025821631103599245,0.0017286530233739587,0.03761272808597327,0.9603929331060352
P16,4,A,gamma,1799551287-γ-6,P16-T04-Aγ,28,62,D4,8,8,R3,R,False,62,True,R3,True,0.6908654292615455,False,0.4540832042694092,valid,False,0.00018924956856153084,0.0010575660084452291,0.0001000530290537713,9.82622855131117e-06,1.122023729771745e-06,0.0008251695625555266,0.27061985739548383,0.6908654292615455,0.0357998984564037,0.0005318284656698191
P16,4,A,gamma,1799551287-γ-6,P16-T04-Aγ,29,55,G3,4,4,L2,L,False,55,True,L2,True,0.8688543769635827,False,0.44002294540405273,valid,False,0.010512918659430997,0.8688543769635827,0.10429000580624594,0.011102558039836534,0.0015016290713048578,0.0006924232283055799,0.0025770971060369878,0.0004348194184025738,3.36136022793175e-05,5.58104574673008e-07
P16,5,B,gamma,1799551287-γ-8,P16-T05-Bγ,0,71,B4,13,13,R4,R,False,71,True,R4,True,0.8334285414015998,False,1.1253628730773926,valid,False,1.2085202345784654e-07,4.575816471722827e-07,9.604589752899468e-08,1.25495441122272e-08,1.2336762601498352e-09,5.792629519326814e-05,0.007430164253960809,0.1271729492732756,0.8334285414015998,0.03190973051318186
P16,5,B,gamma,1799551287-γ-8,P16-T05-Bγ,1,65,F4,10,10,R2,R,False,65,True,R2,True,0.9261190907237203,False,1.2236549854278564,valid,False,1.45073293200389e-05,8.489767210780626e-05,2.5088484014472037e-05,3.241239692877098e-06,3.9022807555461047e-07,0.006450987760154136,0.9261190907237203,0.06349764598251012,0.0037201245332931588,8.402604711161195e-05
P16,5,B,gamma,1799551287-γ-8,P16-T05-Bγ,2,57,A3,5,5,R4,R,False,57,True,R4,True,0.6952739554722253,False,1.133025884628296,valid,False,0.000634007781114876,0.0475423420949885,0.0702253366943019,0.015268999170888345,0.0015568025126054018,0.0017176782778443526,0.020077901544536727,0.1364632507998312,0.6952739554722253,0.011239725651663469
P16,5,B,gamma,1799551287-γ-8,P16-T05-Bγ,3,64,E4,9,9,R2,R,False,64,True,R2,True,0.7882544137415626,False,0.9920198917388916,valid,False,4.268161908228587e-05,0.00036950836633129305,0.00010222990305061783,1.2597759130000072e-05,1.5091692218393198e-06,0.017038066109720945,0.7882544137415626,0.18675935151907833,0.0073142236516480375,0.00010541816117412109
P16,5,B,gamma,1799551287-γ-8,P16-T05-Bγ,4,53,F3,3,3,L4,L,False,53,True,L4,True,0.7219948022312549,False,0.9150810241699219,valid,False,0.001191123407121817,0.026715171520426427,0.1961928573940234,0.7219948022312549,0.053873431167541015,2.0467968021103796e-05,1.0740467676720817e-05,1.3361244456570732e-06,6.901752731527157e-08,7.019618128958447e-10
P16,5,B,gamma,1799551287-γ-8,P16-T05-Bγ,5,72,C5,14,14,R5,R,False,72,True,R5,True,0.958316164908287,False,0.8289210796356201,valid,False,3.574058978353924e-08,1.6310331604974223e-07,4.658167313215112e-08,6.263240435946216e-09,6.660404693415764e-10,1.3022982154047783e-05,0.0002320524852407884,0.002375428279700973,0.03906307898975722,0.958316164908287
P16,5,B,gamma,1799551287-γ-8,P16-T05-Bγ,6,57,A3,5,5,L2,L,False,57,True,L2,True,0.8910515347159262,False,0.8864948749542236,valid,False,0.016320178141109292,0.8910515347159262,0.08083437150481873,0.00576844337437642,0.0008124409699426603,0.0003478581067327128,0.0040514427488535995,0.0007732624806520514,4.0048155566106736e-05,4.198020221891843e-07
P16,5,B,gamma,1799551287-γ-8,P16-T05-Bγ,7,67,G4,11,11,R3,R,False,67,True,R3,True,0.7898232748044405,False,1.3909876346588135,valid,False,2.568929195323247e-06,2.1454926011409725e-05,7.134085921622982e-06,8.832406086928818e-07,8.496024497398276e-08,0.0006830867388459962,0.08286509386243684,0.7898232748044405,0.12494833429229951,0.0016480841599952225
P16,5,B,gamma,1799551287-γ-8,P16-T05-Bγ,8,62,D4,8,8,L4,L,False,62,True,L4,True,0.7401330409585385,False,1.4570329189300537,valid,False,0.004082991600381348,0.02338227587328988,0.17496911015309896,0.7401330409585385,0.05470261586378462,0.002567439379203132,0.00015357789291266003,7.649078890359581e-06,1.264384236495647e-06,3.48156639867904e-08
P16,5,B,gamma,1799551287-γ-8,P16-T05-Bγ,9,60,C4,7,7,L1,L,False,60,True,L1,True,0.6403352067736798,False,1.2227911949157715,valid,False,0.6403352067736798,0.3376439033798003,0.018953560438616252,0.0009436422093718292,0.00012770808567935947,0.0015363563064965979,0.00043055008116712345,2.5783817818425804e-05,3.2211778313455262e-06,6.77295388882465e-08
P16,5,B,gamma,1799551287-γ-8,P16-T05-Bγ,10,52,E3,2,2,L5,L,False,52,True,L5,True,0.5583955304126094,False,0.926642894744873,valid,False,0.002656615767325351,0.006743180848274695,0.0504750859128171,0.38165697262616427,0.5583955304126094,1.1482357274306363e-05,4.989669209567485e-05,1.0445122246631404e-05,7.812223418874593e-07,9.038850792503864e-09
P16,5,B,gamma,1799551287-γ-8,P16-T05-Bγ,11,59,B3,6,6,R1,R,False,59,True,R1,True,0.554634148198941,False,1.2109661102294922,valid,False,0.0006291211171647856,0.016548115986495738,0.03372733728606203,0.007130404466304088,0.0010840945007368845,0.554634148198941,0.3431983994340505,0.04119466278659449,0.0018190396626601077,3.467656099026431e-05
P16,5,B,gamma,1799551287-γ-8,P16-T05-Bγ,12,67,G4,11,11,R5,R,False,67,True,R5,True,0.19767949652622235,True,1.0774178504943848,valid,False,3.7260470500215295e-07,3.4766496410830303e-06,1.7937460897885418e-06,2.6338844849669807e-07,2.3995899213508163e-08,0.012751889080855982,0.22288300995511187,0.2833398370265131,0.2833398370265131,0.19767949652622235
P16,5,B,gamma,1799551287-γ-8,P16-T05-Bγ,13,55,G3,4,4,L2,L,False,55,True,L2,True,0.8707243045705783,False,0.7164649963378906,valid,False,0.02110110479942515,0.8707243045705783,0.08556919948301489,0.005415825952398866,0.0008901458815525183,0.0036034264864873984,0.010219352404371839,0.002338069056710909,0.0001366032417093271,1.968123750994006e-06
P16,5,B,gamma,1799551287-γ-8,P16-T05-Bγ,14,59,B3,6,6,R2,R,False,59,True,R2,True,0.7165715318758016,False,0.7487320899963379,valid,False,0.0017658955800466127,0.03577934973713996,0.022006139744991438,0.0036910771813554568,0.0004996593480831529,0.011183931687562397,0.7165715318758016,0.19923361430435782,0.009156628812930664,0.00011217172773094127
P16,5,B,gamma,1799551287-γ-8,P16-T05-Bγ,15,59,B3,6,6,L3,L,False,59,True,R3,False,0.016294894329888822,False,0.6795351505279541,valid,False,0.0008558463852227486,0.02457096602331952,0.016294894329888822,0.002711522186165246,0.000339473058728757,0.0026145530190020624,0.12547910744758084,0.7241612268933139,0.10200420691243878,0.0009682037443392939
P16,5,B,gamma,1799551287-γ-8,P16-T05-Bγ,16,53,F3,3,3,L5,L,False,53,True,L4,True,0.4453478725767543,False,1.651155948638916,valid,False,0.0022189380988582425,0.00484644313395212,0.039704648229935385,0.5021283241878635,0.4453478725767543,0.00033155152051000025,0.004758623711018593,0.0006294541167297629,3.3878092900132394e-05,2.6633147798939006e-07
P16,5,B,gamma,1799551287-γ-8,P16-T05-Bγ,17,57,A3,5,5,R5,R,False,57,True,R5,True,0.9758548659656415,False,1.216594934463501,valid,False,,,,,,1.6527764470385686e-05,0.00015725491241638155,0.0012498000147478075,0.022721551342723918,0.9758548659656415
P16,5,B,gamma,1799551287-γ-8,P16-T05-Bγ,18,55,G3,4,4,L2,L,False,55,True,L2,True,0.8739119635141127,False,0.9189491271972656,valid,False,0.022042659463920467,0.8739119635141127,0.07927950468513205,0.006910069131840245,0.001138792256844981,0.002253405784529769,0.011893641881979458,0.0024370862707255615,0.00013172743762320807,1.1495732914403137e-06
P16,5,B,gamma,1799551287-γ-8,P16-T05-Bγ,19,60,C4,7,7,L1,L,False,60,True,R1,False,0.0002423424922854088,True,0.832880973815918,valid,False,0.0002423424922854088,0.005789120173238124,0.004180452590668984,0.0006229816662750413,6.361554116826955e-05,0.44084319368537306,0.4775597305918916,0.06726830954665353,0.003349091926389874,8.116178605639594e-05
P16,5,B,gamma,1799551287-γ-8,P16-T05-Bγ,20,55,G3,4,4,L3,L,False,55,True,L3,True,0.7150864627214207,False,0.9416649341583252,valid,False,0.006074959240410498,0.22051554001847506,0.7150864627214207,0.04902858337720608,0.005565359705255289,0.0010651195665340157,0.002143587688936629,0.0004901816887493784,2.9852560117505137e-05,3.5343289471019946e-07
P16,5,B,gamma,1799551287-γ-8,P16-T05-Bγ,21,50,D3,1,1,L5,L,False,50,True,L4,False,0.1003107318669572,False,1.0188510417938232,valid,False,0.0006486065794778165,0.017457053600442723,0.21039350937781978,0.6711412566431698,0.1003107318669572,1.45647173573612e-05,2.9017091691601598e-05,4.979651381057948e-06,2.7781061710490856e-07,2.6610854164127983e-09
P16,5,B,gamma,1799551287-γ-8,P16-T05-Bγ,22,67,G4,11,11,R3,R,False,67,True,R3,True,0.7972095298208866,False,1.3813047409057617,valid,False,2.4366023887429165e-07,8.671433339682045e-07,3.115166341947014e-07,5.386656610385287e-08,7.395221022718887e-09,0.0004960237663218461,0.07672116075657187,0.7972095298208866,0.12395704849820971,0.0016147535760158737
P16,5,B,gamma,1799551287-γ-8,P16-T05-Bγ,23,52,E3,2,2,L1,L,False,52,True,L1,True,0.6478815232886661,False,1.1012060642242432,valid,False,0.6478815232886661,0.3153577930555412,0.03225612169424866,0.0035740801602425465,0.0008813573163997428,2.4397177721629524e-05,2.2850889439285532e-05,1.7775809816668462e-06,9.702231062257523e-08,1.8144487019325217e-09
P16,5,B,gamma,1799551287-γ-8,P16-T05-Bγ,24,50,D3,1,1,L2,L,False,50,True,L2,True,0.7519550926039639,False,1.3923768997192383,valid,False,0.016550198310882384,0.7519550926039639,0.20907156400963772,0.018222855535568145,0.004169313531028848,1.2396768210469529e-05,1.686350538129471e-05,1.6330213432511308e-06,8.129936965206566e-08,1.4146143869743165e-09
P16,5,B,gamma,1799551287-γ-8,P16-T05-Bγ,25,52,E3,2,2,L4,L,False,52,True,L4,True,0.5796978816103414,False,1.1888458728790283,valid,False,0.0016181883063421355,0.03331694900025606,0.362097731404246,0.5796978816103414,0.023174349446146245,3.389085609189825e-05,5.539358098730981e-05,5.313198956338512e-06,2.974758208841054e-07,5.120811759304362e-09
P16,5,B,gamma,1799551287-γ-8,P16-T05-Bγ,26,65,F4,10,10,R5,R,False,65,True,R5,True,0.911907909963846,False,1.0736620426177979,valid,False,3.0031189288285843e-06,2.1362366406340388e-05,9.225957810212156e-06,1.4685107619994883e-06,1.2613707555374424e-07,7.060313213577184e-05,0.0004281577370370795,0.006799256697876869,0.08075888637812109,0.911907909963846
P16,5,B,gamma,1799551287-γ-8,P16-T05-Bγ,27,57,A3,5,5,R4,R,False,57,True,R4,True,0.6456529503676222,False,1.2165310382843018,valid,False,0.00036748611438841116,0.017148816806323044,0.039555335202517666,0.010057709936597494,0.0010954566262057189,0.004015902607161496,0.01988632388328822,0.25399379249283377,0.6456529503676222,0.008226225963062057
P16,5,B,gamma,1799551287-γ-8,P16-T05-Bγ,28,62,D4,8,8,R2,R,False,62,True,R2,True,0.6458838467232713,False,1.0914640426635742,valid,False,1.9781847732549027e-05,0.00017737724806382555,0.00010205327024637997,1.9015817901250694e-05,2.772066222738073e-06,0.013074574093815268,0.6458838467232713,0.3272157318444611,0.01333803440637431,0.0001668126819112517
P16,5,B,gamma,1799551287-γ-8,P16-T05-Bγ,29,53,F3,3,3,L3,L,False,53,True,L3,True,0.7726236579866399,False,0.8968698978424072,valid,False,0.004095103824798884,0.14233781415843527,0.7726236579866399,0.07295129823384211,0.0069217492430711115,0.0003980201943806547,0.0005901970849245113,7.806543224815714e-05,4.044205264844503e-06,4.9636394553023856e-08
P16,6,A,alpha,1799551287-α-3,P16-T06-Aα,0,60,C4,7,7,L3,L,False,60,True,R2,False,0.003832226762781751,False,2.8508851528167725,valid,False,0.00028931528698787997,0.009679205113527305,0.003832226762781751,0.0004391575834302427,4.8749350659404756e-05,0.01790523779197478,0.7098781134637517,0.24107143108556048,0.016528617691711676,0.00032794586961472626
P16,6,A,alpha,1799551287-α-3,P16-T06-Aα,1,59,B3,6,6,L2,L,False,59,True,R2,False,0.021209710514145632,False,0.48950910568237305,valid,False,0.0005224224033634382,0.021209710514145632,0.02100707401050277,0.0036233963497398335,0.0003817842540355867,0.006273730719495782,0.8258153396481571,0.11632304471521586,0.004741583676066242,0.00010191370927775381
P16,6,A,alpha,1799551287-α-3,P16-T06-Aα,2,64,E4,9,9,R3,R,False,64,True,R4,False,0.318594483139283,False,0.4580197334289551,valid,False,2.938082050169293e-05,0.00018867839552920543,3.6458454099484444e-05,3.6166870624711412e-06,4.374426947103556e-07,0.0003600227419961609,0.01999251035287625,0.318594483139283,0.6288665558800995,0.03192785608585759
P16,6,A,alpha,1799551287-α-3,P16-T06-Aα,3,60,C4,7,7,L2,L,False,60,True,R3,False,0.006834300405460794,False,0.4292769432067871,valid,False,0.00047777445397674924,0.006834300405460794,0.0014274664931154036,0.00015990362683810663,1.8322954779101984e-05,0.0017747606213409247,0.38284273791108403,0.571134251728359,0.034722240058027695,0.0006082417470182456
P16,6,A,alpha,1799551287-α-3,P16-T06-Aα,4,59,B3,6,6,L1,L,False,59,True,R2,False,0.001802318261310649,False,0.40160584449768066,valid,False,0.001802318261310649,0.04650932705080861,0.017023366587321287,0.0016730057540678956,0.00014509907989872507,0.0019631291953473118,0.7334692148186938,0.18825277854688052,0.009005050858765823,0.0001567098469055766
P16,6,A,alpha,1799551287-α-3,P16-T06-Aα,5,64,E4,9,9,R3,R,False,64,True,R4,False,0.18098452399386167,False,0.44040918350219727,valid,False,7.831193531529278e-05,0.00011062729001296932,1.3278773778065909e-05,1.5313761931925043e-06,1.5999322860798696e-07,0.0004365976483598759,0.013865748009595788,0.18098452399386167,0.7638806233620041,0.04062859761765042
P16,6,A,alpha,1799551287-α-3,P16-T06-Aα,6,65,F4,10,10,R2,R,False,65,True,R5,False,0.0018831385399348608,False,0.5260789394378662,valid,False,2.0174055560327152e-05,1.7885969344023753e-05,1.4857608147463863e-06,2.178116228155878e-07,2.8648511860040862e-08,0.00017419942076186333,0.0018831385399348608,0.019456314984556865,0.1755935053848681,0.8028530494240244
P16,6,A,alpha,1799551287-α-3,P16-T06-Aα,7,64,E4,9,9,R1,R,False,64,True,R4,False,0.0003567564319662363,False,0.45288777351379395,valid,False,5.929768872800742e-05,6.394299255867558e-05,5.475184357908968e-06,8.354589602117651e-07,9.052366570623143e-08,0.0003567564319662363,0.022535475084484346,0.3026178138227707,0.647080475195964,0.02727983761654417
P16,6,A,alpha,1799551287-α-3,P16-T06-Aα,8,64,E4,9,9,R1,R,False,64,True,R4,False,0.0003661030408251199,False,0.2921571731567383,valid,False,7.577240868229335e-05,6.542120429196831e-05,6.241263237667391e-06,1.1175989660707134e-06,1.071670117685123e-07,0.0003661030408251199,0.019326386202225865,0.31843785073598985,0.6285573826670935,0.033163617711675926
P16,6,A,alpha,1799551287-α-3,P16-T06-Aα,9,62,D4,8,8,R2,R,False,62,True,R3,False,0.11450311945920762,False,0.39312005043029785,valid,False,0.0003357470126376517,0.0004397150113329081,4.4008138692161355e-05,7.274496398515665e-06,7.286679738473284e-07,0.0008437606310554654,0.11450311945920762,0.7326142548957937,0.14791226709670965,0.0032991245901983954
P16,6,A,alpha,1799551287-α-3,P16-T06-Aα,10,57,A3,5,5,L2,L,False,57,True,L2,True,0.903025489745696,False,0.5222201347351074,valid,False,0.010234360964483831,0.903025489745696,0.03831152561705289,0.0023297262720406286,0.0002782945006597215,0.0015380554236939133,0.038235003019759045,0.005616736385295212,0.0004170022273714869,1.3805843947358733e-05
P16,6,A,alpha,1799551287-α-3,P16-T06-Aα,11,59,B3,6,6,L1,L,False,59,True,L2,False,0.017374939715046802,False,0.41913795471191406,valid,False,0.017374939715046802,0.7380516104910347,0.016510784196370535,0.001132031442063768,7.381192914502256e-05,0.008586472702549038,0.18032693425443352,0.03392030338679787,0.003911863093730266,0.0001112487888284825
P16,6,A,alpha,1799551287-α-3,P16-T06-Aα,12,64,E4,9,9,R2,R,False,64,True,R3,False,0.21451513946711956,False,0.5295867919921875,valid,False,0.0002754508497202491,0.0005503108892693027,4.256098133834307e-05,4.18262024295929e-06,4.0873879612791724e-07,0.0012792579349721143,0.21451513946711956,0.6284035926772459,0.14888625476081285,0.006042841080482655
P16,6,A,alpha,1799551287-α-3,P16-T06-Aα,13,65,F4,10,10,R3,R,False,65,True,R3,True,0.5428085623740578,False,0.418562650680542,valid,False,5.3033172712001614e-05,5.2816095856276296e-05,3.6364323874295227e-06,4.029281936982728e-07,4.386868905351069e-08,0.0003396210459907499,0.0241726957126666,0.5428085623740578,0.409659467539799,0.02290972082964751
P16,6,A,alpha,1799551287-α-3,P16-T06-Aα,14,67,G4,11,11,R4,R,False,67,True,R5,False,0.1538987945221214,False,0.7608039379119873,valid,False,1.9482461225665395e-05,1.615557053525256e-05,1.2020765107188803e-06,1.5017567356304124e-07,1.7169182519202134e-08,0.0001484888664762946,0.0016903903291918883,0.018472722932440292,0.1538987945221214,0.8257525958966424
P16,6,A,alpha,1799551287-α-3,P16-T06-Aα,15,65,F4,10,10,R5,R,False,65,True,R4,False,0.021344208240845153,False,0.6546931266784668,valid,False,6.976642430924281e-05,7.043717636236685e-05,5.684661323568849e-06,7.101859454305306e-07,8.403439905724401e-08,0.0003779188100448447,0.016461617179686347,0.28983222314023294,0.671837350146851,0.021344208240845153
P16,6,A,alpha,1799551287-α-3,P16-T06-Aα,16,60,C4,7,7,L1,L,False,60,True,R2,False,0.007133659650118641,False,0.5190801620483398,valid,False,0.007133659650118641,0.03455842337271175,0.003217428534669343,0.0003710503351920581,4.0217403720198465e-05,0.004430199068042074,0.8031828919073631,0.13818349126320623,0.008745877520157288,0.00013676094481905417
P16,6,A,alpha,1799551287-α-3,P16-T06-Aα,17,59,B3,6,6,L2,L,False,59,True,L2,True,0.7170160756521461,False,0.4448678493499756,valid,False,0.00898230566165887,0.7170160756521461,0.0267333391994018,0.002150953959085729,0.00026219477561911135,0.0028364596860011248,0.21996312000823567,0.02102918943359209,0.0010059289527084416,2.043267155106018e-05
P16,6,A,alpha,1799551287-α-3,P16-T06-Aα,18,60,C4,7,7,L1,L,False,60,True,R2,False,0.005663016448298734,False,0.35563015937805176,valid,False,0.005663016448298734,0.051919432684397075,0.003046743824604602,0.0003657056229245144,4.4870150671923454e-05,0.002678809224635012,0.7916136220582023,0.1361930578074752,0.0082819083743925,0.00019283380439804015
P16,6,A,alpha,1799551287-α-3,P16-T06-Aα,19,59,B3,6,6,L2,L,False,59,True,L2,True,0.8152121085038493,False,0.5044817924499512,valid,False,0.015540481596314585,0.8152121085038493,0.025114574505553752,0.0026736600399825663,0.0003913567746373072,0.002052369647270637,0.1237096934146634,0.01434567259227867,0.0009449126637791389,1.5170261670836865e-05
P16,6,A,alpha,1799551287-α-3,P16-T06-Aα,20,60,C4,7,7,L4,L,False,60,True,R2,False,0.0008226471916067284,False,0.4661698341369629,valid,False,0.006808078950598099,0.17293386970914937,0.010224350140904817,0.0008226471916067284,9.420626048677601e-05,0.002312299222293494,0.7096501797274775,0.09227489804460715,0.004781585298895219,9.788545398088204e-05
P16,6,A,alpha,1799551287-α-3,P16-T06-Aα,21,59,B3,6,6,L3,L,False,59,True,L2,False,0.0860597371744648,False,0.43018293380737305,valid,False,0.00750103996872068,0.8083876217900031,0.0860597371744648,0.005669164052368652,0.0004551316635240356,0.0011740735032500379,0.08092088383731084,0.009161790906865105,0.0006537970305240477,1.6760072968698702e-05
P16,6,A,alpha,1799551287-α-3,P16-T06-Aα,22,64,E4,9,9,R4,R,False,64,True,R3,False,0.15829662100593817,False,0.40118980407714844,valid,False,0.00044625012298536764,0.0018315690494007943,0.0002241299236784914,1.876936276056956e-05,1.5556009290582473e-06,0.000340556542166192,0.11152886816963943,0.7237677988692202,0.15829662100593817,0.003543881353281986
P16,6,A,alpha,1799551287-α-3,P16-T06-Aα,23,62,D4,8,8,R2,R,False,62,True,R3,False,0.2906655546172443,False,0.563007116317749,valid,False,0.001454559765964197,0.005768721238304163,0.0005581064492660257,5.708547542600083e-05,6.169352886622371e-06,0.0006895719123532348,0.2906655546172443,0.6630128917049309,0.03721807143182949,0.0005692680517950663
P16,6,A,alpha,1799551287-α-3,P16-T06-Aα,24,64,E4,9,9,R1,R,False,64,True,R4,False,0.00030327241003038887,False,0.3992609977722168,valid,False,0.0005226014395147513,0.0013430322524473541,0.00012403312105547634,1.4887897509647465e-05,1.3246675261199754e-06,0.00030327241003038887,0.03543955886415183,0.40566661970366946,0.5299556671934318,0.026629002450663207
P16,6,A,alpha,1799551287-α-3,P16-T06-Aα,25,65,F4,10,10,R2,R,False,65,True,R5,False,0.0005906067095999794,False,0.4656188488006592,valid,False,0.00010419541581277946,0.0002741588462051759,2.4669467683985984e-05,1.984895668573812e-06,2.1623541245449465e-07,0.00011797309267701937,0.0005906067095999794,0.005240550985825913,0.07966346497545938,0.9139821793756547
P16,6,A,alpha,1799551287-α-3,P16-T06-Aα,26,64,E4,9,9,R1,R,False,64,True,R3,False,0.0005480625719904323,False,0.5134170055389404,valid,False,0.0004419153990452298,0.000961611211943981,0.00014482153641624684,1.4812955967661112e-05,1.268907302268988e-06,0.0005480625719904323,0.06524101339242068,0.78662128731123,0.14324742982983787,0.002777776883845487
P16,6,A,alpha,1799551287-α-3,P16-T06-Aα,27,65,F4,10,10,R2,R,False,65,True,R4,False,0.008593938436936038,False,0.43686676025390625,valid,False,8.936005948312974e-05,0.00014149953461795633,2.024692672866382e-05,2.1554575378098676e-06,1.7779565561806245e-07,0.000158204162301159,0.008593938436936038,0.3238394073435259,0.6392193949740911,0.027935615309122603
P16,6,A,alpha,1799551287-α-3,P16-T06-Aα,28,60,C4,7,7,L4,L,False,60,True,R3,False,0.0005589576477968087,False,0.5570492744445801,valid,False,0.00306977280966662,0.04027715143928981,0.005464750284971419,0.0005589576477968087,4.9194693022466674e-05,0.0020924140077460225,0.21665764330618023,0.6911234259072953,0.04037934642230107,0.0003273434817303988
P16,6,A,alpha,1799551287-α-3,P16-T06-Aα,29,64,E4,9,9,R2,R,False,64,True,R2,True,0.6724967121690234,False,0.45694589614868164,valid,False,0.00037780143724637836,0.0006799563749027949,9.739282099139503e-05,1.0791432167663986e-05,9.994233254113869e-07,0.00183137673534465,0.6724967121690234,0.3021722510511446,0.02156339545972069,0.0007693230961328046
P16,7,C,beta,1799551287-β-3,P16-T07-Cβ,0,62,D4,8,8,R3,R,False,62,True,R3,True,0.7181194999326784,False,0.8899509906768799,valid,False,0.00012366558328564764,0.004832462409790585,0.0019670486960489736,0.00025511043040059197,2.7893893965370553e-05,0.003922172018024431,0.2343078829528341,0.7181194999326784,0.035753064639444526,0.0006911994435272663
P16,7,C,beta,1799551287-β-3,P16-T07-Cβ,1,64,E4,9,9,R3,R,False,64,True,R3,True,0.6784154830580862,False,0.6875309944152832,valid,False,2.7149952831286657e-05,0.0008756374622702879,0.00028519392975531104,3.557550953936845e-05,3.894894106705201e-06,0.002708263735143022,0.2597604621983104,0.6784154830580862,0.057266107250918435,0.0006222320090388864
P16,7,C,beta,1799551287-β-3,P16-T07-Cβ,2,60,C4,7,7,L4,L,False,60,True,L4,True,0.7185423329820229,False,1.3007922172546387,valid,False,0.0029680035095681024,0.036745320083204025,0.19102131322840474,0.7185423329820229,0.049442437247299714,0.0004626889546843586,0.0007318442622343675,8.053524746990914e-05,5.371547956917852e-06,1.52937155049331e-07
P16,7,C,beta,1799551287-β-3,P16-T07-Cβ,3,57,A3,5,4,L4,L,False,55,False,L4,True,0.6682606830029549,False,0.9161326885223389,valid,False,0.0020940557873205218,0.021640785487158632,0.21789936938423912,0.6682606830029549,0.08962560061144431,0.00012370997887051557,0.00031104089440636316,4.2468973477536334e-05,2.24942074409868e-06,3.645938397785734e-08
P16,7,C,beta,1799551287-β-3,P16-T07-Cβ,4,60,C4,7,7,R3,R,False,60,True,R3,True,0.6464317926743613,False,0.6556730270385742,valid,False,0.0009083713247029648,0.018954044305263127,0.011399205615544776,0.001393406694779458,0.00012987409875496412,0.003229190154358597,0.2559692865793504,0.6464317926743613,0.061036234145499045,0.0005485944073853037
P16,7,C,beta,1799551287-β-3,P16-T07-Cβ,5,65,F4,10,10,R2,R,False,65,True,R2,True,0.9109354979673256,False,0.9216089248657227,valid,False,1.2160363312247403e-05,4.314112075646953e-05,7.947711622900828e-06,1.1898124939927416e-06,1.7677195656179917e-07,0.005606529186995865,0.9109354979673256,0.07939791362977604,0.003883384164513479,0.0001120592712466601
P16,7,C,beta,1799551287-β-3,P16-T07-Cβ,6,64,E4,9,9,R4,R,False,64,True,R4,True,0.5387387037156007,False,0.7714331150054932,valid,False,3.5794978911838684e-05,0.00016821390788311424,4.3400224306497026e-05,5.829234759019043e-06,6.588389873742033e-07,0.0007880394188981437,0.017763086461976704,0.4313077543350506,0.5387387037156007,0.011148518883625978
P16,7,C,beta,1799551287-β-3,P16-T07-Cβ,7,59,B3,6,6,L5,L,False,59,True,L5,True,0.8236209861111877,False,1.808382272720337,valid,False,0.004375044912841948,0.006385732465525924,0.012901992105381083,0.15188172426103708,0.8236209861111877,0.0005096305675509587,0.00029871666948179306,2.4080214953901165e-05,2.0141259094302565e-06,7.856613013745407e-08
P16,7,C,beta,1799551287-β-3,P16-T07-Cβ,8,52,E3,2,2,L3,L,False,52,True,L3,True,0.7222085820809664,False,0.7206511497497559,valid,False,0.002977935604442691,0.1251040050758047,0.7222085820809664,0.13680865142134446,0.01288930563751013,4.194891801808857e-06,6.604780018664178e-06,6.771037765306373e-07,4.2723448355796754e-08,6.808861766777968e-10
P16,7,C,beta,1799551287-β-3,P16-T07-Cβ,9,57,A3,5,5,L2,L,False,57,True,L2,True,0.8826859603435228,False,0.7310731410980225,valid,False,0.026127005856796587,0.8826859603435228,0.07391896950411177,0.005274951508113199,0.0010221461461256138,0.0002826642233149859,0.008920606646411325,0.0016853599304108796,8.116722333029836e-05,1.1686178628335712e-06
P16,7,C,beta,1799551287-β-3,P16-T07-Cβ,10,60,C4,7,7,R5,R,False,60,True,R5,True,0.957484060113368,False,1.4283089637756348,valid,False,0.00022914025994336365,0.0011031739249023065,0.00010069179859820309,7.478740178725595e-06,1.169849092134007e-06,0.0009378780418860998,0.00040178863142450696,0.0026746330631191536,0.037059985577487645,0.957484060113368
P16,7,C,beta,1799551287-β-3,P16-T07-Cβ,11,64,E4,9,9,R4,R,False,64,True,R4,True,0.7404898035987664,False,1.1262342929840088,valid,False,3.8408444566973914e-05,7.604060581660945e-05,7.964535707131608e-06,9.533500353034783e-07,1.1107911478907357e-07,0.0010121824768889978,0.01260127771802875,0.2309447301274633,0.7404898035987664,0.014828528063611707
P16,7,C,beta,1799551287-β-3,P16-T07-Cβ,12,60,C4,7,7,L3,L,False,60,True,L3,True,0.7719780273898547,False,0.9332630634307861,valid,False,0.0020926330734544712,0.16081624272248934,0.7719780273898547,0.05292924849564598,0.002887101902375498,0.004884136619197945,0.004084817155797481,0.00030390384944936383,2.3464312978614618e-05,4.2447875661518403e-07
P16,7,C,beta,1799551287-β-3,P16-T07-Cβ,13,59,B3,6,6,L4,L,False,59,True,L4,True,0.7010658396741201,False,0.8705189228057861,valid,False,0.002209136698670311,0.03324585052786911,0.20274657732286458,0.7010658396741201,0.0594546907819091,0.0003940618226096572,0.0008189751761034015,6.0361838002595776e-05,4.4249274995416e-06,8.123035159216076e-08
P16,7,C,beta,1799551287-β-3,P16-T07-Cβ,14,62,D4,8,8,R4,R,False,62,True,R4,True,0.6222876581919902,False,0.8622612953186035,valid,False,0.00015775825687846482,0.007522594393921497,0.004156641360391312,0.0004566755956658174,4.532530021069596e-05,0.002791157492057866,0.015068319002024304,0.3335928151765392,0.6222876581919902,0.013921055230320573
P16,7,C,beta,1799551287-β-3,P16-T07-Cβ,15,57,A3,5,5,L1,L,False,57,True,L2,True,0.4513673207424802,False,1.2609219551086426,valid,False,0.4513673207424802,0.5089152330429647,0.03489283357458505,0.0026973814428145524,0.0003954548990378223,0.0004184093173256536,0.0010957094473218014,0.00020016027724559636,1.7022620289421122e-05,4.7463593532694275e-07
P16,7,C,beta,1799551287-β-3,P16-T07-Cβ,16,60,C4,7,7,L2,L,False,60,True,L2,True,0.8889631521110195,False,0.877504825592041,valid,False,0.015883422202862405,0.8889631521110195,0.07152562563367743,0.003706380470438924,0.00046284601120611654,0.009963603313416588,0.00891151891621657,0.0005433811812703087,3.877637094849802e-05,1.2937889434499503e-06
P16,7,C,beta,1799551287-β-3,P16-T07-Cβ,17,64,E4,9,9,R2,R,False,64,True,R2,True,0.7413015383036534,False,0.5449738502502441,valid,False,0.00014928236992626802,0.002413985344210753,0.0016773808082286344,0.0002539889227999674,2.5913882618138783e-05,0.026416293277532338,0.7413015383036534,0.21452096591901793,0.01304503337195773,0.00019561780005488742
P16,7,C,beta,1799551287-β-3,P16-T07-Cβ,18,60,C4,7,7,R1,R,False,60,True,R1,True,0.5456284985013485,False,0.6718459129333496,valid,False,0.00035663030533467327,0.01214465386134328,0.02225770913098943,0.004804637665288017,0.00043479626810272474,0.5456284985013485,0.38067208623407395,0.03187870839415193,0.0017895037351642268,3.277590420330896e-05
P16,7,C,beta,1799551287-β-3,P16-T07-Cβ,19,57,A3,5,5,L5,L,False,57,True,L5,True,0.7205911904501322,False,1.1222009658813477,valid,False,0.002548483607100945,0.002235753677936053,0.01151418551375385,0.26281449672543433,0.7205911904501322,0.00018390237828212766,9.812363263676827e-05,1.2963587395214536e-05,8.674498720962945e-07,3.2977456434165184e-08
P16,7,C,beta,1799551287-β-3,P16-T07-Cβ,20,62,D4,8,8,R3,R,False,62,True,R3,True,0.7389756129106085,False,0.5249948501586914,valid,False,0.0001276101063921674,0.003762612038496323,0.008786354902315458,0.0017480724547492806,0.00019750195371350676,0.008687131699091827,0.15184521576820845,0.7389756129106085,0.08522245200309236,0.0006474361633320486
P16,7,C,beta,1799551287-β-3,P16-T07-Cβ,21,65,F4,10,10,R2,R,False,65,True,R2,True,0.8634343332610986,False,0.7130653858184814,valid,False,2.0612373178231913e-05,0.0001462556017673781,5.565290498866827e-05,9.735344738675936e-06,1.1732785002932828e-06,0.0029787122276066576,0.8634343332610986,0.12658548459845403,0.006559522741676651,0.00020851766799074976
P16,7,C,beta,1799551287-β-3,P16-T07-Cβ,22,62,D4,8,8,R3,R,False,62,True,R3,True,0.7976786029056864,False,0.5270557403564453,valid,False,0.00022782716698789408,0.0029142309931807636,0.0014913675275952365,0.00020528569109260007,2.1659084719646026e-05,0.001229172953145899,0.07702296662748402,0.7976786029056864,0.1177918130338918,0.0014170740162158136
P16,7,C,beta,1799551287-β-3,P16-T07-Cβ,23,64,E4,9,9,R4,R,False,64,True,R4,True,0.7108629236506722,False,0.4301018714904785,valid,False,7.850602067367933e-05,0.0008468813957345704,0.00032226132854231744,5.405345863931195e-05,6.089803936067434e-06,0.00035636695549346847,0.00871111375204061,0.25940232696985205,0.7108629236506722,0.019359476664415683
P16,7,C,beta,1799551287-β-3,P16-T07-Cβ,24,59,B3,6,6,L3,L,False,59,True,L3,True,0.7524254975704375,False,0.7012019157409668,valid,False,0.0032576311929028755,0.19311811280609437,0.7524254975704375,0.037461059689263415,0.0033743580472672635,0.002346608102489949,0.006920422099504573,0.0010440350202567102,5.1790273431620035e-05,4.851983516686556e-07
P16,7,C,beta,1799551287-β-3,P16-T07-Cβ,25,60,C4,7,7,L5,L,False,60,True,L5,True,0.5890700109817646,False,1.0302369594573975,valid,False,0.003406749586371447,0.008715603315885025,0.026682492983538825,0.37004265994993957,0.5890700109817646,0.0007268539802219897,0.0012115566982747413,0.0001345375889191601,9.244278348140186e-06,2.9063673646440146e-07
P16,7,C,beta,1799551287-β-3,P16-T07-Cβ,26,60,C4,7,7,R5,R,False,60,True,R5,True,0.9139931574908915,False,0.8340048789978027,valid,False,0.0001351852370567763,0.007658675305813196,0.007149661285010926,0.0008633077215069078,9.003268679607662e-05,0.001375295501554652,0.0008330915951682902,0.004201699409882713,0.06369989376631896,0.9139931574908915
P16,7,C,beta,1799551287-β-3,P16-T07-Cβ,27,64,E4,9,9,R3,R,False,64,True,R3,True,0.7246505941463076,False,0.5193278789520264,valid,False,1.1499356676617396e-05,0.00010898087898578728,3.716276809007598e-05,3.6415002136272194e-06,3.5680116858077695e-07,0.004394695418398537,0.2222552871607166,0.7246505941463076,0.04751225990628732,0.001025522063155234
P16,7,C,beta,1799551287-β-3,P16-T07-Cβ,28,59,B3,6,6,L3,L,False,59,True,L3,True,0.7751663448946148,False,0.771575927734375,valid,False,0.0028812234389304185,0.1281341349978707,0.7751663448946148,0.07032150426767429,0.004663874600553831,0.002899999881809242,0.012621738503377632,0.0031463503743585867,0.00016319325834731317,1.6357824632880597e-06
P16,7,C,beta,1799551287-β-3,P16-T07-Cβ,29,55,G3,4,4,L4,L,False,55,True,L4,True,0.6003598147249175,False,0.7000997066497803,valid,False,0.002132715040297316,0.03622287360995434,0.29309482903990797,0.6003598147249175,0.06658416845519637,0.00026434858231660024,0.001065211461751642,0.0002623697622386371,1.3542174738019842e-05,1.2714868167845198e-07
P16,8,A,gamma,1799551287-γ-7,P16-T08-Aγ,0,69,A4,12,12,R3,R,False,69,True,R2,False,0.12972883776800107,False,2.656390905380249,valid,False,1.670437751688776e-07,1.4943503358850207e-06,4.5638924539860946e-07,5.608866861942632e-08,7.076478542718345e-09,0.042327898543629,0.8168425905647388,0.12972883776800107,0.010437931270887255,0.000660560904240376
P16,8,A,gamma,1799551287-γ-7,P16-T08-Aγ,1,72,C5,14,14,R4,R,False,72,True,R4,True,0.7545642069700449,False,1.018000841140747,valid,False,9.63500377349909e-09,3.907851097477622e-08,9.919225487533392e-09,1.3340765229723464e-09,1.8228755298580558e-10,6.546994114158992e-05,0.009264041247660523,0.20157073728156533,0.7545642069700449,0.03453548441048344
P16,8,A,gamma,1799551287-γ-7,P16-T08-Aγ,2,57,A3,5,5,L4,L,False,57,True,L2,False,0.004685988350132988,False,0.6356699466705322,valid,False,0.005283437111312578,0.8841059018913487,0.09796172625634113,0.004685988350132988,0.0006060421314271536,0.0012900045778086965,0.005586479877097535,0.0004605088772678353,1.941972030120127e-05,4.912069619848303e-07
P16,8,A,gamma,1799551287-γ-7,P16-T08-Aγ,3,71,B4,13,13,R2,R,False,71,True,R4,False,0.003266140806675247,False,0.5871031284332275,valid,False,1.4269558378228757e-07,9.171350762819817e-08,1.292443446699728e-08,7.551186909488644e-10,6.315789513506374e-11,2.6727874816171882e-05,0.003266140806675247,0.08012669796777155,0.8153431817411514,0.10123700345778315
P16,8,A,gamma,1799551287-γ-7,P16-T08-Aγ,4,48,C3,0,0,L1,L,False,48,True,L5,False,0.00012702342166356827,False,0.5726320743560791,valid,False,0.00012702342166356827,0.0012062941707738357,0.014008483259146467,0.18860654886885475,0.7960508718689311,6.879755284916386e-07,8.236611650269572e-08,7.808193656720685e-09,2.5036727258174787e-10,1.042434785296095e-11
P16,8,A,gamma,1799551287-γ-7,P16-T08-Aγ,5,64,E4,9,9,R5,R,False,64,True,R2,False,0.00019594940147973298,False,0.3224630355834961,valid,False,0.00012634893143837492,0.00012657882057785704,1.1492370098584782e-05,8.201101204468592e-07,7.089047449566305e-08,0.0023415184918160097,0.7758258434917575,0.21570852314627054,0.005662854345966459,0.00019594940147973298
P16,8,A,gamma,1799551287-γ-7,P16-T08-Aγ,6,72,C5,14,14,R2,R,False,72,True,R4,False,0.0030077124586291894,False,0.5309150218963623,valid,False,1.0466366396925219e-07,6.917851705698943e-08,4.936666803214871e-09,2.771186201896081e-10,1.685160064834405e-11,1.019374442691841e-05,0.0030077124586291894,0.12917651589483903,0.8133648747579721,0.05444052407131487
P16,8,A,gamma,1799551287-γ-7,P16-T08-Aγ,7,50,D3,1,1,L5,L,False,50,True,L5,True,0.74771914994732,False,0.8976860046386719,valid,False,0.0001859135062866384,0.0016185551261721203,0.01607117732705721,0.23439962068977346,0.74771914994732,4.40211738548897e-06,1.060552428972641e-06,1.1587800972559637e-07,4.7184737772313045e-09,1.3709266404257625e-10
P16,8,A,gamma,1799551287-γ-7,P16-T08-Aγ,8,60,C4,7,7,L3,L,False,60,True,R2,False,0.003557473640305815,False,0.4761488437652588,valid,False,0.004706307284544191,0.023941198455477933,0.003557473640305815,0.00018434443191116267,1.7895009412963116e-05,0.002951885653189097,0.8532483391980559,0.10659649607410114,0.0047069994300932136,8.906082290872274e-05
P16,8,A,gamma,1799551287-γ-7,P16-T08-Aγ,9,71,B4,13,13,R5,R,False,71,True,R4,False,0.09682752190910292,False,0.6630048751831055,valid,False,2.4871003006041225e-07,1.792567532833375e-07,2.3308524545684437e-08,1.6633259030662272e-09,1.235411665573168e-10,1.2302543828843408e-05,0.0031059157394011136,0.09306596995419998,0.8069878367912919,0.09682752190910292
P16,8,A,gamma,1799551287-γ-7,P16-T08-Aγ,10,52,E3,2,2,L5,L,False,52,True,L4,False,0.05703493815301419,False,0.8597679138183594,valid,False,0.000988801877394431,0.023573479939171634,0.29762405454221835,0.6207531265992209,0.05703493815301419,1.9473894581645108e-05,5.614303445838242e-06,4.959345781572141e-07,1.4103796537916017e-08,6.52578316143147e-10
P16,8,A,gamma,1799551287-γ-7,P16-T08-Aγ,11,62,D4,8,8,L3,L,False,62,True,R2,False,0.00013974260759491057,False,0.39014101028442383,valid,False,0.0007760893484811106,0.0015082600236466176,0.00013974260759491057,1.1702496712662308e-05,1.3647043049908415e-06,0.0017920049324707322,0.8222520138832609,0.1660098185171234,0.007330523515583269,0.00017847997082159363
P16,8,A,gamma,1799551287-γ-7,P16-T08-Aγ,12,57,A3,5,5,L4,L,False,57,True,L2,False,0.003271328755147424,False,0.5325298309326172,valid,False,0.013807283592871266,0.9207570844501477,0.05168648056345748,0.003271328755147424,0.000441060839733537,0.0008040462922095646,0.008312457815453865,0.0008738873948358763,4.5283898531289425e-05,1.0863976119302846e-06
P16,8,A,gamma,1799551287-γ-7,P16-T08-Aγ,13,67,G4,11,11,R2,R,False,67,True,R4,False,0.007412558356499273,False,0.6685841083526611,valid,False,7.784618909503251e-06,9.39403207197395e-06,8.522073627045756e-07,7.13665934262996e-08,8.566248430273785e-09,3.529446160919722e-05,0.007412558356499273,0.1181930521406228,0.8390911339753925,0.03524985027469015
P16,8,A,gamma,1799551287-γ-7,P16-T08-Aγ,14,62,D4,8,8,R2,R,False,62,True,R2,True,0.8344650153258454,False,0.33225202560424805,valid,False,0.0013784979822574251,0.003479159770260057,0.00037038614563835077,2.8632604852366936e-05,3.1708045687704987e-06,0.0015615931817630048,0.8344650153258454,0.1494244358613043,0.009086509302463783,0.00020259902104661853
P16,8,A,gamma,1799551287-γ-7,P16-T08-Aγ,15,55,G3,4,4,L1,L,False,55,True,L3,False,0.0070623889508776025,False,0.4509267807006836,valid,False,0.0070623889508776025,0.2872690371116221,0.6527215157673001,0.048479962553521126,0.003726882857927619,0.00022143159139593804,0.00047012348823768213,4.6012166393416656e-05,2.5828820479791447e-06,6.263067647669197e-08
P16,8,A,gamma,1799551287-γ-7,P16-T08-Aγ,16,57,A3,5,4,R3,R,False,55,False,L3,False,4.384631085378856e-05,False,0.3338890075683594,valid,False,0.005625389010910304,0.26484000868766455,0.6738013302724831,0.050045635804915486,0.004957538000770131,0.0002229844692968723,0.0004604131302701126,4.384631085378856e-05,2.775110549982787e-06,7.920228562828362e-08
P16,8,A,gamma,1799551287-γ-7,P16-T08-Aγ,17,62,D4,8,8,L1,L,False,62,True,R2,False,0.009045243998806726,False,0.4202721118927002,valid,False,0.009045243998806726,0.006613655236221264,0.0007938478084169614,9.155059459148681e-05,1.2390025649519169e-05,0.0016920004364404913,0.8364246902913823,0.13826007138625035,0.0068835636266529965,0.00018298659558804744
P16,8,A,gamma,1799551287-γ-7,P16-T08-Aγ,18,55,G3,4,4,L3,L,False,55,True,L3,True,0.6371994218178274,False,0.4701058864593506,valid,False,0.005542471793013974,0.28096953540081343,0.6371994218178274,0.06783529743805053,0.007520393148461591,0.00021086490034877745,0.0006539222664819553,6.438224843141506e-05,3.614082246425759e-06,9.69043244623763e-08
P16,8,A,gamma,1799551287-γ-7,P16-T08-Aγ,19,53,F3,3,3,L5,L,False,53,True,L4,False,0.057545712844460126,False,0.4030778408050537,valid,False,0.0018032790179980313,0.03010499647798645,0.35664293872573244,0.5537620653905408,0.057545712844460126,4.95736975930765e-05,8.169323904960091e-05,9.248768325141264e-06,4.792611597902249e-07,1.2577154521087587e-08
P16,8,A,gamma,1799551287-γ-7,P16-T08-Aγ,20,62,D4,8,8,R5,R,False,62,True,R2,False,0.0003450596170147119,False,0.3847341537475586,valid,False,0.0025300452534877302,0.006222962528488186,0.0005963507662376738,6.348661065908422e-05,8.057677895870427e-06,0.0016590525970262492,0.6806673737873697,0.29385126821884244,0.014056342942978375,0.0003450596170147119
P16,8,A,gamma,1799551287-γ-7,P16-T08-Aγ,21,67,G4,11,11,R1,R,False,67,True,R4,False,4.0528536180418535e-05,False,0.5211400985717773,valid,False,1.515868412722189e-05,1.3884582109116023e-05,1.6670756616468496e-06,1.774743816259769e-07,1.599580232442985e-08,4.0528536180418535e-05,0.009800238426868875,0.1549830431135123,0.7989638587721316,0.036181427339224866
P16,8,A,gamma,1799551287-γ-7,P16-T08-Aγ,22,57,A3,5,5,R3,R,False,57,True,L2,False,0.0005506972623785729,False,0.4245271682739258,valid,False,0.011061050197003193,0.8656060921273617,0.10390010888748527,0.011061050197003193,0.0013488837875023757,0.000579377338625623,0.005861191938761454,0.0005506972623785729,3.0913260217027905e-05,6.350036615747263e-07
P16,8,A,gamma,1799551287-γ-7,P16-T08-Aγ,23,48,C3,0,0,L1,L,False,48,True,L5,False,5.437022786950173e-05,False,0.7036280632019043,valid,False,5.437022786950173e-05,0.00045911799345498645,0.00785815592986043,0.17795878248288918,0.8136676289650892,1.4651266224534743e-06,4.2961379551995763e-07,4.638900743133841e-08,3.1805766675788e-09,9.083471862304028e-11
P16,8,A,gamma,1799551287-γ-7,P16-T08-Aγ,24,65,F4,10,10,R3,R,False,65,True,R4,False,0.2744278505254401,False,0.7049539089202881,valid,False,8.212859591991031e-05,6.42282834439287e-05,6.569539020762929e-06,3.838296923678487e-07,2.844274782993428e-08,6.12824477019473e-05,0.019671789598961244,0.2744278505254401,0.6886191680543617,0.017066570682710364
P16,8,A,gamma,1799551287-γ-7,P16-T08-Aγ,25,67,G4,11,11,R1,R,False,67,True,R4,False,2.5640013783305553e-05,False,0.7350759506225586,valid,False,1.5769192361398905e-05,1.1964972209168857e-05,1.685367091747714e-06,1.8674399676558782e-07,6.750160380460664e-09,2.5640013783305553e-05,0.00675572309221106,0.18386984068272327,0.7760586674413926,0.03326051574407031
P16,8,A,gamma,1799551287-γ-7,P16-T08-Aγ,26,59,B3,6,6,R4,R,False,59,True,R2,False,0.003237036883276166,False,0.43909502029418945,valid,False,0.010261063968994254,0.17664789318787757,0.016033148641829763,0.0017765235080075014,9.140883546790215e-05,0.002350571215763011,0.6885984976501304,0.10095333386800867,0.003237036883276166,5.0522240644853506e-05
P16,8,A,gamma,1799551287-γ-7,P16-T08-Aγ,27,57,A3,5,5,L5,L,False,57,True,L2,False,0.000595776210715836,False,0.6279160976409912,valid,False,0.012963138530836662,0.7667109191354468,0.1267364625204401,0.009044074864543943,0.000595776210715836,0.0011080810445328237,0.07256508676935071,0.009797329339844604,0.0004686541663097341,1.0477417978944092e-05
P16,8,A,gamma,1799551287-γ-7,P16-T08-Aγ,28,60,C4,7,7,L2,L,False,60,True,R3,False,0.027999027529649632,False,0.41428518295288086,valid,False,0.004554717228302237,0.027999027529649632,0.0024404190795917174,0.00021270900490127893,1.3462729066221407e-05,0.0006105762220571189,0.18381606865616204,0.7149193781385089,0.06485602275166509,0.0005776186600957158
P16,8,A,gamma,1799551287-γ-7,P16-T08-Aγ,29,57,A3,5,5,R3,R,False,57,True,L2,False,0.02510375039144642,False,0.3951900005340576,valid,False,0.01323701739647741,0.8148607607682078,0.07392250043274541,0.00527520347966321,0.00045979122692265176,0.0002707181940414869,0.06564670534447059,0.02510375039144642,0.001200835125864779,2.2717640160223682e-05
P16,9,A,beta,1799551287-β-6,P16-T09-Aβ,0,64,E4,9,9,R4,R,False,64,True,R3,False,0.10856752574143069,False,0.7700281143188477,valid,False,2.276519753078972e-05,0.00032067671232796147,0.0001495334600145103,1.913941908100528e-05,1.69293100116201e-06,0.00434794317984154,0.21781667862730672,0.6671949219633068,0.10856752574143069,0.0015591227681588829
P16,9,A,beta,1799551287-β-6,P16-T09-Aβ,1,62,D4,8,8,R2,R,False,62,True,R3,False,0.20150126583345693,False,0.4043889045715332,valid,False,0.00010055773063169724,0.0012028633559574451,0.0006517593662615231,9.35532190259532e-05,1.0075677923348896e-05,0.0038316527502953025,0.20150126583345693,0.7247274574491073,0.06707914453477548,0.0008016700825649424
P16,9,A,beta,1799551287-β-6,P16-T09-Aβ,2,60,C4,7,7,L2,L,False,60,True,R2,False,0.002939659515604634,False,0.400191068649292,valid,False,0.0002823178231387955,0.002939659515604634,0.0006436302896201449,5.8786615062188656e-05,8.051070518625083e-06,0.01530556228608726,0.8757487418753538,0.1003050768604424,0.004609946770631178,9.822689354102426e-05
P16,9,A,beta,1799551287-β-6,P16-T09-Aβ,3,59,B3,6,6,L3,L,False,59,True,L2,False,0.034795292243980945,False,0.3591287136077881,valid,False,0.011626495787067983,0.6198528413987181,0.034795292243980945,0.0016644289594091664,0.0002164235519406938,0.007871741699512883,0.295103903667786,0.027370946313068363,0.0014762160595638615,2.1710318952017298e-05
P16,9,A,beta,1799551287-β-6,P16-T09-Aβ,4,57,A3,5,5,L4,L,False,57,True,L2,False,0.01023690832089608,False,0.5313060283660889,valid,False,0.025687375672283453,0.776802758179673,0.14930626292164767,0.01023690832089608,0.0014281268688271767,0.0033542186532342696,0.02990967089242864,0.0030832975341297583,0.00018749551614261056,3.885440737527785e-06
P16,9,A,beta,1799551287-β-6,P16-T09-Aβ,5,60,C4,7,7,R4,R,False,60,True,R2,False,0.006241936913786496,False,0.42971086502075195,valid,False,0.0015164460078757834,0.026391690417024296,0.0021197338472798742,0.0002166304223113984,3.371618234029343e-05,0.005885072532557302,0.8216302998951865,0.13581457510184308,0.006241936913786496,0.00014989867979487537
P16,9,A,beta,1799551287-β-6,P16-T09-Aβ,6,59,B3,6,6,L2,L,False,59,True,R2,False,0.14383040743183953,False,0.4162940979003906,valid,False,0.01591980921787282,0.14383040743183953,0.00913365227395428,0.0010120375193374462,0.00014044883298228923,0.0036399343458156496,0.7730176345597346,0.05100714110669738,0.002252330920455475,4.660379131059916e-05
P16,9,A,beta,1799551287-β-6,P16-T09-Aβ,7,64,E4,9,9,R2,R,False,64,True,R4,False,0.01602979344548584,False,0.5925981998443604,valid,False,0.00014068770714773738,0.00018685780457316817,1.281282273710787e-05,9.516541917109771e-07,8.622291285388819e-08,0.00013637068402956373,0.01602979344548584,0.3311896482824906,0.6280948353914754,0.024207955984956103
P16,9,A,beta,1799551287-β-6,P16-T09-Aβ,8,57,A3,5,5,L1,L,False,57,True,L2,False,0.01222634422718932,False,0.4825859069824219,valid,False,0.01222634422718932,0.8832364866531791,0.03747196249560833,0.002569195941049715,0.0002836771575202731,0.0011028132238864083,0.057382387996851886,0.00521393312540983,0.0005032000751083228,9.99910419675134e-06
P16,9,A,beta,1799551287-β-6,P16-T09-Aβ,9,59,B3,6,6,L3,L,False,59,True,R2,False,0.012321332560718696,False,0.3881189823150635,valid,False,0.014295471790423201,0.11948001452977677,0.012321332560718696,0.0007798389263151067,8.234028047161504e-05,0.002804799661930209,0.7584918961258736,0.08747316972710592,0.0041842694076033695,8.686698978116694e-05
P16,9,A,beta,1799551287-β-6,P16-T09-Aβ,10,57,A3,5,5,L2,L,False,57,True,L2,True,0.8017969482954105,False,0.40479516983032227,valid,False,0.01155196317209333,0.8017969482954105,0.048757322638552564,0.0029649358430883397,0.0003130458668461263,0.0008930215146292328,0.12297348104817776,0.010245672221533535,0.0004901005985108346,1.3508801157953784e-05
P16,9,A,beta,1799551287-β-6,P16-T09-Aβ,11,62,D4,8,8,R4,R,False,62,True,R3,False,0.10283865851592294,False,0.4682919979095459,valid,False,0.0008460357332945274,0.0011631991149375785,0.0001240787713716425,8.507231928827331e-06,9.346564048638893e-07,0.0008145872570073676,0.1632739916159949,0.7300852717464923,0.10283865851592294,0.0008447353566450212
P16,9,A,beta,1799551287-β-6,P16-T09-Aβ,12,60,C4,7,7,R5,R,False,60,True,R3,False,0.00043977927632120914,False,0.4382929801940918,valid,False,0.00331797878379934,0.009649217245831355,0.0009914160735811732,6.530929038154845e-05,7.748077182172192e-06,0.001238768892896225,0.18614428969538707,0.7585274738965408,0.039618018768079015,0.00043977927632120914
P16,9,A,beta,1799551287-β-6,P16-T09-Aβ,13,62,D4,8,8,R4,R,False,62,True,R4,True,0.6075885660630338,False,0.31394219398498535,valid,False,0.0010020186984144432,0.001837386557626266,0.00018815258036125804,1.144157019486445e-05,1.3063373250498586e-06,0.00024284812160334663,0.021234094646816408,0.35385453074368595,0.6075885660630338,0.014039654680938719
P16,9,A,beta,1799551287-β-6,P16-T09-Aβ,14,64,E4,9,9,R2,R,False,64,True,R4,False,0.010999362973099454,False,0.44234180450439453,valid,False,0.00019193191336418144,0.00022095634622031394,2.3543344177725506e-05,1.5509120160839507e-06,1.7010118927803334e-07,0.00012974234660415818,0.010999362973099454,0.36143727037382223,0.6085553540854302,0.018440117604076416
P16,9,A,beta,1799551287-β-6,P16-T09-Aβ,15,60,C4,7,7,L3,L,False,60,True,R2,False,0.0017185315149407896,False,0.3320009708404541,valid,False,0.005841563947893701,0.016096694227342404,0.0017185315149407896,0.0001226365906788342,1.3951992855056144e-05,0.002059281356901083,0.7816993125313482,0.17794422451585168,0.014277550208803216,0.0002262531133850169
P16,9,A,beta,1799551287-β-6,P16-T09-Aβ,16,59,B3,6,6,L2,L,False,59,True,R2,False,0.11686083395602796,False,0.40679025650024414,valid,False,0.012454170053633687,0.11686083395602796,0.011093965193205716,0.0007606372457239574,8.93595581073958e-05,0.0030841248941419833,0.7956725156452054,0.05719127113380685,0.002735738134718389,5.7384185428785416e-05
P16,9,A,beta,1799551287-β-6,P16-T09-Aβ,17,57,A3,5,5,L1,L,False,57,True,L2,False,0.016548424882336238,False,0.3622000217437744,valid,False,0.016548424882336238,0.8680861179968931,0.0549427054964791,0.003920781217091377,0.0004636894387628649,0.0014234038941943845,0.04841875502954327,0.005849118253704918,0.000341738629277828,5.265161716870167e-06
P16,9,A,beta,1799551287-β-6,P16-T09-Aβ,18,59,B3,6,6,L2,L,False,59,True,R2,False,0.16458176929386012,False,0.42413902282714844,valid,False,0.011965503990313407,0.16458176929386012,0.018179014030145643,0.001105466981637874,0.0001144495375227926,0.0033880951252744664,0.7399638183995572,0.05798984178174459,0.002665170021484669,4.68708384592098e-05
P16,9,A,beta,1799551287-β-6,P16-T09-Aβ,19,62,D4,8,8,R3,R,False,62,True,R3,True,0.7766000080262953,False,0.3829030990600586,valid,False,0.0008780962759297218,0.0012383842580374685,0.0001319840004614822,8.353500784386848e-06,8.818460755517222e-07,0.0008179430606721917,0.15702831374566995,0.7766000080262953,0.06248493124747945,0.0008111040385946211
P16,9,A,beta,1799551287-β-6,P16-T09-Aβ,20,57,A3,5,5,L2,L,False,57,True,L2,True,0.861855007214724,False,0.34301018714904785,valid,False,0.017798017085974886,0.861855007214724,0.06150306748837096,0.003892637900881324,0.00042696266663476976,0.0010842910626199763,0.04915983229733175,0.003878959763095243,0.0003933464601487646,7.878060218491233e-06
P16,9,A,beta,1799551287-β-6,P16-T09-Aβ,21,60,C4,7,7,R3,R,False,60,True,R2,False,0.28828784392887835,False,0.3493649959564209,valid,False,0.004001218472080938,0.019705221533667588,0.0021042506943754493,0.00013318174751902407,1.4554791854379547e-05,0.002719573552194757,0.6677804414842752,0.28828784392887835,0.014938763906454263,0.0003149498887000236
P16,9,A,beta,1799551287-β-6,P16-T09-Aβ,22,62,D4,8,8,R4,R,False,62,True,R3,False,0.04410154453477458,False,0.3159618377685547,valid,False,0.0006789313955279586,0.0017983123960697005,0.0001996730977628699,1.3690217382377858e-05,1.501514060271003e-06,0.0007007870472592854,0.40237901587071184,0.5494546490350851,0.04410154453477458,0.0006718948913660332
P16,9,A,beta,1799551287-β-6,P16-T09-Aβ,23,64,E4,9,9,R2,R,False,64,True,R4,False,0.020662411068886503,False,0.38533711433410645,valid,False,0.00014716394039070388,0.0002582714288656688,2.8643055737687327e-05,1.886854262741927e-06,2.072088358770636e-07,0.000221996098708069,0.020662411068886503,0.4395401198923259,0.5165415611270285,0.022597739324958416
P16,9,A,beta,1799551287-β-6,P16-T09-Aβ,24,67,G4,11,11,R4,R,False,67,True,R5,False,0.19491144179685393,False,0.4664618968963623,valid,False,8.901878534712255e-06,1.2182840972582582e-05,1.2464513447918733e-06,8.894835040461272e-08,1.0222760870732977e-08,3.130089725306948e-05,0.001266211421329632,0.013363743230350264,0.19491144179685393,0.7904048723122498
P16,9,A,beta,1799551287-β-6,P16-T09-Aβ,25,60,C4,7,7,R3,R,False,60,True,R2,False,0.2656850040088279,False,0.40512704849243164,valid,False,0.0027036434583107387,0.01264923895085471,0.0013529824955729628,9.655054857165405e-05,1.0958555935022927e-05,0.0017729441620467404,0.6938885880112625,0.2656850040088279,0.021376910941798236,0.0004631788668196983
P16,9,A,beta,1799551287-β-6,P16-T09-Aβ,26,60,C4,7,7,L3,L,False,60,True,R2,False,0.0015140115775141834,False,0.25653815269470215,valid,False,0.0029067966947878467,0.014178351907816323,0.0015140115775141834,0.00010380540918046639,1.1320646395456756e-05,0.0017703848199375235,0.6357229161359925,0.3220680317506985,0.021216152500172215,0.0005082285575049476
P16,9,A,beta,1799551287-β-6,P16-T09-Aβ,27,59,B3,6,5,L2,L,False,57,False,L2,True,0.8500053029934308,False,0.2868969440460205,valid,False,0.015000526504036662,0.8500053029934308,0.08377086724092009,0.0059779954381515305,0.0006522140382459865,0.0017303647406615697,0.035664649836958946,0.006740171035271723,0.00044400711174047864,1.3901060582183699e-05
P16,9,A,beta,1799551287-β-6,P16-T09-Aβ,28,62,D4,8,8,R2,R,False,62,True,R3,False,0.25797987618205875,False,0.41208505630493164,valid,False,0.001454994964468416,0.007545599774272414,0.0004971532998100703,3.843230680234748e-05,4.2584209768503055e-06,0.001877598088810822,0.25797987618205875,0.6659024243858097,0.062874655537467,0.0018250070395236615
P16,9,A,beta,1799551287-β-6,P16-T09-Aβ,29,60,C4,7,7,R1,R,False,60,True,R2,False,0.003404012916514704,False,0.3165700435638428,valid,False,0.007194074315484384,0.07581766011678942,0.006054823740673375,0.0005950292391983852,5.843423355745823e-05,0.003404012916514704,0.6269427739597857,0.26004514924076744,0.019314483731392267,0.0005735585058368954
P16,10,A,alpha,1799551287-α-6,P16-T10-Aα,0,64,E4,9,9,R3,R,False,64,True,R4,True,0.4142344226579863,False,0.8986191749572754,valid,False,0.00016124435256412148,0.00017971522906273942,1.992053058196973e-05,1.539951446131984e-06,1.8368188498471693e-07,0.0007215221140238785,0.027816347871864693,0.4142344226579863,0.5359257409454663,0.020939362665118786
P16,10,A,alpha,1799551287-α-6,P16-T10-Aα,1,65,F4,10,10,R4,R,False,65,True,R4,True,0.5426648311860669,False,0.49755382537841797,valid,False,3.388584009519839e-05,2.7769565244788517e-05,3.3342479594901998e-06,2.3793616740501022e-07,2.952794350223106e-08,0.0002502841404745636,0.013351903197150246,0.4251754153899066,0.5426648311860669,0.018492308968991233
P16,10,A,alpha,1799551287-α-6,P16-T10-Aα,2,67,G4,11,11,R5,R,False,67,True,R4,False,0.024406979099731805,False,0.5493769645690918,valid,False,5.437779899390016e-06,3.4032021116969146e-06,3.7708554252138253e-07,2.9150499989536387e-08,3.774577372925139e-09,9.379972577177353e-05,0.008952379160573115,0.20376380552120155,0.762773785500091,0.024406979099731805
P16,10,A,alpha,1799551287-α-6,P16-T10-Aα,3,65,F4,10,10,R3,R,False,65,True,R4,False,0.3110995083112156,False,0.4653739929199219,valid,False,4.1285551792826467e-05,3.4379246586418186e-05,3.9650945996867124e-06,2.94501763877064e-07,3.654774950740091e-08,0.0003924979345876592,0.014691421302495108,0.3110995083112156,0.6453381445286297,0.028398466980579677
P16,10,A,alpha,1799551287-α-6,P16-T10-Aα,4,60,C4,7,7,L3,L,False,60,True,R3,False,0.0008886033316820585,False,0.5965659618377686,valid,False,0.002024994185124996,0.007671789406519772,0.0008886033316820585,6.341186188086607e-05,7.522667537555256e-06,0.0024154742892195055,0.1890280961469547,0.7665467292278426,0.03105164395837418,0.00030173492486381575
P16,10,A,alpha,1799551287-α-6,P16-T10-Aα,5,59,B3,6,6,L4,L,False,59,True,R2,False,0.0005589398056347751,False,0.44765806198120117,valid,False,0.006388556758758393,0.07930422290130328,0.0075254191204013774,0.0005589398056347751,7.132392592981524e-05,0.0019314799183433617,0.8441131133283438,0.0578750575127787,0.00217773752682093,5.414920168566362e-05
P16,10,A,alpha,1799551287-α-6,P16-T10-Aα,6,60,C4,7,7,L5,L,False,60,True,R2,False,9.488208917932389e-06,False,0.3140900135040283,valid,False,0.003709263655986448,0.019105291826926912,0.0011752512460674591,8.386742096709858e-05,9.488208917932389e-06,0.0030788003383933477,0.859629370065242,0.107929900957179,0.005162814885406435,0.00011595139491351117
P16,10,A,alpha,1799551287-α-6,P16-T10-Aα,7,59,B3,6,6,L4,L,False,59,True,R2,False,0.0003842142597659486,False,0.46001100540161133,valid,False,0.006669068683141226,0.13949194559889255,0.005832496274353523,0.0003842142597659486,4.714446147091161e-05,0.0025016699853549333,0.7990672309867772,0.04309664216800219,0.002838980719419708,7.0606862821938e-05
P16,10,A,alpha,1799551287-α-6,P16-T10-Aα,8,60,C4,7,8,L5,L,False,62,False,R2,False,1.442522986189353e-06,False,0.3348729610443115,valid,False,0.001051918432228885,0.0032660139277634896,0.00018450672095276255,1.2154334932784103e-05,1.442522986189353e-06,0.003410724779280494,0.7574296121130866,0.21918817594522402,0.015028232696127387,0.0004272185274174663
P16,10,A,alpha,1799551287-α-6,P16-T10-Aα,9,59,B3,6,6,L3,L,False,59,True,R2,False,0.010325830616421226,False,0.42597293853759766,valid,False,0.009215196034099433,0.15998553524585146,0.010325830616421226,0.0006802115561053815,7.703618644054317e-05,0.003953687084811693,0.755505389241609,0.05766489499469747,0.00254631848018476,4.590055977899245e-05
P16,10,A,alpha,1799551287-α-6,P16-T10-Aα,10,57,A3,5,5,L4,L,False,57,True,L2,False,0.0032216775253430187,False,0.3933250904083252,valid,False,0.006618721302049711,0.9067821143337589,0.052979348914648,0.0032216775253430187,0.0003966781914820641,0.001466393961484912,0.02659348731009348,0.0018402514032739513,9.925154373821875e-05,2.0755141277151745e-06
P16,10,A,alpha,1799551287-α-6,P16-T10-Aα,11,62,D4,8,8,R2,R,False,62,True,R2,True,0.7088337324399298,False,0.4445817470550537,valid,False,0.00046650027317993186,0.0010342638340006332,0.00010265524807329219,6.762389257409595e-06,7.450811714129977e-07,0.0013490991639139058,0.7088337324399298,0.27140739349043513,0.016504300595100538,0.00029454748493821435
P16,10,A,alpha,1799551287-α-6,P16-T10-Aα,12,64,E4,9,9,R1,R,False,64,True,R3,False,0.00036484035410942804,False,0.3746170997619629,valid,False,0.00010768429817551945,0.00013427443879796314,1.0812716820720886e-05,7.716091996803324e-07,9.530846587698657e-08,0.00036484035410942804,0.180104851763664,0.7299438737102911,0.08758329828752796,0.001749497512947744
P16,10,A,alpha,1799551287-α-6,P16-T10-Aα,13,65,F4,10,10,R2,R,False,65,True,R4,False,0.019085930852220823,False,0.29255199432373047,valid,False,3.177900819450283e-05,2.8989876803585733e-05,2.8523812498985208e-06,1.8789991436754156e-07,2.317019713369419e-08,0.00014970847484357364,0.019085930852220823,0.2629004300287005,0.6925627811972508,0.025237317110624737
P16,10,A,alpha,1799551287-α-6,P16-T10-Aα,14,64,E4,9,9,R1,R,False,64,True,R3,False,0.00039448666479837313,False,0.537398099899292,valid,False,0.0001258285510690699,0.00015074748088932834,1.4826845430260118e-05,9.767148016366197e-07,1.1590911541745156e-07,0.00039448666479837313,0.07224046017995968,0.8194915927373521,0.10570189674624283,0.0018790681703414365
P16,10,A,alpha,1799551287-α-6,P16-T10-Aα,15,62,D4,8,8,R2,R,False,62,True,R3,False,0.18330540833780243,False,0.3615128993988037,valid,False,0.00047634136277246146,0.000978115706189211,0.0001043272364993149,6.344145785039272e-06,7.195949215926925e-07,0.0009344543142385444,0.18330540833780243,0.7497780167649907,0.06370052299341317,0.0007157495433874128
P16,10,A,alpha,1799551287-α-6,P16-T10-Aα,16,59,B3,6,6,L5,L,False,59,True,R2,False,5.287391680447814e-05,False,0.45601892471313477,valid,False,0.006663857267931187,0.06912235307335941,0.0063353499847783965,0.0004520986179978172,5.287391680447814e-05,0.0026277949132082457,0.8012276055583163,0.10843436493522773,0.004983562807634251,0.00010013892474222554
P16,10,A,alpha,1799551287-α-6,P16-T10-Aα,17,64,E4,9,9,R3,R,False,64,True,R4,False,0.3885246332956185,False,0.5250799655914307,valid,False,0.00015169115709361938,0.0001881169517422098,1.7776990158388685e-05,1.2685885865939964e-06,1.5029566036696318e-07,0.00017522255823264056,0.023592144765020875,0.3885246332956185,0.5612405796588521,0.026108415739034545
P16,10,A,alpha,1799551287-α-6,P16-T10-Aα,18,60,C4,7,7,L4,L,False,60,True,R3,False,4.494718771002836e-05,False,0.49068689346313477,valid,False,0.0017552095562457857,0.00690113806814876,0.0006051571607378697,4.494718771002836e-05,5.252334890837782e-06,0.0004403235257097403,0.13548738456298237,0.8105661183858806,0.04372879897908589,0.0004656702386081805
P16,10,A,alpha,1799551287-α-6,P16-T10-Aα,19,59,B3,6,6,L3,L,False,59,True,R3,False,0.004199476167139192,False,0.5134992599487305,valid,False,0.004021801872465286,0.044160292512776006,0.004199476167139192,0.00029967995075883897,3.50445589067865e-05,0.0006669499958624033,0.1799494438544919,0.7313994804764348,0.03494961126455266,0.00031821934661227313
P16,10,A,alpha,1799551287-α-6,P16-T10-Aα,20,62,D4,8,8,R4,R,False,62,True,R3,False,0.11357590940362934,False,0.5214798450469971,valid,False,0.0005765964882272831,0.001054019844145577,0.00010369467928710099,7.701774872440766e-06,8.407803125722126e-07,0.00037279704260290017,0.07599341168637148,0.8073001451761276,0.11357590940362934,0.0010148831244238612
P16,10,A,alpha,1799551287-α-6,P16-T10-Aα,21,57,A3,5,5,L1,L,False,57,True,L2,False,0.007456344556904533,False,0.47267770767211914,valid,False,0.007456344556904533,0.9060235402730159,0.04694915878994724,0.0027430358687757653,0.00032529410257927245,0.0003039370377615232,0.028775742024330385,0.007048620377263608,0.00036942545585413953,4.901513567729782e-06
P16,10,A,alpha,1799551287-α-6,P16-T10-Aα,22,55,G3,4,4,L2,L,False,55,True,L2,True,0.7974362090760956,False,0.46515774726867676,valid,False,0.00966675736899191,0.7974362090760956,0.1744087780110537,0.01403286169243588,0.0018901109131232888,0.000384596362319147,0.0017487804975490167,0.00039907809390957866,3.210966649831769e-05,7.183180236114282e-07
P16,10,A,alpha,1799551287-α-6,P16-T10-Aα,23,53,F3,3,3,L3,L,False,53,True,L3,True,0.6090146097532603,False,0.41344618797302246,valid,False,0.004519008098527979,0.3085371498999,0.6090146097532603,0.07023468358374316,0.007579898562224955,2.1165407226305596e-05,8.16594596311189e-05,1.1018740843233796e-05,7.863113354859672e-07,2.0183307466914734e-08
P16,10,A,alpha,1799551287-α-6,P16-T10-Aα,24,55,G3,4,4,L2,L,False,55,True,L2,True,0.7239083718897162,False,0.4875972270965576,valid,False,0.00487765624198716,0.7239083718897162,0.24583604407066023,0.021427278921243905,0.0026516935499732155,0.00011627987211439149,0.001001862582910632,0.00016942665260884446,1.1160939133895106e-05,2.2527965149844765e-07
P16,10,A,alpha,1799551287-α-6,P16-T10-Aα,25,53,F3,3,3,L3,L,False,53,True,L3,True,0.6412542375673815,False,0.5604248046875,valid,False,0.0023310278477103145,0.2546663594898875,0.6412542375673815,0.09032605931267003,0.011302347798115595,2.2216508142577128e-05,7.995774504825159e-05,1.6629550838623934e-05,1.1401744576649747e-06,2.4005747959009315e-08
P16,10,A,alpha,1799551287-α-6,P16-T10-Aα,26,55,G3,4,4,L4,L,False,55,True,L2,False,0.010693434840376919,False,0.35614800453186035,valid,False,0.006761716956734218,0.8709895567609351,0.10881291014889287,0.010693434840376919,0.00156714787448738,0.00012840261729836974,0.0008478819406890666,0.00018817742463179916,1.056329510244411e-05,2.0814085182535e-07
P16,10,A,alpha,1799551287-α-6,P16-T10-Aα,27,62,D4,8,8,R4,R,False,62,True,R3,False,0.03176981653072365,False,0.41975998878479004,valid,False,0.0006196269435591348,0.0004944965733980399,3.399698867545388e-05,4.7887621408950784e-06,6.772569894951488e-07,0.0012182634257927758,0.21670059913305276,0.7488335081863161,0.03176981653072365,0.00032422619935179744
P16,10,A,alpha,1799551287-α-6,P16-T10-Aα,28,57,A3,5,5,L4,L,False,57,True,L2,False,0.00333597105656985,False,0.4763169288635254,valid,False,0.013908892930994926,0.8920832098366124,0.050641115638569656,0.00333597105656985,0.00042403853287880966,0.0006141590320500372,0.024568527172106825,0.013720529742858527,0.0006962024863235433,7.353571035325321e-06
P16,10,A,alpha,1799551287-α-6,P16-T10-Aα,29,62,D4,8,8,R4,R,False,62,True,R3,False,0.05766237345103142,False,0.3796851634979248,valid,False,0.0004895629334968524,0.0009366972582823872,0.00012676818875660543,9.046338889034944e-06,9.57395895722526e-07,0.0007889273273353651,0.19349170256657472,0.7459099289431638,0.05766237345103142,0.0005840355965741979
P16,11,C,alpha,1799551287-α-5,P16-T11-Cα,0,60,C4,7,7,R5,R,False,60,True,R5,True,0.945015439577556,False,1.447861909866333,valid,False,0.0005413273139213319,0.004675059457792216,0.0006012173668993444,3.374919430265706e-05,3.2814932014689116e-06,0.001122224958889583,0.0004676746843337942,0.003327825956262129,0.044212199996841624,0.945015439577556
P16,11,C,alpha,1799551287-α-5,P16-T11-Cα,1,62,D4,8,8,R4,R,False,62,True,R4,True,0.658572865075706,False,0.6004970073699951,valid,False,0.00018666256229639213,0.0007945933283896719,7.502567941684556e-05,5.57242566825062e-06,5.425623289959437e-07,0.0007776867073776184,0.01624941433085708,0.3013988231810758,0.658572865075706,0.02193881414688332
P16,11,C,alpha,1799551287-α-5,P16-T11-Cα,2,59,B3,6,6,L1,L,False,59,True,L1,True,0.6938998009125015,False,1.0942559242248535,valid,False,0.6938998009125015,0.27653228326838536,0.014329603482269221,0.0011077462778522258,0.0001440388204894995,0.005486703232205077,0.00758566929180946,0.0008713840851513328,4.168256142021711e-05,1.0880679161720132e-06
P16,11,C,alpha,1799551287-α-5,P16-T11-Cα,3,57,A3,5,5,L2,L,False,57,True,L2,True,0.8708395698176011,False,0.5756139755249023,valid,False,0.015324575308298578,0.8708395698176011,0.07292691454984626,0.0061071350568905735,0.0007712532525504844,0.0017428782464420018,0.028555691577593755,0.0034884508986447447,0.00023917919672340903,4.3520954090154516e-06
P16,11,C,alpha,1799551287-α-5,P16-T11-Cα,4,59,B3,6,6,L3,L,False,59,True,L3,True,0.802347613410057,False,0.8145430088043213,valid,False,0.002237879720596547,0.13262716846392572,0.802347613410057,0.02786975211549132,0.0017838571085331185,0.0039025073982933973,0.02667258057750315,0.002429151324420578,0.0001258759912801672,3.6138898992297985e-06
P16,11,C,alpha,1799551287-α-5,P16-T11-Cα,5,57,A3,5,5,L4,L,False,57,True,L4,True,0.6720911176921498,False,0.7612910270690918,valid,False,0.0015361342327106762,0.026824633867908183,0.25073778348378456,0.6720911176921498,0.04016542194875636,0.0017633788725139727,0.006372811779105029,0.00048209886258559174,2.600136930254861e-05,6.178911833176174e-07
P16,11,C,alpha,1799551287-α-5,P16-T11-Cα,6,59,B3,6,6,L3,L,False,59,True,L3,True,0.7108851270157637,False,0.7162439823150635,valid,False,0.002627286168032905,0.1899025130683879,0.7108851270157637,0.03683729751615254,0.002249855981370389,0.0022194655366887524,0.0505682690191478,0.00442164081082483,0.0002797409875128134,8.80389611834834e-06
P16,11,C,alpha,1799551287-α-5,P16-T11-Cα,7,57,A3,5,5,L2,L,False,57,True,L2,True,0.8611830368595461,False,0.6134469509124756,valid,False,0.019265329243984757,0.8611830368595461,0.10336920236069319,0.006542419611333821,0.000927722084252426,0.0014429014350705559,0.006756947030904654,0.0004668753694353795,4.408247658694459e-05,1.483528192283604e-06
P16,11,C,alpha,1799551287-α-5,P16-T11-Cα,8,60,C4,7,7,R3,R,False,60,True,R3,True,0.7307899891613355,False,0.5353701114654541,valid,False,0.0010264253963311115,0.022104554235339167,0.009095535475539129,0.0006638863610181195,5.803920461690985e-05,0.002241102491958537,0.1941600470767391,0.7307899891613355,0.039371036867769243,0.0004893837293530259
P16,11,C,alpha,1799551287-α-5,P16-T11-Cα,9,62,D4,8,8,R2,R,False,62,True,R2,True,0.859778294453558,False,0.6568922996520996,valid,False,0.0006788066277632686,0.007174828280730019,0.0026527832298146167,0.00022228759560111112,2.1640900374187407e-05,0.008067747208846088,0.859778294453558,0.11635833900056407,0.0049365887629963,0.00010868393975221242
P16,11,C,alpha,1799551287-α-5,P16-T11-Cα,10,64,E4,9,9,R1,R,False,64,True,R2,True,0.4416618334216403,False,0.829676628112793,valid,False,0.00018697706719341168,0.0011278381980977731,0.0002436188779832365,2.3066858106006088e-05,2.5950899407806555e-06,0.4416618334216403,0.5182949628224689,0.035535937433382674,0.0028592075513659584,6.396267982103374e-05
P16,11,C,alpha,1799551287-α-5,P16-T11-Cα,11,59,B3,6,6,L1,L,False,59,True,L1,True,0.3132893486531003,True,1.2811379432678223,valid,False,0.3132893486531003,0.5708504121429111,0.058388981559275285,0.003411415132589615,0.0006108689667197985,0.0013998105452554426,0.032035652900104544,0.019414168346755138,0.0005856894932249514,1.3652260063850096e-05
P16,11,C,alpha,1799551287-α-5,P16-T11-Cα,12,62,D4,8,8,R2,R,False,62,True,R2,True,0.7057696557539619,False,0.4827749729156494,valid,False,0.0006922924951634972,0.0075408511269055714,0.0012647824635363002,0.00011865246664205295,1.311199200963342e-05,0.01460022385636453,0.7057696557539619,0.2596381465545287,0.010168441135356992,0.00019384215553083572
P16,11,C,alpha,1799551287-α-5,P16-T11-Cα,13,60,C4,7,7,R3,R,False,60,True,R3,True,0.7158035493764348,False,0.44181203842163086,valid,False,0.0013394600956657902,0.020012060543343,0.003225388229981187,0.00032579004828657755,3.353014330909251e-05,0.0024434372497863467,0.19110397445362226,0.7158035493764348,0.0649362329567271,0.0007765769028440173
P16,11,C,alpha,1799551287-α-5,P16-T11-Cα,14,57,A3,5,5,L3,L,False,57,True,L3,True,0.7388621816907425,False,0.5283219814300537,valid,False,0.0026250801018808264,0.1602465483829414,0.7388621816907425,0.03984956186536734,0.004102419692794717,0.0005349399057187258,0.033022397968406836,0.019702576180076144,0.0010465272214278383,7.766990643871075e-06
P16,11,C,alpha,1799551287-α-5,P16-T11-Cα,15,55,G3,4,4,L4,L,False,55,True,L4,True,0.659345501227327,False,0.5531468391418457,valid,False,0.0019062109510517929,0.03361190611161522,0.2439048287296866,0.659345501227327,0.05834470276249915,0.00015257389256040062,0.0023089270970321012,0.00040204719667384143,2.3029958163986534e-05,2.7207338985477894e-07
P16,11,C,alpha,1799551287-α-5,P16-T11-Cα,16,60,C4,7,7,R3,R,False,60,True,R3,True,0.6726316999512386,False,0.5448868274688721,valid,False,0.0007068712297690595,0.018642582684575124,0.008250624806887943,0.0006879544558111086,5.927751223239885e-05,0.0026944603110344504,0.2566903160418883,0.6726316999512386,0.03929895501848542,0.000337257988077564
P16,11,C,alpha,1799551287-α-5,P16-T11-Cα,17,55,G3,4,4,L4,L,False,55,True,L4,True,0.4981406255492539,False,0.5866692066192627,valid,False,0.001322935763362453,0.03460723796546494,0.42364142129909466,0.4981406255492539,0.03186690833638943,0.00014808352861658586,0.007215581373937415,0.0029137263625508302,0.00014265760884882514,8.222124809422549e-07
P16,11,C,alpha,1799551287-α-5,P16-T11-Cα,18,57,A3,5,5,L3,L,False,57,True,L3,True,0.7299254883900619,False,0.5075571537017822,valid,False,0.0019599960505880983,0.13318778349181237,0.7299254883900619,0.08391807983411646,0.006081283085379667,0.00038174019003169604,0.028586725257385287,0.015190536359038725,0.0007638209957709531,4.546345814965554e-06
P16,11,C,alpha,1799551287-α-5,P16-T11-Cα,19,62,D4,8,8,R1,R,False,62,True,R1,True,0.5488158493830516,False,1.0894389152526855,valid,False,0.0002774750838419049,0.00677952775397178,0.00365632122297488,0.0003267908099697248,2.6980689797904657e-05,0.5488158493830516,0.39852210056028275,0.03916419576464092,0.0023815771971141095,4.918153435435649e-05
P16,11,C,alpha,1799551287-α-5,P16-T11-Cα,20,64,E4,9,9,R2,R,False,64,True,R2,True,0.7624090083173096,False,0.6236166954040527,valid,False,0.00014461247600369286,0.0008324599196497949,0.0001244802046355572,1.216265803747315e-05,1.2989131550782755e-06,0.015298025595567118,0.7624090083173096,0.2119781425137416,0.008993329789015741,0.00020647961288428046
P16,11,C,alpha,1799551287-α-5,P16-T11-Cα,21,62,D4,8,8,R3,R,False,62,True,R3,True,0.7045919738023911,False,0.4873020648956299,valid,False,0.000718620911956367,0.0062415151503749985,0.0006173117438022381,6.840009090744785e-05,8.156757903240467e-06,0.0018670184865260725,0.1614911455165625,0.7045919738023911,0.12299954430328262,0.0013963132362933566
P16,11,C,alpha,1799551287-α-5,P16-T11-Cα,22,59,B3,6,6,L3,L,False,59,True,L3,True,0.7770228607399056,False,0.7083392143249512,valid,False,0.0017765807681996253,0.10103528090507657,0.7770228607399056,0.041907707996374145,0.002759116055077496,0.0005598715023667767,0.04374792745447282,0.029801886261833842,0.0013700920107387283,1.8676305954412564e-05
P16,11,C,alpha,1799551287-α-5,P16-T11-Cα,23,57,A3,5,5,L4,L,False,57,True,L4,True,0.6152117138305722,False,0.7768030166625977,valid,False,0.00140771308019135,0.02531450083934156,0.2786136676912354,0.6152117138305722,0.05367268057390167,0.0002962691357294447,0.017614312311502237,0.007384388306097957,0.00048010686483804824,4.647366590055716e-06
P16,11,C,alpha,1799551287-α-5,P16-T11-Cα,24,55,G3,4,4,L5,L,False,55,True,L5,True,0.5466534815515601,False,1.1480298042297363,valid,False,0.001582201160034561,0.007010706300985437,0.034471706757052384,0.40793016708626983,0.5466534815515601,0.00010271272258388731,0.0011092670775883103,0.0010335132789132454,0.00010415524012359501,2.088824888626933e-06
P16,11,C,alpha,1799551287-α-5,P16-T11-Cα,25,57,A3,5,5,L4,L,False,57,True,L4,True,0.625982097138498,False,0.9354193210601807,valid,False,0.0014323576198195685,0.034857918267579696,0.29177828198216116,0.625982097138498,0.036486935780694056,0.00023606502567144843,0.004946532822323921,0.003901821167849914,0.00037247774367657325,5.5124517256240755e-06
P16,11,C,alpha,1799551287-α-5,P16-T11-Cα,26,55,G3,4,4,L5,L,False,55,True,L5,True,0.737570766525107,False,1.0518712997436523,valid,False,0.0015089501907509834,0.0036107166877207154,0.016624732154848835,0.23917199215126003,0.737570766525107,0.0001716981122631648,0.0008807686260445133,0.0004345530177758649,2.53527873757719e-05,4.697468530717445e-07
P16,11,C,alpha,1799551287-α-5,P16-T11-Cα,27,53,F3,3,3,L4,L,False,53,True,L4,True,0.6708035325728864,False,0.6608660221099854,valid,False,0.0023198546361025076,0.030407172408945155,0.2289831392030685,0.6708035325728864,0.06660771753086467,9.561545821939854e-05,0.0006363712701442144,0.00013723664164756006,9.200521321670608e-06,1.5975680004758767e-07
P16,11,C,alpha,1799551287-α-5,P16-T11-Cα,28,64,E4,9,9,R2,R,False,64,True,R2,True,0.8297456126041636,False,0.637847900390625,valid,False,2.5376880570483788e-05,0.0002190987659919979,7.462656298385971e-05,8.823874189971273e-06,8.06359108830137e-07,0.013978901495097014,0.8297456126041636,0.14045454054470746,0.014975513815671462,0.0005166990975151811
P16,11,C,alpha,1799551287-α-5,P16-T11-Cα,29,65,F4,10,10,R1,R,False,65,True,R1,True,0.6591685144479432,False,0.6727869510650635,valid,False,4.8130508731444815e-06,4.203551829894433e-05,1.6939599039416434e-05,3.174794524135785e-06,3.599878541119895e-07,0.6591685144479432,0.3208517614653196,0.018010937534769757,0.0017699994116380042,0.00013146418973962028
P16,12,C,gamma,1799551287-γ-4,P16-T12-Cγ,0,53,F3,3,3,L2,L,False,53,True,L2,True,0.7770181518051112,False,0.5586798191070557,valid,False,0.017569866366410915,0.7770181518051112,0.18409716916250965,0.018091888913212523,0.0025612614263878374,7.831511986606171e-05,0.000516718526164965,6.236831444876085e-05,4.155388973223272e-06,1.0497691473538341e-07
P16,12,C,gamma,1799551287-γ-4,P16-T12-Cγ,1,48,C3,0,0,L2,L,False,48,True,L2,True,0.5852257154777922,False,1.1832120418548584,valid,False,0.013023274373606631,0.5852257154777922,0.3621279531955238,0.034192202166341494,0.005430317540985835,3.7520258003298115e-07,1.4546436032414389e-07,1.4991871724606178e-08,1.533431706532438e-09,5.3506158776743924e-11
P16,12,C,gamma,1799551287-γ-4,P16-T12-Cγ,2,60,C4,7,7,R4,R,False,60,True,R4,True,0.6582752092491135,False,0.9886250495910645,valid,False,0.00031135545908551025,0.0023200247855574983,0.000995204645211536,0.00012206961120639775,1.2238990058136798e-05,0.0032207784822863954,0.017811056289339936,0.30003546281209226,0.6582752092491135,0.01689659967604892
P16,12,C,gamma,1799551287-γ-4,P16-T12-Cγ,3,57,A3,5,5,L5,L,False,57,True,L5,True,0.8265232108622919,False,1.194814920425415,valid,False,0.0032816487357524714,0.006784828096845434,0.01900017927996741,0.14421097711860026,0.8265232108622919,0.00011545071689483146,6.671083641723363e-05,1.5447263784616108e-05,1.5330287814352236e-06,1.4060664554732796e-08
P16,12,C,gamma,1799551287-γ-4,P16-T12-Cγ,4,48,C3,0,0,L2,L,False,48,True,L2,True,0.7380860612504042,False,0.905311107635498,valid,False,0.00705736099344095,0.7380860612504042,0.22230724954169684,0.027530422485019152,0.005017985079483659,4.884342935268215e-07,3.7444099894284426e-07,5.344204430581396e-08,4.201186686523089e-09,1.3143161196607335e-10
P16,12,C,gamma,1799551287-γ-4,P16-T12-Cγ,5,57,A3,5,5,L5,L,False,57,True,L5,True,0.6140800274261288,False,0.8738329410552979,valid,False,0.003689948503587809,0.00700886834785359,0.028504648609087063,0.3463794845737744,0.6140800274261288,0.0001438052953171977,0.0001505465370560161,3.9259922961271597e-05,3.320142325538441e-06,9.064190840035724e-08
P16,12,C,gamma,1799551287-γ-4,P16-T12-Cγ,6,57,A3,5,5,R4,R,False,57,True,R4,True,0.6308301956369544,False,0.764854907989502,valid,False,0.00040764929225312535,0.004743490468638673,0.0017894551653942399,0.0002851344347105563,3.1316778152022164e-05,0.004395279067822297,0.04339441398509762,0.29479387971178955,0.6308301956369544,0.019329185459187475
P16,12,C,gamma,1799551287-γ-4,P16-T12-Cγ,7,52,E3,2,2,L2,L,False,52,True,L2,True,0.7913427287512296,False,0.6989498138427734,valid,False,0.021672398492882886,0.7913427287512296,0.16628965199307583,0.014493947657033043,0.002922859561693456,4.6613687136010704e-05,0.00220642011181883,0.0009543656616442168,6.993520111881985e-05,1.0788823673788751e-06
P16,12,C,gamma,1799551287-γ-4,P16-T12-Cγ,8,57,A3,5,5,L4,L,False,57,True,L4,True,0.7022100682082665,False,0.8760576248168945,valid,False,0.002678072169612617,0.026576324947172197,0.20461418155867647,0.7022100682082665,0.054535512235568455,0.0005240284125349402,0.005629510973167255,0.0028936130955724395,0.0003280571118306815,1.0631287598567135e-05
P16,12,C,gamma,1799551287-γ-4,P16-T12-Cγ,9,67,G4,11,11,R5,R,False,67,True,R5,True,0.9557272301789695,False,0.7330129146575928,valid,False,1.0102215748459348e-06,6.691278261437928e-06,3.2973058960186465e-06,3.846075114491868e-07,2.745620632908258e-08,0.00012635730844511562,0.0003251348758075563,0.0032624307561603494,0.04054743601116727,0.9557272301789695
P16,12,C,gamma,1799551287-γ-4,P16-T12-Cγ,10,55,G3,4,4,L1,L,False,55,True,L1,True,0.7013218837304153,False,0.7876601219177246,valid,False,0.7013218837304153,0.2685311600590407,0.019162724497262248,0.0014813694434473198,0.0003372155157487632,0.0009448523511154185,0.007250610119441904,0.0008984160050945888,7.01262409479667e-05,1.642037485903759e-06
P16,12,C,gamma,1799551287-γ-4,P16-T12-Cγ,11,62,D4,8,8,R4,R,False,62,True,R4,True,0.5700721784726729,False,0.62508225440979,valid,False,0.00010759201085658173,0.0006894344398449846,0.00032943049668990017,4.002625768466748e-05,4.11453165936419e-06,0.00331954477886763,0.02224038534785917,0.3866713027698602,0.5700721784726729,0.016525990894004524
P16,12,C,gamma,1799551287-γ-4,P16-T12-Cγ,12,67,G4,11,11,R5,R,False,67,True,R5,True,0.9611666049701447,False,0.6399102210998535,valid,False,1.2824151944037995e-06,5.621905697379986e-06,1.5439729015873784e-06,1.6382419411840588e-07,1.8328177201621943e-08,0.00012047859003589774,0.0002645809487028478,0.003690810487858318,0.034748894557093644,0.9611666049701447
P16,12,C,gamma,1799551287-γ-4,P16-T12-Cγ,13,57,A3,5,5,L3,L,False,57,True,L3,True,0.7153301909651879,False,0.667219877243042,valid,False,0.0037551744130496336,0.20700526788065263,0.7153301909651879,0.05313013288772727,0.0036638150209901826,0.0011543769702196374,0.012092049468511428,0.0036466354729211936,0.00021888099733572244,3.4759234044844794e-06
P16,12,C,gamma,1799551287-γ-4,P16-T12-Cγ,14,64,E4,9,9,R1,R,False,64,True,R2,True,0.4727090294421711,False,0.6920821666717529,valid,False,2.055006728617715e-05,0.00027298493863619653,0.00019712048456598349,3.115306529944236e-05,2.8788754715642812e-06,0.4727090294421711,0.4920006509014386,0.032410422055762673,0.0023128488647575197,4.236130461111757e-05
P16,12,C,gamma,1799551287-γ-4,P16-T12-Cγ,15,57,A3,5,5,R2,R,False,57,True,R2,True,0.7117131017588395,False,0.6091110706329346,valid,False,0.001304642547614509,0.03383059737882869,0.04856499539879873,0.005623834751635468,0.0006251829231332784,0.008529742320101728,0.7117131017588395,0.17550629009119345,0.014121167082806786,0.00018044574704796933
P16,12,C,gamma,1799551287-γ-4,P16-T12-Cγ,16,59,B3,6,6,L5,L,False,59,True,L5,True,0.7998352474520973,False,0.9358949661254883,valid,False,0.0014367118224097742,0.007391571464692348,0.0443355921516219,0.14283804181772705,0.7998352474520973,0.0020508308251344287,0.001755136166018587,0.000328988180939882,2.744205811984453e-05,4.38061238827406e-07
P16,12,C,gamma,1799551287-γ-4,P16-T12-Cγ,17,52,E3,2,2,L2,L,False,52,True,L2,True,0.7529105544377644,False,0.7082240581512451,valid,False,0.014991245354620793,0.7529105544377644,0.2093372180385937,0.019517138624585362,0.003167037577849083,2.6005173783866965e-05,3.870855422044867e-05,1.1346812064514687e-05,7.316896582312747e-07,1.3736859437707067e-08
P16,12,C,gamma,1799551287-γ-4,P16-T12-Cγ,18,53,F3,3,3,L4,L,False,53,True,L4,True,0.5578560297672273,False,0.7856152057647705,valid,False,0.0024364518642780264,0.03501433335867859,0.3313687366256501,0.5578560297672273,0.07282348660311477,7.948699728696525e-05,0.0003438019089047566,7.25672943118583e-05,5.011855872827821e-06,9.372467485374036e-08
P16,12,C,gamma,1799551287-γ-4,P16-T12-Cγ,19,62,D4,8,8,R5,R,False,62,True,R5,True,0.9225873418062761,False,0.6508419513702393,valid,False,0.00014141774859232484,0.0010805988646812705,0.0001979020137151639,1.798025831658421e-05,1.590589372949224e-06,0.001302344271653701,0.0010840160136963612,0.006298681760160241,0.06728812667353508,0.9225873418062761
P16,12,C,gamma,1799551287-γ-4,P16-T12-Cγ,20,62,D4,8,8,L4,L,False,62,True,L4,True,0.7142680453926793,False,1.026642084121704,valid,False,0.00316822658212194,0.03751701427958009,0.18184820244939623,0.7142680453926793,0.05746972604605216,0.0017215378107857005,0.003357707017038015,0.0006012516613563881,4.647960362225831e-05,1.8091573678875573e-06
P16,12,C,gamma,1799551287-γ-4,P16-T12-Cγ,21,65,F4,10,10,R1,R,False,65,True,R1,True,0.5846973259049277,False,0.8704078197479248,valid,False,3.396844615422208e-06,0.0001308673519440361,0.0001070074193317294,1.3966608491308115e-05,8.037963159351471e-07,0.5846973259049277,0.37656637319269276,0.035555481005076134,0.002860780019458895,6.399785714599198e-05
P16,12,C,gamma,1799551287-γ-4,P16-T12-Cγ,22,67,G4,11,11,R4,R,False,67,True,R4,True,0.7593850524493315,False,0.6538071632385254,valid,False,4.295496610004246e-06,2.603228878111299e-05,1.1155249741938854e-05,1.0070601894707891e-06,8.76771973634526e-08,0.00044398797765037484,0.012978474412594178,0.2111373699875194,0.7593850524493315,0.016012537400384566
P16,12,C,gamma,1799551287-γ-4,P16-T12-Cγ,23,71,B4,13,13,R5,R,False,71,True,R5,True,0.9702807706891943,False,0.6130220890045166,valid,False,3.2262242111286175e-07,1.0783174074177849e-06,3.360236269991349e-07,3.372271283238983e-08,3.358281704839284e-09,1.2405010544767344e-05,0.00018607740057633394,0.0030574629902663315,0.026461509864968345,0.9702807706891943
P16,12,C,gamma,1799551287-γ-4,P16-T12-Cγ,24,65,F4,10,10,R2,R,False,65,True,R2,True,0.7994759582141543,False,0.562485933303833,valid,False,3.8384876739654886e-05,0.00025122170063846753,9.75127664868297e-05,1.0346213646950124e-05,9.78068993996169e-07,0.009796910181703875,0.7994759582141543,0.16866061209336122,0.02123869205375459,0.0004293838305201298
P16,12,C,gamma,1799551287-γ-4,P16-T12-Cγ,25,52,E3,2,2,L2,L,False,52,True,L2,True,0.6789062411921776,False,0.7527527809143066,valid,False,0.011647222758950684,0.6789062411921776,0.29309096874434404,0.014204091807458475,0.002124830125169668,1.149090833131309e-05,1.277556177671755e-05,2.1299161153962008e-06,2.4321776009830845e-07,5.767916030927249e-09
P16,12,C,gamma,1799551287-γ-4,P16-T12-Cγ,26,71,B4,13,13,R2,R,False,71,True,R2,True,0.8365375613430986,False,0.6761631965637207,valid,False,2.178809188278287e-07,2.602475847066755e-07,4.217258993480977e-08,3.674617085302686e-09,4.74146278403311e-10,0.003278856369934044,0.8365375613430986,0.11321304780243352,0.045059761156099866,0.001910248878577191
P16,12,C,gamma,1799551287-γ-4,P16-T12-Cγ,27,62,D4,8,8,L4,L,False,62,True,L4,True,0.7503335139830445,False,1.152207851409912,valid,False,0.002158540769237347,0.02983298598781698,0.12575665223484628,0.7503335139830445,0.08955607380911171,0.0012546993363012314,0.0009314904547420429,0.0001644485943210873,1.1246735390713375e-05,3.4809518819036956e-07
P16,12,C,gamma,1799551287-γ-4,P16-T12-Cγ,28,60,C4,7,7,L2,L,False,60,True,L2,True,0.6963231029889414,False,0.610670804977417,valid,False,0.007293446475269829,0.6963231029889414,0.2297442204022763,0.01190509672793803,0.0010795207372854378,0.003760133137378267,0.03411765941986114,0.014489556765859345,0.0012581144936196823,2.914885157052093e-05
P16,12,C,gamma,1799551287-γ-4,P16-T12-Cγ,29,65,F4,10,10,R4,R,False,65,True,R4,True,0.7163245164221256,False,0.7044088840484619,valid,False,1.7983538345935376e-05,0.0001305740321791355,3.975029849206074e-05,3.249642293129159e-06,3.3308657348824364e-07,0.000644341869235432,0.011963301555004706,0.2581621769143359,0.7163245164221256,0.012713772641414638
P16,13,B,alpha,1799551287-α-8,P16-T13-Bα,0,59,B3,6,6,L2,L,False,59,True,L2,True,0.8857826654839109,False,0.8423359394073486,valid,False,0.020697058205953425,0.8857826654839109,0.017344522795281106,0.002407482759005654,0.000566903299075685,0.0021108225600328504,0.02808084919899034,0.034873890630642154,0.007380740929478363,0.0007550641376295713
P16,13,B,alpha,1799551287-α-8,P16-T13-Bα,1,64,E4,9,9,R4,R,False,64,True,R4,True,0.6537537661301988,False,1.0987160205841064,valid,False,7.929869676819269e-05,0.0003597734686922966,3.6251691966728866e-05,4.178239741497796e-06,5.39443500205103e-07,0.0012550210822401897,0.02197732043168703,0.30573868795038184,0.6537537661301988,0.016795162864823254
P16,13,B,alpha,1799551287-α-8,P16-T13-Bα,2,65,F4,10,10,R5,R,False,65,True,R5,True,0.9325878145874444,False,1.0090162754058838,valid,False,1.8238395867107755e-05,9.75594041301272e-05,8.897039644613235e-06,1.0231504228077399e-06,1.1700630573160923e-07,9.291988472252816e-05,0.00028610477393966184,0.003852906938970964,0.06305441881855209,0.9325878145874444
P16,13,B,alpha,1799551287-α-8,P16-T13-Bα,3,64,E4,9,9,R3,R,False,64,True,R3,True,0.7678457970481598,False,0.8667950630187988,valid,False,0.00011468246940685832,0.00035171010992308054,3.930470401994206e-05,4.350473330085348e-06,4.96948035354556e-07,0.0015468775981853265,0.15310705433239782,0.7678457970481598,0.07504427189338143,0.001945454423160281
P16,13,B,alpha,1799551287-α-8,P16-T13-Bα,4,60,C4,7,7,L2,L,False,60,True,L2,True,0.6451414423686831,False,1.2703869342803955,valid,False,0.00596286984111226,0.6451414423686831,0.06243279563423488,0.0033672308770238578,0.00029987794346108653,0.013654794540865505,0.24379173214738917,0.02390507329988657,0.0013966698274760795,4.751351986759001e-05
P16,13,B,alpha,1799551287-α-8,P16-T13-Bα,5,59,B3,6,6,L1,L,False,59,True,L1,True,0.5317945924590464,False,1.0517380237579346,valid,False,0.5317945924590464,0.3710204974912687,0.031070453220740094,0.00249991644767049,0.00036650515597266706,0.004171953503126764,0.053103649176138086,0.005563666372102178,0.00039703029570138383,1.173587823328114e-05
P16,13,B,alpha,1799551287-α-8,P16-T13-Bα,6,60,C4,7,7,L2,L,False,60,True,L2,True,0.78864280332732,False,1.090162754058838,valid,False,0.011505033883442362,0.78864280332732,0.08738411342839196,0.005313833410029665,0.0005435212349634036,0.010077583457933085,0.0858470215839208,0.010077583457933085,0.0005887895248425775,1.9716691223284518e-05
P16,13,B,alpha,1799551287-α-8,P16-T13-Bα,7,65,F4,10,10,R4,R,False,65,True,R4,True,0.8630149261283229,False,0.8040709495544434,valid,False,2.2815662538822027e-05,0.0002503862286261696,3.764451521997752e-05,3.1524731303754304e-06,3.635593453297863e-07,0.0003253292425807333,0.007318157669974932,0.08827279710270369,0.8630149261283229,0.040754427417557144
P16,13,B,alpha,1799551287-α-8,P16-T13-Bα,8,60,C4,7,7,L2,L,False,60,True,L2,True,0.723090267363045,False,0.9066751003265381,valid,False,0.00796496993197725,0.723090267363045,0.11033642036870049,0.006983387159607737,0.0006086779709200773,0.006193708789364284,0.13075553037524035,0.013243860220979783,0.0008053599694374139,1.78178507276397e-05
P16,13,B,alpha,1799551287-α-8,P16-T13-Bα,9,65,F4,10,10,R4,R,False,65,True,R4,True,0.8670280850949563,False,1.0887999534606934,valid,False,2.75305964917653e-05,0.00020542570566012654,3.9363014165412755e-05,3.868344542230385e-06,2.7599093622843e-07,0.0002507613443294428,0.006308010989255714,0.08868327988402913,0.8670280850949563,0.0374533990356337
P16,13,B,alpha,1799551287-α-8,P16-T13-Bα,10,64,E4,9,9,R2,R,False,64,True,R2,True,0.7186437222140404,False,0.9202570915222168,valid,False,0.00024910838941719755,0.0011652229385828016,0.0002225431455551175,2.187011286537472e-05,1.560583275397675e-06,0.003654657041532432,0.7186437222140404,0.2643742509294664,0.011216273518287688,0.0004507911269771622
P16,13,B,alpha,1799551287-α-8,P16-T13-Bα,11,65,F4,10,10,R3,R,False,65,True,R3,True,0.8080778023407715,False,0.9245922565460205,valid,False,6.18273975478409e-05,0.0001865520920965357,3.9742201091441174e-05,3.7524674973662086e-06,2.677665251583349e-07,0.00034485760912289243,0.062333898135622685,0.8080778023407715,0.1261805012823197,0.0027707987074048496
P16,13,B,alpha,1799551287-α-8,P16-T13-Bα,12,64,E4,9,9,R2,R,False,64,True,R2,True,0.7074372331670242,False,0.6717197895050049,valid,False,0.0002744376389600573,0.0007152844732638829,0.00013024329328221128,1.3865506208252596e-05,1.1132110461005344e-06,0.003363071362942595,0.7074372331670242,0.27087268385357016,0.016471784868596472,0.0007202826251059836
P16,13,B,alpha,1799551287-α-8,P16-T13-Bα,13,59,B3,6,6,L2,L,False,59,True,L2,True,0.9023190557202728,False,0.668726921081543,valid,False,0.01937931658989699,0.9023190557202728,0.057109368661137264,0.003762065635999328,0.0004515668648559889,0.0038641505550761333,0.01104277061553802,0.0019059263775919194,0.00015960842260079688,6.170557030900267e-06
P16,13,B,alpha,1799551287-α-8,P16-T13-Bα,14,60,C4,7,7,L3,L,False,60,True,L3,True,0.7146646063830052,False,1.276620864868164,valid,False,0.0026714030323482826,0.2068126582068654,0.7146646063830052,0.0434587994701773,0.0018437717739916073,0.0020785640564089615,0.022208172129493477,0.005919570704897268,0.0003368004801387654,5.653762673755405e-06
P16,13,B,alpha,1799551287-α-8,P16-T13-Bα,15,65,F4,10,10,R3,R,False,65,True,R3,True,0.804900141036828,False,1.0553228855133057,valid,False,9.121641077970756e-05,0.00017156515130815295,2.9918394751237456e-05,1.9708669070699492e-06,1.9359315399185324e-07,0.0004964401136376604,0.09875535981466885,0.804900141036828,0.09265966070394452,0.00289353391402083
P16,13,B,alpha,1799551287-α-8,P16-T13-Bα,16,60,C4,7,7,L3,L,False,60,True,L3,True,0.6856804748951293,False,1.1254122257232666,valid,False,0.003789008299061193,0.19842510798360383,0.6856804748951293,0.05976449402271516,0.002746731719290236,0.002660396415620637,0.02884879785986325,0.016026498023422604,0.0019945365930623673,6.395418823144834e-05
P16,13,B,alpha,1799551287-α-8,P16-T13-Bα,17,59,B3,6,6,L1,L,False,59,True,L1,True,0.3991526187647859,True,1.0617482662200928,valid,False,0.3991526187647859,0.4875261094861643,0.08729942243196434,0.006229797616284221,0.0005429944646711544,0.0031216066192218924,0.011550194351067376,0.004169802447786165,0.00039429490765730294,1.315891039722902e-05
P16,13,B,alpha,1799551287-α-8,P16-T13-Bα,18,60,C4,7,7,L2,L,False,60,True,L2,True,0.7649158723994266,False,0.9842700958251953,valid,False,0.006726513472039106,0.7649158723994266,0.09946102481854396,0.0053642998111363,0.0004316094532906176,0.04278369221750798,0.0615448302897334,0.0178101025815861,0.0009229002305129605,3.91547262228871e-05
P16,13,B,alpha,1799551287-α-8,P16-T13-Bα,19,59,B3,6,6,L1,L,False,59,True,L2,True,0.42946587289816995,False,1.0666241645812988,valid,False,0.42946587289816995,0.5039828705659896,0.04055026357424003,0.0023691761543610116,0.00027322552676217537,0.006650030345671324,0.01300517758933022,0.0033958098703205882,0.00029598167970014264,1.1591795454998387e-05
P16,13,B,alpha,1799551287-α-8,P16-T13-Bα,20,60,C4,7,7,L3,L,False,60,True,L3,True,0.6524928189411303,False,0.8309602737426758,valid,False,0.003514352381826278,0.1216076810032213,0.6524928189411303,0.08151606632836662,0.00630157834947319,0.014770145576256886,0.09424127735525405,0.023589463103902163,0.0018979989247725725,6.861803579666381e-05
P16,13,B,alpha,1799551287-α-8,P16-T13-Bα,21,59,B3,6,6,L4,L,False,59,True,L4,True,0.5724885512793413,False,0.9002432823181152,valid,False,0.0037985497857878987,0.05573009032405088,0.3107037586290207,0.5724885512793413,0.03623381277611837,0.00420505365787071,0.01338594932592433,0.0031581699732804924,0.00028650271611608494,9.561532489308766e-06
P16,13,B,alpha,1799551287-α-8,P16-T13-Bα,22,57,A3,5,5,L5,L,False,57,True,L5,True,0.8430118988851708,False,0.8097431659698486,valid,False,0.0029535626386462013,0.0034310307638981273,0.01140769168311355,0.1345007654119957,0.8430118988851708,0.000852428720038405,0.0028455092157156393,0.0009021098989336596,9.22715953826631e-05,2.731187105367096e-06
P16,13,B,alpha,1799551287-α-8,P16-T13-Bα,23,62,D4,8,8,R4,R,False,62,True,R4,True,0.760354520451356,False,1.1274230480194092,valid,False,0.0003007674768123069,0.015169682763973853,0.005776423957800965,0.00036560008708421787,3.186601488483493e-05,0.005776423957800965,0.025477282035464684,0.14355116469651927,0.760354520451356,0.043196268558302976
P16,13,B,alpha,1799551287-α-8,P16-T13-Bα,24,64,E4,9,9,R5,R,False,64,True,R5,True,0.9239174890869843,False,0.7222568988800049,valid,False,0.00012003416546620349,0.0038564295204427212,0.0013081615703377596,8.617482219605761e-05,7.511070877193216e-06,0.0022096364500190408,0.0010969673041028817,0.006105054837628421,0.061292541171945394,0.9239174890869843
P16,13,B,alpha,1799551287-α-8,P16-T13-Bα,25,65,F4,10,10,R4,R,False,65,True,R4,True,0.7187979817549702,False,1.497668981552124,valid,False,1.6712943933705958e-05,0.00041772444353512927,0.00010834663016234887,7.731753080541455e-06,6.474819424469388e-07,0.0062523913891106946,0.015731414223696682,0.23288383053944314,0.7187979817549702,0.025783218840125164
P16,13,B,alpha,1799551287-α-8,P16-T13-Bα,26,64,E4,9,9,R5,R,False,64,True,R5,True,0.9511306081754909,False,1.0586111545562744,valid,False,0.0008879562717286865,0.0009778992709790501,0.0001271549815743584,9.444255469305295e-06,7.908924163163635e-07,0.001322043884576,0.0006708752377800728,0.003267458142647574,0.041605768887337725,0.9511306081754909
P16,13,B,alpha,1799551287-α-8,P16-T13-Bα,27,59,B3,6,6,L2,L,False,59,True,L2,True,0.85011234942852,False,0.6804459095001221,valid,False,0.013270705302176422,0.85011234942852,0.04772085511753819,0.002678798884265063,0.0002334863916479485,0.001213630273581872,0.04874200419258061,0.03279517051947028,0.003143599611885784,8.940027833399822e-05
P16,13,B,alpha,1799551287-α-8,P16-T13-Bα,28,60,C4,7,7,L3,L,False,60,True,R3,False,0.007677667527197578,True,0.6696300506591797,valid,False,0.007152287331567353,0.04644718188851646,0.007677667527197578,0.0006177421099919726,4.4082861227467816e-05,0.009178344539507834,0.2098783901636091,0.6253526894110607,0.0916810580546,0.001970556112721618
P16,13,B,alpha,1799551287-α-8,P16-T13-Bα,29,57,A3,5,5,L3,L,False,57,True,L3,True,0.7576555081780499,False,1.0803089141845703,valid,False,0.005572685246497951,0.16152411989873003,0.7576555081780499,0.06344851614252431,0.005981919080038105,0.0002527210005978125,0.003473157076026477,0.0019418774281270818,0.0001470674041818024,2.428545226672915e-06
P16,14,C,alpha,1799551287-α-1,P16-T14-Cα,0,57,A3,5,5,L5,L,False,57,True,L5,True,0.8438534302856183,False,1.1337840557098389,valid,False,0.002950495614071024,0.003661349377633991,0.011152761150830262,0.1375259110625269,0.8438534302856183,9.909641061442849e-05,0.000404942397210507,0.0003117229067049424,3.885139220026862e-05,1.4394025893336644e-06
P16,14,C,alpha,1799551287-α-1,P16-T14-Cα,1,59,B3,6,6,L4,L,False,59,True,L4,True,0.6901968643684677,False,0.7707140445709229,valid,False,0.0033688498535493806,0.04258859141326848,0.22249377678957816,0.6901968643684677,0.036971064523593423,0.0002237000782049441,0.0017181447111697724,0.0020815568172507606,0.00034377823359315576,1.367321132414783e-05
P16,14,C,alpha,1799551287-α-1,P16-T14-Cα,2,57,A3,5,5,L3,L,False,57,True,L3,True,0.7381078366705895,False,0.5501391887664795,valid,False,0.003977059290619724,0.16143295773244176,0.7381078366705895,0.0881406649254257,0.0053867294576463555,0.00025145552486492364,0.001404286818336698,0.0011343712438298486,0.00016085218195446187,3.7861542908002554e-06
P16,14,C,alpha,1799551287-α-1,P16-T14-Cα,3,62,D4,8,8,R3,R,False,62,True,R3,True,0.7239032500429139,False,0.6166419982910156,valid,False,0.0002193729966818607,0.010386354643407406,0.0077304539013313585,0.0007451577341301444,3.729758103567342e-05,0.0057239421262134825,0.15160284515127145,0.7239032500429139,0.09745110370480506,0.002200222118209572
P16,14,C,alpha,1799551287-α-1,P16-T14-Cα,4,59,B3,6,6,L4,L,False,59,True,L4,True,0.712494105252459,False,0.9008393287658691,valid,False,0.0030699913733872046,0.028263391520694528,0.17015112029118212,0.712494105252459,0.08429090351463597,0.00018308212063386774,0.0010413670851535653,0.0004687376693993487,3.660343292116019e-05,6.97739533052244e-07
P16,14,C,alpha,1799551287-α-1,P16-T14-Cα,5,60,C4,7,7,L2,L,False,60,True,L2,True,0.8021156293521825,False,0.6142866611480713,valid,False,0.0062416600705216835,0.8021156293521825,0.13799987422223672,0.008734256072933363,0.000510304727765617,0.001497335068605508,0.0187200272762409,0.021965558023804926,0.0021710938586740123,4.426132703506357e-05
P16,14,C,alpha,1799551287-α-1,P16-T14-Cα,6,59,B3,6,6,L3,L,False,59,True,L3,True,0.762520415765797,False,0.507009744644165,valid,False,0.0030301338074666144,0.13289903336986608,0.762520415765797,0.08117678302107277,0.005922397090992034,0.001091801508582859,0.007496946975839093,0.005399605876589586,0.0004542321443664275,8.650439427363061e-06
P16,14,C,alpha,1799551287-α-1,P16-T14-Cα,7,57,A3,5,5,L4,L,False,57,True,L4,True,0.5980171338900995,False,0.6559488773345947,valid,False,0.0019613233138076154,0.05183162953991582,0.30541142761505946,0.5980171338900995,0.03958349276806021,0.00022632560828379764,0.0016926569783003453,0.0011619485352121607,0.00011233546612730344,1.7262851337811288e-06
P16,14,C,alpha,1799551287-α-1,P16-T14-Cα,8,59,B3,6,6,L3,L,False,59,True,L3,True,0.7481637541104372,False,0.6941549777984619,valid,False,0.0037318531897196777,0.1670492520686903,0.7481637541104372,0.06521058984125812,0.0030052963646521463,0.00046874878844690304,0.004855743345849262,0.006810840803947257,0.0006928564033373562,1.1065083661775224e-05
P16,14,C,alpha,1799551287-α-1,P16-T14-Cα,9,64,E4,9,9,R2,R,False,64,True,R2,True,0.7642630994729167,False,0.8892478942871094,valid,False,4.9046452193777714e-05,0.002889046721893527,0.0024069591357914555,0.00018502282264269115,1.1628804899842575e-05,0.02296179864456949,0.7642630994729167,0.19615636090765157,0.010938083188628961,0.00013895384881206906
P16,14,C,alpha,1799551287-α-1,P16-T14-Cα,10,65,F4,10,10,R3,R,False,65,True,R3,True,0.7756426718061975,False,1.0953359603881836,valid,False,1.516227105005651e-05,0.0005790838111418772,0.0002755802986484829,3.075603503430802e-05,2.3922497559814455e-06,0.002768122289202218,0.12463559864458496,0.7756426718061975,0.09527062898100012,0.0007800036133845505
P16,14,C,alpha,1799551287-α-1,P16-T14-Cα,11,67,G4,11,11,R2,R,False,67,True,R2,True,0.8619235934688723,False,0.7205870151519775,valid,False,3.638102736855765e-06,9.268621804844138e-05,3.3287760312518675e-05,3.809792796323056e-06,3.104992987591939e-07,0.008754897629739041,0.8619235934688723,0.12140919633061807,0.007620704634233957,0.00015787556334375102
P16,14,C,alpha,1799551287-α-1,P16-T14-Cα,12,69,A4,12,12,R1,R,False,69,True,R1,True,0.6857584201655573,False,0.7184722423553467,valid,False,6.631112943922269e-07,1.875156862005883e-05,6.066792504636918e-06,6.127447016320701e-07,5.411030899314374e-08,0.6857584201655573,0.27328778802000925,0.03553525877505834,0.005005440438075425,0.00038694427386981714
P16,14,C,alpha,1799551287-α-1,P16-T14-Cα,13,67,G4,11,11,R2,R,False,67,True,R2,True,0.8676136234275682,False,0.5979588031768799,valid,False,6.486243695754988e-06,0.00018439354622467962,6.081829617112813e-05,6.440254673359509e-06,5.694453611547309e-07,0.02305666082030311,0.8676136234275682,0.08995413676549652,0.01782682417783376,0.0012900470226722576
P16,14,C,alpha,1799551287-α-1,P16-T14-Cα,14,57,A3,5,5,L4,L,False,57,True,L4,True,0.7367589705609522,False,0.6642968654632568,valid,False,0.0028356205366228335,0.03128100002608979,0.17998025003434778,0.7367589705609522,0.04860422462008231,0.0001605651481681058,0.000303234719864713,6.855339651135789e-05,7.3501661393797135e-06,2.307912216100529e-07
P16,14,C,alpha,1799551287-α-1,P16-T14-Cα,15,59,B3,6,6,L3,L,False,59,True,L3,True,0.7614958491903818,False,0.7427310943603516,valid,False,0.003903624117344265,0.15108109914645262,0.7614958491903818,0.07483492752277698,0.003727480370023745,0.0003297507452818366,0.003272363193083942,0.001186355745577087,0.00016288523771709905,5.6647313608484776e-06
P16,14,C,alpha,1799551287-α-1,P16-T14-Cα,16,57,A3,5,5,L2,L,False,57,True,L2,True,0.7515711064931346,False,0.6892600059509277,valid,False,0.013052435824106425,0.7515711064931346,0.21749281687810268,0.014911993531061495,0.0017400722408885004,0.00016364297983436068,0.0008077721060854047,0.00023254040711916113,2.6832613710711526e-05,7.869259566901625e-07
P16,14,C,alpha,1799551287-α-1,P16-T14-Cα,17,65,F4,10,10,R1,R,False,65,True,R1,True,0.6409565334193452,False,0.7214808464050293,valid,False,1.0027164326532017e-05,0.00036995534134790414,0.00013716567678914956,1.0533299680690969e-05,6.75203697520272e-07,0.6409565334193452,0.2880003352054797,0.0655597305599386,0.004869355775454255,8.568835394041271e-05
P16,14,C,alpha,1799551287-α-1,P16-T14-Cα,18,64,E4,9,9,R3,R,False,64,True,R3,True,0.6647819937535698,False,0.5552420616149902,valid,False,6.806196230236008e-05,0.002304893642162351,0.0010221286143873459,8.159698113044407e-05,6.494167638531318e-06,0.007514678336574729,0.13640132445712405,0.6647819937535698,0.1851785751107757,0.0026402529743347145
P16,14,C,alpha,1799551287-α-1,P16-T14-Cα,19,65,F4,10,10,R4,R,False,65,True,R4,True,0.7047419426499258,False,0.4480471611022949,valid,False,1.2092308663638349e-05,0.0003754285554687711,0.00015431435292554137,1.1717094944185656e-05,9.832865774085849e-07,0.0014161793814386518,0.015182788539807634,0.263201693300218,0.7047419426499258,0.01490286053003056
P16,14,C,alpha,1799551287-α-1,P16-T14-Cα,20,64,E4,9,9,R5,R,False,64,True,R5,True,0.9237951006885837,False,0.5614197254180908,valid,False,0.00022597686783416677,0.000700783092954367,0.00016794590026550076,1.807870786526029e-05,2.1158252048737273e-06,0.0012478236125368798,0.0011315544417323342,0.006805487495291597,0.06590513336773138,0.9237951006885837
P16,14,C,alpha,1799551287-α-1,P16-T14-Cα,21,65,F4,10,10,R4,R,False,65,True,R4,True,0.5861632602342,False,0.6873078346252441,valid,False,4.635709209277422e-05,0.00019111830983621812,4.3988422961406574e-05,4.7458846783809e-06,5.73762475862972e-07,0.0034401153759079004,0.026628522288180197,0.3624883842451444,0.5861632602342,0.02099293438452285
P16,14,C,alpha,1799551287-α-1,P16-T14-Cα,22,64,E4,9,9,R5,R,False,64,True,R5,True,0.9373949490684435,False,0.7681028842926025,valid,False,3.24902271680662e-05,6.270476130515863e-05,4.905164161272912e-06,5.223822624100018e-07,6.847932011361442e-08,0.0010247561532424855,0.000667035539373736,0.004921115800429665,0.055891452424293775,0.9373949490684435
P16,14,C,alpha,1799551287-α-1,P16-T14-Cα,23,59,B3,6,6,L2,L,False,59,True,L2,True,0.7812183579561516,False,0.526414155960083,valid,False,0.01327104392525727,0.7812183579561516,0.17086174119030065,0.012192910769954515,0.001062744484509198,0.0008795449550731441,0.008439535792601895,0.010814141744941391,0.0012387620058316293,2.121717537860451e-05
P16,14,C,alpha,1799551287-α-1,P16-T14-Cα,24,57,A3,5,5,L3,L,False,57,True,L3,True,0.7696058218154419,False,0.6499791145324707,valid,False,0.0038824827264648852,0.12144830165096926,0.7696058218154419,0.09614701862866756,0.005961254169460885,0.00032041906425291756,0.0015824490942891287,0.0009745178964377994,7.65416556076926e-05,1.1932984079559837e-06
P16,14,C,alpha,1799551287-α-1,P16-T14-Cα,25,59,B3,6,6,L4,L,False,59,True,L4,True,0.6784727384068232,False,0.7178030014038086,valid,False,0.0030365101940238027,0.03654566268901548,0.20718796467767311,0.6784727384068232,0.0677894557355963,0.0005562200886287181,0.003230124302442209,0.0029028055315239707,0.00027487255327659376,3.645820996625211e-06
P16,14,C,alpha,1799551287-α-1,P16-T14-Cα,26,60,C4,7,7,L5,L,False,60,True,L5,True,0.8280646418489853,False,0.7804088592529297,valid,False,0.0022253230309888595,0.003837349766153864,0.008583162508175214,0.155810757791403,0.8280646418489853,0.0002444637351984154,0.0006622342841016332,0.0005150543470497985,5.5706613354611016e-05,1.306074589433015e-06
P16,14,C,alpha,1799551287-α-1,P16-T14-Cα,27,65,F4,10,10,R5,R,False,65,True,R5,True,0.887160285452269,False,0.6570107936859131,valid,False,7.163422911964418e-06,2.6644926875009088e-05,5.450901185258012e-06,4.751051885422116e-07,5.9354992021226006e-08,0.0017369681773733252,0.0014109297495152016,0.009658845794733696,0.09999317711495591,0.887160285452269
P16,14,C,alpha,1799551287-α-1,P16-T14-Cα,28,60,C4,7,7,L5,L,False,60,True,L5,True,0.7661807146563442,False,1.0282490253448486,valid,False,0.0029488582508737154,0.0071435783925275186,0.02045643814512188,0.20193900283264304,0.7661807146563442,0.0004947644228134293,0.0007077889717276196,0.00012068817205012779,7.946628675880605e-06,2.1952722255242373e-07
P16,14,C,alpha,1799551287-α-1,P16-T14-Cα,29,59,B3,6,6,L4,L,False,59,True,L4,True,0.6586705519919871,False,0.6957108974456787,valid,False,0.002492706926091926,0.04293433867628051,0.25415503538596496,0.6586705519919871,0.03723536107648171,0.0009701919482362804,0.0025480597446404093,0.0009410733342715577,5.172212335888559e-05,9.587926866192965e-07
P16,15,B,alpha,1799551287-α-2,P16-T15-Bα,0,57,A3,5,5,L5,L,False,57,True,L5,True,0.7740585819720437,False,1.1494600772857666,valid,False,0.0029881963030406918,0.00455134713997024,0.01572721964034746,0.20174986800716008,0.7740585819720437,0.00016458037500224613,0.000416043884848922,0.00029528334159240803,4.596531199555636e-05,2.914023998696331e-06
P16,15,B,alpha,1799551287-α-2,P16-T15-Bα,1,59,B3,6,6,L4,L,False,59,True,L4,True,0.6796932823077735,False,1.0050170421600342,valid,False,0.002571539008966846,0.03769412937614272,0.21184369622585913,0.6796932823077735,0.05387185551422938,0.0014798959222220188,0.007106089105947612,0.004941373058801953,0.0007561458096681656,4.199367038883453e-05
P16,15,B,alpha,1799551287-α-2,P16-T15-Bα,2,60,C4,7,7,L2,L,False,60,True,L2,True,0.5154403513003067,False,0.9019360542297363,valid,False,0.007217731372765381,0.5154403513003067,0.38956143720299935,0.018634628299806576,0.001624210069288674,0.005285129417185726,0.045782137577761874,0.015315315274124573,0.0011093775951475583,2.968189061362273e-05
P16,15,B,alpha,1799551287-α-2,P16-T15-Bα,3,59,B3,6,6,L4,L,False,59,True,L4,True,0.648210465922319,False,0.9727506637573242,valid,False,0.0048595933672977735,0.044430090145026864,0.2465517125794066,0.648210465922319,0.05009408592829842,0.0017495398332709698,0.003245511362184471,0.0007969617121797778,5.960607284619955e-05,2.433077169830042e-06
P16,15,B,alpha,1799551287-α-2,P16-T15-Bα,4,57,A3,5,5,L2,L,False,57,True,L2,True,0.7776236294175208,False,0.8547749519348145,valid,False,0.027010958129365006,0.7776236294175208,0.17701644543323508,0.01368421036841177,0.0015162537285146205,0.001088244840023331,0.001669751030699904,0.00036529927931398175,2.4314083484849586e-05,8.936894305597349e-07
P16,15,B,alpha,1799551287-α-2,P16-T15-Bα,5,59,B3,6,6,L1,L,False,59,True,L1,True,0.4677170305742792,False,1.1753358840942383,valid,False,0.4677170305742792,0.4677170305742792,0.04416194641953521,0.00315145256257913,0.00039371163737677705,0.003931385884503919,0.010193918662241676,0.002550325481403069,0.00017663147586964703,6.566727932218625e-06
P16,15,B,alpha,1799551287-α-2,P16-T15-Bα,6,64,E4,9,9,R2,R,False,64,True,R2,True,0.8126346474163351,False,0.995650053024292,valid,False,0.0002884542260628475,0.00047642802773896324,4.1597368138026934e-05,3.4834977840244193e-06,4.1776046892114945e-07,0.008657168813394385,0.8126346474163351,0.1707638521296873,0.006687777591506016,0.00044617316888441097
P16,15,B,alpha,1799551287-α-2,P16-T15-Bα,7,65,F4,10,10,R3,R,False,65,True,R3,True,0.7765150661809437,False,1.1454088687896729,valid,False,4.68878177862742e-05,5.473872021839437e-05,5.379370307255573e-06,4.504858211844646e-07,4.427085691172257e-08,0.0004558397074500244,0.05459864601117213,0.7765150661809437,0.16426763492516244,0.00405531251028176
P16,15,B,alpha,1799551287-α-2,P16-T15-Bα,8,67,G4,11,11,R2,R,False,67,True,R2,True,0.8442048485993946,False,0.9339051246643066,valid,False,1.0230496344097239e-05,9.08069249558834e-06,8.237818376503013e-07,8.095599494164512e-08,7.955835899084019e-09,0.0036280595185797433,0.8442048485993946,0.1395461229047527,0.01208068813812843,0.0005200569566364028
P16,15,B,alpha,1799551287-α-2,P16-T15-Bα,9,69,A4,12,12,R1,R,False,69,True,R1,True,0.8593338382614722,False,1.3573451042175293,valid,False,1.4472183276933926e-06,1.2509618824974419e-06,1.3317553104613227e-07,1.0715250856631952e-08,1.140729580245543e-09,0.8593338382614722,0.13112584126078702,0.007973770618852849,0.001318055418230327,0.0002456512289358735
P16,15,B,alpha,1799551287-α-2,P16-T15-Bα,10,67,G4,11,11,R3,R,False,67,True,R3,True,0.7771471561609802,False,0.7795310020446777,valid,False,6.844556948243574e-06,5.832145841947355e-06,5.731458836557354e-07,3.7755844336325265e-08,5.318228613755553e-09,0.001678242897302536,0.1606623379798024,0.7771471561609802,0.059759174278344956,0.0007397957608231428
P16,15,B,alpha,1799551287-α-2,P16-T15-Bα,11,65,F4,10,10,R4,R,False,65,True,R5,False,0.07959332037635633,False,1.0462279319763184,valid,False,5.4033186944008595e-05,5.039944052747349e-05,6.854870442946468e-06,5.515401801584663e-07,5.844116391375858e-08,0.00041505356023738483,0.0005933612763683832,0.005858751648388008,0.07959332037635633,0.9134276156593915
P16,15,B,alpha,1799551287-α-2,P16-T15-Bα,12,60,C4,7,7,L1,L,False,60,True,L1,True,0.5143255713760645,False,1.402202844619751,valid,False,0.5143255713760645,0.3182561215487126,0.04482905472980782,0.005169916162737018,0.0004881446379918,0.006840470202202508,0.09642741502674082,0.012972820943932333,0.0006722375339902329,1.824783782023475e-05
P16,15,B,alpha,1799551287-α-2,P16-T15-Bα,13,64,E4,9,9,R5,R,False,64,True,R5,True,0.9498058879343158,False,1.1577091217041016,valid,False,0.00012563803672498416,0.0003891686955276446,4.31211206002125e-05,2.840593230130302e-06,2.905478251454043e-07,0.0008567380792789034,0.00041216299065863167,0.0036409013139167166,0.04472325068792188,0.9498058879343158
P16,15,B,alpha,1799551287-α-2,P16-T15-Bα,14,62,D4,8,8,R4,R,False,62,True,R4,True,0.6996019584168665,False,0.8730530738830566,valid,False,0.000293187199097614,0.0001921481754386948,1.674779857810278e-05,1.8557089780699933e-06,2.2199086583971006e-07,0.002279255035642932,0.012608723793085879,0.2690253163503334,0.6996019584168665,0.015980585531112926
P16,15,B,alpha,1799551287-α-2,P16-T15-Bα,15,57,A3,5,5,L2,L,False,57,True,L2,True,0.8974447699291433,False,0.5854179859161377,valid,False,0.016437274328605315,0.8974447699291433,0.06404279813888246,0.004756687776633082,0.0006185059796467656,0.001662548019975815,0.013084850130209937,0.00182130191047758,0.00012997041657715155,1.293369848314587e-06
P16,15,B,alpha,1799551287-α-2,P16-T15-Bα,16,59,B3,6,6,L1,L,False,59,True,L1,True,0.5374314502584498,False,0.9068629741668701,valid,False,0.5374314502584498,0.3902553300982906,0.03835179058997273,0.002848524718044093,0.0003558667974781557,0.002886948526921383,0.023052437385001057,0.00460342788084479,0.0002115701234411114,2.6536215560572126e-06
P16,15,B,alpha,1799551287-α-2,P16-T15-Bα,17,64,E4,9,9,R3,R,False,64,True,R3,True,0.7873659587956923,False,0.7225401401519775,valid,False,0.0006520251646888603,0.0012127518534141807,0.0002077734750829956,1.6061874562293374e-05,1.6412692369393024e-06,0.0012267779408090271,0.15699933905511956,0.7873659587956923,0.05135238905600735,0.0009652815153864188
P16,15,B,alpha,1799551287-α-2,P16-T15-Bα,18,62,D4,8,8,R4,R,False,62,True,R4,True,0.5812889273110362,False,1.3895511627197266,valid,False,0.002156994020151048,0.004242903940232631,0.0003151356576607738,3.35488707911382e-05,3.71732084314796e-06,0.0021118001212409457,0.015803809956899558,0.3805423663899279,0.5812889273110362,0.013500796411216582
P16,15,B,alpha,1799551287-α-2,P16-T15-Bα,19,64,E4,9,9,R3,R,False,64,True,R3,True,0.8008423747435327,False,0.7760767936706543,valid,False,0.0004951097682993769,0.0005744536533974059,5.00698695555638e-05,5.54789968554653e-06,5.452119946719682e-07,0.0008919583343303615,0.084983078420453,0.8008423747435327,0.11058286559429101,0.0015739965044605253
P16,15,B,alpha,1799551287-α-2,P16-T15-Bα,20,65,F4,10,10,R1,R,False,65,True,R2,True,0.4056057374285848,False,1.0448520183563232,valid,False,4.7145753608015825e-05,3.7831302813793094e-05,3.5720400554852474e-06,3.3727281930504945e-07,4.038676312796749e-08,0.4056057374285848,0.5366690432468711,0.0527403911627322,0.0047845003419660845,0.00011140106378594415
P16,15,B,alpha,1799551287-α-2,P16-T15-Bα,21,64,E4,9,9,R2,R,False,64,True,R2,True,0.7166171626774621,False,0.59169602394104,valid,False,0.0003368752262577973,0.00035863208629007936,3.003300770678999e-05,2.724532990285139e-06,3.5269024839036664e-07,0.028748383971464064,0.7166171626774621,0.2433599820456376,0.01032472758762612,0.00022112617431661015
P16,15,B,alpha,1799551287-α-2,P16-T15-Bα,22,59,B3,6,6,L1,L,False,59,True,L1,True,0.7045738987791347,False,0.8782749176025391,valid,False,0.7045738987791347,0.23927014351160436,0.018496716339995656,0.0014298838557167055,0.00020141118201675047,0.0055008947746727635,0.025769800345400835,0.004561234092332033,0.00019351373660888034,2.503382517167967e-06
P16,15,B,alpha,1799551287-α-2,P16-T15-Bα,23,60,C4,7,7,L2,L,False,60,True,R2,False,0.06072248886068705,False,0.6242210865020752,valid,False,0.0058018474010358145,0.06072248886068705,0.006456219695287577,0.0005856950367432832,6.235221763404145e-05,0.01620053003670257,0.7537373461336425,0.14621000227922862,0.010024618925168073,0.0001988994138704672
P16,15,B,alpha,1799551287-α-2,P16-T15-Bα,24,59,B3,6,6,L3,L,False,59,True,L3,True,0.656749256462936,False,0.7833101749420166,valid,False,0.0017121823119417825,0.14363886913547275,0.656749256462936,0.036866463753040576,0.0016723742637775613,0.002602121267698351,0.13572609244675476,0.01943940703823595,0.0015640870457405574,2.9146274401555252e-05
P16,15,B,alpha,1799551287-α-2,P16-T15-Bα,25,62,D4,8,8,R1,R,False,62,True,R1,True,0.6074933907899257,False,0.8804230690002441,valid,False,0.0018080754483045074,0.0021583440751258144,0.00022076451154342424,2.649872383809352e-05,2.5020154192099647e-06,0.6074933907899257,0.3470057310474557,0.03844933096988868,0.0027437930716049273,9.156934689394352e-05
P16,15,B,alpha,1799551287-α-2,P16-T15-Bα,26,64,E4,9,9,R2,R,False,64,True,R2,True,0.6783733388050558,False,1.5156939029693604,valid,False,0.0004682220137543339,0.0005486458012745811,6.327264343901591e-05,7.296925263002682e-06,6.61962125165411e-07,0.038982741647190795,0.6783733388050558,0.27034469247789106,0.011019845499252482,0.00019128222475372562
P16,15,B,alpha,1799551287-α-2,P16-T15-Bα,27,59,B3,6,6,L3,L,False,59,True,R3,False,0.0034399577265733917,False,0.9194576740264893,valid,False,0.007566184642543408,0.026228030409865273,0.0034399577265733917,0.0003380569801177953,4.5751037154355774e-05,0.004999309427798716,0.2485040597742605,0.6235688490517072,0.08439086680394138,0.0009189341460379437
P16,15,B,alpha,1799551287-α-2,P16-T15-Bα,28,62,D4,8,8,R2,R,False,62,True,R4,False,0.028296758090748796,False,1.1874377727508545,valid,False,0.002245548585113754,0.0017812020846515056,0.00022252595440406996,2.2760890719838167e-05,3.206063125552869e-06,0.0031183015070694775,0.028296758090748796,0.2375774317973821,0.7185882079777015,0.008144057049083346
P16,15,B,alpha,1799551287-α-2,P16-T15-Bα,29,65,F4,10,10,R2,R,False,65,True,R2,True,0.8448195978256045,False,1.0405898094177246,valid,False,0.00011637274373219915,6.451375067557126e-05,7.743690554970916e-06,8.930420505333224e-07,1.1156793287538513e-07,0.008764569680315285,0.8448195978256045,0.13964774026838028,0.006383730644579875,0.00019472678617408486
P16,16,B,beta,1799551287-β-9,P16-T16-Bβ,0,62,D4,8,8,R4,R,False,62,True,R4,True,0.7961256224119838,False,1.0412969589233398,valid,False,0.0023739241847961726,0.0043918782830539745,0.0003134100100158528,2.8431914649052426e-05,3.2789139982458338e-06,0.002378948564205644,0.016842499609761568,0.16010792178897243,0.7961256224119838,0.01743408431856308
P16,16,B,beta,1799551287-β-9,P16-T16-Bβ,1,67,G4,11,11,R2,R,False,67,True,R2,True,0.8117139172619987,False,1.1095099449157715,valid,False,1.5257408042641632e-05,1.1099535253882505e-05,9.295108847344144e-07,9.134636750113326e-08,1.096445324976702e-08,0.006408726547607898,0.8117139172619987,0.170570373512419,0.010795700569365418,0.00048389334360696644
P16,16,B,beta,1799551287-β-9,P16-T16-Bβ,2,64,E4,9,9,R3,R,False,64,True,R3,True,0.690932414274335,False,0.5774190425872803,valid,False,0.00032012594935952485,0.00040577437940803116,3.2648446996205746e-05,3.2084799507310904e-06,4.008360810797324e-07,0.0021197508100290192,0.21062991118112648,0.690932414274335,0.09350753398317375,0.0020482316595400152
P16,16,B,beta,1799551287-β-9,P16-T16-Bβ,3,62,D4,8,8,R2,R,False,62,True,R2,True,0.7284247920770021,False,0.568122148513794,valid,False,0.0016080379829415947,0.0029179589543093013,0.00026471126411745403,2.4014064093388522e-05,2.8822630447311606e-06,0.0034889227625675683,0.7284247920770021,0.247369800158195,0.0156564720907831,0.00024240838294568775
P16,16,B,beta,1799551287-β-9,P16-T16-Bβ,4,59,B3,6,6,L4,L,False,59,True,L4,True,0.6318707330087809,False,0.9546737670898438,valid,False,0.003349077172016233,0.03836926044096199,0.28111014499289283,0.6318707330087809,0.04320687451626348,0.0009065299744750445,0.0010167792778182846,0.000160202736430939,1.0121163931484368e-05,2.7671642860458964e-07
P16,16,B,beta,1799551287-β-9,P16-T16-Bβ,5,59,B3,6,6,L4,L,False,59,True,L4,True,0.7483607715148918,False,1.0470960140228271,valid,False,0.002763780834344577,0.02618729196803688,0.15979063886674152,0.7483607715148918,0.057689444537169746,0.002788781558371907,0.0020509967017731433,0.0003457238916727506,2.188147646814526e-05,6.886505296208111e-07
P16,16,B,beta,1799551287-β-9,P16-T16-Bβ,6,60,C4,7,7,R4,R,False,60,True,R4,True,0.644823202257776,False,1.3204669952392578,valid,False,0.008504908903286623,0.015043879023139918,0.0016015488608658905,0.00016381315474984023,1.8151014927580066e-05,0.002582633026879314,0.022692883079556154,0.2934436710121403,0.644823202257776,0.01112530966667832
P16,16,B,beta,1799551287-β-9,P16-T16-Bβ,7,64,E4,9,9,R5,R,False,64,True,R5,True,0.973740554309019,False,0.8824141025543213,valid,False,0.00026217736544203416,0.00010658045818061514,7.307492384071076e-06,8.427374436777168e-07,1.3930356250262862e-07,0.0010485694792176333,0.0003535396717244523,0.0016545748688577735,0.022825714314168372,0.973740554309019
P16,16,B,beta,1799551287-β-9,P16-T16-Bβ,8,60,C4,7,7,L2,L,False,60,True,L2,True,0.7140641664664937,False,0.9637508392333984,valid,False,0.009045872398173766,0.7140641664664937,0.18327226375998354,0.010707804062998686,0.0007953069225768953,0.014586499059267757,0.05702675263176082,0.00988454896445932,0.0006010800415508047,1.5705692734700802e-05
P16,16,B,beta,1799551287-β-9,P16-T16-Bβ,9,59,B3,6,6,L1,L,False,59,True,L1,True,0.5643254806734376,False,0.946850061416626,valid,False,0.5643254806734376,0.378278682184103,0.03431666782075798,0.0025488217114403807,0.0002824174957300836,0.006981572515784738,0.011644180459189244,0.0015153268805638644,0.00010389559050622136,2.9546684869831195e-06
P16,16,B,beta,1799551287-β-9,P16-T16-Bβ,10,60,C4,7,7,R4,R,False,60,True,R4,True,0.715914141670326,False,1.1493220329284668,valid,False,0.0016109934365561443,0.006132240899693102,0.0006026373010025568,4.6586720135453335e-05,7.700733044280644e-06,0.004634647970677875,0.02878235324650087,0.21660699508363207,0.715914141670326,0.02566170293843174
P16,16,B,beta,1799551287-β-9,P16-T16-Bβ,11,64,E4,9,9,R5,R,False,64,True,R5,True,0.9832330049192531,False,0.8478121757507324,valid,False,0.00020570337679787765,0.000533042631780963,4.288840053383212e-05,5.3580569795494435e-06,6.43136304912496e-07,0.0006509885910233727,0.00020361750183960631,0.0011285262710353195,0.01399622711445152,0.9832330049192531
P16,16,B,beta,1799551287-β-9,P16-T16-Bβ,12,62,D4,8,8,R4,R,False,62,True,R4,True,0.6375249697801154,False,1.0458858013153076,valid,False,0.003545014706223638,0.003246551787222881,0.00029452053338494417,3.985901980464966e-05,5.182816962076238e-06,0.0036604769185831936,0.024217315051355427,0.31531289802367307,0.6375249697801154,0.012153211362674596
P16,16,B,beta,1799551287-β-9,P16-T16-Bβ,13,57,A3,5,5,L2,L,False,57,True,L2,True,0.8480861749608454,False,0.722283124923706,valid,False,0.049549999567373555,0.8480861749608454,0.08007648592950134,0.004318820152233082,0.0007430308249671871,0.0033084293676177287,0.011720403226095856,0.0021021954521848415,9.282699863323852e-05,1.6335205478735241e-06
P16,16,B,beta,1799551287-β-9,P16-T16-Bβ,14,60,C4,7,7,L1,L,False,60,True,L1,True,0.6732218734136828,False,1.5694689750671387,valid,False,0.6732218734136828,0.2196586945931543,0.019145638851766636,0.0013662570949301363,0.0002003028021767449,0.036611157412256554,0.04003132065546551,0.008953772514627801,0.0007804184361718449,3.056422576754967e-05
P16,16,B,beta,1799551287-β-9,P16-T16-Bβ,15,64,E4,9,9,R5,R,False,64,True,R4,False,0.02665404828733695,False,0.811269998550415,valid,False,0.0005092159804809425,0.0012957539158470917,0.00013794402392464157,1.3024705527560735e-05,1.5020757414510636e-06,0.0025193670426535354,0.013876504273090106,0.175149575139506,0.7798430645558918,0.02665404828733695
P16,16,B,beta,1799551287-β-9,P16-T16-Bβ,16,59,B3,6,6,L2,L,False,59,True,L2,True,0.8595179546371335,False,1.3403849601745605,valid,False,0.016355331823941523,0.8595179546371335,0.09150299593778369,0.004935093969954172,0.0005923673660706694,0.0009650034771954772,0.012646330477843814,0.012409318646847864,0.0010604258959883883,1.5177767240815951e-05
P16,16,B,beta,1799551287-β-9,P16-T16-Bβ,17,57,A3,5,5,L1,L,False,57,True,L2,True,0.47549496549242154,False,1.0300941467285156,valid,False,0.47549496549242154,0.4949002831587502,0.024639634232899922,0.002957535422901615,0.00038456451841717724,0.0006604735688306101,0.0007553886552946697,0.00019465339843542542,1.2330940271307111e-05,1.7061177761374758e-07
P16,16,B,beta,1799551287-β-9,P16-T16-Bβ,18,52,E3,2,2,L3,L,False,52,True,L3,True,0.737555711352994,False,1.7066009044647217,valid,False,0.0008957377829177292,0.14307108808014266,0.737555711352994,0.10648310793538242,0.011944082895517278,1.3654258268246274e-05,2.6005093190504205e-05,1.0001577973729596e-05,6.007859941311648e-07,1.0237619199540387e-08
P16,16,B,beta,1799551287-β-9,P16-T16-Bβ,19,55,G3,4,4,L2,L,False,55,True,L2,True,0.8931035005258386,False,0.6573810577392578,valid,False,0.012845643195378191,0.8931035005258386,0.08102052164331383,0.008977329690243006,0.001464430110480236,0.0004050207972524192,0.001813427365305059,0.0003515871982576991,1.821886790550643e-05,3.20606025411036e-07
P16,16,B,beta,1799551287-β-9,P16-T16-Bβ,20,60,C4,7,7,R4,R,False,60,True,R4,True,0.7174056294367879,False,0.9899981021881104,valid,False,0.003370543693435819,0.003846265147290956,0.0005356048617870447,7.544445506895767e-05,9.589145733374637e-06,0.00445155682855161,0.03566530343971689,0.22691100824799382,0.7174056294367879,0.007729054743633644
P16,16,B,beta,1799551287-β-9,P16-T16-Bβ,21,57,A3,5,5,L1,L,False,57,True,L2,True,0.41276690770398383,False,1.1642429828643799,valid,False,0.41276690770398383,0.5247295806994831,0.03897354355345768,0.003830069868706036,0.0005183435904973474,0.00036676373742318543,0.006912035203812938,0.010657009072552221,0.0012285333400500861,1.721323003352274e-05
P16,16,B,beta,1799551287-β-9,P16-T16-Bβ,22,60,C4,7,7,L2,L,False,60,True,L2,True,0.8375013858996814,False,0.8970329761505127,valid,False,0.00839421217441978,0.8375013858996814,0.08915914495843152,0.0036343232533323066,0.0004026944949788924,0.03494015023619044,0.021986374454378805,0.003782642798966197,0.00019601245389363738,3.05927572718291e-06
P16,16,B,beta,1799551287-β-9,P16-T16-Bβ,23,64,E4,9,9,R2,R,False,64,True,R2,True,0.6444210480949597,False,1.0369999408721924,valid,False,0.00021186155759653222,0.00020770267144608435,1.6711675265379264e-05,1.399489591772179e-06,1.8940032028917928e-07,0.011933713724631903,0.6444210480949597,0.3264746532029494,0.016254215879389914,0.0004785043038489076
P16,16,B,beta,1799551287-β-9,P16-T16-Bβ,24,59,B3,6,6,L1,L,False,59,True,L1,True,0.551458818719855,False,0.9331820011138916,valid,False,0.551458818719855,0.40044129019921787,0.0285759988514134,0.002039219556878691,0.00023517324222021923,0.008144612064291514,0.007312646283550385,0.0016695717634946387,0.00011914276065847179,3.5265584198341046e-06
P16,16,B,beta,1799551287-β-9,P16-T16-Bβ,25,62,D4,8,8,R1,R,False,62,True,R1,True,0.5865448593917856,False,0.8274569511413574,valid,False,0.0020163637718609447,0.007800978322329803,0.0009363641320118178,6.682013322742681e-05,9.043121656242004e-06,0.5865448593917856,0.36294421754090506,0.037123461373162935,0.002445498901415163,0.00011239331164509514
P16,16,B,beta,1799551287-β-9,P16-T16-Bβ,26,60,C4,7,7,L3,L,False,60,True,L3,True,0.7096368877018839,False,0.989922046661377,valid,False,0.0037133879017345935,0.1968133563780903,0.7096368877018839,0.05485829541278518,0.002731233704260814,0.004732832581872748,0.020904907027778835,0.006078472394110533,0.0005090308849559337,2.1596012527124013e-05
P16,16,B,beta,1799551287-β-9,P16-T16-Bβ,27,64,E4,9,9,R3,R,False,64,True,R3,True,0.6728518289700055,False,0.7328548431396484,valid,False,0.0005443636544905559,0.0017454825307169216,0.0002001927033491137,1.7448966480384564e-05,1.7819760365902887e-06,0.005965156133604573,0.24267454816634024,0.6728518289700055,0.0745541077597495,0.0014450891392265212
P16,16,B,beta,1799551287-β-9,P16-T16-Bβ,28,62,D4,8,8,R4,R,False,62,True,R4,True,0.7221631142315859,False,0.747208833694458,valid,False,0.0020545456065224218,0.023895488443110815,0.0017900633913096994,0.0001623908871179206,1.7803306711719057e-05,0.002368486239015719,0.022866292076946935,0.21172354013703232,0.7221631142315859,0.012958275680646664
P16,16,B,beta,1799551287-β-9,P16-T16-Bβ,29,64,E4,9,9,R5,R,False,64,True,R5,True,0.9406332922361234,False,0.7247049808502197,valid,False,0.00027822922490315346,0.0003835270459282233,3.359269533354499e-05,3.3012746205423682e-06,3.936884917873581e-07,0.0012909554782576979,0.0011571992672421024,0.0058630796433451916,0.05035642944575445,0.9406332922361234
P16,17,C,alpha,1799551287-α-4,P16-T17-Cα,0,60,C4,7,7,R1,R,False,60,True,R1,True,0.3437590520423622,True,1.0833439826965332,valid,False,0.0034183530275682657,0.01291004901116084,0.0012711741257600184,0.0001353272962340159,1.3295084471933985e-05,0.3437590520423622,0.5337571615347898,0.09947844443474839,0.0051548652726358364,0.00010227817026883173
P16,17,C,alpha,1799551287-α-4,P16-T17-Cα,1,62,D4,8,8,R2,R,False,62,True,R2,True,0.5536903202973334,False,0.7114512920379639,valid,False,0.0013717293350618473,0.0020474713455953223,0.00016473873929753573,1.9773859156807508e-05,2.0225534975588237e-06,0.21200408467513016,0.5536903202973334,0.2206561355026708,0.009743550138230006,0.00030017355402667045
P16,17,C,alpha,1799551287-α-4,P16-T17-Cα,2,59,B3,6,6,L2,L,False,59,True,L2,True,0.8047050023432157,False,0.5164031982421875,valid,False,0.016670058658175762,0.8047050023432157,0.0400639029676238,0.0020760680694954224,0.00024919383128217166,0.018433059922811572,0.08913414154032871,0.02685563728162497,0.001769108510891597,4.382687455019048e-05
P16,17,C,alpha,1799551287-α-4,P16-T17-Cα,3,57,A3,5,5,L4,L,False,57,True,L4,True,0.6975304428874225,False,0.8547470569610596,valid,False,0.0022876981982544206,0.0314658016245904,0.19430372620120298,0.6975304428874225,0.060085664831046486,0.0035856811980079246,0.008841709363704708,0.0017592799419106724,0.00013658095495401587,3.414798905831803e-06
P16,17,C,alpha,1799551287-α-4,P16-T17-Cα,4,55,G3,4,4,L5,L,False,55,True,L4,True,0.45349042406342643,False,1.0402090549468994,valid,False,0.0024858629932872234,0.0070688253293955125,0.050393906755956744,0.4851440402606366,0.45349042406342643,0.00044083188488125717,0.0008163483516532073,0.00015047334820249443,9.047447293175651e-06,2.395652674138352e-07
P16,17,C,alpha,1799551287-α-4,P16-T17-Cα,5,57,A3,5,5,L4,L,False,57,True,L4,True,0.6243209271516394,False,0.750450849533081,valid,False,0.002288787501745548,0.033210522266164506,0.26878429865258935,0.6243209271516394,0.05226771324051497,0.0007165752680978295,0.013413745233109266,0.004699433416366719,0.0002919051249739936,6.0921447983792215e-06
P16,17,C,alpha,1799551287-α-4,P16-T17-Cα,6,59,B3,6,6,L5,L,False,59,True,L5,True,0.5963878486219781,False,0.89357590675354,valid,False,0.0035640274376682796,0.012808374394438353,0.04190647210560527,0.3403039893652434,0.5963878486219781,0.0009209045964482891,0.003110816845652615,0.0008897313822017657,0.00010480830863510822,3.0269421287095524e-06
P16,17,C,alpha,1799551287-α-4,P16-T17-Cα,7,62,D4,8,8,R2,R,False,62,True,R2,True,0.79461146288688,False,0.5352308750152588,valid,False,0.0006543139356489229,0.01893957613310446,0.00560219768957621,0.0008404070017739557,0.00010516922405336386,0.01842193035053569,0.79461146288688,0.15413876517562447,0.00653945134181079,0.000146726260992172
P16,17,C,alpha,1799551287-α-4,P16-T17-Cα,8,64,E4,9,9,R3,R,False,64,True,R3,True,0.7619937690454616,False,0.47887635231018066,valid,False,0.0002971418392554633,0.0030133573706637045,0.0005045634790411195,4.958114747931006e-05,5.7044879912898195e-06,0.0019365803939970746,0.18164650391881954,0.7619937690454616,0.04947980432228696,0.0010729939950041428
P16,17,C,alpha,1799551287-α-4,P16-T17-Cα,9,65,F4,10,10,R2,R,False,65,True,R2,True,0.8933052182597078,False,0.622596025466919,valid,False,0.00012158807317563487,0.00046021156097943123,7.69136674759828e-05,7.262205649928467e-06,6.803450821072784e-07,0.004760855509226971,0.8933052182597078,0.09509993749011048,0.006015192505770881,0.0001521403828208705
P16,17,C,alpha,1799551287-α-4,P16-T17-Cα,10,64,E4,9,9,R3,R,False,64,True,R3,True,0.7530624368279806,False,0.537635087966919,valid,False,0.0005604756478663104,0.002464860118813698,0.00032114843185246676,3.2848412589968424e-05,3.821782100172853e-06,0.0011479302225755827,0.11003707742723907,0.7530624368279806,0.1295605243943245,0.0028088767346577583
P16,17,C,alpha,1799551287-α-4,P16-T17-Cα,11,59,B3,6,6,L5,L,False,59,True,L5,True,0.6533697908767602,False,0.8204441070556641,valid,False,0.0015323221641839035,0.007623816303434797,0.03745020092010582,0.29096368097027175,0.6533697908767602,0.0001911665554221326,0.005261826264728964,0.0027654992904956694,0.0007931848737135214,4.85117808832994e-05
P16,17,C,alpha,1799551287-α-4,P16-T17-Cα,12,57,A3,5,5,L4,L,False,57,True,L4,True,0.5620972759661338,False,0.7067217826843262,valid,False,0.001888715512187491,0.043331033371285195,0.3597121227168787,0.5620972759661338,0.028863296748613876,0.00034256703054656577,0.002761940755774638,0.0008906039528487395,0.00011015641147944062,2.287534251670474e-06
P16,17,C,alpha,1799551287-α-4,P16-T17-Cα,13,59,B3,6,6,L5,L,False,59,True,L5,True,0.6318303069433232,False,0.7773139476776123,valid,False,0.0024440512889452905,0.007980581867275252,0.026469683624826584,0.32850669015009476,0.6318303069433232,0.0005316278505979197,0.0012629166446950632,0.000792622953058611,0.00017548563381142329,6.033043371860236e-06
P16,17,C,alpha,1799551287-α-4,P16-T17-Cα,14,64,E4,9,9,R3,R,False,64,True,R3,True,0.785688209970358,False,0.9179511070251465,valid,False,6.890553420760765e-05,0.004749729979337465,0.004956127606522008,0.00044221785155308945,3.564492129636172e-05,0.0020710083672688335,0.13355514800175955,0.785688209970358,0.06715086076977735,0.0012821469979197875
P16,17,C,alpha,1799551287-α-4,P16-T17-Cα,15,62,D4,8,8,R5,R,False,62,True,R5,True,0.9388245525292506,False,0.7133839130401611,valid,False,6.336855983794061e-05,0.00045669500690107456,8.387220564849113e-05,1.5341894806632582e-05,2.2626624939816055e-06,0.0008146278816265341,0.0013983769132418962,0.0063653709843428,0.05197553136185014,0.9388245525292506
P16,17,C,alpha,1799551287-α-4,P16-T17-Cα,16,64,E4,9,9,R3,R,False,64,True,R3,True,0.6737295210483789,False,0.7097909450531006,valid,False,0.00026766694135277016,0.0012488462513420256,0.00016410231562743818,2.210310751990159e-05,2.350944784428635e-06,0.006361325864209011,0.26772898489925123,0.6737295210483789,0.04981225426867049,0.0006628443588637443
P16,17,C,alpha,1799551287-α-4,P16-T17-Cα,17,59,B3,6,6,L5,L,False,59,True,L5,True,0.7292049805427625,False,0.8379130363464355,valid,False,0.004562968117819125,0.005845511991532203,0.01787287518133444,0.2423333085092676,0.7292049805427625,3.97366959191327e-05,0.00010505808641519184,3.359341156539426e-05,1.931276511649422e-06,3.61868728601584e-08
P16,17,C,alpha,1799551287-α-4,P16-T17-Cα,18,62,D4,8,8,R4,R,False,62,True,R4,True,0.6503219052324144,False,0.7986729145050049,valid,False,8.306595599733729e-05,0.0004980898120778019,0.0001633334860812034,2.0598592703557493e-05,2.894819180672129e-06,0.006280612321298935,0.046841919463664956,0.2634907706015243,0.6503219052324144,0.032296809715056884
P16,17,C,alpha,1799551287-α-4,P16-T17-Cα,19,64,E4,9,9,R5,R,False,64,True,R5,True,0.9077472006656006,False,0.5494492053985596,valid,False,3.096287019461411e-05,0.0007695231647907687,0.00033285197608168385,4.1072478921580185e-05,3.6396141352767866e-06,0.0017173793634175252,0.001885664945493417,0.009672685261043307,0.0777990196603212,0.9077472006656006
P16,17,C,alpha,1799551287-α-4,P16-T17-Cα,20,59,B3,6,6,L5,L,False,59,True,L5,True,0.6750934432827789,False,1.1940200328826904,valid,False,0.0037425804777043866,0.009071482398450594,0.03959523820591,0.2711690370509374,0.6750934432827789,0.0006700937489098138,0.0005425772351586307,0.00010978524903400362,5.693685563328949e-06,6.866555286286408e-08
P16,17,C,alpha,1799551287-α-4,P16-T17-Cα,21,64,E4,9,9,R5,R,False,64,True,R5,True,0.9033860542248601,False,0.7379240989685059,valid,False,2.1434183938400933e-05,0.0006187774437847942,0.00023838935088698633,2.6414292998224744e-05,2.396250598385807e-06,0.002472229002517022,0.002915800865835984,0.011824135274245494,0.07849436911033453,0.9033860542248601
P16,17,C,alpha,1799551287-α-4,P16-T17-Cα,22,65,F4,10,10,R3,R,False,65,True,R3,True,0.6917018815666803,False,0.5495758056640625,valid,False,3.5762925403972775e-06,8.159056122622266e-05,3.3994116633664004e-05,4.249963245542363e-06,3.032827727698818e-07,0.011839084225298448,0.22693995807813244,0.6917018815666803,0.0679760240708411,0.0014193378426291493
P16,17,C,alpha,1799551287-α-4,P16-T17-Cα,23,57,A3,5,5,L4,L,False,57,True,L4,True,0.6777036373940312,False,0.6418807506561279,valid,False,0.0024077918420785513,0.041388335030873614,0.2282844499106996,0.6777036373940312,0.04935760150720843,0.00021788734886180533,0.0004548782673707408,0.00017584262798197152,9.4693247501821e-06,1.0674614401221614e-07
P16,17,C,alpha,1799551287-α-4,P16-T17-Cα,24,59,B3,6,6,L3,L,False,59,True,L3,True,0.6733647549945745,False,0.5919418334960938,valid,False,0.00526836564045201,0.22867165792315816,0.6733647549945745,0.08412360172851864,0.0055416216053306945,0.0005255268662613316,0.0015977233266039677,0.0008577469942130224,4.8549285140023354e-05,4.516357477111437e-07
P16,17,C,alpha,1799551287-α-4,P16-T17-Cα,25,57,A3,5,5,L2,L,False,57,True,L2,True,0.8596181222593562,False,0.5845677852630615,valid,False,0.018178391980917967,0.8596181222593562,0.1117750362851172,0.0086407401680614,0.0010794895027487253,0.00021501264961004156,0.000388705686603063,9.948021897835281e-05,4.954815101120582e-06,6.643350582482983e-08
P16,17,C,alpha,1799551287-α-4,P16-T17-Cα,26,59,B3,6,6,L3,L,False,59,True,L3,True,0.7334425531197492,False,0.6016912460327148,valid,False,0.004047951030107938,0.16686896000870283,0.7334425531197492,0.08803630407056409,0.003887433905891191,0.0006576090822919415,0.002176642691692999,0.0008418240491823496,4.02217862462384e-05,5.002555712217196e-07
P16,17,C,alpha,1799551287-α-4,P16-T17-Cα,27,57,A3,5,5,L4,L,False,57,True,L4,True,0.7454496315208768,False,0.6242799758911133,valid,False,0.003612399373025173,0.03447476668572973,0.13498812606640684,0.7454496315208768,0.07967211030125022,0.000284687881380854,0.0009773805813044069,0.0005071957572935013,3.3389182648874854e-05,3.12650083489557e-07
P16,17,C,alpha,1799551287-α-4,P16-T17-Cα,28,55,G3,4,4,L5,L,False,55,True,L5,True,0.5268502940722489,False,0.6845788955688477,valid,False,0.0024166806201811677,0.005210907322343373,0.025250908468927285,0.43975488081160896,0.5268502940722489,8.105147631302519e-05,0.00027575707744545425,0.0001498030956665457,9.635763402343693e-06,8.12918629947888e-08
P16,17,C,alpha,1799551287-α-4,P16-T17-Cα,29,53,F3,3,3,L4,L,False,53,True,L4,True,0.7108325368069096,False,0.8559327125549316,valid,False,0.002984549025761091,0.020868994458851594,0.16260269265610414,0.7108325368069096,0.10266743833759004,9.559068801239406e-06,2.357809252934384e-05,1.0053146672840553e-05,5.935827540794605e-07,4.824026013022293e-09
P16,18,C,gamma,1799551287-γ-1,P16-T18-Cγ,0,55,G3,4,4,L3,L,False,55,True,L3,True,0.6216862136434287,False,0.751244068145752,valid,False,0.008254713926863673,0.31460731140675746,0.6216862136434287,0.05002062827135608,0.004450238105038456,9.514551735650244e-05,0.0005061827736177429,0.0003441095392600179,3.484281481294063e-05,6.1400150854024e-07
P16,18,C,gamma,1799551287-γ-1,P16-T18-Cγ,1,60,C4,7,7,L5,L,False,60,True,L5,True,0.8222909458290718,False,1.1384899616241455,valid,False,0.0019745815564580892,0.003823666619155443,0.018188238170210657,0.14585455137032532,0.8222909458290718,0.0019277463296696181,0.004870710441489465,0.0009999120788950497,6.858204826671315e-05,1.0655564580028622e-06
P16,18,C,gamma,1799551287-γ-1,P16-T18-Cγ,2,57,A3,5,5,L2,L,False,57,True,L2,True,0.8670660475828624,False,0.5547990798950195,valid,False,0.02276251612211487,0.8670660475828624,0.09999449688548809,0.007426949085427267,0.0010461483204342841,0.0002794909563142184,0.001015177325007919,0.0003872979393354751,2.1577755669064226e-05,2.9802734642419403e-07
P16,18,C,gamma,1799551287-γ-1,P16-T18-Cγ,3,48,C3,0,0,L4,L,False,48,True,L4,True,0.7734393644452242,False,1.698969841003418,valid,False,0.0003160937584452678,0.009357185658746379,0.09662594392287858,0.7734393644452242,0.12026105712823269,1.1710954304273722e-07,1.871032481389351e-07,4.86702116392078e-08,2.166670172523251e-09,3.6799900708172973e-11
P16,18,C,gamma,1799551287-γ-1,P16-T18-Cγ,4,64,E4,9,9,R2,R,False,64,True,R2,True,0.8131273407308229,False,0.5422179698944092,valid,False,6.0443335658099125e-05,0.0005226543850792186,0.00014335522895340643,1.0516864614520388e-05,9.01670688391175e-07,0.03314486252325629,0.8131273407308229,0.14560358066618467,0.007249175425233132,0.00013716916950926112
P16,18,C,gamma,1799551287-γ-1,P16-T18-Cγ,5,69,A4,12,12,R5,R,False,69,True,R5,True,0.9510103820251001,False,0.5647540092468262,valid,False,6.773429474704625e-07,3.762513935572725e-06,9.929272355962367e-07,9.246255750864823e-08,8.703727485646301e-09,0.00012672915140607945,0.0004965650602982855,0.004653059589394726,0.04370773022339715,0.9510103820251001
P16,18,C,gamma,1799551287-γ-1,P16-T18-Cγ,6,53,F3,3,3,L2,L,False,53,True,L2,True,0.7023173657705873,False,0.5673878192901611,valid,False,0.019442637171330872,0.7023173657705873,0.2583681200446832,0.0170199364595549,0.0024038044009852535,6.0185476599878534e-05,0.00030342103420257036,8.020003487251674e-05,4.2440945205292094e-06,8.551266275885822e-08
P16,18,C,gamma,1799551287-γ-1,P16-T18-Cγ,7,53,F3,3,3,L2,L,False,53,True,L2,True,0.7227629273180837,False,0.5485398769378662,valid,False,0.011439434992573673,0.7227629273180837,0.24544705621925952,0.017515413540684022,0.0026055538491772685,3.226635892612634e-05,0.0001524494096018675,4.202386635272419e-05,2.8244646495447407e-06,4.9980691647082436e-08
P16,18,C,gamma,1799551287-γ-1,P16-T18-Cγ,8,65,F4,10,10,R2,R,False,65,True,R2,True,0.8571155000564178,False,0.5657989978790283,valid,False,2.0034283698208265e-05,4.651240873509651e-05,4.853365808202972e-06,5.156912673141582e-07,6.338899753145743e-08,0.020161994171779343,0.8571155000564178,0.11599796896662623,0.006511518477182767,0.00014103918948741404
P16,18,C,gamma,1799551287-γ-1,P16-T18-Cγ,9,50,D3,1,1,L4,L,False,50,True,L4,True,0.6907191452987468,False,0.9924490451812744,valid,False,0.0006785891100917343,0.012116363604401142,0.20804060862092585,0.6907191452987468,0.08844196876231776,1.0370105263006756e-06,2.0901216712003513e-06,1.7871013734171933e-07,1.8386468162842187e-08,3.7471357575157485e-10
P16,18,C,gamma,1799551287-γ-1,P16-T18-Cγ,10,60,C4,7,7,L2,L,False,60,True,L2,True,0.8173455697389271,False,0.7648129463195801,valid,False,0.01463369273574236,0.8173455697389271,0.12471884692638341,0.007001062893159161,0.0008403489803770248,0.005591710056619144,0.02564892441494957,0.003999070581148118,0.0002156846222156956,5.0890504784883825e-06
P16,18,C,gamma,1799551287-γ-1,P16-T18-Cγ,11,55,G3,4,4,L4,L,False,55,True,L4,True,0.5687700443716122,False,1.0817489624023438,valid,False,0.0019284595528333789,0.029078503921118038,0.3487008404881796,0.5687700443716122,0.05127149704215905,8.171187804051176e-05,0.0001503770168287437,1.730908471102806e-05,1.235198259837996e-06,2.1446257579294983e-08
P16,18,C,gamma,1799551287-γ-1,P16-T18-Cγ,12,65,F4,10,10,R2,R,False,65,True,R2,True,0.9148364958867019,False,0.6983017921447754,valid,False,4.153021649066386e-05,0.0005962295662466875,0.00016222399273337,2.7084985111701865e-05,2.3346423987834783e-06,0.020461379371219002,0.9148364958867019,0.060264629506847474,0.0035210011130414726,8.70907192089015e-05
P16,18,C,gamma,1799551287-γ-1,P16-T18-Cγ,13,67,G4,11,11,R5,R,False,67,True,R5,True,0.9055285136315542,False,0.737091064453125,valid,False,7.787844612809153e-06,4.484456726679493e-05,5.790820811534593e-06,6.950431448882992e-07,6.462541993215197e-08,0.00025778955943913154,0.0006904624957765697,0.010428875696742414,0.08303517571523178,0.9055285136315542
P16,18,C,gamma,1799551287-γ-1,P16-T18-Cγ,14,48,C3,0,0,L3,L,False,48,True,L3,True,0.6854321520443418,False,1.4024138450622559,valid,False,0.0004200043611380488,0.113882003461491,0.6854321520443418,0.1832078065447097,0.017055232794585415,3.660831899869925e-07,2.11826382297866e-06,2.9785161155710183e-07,1.8303872626824483e-08,2.9123693983191006e-10
P16,18,C,gamma,1799551287-γ-1,P16-T18-Cγ,15,50,D3,1,1,L5,L,False,50,True,L5,True,0.6378582764288455,False,1.2459051609039307,valid,False,0.0002919989583828306,0.002875144801056974,0.035806023069122554,0.3231498415598805,0.6378582764288455,2.2039934496468717e-06,1.432160345142599e-05,2.059904597647705e-06,1.2756597952557126e-07,2.1152331094445407e-09
P16,18,C,gamma,1799551287-γ-1,P16-T18-Cγ,16,62,D4,8,8,R3,R,False,62,True,R3,True,0.7810763423776521,False,0.508357048034668,valid,False,0.0003998516286157602,0.0046437361099546815,0.0010961197988085313,0.00010828160071687653,1.1413164841043058e-05,0.0023323962045362382,0.1183772629572272,0.7810763423776521,0.09004437064089435,0.0019102255167532018
P16,18,C,gamma,1799551287-γ-1,P16-T18-Cγ,17,53,F3,3,3,L4,L,False,53,True,L4,True,0.5784175715986046,False,0.8076519966125488,valid,False,0.0016860489811083693,0.03313580890142993,0.3194762267353384,0.5784175715986046,0.06655322786054417,3.0465514219605048e-05,0.000506711617622778,0.00018295248453441894,1.0877423524392436e-05,1.0888307325350444e-07
P16,18,C,gamma,1799551287-γ-1,P16-T18-Cγ,18,71,B4,13,13,R1,R,False,71,True,R1,True,0.6581804578147028,False,0.9029617309570312,valid,False,1.4157877860975868e-07,6.903918376213216e-07,1.7980439683998992e-07,1.3682575317832293e-08,1.205312998177898e-09,0.6581804578147028,0.30780890303394837,0.029063385326274383,0.004434785040589276,0.0005114421215837472
P16,18,C,gamma,1799551287-γ-1,P16-T18-Cγ,19,62,D4,8,8,L2,L,False,62,True,L2,True,0.8454969826296087,False,0.7905802726745605,valid,False,0.004419024812000874,0.8454969826296087,0.11499042046809108,0.006454959981173608,0.0004989990059165125,0.008769755466308553,0.01725754196704241,0.0019441965844543875,0.00016281329316754071,5.305792236286082e-06
P16,18,C,gamma,1799551287-γ-1,P16-T18-Cγ,20,72,C5,14,14,R3,R,False,72,True,R3,True,0.709459668706294,False,0.7906181812286377,valid,False,1.5395152608213337e-07,2.9804222758445445e-07,4.9403151034255965e-08,4.137179222027025e-09,4.047303735849538e-10,8.681838801575459e-05,0.03809653656079181,0.709459668706294,0.24827854232655563,0.004077928079528447
P16,18,C,gamma,1799551287-γ-1,P16-T18-Cγ,21,60,C4,7,7,L4,L,False,60,True,L4,True,0.6845990318226038,False,0.9322152137756348,valid,False,0.002458677923212407,0.03150455967957435,0.15660178762238566,0.6845990318226038,0.10393168881381769,0.0014039556952675871,0.016196979348328793,0.0031257022504289148,0.00017507108553342385,2.545758847453471e-06
P16,18,C,gamma,1799551287-γ-1,P16-T18-Cγ,22,62,D4,8,8,R5,R,False,62,True,R5,True,0.9544791376324763,False,0.7205319404602051,valid,False,1.580429186413391e-05,7.759524566034956e-06,7.625563016893836e-07,1.0320077307299662e-07,1.6390081151697734e-08,0.0015329479060366346,0.0007666566548459508,0.004436254659042349,0.03876055718401275,0.9544791376324763
P16,18,C,gamma,1799551287-γ-1,P16-T18-Cγ,23,57,A3,5,5,R3,R,False,57,True,R3,True,0.6639623221966761,False,0.8036599159240723,valid,False,0.006363664801145493,0.06646192988044858,0.007229901441427982,0.0008337892588259447,0.00011235792074500469,0.002758737750903567,0.09367156130149583,0.6639623221966761,0.15731110484743527,0.0012946306008962602
P16,18,C,gamma,1799551287-γ-1,P16-T18-Cγ,24,57,A3,5,5,L1,L,False,57,True,L2,True,0.40100044935813184,False,0.743380069732666,valid,False,0.40100044935813184,0.5305756493064528,0.05648429008521591,0.003434813217422958,0.0005677708060888257,0.00028931310425524644,0.0045507180906466296,0.002926511311450686,0.0001684531889580548,2.031531377028061e-06
P16,18,C,gamma,1799551287-γ-1,P16-T18-Cγ,25,59,B3,6,6,R5,R,False,59,True,R5,True,0.9227031827183191,False,0.8878591060638428,valid,False,0.0008539061541295886,0.0005640048681396168,7.046124785771583e-05,8.125951937684e-06,1.2399398655465582e-06,0.0022443232975986067,0.0031657192837425616,0.010909681046580843,0.05947935549182871,0.9227031827183191
P16,18,C,gamma,1799551287-γ-1,P16-T18-Cγ,26,69,A4,12,12,R1,R,False,69,True,R1,True,0.5563807221145886,False,0.8352351188659668,valid,False,2.3169336131174613e-07,1.3506745638950462e-06,1.8437345914579738e-07,1.4252942403899189e-08,1.6437223078782074e-09,0.5563807221145886,0.40401532560987324,0.035214319783846176,0.0040610956913451,0.0003267541622978471
P16,18,C,gamma,1799551287-γ-1,P16-T18-Cγ,27,71,B4,13,13,R1,R,False,71,True,R1,True,0.5372344761280393,False,0.8049049377441406,valid,False,1.4686470941982538e-07,4.546617744068807e-07,9.019240285865503e-08,6.698912488061027e-09,5.389918644389224e-10,0.5372344761280393,0.40603308240705616,0.050725799144758034,0.005620578755692567,0.0003853646076628088
P16,18,C,gamma,1799551287-γ-1,P16-T18-Cγ,28,62,D4,8,8,L3,L,False,62,True,L3,True,0.7450257175909132,False,0.9001247882843018,valid,False,0.0035785387239401904,0.16959593213888677,0.7450257175909132,0.07620436450646062,0.0036452273551421544,0.0010282504615877174,0.0007496301849925046,0.00016096291824908382,1.1036125377034371e-05,3.3999445069927267e-07
P16,18,C,gamma,1799551287-γ-1,P16-T18-Cγ,29,65,F4,10,10,R4,R,False,65,True,R4,True,0.7339732394855386,False,0.6834349632263184,valid,False,1.955546242330099e-05,0.0001682574117709783,3.201321535500113e-05,2.5759743437431158e-06,2.7136077854290156e-07,0.004551822368836557,0.023106440007857998,0.2188773067685106,0.7339732394855386,0.019268517944584625
P16,19,B,gamma,1799551287-γ-9,P16-T19-Bγ,0,62,D4,8,8,R2,R,False,62,True,R2,True,0.6968484016568284,False,0.8092160224914551,valid,False,0.0006475992258518386,0.007442826358664087,0.0023006572135884098,0.00033107728422856743,3.8298885043265175e-05,0.037583603790712274,0.6968484016568284,0.23664659925548628,0.01757658969895849,0.0005843466306382713
P16,19,B,gamma,1799551287-γ-9,P16-T19-Bγ,1,60,C4,7,7,L5,L,False,60,True,L5,True,0.8019232008539523,False,1.5564138889312744,valid,False,0.0024116394671167755,0.0038326804019309414,0.014410587394464144,0.17590282803608465,0.8019232008539523,0.0002202510699580255,0.0007809140999497331,0.00046770250236416314,4.81106410177889e-05,2.0855331614037447e-06
P16,19,B,gamma,1799551287-γ-9,P16-T19-Bγ,2,72,C5,14,14,R4,R,False,72,True,R4,True,0.7566989878210172,False,1.2290089130401611,valid,False,1.975010577545792e-08,1.062890066835778e-07,1.789419026640872e-08,1.8302930562165053e-09,1.798694613411612e-10,8.818106792527662e-05,0.007916629413014882,0.19421495013411158,0.7566989878210172,0.04108110562046597
P16,19,B,gamma,1799551287-γ-9,P16-T19-Bγ,3,53,F3,3,3,L1,L,False,53,True,L1,True,0.5740404534943382,False,0.9137909412384033,valid,False,0.5740404534943382,0.3847908232126441,0.03633203541162677,0.004025704273340404,0.0007208673568579032,2.756238363307579e-05,5.6858379716318945e-05,5.261705160884474e-06,4.231389120699811e-07,1.0643770243085896e-08
P16,19,B,gamma,1799551287-γ-9,P16-T19-Bγ,4,55,G3,4,4,L5,L,False,55,True,L5,True,0.7645367863098228,False,1.4718310832977295,valid,False,0.0020283683568473295,0.0038006884862617917,0.0181515097980195,0.21106645207735394,0.7645367863098228,0.00012844071860318226,0.0002496181495104605,3.608236054792708e-05,2.0158455571176675e-06,3.789747574530737e-08
P16,19,B,gamma,1799551287-γ-9,P16-T19-Bγ,5,64,E4,9,9,R1,R,False,64,True,R1,True,0.3736761698358883,True,0.8340027332305908,valid,False,3.9904553635001765e-05,0.0017014440955633358,0.0007009625743749759,6.075603194039661e-05,5.6331386591610354e-06,0.3736761698358883,0.5574593390811721,0.06176825542877308,0.0044078611256803835,0.00017967413431329484
P16,19,B,gamma,1799551287-γ-9,P16-T19-Bγ,6,57,A3,5,5,R3,R,False,57,True,R3,True,0.6869315180084508,False,0.8550820350646973,valid,False,0.013596146262092757,0.00481740116172162,0.0004370247735654233,4.2947991496208365e-05,5.365501691124225e-06,0.004876890644833363,0.1369728943684767,0.6869315180084508,0.15024008851057755,0.0020797227770946976
P16,19,B,gamma,1799551287-γ-9,P16-T19-Bγ,7,60,C4,7,7,L4,L,False,60,True,L4,True,0.6623374542891871,False,1.2460191249847412,valid,False,0.003156218132489005,0.03914794971170796,0.2603340914705189,0.6623374542891871,0.03297584011929272,0.0018328123251775505,0.00019706437553494897,1.7176298764449764e-05,1.327809317762361e-06,6.546800954964217e-08
P16,19,B,gamma,1799551287-γ-9,P16-T19-Bγ,8,55,G3,4,4,L3,L,False,55,True,L3,True,0.7105401927728155,False,0.7857608795166016,valid,False,0.006077012140037074,0.1642252304032265,0.7105401927728155,0.10842140315972058,0.010518052275528485,8.638128888972787e-05,0.00010854388848947563,2.1623502343346543e-05,1.5430805794767005e-06,1.7488369738153012e-08
P16,19,B,gamma,1799551287-γ-9,P16-T19-Bγ,9,57,A3,5,5,R3,R,False,57,True,R3,True,0.6009742094419381,False,0.9434008598327637,valid,False,0.006976482427609373,0.018634128526328005,0.003079034609072124,0.0005720900719825709,6.82051137450391e-05,0.002923234147737946,0.2492738324378636,0.6009742094419381,0.11657700256328249,0.0009217806604406213
P16,19,B,gamma,1799551287-γ-9,P16-T19-Bγ,10,60,C4,7,7,R2,R,False,60,True,R2,True,0.7167758590690897,False,0.7020878791809082,valid,False,0.0004908129527291724,0.028835050372982122,0.06678756543792781,0.006692610723057707,0.0004393675340103679,0.003880759126087352,0.7167758590690897,0.16589112917232557,0.010087849953937243,0.00011899565785312244
P16,19,B,gamma,1799551287-γ-9,P16-T19-Bγ,11,69,A4,12,12,R1,R,False,69,True,R1,True,0.6873466931418573,False,1.1041080951690674,valid,False,7.531817913226032e-08,6.707183960370148e-07,1.4669408601081846e-07,1.2785981441140041e-08,1.159918067136639e-09,0.6873466931418573,0.2631801590025355,0.04179759545519282,0.006909096059079013,0.0007655496647747087
P16,19,B,gamma,1799551287-γ-9,P16-T19-Bγ,12,60,C4,7,7,R4,R,False,60,True,R4,True,0.7122278377600743,False,0.905803918838501,valid,False,0.0002983068615845269,0.00348475540641986,0.0008944000301048261,0.00012598377591230083,1.0980853178911595e-05,0.006100665460277416,0.026020649402780573,0.2232735847776815,0.7122278377600743,0.027562835671985864
P16,19,B,gamma,1799551287-γ-9,P16-T19-Bγ,13,53,F3,3,3,L5,L,False,53,True,L5,True,0.7740834223344966,False,0.8406810760498047,valid,False,0.002704821891570369,0.0027734319843770107,0.014115566570399776,0.20629359673582398,0.7740834223344966,1.3755449936211984e-05,1.0626076314959272e-05,4.350009032850071e-06,4.145485954977616e-07,1.4399452809792413e-08
P16,19,B,gamma,1799551287-γ-9,P16-T19-Bγ,14,59,B3,6,6,R2,R,False,59,True,L4,False,0.010854526053805671,False,0.9590561389923096,valid,False,0.004634502660271472,0.03756371622249125,0.20584686073146355,0.6693536532725731,0.06577978354447435,0.003367417099301644,0.010854526053805671,0.002369769076025491,0.00022454313552296414,5.228204070482011e-06
P16,19,B,gamma,1799551287-γ-9,P16-T19-Bγ,15,62,D4,8,8,R4,R,False,62,True,R4,True,0.6933462548390581,False,0.8966372013092041,valid,False,6.162379607948887e-05,0.0023548130951921644,0.0010217629529891798,0.00011321456228882587,7.457981488269114e-06,0.005938933196169521,0.03557155692389819,0.24263958202574393,0.6933462548390581,0.0189448006270922
P16,19,B,gamma,1799551287-γ-9,P16-T19-Bγ,16,62,D4,8,8,L1,L,False,62,True,L1,True,0.46259551351843786,False,1.50667405128479,valid,False,0.46259551351843786,0.46259551351843786,0.06015069828094592,0.0032441489519826,0.00021370751553452633,0.006525864115659262,0.0035068646246686494,0.0011016984686190094,6.436746672113628e-05,1.6235389933145462e-06
P16,19,B,gamma,1799551287-γ-9,P16-T19-Bγ,17,55,G3,4,4,L3,L,False,55,True,L3,True,0.6982920826576128,False,0.980334997177124,valid,False,0.005877846508567521,0.1392381702815216,0.6982920826576128,0.1409827400318081,0.01541263442230932,9.817574234886364e-05,7.837578944172958e-05,1.884773506073471e-05,1.101191472845897e-06,2.5639856356794266e-08
P16,19,B,gamma,1799551287-γ-9,P16-T19-Bγ,18,50,D3,1,1,L1,L,False,50,True,L1,True,0.5767419041241736,False,1.1401991844177246,valid,False,0.5767419041241736,0.371442791820809,0.0445848832010937,0.005797314887303405,0.0014296002502224956,1.4044664442177799e-06,1.590666789573869e-06,4.795774567897268e-07,3.035330530564095e-08,6.524018437452494e-10
P16,19,B,gamma,1799551287-γ-9,P16-T19-Bγ,19,59,B3,6,6,R2,R,False,59,True,R2,True,0.6166503878509791,False,0.9417018890380859,valid,False,0.0026117973570659657,0.06783458158095798,0.011294345824476408,0.0008388714779739841,9.670809939453665e-05,0.009097835758116813,0.6166503878509791,0.27707887999556335,0.014357927532801743,0.0001386645226698986
P16,19,B,gamma,1799551287-γ-9,P16-T19-Bγ,20,64,E4,9,9,R4,R,False,64,True,R4,True,0.6726719266165263,False,1.0167620182037354,valid,False,3.223844238725056e-05,9.338783066152634e-05,1.169326471600209e-05,7.110681596733394e-07,1.175387762437725e-07,0.006503186775211381,0.03176579961613001,0.28080052591036425,0.6726719266165263,0.008120412937067278
P16,19,B,gamma,1799551287-γ-9,P16-T19-Bγ,21,60,C4,7,7,R1,R,False,60,True,R1,True,0.21466105304817362,True,1.0102620124816895,valid,False,0.00072783426606356,0.000894992703457121,8.450541081948338e-05,7.666157911424504e-06,1.217519467621647e-06,0.21466105304817362,0.6321080133211485,0.14389160696131056,0.007456307262978569,0.00016680334866956412
P16,19,B,gamma,1799551287-γ-9,P16-T19-Bγ,22,52,E3,2,2,L4,L,False,52,True,L4,True,0.6455512076763592,False,0.9659359455108643,valid,False,0.0015604234649034842,0.018654651180564894,0.2471769649519201,0.6455512076763592,0.08705218544876744,2.2593057621458346e-06,1.9306559514134325e-06,3.5982402602907144e-07,1.7212142522458175e-08,2.7960289778297206e-10
P16,19,B,gamma,1799551287-γ-9,P16-T19-Bγ,23,59,B3,6,6,L4,L,False,59,True,L4,True,0.7027342189532693,False,1.416968822479248,valid,False,0.002996575954691315,0.0379820183264035,0.20699054289302185,0.7027342189532693,0.044439726423791966,0.00259276708796232,0.0018410988290148622,0.00039652299422105315,2.612085486873391e-05,4.0768275528323e-07
P16,19,B,gamma,1799551287-γ-9,P16-T19-Bγ,24,62,D4,8,8,L3,L,False,62,True,L3,True,0.7376163523149443,False,1.9552648067474365,valid,False,0.002790398399334477,0.12192716297172236,0.7376163523149443,0.10389947463262425,0.005383958270277685,0.012870243538371998,0.01227509339015342,0.003075365763366399,0.00015936212376772035,2.588595437521314e-06
P16,19,B,gamma,1799551287-γ-9,P16-T19-Bγ,25,64,E4,9,9,R3,R,False,64,True,R3,True,0.7550143941298985,False,0.9708418846130371,valid,False,0.000153345375420454,0.0006990153878411901,9.6978770441524e-05,9.530451498790849e-06,1.0560041266850636e-06,0.003825003447675591,0.14210373729578848,0.7550143941298985,0.0971987910339085,0.0008981481034003831
P16,19,B,gamma,1799551287-γ-9,P16-T19-Bγ,26,53,F3,3,3,L5,L,False,53,True,L5,True,0.5481877123388378,False,0.9348869323730469,valid,False,0.002048950146065192,0.00437942410440789,0.031445521314383745,0.4136220138050298,0.5481877123388378,0.00013016584312061606,0.00015691913647235004,2.7889170692998808e-05,1.3888479991048528e-06,1.5292990416596258e-08
P16,19,B,gamma,1799551287-γ-9,P16-T19-Bγ,27,65,F4,10,10,R5,R,False,65,True,R5,True,0.9445759966690087,False,0.8073170185089111,valid,False,2.5493328702063243e-05,2.353506472514936e-05,2.8249521460822146e-06,2.183821924176285e-07,3.076097078122298e-08,0.0004008423966812046,0.00046346070725955963,0.004606869967314239,0.04990072777099982,0.9445759966690087
P16,19,B,gamma,1799551287-γ-9,P16-T19-Bγ,28,64,E4,9,9,R3,R,False,64,True,R3,True,0.7983717589188285,False,0.7610979080200195,valid,False,0.00012502370228582616,0.00042121556167015766,5.6279459658985856e-05,4.905365623697438e-06,4.4500472951807376e-07,0.0020138866605693725,0.13507575471811528,0.7983717589188285,0.06334807996376303,0.0005826506447556167
P16,19,B,gamma,1799551287-γ-9,P16-T19-Bγ,29,57,A3,5,5,L5,L,False,57,True,L5,True,0.6472917315181927,False,1.0388050079345703,valid,False,0.003629977671504136,0.009360978234624381,0.03361532421213839,0.30459123415625716,0.6472917315181927,0.0005845596441427615,0.00078537318166945,0.00013455185148254873,6.194656610524425e-06,7.487337775066249e-08
P16,20,B,beta,1799551287-β-2,P16-T20-Bβ,0,57,A3,5,5,L1,L,False,57,True,L1,True,0.5335181119063881,False,1.1871659755706787,valid,False,0.5335181119063881,0.4196802112091882,0.03514537460387149,0.003318434114415202,0.0003394234009307359,0.0009265307083270477,0.006225344414793464,0.0007862291570626858,5.839605279148521e-05,1.944432231581093e-06
P16,20,B,beta,1799551287-β-2,P16-T20-Bβ,1,60,C4,7,7,R5,R,False,60,True,R5,True,0.9719572804469746,False,0.9585070610046387,valid,False,0.0007321325047232652,0.000697196387588481,6.851598887872819e-05,1.0454861989042624e-05,1.595308496581638e-06,0.0007583087382852202,0.0003744141293586633,0.0018811445242962342,0.023518957109409128,0.9719572804469746
P16,20,B,beta,1799551287-β-2,P16-T20-Bβ,2,60,C4,7,7,R5,R,False,60,True,R5,True,0.9439005330847129,False,1.1287367343902588,valid,False,0.00037608132485676866,0.0004916544203736932,4.831664276835684e-05,7.083556216606148e-06,1.1249921660050659e-06,0.0014219039361997572,0.0009102353382345979,0.005787942572973859,0.0470551241314975,0.9439005330847129
P16,20,B,beta,1799551287-β-2,P16-T20-Bβ,3,60,C4,7,7,L2,L,False,60,True,L2,True,0.8100020040221226,False,0.7125587463378906,valid,False,0.015953793772161336,0.8100020040221226,0.12864243342024112,0.008474288710373283,0.0005810239631971801,0.004604912935972424,0.026579428254384207,0.004840590521036901,0.0003106643058044042,1.086009470652454e-05
P16,20,B,beta,1799551287-β-2,P16-T20-Bβ,4,64,E4,9,9,R3,R,False,64,True,R3,True,0.7907433809263358,False,1.0092718601226807,valid,False,0.00038293011705547926,0.000797200003229009,0.00019262181725743845,1.1713344770408135e-05,1.0603497014839154e-06,0.0012621912137943466,0.13579633789751433,0.7907433809263358,0.06983418746240153,0.0009783768679400518
P16,20,B,beta,1799551287-β-2,P16-T20-Bβ,5,59,B3,6,6,L5,L,False,59,True,L4,True,0.44034743031631535,False,0.9626901149749756,valid,False,0.0037906770698980007,0.011069785150879497,0.05336666145425723,0.4907271815356861,0.44034743031631535,0.00025340602013091383,0.00036278735203617234,7.821990062674953e-05,3.751846558999405e-06,9.935361094202475e-08
P16,20,B,beta,1799551287-β-2,P16-T20-Bβ,6,57,A3,5,5,L4,L,False,57,True,L4,True,0.649259020680114,False,1.0498549938201904,valid,False,0.002706974916553739,0.03270269664170694,0.24859666017358384,0.649259020680114,0.057772248017647375,0.0012887000226471889,0.006135410313047158,0.0014492847017822349,8.752943559113004e-05,1.4750973264158389e-06
P16,20,B,beta,1799551287-β-2,P16-T20-Bβ,7,60,C4,7,7,R3,R,False,60,True,R3,True,0.6871984070786951,False,0.7417919635772705,valid,False,0.0008148628352939291,0.043142949471798975,0.018590243556401344,0.002307507677712898,0.000252572807710747,0.002570036656476457,0.1868521018986758,0.6871984070786951,0.05754821123058888,0.0007231067866457298
P16,20,B,beta,1799551287-β-2,P16-T20-Bβ,8,60,C4,7,7,R3,R,False,60,True,R3,True,0.764693790357861,False,0.9453380107879639,valid,False,0.0026099742256623097,0.013995289795541422,0.001895486397332796,0.0002464676527327755,3.079125615599217e-05,0.004390642095719451,0.1422225771806895,0.764693790357861,0.06928743915399568,0.0006275418843089163
P16,20,B,beta,1799551287-β-2,P16-T20-Bβ,9,65,F4,10,10,R1,R,False,65,True,R2,True,0.4706497476486421,False,0.8591349124908447,valid,False,6.202295829252633e-06,8.644902691239099e-05,1.1726713692543084e-05,7.724943847250136e-07,6.733126832223145e-08,0.4706497476486421,0.48985732822363537,0.0363834565816828,0.0029273986087508855,7.685107520160467e-05
P16,20,B,beta,1799551287-β-2,P16-T20-Bβ,10,60,C4,7,7,L5,L,False,60,True,L5,True,0.5837940720746122,False,1.3592357635498047,valid,False,0.0022468928456657157,0.013159899317455627,0.05796630976302004,0.3423175797483106,0.5837940720746122,0.00042495248419765835,7.80464048152791e-05,1.0993493340844847e-05,1.1703508589696197e-06,8.351772312247895e-08
P16,20,B,beta,1799551287-β-2,P16-T20-Bβ,11,57,A3,5,5,L4,L,False,57,True,L4,True,0.7114343090222662,False,0.9826140403747559,valid,False,0.002630787117994544,0.02752808691864009,0.16380526369073614,0.7114343090222662,0.08424602855652653,0.00035701425104260154,0.004266859591281959,0.005146660766805611,0.000574028590944577,1.0961493761749089e-05
P16,20,B,beta,1799551287-β-2,P16-T20-Bβ,12,52,E3,2,2,L3,L,False,52,True,L3,True,0.6747870198053382,False,1.0343339443206787,valid,False,0.0015274767601603117,0.2412901869300085,0.6747870198053382,0.07382566571913195,0.008522159468498365,9.98058499262123e-06,2.7525838230038333e-05,9.486117824734719e-06,4.921616504162834e-07,6.6141648769809e-09
P16,20,B,beta,1799551287-β-2,P16-T20-Bβ,13,55,G3,4,4,L4,L,False,55,True,L4,True,0.5406206291237992,False,0.9235730171203613,valid,False,0.002322529076467663,0.04432899002851647,0.36982166120487636,0.5406206291237992,0.04199332047510176,0.00017996226816044145,0.0005385726902524325,0.00018397225489996883,1.0233915710706984e-05,1.2896221493949167e-07
P16,20,B,beta,1799551287-β-2,P16-T20-Bβ,14,60,C4,7,7,R2,R,False,60,True,R2,True,0.7617404668988215,False,0.7507438659667969,valid,False,0.0006611952346932778,0.019957967124395643,0.011563043673811649,0.0012529351257549255,0.00010583908319204302,0.028600137203641032,0.7617404668988215,0.16660169488330231,0.009352146630038883,0.00016457414234897466
P16,20,B,beta,1799551287-β-2,P16-T20-Bβ,15,57,A3,5,5,L5,L,False,57,True,L5,True,0.800041657832054,False,0.9698572158813477,valid,False,0.0029846966378998295,0.004964140210705084,0.017264047117174518,0.17441038562767935,0.800041657832054,0.00019210939434165236,0.00012911170061612155,1.2838122663758255e-05,9.924477403010755e-07,2.0909125314477852e-08
P16,20,B,beta,1799551287-β-2,P16-T20-Bβ,16,62,D4,8,8,R1,R,False,62,True,R2,True,0.4358588084231722,False,0.7571649551391602,valid,False,0.0005627171631653481,0.0014294908858679565,0.00020135582890438614,1.6862186604243626e-05,1.6571075387288539e-06,0.4358588084231722,0.4914294342302649,0.06650774167236125,0.003885759099002689,0.00010617340311819113
P16,20,B,beta,1799551287-β-2,P16-T20-Bβ,17,67,G4,11,11,R2,R,False,67,True,R2,True,0.811250647326592,False,1.012953281402588,valid,False,1.177017283224064e-05,2.1894974973585658e-05,3.2101971250758148e-06,3.5569998042408406e-07,2.2512880766529913e-08,0.06495748800192276,0.811250647326592,0.11893499293083172,0.004657957586741862,0.00016166059611947393
P16,20,B,beta,1799551287-β-2,P16-T20-Bβ,18,60,C4,7,7,R1,R,False,60,True,R1,True,0.04190741385724994,True,1.0644469261169434,valid,False,0.003554414175610721,0.040370068243601176,0.006402182636938909,0.0003893171270903378,3.531516997346773e-05,0.04190741385724994,0.6369167582505383,0.25382345574866183,0.01606493536548782,0.0005361394248476148
P16,20,B,beta,1799551287-β-2,P16-T20-Bβ,19,59,B3,6,6,L3,L,False,59,True,R3,False,0.004428644422181893,False,1.2237889766693115,valid,False,0.006059376598571959,0.04586277402510354,0.004428644422181893,0.0003860044186597279,4.6913931330073706e-05,0.005828183589026244,0.2528683549170395,0.5829454054060815,0.10029276288936229,0.0012815798026432458
P16,20,B,beta,1799551287-β-2,P16-T20-Bβ,20,64,E4,9,9,R4,R,False,64,True,R4,True,0.7226357175286807,False,1.5000109672546387,valid,False,0.0002033735133275219,0.0003076700807778094,3.5540060522256086e-05,3.355700446921515e-06,3.427665996860698e-07,0.0024126499960017704,0.008934095871096259,0.21116463678417138,0.7226357175286807,0.05430261769837579
P16,20,B,beta,1799551287-β-2,P16-T20-Bβ,21,60,C4,7,7,R3,R,False,60,True,R3,True,0.7046404691336976,False,0.8162686824798584,valid,False,0.005331543096892922,0.02153145444045507,0.0024096997159760276,0.00021860302627542375,2.3228938348579978e-05,0.006046636339930876,0.1669677671558843,0.7046404691336976,0.09176028519693313,0.001070312955606204
P16,20,B,beta,1799551287-β-2,P16-T20-Bβ,22,65,F4,10,10,R4,R,False,65,True,R4,True,0.8890510465746998,False,0.7585799694061279,valid,False,4.7408630142876075e-05,5.3247317171706596e-05,6.158972323743689e-06,5.587293635761652e-07,6.188193680815635e-08,0.0003939610631762227,0.005136438475129013,0.06603300244430135,0.8890510465746998,0.03927811591175515
P16,20,B,beta,1799551287-β-2,P16-T20-Bβ,23,62,D4,8,8,R3,R,False,62,True,R3,True,0.8258400422346514,False,0.5835258960723877,valid,False,0.0011644583803988918,0.002478318293428355,0.00023607661219279057,2.229040641467021e-05,2.5648122787980836e-06,0.001883463778455648,0.1174263638931735,0.8258400422346514,0.05020503907242983,0.0007413825165761598
P16,20,B,beta,1799551287-β-2,P16-T20-Bβ,24,62,D4,8,8,R3,R,False,62,True,R3,True,0.7495346603100267,False,0.6006371974945068,valid,False,0.0008664186313315263,0.0021657009756557233,0.00023210917434035426,2.1056469235852353e-05,2.3307693739591983e-06,0.0022865490953020845,0.17053015089511672,0.7495346603100267,0.07365945860341346,0.0007015650762034951
P16,20,B,beta,1799551287-β-2,P16-T20-Bβ,25,57,A3,5,5,L4,L,False,57,True,L4,True,0.6348533773917511,False,1.082144021987915,valid,False,0.0021671091067137177,0.039342884915905416,0.26332633236543634,0.6348533773917511,0.055334360926979576,0.0001226093665606095,0.0029826050270532222,0.001807467469570492,6.253916420585184e-05,7.142658236345652e-07
P16,20,B,beta,1799551287-β-2,P16-T20-Bβ,26,52,E3,2,2,L2,L,False,52,True,L5,False,0.0033824999649749105,False,0.5606479644775391,valid,False,0.0012665581387601506,0.0033824999649749105,0.036107096219403056,0.4096750974658881,0.5492789429011431,2.1472490143468293e-05,0.00022614454412566698,3.9176894515027065e-05,2.961818798667366e-06,4.9562247881212097e-08
P16,20,B,beta,1799551287-β-2,P16-T20-Bβ,27,55,G3,4,4,L4,L,False,55,True,L4,True,0.7528281146658465,False,1.180091142654419,valid,False,0.0015383023216649036,0.024336715154085704,0.14768698807164451,0.7528281146658465,0.06728137945614503,0.00011958424737104209,0.00423773949099037,0.0018206994929217527,0.00014855993555533246,1.9171637748392387e-06
P16,20,B,beta,1799551287-β-2,P16-T20-Bβ,28,59,B3,6,6,L2,L,False,59,True,L2,True,0.8196110662860514,False,0.5949018001556396,valid,False,0.004521437247135429,0.8196110662860514,0.08383326773034457,0.007020468251673208,0.0006119099904776437,0.0015414607187001865,0.06386174409317631,0.01761639351677646,0.001361830728361432,2.0421437303630973e-05
P16,20,B,beta,1799551287-β-2,P16-T20-Bβ,29,64,E4,9,9,R1,R,False,64,True,R2,True,0.41053500645232616,False,0.8763391971588135,valid,False,0.0003654558970921692,0.0007381243311882151,8.521832405958372e-05,9.072215325089777e-06,6.474048032873079e-07,0.41053500645232616,0.5014285892021743,0.0796355979135138,0.006941106520825842,0.0002611817386916003
P16,21,B,gamma,1799551287-γ-2,P16-T21-Bγ,0,65,F4,10,10,R1,R,False,65,True,R1,True,0.7022308924152407,False,1.1824300289154053,valid,False,4.5443008122619424e-05,7.36168522351709e-05,9.225925734401695e-06,7.72608780072847e-07,8.845730999292047e-08,0.7022308924152407,0.2688792130177499,0.026423724357733214,0.0022128079098756555,0.00012421544721836496
P16,21,B,gamma,1799551287-γ-2,P16-T21-Bγ,1,48,C3,0,0,L4,L,False,48,True,L4,True,0.6847714378470596,False,1.3048880100250244,valid,False,0.00022595986043627664,0.00661331549070118,0.08903994730961931,0.6847714378470596,0.21934923884223065,5.149193780372619e-08,3.943188201884014e-08,8.887054552254968e-09,8.06215399751928e-10,3.286311657518806e-11
P16,21,B,gamma,1799551287-γ-2,P16-T21-Bγ,2,53,F3,3,3,L1,L,False,53,True,L2,True,0.4114573618428657,False,0.9084610939025879,valid,False,0.4114573618428657,0.5230648216362297,0.057957234265525084,0.006421844606565858,0.0010615237737971283,1.1805917926894388e-05,2.2206954313075873e-05,2.9667310121097553e-06,2.293423708562325e-07,4.92939349072163e-09
P16,21,B,gamma,1799551287-γ-2,P16-T21-Bγ,3,55,G3,4,4,L4,L,False,55,True,L4,True,0.6400252592562765,False,1.568471908569336,valid,False,0.002121183334079779,0.028624357278730698,0.26284024218230423,0.6400252592562765,0.06575850404964083,0.00014427451082429354,0.00041357777159284315,6.730691108859322e-05,5.20314329174395e-06,9.156217055100014e-08
P16,21,B,gamma,1799551287-γ-2,P16-T21-Bγ,4,62,D4,8,8,L2,L,False,62,True,R2,False,0.006539595774655229,False,0.7125680446624756,valid,False,0.0008855660497812868,0.006539595774655229,0.001083169791999431,7.426553742411409e-05,7.0078177056797094e-06,0.01579813247159149,0.5781837559675874,0.3723713969217734,0.024529874327638444,0.0005272353398434165
P16,21,B,gamma,1799551287-γ-2,P16-T21-Bγ,5,55,G3,4,4,L5,L,False,55,True,L5,True,0.7747858525434141,False,1.6187589168548584,valid,False,0.002384974147903161,0.004849419458750058,0.02015011772875252,0.19702771844844222,0.7747858525434141,0.00019636361660170567,0.0005256821559330737,7.52143435040562e-05,4.573788938796319e-06,8.376776019904712e-08
P16,21,B,gamma,1799551287-γ-2,P16-T21-Bγ,6,59,B3,6,6,L2,L,False,59,True,L2,True,0.8804332671228428,False,0.9259772300720215,valid,False,0.018181673483517867,0.8804332671228428,0.0798711040012949,0.005055183413078729,0.0005601302882700058,0.0022268351489853717,0.011681511734153148,0.0018596980490225474,0.00012750676401554283,3.0899948192607883e-06
P16,21,B,gamma,1799551287-γ-2,P16-T21-Bγ,7,59,B3,6,6,R4,R,False,59,True,R4,True,0.7101640483335789,False,1.0357708930969238,valid,False,0.006748044507638283,0.004243956612051575,0.00035540261596652686,2.9762561444941432e-05,4.7066921980722265e-06,0.004495357599643992,0.04524002833570111,0.20905057312028594,0.7101640483335789,0.019668119621490766
P16,21,B,gamma,1799551287-γ-2,P16-T21-Bγ,8,52,E3,2,2,L5,L,False,52,True,L5,True,0.8087067148604952,False,0.8368799686431885,valid,False,0.0010494739647041553,0.0017717066059740865,0.011602684519837668,0.17680442959634954,0.8087067148604952,2.032744711199373e-05,3.764651681973373e-05,6.574454457163532e-06,4.330905728532186e-07,8.94367770783956e-09
P16,21,B,gamma,1799551287-γ-2,P16-T21-Bγ,9,60,C4,7,7,R1,R,False,60,True,R1,True,0.6384305240161984,False,0.8289082050323486,valid,False,0.005374623322078426,0.024011591707607322,0.0028835231379537797,0.00023200713773293902,2.371405172028858e-05,0.6384305240161984,0.28686532601701337,0.03882300014727575,0.0031236833246868455,0.00023200713773293902
P16,21,B,gamma,1799551287-γ-2,P16-T21-Bγ,10,57,A3,5,5,L1,L,False,57,True,L1,True,0.545710624770082,False,0.9552860260009766,valid,False,0.545710624770082,0.3962672446976773,0.02716933218449782,0.0033942704351030873,0.00039144464876418063,0.006861814037420416,0.015790910219328956,0.004064508924288468,0.00033324275352183567,1.6607329315820848e-05
P16,21,B,gamma,1799551287-γ-2,P16-T21-Bγ,11,50,D3,1,1,L3,L,False,50,True,L3,True,0.6979838524552627,False,1.6058428287506104,valid,False,0.000504450118949593,0.13305040216349545,0.6979838524552627,0.15098541334071008,0.017468131882780933,3.015559682020902e-06,3.876668226172993e-06,7.992761666751328e-07,5.7037361980099066e-08,1.4973644455970128e-09
P16,21,B,gamma,1799551287-γ-2,P16-T21-Bγ,12,55,G3,4,4,L3,L,False,55,True,L3,True,0.7473840416090785,False,0.7714056968688965,valid,False,0.0019802630052241648,0.1583842569032768,0.7473840416090785,0.07999397788525954,0.009715369038927061,0.0007189845077015387,0.0014972696534312053,0.00030413495351032393,2.0852451701232515e-05,8.4999188969467e-07
P16,21,B,gamma,1799551287-γ-2,P16-T21-Bγ,13,69,A4,12,12,R5,R,False,69,True,R5,True,0.9828913755658185,False,0.9965088367462158,valid,False,1.2208508934228876e-06,4.6685054252234704e-07,2.9547796395896994e-08,4.1620559420225915e-09,5.411867687450907e-10,2.2559510251099753e-05,0.00010719591136664657,0.0010105539148415952,0.015966593145246913,0.9828913755658185
P16,21,B,gamma,1799551287-γ-2,P16-T21-Bγ,14,50,D3,1,1,L5,L,False,50,True,L5,True,0.8029329770996343,False,0.8781239986419678,valid,False,0.00021929566387326484,0.0017656487085583683,0.019458251949277576,0.17561098651762044,0.8029329770996343,7.172840073843606e-06,4.738726657623659e-06,8.834032717979354e-07,4.398205908939859e-08,1.1089736909702467e-09
P16,21,B,gamma,1799551287-γ-2,P16-T21-Bγ,15,65,F4,10,10,R3,R,False,65,True,R3,True,0.7799970779974504,False,0.8336279392242432,valid,False,5.9478265605462546e-05,0.00010060911543385025,9.845804767232463e-06,8.581687268404149e-07,8.070264783471246e-08,0.0011556826213604656,0.12070934725712547,0.7799970779974504,0.09610965709511803,0.0018573629717642895
P16,21,B,gamma,1799551287-γ-2,P16-T21-Bγ,16,57,A3,5,5,L2,L,False,57,True,L2,True,0.890376573548164,False,1.0240590572357178,valid,False,0.017666045953936903,0.890376573548164,0.08077314040912952,0.006244146654117963,0.0008096023559623033,0.0011359526324906275,0.002654760116630513,0.0003108777563675399,2.820219378086786e-05,6.983794197025765e-07
P16,21,B,gamma,1799551287-γ-2,P16-T21-Bγ,17,67,G4,11,11,R3,R,False,67,True,R3,True,0.785362694817987,False,0.8351662158966064,valid,False,1.2796879847348503e-05,1.0318113280433455e-05,8.993355390037574e-07,8.838092807933035e-08,1.1483907186505439e-08,0.0006086356783519489,0.08207640391697865,0.785362694817987,0.1298195803041224,0.002108571089057953
P16,21,B,gamma,1799551287-γ-2,P16-T21-Bγ,18,62,D4,8,8,R5,R,False,62,True,R5,True,0.945558089313281,False,0.9750092029571533,valid,False,0.00043018227721618093,0.0004032394696082019,2.7647369915836418e-05,2.610470838244006e-06,4.1458825945708883e-07,0.0026082557313608984,0.001234538932677568,0.005075200814604174,0.04465982103223862,0.945558089313281
P16,21,B,gamma,1799551287-γ-2,P16-T21-Bγ,19,64,E4,9,9,R3,R,False,64,True,R3,True,0.7620983051847038,False,0.7256481647491455,valid,False,0.00035676290020292533,0.0004129825399431547,3.45992095274943e-05,3.0156965623279e-06,3.619789694726192e-07,0.002527612882355663,0.12071938352435163,0.7620983051847038,0.1117289173678179,0.002118058715565726
P16,21,B,gamma,1799551287-γ-2,P16-T21-Bγ,20,59,B3,6,6,L4,L,False,59,True,L4,True,0.6271492914357223,False,0.8595521450042725,valid,False,0.0027179046881477416,0.04033311948424124,0.28522432972992334,0.6271492914357223,0.034730057348748025,0.0017030341909026676,0.006804922032549463,0.0012622956964421976,7.3570068525428e-05,1.4753247977094747e-06
P16,21,B,gamma,1799551287-γ-2,P16-T21-Bγ,21,65,F4,10,10,R1,R,False,65,True,R1,True,0.6705840804233413,False,0.9837617874145508,valid,False,4.802153504414305e-05,9.309797253155025e-05,1.3143198144435188e-05,1.1006538072123668e-06,1.2693303353777053e-07,0.6705840804233413,0.30131285021011955,0.0252329099889736,0.002580928181346726,0.0001337409036579599
P16,21,B,gamma,1799551287-γ-2,P16-T21-Bγ,22,60,C4,7,7,R3,R,False,60,True,R3,True,0.6851408413987596,False,0.7254860401153564,valid,False,0.006634022638714862,0.025680303691001577,0.003220782765886174,0.00037143716231312904,3.7992155491868694e-05,0.003814705253309207,0.21478218573679198,0.6851408413987596,0.05971745910769418,0.0006002700900374145
P16,21,B,gamma,1799551287-γ-2,P16-T21-Bγ,23,65,F4,10,10,R1,R,False,65,True,R1,True,0.7292144690814685,False,0.9315228462219238,valid,False,7.13876762190043e-05,8.643296899575693e-05,9.971421624151448e-06,1.1499554057268196e-06,1.2242253259651407e-07,0.7292144690814685,0.2379279472080503,0.029724388932674838,0.002806583437396859,0.00015754689563248048
P16,21,B,gamma,1799551287-γ-2,P16-T21-Bγ,24,53,F3,3,3,L5,L,False,53,True,L5,True,0.7380287395513023,False,1.1047778129577637,valid,False,0.0026377642972641928,0.005739929733615986,0.031195187818048267,0.2222899845777104,0.7380287395513023,3.573261345826319e-05,5.6358780285596035e-05,1.5055419790019707e-05,1.2113531557541142e-06,3.58553691991653e-08
P16,21,B,gamma,1799551287-γ-2,P16-T21-Bγ,25,52,E3,2,2,L5,L,False,52,True,L5,True,0.7805342849730139,False,0.8089108467102051,valid,False,0.001509337194598432,0.0033315137469400145,0.02208572290650417,0.19247738492667793,0.7805342849730139,1.789693889238332e-05,3.800874367025345e-05,5.407213767312005e-06,4.350622933285818e-07,8.29364222169343e-09
P16,21,B,gamma,1799551287-γ-2,P16-T21-Bγ,26,57,A3,5,5,R3,R,False,57,True,R3,True,0.5202420918389398,False,1.651365041732788,valid,False,0.007898663116612505,0.2529480190635895,0.0292036664417125,0.0031089786517752883,0.0003988329789693508,0.001495596765065276,0.11378312957806191,0.5202420918389398,0.0704071108506308,0.0005139107146431023
P16,21,B,gamma,1799551287-γ-2,P16-T21-Bγ,27,62,D4,8,8,R5,R,False,62,True,R5,True,0.957984383461268,False,0.859738826751709,valid,False,0.0001448602014250131,0.0001230495051916471,1.1618361744389888e-05,1.339888974435759e-06,1.8129677286819546e-07,0.001694713045693072,0.0009863213812770976,0.003666445978924942,0.03538708687872861,0.957984383461268
P16,21,B,gamma,1799551287-γ-2,P16-T21-Bγ,28,59,B3,6,6,L3,L,False,59,True,L3,True,0.7815795355980314,False,0.9458842277526855,valid,False,0.0019728712173026058,0.13995443672599325,0.7815795355980314,0.047527900506305065,0.0018494216417046792,0.0052922313223207704,0.01550426120558433,0.005937670695605805,0.0003758056782621095,5.865408890134301e-06
P16,21,B,gamma,1799551287-γ-2,P16-T21-Bγ,29,69,A4,12,12,R4,R,False,69,True,R4,True,0.8619662539583288,False,1.3177897930145264,valid,False,1.3634600750789546e-06,8.754400544622036e-07,1.0096023024242165e-07,9.921723829364673e-09,9.000784789027566e-10,0.0001933671639087947,0.005450026989628383,0.08816553450169118,0.8619662539583288,0.04422246670428071
P16,22,A,alpha,1799551287-α-7,P16-T22-Aα,0,60,C4,7,7,L3,L,False,60,True,R2,False,0.006251393355648838,False,0.47028422355651855,valid,False,0.0066212003593680725,0.07431875596262641,0.006251393355648838,0.0007209426953967418,7.821899204997104e-05,0.006506517558274019,0.7718155182388272,0.12556259206625475,0.007947078491693462,0.00017778227986071503
P16,22,A,alpha,1799551287-α-7,P16-T22-Aα,1,59,B3,6,6,L4,L,False,59,True,L2,False,0.003059118776452183,False,0.4077739715576172,valid,False,0.009758384780596638,0.8610278869590038,0.03509739435928456,0.003059118776452183,0.0003348455450323319,0.0017662111552243236,0.0783885461918496,0.009758384780596638,0.0007851558019574281,2.407165000269792e-05
P16,22,A,alpha,1799551287-α-7,P16-T22-Aα,2,64,E4,9,9,R1,R,False,64,True,R3,False,0.0013906726558543814,False,0.3669009208679199,valid,False,0.0005763184404769149,0.0017886306834276435,0.00014098213871987166,1.331156500462235e-05,1.3453946975381238e-06,0.0013906726558543814,0.16941537354286088,0.6791743896366416,0.14271903789842125,0.004779938043895278
P16,22,A,alpha,1799551287-α-7,P16-T22-Aα,3,65,F4,10,10,R2,R,False,65,True,R4,False,0.016794851144144803,False,0.344728946685791,valid,False,6.351903616498924e-05,8.819342825607817e-05,1.0179130440330317e-05,9.611157681202645e-07,1.0649466265956591e-07,0.0004333742333276003,0.016794851144144803,0.42521048708734543,0.5405484704175384,0.016849857912351496
P16,22,A,alpha,1799551287-α-7,P16-T22-Aα,4,64,E4,9,9,R3,R,False,64,True,R3,True,0.7721061461296181,False,0.6367051601409912,valid,False,0.0001418190639376824,0.0007542983158136089,8.795957329435031e-05,8.305162542704075e-06,8.8162552982959e-07,0.001421834680566324,0.06918750136718423,0.7721061461296181,0.15395656018474138,0.0023346938967718383
P16,22,A,alpha,1799551287-α-7,P16-T22-Aα,5,62,D4,8,8,R2,R,False,62,True,R3,False,0.08564539578322058,False,0.42082715034484863,valid,False,0.0011603251475834394,0.004007350921703787,0.00066017323567381,6.233370426054628e-05,5.6093694834779015e-06,0.0014648697390859844,0.08564539578322058,0.7842650207427706,0.12142645558741855,0.0013024657687993456
P16,22,A,alpha,1799551287-α-7,P16-T22-Aα,6,64,E4,9,9,R4,R,False,64,True,R4,True,0.5238379880598504,False,0.33536267280578613,valid,False,0.00022688984327883942,0.0005285640515091916,9.644160854498664e-05,8.076331380857066e-06,7.581873500969768e-07,0.0006812761464906163,0.014166761944847521,0.4487831026933555,0.5238379880598504,0.011670141133391933
P16,22,A,alpha,1799551287-α-7,P16-T22-Aα,7,60,C4,7,7,L3,L,False,60,True,R3,False,0.004445290329025189,False,0.4902608394622803,valid,False,0.002298255312575026,0.02176785839791519,0.004445290329025189,0.0003722629508463636,3.616648665936938e-05,0.0016353309220866036,0.15631062020674857,0.7742115701613359,0.03853571422049569,0.000386931012311995
P16,22,A,alpha,1799551287-α-7,P16-T22-Aα,8,59,B3,6,6,L2,L,False,59,True,R3,False,0.10263302572179549,False,0.493865966796875,valid,False,0.005794166220607928,0.10263302572179549,0.014181131380870723,0.0013936306287246963,0.00014028327900229303,0.0012864832142008517,0.16934063956323486,0.6597838655879934,0.04518289296745999,0.000263881436109965
P16,22,A,alpha,1799551287-α-7,P16-T22-Aα,9,62,D4,8,8,R5,R,False,62,True,R3,False,0.0016766895535992063,False,0.5852489471435547,valid,False,0.0009255776330806479,0.0024010545685228517,0.00021929503409210131,2.24304185987673e-05,2.466465707014471e-06,0.0004759816439563024,0.043634283666112626,0.7984423217740949,0.15219989924223554,0.0016766895535992063
P16,22,A,alpha,1799551287-α-7,P16-T22-Aα,10,64,E4,9,9,R4,R,False,64,True,R4,True,0.6303085545693281,False,0.2997908592224121,valid,False,0.00027442385434440337,0.0004864970747380389,3.7862635217612944e-05,3.720896923264805e-06,4.2575041220560494e-07,0.0005231295281335369,0.014847694973763865,0.33334450582208136,0.6303085545693281,0.02017318489505763
P16,22,A,alpha,1799551287-α-7,P16-T22-Aα,11,60,C4,7,7,L2,L,False,60,True,R3,False,0.02262815322483132,False,0.36572813987731934,valid,False,0.0038133023416620487,0.02262815322483132,0.002261909547644088,0.00023135762374307565,2.253204723177808e-05,0.0015132300836634411,0.19957884855830693,0.7115371364977079,0.05761082437617885,0.000802705699030717
P16,22,A,alpha,1799551287-α-7,P16-T22-Aα,12,59,B3,6,6,L3,L,False,59,True,R2,False,0.013391954646363776,False,0.35390210151672363,valid,False,0.00946133230474279,0.14963067890712217,0.013391954646363776,0.001483870871462239,0.0001626118607218602,0.003302415357036998,0.7185928191797039,0.0989539041563169,0.0049266247914976045,9.378792503168721e-05
P16,22,A,alpha,1799551287-α-7,P16-T22-Aα,13,62,D4,8,8,R1,R,False,62,True,R3,False,0.001385966993097653,False,0.3434791564941406,valid,False,0.0011943521640298987,0.0026336885576081497,0.0002035966103543866,2.0008168916419642e-05,2.400262600738711e-06,0.001385966993097653,0.33616301670815907,0.6069129417705313,0.05059647376325197,0.0008875550014505106
P16,22,A,alpha,1799551287-α-7,P16-T22-Aα,14,64,E4,9,9,R2,R,False,64,True,R3,False,0.23606779551263163,False,0.5094530582427979,valid,False,0.00018401817904622865,0.0003292958109843603,2.5456127197211878e-05,2.403573211674205e-06,2.8825336662170486e-07,0.0014022958928592752,0.23606779551263163,0.6848509267175774,0.07577338612138022,0.001364133811745427
P16,22,A,alpha,1799551287-α-7,P16-T22-Aα,15,62,D4,8,8,R1,R,False,62,True,R3,False,0.0016668086650315497,False,0.5202748775482178,valid,False,0.0010684070715815213,0.002856510508347671,0.00021216325666182745,2.0850043965656242e-05,2.4987453728461585e-06,0.0016668086650315497,0.39134940423823994,0.5609326124653344,0.04138957071638931,0.0005011742890752879
P16,22,A,alpha,1799551287-α-7,P16-T22-Aα,16,64,E4,9,9,R2,R,False,64,True,R4,False,0.03393958013585769,False,0.47464609146118164,valid,False,0.00031909091653044963,0.0005565459438820662,4.1336658692794934e-05,3.903016539963064e-06,4.6807713289535884e-07,0.0008373139821771839,0.03393958013585769,0.3260222123046781,0.6103267362499379,0.02795281271457094
P16,22,A,alpha,1799551287-α-7,P16-T22-Aα,17,65,F4,10,10,R1,R,False,65,True,R4,False,0.0002154630928191691,False,0.4363570213317871,valid,False,3.9994195792132206e-05,5.781536630950795e-05,4.127170817647093e-06,3.5972772259516167e-07,4.48868796564543e-08,0.0002154630928191691,0.013893723360151055,0.26769194520918105,0.6991301092665926,0.018966417723734592
P16,22,A,alpha,1799551287-α-7,P16-T22-Aα,18,64,E4,9,9,R2,R,False,64,True,R3,False,0.06333498588320527,False,0.728827953338623,valid,False,0.00022475348699729057,0.00041013875965256155,3.1735719670419693e-05,2.7661123482325304e-06,3.315701814708453e-07,0.0007497418427316095,0.06333498588320527,0.820314309445482,0.11327161235134922,0.0016596248283818815
P16,22,A,alpha,1799551287-α-7,P16-T22-Aα,19,62,D4,8,8,R1,R,False,62,True,R3,False,0.001398724528644498,False,0.3245410919189453,valid,False,0.0010100209503473598,0.003401627103490167,0.0002532290471785971,2.12062172243741e-05,2.4401307140637934e-06,0.001398724528644498,0.12368752188297899,0.7252664648132024,0.14335967828832344,0.0015990870378960315
P16,22,A,alpha,1799551287-α-7,P16-T22-Aα,20,57,A3,5,5,L3,L,False,57,True,L3,True,0.764116212046871,False,0.6011059284210205,valid,False,0.0038768286189739907,0.1671212985875498,0.764116212046871,0.021730567015667602,0.0017803514655470177,0.0004630629827548253,0.028908508574328577,0.011371769852218466,0.0006252094338851569,6.1914222035279394e-06
P16,22,A,alpha,1799551287-α-7,P16-T22-Aα,21,59,B3,6,6,L2,L,False,59,True,R3,False,0.035946494116500714,False,0.44855403900146484,valid,False,0.007181914878246639,0.035946494116500714,0.005244374372041958,0.0005810932440567302,8.465847148494675e-05,0.0019854256096992653,0.15714295836987008,0.7478152488143511,0.04369160393038735,0.0003262281933612842
P16,22,A,alpha,1799551287-α-7,P16-T22-Aα,22,64,E4,9,9,R5,R,False,64,True,R4,False,0.01903397060118379,False,0.39327073097229004,valid,False,0.000218119142695548,0.00035013908124648053,3.4765756369691614e-05,2.687557772474004e-06,3.44620509111091e-07,0.00045579771928288794,0.010789009925930671,0.31657179131812957,0.6525433742768797,0.01903397060118379
P16,22,A,alpha,1799551287-α-7,P16-T22-Aα,23,65,F4,10,10,R4,R,False,65,True,R4,True,0.7779467959761931,False,0.4255650043487549,valid,False,4.199685893910758e-05,5.6606183535747506e-05,6.076406075406757e-06,4.1661756645210446e-07,5.585185844131182e-08,0.00019731360690431238,0.006808562481634541,0.1918393179958296,0.7779467959761931,0.02310285802146324
P16,22,A,alpha,1799551287-α-7,P16-T22-Aα,24,60,C4,7,7,L2,L,False,60,True,R3,False,0.015772965102957916,False,0.46674418449401855,valid,False,0.00319581631853861,0.015772965102957916,0.0017908079125676286,0.00012779432617244753,1.62247364699183e-05,0.001556310053619411,0.16445991551466288,0.7826353399247544,0.03018305973890856,0.0002617663713482481
P16,22,A,alpha,1799551287-α-7,P16-T22-Aα,25,59,B3,6,6,L1,L,False,59,True,R3,False,0.0077918589655000285,False,0.42914795875549316,valid,False,0.0077918589655000285,0.10274772902508697,0.013424564650809727,0.0010377824858951432,0.0001325607871840286,0.0016483671674610574,0.14798134397920198,0.6951335593373319,0.029876918077570248,0.00022531552395887612
P16,22,A,alpha,1799551287-α-7,P16-T22-Aα,26,60,C4,7,7,L2,L,False,60,True,R3,False,0.014416687365657418,False,0.3308088779449463,valid,False,0.002680078124477414,0.014416687365657418,0.0019123572223001034,0.00013111724303060864,1.6802526664080368e-05,0.0011369356637166168,0.12989014088245196,0.8029854778590418,0.04627339583032488,0.000557007282335037
P16,22,A,alpha,1799551287-α-7,P16-T22-Aα,27,59,B3,6,6,L2,L,False,59,True,R3,False,0.10800913518169249,False,0.41619324684143066,valid,False,0.007214296443291561,0.10800913518169249,0.01514518500687596,0.0010807796297570113,0.00013152596890233362,0.0015297685631121207,0.15411246993519478,0.6849559316336293,0.027596326336421135,0.0002245813011233502
P16,22,A,alpha,1799551287-α-7,P16-T22-Aα,28,64,E4,9,9,R4,R,False,64,True,R4,True,0.5962041627458937,False,0.3795640468597412,valid,False,0.0001857439896359055,0.0003606575273505015,4.374329930504132e-05,3.248971362286005e-06,3.8579218203362164e-07,0.0004462617788034855,0.016064113128534428,0.3689212340328445,0.5962041627458937,0.017770448734087976
P16,22,A,alpha,1799551287-α-7,P16-T22-Aα,29,59,B3,6,6,L2,L,False,59,True,R3,False,0.10648239490411902,False,0.46353816986083984,valid,False,0.006334163625073882,0.10648239490411902,0.014975423654992454,0.001068665244164996,0.000125313404110924,0.0014139828439635727,0.14640993107216044,0.696738690485366,0.02621706237307902,0.00023437239296970606
P16,23,A,gamma,1799551287-γ-3,P16-T23-Aγ,0,60,C4,7,7,R3,R,False,60,True,R3,True,0.7518852104873492,False,0.41487693786621094,valid,False,0.0034535116330528274,0.021703152723149835,0.0021871157499836684,0.00027323683474832146,3.089719015724037e-05,0.001139773000601135,0.12133662908019642,0.7518852104873492,0.09616173776929725,0.0018287355314639952
P16,23,A,gamma,1799551287-γ-3,P16-T23-Aγ,1,59,B3,6,6,L5,L,False,59,True,R3,False,0.0001711166216052605,False,0.3673110008239746,valid,False,0.006372581001382308,0.15145405585900373,0.009605465433657428,0.0012489862877257559,0.0001711166216052605,0.0013158671216018899,0.1346033428688888,0.6666947216615793,0.02828501764095777,0.0002488455035976349
P16,23,A,gamma,1799551287-γ-3,P16-T23-Aγ,2,62,D4,8,8,L2,L,False,62,True,R3,False,0.002902038543521933,False,0.42005181312561035,valid,False,0.0014480479716191832,0.002902038543521933,0.00023349687998376053,2.4857728620293033e-05,3.224862905349791e-06,0.0009974502764962965,0.12084267195320193,0.7540158854963936,0.11800738247114065,0.0015249438161168223
P16,23,A,gamma,1799551287-γ-3,P16-T23-Aγ,3,53,F3,3,3,L2,L,False,53,True,L3,False,0.16658981749710106,False,0.5296571254730225,valid,False,0.0028233837689028976,0.16658981749710106,0.6852256299213297,0.1277082251325475,0.016005637689230617,7.25657477209394e-05,0.001377235587013809,0.0001851251694121583,1.2245144708639325e-05,1.3434203264893628e-07
P16,23,A,gamma,1799551287-γ-3,P16-T23-Aγ,4,69,A4,12,12,R3,R,False,69,True,R5,False,0.0015599248889695753,False,0.5735139846801758,valid,False,2.3930671728506984e-06,8.124804822374208e-07,6.537554311062866e-08,6.686885565668066e-09,6.015405490459649e-10,2.098453491131902e-05,0.00026583465940519397,0.0015599248889695753,0.02100242005936547,0.9771475576457243
P16,23,A,gamma,1799551287-γ-3,P16-T23-Aγ,5,62,D4,8,8,L2,L,False,62,True,R3,False,0.0009854415378767684,False,0.45536184310913086,valid,False,0.0008716499559689044,0.0009854415378767684,7.362028551995031e-05,7.83750548842747e-06,6.191074309073156e-07,0.0010763496938160034,0.09699176417464685,0.8215274301598794,0.0775688033175805,0.0008964842617924681
P16,23,A,gamma,1799551287-γ-3,P16-T23-Aγ,6,60,C4,7,7,R2,R,False,60,True,R3,False,0.1689706959946489,False,0.3621706962585449,valid,False,0.002837212274097121,0.008050855783414836,0.0006532593857013014,6.168089700299627e-05,5.900151460744032e-06,0.00085943823001634,0.1689706959946489,0.7760515846337354,0.04191118023749525,0.0005981924124270628
P16,23,A,gamma,1799551287-γ-3,P16-T23-Aγ,7,57,A3,5,5,L4,L,False,57,True,L2,False,0.0038727311678097742,False,0.422213077545166,valid,False,0.013382661968889552,0.8094441082008212,0.037862454939697865,0.0038727311678097742,0.00046452001068287516,0.000880119766357897,0.0805806194963851,0.05149986451168645,0.0019855511127182066,2.7368824950985168e-05
P16,23,A,gamma,1799551287-γ-3,P16-T23-Aγ,8,57,A3,5,5,R4,R,False,57,True,L2,False,0.0013090109237265252,False,0.32219409942626953,valid,False,0.015164624766786785,0.8252240260930819,0.0365603893981734,0.0038921643748526325,0.0004777734374416935,0.000733258195265831,0.0801338547642186,0.03648215449904234,0.0013090109237265252,2.274354741029246e-05
P16,23,A,gamma,1799551287-γ-3,P16-T23-Aγ,9,52,E3,2,2,L2,L,False,52,True,L4,False,0.02006341257774026,False,0.5212898254394531,valid,False,0.0009105764414533438,0.02006341257774026,0.3091261814240284,0.6350790933970516,0.03439330876072765,2.0677202072322612e-05,0.00033160320251747174,7.229188698996992e-05,2.807116284381933e-06,4.799113456193293e-08
P16,23,A,gamma,1799551287-γ-3,P16-T23-Aγ,10,64,E4,9,9,R2,R,False,64,True,R4,False,0.012717465647970747,False,0.41030406951904297,valid,False,0.00030534093555555157,0.0003331926339785442,2.4066279415449223e-05,2.1827079173297754e-06,2.738957110731768e-07,0.00032962127650981645,0.012717465647970747,0.19349854507021452,0.7598008711831847,0.03298844036954227
P16,23,A,gamma,1799551287-γ-3,P16-T23-Aγ,11,55,G3,4,4,L5,L,False,55,True,L2,False,0.002349421976322699,False,0.5345852375030518,valid,False,0.01732390325257952,0.729678217759856,0.2111573603935962,0.019155763556901902,0.002349421976322699,0.00036427032300001495,0.01732390325257952,0.002475108613344324,0.0001695358852731394,2.5149865467413056e-06
P16,23,A,gamma,1799551287-γ-3,P16-T23-Aγ,12,52,E3,2,2,L2,L,False,52,True,L4,False,0.028310999144465596,False,0.4087848663330078,valid,False,0.001409892367162566,0.028310999144465596,0.3541264583196884,0.5722947044296771,0.043613372724273354,1.5755699942760585e-05,0.00018427496588576355,4.195772216478716e-05,2.55188063315281e-06,3.274610657176673e-08
P16,23,A,gamma,1799551287-γ-3,P16-T23-Aγ,13,55,G3,4,4,L5,L,False,55,True,L3,False,0.00408960668264122,False,0.6870880126953125,valid,False,0.008536985158031928,0.29725633060757817,0.646293895003556,0.03485701283725092,0.00408960668264122,0.00016704430120417863,0.007239007372777044,0.0014693356980734786,8.941117997451159e-05,1.371158912419175e-06
P16,23,A,gamma,1799551287-γ-3,P16-T23-Aγ,14,59,B3,6,6,L3,L,False,59,True,L2,False,0.03889116511483961,False,0.5620160102844238,valid,False,0.006907962270777054,0.6243268918080839,0.03889116511483961,0.0024614906136849694,0.00019028489299453523,0.0009735966862860567,0.19665165638238638,0.12385792385262043,0.005669245595616107,6.978278271084157e-05
P16,23,A,gamma,1799551287-γ-3,P16-T23-Aγ,15,55,G3,4,4,L5,L,False,55,True,L3,False,0.0053625516135824315,False,0.4730062484741211,valid,False,0.00655886427419619,0.2403777127092507,0.6973543297326772,0.04593804521932894,0.0053625516135824315,0.00020040589015092984,0.00374850960621404,0.00042607547622231727,3.273827962681534e-05,7.671987503118208e-07
P16,23,A,gamma,1799551287-γ-3,P16-T23-Aγ,16,50,D3,1,1,L3,L,False,50,True,L4,False,0.2406582587667664,False,0.6524429321289062,valid,False,0.0004135971292925191,0.01711655332402261,0.2406582587667664,0.6808744403471557,0.060907348157082646,5.135708895835883e-06,2.2019186218709527e-05,2.487139345298717e-06,1.5689436830293176e-07,3.3468518766474957e-09
P16,23,A,gamma,1799551287-γ-3,P16-T23-Aγ,17,71,B4,13,13,R5,R,False,71,True,R5,True,0.9761890252359793,False,0.6861093044281006,valid,False,4.1054170646719507e-07,2.728091600530105e-07,2.2179463629772227e-08,2.8839670637542184e-09,3.730114349524116e-10,6.372751364092423e-06,7.089847166835398e-05,0.0010036629332612962,0.022729331820418325,0.9761890252359793
P16,23,A,gamma,1799551287-γ-3,P16-T23-Aγ,18,64,E4,9,9,R1,R,False,64,True,R4,False,0.00045775177519091564,False,0.6249549388885498,valid,False,0.000273657356807405,0.0004009140002656969,3.62797412705089e-05,4.717407988407093e-06,5.809356571282272e-07,0.00045775177519091564,0.018298863861143905,0.3874951336480138,0.5802762102647969,0.012755891008865095
P16,23,A,gamma,1799551287-γ-3,P16-T23-Aγ,19,69,A4,12,12,R5,R,False,69,True,R5,True,0.953703206516287,False,0.5683579444885254,valid,False,1.8662345135278478e-06,1.6127341593452601e-06,1.4200511480824855e-07,1.8464742016659415e-08,2.3792236896748093e-09,1.8298156659919632e-05,0.0002611216630339335,0.002182241410967578,0.043831490435298444,0.953703206516287
P16,23,A,gamma,1799551287-γ-3,P16-T23-Aγ,20,59,B3,6,6,L3,L,False,59,True,L2,False,0.03509206108226453,False,0.8575189113616943,valid,False,0.012083858369256706,0.7264186306267216,0.03509206108226453,0.0026064129434957535,0.0002887704740872593,0.0027673030862553553,0.17239908253156622,0.04643135219431053,0.0018926442491358471,1.988444290628881e-05
P16,23,A,gamma,1799551287-γ-3,P16-T23-Aγ,21,64,E4,9,9,R3,R,False,64,True,R3,True,0.6647098280372368,False,0.46920084953308105,valid,False,0.00042426890658540896,0.0006050296970969611,3.836347655472975e-05,4.604830566225298e-06,7.512282860100917e-07,0.0008559251115491943,0.19124544901433266,0.6647098280372368,0.1390372689817439,0.003078510716048201
P16,23,A,gamma,1799551287-γ-3,P16-T23-Aγ,22,53,F3,3,3,L5,L,False,53,True,L3,False,0.020799456871887653,False,0.5176630020141602,valid,False,0.003312726208730779,0.15759676231014028,0.6666466488385362,0.15142637884023788,0.020799456871887653,9.204439839614337e-05,0.00011292208687583227,1.2060578550607602e-05,9.667710629024095e-07,3.309558181675079e-08
P16,23,A,gamma,1799551287-γ-3,P16-T23-Aγ,23,65,F4,10,10,R5,R,False,65,True,R4,False,0.018017433782217415,False,0.4410891532897949,valid,False,4.780128334569091e-05,2.6551735468562913e-05,1.7490890535863945e-06,2.1851406661876593e-07,3.2834030551420465e-08,0.00024988842946437165,0.02524769337900955,0.3476999282358729,0.6087087027174706,0.018017433782217415
P16,23,A,gamma,1799551287-γ-3,P16-T23-Aγ,24,71,B4,13,13,R2,R,False,71,True,R5,False,0.0003185285799109258,False,0.45482301712036133,valid,False,4.079326669240368e-07,1.5315760401492456e-07,1.1375563280922499e-08,1.5395150785996575e-09,2.0760665974231786e-10,1.2025277909559007e-05,0.0003185285799109258,0.0028747247336516862,0.04727383280903802,0.9495203143865337
P16,23,A,gamma,1799551287-γ-3,P16-T23-Aγ,25,67,G4,11,11,R5,R,False,67,True,R4,False,0.03375309162017883,False,0.9795949459075928,valid,False,9.471758769060544e-06,4.694137703197515e-06,3.6287909675079093e-07,4.533456255950623e-08,6.097570899611454e-09,0.00021355496634248883,0.013626916833805482,0.18839845359597696,0.7639934027759937,0.03375309162017883
P16,23,A,gamma,1799551287-γ-3,P16-T23-Aγ,26,69,A4,12,12,R5,R,False,69,True,R5,True,0.9504218682853622,False,0.5113849639892578,valid,False,2.0613744250778624e-06,9.273756473174948e-07,6.88834892562953e-08,8.956831308803987e-09,1.209148833196374e-09,2.770242479324307e-05,0.00042607519357337883,0.0036579612544296184,0.04546332504229986,0.9504218682853622
P16,23,A,gamma,1799551287-γ-3,P16-T23-Aγ,27,60,C4,7,7,L1,L,False,60,True,R3,False,0.0040709665918951116,False,0.5117778778076172,valid,False,0.0040709665918951116,0.008823758062998425,0.0007394626728877563,8.527862225390973e-05,1.2211588193619017e-05,0.0021676632110419164,0.2081311741219847,0.7485728489765074,0.027063028264694877,0.0003336078875422841
P16,23,A,gamma,1799551287-γ-3,P16-T23-Aγ,28,59,B3,6,6,L1,L,False,59,True,R3,False,0.00872730856709965,False,0.48067307472229004,valid,False,0.00872730856709965,0.0891763218811977,0.0061165617580745376,0.0006777343611129282,7.953747480337325e-05,0.001158838927082301,0.14417100567476543,0.7140836657647653,0.03555213228780528,0.000256893303293512
P16,23,A,gamma,1799551287-γ-3,P16-T23-Aγ,29,71,B4,13,13,R5,R,False,71,True,R5,True,0.9826238028940995,False,0.5062782764434814,valid,False,3.465073223736089e-07,2.2717869303739595e-07,1.621175995130906e-08,1.7258797177718338e-09,2.5269617341562015e-10,1.3221580520116779e-05,9.804910195249986e-05,0.0006506563501141729,0.016613678196962627,0.9826238028940995
P16,24,B,alpha,1799551287-α-9,P16-T24-Bα,0,60,C4,7,7,L4,L,False,60,True,L4,True,0.7135770666631185,False,2.007477045059204,valid,False,0.00231560485638619,0.031180574063269864,0.14925882298115487,0.7135770666631185,0.053790768439290884,0.003268669122733307,0.03772633800007027,0.008267307132127087,0.0006072950009118875,7.5537409371557685e-06
P16,24,B,alpha,1799551287-α-9,P16-T24-Bα,1,59,B3,6,6,L5,L,False,59,True,L5,True,0.8217641210164529,False,0.8561930656433105,valid,False,0.0029196197829256232,0.005119697928856676,0.020744093587025926,0.1456895914253567,0.8217641210164529,0.0005901513204105817,0.0027063156049637665,0.00042694622560478717,3.858572944361138e-05,8.773789594863759e-07
P16,24,B,alpha,1799551287-α-9,P16-T24-Bα,2,60,C4,7,7,L4,L,False,60,True,L4,True,0.6169025064904413,False,0.9022667407989502,valid,False,0.002939268408023642,0.043180447001123494,0.28609848101360547,0.6169025064904413,0.044022946055674576,0.0009140335597860346,0.003962753902928727,0.0017863817395290587,0.00018951164092739122,3.670187960132114e-06
P16,24,B,alpha,1799551287-α-9,P16-T24-Bα,3,65,F4,10,10,R4,R,False,65,True,R4,True,0.8222485870009275,False,0.8553149700164795,valid,False,2.1413923094544016e-05,6.683303551491051e-05,1.2180033900808617e-05,1.5837541065776686e-06,1.430779171880008e-07,0.0004889078031941324,0.006526337504355545,0.1359167772730238,0.8222485870009275,0.03471723659396515
P16,24,B,alpha,1799551287-α-9,P16-T24-Bα,4,64,E4,9,9,R5,R,False,64,True,R5,True,0.9577783480055836,False,0.9537849426269531,valid,False,0.0001633918470315571,0.000667900635630664,0.00010072274676580951,7.786345795467108e-06,6.511360189021163e-07,0.00169670322557447,0.0004609130451330219,0.003372611194965437,0.03575097181750101,0.9577783480055836
P16,24,B,alpha,1799551287-α-9,P16-T24-Bα,5,59,B3,6,6,L3,L,False,59,True,L3,True,0.7107010903145634,False,0.7839310169219971,valid,False,0.002457002636374874,0.1683848164211697,0.7107010903145634,0.06194531216677581,0.0014423185659331562,0.0015731077142182174,0.023315505993342124,0.028257215323264546,0.0018914424205275704,3.2188443830600524e-05
P16,24,B,alpha,1799551287-α-9,P16-T24-Bα,6,57,A3,5,5,L4,L,False,57,True,L4,True,0.7197993337635269,False,1.4894390106201172,valid,False,0.0023607337224438797,0.034053739759527024,0.19463964062520042,0.7197993337635269,0.03729922205727544,0.0012484043428387462,0.0072858510852372264,0.003082537857316404,0.0002275224369987536,3.0143496351734417e-06
P16,24,B,alpha,1799551287-α-9,P16-T24-Bα,7,62,D4,8,8,R5,R,False,62,True,R5,True,0.9513582002462085,False,1.0903611183166504,valid,False,0.0003295689532711869,0.000104130604838656,6.332188601440492e-06,7.302604168969644e-07,1.2563755398040236e-07,0.0008287885624615736,0.00035758526160851594,0.0035604098030882795,0.04345412848195087,0.9513582002462085
P16,24,B,alpha,1799551287-α-9,P16-T24-Bα,8,64,E4,9,9,R4,R,False,64,True,R4,True,0.7830545619446252,False,0.8519637584686279,valid,False,0.000218947241166932,0.00033393877097720736,3.1530573289566824e-05,3.225079676209454e-06,2.1245133167588116e-07,0.001064210011867526,0.01556840787390733,0.1758708643690494,0.7830545619446252,0.02385410168410885
P16,24,B,alpha,1799551287-α-9,P16-T24-Bα,9,62,D4,8,8,R3,R,False,62,True,R3,True,0.8085870010389071,False,0.544896125793457,valid,False,0.0004673316927173597,0.0015693705292626054,0.00020500688422788415,1.8597804947393186e-05,1.381325520375134e-06,0.0015040456394189517,0.08320113725163208,0.8085870010389071,0.10314773211510424,0.0012983957182619494
P16,24,B,alpha,1799551287-α-9,P16-T24-Bα,10,64,E4,9,9,R1,R,False,64,True,R1,True,0.46881510770317997,False,1.072160005569458,valid,False,0.0001521295958234726,0.00019208994830016894,2.1284172961316142e-05,2.009656361556175e-06,1.5535596341032614e-07,0.46881510770317997,0.46881510770317997,0.05856917088725955,0.0032877665171481643,0.00014517845982233853
P16,24,B,alpha,1799551287-α-9,P16-T24-Bα,11,59,B3,6,6,L1,L,False,59,True,L1,True,0.5462844982137057,False,1.1334290504455566,valid,False,0.5462844982137057,0.41287294195921803,0.028307871165680107,0.0017916552245727786,0.00026266912965958536,0.001750180532659445,0.005240818785891122,0.0032395734911605544,0.00024126519906652108,8.526298386278213e-06
P16,24,B,alpha,1799551287-α-9,P16-T24-Bα,12,64,E4,9,9,R1,R,False,64,True,R2,True,0.4011264940629571,False,0.7464766502380371,valid,False,7.824527694582121e-05,4.756190392504127e-05,5.063369157289608e-06,4.2402286559547054e-07,6.470169390454976e-08,0.4011264940629571,0.470726301425712,0.12081697825639698,0.007058812414448607,0.00014005456589781212
P16,24,B,alpha,1799551287-α-9,P16-T24-Bα,13,65,F4,10,10,R2,R,False,65,True,R2,True,0.639941656869464,False,1.0017030239105225,valid,False,2.281667883661909e-05,1.727278756634169e-05,2.1578930159241035e-06,3.163621396669321e-07,3.367944023116182e-08,0.0018251901736463234,0.639941656869464,0.33743638749682453,0.020137647978798134,0.000616520080268168
P16,24,B,alpha,1799551287-α-9,P16-T24-Bα,14,64,E4,9,9,R3,R,False,64,True,R3,True,0.5433844983131734,False,1.1078159809112549,valid,False,0.00015356284715644178,0.0002145696234875845,2.672427820610662e-05,3.7620589597646944e-06,3.503571140881285e-07,0.019046378962445112,0.28196089488429604,0.5433844983131734,0.15108115901910796,0.004128099656053377
P16,24,B,alpha,1799551287-α-9,P16-T24-Bα,15,62,D4,8,8,R1,R,False,62,True,R1,True,0.3491358326018866,True,0.8014559745788574,valid,False,0.0010231988260814664,0.0028763489501166637,0.00028236945303443953,3.0060629652434074e-05,3.0747276573687836e-06,0.3491358326018866,0.5421057275219147,0.09707278438810682,0.007209943043733218,0.00026065985781634454
P16,24,B,alpha,1799551287-α-9,P16-T24-Bα,16,57,A3,5,5,L2,L,False,57,True,L2,True,0.807469093354442,False,0.745718240737915,valid,False,0.011102619697188494,0.807469093354442,0.16302519833656315,0.011633685122978781,0.001444416290690618,0.0013803581050618769,0.003096612649732258,0.0007798004672799972,6.372290644974474e-05,4.493069613046253e-06
P16,24,B,alpha,1799551287-α-9,P16-T24-Bα,17,59,B3,6,6,L1,L,False,59,True,L1,True,0.797942551871061,False,0.894139289855957,valid,False,0.797942551871061,0.17451952119918523,0.015832053772238324,0.0016854567658443995,0.00021056447140847725,0.0004825038780926469,0.003420195308106736,0.0045808362476912065,0.001231779092497318,9.453739387485712e-05
P16,24,B,alpha,1799551287-α-9,P16-T24-Bα,18,64,E4,9,9,R2,R,False,64,True,R2,True,0.566482948657987,False,0.7105362415313721,valid,False,0.00033559726861644764,0.001461476141191999,0.00019003385861877202,2.191567774653994e-05,2.7379302713509853e-06,0.04312039352983647,0.566482948657987,0.3648356508583149,0.02309109350346322,0.00045815257395332695
P16,24,B,alpha,1799551287-α-9,P16-T24-Bα,19,65,F4,10,10,R1,R,False,65,True,R1,True,0.5302675909103206,False,0.8073997497558594,valid,False,5.2255711146174304e-05,0.00013992926523753136,1.971021534200076e-05,2.4624013851559097e-06,2.419890133164176e-07,0.5302675909103206,0.43414638403885397,0.03224560541138006,0.0029252553254984024,0.00020056473182276946
P16,24,B,alpha,1799551287-α-9,P16-T24-Bα,20,60,C4,7,7,L2,L,False,60,True,L2,True,0.6896083590719092,False,0.6757819652557373,valid,False,0.005832538070536282,0.6896083590719092,0.2077060462387306,0.01076310240631914,0.0007090167278825003,0.014340583835771269,0.05678582557024112,0.012917895532496282,0.0012865176436287376,5.0114902484851785e-05
P16,24,B,alpha,1799551287-α-9,P16-T24-Bα,21,59,B3,6,6,L3,L,False,59,True,L3,True,0.7341456235875765,False,0.7376360893249512,valid,False,0.002767346615152058,0.1592577156948355,0.7341456235875765,0.06660018838824439,0.002930319456903035,0.0011722844007574197,0.015019222269230224,0.016502337972802008,0.001551702322816509,5.325929168244704e-05
P16,24,B,alpha,1799551287-α-9,P16-T24-Bα,22,57,A3,5,5,L2,L,False,57,True,L2,True,0.8395772400636545,False,1.1599349975585938,valid,False,0.015227613467486356,0.8395772400636545,0.1230878686395161,0.00878370657310555,0.0011998221396005155,0.0004117288699402689,0.007348233308379395,0.004039952174296599,0.0003121597375572032,1.1675026463621424e-05
P16,24,B,alpha,1799551287-α-9,P16-T24-Bα,23,59,B3,6,6,L1,L,False,59,True,L1,True,0.5796105559611313,False,0.9317340850830078,valid,False,0.5796105559611313,0.33107880306744897,0.02362620371010188,0.0020592800321867022,0.00025726629139738834,0.004644861869840407,0.04218806889335587,0.015164447488530353,0.0013262513419374992,4.426134406972488e-05
P16,24,B,alpha,1799551287-α-9,P16-T24-Bα,24,60,C4,7,7,L2,L,False,60,True,L2,True,0.7290953311560407,False,1.2513389587402344,valid,False,0.0072671478329760794,0.7290953311560407,0.05866272362773516,0.0023912219064402647,0.00020024863555202806,0.013082332521404652,0.1504912013859161,0.0362995190989562,0.0023912219064402647,0.00011905192853867529
P16,24,B,alpha,1799551287-α-9,P16-T24-Bα,25,59,B3,6,6,L3,L,False,59,True,L3,True,0.6986475126132704,False,0.8448882102966309,valid,False,0.0021600900023267754,0.13020971477577903,0.6986475126132704,0.036203157589037985,0.001160842855967457,0.008075481137658191,0.08988988689892197,0.03085029588046367,0.002688938056795269,0.00011408018977912939
P16,24,B,alpha,1799551287-α-9,P16-T24-Bα,26,60,C4,7,7,L4,L,False,60,True,L4,True,0.7028795806905951,False,1.0577223300933838,valid,False,0.004131538212055504,0.02960978582761641,0.14800383952087656,0.7028795806905951,0.07917103667871322,0.003922530084176599,0.02305891084103428,0.008474326463655571,0.0007223254232660488,2.612625801083479e-05
P16,24,B,alpha,1799551287-α-9,P16-T24-Bα,27,64,E4,9,9,R2,R,False,64,True,R2,True,0.5240972380396945,False,0.8330399990081787,valid,False,5.895841987461642e-05,0.00018924961834542996,2.792249160740865e-05,1.7672638708401208e-06,2.2979504290735768e-07,0.059914713882691296,0.5240972380396945,0.39610417145225235,0.0189475992696095,0.0006581497670110251
P16,24,B,alpha,1799551287-α-9,P16-T24-Bα,28,59,B3,6,6,L4,L,False,59,True,L4,True,0.6755149375346047,False,1.1576511859893799,valid,False,0.003726521670095835,0.03271615377724434,0.23008350517973464,0.6755149375346047,0.048074380486281036,0.003505372162373,0.004968527365742361,0.0013171565317162256,9.030840632937366e-05,3.1368858787374623e-06
P16,24,B,alpha,1799551287-α-9,P16-T24-Bα,29,57,A3,5,5,L4,L,False,57,True,L4,True,0.6228794278045571,False,1.1688930988311768,valid,False,0.0014252581642879073,0.039142905616486645,0.30191757155582044,0.6228794278045571,0.029888429344366477,0.002236215840700403,0.0018693530581004193,0.000591172731281284,4.75655254799391e-05,2.100358919588865e-06
P16,25,C,beta,1799551287-β-8,P16-T25-Cβ,0,62,D4,8,8,R3,R,False,62,True,R3,True,0.7919201980561785,False,0.8668749332427979,valid,False,0.0004327667357394603,0.0034345036699085637,0.000429325728917159,2.8281726961354282e-05,2.4594673834252998e-06,0.0004978892189421456,0.11490113520965917,0.7919201980561785,0.08695479824815237,0.0013986419381577335
P16,25,C,beta,1799551287-β-8,P16-T25-Cβ,1,59,B3,6,6,L3,L,False,59,True,L3,True,0.7394749385081848,False,0.6376209259033203,valid,False,0.0021483661976496714,0.16173195915499805,0.7394749385081848,0.03831879058986215,0.0012788233429086718,0.00021581212395350852,0.022886360783753026,0.03173288126359254,0.0021891230732410706,2.294496185654484e-05
P16,25,C,beta,1799551287-β-8,P16-T25-Cβ,2,60,C4,7,7,R4,R,False,60,True,R4,True,0.608885707252992,False,0.582622766494751,valid,False,0.0009178438915868693,0.0004329956862666891,3.6575764767607276e-05,4.3902486091078675e-06,6.361846437238949e-07,0.0020784669470562487,0.025216058858173133,0.34990204630969085,0.608885707252992,0.012525278856213858
P16,25,C,beta,1799551287-β-8,P16-T25-Cβ,3,64,E4,9,9,R4,R,False,64,True,R4,True,0.7644448862179345,False,0.9546308517456055,valid,False,0.00019041706186148248,0.00023815380892744465,2.9574284311702086e-05,2.5777198019866706e-06,3.29468893756744e-07,0.002352742862536815,0.010585540083022774,0.19524743738868675,0.7644448862179345,0.026908341104022633
P16,25,C,beta,1799551287-β-8,P16-T25-Cβ,4,60,C4,7,7,L5,L,False,60,True,L5,True,0.6777508549641064,False,0.9461522102355957,valid,False,0.003738856252635183,0.006925636874081867,0.021411229210816538,0.28939636579271827,0.6777508549641064,0.0005609822909615656,0.00019667415403324057,1.7576012193388652e-05,1.7793808728909284e-06,4.506758069595814e-08
P16,25,C,beta,1799551287-β-8,P16-T25-Cβ,5,60,C4,7,7,R2,R,False,60,True,R2,True,0.8394964237329935,False,0.5284891128540039,valid,False,0.005220775577359806,0.01675108157689948,0.002645346917677665,0.00020449785685355482,2.2657291897333195e-05,0.017336293887182944,0.8394964237329935,0.1136134862820281,0.0046311361025213405,7.830077458638301e-05
P16,25,C,beta,1799551287-β-8,P16-T25-Cβ,6,57,A3,5,5,L2,L,False,57,True,L2,True,0.8910107376653614,False,0.4615359306335449,valid,False,0.013906501695438755,0.8910107376653614,0.06617855571379955,0.0051159160723677245,0.0006625611583739662,0.0006120511151083784,0.01917898386192579,0.0031370590683921676,0.0001949285134815671,2.7051357507127922e-06
P16,25,C,beta,1799551287-β-8,P16-T25-Cβ,7,55,G3,4,4,L3,L,False,55,True,L3,True,0.6705962607047866,False,0.518970251083374,valid,False,0.006064342233191654,0.2546448382176176,0.6705962607047866,0.060835120254671526,0.00658811807534706,0.00019717831491743634,0.0009872674898562493,7.950612333790745e-05,7.172538258404947e-06,1.9604801569641944e-07
P16,25,C,beta,1799551287-β-8,P16-T25-Cβ,8,50,D3,1,1,L2,L,False,50,True,L2,True,0.8146578195094593,False,0.7872819900512695,valid,False,0.00930574746923202,0.8146578195094593,0.15183101693357393,0.021386677292099664,0.0028100444084692574,3.2218144222391176e-06,5.018797753699503e-06,4.191709071347265e-07,3.362491236631463e-08,9.791705927917195e-10
P16,25,C,beta,1799551287-β-8,P16-T25-Cβ,9,55,G3,4,4,L3,L,False,55,True,L3,True,0.6990189779691638,False,0.41978001594543457,valid,False,0.003915453002718548,0.1902999315586891,0.6990189779691638,0.0942622815646356,0.011531084186868212,0.0001953930148749399,0.00069628696579631,7.351086151518702e-05,6.9288731177386285e-06,1.5200262054774358e-07
P16,25,C,beta,1799551287-β-8,P16-T25-Cβ,10,60,C4,7,7,R2,R,False,60,True,R2,True,0.8166677772276182,False,0.4861319065093994,valid,False,0.004346920172278939,0.030068598721073862,0.0035439161570307675,0.00030886031885418724,3.979337971884218e-05,0.009255633329424463,0.8166677772276182,0.12970107436375042,0.005960964964340374,0.00010646136590992475
P16,25,C,beta,1799551287-β-8,P16-T25-Cβ,11,64,E4,9,9,R4,R,False,64,True,R4,True,0.6439602619736553,False,0.4767458438873291,valid,False,0.00039219406024867455,0.0005810062502271778,5.5445042125332114e-05,5.029860741655386e-06,5.768651171069083e-07,0.0005413842281930831,0.011492489932991632,0.31284349311475146,0.6439602619736553,0.030128118671948447
P16,25,C,beta,1799551287-β-8,P16-T25-Cβ,12,60,C4,7,7,R3,R,False,60,True,R3,True,0.7275463861443567,False,1.0908598899841309,valid,False,0.0030176150635813173,0.021485713936539048,0.0026017098524637404,0.00020112450485348522,2.3672775641669484e-05,0.0019598315257914204,0.2025598541299264,0.7275463861443567,0.040231330975156424,0.0003727610916898674
P16,25,C,beta,1799551287-β-8,P16-T25-Cβ,13,57,A3,5,5,L5,L,False,57,True,L5,True,0.6694049569030821,False,0.7294750213623047,valid,False,0.0029281403916105874,0.005944963920487903,0.02282581373736802,0.29706460489057274,0.6694049569030821,0.00034372051107666883,0.0010774554107315208,0.00038555099137476236,2.4541623225767367e-05,2.5162047000384366e-07
P16,25,C,beta,1799551287-β-8,P16-T25-Cβ,14,60,C4,7,7,L3,L,False,60,True,L3,True,0.7240660060055083,False,0.8221330642700195,valid,False,0.0026477352907299458,0.12124859791660964,0.7240660060055083,0.11968730579175511,0.0056664946287965975,0.0016755115882100917,0.02120736123052967,0.0036331062858219916,0.00016380052002820626,4.080742010661908e-06
P16,25,C,beta,1799551287-β-8,P16-T25-Cβ,15,57,A3,5,5,L4,L,False,57,True,L4,True,0.6099888149022545,False,0.6660060882568359,valid,False,0.001704787757825996,0.03918959616766724,0.3087622200029016,0.6099888149022545,0.029638900324501664,0.00022156272193341698,0.008442374712629971,0.0019157481263660044,0.00013395777287909913,2.037511040448242e-06
P16,25,C,beta,1799551287-β-8,P16-T25-Cβ,16,60,C4,7,7,L2,L,False,60,True,L2,True,0.851349802819076,False,0.6195669174194336,valid,False,0.0042955892658527,0.851349802819076,0.06581337553338308,0.002792181230013775,0.0002634035672376259,0.0007763305315691089,0.05037663950415127,0.022702182844914466,0.0015998040654717157,3.069063833026092e-05
P16,25,C,beta,1799551287-β-8,P16-T25-Cβ,17,64,E4,9,9,R2,R,False,64,True,R2,True,0.7976066878690531,False,0.44893789291381836,valid,False,0.00025944126265127444,0.0009063271931368422,9.457289214220853e-05,7.024267101480077e-06,8.780038274831307e-07,0.007216603928214774,0.7976066878690531,0.18156534266598048,0.011960572360467166,0.0003825495574253224
P16,25,C,beta,1799551287-β-8,P16-T25-Cβ,18,59,B3,6,6,L1,L,False,59,True,L2,True,0.4653932779715477,False,0.7485508918762207,valid,False,0.4653932779715477,0.4843863379494999,0.02945556354550909,0.0016534810737729078,0.00023290673307448573,0.0005501048287481109,0.01537096331892976,0.0027513780423510025,0.00020047569780288165,5.510838763758528e-06
P16,25,C,beta,1799551287-β-8,P16-T25-Cβ,19,55,G3,4,4,L2,L,False,55,True,L2,True,0.7792713452781672,False,0.6388130187988281,valid,False,0.020639092855214463,0.7792713452781672,0.184631013241958,0.013175503504428048,0.0016576726174817734,0.0001886562153888775,0.0003802161252861186,5.277906359921821e-05,3.6149536502089295e-06,1.0614482612907506e-07
P16,25,C,beta,1799551287-β-8,P16-T25-Cβ,20,60,C4,7,7,L3,L,False,60,True,L3,True,0.7590461521032803,False,0.8412208557128906,valid,False,0.0023991606534267793,0.1472398046857331,0.7590461521032803,0.07166930709788619,0.002806849224998705,0.003825807608428897,0.011751647983745023,0.0011636583281023497,9.529618691872482e-05,2.316127480039536e-06
P16,25,C,beta,1799551287-β-8,P16-T25-Cβ,21,64,E4,9,9,R2,R,False,64,True,R2,True,0.8481544045693873,False,0.5284421443939209,valid,False,0.00037506086146660555,0.0007511622873615751,9.662311314009792e-05,8.42175281219829e-06,1.041727542154128e-06,0.007783178073922739,0.8481544045693873,0.13470169947495797,0.007870036498374474,0.000258371641034692
P16,25,C,beta,1799551287-β-8,P16-T25-Cβ,22,60,C4,7,7,R3,R,False,60,True,R3,True,0.796536022069314,False,0.5224733352661133,valid,False,0.00560313733384247,0.025628750988813676,0.00261240787569011,0.0002187714620727464,2.6062125960399424e-05,0.002138858667410614,0.10645001931969916,0.796536022069314,0.05987395907052324,0.0009120110866737231
P16,25,C,beta,1799551287-β-8,P16-T25-Cβ,23,57,A3,5,5,L2,L,False,57,True,L2,True,0.8698882642164029,False,0.5064342021942139,valid,False,0.02283660592392426,0.8698882642164029,0.06460971403000813,0.003928920756362217,0.0005531823149537349,0.000428783385099551,0.017065651413488793,0.018961503916291002,0.0017013513394914942,2.6022703978135262e-05
P16,25,C,beta,1799551287-β-8,P16-T25-Cβ,24,62,D4,8,8,R4,R,False,62,True,R4,True,0.6887808723974538,False,0.5340890884399414,valid,False,0.00149991610206828,0.0037136744371353433,0.00033334219289939154,3.275873252944397e-05,4.267737858199042e-06,0.0018373345541774092,0.01585226175106641,0.2762798467906498,0.6887808723974538,0.011665725304161786
P16,25,C,beta,1799551287-β-8,P16-T25-Cβ,25,59,B3,6,6,L1,L,False,59,True,L1,True,0.5467199191821769,False,0.9277119636535645,valid,False,0.5467199191821769,0.3970001428631439,0.03194247537427675,0.002021695752222253,0.0003084907686398362,0.0003687590760671115,0.007583873391785332,0.01297980651510709,0.0010607100523561143,1.4127024224779935e-05
P16,25,C,beta,1799551287-β-8,P16-T25-Cβ,26,60,C4,7,7,L2,L,False,60,True,L2,True,0.7641117421801513,False,0.6435530185699463,valid,False,0.007981571834204722,0.7641117421801513,0.11659589154934608,0.0058049676239793424,0.0005266147817587098,0.0022226808065375393,0.06783947814685476,0.03304973271844293,0.001830661261136233,3.6659097588254436e-05
P16,25,C,beta,1799551287-β-8,P16-T25-Cβ,27,60,C4,7,7,R2,R,False,60,True,R2,True,0.7670285287439887,False,0.47846508026123047,valid,False,0.006178376574935081,0.0739062824116926,0.00944840396692348,0.000674250102361254,8.729128583820689e-05,0.008721976149131398,0.7670285287439887,0.12721083585952847,0.006591927766878126,0.0001521271387226037
P16,25,C,beta,1799551287-β-8,P16-T25-Cβ,28,65,F4,10,10,R2,R,False,65,True,R2,True,0.8511652492160728,False,0.6196942329406738,valid,False,9.710171696802349e-05,0.00020848919097214363,3.427312677330097e-05,2.2577338096161764e-06,2.2821298878479793e-07,0.004867039150113204,0.8511652492160728,0.13517987407215237,0.008218903480462747,0.00022658409968697837
P16,25,C,beta,1799551287-β-8,P16-T25-Cβ,29,62,D4,8,8,R4,R,False,62,True,R4,True,0.7086718588227378,False,0.592404842376709,valid,False,0.001032560026062424,0.000327388610249039,3.7756131103453495e-05,3.2908565348872037e-06,4.911246930919033e-07,0.001653746632543751,0.012215369806454395,0.2575450173443282,0.7086718588227378,0.018512520645292734
P16,26,B,beta,1799551287-β-7,P16-T26-Bβ,0,62,D4,8,8,R1,R,False,62,True,R1,True,0.5227794423401189,False,0.7768969535827637,valid,False,0.0011164811717989096,0.0016471137687452003,0.00013795326077227824,1.655875454896223e-05,1.9750375435722687e-06,0.5227794423401189,0.44548325478935186,0.02602765583710128,0.002662218129962932,0.0001273469100562283
P16,26,B,beta,1799551287-β-7,P16-T26-Bβ,1,64,E4,9,9,R2,R,False,64,True,R2,True,0.8071023644536216,False,1.1191821098327637,valid,False,0.00020968145847793511,0.00023035861911766936,2.7693723106879107e-05,2.7215614684473684e-06,2.7741667043861287e-07,0.014191717280436103,0.8071023644536216,0.1696013199231318,0.00844395251029293,0.0001899130536761226
P16,26,B,beta,1799551287-β-7,P16-T26-Bβ,2,60,C4,7,7,L3,L,False,60,True,L3,True,0.69102748974998,False,1.3305540084838867,valid,False,0.002963232856905203,0.19022705134942622,0.69102748974998,0.06524696981697363,0.002358862722254393,0.0022663703919521207,0.0374746314141147,0.008001745230883288,0.0004259252648144325,7.72120269605331e-06
P16,26,B,beta,1799551287-β-7,P16-T26-Bβ,3,59,B3,6,6,L5,L,False,59,True,L5,True,0.584946898385531,False,0.8992745876312256,valid,False,0.0031250260907974853,0.010076135041573377,0.045714571564141854,0.3551640900973289,0.584946898385531,0.00047740644547659294,0.0004291779731218658,6.034772675627538e-05,5.867013645261871e-06,4.796616273419149e-07
P16,26,B,beta,1799551287-β-7,P16-T26-Bβ,4,62,D4,8,8,R5,R,False,62,True,R5,True,0.8491776231621524,False,0.985875129699707,valid,False,0.0009367503132533087,0.0003621373855685022,2.689723943135654e-05,3.1019273930109408e-06,5.781185416210106e-07,0.0020553814500399005,0.0013867741370606548,0.012642101609581985,0.1334086546569773,0.8491776231621524
P16,26,B,beta,1799551287-β-7,P16-T26-Bβ,5,60,C4,7,7,L3,L,False,60,True,L3,True,0.6498293980720325,False,0.8768031597137451,valid,False,0.0032787934850640435,0.25896938858819346,0.6498293980720325,0.048265154623676615,0.0018161336330177723,0.002856277095646827,0.02360674895777757,0.010369661174059122,0.0009732895558196504,3.515481471245689e-05
P16,26,B,beta,1799551287-β-7,P16-T26-Bβ,6,59,B3,6,6,L1,L,False,59,True,L1,True,0.5615668528956874,False,0.9770679473876953,valid,False,0.5615668528956874,0.3917918987715343,0.03554255917192629,0.0019169412722330732,0.0002300935826669595,0.0051525081315071395,0.003355420119427319,0.0004028185076696535,3.958641909649484e-05,1.3211282512699293e-06
P16,26,B,beta,1799551287-β-7,P16-T26-Bβ,7,60,C4,7,7,L2,L,False,60,True,L2,True,0.6431475194897259,False,1.2309188842773438,valid,False,0.016372697401956172,0.6431475194897259,0.06320441281280637,0.00433349389891506,0.00040916946115537433,0.025188161986469365,0.20724933224730177,0.03757632213960401,0.0024753309931938236,4.355956887226597e-05
P16,26,B,beta,1799551287-β-7,P16-T26-Bβ,8,64,E4,9,9,R1,R,False,64,True,R2,True,0.43479404247780834,False,0.789621114730835,valid,False,0.0004416830596012014,0.0018127997137745097,0.0001781503278551813,1.750747149492124e-05,2.187212128921144e-06,0.43479404247780834,0.510235535490183,0.04817655314366793,0.003876266520487472,0.00046527458299854923
P16,26,B,beta,1799551287-β-7,P16-T26-Bβ,9,59,B3,6,6,L2,L,False,59,True,L2,True,0.736697892089017,False,0.6683499813079834,valid,False,0.015163353829524752,0.736697892089017,0.14477200204454863,0.00845840063246683,0.0008651607987740705,0.02960155329000553,0.05689428696715058,0.006925152719654844,0.000603602207549372,1.8595421308249403e-05
P16,26,B,beta,1799551287-β-7,P16-T26-Bβ,10,57,A3,5,5,L3,L,False,57,True,L3,True,0.6789470469575853,False,0.8541629314422607,valid,False,0.006299959077301033,0.24350012421550188,0.6789470469575853,0.048450523232452546,0.005605768998129359,0.0021511182762139563,0.01223455857176285,0.0026131153695577313,0.00019408542878392404,3.699872711244398e-06
P16,26,B,beta,1799551287-β-7,P16-T26-Bβ,11,62,D4,8,8,R1,R,False,62,True,R2,True,0.4115526698147199,False,1.1103789806365967,valid,False,0.0013552588234980556,0.012194834139541063,0.0019346704591242216,0.00017550934434123732,2.0786183246021297e-05,0.4115526698147199,0.5026715660398806,0.06536173572740521,0.00448140676246926,0.0002515627057744949
P16,26,B,beta,1799551287-β-7,P16-T26-Bβ,12,64,E4,9,9,R3,R,False,64,True,R3,True,0.715764873848122,False,0.6292307376861572,valid,False,0.00047806465321757947,0.0011357209436704866,0.00010788944048045324,9.787509221926622e-06,1.222755603990875e-06,0.004435203953355412,0.19740399196212302,0.715764873848122,0.07956918459630145,0.0010940603379034366
P16,26,B,beta,1799551287-β-7,P16-T26-Bβ,13,59,B3,6,6,L2,L,False,59,True,L2,True,0.8823755514101207,False,0.6623187065124512,valid,False,0.02054500325218984,0.8823755514101207,0.07099558987186015,0.0043172462662221045,0.0004242712705186885,0.0055660321412087455,0.013519576747753993,0.002088191542016387,0.0001651606018105575,3.37689629880016e-06
P16,26,B,beta,1799551287-β-7,P16-T26-Bβ,14,60,C4,7,7,R2,R,False,60,True,R2,True,0.6710751751319107,False,1.0242979526519775,valid,False,0.013948437797898176,0.05849148365949556,0.006226915869313405,0.0005879467862051685,7.057221022628365e-05,0.01279278276180291,0.6710751751319107,0.21895827031866008,0.017617296324397208,0.00023111914009059788
P16,26,B,beta,1799551287-β-7,P16-T26-Bβ,15,62,D4,8,8,R4,R,False,62,True,R4,True,0.7529268975067284,False,1.114140272140503,valid,False,0.0017018971318703948,0.006986419137909506,0.0007741173061234269,7.022633761743092e-05,7.476190870784155e-06,0.0017090661607012782,0.010266176317086168,0.2174641840037884,0.7529268975067284,0.008093539907304274
P16,26,B,beta,1799551287-β-7,P16-T26-Bβ,16,57,A3,5,5,L3,L,False,57,True,L3,True,0.7130037493748836,False,0.7764101028442383,valid,False,0.007122295423025748,0.2304972984347313,0.7130037493748836,0.03845492126276639,0.003971675461725726,6.237961462605547e-05,0.002077143687389898,0.004119335897877133,0.0006701346690911815,2.1066173883028803e-05
P16,26,B,beta,1799551287-β-7,P16-T26-Bβ,17,60,C4,7,7,R3,R,False,60,True,R3,True,0.7188663619580778,False,0.7906570434570312,valid,False,0.005230069231887919,0.04540613525285291,0.004843683446298918,0.0004221795733917174,4.996380975538118e-05,0.002123149926100897,0.13944572729412755,0.7188663619580778,0.08290335020300699,0.0007093793044997493
P16,26,B,beta,1799551287-β-7,P16-T26-Bβ,18,62,D4,8,8,R1,R,False,62,True,R1,True,0.3551182570659287,True,0.8876979351043701,valid,False,0.0021693709894691124,0.00643292580780844,0.0007500997003395272,7.082458112553765e-05,7.802961472116058e-06,0.3551182570659287,0.529774186474274,0.09873612153625425,0.0067696599214857175,0.00017075096184268067
P16,26,B,beta,1799551287-β-7,P16-T26-Bβ,19,59,B3,6,6,L5,L,False,59,True,L5,True,0.7285360478849624,False,1.1982617378234863,valid,False,0.003422809130011223,0.004742366038613807,0.018624210892891353,0.24106121113815643,0.7285360478849624,0.0005388261353140646,0.0019665251469663174,0.0010237449061304086,8.154351199156838e-05,2.7152149625236554e-06
P16,26,B,beta,1799551287-β-7,P16-T26-Bβ,20,52,E3,2,2,L4,L,False,52,True,L4,True,0.7972761936071531,False,0.7882716655731201,valid,False,0.0009076638625301845,0.01131930451308697,0.11230306566944494,0.7972761936071531,0.07818932400110143,2.2646621783179884e-06,1.7539076571100205e-06,3.923873909305081e-07,3.575408173416079e-08,1.6353752745990593e-09
P16,26,B,beta,1799551287-β-7,P16-T26-Bβ,21,50,D3,1,1,L2,L,False,50,True,L2,True,0.7296980441371124,False,0.8131332397460938,valid,False,0.004346411713127848,0.7296980441371124,0.22875025305405014,0.03083291444874309,0.006368238966283498,1.6623027246677509e-06,2.033512361203438e-06,4.0652335330673546e-07,3.406060263340596e-08,1.2816411028969803e-09
P16,26,B,beta,1799551287-β-7,P16-T26-Bβ,22,52,E3,2,2,L4,L,False,52,True,L4,True,0.6142511053587476,False,0.9262409210205078,valid,False,0.0004558243373958637,0.01593215556088702,0.28726461973001277,0.6142511053587476,0.08208153981494956,5.3039178862179425e-06,8.411187669219465e-06,9.68660673958803e-07,6.91248554630447e-08,2.306922462336715e-09
P16,26,B,beta,1799551287-β-7,P16-T26-Bβ,23,55,G3,4,4,L2,L,False,55,True,L2,True,0.6623065247887787,False,0.7808482646942139,valid,False,0.009374249279972127,0.6623065247887787,0.2975935047114189,0.025938503260202406,0.003979783997478836,0.00015616917335483865,0.0005480644719076811,9.591705006577672e-05,7.124102520148648e-06,1.5916430078593025e-07
P16,26,B,beta,1799551287-β-7,P16-T26-Bβ,24,57,A3,5,5,L1,L,False,57,True,L1,True,0.5154522163320365,False,1.0380911827087402,valid,False,0.5154522163320365,0.4392394046562128,0.03828448050548926,0.004242041356269412,0.0004168806143625838,0.0006356524682920836,0.0014659280155662469,0.0002478440912889947,1.5071414712574008e-05,4.805457694316137e-07
P16,26,B,beta,1799551287-β-7,P16-T26-Bβ,25,64,E4,9,9,R3,R,False,64,True,R3,True,0.6919907205205399,False,0.6617069244384766,valid,False,0.00041897884057601637,0.00036044083531730183,3.99379829559149e-05,4.605852718406964e-06,4.348856416812816e-07,0.003968278545147849,0.2155908000853778,0.6919907205205399,0.08645054755408099,0.0011752548976441837
P16,26,B,beta,1799551287-β-7,P16-T26-Bβ,26,60,C4,7,7,L2,L,False,60,True,L2,True,0.7820038928325191,False,1.2072460651397705,valid,False,0.013761291933030368,0.7820038928325191,0.1016829580869232,0.005707948736482594,0.0004780020387079515,0.004036827294059883,0.08391499783168088,0.007860574682416528,0.0005374835246496071,1.602303952998846e-05
P16,26,B,beta,1799551287-β-7,P16-T26-Bβ,27,60,C4,7,7,R1,R,False,60,True,R1,True,0.5099173643963038,False,0.8210580348968506,valid,False,0.006472267716017695,0.03922562597908045,0.0049246277203704985,0.00044675214750431667,4.56956890059418e-05,0.5099173643963038,0.3557572733918363,0.07780834456050349,0.005125605590248115,0.0002764428091293985
P16,26,B,beta,1799551287-β-7,P16-T26-Bβ,28,62,D4,8,8,R2,R,False,62,True,R2,True,0.6020694663141094,False,0.8002910614013672,valid,False,0.0014880108299153507,0.00604243985577202,0.0006979364900684832,6.331536990500916e-05,6.740459584306428e-06,0.040839429407467,0.6020694663141094,0.33042272885010365,0.017820916134731815,0.0005490162883428686
P16,26,B,beta,1799551287-β-7,P16-T26-Bβ,29,64,E4,9,9,R3,R,False,64,True,R3,True,0.5250488424539906,False,0.7478642463684082,valid,False,0.0003313606908865384,0.0009439823157428739,0.0001228847065284118,1.160280141782474e-05,1.0113100509218888e-06,0.009795604917837599,0.4130180478950525,0.5250488424539906,0.04957522889346599,0.001151434015026782
P16,27,A,beta,1799551287-β-5,P16-T27-Aβ,0,62,D4,8,8,R2,R,False,62,True,R3,False,0.23436782926055058,False,0.449099063873291,valid,False,0.002391185745775474,0.004727725911872769,0.0002653897728077665,2.7145182382059103e-05,2.995459661663355e-06,0.0008972561943323033,0.23436782926055058,0.7016567379521473,0.05424139200768313,0.001422342512786829
P16,27,A,beta,1799551287-β-5,P16-T27-Aβ,1,64,E4,9,9,R3,R,False,64,True,R4,True,0.40049475808776547,False,0.37668395042419434,valid,False,0.0005958520919285748,0.0006786821187804551,3.9652454767946546e-05,4.759548720273496e-06,4.489972660850673e-07,0.0004300094050425169,0.030330404975792636,0.40049475808776547,0.5404475421683252,0.026977890151610853
P16,27,A,beta,1799551287-β-5,P16-T27-Aβ,2,57,A3,5,5,L4,L,False,57,True,L2,False,0.006566959748447805,False,0.5053181648254395,valid,False,0.015832281329586445,0.8437269529611132,0.07841780277758705,0.006566959748447805,0.0008837802935287726,0.0003898417226564521,0.038693042558020564,0.01448492013648873,0.000985434240066674,1.8984232504297282e-05
P16,27,A,beta,1799551287-β-5,P16-T27-Aβ,3,60,C4,7,7,R1,R,False,60,True,R3,False,0.0018306229711226372,False,0.41545772552490234,valid,False,0.00692815306581643,0.023659089065064517,0.0015599539947810273,0.00017990188326193126,2.3983008463679296e-05,0.0018306229711226372,0.15519095560369128,0.7686658350779458,0.04145698278756096,0.000504522542291721
P16,27,A,beta,1799551287-β-5,P16-T27-Aβ,4,59,B3,6,6,L5,L,False,59,True,R3,False,0.00014315365158058363,False,0.5089900493621826,valid,False,0.009917962090054576,0.23573169111268696,0.010029670640598091,0.0012038777004245342,0.00014315365158058363,0.001131560432631705,0.11507081989639506,0.5932095824777437,0.033299679223323636,0.00026200277456113805
P16,27,A,beta,1799551287-β-5,P16-T27-Aβ,5,64,E4,9,9,R1,R,False,64,True,R3,False,0.0009985261136923106,False,0.436237096786499,valid,False,0.0003406722714980742,0.0005621980611400601,2.9132494764883805e-05,3.9426544303946865e-06,4.356509710868923e-07,0.0009985261136923106,0.31991334175671143,0.6165250354503797,0.06058812584856493,0.0010385896978470548
P16,27,A,beta,1799551287-β-5,P16-T27-Aβ,6,59,B3,6,6,L5,L,False,59,True,L2,False,0.0003550939890562805,False,0.38350725173950195,valid,False,0.011935903996718785,0.8366897940298006,0.0327680313237762,0.0029726487350163373,0.0003550939890562805,0.0011940120742864827,0.09772759390893283,0.015254409974681771,0.0010785725416929239,2.3939426037739893e-05
P16,27,A,beta,1799551287-β-5,P16-T27-Aβ,7,57,A3,5,5,L3,L,False,57,True,L3,True,0.664140869853591,False,0.4329569339752197,valid,False,0.005251397755804629,0.29575882556729255,0.664140869853591,0.019658194619578764,0.001698779171353135,0.00030297664354235156,0.011574483004140592,0.0015164762418222676,9.548052302640416e-05,2.5166198482003705e-06
P16,27,A,beta,1799551287-β-5,P16-T27-Aβ,8,55,G3,4,4,L1,L,False,55,True,L3,False,0.0071898661134620415,False,0.37203502655029297,valid,False,0.0071898661134620415,0.21864773922233754,0.7008399332528048,0.06617346292261146,0.005254153195948077,0.0001352268154746254,0.001505787573762907,0.00023451866740700284,1.8903562776197143e-05,4.0867341532022845e-07
P16,27,A,beta,1799551287-β-5,P16-T27-Aβ,9,57,A3,5,5,L3,L,False,57,True,L2,False,0.1026415985393131,False,0.3908851146697998,valid,False,0.015612567813324194,0.8551212693870617,0.1026415985393131,0.009691442643307199,0.001143297354425601,0.0004930573108670569,0.01351028859786737,0.0016597367084174282,0.00012294096391554912,3.8006815006179026e-06
P16,27,A,beta,1799551287-β-5,P16-T27-Aβ,10,59,B3,6,6,L1,L,False,59,True,L2,False,0.012157612574322636,False,0.3687880039215088,valid,False,0.012157612574322636,0.8368829320335444,0.04801168142742718,0.0028051144614728877,0.0002975916047604531,0.0010479145064135652,0.08271759167913025,0.014982151594938722,0.0010680628451509686,2.9347272838988258e-05
P16,27,A,beta,1799551287-β-5,P16-T27-Aβ,11,60,C4,7,7,R2,R,False,60,True,R3,False,0.1479343235583003,False,0.4273719787597656,valid,False,0.00914246741577521,0.07166457438492546,0.005138537035612297,0.0005470409675086844,4.571981809398288e-05,0.002162719042248661,0.1479343235583003,0.7343586543162285,0.028670812991249888,0.0003351504700568483
P16,27,A,beta,1799551287-β-5,P16-T27-Aβ,12,62,D4,8,8,R3,R,False,62,True,R2,False,0.21000231147132828,False,0.36510801315307617,valid,False,0.0027882335298671794,0.012734468644739323,0.0009113015174463283,0.00010509595780166775,8.441756763045798e-06,0.003958246256279185,0.7553026558991529,0.21000231147132828,0.013833850697150735,0.0003553942694712644
P16,27,A,beta,1799551287-β-5,P16-T27-Aβ,13,57,A3,5,5,L3,L,False,57,True,L3,True,0.7624048875178078,False,0.4617283344268799,valid,False,0.0034434633855176837,0.17129313545288266,0.7624048875178078,0.05662653904404431,0.002566411978226638,0.0004189217556888036,0.002855126175200753,0.0003665859619069314,2.4119058704734376e-05,8.096700197864481e-07
P16,27,A,beta,1799551287-β-5,P16-T27-Aβ,14,53,F3,3,3,L2,L,False,53,True,L4,False,0.026684102127773123,False,0.5790431499481201,valid,False,0.0018399098430773202,0.026684102127773123,0.24623059099599504,0.6430795661531302,0.08203470836537576,4.164971838705373e-05,7.813146579091361e-05,1.0740522498210572e-05,5.792426911631935e-07,2.156528114010051e-08
P16,27,A,beta,1799551287-β-5,P16-T27-Aβ,15,59,B3,6,6,L3,L,False,59,True,L2,False,0.09517078343539119,False,0.42652368545532227,valid,False,0.009450138365158118,0.8589176052561268,0.09517078343539119,0.007068674627207961,0.000615041258150847,0.0014641057063083946,0.023333056077211263,0.003727258578952076,0.0002455322435721718,7.804451920937553e-06
P16,27,A,beta,1799551287-β-5,P16-T27-Aβ,16,64,E4,9,9,R5,R,False,64,True,R3,False,0.0021147464394635353,False,0.36606693267822266,valid,False,0.00018941761899653382,0.0015176973933793087,0.00019992113106905444,1.96469663882355e-05,1.7769337109357353e-06,0.0010219968615465163,0.19257892198584944,0.7279029036081052,0.07445297106149139,0.0021147464394635353
P16,27,A,beta,1799551287-β-5,P16-T27-Aβ,17,62,D4,8,8,R4,R,False,62,True,R3,False,0.040816808659704565,False,0.3866608142852783,valid,False,0.0015708544491140018,0.011042715644046196,0.0010718345766424298,7.348835930622014e-05,4.838104468833751e-06,0.0020429766943984274,0.21546947061926341,0.7273237763690047,0.040816808659704565,0.0005832365240510811
P16,27,A,beta,1799551287-β-5,P16-T27-Aβ,18,64,E4,9,9,R3,R,False,64,True,R3,True,0.6924988230700498,False,0.5071191787719727,valid,False,0.0003068955831852703,0.0012337541525304057,0.0001496144747940319,1.3572718935784963e-05,8.585867254899739e-07,0.001135638410761672,0.26515287289965994,0.6924988230700498,0.03886246108910429,0.0006455090142531591
P16,27,A,beta,1799551287-β-5,P16-T27-Aβ,19,62,D4,8,8,R5,R,False,62,True,R2,False,0.0004338129260660089,False,0.5584750175476074,valid,False,0.0031307437912129876,0.012279790357519867,0.0007820040622588244,7.685034315535103e-05,8.176465364788445e-06,0.00176447612083891,0.6745897013830555,0.2912274730839455,0.015706971466582367,0.0004338129260660089
P16,27,A,beta,1799551287-β-5,P16-T27-Aβ,20,64,E4,9,9,R3,R,False,64,True,R3,True,0.6829080088158929,False,0.3554861545562744,valid,False,0.0002831918795586466,0.0011786242910175678,7.181658530863488e-05,7.345702457312446e-06,8.127345298384032e-07,0.0005837655156249039,0.25427924190783063,0.6829080088158929,0.059522843518599454,0.0011643490491801821
P16,27,A,beta,1799551287-β-5,P16-T27-Aβ,21,60,C4,7,7,L1,L,False,60,True,R2,False,0.01827996904248657,False,0.3478860855102539,valid,False,0.01827996904248657,0.14290665514345657,0.010274283042298249,0.000932061929113416,9.496230544238347e-05,0.0036314934450700155,0.6528826680391953,0.16233205847428736,0.008411871492557189,0.0002539770860930245
P16,27,A,beta,1799551287-β-5,P16-T27-Aβ,22,62,D4,8,8,R3,R,False,62,True,R3,True,0.7289098551677645,False,0.3751659393310547,valid,False,0.001865449068895346,0.007914678686877988,0.0005441937534541537,4.9368143506244e-05,5.246789045813882e-06,0.0007548495299855249,0.2010293050804021,0.7289098551677645,0.05818490864078093,0.0007421451392874362
P16,27,A,beta,1799551287-β-5,P16-T27-Aβ,23,57,A3,5,5,L3,L,False,57,True,L3,True,0.6094794644638614,False,0.3833799362182617,valid,False,0.007788164861350676,0.3481401943314793,0.6094794644638614,0.022034408536308298,0.0017024437861095465,0.00016128337992135522,0.0086333237956429,0.001945360017033154,0.00011369491793068875,1.6619103626806319e-06
P16,27,A,beta,1799551287-β-5,P16-T27-Aβ,24,55,G3,4,4,L2,L,False,55,True,L3,False,0.26663722244704485,False,0.3702425956726074,valid,False,0.006067401933965322,0.26663722244704485,0.6480923162323977,0.07181067554891013,0.005372026299503253,0.00010790591703985198,0.0016916805869608234,0.00020880283393663265,1.1694882866299963e-05,2.7331737512886237e-07
P16,27,A,beta,1799551287-β-5,P16-T27-Aβ,25,57,A3,5,5,L4,L,False,57,True,L2,False,0.013681393246683726,False,0.3265957832336426,valid,False,0.01669776564666861,0.8091924317761151,0.14489897167728272,0.013681393246683726,0.0018418838954898172,0.00042110338722575383,0.011436147483242214,0.001705846971483786,0.00012170490614914908,2.751009659085961e-06
P16,27,A,beta,1799551287-β-5,P16-T27-Aβ,26,60,C4,7,7,R4,R,False,60,True,R3,False,0.022368481417059008,False,0.5874881744384766,valid,False,0.00904264963342874,0.02821299513835352,0.002381816445270916,0.00027468326984131624,4.529601120746284e-05,0.002685490543082939,0.2369533790424805,0.6977517698222705,0.022368481417059008,0.0002834386770050986
P16,27,A,beta,1799551287-β-5,P16-T27-Aβ,27,62,D4,8,8,R5,R,False,62,True,R3,False,0.0009091358574391091,False,0.35257387161254883,valid,False,0.002488887448326898,0.004196988484151614,0.0003516792368433885,4.055745055553724e-05,5.8038174729695995e-06,0.0007207990162317758,0.16398822298295004,0.761251829419431,0.06604609628659769,0.0009091358574391091
P16,27,A,beta,1799551287-β-5,P16-T27-Aβ,28,59,B3,6,6,L2,L,False,59,True,L2,True,0.8324316978547684,False,0.3776509761810303,valid,False,0.012642070235074139,0.8324316978547684,0.02274513266851219,0.0015594780374107039,0.0002470748546881139,0.0008581974953425023,0.1015856695787129,0.026543898202834513,0.001359087665870733,2.7693406785717504e-05
P16,27,A,beta,1799551287-β-5,P16-T27-Aβ,29,57,A3,5,5,L5,L,False,57,True,L2,False,0.0023071608202860864,False,0.35275912284851074,valid,False,0.019364379131368233,0.7702123501162377,0.16184939724373404,0.017933424393645755,0.0023071608202860864,0.0005457119205544338,0.023497445829403277,0.004082323273775396,0.0002030752310441665,4.732039950827821e-06
