participant,trial_index,condition,level,sequence,quiz_name,event_index,target_note,target_note_name,target_key_id,actual_key_id,target_finger,target_hand,timed_out,actual_note,key_correct,actual_finger,finger_correct,target_finger_probability,manually_corrected,rt_s,validity,suspected_carryover,p_L1,p_L2,p_L3,p_L4,p_L5,p_R1,p_R2,p_R3,p_R4,p_R5
P08,1,B,gamma,1799551287-γ-1,P08-T01-Bγ,0,55,G3,4,4,L3,L,False,55,True,L2,False,0.05594290809385004,False,1.2675299644470215,valid,False,0.0516418129258382,0.8838891619517959,0.05594290809385004,0.007880029695830865,0.00044234359810139647,6.369593279127198e-05,0.0001229880198888648,1.536491942259935e-05,1.6357263416376625e-06,5.913613922488825e-08
P08,1,B,gamma,1799551287-γ-1,P08-T01-Bγ,1,60,C4,7,4,L5,L,False,55,False,L2,False,0.00041788937176195126,False,0.025235891342163086,valid,True,0.046873920638986585,0.904571596560841,0.041573438163775366,0.006343695326087756,0.00041788937176195126,6.678224530235764e-05,0.00013634885839364032,1.4515495538405502e-05,1.7423185681255956e-06,7.102074486923051e-08
P08,1,B,gamma,1799551287-γ-1,P08-T01-Bγ,2,57,A3,5,5,L2,L,False,57,True,L2,True,0.9480904487602786,False,1.5966062545776367,valid,False,0.028062941771377498,0.9480904487602786,0.020377878144740832,0.0017761532100841098,8.163068123027941e-05,0.0004130018634825704,0.001055959579738225,0.0001267485479982526,1.4617291639297158e-05,6.201494303871449e-07
P08,1,B,gamma,1799551287-γ-1,P08-T01-Bγ,3,48,C3,0,1,L4,L,False,50,False,L4,True,0.6370886397175046,False,2.254992961883545,valid,False,0.000231427367409757,0.0025520802163415514,0.31010433262896503,0.6370886397175046,0.05002267488771011,2.2859184567411703e-07,5.513773142709816e-07,5.869880422593805e-08,6.248986906743917e-09,2.6511790052102314e-10
P08,1,B,gamma,1799551287-γ-1,P08-T01-Bγ,4,64,E4,9,9,R2,R,False,64,True,R2,True,0.754975454982364,False,1.5936341285705566,valid,False,9.391171219042857e-05,7.329119784746298e-05,2.4459669314790505e-06,3.3102562745910577e-07,4.662774716828771e-08,0.045910104697979986,0.754975454982364,0.17887464240898662,0.01904272690223438,0.0010270444780911868
P08,1,B,gamma,1799551287-γ-1,P08-T01-Bγ,5,69,A4,12,12,R5,R,False,69,True,R5,True,0.6946994075656874,False,1.8735461235046387,valid,False,5.094755439195111e-07,3.720356945908578e-07,1.852256656188076e-08,2.8263603905663086e-09,2.777565697910947e-10,0.0001936548063559799,0.005070701875008463,0.02318439086996828,0.2768509417450578,0.6946994075656874
P08,1,B,gamma,1799551287-γ-1,P08-T01-Bγ,6,53,F3,3,3,L2,L,False,53,True,L2,True,0.7692529913273264,False,1.399507999420166,valid,False,0.02851221667136532,0.7692529913273264,0.1616478013569603,0.03535429565645757,0.005183185884451477,3.3169409056898435e-05,1.391789165411365e-05,1.960452240948638e-06,4.1196173168968236e-07,4.938875542734134e-08
P08,1,B,gamma,1799551287-γ-1,P08-T01-Bγ,7,53,F3,3,3,L2,L,False,53,True,L2,True,0.8188957238757888,False,0.7166547775268555,valid,False,0.034185293928318414,0.8188957238757888,0.12005581437896344,0.0242388508881254,0.0025804318134215547,3.155886392583902e-05,1.0336817469499384e-05,1.7086644354577208e-06,2.6072528690951966e-07,2.0044264825283354e-08
P08,1,B,gamma,1799551287-γ-1,P08-T01-Bγ,8,65,F4,10,10,R2,R,False,65,True,R2,True,0.8011793353380527,False,1.4607880115509033,valid,False,6.0316883383484025e-06,1.8848346350766149e-06,1.1929451711949708e-07,2.408514762228028e-08,6.433993182969924e-09,0.036669002041157285,0.8011793353380527,0.13783878964607743,0.021891201789283284,0.00241360484879775
P08,1,B,gamma,1799551287-γ-1,P08-T01-Bγ,9,50,D3,1,1,L4,L,False,50,True,L4,True,0.34474243578821573,True,2.3074870109558105,valid,False,0.004049659143573654,0.08167905263391724,0.494129473662429,0.34474243578821573,0.07539926864374341,9.1464143645919e-08,1.609177276902295e-08,2.1777846254749325e-09,3.458701488331531e-10,4.8549866821135916e-11
P08,1,B,gamma,1799551287-γ-1,P08-T01-Bγ,10,60,C4,7,7,L2,L,False,60,True,L2,True,0.9494583797033954,False,1.2105450630187988,valid,False,0.025450992342098182,0.9494583797033954,0.01314303151541045,0.00043862593886086676,9.057987583580296e-06,0.006892255511418002,0.003958605019421285,0.0005576028520858049,8.174846021951891e-05,9.700669506784566e-06
P08,1,B,gamma,1799551287-γ-1,P08-T01-Bγ,11,55,G3,4,4,L4,L,False,55,True,L4,True,0.7072669338164586,False,2.009348154067993,valid,False,0.0015315242679071843,0.015019416110972229,0.26018896437143824,0.7072669338164586,0.01582210721781777,8.834595826239817e-05,7.14618279319701e-05,1.0066000238628729e-05,1.1153446185160705e-06,6.508435450718311e-08
P08,1,B,gamma,1799551287-γ-1,P08-T01-Bγ,12,65,F4,10,10,R2,R,False,65,True,R2,True,0.7628515098529284,False,1.6327829360961914,valid,False,2.6464317144747475e-05,5.022570928878632e-05,6.454765387394961e-06,1.2030002896503617e-06,2.386884272445768e-08,0.025943972923248772,0.7628515098529284,0.18811686626800264,0.021694600371658424,0.0013086789232086224
P08,1,B,gamma,1799551287-γ-1,P08-T01-Bγ,13,67,G4,11,11,R5,R,False,67,True,R5,True,0.6974234970496148,False,2.239169120788574,valid,False,3.3776304607461895e-06,3.7369216273963893e-06,5.799276671743971e-07,9.210261942882873e-08,3.9075218847243654e-09,0.00029631931859150503,0.001872721697689378,0.033361175912025705,0.26703849553218206,0.6974234970496148
P08,1,B,gamma,1799551287-γ-1,P08-T01-Bγ,14,48,C3,0,0,L3,L,False,48,True,L3,True,0.6062345246342172,False,2.0978400707244873,valid,False,0.0017750808369364696,0.10429953623552568,0.6062345246342172,0.28351553406573515,0.004174833480108216,2.2358914225332544e-07,2.1762588691622982e-07,4.3937908793885385e-08,5.273938745917931e-09,3.2060046048717096e-10
P08,1,B,gamma,1799551287-γ-1,P08-T01-Bγ,15,50,D3,1,1,L5,L,False,50,True,L5,True,0.9097074288504988,False,1.3154420852661133,valid,False,0.00016760709805064235,0.00027993128690489126,0.003947660168763633,0.08589477847539843,0.9097074288504988,1.0733601673546838e-06,1.222476011941904e-06,2.5688630628665073e-07,3.9198308643775265e-08,2.1995893835786385e-09
P08,1,B,gamma,1799551287-γ-1,P08-T01-Bγ,16,62,D4,8,8,R3,R,False,62,True,R3,True,0.5618002840028455,False,1.8925528526306152,valid,False,0.0003486443485130938,0.0015374045943252965,0.00020415953023221266,2.4505600889906487e-05,1.039668278377522e-06,0.002632315410931228,0.27345755563733787,0.5618002840028455,0.15620143435798897,0.003792656848657555
P08,1,B,gamma,1799551287-γ-1,P08-T01-Bγ,17,53,F3,3,3,L4,L,False,53,True,L4,True,0.7274611510889193,False,1.2934279441833496,valid,False,0.0016658743521138345,0.015159742477286324,0.21910708809897045,0.7274611510889193,0.036218158064229025,9.620395329119989e-05,0.00022507300945993406,6.263447692105854e-05,3.964246804614901e-06,1.1023200434096404e-07
P08,1,B,gamma,1799551287-γ-1,P08-T01-Bγ,18,71,B4,13,13,R1,R,False,71,True,R1,True,0.8666455667744505,False,1.3572649955749512,valid,False,8.696461743794674e-08,7.536681974122508e-08,8.167318540476732e-09,1.5842967958848613e-09,3.2717036167765656e-11,0.8666455667744505,0.11268880583618457,0.0158731672455632,0.003613331099109657,0.0011789569289225414
P08,1,B,gamma,1799551287-γ-1,P08-T01-Bγ,19,62,D4,8,8,L2,L,False,62,True,R2,False,0.0004076252357874007,False,1.1445729732513428,valid,False,0.0003774301300091657,0.0004076252357874007,4.1693623879748185e-05,6.112575537215305e-06,6.772926752517948e-07,0.029447026391371575,0.7825774800642804,0.171158997351168,0.014918363944506805,0.0010645933907842211
P08,1,B,gamma,1799551287-γ-1,P08-T01-Bγ,20,72,C5,14,14,R3,R,False,72,True,R3,True,0.5040702475634731,False,2.297761917114258,valid,False,5.950358551775209e-09,3.3136700308124354e-09,2.461599370760341e-10,3.608876057291557e-11,3.407508828172606e-12,0.006956844731440039,0.33788839155194333,0.5040702475634731,0.1401503308713213,0.010934175732137466
P08,1,B,gamma,1799551287-γ-1,P08-T01-Bγ,21,60,C4,7,7,L4,L,False,60,True,L4,True,0.7336048574914666,False,2.5521469116210938,valid,False,0.0008696838987870359,0.005889676766603482,0.20396951417627757,0.7336048574914666,0.05047887990162934,0.0015339544174087726,0.0033133857187540388,0.00030058357086373556,3.607953551456303e-05,3.384522694935197e-06
P08,1,B,gamma,1799551287-γ-1,P08-T01-Bγ,22,62,D4,8,8,R5,R,False,62,True,R5,True,0.9680507384600849,False,1.8504912853240967,valid,False,7.118092714638529e-05,3.745123851768405e-05,5.714688446139698e-06,1.2498702933992318e-06,1.832396867722308e-07,0.0011790344653983147,0.0005248118307101025,0.0025994100142132967,0.027530225265503222,0.9680507384600849
P08,1,B,gamma,1799551287-γ-1,P08-T01-Bγ,23,57,A3,5,5,R3,R,False,57,True,R3,True,0.5778783095221451,False,1.417814016342163,valid,False,0.004783632482871427,0.0058087378477031295,0.0008182096407717723,0.00018625535123863616,1.830398120422053e-05,0.005792601742908792,0.1962448882809817,0.5778783095221451,0.20425379410302733,0.004215267047147931
P08,1,B,gamma,1799551287-γ-1,P08-T01-Bγ,24,57,A3,5,5,L1,L,False,57,True,L1,True,0.643693216077715,False,1.96769118309021,valid,False,0.643693216077715,0.3532663270582364,0.0014991217829058458,0.0001051068570687545,1.1189518803543499e-05,0.001235812507306761,0.00016320017568569457,2.3926281976419117e-05,1.925099238801105e-06,1.7464106282304245e-07
P08,1,B,gamma,1799551287-γ-1,P08-T01-Bγ,25,59,B3,6,6,R5,R,False,59,True,R5,True,0.8717142802260122,False,1.4211208820343018,valid,False,0.00025660493970012106,9.541320527109217e-05,2.9910721326202748e-05,7.3758930683450565e-06,3.3142023918388767e-06,0.003577065012907203,0.00234072733951606,0.013071858454636593,0.10890345000517022,0.8717142802260122
P08,1,B,gamma,1799551287-γ-1,P08-T01-Bγ,26,69,A4,12,12,R1,R,False,69,True,R3,False,0.02103266058430672,True,1.8675892353057861,valid,False,1.5191933777630227e-08,1.575915775026309e-08,3.4492810247685795e-09,7.851863590644677e-10,2.3649358662263386e-10,0.02103266058430672,0.46528738769915245,0.4295143933526237,0.07389574531439229,0.010269777627472512
P08,1,B,gamma,1799551287-γ-1,P08-T01-Bγ,27,71,B4,13,13,R1,R,False,71,True,R1,True,0.9446185298225633,False,1.642780065536499,valid,False,4.268649866031852e-09,3.6869670619854877e-09,6.88177645861007e-10,1.5665516850121369e-10,4.9109230488966474e-11,0.9446185298225633,0.041711679513737596,0.009122840134395592,0.0030980756908148186,0.0014488659889296215
P08,1,B,gamma,1799551287-γ-1,P08-T01-Bγ,28,62,D4,8,8,L3,L,False,62,True,R2,False,0.0005395118187235408,False,2.0366570949554443,valid,False,0.002595758113965946,0.00923415779379128,0.0005395118187235408,6.221926579575758e-05,5.423084184097562e-06,0.029456347223322406,0.8826329352304978,0.0710162988728314,0.004149174555979201,0.0003081740409084454
P08,1,B,gamma,1799551287-γ-1,P08-T01-Bγ,29,65,F4,10,10,R4,R,False,65,True,R4,True,0.8296252491248033,False,1.7754096984863281,valid,False,3.555410308054148e-06,3.4168851825319135e-06,6.898572207407261e-07,1.39279770781023e-07,2.3962369197326802e-08,0.0018236561765654312,0.015195116475946027,0.1317589466993141,0.8296252491248033,0.021589206128519653
P08,2,A,gamma,1799551287-γ-7,P08-T02-Aγ,0,69,A4,12,12,R3,R,False,69,True,R3,True,0.5787346976796305,False,3.4361438751220703,valid,False,3.84190174821708e-07,1.0618324975262247e-06,1.4150302453339467e-07,1.7628619713294038e-08,5.031743373596449e-10,0.006092074446995854,0.3305785048784086,0.5787346976796305,0.07991353018595504,0.004679587151519116
P08,2,A,gamma,1799551287-γ-7,P08-T02-Aγ,1,72,C5,14,14,R4,R,False,72,True,R5,False,0.17838712661767947,False,0.9436600208282471,valid,False,2.033652293655606e-09,2.0992586461130113e-09,3.5136734200297555e-10,5.2044699159293796e-11,2.874174265725034e-12,0.00046655681643395427,0.0028978122545988355,0.034603542365448145,0.17838712661767947,0.7836449574066424
P08,2,A,gamma,1799551287-γ-7,P08-T02-Aγ,2,57,A3,5,5,L4,L,False,57,True,L2,False,0.003914289811009773,False,0.7641711235046387,valid,False,0.017195262519139685,0.9388295228792904,0.03983053825641682,0.003914289811009773,0.00018723962055791927,1.4788561712923553e-05,2.2191071015445076e-05,5.411317743180872e-06,7.124634711344047e-07,4.349964261890608e-08
P08,2,A,gamma,1799551287-γ-7,P08-T02-Aγ,3,71,B4,13,13,R2,R,False,71,True,R4,False,0.016704277284248035,False,1.1543419361114502,valid,False,1.7261694592532297e-08,2.0015797060382623e-08,1.519663070783959e-09,2.312131224392124e-10,1.734194372003444e-11,0.0013626044049245148,0.016704277284248035,0.22490201341914506,0.6892918811567259,0.0677391846892469
P08,2,A,gamma,1799551287-γ-7,P08-T02-Aγ,4,48,C3,0,0,L1,L,False,48,True,L5,False,6.927993180199406e-05,False,1.5547289848327637,valid,False,6.927993180199406e-05,0.00040226343501331897,0.021101664127897903,0.32033006136627423,0.6580967164384683,1.1446777413158501e-08,3.018809245175213e-09,1.988633176860716e-10,3.28718853215639e-11,3.2224095351835093e-12
P08,2,A,gamma,1799551287-γ-7,P08-T02-Aγ,5,64,E4,9,9,R5,R,False,64,True,R2,False,0.00028178682967023867,False,1.0178041458129883,valid,False,0.0003393669101165705,0.0003052560284228956,5.371734539874656e-06,5.278996141482774e-07,4.420801647765238e-08,0.034240035324511295,0.8742755345955586,0.08591819159087559,0.00463388487867436,0.00028178682967023867
P08,2,A,gamma,1799551287-γ-7,P08-T02-Aγ,6,72,C5,14,14,R2,R,False,72,True,R5,False,0.00031436232428018636,False,0.9611539840698242,valid,False,3.418517943762115e-08,2.8171237162121908e-08,5.370315137576285e-10,3.537681908802313e-11,3.919863287765866e-12,0.00011751225685966363,0.00031436232428018636,0.007119168541160115,0.09209226368700855,0.9003566302579467
P08,2,A,gamma,1799551287-γ-7,P08-T02-Aγ,7,50,D3,1,1,L5,L,False,50,True,L4,False,0.13065872120178548,False,1.2312800884246826,valid,False,0.000552587348848424,0.004025256929077034,0.2907863316990601,0.5739766649777516,0.13065872120178548,2.3986843499567095e-07,1.8274638185605262e-07,1.4127161616334309e-08,1.0492748432573402e-09,5.222405238912226e-11
P08,2,A,gamma,1799551287-γ-7,P08-T02-Aγ,8,60,C4,7,7,L3,L,False,60,True,R2,False,0.0001381442899934835,False,0.7609350681304932,valid,False,0.005027927766627306,0.008851114998369686,0.0001381442899934835,1.3575934708428365e-05,1.6960444039180558e-06,0.0181840246038789,0.9164829278907826,0.047491152930589725,0.0036712912506522946,0.0001381442899934835
P08,2,A,gamma,1799551287-γ-7,P08-T02-Aγ,9,71,B4,13,13,R5,R,False,71,True,R4,False,0.1317105796149796,False,1.3063290119171143,valid,False,1.0470419177283282e-07,8.4981016044382e-08,1.3263461300116823e-09,1.3034478994871666e-10,1.988932528313351e-11,0.00047995599184602,0.0019482223334604549,0.1107103501824946,0.7551507007154312,0.1317105796149796
P08,2,A,gamma,1799551287-γ-7,P08-T02-Aγ,10,52,E3,2,2,L5,L,False,52,True,L4,False,0.04341014551939639,False,0.8933050632476807,valid,False,0.0012893791845428539,0.012519080383321984,0.42440711927428165,0.5183720260644198,0.04341014551939639,1.1779827121812485e-06,9.592998922277753e-07,9.812122847881848e-08,1.2758576848908269e-08,1.4116275751532853e-09
P08,2,A,gamma,1799551287-γ-7,P08-T02-Aγ,11,62,D4,8,8,L3,L,False,62,True,R2,False,4.7995309268702265e-05,False,0.9069030284881592,valid,False,0.0010412349523853314,0.0014381362487331565,4.7995309268702265e-05,7.036446488391077e-06,5.021297545771624e-07,0.02095769729642959,0.9376230509534302,0.03672097080993234,0.0020613229874547,0.00010205286612312968
P08,2,A,gamma,1799551287-γ-7,P08-T02-Aγ,12,57,A3,5,5,L4,L,False,57,True,L2,False,0.002369371050402671,False,0.871527910232544,valid,False,0.023164583531376712,0.9558725042005641,0.017507415610607577,0.002369371050402671,0.00016245155257744176,0.0003057663301634623,0.0005613697724582092,5.092631679595198e-05,5.208957914418103e-06,4.026771395541632e-07
P08,2,A,gamma,1799551287-γ-7,P08-T02-Aγ,13,67,G4,11,11,R2,R,False,67,True,R4,False,0.02593052004635757,False,1.2589776515960693,valid,False,2.0541107840582806e-06,3.074603451592623e-06,9.472057229592908e-08,1.5043277491413956e-08,1.259772580609482e-09,0.002180022257343323,0.02593052004635757,0.4264182427532013,0.5208284178285729,0.024637557376666865
P08,2,A,gamma,1799551287-γ-7,P08-T02-Aγ,14,62,D4,8,8,R2,R,False,62,True,R2,True,0.9336793595891091,False,0.8335123062133789,valid,False,0.0006316532316236094,0.001172493973208143,4.7793438499315324e-05,8.90745316171241e-06,6.356471661338434e-07,0.02355017099108716,0.9336793595891091,0.038058828505961595,0.002715926320014196,0.00013423085016914984
P08,2,A,gamma,1799551287-γ-7,P08-T02-Aγ,15,55,G3,4,4,L1,L,False,55,True,L2,False,0.03298860352220339,False,0.902493953704834,valid,False,0.03298860352220339,0.8425298216192247,0.10525742939852355,0.017398936056638083,0.0010165444261828458,0.0002120505299564521,0.0005806593900406339,1.4645957182833282e-05,1.226499696375652e-06,8.2600350840648e-08
P08,2,A,gamma,1799551287-γ-7,P08-T02-Aγ,16,57,A3,5,5,R3,R,False,57,True,L2,False,9.54540260297703e-05,False,0.9600613117218018,valid,False,0.03029217564902859,0.9447208147933371,0.018009320866069857,0.002161688111939723,0.0001671087384128669,0.0009082595809323435,0.003636019174307997,9.54540260297703e-05,8.659393874655064e-06,4.996660671061616e-07
P08,2,A,gamma,1799551287-γ-7,P08-T02-Aγ,17,62,D4,8,8,L1,L,False,62,True,R2,False,0.0003467736318873714,False,0.8421838283538818,valid,False,0.0003467736318873714,0.0002906411056050906,1.233066429375514e-05,1.9583243653227028e-06,3.1101603518302074e-07,0.02099604135312727,0.9385479181551153,0.036757192211999634,0.0028415052033731116,0.00020532833419781627
P08,2,A,gamma,1799551287-γ-7,P08-T02-Aγ,18,55,G3,4,4,L3,L,False,55,True,L2,False,0.02084329447452009,False,0.9150328636169434,valid,False,0.0428211563876843,0.93171995175372,0.02084329447452009,0.003732328451337225,0.0006169497434838387,0.00018298467342870394,7.114980384167532e-05,1.0856756092782788e-05,1.2520567104808978e-06,7.589918094680795e-08
P08,2,A,gamma,1799551287-γ-7,P08-T02-Aγ,19,53,F3,3,3,L5,L,False,53,True,L3,False,0.004318209449504495,False,0.8360550403594971,valid,False,0.020661186989907702,0.3246802451858951,0.6157498768830936,0.0345649733039795,0.004318209449504495,1.675693583391783e-05,7.772533057179199e-06,8.61221211211101e-07,1.1198348387493613e-07,5.514033451220499e-09
P08,2,A,gamma,1799551287-γ-7,P08-T02-Aγ,20,62,D4,8,8,R5,R,False,62,True,R2,False,0.00017307164100508087,False,0.7672519683837891,valid,False,0.00029626172651078206,0.0002394303477265061,1.7086053584090438e-05,2.607162723364142e-06,4.140628731666029e-07,0.020297693763458902,0.9443598323784758,0.03151637562565516,0.003097227237987036,0.00017307164100508087
P08,2,A,gamma,1799551287-γ-7,P08-T02-Aγ,21,67,G4,11,11,R1,R,False,67,True,R4,False,0.004101898938458896,False,3.216610908508301,valid,False,2.7655768204344907e-06,3.980595854250075e-06,1.2763655348391587e-07,2.285538596506412e-08,1.2326752397687116e-09,0.004101898938458896,0.026408244187473177,0.3851667052546979,0.574601203608074,0.009715050114006623
P08,2,A,gamma,1799551287-γ-7,P08-T02-Aγ,22,57,A3,5,5,R3,R,False,57,True,L2,False,9.279041107010018e-05,False,0.8740339279174805,valid,False,0.04392958567605044,0.9183586737746811,0.031899426337710236,0.004147841284453766,0.00021493664396472268,0.00032535911254598837,0.0010228450676579527,9.279041107010018e-05,8.087691236377176e-06,4.5400062942973493e-07
P08,2,A,gamma,1799551287-γ-7,P08-T02-Aγ,23,48,C3,0,0,L1,L,False,48,True,L5,False,3.809070562432627e-05,False,1.5696320533752441,valid,False,3.809070562432627e-05,0.00047723030683436725,0.016122953162026662,0.17075741420888807,0.8126040105020611,1.668950131111931e-07,1.2593356133603188e-07,7.069250598455988e-09,1.1227201845515888e-09,9.402020969181556e-11
P08,2,A,gamma,1799551287-γ-7,P08-T02-Aγ,24,65,F4,10,10,R3,R,False,65,True,R3,True,0.6268464476749297,False,0.8244359493255615,valid,False,3.718682909344677e-05,4.079081320785351e-05,1.2566593488545162e-06,1.7007034890916322e-07,7.215360588292378e-09,0.012134893051782713,0.24001504541350088,0.6268464476749297,0.11224697871715304,0.008677223555274106
P08,2,A,gamma,1799551287-γ-7,P08-T02-Aγ,25,67,G4,11,11,R1,R,False,67,True,R4,False,0.0030150163393080345,False,1.5165338516235352,valid,False,9.955732706581135e-06,7.86645938858717e-06,3.080811902950699e-07,2.9089094750242956e-08,1.4482607490896182e-09,0.0030150163393080345,0.027518342852203913,0.28001769430688817,0.6750945769961008,0.014336208694858207
P08,2,A,gamma,1799551287-γ-7,P08-T02-Aγ,26,59,B3,6,6,R4,R,False,59,True,L2,False,8.472026104764829e-05,False,1.0991559028625488,valid,False,0.037195963449366765,0.9453918556467398,0.0066299648571646035,0.0006014568422227047,2.8770621583252582e-05,0.0025077947569878294,0.006900538855853818,0.000651550418944474,8.472026104764829e-05,7.384290088994357e-06
P08,2,A,gamma,1799551287-γ-7,P08-T02-Aγ,27,57,A3,5,5,L5,L,False,57,True,L2,False,0.0001797320455595473,False,1.1424298286437988,valid,False,0.03979382808438706,0.9379642422478905,0.01861023739727188,0.002146227880387457,0.0001797320455595473,0.00032487850448766764,0.0008902186493592983,7.759221546549137e-05,1.2322995946162948e-05,7.199792448324142e-07
P08,2,A,gamma,1799551287-γ-7,P08-T02-Aγ,28,60,C4,7,7,L2,L,False,60,True,R2,False,0.014345499392525359,False,0.9240138530731201,valid,False,0.0054300762559789,0.014345499392525359,0.00019079347127878526,2.4808629114400406e-05,2.1623412372156394e-06,0.02140097029376717,0.8830980725086808,0.07105372363531855,0.004320781384018649,0.00013311208808012155
P08,2,A,gamma,1799551287-γ-7,P08-T02-Aγ,29,57,A3,5,5,R3,R,False,57,True,L2,False,4.9043394741230024e-05,False,0.9866471290588379,valid,False,0.028359164314295526,0.9580981580708723,0.011301666968491223,0.0011559820404353186,0.00010914808226881975,0.000477877996418612,0.00044261729959767774,4.9043394741230024e-05,5.886758538520057e-06,4.5507434087267134e-07
P08,3,C,beta,1799551287-β-2,P08-T03-Cβ,0,57,A3,5,5,L1,L,False,57,True,L1,True,0.676264866296364,False,0.9135110378265381,valid,False,0.676264866296364,0.3162663737331545,0.005792620693945905,0.000783945962297433,5.374980786162266e-05,0.0004036686656893433,0.00039716034559627314,3.195536522318452e-05,5.282186344107158e-06,3.76943523548892e-07
P08,3,C,beta,1799551287-β-2,P08-T03-Cβ,1,60,C4,7,7,R5,R,False,60,True,R5,True,0.8309893724610351,False,1.2336361408233643,valid,False,9.706966180068483e-05,3.3460722387167054e-05,3.2883051658990373e-06,5.888241392150038e-07,1.7735042256574398e-07,0.013689394237044397,0.0030728854492065825,0.02013816973233176,0.13197559325646682,0.8309893724610351
P08,3,C,beta,1799551287-β-2,P08-T03-Cβ,2,60,C4,7,7,R5,R,False,60,True,R5,True,0.8807289359159183,False,0.9451498985290527,valid,False,0.00016129008078967768,4.69228695298936e-05,2.6340041525575746e-06,4.7166097718136254e-07,1.2103235765413273e-07,0.006167530411337723,0.002097507847810857,0.013207038416544737,0.09758754776058129,0.8807289359159183
P08,3,C,beta,1799551287-β-2,P08-T03-Cβ,3,60,C4,7,7,L2,L,False,60,True,L2,True,0.9443731081194141,False,1.007110834121704,valid,False,0.021126355348837424,0.9443731081194141,0.009120469925795342,0.0005772506698745079,3.802624612045987e-05,0.007591062702255686,0.014739357983047964,0.0020761626908821352,0.00032973081474511917,2.8475499027379425e-05
P08,3,C,beta,1799551287-β-2,P08-T03-Cβ,4,64,E4,9,9,R3,R,False,64,True,R3,True,0.5078314469737604,False,0.7719306945800781,valid,False,0.00013505411210305341,0.00015085644247405438,4.6548275981870675e-06,5.58726537050466e-07,4.2980515697209317e-08,0.004757546313617737,0.3404095989137964,0.5078314469737604,0.14119608460182376,0.005514156107773506
P08,3,C,beta,1799551287-β-2,P08-T03-Cβ,5,59,B3,6,6,L5,L,False,59,True,L5,True,0.609310385182054,False,1.005739688873291,valid,False,0.0005540342569772305,0.0020632972254334614,0.03856433175806604,0.34804361471320194,0.609310385182054,0.0005540342569772305,0.0007963852733853878,0.00010355295046086476,9.777492695150496e-06,5.868907486487135e-07
P08,3,C,beta,1799551287-β-2,P08-T03-Cβ,6,57,A3,5,5,L4,L,False,57,True,L4,True,0.5127862425546698,False,0.7984619140625,valid,False,0.0010141716748469027,0.016948876678511332,0.454800598189138,0.5127862425546698,0.011462342254120919,0.0006018258479734157,0.001973599587363808,0.0003678276022067315,4.241976274563162e-05,2.09584842355842e-06
P08,3,C,beta,1799551287-β-2,P08-T03-Cβ,7,60,C4,7,7,R3,R,False,60,True,R3,True,0.5815463696315745,False,0.74446702003479,valid,False,0.0009228678170528595,0.0011339314006166554,4.8107880005623844e-05,7.952179079627124e-06,9.170860148743465e-07,0.0030781133004328725,0.27196971282618243,0.5815463696315745,0.13778447792653367,0.003507549952506957
P08,3,C,beta,1799551287-β-2,P08-T03-Cβ,8,60,C4,7,7,R3,R,False,60,True,R3,True,0.5572895064622692,False,0.7066919803619385,valid,False,0.0013223062798312845,0.003907600791903545,0.00021078531354210494,2.852669011033896e-05,5.994067405220274e-06,0.0031997889840727966,0.31832881727908086,0.5572895064622692,0.11251481086969214,0.0031918632620925613
P08,3,C,beta,1799551287-β-2,P08-T03-Cβ,9,65,F4,10,10,R1,R,False,65,True,R3,False,0.007581039660683108,False,0.8491830825805664,valid,False,9.681687446352652e-06,6.901170203412666e-06,1.7406804237429728e-07,2.994751264623097e-08,7.384965696163433e-09,0.007581039660683108,0.3664769814487955,0.5046856261431697,0.11488546929576829,0.0063540891934128554
P08,3,C,beta,1799551287-β-2,P08-T03-Cβ,10,60,C4,7,7,L5,L,False,60,True,L5,True,0.369668039032026,True,1.4704980850219727,valid,False,0.002105501513008506,0.0037158424083907206,0.07170822184502347,0.5514799105565934,0.369668039032026,0.0012232371724159483,8.651870991100155e-05,1.1249916316592014e-05,1.2465262591903496e-06,2.3232005516283763e-07
P08,3,C,beta,1799551287-β-2,P08-T03-Cβ,11,57,A3,5,5,L4,L,False,57,True,L3,True,0.4802559785745734,False,0.8702259063720703,valid,False,0.001365897081179162,0.018238014746084982,0.4802559785745734,0.4802559785745734,0.018808694765555974,0.000730844298140861,0.0002935577929526927,4.479401467240885e-05,5.824507982922613e-06,4.156442842026628e-07
P08,3,C,beta,1799551287-β-2,P08-T03-Cβ,12,52,E3,2,2,L3,L,False,52,True,L3,True,0.6088134070540371,False,0.7712059020996094,valid,False,0.010462724849972417,0.284721590792691,0.6088134070540371,0.09289890216858432,0.0031003401410900845,2.071790655028267e-06,8.181309311858921e-07,1.2993344870940165e-07,1.383252061844123e-08,1.3060696841606757e-09
P08,3,C,beta,1799551287-β-2,P08-T03-Cβ,13,55,G3,4,4,L4,L,False,55,True,L4,True,0.6466890574558454,False,0.8577728271484375,valid,False,0.0016948445597726827,0.014169337913941728,0.3024347608867811,0.6466890574558454,0.03487832540538553,7.89124530628246e-05,4.558692152422966e-05,8.163074432487353e-06,9.414075469693173e-07,6.992170707138982e-08
P08,3,C,beta,1799551287-β-2,P08-T03-Cβ,14,60,C4,7,7,R2,R,False,60,True,R2,True,0.7861652172967715,False,0.8012590408325195,valid,False,0.0004101879875250131,0.00039343750991731856,3.569184564698207e-05,6.3912013118566714e-06,4.7469739051973994e-07,0.026236904030263568,0.7861652172967715,0.16520167007743902,0.02063867969833466,0.0009113456553994599
P08,3,C,beta,1799551287-β-2,P08-T03-Cβ,15,57,A3,5,5,L5,L,False,57,True,L5,True,0.7136804086948845,False,0.8508279323577881,valid,False,0.0012942197806505586,0.0025467909962143855,0.03698214598595734,0.24236267353323426,0.7136804086948845,0.0012214071048299757,0.0016996719388010333,0.00018832901899898594,2.2605438846413373e-05,1.7475075826288703e-06
P08,3,C,beta,1799551287-β-2,P08-T03-Cβ,16,62,D4,8,8,R1,R,False,62,True,R1,True,0.8260239244194404,False,0.928555965423584,valid,False,0.00013335440460627665,5.3751900056526516e-05,3.835803829101717e-06,6.599303474297407e-07,1.090857527338214e-07,0.8260239244194404,0.14791292222852362,0.022570048445660153,0.0029347543038528118,0.0003666394779310348
P08,3,C,beta,1799551287-β-2,P08-T03-Cβ,17,67,G4,11,11,R2,R,False,67,True,R2,True,0.8719514413640034,False,1.2252240180969238,valid,False,4.960355697898358e-07,3.82314777369992e-07,2.4197378329769193e-08,3.6922805183788015e-09,7.758813219032454e-10,0.06797807226208791,0.8719514413640034,0.05302342175549412,0.006114932531804597,0.0009312250707226518
P08,3,C,beta,1799551287-β-2,P08-T03-Cβ,18,60,C4,7,7,R1,R,False,60,True,R1,True,0.9129764538754547,False,0.8970139026641846,valid,False,0.0011139473737914992,0.0017801721808166089,8.515433955000867e-05,1.789399835873471e-05,2.8418787620957106e-06,0.9129764538754547,0.07345772645040173,0.00955161347440579,0.0009386713044367901,7.552512402205473e-05
P08,3,C,beta,1799551287-β-2,P08-T03-Cβ,19,59,B3,6,6,L3,L,False,59,True,L3,True,0.6860631697070606,False,0.9310190677642822,valid,False,0.004245143028892689,0.16111333887865628,0.6860631697070606,0.14416661907778522,0.0017699825850941604,0.0019344439201187595,0.0006010781663674396,9.546168727154416e-05,9.764222954296621e-06,9.98725799073872e-07
P08,3,C,beta,1799551287-β-2,P08-T03-Cβ,20,64,E4,9,9,R4,R,False,64,True,R4,True,0.6351233204200767,False,0.9416651725769043,valid,False,2.977849071074689e-05,3.123609959942216e-05,1.3792977107859865e-06,2.3730108682361999e-07,6.59785535750485e-08,0.004525883075578046,0.053187275500803044,0.27418942110056643,0.6351233204200767,0.032911402735314566
P08,3,C,beta,1799551287-β-2,P08-T03-Cβ,21,60,C4,7,7,R3,R,False,60,True,R3,True,0.49514581425544263,False,0.8874571323394775,valid,False,0.000582136590870843,0.0007296810876281566,4.2632103486376337e-05,7.945514633679551e-06,1.808698584230569e-06,0.007424997095005474,0.3894954927838158,0.49514581425544263,0.10404799607914231,0.00252149579139053
P08,3,C,beta,1799551287-β-2,P08-T03-Cβ,22,65,F4,10,10,R4,R,False,65,True,R4,True,0.6429232109786164,False,1.0103800296783447,valid,False,3.6492040372450092e-06,3.5035634286719416e-06,1.8896009439895566e-07,3.521724410591562e-08,8.016772039519082e-09,0.0017522643545752942,0.03726851589164342,0.2775567159362831,0.6429232109786164,0.040491907877305375
P08,3,C,beta,1799551287-β-2,P08-T03-Cβ,23,62,D4,8,8,R3,R,False,62,True,R3,True,0.5402240978601501,False,0.7686960697174072,valid,False,9.218482929835388e-05,0.00011671549752836208,8.328966080529153e-06,1.3227849550414877e-06,3.1340447461641104e-07,0.005134472833459182,0.33428169960931625,0.5402240978601501,0.11815343182005136,0.0019874323946860602
P08,3,C,beta,1799551287-β-2,P08-T03-Cβ,24,62,D4,8,8,R3,R,False,62,True,R3,True,0.5223686631497023,False,0.5748419761657715,valid,False,8.600364357009096e-05,0.00011285782817582866,7.434481716179889e-06,1.13442835131951e-06,2.582386475314329e-07,0.005177426599396091,0.4109097441816453,0.5223686631497023,0.06024222930423032,0.0010942481445649758
P08,3,C,beta,1799551287-β-2,P08-T03-Cβ,25,57,A3,5,5,L4,L,False,57,True,L4,True,0.6096379084670389,False,0.6046671867370605,valid,False,0.0013901964909376115,0.01585407991836482,0.3214574505441191,0.6096379084670389,0.05090512773257303,0.0003591111064566418,0.0003580313195055896,3.2479868519054824e-05,5.368886155783066e-06,2.4566632932636786e-07
P08,3,C,beta,1799551287-β-2,P08-T03-Cβ,26,52,E3,2,2,L2,L,False,52,True,L2,True,0.8928551325440414,False,1.2084579467773438,valid,False,0.023961997035917504,0.8928551325440414,0.0663155455210793,0.013935288195335073,0.0029283067124181083,2.1158690358997073e-06,1.4080131836841648e-06,1.830821391742801e-07,2.1975647316450028e-08,1.051202660945865e-09
P08,3,C,beta,1799551287-β-2,P08-T03-Cβ,27,55,G3,4,4,L4,L,False,55,True,L3,True,0.453951813365392,False,0.6321258544921875,valid,False,0.003179459514156099,0.03659335774628645,0.47247793831487217,0.453951813365392,0.03371662551553314,4.449632198933753e-05,3.20003337818699e-05,3.841052176748023e-06,4.4296980719697925e-07,2.4866005069684352e-08
P08,3,C,beta,1799551287-β-2,P08-T03-Cβ,28,59,B3,6,6,L2,L,False,59,True,L2,True,0.8709451185772018,False,0.6451990604400635,valid,False,0.020278860021735456,0.8709451185772018,0.08908393054643882,0.013593326383319991,0.0004914372417140078,0.0026011140382542,0.0026368340267103095,0.0003294202344893615,3.799042841487258e-05,1.9685017213785014e-06
P08,3,C,beta,1799551287-β-2,P08-T03-Cβ,29,64,E4,9,9,R1,R,False,64,True,R1,True,0.7148248861927683,False,0.6986329555511475,valid,False,3.1925539579704814e-05,2.008137718262945e-05,9.229251678027271e-07,1.5878453481348627e-07,3.614534445604104e-08,0.7148248861927683,0.24275133297071694,0.03704145157062623,0.0048164521967941736,0.0005127522972848743
P08,4,B,alpha,1799551287-α-7,P08-T04-Bα,0,60,C4,7,7,L3,L,False,60,True,L3,True,0.5696031695543239,False,1.5618281364440918,valid,False,0.0005774603565146445,0.014016570077198039,0.5696031695543239,0.38181642283770045,0.0020856727014650365,0.007298676916715337,0.021433174342171638,0.002786928029745131,0.0003623806590187108,1.9544525147212104e-05
P08,4,B,alpha,1799551287-α-7,P08-T04-Bα,1,59,B3,6,6,L4,L,False,59,True,L4,True,0.5826566594304928,False,1.5612421035766602,valid,False,0.0008632932026521836,0.013335149467877058,0.39056643877241976,0.5826566594304928,0.007749265715654874,0.0018439412387771157,0.002528428826183233,0.000401558558268964,5.221414167391266e-05,3.050646000063143e-06
P08,4,B,alpha,1799551287-α-7,P08-T04-Bα,2,64,E4,9,9,R1,R,False,64,True,R1,True,0.7976847273803607,False,1.2693202495574951,valid,False,2.9070477089823307e-05,1.9875120430080546e-05,1.7323324195952413e-06,3.360379160149678e-07,5.781359750017674e-08,0.7976847273803607,0.18899365459318818,0.011961742607954013,0.001129430406859738,0.0001793732301843557
P08,4,B,alpha,1799551287-α-7,P08-T04-Bα,3,65,F4,10,10,R2,R,False,65,True,R2,True,0.734337018447698,False,1.164039134979248,valid,False,5.103377532055943e-06,4.511922580252552e-06,4.434028099307008e-07,7.939843314742269e-08,1.3124472725804924e-08,0.11662551516489374,0.734337018447698,0.13149490116224044,0.015783547127456766,0.0017488668718829519
P08,4,B,alpha,1799551287-α-7,P08-T04-Bα,4,64,E4,9,9,R3,R,False,64,True,R3,True,0.436335206696882,True,1.541707992553711,valid,False,1.4611908725205559e-05,1.6218718686027414e-05,9.475894403220455e-07,1.7660601164577853e-07,3.425804160787391e-08,0.011111587154400008,0.436335206696882,0.436335206696882,0.11199013316301214,0.0041958772079189015
P08,4,B,alpha,1799551287-α-7,P08-T04-Bα,5,62,D4,8,8,R2,R,False,62,True,R2,True,0.7118614883717712,False,1.489677906036377,valid,False,0.00011509248224582258,0.0002034944298300022,1.2879522315277665e-05,2.215855662837887e-06,4.129778302125394e-07,0.024632728536667717,0.7118614883717712,0.24174497633000036,0.020244504088583293,0.0011822074050931656
P08,4,B,alpha,1799551287-α-7,P08-T04-Bα,6,64,E4,9,9,R4,R,False,64,True,R4,True,0.8089674419168105,False,1.726517915725708,valid,False,2.6650723528862732e-05,4.140965020391408e-05,2.145803234068175e-06,3.8424071930061217e-07,7.757686329855541e-08,0.0010919942911018171,0.022104001851831194,0.13372141875630966,0.8089674419168105,0.03404447518939753
P08,4,B,alpha,1799551287-α-7,P08-T04-Bα,7,60,C4,7,7,L3,L,False,60,True,L3,True,0.7611851738812959,False,2.7568256855010986,valid,False,0.0011000950182219606,0.037188616101796725,0.7611851738812959,0.19536637813390093,0.001200173651145485,0.0029631568621988676,0.000751921505048414,0.00021759421668998918,2.411012645062888e-05,2.7805032511617684e-06
P08,4,B,alpha,1799551287-α-7,P08-T04-Bα,8,59,B3,6,6,L2,L,False,59,True,L2,True,0.9504014832559864,False,0.9587090015411377,valid,False,0.034359704922949846,0.9504014832559864,0.012640229045870439,0.0011466957081507502,9.994697429021897e-05,0.0009358016585562979,0.0003453781101195697,6.43694916199614e-05,5.8394685340428854e-06,5.51363922332114e-07
P08,4,B,alpha,1799551287-α-7,P08-T04-Bα,9,62,D4,8,8,R5,R,False,62,True,R5,True,0.7640557105810423,False,1.655707836151123,valid,False,0.00035400576765559925,0.0005937129688188935,2.840019425472424e-05,5.7339003304006334e-06,1.1122622285828753e-06,0.006217206691504691,0.00389090082790056,0.028750084492732968,0.19610313231353152,0.7640557105810423
P08,4,B,alpha,1799551287-α-7,P08-T04-Bα,10,64,E4,9,9,R4,R,False,64,True,R4,True,0.5246353076722001,False,1.1882140636444092,valid,False,5.6693559221075704e-05,5.517216937416245e-05,3.7827779538266317e-06,7.637296972245447e-07,1.3675813492761016e-07,0.0054370656112520946,0.1059220418360719,0.35167356359075097,0.5246353076722001,0.01221547229534372
P08,4,B,alpha,1799551287-α-7,P08-T04-Bα,11,60,C4,7,7,L2,L,False,60,True,L2,True,0.9583776430826063,False,1.1546969413757324,valid,False,0.019353868178307438,0.9583776430826063,0.007887205580005852,0.0004427464146576846,2.5867754129770256e-05,0.007989131528594446,0.004689105783378651,0.001067417201115484,0.00015035470141308858,1.6659775791195862e-05
P08,4,B,alpha,1799551287-α-7,P08-T04-Bα,12,59,B3,6,6,L3,L,False,59,True,L3,True,0.6913314837319842,False,1.4008522033691406,valid,False,0.006777740244291572,0.2060254590289138,0.6913314837319842,0.09356154216125578,0.0014602671883647152,0.00047813448242388536,0.00029482286067268165,6.195291764192774e-05,7.739791147327333e-06,8.57593304188701e-07
P08,4,B,alpha,1799551287-α-7,P08-T04-Bα,13,62,D4,8,8,R1,R,False,62,True,R1,True,0.9425198314452714,False,1.1133320331573486,valid,False,0.0005560939934432873,0.000531823804217301,3.950045691877831e-05,8.300470827547133e-06,1.2665697214073477e-06,0.9425198314452714,0.05083356986355353,0.004430697232159436,0.0009310493090460869,0.0001478668548413265
P08,4,B,alpha,1799551287-α-7,P08-T04-Bα,14,64,E4,9,9,R2,R,False,64,True,R2,True,0.7907127264635997,False,0.9090087413787842,valid,False,9.214482081236735e-05,8.315364183992982e-05,6.690509322232222e-06,1.1980437318980586e-06,2.145290761004953e-07,0.16615726578750578,0.7907127264635997,0.03936726857178334,0.0031674749480889164,0.00041186268423971077
P08,4,B,alpha,1799551287-α-7,P08-T04-Bα,15,62,D4,8,8,R1,R,False,62,True,R1,True,0.6719138938036495,False,0.8819351196289062,valid,False,0.0004418163421091919,0.0004630733556540877,3.5797765565047096e-05,7.227444219571989e-06,1.2434446565449569e-06,0.6719138938036495,0.30191037387876263,0.022423963768003062,0.002586046335698083,0.00021656386168223635
P08,4,B,alpha,1799551287-α-7,P08-T04-Bα,16,64,E4,9,9,R2,R,False,64,True,R2,True,0.7954038885544511,False,0.9891479015350342,valid,False,0.0001035174220672677,0.00011519257586254628,7.290741828242621e-06,1.305525054600603e-06,2.073401288897649e-07,0.11661174776763568,0.7954038885544511,0.08135725575924581,0.0058057570586033825,0.000593837255122379
P08,4,B,alpha,1799551287-α-7,P08-T04-Bα,17,65,F4,10,10,R1,R,False,65,True,R1,True,0.7769956440217783,False,0.9072771072387695,valid,False,1.5473714118469693e-05,1.522882514642201e-05,1.1310993356251902e-06,2.025416009356519e-07,3.347990145328349e-08,0.7769956440217783,0.19942430568415814,0.021230413320006403,0.002086388840819627,0.00023117847313474348
P08,4,B,alpha,1799551287-α-7,P08-T04-Bα,18,64,E4,9,9,R2,R,False,64,True,R2,True,0.7469362159107868,False,0.9264500141143799,valid,False,8.978898533359694e-05,0.00010393181649076403,6.846482888419066e-06,1.2259733175711552e-06,2.1092241247222293e-07,0.09712315326328921,0.7469362159107868,0.13920947240712456,0.014820032227887345,0.0017091220104690952
P08,4,B,alpha,1799551287-α-7,P08-T04-Bα,19,62,D4,8,8,R1,R,False,62,True,R1,True,0.7557713187032001,False,0.8543031215667725,valid,False,0.0005103989920844747,0.0006621513273088127,4.3619056079584814e-05,7.810696347706647e-06,1.3986313074902002e-06,0.7557713187032001,0.22763394672265613,0.013842434555830245,0.0014736448797813746,5.327643540394798e-05
P08,4,B,alpha,1799551287-α-7,P08-T04-Bα,20,57,A3,5,5,L3,L,False,57,True,L3,True,0.6120697616103978,False,1.1401050090789795,valid,False,0.007004126832720648,0.26937780786384136,0.6120697616103978,0.1096009744646799,0.0017804146125432719,9.111803920114804e-05,6.184316259568697e-05,1.1525956103809879e-05,2.148138266722754e-06,2.793196496105762e-07
P08,4,B,alpha,1799551287-α-7,P08-T04-Bα,21,59,B3,6,6,L2,L,False,59,True,L2,True,0.9505708512046018,False,0.8630990982055664,valid,False,0.016071744017204626,0.9505708512046018,0.028136360282718525,0.002995354834374026,0.0001491299359249914,0.0009708706649100376,0.0009021835387366892,0.00017500560099828954,2.5657039518155406e-05,2.8428810128388287e-06
P08,4,B,alpha,1799551287-α-7,P08-T04-Bα,22,64,E4,9,9,R5,R,False,64,True,R5,True,0.911256654899649,False,1.2714827060699463,valid,False,7.065906799196192e-05,3.126752019513122e-05,3.605930551063572e-06,6.994785607933303e-07,2.786217569016331e-07,0.004457883993484229,0.0009369031033609178,0.009922695283330034,0.07331935210112014,0.911256654899649
P08,4,B,alpha,1799551287-α-7,P08-T04-Bα,23,65,F4,10,10,R4,R,False,65,True,R4,True,0.3945048805322235,True,0.9114477634429932,valid,False,7.97320640792415e-06,5.394537085265664e-06,7.598659754305387e-07,1.3073103826671653e-07,1.8414567615618382e-08,0.013091383579015107,0.13943959707970363,0.4448030107327797,0.3945048805322235,0.008146851321203347
P08,4,B,alpha,1799551287-α-7,P08-T04-Bα,24,60,C4,7,7,L2,L,False,60,True,L2,True,0.9368379213057096,False,0.7791252136230469,valid,False,0.009378124742165553,0.9368379213057096,0.027729873314511058,0.0015566098619306514,4.795511983413146e-05,0.009529819571294687,0.011501877593954275,0.0029520808396890025,0.0004158254455098654,4.991220540105116e-05
P08,4,B,alpha,1799551287-α-7,P08-T04-Bα,25,59,B3,6,6,L1,L,False,59,True,L1,True,0.5763299562596864,False,1.1986711025238037,valid,False,0.5763299562596864,0.386325522811711,0.033672461509763815,0.0019673359883719717,8.687198657666401e-05,0.0007074250168407622,0.0006953641160760776,0.00018575630312419973,2.6165339534205735e-05,3.1406683148459173e-06
P08,4,B,alpha,1799551287-α-7,P08-T04-Bα,26,60,C4,7,7,L2,L,False,60,True,L2,True,0.8927868882370128,False,0.9877541065216064,valid,False,0.017713869236042096,0.8927868882370128,0.06901665866634353,0.00828418193414056,0.0006152958348271603,0.005034904918128679,0.005126114195546649,0.001214518747099476,0.00018532354406362698,2.2244686795471872e-05
P08,4,B,alpha,1799551287-α-7,P08-T04-Bα,27,59,B3,6,6,L2,L,False,59,True,L2,True,0.9451974385530928,False,1.1099178791046143,valid,False,0.021144796256903343,0.9451974385530928,0.029119085996608608,0.002749430599072107,8.138159276585333e-05,0.0007551470047037675,0.000734469973317276,0.00018850963400066963,2.6553169373738435e-05,3.1872201620703645e-06
P08,4,B,alpha,1799551287-α-7,P08-T04-Bα,28,64,E4,9,9,R4,R,False,64,True,R4,True,0.5982757058595536,False,1.6146180629730225,valid,False,0.00040474578250759385,0.0005241652374573536,1.8950057641115507e-05,1.524714185685124e-06,1.6231879181386893e-07,0.016771794991365267,0.08771138375246008,0.24815453926477898,0.5982757058595536,0.048137028021258625
P08,4,B,alpha,1799551287-α-7,P08-T04-Bα,29,59,B3,6,6,L2,L,False,59,True,L2,True,0.9644719103450969,False,0.9752719402313232,valid,False,0.014462812622772785,0.9644719103450969,0.014462812622772785,0.0014213124543639027,7.978503753891812e-05,0.000830864612250804,0.0031631890393629476,0.0009527342298402384,0.00014537781688952518,9.201219111202095e-06
P08,5,B,beta,1799551287-β-6,P08-T05-Bβ,0,64,E4,9,9,R4,R,False,64,True,R4,True,0.784903767811102,False,1.4428517818450928,valid,False,4.317046290210955e-05,5.7588125991748906e-05,2.1669407938615443e-06,2.7071637319888736e-07,4.847613812529494e-08,0.0061410402173939895,0.024180852996111633,0.11056030530885039,0.784903767811102,0.07411078894434293
P08,5,B,beta,1799551287-β-6,P08-T05-Bβ,1,62,D4,8,8,R2,R,False,62,True,R2,True,0.7550258172438903,False,1.1306471824645996,valid,False,0.0002529539176039443,0.0003630378949694936,1.3660483142648765e-05,2.002721934776594e-06,3.445580225440755e-07,0.045913167230257346,0.7550258172438903,0.17187233170749824,0.02519768042589617,0.0013590038167845854
P08,5,B,beta,1799551287-β-6,P08-T05-Bβ,2,60,C4,7,7,L2,L,False,60,True,L2,True,0.8305125830542236,False,1.0322129726409912,valid,False,0.02663012463646251,0.8305125830542236,0.11239765565921418,0.008020839403003046,0.00013561206671213898,0.009352270185508655,0.010612611734084133,0.001977914645043758,0.0003269470918229272,3.3441523925060116e-05
P08,5,B,beta,1799551287-β-6,P08-T05-Bβ,3,59,B3,6,6,L3,L,False,59,True,L3,True,0.7043612355872283,False,1.01033616065979,valid,False,0.007669806165521586,0.22840056792611885,0.7043612355872283,0.054450462495392586,0.0016774777790189562,0.0015291420025629952,0.0015485071585127474,0.00031263820339352165,4.58349372454147e-05,4.32774500490057e-06
P08,5,B,beta,1799551287-β-6,P08-T05-Bβ,4,57,A3,5,5,L4,L,False,57,True,L4,True,0.6848629222746687,False,1.3519086837768555,valid,False,0.0022211849513750328,0.013325447914062948,0.26222914080709675,0.6848629222746687,0.036937182693570006,0.0002103889915263489,0.0001736382277211227,3.368235075665888e-05,5.794875449169601e-06,6.169137733826465e-07
P08,5,B,beta,1799551287-β-6,P08-T05-Bβ,5,60,C4,7,7,R4,R,False,60,True,R4,True,0.7820481201058607,False,1.4930720329284668,valid,False,0.003704445653276045,0.019725580053366873,0.0012484668434972453,0.0003078681331881816,1.4726838129841799e-05,0.006511677820828468,0.02479246400772598,0.10583870383918716,0.7820481201058607,0.0558079467049393
P08,5,B,beta,1799551287-β-6,P08-T05-Bβ,6,59,B3,6,6,L2,L,False,59,True,L2,True,0.9329103659014003,False,1.3178791999816895,valid,False,0.02874055309903864,0.9329103659014003,0.03113426949001401,0.004048348925928027,9.056469021608895e-05,0.0012477740307642207,0.00143090788207206,0.0003390217973799152,5.173137191609007e-05,6.462811270800919e-06
P08,5,B,beta,1799551287-β-6,P08-T05-Bβ,7,64,E4,9,9,R2,R,False,64,True,R2,True,0.7092721730211332,False,1.4967360496520996,valid,False,0.00029225820690367084,0.0004335445741515394,3.488282594462638e-05,7.330139996383888e-06,2.8707683387926806e-07,0.04672313021924833,0.7092721730211332,0.2136286731843553,0.027777860980830266,0.0018298597706029548
P08,5,B,beta,1799551287-β-6,P08-T05-Bβ,8,57,A3,5,5,L1,L,False,57,True,L1,True,0.6772647884577406,False,0.9982912540435791,valid,False,0.6772647884577406,0.3167340037576536,0.004943444308875639,0.0007247433525848257,6.069234607195545e-05,0.0001237182977602979,0.0001197992704282569,2.5174148020511897e-05,3.2733620145698367e-06,3.626988496776301e-07
P08,5,B,beta,1799551287-β-6,P08-T05-Bβ,9,59,B3,6,6,L3,L,False,59,True,L3,True,0.619780132532112,False,1.4054782390594482,valid,False,0.00594863653527503,0.17718009883331107,0.619780132532112,0.19429250673440673,0.0011610964685729106,0.0007232468147916291,0.0007184672110376782,0.00017022482599775217,2.30374250403089e-05,2.5526194550017405e-06
P08,5,B,beta,1799551287-β-6,P08-T05-Bβ,10,57,A3,5,5,L2,L,False,57,True,L2,True,0.902648598247893,False,1.138916254043579,valid,False,0.020192945857691293,0.902648598247893,0.06977901559906172,0.00685743406286247,0.00018002371774029072,0.000132260112695791,0.00016618283658335618,3.7829476768900096e-05,5.119662953211953e-06,5.904257497532531e-07
P08,5,B,beta,1799551287-β-6,P08-T05-Bβ,11,62,D4,8,8,R4,R,False,62,True,R4,True,0.7891183730478235,False,1.5446457862854004,valid,False,0.0005204731222254236,0.000336524723126201,3.442116434512938e-05,7.835554283004562e-06,1.2952084115805441e-06,0.005718846141821567,0.015276256406414175,0.09100517188509921,0.7891183730478235,0.09798080274645005
P08,5,B,beta,1799551287-β-6,P08-T05-Bβ,12,60,C4,7,7,R5,R,False,60,True,R5,True,0.8252723446957331,False,1.7092761993408203,valid,False,0.0003080872875397614,7.697407875432351e-05,1.0417308750093704e-05,2.0207499919004538e-06,6.086382012820464e-07,0.005211429111945563,0.002706654706301239,0.024427595262675572,0.14198386816010702,0.8252723446957331
P08,5,B,beta,1799551287-β-6,P08-T05-Bβ,13,62,D4,8,8,R4,R,False,62,True,R4,True,0.6803952074088951,False,1.2695763111114502,valid,False,0.00029553916315011656,0.0003271533743663599,1.3879724354482783e-05,2.387935286468469e-06,3.231718983449121e-07,0.004654790904365,0.031270457960085075,0.1612045115094469,0.6803952074088951,0.12183574884815232
P08,5,B,beta,1799551287-β-6,P08-T05-Bβ,14,64,E4,9,9,R2,R,False,64,True,R2,True,0.8719334889924522,False,1.292412281036377,valid,False,0.00010319394819368505,6.930162993403249e-05,4.0489938813212345e-06,5.703348844418816e-07,7.415990979297381e-08,0.023824468645729187,0.8719334889924522,0.09282473515632016,0.010285273829467442,0.0009548443092276353
P08,5,B,beta,1799551287-β-6,P08-T05-Bβ,15,60,C4,7,7,L3,L,False,60,True,L3,True,0.697748162467156,False,1.3369739055633545,valid,False,0.0017657236763610716,0.10432828098817339,0.697748162467156,0.18639316607678091,0.001255748310065918,0.00304843137797953,0.004701390137412972,0.0006622303908897661,8.610896403191237e-05,1.0757611148706914e-05
P08,5,B,beta,1799551287-β-6,P08-T05-Bβ,16,59,B3,6,6,L2,L,False,59,True,L2,True,0.9334003219858517,False,1.2693088054656982,valid,False,0.029929187609400255,0.9334003219858517,0.031150620926689115,0.003592449128781227,9.061225397208276e-05,0.0008661837476315581,0.0007857113277355818,0.00015863238121877152,2.3256611505987705e-05,3.024027213523946e-06
P08,5,B,beta,1799551287-β-6,P08-T05-Bβ,17,57,A3,5,5,L1,L,False,57,True,L1,True,0.4988498878175962,False,1.1093950271606445,valid,False,0.4988498878175962,0.4988498878175962,0.00200382836795921,0.00011675298964508849,1.0591592261022395e-05,7.628191470183862e-05,7.519317760177976e-05,1.5181240734753052e-05,2.138405597519562e-06,2.5667630628828744e-07
P08,5,B,beta,1799551287-β-6,P08-T05-Bβ,18,59,B3,6,6,L2,L,False,59,True,L2,True,0.9437716742005774,False,1.1216437816619873,valid,False,0.021112900807852567,0.9437716742005774,0.02907516188816482,0.0037806058188996137,0.00012122393593169535,0.0010066320916950029,0.0008957304631324725,0.00020390201204243815,2.8721315438921713e-05,3.4474662651250207e-06
P08,5,B,beta,1799551287-β-6,P08-T05-Bβ,19,62,D4,8,8,R3,R,False,62,True,R3,True,0.5233018560891621,False,1.550290822982788,valid,False,0.0011878410733309802,0.0019350989464002857,0.0001556973002488016,2.375786751102592e-05,1.5650436879838487e-06,0.008167464028546118,0.3507797242642227,0.5233018560891621,0.10996459609064452,0.004482399296245505
P08,5,B,beta,1799551287-β-6,P08-T05-Bβ,20,57,A3,5,5,L2,L,False,57,True,L2,True,0.8997238450254442,False,1.1469900608062744,valid,False,0.0352366902846338,0.8997238450254442,0.05471226336139918,0.008689260843541399,0.0009627975452985444,0.0002441430944557828,0.00035419342292566496,6.60124365176645e-05,9.677882780677382e-06,1.1161030030738e-06
P08,5,B,beta,1799551287-β-6,P08-T05-Bβ,21,60,C4,7,7,R3,R,False,60,True,R2,False,0.06304954652957964,False,1.4746079444885254,valid,False,0.009551375090286307,0.020571793092747023,0.0009083921322915045,0.00010476043260654155,1.3087743075550527e-05,0.014926811634859925,0.8835261328942738,0.06304954652957964,0.006986088888790353,0.0003620115614895276
P08,5,B,beta,1799551287-β-6,P08-T05-Bβ,22,62,D4,8,8,R4,R,False,62,True,R3,False,0.1281104554168967,False,2.514561176300049,valid,False,0.000784887922681542,0.0012877452550208494,6.411306105211542e-05,7.10392965685153e-06,1.1282278233457786e-06,0.008108337268694307,0.37724423834382725,0.47957141745823584,0.1281104554168967,0.004820573116111291
P08,5,B,beta,1799551287-β-6,P08-T05-Bβ,23,64,E4,9,9,R2,R,False,64,True,R2,True,0.8149748974041828,False,0.9787468910217285,valid,False,0.0002594551188757256,0.00029616377375174297,2.6867371393226742e-05,2.7481077694879237e-06,3.719159433483841e-07,0.04395460127423693,0.8149748974041828,0.12435710578410986,0.0149267859242382,0.0012010033254986623
P08,5,B,beta,1799551287-β-6,P08-T05-Bβ,24,67,G4,11,11,R4,R,False,67,True,R5,False,0.24050424700757309,False,1.611748218536377,valid,False,7.294703718912976e-06,6.4914960962013955e-06,5.018234208055423e-07,5.787284674413374e-08,7.832238105826419e-09,0.0008461851615931997,0.009049755569617499,0.041377520425283226,0.24050424700757309,0.7082079381076122
P08,5,B,beta,1799551287-β-6,P08-T05-Bβ,25,60,C4,7,7,R3,R,False,60,True,R2,True,0.45467209606023273,False,1.1324942111968994,valid,False,0.003127579144002617,0.008327609924223081,0.00039835030047600075,6.078431447791943e-05,7.903706053192697e-06,0.007673801820848285,0.45467209606023273,0.45467209606023273,0.06937846322253499,0.001681315446918377
P08,5,B,beta,1799551287-β-6,P08-T05-Bβ,26,60,C4,7,7,L3,L,False,60,True,L2,False,0.25790339089456776,False,1.2043728828430176,valid,False,0.012336780203620692,0.6735653764832064,0.25790339089456776,0.015683121351554734,0.0003370867581769853,0.01138609367440559,0.024351295731348296,0.0037157667909635903,0.0006653680457953009,5.5720066360874425e-05
P08,5,B,beta,1799551287-β-6,P08-T05-Bβ,27,59,B3,6,6,L2,L,False,59,True,L2,True,0.864963579911952,False,1.138930082321167,valid,False,0.01859118236464933,0.864963579911952,0.10382298709993115,0.005599556520836583,0.0002573514552619578,0.002478800898490424,0.003606318341332358,0.0005727461966925847,9.853804141514587e-05,8.939169438329394e-06
P08,5,B,beta,1799551287-β-6,P08-T05-Bβ,28,62,D4,8,8,R2,R,False,62,True,R2,True,0.8366430618536056,False,1.0297489166259766,valid,False,0.0020396004840794522,0.002433663000910122,0.00032936047153063626,5.8977310911304014e-05,4.208695781652361e-06,0.02577480669422341,0.8366430618536056,0.12265769768579175,0.009482021482972855,0.0005766023201932416
P08,5,B,beta,1799551287-β-6,P08-T05-Bβ,29,60,C4,7,7,R1,R,False,60,True,R1,True,0.7100601752748356,False,1.0262227058410645,valid,False,0.006661220382495119,0.014088371211832184,0.00144101787331627,0.0002909364909906185,2.0761597357370613e-05,0.7100601752748356,0.23167828815867275,0.03135424674772755,0.004076952285171091,0.00032802997760147376
P08,6,A,beta,1799551287-β-8,P08-T06-Aβ,0,62,D4,8,8,R3,R,False,62,True,R2,False,0.14882842829395299,False,2.8823297023773193,valid,False,0.0009412948895258537,0.0037237845508620985,0.0006673545637903032,0.00010253377923053654,3.834408669704675e-06,0.02096373739764719,0.798547262105318,0.14882842829395299,0.02460117373275654,0.001620596278246612
P08,6,A,beta,1799551287-β-8,P08-T06-Aβ,1,59,B3,6,6,L3,L,False,59,True,L2,False,0.04268033097109545,False,0.8924641609191895,valid,False,0.01770307195172455,0.9286558156719678,0.04268033097109545,0.006778380310220872,0.00022621671598675993,0.0019592651134475196,0.0016059864543956557,0.0003374756839283494,4.947628481359753e-05,3.980842419529923e-06
P08,6,A,beta,1799551287-β-8,P08-T06-Aβ,2,60,C4,7,7,R4,R,False,60,True,R2,False,0.004425597844802416,False,0.8714737892150879,valid,False,0.006894232318534554,0.011105110141685493,0.0004014811785625105,4.819043967955708e-05,5.557568288922371e-06,0.007747772444265287,0.9045208676604309,0.06454775745649222,0.004425597844802416,0.00030343294725802833
P08,6,A,beta,1799551287-β-8,P08-T06-Aβ,3,64,E4,9,9,R4,R,False,64,True,R3,False,0.13587141821954213,False,0.4609231948852539,valid,False,0.0003081990722938285,0.0007563517643132759,6.276918467929242e-05,7.2388638205998974e-06,4.5555784105027007e-07,0.0028935225493764236,0.2826012076867828,0.5734719265286107,0.13587141821954213,0.004026910572739963
P08,6,A,beta,1799551287-β-8,P08-T06-Aβ,4,60,C4,7,7,L5,L,False,60,True,R2,False,3.5523377732383016e-05,False,0.49130702018737793,valid,False,0.002528828637681453,0.02698840470148833,0.004712008303630362,0.0006303485999729458,3.5523377732383016e-05,0.00787096576797906,0.8446460440893682,0.10188471020265344,0.01042119675952083,0.00028196955997315733
P08,6,A,beta,1799551287-β-8,P08-T06-Aβ,5,60,C4,7,7,R2,R,False,60,True,R2,True,0.8597207845718785,False,0.36158108711242676,valid,False,0.004233474731348926,0.034220602741538604,0.0034231527375048107,0.00046327334529239965,3.2425368518624696e-05,0.009267360624761809,0.8597207845718785,0.0806857499792093,0.0076183665217979864,0.00033480937814922595
P08,6,A,beta,1799551287-β-8,P08-T06-Aβ,6,57,A3,5,5,L2,L,False,57,True,L2,True,0.8813954989320673,False,0.6185719966888428,valid,False,0.011722457490630615,0.8813954989320673,0.08661789601559947,0.008859642781324508,0.0005994287643138394,0.0009933038659700908,0.009121572338708776,0.0006074450537677874,7.898529727090152e-05,3.7694603469043165e-06
P08,6,A,beta,1799551287-β-8,P08-T06-Aβ,7,55,G3,4,4,L3,L,False,55,True,L3,True,0.6153138966246399,False,0.45013928413391113,valid,False,0.007094418305406044,0.32283840978829503,0.6153138966246399,0.05152837045505036,0.0020986358345370863,0.00012753342893349187,0.0009252293618833998,6.470819257948581e-05,8.413922864383473e-06,3.840858108024464e-07
P08,6,A,beta,1799551287-β-8,P08-T06-Aβ,8,50,D3,1,1,L2,L,False,50,True,L4,False,0.0030062089563082733,False,1.1876919269561768,valid,False,0.0003172775650320839,0.0030062089563082733,0.31127594507995643,0.5671817516395122,0.11821395247844234,8.64250971187627e-07,3.6940001133909684e-06,2.6939814006329125e-07,3.5029492865475356e-08,1.6020311217857271e-09
P08,6,A,beta,1799551287-β-8,P08-T06-Aβ,9,55,G3,4,4,L3,L,False,55,True,L3,True,0.5941793045885921,False,0.6954219341278076,valid,False,0.007167665253013798,0.3260925162844761,0.5941793045885921,0.0685238002199912,0.0030143813317033614,0.00012240048626234646,0.0008338387228824038,5.7681495050044705e-05,8.124924309114377e-06,2.866937194417717e-07
P08,6,A,beta,1799551287-β-8,P08-T06-Aβ,10,60,C4,7,7,R2,R,False,60,True,R2,True,0.8841842368985021,False,0.4529390335083008,valid,False,0.006273590292894867,0.03373550063284599,0.002970583696715348,0.000303843796900638,2.0578147119191573e-05,0.010596569131914951,0.8841842368985021,0.05507844624403677,0.006611155598552461,0.00022549556051746367
P08,6,A,beta,1799551287-β-8,P08-T06-Aβ,11,64,E4,9,9,R4,R,False,64,True,R2,False,0.06253588005708217,False,0.46700024604797363,valid,False,8.612361089325027e-05,7.249341657796797e-05,2.9549914336398023e-06,3.9991460263340685e-07,4.6120199953586316e-08,0.010602482492098868,0.4620811259377786,0.4620811259377786,0.06253588005708217,0.002537367521554267
P08,6,A,beta,1799551287-β-8,P08-T06-Aβ,12,60,C4,7,7,R3,R,False,60,True,R2,False,0.041444183196669586,False,0.44207119941711426,valid,False,0.0030902900817459957,0.0034706695829230002,0.00035499468506102426,6.356753078293134e-05,5.752894144480085e-06,0.009064335510136882,0.9385607066730901,0.041444183196669586,0.003759731475353329,0.00018576837009271467
P08,6,A,beta,1799551287-β-8,P08-T06-Aβ,13,57,A3,5,5,L5,L,False,57,True,L1,False,0.00011372278898457615,False,0.5622620582580566,valid,False,0.8173018863237977,0.17174460737705685,0.008215384315106005,0.0012044325371710187,0.00011372278898457615,0.00071022849500409,0.0006350881521212252,6.495948783415614e-05,8.791310684940818e-06,8.992122393989988e-07
P08,6,A,beta,1799551287-β-8,P08-T06-Aβ,14,60,C4,7,7,L3,L,False,60,True,R2,False,0.00017031271495775098,False,0.442094087600708,valid,False,0.004398009225804242,0.0034208223247722473,0.00017031271495775098,1.1219308273535826e-05,2.4537960828036163e-06,0.011716298169607592,0.909879729614002,0.06601493260404807,0.0041782018226527076,0.0002080204197991441
P08,6,A,beta,1799551287-β-8,P08-T06-Aβ,15,57,A3,5,5,L4,L,False,57,True,L2,False,0.003354273158466739,False,0.5162720680236816,valid,False,0.026849175227005643,0.944102841690712,0.02112030928022055,0.003354273158466739,0.00016699942706507428,0.0006694104858528186,0.0032972804331732686,0.0003868319579949009,5.029926082465436e-05,2.579078684514269e-06
P08,6,A,beta,1799551287-β-8,P08-T06-Aβ,16,60,C4,7,7,L2,L,False,60,True,R2,False,0.003038285882673894,False,0.43933582305908203,valid,False,0.0016672355924675956,0.003038285882673894,0.0004279681517401481,6.530370553460727e-05,7.83797325885663e-06,0.008253320337994639,0.9263883229777464,0.05412485471171192,0.005762051082353205,0.0002648195845187739
P08,6,A,beta,1799551287-β-8,P08-T06-Aβ,17,64,E4,9,9,R2,R,False,64,True,R3,False,0.16602034826862397,False,0.44067811965942383,valid,False,2.1836283037810704e-05,2.1648392044320707e-05,3.876494171854323e-06,5.683210342515697e-07,9.394283511472661e-08,0.005834323651313791,0.16602034826862397,0.6309180003771346,0.1900288499048135,0.007150454364990661
P08,6,A,beta,1799551287-β-8,P08-T06-Aβ,18,59,B3,6,6,L1,L,False,59,True,R2,False,0.004262225540971211,False,0.5240471363067627,valid,False,0.004262225540971211,0.011022548734414701,0.0018994225411884667,0.00027846856856555117,4.243741378773991e-05,0.010019808728567137,0.9359386358015331,0.03383683203224456,0.002615747517676196,8.387312105142012e-05
P08,6,A,beta,1799551287-β-8,P08-T06-Aβ,19,55,G3,4,4,L2,L,False,55,True,L2,True,0.9198268846725368,False,0.4822378158569336,valid,False,0.03195042502343274,0.9198268846725368,0.03902433724801045,0.007569942589743098,0.0012022387978801565,0.00014467621035178492,0.00025263373763166646,2.58404414432362e-05,2.750934748546586e-06,2.703442215033061e-07
P08,6,A,beta,1799551287-β-8,P08-T06-Aβ,20,60,C4,7,7,L3,L,False,60,True,L1,False,0.00018278385157167852,False,0.7593238353729248,valid,False,0.8805520469035926,0.027127528844689282,0.00018278385157167852,2.6797385205408614e-05,3.928683238001746e-06,0.007216601798118496,0.07374026870951747,0.00997966015174647,0.0011057778641962379,6.460580812446856e-05
P08,6,A,beta,1799551287-β-8,P08-T06-Aβ,21,64,E4,9,9,R2,R,False,64,True,R2,True,0.7080459455439944,False,0.4454200267791748,valid,False,4.542219937026569e-05,1.6285322880655817e-05,1.8781068323555608e-06,2.8658052017186097e-07,6.789888032627564e-08,0.030039373958755368,0.7080459455439944,0.22196261935799994,0.03669017420662859,0.00319794682413817
P08,6,A,beta,1799551287-β-8,P08-T06-Aβ,22,60,C4,7,7,R3,R,False,60,True,R2,False,0.13290332840833666,False,0.40360021591186523,valid,False,0.0017149474642603024,0.0006247660682328958,9.922373887568941e-05,1.5140560808634863e-05,4.209640654580271e-06,0.01305853356827342,0.8368308923408828,0.13290332840833666,0.014148689569376184,0.000600268640298886
P08,6,A,beta,1799551287-β-8,P08-T06-Aβ,23,57,A3,5,5,L2,L,False,57,True,L1,False,0.15649866640918594,False,0.5013360977172852,valid,False,0.8397023540244337,0.15649866640918594,0.002166358156087042,0.0005342173441012012,0.00013173637514030475,0.00042423280112544097,0.0004552299917338642,7.524901151872973e-05,1.1032028982072691e-05,9.23857691785357e-07
P08,6,A,beta,1799551287-β-8,P08-T06-Aβ,24,62,D4,8,8,R4,R,False,62,True,R2,False,0.0036876830486742814,False,0.4164249897003174,valid,False,0.00020799559363053486,0.00019889034441002225,2.6916881093757807e-05,2.8655309037956425e-06,4.929998741242643e-07,0.03432885832592319,0.9205748949996072,0.04064998068143873,0.0036876830486742814,0.0003214215944443652
P08,6,A,beta,1799551287-β-8,P08-T06-Aβ,25,59,B3,6,5,L1,L,False,57,False,L1,True,0.7721267973903931,False,0.6315829753875732,valid,False,0.7721267973903931,0.2234413094126027,0.002157928603808027,0.0005321386421018091,7.201713384999486e-05,0.000501001532772877,0.0010503766161041094,0.00010743693893075933,1.0144219753369806e-05,8.495096832632578e-07
P08,6,A,beta,1799551287-β-8,P08-T06-Aβ,26,60,C4,7,7,L2,L,False,60,True,R2,False,0.0009395686601809854,False,0.5710041522979736,valid,False,0.003997392992682413,0.0009395686601809854,7.263311140394994e-05,1.3536921764467565e-05,3.0815135782959186e-06,0.020801477870599983,0.9511441409395929,0.02214619323674193,0.000833322646413474,4.8652107041549975e-05
P08,6,A,beta,1799551287-β-8,P08-T06-Aβ,27,60,C4,7,7,R2,R,False,60,True,R2,True,0.9250780956858403,False,0.5613710880279541,valid,False,0.0016398097365626324,0.0004818502787030451,6.521134394591732e-05,1.2153697454074121e-05,2.6581581036268806e-06,0.01526315169721964,0.9250780956858403,0.05192903950437671,0.005311520611204977,0.00021650928658923383
P08,6,A,beta,1799551287-β-8,P08-T06-Aβ,28,65,F4,10,10,R2,R,False,65,True,R3,False,0.26241769202665427,False,0.7051630020141602,valid,False,5.941781412202858e-06,1.268319451520894e-06,2.3638173906807274e-07,4.2327967451539486e-08,7.282309396106641e-09,0.015870263115992263,0.26241769202665427,0.6078556759336526,0.10884637437557615,0.005002498455245054
P08,6,A,beta,1799551287-β-8,P08-T06-Aβ,29,62,D4,8,8,R4,R,False,62,True,R2,False,0.007677599778507063,False,0.6389689445495605,valid,False,0.002028168211448997,9.056449496652759e-05,6.46279733754434e-06,1.6587465859475038e-06,4.6119342289279553e-07,0.021242591742136756,0.8963284948236867,0.07211823821191415,0.007677599778507063,0.0005057599999933582
P08,7,A,beta,1799551287-β-3,P08-T07-Aβ,0,62,D4,8,8,R3,R,False,62,True,R2,False,0.1631099462578132,False,1.2117629051208496,valid,False,0.0002557498897864055,0.00033102032202015697,3.385815104455353e-05,4.229905994647728e-06,5.284430534913964e-07,0.030701641831788792,0.7762110775449751,0.1631099462578132,0.02806222849211057,0.0012897191614130298
P08,7,A,beta,1799551287-β-3,P08-T07-Aβ,1,64,E4,9,9,R3,R,False,64,True,R2,True,0.4264310030588367,False,0.5295219421386719,valid,False,3.0299701354046378e-06,2.0576652786301657e-06,6.207703067075551e-07,9.472340675123901e-08,1.1814245431932678e-08,0.009165537980933457,0.4264310030588367,0.4264310030588367,0.1336802265588533,0.004286414399166769
P08,7,A,beta,1799551287-β-3,P08-T07-Aβ,2,60,C4,7,7,L4,L,False,60,True,R2,False,8.799297921876286e-06,False,0.6341099739074707,valid,False,0.00018714040528420323,0.00022157708949995214,6.001964568403455e-05,8.799297921876286e-06,1.0062730681538347e-06,0.011169388192577507,0.8861769581681125,0.09434107358193293,0.00759064568073103,0.0002433916651879261
P08,7,A,beta,1799551287-β-3,P08-T07-Aβ,3,57,A3,5,5,L4,L,False,57,True,L2,False,0.0008569027694955312,False,0.47797513008117676,valid,False,0.048530974774580724,0.9397079905779777,0.01065009890196251,0.0008569027694955312,0.00012562791187682352,5.000140601491512e-05,5.875195668014979e-05,1.7001889036274126e-05,2.3948592423243987e-06,2.549531331366865e-07
P08,7,A,beta,1799551287-β-3,P08-T07-Aβ,4,60,C4,7,7,R3,R,False,60,True,L1,False,0.0008520723915973243,False,0.7631402015686035,valid,False,0.934410838007064,0.05914051431188088,0.00021869356204804388,2.7321433113125972e-05,7.298519284814689e-06,0.0022323948347292184,0.0029444328293562498,0.0008520723915973243,0.00014659467857974266,1.9839432346569672e-05
P08,7,A,beta,1799551287-β-3,P08-T07-Aβ,5,65,F4,10,10,R2,R,False,65,True,R2,True,0.7053765474408108,False,0.6351418495178223,valid,False,1.7978071968964306e-05,2.791243091333766e-06,1.1377722024215231e-07,2.4884430531338865e-08,9.15447039773852e-09,0.05889936099499827,0.7053765474408108,0.20412484053370666,0.028752702708338043,0.0028256311909646177
P08,7,A,beta,1799551287-β-3,P08-T07-Aβ,6,64,E4,9,9,R4,R,False,64,True,R2,False,0.009778862863272004,False,0.501859188079834,valid,False,7.881758960674899e-05,1.2781240176036411e-05,1.0283735583352148e-06,2.0762504062565358e-07,7.050853480832054e-08,0.05240825037145523,0.8290025288702471,0.10779413014395327,0.009778862863272004,0.0009233224141561751
P08,7,A,beta,1799551287-β-3,P08-T07-Aβ,7,59,B3,6,6,L5,L,False,59,True,L1,False,2.7382805366301484e-05,False,0.6185579299926758,valid,False,0.8306096888833046,0.1676972039981632,0.0006717694995303591,0.00010668870285254584,2.7382805366301484e-05,0.00046862755348297413,0.0003269853193815035,7.747189884301741e-05,1.2303887569863755e-05,1.8774515055063177e-06
P08,7,A,beta,1799551287-β-3,P08-T07-Aβ,8,52,E3,2,2,L3,L,False,52,True,L3,True,0.5934723608638732,False,0.85099196434021,valid,False,0.01195466869000528,0.1151217936588496,0.5934723608638732,0.25620826354923437,0.023242689285020927,1.344159531420803e-07,6.416777907846879e-08,2.1791090665620895e-08,3.194725603993715e-09,3.8346811689461247e-10
P08,7,A,beta,1799551287-β-3,P08-T07-Aβ,9,57,A3,5,5,L2,L,False,57,True,L2,True,0.9477092959943508,False,0.5583145618438721,valid,False,0.041848158996131105,0.9477092959943508,0.009526218176997546,0.0007664757683314699,5.6928897928559064e-05,5.181979981784972e-05,3.0018176586849228e-05,9.410283535271003e-06,1.4945170100080753e-06,1.7938931054934216e-07
P08,7,A,beta,1799551287-β-3,P08-T07-Aβ,10,60,C4,7,7,R5,R,False,60,True,R2,False,0.00039166070092323953,False,0.6346042156219482,valid,False,0.0029467341749682355,0.0012003829454892742,0.0001624541659201902,2.5800552491791243e-05,5.42162673543411e-06,0.016316012492038658,0.8477964970740863,0.11941927584024914,0.011735760427097583,0.00039166070092323953
P08,7,A,beta,1799551287-β-3,P08-T07-Aβ,11,64,E4,9,9,R4,R,False,64,True,R2,False,0.07229695811810262,False,0.732417106628418,valid,False,4.025186676110565e-05,9.286273426662219e-06,1.8013517120287252e-06,2.7486844824380674e-07,5.775977581100427e-08,0.014596504105650356,0.45522056294647495,0.45522056294647495,0.07229695811810262,0.002613739763173104
P08,7,A,beta,1799551287-β-3,P08-T07-Aβ,12,60,C4,7,7,L3,L,False,60,True,R2,False,0.00011118532363482316,False,0.6513092517852783,valid,False,0.0021476683897950944,0.0007286535590451098,0.00011118532363482316,1.9909527607580474e-05,4.717119752483869e-06,0.018222513822600168,0.8316761418201774,0.1320846641984149,0.01463539796441266,0.0003691482745599162
P08,7,A,beta,1799551287-β-3,P08-T07-Aβ,13,59,B3,6,6,L4,L,False,59,True,L2,False,0.0004270286956347432,False,0.5753228664398193,valid,False,0.02963233184918554,0.9620783910080607,0.006482433207577737,0.0004270286956347432,3.171694922499206e-05,0.0006986338701034617,0.0004625946635072234,0.0001570950779142791,2.5967641724313883e-05,3.807037066890986e-06
P08,7,A,beta,1799551287-β-3,P08-T07-Aβ,14,62,D4,8,8,R4,R,False,62,True,R2,False,0.00548384823188239,False,0.615515947341919,valid,False,0.0008805811870391908,0.00033347315440795906,2.5779055646315702e-05,4.616156191381779e-06,8.954421732255995e-07,0.05085302361138162,0.8816605223366537,0.060449426304709175,0.00548384823188239,0.0003078345199151016
P08,7,A,beta,1799551287-β-3,P08-T07-Aβ,15,57,A3,5,5,L1,L,False,57,True,L1,True,0.7426482162047278,False,0.5936119556427002,valid,False,0.7426482162047278,0.2522000113513209,0.004096866726656454,0.0007947103808969671,0.00014811333348756174,8.371441697836463e-05,2.0044959938658043e-05,7.374128660537469e-06,8.504222803267295e-07,9.807505241214519e-08
P08,7,A,beta,1799551287-β-3,P08-T07-Aβ,16,60,C4,7,7,L2,L,False,60,True,L2,True,0.946168396480603,False,0.611926794052124,valid,False,0.017828522186605255,0.946168396480603,0.006125256065534887,0.000304958542505459,1.102511487915907e-05,0.010326146160041858,0.015997309665171027,0.0028645766186894757,0.00034383979653714,2.9969369432691538e-05
P08,7,A,beta,1799551287-β-3,P08-T07-Aβ,17,64,E4,9,9,R2,R,False,64,True,R2,True,0.8136765513510398,False,0.4908938407897949,valid,False,9.016192227961344e-05,1.8714866517580895e-05,3.0935466285715146e-06,3.5676363937690017e-07,9.919359919221026e-08,0.05997225075898792,0.8136765513510398,0.11461319416378904,0.010821803374186093,0.0008037740593327535
P08,7,A,beta,1799551287-β-3,P08-T07-Aβ,18,60,C4,7,7,R1,R,False,60,True,R1,True,0.6071755249944735,False,0.7488439083099365,valid,False,0.0017507729302069382,0.000969299064405426,0.00012109473780005738,1.6388390638634117e-05,4.742541608240792e-06,0.6071755249944735,0.37571013077775456,0.013050388680726895,0.0011839045507468597,1.7753331638837693e-05
P08,7,A,beta,1799551287-β-3,P08-T07-Aβ,19,57,A3,5,5,L5,L,False,57,True,L2,False,0.0002594982863880325,False,0.482100248336792,valid,False,0.037002845684833495,0.9448203655767258,0.015348148073659479,0.0013923525800252278,0.0002594982863880325,0.0007399126083145653,0.0003871259526292542,4.4645347343943955e-05,4.752876905728528e-06,3.530131746007285e-07
P08,7,A,beta,1799551287-β-3,P08-T07-Aβ,20,62,D4,8,8,R3,R,False,62,True,R1,False,0.017010137319880783,False,0.5403811931610107,valid,False,0.00046157708474688785,0.00012415921801965137,1.2699527121561513e-05,2.4634548081148295e-06,7.128849430745039e-07,0.7603732865923722,0.22004002888227925,0.017010137319880783,0.0018847769392197956,9.015809660879243e-05
P08,7,A,beta,1799551287-β-3,P08-T07-Aβ,21,65,F4,10,10,R2,R,False,65,True,R2,True,0.6800813930982899,False,0.5230288505554199,valid,False,1.534067529094267e-05,4.71131831419928e-06,2.981876674108339e-07,4.735739783501517e-08,1.4845889783837064e-08,0.13192221739445495,0.6800813930982899,0.1677060067712165,0.017853730656280552,0.0024162396951979245
P08,7,A,beta,1799551287-β-3,P08-T07-Aβ,22,62,D4,8,8,R3,R,False,62,True,R2,False,0.1113826007988027,False,0.44434213638305664,valid,False,0.0006149274093996625,0.0002448697429053138,1.3745704943245077e-05,2.1830574791113598e-06,7.41356552131938e-07,0.05208990294664713,0.823012285747151,0.1113826007988027,0.011857625094911903,0.0007811181412076749
P08,7,A,beta,1799551287-β-3,P08-T07-Aβ,23,64,E4,9,9,R4,R,False,64,True,R2,False,0.006512476230953917,False,0.4855921268463135,valid,False,0.0001262902177981046,3.592649466673062e-05,2.1846923905884467e-06,3.9120445075422424e-07,1.0450451908261432e-07,0.0912606554148828,0.8236286470865231,0.07776720068877804,0.006512476230953917,0.0006661234650369146
P08,7,A,beta,1799551287-β-3,P08-T07-Aβ,24,59,B3,6,6,L3,L,False,59,True,L2,False,0.004769320027022145,False,0.4810471534729004,valid,False,0.014592474774815054,0.9747721415895934,0.004769320027022145,0.00045032026144602584,3.623259114729389e-05,0.0031372471892413332,0.001978232447549524,0.00023745046225357423,2.4287432165844526e-05,2.2932247659640902e-06
P08,7,A,beta,1799551287-β-3,P08-T07-Aβ,25,60,C4,7,7,L5,L,False,60,True,R2,False,2.5960548815873294e-06,False,0.5360310077667236,valid,False,0.006063209371707565,0.0018335200804812546,5.8791244422945364e-05,9.718127340276428e-06,2.5960548815873294e-06,0.02363486314528323,0.9034652614823684,0.05951555223293695,0.005187426207852806,0.00022906205272488526
P08,7,A,beta,1799551287-β-3,P08-T07-Aβ,26,60,C4,7,7,R5,R,False,60,True,R1,False,4.1809673388971726e-05,False,0.6555593013763428,valid,False,0.010907439570204,0.00247285277686085,0.00010919417654494973,1.4198378011571077e-05,4.276469275626686e-06,0.9585027720607817,0.024176291299184624,0.003271905230586007,0.0004992603651616204,4.1809673388971726e-05
P08,7,A,beta,1799551287-β-3,P08-T07-Aβ,27,64,E4,9,9,R3,R,False,64,True,R2,False,0.07256822622400542,False,0.4827582836151123,valid,False,0.00023115162932079163,3.934159868168466e-05,1.7372135988871178e-06,2.988786770520852e-07,7.984104564546264e-08,0.12206176299838094,0.799932357297513,0.07256822622400542,0.004780414081666012,0.0003846302371107747
P08,7,A,beta,1799551287-β-3,P08-T07-Aβ,28,59,B3,6,6,L3,L,False,59,True,L1,False,0.0009413301477616505,False,0.45366883277893066,valid,False,0.8120311056277171,0.18484888378084519,0.0009413301477616505,0.00011760057510878594,3.269734643498996e-05,0.001200458054313896,0.0006567437591102488,0.00014949963118435268,1.9439244319701485e-05,2.2418332040580425e-06
P08,7,A,beta,1799551287-β-3,P08-T07-Aβ,29,55,G3,4,4,L4,L,False,55,True,L2,False,0.005893274012389331,False,0.5052201747894287,valid,False,0.07583587216240902,0.8746394136358178,0.0418382796985398,0.005893274012389331,0.0017750200217442654,8.616874486537374e-06,7.702669689585828e-06,1.5551421895903527e-06,2.3729931117658408e-07,2.8483422765172335e-08
P08,8,B,beta,1799551287-β-5,P08-T08-Bβ,0,62,D4,8,8,R2,R,False,62,True,R2,True,0.6894986544305686,False,1.1522748470306396,valid,False,0.0003655535153978974,0.0004751925188191538,4.1418184548641e-05,7.719271734664279e-06,4.1632878792386e-07,0.024927328848269745,0.6894986544305686,0.253652379680379,0.0292524913882323,0.0017788458332620553
P08,8,B,beta,1799551287-β-5,P08-T08-Bβ,1,64,E4,9,9,R3,R,False,64,True,R3,True,0.442949861116018,True,0.6971068382263184,valid,False,4.387773833927202e-05,4.1314431184934035e-05,4.764591777021223e-06,6.98522326220328e-07,4.2477186402571046e-08,0.019559411618779568,0.442949861116018,0.442949861116018,0.08943003460554022,0.00502013378283037
P08,8,B,beta,1799551287-β-5,P08-T08-Bβ,2,57,A3,5,5,L4,L,False,57,True,L4,True,0.657665016395114,False,1.7088751792907715,valid,False,0.002381171547645611,0.016127768355766972,0.3075678483869163,0.657665016395114,0.01593783286055511,0.00014068231196125698,0.0001478873724428076,2.6481622108085904e-05,4.7419620613427764e-06,5.691854285625172e-07
P08,8,B,beta,1799551287-β-5,P08-T08-Bβ,3,60,C4,7,7,R1,R,False,60,True,R1,True,0.6251103096543822,False,1.0253551006317139,valid,False,0.001452773256912353,0.0018183475145575707,0.00021825921337210498,4.586413360138357e-05,2.5745722623066885e-06,0.6251103096543822,0.343067811780665,0.025480873951111593,0.002712655731111602,9.053019202381325e-05
P08,8,B,beta,1799551287-β-5,P08-T08-Bβ,4,59,B3,6,6,L5,L,False,59,True,L5,True,0.6986443516684486,False,1.7488069534301758,valid,False,0.004153652886198947,0.0021699745479297574,0.025257971701784267,0.2675059520805434,0.6986443516684486,0.0012199803324440732,0.0009131472013830723,0.00011873535343808325,1.4833632900493422e-05,1.4005949292766036e-06
P08,8,B,beta,1799551287-β-5,P08-T08-Bβ,5,64,E4,9,9,R1,R,False,64,True,R1,True,0.7036090554387456,False,0.8568902015686035,valid,False,4.555863574907994e-05,3.7486398552432546e-05,2.6750769917982575e-06,6.865873391255221e-07,9.291949200722479e-08,0.7036090554387456,0.24869391491341958,0.04278651072490059,0.004376384307622292,0.00044763499718747265
P08,8,B,beta,1799551287-β-5,P08-T08-Bβ,6,59,B3,6,6,L5,L,False,59,True,L2,False,0.0014545920857228234,False,1.0903539657592773,valid,False,0.02591250077996827,0.8411125736083739,0.11383220838316553,0.016034225122808037,0.0014545920857228234,0.0009657468837966807,0.0006033399406250972,7.53753868101735e-05,8.351830921349833e-06,1.085977808177694e-06
P08,8,B,beta,1799551287-β-5,P08-T08-Bβ,7,57,A3,5,5,L3,L,False,57,True,L3,True,0.6716359404093502,False,1.09958815574646,valid,False,0.00723629557852906,0.11102067423932532,0.6716359404093502,0.20229285776350497,0.00761192760218273,0.000122507765198008,7.063118192798499e-05,8.145549604906283e-06,9.025526228206777e-07,1.1735775404531477e-07
P08,8,B,beta,1799551287-β-5,P08-T08-Bβ,8,55,G3,4,4,L1,L,False,55,True,L1,True,0.5389670163421945,False,0.9660170078277588,valid,False,0.5389670163421945,0.45927739543365154,0.001506297081003707,0.00019586186764284792,2.9886583097362934e-05,1.4437194641269791e-05,7.983761400441537e-06,9.97413005900013e-07,1.1051651124539047e-07,1.3806851201333651e-08
P08,8,B,beta,1799551287-β-5,P08-T08-Bβ,9,57,A3,5,5,L3,L,False,57,True,L3,True,0.619182806024394,False,1.1203258037567139,valid,False,0.013848681552783411,0.30375480129153143,0.619182806024394,0.06084931449258708,0.0021998750291995594,9.625762281527255e-05,6.010877471657835e-05,7.214954117059181e-06,8.320654568339175e-07,1.0819239871858274e-07
P08,8,B,beta,1799551287-β-5,P08-T08-Bβ,10,59,B3,6,6,L1,L,False,59,True,L1,True,0.8061862664175986,False,1.2867729663848877,valid,False,0.8061862664175986,0.19100790518262953,0.0011414676144985189,7.519389879078195e-05,1.0591693846566411e-05,0.0009256452691135056,0.0005782868897399636,6.6691005553986e-05,7.099824706825792e-06,8.522035217061764e-07
P08,8,B,beta,1799551287-β-5,P08-T08-Bβ,11,60,C4,7,7,R2,R,False,60,True,R2,True,0.8264500243906977,False,0.8399398326873779,valid,False,0.010322125403736225,0.004208639552834186,0.0005695774259236256,7.708392226255472e-05,9.252508721224968e-06,0.03856343353069372,0.8264500243906977,0.10746223127696607,0.011907154630151419,0.0004304773580132793
P08,8,B,beta,1799551287-β-5,P08-T08-Bβ,12,62,D4,8,8,R3,R,False,62,True,R2,True,0.46295370300876626,False,0.7943148612976074,valid,False,0.0009532248638692925,0.0003456346646017768,4.3180211991885875e-05,5.394513046926075e-06,7.014415773086465e-07,0.022000280685136594,0.46295370300876626,0.46295370300876626,0.04928535881915004,0.0014588187830937265
P08,8,B,beta,1799551287-β-5,P08-T08-Bβ,13,57,A3,5,5,L3,L,False,57,True,L3,True,0.6366546102470313,False,1.3830161094665527,valid,False,0.009664269371680596,0.23346505279799296,0.6366546102470313,0.1186558510755601,0.0012413845079349817,0.0001645050843734924,0.0001269740296230875,2.366465475460065e-05,3.3333659003747444e-06,3.548651483026966e-07
P08,8,B,beta,1799551287-β-5,P08-T08-Bβ,14,53,F3,3,3,L2,L,False,53,True,L2,True,0.7973766602739856,False,1.0237629413604736,valid,False,0.07692112972118534,0.7973766602739856,0.1036818592199709,0.020112211436288257,0.0018989994927855617,5.10636197548584e-06,3.2840665086569737e-06,6.370433602353821e-07,1.011735867910871e-07,1.1210352959298183e-08
P08,8,B,beta,1799551287-β-5,P08-T08-Bβ,15,59,B3,6,6,L3,L,False,59,True,L3,True,0.639902189731403,False,0.9444301128387451,valid,False,0.00878710657793639,0.26712110956015195,0.639902189731403,0.07994311634948172,0.0018613747658415166,0.001236894086981045,0.0009430040855358331,0.0001757514208427211,2.6817927893313398e-05,2.6354939325551285e-06
P08,8,B,beta,1799551287-β-5,P08-T08-Bβ,16,64,E4,9,9,R5,R,False,64,True,R3,False,0.008270590755726084,False,0.8795082569122314,valid,False,6.863679997277171e-05,3.589009022360113e-05,5.932592012133695e-06,9.421989935095513e-07,1.0439862428667047e-07,0.011951381901272234,0.3552088548729435,0.4515589549438686,0.17289871144636343,0.008270590755726084
P08,8,B,beta,1799551287-β-5,P08-T08-Bβ,17,62,D4,8,8,R4,R,False,62,True,R4,True,0.724130993016708,False,0.9819366931915283,valid,False,0.00028749387392916774,0.00021544972433649323,3.7067018484185695e-05,6.637448214527257e-06,9.349404744435182e-07,0.013167856864993048,0.02752878693425657,0.14046696064952657,0.724130993016708,0.09415781952907698
P08,8,B,beta,1799551287-β-5,P08-T08-Bβ,18,64,E4,9,9,R3,R,False,64,True,R3,True,0.4756889218011888,False,0.983036994934082,valid,False,4.269059915391091e-05,3.221780963629112e-05,5.769119065716434e-06,1.033053927940596e-06,1.398086459365358e-07,0.012487949195792051,0.38946114917714053,0.4756889218011888,0.11730344389682942,0.00497668553861918
P08,8,B,beta,1799551287-β-5,P08-T08-Bβ,19,62,D4,8,8,R5,R,False,62,True,R5,True,0.7038381868851349,False,0.9627730846405029,valid,False,0.00042095136592491583,0.0003971459163131628,5.374785507050596e-05,1.0851504788416543e-05,1.4110071787288703e-06,0.01290895506392776,0.006028802987901307,0.027565044917830673,0.24877490249592982,0.7038381868851349
P08,8,B,beta,1799551287-β-5,P08-T08-Bβ,20,64,E4,9,9,R3,R,False,64,True,R3,True,0.4103209632336135,True,0.7393620014190674,valid,False,2.4456087974758437e-05,1.4653730864772969e-05,2.6239871384866483e-06,5.090011360943971e-07,6.618476156200862e-08,0.02813289945491804,0.4103209632336135,0.4103209632336135,0.1450298655607572,0.006152999525222059
P08,8,B,beta,1799551287-β-5,P08-T08-Bβ,21,60,C4,7,7,L1,L,False,60,True,L1,True,0.893080498928451,False,1.0712182521820068,valid,False,0.893080498928451,0.0747894416937562,0.00026571704451268114,4.220049708224203e-05,6.1868866776182085e-06,0.014575463808978903,0.013938805614232963,0.0028141963185179908,0.00044694341586659923,4.0545791923596604e-05
P08,8,B,beta,1799551287-β-5,P08-T08-Bβ,22,62,D4,8,8,R3,R,False,62,True,R2,True,0.45052852678968147,False,1.1796448230743408,valid,False,0.0002473605341707669,0.00013951563537658896,1.078521998056925e-05,1.8555417028586809e-06,2.9469235728206835e-07,0.014446055442735826,0.45052852678968147,0.45052852678968147,0.08067440781646824,0.0034226715378450658
P08,8,B,beta,1799551287-β-5,P08-T08-Bβ,23,57,A3,5,5,L3,L,False,57,True,L2,False,0.06494452793764453,False,0.9896800518035889,valid,False,0.051087175099566354,0.8743961109592947,0.06494452793764453,0.0081135336563867,0.0002707751490467848,0.0005205871127933596,0.0005344770371448288,0.00010790905274764108,2.2675584391385373e-05,2.2284109838157337e-06
P08,8,B,beta,1799551287-β-5,P08-T08-Bβ,24,55,G3,4,4,L2,L,False,55,True,L2,True,0.895296578781662,False,1.360792875289917,valid,False,0.06388950049134841,0.895296578781662,0.03506330129388702,0.00493896125253576,0.0006170254773198688,8.257526475766532e-05,9.046023078689532e-05,1.7547479393685783e-05,3.6873583792655067e-06,3.623699293387084e-07
P08,8,B,beta,1799551287-β-5,P08-T08-Bβ,25,57,A3,5,5,L4,L,False,57,True,L4,True,0.5153509038171145,False,1.334563970565796,valid,False,0.005073473023858219,0.04605768440007971,0.4219336335816047,0.5153509038171145,0.011076746879476839,0.0002525955794075984,0.00020287769590641096,4.2631921952036645e-05,8.607236597536114e-06,8.458640025849587e-07
P08,8,B,beta,1799551287-β-5,P08-T08-Bβ,26,60,C4,7,7,R4,R,False,60,True,R4,True,0.45893527103612136,False,1.2991340160369873,valid,False,0.0020752766989487774,0.0025317459876300686,0.00016023868059453217,2.9864320017711983e-05,5.5659320634143265e-06,0.017863190661707787,0.10447096421646124,0.3910788407509556,0.45893527103612136,0.022849041715499542
P08,8,B,beta,1799551287-β-5,P08-T08-Bβ,27,62,D4,8,8,R5,R,False,62,True,R5,True,0.6490546110056097,False,0.8560581207275391,valid,False,0.0005002561936149372,0.0005249337890451309,3.59911162990905e-05,6.4447905547127e-06,9.448511647928032e-07,0.021969693576564482,0.01237300223109747,0.04631736105278661,0.26921676139326295,0.6490546110056097
P08,8,B,beta,1799551287-β-5,P08-T08-Bβ,28,59,B3,6,6,L2,L,False,59,True,L2,True,0.9517299194325574,False,0.7042698860168457,valid,False,0.02817066804758706,0.9517299194325574,0.011226547617034554,0.0006301995879283438,5.717041678069048e-05,0.002786706255212291,0.004298565216623377,0.0008678653496092018,0.0002056213921207843,2.673668454649288e-05
P08,8,B,beta,1799551287-β-5,P08-T08-Bβ,29,57,A3,5,5,L5,L,False,57,True,L5,True,0.6340870594874782,False,0.8394701480865479,valid,False,0.0007974178517697272,0.0029240422425116886,0.04013249128892721,0.32123927897548693,0.6340870594874782,0.00030485517582308475,0.00040340521045923415,8.822951478589438e-05,2.090402118783309e-05,2.3162315700850543e-06
P08,9,C,alpha,1799551287-α-2,P08-T09-Cα,0,57,A3,5,5,L5,L,False,57,True,L5,True,0.6616949330588546,False,1.1978678703308105,valid,False,0.0040693312201142305,0.0021457457231950105,0.03428831492978915,0.2973186988329494,0.6616949330588546,0.00012153893151753326,0.000293700312586975,5.6971999056469606e-05,9.801739819397277e-06,9.632521172132173e-07
P08,9,C,alpha,1799551287-α-2,P08-T09-Cα,1,59,B3,6,6,L4,L,False,59,True,L4,True,0.5954032868384016,False,0.7046668529510498,valid,False,0.005126647349760766,0.026291323214562,0.30164142242265746,0.5954032868384016,0.06866495612109892,0.000650796306483233,0.0018026160464799607,0.0003496715369304229,6.26143351524223e-05,6.665828473028151e-06
P08,9,C,alpha,1799551287-α-2,P08-T09-Cα,2,60,C4,7,7,L2,L,False,60,True,L2,True,0.8406809599477966,False,0.7091741561889648,valid,False,0.025899203880519514,0.8406809599477966,0.09315010553729457,0.01032132589531696,0.00021314389670767367,0.0053559382622274465,0.02037303535185964,0.00336764009336148,0.0005793851812674206,5.926195364867597e-05
P08,9,C,alpha,1799551287-α-2,P08-T09-Cα,3,59,B3,6,6,L4,L,False,59,True,L4,True,0.555448465499694,False,0.737990140914917,valid,False,0.0015287061596845996,0.02264130365016903,0.403338368366662,0.555448465499694,0.01401006266756435,0.0005415740658170691,0.0020539727269474396,0.0003677969841297431,6.327758204913034e-05,6.472297282772635e-06
P08,9,C,alpha,1799551287-α-2,P08-T09-Cα,4,57,A3,5,5,L2,L,False,57,True,L2,True,0.9073561486180733,False,0.5928270816802979,valid,False,0.04893706278962253,0.9073561486180733,0.03849525702908039,0.0042653960607919395,0.00034319208968232437,0.0001290628604275588,0.0003869480006037675,7.211703739302417e-05,1.3440738999120724e-05,1.3747753261956485e-06
P08,9,C,alpha,1799551287-α-2,P08-T09-Cα,5,59,B3,6,6,L1,L,False,59,True,L1,True,0.4979252174918719,False,0.6834280490875244,valid,False,0.4979252174918719,0.4979252174918719,0.0017690627738877719,8.130481005337809e-05,7.37580596062692e-06,0.0005770045538637409,0.0013915940659158014,0.0002699414757581015,4.833738022554693e-05,4.944150591077378e-06
P08,9,C,alpha,1799551287-α-2,P08-T09-Cα,6,64,E4,9,9,R2,R,False,64,True,R2,True,0.7345311308264779,False,0.5906972885131836,valid,False,0.00046422075609006496,0.00019383119615927035,1.689449209713633e-05,2.7926407607250134e-06,2.636817639347475e-07,0.046489774185214404,0.7345311308264779,0.18852533073449784,0.027639126023604264,0.0021366354633343787
P08,9,C,alpha,1799551287-α-2,P08-T09-Cα,7,65,F4,10,10,R3,R,False,65,True,R3,True,0.4744485251471724,False,0.5775339603424072,valid,False,1.6308695763112448e-05,1.5641199223067423e-05,1.2584847385790974e-06,1.920323193532087e-07,2.3049952018797788e-08,0.013553575031323921,0.3732144285227011,0.4744485251471724,0.1319143871359192,0.006835660700887085
P08,9,C,alpha,1799551287-α-2,P08-T09-Cα,8,67,G4,11,11,R2,R,False,67,True,R2,True,0.8071183728806426,False,1.4154479503631592,valid,False,1.144878189552556e-06,9.574093012315292e-07,2.67462908819985e-07,5.399982998347701e-08,7.915377315436517e-09,0.049066898399478476,0.8071183728806426,0.1281844625445095,0.01478288865814455,0.0008449458516177999
P08,9,C,alpha,1799551287-α-2,P08-T09-Cα,9,69,A4,12,12,R1,R,False,69,True,R1,True,0.8924738753294194,False,0.8731257915496826,valid,False,1.639840101368106e-07,1.1323981197718126e-07,2.2862723736562376e-08,4.615904314285711e-09,7.043413274805114e-10,0.8924738753294194,0.08426758250547269,0.018430321978673374,0.003872875451563525,0.0009550393280795441
P08,9,C,alpha,1799551287-α-2,P08-T09-Cα,10,67,G4,11,11,R3,R,False,67,True,R3,True,0.42295873029485415,True,0.6769089698791504,valid,False,4.5590101608138555e-07,2.8794951451192884e-07,5.813600433820985e-08,1.1737456846006774e-08,1.864112685323852e-09,0.026279411819853823,0.42295873029485415,0.42295873029485415,0.12239758138687021,0.005404730615463091
P08,9,C,alpha,1799551287-α-2,P08-T09-Cα,11,65,F4,10,10,R4,R,False,65,True,R4,True,0.4942862768920231,False,0.789423942565918,valid,False,3.206971501315488e-06,2.917917381204209e-06,5.660177370073207e-07,1.0135461581548149e-07,1.4859292322596483e-08,0.006848636207902191,0.09001185183655919,0.3735735316996739,0.4942862768920231,0.03527289624331413
P08,9,C,alpha,1799551287-α-2,P08-T09-Cα,12,60,C4,7,7,L1,L,False,60,True,L1,True,0.4872412985832009,False,1.3868248462677002,valid,False,0.4872412985832009,0.4872412985832009,0.004897669501360305,0.0004268850439179413,1.2635556181591827e-05,0.016602093441271528,0.0029117651557256353,0.0005878752461591715,7.344337924895911e-05,5.0355097330574805e-06
P08,9,C,alpha,1799551287-α-2,P08-T09-Cα,13,64,E4,9,9,R5,R,False,64,True,R5,True,0.600025144943626,False,0.9622330665588379,valid,False,3.891932329789076e-05,3.0714253847837184e-05,3.018399854789523e-06,4.98938140204906e-07,4.903244003270776e-08,0.01841739030264095,0.009364927203153737,0.04281855610893171,0.3293007814940667,0.600025144943626
P08,9,C,alpha,1799551287-α-2,P08-T09-Cα,14,62,D4,8,8,R4,R,False,62,True,R4,True,0.5472975462981143,False,0.6877052783966064,valid,False,0.0003614111258576798,0.00042528005031575985,5.313032692977169e-05,1.162023405719844e-05,9.349594625797108e-07,0.013804472237658938,0.08252615227605598,0.33865863202552554,0.5472975462981143,0.01686082046602212
P08,9,C,alpha,1799551287-α-2,P08-T09-Cα,15,57,A3,5,5,L2,L,False,57,True,L2,True,0.9153779750279483,False,0.5989890098571777,valid,False,0.033093505922545126,0.9153779750279483,0.04557398582515332,0.0054703197363511966,0.00027235118270779274,6.73078903441761e-05,0.00010853713217094289,2.899409957699223e-05,6.869507027783016e-06,1.536761744828602e-07
P08,9,C,alpha,1799551287-α-2,P08-T09-Cα,16,59,B3,6,6,L1,L,False,59,True,L1,True,0.4984894969528211,False,0.7190659046173096,valid,False,0.4984894969528211,0.4984894969528211,0.0021631868326658144,0.00021258412637821172,1.3454825283666369e-05,0.0002595409595150287,0.0002927555026925391,6.664218589457071e-05,1.1465445797101837e-05,1.3762161306359692e-06
P08,9,C,alpha,1799551287-α-2,P08-T09-Cα,17,64,E4,9,9,R3,R,False,64,True,R3,True,0.41199931364482506,True,0.6410620212554932,valid,False,5.314710857894751e-05,4.8851103237480485e-05,5.412856528197266e-06,8.259483500844609e-07,2.1683080184309673e-08,0.008174517416642504,0.41199931364482506,0.41199931364482506,0.16418957140121365,0.0035290251927188646
P08,9,C,alpha,1799551287-α-2,P08-T09-Cα,18,62,D4,8,8,R4,R,False,62,True,R4,True,0.5278826951883887,False,0.6167941093444824,valid,False,0.0004882998633271789,0.0005879426268781609,6.780455460816028e-05,1.1665425364143528e-05,2.826995431809642e-07,0.011809143340877251,0.09198704182422654,0.3538503525400981,0.5278826951883887,0.013314771936688646
P08,9,C,alpha,1799551287-α-2,P08-T09-Cα,19,64,E4,9,9,R3,R,False,64,True,R2,True,0.45110749721190346,False,0.8311560153961182,valid,False,5.391609579037351e-05,6.0307769514500844e-05,8.84153888137831e-06,1.7150820861263285e-06,9.627572614577285e-08,0.01137827305015817,0.45110749721190346,0.45110749721190346,0.08407469787656949,0.002207157887466997
P08,9,C,alpha,1799551287-α-2,P08-T09-Cα,20,65,F4,10,10,R1,R,False,65,True,R1,True,0.7726435827935015,False,0.6323668956756592,valid,False,1.7051359536213552e-05,1.51435263677456e-05,2.2201463967160383e-06,3.975530630595225e-07,1.9793001530398176e-08,0.7726435827935015,0.19830730226795917,0.02578564287168108,0.0028571306705854655,0.0003715090179074407
P08,9,C,alpha,1799551287-α-2,P08-T09-Cα,21,64,E4,9,9,R2,R,False,64,True,R2,True,0.7199639934315111,False,0.5686306953430176,valid,False,6.855725606033781e-05,8.201945544272475e-05,1.110012623325389e-05,1.9876568459200854e-06,9.507934557697425e-08,0.03054500597261629,0.7199639934315111,0.21684898760676585,0.03054500597261629,0.0019332474425626728
P08,9,C,alpha,1799551287-α-2,P08-T09-Cα,22,59,B3,6,6,L1,L,False,59,True,L1,True,0.38677431845693516,True,0.6565420627593994,valid,False,0.38677431845693516,0.6005472762028855,0.010568114127258041,0.0008169653195828523,2.5168586399891766e-05,0.0005913901558902259,0.00056997736269401,9.05223376822734e-05,1.4963241778098838e-05,1.3042088940105864e-06
P08,9,C,alpha,1799551287-α-2,P08-T09-Cα,23,60,C4,7,7,L2,L,False,60,True,L2,True,0.9156446926843016,False,0.5575318336486816,valid,False,0.037323695734905946,0.9156446926843016,0.030558057516693007,0.002180661779568279,5.9583797216342686e-05,0.006384921556747974,0.006683410421070238,0.0009798344985034318,0.00016857549286414998,1.6566518128782473e-05
P08,9,C,alpha,1799551287-α-2,P08-T09-Cα,24,59,B3,6,6,L3,L,False,59,True,L3,True,0.6939750338448537,False,0.6217930316925049,valid,False,0.0075567105689224884,0.2620072912629801,0.6939750338448537,0.03455098245562443,0.0005612639334839476,0.0006598619114501007,0.0005841695491356927,8.913849328256645e-05,1.4156746070186245e-05,1.3912341968076587e-06
P08,9,C,alpha,1799551287-α-2,P08-T09-Cα,25,62,D4,8,8,R1,R,False,62,True,R1,True,0.6134245988358368,False,0.6228420734405518,valid,False,0.00048288825859104257,0.0002141791110100758,3.54035689302533e-05,4.791352028762772e-06,2.385473710305157e-07,0.6134245988358368,0.33665455770741737,0.04377475815004212,0.0050483292820655236,0.0003602551867068745
P08,9,C,alpha,1799551287-α-2,P08-T09-Cα,26,64,E4,9,9,R2,R,False,64,True,R2,True,0.7893849721173747,False,0.5284569263458252,valid,False,9.972512229231818e-05,5.791691044758617e-05,1.1234724737980559e-05,1.5204546544999783e-06,1.379325343255988e-07,0.06610564379911463,0.7893849721173747,0.12536808947916478,0.017659151117923433,0.001311608341755827
P08,9,C,alpha,1799551287-α-2,P08-T09-Cα,27,59,B3,6,6,L3,L,False,59,True,L3,True,0.5698666418258265,False,0.6490910053253174,valid,False,0.024256757215601988,0.33879742816822483,0.5698666418258265,0.06571993944411765,0.00049927530184851,0.000564495704208295,0.00024302337951985815,4.529323351165049e-05,6.37993335085924e-06,7.657937898981903e-07
P08,9,C,alpha,1799551287-α-2,P08-T09-Cα,28,62,D4,8,8,R2,R,False,62,True,R2,True,0.7757566953424898,False,0.6268458366394043,valid,False,0.0006031901807939362,0.0003443278352764154,5.691700835493706e-05,9.408318201969841e-06,6.713895312830229e-07,0.05865840346029529,0.7757566953424898,0.14458085975017307,0.018799662811009494,0.0011898639038737649
P08,9,C,alpha,1799551287-α-2,P08-T09-Cα,29,65,F4,10,10,R2,R,False,65,True,R2,True,0.730029948509267,False,0.7472529411315918,valid,False,1.2266935603011371e-05,8.173039223172942e-06,1.3509942969819082e-06,1.9029892334620872e-07,1.870135753388147e-08,0.09492485310730363,0.730029948509267,0.15340562523863394,0.01994713569127849,0.0016704374841128781
P08,10,C,gamma,1799551287-γ-5,P08-T10-Cγ,0,52,E3,2,2,L1,L,False,52,True,L1,True,0.8359362467276545,False,1.2863318920135498,valid,False,0.8359362467276545,0.16215494849271989,0.0015660434613516503,0.00024871499170344227,8.790947829092076e-05,3.7209171688564213e-06,2.046861469018444e-06,3.2507727010693986e-07,4.226937836788321e-08,1.7229930230703973e-09
P08,10,C,gamma,1799551287-γ-5,P08-T10-Cγ,1,59,B3,6,6,L4,L,False,59,True,L4,True,0.5649880950668157,False,0.6405801773071289,valid,False,0.002438817074384888,0.021765006427518187,0.37872284589477606,0.5649880950668157,0.023970038634876074,0.004660573741186142,0.0028771627728267097,0.0005152024546444298,5.9415785440975774e-05,2.842147530780079e-06
P08,10,C,gamma,1799551287-γ-5,P08-T10-Cγ,2,72,C5,14,14,R1,R,False,72,True,R1,True,0.7445671904502258,False,0.8930139541625977,valid,False,1.591419875016214e-09,9.496266753949892e-10,1.6337839205106745e-10,2.92555393165583e-11,2.654002649176111e-12,0.7445671904502258,0.1836080086155576,0.057558573400351636,0.011620875550270787,0.002645349247259611
P08,10,C,gamma,1799551287-γ-5,P08-T10-Cγ,3,64,E4,9,9,R2,R,False,64,True,R2,True,0.7623361159369766,False,0.5104761123657227,valid,False,1.4849190382704247e-05,1.0424333517271913e-05,1.9428244851748505e-06,3.478940966283909e-07,1.5362018217036772e-08,0.050218704427726184,0.7623361159369766,0.17353643120338763,0.013415188771634423,0.0004659800557752707
P08,10,C,gamma,1799551287-γ-5,P08-T10-Cγ,4,67,G4,11,11,R4,R,False,67,True,R4,True,0.5691263226728246,False,0.8150169849395752,valid,False,1.4385794135179884e-07,8.820053031732685e-08,1.5174448227565315e-08,3.454276317022811e-09,1.8630185873133405e-10,0.002145604767785983,0.03151688137900911,0.3814967828141419,0.5691263226728246,0.015714157492740355
P08,10,C,gamma,1799551287-γ-5,P08-T10-Cγ,5,62,D4,8,8,R3,R,False,62,True,R3,True,0.6196187060183257,False,0.6363041400909424,valid,False,5.3162643496092936e-05,4.546121648586008e-05,8.14056491549343e-06,1.7106263286965738e-06,6.972889934109353e-08,0.0038539719760100543,0.17884622049164212,0.6196187060183257,0.19424190175310668,0.0033306549807899906
P08,10,C,gamma,1799551287-γ-5,P08-T10-Cγ,6,72,C5,14,14,R5,R,False,72,True,R5,True,0.7926933635250181,False,0.6988780498504639,valid,False,1.6316423300612765e-09,1.095210985778627e-09,2.1244907333878736e-10,4.464321360165581e-11,1.894021421265813e-12,0.00039234719151723965,0.0024978652518136205,0.031044959734757026,0.1733714613110546,0.7926933635250181
P08,10,C,gamma,1799551287-γ-5,P08-T10-Cγ,7,55,G3,4,4,L5,L,False,55,True,L5,True,0.7613098426243524,False,0.8625490665435791,valid,False,0.0011807632842303836,0.001826610758772874,0.03229913426522565,0.2033727346990304,0.7613098426243524,5.563245445389653e-06,4.423182275232346e-06,8.374133123752733e-07,8.852938858179412e-08,1.9979666639087786e-09
P08,10,C,gamma,1799551287-γ-5,P08-T10-Cγ,8,64,E4,9,9,R2,R,False,64,True,R2,True,0.7928065310643841,False,0.5456929206848145,valid,False,6.226459093785693e-05,5.159034280016228e-05,7.563503433195174e-06,1.4671687158385076e-06,1.0897187036945504e-07,0.020813029751746093,0.7928065310643841,0.16659724966017672,0.0192128479816682,0.0004473469642675261
P08,10,C,gamma,1799551287-γ-5,P08-T10-Cγ,9,59,B3,6,6,L3,L,False,59,True,L3,True,0.7028875501324575,False,0.6820816993713379,valid,False,0.006713869951894742,0.15117636038998553,0.7028875501324575,0.1363461567004355,0.0025991823684023926,0.00020124457896429862,6.051868745289122e-05,1.271715921557757e-05,2.277212713110621e-06,1.2281847838530358e-07
P08,10,C,gamma,1799551287-γ-5,P08-T10-Cγ,10,71,B4,13,13,R4,R,False,71,True,R4,True,0.43913587537100346,True,0.8116252422332764,valid,False,1.4284939223710238e-08,6.9609741890769356e-09,9.051265002636708e-10,1.6207751577482687e-10,1.357289396695402e-11,0.020020713763683227,0.08518359567591509,0.43913587537100346,0.43913587537100346,0.01652391749170425
P08,10,C,gamma,1799551287-γ-5,P08-T10-Cγ,11,57,A3,5,5,L1,L,False,57,True,L1,True,0.49848166902464164,False,0.5972769260406494,valid,False,0.49848166902464164,0.49848166902464164,0.002862132042343167,0.00014249716366999333,2.174365727446029e-05,8.200582677653364e-06,1.7494861135996829e-06,2.8918810953713216e-07,4.780247299339029e-08,2.0280553422257148e-09
P08,10,C,gamma,1799551287-γ-5,P08-T10-Cγ,12,65,F4,10,10,R1,R,False,65,True,R1,True,0.7839378522472403,False,0.7167239189147949,valid,False,4.933468419227912e-06,2.863615611123488e-06,3.7235224636572264e-07,5.45894316820903e-08,7.09819342920811e-09,0.7839378522472403,0.2012060982410786,0.013254402310725761,0.0015285655507716238,6.485052628162618e-05
P08,10,C,gamma,1799551287-γ-5,P08-T10-Cγ,13,69,A4,12,12,R5,R,False,69,True,R5,True,0.3232292887672528,True,0.9550652503967285,valid,False,9.643476064343838e-08,8.425707160640994e-08,1.0955838403372697e-08,1.8848957261756067e-09,2.0066317991950034e-10,0.008902458380541595,0.016749391742429353,0.2866786619532281,0.36444000542331845,0.3232292887672528
P08,10,C,gamma,1799551287-γ-5,P08-T10-Cγ,14,52,E3,2,2,L1,L,False,52,True,L1,True,0.6303009275468913,False,0.8193221092224121,valid,False,0.6303009275468913,0.36003360276709945,0.00805422958805613,0.0013313551963870856,0.0002797657503415048,9.331289808137531e-08,1.820521198846019e-08,6.182408534698675e-09,1.4073491874831605e-09,4.335678488540212e-11
P08,10,C,gamma,1799551287-γ-5,P08-T10-Cγ,15,53,F3,3,3,L5,L,False,53,True,L5,True,0.6155096359042628,False,0.7257170677185059,valid,False,0.0012765562842387349,0.003213001676322426,0.04220128204994744,0.3377988503122569,0.6155096359042628,4.937672846796769e-07,1.367235711823283e-07,3.652369247364069e-08,6.540156918758844e-09,2.1826642243263283e-10
P08,10,C,gamma,1799551287-γ-5,P08-T10-Cγ,16,60,C4,7,7,R1,R,False,60,True,R1,True,0.8293370612251316,False,0.8214027881622314,valid,False,0.0007005639342111042,0.00035367624736595837,3.7651844329046575e-05,3.85118902857344e-06,8.766757679935587e-07,0.8293370612251316,0.16087483820985504,0.008095664385210042,0.0005715671300317669,2.424915906885874e-05
P08,10,C,gamma,1799551287-γ-5,P08-T10-Cγ,17,52,E3,2,2,L3,L,False,52,True,L3,True,0.2678230239275767,True,0.7492449283599854,valid,False,0.12034064190811987,0.5502245149318862,0.2678230239275767,0.05857607893244845,0.003035348982503597,2.8687523725687584e-07,8.192768450326166e-08,1.9410942663373793e-08,2.9619177938450195e-09,1.4168301035947645e-10
P08,10,C,gamma,1799551287-γ-5,P08-T10-Cγ,18,62,D4,8,8,L1,L,False,62,True,L1,True,0.48711111055723394,False,0.7345759868621826,valid,False,0.48711111055723394,0.48711111055723394,0.003629831312610465,0.00011644542075781136,5.239612415746492e-06,0.014405113916222012,0.0059804286748723085,0.0014169295618957883,0.00020773173862222947,1.6058648136026827e-05
P08,10,C,gamma,1799551287-γ-5,P08-T10-Cγ,19,62,D4,8,8,R2,R,False,62,True,R2,True,0.8584871193742395,False,0.659412145614624,valid,False,0.00014143642997275883,0.00014169178290162178,2.5101483690502912e-05,5.947238270386681e-06,3.0817944733963295e-07,0.05151937379490946,0.8584871193742395,0.07788019439495457,0.011417778710365407,0.0003810486112482887
P08,10,C,gamma,1799551287-γ-5,P08-T10-Cγ,20,57,A3,5,5,R4,R,False,57,True,R4,True,0.6492596853272598,False,0.8980998992919922,valid,False,0.004669528971194879,0.0014273688267708317,0.0002660244035199878,5.818269926919389e-05,8.529988788400261e-06,0.020002009992871512,0.052239178959756494,0.2485969146622476,0.6492596853272598,0.023472576168321546
P08,10,C,gamma,1799551287-γ-5,P08-T10-Cγ,21,64,E4,9,9,R1,R,False,64,True,R1,True,0.7405626666195735,False,0.6218831539154053,valid,False,1.777641622905573e-05,1.0126599102279575e-05,1.8133310926891877e-06,3.3795772562037185e-07,3.74467833916882e-08,0.7405626666195735,0.23215616206280817,0.02471499779563399,0.002428831451580844,0.00010725031947050243
P08,10,C,gamma,1799551287-γ-5,P08-T10-Cγ,22,53,F3,3,3,L2,L,False,53,True,L2,True,0.6965479471240746,False,0.7601170539855957,valid,False,0.10211877850599235,0.6965479471240746,0.17176660900055546,0.027279530732582047,0.0022844758961878624,2.0888143325395436e-06,4.74208542920572e-07,8.15851441904969e-08,1.2957142608896714e-08,1.17544545795815e-09
P08,10,C,gamma,1799551287-γ-5,P08-T10-Cγ,23,57,A3,5,5,R3,R,False,57,True,R3,True,0.5038438048837146,False,0.8585247993469238,valid,False,0.003494358232353564,0.0010225160535388205,0.0002327631907629161,4.004571145782464e-05,4.437191308393668e-06,0.006981061555968724,0.32449376088222015,0.5038438048837146,0.15794807015435625,0.0019391821443187323
P08,10,C,gamma,1799551287-γ-5,P08-T10-Cγ,24,60,C4,7,7,L5,L,False,60,True,L5,True,0.7083247450884882,False,0.8109269142150879,valid,False,0.007270461651535126,0.003329768120338841,0.03820256530870691,0.24054391413564266,0.7083247450884882,0.001363555052748823,0.0008211107091051084,0.00012529336994045832,1.629173537497153e-05,2.2948281189820163e-06
P08,10,C,gamma,1799551287-γ-5,P08-T10-Cγ,25,53,F3,3,3,L3,L,False,53,True,L3,True,0.4393451286085986,True,1.0833909511566162,valid,False,0.046357098334307234,0.4393451286085986,0.4393451286085986,0.0726232613045713,0.0023286420212140857,5.869149773381535e-07,1.2912692458129857e-07,2.1344537072761296e-08,3.1292577383161645e-09,6.070135484176721e-10
P08,10,C,gamma,1799551287-γ-5,P08-T10-Cγ,26,60,C4,7,7,L2,L,False,60,True,L2,True,0.7933580353349883,False,0.6138710975646973,valid,False,0.050213032998681746,0.7933580353349883,0.14206356730206668,0.011430378758560017,0.00024568000425987286,0.0020666871041160723,0.0005047331599426145,0.0001019038675088533,1.3791188772216914e-05,2.1902811037581544e-06
P08,10,C,gamma,1799551287-γ-5,P08-T10-Cγ,27,60,C4,7,7,R1,R,False,60,True,R1,True,0.8559915982208071,False,0.7853879928588867,valid,False,0.003891454590928352,0.0017371755738410548,9.369228418536006e-05,1.3197347202835604e-05,1.1972363270909988e-06,0.8559915982208071,0.12549432782425576,0.01138458856964705,0.0013129290547630888,7.983929804261174e-05
P08,10,C,gamma,1799551287-γ-5,P08-T10-Cγ,28,59,B3,6,6,L4,L,False,59,True,L4,True,0.4411712764030345,True,0.6854078769683838,valid,False,0.008836930093739714,0.07470176112727274,0.45917581774448646,0.4411712764030345,0.014723328106140106,0.00103695599571377,0.0003040488748128944,4.457568187546958e-05,4.9391263379566754e-06,3.668465863727017e-07
P08,10,C,gamma,1799551287-γ-5,P08-T10-Cγ,29,64,E4,9,9,R5,R,False,64,True,R5,True,0.6409863053816504,False,0.7170648574829102,valid,False,2.0784084714391294e-05,1.3075802323147464e-05,1.5079684855867602e-06,3.168785730557692e-07,3.24116734701608e-08,0.011829723748989983,0.007561035050284648,0.0515735060628433,0.288013712610462,0.6409863053816504
P08,11,A,alpha,1799551287-α-6,P08-T11-Aα,0,64,E4,9,9,R3,R,False,64,True,R2,True,0.42551605665327713,False,1.5871732234954834,valid,False,0.00020059503905022649,0.00020460022684658146,1.294951016390377e-05,1.6177850526441975e-06,3.47720269835797e-08,0.03839762789412078,0.4993477182641877,0.42551605665327713,0.03423685458393444,0.0020819452713395333
P08,11,A,alpha,1799551287-α-6,P08-T11-Aα,1,65,F4,10,10,R4,R,False,65,True,R2,False,0.08915689880187504,False,0.5860741138458252,valid,False,7.419576548537881e-07,4.6680344643073767e-07,1.198101352455108e-07,1.9027937301214058e-08,9.860071069794306e-10,0.02478894345965196,0.4415970106242011,0.4415970106242011,0.08915689880187504,0.0028587879048900503
P08,11,A,alpha,1799551287-α-6,P08-T11-Aα,2,67,G4,11,11,R5,R,False,67,True,R4,False,0.0217383819317222,False,0.5662999153137207,valid,False,6.022226674809964e-08,3.164531172049719e-08,9.157653783673536e-09,2.084627138334719e-09,9.580791366828809e-11,0.013234654342365471,0.14246259168570963,0.4030575883058288,0.41950668052870654,0.0217383819317222
P08,11,A,alpha,1799551287-α-6,P08-T11-Aα,3,65,F4,10,10,R3,R,False,65,True,R2,True,0.44427476412563993,False,0.5353038311004639,valid,False,5.202813866373402e-07,2.906017482489819e-07,7.458607048964539e-08,1.7671510510018437e-08,1.3660915332180155e-09,0.026641710064912442,0.44427476412563993,0.44427476412563993,0.08280125424406654,0.0020066029329336025
P08,11,A,alpha,1799551287-α-6,P08-T11-Aα,4,60,C4,7,7,L3,L,False,60,True,R2,False,0.00011768660434730969,False,0.5593669414520264,valid,False,0.0006034014974612327,0.0004585297595690113,0.00011768660434730969,2.3760515632336507e-05,1.989782220785654e-06,0.0270944489398102,0.812625136886579,0.14551365295832958,0.013200700772045522,0.0003606922840051326
P08,11,A,alpha,1799551287-α-6,P08-T11-Aα,5,59,B3,6,6,L4,L,False,59,True,L1,False,0.00024102862113618164,False,0.5624771118164062,valid,False,0.7783376343555964,0.21640689469735533,0.0017111410135094783,0.00024102862113618164,2.018451419398318e-05,0.0025243472588316507,0.0006048108027166174,0.00013767773303996893,1.4656965545761129e-05,1.6240380744782431e-06
P08,11,A,alpha,1799551287-α-6,P08-T11-Aα,6,60,C4,7,7,L5,L,False,60,True,R2,False,1.2687269965038852e-05,False,0.5439867973327637,valid,False,0.06567587769744063,0.01916036546665989,0.0007810187254520341,0.00011917572991483255,1.2687269965038852e-05,0.028698538626576543,0.8229075379708892,0.05642113638061538,0.006006509794458165,0.0002171523380280779
P08,11,A,alpha,1799551287-α-6,P08-T11-Aα,7,59,B3,6,6,L4,L,False,59,True,L1,False,0.00042303372700400275,False,0.43590617179870605,valid,False,0.7497176205910544,0.24461771127172305,0.00312581994057229,0.00042303372700400275,3.99429389232816e-05,0.0018131768262274783,0.00020591262096635336,5.07774271675615e-05,5.405688952485036e-06,5.989674090597186e-07
P08,11,A,alpha,1799551287-α-6,P08-T11-Aα,8,60,C4,7,7,L5,L,False,60,True,R1,False,4.69072947682797e-06,False,0.5473630428314209,valid,False,0.013375894382148644,0.0040464211757441785,0.0002271448930274162,3.330102273017285e-05,4.69072947682797e-06,0.8959036109742521,0.07808772156037946,0.00737306009862174,0.0008850004107504091,6.315475286907229e-05
P08,11,A,alpha,1799551287-α-6,P08-T11-Aα,9,59,B3,6,6,L3,L,False,59,True,L2,False,0.014511486598097888,False,0.5294599533081055,valid,False,0.041056144786873174,0.9297730415287065,0.014511486598097888,0.0014260958204447174,6.050317203418704e-05,0.009518504772436601,0.0029298186150820723,0.0006407861577323243,7.691460604021006e-05,6.703942552327562e-06
P08,11,A,alpha,1799551287-α-6,P08-T11-Aα,10,57,A3,5,5,L4,L,False,57,True,L2,False,0.00985837008135807,False,0.567249059677124,valid,False,0.09260293612841063,0.8357427486461416,0.05963966356593231,0.00985837008135807,0.0009688173761098194,0.0007513856349163396,0.00035640799492046344,7.195753315989842e-05,7.071524794867959e-06,6.415142560257536e-07
P08,11,A,alpha,1799551287-α-6,P08-T11-Aα,11,62,D4,8,8,R2,R,False,62,True,R1,False,0.2585075633778376,False,0.8137102127075195,valid,False,0.014968306331432035,0.003578432846638589,0.00011474132319434746,1.2215189657766699e-05,6.329779011249493e-07,0.6751432916271014,0.2585075633778376,0.042731012823227874,0.004734731180835038,0.00020907232217410402
P08,11,A,alpha,1799551287-α-6,P08-T11-Aα,12,64,E4,9,9,R1,R,False,64,True,R2,False,0.0558009213017641,False,0.49062299728393555,valid,False,0.0004915785660476736,0.0003334675832617672,2.286358931663104e-05,2.9729230448952877e-06,1.736950087592188e-07,0.0558009213017641,0.6935271443156583,0.22628389421281606,0.022237729648811468,0.0012992541642703347
P08,11,A,alpha,1799551287-α-6,P08-T11-Aα,13,65,F4,10,10,R2,R,False,65,True,R2,True,0.543474743638306,False,0.49780797958374023,valid,False,2.9265071067303577e-05,1.5267685173023676e-05,2.066256497258591e-06,2.9104962742169495e-07,1.7698746070559645e-08,0.05584328084425392,0.543474743638306,0.3500175288418923,0.04736972140359675,0.0032478175108400014
P08,11,A,alpha,1799551287-α-6,P08-T11-Aα,14,64,E4,9,9,R1,R,False,64,True,R2,False,0.05693050374369252,False,0.4626307487487793,valid,False,0.00012864556252804014,7.744643765442005e-05,1.1817560112181859e-05,1.9534295480354274e-06,1.187881731499857e-07,0.05693050374369252,0.7664973886057591,0.16106874982726002,0.014611827323213445,0.0006715487220590833
P08,11,A,alpha,1799551287-α-6,P08-T11-Aα,15,62,D4,8,8,R2,R,False,62,True,R2,True,0.869816326482875,False,0.4702920913696289,valid,False,0.0008071786003042238,0.00032899328800505223,3.7941190759892835e-05,4.933444123701306e-06,4.658168952863638e-07,0.03997611178635528,0.869816326482875,0.08212825168630085,0.006608006833706391,0.00029179087067445446
P08,11,A,alpha,1799551287-α-6,P08-T11-Aα,16,59,B3,6,6,L5,L,False,59,True,L2,False,0.00011026066706520451,False,0.5026648044586182,valid,False,0.034991038438510105,0.929913884074397,0.02441241914318995,0.0024970049260683853,0.00011026066706520451,0.004734804659117285,0.0028153651925202964,0.00046537673626135796,5.585992752479745e-05,3.986235345497265e-06
P08,11,A,alpha,1799551287-α-6,P08-T11-Aα,17,64,E4,9,9,R3,R,False,64,True,R2,False,0.13645655640958582,False,0.34968113899230957,valid,False,0.0001397137815493515,0.00012443227287157384,8.531469106660894e-06,1.410242358227857e-06,1.331553982247541e-07,0.05438053601004304,0.7931451911864827,0.13645655640958582,0.014526960908107648,0.0012165345644966701
P08,11,A,alpha,1799551287-α-6,P08-T11-Aα,18,60,C4,7,7,L4,L,False,60,True,R2,False,0.000272164763116993,False,0.4990670680999756,valid,False,0.013910677830958673,0.016754256588559762,0.001460315269871378,0.000272164763116993,2.6746607146668584e-05,0.02517131041292145,0.8444219839892461,0.0898959014804565,0.007835403315978977,0.0002512397417437428
P08,11,A,alpha,1799551287-α-6,P08-T11-Aα,19,59,B3,6,6,L3,L,False,59,True,L2,False,0.02567300795677634,False,0.37837791442871094,valid,False,0.028946235641837587,0.939586764076511,0.02567300795677634,0.002733110029995067,0.00011595421847711942,0.00186602590497026,0.0007301101731686264,0.00030283722347522674,4.265717309483403e-05,3.2976016941410517e-06
P08,11,A,alpha,1799551287-α-6,P08-T11-Aα,20,62,D4,8,8,R4,R,False,62,True,R2,False,0.009319160916339908,False,0.376514196395874,valid,False,0.0023750108725444246,0.002391863081343012,0.0002650259837830696,4.3808500469173595e-05,1.1500758229377493e-06,0.034461610044748986,0.8558307154067426,0.0948287462905628,0.009319160916339908,0.0004829088276431211
P08,11,A,alpha,1799551287-α-6,P08-T11-Aα,21,57,A3,5,5,L1,L,False,57,True,L2,False,0.055389289120170236,False,0.4207000732421875,valid,False,0.055389289120170236,0.8751420691144779,0.06000250059158968,0.008796784331957505,0.0003180286639298912,0.0002584572316071259,7.239530989679284e-05,1.7852463624160846e-05,2.321332831053628e-06,3.0183991554166986e-07
P08,11,A,alpha,1799551287-α-6,P08-T11-Aα,22,55,G3,4,4,L2,L,False,55,True,L2,True,0.8485140367456656,False,0.43224501609802246,valid,False,0.06055103889858471,0.8485140367456656,0.08011688473472124,0.01000901941059809,0.0007737446476282346,2.680162062104822e-05,6.367722730513501e-06,1.7704644380264173e-06,3.045993131438087e-07,3.115569911101202e-08
P08,11,A,alpha,1799551287-α-6,P08-T11-Aα,23,53,F3,3,3,L3,L,False,53,True,L3,True,0.5228793876119074,False,0.4398961067199707,valid,False,0.024006197716165398,0.2986734455036392,0.5228793876119074,0.15131304266052154,0.0031247391916954456,2.202466955242257e-06,7.026517407933325e-07,2.483555475698903e-07,3.1027111258601524e-08,2.8147160298632222e-09
P08,11,A,alpha,1799551287-α-6,P08-T11-Aα,24,55,G3,4,4,L2,L,False,55,True,L2,True,0.8562290497520582,False,0.4456608295440674,valid,False,0.03909721535905136,0.8562290497520582,0.09487288299410794,0.009323498388454048,0.0004459885151110359,2.3221653101455804e-05,5.9315953122441945e-06,1.9353597002660213e-06,2.516523269116477e-07,2.473077649128858e-08
P08,11,A,alpha,1799551287-α-6,P08-T11-Aα,25,53,F3,3,3,L3,L,False,53,True,L2,True,0.4444034349888768,False,0.4752810001373291,valid,False,0.05498934973919625,0.4444034349888768,0.4444034349888768,0.0555194154349393,0.0006816307345144139,1.970310164421529e-06,5.737784494237812e-07,1.66042427856782e-07,2.1590282845341416e-08,2.3922715291999476e-09
P08,11,A,alpha,1799551287-α-6,P08-T11-Aα,26,55,G3,4,4,L4,L,False,55,True,L2,False,0.012181073799834534,False,0.41396498680114746,valid,False,0.04939669006922155,0.7804599452575944,0.15757214538180767,0.012181073799834534,0.00036055290421351026,2.131058698688933e-05,6.0960358439730616e-06,1.911022995250584e-06,2.4848785653146153e-07,2.6453645562745783e-08
P08,11,A,alpha,1799551287-α-6,P08-T11-Aα,27,62,D4,8,8,R4,R,False,62,True,R2,False,0.008911578649782231,False,0.4701511859893799,valid,False,0.0009360554971476347,0.0009487133347138974,0.00012839438786385656,1.8085430729627032e-05,3.3124621839106505e-07,0.056386344336979755,0.8517996981255089,0.08042711761555352,0.008911578649782231,0.00044368137550230457
P08,11,A,alpha,1799551287-α-6,P08-T11-Aα,28,57,A3,5,5,L4,L,False,57,True,L2,False,0.005855598527455876,False,0.4066150188446045,valid,False,0.03837469342072141,0.9045143925216935,0.05077470090426581,0.005855598527455876,0.000141904386431642,0.0002249658728860988,8.105707172965865e-05,2.865000150871655e-05,3.7253227628433678e-06,3.119705445325347e-07
P08,11,A,alpha,1799551287-α-6,P08-T11-Aα,29,62,D4,8,8,R4,R,False,62,True,R2,False,0.008574260094507015,False,0.4006989002227783,valid,False,0.00044908643654321213,0.0003940666202591059,7.956067848823564e-05,1.4828039986245607e-05,3.892708060558952e-07,0.05322872325573627,0.8530043976379728,0.08382780069217216,0.008574260094507015,0.00042688727352906825
P08,12,A,gamma,1799551287-γ-9,P08-T12-Aγ,0,62,D4,8,8,R2,R,False,62,True,R2,True,0.7856013175491783,False,0.678657054901123,valid,False,0.0011993260489205296,0.001797594593320925,6.764035099267128e-05,1.0321248311404448e-05,6.030258061787845e-07,0.03202284115161285,0.7856013175491783,0.15861017054519264,0.019815202263064265,0.0008749832236004082
P08,12,A,gamma,1799551287-γ-9,P08-T12-Aγ,1,60,C4,7,7,L5,L,False,60,True,R2,False,4.493986594392187e-06,False,0.5684809684753418,valid,False,0.006055145585541401,0.010537969861238365,0.0005915464389138648,8.672482636818852e-05,4.493986594392187e-06,0.03429660130846913,0.8583267991631187,0.08104340795234945,0.00862776000040477,0.00042955087700167403
P08,12,A,gamma,1799551287-γ-9,P08-T12-Aγ,2,72,C5,14,14,R4,R,False,72,True,R3,False,0.31557787943393645,False,2.579892873764038,valid,False,2.9566084298024366e-10,6.653122144841373e-11,1.4551168984218234e-11,3.1825136258989135e-12,1.0807673876593247e-12,0.0011016886994285496,0.05216467261775557,0.31557787943393645,0.31557787943393645,0.31557787943393645
P08,12,A,gamma,1799551287-γ-9,P08-T12-Aγ,3,53,F3,3,3,L1,L,False,53,True,L2,False,0.04280168429243304,False,0.5662579536437988,valid,False,0.04280168429243304,0.7070809500658601,0.2129686895132179,0.03382313910985322,0.0033239211567203876,1.4221837358649514e-06,1.4498868650570758e-07,4.195743765446437e-08,6.151252473294596e-09,5.808026314652808e-10
P08,12,A,gamma,1799551287-γ-9,P08-T12-Aγ,4,55,G3,4,4,L5,L,False,55,True,L3,False,0.0014912317214322136,False,0.6402969360351562,valid,False,0.01853391759761341,0.40326843706683074,0.5126546579726494,0.06404605520511478,0.0014912317214322136,5.068892660419643e-06,4.4368417648571915e-07,1.6322228690217795e-07,2.208973442843391e-08,2.5475012966577976e-09
P08,12,A,gamma,1799551287-γ-9,P08-T12-Aγ,5,64,E4,9,9,R1,R,False,64,True,R2,False,0.09040646567692104,False,0.47426700592041016,valid,False,5.2865802780627736e-05,3.704269131377005e-05,4.4462945628390154e-06,6.262980310713313e-07,2.3566503150980892e-08,0.09040646567692104,0.8159195731703399,0.08345568628540816,0.009624537122179266,0.0004987330919600324
P08,12,A,gamma,1799551287-γ-9,P08-T12-Aγ,6,57,A3,5,5,R3,R,False,57,True,L2,False,1.4969444236331877e-06,False,0.46015000343322754,valid,False,0.03043735693683777,0.8762668787142637,0.0861138881175929,0.006928689573614757,0.0001970437882830278,4.668514312013233e-05,7.717002254223517e-06,1.4969444236331877e-06,2.194624744268296e-07,2.4317135308505664e-08
P08,12,A,gamma,1799551287-γ-9,P08-T12-Aγ,7,60,C4,7,7,L4,L,False,60,True,R1,False,2.7337108505748643e-06,False,0.621755838394165,valid,False,0.00030660379556093166,0.00015534678992579738,2.188190352410114e-05,2.7337108505748643e-06,4.3416092100886084e-07,0.6908375438409288,0.2865476079332926,0.020429822479818633,0.0016452703103955497,5.2755074782105095e-05
P08,12,A,gamma,1799551287-γ-9,P08-T12-Aγ,8,55,G3,4,4,L3,L,False,55,True,L1,False,0.006096873873447682,False,0.44671010971069336,valid,False,0.49659567313306285,0.49659567313306285,0.006096873873447682,0.0006236139075902827,4.10804130193994e-05,4.019607667714087e-05,6.022674555834232e-06,7.831206085354222e-07,7.696007016144548e-08,6.707905243845401e-09
P08,12,A,gamma,1799551287-γ-9,P08-T12-Aγ,9,57,A3,5,5,R3,R,False,57,True,L2,False,1.0873841563388022e-05,False,0.3910248279571533,valid,False,0.05851413044085851,0.896595461144751,0.04120686090911975,0.0033154878241304572,8.703932677312308e-05,0.0002103636005145078,5.834420552947089e-05,1.0873841563388022e-05,1.3052049110290299e-06,1.3350184892582782e-07
P08,12,A,gamma,1799551287-γ-9,P08-T12-Aγ,10,60,C4,7,7,R2,R,False,60,True,R1,False,0.1704998267143795,False,0.5697841644287109,valid,False,0.0007358350618763218,0.0002948567246972614,3.83398398062198e-05,5.85028021073307e-06,6.482295246538849e-07,0.8113781976607118,0.1704998267143795,0.01601675810229562,0.000978958801450049,5.072858504785105e-05
P08,12,A,gamma,1799551287-γ-9,P08-T12-Aγ,11,69,A4,12,12,R1,R,False,69,True,R3,False,0.010329692145353158,False,0.5261821746826172,valid,False,2.1178282269329356e-08,7.991278996074366e-09,1.8191162778964902e-09,3.672732423346988e-10,3.20118485210949e-11,0.010329692145353158,0.21763955209476468,0.41274924912821515,0.35172170904507594,0.007559766198628568
P08,12,A,gamma,1799551287-γ-9,P08-T12-Aγ,12,60,C4,7,7,R4,R,False,60,True,R2,False,0.005355720430165466,False,0.553520917892456,valid,False,0.0005656337075302684,0.0003672050854606506,7.413742814443524e-05,1.687647276552025e-05,1.0681418050030933e-06,0.04785533136850009,0.8610608959774073,0.084619541671404,0.005355720430165466,8.358971681704287e-05
P08,12,A,gamma,1799551287-γ-9,P08-T12-Aγ,13,53,F3,3,3,L5,L,False,53,True,L2,False,0.0007738985624588653,False,0.48613786697387695,valid,False,0.05590677267306501,0.4299571401991108,0.4299571401991108,0.08340310423909446,0.0007738985624588653,1.7198711286236036e-06,1.8112657345559418e-07,3.806122653601533e-08,4.754997107682703e-09,3.132342667668548e-10
P08,12,A,gamma,1799551287-γ-9,P08-T12-Aγ,14,59,B3,6,6,R2,R,False,59,True,L2,False,0.00010037158517544524,False,0.5181679725646973,valid,False,0.030944669015618494,0.9170150387230104,0.049458002348210704,0.001861018413528396,2.6812793714633626e-05,0.0005743526526958444,0.00010037158517544524,1.7268415703213166e-05,2.245389832801577e-06,2.2066250994898873e-07
P08,12,A,gamma,1799551287-γ-9,P08-T12-Aγ,15,62,D4,8,8,R4,R,False,62,True,R2,False,0.004812260919181516,False,0.5229620933532715,valid,False,0.00022634182932494714,0.00016715512913741552,2.4506105687342865e-05,4.216149615812189e-06,2.016790509633831e-07,0.07714109514440329,0.8723293253082093,0.045203161055485906,0.004812260919181516,9.173667990341332e-05
P08,12,A,gamma,1799551287-γ-9,P08-T12-Aγ,16,62,D4,8,8,L1,L,False,62,True,R2,False,0.0002722226838382443,False,0.4648737907409668,valid,False,0.0002722226838382443,0.00021419716341357725,3.140279542500275e-05,5.623177610407901e-06,2.483036007966279e-07,0.07242582096477809,0.8448352485719484,0.07664172461719922,0.005469250769674262,0.00010426095251178538
P08,12,A,gamma,1799551287-γ-9,P08-T12-Aγ,17,55,G3,4,4,L3,L,False,55,True,L1,False,0.010619737315397115,False,0.5333819389343262,valid,False,0.49408831702478406,0.49408831702478406,0.010619737315397115,0.001130561351497718,6.097534240554582e-05,1.1288731009836669e-05,6.129141263333375e-07,1.6373100021719142e-07,2.4983730638821595e-08,1.5812644923519583e-09
P08,12,A,gamma,1799551287-γ-9,P08-T12-Aγ,18,50,D3,1,1,L1,L,False,50,True,L3,False,0.04884893363134723,False,1.0994541645050049,valid,False,0.04884893363134723,0.28599166357227085,0.5006777407299088,0.15080123754112673,0.013680379623241532,4.0473339763759074e-08,3.56610234770009e-09,7.199836468132156e-10,1.341862149399333e-10,8.492882833035207e-12
P08,12,A,gamma,1799551287-γ-9,P08-T12-Aγ,19,59,B3,6,6,R2,R,False,59,True,L2,False,0.0008582465508230241,False,0.5729532241821289,valid,False,0.025342525452905558,0.9411816257393835,0.027858444512284072,0.0015025086349998477,7.785837050836246e-05,0.003004129740974194,0.0008582465508230241,0.00015368290381420442,1.998318986701414e-05,9.94904440117039e-07
P08,12,A,gamma,1799551287-γ-9,P08-T12-Aγ,20,64,E4,9,9,R4,R,False,64,True,R2,False,0.007863152520974996,False,0.4334299564361572,valid,False,1.2936073608299045e-05,6.88911678671405e-06,5.542956275106151e-07,7.807720681458493e-08,6.5384371438823235e-09,0.09772795118739114,0.8141849977321873,0.08001287907242102,0.007863152520974996,0.00019055538535907315
P08,12,A,gamma,1799551287-γ-9,P08-T12-Aγ,21,60,C4,7,7,R1,R,False,60,True,R2,False,0.038334607691686604,False,0.5665369033813477,valid,False,0.0020168988245649663,0.003094422924266892,0.00031651059405101264,4.283505089328233e-05,2.4045354228824495e-06,0.038334607691686604,0.870964688376385,0.07901213391685662,0.006108012504313841,0.00010748558155894558
P08,12,A,gamma,1799551287-γ-9,P08-T12-Aγ,22,52,E3,2,2,L4,L,False,52,True,L3,False,0.16938222742972672,False,0.7160139083862305,valid,False,0.04758425910264449,0.2526885902211569,0.4987763814262462,0.16938222742972672,0.031568439196489786,9.125000521831884e-08,1.00509626889186e-08,1.1591284886485877e-09,1.4481016805228995e-10,1.882947947392749e-11
P08,12,A,gamma,1799551287-γ-9,P08-T12-Aγ,23,59,B3,6,6,L4,L,False,59,True,L1,False,0.00020211043228999685,False,0.5866179466247559,valid,False,0.4973839367116955,0.4973839367116955,0.004571307901839449,0.00020211043228999685,9.366294139732853e-06,0.00037918977078033793,5.666277759338073e-05,1.1440017496009154e-05,1.89102217332581e-06,1.5836029646066793e-07
P08,12,A,gamma,1799551287-γ-9,P08-T12-Aγ,24,62,D4,8,8,L3,L,False,62,True,R2,False,4.149469637079721e-06,False,0.48981189727783203,valid,False,3.267495226556772e-05,2.5102828468617813e-05,4.149469637079721e-06,8.049142956854956e-07,5.302353156258309e-08,0.031803559185389,0.8935705126199275,0.0690772365458698,0.005339997841718884,0.00014590861889626801
P08,12,A,gamma,1799551287-γ-9,P08-T12-Aγ,25,64,E4,9,9,R3,R,False,64,True,R2,False,0.0995143910083486,False,0.512174129486084,valid,False,7.82239035185237e-06,5.977829522282925e-06,9.493834984349377e-07,2.0764145638400033e-07,1.314199495931457e-08,0.06409089223128517,0.829068073494064,0.0995143910083486,0.007101473281486367,0.00021019959799187306
P08,12,A,gamma,1799551287-γ-9,P08-T12-Aγ,26,53,F3,3,3,L5,L,False,53,True,L2,False,0.0010816829840710552,False,0.6233389377593994,valid,False,0.03803543201739775,0.6254792443121812,0.29251564335633584,0.04288482984807733,0.0010816829840710552,2.6447045326356e-06,3.7767298599165667e-07,1.282560561997304e-07,1.5394783292110568e-08,1.4535788744997868e-09
P08,12,A,gamma,1799551287-γ-9,P08-T12-Aγ,27,65,F4,10,10,R5,R,False,65,True,R2,False,0.001229433277649935,False,0.5449721813201904,valid,False,4.0022981706006745e-07,2.656192443973202e-07,4.218496471964744e-08,6.973127767824594e-09,2.958401131990505e-10,0.07271540885568617,0.4959887838821321,0.3901585961782026,0.03990706250333518,0.001229433277649935
P08,12,A,gamma,1799551287-γ-9,P08-T12-Aγ,28,64,E4,9,9,R3,R,False,64,True,R2,False,0.19172783326611006,False,0.5277390480041504,valid,False,5.503274302682331e-06,3.911152588728621e-06,6.72893714518986e-07,1.1576790748180562e-07,4.185337681707729e-09,0.073411223401016,0.7177180696642629,0.19172783326611006,0.016711161196434943,0.00042150519832510376
P08,12,A,gamma,1799551287-γ-9,P08-T12-Aγ,29,57,A3,5,5,L5,L,False,57,True,L1,False,1.3366559751316384e-05,False,0.6470201015472412,valid,False,0.5583582424703567,0.43922014998333675,0.0020647326856303113,0.00015335508461785465,1.3366559751316384e-05,0.00014220907809867232,3.9360235167796826e-05,7.3357235260685105e-06,1.1650407290421855e-06,8.313878550934789e-08
P08,13,B,alpha,1799551287-α-1,P08-T13-Bα,0,57,A3,5,5,L5,L,False,57,True,L5,True,0.8894204244554873,False,1.6682188510894775,valid,False,0.00013740119860811522,0.0002251528650338565,0.007618427946042635,0.102572518104054,0.8894204244554873,1.3419190409266103e-05,9.567054000193917e-06,2.555697859265398e-06,4.763155715867008e-07,5.717293374291709e-08
P08,13,B,alpha,1799551287-α-1,P08-T13-Bα,1,59,B3,6,6,L4,L,False,59,True,L3,False,0.11393134977423149,False,0.9238321781158447,valid,False,0.005130134923632553,0.2920795229838332,0.5873354208438637,0.11393134977423149,0.001291231058260287,0.00010653573696494382,0.00010389194317040523,1.860353006256425e-05,2.9545647610391766e-06,3.5464121981009493e-07
P08,13,B,alpha,1799551287-α-1,P08-T13-Bα,2,57,A3,5,5,L3,L,False,57,True,L3,True,0.7066855163333468,False,1.1051831245422363,valid,False,0.003677175458950036,0.20397711115691475,0.7066855163333468,0.08482461337095126,0.0007870887654339544,2.3950158183944492e-05,2.066292500170087e-05,3.2816325646104728e-06,5.424502144818645e-07,5.7748438533944195e-08
P08,13,B,alpha,1799551287-α-1,P08-T13-Bα,3,62,D4,8,8,R3,R,False,62,True,R3,True,0.5038217352771155,False,1.018484354019165,valid,False,0.0003107735290808295,0.0002958870473301846,7.904187573633277e-05,1.4731348654593308e-05,5.325799694197098e-07,0.01501838361849011,0.3117565222204291,0.5038217352771155,0.1643868523128406,0.00431554019035344
P08,13,B,alpha,1799551287-α-1,P08-T13-Bα,4,59,B3,6,6,L4,L,False,59,True,L4,True,0.6008578582440295,False,1.1608359813690186,valid,False,0.0027543833569754063,0.022537694018341475,0.35722234313543777,0.6008578582440295,0.015773927169108838,0.0005402092498469521,0.0002562397877048541,4.7756428054047985e-05,8.900555377872947e-06,6.880551232876836e-07
P08,13,B,alpha,1799551287-α-1,P08-T13-Bα,5,60,C4,7,7,L2,L,False,60,True,L2,True,0.8222058711210009,False,1.049576997756958,valid,False,0.018393379961647808,0.8222058711210009,0.14145629713152524,0.007330112144619003,8.307518940501225e-05,0.003936848661126686,0.005114045710746431,0.0012611081457286643,0.00020845977441613496,1.08021597843148e-05
P08,13,B,alpha,1799551287-α-1,P08-T13-Bα,6,59,B3,6,6,L3,L,False,59,True,L3,True,0.6215674608514357,False,0.8179709911346436,valid,False,0.0073319715540816205,0.22793250489286238,0.6215674608514357,0.14149217996281682,0.00048299182558649896,0.0004422776796692617,0.0005445717626873525,0.00017768276288713597,2.7112631580123423e-05,1.2460763932218733e-06
P08,13,B,alpha,1799551287-α-1,P08-T13-Bα,7,57,A3,5,5,L4,L,False,57,True,L4,True,0.40615374972211915,True,0.9471180438995361,valid,False,0.007433300302250883,0.08558081814052641,0.49607731014769163,0.40615374972211915,0.004603108249918155,5.574306200633084e-05,7.18432786225484e-05,2.079031099836348e-05,3.1723957539587867e-06,1.6439011281349763e-07
P08,13,B,alpha,1799551287-α-1,P08-T13-Bα,8,59,B3,6,6,L3,L,False,59,True,L3,True,0.4852787507866097,False,1.2174408435821533,valid,False,0.006991698171468909,0.4479687474052059,0.4852787507866097,0.05824879873892213,0.00046057640006904514,0.0003835976348533386,0.0005192984409896114,0.00012805741892764761,1.9540295097123352e-05,9.347078566549209e-07
P08,13,B,alpha,1799551287-α-1,P08-T13-Bα,9,64,E4,9,9,R2,R,False,64,True,R2,True,0.8092086360376318,False,0.732633113861084,valid,False,0.00023442982771467713,0.00015505998724528867,2.1841504951408764e-05,3.332797550424963e-06,7.759999288618755e-08,0.08761093864274071,0.8092086360376318,0.08614714112334142,0.015426036714544539,0.0011925057642866784
P08,13,B,alpha,1799551287-α-1,P08-T13-Bα,10,65,F4,10,10,R3,R,False,65,True,R2,True,0.45096469775573117,False,0.6914961338043213,valid,False,1.0441759352739522e-05,4.660600674486017e-06,5.374843368951757e-07,8.884556332528931e-08,2.7371017877984963e-09,0.04800902725091692,0.45096469775573117,0.45096469775573117,0.04800902725091692,0.0020368185596746162
P08,13,B,alpha,1799551287-α-1,P08-T13-Bα,11,67,G4,11,11,R2,R,False,67,True,R2,True,0.5477488555239645,False,0.8758161067962646,valid,False,1.9602612593105344e-06,9.739183270785367e-07,1.1690100283639042e-07,1.7837936385890612e-08,4.1533387963300495e-10,0.2666179911257823,0.5477488555239645,0.15850987418281248,0.02517413023024612,0.001946079603335003
P08,13,B,alpha,1799551287-α-1,P08-T13-Bα,12,69,A4,12,12,R1,R,False,69,True,R1,True,0.7972553922336225,False,0.7703821659088135,valid,False,4.98911416943766e-07,2.641945140192669e-07,3.8732755111868917e-08,5.241908383599138e-09,9.60089010418301e-11,0.7972553922336225,0.1743692312182437,0.02456137456661839,0.003193683872299548,0.0006195109326124054
P08,13,B,alpha,1799551287-α-1,P08-T13-Bα,13,67,G4,11,11,R2,R,False,67,True,R2,True,0.5730081045473542,False,1.0838229656219482,valid,False,2.161713378923605e-06,1.1956083551580635e-06,1.554634131366783e-07,2.279201872238398e-08,5.306834465517795e-10,0.27891298757177196,0.5730081045473542,0.12532368378446376,0.020715865597405538,0.002035822391155082
P08,13,B,alpha,1799551287-α-1,P08-T13-Bα,14,57,A3,5,5,L4,L,False,57,True,L4,True,0.5672353167145886,False,1.4714622497558594,valid,False,0.0036460209983936536,0.019609530599338048,0.39574665178317187,0.5672353167145886,0.013746362426201754,1.2698990038997837e-05,2.4315514666744437e-06,8.594432503198199e-07,1.117522979122506e-07,1.5741252218217825e-08
P08,13,B,alpha,1799551287-α-1,P08-T13-Bα,15,59,B3,6,6,L3,L,False,59,True,L3,True,0.5909131203783471,False,1.304504156112671,valid,False,0.004489175264593934,0.27989298522059536,0.5909131203783471,0.12417216153729038,0.0004072487919614184,9.71460889174448e-05,2.1103191419341398e-05,6.106930544904192e-06,8.264831750009304e-07,1.2611315507967726e-07
P08,13,B,alpha,1799551287-α-1,P08-T13-Bα,16,57,A3,5,5,L2,L,False,57,True,L2,True,0.8885199500505687,False,0.7353401184082031,valid,False,0.022411116340722837,0.8885199500505687,0.08060471132539863,0.0082445889554533,0.00019196486873651795,2.0813570452744506e-05,5.039527763399206e-06,1.5798223119998746e-06,2.0542225864631825e-07,3.011633329409177e-08
P08,13,B,alpha,1799551287-α-1,P08-T13-Bα,17,65,F4,10,10,R1,R,False,65,True,R1,True,0.7830839211337897,False,0.8102850914001465,valid,False,2.0380047423268588e-05,2.11363677784784e-05,1.0952636912452423e-06,2.2112992554838786e-07,5.148731775588968e-09,0.7830839211337897,0.1782594136174278,0.03457876859225823,0.003536861914659274,0.0004981967843146893
P08,13,B,alpha,1799551287-α-1,P08-T13-Bα,18,64,E4,9,9,R3,R,False,64,True,R2,True,0.4508640761337266,False,0.9233767986297607,valid,False,0.00011807875898688525,0.0001638450542000366,2.5001134148125937e-05,6.165203776024687e-06,5.592946681731169e-07,0.02431676209716032,0.4508640761337266,0.4508640761337266,0.07160507209563319,0.0020363640939742556
P08,13,B,alpha,1799551287-α-1,P08-T13-Bα,19,65,F4,10,10,R4,R,False,65,True,R4,True,0.46198575118378354,False,1.1055738925933838,valid,False,1.9280300131925665e-05,2.561784881801653e-05,4.587289505621225e-06,1.2754375905401913e-06,1.157050877621861e-07,0.00802755980733531,0.1627901037883836,0.3354705083638702,0.46198575118378354,0.03167520027549363
P08,13,B,alpha,1799551287-α-1,P08-T13-Bα,20,64,E4,9,9,R5,R,False,64,True,R5,True,0.7923422184598375,False,1.0781900882720947,valid,False,0.00013847918252347672,0.00015182805622278675,2.4112941100119836e-05,6.9779046024685686e-06,8.375692530318921e-07,0.018890989343118378,0.00594014011171314,0.022533281464427405,0.15997113496720175,0.7923422184598375
P08,13,B,alpha,1799551287-α-1,P08-T13-Bα,21,65,F4,10,10,R4,R,False,65,True,R4,True,0.3596289618513426,True,0.9429008960723877,valid,False,7.710138756628714e-06,8.96051871321844e-06,1.0333729051657404e-06,2.9904181000079305e-07,3.589447544740878e-08,0.017904871710756727,0.23161414950858425,0.3743056982065007,0.3596289618513426,0.01652827975615518
P08,13,B,alpha,1799551287-α-1,P08-T13-Bα,22,64,E4,9,9,R5,R,False,64,True,R4,False,0.09307533450767573,False,1.3557460308074951,valid,False,7.635248756254012e-05,6.676403201846405e-05,8.681241016406826e-06,2.056826976596575e-06,2.0213176195792354e-07,0.013367750831410825,0.03360984208017791,0.19902077449254998,0.6607722413688494,0.09307533450767573
P08,13,B,alpha,1799551287-α-1,P08-T13-Bα,23,59,B3,6,6,L2,L,False,59,True,L2,True,0.808195310323557,False,1.003105878829956,valid,False,0.02807287338201209,0.808195310323557,0.14472042097977322,0.017371027809065773,0.0005141726114340911,0.0002902227676733869,0.000680317110875839,0.00012679340492157426,2.7731224843493754e-05,1.130385843640428e-06
P08,13,B,alpha,1799551287-α-1,P08-T13-Bα,24,57,A3,5,5,L3,L,False,57,True,L2,True,0.45994354139738525,False,1.0137720108032227,valid,False,0.0173068736925029,0.45994354139738525,0.45994354139738525,0.06224658944786583,0.0004921871472916211,2.3864465618619718e-05,3.512309969006604e-05,6.813180363266231e-06,1.3755573918130116e-06,9.06145053851056e-08
P08,13,B,alpha,1799551287-α-1,P08-T13-Bα,25,59,B3,6,6,L4,L,False,59,True,L4,True,0.4358416011344131,True,0.8622732162475586,valid,False,0.005796642538039922,0.06101587691024905,0.4914100330663649,0.4358416011344131,0.005350975481024772,0.0001943832143430762,0.000325393154107122,5.37871266088227e-05,1.0433629094284978e-05,8.737457549880058e-07
P08,13,B,alpha,1799551287-α-1,P08-T13-Bα,26,60,C4,7,7,L5,L,False,60,True,L5,True,0.7357972671396644,False,1.584871768951416,valid,False,0.004832000898593928,0.0041572579545100675,0.029992718289871413,0.22161787800328328,0.7357972671396644,0.0011744857663299158,0.0019757629519255642,0.0003682307970617291,7.737857298967783e-05,7.019625770078987e-06
P08,13,B,alpha,1799551287-α-1,P08-T13-Bα,27,65,F4,10,10,R5,R,False,65,True,R5,True,0.8119775673235555,False,1.031764030456543,valid,False,5.231975391511543e-06,3.3442016395511108e-06,5.753527156733932e-07,1.0302619448605109e-07,1.9985025563473866e-08,0.018275893363301834,0.004662131343059922,0.019677438257941535,0.14539769517117423,0.8119775673235555
P08,13,B,alpha,1799551287-α-1,P08-T13-Bα,28,60,C4,7,7,L5,L,False,60,True,L5,True,0.7369331432772861,False,1.116696834564209,valid,False,0.004036690041177263,0.004052230244385319,0.03254088092174877,0.22195999732138413,0.7369331432772861,0.0001929611974482558,0.00018683996575931592,7.749802501613597e-05,1.7641471268984075e-05,2.1175345257542357e-06
P08,13,B,alpha,1799551287-α-1,P08-T13-Bα,29,59,B3,6,6,L4,L,False,59,True,L4,True,0.5190113657890761,False,0.970045804977417,valid,False,0.0019266529111567204,0.01554184149448257,0.44227231176003157,0.5190113657890761,0.02115604715938476,3.847878068644859e-05,3.807968970204277e-05,1.2424633335291573e-05,2.508490207755692e-06,2.8929193683221966e-07
P08,14,A,alpha,1799551287-α-8,P08-T14-Aα,0,59,B3,6,6,L2,L,False,59,True,R2,False,0.030222521341625966,False,1.313488245010376,valid,False,0.010904869603654329,0.030222521341625966,0.0034854159317984413,0.0005761353785160876,5.6618889440301994e-05,0.055069024331780056,0.7123628385011035,0.16877853069450072,0.01796790994906436,0.0005761353785160876
P08,14,A,alpha,1799551287-α-8,P08-T14-Aα,1,64,E4,9,9,R4,R,False,64,True,R2,False,0.081097205206943,False,0.8022541999816895,valid,False,5.315057549096971e-06,3.988454364112143e-06,4.079558906543335e-07,1.1342695454150941e-07,1.47487606778983e-08,0.04632345866701314,0.4351315936394171,0.4351315936394171,0.081097205206943,0.0023063092036905027
P08,14,A,alpha,1799551287-α-8,P08-T14-Aα,2,65,F4,10,10,R5,R,False,65,True,R2,False,0.0020533773647481565,False,0.6644120216369629,valid,False,1.1206276047495849e-06,8.083510972832602e-07,1.1850989870743389e-07,3.041684267893716e-08,3.3702822362364723e-09,0.042926353263494005,0.43680458995676313,0.43680458995676313,0.08140900818250607,0.0020533773647481565
P08,14,A,alpha,1799551287-α-8,P08-T14-Aα,3,64,E4,9,9,R3,R,False,64,True,R2,True,0.42891301633904794,False,0.7564959526062012,valid,False,7.14744609778528e-06,4.997857987958677e-06,9.694847038680956e-07,2.488286973393736e-07,2.6489930965387427e-08,0.029407629258030466,0.42891301633904794,0.42891301633904794,0.11008514801907325,0.0026677999373823686
P08,14,A,alpha,1799551287-α-8,P08-T14-Aα,4,60,C4,7,7,L2,L,False,60,True,R2,False,0.000807055272430111,False,0.769014835357666,valid,False,0.0006244179518005722,0.000807055272430111,0.0001389950872820903,3.567458709454863e-05,2.445962214353752e-06,0.014263351458499315,0.7857850723819285,0.17887429744352917,0.01904269017772772,0.0004259996774935925
P08,14,A,alpha,1799551287-α-8,P08-T14-Aα,5,59,B3,6,6,L1,L,False,59,True,L2,False,0.01794248974388064,False,0.6910820007324219,valid,False,0.01794248974388064,0.9459776256187236,0.025847630083754833,0.0017027062842718548,4.2947317759972246e-05,0.005182566737488512,0.0026438043385935248,0.0005782314356262416,7.825511511679059e-05,3.743324783967454e-06
P08,14,A,alpha,1799551287-α-8,P08-T14-Aα,6,60,C4,7,7,L2,L,False,60,True,R2,False,0.0015899765128381915,False,0.8879358768463135,valid,False,0.001377058795505328,0.0015899765128381915,0.00012792888496395373,1.8755265193288284e-05,8.619780465392221e-07,0.021407027250658912,0.616290993676369,0.33822766854954134,0.020567645706079076,0.0003920833808043606
P08,14,A,alpha,1799551287-α-8,P08-T14-Aα,7,65,F4,10,10,R4,R,False,65,True,R2,False,0.08117929678713344,False,0.7883589267730713,valid,False,1.1342667262234887e-06,5.191385519329436e-07,7.312503666451241e-08,1.5366207911092504e-08,9.344200653856543e-10,0.061934080057702914,0.4355720606076868,0.4184930358216811,0.08117929678713344,0.002819783894852863
P08,14,A,alpha,1799551287-α-8,P08-T14-Aα,8,60,C4,7,7,L2,L,False,60,True,R2,False,0.0007352847700875314,False,0.580394983291626,valid,False,0.0008693765988531761,0.0007352847700875314,0.00010779786644324594,2.3576674779225157e-05,1.0835664471094568e-06,0.018086827779626388,0.8063376597654326,0.16279676583459998,0.0107241969707669,0.0003174301729639188
P08,14,A,alpha,1799551287-α-8,P08-T14-Aα,9,65,F4,10,10,R4,R,False,65,True,R2,False,0.0506635794409002,False,0.4935140609741211,valid,False,5.577362083743756e-07,2.760875032409696e-07,7.37527185472741e-08,1.8187196476197594e-08,2.364857712292626e-09,0.06281926402160523,0.4953216245964603,0.38963379009632393,0.0506635794409002,0.0015608137162262494
P08,14,A,alpha,1799551287-α-8,P08-T14-Aα,10,64,E4,9,9,R2,R,False,64,True,R2,True,0.43252644498760684,False,0.4339480400085449,valid,False,2.504806231854208e-06,9.024867665048196e-07,2.3163295468142944e-07,6.440260141562163e-08,1.2492819346245752e-08,0.017107810466692262,0.43252644498760684,0.43252644498760684,0.1155430824899801,0.0022925012467402864
P08,14,A,alpha,1799551287-α-8,P08-T14-Aα,11,65,F4,10,10,R3,R,False,65,True,R2,False,0.14511521406934513,False,0.40218591690063477,valid,False,5.601964871103833e-07,3.1514680083496246e-07,7.771424428181199e-08,1.841266171536459e-08,2.394174666689406e-09,0.09727363697543506,0.7480935273316972,0.14511521406934513,0.009184598514336664,0.00033204924481727827
P08,14,A,alpha,1799551287-α-8,P08-T14-Aα,12,64,E4,9,9,R2,R,False,64,True,R2,True,0.4557063567071805,False,0.3786139488220215,valid,False,2.1728000830624727e-06,1.0300464790134382e-06,2.980791947701765e-07,6.785405885279123e-08,1.077640697790784e-08,0.01714743581884044,0.4557063567071805,0.4557063567071805,0.06953628116403293,0.0018999900465429323
P08,14,A,alpha,1799551287-α-8,P08-T14-Aα,13,59,B3,6,6,L2,L,False,59,True,L2,True,0.9476921770618042,False,0.48685216903686523,valid,False,0.019626638343265886,0.9476921770618042,0.026951251706464556,0.0012892101471090578,3.001763435397008e-05,0.0014482197116074712,0.0023490940467016273,0.0005347423385873344,7.532296141303879e-05,3.3260486929855775e-06
P08,14,A,alpha,1799551287-α-8,P08-T14-Aα,14,60,C4,7,7,L3,L,False,60,True,L2,False,0.05972703120571402,False,0.4786059856414795,valid,False,0.016303743991603656,0.9066755804371562,0.05972703120571402,0.0025339635614412474,2.8718455960686083e-05,0.004118467356320039,0.00841305530193886,0.001915128461178541,0.0002697619709025603,1.4549257784186427e-05
P08,14,A,alpha,1799551287-α-8,P08-T14-Aα,15,65,F4,10,10,R3,R,False,65,True,R2,True,0.44205894864910505,False,0.45050692558288574,valid,False,4.2461481419758503e-07,1.7892268750039037e-07,3.203899642466676e-08,5.5121447769090065e-09,4.435050010965881e-10,0.021145840958551453,0.44205894864910505,0.44205894864910505,0.09289253070826353,0.0018430895028269823
P08,14,A,alpha,1799551287-α-8,P08-T14-Aα,16,60,C4,7,7,L3,L,False,60,True,R2,False,0.0010984352707386516,False,0.4580411911010742,valid,False,0.0018464723080602852,0.00675392470286653,0.0010984352707386516,0.00014865704848250063,2.8338663054755643e-06,0.014131456732271648,0.8404073257987519,0.12823784272249153,0.0071986008875880025,0.00017445066244377107
P08,14,A,alpha,1799551287-α-8,P08-T14-Aα,17,59,B3,6,6,L1,L,False,59,True,L2,False,0.024090801308726706,False,0.3672220706939697,valid,False,0.024090801308726706,0.8995123980493607,0.059302562456717854,0.0034647917049351446,4.9919304706106966e-05,0.009528806119651333,0.0034647917049351446,0.0005286929326816277,5.407693721545138e-05,3.1594810701332456e-06
P08,14,A,alpha,1799551287-α-8,P08-T14-Aα,18,60,C4,7,7,L2,L,False,60,True,R2,False,0.0067182888516150495,False,0.4021120071411133,valid,False,0.0026956560193359823,0.0067182888516150495,0.0007759219715290244,0.0001137555630960623,2.544799749391658e-06,0.038625623387440106,0.8509017623319105,0.09428260272245165,0.005733330976020831,0.00015051337685163227
P08,14,A,alpha,1799551287-α-8,P08-T14-Aα,19,59,B3,6,6,L1,L,False,59,True,L2,False,0.04117847691634189,False,0.3649251461029053,valid,False,0.04117847691634189,0.8603191475375634,0.031102973395710175,0.0029367496900916086,8.35177096659509e-05,0.028497982795952108,0.029883408364834007,0.005351106822356919,0.0006171170419759138,2.9519725507904438e-05
P08,14,A,alpha,1799551287-α-8,P08-T14-Aα,20,60,C4,7,7,L3,L,False,60,True,R2,False,0.001204301291323446,False,0.3419480323791504,valid,False,0.005331372790448691,0.010442662279330892,0.001204301291323446,0.0001990696645395865,9.149093803613989e-06,0.044595271936486804,0.8172128257284693,0.11511130818853732,0.005731054570696965,0.00016298445636347695
P08,14,A,alpha,1799551287-α-8,P08-T14-Aα,21,59,B3,6,6,L4,L,False,59,True,L2,False,0.0023634537413209874,False,0.3777918815612793,valid,False,0.026456646555718433,0.916098598303682,0.043821475215646645,0.0023634537413209874,4.880727003708423e-05,0.007770743000763664,0.00266478665219291,0.0006839462125672972,8.544554546844926e-05,6.097502602566446e-06
P08,14,A,alpha,1799551287-α-8,P08-T14-Aα,22,57,A3,5,5,L5,L,False,57,True,L2,False,0.00015022518840041558,False,0.35994791984558105,valid,False,0.04183054433695804,0.920005957309613,0.03326082058733486,0.002785368401826739,0.00015022518840041558,0.0012516865452012844,0.0005853063728066235,0.00011353775495015742,1.536566422422868e-05,1.187838684592894e-06
P08,14,A,alpha,1799551287-α-8,P08-T14-Aα,23,62,D4,8,8,R4,R,False,62,True,R2,False,0.006604843112056103,False,0.36694812774658203,valid,False,0.0007989224470384434,0.0020570510017897765,0.00029165116968470973,3.5007364854526906e-05,1.4269773469453153e-06,0.07572713954719548,0.8353102266608492,0.07887017803947129,0.006604843112056103,0.0003035536797136583
P08,14,A,alpha,1799551287-α-8,P08-T14-Aα,24,64,E4,9,9,R5,R,False,64,True,R2,False,0.0013321668526938462,False,0.4204080104827881,valid,False,5.428349568894589e-05,5.430205698272473e-05,8.976069647389632e-06,1.5442866801513666e-06,7.688550652427773e-08,0.0698819108103465,0.6306851884296285,0.2722734328159227,0.025708118296902845,0.0013321668526938462
P08,14,A,alpha,1799551287-α-8,P08-T14-Aα,25,65,F4,10,10,R4,R,False,65,True,R3,False,0.06876579635640016,False,0.7148919105529785,valid,False,5.154553023612519e-06,3.968791952536459e-06,6.055983837646074e-07,1.0844216976215455e-07,6.335805986989322e-09,0.04404839714837453,0.4160088255658332,0.4690486410547106,0.06876579635640016,0.0021184961533460746
P08,14,A,alpha,1799551287-α-8,P08-T14-Aα,26,64,E4,9,9,R5,R,False,64,True,R2,False,0.002229950697705419,False,0.5126850605010986,valid,False,2.7820721292627878e-05,2.527295257163434e-05,5.310758961046502e-06,9.50977149641042e-07,5.338287675578034e-08,0.02614748693461256,0.43789514054906903,0.43789514054906903,0.09577287247669218,0.002229950697705419
P08,14,A,alpha,1799551287-α-8,P08-T14-Aα,27,59,B3,6,6,L2,L,False,59,True,L2,True,0.9274430883897579,False,0.3540618419647217,valid,False,0.024849808776466278,0.9274430883897579,0.030951808561669954,0.003429558145659359,0.00011912659025551509,0.008901943176020917,0.003569521068721529,0.0006391803876648803,9.003394009017642e-05,5.930963693481845e-06
P08,14,A,alpha,1799551287-α-8,P08-T14-Aα,28,60,C4,7,7,L3,L,False,60,True,L2,False,0.03761105111193121,False,0.3755331039428711,valid,False,0.01489358708006574,0.8865148882268589,0.03761105111193121,0.0022871303735168104,4.359982771016737e-05,0.036391589646289794,0.01830726397775832,0.0034119975779378833,0.0005002225996975851,3.86695782334945e-05
P08,14,A,alpha,1799551287-α-8,P08-T14-Aα,29,57,A3,5,5,L3,L,False,57,True,L3,True,0.531909088669605,False,0.4157869815826416,valid,False,0.006274366908043743,0.4212533832067999,0.531909088669605,0.03950679130021696,0.00032513089911921053,0.00042495836181955616,0.00024572864739918116,5.163645254594192e-05,8.20076848663865e-06,7.147859639380088e-07
P08,15,B,gamma,1799551287-γ-3,P08-T15-Bγ,0,60,C4,7,7,R3,R,False,60,True,R3,True,0.48960381163446387,False,0.8418428897857666,valid,False,0.007218724031206827,0.019174792318916365,0.0009936169749781467,9.381753654907134e-05,4.861523155785511e-06,0.010110722722363442,0.30295870720438844,0.48960381163446387,0.16626726376977152,0.003573682284206382
P08,15,B,gamma,1799551287-γ-3,P08-T15-Bγ,1,59,B3,6,6,L5,L,False,59,True,L5,True,0.6295250628111616,False,1.1220030784606934,valid,False,0.000853795187570443,0.005014879569950733,0.0548699404912781,0.3064227445066758,0.6295250628111616,0.001090461604461212,0.001690400810057396,0.00045156573083800043,7.464331326648974e-05,6.505974740250642e-06
P08,15,B,gamma,1799551287-γ-3,P08-T15-Bγ,2,62,D4,8,8,L2,L,False,62,True,L2,True,0.8061878139452165,False,0.8016800880432129,valid,False,0.014474181653495895,0.8061878139452165,0.04013772781022928,0.002253121831328234,8.824102704737667e-05,0.04234546101501683,0.07313570844797575,0.018035043658989322,0.0031028366303535895,0.0002398639803474471
P08,15,B,gamma,1799551287-γ-3,P08-T15-Bγ,3,53,F3,3,3,L2,L,False,53,True,L3,False,0.25197654366757477,False,1.3287880420684814,valid,False,0.01298204300560138,0.25197654366757477,0.6322823195144094,0.10041745055819212,0.0023380938479060026,1.8960939827129924e-06,1.3192867919858094e-06,2.7722974325495837e-07,5.3777037320889896e-08,3.0187612359305156e-09
P08,15,B,gamma,1799551287-γ-3,P08-T15-Bγ,4,69,A4,12,12,R3,R,False,69,True,R4,False,0.3660416064869689,False,0.8661468029022217,valid,False,7.504225685709199e-08,2.7612196128445293e-08,3.736904383828044e-09,6.177061400371482e-10,6.576007181423619e-11,0.027251292893927692,0.15802401353331058,0.3660416064869689,0.4127107588611142,0.035972221149855155
P08,15,B,gamma,1799551287-γ-3,P08-T15-Bγ,5,62,D4,8,8,L2,L,False,62,True,L2,True,0.8519193854688587,False,0.9359309673309326,valid,False,0.015989977429287462,0.8519193854688587,0.03079929821086627,0.0019493420480016443,3.867708026358544e-05,0.05642119616809622,0.03614331126937017,0.00597444916947363,0.0007171228632708398,4.7240292511525494e-05
P08,15,B,gamma,1799551287-γ-3,P08-T15-Bγ,6,60,C4,7,7,R2,R,False,60,True,R2,True,0.8074996323994358,False,0.6974101066589355,valid,False,0.012168546080675791,0.018064390050345366,0.000653078854229606,7.531639791142855e-05,4.579994873699802e-06,0.03975407318985268,0.8074996323994358,0.10928319146423829,0.012108922770153246,0.0003882687982843322
P08,15,B,gamma,1799551287-γ-3,P08-T15-Bγ,7,57,A3,5,5,L4,L,False,57,True,L3,False,0.10395804589856404,False,0.8144431114196777,valid,False,0.0049605107478651895,0.2606240092503799,0.6289095287755726,0.10395804589856404,0.0013284162097800829,0.0001515016191288868,5.8659098306709204e-05,7.938645683742798e-06,1.260795274266847e-06,1.2895944445908278e-07
P08,15,B,gamma,1799551287-γ-3,P08-T15-Bγ,8,57,A3,5,5,R4,R,False,57,True,R4,True,0.5852063868678051,False,1.5903511047363281,valid,False,0.005587875672556561,0.007184777725022609,0.0017717443735858587,0.00035770901980360656,4.8410651511412195e-05,0.017321778507929923,0.04900707047346451,0.2964754996281011,0.5852063868678051,0.037038747080219425
P08,15,B,gamma,1799551287-γ-3,P08-T15-Bγ,9,52,E3,2,2,L2,L,False,52,True,L2,True,0.792600574529856,False,1.518738031387329,valid,False,0.04567494821743364,0.792600574529856,0.1258787831776983,0.02982417796392484,0.006021397682969355,5.482423251916302e-08,4.895149762912626e-08,1.20712906957373e-08,2.34158947966477e-09,2.395076223809589e-10
P08,15,B,gamma,1799551287-γ-3,P08-T15-Bγ,10,64,E4,9,9,R2,R,False,64,True,R2,True,0.7873967733365361,False,0.7513899803161621,valid,False,0.00046636002106913095,0.0009127733110900536,0.00011403296344368308,2.125277679655591e-05,1.7797760817345684e-06,0.05805490793381546,0.7873967733365361,0.130155811221794,0.021514610890541245,0.0013616977688319398
P08,15,B,gamma,1799551287-γ-3,P08-T15-Bγ,11,55,G3,4,4,L5,L,False,55,True,L5,True,0.8541855136551457,False,0.9303417205810547,valid,False,0.00022266752410070987,0.0008057829295157568,0.014442112233162791,0.13034025786463688,0.8541855136551457,2.3109753643336577e-06,1.0596129270595064e-06,2.510517158788115e-07,3.8308007876394914e-08,5.845422973194646e-09
P08,15,B,gamma,1799551287-γ-3,P08-T15-Bγ,12,52,E3,2,2,L2,L,False,52,True,L2,True,0.7218028138379173,False,1.2535178661346436,valid,False,0.038548052433702296,0.7218028138379173,0.21740282966992147,0.02052722370094168,0.0017190159251694308,3.542381575106317e-08,2.2584471052419875e-08,5.350888107471113e-09,9.5816292131027e-10,1.1500985582416677e-10
P08,15,B,gamma,1799551287-γ-3,P08-T15-Bγ,13,55,G3,4,4,L5,L,False,55,True,L5,True,0.7139734441798601,False,0.9425618648529053,valid,False,0.00047561773153614704,0.0008965921241955567,0.021995673361317906,0.26265615165613687,0.7139734441798601,1.614311812477481e-06,6.693829558267031e-07,1.9370886317364084e-07,3.7575653470543356e-08,5.967668568477279e-09
P08,15,B,gamma,1799551287-γ-3,P08-T15-Bγ,14,59,B3,6,6,L3,L,False,59,True,L3,True,0.6380697196292728,False,1.2014150619506836,valid,False,0.004130702774401397,0.23719965333679838,0.6380697196292728,0.11891959063765914,0.0015196006282921124,0.00011886934086053868,3.138100692088099e-05,8.72509044978476e-06,1.5623683370223135e-06,1.9518700787654396e-07
P08,15,B,gamma,1799551287-γ-3,P08-T15-Bγ,15,55,G3,4,4,L5,L,False,55,True,L5,True,0.7555635855004947,False,0.8187928199768066,valid,False,0.00019110138789882024,0.0013660124500493131,0.02422690861426359,0.21864817729328567,0.7555635855004947,3.078919195180226e-06,8.312864990220616e-07,2.503786819462036e-07,4.856846731266241e-08,5.601164371465975e-09
P08,15,B,gamma,1799551287-γ-3,P08-T15-Bγ,16,50,D3,1,1,L3,L,False,50,True,L3,True,0.4303732441672252,True,1.7286131381988525,valid,False,0.043469348647376074,0.4303732441672252,0.4303732441672252,0.09412774432556008,0.0016564103843138957,5.324149768674243e-09,2.2259046112373617e-09,6.188845091747519e-10,1.249506274432136e-10,1.4409946233670464e-11
P08,15,B,gamma,1799551287-γ-3,P08-T15-Bγ,17,71,B4,13,13,R5,R,False,71,True,R5,True,0.38192015891840464,True,1.039496898651123,valid,False,2.6281953486580916e-09,2.3145146222861217e-09,5.492080962270941e-10,1.3543304910175078e-10,7.0179939538533546e-12,0.009383948051968058,0.03328848624182336,0.19348724223503017,0.38192015891840464,0.38192015891840464
P08,15,B,gamma,1799551287-γ-3,P08-T15-Bγ,18,64,E4,9,9,R1,R,False,64,True,R1,True,0.7051116941008131,False,0.8027551174163818,valid,False,5.299809760511269e-06,4.162481873549081e-06,1.157325223306939e-06,2.1569530343841228e-07,9.151033095960415e-09,0.7051116941008131,0.2593960959892561,0.032406409315421617,0.0029398431265539996,0.00013511300476122382
P08,15,B,gamma,1799551287-γ-3,P08-T15-Bγ,19,69,A4,12,12,R5,R,False,69,True,R5,True,0.35857536098673926,True,0.9589848518371582,valid,False,1.4284705697685553e-08,1.0529890743592715e-08,2.125948275995519e-09,4.46738418293738e-10,2.94287835979396e-11,0.01331911159648427,0.023074021917899062,0.22558733805376432,0.3794441400284013,0.35857536098673926
P08,15,B,gamma,1799551287-γ-3,P08-T15-Bγ,20,59,B3,6,6,L3,L,False,59,True,L3,True,0.6503894180333577,False,0.9737939834594727,valid,False,0.0035879151231621256,0.17760692625795116,0.6503894180333577,0.16692945335481266,0.0008847689762519557,0.00027034496254522663,0.0002560381782494066,6.066255170968551e-05,1.2747390285286541e-05,1.725171674786899e-06
P08,15,B,gamma,1799551287-γ-3,P08-T15-Bγ,21,64,E4,9,9,R3,R,False,64,True,R3,True,0.4277704177569888,True,0.8222851753234863,valid,False,4.4911641993480544e-05,6.192866674849061e-05,1.5276900610494822e-05,1.9864356926004816e-06,3.941305878048489e-08,0.03052624008980435,0.46339816149006047,0.4277704177569888,0.07659920089823422,0.001581836706808315
P08,15,B,gamma,1799551287-γ-3,P08-T15-Bγ,22,53,F3,3,3,L5,L,False,53,True,L4,False,0.021304224250551673,True,1.182755947113037,valid,False,0.009291671050764568,0.10261157215094706,0.5021532613920077,0.3646381072232198,0.021304224250551673,6.551101517146346e-07,4.011822980627532e-07,9.132421095151086e-08,1.4503876124564414e-08,1.8119723219437823e-09
P08,15,B,gamma,1799551287-γ-3,P08-T15-Bγ,23,65,F4,10,10,R5,R,False,65,True,R5,True,0.9267918248543017,False,0.7674150466918945,valid,False,3.782521348858695e-06,1.6311360008764266e-06,3.196541178985868e-07,7.573493370722291e-08,6.093602983285066e-09,0.004928013964792039,0.0012223451566721105,0.005999817017554905,0.06105218386667498,0.9267918248543017
P08,15,B,gamma,1799551287-γ-3,P08-T15-Bγ,24,71,B4,13,13,R2,R,False,71,True,R2,True,0.6293129828625855,False,1.2696540355682373,valid,False,8.902131726473732e-09,3.387659530344853e-09,6.571383389634372e-10,1.2247348504054933e-10,7.447620295244497e-12,0.13763822996540287,0.6293129828625855,0.2137118732104043,0.017896921609989666,0.0014399792747669775
P08,15,B,gamma,1799551287-γ-3,P08-T15-Bγ,25,67,G4,11,11,R5,R,False,67,True,R4,False,0.013213701229114238,True,0.9991066455841064,valid,False,2.7192643350833936e-07,1.0320990438227429e-07,2.168812381589766e-08,4.378756680266706e-09,3.1247363578233834e-10,0.017048094107253404,0.17723088876076185,0.4120951474809251,0.3804117669062534,0.013213701229114238
P08,15,B,gamma,1799551287-γ-3,P08-T15-Bγ,26,69,A4,12,12,R5,R,False,69,True,R5,True,0.2886616323440993,True,0.9190990924835205,valid,False,5.553910004180409e-08,2.447590340661199e-08,5.8168899018765996e-09,1.128360549167484e-09,7.14159345040653e-11,0.012045645034786287,0.02952552607352833,0.25601990102211614,0.4137472084938001,0.2886616323440993
P08,15,B,gamma,1799551287-γ-3,P08-T15-Bγ,27,60,C4,7,7,L1,L,False,60,True,L1,True,0.407942169995772,True,0.8407721519470215,valid,False,0.407942169995772,0.5728000363583293,0.017646486159665815,0.0008110193863658879,1.81431296633187e-05,0.00044059741589427354,0.0002754185548211597,5.34257029119049e-05,1.1684836295611141e-05,1.0184602807193309e-06
P08,15,B,gamma,1799551287-γ-3,P08-T15-Bγ,28,59,B3,6,6,L1,L,False,59,True,L1,True,0.5273053294904124,False,0.8228929042816162,valid,False,0.5273053294904124,0.46767787311492115,0.004516691485633887,0.00033547083832824427,1.2128220776469929e-05,0.00010579957930151307,3.571372371127903e-05,8.806895838250767e-06,2.004781410456425e-06,1.8186966634926838e-07
P08,15,B,gamma,1799551287-γ-3,P08-T15-Bγ,29,71,B4,13,13,R5,R,False,71,True,R4,False,0.016917303739967693,True,0.8651409149169922,valid,False,2.3588069220262555e-08,1.0631779118278805e-08,7.28948310620783e-10,1.1123029980892722e-10,3.0392258397082614e-12,0.06643078157512167,0.2370656218020406,0.33979312890990193,0.33979312890990193,0.016917303739967693
P08,16,A,gamma,1799551287-γ-8,P08-T16-Aγ,0,71,B4,13,13,R4,R,False,71,True,R4,False,0.3786513748827794,True,2.01625394821167,valid,False,4.763200506288844e-09,1.3180675021818152e-08,4.343452249039619e-09,1.0663936329692048e-09,9.74852032389221e-11,0.030895888269482506,0.19966000132917383,0.3786513748827794,0.3786513748827794,0.012141337184578164
P08,16,A,gamma,1799551287-γ-8,P08-T16-Aγ,1,65,F4,10,10,R2,R,False,65,True,R2,True,0.42544095110735597,False,0.4259803295135498,valid,False,1.3972365170975464e-06,2.6139995474055196e-06,4.680788295962928e-07,1.0237440406338943e-07,1.1343407305685285e-08,0.07929112162786615,0.42544095110735597,0.42544095110735597,0.06756743681535056,0.002254946309365969
P08,16,A,gamma,1799551287-γ-8,P08-T16-Aγ,2,57,A3,5,5,R4,R,False,57,True,L2,False,4.214371198721311e-06,False,0.4702341556549072,valid,False,0.06294856691602618,0.8719613674503611,0.05302402536142716,0.010705366090532438,0.0009711689009469828,0.0002901242755637348,6.930384572525686e-05,2.5495460036439345e-05,4.214371198721311e-06,3.673281820574004e-07
P08,16,A,gamma,1799551287-γ-8,P08-T16-Aγ,3,64,E4,9,9,R2,R,False,64,True,R2,True,0.4538367390084786,False,0.4240992069244385,valid,False,3.876284030952824e-05,4.232986251698955e-05,7.2826354323839195e-06,1.3040734735207397e-06,1.1830287645681634e-07,0.03800575241681358,0.4538367390084786,0.4538367390084786,0.05233877685767238,0.001892194993948007
P08,16,A,gamma,1799551287-γ-8,P08-T16-Aγ,4,53,F3,3,3,L4,L,False,53,True,L3,False,0.17282211160284752,False,0.38962626457214355,valid,False,0.021039410933064478,0.32775383017590665,0.4697792055259415,0.17282211160284752,0.008604306285849581,4.869659842443908e-07,4.5841430295042277e-07,1.6202868165469742e-07,2.5732978175896737e-08,2.3344431121584667e-09
P08,16,A,gamma,1799551287-γ-8,P08-T16-Aγ,5,72,C5,14,14,R5,R,False,72,True,R4,False,0.308369910286257,True,1.1242139339447021,valid,False,5.064049948008724e-10,3.2200462432865965e-10,7.629183392746784e-11,1.807565321818365e-11,4.282624003699529e-12,0.02591575277368404,0.04897451544048538,0.308369910286257,0.308369910286257,0.308369910286257
P08,16,A,gamma,1799551287-γ-8,P08-T16-Aγ,6,57,A3,5,5,L2,L,False,57,True,L2,True,0.9133341017870947,False,0.41207408905029297,valid,False,0.0350917054567092,0.9133341017870947,0.047327984171531404,0.0039633980553004326,0.00024101448395148645,3.189308777295371e-05,7.133892592244974e-06,2.32764500986051e-06,4.0045936874985467e-07,4.0960668854383736e-08
P08,16,A,gamma,1799551287-γ-8,P08-T16-Aγ,7,67,G4,11,11,R3,R,False,67,True,R2,False,0.3323561056375169,False,0.7153997421264648,valid,False,9.184525469770429e-07,5.455080484303664e-07,9.017187392146688e-08,1.4320864923445137e-08,1.5245778611672748e-09,0.12725678845899802,0.47637578231897665,0.3323561056375169,0.06194252886863817,0.0020672247379583527
P08,16,A,gamma,1799551287-γ-8,P08-T16-Aγ,8,62,D4,8,8,L4,L,False,62,True,R2,False,6.116283784637408e-06,False,0.4550027847290039,valid,False,0.0003115573572012879,0.00023298048329061384,3.153047969473813e-05,6.116283784637408e-06,4.7281773044895853e-07,0.06766461420239403,0.8150092055855322,0.11029950167836472,0.006191636367438138,0.00025238474456938377
P08,16,A,gamma,1799551287-γ-8,P08-T16-Aγ,9,60,C4,7,7,L1,L,False,60,True,R2,False,0.0036618674769199324,False,0.4486987590789795,valid,False,0.0036618674769199324,0.005076655329524509,0.0006101781961447831,0.00010497802466352386,6.133411002604174e-06,0.03486030406375153,0.8506457443996124,0.09810082343339808,0.006726101879725674,0.0002072137852568684
P08,16,A,gamma,1799551287-γ-8,P08-T16-Aγ,10,52,E3,2,2,L5,L,False,52,True,L3,False,0.019398155434074374,False,0.5748441219329834,valid,False,0.012260115575230927,0.22255582763020232,0.4392979923373742,0.3064878093443192,0.019398155434074374,8.61266459574422e-08,8.852399381209865e-09,3.977639443910958e-09,6.574993778248107e-10,6.461482139148097e-11
P08,16,A,gamma,1799551287-γ-8,P08-T16-Aγ,11,59,B3,6,6,R1,R,False,59,True,L2,False,0.0004707949119550226,False,0.5689499378204346,valid,False,0.013681449452226739,0.9584104069759455,0.026187339950807437,0.0010674536927256317,3.5624420257479495e-05,0.0004707949119550226,0.00010918365416601231,3.1596026372559234e-05,5.657778731844138e-06,4.931368116510232e-07
P08,16,A,gamma,1799551287-γ-8,P08-T16-Aγ,12,67,G4,11,11,R5,R,False,67,True,R2,False,0.002855623456910239,False,0.5764718055725098,valid,False,2.3181142882345092e-07,9.798366204355904e-08,1.1761138522604612e-08,2.3745329153666738e-09,3.0875745392351926e-10,0.06730874662839992,0.42381209844746914,0.42381209844746914,0.0822110887802317,0.002855623456910239
P08,16,A,gamma,1799551287-γ-8,P08-T16-Aγ,13,55,G3,4,4,L2,L,False,55,True,L3,False,0.255896793286956,False,0.570152997970581,valid,False,0.0034629557509522606,0.255896793286956,0.637651049150377,0.10127009838044045,0.0017122207100133816,5.645004574650451e-06,9.661332327221591e-07,2.2890378141717402e-07,3.9381719902498975e-08,3.2979522540036547e-09
P08,16,A,gamma,1799551287-γ-8,P08-T16-Aγ,14,59,B3,6,6,R2,R,False,59,True,L2,False,0.0004432369942863094,False,0.5199558734893799,valid,False,0.021984582984969338,0.9218193981426309,0.05174611329064048,0.0026814275586181865,3.292079756261044e-05,0.0011925894431933728,0.0004432369942863094,8.260784095289666e-05,1.6024272481602156e-05,1.0986746643662428e-06
P08,16,A,gamma,1799551287-γ-8,P08-T16-Aγ,15,59,B3,6,6,L3,L,False,59,True,L2,False,0.05668713512041639,False,0.41240668296813965,valid,False,0.007081935819523333,0.9321999135206974,0.05668713512041639,0.0026052985916982644,3.329151534751002e-05,0.0009955691214157542,0.0003254805059015321,6.066109600818714e-05,1.0027211728456266e-05,6.874972634757307e-07
P08,16,A,gamma,1799551287-γ-8,P08-T16-Aγ,16,53,F3,3,3,L5,L,False,53,True,L3,False,0.001605853685905273,False,0.47123003005981445,valid,False,0.005831736781024287,0.2603752181954376,0.552059321344921,0.18012580198815537,0.001605853685905273,1.456253164273777e-06,5.175810155488847e-07,7.897774190035975e-08,1.4142240012845546e-08,1.0503947697199682e-09
P08,16,A,gamma,1799551287-γ-8,P08-T16-Aγ,17,57,A3,5,5,R5,R,False,57,True,L2,False,1.791426561140589e-07,False,0.40113210678100586,valid,False,0.022243529737227423,0.9464062267061063,0.029156325630090015,0.0018453554079979127,4.4720283621293605e-05,0.0002012531914797819,8.481116280487775e-05,1.5186808223363988e-05,2.411929792814082e-06,1.791426561140589e-07
P08,16,A,gamma,1799551287-γ-8,P08-T16-Aγ,18,55,G3,4,4,L2,L,False,55,True,L2,True,0.8921291281536367,False,0.44712281227111816,valid,False,0.0207721030008125,0.8921291281536367,0.08093212857596592,0.00601111878183953,0.00013447336686884409,1.4460824383535027e-05,5.2665008336590215e-06,1.1066817941606586e-06,1.9816924584412905e-07,1.5944619590470045e-08
P08,16,A,gamma,1799551287-γ-8,P08-T16-Aγ,19,60,C4,7,7,L1,L,False,60,True,L2,False,0.011861585827857506,False,0.49945902824401855,valid,False,0.011861585827857506,0.9049646324149043,0.05658842657772572,0.0013713621101228578,1.617650313932602e-05,0.011815381973853444,0.010977025380722268,0.002045831865290726,0.0003381737328208516,2.1403613563012377e-05
P08,16,A,gamma,1799551287-γ-8,P08-T16-Aγ,20,55,G3,4,4,L3,L,False,55,True,L3,True,0.5437692900518994,False,0.4613199234008789,valid,False,0.005101211424604426,0.35278503473292483,0.5437692900518994,0.09737067212216108,0.0009403765091459533,1.3345733275640444e-05,1.654824967999613e-05,2.963231324874511e-06,5.098087297642321e-07,4.813625405176229e-08
P08,16,A,gamma,1799551287-γ-8,P08-T16-Aγ,21,50,D3,1,1,L5,L,False,50,True,L3,False,0.03350235143434537,False,0.8062920570373535,valid,False,0.014648910934420712,0.17271030070250912,0.4886349213013129,0.29050350116942936,0.03350235143434537,9.785012733394885e-09,3.2127465244387925e-09,1.230137788648879e-09,2.1163888833168532e-10,1.8446625709456848e-11
P08,16,A,gamma,1799551287-γ-8,P08-T16-Aγ,22,67,G4,11,11,R3,R,False,67,True,R2,False,0.39961013408321827,False,0.608076810836792,valid,False,5.04968675106055e-07,2.831565613484144e-07,4.497019625864149e-08,7.1420508213205174e-09,1.3614973108333164e-10,0.06875087110065826,0.4505591680380408,0.39961013408321827,0.07751639070933167,0.0035625956951177607
P08,16,A,gamma,1799551287-γ-8,P08-T16-Aγ,23,52,E3,2,2,L1,L,False,52,True,L3,False,0.013305516795135705,False,0.5422661304473877,valid,False,0.013305516795135705,0.2842714880109964,0.45940387504785524,0.2327418094578415,0.010277219278533978,6.306873352807449e-08,1.827328730279966e-08,8.545802982625845e-09,1.4126117319887693e-09,1.0920158328855205e-10
P08,16,A,gamma,1799551287-γ-8,P08-T16-Aγ,24,50,D3,1,1,L2,L,False,50,True,L3,False,0.23426299821701063,False,0.5691163539886475,valid,False,0.01902933533756647,0.23426299821701063,0.5426390729516112,0.17705216527708822,0.027016408624116174,1.3495055120951815e-08,4.186876398065482e-09,1.603125187276373e-09,2.8706545190547157e-10,2.0485355093752126e-11
P08,16,A,gamma,1799551287-γ-8,P08-T16-Aγ,25,52,E3,2,2,L4,L,False,52,True,L3,False,0.13717612387639844,False,0.6371500492095947,valid,False,0.016761549910949972,0.3307178767810598,0.47402766071123525,0.13717612387639844,0.04131665452412244,8.431488256248069e-08,3.5758079152493086e-08,1.2143283685844208e-08,1.852944941858812e-09,1.2704374968805532e-10
P08,16,A,gamma,1799551287-γ-8,P08-T16-Aγ,26,65,F4,10,10,R5,R,False,65,True,R2,False,0.002761284934553571,False,0.5279762744903564,valid,False,8.17291310705575e-07,4.6928332257249015e-07,9.861335368542419e-08,2.6343108014620987e-08,3.710648597092034e-09,0.03297323353652735,0.44394297850273656,0.44394297850273656,0.07637810928170276,0.002761284934553571
P08,16,A,gamma,1799551287-γ-8,P08-T16-Aγ,27,57,A3,5,5,R4,R,False,57,True,L2,False,1.5641450252026286e-06,False,0.5035319328308105,valid,False,0.011241182976575366,0.915604118263916,0.06533867229036848,0.007239731252974337,0.0004582153934493033,7.186006456355712e-05,3.5422222057722844e-05,9.091495034756536e-06,1.5641450252026286e-06,1.4189603533419895e-07
P08,16,A,gamma,1799551287-γ-8,P08-T16-Aγ,28,62,D4,8,8,R2,R,False,62,True,R2,True,0.8444813716585536,False,0.44791388511657715,valid,False,0.0007536511215765733,0.0006562080949547079,7.270992946391198e-05,1.1547603849874258e-05,1.0903273328876063e-06,0.04872476280034424,0.8444813716585536,0.09357120315792364,0.011231503896821935,0.0004959514091784029
P08,16,A,gamma,1799551287-γ-8,P08-T16-Aγ,29,53,F3,3,3,L3,L,False,53,True,L3,True,0.6078124007814006,False,0.47493410110473633,valid,False,0.012344381768800696,0.20641037173687213,0.6078124007814006,0.16899451909523552,0.004436502243604146,1.2743729567944915e-06,3.97572314561029e-07,1.297198131427791e-07,2.0601766838406882e-08,2.107235378004912e-09
P08,17,C,gamma,1799551287-γ-4,P08-T17-Cγ,0,53,F3,3,3,L2,L,False,53,True,L2,True,0.8664529454657722,False,0.8853189945220947,valid,False,0.054839339118948074,0.8664529454657722,0.06435456061409199,0.013523214531296764,0.000822347522542414,3.2133564769108303e-06,3.2941991308596814e-06,9.159102334994848e-07,1.5757765139655734e-07,1.1703856015833222e-08
P08,17,C,gamma,1799551287-γ-4,P08-T17-Cγ,1,48,C3,0,0,L2,L,False,48,True,L2,True,0.6060594382471074,False,0.9752209186553955,valid,False,0.040565058143624766,0.6060594382471074,0.3070400097995283,0.04324917093994374,0.003086315745535543,3.771741817810991e-09,2.4657317566929467e-09,7.426641332440223e-10,1.3298600553203516e-10,1.1136677061874235e-11
P08,17,C,gamma,1799551287-γ-4,P08-T17-Cγ,2,60,C4,7,7,R4,R,False,60,True,R4,True,0.5905535206797123,False,0.7443828582763672,valid,False,0.0005793359903541968,0.00037570924013147374,7.895006363505261e-05,1.7267317392619795e-05,1.137480292841585e-06,0.020513029461536828,0.07489706827294547,0.25494816952552446,0.5905535206797123,0.0580358119684748
P08,17,C,gamma,1799551287-γ-4,P08-T17-Cγ,3,57,A3,5,5,L5,L,False,57,True,L5,True,0.5989387881288312,False,0.7390851974487305,valid,False,0.021674217015594688,0.00957237055980199,0.04106513245945345,0.3287045762331573,0.5989387881288312,1.9446257718653845e-05,1.8227194492804515e-05,6.189873694816488e-06,1.0231792399852107e-06,2.9098015057131917e-08
P08,17,C,gamma,1799551287-γ-4,P08-T17-Cγ,4,48,C3,0,0,L2,L,False,48,True,L2,True,0.7144612092155443,False,1.376173973083496,valid,False,0.019917217754501913,0.7144612092155443,0.22397371586574905,0.037022606223465836,0.0046252420516421444,4.14303362414357e-09,3.2773634176012625e-09,1.2548791373546028e-09,2.0743012625717928e-10,6.39038516018037e-12
P08,17,C,gamma,1799551287-γ-4,P08-T17-Cγ,5,57,A3,5,5,L5,L,False,57,True,L5,True,0.6061425095131697,False,1.1156022548675537,valid,False,0.006917710275764678,0.0037844329372172295,0.03685956396330263,0.34623409541798905,0.6061425095131697,2.6196652213094104e-05,2.440701037826083e-05,9.345270641756792e-06,1.6734216150097558e-06,6.553770858661972e-08
P08,17,C,gamma,1799551287-γ-4,P08-T17-Cγ,6,57,A3,5,5,R4,R,False,57,True,R4,True,0.5573458741248379,False,0.7798881530761719,valid,False,0.0005299489115642486,0.00024738387627182577,4.256112530520462e-05,9.688516179490572e-06,1.6015009529866465e-06,0.01579340289228936,0.08666096799506622,0.28236089045649587,0.5573458741248379,0.05700768060103686
P08,17,C,gamma,1799551287-γ-4,P08-T17-Cγ,7,52,E3,2,2,L2,L,False,52,True,L2,True,0.6806239134672862,False,0.8356471061706543,valid,False,0.12685058494040144,0.6806239134672862,0.16783979064708746,0.02364164787826752,0.0010439482270797327,5.3094161028193486e-08,4.038750501308412e-08,1.814727579080817e-08,3.122145592188939e-09,8.879015122842483e-11
P08,17,C,gamma,1799551287-γ-4,P08-T17-Cγ,8,57,A3,5,5,L4,L,False,57,True,L3,True,0.45832932365609697,False,0.5720031261444092,valid,False,0.004258664843904482,0.0703250489753372,0.45832932365609697,0.45832932365609697,0.008737184280053238,9.466135208977112e-06,7.654879227099794e-06,2.8160726923003546e-06,5.042632892489719e-07,1.3238093318633227e-08
P08,17,C,gamma,1799551287-γ-4,P08-T17-Cγ,9,67,G4,11,11,R5,R,False,67,True,R5,True,0.35614285127918766,True,0.7360363006591797,valid,False,2.852771315281378e-07,1.38496142875904e-07,2.3827550041102656e-08,5.875801498302624e-09,4.5422730972263507e-10,0.02008725327827477,0.012370714160500097,0.12094451878484314,0.490454208566341,0.35614285127918766
P08,17,C,gamma,1799551287-γ-4,P08-T17-Cγ,10,55,G3,4,4,L1,L,False,55,True,L1,True,0.49688806576929995,False,0.6494860649108887,valid,False,0.49688806576929995,0.49688806576929995,0.005631437740987018,0.0005534215789145204,3.502703037788443e-05,2.009219976692061e-06,1.4860477216313314e-06,3.9697580685365026e-07,8.341893641397964e-08,6.448679227538819e-09
P08,17,C,gamma,1799551287-γ-4,P08-T17-Cγ,11,62,D4,8,8,R4,R,False,62,True,R4,True,0.513580015480985,False,0.5925660133361816,valid,False,4.82171688808396e-05,3.47841255354803e-05,6.747426142424157e-06,1.0716088527863538e-06,5.779581677447245e-08,0.012954015806352486,0.11197226646436062,0.3442629796201982,0.513580015480985,0.01713984450287536
P08,17,C,gamma,1799551287-γ-4,P08-T17-Cγ,12,67,G4,11,11,R5,R,False,67,True,R5,True,0.36176776155617124,True,0.7199959754943848,valid,False,4.424887510196148e-08,2.2342998846065255e-08,3.548457568241983e-09,6.354086277724772e-10,8.599320661057561e-11,0.01194080548129736,0.03153198612873091,0.2329916144158958,0.36176776155617124,0.36176776155617124
P08,17,C,gamma,1799551287-γ-4,P08-T17-Cγ,13,57,A3,5,5,L3,L,False,57,True,L3,True,0.4455525493261417,True,0.6422288417816162,valid,False,0.03179519557399779,0.4455525493261417,0.4455525493261417,0.07665502767482905,0.000360348087773569,5.852823492983097e-05,2.105357700720515e-05,4.083973758232209e-06,6.231739876769908e-07,4.105143340314408e-08
P08,17,C,gamma,1799551287-γ-4,P08-T17-Cγ,14,64,E4,9,9,R1,R,False,64,True,R1,True,0.6957073303475428,False,0.5204098224639893,valid,False,1.1020898389858909e-05,5.655815730024894e-06,1.287476818707675e-06,2.5993708669591544e-07,1.1028023537383348e-08,0.6957073303475428,0.26638138751081136,0.03463722842003722,0.0031422184698836463,0.00011360009567616062
P08,17,C,gamma,1799551287-γ-4,P08-T17-Cγ,15,57,A3,5,5,R2,R,False,57,True,R2,True,0.7050382047403483,False,0.6583898067474365,valid,False,0.020974563724624293,0.01708587318366139,0.002406689116707772,0.0003822241709550669,1.3818486144868406e-05,0.03462900816187403,0.7050382047403483,0.20402692949593795,0.015153810105746936,0.00028887881399923326
P08,17,C,gamma,1799551287-γ-4,P08-T17-Cγ,16,59,B3,6,6,L5,L,False,59,True,L5,True,0.5596321010976939,False,0.7635619640350342,valid,False,0.012414533752297499,0.009768558728748886,0.05724152551332709,0.3604234555141975,0.5596321010976939,0.00034854288606876895,0.0001309787222572438,3.3617100618928154e-05,6.019684711784547e-06,6.670000784111826e-07
P08,17,C,gamma,1799551287-γ-4,P08-T17-Cγ,17,52,E3,2,2,L2,L,False,52,True,L2,True,0.8826972720480055,False,0.7022659778594971,valid,False,0.03191200596610729,0.8826972720480055,0.07391991678273209,0.010837174440444632,0.0006331691338564443,2.8747339242093047e-07,1.3679628652327894e-07,3.1139990443648915e-08,5.5761181347449286e-09,6.430664988119943e-10
P08,17,C,gamma,1799551287-γ-4,P08-T17-Cγ,18,53,F3,3,3,L4,L,False,53,True,L4,True,0.1914543965794083,True,0.5306129455566406,valid,False,0.04179867494811867,0.36308960237171506,0.39333027065652193,0.1914543965794083,0.010325841557392156,7.087195785816012e-07,3.99478601376691e-07,8.737071870412773e-08,1.6283628234309135e-08,2.0343171306750715e-09
P08,17,C,gamma,1799551287-γ-4,P08-T17-Cγ,19,62,D4,8,8,R5,R,False,62,True,R5,True,0.5175319654315723,False,0.7259247303009033,valid,False,9.815157895782346e-05,7.201155348151305e-05,6.276588316548684e-06,1.1697927205176852e-06,9.412106227131871e-08,0.027564601240914276,0.014718000848895879,0.04886548368727008,0.3911422451568089,0.5175319654315723
P08,17,C,gamma,1799551287-γ-4,P08-T17-Cγ,20,62,D4,8,8,L4,L,False,62,True,L3,True,0.4631333520955644,False,0.7614090442657471,valid,False,0.006880504956951826,0.04333151359345229,0.4631333520955644,0.4631333520955644,0.017426900708620262,0.0033498573058675075,0.0020097594335399278,0.0006053279087181728,0.00011742153333300833,1.2010368388288784e-05
P08,17,C,gamma,1799551287-γ-4,P08-T17-Cγ,21,65,F4,10,10,R1,R,False,65,True,R1,True,0.6794876569492295,False,0.5632052421569824,valid,False,3.352698007361695e-06,2.291242730642342e-06,5.428590047677947e-07,9.339610355039183e-08,4.839684954133076e-09,0.6794876569492295,0.26017098995375737,0.05252761695488608,0.00710883991833381,0.0006986111882620799
P08,17,C,gamma,1799551287-γ-4,P08-T17-Cγ,22,67,G4,11,11,R4,R,False,67,True,R4,True,0.4130320296712878,True,0.7139291763305664,valid,False,2.0974499750042563e-07,1.263474563180259e-07,2.876144288941016e-08,9.767257316336159e-09,8.860655929890543e-10,0.02694604455180144,0.13476400581388495,0.4130320296712878,0.4130320296712878,0.012225514784518129
P08,17,C,gamma,1799551287-γ-4,P08-T17-Cγ,23,71,B4,13,13,R5,R,False,71,True,R5,True,0.20617681444795502,True,0.6946427822113037,valid,False,3.523700806190271e-09,2.2801578685662862e-09,4.082990861542448e-10,9.294426014137577e-11,1.5990582579157153e-11,0.014699671545004851,0.030226956427927575,0.25182492983540977,0.4970716214226103,0.20617681444795502
P08,17,C,gamma,1799551287-γ-4,P08-T17-Cγ,24,65,F4,10,10,R2,R,False,65,True,R2,True,0.6848577918810973,False,0.5558459758758545,valid,False,7.801748669267781e-07,4.85277926713779e-07,9.413423274677513e-08,1.7544171238435715e-08,2.9000320004825567e-09,0.09646798711984504,0.6848577918810973,0.19818703650297645,0.01947655069744998,0.0010092537674015565
P08,17,C,gamma,1799551287-γ-4,P08-T17-Cγ,25,52,E3,2,2,L2,L,False,52,True,L2,True,0.6443992473835822,False,0.5891051292419434,valid,False,0.04244964217395236,0.6443992473835822,0.2672857961151819,0.04244964217395236,0.003415481515974574,1.55617179425975e-07,2.667772750200066e-08,7.126562792009615e-09,1.1318223596163175e-09,8.406449655169438e-11
P08,17,C,gamma,1799551287-γ-4,P08-T17-Cγ,26,71,B4,13,13,R2,R,False,71,True,R2,True,0.5121479288639986,False,0.7800729274749756,valid,False,3.3185319601966533e-09,1.9183876527939284e-09,4.5572034543048003e-10,1.2670725460508763e-10,1.2960151022385052e-11,0.10136592287638477,0.5121479288639986,0.3433030232531729,0.03959146270940496,0.0035916564647313163
P08,17,C,gamma,1799551287-γ-4,P08-T17-Cγ,27,62,D4,8,8,L4,L,False,62,True,L3,True,0.4580797237460008,False,0.7715671062469482,valid,False,0.005394881310240915,0.021711152829280416,0.4962318406981603,0.4580797237460008,0.013027248968734579,0.004308146044846912,0.000967580395196908,0.00023860238782497738,3.789421709732815e-05,2.929402617011008e-06
P08,17,C,gamma,1799551287-γ-4,P08-T17-Cγ,28,60,C4,7,7,L2,L,False,60,True,L2,True,0.8033214508956621,False,0.5796568393707275,valid,False,0.022513218923866214,0.8033214508956621,0.16218780376624872,0.007161754166526345,7.198877652536795e-05,0.002929929041423609,0.0013892373760997507,0.00035656274432268155,6.384831711461326e-05,4.2059922104642464e-06
P08,17,C,gamma,1799551287-γ-4,P08-T17-Cγ,29,65,F4,10,10,R4,R,False,65,True,R4,True,0.39587238980498796,True,0.5711281299591064,valid,False,1.2416242851871697e-06,6.242821747731685e-07,6.646014663697882e-08,1.705771287229422e-08,1.3724568697512308e-09,0.00889335859559915,0.15721592845396903,0.39587238980498796,0.39587238980498796,0.042143982543679584
P08,18,B,gamma,1799551287-γ-6,P08-T18-Bγ,0,62,D4,8,8,L2,L,False,62,True,L2,True,0.7385238523433723,False,0.9391188621520996,valid,False,0.011102056047451904,0.7385238523433723,0.11269143273305647,0.006584072005922572,9.873195755636866e-05,0.04576751099564041,0.06699737234000303,0.015873537266108496,0.0022359213937354046,0.00012551291715310266
P08,18,B,gamma,1799551287-γ-6,P08-T18-Bγ,1,57,A3,5,5,R2,R,False,57,True,R2,True,0.7330803800279433,False,0.95694899559021,valid,False,0.015336979338401372,0.028710283102539945,0.0034461420358228275,0.0005696434471751884,2.4167545398064504e-05,0.007292397599438616,0.7330803800279433,0.19583164868400496,0.01513871477210047,0.0005696434471751884
P08,18,B,gamma,1799551287-γ-6,P08-T18-Bγ,2,62,D4,8,8,R4,R,False,62,True,R4,True,0.5725738753900578,False,1.3961801528930664,valid,False,5.384396453625995e-05,6.0213528083738584e-05,9.187988618292775e-06,2.091532489964948e-06,1.2718622169744647e-07,0.016283328078139172,0.055234911602136526,0.2572740263095977,0.5725738753900578,0.0985083944201188
P08,18,B,gamma,1799551287-γ-6,P08-T18-Bγ,3,55,G3,4,4,L5,L,False,55,True,L5,True,0.8534226147142195,False,0.9780080318450928,valid,False,0.0004970721471542225,0.0008214304672681263,0.01501808092130267,0.13022384703455914,0.8534226147142195,8.842053392604189e-06,5.91215350876955e-06,1.853378424255864e-06,3.3187733505377055e-07,1.5252835617737077e-08
P08,18,B,gamma,1799551287-γ-6,P08-T18-Bγ,4,48,C3,0,0,L1,L,False,48,True,L1,True,0.49270144692306117,False,2.061310052871704,valid,False,0.49270144692306117,0.49270144692306117,0.011940111022258951,0.002225325965570384,0.0004316688249123631,2.48330291492968e-10,7.246975071037523e-11,1.7170095608061344e-11,2.838197714670884e-12,3.273154949743721e-13
P08,18,B,gamma,1799551287-γ-6,P08-T18-Bγ,5,55,G3,4,4,L5,L,False,55,True,L5,True,0.8395996230324452,False,1.1282577514648438,valid,False,0.0006642721296520397,0.0005096706488607325,0.014774831206481254,0.1444488028105016,0.8395996230324452,1.906083061412069e-06,6.707762990268188e-07,1.86500831389401e-07,3.3395985459190975e-08,3.4158818801769696e-09
P08,18,B,gamma,1799551287-γ-6,P08-T18-Bγ,6,62,D4,8,8,R4,R,False,62,True,R3,False,0.14186400187374404,True,0.7202339172363281,valid,False,0.0010258717921822421,0.0025983298296302047,0.00029965270209891175,4.220860644237705e-05,1.0228820113359958e-06,0.015102629464734315,0.41774402534993527,0.41774402534993527,0.14186400187374404,0.0035782321492860733
P08,18,B,gamma,1799551287-γ-6,P08-T18-Bγ,7,59,B3,6,6,L3,L,False,59,True,L3,True,0.5264937823346942,False,0.7866470813751221,valid,False,0.007002305990872171,0.3296566062803552,0.5264937823346942,0.13513030323523897,0.0008404981914199163,0.0003425509034662284,0.0003930727860896431,0.00011839124803040363,2.119986473123856e-05,1.2891651019527655e-06
P08,18,B,gamma,1799551287-γ-6,P08-T18-Bγ,8,59,B3,6,6,R2,R,False,59,True,R2,True,0.6943479644289421,False,0.763617992401123,valid,False,0.02121983860722621,0.030660440007159704,0.002370197356630845,0.0003616686653129873,1.8741278611823993e-05,0.016725869366597403,0.6943479644289421,0.21766849157244017,0.016167017733601713,0.00045977098347701133
P08,18,B,gamma,1799551287-γ-6,P08-T18-Bγ,9,69,A4,12,12,R5,R,False,69,True,R5,True,0.2714038150071764,True,1.383732795715332,valid,False,1.7149671384455472e-07,1.098502815684176e-07,1.1235948907704028e-08,2.0119780890329054e-09,1.0425852594893562e-10,0.05435164972391307,0.017177627391356996,0.18192741776985866,0.47513919540851407,0.2714038150071764
P08,18,B,gamma,1799551287-γ-6,P08-T18-Bγ,10,50,D3,1,1,L2,L,False,50,True,L2,True,0.8946767741562193,False,1.2770562171936035,valid,False,0.024985772358444545,0.8946767741562193,0.06645084536183987,0.012890137793555214,0.0009964687564091546,1.0785788327451713e-09,3.577120538106925e-10,1.167142154515383e-10,1.7809434479081973e-11,2.7175434906334152e-12
P08,18,B,gamma,1799551287-γ-6,P08-T18-Bγ,11,60,C4,7,7,L3,L,False,60,True,L3,True,0.6132859335720212,False,1.0071678161621094,valid,False,0.003250572961758267,0.12678673679325228,0.6132859335720212,0.25438052522035987,0.0014033065547650755,0.0005459425023513036,0.0002615398222137332,6.712701397367168e-05,1.6553317844373223e-05,1.7622414602263703e-06
P08,18,B,gamma,1799551287-γ-6,P08-T18-Bγ,12,59,B3,6,6,R2,R,False,59,True,R2,True,0.7685730628321344,False,0.9035549163818359,valid,False,0.0038452476812972564,0.002730638952809076,0.00046979240678595444,8.412391660123021e-05,4.35921026660444e-06,0.01607953166644426,0.7685730628321344,0.1895277838617059,0.017895255654122824,0.0007902038178325625
P08,18,B,gamma,1799551287-γ-6,P08-T18-Bγ,13,69,A4,12,12,R3,R,False,69,True,R3,True,0.38078095824004055,True,1.198789119720459,valid,False,4.249290236692429e-08,3.111639513416715e-08,4.046024746479483e-09,1.0384558550047385e-09,3.7543119809990725e-11,0.0949831873265391,0.38078095824004055,0.38078095824004055,0.13458881249069307,0.008866004971365605
P08,18,B,gamma,1799551287-γ-6,P08-T18-Bγ,14,53,F3,3,3,L1,L,False,53,True,L4,False,0.01393905039737438,False,1.0505528450012207,valid,False,0.01393905039737438,0.04339487399926766,0.42425781450261535,0.4783493501096456,0.04005851753811238,2.1658078127298694e-07,1.198033779041885e-07,4.77439272810628e-08,8.549321144386377e-09,7.755769162326311e-10
P08,18,B,gamma,1799551287-γ-6,P08-T18-Bγ,15,67,G4,11,11,R5,R,False,67,True,R5,True,0.24586485215037307,True,0.9560427665710449,valid,False,2.533341317297743e-07,1.6157707480189765e-07,2.100965874399773e-08,5.8414688006239875e-09,1.9494891524804612e-10,0.006953848499714155,0.040504791177559944,0.21908761410302466,0.48758845211204493,0.24586485215037307
P08,18,B,gamma,1799551287-γ-6,P08-T18-Bγ,16,65,F4,10,10,R4,R,False,65,True,R4,True,0.4500549033694751,False,1.0739598274230957,valid,False,2.077567946964631e-06,1.5795260943957034e-06,2.3156952230497073e-07,4.315853260152424e-08,1.3296026534255444e-09,0.020684188810118496,0.14315728168223202,0.3684737899621287,0.4500549033694751,0.017625903024346884
P08,18,B,gamma,1799551287-γ-6,P08-T18-Bγ,17,60,C4,7,7,R3,R,False,60,True,R3,True,0.639236883514002,False,0.8956658840179443,valid,False,0.0009364138102964508,0.0010204820313355059,0.00012249012008788018,3.2721435217509134e-05,8.94071413960284e-07,0.004344943817875549,0.20039192929210334,0.639236883514002,0.15145296207791706,0.0024602798297508107
P08,18,B,gamma,1799551287-γ-6,P08-T18-Bγ,18,59,B3,6,6,L5,L,False,59,True,L5,True,0.8471658077926033,False,1.1029000282287598,valid,False,0.0034906373708843285,0.0009434412241690557,0.013761797199413074,0.13454469307941155,0.8471658077926033,4.5259669113807304e-05,3.277453078764989e-05,1.3061274581489125e-05,2.247125206727768e-06,2.8073382891328343e-07
P08,18,B,gamma,1799551287-γ-6,P08-T18-Bγ,19,69,A4,12,12,R1,R,False,69,True,R1,True,0.748842157234802,False,1.1310598850250244,valid,False,5.760103964559118e-09,4.730537258068473e-09,8.8164903758879e-10,1.780018707825155e-10,3.740461379262405e-11,0.748842157234802,0.19219840989146114,0.05134298026371174,0.006676061536346906,0.0009403794859815507
P08,18,B,gamma,1799551287-γ-6,P08-T18-Bγ,20,55,G3,4,4,L1,L,False,55,True,L1,True,0.5474188036652375,False,0.822052001953125,valid,False,0.5474188036652375,0.44818860937388777,0.003995681475945038,0.00037727313678006115,1.8783323454227405e-05,7.067837186279241e-07,1.1683056290231463e-07,2.1774176531026772e-08,3.322523899638425e-09,3.137134481789091e-10
P08,18,B,gamma,1799551287-γ-6,P08-T18-Bγ,21,60,C4,7,7,R4,R,False,60,True,R4,True,0.5806872496946629,False,1.3297741413116455,valid,False,0.001123873098197703,0.002063105383335743,0.00031480946863079746,8.409672246439696e-05,8.264486454151147e-06,0.01651406290782841,0.05770092271643799,0.3061919875023898,0.5806872496946629,0.035311628019598036
P08,18,B,gamma,1799551287-γ-6,P08-T18-Bγ,22,52,E3,2,2,L4,L,False,52,True,L4,True,0.6438775939208335,False,1.377863883972168,valid,False,0.0031220621160655236,0.012274312162720756,0.3134088714030443,0.6438775939208335,0.02731698408722794,8.086211657999202e-08,7.54159804187955e-08,1.649437138374605e-08,3.466062399506721e-09,7.157704868112028e-11
P08,18,B,gamma,1799551287-γ-6,P08-T18-Bγ,23,59,B3,6,6,L2,L,False,59,True,L2,True,0.8552817126361149,False,0.8818187713623047,valid,False,0.022453149707685974,0.8552817126361149,0.11121117853196633,0.010500584298912083,0.00031081136418063305,0.00012778020927786094,8.641715264695787e-05,2.308507216737407e-05,5.048979694154439e-06,2.3204735357945656e-07
P08,18,B,gamma,1799551287-γ-6,P08-T18-Bγ,24,60,C4,7,7,L4,L,False,60,True,L4,True,0.7403756688203305,False,1.294640302658081,valid,False,0.0014817708015406042,0.007598114589617752,0.1825743921073298,0.7403756688203305,0.06716536534066028,0.00036970403938494235,0.00032862359147758615,8.778696234246729e-05,1.702891866778073e-05,1.5448286482729362e-06
P08,18,B,gamma,1799551287-γ-6,P08-T18-Bγ,25,62,D4,8,8,R5,R,False,62,True,R5,True,0.8294562090717262,False,0.9967050552368164,valid,False,1.5967144580922905e-05,1.440922578059292e-05,2.7969389730411977e-06,1.0709280352840092e-06,1.4493434898119054e-07,0.02012264384741367,0.004058324956858702,0.014596332759107253,0.13173210019317544,0.8294562090717262
P08,18,B,gamma,1799551287-γ-6,P08-T18-Bγ,26,65,F4,10,10,R3,R,False,65,True,R3,True,0.4258904485784325,True,1.4140841960906982,valid,False,9.885536320608041e-07,1.4642122912347737e-06,3.8363543292357726e-07,1.1101803973029851e-07,7.922388258815405e-09,0.023907259324273133,0.4258904485784325,0.4258904485784325,0.11841343061154726,0.005895457565530415
P08,18,B,gamma,1799551287-γ-6,P08-T18-Bγ,27,69,A4,12,12,R5,R,False,69,True,R5,True,0.41900702867821943,True,1.2038872241973877,valid,False,3.926856111418897e-08,3.160762069126144e-08,3.793914184944523e-09,1.0978988893380433e-09,1.1688067371857064e-10,0.028801401193626563,0.007674381429111752,0.0720880071898453,0.47242910562432155,0.41900702867821943
P08,18,B,gamma,1799551287-γ-6,P08-T18-Bγ,28,62,D4,8,8,R3,R,False,62,True,R3,True,0.4592428383315629,False,0.9864699840545654,valid,False,4.1555880188111325e-05,4.2800876401451245e-05,7.080428359898372e-06,1.6775500218200534e-06,1.4621668827190096e-07,0.010273616762893336,0.42393457102486076,0.4592428383315629,0.104540978124618,0.0019147348044055617
P08,18,B,gamma,1799551287-γ-6,P08-T18-Bγ,29,55,G3,4,4,L2,L,False,55,True,L2,True,0.8146011406902417,False,1.1098442077636719,valid,False,0.04055660268408502,0.8146011406902417,0.12430007420760224,0.01974101785055062,0.0006857093668715821,4.311849216210574e-05,5.093008829263784e-05,1.7295630104881506e-05,3.937137256216705e-06,1.7385283291420866e-07
P08,19,C,beta,1799551287-β-4,P08-T19-Cβ,0,62,D4,8,8,R4,R,False,62,True,R4,True,0.5986326901391655,False,0.8601689338684082,valid,False,0.0006667422129644813,0.0009556612257710453,5.583514355212455e-05,9.998184073964186e-06,6.586279205823634e-07,0.031020497787207467,0.05882978091996052,0.29138581241662553,0.5986326901391655,0.018442323342758783
P08,19,C,beta,1799551287-β-4,P08-T19-Cβ,1,65,F4,10,10,R2,R,False,65,True,R2,True,0.642127942661364,False,0.5773899555206299,valid,False,3.75359097882154e-06,2.6446608934382305e-06,2.8154664330573244e-07,4.653934712095714e-08,2.8300606129621686e-09,0.09798237068014781,0.642127942661364,0.23622566870683057,0.023214743475608264,0.0004425453081259657
P08,19,C,beta,1799551287-β-4,P08-T19-Cβ,2,60,C4,7,7,R3,R,False,60,True,R3,True,0.4840993600149793,False,0.6676111221313477,valid,False,0.00048181681464280236,0.0005840843772107034,7.296978518680998e-05,1.3066418347331218e-05,7.945697179885078e-07,0.00845011038426931,0.35152828412286724,0.4840993600149793,0.15175845953880926,0.0030110539739691988
P08,19,C,beta,1799551287-β-4,P08-T19-Cβ,3,57,A3,5,5,L5,L,False,57,True,L5,True,0.8929068648008226,False,0.7729299068450928,valid,False,0.00037961037290862293,0.000603606516761584,0.010962521080942872,0.09505752937666326,0.8929068648008226,4.400992682188124e-05,3.7421206396752946e-05,7.258967199418326e-06,1.1076465726449946e-06,7.010491030019698e-08
P08,19,C,beta,1799551287-β-4,P08-T19-Cβ,4,60,C4,7,7,R3,R,False,60,True,R3,True,0.46001779807795873,False,0.6647260189056396,valid,False,0.001589678742775004,0.0015087253876283656,0.00023961188276530325,5.4544695101986805e-05,4.567748706783225e-06,0.0094821392836839,0.44198024221540866,0.46001779807795873,0.08237361507254719,0.002749076893424102
P08,19,C,beta,1799551287-β-4,P08-T19-Cβ,5,57,A3,5,5,L5,L,False,57,True,L5,True,0.8374663241349836,False,0.752734899520874,valid,False,0.0012704900577612446,0.0010945913014399383,0.015964716252361066,0.14408177969219393,0.8374663241349836,8.990656165761831e-05,2.5486179679348128e-05,5.801615027941307e-06,8.172063316276176e-07,8.6998563834332e-08
P08,19,C,beta,1799551287-β-4,P08-T19-Cβ,6,62,D4,8,8,R5,R,False,62,True,R5,True,0.4525274365861155,False,0.7769947052001953,valid,False,5.9223496326445626e-05,5.584632229293982e-05,6.976892894567395e-06,1.7906947510414123e-06,2.843935313035703e-07,0.03649474253725333,0.009726444319697427,0.06634367275852507,0.4347835819986124,0.4525274365861155
P08,19,C,beta,1799551287-β-4,P08-T19-Cβ,7,65,F4,10,10,R3,R,False,65,True,R3,True,0.41386224023874313,True,0.7062089443206787,valid,False,9.192404717297137e-07,4.932636032658185e-07,6.948033225384808e-08,1.7133638987453004e-08,2.3187858852408227e-09,0.04967655867525608,0.48567183801318925,0.41386224023874313,0.04967655867525608,0.0011113029607235775
P08,19,C,beta,1799551287-β-4,P08-T19-Cβ,8,69,A4,12,12,R5,R,False,69,True,R5,True,0.4162202459516187,True,1.0333800315856934,valid,False,1.935651078845264e-08,8.72964858664292e-09,1.5018912023120644e-09,3.7036181066076464e-10,3.7882164001166355e-11,0.0076218152456491725,0.012822668197184264,0.14711499465763464,0.4162202459516187,0.4162202459516187
P08,19,C,beta,1799551287-β-4,P08-T19-Cβ,9,64,E4,9,9,R4,R,False,64,True,R4,True,0.5369903762735336,False,0.6561839580535889,valid,False,5.1428712600443005e-06,2.9262901256854956e-06,5.676418823358914e-07,1.2415002719878995e-07,1.3756215124395566e-08,0.012492509260692522,0.09544539869196307,0.332280726397793,0.5369903762735336,0.022782214666507324
P08,19,C,beta,1799551287-β-4,P08-T19-Cβ,10,60,C4,7,7,R3,R,False,60,True,R3,True,0.4113693463258228,False,0.6330661773681641,valid,False,0.0003098663654779092,0.00027239323598805555,4.502629906790588e-05,1.0667980119909835e-05,1.0483806575395858e-06,0.00950117078428971,0.35054583344264023,0.4113693463258228,0.22576428399600496,0.002180363189930981
P08,19,C,beta,1799551287-β-4,P08-T19-Cβ,11,57,A3,5,5,L5,L,False,57,True,L5,True,0.768118823481739,False,0.6963131427764893,valid,False,0.0035563762440984667,0.002117751052339363,0.020987865539355943,0.20519165385644805,0.768118823481739,1.3145643299997365e-05,1.0932059581437875e-05,2.9203390373960737e-06,5.024293320059461e-07,2.9354768322546744e-08
P08,19,C,beta,1799551287-β-4,P08-T19-Cβ,12,55,G3,4,4,L4,L,False,55,True,L4,True,0.3432159047310326,True,0.6356029510498047,valid,False,0.016270403143998143,0.19128004987106673,0.4363129272661173,0.3432159047310326,0.012914616203526616,2.5228820228383642e-06,2.904075188483827e-06,5.633326278780222e-07,1.049905416903564e-07,3.503877691113133e-09
P08,19,C,beta,1799551287-β-4,P08-T19-Cβ,13,62,D4,8,8,R1,R,False,62,True,R1,True,0.4012862212170067,True,0.6335759162902832,valid,False,0.00018121168097396311,0.00020902005834410348,3.1894392808036766e-05,7.260365851226788e-06,2.521906878758998e-07,0.4012862212170067,0.4176630225776107,0.1664466672540892,0.013938780804928368,0.00023566945769991392
P08,19,C,beta,1799551287-β-4,P08-T19-Cβ,14,64,E4,9,9,R2,R,False,64,True,R2,True,0.6632355345536759,False,0.509735107421875,valid,False,6.279639103933476e-05,8.866679449776701e-05,9.069212737213686e-06,2.0644946229603533e-06,8.41533509333501e-08,0.12360984362539205,0.6632355345536759,0.19192989647620368,0.02043256972452147,0.0006294745739586784
P08,19,C,beta,1799551287-β-4,P08-T19-Cβ,15,59,B3,6,6,L3,L,False,59,True,L3,True,0.6657063904114227,False,0.633991003036499,valid,False,0.006905100315193702,0.1740265600614908,0.6657063904114227,0.15153986385558824,0.00135100494347879,0.00021748888437821384,0.0002061499872035015,3.998898323600202e-05,7.160673186968169e-06,2.918848210696139e-07
P08,19,C,beta,1799551287-β-4,P08-T19-Cβ,16,62,D4,8,8,R5,R,False,62,True,R5,True,0.7914158445203849,False,0.9658422470092773,valid,False,0.00021350221671636137,0.00022623602859521088,2.1361256315004863e-05,5.482596642513193e-06,1.8297217783417045e-07,0.035180690053671734,0.004922534546692147,0.014495286819057963,0.1535188789897462,0.7914158445203849
P08,19,C,beta,1799551287-β-4,P08-T19-Cβ,17,60,C4,7,7,R5,R,False,60,True,R5,True,0.8786959633993032,False,0.8954262733459473,valid,False,0.0012987267990985866,0.0013477532525411487,0.0001434797955378041,3.399434637294104e-05,2.5248817441757945e-06,0.01717696414446433,0.00567403160023821,0.01265989279484755,0.08296666898585213,0.8786959633993032
P08,19,C,beta,1799551287-β-4,P08-T19-Cβ,18,57,A3,5,5,L5,L,False,57,True,L5,True,0.8120058963580797,False,0.7563881874084473,valid,False,0.014168223911961672,0.001994077457987851,0.02048120428989596,0.15133676747170038,0.8120058963580797,7.425999153665671e-06,4.98913665937866e-06,1.0911834930351762e-06,3.033897127025868e-07,2.0801355640849557e-08
P08,19,C,beta,1799551287-β-4,P08-T19-Cβ,19,60,C4,7,7,L3,L,False,60,True,L3,True,0.6499752883864371,False,0.7207820415496826,valid,False,0.006765589923382126,0.10820846064094145,0.6499752883864371,0.22973680883769454,0.002501609548971825,0.0009245668962739493,0.0014872582798621994,0.00032528106477396686,7.114283546653992e-05,3.993586196262012e-06
P08,19,C,beta,1799551287-β-4,P08-T19-Cβ,20,57,A3,5,5,L5,L,False,57,True,L5,True,0.7599681981786087,False,0.7446138858795166,valid,False,0.004312453780821682,0.002758634613557211,0.021612602376356087,0.21129950625185842,0.7599681981786087,1.7802247021842936e-05,2.4071579407036957e-05,5.47959869196528e-06,1.1984533696606147e-06,5.292030728725215e-08
P08,19,C,beta,1799551287-β-4,P08-T19-Cβ,21,53,F3,3,3,L4,L,False,53,True,L4,True,0.35543245647201743,True,0.6872048377990723,valid,False,0.03347493103108821,0.18006812208696682,0.4171038515732358,0.35543245647201743,0.013920119440045379,2.0986980545003932e-07,2.4197775327051776e-07,5.5083256394809217e-08,1.2047362945581381e-08,4.184682715160178e-10
P08,19,C,beta,1799551287-β-4,P08-T19-Cβ,22,50,D3,1,1,L3,L,False,50,True,L3,True,0.4045008038784339,True,0.799544095993042,valid,False,0.08166730382909479,0.4045008038784339,0.4045008038784339,0.10805644438949463,0.0012746271746814333,7.234648567930934e-09,7.524499387165129e-09,1.7128596467396847e-09,3.599335966842076e-10,1.792003858600781e-11
P08,19,C,beta,1799551287-β-4,P08-T19-Cβ,23,55,G3,4,4,L2,L,False,55,True,L2,True,0.7291564677345749,False,0.6678102016448975,valid,False,0.04434005046652223,0.7291564677345749,0.21100637417057055,0.015057682745301745,0.0004282228001954366,4.5887188581752336e-06,5.051289823861227e-06,1.2964679708098137e-06,2.5148891180647437e-07,1.41172704196708e-08
P08,19,C,beta,1799551287-β-4,P08-T19-Cβ,24,64,E4,9,9,R4,R,False,64,True,R4,True,0.5766184772700318,False,0.6969561576843262,valid,False,1.0512424215916317e-05,1.0432606155429858e-05,9.46424677895123e-07,2.0699432716058448e-07,1.1619577463170506e-08,0.03368931854193799,0.08453628326078771,0.2806703446393916,0.5766184772700318,0.024463466218897105
P08,19,C,beta,1799551287-β-4,P08-T19-Cβ,25,60,C4,7,7,R5,R,False,60,True,R5,True,0.8727692072390396,False,0.8473317623138428,valid,False,0.00029416116984441444,0.0003171663604039055,4.124073297732203e-05,7.999879127048317e-06,1.2207024020385896e-06,0.028293123980511425,0.00378736737402986,0.012081449215294625,0.08240706334636998,0.8727692072390396
P08,19,C,beta,1799551287-β-4,P08-T19-Cβ,26,57,A3,5,5,L1,L,False,57,True,L1,True,0.6438105774050765,False,0.6578178405761719,valid,False,0.6438105774050765,0.25657077394753847,0.09435216421918452,0.005090645034529523,0.00013364136445369044,1.93338968550281e-05,1.6695844019707635e-05,5.028691581724898e-06,1.0998346247397703e-06,3.976213614549161e-08
P08,19,C,beta,1799551287-β-4,P08-T19-Cβ,27,50,D3,1,1,L3,L,False,50,True,L3,True,0.4237356902476485,True,1.3037340641021729,valid,False,0.06209672607449065,0.4237356902476485,0.4237356902476485,0.08904215317618505,0.001389730563017292,4.5499877510354585e-09,3.686289684959354e-09,1.2027618413295659e-09,2.4283342774127917e-10,9.137398580415742e-12
P08,19,C,beta,1799551287-β-4,P08-T19-Cβ,28,53,F3,3,3,L1,L,False,53,True,L1,True,0.4901831060257806,False,0.670914888381958,valid,False,0.4901831060257806,0.4901831060257806,0.017026637118141726,0.0024962235431866173,0.00011022616340969392,3.174057086254552e-07,2.843737986112939e-07,8.229328931348635e-08,1.6614728566719688e-08,4.3617556923006675e-10
P08,19,C,beta,1799551287-β-4,P08-T19-Cβ,29,62,D4,8,8,R4,R,False,62,True,R4,True,0.4351216311046102,False,0.6803410053253174,valid,False,0.00013650504950911082,0.00021775724400731886,3.458364500937907e-05,6.9823175069568785e-06,1.3853682319080654e-07,0.017210458415112522,0.13418109062167058,0.40166789033908135,0.4351216311046102,0.011422962726669417
P08,20,B,beta,1799551287-β-1,P08-T20-Bβ,0,64,E4,9,9,R2,R,False,64,True,R2,True,0.5178957481771381,False,1.7981741428375244,valid,False,5.0193441331933894e-05,0.00011628052275135845,1.2903895501485706e-05,2.2200489443399834e-06,9.418722169863075e-08,0.09273759664582085,0.5178957481771381,0.3471559017597611,0.040035796389522184,0.0019932649320070226
P08,20,B,beta,1799551287-β-1,P08-T20-Bβ,1,60,C4,7,7,L3,L,False,60,True,L2,False,0.12121378727390272,False,0.9817459583282471,valid,False,0.01925086170351305,0.826794208900734,0.12121378727390272,0.009752813656679687,0.0001350049038418194,0.009964704391340885,0.010150833532562882,0.0023107122805215074,0.0003975461796365734,2.9527177267046647e-05
P08,20,B,beta,1799551287-β-1,P08-T20-Bβ,2,57,A3,5,5,L5,L,False,57,True,L5,True,0.7616220899162722,False,1.4733998775482178,valid,False,0.0004877501574421676,0.0014730026060746646,0.02442117265191295,0.21175934984584022,0.7616220899162722,0.0001269945322168853,8.676521275785863e-05,1.8976583404081646e-05,3.536741300662179e-06,3.617527782963087e-07
P08,20,B,beta,1799551287-β-1,P08-T20-Bβ,3,60,C4,7,7,L4,L,False,60,True,L4,True,0.8209502990836098,False,1.4748828411102295,valid,False,0.0006404950073594606,0.008727295502468806,0.10267993643486333,0.8209502990836098,0.060974916249067285,0.0024626266935296507,0.002692479646186732,0.0007192563633209984,0.0001395213797750004,1.317363981901161e-05
P08,20,B,beta,1799551287-β-1,P08-T20-Bβ,4,64,E4,9,9,R2,R,False,64,True,R2,True,0.726235233444522,False,0.7775249481201172,valid,False,0.0002657261750593688,0.0008257112349600292,0.0001507509676263126,3.2971028589423086e-05,9.759238231513427e-07,0.07975529447428296,0.726235233444522,0.16531850976418958,0.026255460208580432,0.00115936677836683
P08,20,B,beta,1799551287-β-1,P08-T20-Bβ,5,69,A4,12,12,R3,R,False,69,True,R3,True,0.38615876052834364,True,1.7563750743865967,valid,False,9.05724160517693e-07,1.3549290429137498e-06,1.9869264625257538e-07,4.70758033432424e-08,1.5710734935732489e-09,0.13949305522689645,0.38615876052834364,0.38615876052834364,0.08445751117828246,0.0037294045454075125
P08,20,B,beta,1799551287-β-1,P08-T20-Bβ,6,64,E4,9,9,R1,R,False,64,True,R1,True,0.7819013919476158,False,0.7826170921325684,valid,False,0.000281716910864295,0.0006075800367800597,7.900284893797783e-05,1.798402590797682e-05,6.501734629114977e-07,0.7819013919476158,0.19281450935599811,0.02223635662937512,0.001938139777228608,0.00012266829382895873
P08,20,B,beta,1799551287-β-1,P08-T20-Bβ,7,59,B3,6,6,L2,L,False,59,True,L2,True,0.8253753073068114,False,0.7195580005645752,valid,False,0.04109301685403093,0.8253753073068114,0.12100576642165581,0.011891670545059964,0.00028818236162053544,0.00027073081692849637,5.5901626694640585e-05,1.683724639690237e-05,2.3716679401262247e-06,2.1515286141036795e-07
P08,20,B,beta,1799551287-β-1,P08-T20-Bβ,8,60,C4,7,7,L1,L,False,60,True,L1,True,0.495979918554143,False,0.8090240955352783,valid,False,0.495979918554143,0.495979918554143,0.00478919830303745,0.00018759600069753125,8.283708197661706e-06,0.001608589245301336,0.0010903900094947046,0.0002912816644469142,5.880875380751968e-05,6.015206731131487e-06
P08,20,B,beta,1799551287-β-1,P08-T20-Bβ,9,57,A3,5,5,L3,L,False,57,True,L3,True,0.44651615799632755,True,1.1939911842346191,valid,False,0.042160155298768646,0.44651615799632755,0.44651615799632755,0.06289556093109454,0.0018616730781281328,2.8568829493429583e-05,1.6597147890335378e-05,4.259836872746544e-06,7.939227352530596e-07,7.496236186321278e-08
P08,20,B,beta,1799551287-β-1,P08-T20-Bβ,10,62,D4,8,8,R2,R,False,62,True,R2,True,0.4516138315272202,False,0.8539402484893799,valid,False,0.0010526139039404667,0.0009165189454762409,0.00010155319385768316,1.8926872518757404e-05,9.05364855405541e-07,0.012271459302017923,0.4516138315272202,0.4516138315272202,0.0808687491551294,0.0015416102077639039
P08,20,B,beta,1799551287-β-1,P08-T20-Bβ,11,59,B3,6,6,L5,L,False,59,True,L5,True,0.5909750114201832,False,1.2753357887268066,valid,False,0.013452058618665648,0.0020347872991758552,0.027160772223032027,0.36568552203925375,0.5909750114201832,0.00032755845188236436,0.0002841575999463505,7.007240142770368e-05,9.4832682942879e-06,5.766781388673908e-07
P08,20,B,beta,1799551287-β-1,P08-T20-Bβ,12,60,C4,7,7,R3,R,False,60,True,R2,False,0.16602577879269984,False,0.8025009632110596,valid,False,0.0199771345125346,0.05000600360057682,0.002921634062586928,0.000780471597542873,4.746052672378598e-05,0.013552473597225348,0.7293422278685636,0.16602577879269984,0.01698181507814061,0.0003650003634055913
P08,20,B,beta,1799551287-β-1,P08-T20-Bβ,13,65,F4,10,10,R4,R,False,65,True,R4,True,0.482154679216555,False,0.8625268936157227,valid,False,4.65116150123448e-05,6.982696497005184e-05,4.982940869532193e-06,1.228778089927187e-06,8.424890160107693e-08,0.02091292917703388,0.09352838506517877,0.3792763040153489,0.482154679216555,0.024005067978040133
P08,20,B,beta,1799551287-β-1,P08-T20-Bβ,14,60,C4,7,7,R5,R,False,60,True,R5,True,0.6793002597998143,False,1.377912998199463,valid,False,0.006083874403516016,0.008340000185805016,0.0006194416561079482,0.00014100826668505393,8.574721527791574e-06,0.015547012724187135,0.01006325230006385,0.029995975979521517,0.24990059996277128,0.6793002597998143
P08,20,B,beta,1799551287-β-1,P08-T20-Bβ,15,64,E4,9,9,R4,R,False,64,True,R4,True,0.5547835860087249,False,0.6974599361419678,valid,False,0.00023060484014907943,0.0002889730356656965,2.518713583817559e-05,5.508726006089138e-06,2.971059058357507e-07,0.020855185823634128,0.08130125727873733,0.30447168751555936,0.5547835860087249,0.038037712529779305
P08,20,B,beta,1799551287-β-1,P08-T20-Bβ,16,60,C4,7,7,L1,L,False,60,True,L1,True,0.4958573909037955,False,0.80147385597229,valid,False,0.4958573909037955,0.4958573909037955,0.0033389233609385106,0.00016634162341747031,3.5752805408301813e-06,0.0016418222879362096,0.002239580042009722,0.0007605513615902064,0.00013084895543522275,3.5752805408301813e-06
P08,20,B,beta,1799551287-β-1,P08-T20-Bβ,17,60,C4,7,7,R5,R,False,60,True,R4,False,0.012427094105274221,False,1.187058925628662,valid,False,0.009116556314737068,0.011939820775699559,0.0010831561034138697,0.0001939565910251447,3.2793144008734386e-06,0.03013234640025413,0.11215469205883803,0.3302596282617113,0.49268947007464575,0.012427094105274221
P08,20,B,beta,1799551287-β-1,P08-T20-Bβ,18,67,G4,11,11,R4,R,False,67,True,R4,True,0.4993878789163195,False,1.1273038387298584,valid,False,6.760328482029292e-06,7.107413436133396e-06,7.875238565104689e-07,1.2507251188878862e-07,3.154700819949573e-09,0.0400659794422733,0.11367950236340635,0.33474970598482756,0.4993878789163195,0.012102149800185974
P08,20,B,beta,1799551287-β-1,P08-T20-Bβ,19,62,D4,8,8,R5,R,False,62,True,R4,True,0.45146709116156053,False,0.8662497997283936,valid,False,0.00033374280253448596,0.00020038845572524416,2.2203673793707736e-05,4.3070695815166e-06,1.620675202996834e-07,0.018630437714222087,0.011387343079301272,0.04806251130151153,0.46989181267424934,0.45146709116156053
P08,20,B,beta,1799551287-β-1,P08-T20-Bβ,20,60,C4,7,7,R1,R,False,60,True,R1,True,0.3589098776551327,True,0.7292201519012451,valid,False,0.010990757364515918,0.015227017540634678,0.001496413611778677,0.0002788925546266859,5.31656064392806e-06,0.3589098776551327,0.45626387701104676,0.1430324202788838,0.013505153047039527,0.00029027437569749393
P08,20,B,beta,1799551287-β-1,P08-T20-Bβ,21,57,A3,5,5,L3,L,False,57,True,L3,True,0.4648927668083606,False,1.2693917751312256,valid,False,0.025045923634745382,0.4291501123577081,0.4648927668083606,0.07998241275786559,0.0007130574904713608,0.00018271536616879409,2.6831110369736985e-05,5.41710775758019e-06,7.043795384076721e-07,5.898701458740052e-08
P08,20,B,beta,1799551287-β-1,P08-T20-Bβ,22,60,C4,7,7,L2,L,False,60,True,L2,True,0.9010752383574097,False,0.7135529518127441,valid,False,0.029478011893084577,0.9010752383574097,0.04310283445278514,0.0036095703892426645,5.863571831728702e-05,0.019305500175359796,0.0027280546138296192,0.0005507847274314542,8.404429980804213e-05,7.325372731794973e-06
P08,20,B,beta,1799551287-β-1,P08-T20-Bβ,23,64,E4,9,9,R1,R,False,64,True,R1,True,0.7308566837993073,False,0.785743236541748,valid,False,0.0007100569953214255,0.0009177937246151508,6.54949253794213e-05,1.4324518715527739e-05,1.15254514272768e-06,0.7308566837993073,0.2384637686889137,0.026422538725716666,0.002303010973120639,0.0002451751037674308
P08,20,B,beta,1799551287-β-1,P08-T20-Bβ,24,60,C4,7,7,R3,R,False,60,True,R3,True,0.44902711671862466,False,1.298403263092041,valid,False,0.010533255861562044,0.0168961076612743,0.0014149345555081242,0.00034891856556436973,3.428947852194111e-05,0.00855985524603998,0.43142051163627215,0.44902711671862466,0.08040555609860857,0.0013594541780238922
P08,20,B,beta,1799551287-β-1,P08-T20-Bβ,25,57,A3,5,5,L1,L,False,57,True,L1,True,0.38549594063417675,True,0.8063359260559082,valid,False,0.38549594063417675,0.5985623297295036,0.014505540252306753,0.0011671100643901148,5.1536275677592925e-05,0.00015576013058387573,4.57085761307465e-05,1.3767158565329092e-05,2.100732181455354e-06,2.0644648386608984e-07
P08,20,B,beta,1799551287-β-1,P08-T20-Bβ,26,60,C4,7,7,L3,L,False,60,True,L3,True,0.6099318460311541,False,1.0725512504577637,valid,False,0.003948545262515336,0.24477275420612934,0.6099318460311541,0.12816868182521646,0.0016377891008926254,0.008219549818208721,0.0026467890421430847,0.0005788842257715593,8.833200523147409e-05,6.828482737255297e-06
P08,20,B,beta,1799551287-β-1,P08-T20-Bβ,27,64,E4,9,9,R5,R,False,64,True,R5,True,0.9235542718658695,False,1.5238010883331299,valid,False,0.0005928919182463466,0.000611542738833248,5.330258582209797e-05,9.934214852846284e-06,3.0604744025929605e-07,0.009998075518503414,0.0012071105944901693,0.005519181473450979,0.05845338304249127,0.9235542718658695
P08,20,B,beta,1799551287-β-1,P08-T20-Bβ,28,59,B3,6,6,L3,L,False,59,True,L3,True,0.48194469609363405,False,0.7901740074157715,valid,False,0.012156078941540959,0.3742212336156963,0.48194469609363405,0.12874444192181292,0.0017821658050360429,0.000936716188523565,0.0001751398238023754,3.397363042800411e-05,5.1840398599544415e-06,3.699396658372585e-07
P08,20,B,beta,1799551287-β-1,P08-T20-Bβ,29,60,C4,7,7,L4,L,False,60,True,L3,True,0.48192899802278005,False,1.3220198154449463,valid,False,0.00114637508130609,0.008652484868672296,0.48192899802278005,0.48192899802278005,0.01742309798291374,0.007214427642067763,0.0014018556120638111,0.0002612694042534932,3.986712602607854e-05,2.6262371366543854e-06
P08,21,A,beta,1799551287-β-7,P08-T21-Aβ,0,62,D4,8,8,R1,R,False,62,True,R2,False,0.06548687948744998,False,0.9803671836853027,valid,False,0.0001403012727450057,0.0001439700207102322,1.9484223530400266e-05,4.435343604413805e-06,2.5913790386926607e-07,0.06548687948744998,0.5241876911515649,0.3806383871755902,0.0282713750212641,0.0011072171656369104
P08,21,A,beta,1799551287-β-7,P08-T21-Aβ,1,64,E4,9,9,R2,R,False,64,True,R2,True,0.4328067290903601,False,0.5231039524078369,valid,False,2.2808802826227156e-06,1.7126580077537994e-06,3.745786645796538e-07,6.981171505724261e-08,8.051044488851235e-09,0.025265664269619376,0.4328067290903601,0.4328067290903601,0.10672882536718019,0.0023876062027657265
P08,21,A,beta,1799551287-β-7,P08-T21-Aβ,2,60,C4,7,7,L3,L,False,60,True,R2,False,6.36901915505526e-05,False,0.442824125289917,valid,False,0.0003517877860377559,0.0003283337337097956,6.36901915505526e-05,1.338360662645726e-05,1.1665265491942304e-06,0.046769105382842735,0.8013319598129626,0.13786504790307935,0.013017248593977664,0.000258276462664132
P08,21,A,beta,1799551287-β-7,P08-T21-Aβ,3,59,B3,6,6,L5,L,False,59,True,L2,False,0.00012464488246283017,False,0.4296698570251465,valid,False,0.02447650003246551,0.8606719960637932,0.10330786130174317,0.007083112819780181,0.00012464488246283017,0.0034773511234807903,0.000668789093368235,0.00016492135994186627,2.323056233756259e-05,1.592760626640867e-06
P08,21,A,beta,1799551287-β-7,P08-T21-Aβ,4,62,D4,8,8,R5,R,False,62,True,L2,False,1.0969283222233456e-05,False,0.43315577507019043,valid,False,0.008223951203748671,0.7707342665243434,0.19006073013066405,0.014692595411215023,0.00022032394318107306,0.012029279705694174,0.0032134452666122875,0.0007028186778784367,0.00011161985344052233,1.0969283222233456e-05
P08,21,A,beta,1799551287-β-7,P08-T21-Aβ,5,60,C4,7,7,L3,L,False,60,True,L3,True,0.6403102420226667,False,0.3458890914916992,valid,False,0.003982671447357156,0.2531949465353916,0.6403102420226667,0.10169242454793938,0.0005178616341521657,0.00017956099887523125,9.651593179520537e-05,2.197066360607031e-05,3.3525058831991857e-06,4.5371233325517217e-07
P08,21,A,beta,1799551287-β-7,P08-T21-Aβ,6,59,B3,6,6,L1,L,False,59,True,L3,False,0.008051104335888907,False,0.3266630172729492,valid,False,0.008051104335888907,0.3995754763192181,0.49561988230917614,0.09614036573054086,0.00047039113257398956,6.675981728733162e-05,6.11643525772386e-05,1.2852836748119282e-05,1.8104302886960627e-06,1.927357008174817e-07
P08,21,A,beta,1799551287-β-7,P08-T21-Aβ,7,60,C4,7,7,L2,L,False,60,True,L2,True,0.8944846654173637,False,0.33980607986450195,valid,False,0.014400546898460645,0.8944846654173637,0.0844574417543773,0.0038816012415111272,3.901721810583568e-05,0.001441199409774521,0.0010792299306255212,0.00018567596644822795,2.722138938159152e-05,3.4007739517824668e-06
P08,21,A,beta,1799551287-β-7,P08-T21-Aβ,8,64,E4,9,9,R1,R,False,64,True,L2,False,0.0370133801483317,False,0.37232494354248047,valid,False,0.009172648940100928,0.7837945852408374,0.12448023862449123,0.010424376704901152,8.929113906656117e-05,0.0370133801483317,0.029492823937516403,0.004683974386380931,0.0007438967559957629,0.00010478412237785109
P08,21,A,beta,1799551287-β-7,P08-T21-Aβ,9,59,B3,6,6,L2,L,False,59,True,L2,True,0.4611801352124533,False,0.34055495262145996,valid,False,0.006379189918347267,0.4611801352124533,0.4611801352124533,0.07037152560504227,0.0008300981895782013,3.5214559057534734e-05,1.7841799564074737e-05,4.960685786022319e-06,7.878433482612516e-07,1.1097436996922871e-07
P08,21,A,beta,1799551287-β-7,P08-T21-Aβ,10,57,A3,5,5,L3,L,False,57,True,L3,True,0.5217784147445811,False,0.813621997833252,valid,False,0.012663814643623763,0.3788888934326145,0.5217784147445811,0.08624939185530113,0.00040545029294792846,7.726921408337324e-06,5.181001015906469e-06,9.656037591987115e-07,1.415642337577692e-07,1.9940514426017084e-08
P08,21,A,beta,1799551287-β-7,P08-T21-Aβ,11,62,D4,8,8,R1,R,False,62,True,L2,False,0.0043740479498292515,False,0.4909942150115967,valid,False,0.009734622735533566,0.8589312506907596,0.11624370409301193,0.007068786925683362,7.105428509078251e-05,0.0043740479498292515,0.002932012023091639,0.0005464507385389429,8.678589978898088e-05,1.1284658671985429e-05
P08,21,A,beta,1799551287-β-7,P08-T21-Aβ,12,64,E4,9,9,R3,R,False,64,True,L2,False,0.006237599637498885,False,0.4532647132873535,valid,False,0.011696412366943272,0.8210593813379922,0.08398140748650651,0.004529426970421018,4.038065016342101e-05,0.046089973644148755,0.02529471384317583,0.006237599637498885,0.0009517959883550555,0.00011890807479495657
P08,21,A,beta,1799551287-β-7,P08-T21-Aβ,13,59,B3,6,6,L2,L,False,59,True,L2,True,0.7699842874026492,False,0.47467684745788574,valid,False,0.021897448182120208,0.7699842874026492,0.19762476544679403,0.010240701351966787,0.00011606209941540049,7.779875182312431e-05,4.8140575531397025e-05,8.972150470611997e-06,1.6066084232547805e-06,2.1743080601151345e-07
P08,21,A,beta,1799551287-β-7,P08-T21-Aβ,14,60,C4,7,7,R2,R,False,60,True,L2,False,0.0003265315556536481,False,0.4120950698852539,valid,False,0.009400579283808923,0.765685348620141,0.20454158681446874,0.019312862279947992,0.00010236313031951803,0.0005492351051086267,0.0003265315556536481,6.861605822813145e-05,1.1342158139257785e-05,1.5349941842909044e-06
P08,21,A,beta,1799551287-β-7,P08-T21-Aβ,15,62,D4,8,8,R4,R,False,62,True,L2,False,7.932279800955295e-05,False,0.6582379341125488,valid,False,0.011310938869352286,0.8171072008179685,0.15228751786687741,0.011310938869352286,0.00011833570915666094,0.004330878026774367,0.0029030743582821343,0.0005410575108910997,7.932279800955295e-05,1.0735173335743465e-05
P08,21,A,beta,1799551287-β-7,P08-T21-Aβ,16,57,A3,5,5,L3,L,False,57,True,L2,True,0.4575567025691138,False,0.9963860511779785,valid,False,0.011697835811377753,0.4575567025691138,0.4575567025691138,0.07266797779999651,0.0005096152840512954,6.254932705939447e-06,3.871554461605618e-06,8.813117080919392e-07,1.3996765707705562e-07,1.8199814014403148e-08
P08,21,A,beta,1799551287-β-7,P08-T21-Aβ,17,60,C4,7,7,R3,R,False,60,True,L2,False,9.493752649297548e-05,False,0.4973440170288086,valid,False,0.017209538265463228,0.8333583822453358,0.13775321407529395,0.0106489764593209,7.468050340011853e-05,0.0004894190421435593,0.000355391166178074,9.493752649297548e-05,1.391850235130477e-05,1.54221402019814e-06
P08,21,A,beta,1799551287-β-7,P08-T21-Aβ,18,62,D4,8,8,R1,R,False,62,True,L2,False,0.005180540186736748,False,0.4187428951263428,valid,False,0.010531801757065548,0.9023967323054658,0.07260648621336087,0.0047829344490691586,6.361247116376223e-05,0.005180540186736748,0.0034731232445781557,0.0008228793059646808,0.00012556324032230172,1.6326826272826895e-05
P08,21,A,beta,1799551287-β-7,P08-T21-Aβ,19,59,B3,6,6,L5,L,False,59,True,L3,False,0.0008434664575349845,False,0.32143521308898926,valid,False,0.005578371050458122,0.3348540235825827,0.5283531244128229,0.13029027636926402,0.0008434664575349845,4.357383278673165e-05,2.9298025813679007e-05,6.669334870435172e-06,1.0592065979676475e-06,1.3772726848765624e-07
P08,21,A,beta,1799551287-β-7,P08-T21-Aβ,20,52,E3,2,2,L4,L,False,52,True,L3,False,0.1560932740775139,False,1.0370240211486816,valid,False,0.058048743214647626,0.3473919701218995,0.4243055104695833,0.1560932740775139,0.014160462346555368,1.8073716682852014e-08,1.4381811203107423e-08,5.96532952607969e-09,1.2043792600061957e-09,1.4456360392396667e-10
P08,21,A,beta,1799551287-β-7,P08-T21-Aβ,21,50,D3,1,1,L2,L,False,50,True,L3,False,0.23103471247022922,False,0.6628470420837402,valid,False,0.05697245866028053,0.23103471247022922,0.4746453861104004,0.23103471247022922,0.006312728359226582,1.0269748360414607e-09,6.300718160460179e-10,2.2270183335173646e-10,4.150582615302921e-11,8.37988177678809e-12
P08,21,A,beta,1799551287-β-7,P08-T21-Aβ,22,52,E3,2,2,L4,L,False,52,True,L4,True,0.48170406418058337,False,0.5165970325469971,valid,False,0.0178239603067792,0.06785207383172669,0.4104811264112654,0.48170406418058337,0.022138760714563093,8.174969947113297e-09,4.3616067439375205e-09,1.6700281936747473e-09,2.990455155449265e-10,4.9431891247227487e-11
P08,21,A,beta,1799551287-β-7,P08-T21-Aβ,23,55,G3,4,4,L2,L,False,55,True,L2,True,0.7374044032179825,False,0.44539594650268555,valid,False,0.05933126829829253,0.7374044032179825,0.18184168703072667,0.020970914566584037,0.00045074047753609626,5.32140406563197e-07,3.1064383008987354e-07,1.1894331261347392e-07,2.1298720809527322e-08,3.38260801833904e-09
P08,21,A,beta,1799551287-β-7,P08-T21-Aβ,24,57,A3,5,5,L1,L,False,57,True,L2,False,0.02917992957941931,False,0.3281559944152832,valid,False,0.02917992957941931,0.8743503292937197,0.08592554193404807,0.01031378272907325,0.0002216803343385742,4.594781383197521e-06,2.9483226303530352e-06,1.0012371734256085e-06,1.655033916133768e-07,2.6284822668002233e-08
P08,21,A,beta,1799551287-β-7,P08-T21-Aβ,25,64,E4,9,9,R3,R,False,64,True,R2,False,0.1503253936320385,False,0.6602320671081543,valid,False,0.003692861297974648,0.012588733351163455,0.0004930238323940855,3.966850367257549e-05,6.443955807996946e-07,0.040671691597150054,0.7749528861665623,0.1503253936320385,0.01665652839649094,0.0005785688269725036
P08,21,A,beta,1799551287-β-7,P08-T21-Aβ,26,60,C4,7,7,L2,L,False,60,True,L2,True,0.9311715902379892,False,0.33783483505249023,valid,False,0.018387919213812505,0.9311715902379892,0.04636030362539136,0.003308330123727456,4.961031851785557e-05,0.0004642713455369577,0.00020117976200876173,4.766507010493852e-05,7.878983095350328e-06,1.2513198155434781e-06
P08,21,A,beta,1799551287-β-7,P08-T21-Aβ,27,60,C4,7,7,R1,R,False,60,True,L2,False,0.0007166920759772362,False,0.38877105712890625,valid,False,0.017916188927476012,0.9270867599481457,0.050001207411343514,0.003713768589477555,0.00010561521394519637,0.0007166920759772362,0.0003649653553928114,7.982226155014748e-05,1.3194531089572064e-05,1.7856856021815272e-06
P08,21,A,beta,1799551287-β-7,P08-T21-Aβ,28,62,D4,8,8,R2,R,False,62,True,R2,True,0.7995509547058892,False,0.47480082511901855,valid,False,0.003877480041427854,0.008036954866168566,0.0005086730857064278,9.10861300037029e-05,3.4274122913511733e-06,0.02143897807040599,0.7995509547058892,0.15509692800757138,0.011067913686915702,0.000327603993619686
P08,21,A,beta,1799551287-β-7,P08-T21-Aβ,29,64,E4,9,9,R3,R,False,64,True,R2,False,0.11616877621040565,False,0.37259912490844727,valid,False,0.0006373933942652708,0.0007225592185221172,7.390639647153343e-05,1.1737623660446545e-05,4.5969106174911704e-07,0.04662232431406527,0.8247201370766568,0.11616877621040565,0.01053859361394379,0.0005041124609472658
P08,22,C,alpha,1799551287-α-3,P08-T22-Cα,0,60,C4,7,7,L3,L,False,60,True,L3,True,0.6346233904840086,False,0.6473629474639893,valid,False,0.002542204802772811,0.1719227967100873,0.6346233904840086,0.16953031105153737,0.0007356739486913082,0.007503538412518801,0.011623532850449245,0.001340485332867955,0.000167467117084281,1.0599289982355146e-05
P08,22,C,alpha,1799551287-α-3,P08-T22-Cα,1,59,B3,6,6,L2,L,False,59,True,L2,True,0.9109884166352917,False,0.4650139808654785,valid,False,0.02207686399653672,0.9109884166352917,0.060011138231147496,0.004114552921515846,6.956666219676733e-05,0.0011395676509171212,0.0013424954821978185,0.00022191301064980196,3.253399234856751e-05,2.9514171981954496e-06
P08,22,C,alpha,1799551287-α-3,P08-T22-Cα,2,64,E4,9,9,R3,R,False,64,True,R3,True,0.4767382775684841,False,0.5526220798492432,valid,False,0.00020186775206302372,0.0002383584482062866,2.53993335361333e-05,4.926963793499603e-06,7.098568336253477e-08,0.007417869376796901,0.23466661565166325,0.4767382775684841,0.27231722523079027,0.008389388688983207
P08,22,C,alpha,1799551287-α-3,P08-T22-Cα,3,60,C4,7,7,L2,L,False,60,True,L2,True,0.8257580386704805,False,0.5153632164001465,valid,False,0.017071563095463288,0.8257580386704805,0.06401673360043769,0.0033172778161095337,3.7596080038782125e-05,0.013452224889901962,0.06401673360043769,0.011013750214683803,0.0012701620765913964,4.5919955855378964e-05
P08,22,C,alpha,1799551287-α-3,P08-T22-Cα,4,59,B3,6,6,L1,L,False,59,True,L1,True,0.49676063223854644,False,0.7315089702606201,valid,False,0.49676063223854644,0.49676063223854644,0.00562999348413323,0.00026931011616657016,6.526452695699997e-06,0.0003338302269752121,0.00019555928152855873,3.793459770128623e-05,5.133889524370528e-06,4.4747418225588166e-07
P08,22,C,alpha,1799551287-α-3,P08-T22-Cα,5,64,E4,9,9,R3,R,False,64,True,R3,True,0.4503543815036,False,0.5105338096618652,valid,False,0.0002616316938306978,0.0002982076530855609,3.304234980969935e-05,6.15823411171871e-06,2.719301808390605e-07,0.007028932093835481,0.38376668903201233,0.4503543815036,0.15293833291321648,0.005312352596317206
P08,22,C,alpha,1799551287-α-3,P08-T22-Cα,6,65,F4,10,10,R2,R,False,65,True,R2,True,0.7949846669925961,False,0.431318998336792,valid,False,3.7999411809488114e-05,3.075578500028071e-05,3.999135075640532e-06,7.75752391099739e-07,3.710802990311621e-08,0.05875665380344892,0.7949846669925961,0.13141008160708434,0.013989720748245758,0.0007853096563185354
P08,22,C,alpha,1799551287-α-3,P08-T22-Cα,7,64,E4,9,9,R1,R,False,64,True,R1,True,0.5438817095835901,False,0.6318728923797607,valid,False,0.00021336801315200593,0.00017529794280482416,2.897655505316868e-05,5.400475777183905e-06,2.032104894248103e-07,0.5438817095835901,0.411056953378422,0.0403960406961024,0.003969863763425692,0.00027218638118323764
P08,22,C,alpha,1799551287-α-3,P08-T22-Cα,8,64,E4,9,9,R1,R,False,64,True,R1,True,0.7044666750629661,False,0.43837499618530273,valid,False,0.00030602896200241655,0.0003819143261046108,3.464648599611552e-05,8.208714273271174e-06,3.346052856072054e-07,0.7044666750629661,0.25915880674606806,0.03237676471991769,0.0030570213512287944,0.00020959902615721906
P08,22,C,alpha,1799551287-α-3,P08-T22-Cα,9,62,D4,8,8,R2,R,False,62,True,R2,True,0.7938761246984135,False,0.4384639263153076,valid,False,0.0025429878431274225,0.00420774735676707,0.00035237033613271115,7.404571804262082e-05,4.156538821205653e-06,0.04281666666470268,0.7938761246984135,0.14215633956864915,0.0134224333108412,0.0005471279645025262
P08,22,C,alpha,1799551287-α-3,P08-T22-Cα,10,57,A3,5,5,L2,L,False,57,True,L2,True,0.8515087894170179,False,0.6583011150360107,valid,False,0.06324460467095763,0.8515087894170179,0.07130809264588701,0.012768865465014864,0.0007167772345395701,0.0002357032732712186,0.0001839686019195473,2.9217419841351217e-05,3.65013846067508e-06,3.3113309037540983e-07
P08,22,C,alpha,1799551287-α-3,P08-T22-Cα,11,59,B3,6,6,L1,L,False,59,True,L2,True,0.4631493790006405,False,0.7109761238098145,valid,False,0.4631493790006405,0.5221994666341652,0.012158756805019596,0.0008009551186610211,2.673049140117926e-05,0.0008348864851324737,0.0006825289296076846,0.00012720563037290665,1.8649231034848046e-05,1.4416739646160575e-06
P08,22,C,alpha,1799551287-α-3,P08-T22-Cα,12,64,E4,9,9,R2,R,False,64,True,R2,True,0.8017727476650779,False,0.3990662097930908,valid,False,0.0006845207102580687,0.00043466711691675277,4.8162489390626e-05,8.976234643686871e-06,6.939054892883684e-07,0.059550530883823546,0.8017727476650779,0.12234258835920163,0.014109173810634784,0.0010479388245638144
P08,22,C,alpha,1799551287-α-3,P08-T22-Cα,13,65,F4,10,10,R3,R,False,65,True,R3,True,0.4332224871702301,True,0.43027305603027344,valid,False,3.071884316936556e-05,1.676019453695774e-05,2.011753444439856e-06,3.602369398435236e-07,3.684654962152762e-08,0.03349015192489539,0.4884569903178209,0.4332224871702301,0.04257432717865803,0.0022061555337554097
P08,22,C,alpha,1799551287-α-3,P08-T22-Cα,14,67,G4,11,11,R4,R,False,67,True,R4,True,0.2468805106081436,True,0.4928288459777832,valid,False,4.416546064046946e-06,2.4514010931142745e-06,3.1875252398361295e-07,5.70777866068115e-08,4.7798779601174334e-09,0.030399633865145388,0.3399860056319123,0.3683024430915162,0.2468805106081436,0.014424158245936795
P08,22,C,alpha,1799551287-α-3,P08-T22-Cα,15,65,F4,10,10,R5,R,False,65,True,R5,True,0.2937239291206093,True,0.712066650390625,valid,False,4.863088399591567e-05,2.7395960857618186e-05,3.5622614735919114e-06,6.910076312985735e-07,6.268679801877155e-08,0.042377911881549955,0.02096051248113663,0.14880553355688672,0.4940517701590607,0.2937239291206093
P08,22,C,alpha,1799551287-α-3,P08-T22-Cα,16,60,C4,7,7,L1,L,False,60,True,L1,True,0.49084088288101835,False,0.5436811447143555,valid,False,0.49084088288101835,0.49084088288101835,0.013958937830808846,0.0010790920658748356,2.2284141607354286e-05,0.0015058786323915068,0.0011689664797928637,0.0004848673201466525,9.405458326751903e-05,4.153184073987868e-06
P08,22,C,alpha,1799551287-α-3,P08-T22-Cα,17,59,B3,6,6,L2,L,False,59,True,L2,True,0.902139364401075,False,0.4681663513183594,valid,False,0.03983591985189294,0.902139364401075,0.0527080931579243,0.004413945735858533,0.00011133284221961829,0.0003290341326076616,0.0003278395438461144,0.00011133284221961829,2.159634944212674e-05,1.5411429139735158e-06
P08,22,C,alpha,1799551287-α-3,P08-T22-Cα,18,60,C4,7,7,L1,L,False,60,True,L1,True,0.34490644318432595,True,0.5620510578155518,valid,False,0.34490644318432595,0.6284605145019813,0.02015138863849151,0.0012754170218325003,3.4849140709103695e-05,0.0017128467895001825,0.002517517258702848,0.0007892068707368015,0.00014132023424812275,1.0496359471695934e-05
P08,22,C,alpha,1799551287-α-3,P08-T22-Cα,19,59,B3,6,6,L2,L,False,59,True,L2,True,0.838189063649491,False,0.4247279167175293,valid,False,0.05746888598142991,0.838189063649491,0.0928739955571309,0.010290732037459465,0.00022118489196229873,0.0003165163088058382,0.0004544095877400271,0.00015431546280667458,2.876038636764164e-05,2.13613680635149e-06
P08,22,C,alpha,1799551287-α-3,P08-T22-Cα,20,60,C4,7,7,L4,L,False,60,True,L4,True,0.5394821430300331,False,0.9206850528717041,valid,False,0.03553825368953302,0.021642294660693392,0.36162569495129715,0.5394821430300331,0.03698859733604836,0.0014051548610724562,0.002436614766089288,0.0007338942642058983,0.00013677879201257054,1.057364901467984e-05
P08,22,C,alpha,1799551287-α-3,P08-T22-Cα,21,59,B3,6,6,L3,L,False,59,True,L3,True,0.5126131675766884,False,0.5118739604949951,valid,False,0.011467552222324482,0.37506956460664204,0.5126131675766884,0.09943672392539409,0.0008183390852892309,0.00018892113480587156,0.00028924578112534413,9.822657308184227e-05,1.6899377389670477e-05,1.3597172590848269e-06
P08,22,C,alpha,1799551287-α-3,P08-T22-Cα,22,64,E4,9,9,R4,R,False,64,True,R4,True,0.4564634318650382,False,0.6126918792724609,valid,False,0.0006839257660559029,0.0008216083900172054,8.074240244961746e-05,1.9910831305427024e-05,2.7561890962192355e-07,0.038225720149261865,0.1081488578321329,0.37372064932342275,0.4564634318650382,0.02183487782140665
P08,22,C,alpha,1799551287-α-3,P08-T22-Cα,23,62,D4,8,8,R2,R,False,62,True,R2,True,0.7791305890026016,False,0.48286890983581543,valid,False,0.0038466740388488295,0.004298124086418135,0.000457571861876517,8.875980911792894e-05,2.15100236015357e-06,0.028324452309855683,0.7791305890026016,0.16372344092534444,0.019651991239768376,0.0004762457238083502
P08,22,C,alpha,1799551287-α-3,P08-T22-Cα,24,64,E4,9,9,R1,R,False,64,True,R1,True,0.5515085277059931,False,0.6225981712341309,valid,False,0.0003924270932997216,0.0003800917155484373,3.183010628089757e-05,6.688653479770598e-06,5.829887324309496e-07,0.5515085277059931,0.4168211785143741,0.02857857471724883,0.00220925930075637,7.083920428640263e-05
P08,22,C,alpha,1799551287-α-3,P08-T22-Cα,25,65,F4,10,10,R2,R,False,65,True,R2,True,0.6452821909076683,False,0.5348029136657715,valid,False,7.124547828541237e-05,6.264244010735826e-05,5.682793955594145e-06,1.1941599952720083e-06,9.23142284822746e-08,0.074417246770133,0.6452821909076683,0.25715723994943834,0.02241404399360608,0.0005884211925822091
P08,22,C,alpha,1799551287-α-3,P08-T22-Cα,26,64,E4,9,9,R1,R,False,64,True,R1,True,0.6785685952458118,False,0.5586791038513184,valid,False,0.0007234266688785158,0.0008187189409558982,7.136024000176767e-05,1.1333249643452864e-05,3.782275998787215e-07,0.6785685952458118,0.28145865771173834,0.03516268983305564,0.0030648099855426817,0.00012002989677212166
P08,22,C,alpha,1799551287-α-3,P08-T22-Cα,27,65,F4,10,10,R2,R,False,65,True,R2,True,0.626073996574724,False,0.8344738483428955,valid,False,0.00015011078106217838,0.00020178925253281764,1.758812306663713e-05,3.277968426999623e-06,1.3361721765600297e-07,0.10348933557824724,0.626073996574724,0.24950240876290838,0.020074865692124706,0.00048649364968951785
P08,22,C,alpha,1799551287-α-3,P08-T22-Cα,28,60,C4,7,7,L4,L,False,60,True,L4,True,0.519483030133002,False,0.6992318630218506,valid,False,0.00843874958534343,0.050666264775314926,0.40863982485389533,0.519483030133002,0.010307112018961458,0.001810451465006282,0.0005131608907632662,0.00012158205969186185,1.8552219346520955e-05,1.2719986749594936e-06
P08,22,C,alpha,1799551287-α-3,P08-T22-Cα,29,64,E4,9,9,R2,R,False,64,True,R2,True,0.7332577435307345,False,0.4750218391418457,valid,False,0.0008531387388751486,0.0011246785577247987,9.049119447416867e-05,1.755348573105255e-05,3.6249396516165253e-07,0.04628832661645745,0.7332577435307345,0.1958790287368808,0.021704015040992754,0.0007846616041643041
P08,23,C,beta,1799551287-β-9,P08-T23-Cβ,0,62,D4,8,8,R4,R,False,62,True,R4,True,0.4772109842013525,False,0.9349958896636963,valid,False,0.0001128819692775774,8.785730699327661e-05,1.3406155765619079e-05,3.305917309929926e-06,1.40255991824668e-07,0.02024602965650259,0.08210169879178561,0.40665237621363537,0.4772109842013525,0.013571319531385736
P08,23,C,beta,1799551287-β-9,P08-T23-Cβ,1,67,G4,11,11,R2,R,False,67,True,R2,True,0.7321086666077561,False,1.0267350673675537,valid,False,5.889467623934152e-07,4.247239857110606e-07,1.0062890199305896e-07,2.200873703683142e-08,1.508988430197239e-09,0.09908013375533953,0.7321086666077561,0.147810190581816,0.02000393400764777,0.0009959372300649984
P08,23,C,beta,1799551287-β-9,P08-T23-Cβ,2,64,E4,9,9,R3,R,False,64,True,R3,True,0.44634815680357404,True,0.6027309894561768,valid,False,1.7814356225671247e-05,1.7267990837929146e-05,3.6286277522132305e-06,7.326073082706248e-07,3.6474370143666375e-08,0.01889356915775122,0.44634815680357404,0.44634815680357404,0.08658263433321894,0.0017880028453874492
P08,23,C,beta,1799551287-β-9,P08-T23-Cβ,3,62,D4,8,8,R2,R,False,62,True,R2,True,0.7204067726619143,False,0.5050551891326904,valid,False,0.00012361375747470913,0.00013263106064442104,1.9444636885204807e-05,4.6069742355992825e-06,3.158686847001804e-07,0.051409141894173,0.7204067726619143,0.2084743505047635,0.018912366391131745,0.0005167562500927878
P08,23,C,beta,1799551287-β-9,P08-T23-Cβ,4,59,B3,6,6,L4,L,False,59,True,L4,True,0.47432451696871814,False,0.6490981578826904,valid,False,0.011494765092642883,0.04461927095795228,0.4557259866345713,0.47432451696871814,0.01196387535523328,0.001430509877480858,0.0003541239529339683,7.441421618762865e-05,1.1818274280683138e-05,7.186699991303439e-07
P08,23,C,beta,1799551287-β-9,P08-T23-Cβ,5,59,B3,6,6,L4,L,False,59,True,L3,True,0.4604083052945611,False,0.6034989356994629,valid,False,0.008102022452344954,0.052299224136529376,0.4604083052945611,0.4604083052945611,0.017324361947780538,0.001134263468965256,0.00025978880045370365,5.4590997869300805e-05,8.670001770210731e-06,4.6760516436807877e-07
P08,23,C,beta,1799551287-β-9,P08-T23-Cβ,6,60,C4,7,7,R4,R,False,60,True,R4,True,0.5207121294545205,False,0.7091891765594482,valid,False,0.000931813351930583,0.0007986738250111259,5.475959658322463e-05,1.3503550264090357e-05,7.580185914935166e-07,0.02626645374474926,0.10942040111015694,0.3222080176184665,0.5207121294545205,0.01959348972972629
P08,23,C,beta,1799551287-β-9,P08-T23-Cβ,7,64,E4,9,9,R5,R,False,64,True,R5,True,0.7816331118950459,False,0.7869441509246826,valid,False,5.069892826747755e-05,4.695270145890845e-05,6.1051992429614595e-06,1.0503681723678955e-06,4.2815321694443915e-08,0.025027879865477925,0.004485120427411749,0.010819883043566542,0.1779291547560343,0.7816331118950459
P08,23,C,beta,1799551287-β-9,P08-T23-Cβ,8,60,C4,7,7,L2,L,False,60,True,L2,True,0.8727088404794754,False,0.4906198978424072,valid,False,0.030048759108929745,0.8727088404794754,0.048989303783567195,0.002979042631044549,7.219402333167662e-05,0.019523170367225163,0.019523170367225163,0.005215328011379434,0.0008972703975103158,4.2920830311321396e-05
P08,23,C,beta,1799551287-β-9,P08-T23-Cβ,9,59,B3,6,6,L1,L,False,59,True,L2,True,0.48349627420053626,False,0.5989959239959717,valid,False,0.48349627420053626,0.5032281314697954,0.009984597034524638,0.0008033567509503997,3.999677748335263e-05,0.0010743353387416262,0.0011063248864005225,0.00022336314233509827,4.1629076937648896e-05,1.991322295057919e-06
P08,23,C,beta,1799551287-β-9,P08-T23-Cβ,10,60,C4,7,7,R4,R,False,60,True,R4,True,0.5600143619039473,False,0.6328020095825195,valid,False,0.005543818129955557,0.006098009641502499,0.00037082034818894974,5.889273324744113e-05,1.8883769596768447e-06,0.01786926450950349,0.10608404764161958,0.2837127917093126,0.5600143619039473,0.02024610500576307
P08,23,C,beta,1799551287-β-9,P08-T23-Cβ,11,64,E4,9,9,R5,R,False,64,True,R5,True,0.7886122240568811,False,0.7360258102416992,valid,False,0.00013361854472495013,0.00010129428582925004,4.845400969035923e-06,9.782695839362824e-07,3.681057913100388e-08,0.02008257258214016,0.005774939789438895,0.012810622662790214,0.17247886759706324,0.7886122240568811
P08,23,C,beta,1799551287-β-9,P08-T23-Cβ,12,62,D4,8,8,R4,R,False,62,True,R4,True,0.6504603048438968,False,0.6643729209899902,valid,False,0.0009349123123038272,0.001268303617791393,6.314511893018927e-05,1.3269067207495003e-05,3.4834411643498986e-07,0.022163562063104367,0.08249475814598745,0.2208934091346305,0.6504603048438968,0.021707987352031367
P08,23,C,beta,1799551287-β-9,P08-T23-Cβ,13,57,A3,5,5,L2,L,False,57,True,L2,True,0.8634413568447658,False,0.5513370037078857,valid,False,0.06674810997889517,0.8634413568447658,0.06161627141193105,0.007697733862377997,0.00012014282710967761,9.692054738585196e-05,0.0002189145040086104,5.186692277776836e-05,8.573544670640002e-06,1.0955607733204926e-07
P08,23,C,beta,1799551287-β-9,P08-T23-Cβ,14,60,C4,7,7,L1,L,False,60,True,L1,True,0.4820071564390124,False,0.5938220024108887,valid,False,0.4820071564390124,0.4820071564390124,0.013404058471592158,0.00037387695798142654,5.845746134879025e-06,0.005500993259437156,0.013170229760148299,0.002880485802436249,0.0006299964851898968,2.0200639055272333e-05
P08,23,C,beta,1799551287-β-9,P08-T23-Cβ,15,64,E4,9,9,R5,R,False,64,True,R5,True,0.8471774704539454,False,0.7229580879211426,valid,False,5.36901039792149e-05,6.733401146650681e-05,9.871634869154727e-06,8.266825458114118e-07,1.3429056554341355e-08,0.008689614237943769,0.003003088184004288,0.011727191450772438,0.1292708998114169,0.8471774704539454
P08,23,C,beta,1799551287-β-9,P08-T23-Cβ,16,59,B3,6,6,L2,L,False,59,True,L2,True,0.8995132043438318,False,0.5443933010101318,valid,False,0.056341906529150186,0.8995132043438318,0.03816251430599254,0.0031958520446921396,5.403375867676023e-05,0.001235451446741213,0.0011756882642679559,0.0002676309587379347,5.1915064694336483e-05,1.8032832152906337e-06
P08,23,C,beta,1799551287-β-9,P08-T23-Cβ,17,57,A3,5,5,L1,L,False,57,True,L1,True,0.4982595210465604,False,0.6227519512176514,valid,False,0.4982595210465604,0.4982595210465604,0.0030991288872367294,0.0002301833918024788,1.3448617960027446e-05,5.474777962343654e-05,7.215931239876347e-05,9.382782369084822e-06,1.8200725207613107e-06,8.706296790204429e-08
P08,23,C,beta,1799551287-β-9,P08-T23-Cβ,18,52,E3,2,2,L3,L,False,52,True,L3,True,0.4473045200381968,True,0.706916093826294,valid,False,0.05350879886524856,0.4473045200381968,0.4473045200381968,0.05158544791427751,0.0002961881500737384,2.50253117818566e-07,2.3015435062389076e-07,3.6552521573396094e-08,7.681003275914662e-09,3.530132008799106e-10
P08,23,C,beta,1799551287-β-9,P08-T23-Cβ,19,55,G3,4,4,L2,L,False,55,True,L2,True,0.8724781437646832,False,0.5880448818206787,valid,False,0.05747428346290239,0.8724781437646832,0.06480207365120304,0.005009507483793843,0.000188499034077666,1.733546890111714e-05,2.5510570166728834e-05,3.8926605996595565e-06,7.254906333305056e-07,2.8413039059053658e-08
P08,23,C,beta,1799551287-β-9,P08-T23-Cβ,20,60,C4,7,7,R4,R,False,60,True,R4,True,0.6625553905252521,False,0.7069549560546875,valid,False,0.0006374979552711293,0.0004215167188110981,2.4627395011709665e-05,3.0767056847111985e-06,3.023588994858916e-07,0.015426767696978469,0.05144343772567951,0.21617843674696696,0.6625553905252521,0.05330894617144468
P08,23,C,beta,1799551287-β-9,P08-T23-Cβ,21,57,A3,5,5,L1,L,False,57,True,L1,True,0.49534297954113143,False,0.5248138904571533,valid,False,0.49534297954113143,0.49534297954113143,0.008716784418747762,0.00038490851765679953,1.5689719509737047e-05,7.605673890616387e-05,9.87909191978357e-05,1.8412056407488722e-05,3.29697601601813e-06,1.0157129529059257e-07
P08,23,C,beta,1799551287-β-9,P08-T23-Cβ,22,60,C4,7,7,L2,L,False,60,True,L2,True,0.8749513559849273,False,0.5003302097320557,valid,False,0.019573337169981542,0.8749513559849273,0.07039824202751742,0.0028695875012440587,3.666870148515927e-05,0.008827059233805603,0.01806846749494709,0.004455629227331555,0.0007978523622601247,2.1800296500312375e-05
P08,23,C,beta,1799551287-β-9,P08-T23-Cβ,23,64,E4,9,9,R2,R,False,64,True,R2,True,0.6080657356237549,False,0.5075559616088867,valid,False,0.00012813079305192823,5.9029556311741e-05,2.9389085558173234e-06,3.2564035012264507e-07,1.2753344512200693e-08,0.07906600373249859,0.6080657356237549,0.27322154710299806,0.03848555568653323,0.0009707202026011628
P08,23,C,beta,1799551287-β-9,P08-T23-Cβ,24,59,B3,6,6,L1,L,False,59,True,L1,True,0.49492889117047395,False,0.49407482147216797,valid,False,0.49492889117047395,0.49492889117047395,0.008039879520357,0.0002577962068941595,6.50238723910841e-06,0.001139063382910928,0.0005512394989360592,0.00012548288528365577,2.1588685910750033e-05,6.650915205094381e-07
P08,23,C,beta,1799551287-β-9,P08-T23-Cβ,25,62,D4,8,8,R1,R,False,62,True,R1,True,0.7263336817089108,False,0.6568999290466309,valid,False,0.0011756405397174783,0.0015342006955593147,6.008527510167798e-05,8.46351697142895e-06,1.9706233182128627e-07,0.7263336817089108,0.24665966843356146,0.022376460279337807,0.0018004011945220526,5.120129398622103e-05
P08,23,C,beta,1799551287-β-9,P08-T23-Cβ,26,60,C4,7,7,L3,L,False,60,True,L3,True,0.6800477433628679,False,0.5584268569946289,valid,False,0.0034297073093710684,0.1919532672124172,0.6800477433628679,0.11241113591548087,0.00022813060308768062,0.004890959212765533,0.005825023341296331,0.0010430644912204686,0.00016565681775915962,5.311733733862234e-06
P08,23,C,beta,1799551287-β-9,P08-T23-Cβ,27,64,E4,9,9,R3,R,False,64,True,R3,True,0.4438105219739138,True,0.5173439979553223,valid,False,0.00010259791398607695,4.667240067586039e-05,9.422995182907618e-06,1.4965358411673005e-06,1.765304477501418e-08,0.017381348726413053,0.4438105219739138,0.4438105219739138,0.09326059944515891,0.0015768003818697298
P08,23,C,beta,1799551287-β-9,P08-T23-Cβ,28,62,D4,8,8,R4,R,False,62,True,R4,True,0.49609961242911427,False,0.6062560081481934,valid,False,0.0014034002968889073,0.00273676547107966,0.00019529905849432556,4.103937686120589e-05,3.808049478116129e-07,0.01855398951835986,0.08879334332773303,0.3749440212164113,0.49609961242911427,0.017232148500109724
P08,23,C,beta,1799551287-β-9,P08-T23-Cβ,29,64,E4,9,9,R5,R,False,64,True,R5,True,0.7928996795270006,False,0.717155933380127,valid,False,0.0004360807477481577,0.000752538369793632,7.105484083969622e-05,1.1284746934597466e-05,1.4420087085719693e-07,0.01669875271380965,0.009047491773854003,0.019999288663569256,0.16008368441557955,0.7928996795270006
P08,24,B,alpha,1799551287-α-5,P08-T24-Bα,0,60,C4,7,7,R5,R,False,60,True,R5,True,0.9078738067144024,False,1.13981294631958,valid,False,0.0007213539532406957,0.00043653155714683565,6.932881832050654e-05,1.516303667504527e-05,2.052093863144397e-06,0.006991750605059856,0.0012350425087812075,0.00662668970758047,0.0760282810049299,0.9078738067144024
P08,24,B,alpha,1799551287-α-5,P08-T24-Bα,1,62,D4,8,8,R4,R,False,62,True,R4,True,0.7031929052173262,False,0.6391370296478271,valid,False,0.000166624064010814,0.0001347453277907249,1.5539521236778757e-05,3.5373806929314877e-06,2.7345629631620833e-07,0.029833480126402866,0.028663692638608587,0.16007320743156966,0.7031929052173262,0.07791599483606503
P08,24,B,alpha,1799551287-α-5,P08-T24-Bα,2,59,B3,6,6,L1,L,False,59,True,L1,True,0.5056230681023297,False,0.6787331104278564,valid,False,0.5056230681023297,0.48579730402451426,0.0059642986255032384,0.00039289670728075865,9.521446170919815e-06,0.0011215221448584382,0.0009472345562354694,0.0001231676882467959,2.0359481932018357e-05,6.272229282935583e-07
P08,24,B,alpha,1799551287-α-5,P08-T24-Bα,3,57,A3,5,5,L2,L,False,57,True,L3,False,0.30447043229841636,False,2.1035447120666504,valid,False,0.015648032363318874,0.30447043229841636,0.635215957992144,0.04355240964907269,0.000305429905804144,0.0003821623228522484,0.0003584253147871673,5.692418594606074e-05,9.79351381932803e-06,4.3245383914065764e-07
P08,24,B,alpha,1799551287-α-5,P08-T24-Bα,4,59,B3,6,6,L3,L,False,59,True,L3,True,0.6195499009560075,False,1.022435188293457,valid,False,0.008161062161234018,0.30291477502418657,0.6195499009560075,0.06337017013997504,0.00023433425286796373,0.0025064242447024607,0.0027982472756554683,0.0003941566925954454,6.781263450252747e-05,3.1166182731494904e-06
P08,24,B,alpha,1799551287-α-5,P08-T24-Bα,5,57,A3,5,5,L4,L,False,57,True,L4,True,0.773556532736238,False,1.3212711811065674,valid,False,0.02113644399777495,0.007335743305538662,0.18327701551511025,0.773556532736238,0.013612639746751224,0.00043643832990236865,0.0005548811980410888,7.509500409956173e-05,1.4566932071067674e-05,6.432344728203612e-07
P08,24,B,alpha,1799551287-α-5,P08-T24-Bα,6,59,B3,6,6,L3,L,False,59,True,L3,True,0.7072936418826082,False,1.3627889156341553,valid,False,0.0039018309398399075,0.23260245921856523,0.7072936418826082,0.050473372233902795,0.00038344691688010376,0.002106268167563047,0.0027222150750577864,0.00043233519153013523,8.057602862723117e-05,3.854345425264971e-06
P08,24,B,alpha,1799551287-α-5,P08-T24-Bα,7,57,A3,5,5,L2,L,False,57,True,L2,True,0.9112779100875738,False,0.8970003128051758,valid,False,0.041881655348319426,0.9112779100875738,0.041881655348319426,0.003954475245818928,8.49959144626586e-05,0.0004154164083907323,0.0004209875202746616,6.958876905656414e-05,1.2460992812861471e-05,8.54364971143569e-07
P08,24,B,alpha,1799551287-α-5,P08-T24-Bα,8,60,C4,7,7,R3,R,False,60,True,R3,True,0.4954230233526414,False,1.2645552158355713,valid,False,0.0021849929105082883,0.0034743659093733575,0.0001800378792855603,2.6394806550446688e-05,5.031672139761442e-07,0.008257511617879191,0.3653226976007465,0.4954230233526414,0.12216981342553297,0.002960659330268449
P08,24,B,alpha,1799551287-α-5,P08-T24-Bα,9,62,D4,8,8,R2,R,False,62,True,R2,True,0.780658238540029,False,0.7085220813751221,valid,False,0.000693895021263655,0.0008694777450461846,4.689414081593955e-05,6.346431829462779e-06,1.3105905423789221e-07,0.0474848847602206,0.780658238540029,0.15143211812672802,0.018176643747690457,0.0006313704273222909
P08,24,B,alpha,1799551287-α-5,P08-T24-Bα,10,64,E4,9,9,R1,R,False,64,True,R1,True,0.7673247512058542,False,0.7629339694976807,valid,False,0.0001290217154607391,0.000179588010180559,7.930098011700452e-06,1.1170210836772456e-06,2.4008805866619003e-08,0.7673247512058542,0.20497952911924683,0.02460402669169477,0.0025166033521679095,0.00025740877749415693
P08,24,B,alpha,1799551287-α-5,P08-T24-Bα,11,59,B3,6,6,L1,L,False,59,True,L1,True,0.4969849749875773,False,0.8119618892669678,valid,False,0.4969849749875773,0.4969849749875773,0.0039296870600565885,0.0003710419293021641,1.2382882473201353e-05,0.0014126322596151122,0.00025886717005384126,3.950056885550088e-05,5.345820674066534e-06,5.92333814725232e-07
P08,24,B,alpha,1799551287-α-5,P08-T24-Bα,12,62,D4,8,8,R2,R,False,62,True,R2,True,0.6496567297724655,False,0.771522045135498,valid,False,0.0014700114247038507,0.001428241711498987,6.0594213052442506e-05,1.1754068010496104e-05,4.422850896279625e-07,0.058935528865651,0.6496567297724655,0.25890057698302427,0.02868700163154965,0.0008491190449542663
P08,24,B,alpha,1799551287-α-5,P08-T24-Bα,13,60,C4,7,7,R3,R,False,60,True,R3,True,0.5083510536636221,False,1.0205986499786377,valid,False,0.007859789546307262,0.01008624141914039,0.0009523451660070246,0.0001922751729458604,1.1692265308112388e-05,0.006459086451038882,0.3655210278903005,0.5083510536636221,0.09860995888828887,0.001956529537040999
P08,24,B,alpha,1799551287-α-5,P08-T24-Bα,14,57,A3,5,5,L3,L,False,57,True,L3,True,0.5169227702120146,False,0.9301140308380127,valid,False,0.029017337109414846,0.39068182531449464,0.5169227702120146,0.06204708192320165,0.0005757357348172319,0.00040861123989819676,0.00028024066775905965,5.657961502105126e-05,9.352547458985144e-06,4.6563591975418554e-07
P08,24,B,alpha,1799551287-α-5,P08-T24-Bα,15,55,G3,4,4,L4,L,False,55,True,L4,True,0.30696062385988954,True,0.8202950954437256,valid,False,0.020138222132674025,0.2106209273214594,0.45793143987755536,0.30696062385988954,0.00424915218994739,5.53168724541708e-05,3.6396577929612825e-05,6.78337494297018e-06,1.0773181487607023e-06,6.047499877759006e-08
P08,24,B,alpha,1799551287-α-5,P08-T24-Bα,16,60,C4,7,7,R3,R,False,60,True,R2,True,0.40227586505059754,False,0.8381247520446777,valid,False,0.004902736019668113,0.008646357074148734,0.0007536238446271293,0.000185841352039051,2.4716683394896753e-06,0.01639765086676618,0.5322631898322773,0.40227586505059754,0.03368787851722797,0.0008843857743085785
P08,24,B,alpha,1799551287-α-5,P08-T24-Bα,17,55,G3,4,4,L4,L,False,55,True,L3,False,0.12244552445176168,False,1.1370110511779785,valid,False,0.04202621894029296,0.25155615192840747,0.5826963631330901,0.12244552445176168,0.001048820534925588,8.947744203775929e-05,0.00011621262782502774,1.7732897170106353e-05,3.304950552290723e-06,1.9309393699733034e-07
P08,24,B,alpha,1799551287-α-5,P08-T24-Bα,18,57,A3,5,5,L3,L,False,57,True,L2,False,0.0732632681922578,False,0.528285026550293,valid,False,0.07625319888704842,0.8405524609200784,0.0732632681922578,0.007799497957683853,0.00015475057793692788,0.0007509006528538485,0.0009743929348958539,0.00021311131742397883,3.6664707585359344e-05,1.7538522356827595e-06
P08,24,B,alpha,1799551287-α-5,P08-T24-Bα,19,62,D4,8,8,R1,R,False,62,True,R1,True,0.5455088094305883,False,0.7317860126495361,valid,False,0.0013104025373462086,0.0014073647082962681,0.00013288368987593254,2.9063242557938137e-05,4.536062415655294e-07,0.5455088094305883,0.39612069668323724,0.049487442692887136,0.005707145318421394,0.0002957380905479882
P08,24,B,alpha,1799551287-α-5,P08-T24-Bα,20,64,E4,9,9,R2,R,False,64,True,R2,True,0.6815742387975962,False,0.5528171062469482,valid,False,0.00026092968169995817,0.0003148701899807005,2.6368245351811393e-05,6.247369271584951e-06,8.308928375872161e-08,0.11266346391371677,0.6815742387975962,0.18207254009334045,0.021854463494621154,0.0012267951251377915
P08,24,B,alpha,1799551287-α-5,P08-T24-Bα,21,62,D4,8,8,R3,R,False,62,True,R2,True,0.4549333936823889,False,0.6230151653289795,valid,False,0.0010535195575367966,0.0013773357548730405,0.00013004834939136,2.844311989040527e-05,3.937284973281037e-07,0.010592551026371555,0.4549333936823889,0.4549333936823889,0.07519998419057222,0.0017509369080896437
P08,24,B,alpha,1799551287-α-5,P08-T24-Bα,22,59,B3,6,6,L3,L,False,59,True,L2,False,0.13056674373523036,False,0.6629068851470947,valid,False,0.024334243168453607,0.8221184975465405,0.13056674373523036,0.01232814108549486,0.0001190614589133347,0.003236123222963101,0.005539390863436366,0.001540157281824935,0.00020843762196470926,9.204015178095933e-06
P08,24,B,alpha,1799551287-α-5,P08-T24-Bα,23,57,A3,5,5,L4,L,False,57,True,L3,True,0.4736203277332068,False,1.4079160690307617,valid,False,0.007409139732749912,0.037866422761497154,0.4736203277332068,0.4736203277332068,0.006299095202185701,0.0004411284784381818,0.0005714410243174451,0.00014666649728445124,2.4243808940474114e-05,1.2070281732168157e-06
P08,24,B,alpha,1799551287-α-5,P08-T24-Bα,24,55,G3,4,4,L5,L,False,55,True,L5,True,0.47130071974650667,False,0.8463637828826904,valid,False,0.003441750663194605,0.008024445680448787,0.09903728160162358,0.41800624018268234,0.47130071974650667,7.08864967911399e-05,9.03103110100646e-05,2.412507220230346e-05,3.9878476133062685e-06,2.523979273949265e-07
P08,24,B,alpha,1799551287-α-5,P08-T24-Bα,25,57,A3,5,5,L4,L,False,57,True,L3,True,0.4660292747008521,False,0.882368803024292,valid,False,0.013595419409698542,0.0439429811462372,0.4660292747008521,0.4660292747008521,0.009246530992989775,0.0004104879889716872,0.0005622821287497271,0.00015633540517064943,2.5842068664379606e-05,1.5714578138461083e-06
P08,24,B,alpha,1799551287-α-5,P08-T24-Bα,26,55,G3,4,4,L5,L,False,55,True,L5,True,0.5120869554000962,False,0.8395183086395264,valid,False,0.0019461381240231587,0.005040467731550672,0.06146663119614726,0.4192613386361317,0.5120869554000962,6.605821932017534e-05,0.00010213032812145838,2.6212849366175075e-05,3.842986214355402e-06,2.245290288661103e-07
P08,24,B,alpha,1799551287-α-5,P08-T24-Bα,27,53,F3,3,3,L4,L,False,53,True,L3,False,0.1252096732238488,True,1.0342330932617188,valid,False,0.073561871354313,0.3994105031083888,0.3994105031083888,0.1252096732238488,0.002386886311081574,7.264656370993102e-06,1.0357853216094164e-05,2.454062947247598e-06,4.573734689295278e-07,2.8947975649332963e-08
P08,24,B,alpha,1799551287-α-5,P08-T24-Bα,28,64,E4,9,9,R2,R,False,64,True,R2,True,0.7713140877334805,False,1.0128378868103027,valid,False,8.126254355103897e-05,8.111362477284549e-05,1.8464518039722506e-05,3.4413056427144968e-06,6.055828112139754e-08,0.06205962817941021,0.7713140877334805,0.14961953935810127,0.015928272385976217,0.0008941297927442562
P08,24,B,alpha,1799551287-α-5,P08-T24-Bα,29,65,F4,10,10,R1,R,False,65,True,R1,True,0.6425150086719287,False,0.6958739757537842,valid,False,1.1322632520777821e-05,1.0310321236256794e-05,2.754250776812378e-06,5.133206682841565e-07,8.678951567838082e-09,0.6425150086719287,0.3004826984058417,0.049669455976307925,0.006722029892762101,0.0005858978490060353
P08,25,C,gamma,1799551287-γ-2,P08-T25-Cγ,0,65,F4,10,10,R1,R,False,65,True,R1,True,0.75365617183896,False,0.5863852500915527,valid,False,1.216058711872537e-05,9.513306830067967e-06,1.7035112079603683e-06,2.8158850874886057e-07,2.0914586128816178e-08,0.75365617183896,0.2180962018825562,0.025151970880047517,0.0027869178125467164,0.00028505767763774173
P08,25,C,gamma,1799551287-γ-2,P08-T25-Cγ,1,48,C3,0,0,L4,L,False,48,True,L4,True,0.10140026455856929,True,1.0878100395202637,valid,False,0.03904816283737296,0.23488022426033608,0.6134358533775507,0.10140026455856929,0.011235469571865705,2.271502414888318e-08,2.213524979459144e-09,3.9636739137761663e-10,6.295004889130755e-11,6.438795813551683e-12
P08,25,C,gamma,1799551287-γ-2,P08-T25-Cγ,2,53,F3,3,3,L1,L,False,53,True,L2,True,0.45890399704061535,False,0.8448128700256348,valid,False,0.45890399704061535,0.49712476529844607,0.03843010094933268,0.005413203335559356,0.00012109753683083288,5.7690795095224275e-06,8.839067665520487e-07,1.5827777979937877e-07,2.2294758129429352e-08,2.2804016491834662e-09
P08,25,C,gamma,1799551287-γ-2,P08-T25-Cγ,3,55,G3,4,4,L4,L,False,55,True,L3,True,0.4203900539596306,False,0.7701458930969238,valid,False,0.013333911266035838,0.06634001021967328,0.49333229837846015,0.4203900539596306,0.00656126211615964,3.252392985165347e-05,8.239488437681236e-06,1.4754134552968652e-06,2.0782440951877946e-07,1.7403886409896056e-08
P08,25,C,gamma,1799551287-γ-2,P08-T25-Cγ,4,62,D4,8,8,L2,L,False,62,True,L2,True,0.7886632850433395,False,0.5769877433776855,valid,False,0.011575265411595132,0.7886632850433395,0.051953000227350214,0.00220414453600131,1.5457506563564673e-05,0.10934250708396415,0.029676024624001998,0.005756556511589456,0.0007485176223007854,6.524143329403414e-05
P08,25,C,gamma,1799551287-γ-2,P08-T25-Cγ,5,55,G3,4,4,L5,L,False,55,True,L5,True,0.4725026724823751,False,0.6544439792633057,valid,False,0.0018690558051941773,0.005046894349567293,0.06655598032684105,0.453975577692315,0.4725026724823751,3.8038949219306154e-05,9.63881987909206e-06,1.8697386877805698e-06,2.530416148892359e-07,1.8794306174957025e-08
P08,25,C,gamma,1799551287-γ-2,P08-T25-Cγ,6,59,B3,6,6,L2,L,False,59,True,L2,True,0.8407721464537102,False,0.5299801826477051,valid,False,0.021165779669092517,0.8407721464537102,0.1232630502353923,0.010743712412317762,0.0004744119184434601,0.0027693921550932627,0.0006533258246203749,0.00013728732199972535,1.933807538936037e-05,1.5559339411207475e-06
P08,25,C,gamma,1799551287-γ-2,P08-T25-Cγ,7,59,B3,6,6,R4,R,False,59,True,R4,True,0.5194773746507965,False,0.7610077857971191,valid,False,0.0010241455513103183,0.0006021933278785688,4.1288273970015946e-05,7.103435472660197e-06,1.1281493382844905e-06,0.016915096218097152,0.12629364293756049,0.32144397185296925,0.5194773746507965,0.014194055602606575
P08,25,C,gamma,1799551287-γ-2,P08-T25-Cγ,8,52,E3,2,2,L5,L,False,52,True,L4,False,0.19440840797260842,True,1.1957640647888184,valid,False,0.00719820990949219,0.03091468467910159,0.383738427455504,0.383738427455504,0.19440840797260842,9.551121837323837e-07,7.391284338365495e-07,1.2716325074715378e-07,2.019574017905189e-08,9.281812061064614e-10
P08,25,C,gamma,1799551287-γ-2,P08-T25-Cγ,9,60,C4,7,7,R1,R,False,60,True,R1,True,0.6632253352775618,False,0.7588729858398438,valid,False,0.0008405849465089934,0.0007097196860076353,7.555569630088576e-05,2.3685666677290665e-05,6.585498822388076e-06,0.6632253352775618,0.3101682228517064,0.02303730375957716,0.0018535724010651032,5.9434215772559854e-05
P08,25,C,gamma,1799551287-γ-2,P08-T25-Cγ,10,57,A3,5,5,L1,L,False,57,True,L2,True,0.4817035704575584,False,0.6021459102630615,valid,False,0.4817035704575584,0.501362266099169,0.01484003989102977,0.0012427528083916932,7.865602287702002e-05,0.0005937270183516607,0.0001491696434284414,2.5663870990179165e-05,3.916052788522467e-06,2.3813541531371046e-07
P08,25,C,gamma,1799551287-γ-2,P08-T25-Cγ,11,50,D3,1,1,L3,L,False,50,True,L3,True,0.4205166362487516,True,0.8200111389160156,valid,False,0.057715939758588075,0.4205166362487516,0.4205166362487516,0.0996320641149618,0.0016184745043967732,1.6209175336747587e-07,7.059749057555764e-08,1.4253387526365594e-08,2.0896458453070822e-09,9.227284352873652e-11
P08,25,C,gamma,1799551287-γ-2,P08-T25-Cγ,12,55,G3,4,4,L3,L,False,55,True,L3,True,0.4375098361328887,True,0.7000749111175537,valid,False,0.026605000534389814,0.4375098361328887,0.4375098361328887,0.09568860182077835,0.002614568797520441,4.110017585037284e-05,2.5250714872847462e-05,4.8981347389102015e-06,8.770901196481184e-07,3.046595242384908e-08
P08,25,C,gamma,1799551287-γ-2,P08-T25-Cγ,13,69,A4,12,12,R5,R,False,69,True,R5,True,0.8222767330495564,False,0.8543670177459717,valid,False,1.8803893857575005e-07,1.9010709182809243e-07,1.4696179390201227e-08,4.252842379525383e-09,2.0343424526083978e-10,0.001405142211838547,0.0014800516659770543,0.021586691630999133,0.15325098414314234,0.8222767330495564
P08,25,C,gamma,1799551287-γ-2,P08-T25-Cγ,14,50,D3,1,1,L5,L,False,50,True,L5,True,0.42060303202412,True,0.7700212001800537,valid,False,0.0018578112358290967,0.004961407506977621,0.11694333158641469,0.45563382521660567,0.42060303202412,3.2490379661303973e-07,2.3444007933577857e-07,2.8140224511028594e-08,4.651547825978878e-09,2.944046875156451e-10
P08,25,C,gamma,1799551287-γ-2,P08-T25-Cγ,15,65,F4,10,10,R3,R,False,65,True,R3,True,0.6308429573101189,False,0.7846777439117432,valid,False,1.2329503964901557e-06,7.825575847685455e-07,7.690473979709403e-08,1.822086763215727e-08,2.1013237650970527e-09,0.020129304594630033,0.18255599584354665,0.6308429573101189,0.16191264355889398,0.004556985957897964
P08,25,C,gamma,1799551287-γ-2,P08-T25-Cγ,16,57,A3,5,5,L2,L,False,57,True,L2,True,0.9154859258827175,False,0.5230081081390381,valid,False,0.03037371868808908,0.9154859258827175,0.04743948936611276,0.005050337086431832,0.0001619374694760618,0.0005322480283345494,0.0008688845562956664,7.573271774889607e-05,1.1102943683040905e-05,6.232611104082449e-07
P08,25,C,gamma,1799551287-γ-2,P08-T25-Cγ,17,67,G4,11,11,R3,R,False,67,True,R3,True,0.4376025214274802,True,0.9086360931396484,valid,False,3.732165388732993e-07,4.4444289255179044e-07,2.2127508677087198e-08,3.376438889173104e-09,1.6810299381517593e-10,0.02657265835738479,0.4376025214274802,0.4376025214274802,0.09570887319645117,0.002512582259721649
P08,25,C,gamma,1799551287-γ-2,P08-T25-Cγ,18,62,D4,8,8,R5,R,False,62,True,R5,True,0.746018568882014,False,0.8197879791259766,valid,False,0.00011308856381029837,0.00011244967296591252,1.349751737167922e-05,2.5155859792208636e-06,1.1108115375867357e-07,0.02847703328687219,0.006390103664323833,0.01958473607508091,0.19928789567042832,0.746018568882014
P08,25,C,gamma,1799551287-γ-2,P08-T25-Cγ,19,64,E4,9,9,R3,R,False,64,True,R2,True,0.4278047416911648,False,0.5133252143859863,valid,False,9.731244243419e-06,9.839669857813327e-06,1.27943958708077e-06,2.481857452105694e-07,1.1871937696182868e-08,0.03669548970558411,0.4278047416911648,0.4278047416911648,0.10549535046086443,0.0021785660398508104
P08,25,C,gamma,1799551287-γ-2,P08-T25-Cγ,20,59,B3,6,6,L4,L,False,59,True,L3,True,0.46791953610403625,False,0.6203956604003906,valid,False,0.01211273633174296,0.04388297356440825,0.46791953610403625,0.46791953610403625,0.007303081261635243,0.0005856364335894608,0.00022498902623277936,4.3643380823621134e-05,7.5086195105774345e-06,3.591739845424531e-07
P08,25,C,gamma,1799551287-γ-2,P08-T25-Cγ,21,65,F4,10,10,R1,R,False,65,True,R1,True,0.7361605803973136,False,0.4910469055175781,valid,False,1.7317662224731543e-06,1.6639654081322885e-06,2.8627670204838633e-07,5.7798269326562656e-08,2.355984843885896e-09,0.7361605803973136,0.23077616886507596,0.028830915746689823,0.003901840148549184,0.00032675267978464186
P08,25,C,gamma,1799551287-γ-2,P08-T25-Cγ,22,60,C4,7,7,R3,R,False,60,True,R2,True,0.46073571888674,False,0.5528900623321533,valid,False,0.000441477323823556,0.0006523491206180969,6.944811171412333e-05,1.5809007613223844e-05,5.491299731046729e-07,0.011621125443170562,0.46073571888674,0.46073571888674,0.06489850582430869,0.0008292982652986707
P08,25,C,gamma,1799551287-γ-2,P08-T25-Cγ,23,65,F4,10,10,R1,R,False,65,True,R1,True,0.8032555410081239,False,0.42349696159362793,valid,False,2.4065382483385646e-06,2.500343631904984e-06,3.3838471361272186e-07,7.400875923002323e-08,2.469914301212334e-09,0.8032555410081239,0.1687929635576919,0.02474622361617211,0.0029703295201578095,0.00022962055258687043
P08,25,C,gamma,1799551287-γ-2,P08-T25-Cγ,24,53,F3,3,3,L5,L,False,53,True,L4,False,0.3455326719975177,False,0.6821370124816895,valid,False,0.010310231897133664,0.01115435525602237,0.13770134910782073,0.49526214246567213,0.3455326719975177,2.35401544468999e-05,1.3367715141891094e-05,2.0397810672290584e-06,2.873203401545293e-07,1.4304837418751474e-08
P08,25,C,gamma,1799551287-γ-2,P08-T25-Cγ,25,52,E3,2,2,L5,L,False,52,True,L4,False,0.1685484580076479,True,0.6693768501281738,valid,False,0.00872672407365147,0.010016678097886552,0.40635342792771173,0.40635342792771173,0.1685484580076479,1.0153588944933849e-06,2.2649748724653798e-07,3.597174794418033e-08,5.712940421061637e-09,4.243205271975504e-10
P08,25,C,gamma,1799551287-γ-2,P08-T25-Cγ,26,57,A3,5,5,R3,R,False,57,True,R3,True,0.5518000053005728,False,0.7815492153167725,valid,False,0.005585352026421675,0.005120159912066415,0.00046449042773716325,7.376917418451893e-05,1.2691607526914454e-05,0.0047833131745913735,0.32805644152125274,0.5518000053005728,0.10284116096643527,0.0012626158892111
P08,25,C,gamma,1799551287-γ-2,P08-T25-Cγ,27,62,D4,8,8,R5,R,False,62,True,R5,True,0.775060048834965,False,0.7690780162811279,valid,False,0.00015383526371400645,0.0001888014224227036,1.1949575893948438e-05,3.32242782311399e-06,3.137043766120274e-07,0.03729162117824181,0.008416404411889894,0.016005629573820467,0.1628680736068524,0.775060048834965
P08,25,C,gamma,1799551287-γ-2,P08-T25-Cγ,28,59,B3,6,6,L3,L,False,59,True,L3,True,0.6053802922418507,False,0.5382080078125,valid,False,0.00698739845925565,0.3066959428929681,0.6053802922418507,0.07563028837061425,0.00043424640296349255,0.003579012484500517,0.0010469245254174134,0.00020308246371584187,4.1001642290004436e-05,1.8105164240837253e-06
P08,25,C,gamma,1799551287-γ-2,P08-T25-Cγ,29,69,A4,12,12,R4,R,False,69,True,R4,True,0.34333220394111635,True,0.7467100620269775,valid,False,3.4593550897479676e-08,2.037297078967759e-08,4.637655976073144e-09,1.2894413480179986e-09,3.972434961101509e-11,0.032920024937672446,0.2493103492882297,0.35734385698913224,0.34333220394111635,0.017093503910505764
P08,26,A,alpha,1799551287-α-9,P08-T26-Aα,0,60,C4,7,7,L4,L,False,60,True,R2,False,0.000305888866162595,False,0.7264230251312256,valid,False,0.004189833636249425,0.00992717655375408,0.0012404405199207098,0.000305888866162595,1.1979799466339965e-05,0.0511220995152328,0.6621330876835603,0.24358515027814978,0.026990003980982724,0.0004943391665211775
P08,26,A,alpha,1799551287-α-9,P08-T26-Aα,1,59,B3,6,6,L5,L,False,59,True,L2,False,9.93973826128658e-05,False,0.49436211585998535,valid,False,0.023757788248723367,0.908114527696047,0.05982182150302599,0.004624510384136831,9.93973826128658e-05,0.002491530458775957,0.0008618883875271206,0.00018850523557825818,3.805855068701258e-05,1.9721528857642944e-06
P08,26,A,alpha,1799551287-α-9,P08-T26-Aα,2,60,C4,7,7,L4,L,False,60,True,L2,False,0.007672442366276687,False,0.4272770881652832,valid,False,0.014547920812913354,0.860604453919727,0.1119032877194138,0.007672442366276687,0.00010620702705435735,0.00461206460865311,0.0004306907325895015,0.00010620702705435735,1.6206141490348602e-05,5.196448272668167e-07
P08,26,A,alpha,1799551287-α-9,P08-T26-Aα,3,65,F4,10,10,R4,R,False,65,True,L2,False,0.002250905097402742,False,0.4756739139556885,valid,False,0.0026530703949412897,0.6087041789478376,0.05097485137654118,0.004268798478354349,3.5131131680097896e-05,0.24243326564878265,0.07604554224211722,0.012570243586829675,0.002250905097402742,6.401309551330096e-05
P08,26,A,alpha,1799551287-α-9,P08-T26-Aα,4,64,E4,9,9,R5,R,False,64,True,R2,False,0.0005507808909827414,False,0.35526394844055176,valid,False,0.00014327629518220186,0.00022845450166039736,1.0499599074439697e-05,1.667519300157117e-06,3.3085408422483457e-08,0.12194642318623787,0.7088059502413319,0.1489456976274382,0.019367217053383613,0.0005507808909827414
P08,26,A,alpha,1799551287-α-9,P08-T26-Aα,5,59,B3,6,6,L3,L,False,59,True,L2,False,0.04203600310214952,False,0.3551352024078369,valid,False,0.02941695490685919,0.9146362706243579,0.04203600310214952,0.003663893822441841,5.718443504642832e-05,0.007955870895265647,0.001856190868672348,0.000319348105230324,5.494220127650027e-05,3.3410387003913153e-06
P08,26,A,alpha,1799551287-α-9,P08-T26-Aα,6,57,A3,5,5,L4,L,False,57,True,L2,False,0.01003148790521,False,0.455974817276001,valid,False,0.028381256260682025,0.850418802065889,0.11057886053940279,0.01003148790521,0.0003216565030508,0.00023357055995882928,2.4865572480241553e-05,7.795013352290535e-06,1.573786053549306e-06,1.3179392051623127e-07
P08,26,A,alpha,1799551287-α-9,P08-T26-Aα,7,62,D4,8,8,R5,R,False,62,True,R2,False,0.00032551817570475425,False,0.46219325065612793,valid,False,0.0032849392567631313,0.02308774178118642,0.0028226129118678186,0.0002665117411353242,3.839792387674968e-06,0.05447070424994254,0.7944603033777422,0.11190642381824313,0.009371404895027021,0.00032551817570475425
P08,26,A,alpha,1799551287-α-9,P08-T26-Aα,8,64,E4,9,9,R4,R,False,64,True,R2,False,0.007752234922652374,False,0.3586559295654297,valid,False,0.00015130590266071312,0.00018786741184780145,1.7738482957981047e-05,3.440911674365433e-06,2.177813846399205e-07,0.11306706959847004,0.8027001073783671,0.07579112329836128,0.007752234922652374,0.00032889431162374784
P08,26,A,alpha,1799551287-α-9,P08-T26-Aα,9,62,D4,8,8,R3,R,False,62,True,R2,False,0.10390084902972752,False,0.40276598930358887,valid,False,0.0015543807791905439,0.0033315480294357825,0.0003145655085285277,6.610156009745549e-05,2.694445275980711e-06,0.05263793563967176,0.8316711162274523,0.10390084902972752,0.0063182171363110485,0.0002025916443089113
P08,26,A,alpha,1799551287-α-9,P08-T26-Aα,10,64,E4,9,9,R1,R,False,64,True,R2,False,0.1085095837841319,False,0.3239250183105469,valid,False,0.00017457397385272502,0.00026896836699407756,2.751121604956279e-05,5.554418726205399e-06,2.1753267232895795e-07,0.1085095837841319,0.7401393645115887,0.13794271618730694,0.012513880883694798,0.0004176291249829102
P08,26,A,alpha,1799551287-α-9,P08-T26-Aα,11,59,B3,6,6,L1,L,False,59,True,L2,False,0.02386806893567149,False,0.41614198684692383,valid,False,0.02386806893567149,0.9309456622777202,0.036459458260301676,0.004039823127421108,7.701160999592454e-05,0.0032407741337651553,0.0011690610563408477,0.00017139249001502983,2.7220114118243145e-05,1.5279946503456327e-06
P08,26,A,alpha,1799551287-α-9,P08-T26-Aα,12,64,E4,9,9,R1,R,False,64,True,R2,False,0.15696096090584682,False,0.37140893936157227,valid,False,0.00016168043438005995,0.0001613784772802499,1.5859241601702147e-05,2.0621567409788348e-06,3.628874636606684e-08,0.15696096090584682,0.7176608601074363,0.10950794654136997,0.014820288961836145,0.0007089268847615198
P08,26,A,alpha,1799551287-α-9,P08-T26-Aα,13,65,F4,10,10,R2,R,False,65,True,R2,True,0.6013645567185224,False,0.483126163482666,valid,False,1.626738474819885e-05,1.9825254666790898e-05,1.3592819918670022e-06,2.1587766730180565e-07,4.829350044049911e-09,0.12981364246157245,0.6013645567185224,0.23965522648567947,0.027638268001865272,0.0014906337039360372
P08,26,A,alpha,1799551287-α-9,P08-T26-Aα,14,64,E4,9,9,R3,R,False,64,True,R2,False,0.14381857519205432,False,0.45175886154174805,valid,False,0.00015872321172480188,0.00025886531049227425,1.922685288582576e-05,3.583385019056152e-06,8.016308873410686e-08,0.07000401592368126,0.7716666148799818,0.14381857519205432,0.013579381969407958,0.0004909331116639374
P08,26,A,alpha,1799551287-α-9,P08-T26-Aα,15,62,D4,8,8,R1,R,False,62,True,R2,False,0.060533509214295345,False,0.45406317710876465,valid,False,0.001303908264845164,0.0028956137239618575,0.00030826270631301796,5.979681280730398e-05,1.2348535277072265e-06,0.060533509214295345,0.7830504166648681,0.14021782173266767,0.011281870795886481,0.0003475652308272655
P08,26,A,alpha,1799551287-α-9,P08-T26-Aα,16,57,A3,5,5,L2,L,False,57,True,L2,True,0.8695306829759515,False,0.37796711921691895,valid,False,0.04329138356127913,0.8695306829759515,0.07578903470050206,0.010675523751043,0.00021181407819021946,0.0003989918732581806,8.110210368841123e-05,1.7737994133486574e-05,3.4408168521693226e-06,2.88145101872645e-07
P08,26,A,alpha,1799551287-α-9,P08-T26-Aα,17,59,B3,6,6,L1,L,False,59,True,L2,False,0.020448734165736723,False,0.48342227935791016,valid,False,0.020448734165736723,0.9390210765072082,0.03261714024704504,0.002958960205365649,5.640699657921595e-05,0.003592117740006127,0.001045858338316202,0.00021977256224632702,3.781074054371224e-05,2.122496953004249e-06
P08,26,A,alpha,1799551287-α-9,P08-T26-Aα,18,64,E4,9,9,R2,R,False,64,True,R2,True,0.7173465727828261,False,0.41666603088378906,valid,False,0.00010636485129871918,0.00010388810099382164,1.1980907821526942e-05,2.5176208990341832e-06,2.3771432721048308e-07,0.10516800183030826,0.7173465727828261,0.15689222253203616,0.01960057865323449,0.0007676350062547212
P08,26,A,alpha,1799551287-α-9,P08-T26-Aα,19,65,F4,10,10,R1,R,False,65,True,R2,False,0.044910552358487635,False,0.5831108093261719,valid,False,1.0801478873495759e-05,9.424186676706714e-06,1.3274760537460574e-06,2.789506025472921e-07,3.627158724798451e-08,0.044910552358487635,0.443866639744818,0.443866639744818,0.0650739396439943,0.0022603601440884294
P08,26,A,alpha,1799551287-α-9,P08-T26-Aα,20,60,C4,7,7,L2,L,False,60,True,L2,True,0.8942351614484226,False,0.5366950035095215,valid,False,0.01687920070510502,0.8942351614484226,0.0565977246974395,0.00455383067207428,0.0001581784875849929,0.02047919523215166,0.0053439697983351095,0.0014858229364324938,0.0002556282047636935,1.1287817690574156e-05
P08,26,A,alpha,1799551287-α-9,P08-T26-Aα,21,59,B3,6,6,L3,L,False,59,True,L2,False,0.030573802626464773,False,0.49746012687683105,valid,False,0.04206488941704411,0.9161164807287601,0.030573802626464773,0.0044823323238389196,0.0001686623517765179,0.005018332080885747,0.0011973891988400023,0.00031986492520277155,5.503111749828104e-05,3.2152296886077646e-06
P08,26,A,alpha,1799551287-α-9,P08-T26-Aα,22,57,A3,5,5,L2,L,False,57,True,L2,True,0.9033958921744999,False,0.4640309810638428,valid,False,0.05159746106411651,0.9033958921744999,0.03989140456040808,0.004420093616802824,0.00012077341117656994,0.00044796139000463577,9.500373010753656e-05,2.6414580652083325e-05,4.7299572060660165e-06,2.655150259781179e-07
P08,26,A,alpha,1799551287-α-9,P08-T26-Aα,23,59,B3,6,6,L1,L,False,59,True,L2,False,0.02848476087563363,False,0.39882588386535645,valid,False,0.02848476087563363,0.9421917698275376,0.02283304505447535,0.0019901476484178527,5.890724629387698e-05,0.0034434456740888935,0.0007321344047486197,0.00022051464505206986,4.2775440172961505e-05,2.4991835790299384e-06
P08,26,A,alpha,1799551287-α-9,P08-T26-Aα,24,60,C4,7,7,L2,L,False,60,True,R2,False,0.024563264226344323,False,0.5706100463867188,valid,False,0.005022012771448513,0.024563264226344323,0.0011380687185635488,0.00012115709365908809,2.604102271238161e-06,0.06850405537912085,0.803785722425854,0.08906199669133484,0.007458338880613867,0.0003427797107896778
P08,26,A,alpha,1799551287-α-9,P08-T26-Aα,25,59,B3,6,6,L3,L,False,59,True,L2,False,0.03135635022554008,False,0.38738203048706055,valid,False,0.020582108328960732,0.9395648152793029,0.03135635022554008,0.002522919608247568,0.00010703673406645652,0.0036835047491842617,0.0018320156441433042,0.00030283014918144224,4.620888448996915e-05,2.2103968832278496e-06
P08,26,A,alpha,1799551287-α-9,P08-T26-Aα,26,60,C4,7,7,L4,L,False,60,True,R2,False,0.00010367019932922484,False,0.40300917625427246,valid,False,0.006974676780030357,0.013111102902898854,0.0008636906839877613,0.00010367019932922484,3.9009288836112216e-06,0.04744358035306696,0.8071095599534027,0.1136881781253158,0.010313558832730803,0.00038808124035391545
P08,26,A,alpha,1799551287-α-9,P08-T26-Aα,27,64,E4,9,9,R2,R,False,64,True,R2,True,0.7282544289101818,False,0.4061319828033447,valid,False,0.0001239388569614147,0.00015117010960160777,1.2163087570829083e-05,1.6460949014298773e-06,5.7177532648780724e-08,0.12529243405038565,0.7282544289101818,0.13040571528443062,0.015039054899232084,0.0007193915292019493
P08,26,A,alpha,1799551287-α-9,P08-T26-Aα,28,59,B3,6,6,L4,L,False,59,True,L2,False,0.0034622724720415007,False,0.3947031497955322,valid,False,0.02566387510894946,0.9362899061446471,0.030021841216180404,0.0034622724720415007,0.0001155473538856465,0.003690361143034012,0.0005723097903486637,0.00014688947544901478,3.343758063912453e-05,3.559714824901857e-06
P08,26,A,alpha,1799551287-α-9,P08-T26-Aα,29,57,A3,5,5,L4,L,False,57,True,L2,False,0.006817097214975582,False,0.4281489849090576,valid,False,0.038070273440768146,0.89733903218148,0.056794174164894434,0.006817097214975582,0.00033940328511236417,0.0004998788649625073,0.00010639823962888514,2.7308254849640245e-05,5.9726399475367906e-06,4.6171338090561475e-07
P08,27,C,alpha,1799551287-α-4,P08-T27-Cα,0,60,C4,7,7,R1,R,False,60,True,R1,True,0.7611633266503665,False,0.6444761753082275,valid,False,0.00257316831171384,0.005128678152617748,0.00044701995465662393,0.00011023376363963812,1.127517306714845e-05,0.7611633266503665,0.2116317965458407,0.017027811125775404,0.00181275530530245,9.3935017019887e-05
P08,27,C,alpha,1799551287-α-4,P08-T27-Cα,1,62,D4,8,8,R2,R,False,62,True,R2,True,0.692111722729671,False,0.5453951358795166,valid,False,0.00011169625761501897,0.00012742177801978161,1.6568489533749134e-05,2.8505235255875086e-06,3.158470096212312e-07,0.13973494688240298,0.692111722729671,0.15137306085995442,0.016114949662460368,0.00040646696980719085
P08,27,C,alpha,1799551287-α-4,P08-T27-Cα,2,59,B3,6,6,L2,L,False,59,True,L2,True,0.8933263603788664,False,0.5608980655670166,valid,False,0.025647279466463672,0.8933263603788664,0.07187668765507468,0.005556408683099675,0.00014014915638806111,0.0026863967174794636,0.0006156676312393403,0.00012430115098924024,2.5095969567455534e-05,1.6531908323486173e-06
P08,27,C,alpha,1799551287-α-4,P08-T27-Cα,3,57,A3,5,5,L4,L,False,57,True,L3,True,0.47310981729056234,False,0.6274979114532471,valid,False,0.004052473897032631,0.0438492025957335,0.47310981729056234,0.47310981729056234,0.005808530038354838,4.551686271630719e-05,1.9827756756142144e-05,4.003155048710104e-06,7.460839231303401e-07,6.502931000213576e-08
P08,27,C,alpha,1799551287-α-4,P08-T27-Cα,4,55,G3,4,4,L5,L,False,55,True,L5,True,0.3427324628572463,True,0.818026065826416,valid,False,0.004543773999838704,0.00871898400072097,0.1118266775917108,0.5321631690966147,0.3427324628572463,9.885188686525969e-06,3.993649322756384e-06,8.734585792054837e-07,1.6943353213362197e-07,1.0723747868156966e-08
P08,27,C,alpha,1799551287-α-4,P08-T27-Cα,5,57,A3,5,5,L4,L,False,57,True,L3,True,0.47562211179171354,False,0.5520961284637451,valid,False,0.005839374331882081,0.029322985407881495,0.47562211179171354,0.47562211179171354,0.013526133867434809,4.490080659892891e-05,1.7679025468515346e-05,3.8666130196952475e-06,7.806557051092709e-07,5.5708582203033267e-08
P08,27,C,alpha,1799551287-α-4,P08-T27-Cα,6,59,B3,6,6,L5,L,False,59,True,L4,True,0.4664349569170793,False,0.7306797504425049,valid,False,0.008891702893313234,0.009841042275955395,0.04770892955265936,0.4664349569170793,0.4664349569170793,0.000416505221247632,0.00021548124200999162,4.7128309042812134e-05,8.783490340322963e-06,5.131812726261291e-07
P08,27,C,alpha,1799551287-α-4,P08-T27-Cα,7,62,D4,8,8,R2,R,False,62,True,R2,True,0.7328330559157858,False,0.46683812141418457,valid,False,0.0008205838810687217,0.0012176440940791543,0.00011046218004980169,2.7239638230652228e-05,2.6769369194918398e-06,0.10916963927939645,0.7328330559157858,0.13658101040413625,0.018484229727786523,0.0007534579425470151
P08,27,C,alpha,1799551287-α-4,P08-T27-Cα,8,64,E4,9,9,R3,R,False,64,True,R3,True,0.4376074475885069,True,0.45681262016296387,valid,False,2.2056868448068094e-05,2.4266032892215252e-05,3.0315606384422317e-06,7.182608673750605e-07,5.5524969923008364e-08,0.026610936293118895,0.4376074475885069,0.4376074475885069,0.09570995060642476,0.0024140896756266912
P08,27,C,alpha,1799551287-α-4,P08-T27-Cα,9,65,F4,10,10,R2,R,False,65,True,R2,True,0.645237331598308,False,0.4758269786834717,valid,False,6.033883029016287e-06,6.406886862401261e-06,7.690290637826801e-07,1.9737959701032846e-07,1.9397200723348888e-08,0.18672150058965623,0.645237331598308,0.1528746347936201,0.01443445713826682,0.0007186493043958918
P08,27,C,alpha,1799551287-α-4,P08-T27-Cα,10,64,E4,9,9,R3,R,False,64,True,R2,True,0.4506950926571912,False,0.47090888023376465,valid,False,2.7805940015878964e-05,3.5821430096124597e-05,5.045750078473704e-06,1.1035655207522698e-06,9.24161363601265e-08,0.019121073307331083,0.4506950926571912,0.4506950926571912,0.0775397758419236,0.0018790964345152725
P08,27,C,alpha,1799551287-α-4,P08-T27-Cα,11,59,B3,6,6,L5,L,False,59,True,L5,True,0.6210844869070615,False,0.6452617645263672,valid,False,0.012322996148981616,0.006114388015079591,0.03218392558430194,0.32749314463675755,0.6210844869070615,0.000572674165124971,0.00018479043541050488,3.730854546809716e-05,5.925247163036212e-06,3.6031465105412753e-07
P08,27,C,alpha,1799551287-α-4,P08-T27-Cα,12,57,A3,5,5,L4,L,False,57,True,L3,True,0.46921386773423535,False,0.7696843147277832,valid,False,0.004248252340349894,0.04024740956608834,0.46921386773423535,0.46921386773423535,0.0169634100168612,8.56810599627874e-05,2.2171639040404637e-05,4.47637672049206e-06,8.015675359391972e-07,6.196497031355494e-08
P08,27,C,alpha,1799551287-α-4,P08-T27-Cα,13,59,B3,6,6,L5,L,False,59,True,L5,True,0.4776630277876669,False,0.6155509948730469,valid,False,0.014138555823100042,0.011183277737040257,0.0550865464950201,0.44093854901532914,0.4776630277876669,0.0006730244231875485,0.0002488028460937546,5.663690474809585e-05,1.0986429178260843e-05,5.925386358478277e-07
P08,27,C,alpha,1799551287-α-4,P08-T27-Cα,14,64,E4,9,9,R3,R,False,64,True,R3,True,0.4208740810756161,True,0.4732508659362793,valid,False,4.426033808004284e-05,9.092990846596639e-05,1.1359892759850857e-05,3.7065034766238867e-06,3.9458881659787983e-07,0.022699291081556962,0.4208740810756161,0.4208740810756161,0.13193820830887087,0.003463687226741068
P08,27,C,alpha,1799551287-α-4,P08-T27-Cα,15,62,D4,8,8,R5,R,False,62,True,R5,True,0.7698688267194779,False,0.7762320041656494,valid,False,0.00033642616126933704,0.0008238392487490668,6.368667929154963e-05,2.3429019987840144e-05,2.926992438685698e-06,0.028590346006650603,0.007113933214891956,0.017925425884062898,0.17525116007318003,0.7698688267194779
P08,27,C,alpha,1799551287-α-4,P08-T27-Cα,16,64,E4,9,9,R3,R,False,64,True,R2,True,0.44147628236165326,False,0.47006821632385254,valid,False,5.3409596653083375e-05,9.926413617924069e-05,1.0568517948025721e-05,4.04661033759934e-06,3.8208185126459365e-07,0.029082141685655236,0.44147628236165326,0.44147628236165326,0.08563758792293924,0.0021600347251298536
P08,27,C,alpha,1799551287-α-4,P08-T27-Cα,17,59,B3,6,6,L5,L,False,59,True,L5,True,0.5665540731336477,False,0.9743368625640869,valid,False,0.026038404052710674,0.008929780443634992,0.03310129902773387,0.36488145761107077,0.5665540731336477,0.0003105670396552799,0.00015560609876841464,2.4712960092938897e-05,3.7709531941471947e-06,3.286794912251477e-07
P08,27,C,alpha,1799551287-α-4,P08-T27-Cα,18,62,D4,8,8,R4,R,False,62,True,R4,True,0.5331020437738436,False,0.6041600704193115,valid,False,0.00028644234292331413,0.00038240036533728806,4.5900138594810735e-05,1.0038905923439222e-05,6.882990543690573e-07,0.02173041424959333,0.06536267115096014,0.3573489865241763,0.5331020437738436,0.02173041424959333
P08,27,C,alpha,1799551287-α-4,P08-T27-Cα,19,64,E4,9,9,R5,R,False,64,True,R5,True,0.7684316278995781,False,0.7936179637908936,valid,False,8.016407374310295e-05,9.870216385471788e-05,1.1847381465086439e-05,3.568362723599943e-06,2.350650181214765e-07,0.02225575465567471,0.005550877753909233,0.014074316207290825,0.18949290643674224,0.7684316278995781
P08,27,C,alpha,1799551287-α-4,P08-T27-Cα,20,59,B3,6,6,L5,L,False,59,True,L5,True,0.561270066276148,False,0.6624867916107178,valid,False,0.03378224268230402,0.008565673063575484,0.06219049603763365,0.3336865873617628,0.561270066276148,0.0002519315199082977,0.00019596919337720045,4.643054175760338e-05,1.0154911400019041e-05,4.4841213297770025e-07
P08,27,C,alpha,1799551287-α-4,P08-T27-Cα,21,64,E4,9,9,R5,R,False,64,True,R4,False,0.04386335963400628,False,0.8021812438964844,valid,False,5.075217453756035e-05,5.967031246557065e-05,8.075498638345185e-06,1.9133097926236482e-06,2.0368809893689195e-07,0.025055148593804623,0.05293735270782863,0.28745874063349913,0.5905647834473282,0.04386335963400628
P08,27,C,alpha,1799551287-α-4,P08-T27-Cα,22,65,F4,10,10,R3,R,False,65,True,R3,True,0.5220719905026856,False,0.9122869968414307,valid,False,5.805209962218261e-06,6.083381871444011e-06,1.1337840671470877e-06,2.4797205272209574e-07,2.4369102750674166e-08,0.027281143818153282,0.34995532070767804,0.5220719905026856,0.09730063264879459,0.003377617605632323
P08,27,C,alpha,1799551287-α-4,P08-T27-Cα,23,57,A3,5,5,L4,L,False,57,True,L4,True,0.38471709916411345,True,0.6419780254364014,valid,False,0.01768131189775929,0.09909729448951325,0.4698945260304278,0.38471709916411345,0.02857431555515743,2.7636413636423135e-05,6.4254298791302965e-06,1.150576977131273e-06,2.2318897068285075e-07,1.7253565448445008e-08
P08,27,C,alpha,1799551287-α-4,P08-T27-Cα,24,59,B3,6,6,L3,L,False,59,True,L3,True,0.5731512797302003,False,0.5361871719360352,valid,False,0.007318576282794242,0.276225674190096,0.5731512797302003,0.14133736546071382,0.0016018347569584867,0.0002713537386015321,7.662358858707532e-05,1.4280642863381185e-05,2.7701597065798046e-06,2.414494787111681e-07
P08,27,C,alpha,1799551287-α-4,P08-T27-Cα,25,57,A3,5,5,L2,L,False,57,True,L2,True,0.6964987394689098,False,0.6062278747558594,valid,False,0.05832705106402504,0.6964987394689098,0.21834272982565728,0.026208033434610666,0.0005633050226823091,4.321286971242037e-05,1.4208228411672972e-05,2.2565142658811234e-06,4.205555357219154e-07,4.301618935114395e-08
P08,27,C,alpha,1799551287-α-4,P08-T27-Cα,26,59,B3,6,6,L3,L,False,59,True,L3,True,0.6259125232164953,False,0.83837890625,valid,False,0.007684540797116126,0.22807083600509598,0.6259125232164953,0.1368945090197016,0.0009600313124323813,0.00027955135749213784,0.00017190910899168196,2.23531198304472e-05,3.41086491892424e-06,3.3519792559481483e-07
P08,27,C,alpha,1799551287-α-4,P08-T27-Cα,27,57,A3,5,5,L4,L,False,57,True,L4,True,0.38547787766772146,True,0.5620260238647461,valid,False,0.007648303092664039,0.05959751604031883,0.5308522878735188,0.38547787766772146,0.016354184630195796,4.1089426393269826e-05,2.4100656583712146e-05,3.9838117386978746e-06,6.078902545234247e-07,4.8910610825827956e-08
P08,27,C,alpha,1799551287-α-4,P08-T27-Cα,28,55,G3,4,4,L5,L,False,55,True,L5,True,0.22709761639183462,True,0.6777667999267578,valid,False,0.007016704089213924,0.009685663097920433,0.32550569355095704,0.4306862872228451,0.22709761639183462,4.447308250833384e-06,2.983613745736199e-06,5.133154205857663e-07,8.485046832982335e-08,6.559343430729416e-09
P08,27,C,alpha,1799551287-α-4,P08-T27-Cα,29,53,F3,3,3,L4,L,False,53,True,L4,True,0.3948852133580751,True,0.8701348304748535,valid,False,0.02476588608186102,0.15119873897157124,0.4110007846323446,0.3948852133580751,0.01814863086763635,4.928798489120874e-07,2.03182721792401e-07,4.10218840465625e-08,8.282175550581491e-09,7.218814729462855e-10
