participant,trial_index,condition,level,sequence,quiz_name,event_index,target_note,target_note_name,target_key_id,actual_key_id,target_finger,target_hand,timed_out,actual_note,key_correct,actual_finger,finger_correct,target_finger_probability,manually_corrected,rt_s,validity,suspected_carryover,p_L1,p_L2,p_L3,p_L4,p_L5,p_R1,p_R2,p_R3,p_R4,p_R5
P06,1,A,alpha,1799551287-α-2,P06-T01-Aα,0,57,A3,5,5,L5,L,False,57,True,R2,False,0.00020072834529665643,False,1.3413920402526855,valid,False,0.0005028266137798355,0.0437579218394392,0.012059305791573084,0.002349665718373011,0.00020072834529665643,0.00357313173682455,0.8234002792263659,0.11143511000620622,0.0027005148727714547,2.051584937012659e-05
P06,1,A,alpha,1799551287-α-2,P06-T01-Aα,1,59,B3,6,6,L4,L,False,59,True,R2,False,0.0006229262465270303,False,0.47252583503723145,valid,False,0.0007461966421971187,0.019807422123285057,0.0034803357030181096,0.0006229262465270303,4.96490092534441e-05,0.002417711881955021,0.8709490801524962,0.09976541593806307,0.002144318078199808,1.694422500521921e-05
P06,1,A,alpha,1799551287-α-2,P06-T01-Aα,2,60,C4,7,7,L2,L,False,60,True,R2,False,0.006056379190405379,False,0.3641810417175293,valid,False,0.0006575424181344541,0.006056379190405379,0.0007822588910773129,0.00014481744065098772,1.2494049383023406e-05,0.004136862408763192,0.9159278802540797,0.07080556704782336,0.0014621933869966273,1.4004912685873314e-05
P06,1,A,alpha,1799551287-α-2,P06-T01-Aα,3,59,B3,6,6,L4,L,False,59,True,R2,False,0.000570410361308724,False,0.3253633975982666,valid,False,0.0006364318384540566,0.017637014899463607,0.0032221459739998964,0.000570410361308724,4.650124942604522e-05,0.0020436746696630825,0.8992961583724899,0.0747948846869357,0.0017415046764209707,1.1273271838154048e-05
P06,1,A,alpha,1799551287-α-2,P06-T01-Aα,4,57,A3,5,5,L2,L,False,57,True,R2,False,0.042636812581700385,False,0.3188960552215576,valid,False,0.000388988516987003,0.042636812581700385,0.01584687311345584,0.003062141800025453,0.00026999996588823554,0.0011118710432393886,0.8506869680664221,0.0836000585787903,0.002377487412017774,1.8798921473807528e-05
P06,1,A,alpha,1799551287-α-2,P06-T01-Aα,5,59,B3,6,6,L1,L,False,59,True,R2,False,0.00036362765416523326,False,0.3134121894836426,valid,False,0.00036362765416523326,0.01472533901808586,0.0027020630926638117,0.0004602365152552463,3.9036410199453076e-05,0.001087602314274877,0.8651454389947062,0.11249374615483151,0.0029532245180454255,2.9685327772417302e-05
P06,1,A,alpha,1799551287-α-2,P06-T01-Aα,6,64,E4,9,9,R2,R,False,64,True,R2,True,0.9264021751670258,False,0.6270520687103271,valid,False,3.919045285907843e-05,0.00011612100055617191,1.0201291629854669e-05,1.6393358331905991e-06,1.799036770776821e-07,0.0021868032892260686,0.9264021751670258,0.06880720441519712,0.0023900360626254308,4.6449081370107574e-05
P06,1,A,alpha,1799551287-α-2,P06-T01-Aα,7,65,F4,10,10,R3,R,False,65,True,R2,False,0.061369505638563485,False,0.4027590751647949,valid,False,9.790429032960716e-06,1.7624706206772432e-05,1.61457819561599e-06,2.6844589471778946e-07,2.9002384746222898e-08,0.003008403669390454,0.931608871606909,0.061369505638563485,0.003884184535221624,9.970738820070075e-05
P06,1,A,alpha,1799551287-α-2,P06-T01-Aα,8,67,G4,11,11,R2,R,False,67,True,R2,True,0.9051182327322408,False,0.4109199047088623,valid,False,2.384154514198093e-06,3.00880573147083e-06,2.6788179962819537e-07,4.4661764287704446e-08,4.761509940898307e-09,0.002473897468762339,0.9051182327322408,0.0854614655536209,0.006606576412526666,0.00033411756752980016
P06,1,A,alpha,1799551287-α-2,P06-T01-Aα,9,69,A4,12,12,R1,R,False,69,True,R2,False,0.0032564319384028695,False,0.36156320571899414,valid,False,5.020567917945258e-07,4.7547432745418064e-07,3.978520743173879e-08,6.673865770707422e-09,7.508683075938543e-10,0.0032564319384028695,0.9133186955131996,0.07648425355593201,0.006666432663369104,0.00027316158803553434
P06,1,A,alpha,1799551287-α-2,P06-T01-Aα,10,67,G4,11,11,R3,R,False,67,True,R2,False,0.08241218414860953,False,0.32734012603759766,valid,False,2.263892538446325e-06,2.9037840740255737e-06,2.458847880298163e-07,4.119087185844797e-08,4.7790058572206e-09,0.001753948081307683,0.9084440417840386,0.08241218414860953,0.007183116141234404,0.00020125031353134725
P06,1,A,alpha,1799551287-α-2,P06-T01-Aα,11,65,F4,10,10,R4,R,False,65,True,R2,False,0.005660665434600554,False,0.2515430450439453,valid,False,9.866365839678403e-06,1.8247922570902994e-05,1.507101981223645e-06,2.408191492499785e-07,2.5978227463819316e-08,0.0015583258895300127,0.9100881411756037,0.08256133348041667,0.005660665434600554,0.00010164583208074699
P06,1,A,alpha,1799551287-α-2,P06-T01-Aα,12,60,C4,7,7,L1,L,False,60,True,R2,False,0.0004528493948784404,False,0.35832691192626953,valid,False,0.0004528493948784404,0.005250353428923146,0.0005427904533624134,9.030490511545174e-05,9.239984698458297e-06,0.0018567129316236896,0.9447403828548605,0.04563881737645124,0.0014060138059649942,1.2534864121748968e-05
P06,1,A,alpha,1799551287-α-2,P06-T01-Aα,13,64,E4,9,9,R5,R,False,64,True,R2,False,9.493620711050522e-05,False,0.4208698272705078,valid,False,3.40036537497002e-05,9.584218346978568e-05,7.911069389479024e-06,1.2622610590058874e-06,1.4341445399216526e-07,0.0006107172160889851,0.7827828093004671,0.2091089221361569,0.007263452558054587,9.493620711050522e-05
P06,1,A,alpha,1799551287-α-2,P06-T01-Aα,14,62,D4,8,8,R4,R,False,62,True,R2,False,0.005418268857577526,False,0.2655308246612549,valid,False,0.00011678386007388097,0.0006077765175683769,5.609914787710479e-05,9.597346341491952e-06,9.785412416295187e-07,0.0007708405733224076,0.8369600718443169,0.15598757637585556,0.005418268857577526,7.200693582511964e-05
P06,1,A,alpha,1799551287-α-2,P06-T01-Aα,15,57,A3,5,5,L2,L,False,57,True,L2,True,0.9319989740018778,False,0.7071807384490967,valid,False,0.004549085585816582,0.9319989740018778,0.054452660734291204,0.0025026038099106216,0.00010112114742596366,0.0004498245225208926,0.005410552602160029,0.0005052669951411132,2.9520560681001737e-05,3.9004017499885705e-07
P06,1,A,alpha,1799551287-α-2,P06-T01-Aα,16,59,B3,6,6,L1,L,False,59,True,L3,False,0.0006324057082856642,False,0.540963888168335,valid,False,0.0006324057082856642,0.06510289141756426,0.8485541339139695,0.07846398547372599,0.0005159708925071775,0.0007706409201502401,0.005628315433228467,0.0003083665464213269,2.290348680430845e-05,3.8620734298574207e-07
P06,1,A,alpha,1799551287-α-2,P06-T01-Aα,17,64,E4,9,9,R3,R,False,64,True,R2,False,0.1495604880807298,False,0.3699820041656494,valid,False,0.00010677515823052485,0.005031287293276838,0.0007499785353924117,5.257906984159928e-05,9.37563477051488e-07,0.0013753486089822956,0.835224802817855,0.1495604880807298,0.00775006254416779,0.00014774032804660888
P06,1,A,alpha,1799551287-α-2,P06-T01-Aα,18,62,D4,8,8,R4,R,False,62,True,R2,False,0.002966903152092456,False,0.3656630516052246,valid,False,0.00018007910934623628,0.013330188770592175,0.004146870245231126,0.00040403200716055554,7.461480945871591e-06,0.0015127011250118175,0.9046233770093592,0.07278564117060707,0.002966903152092456,4.274592965339155e-05
P06,1,A,alpha,1799551287-α-2,P06-T01-Aα,19,64,E4,9,9,R3,R,False,64,True,R2,False,0.09514381246420825,False,0.3310978412628174,valid,False,0.00011706388313712936,0.0035977883155575647,0.0004909004471179827,4.8156308679854644e-05,1.1031235648047226e-06,0.001428155037725296,0.893717350426636,0.09514381246420825,0.005340875347813626,0.00011479464555972446
P06,1,A,alpha,1799551287-α-2,P06-T01-Aα,20,65,F4,10,10,R1,R,False,65,True,R2,False,0.0033384211212056434,False,0.6075289249420166,valid,False,3.21033193611629e-05,0.0009185709561261123,0.0001504417443459158,1.5088361220155324e-05,3.625372779317348e-07,0.0033384211212056434,0.9541266101032531,0.03889230350221589,0.002461562664235092,6.453569075902209e-05
P06,1,A,alpha,1799551287-α-2,P06-T01-Aα,21,64,E4,9,9,R2,R,False,64,True,R2,True,0.9324624210346715,False,0.3088541030883789,valid,False,8.976450907218504e-05,0.004552031835023182,0.0008625425248813415,8.416652039777185e-05,2.059632674700858e-06,0.0023625357440341197,0.9324624210346715,0.056703098218780744,0.002823081027688141,5.829895277659725e-05
P06,1,A,alpha,1799551287-α-2,P06-T01-Aα,22,59,B3,6,6,L1,L,False,59,True,L3,False,0.0009233949951853403,False,0.7404041290283203,valid,False,0.0009233949951853403,0.07285516217831367,0.8325853899284945,0.0846841663980184,0.0007570539401545017,0.0005862529009142683,0.007126808835887701,0.00045137165372750166,2.9733996844338548e-05,6.65172459776646e-07
P06,1,A,alpha,1799551287-α-2,P06-T01-Aα,23,60,C4,7,7,L2,L,False,60,True,R2,False,0.024163926746003064,False,0.4475288391113281,valid,False,0.0001772017894786285,0.024163926746003064,0.007617449778156436,0.0009624361704512729,1.4608526363798722e-05,0.0014370358697870624,0.9011759159304019,0.06178746324405873,0.002621378917614051,4.2583027685004336e-05
P06,1,A,alpha,1799551287-α-2,P06-T01-Aα,24,59,B3,6,6,L3,L,False,59,True,L3,True,0.8451203108059423,False,0.4349241256713867,valid,False,0.0007622339626929691,0.06549772051377695,0.8451203108059423,0.07824578508909992,0.0005365957437312487,0.0011887857667717476,0.008161916420654537,0.0004581672425454641,2.7861178712013083e-05,6.23276072610303e-07
P06,1,A,alpha,1799551287-α-2,P06-T01-Aα,25,62,D4,8,8,R1,R,False,62,True,R2,False,0.002126239983901695,False,0.41506004333496094,valid,False,5.5621436496306454e-05,0.006290219784439849,0.00838285584835242,0.0010684975467218408,1.6732157503432356e-05,0.002126239983901695,0.8844304233185997,0.09415514009400756,0.0034039749385973276,7.029489137990418e-05
P06,1,A,alpha,1799551287-α-2,P06-T01-Aα,26,64,E4,9,9,R2,R,False,64,True,R2,True,0.8589372170202489,False,0.34673619270324707,valid,False,6.091491864635161e-05,0.0046661480689958405,0.00149686574827969,0.00014193736698266612,2.9350601471276153e-06,0.002333721689649428,0.8589372170202489,0.125926176048036,0.006269495136207238,0.00016458894280692004
P06,1,A,alpha,1799551287-α-2,P06-T01-Aα,27,59,B3,6,6,L3,L,False,59,True,L3,True,0.8403312467981375,False,0.6406838893890381,valid,False,0.0005395340748861942,0.031262510077473396,0.8403312467981375,0.11313900314829152,0.0011091210807114297,0.0009656204788936475,0.012107149616881278,0.0005136547948688177,3.123538024371633e-05,9.245496124683347e-07
P06,1,A,alpha,1799551287-α-2,P06-T01-Aα,28,62,D4,8,8,R2,R,False,62,True,R2,True,0.9094820273352672,False,0.41577816009521484,valid,False,8.543778486589125e-05,0.006929772255387473,0.01761704894356921,0.002845268777216456,5.6744833947424386e-05,0.002722943768316442,0.9094820273352672,0.05756272580136017,0.002645540088523271,5.249041154641998e-05
P06,1,A,alpha,1799551287-α-2,P06-T01-Aα,29,65,F4,10,10,R2,R,False,65,True,R2,True,0.9029767031144227,False,0.5735621452331543,valid,False,2.3233058081283573e-05,0.0014697684635932877,0.00040200229563104996,6.079173890485084e-05,1.0848382590623837e-06,0.005273128039290727,0.9029767031144227,0.08525926184912504,0.004418042627967552,0.0001159839747244761
P06,2,B,alpha,1799551287-α-3,P06-T02-Bα,0,60,C4,7,7,L3,L,False,60,True,L3,True,0.7798146992330379,False,2.5858371257781982,valid,False,0.0006059585627050311,0.06943990436519264,0.7798146992330379,0.11389875973778764,0.0019521495894655539,0.004927485627921542,0.02677342642538136,0.0023609316931767982,0.00022291969742097722,3.765067910445568e-06
P06,2,B,alpha,1799551287-α-3,P06-T02-Bα,1,59,B3,6,6,L2,L,False,59,True,L2,True,0.8896780565224993,False,0.773665189743042,valid,False,0.00398968005525026,0.8896780565224993,0.08743185264798584,0.00930786426801179,0.00021672189506116712,0.0037915441022476383,0.005108264217468675,0.0004277825227480219,4.739965461268776e-05,8.341141145568482e-07
P06,2,B,alpha,1799551287-α-3,P06-T02-Bα,2,64,E4,9,9,R3,R,False,64,True,R3,True,0.6029779865243887,False,0.7354202270507812,valid,False,0.00032233987525252203,0.00023737376549118683,1.1818143891247019e-05,1.1158717839775614e-06,3.1734082068042154e-08,0.0030794784941506,0.3144194321140979,0.6029779865243887,0.07837371241415868,0.0005767110627031388
P06,2,B,alpha,1799551287-α-3,P06-T02-Bα,3,60,C4,7,7,L2,L,False,60,True,L2,True,0.9130010226255639,False,0.869927167892456,valid,False,0.005678783292193534,0.9130010226255639,0.031713326937710076,0.0024515905075131834,3.0099009963875405e-05,0.020948869828886652,0.02396841688699116,0.0020071925424551,0.00019725400814539745,3.4443605769584882e-06
P06,2,B,alpha,1799551287-α-3,P06-T02-Bα,4,59,B3,6,6,L1,L,False,59,True,L1,True,0.9317489988909295,False,1.5018517971038818,valid,False,0.9317489988909295,0.05665971497354158,0.0006146141086134924,2.9512642855298773e-05,1.303194741071672e-06,0.007128620538879132,0.003445480815868064,0.0003253230676528404,4.582449359876939e-05,6.072733201772383e-07
P06,2,B,alpha,1799551287-α-3,P06-T02-Bα,5,64,E4,9,9,R3,R,False,64,True,R3,True,0.5907883071260595,False,0.8068158626556396,valid,False,0.00010227505810609157,1.4142904334395622e-05,9.316603499044227e-07,7.496102537744154e-08,4.042924502420984e-09,0.0034726637864891355,0.25900222016889907,0.5907883071260595,0.14568660286948765,0.0009327774223244441
P06,2,B,alpha,1799551287-α-3,P06-T02-Bα,6,65,F4,10,10,R2,R,False,65,True,R2,True,0.7446844146424015,False,0.9118800163269043,valid,False,2.4434307841385047e-05,4.956579089609621e-06,3.265134303230775e-07,2.2386790656683253e-08,1.2074021669360884e-09,0.0163849819859428,0.7446844146424015,0.21549991694269105,0.022941798851572097,0.0004591465828386561
P06,2,B,alpha,1799551287-α-3,P06-T02-Bα,7,64,E4,9,9,R1,R,False,64,True,R1,True,0.8558500775940764,False,0.7418522834777832,valid,False,0.00020533159274419664,5.5692778954968204e-05,2.8859394997864286e-06,2.2309680396605606e-07,1.5920471164989936e-08,0.8558500775940764,0.13592390645689956,0.006501905044985547,0.0013662847814736939,9.367679409082489e-05
P06,2,B,alpha,1799551287-α-3,P06-T02-Bα,8,64,E4,9,9,R1,R,False,64,True,R1,True,0.8055339106158351,False,0.7409470081329346,valid,False,0.00021157831390552177,6.935654922338309e-05,4.05220257737584e-06,3.0097158507104934e-07,1.7584465294167472e-08,0.8055339106158351,0.1833698773273615,0.008771477818519053,0.0018432038874082474,0.0001962247291195067
P06,2,B,alpha,1799551287-α-3,P06-T02-Bα,9,62,D4,8,8,R2,R,False,62,True,R2,True,0.8575678149774748,False,0.8701097965240479,valid,False,0.0009031158790916053,0.0003806405682435701,1.895097799472519e-05,1.5247882369746322e-06,9.65065438921034e-08,0.06845497370350985,0.8575678149774748,0.06629405734936139,0.006259499691515171,0.00011932555802766137
P06,2,B,alpha,1799551287-α-3,P06-T02-Bα,10,57,A3,5,5,L2,L,False,57,True,L2,True,0.9229856251370249,False,1.1693940162658691,valid,False,0.007905934344429323,0.9229856251370249,0.0632828056984524,0.0030271260174682987,5.118102916675573e-05,0.0019911028336418077,0.0006890879690629804,6.006149411573677e-05,6.926599078624222e-06,1.488775592732162e-07
P06,2,B,alpha,1799551287-α-3,P06-T02-Bα,11,59,B3,6,6,L1,L,False,59,True,L1,True,0.9858263750982811,False,1.4191129207611084,valid,False,0.9858263750982811,0.0014527818692679777,0.00027076073329343936,3.96954085723371e-05,2.8327147512814244e-06,0.008309280705803427,0.003794225284620222,0.00027076073329343936,3.2499851754167693e-05,7.876003624002289e-07
P06,2,B,alpha,1799551287-α-3,P06-T02-Bα,12,64,E4,9,9,R2,R,False,64,True,R2,True,0.8075985297735749,False,1.2857987880706787,valid,False,0.00014282715054929712,1.104326063847955e-05,7.880610992039666e-07,1.251578353905647e-07,5.75216107835378e-09,0.053879047030908324,0.8075985297735749,0.12323154506725376,0.014791683038405437,0.000344405707574
P06,2,B,alpha,1799551287-α-3,P06-T02-Bα,13,65,F4,10,10,R3,R,False,65,True,R4,False,0.3237045326876143,False,1.5891520977020264,valid,False,1.5595815708467453e-05,8.249656272608922e-07,9.513926081610353e-08,1.1419720411133142e-08,5.462610639211958e-10,0.0006076844288237335,0.03216196337976664,0.3237045326876143,0.638953168894145,0.004556122723072436
P06,2,B,alpha,1799551287-α-3,P06-T02-Bα,14,67,G4,11,11,R4,R,False,67,True,R4,True,0.8675642513066915,False,1.1211960315704346,valid,False,4.085828756979866e-06,1.7789618182267325e-07,1.8938561451621415e-08,2.5630555781491786e-09,1.276070232999482e-10,8.152811141656807e-05,0.008138798478159149,0.10413514992266487,0.8675642513066915,0.020075986826905135
P06,2,B,alpha,1799551287-α-3,P06-T02-Bα,15,65,F4,10,10,R5,R,False,65,True,R5,True,0.9776278012985067,False,0.8191659450531006,valid,False,1.3833308777367649e-05,5.903051368409324e-07,7.9889112890395e-08,9.589220320569712e-09,4.4071343777729413e-10,1.696342642412006e-05,0.00019468484863611972,0.00113329466848543,0.021012742224986888,0.9776278012985067
P06,2,B,alpha,1799551287-α-3,P06-T02-Bα,16,60,C4,7,7,L1,L,False,60,True,L1,True,0.9321942517778188,False,1.0038020610809326,valid,False,0.9321942517778188,0.04284295486422051,0.0014618135082543342,0.00010619706762450514,1.8687999681423228e-06,0.017318347912999948,0.0055708141912171796,0.00044822551910004904,5.3801238997971935e-05,1.7251197987190023e-06
P06,2,B,alpha,1799551287-α-3,P06-T02-Bα,17,59,B3,6,6,L2,L,False,59,True,L2,True,0.9433425307075848,False,0.9663479328155518,valid,False,0.017983046479016846,0.9433425307075848,0.026827552876228216,0.0016313851704847838,2.446356164779269e-05,0.008078945749946408,0.0019144482323387216,0.0001736748253163026,2.3504331675251043e-05,4.480657610732578e-07
P06,2,B,alpha,1799551287-α-3,P06-T02-Bα,18,60,C4,7,7,L1,L,False,60,True,L1,True,0.8840371464994348,False,1.029439926147461,valid,False,0.8840371464994348,0.07112928115932332,0.0008028286343102098,5.752699763301936e-05,2.164640640281072e-06,0.027316444206755518,0.014946827690154776,0.00152882441320131,0.00017631186049838613,2.643898048464895e-06
P06,2,B,alpha,1799551287-α-3,P06-T02-Bα,19,59,B3,6,6,L2,L,False,59,True,L2,True,0.9380083323236423,False,0.9220180511474609,valid,False,0.017881360045569623,0.9380083323236423,0.03007694201086904,0.0010873666241951593,2.8545922635180264e-05,0.010441197476417181,0.002233922104892266,0.00021092742374708126,3.092342882554066e-05,4.826392064790924e-07
P06,2,B,alpha,1799551287-α-3,P06-T02-Bα,20,60,C4,7,7,L4,L,False,60,True,L4,True,0.6765274918266921,False,1.5683538913726807,valid,False,0.002501706465229128,0.016826881679926086,0.2885121992278188,0.6765274918266921,0.010558942013145809,0.0032578061559951437,0.0016769439929400453,0.00011497656949603868,2.058841139973373e-05,2.4636573569320646e-06
P06,2,B,alpha,1799551287-α-3,P06-T02-Bα,21,59,B3,6,6,L3,L,False,59,True,L3,True,0.7684475521699503,False,1.2105059623718262,valid,False,0.001576520989520699,0.17157819814010591,0.7684475521699503,0.05483739291034486,0.0005088369303455154,0.0021479381234235056,0.000790074774792632,9.870420926759065e-05,1.4470724270199816e-05,3.1102797863839213e-07
P06,2,B,alpha,1799551287-α-3,P06-T02-Bα,22,64,E4,9,9,R4,R,False,64,True,R4,True,0.714957786109621,False,1.3114337921142578,valid,False,0.00014009831788817784,5.682513693639426e-05,2.4108485465280666e-06,6.329042529263376e-08,4.169241223694842e-09,0.0008728597124802295,0.021507399115215316,0.18350162087188954,0.714957786109621,0.0789609324277563
P06,2,B,alpha,1799551287-α-3,P06-T02-Bα,23,62,D4,8,8,R2,R,False,62,True,R2,True,0.8891434237318132,False,1.1620311737060547,valid,False,0.0010681991631416583,0.000543491372796272,2.705884213475223e-05,7.393482922350755e-07,5.491404321095599e-08,0.03029636906069234,0.8891434237318132,0.07154013021739458,0.007030505111066298,0.00035002823862527465
P06,2,B,alpha,1799551287-α-3,P06-T02-Bα,24,64,E4,9,9,R1,R,False,64,True,R1,True,0.6078155583505511,False,1.8595571517944336,valid,False,0.00024209394255830254,9.16179082010526e-05,5.571290735297485e-06,1.5222840172444103e-07,9.634804739701639e-09,0.6078155583505511,0.37610617278869735,0.01359730318648809,0.0019934593133363486,0.00014806135622617953
P06,2,B,alpha,1799551287-α-3,P06-T02-Bα,25,65,F4,10,10,R2,R,False,65,True,R2,True,0.8415013057039933,False,1.2218420505523682,valid,False,3.314303570283023e-05,1.1055663650918306e-05,5.081100831580634e-07,1.695729497479781e-08,1.162645629396625e-09,0.05407118455619544,0.8415013057039933,0.0932410024380303,0.010753029891876124,0.00038875248052722974
P06,2,B,alpha,1799551287-α-3,P06-T02-Bα,26,64,E4,9,9,R1,R,False,64,True,R1,True,0.9481436470966366,False,0.7953071594238281,valid,False,0.00021530950573767112,9.970953369637966e-05,5.8255959092208165e-06,1.5293554761396951e-07,1.007459164213771e-08,0.9481436470966366,0.0491317771167468,0.0019241917650270849,0.00043801856539793434,4.135781070899714e-05
P06,2,B,alpha,1799551287-α-3,P06-T02-Bα,27,65,F4,10,10,R2,R,False,65,True,R2,True,0.8395803365769487,False,0.8864519596099854,valid,False,3.419389964988706e-05,1.4594685369620118e-05,9.614213146543425e-07,2.150773688778708e-08,1.4168168857506637e-09,0.06586663688492445,0.8395803365769487,0.08250857007833345,0.011622026893687428,0.00037265663521802273
P06,2,B,alpha,1799551287-α-3,P06-T02-Bα,28,60,C4,7,7,L4,L,False,60,True,L4,True,0.876614056360245,False,1.3178632259368896,valid,False,0.00031100782534145975,0.007227552844934311,0.1007594565205399,0.876614056360245,0.012107491820463417,0.0024021686069158796,0.0005577005122661882,1.650762015592319e-05,3.610412753392376e-06,4.474763844746682e-07
P06,2,B,alpha,1799551287-α-3,P06-T02-Bα,29,64,E4,9,9,R2,R,False,64,True,R2,True,0.8437176966282528,False,0.8369278907775879,valid,False,0.00012347975470311634,9.611767623962758e-05,7.4303520137175245e-06,7.015754955623037e-07,2.2494765606651328e-08,0.04519455681718081,0.8437176966282528,0.09730184548560857,0.013168372818239958,0.00038977639750012504
P06,3,C,gamma,1799551287-γ-3,P06-T03-Cγ,0,60,C4,7,7,R3,R,False,60,True,R3,True,0.765513246649803,False,0.8103530406951904,valid,False,0.0006580209071443978,0.0013631472342144648,0.0002467317708298997,2.845437133489369e-05,1.6749588709609093e-06,0.0022871813794891572,0.1887732424809236,0.765513246649803,0.041005459596591506,0.00012284065079800374
P06,3,C,gamma,1799551287-γ-3,P06-T03-Cγ,1,59,B3,6,6,L5,L,False,59,True,L5,True,0.9782681508102883,False,0.9406569004058838,valid,False,0.0007326373836848628,0.00041321059611271606,0.0011403648278161679,0.01934666141717668,0.9782681508102883,8.265449645158305e-05,1.540980398195857e-05,8.13458062383095e-07,9.27733661129118e-08,4.4330592386937246e-09
P06,3,C,gamma,1799551287-γ-3,P06-T03-Cγ,2,62,D4,8,8,L2,L,False,62,True,L2,True,0.8404742766331504,False,0.7144608497619629,valid,False,0.005894185447172722,0.8404742766331504,0.13348196132395299,0.005441018934919361,3.8157473126320295e-05,0.005306588024590698,0.008796177377901705,0.0005137422222503932,5.2547715659158843e-05,1.3448472762438616e-06
P06,3,C,gamma,1799551287-γ-3,P06-T03-Cγ,3,53,F3,3,3,L2,L,False,53,True,L2,True,0.9172858673246694,False,0.51350998878479,valid,False,0.012754797818238697,0.9172858673246694,0.0654586840384191,0.004312074736106362,0.00017379448720315522,1.1693544204492964e-05,2.8076285466482e-06,2.590263317556197e-07,2.084115679083106e-08,5.55123658788823e-10
P06,3,C,gamma,1799551287-γ-3,P06-T03-Cγ,4,69,A4,12,12,R3,R,False,69,True,R3,True,0.5654287034670646,False,0.6712751388549805,valid,False,2.2358641568009802e-07,1.3463934629436264e-07,1.0518070401665116e-08,1.0758324872124935e-09,2.155954807536165e-11,0.006155876924103957,0.39103709684832216,0.5654287034670646,0.037247476986532295,0.00013047593275260114
P06,3,C,gamma,1799551287-γ-3,P06-T03-Cγ,5,62,D4,8,8,L2,L,False,62,True,L2,True,0.9121359511243459,False,0.6754136085510254,valid,False,0.008463722157373814,0.9121359511243459,0.06509117948025502,0.003653877922718149,3.67281807101058e-05,0.00732785553715069,0.0031096854635688973,0.00016134490281846265,1.9366491437322813e-05,2.887396218252214e-07
P06,3,C,gamma,1799551287-γ-3,P06-T03-Cγ,6,60,C4,7,7,R2,R,False,60,True,R2,True,0.9023382075126165,False,0.5788471698760986,valid,False,0.0012394819455107166,0.0005964505015353519,2.5349136888432424e-05,1.604391700059489e-06,7.28174600299042e-08,0.011496637606746388,0.9023382075126165,0.08185827536038176,0.002422958714485071,2.0962012676083677e-05
P06,3,C,gamma,1799551287-γ-3,P06-T03-Cγ,7,57,A3,5,5,L4,L,False,57,True,L4,True,0.816186589834627,False,0.7996370792388916,valid,False,0.0006932082505936303,0.011494560687084885,0.16445619472491055,0.816186589834627,0.0071014500232274205,6.323918776274746e-05,4.629265757456122e-06,1.0356024812161047e-07,2.3574215490857524e-08,8.915726928057752e-10
P06,3,C,gamma,1799551287-γ-3,P06-T03-Cγ,8,57,A3,5,5,R4,R,False,57,True,R4,True,0.7115847543703379,False,0.7740061283111572,valid,False,8.575901643202586e-05,3.877729531677061e-06,3.810783850818263e-07,6.823823846893524e-08,1.2555937655963933e-08,0.0007542401495958761,0.020562848652488617,0.2616029900939513,0.7115847543703379,0.0054050681151013155
P06,3,C,gamma,1799551287-γ-3,P06-T03-Cγ,9,52,E3,2,2,L2,L,False,52,True,L2,True,0.897046051515209,False,0.6260380744934082,valid,False,0.009023234889735674,0.897046051515209,0.0881559319346344,0.005579544823535134,0.0001941931408715146,9.092216663471301e-07,1.2329343015753591e-07,9.920643202803193e-09,1.2393880604726293e-09,2.0886547290478607e-11
P06,3,C,gamma,1799551287-γ-3,P06-T03-Cγ,10,64,E4,9,9,R2,R,False,64,True,R2,True,0.8557898569746384,False,0.4752068519592285,valid,False,1.1912150849508436e-06,6.719073794153021e-08,6.344164473163547e-09,7.925778138550283e-10,4.370339579376735e-11,0.012872246728835869,0.8557898569746384,0.12546475115301858,0.005766266698650046,0.00010561285858860765
P06,3,C,gamma,1799551287-γ-3,P06-T03-Cγ,11,55,G3,4,4,L5,L,False,55,True,L5,True,0.8411012737157874,False,0.8567121028900146,valid,False,0.00044845965900621425,0.001178221755975576,0.0066506332341348205,0.15061276508773652,0.8411012737157874,6.833666190856265e-06,1.753301566964438e-06,5.19469305590347e-08,7.2273777146183175e-09,4.0529357272867035e-10
P06,3,C,gamma,1799551287-γ-3,P06-T03-Cγ,12,52,E3,2,2,L2,L,False,52,True,L2,True,0.9058014965091225,False,0.5843009948730469,valid,False,0.014569483114079868,0.9058014965091225,0.07585473906391214,0.003628503060733491,0.00014210631323691993,2.8624082130425807e-06,7.525116553676922e-07,4.9616862277393234e-08,7.274177448928576e-09,1.2800713700387046e-10
P06,3,C,gamma,1799551287-γ-3,P06-T03-Cγ,13,55,G3,4,4,L5,L,False,55,True,L5,True,0.9273185890537451,False,0.9809651374816895,valid,False,0.00011868604696166064,0.0006292788061483779,0.0030413368864654275,0.06887526975368907,0.9273185890537451,1.1825637645309664e-05,4.774178919591463e-06,2.0598590456333077e-07,3.2276513632634805e-08,1.3740072909230697e-09
P06,3,C,gamma,1799551287-γ-3,P06-T03-Cγ,14,59,B3,6,6,L3,L,False,59,True,L3,True,0.8091928224835058,False,0.6563351154327393,valid,False,0.0007788587117593816,0.09790294493844663,0.8091928224835058,0.0896611204553038,0.0010142215195927315,0.0006125211667923956,0.0007825465675387182,4.8608213289026035e-05,6.197519034507306e-06,1.584247370786253e-07
P06,3,C,gamma,1799551287-γ-3,P06-T03-Cγ,15,55,G3,4,4,L5,L,False,55,True,L5,True,0.9344294861697079,False,1.0320799350738525,valid,False,0.00015110343217920752,0.0005168851210726013,0.0028557870332906626,0.06198990540804066,0.9344294861697079,3.800271598450434e-05,1.762929677715807e-05,1.070035094804444e-06,1.2537700175749283e-07,5.410850827701297e-09
P06,3,C,gamma,1799551287-γ-3,P06-T03-Cγ,16,50,D3,1,1,L3,L,False,50,True,L3,True,0.7751640489085657,False,0.9320969581604004,valid,False,0.00041948244127877567,0.09714006297850984,0.7751640489085657,0.12310955905827758,0.004166762519190781,6.157626327881677e-08,2.1463042728428312e-08,9.126391070413217e-10,1.3311541697599443e-10,9.116711674825684e-12
P06,3,C,gamma,1799551287-γ-3,P06-T03-Cγ,17,71,B4,13,13,R5,R,False,71,True,R5,True,0.9756513681482901,False,0.7311344146728516,valid,False,3.28550505859328e-08,1.5543615707580692e-08,1.1955614118804671e-09,8.531678018441546e-11,4.865936810286568e-12,1.3650021695035667e-05,0.0002902842446231569,0.003074386342210265,0.020970261558770912,0.9756513681482901
P06,3,C,gamma,1799551287-γ-3,P06-T03-Cγ,18,64,E4,9,9,R1,R,False,64,True,R1,True,0.6997601019585057,False,0.5451009273529053,valid,False,6.81922096169487e-05,0.001431595702070537,0.00012792208115523868,1.1135642674000747e-05,4.216851765212701e-07,0.6997601019585057,0.2902485325689492,0.007320931432948236,0.0009907803290338704,4.038638986983141e-05
P06,3,C,gamma,1799551287-γ-3,P06-T03-Cγ,19,69,A4,12,12,R5,R,False,69,True,R5,True,0.8955248827592303,False,0.71946120262146,valid,False,3.109699556124371e-07,3.6728312812562537e-07,3.0353765090805766e-08,2.2544827455714763e-09,9.374843037493737e-11,0.00011235064974270558,0.0012145582128773342,0.015141056196394607,0.08800644122667506,0.8955248827592303
P06,3,C,gamma,1799551287-γ-3,P06-T03-Cγ,20,59,B3,6,6,L3,L,False,59,True,L3,True,0.8297436238610323,False,0.5270411968231201,valid,False,0.0003572237672639858,0.05548753251397595,0.8297436238610323,0.11211413396249016,0.0019908039348909283,0.0002689286537365014,3.619322856586551e-05,1.2571811662814458e-06,2.749604651182012e-07,2.7936412717720664e-08
P06,3,C,gamma,1799551287-γ-3,P06-T03-Cγ,21,64,E4,9,9,R3,R,False,64,True,R3,True,0.6399152914382904,False,0.68253493309021,valid,False,8.797340977030013e-06,1.911829840186215e-05,1.4464193512148194e-06,1.5385436860072758e-07,6.006631527791091e-09,0.004344982442176557,0.26162406827654366,0.6399152914382904,0.09381603689852543,0.0002700990247336656
P06,3,C,gamma,1799551287-γ-3,P06-T03-Cγ,22,53,F3,3,3,L5,L,False,53,True,L5,True,0.9732972426719068,False,0.6904110908508301,valid,False,4.330660162496174e-05,0.00013733452886908367,0.0009614521573477993,0.025551333995478563,0.9732972426719068,8.952148810093098e-06,3.636529884239079e-07,1.263158071893246e-08,1.5780660596197574e-09,3.3327637954340635e-11
P06,3,C,gamma,1799551287-γ-3,P06-T03-Cγ,23,65,F4,10,10,R5,R,False,65,True,R5,True,0.8828139652979018,False,0.7174839973449707,valid,False,1.0801433222003733e-06,1.4973914215008522e-06,8.811343791358443e-08,6.544500322608479e-09,2.783757234983273e-10,0.00011239115800371507,0.0011000777382417992,0.010005295407431319,0.1059655979273638,0.8828139652979018
P06,3,C,gamma,1799551287-γ-3,P06-T03-Cγ,24,71,B4,13,13,R2,R,False,71,True,R2,True,0.8898070047484059,False,0.7172799110412598,valid,False,4.5660022153425143e-07,1.6589019058794694e-06,1.4938324959546055e-07,1.410479976859231e-08,2.4618668499620714e-10,0.005131240811337168,0.8898070047484059,0.08072147029335794,0.02155891765103601,0.002779087259499628
P06,3,C,gamma,1799551287-γ-3,P06-T03-Cγ,25,67,G4,11,11,R5,R,False,67,True,R5,True,0.9379526308459987,False,0.7854180335998535,valid,False,1.7820849794956133e-06,4.39405577110463e-06,3.9512809581466966e-07,2.6028966278763612e-08,7.301070625831559e-10,3.501474871525388e-05,0.0005595709051654873,0.004409227250967757,0.057036958221233135,0.9379526308459987
P06,3,C,gamma,1799551287-γ-3,P06-T03-Cγ,26,69,A4,12,12,R5,R,False,69,True,R5,True,0.9662443766254555,False,0.7238278388977051,valid,False,3.02923641980599e-07,3.9912213709107887e-07,4.3333557638901855e-08,1.9134872028854625e-09,8.414179185742957e-11,2.4752003992882454e-05,0.0002549766721156501,0.002492825435159952,0.03098232188631022,0.9662443766254555
P06,3,C,gamma,1799551287-γ-3,P06-T03-Cγ,27,60,C4,7,7,L1,L,False,60,True,L1,True,0.762402798412318,False,0.6667649745941162,valid,False,0.762402798412318,0.22963131002745563,0.00602437603278542,0.0002660883248426385,4.87553724190582e-06,0.0016010083294337332,6.56429562049147e-05,2.7849510637090594e-06,9.457569203757104e-07,1.6967173364401048e-07
P06,3,C,gamma,1799551287-γ-3,P06-T03-Cγ,28,59,B3,6,6,L1,L,False,59,True,L1,True,0.6848152513870087,False,0.5945520401000977,valid,False,0.6848152513870087,0.3077073275173993,0.0054148712080726285,0.0003712606493646448,1.289583479167271e-05,0.0014705019041935297,0.00019576292775527976,9.746462268045323e-06,2.131667153752756e-06,2.504419923523396e-07
P06,3,C,gamma,1799551287-γ-3,P06-T03-Cγ,29,71,B4,13,13,R5,R,False,71,True,R5,True,0.9304418587200407,False,0.7238199710845947,valid,False,4.4697078404265057e-07,1.761208043938312e-07,5.647258172577909e-09,3.7201174530106733e-10,1.3449278038398651e-11,2.1196110491487425e-06,0.00020102210340464382,0.005560341850182848,0.06379402859101502,0.9304418587200407
P06,4,B,beta,1799551287-β-6,P06-T04-Bβ,0,64,E4,9,9,R4,R,False,64,True,R4,True,0.8636272009496265,False,1.2417290210723877,valid,False,5.895255725582427e-05,0.00014376555173325272,1.5625379358775533e-05,1.4175024347987488e-06,6.086427648463477e-08,0.0009675638075682083,0.012755093002652505,0.09959791148127882,0.8636272009496265,0.022832408903814903
P06,4,B,beta,1799551287-β-6,P06-T04-Bβ,1,62,D4,8,8,R2,R,False,62,True,R3,False,0.19492096333650952,False,1.7188100814819336,valid,False,0.000249224711321803,0.0012293136027545456,0.00011562019970290632,1.1362411593096955e-05,4.869738504860888e-07,0.002319372783334513,0.19492096333650952,0.708078809183951,0.09207057475852008,0.0010042720384619566
P06,4,B,beta,1799551287-β-6,P06-T04-Bβ,2,60,C4,7,7,L2,L,False,60,True,L2,True,0.8765017107144646,False,0.9527475833892822,valid,False,0.005237994290741516,0.8765017107144646,0.07639663541375595,0.0023535825487108067,3.257984791443891e-05,0.021236546915730698,0.01739075348588833,0.000799266102778202,4.860342176415633e-05,2.327258251326536e-06
P06,4,B,beta,1799551287-β-6,P06-T04-Bβ,3,59,B3,6,6,L3,L,False,59,True,L3,True,0.8398103032829515,False,1.080183744430542,valid,False,0.0007728462679878926,0.1001978643310328,0.8398103032829515,0.0471425522004504,0.0006868140693705696,0.007350273147990658,0.003793071211217542,0.00023065689789605035,1.4598682952190096e-05,1.019908150314509e-06
P06,4,B,beta,1799551287-β-6,P06-T04-Bβ,4,57,A3,5,5,L4,L,False,57,True,L4,True,0.7505669799065661,False,0.8539910316467285,valid,False,0.00024333226874496595,0.011658898239041331,0.22592066562653537,0.7505669799065661,0.00972292456357568,0.001474168708240834,0.00039095175871086996,2.025869680317007e-05,1.6965286165917694e-06,1.2370316520162907e-07
P06,4,B,beta,1799551287-β-6,P06-T04-Bβ,5,60,C4,7,7,R4,R,False,60,True,R2,False,0.00221520954575025,False,1.246885061264038,valid,False,0.0032623700402608148,0.015726497083138082,0.000882803183973652,7.694587718849159e-05,2.277554503277338e-06,0.01394815166100793,0.9301510590750048,0.03362759474458675,0.00221520954575025,0.0001070912345858898
P06,4,B,beta,1799551287-β-6,P06-T04-Bβ,6,59,B3,6,6,L2,L,False,59,True,L2,True,0.8955884918956823,False,0.7395870685577393,valid,False,0.008649322853431068,0.8955884918956823,0.08456166529683015,0.003181908057831606,5.599353927674149e-05,0.006150647900276789,0.0017462681671193288,5.379800119785399e-05,1.0435738547525182e-05,1.4685498065863825e-06
P06,4,B,beta,1799551287-β-6,P06-T04-Bβ,7,64,E4,9,9,R2,R,False,64,True,R2,True,0.8688960819891236,False,0.6589868068695068,valid,False,0.00011600503827945058,8.779274038277512e-05,4.5493247422616425e-06,3.246455892320695e-07,1.0834484890870999e-08,0.019557008441214992,0.8688960819891236,0.10020554582489397,0.010249444763196714,0.0008832363980922466
P06,4,B,beta,1799551287-β-6,P06-T04-Bβ,8,57,A3,5,5,L1,L,False,57,True,L1,True,0.9724999412500082,False,1.0882749557495117,valid,False,0.9724999412500082,0.023567532306189194,0.0006382807167326876,5.612746663575846e-05,5.091768896515794e-06,0.00240352737621988,0.0007865256179531583,3.614813273655733e-05,6.219100574118551e-06,6.062640538462889e-07
P06,4,B,beta,1799551287-β-6,P06-T04-Bβ,9,59,B3,6,6,L3,L,False,59,True,L3,True,0.8374785549079563,False,1.0539579391479492,valid,False,0.00048402988197529935,0.0922241936348428,0.8374785549079563,0.05976353290447933,0.000891069423668419,0.005464859563786603,0.0034917242103355613,0.0001670262417456188,3.1129344777050666e-05,3.8798864328092365e-06
P06,4,B,beta,1799551287-β-6,P06-T04-Bβ,10,57,A3,5,5,L2,L,False,57,True,L2,True,0.9426605602328788,False,0.7187449932098389,valid,False,0.00506711153107289,0.9426605602328788,0.04693230576000327,0.0025312323031447138,9.340240386229639e-05,0.0020810877162863958,0.0005997191962878618,2.8687501481979327e-05,5.346603713832954e-06,5.467512681382459e-07
P06,4,B,beta,1799551287-β-6,P06-T04-Bβ,11,62,D4,8,8,R4,R,False,62,True,R4,True,0.7402740548888681,False,0.9782638549804688,valid,False,0.00031413689562693336,8.102645781787854e-05,1.5446166260266667e-06,1.5179501422375166e-07,7.557428751058817e-09,0.0010094898960889681,0.02002162044313871,0.19775333319022226,0.7402740548888681,0.040544634259168336
P06,4,B,beta,1799551287-β-6,P06-T04-Bβ,12,60,C4,7,7,R5,R,False,60,True,R5,True,0.857219843145128,False,0.8527030944824219,valid,False,9.248764375815957e-05,1.1721792206558762e-05,3.469584284695373e-07,3.4096848821355873e-08,4.229717252537442e-09,0.003725914405776968,0.0027508712608256265,0.010524379385947746,0.1256743970813625,0.857219843145128
P06,4,B,beta,1799551287-β-6,P06-T04-Bβ,13,62,D4,8,8,R4,R,False,62,True,R4,True,0.8790583181845135,False,0.9075288772583008,valid,False,2.2035305817062566e-05,1.2294986940871065e-06,3.942348873691877e-08,4.032400271414672e-09,4.838521428634293e-10,0.00018628767664281417,0.0038706776649759973,0.03881672620680552,0.8790583181845135,0.07804468152280973
P06,4,B,beta,1799551287-β-6,P06-T04-Bβ,14,64,E4,9,9,R2,R,False,64,True,R2,True,0.7975407857202808,False,0.6775069236755371,valid,False,1.5953471130986574e-05,1.8027048912303262e-06,6.517288663484652e-08,5.457787747956562e-09,4.04824265335946e-10,0.028619018531087274,0.7975407857202808,0.16102070759564624,0.012447664006677897,0.0003539969347869764
P06,4,B,beta,1799551287-β-6,P06-T04-Bβ,15,60,C4,7,7,L3,L,False,60,True,L3,True,0.8435457592094909,False,0.9190652370452881,valid,False,0.0010531108113589148,0.10022822512059708,0.8435457592094909,0.04035091817508567,0.00039737219533266324,0.010692560466668685,0.0035170203854132014,0.00018224818804651516,3.1354864694460414e-05,1.4305833117710446e-06
P06,4,B,beta,1799551287-β-6,P06-T04-Bβ,16,59,B3,6,6,L2,L,False,59,True,L2,True,0.9338317918011256,False,0.6259119510650635,valid,False,0.006816160437247449,0.9338317918011256,0.052420426159730325,0.0020529880711638764,3.612740095191018e-05,0.003893452622403442,0.0008862965547958137,5.178246645598807e-05,1.045469967063904e-05,5.197864549264343e-07
P06,4,B,beta,1799551287-β-6,P06-T04-Bβ,17,57,A3,5,5,L1,L,False,57,True,L1,True,0.9390511249933562,False,0.8839981555938721,valid,False,0.9390511249933562,0.05710375771912738,0.001052064919910712,7.46361670643319e-05,3.86756535919634e-06,0.0020752900305447274,0.0005739975929940201,5.640880159179529e-05,8.60742500051113e-06,2.447850508300254e-07
P06,4,B,beta,1799551287-β-6,P06-T04-Bβ,18,59,B3,6,6,L2,L,False,59,True,L2,True,0.9326679287770414,False,0.769538164138794,valid,False,0.011448599468515874,0.9326679287770414,0.03956912806039159,0.0009589169770975641,2.226682886169682e-05,0.013301446023105113,0.0018927848681506154,0.00011510036636830389,2.1451712923653582e-05,2.3769175442229096e-06
P06,4,B,beta,1799551287-β-6,P06-T04-Bβ,19,62,D4,8,8,R3,R,False,62,True,R3,True,0.6028680199974001,False,0.7588651180267334,valid,False,4.886030310654079e-05,3.855318329854463e-06,1.2361956908551715e-07,7.824101131279157e-09,6.552154660928659e-10,0.0027395010205552663,0.2516615460991514,0.6028680199974001,0.13723548247273437,0.005442602689836716
P06,4,B,beta,1799551287-β-6,P06-T04-Bβ,20,57,A3,5,5,L2,L,False,57,True,L2,True,0.9229820541632355,False,0.6543490886688232,valid,False,0.008228549809870752,0.9229820541632355,0.06586517116284957,0.0021119459874024606,4.026026773556373e-05,0.0006912329270764209,7.335899074972607e-05,6.3940320961377255e-06,9.756660337625664e-07,5.699295019349963e-08
P06,4,B,beta,1799551287-β-6,P06-T04-Bβ,21,60,C4,7,7,R3,R,False,60,True,R3,True,0.6793666119566825,False,0.8607931137084961,valid,False,0.0006679263599565478,0.00010240301853742607,2.9122214943892503e-06,1.9967109125121181e-07,1.1203986896365171e-08,0.003794236494147675,0.15258297323698314,0.6793666119566825,0.16096080869436352,0.0025219171427566635
P06,4,B,beta,1799551287-β-6,P06-T04-Bβ,22,62,D4,8,8,R4,R,False,62,True,R4,True,0.8185013996296316,False,0.7605819702148438,valid,False,0.00018049971754298253,3.715990605368082e-05,8.312957805234399e-07,5.261417997923639e-08,2.6193986407977136e-09,0.0009559351949454404,0.009648036706690809,0.12489521513164298,0.8185013996296316,0.04578086718413338
P06,4,B,beta,1799551287-β-6,P06-T04-Bβ,23,64,E4,9,9,R2,R,False,64,True,R2,True,0.7797194958953452,False,0.5915219783782959,valid,False,4.874520672716584e-05,1.7230645496133767e-05,3.284697644110416e-07,1.91910647349178e-08,9.18002460870801e-10,0.022720945155688642,0.7797194958953452,0.17749354363340814,0.018895697192186277,0.001103993692317032
P06,4,B,beta,1799551287-β-6,P06-T04-Bβ,24,67,G4,11,11,R4,R,False,67,True,R4,True,0.7480191054091919,False,1.020348072052002,valid,False,5.066463583614586e-07,5.42139945747619e-08,1.4813281405198219e-09,1.1002354150599259e-10,6.176145408610368e-12,0.0003350943427100428,0.01077715396158567,0.11414031440255827,0.7480191054091919,0.1267277694260734
P06,4,B,beta,1799551287-β-6,P06-T04-Bβ,25,60,C4,7,7,R3,R,False,60,True,R3,True,0.6995545138022322,False,0.6981580257415771,valid,False,0.0007588314894619233,0.0002442516393271425,4.298211485530185e-06,3.192435469522745e-07,1.653607343964797e-08,0.004568484161371672,0.2280875771490066,0.6995545138022322,0.06605209333118753,0.0007296144363069447
P06,4,B,beta,1799551287-β-6,P06-T04-Bβ,26,60,C4,7,7,L3,L,False,60,True,L3,True,0.8847895073408688,False,1.3835747241973877,valid,False,0.0009092680637605319,0.06373669678070948,0.8847895073408688,0.03753785054919693,0.000327109646119013,0.010124953589229206,0.0023758369416785846,0.00017646191091226819,2.0350491234565134e-05,1.9646862905228417e-06
P06,4,B,beta,1799551287-β-6,P06-T04-Bβ,27,59,B3,6,6,L2,L,False,59,True,L2,True,0.9479512925924772,False,0.7227950096130371,valid,False,0.006647914003757113,0.9479512925924772,0.035669754678364377,0.0010144059008959671,1.1496681181386577e-05,0.006323249655585708,0.0021690800158174987,0.0001967744995559299,1.521160161403138e-05,8.203707508876835e-07
P06,4,B,beta,1799551287-β-6,P06-T04-Bβ,28,62,D4,8,8,R2,R,False,62,True,R2,True,0.8982846940990864,False,0.6947247982025146,valid,False,0.0010999505273461589,0.01013530614071482,0.0004319208389713998,1.907240123043514e-05,3.938608236051954e-07,0.020915427600146908,0.8982846940990864,0.06671881848590748,0.0023174954365950064,7.692060917772153e-05
P06,4,B,beta,1799551287-β-6,P06-T04-Bβ,29,60,C4,7,7,R1,R,False,60,True,R1,True,0.8603270377599511,False,0.8028647899627686,valid,False,0.0057435561954844614,0.10721258911912702,0.005569540713877389,0.00022702675464488547,5.959984452351378e-06,0.8603270377599511,0.02003163138470692,0.0007242001992103849,0.00014621349855161255,1.2244389993831903e-05
P06,5,A,alpha,1799551287-α-6,P06-T05-Aα,0,64,E4,9,9,R3,R,False,64,True,R2,False,0.12427877775043551,False,0.7251532077789307,valid,False,0.00010047697064641556,0.00016189026088940316,7.17270269729217e-06,3.716816869755698e-07,1.4491526431088455e-08,0.013106585596853326,0.8477003816499358,0.12427877775043551,0.013230532805392924,0.0014137960899361082
P06,5,A,alpha,1799551287-α-6,P06-T05-Aα,1,65,F4,10,10,R4,R,False,65,True,R2,False,0.018329126049171203,False,0.43416500091552734,valid,False,7.828554216849143e-05,0.0007251040015001606,0.00012663077608111403,8.595813794115666e-06,2.3007180388480945e-07,0.009938942520776737,0.7779196394969634,0.19112987949842303,0.018329126049171203,0.0017435662293177182
P06,5,A,alpha,1799551287-α-6,P06-T05-Aα,2,67,G4,11,11,R5,R,False,67,True,R2,False,0.001462280495024825,False,0.44158172607421875,valid,False,7.68123827367637e-06,0.0001173841654571662,8.651053727111519e-06,5.022238336649455e-07,1.3627871624895966e-08,0.003820830997038077,0.8839634725877356,0.09732992528931135,0.013289258321726847,0.001462280495024825
P06,5,A,alpha,1799551287-α-6,P06-T05-Aα,3,65,F4,10,10,R3,R,False,65,True,R2,False,0.09474237480023034,False,0.2692527770996094,valid,False,1.2693560528393476e-05,0.0012482826122345537,0.000269105943097247,1.9104332846248795e-05,4.1020503344515097e-07,0.003350678491828163,0.8928717349462697,0.09474237480023034,0.007145095891504406,0.00034051921642759797
P06,5,A,alpha,1799551287-α-6,P06-T05-Aα,4,60,C4,7,7,L3,L,False,60,True,R2,False,0.030244226579581385,False,0.31298184394836426,valid,False,4.4137300205516595e-05,0.01136928190243845,0.030244226579581385,0.002704704186438325,5.365995949640766e-05,0.0028832898134859937,0.9071014261321776,0.04349928841739745,0.002059838488583977,4.0147220194880755e-05
P06,5,A,alpha,1799551287-α-6,P06-T05-Aα,5,59,B3,6,6,L4,L,False,59,True,R2,False,0.019880123627522797,False,0.2941150665283203,valid,False,3.042401063491341e-05,0.0072970987759033105,0.11125841804527117,0.019880123627522797,0.0003599141164233181,0.0007912012089481712,0.7864088646397771,0.07134140264877123,0.002587698415104881,4.4854511643112434e-05
P06,5,A,alpha,1799551287-α-6,P06-T05-Aα,6,60,C4,7,7,L5,L,False,60,True,R2,False,4.67036957476986e-05,False,0.3059687614440918,valid,False,1.6016813915233155e-05,0.004381497320539207,0.03991942069853329,0.0026789067656069307,4.67036957476986e-05,0.0003892950956345679,0.805495493340555,0.1400777521359663,0.006811748454408274,0.00018316567909370184
P06,5,A,alpha,1799551287-α-6,P06-T05-Aα,7,59,B3,6,6,L4,L,False,59,True,R2,False,0.015938144577148004,False,0.28836584091186523,valid,False,1.4431708533663796e-05,0.006828140423274036,0.10091566884840703,0.015938144577148004,0.0002489523653591078,0.0007732899132443773,0.797652060770549,0.07531448561094575,0.002270598168933838,4.422761360496068e-05
P06,5,A,alpha,1799551287-α-6,P06-T05-Aα,8,60,C4,7,7,L5,L,False,60,True,R2,False,4.300928423770907e-05,False,0.2943089008331299,valid,False,2.724842153687732e-05,0.008453267694405287,0.03291585110885532,0.002312423726071457,4.300928423770907e-05,0.000598748342947541,0.8844346237787746,0.06837098903028563,0.0027913858999259076,5.2452712959536215e-05
P06,5,A,alpha,1799551287-α-6,P06-T05-Aα,9,59,B3,6,6,L3,L,False,59,True,R2,False,0.08486812062264541,False,0.27927494049072266,valid,False,2.3126131888886075e-05,0.007050169803585204,0.08486812062264541,0.014452175370824912,0.00026020298966215915,0.00036136253946313736,0.7909287989645836,0.09881090268861535,0.003198477703222261,4.666318550908091e-05
P06,5,A,alpha,1799551287-α-6,P06-T05-Aα,10,57,A3,5,5,L4,L,False,57,True,R2,False,0.09626918479874783,False,0.3752329349517822,valid,False,2.270020960533862e-05,0.004996670385507907,0.16489201526544064,0.09626918479874783,0.0013412520555740844,0.00028862455398770745,0.6218610262142745,0.10698799557189732,0.003296023155153592,4.450778981100131e-05
P06,5,A,alpha,1799551287-α-6,P06-T05-Aα,11,62,D4,8,8,R2,R,False,62,True,R2,True,0.7019909814305859,False,0.41233205795288086,valid,False,1.1737012566424951e-05,0.002558588745685903,0.004536196184627443,0.000275145188874621,5.2681319760074754e-06,0.0001743950105983417,0.7019909814305859,0.2797567727696941,0.010433486271562802,0.00025742925382839417
P06,5,A,alpha,1799551287-α-6,P06-T05-Aα,12,64,E4,9,9,R1,R,False,64,True,R2,False,0.0001095799630376606,False,0.36789917945861816,valid,False,1.1390190984330031e-05,0.0023542903671004934,0.0008638140473586509,5.990144215867569e-05,1.1343663876243324e-06,0.0001095799630376606,0.7169906270448773,0.2624155516919276,0.01686870917222588,0.0003250017139419522
P06,5,A,alpha,1799551287-α-6,P06-T05-Aα,13,65,F4,10,10,R2,R,False,65,True,R2,True,0.8374753243765034,False,0.34970593452453613,valid,False,4.695840236868384e-06,0.0005771759035092252,0.00012802671172278436,7.945458047383759e-06,1.449095127282719e-07,0.00014102963502051513,0.8374753243765034,0.14989830066426482,0.011517310984998223,0.000250045516184047
P06,5,A,alpha,1799551287-α-6,P06-T05-Aα,14,64,E4,9,9,R1,R,False,64,True,R2,False,0.0002385085435482995,False,0.2517259120941162,valid,False,1.3912185469387705e-05,0.0028430342876741353,0.0008290887446068983,5.279439893220754e-05,1.0039717817224645e-06,0.0002385085435482995,0.8622965824850305,0.12641868241351323,0.0071707490075656015,0.00013564396187772243
P06,5,A,alpha,1799551287-α-6,P06-T05-Aα,15,62,D4,8,8,R2,R,False,62,True,R2,True,0.8755991950461722,False,0.28718996047973633,valid,False,3.354649353090582e-05,0.011382828189389405,0.006205507655353428,0.0004197645563775536,8.485345630951945e-06,0.000314293834909333,0.8755991950461722,0.10085440763149964,0.005110826775618431,7.114447151813668e-05
P06,5,A,alpha,1799551287-α-6,P06-T05-Aα,16,59,B3,6,6,L5,L,False,59,True,R2,False,0.00033990797504237125,False,0.39284729957580566,valid,False,2.6865829839181174e-05,0.009242008708366114,0.11104332059528291,0.01695781792394875,0.00033990797504237125,0.00021271184360327486,0.7232531178299225,0.13479555925286252,0.004072267416548291,5.642262458402594e-05
P06,5,A,alpha,1799551287-α-6,P06-T05-Aα,17,64,E4,9,9,R3,R,False,64,True,R2,False,0.11810357515539231,False,0.318209171295166,valid,False,9.07371337745589e-06,0.0018318591494420173,0.0006531934171830996,4.848607549614877e-05,9.254950210078387e-07,0.0002507892914161594,0.8726739423074659,0.11810357515539231,0.006288566806126907,0.00013958858907913663
P06,5,A,alpha,1799551287-α-6,P06-T05-Aα,18,60,C4,7,7,L4,L,False,60,True,R2,False,0.002798869204359642,False,0.29969310760498047,valid,False,2.17020609814596e-05,0.010763596273702273,0.03896441609232056,0.002798869204359642,5.204377292893419e-05,0.00033859196592914137,0.8624002238353559,0.08122479387374706,0.0033720790707032484,6.368384997213644e-05
P06,5,A,alpha,1799551287-α-6,P06-T05-Aα,19,59,B3,6,6,L3,L,False,59,True,R2,False,0.10783130987035187,False,0.3013651371002197,valid,False,2.692698429945202e-05,0.010863919573874831,0.10783130987035187,0.01632041658136874,0.0003153557207516396,0.0002373747124537444,0.7848143302209126,0.07712651826449453,0.0024287086106754485,3.513946081724675e-05
P06,5,A,alpha,1799551287-α-6,P06-T05-Aα,20,62,D4,8,8,R4,R,False,62,True,R2,False,0.005429401196725503,False,0.3052940368652344,valid,False,1.2136246602038969e-05,0.001446276302240725,0.004009817160353102,0.00026042773886452125,5.066498158253096e-06,0.0001444255039414657,0.8434831293451421,0.1451169401252255,0.005429401196725503,9.237988274670743e-05
P06,5,A,alpha,1799551287-α-6,P06-T05-Aα,21,57,A3,5,5,L1,L,False,57,True,R2,False,3.296575706936287e-05,False,0.36498284339904785,valid,False,3.296575706936287e-05,0.005620420535608076,0.13691865189848207,0.08270291413651279,0.0016578129423460502,0.00014710448784908628,0.6781625223576495,0.09177931704372819,0.0029428749206131116,3.541592014178957e-05
P06,5,A,alpha,1799551287-α-6,P06-T05-Aα,22,55,G3,4,4,L2,L,False,55,True,R2,False,0.002292512410658352,False,0.3771200180053711,valid,False,2.098018132178398e-05,0.002292512410658352,0.06116957459288227,0.18624577198779785,0.007874905740631858,0.00012151162083773988,0.6688307000147888,0.0713121811370706,0.002110800282247692,2.1062031763074788e-05
P06,5,A,alpha,1799551287-α-6,P06-T05-Aα,23,53,F3,3,3,L3,L,False,53,True,R2,False,0.018404652321487844,False,0.4288909435272217,valid,False,1.8334804936203426e-05,0.0011676023245513502,0.018404652321487844,0.22652294682374333,0.047773232100471824,0.0001157408991928952,0.618663436721833,0.08508057819523736,0.0022335646035809816,1.9911204965213343e-05
P06,5,A,alpha,1799551287-α-6,P06-T05-Aα,24,55,G3,4,4,L2,L,False,55,True,R2,False,0.0019626795590470102,False,0.40056300163269043,valid,False,1.491688020133417e-05,0.0019626795590470102,0.04358269242681036,0.16193931349111904,0.006361559114173583,0.00013185162277714246,0.71139060777176,0.07276402398081853,0.0018353251457780553,1.7030007514953684e-05
P06,5,A,alpha,1799551287-α-6,P06-T05-Aα,25,53,F3,3,3,L3,L,False,53,True,R2,False,0.015348182876121719,False,0.3833589553833008,valid,False,2.5919746924072238e-05,0.0007619882457669885,0.015348182876121719,0.23278419983258186,0.03828950995291124,0.0001174890606419547,0.5497078830391371,0.15907678582821178,0.0038550617127567775,3.297970494639939e-05
P06,5,A,alpha,1799551287-α-6,P06-T05-Aα,26,55,G3,4,4,L4,L,False,55,True,R2,False,0.1483693117219957,False,0.3608999252319336,valid,False,2.5919249145979194e-05,0.002716029864469162,0.05564356020352956,0.1483693117219957,0.008873476720516957,9.272272233275302e-05,0.6262217333556848,0.15442437819976212,0.003595577129558165,3.7290833004910835e-05
P06,5,A,alpha,1799551287-α-6,P06-T05-Aα,27,62,D4,8,8,R4,R,False,62,True,R2,False,0.006101235147935767,False,0.39038586616516113,valid,False,8.699959172454862e-06,0.0041551746639652025,0.004795692145105237,0.0002969667841521528,5.774238041757234e-06,8.820056981967906e-05,0.789707729790504,0.19473952856755683,0.006101235147935767,0.00010099813374715467
P06,5,A,alpha,1799551287-α-6,P06-T05-Aα,28,57,A3,5,5,L4,L,False,57,True,R2,False,0.07577701448518531,False,0.3499140739440918,valid,False,3.407194170405423e-05,0.005829830160623563,0.12780694371629003,0.07577701448518531,0.0015622157881454576,0.00013163778602446566,0.6857553100077902,0.10053650276499862,0.002535829679263312,3.0643669974882347e-05
P06,5,A,alpha,1799551287-α-6,P06-T05-Aα,29,62,D4,8,8,R4,R,False,62,True,R2,False,0.006741728388721252,False,0.4186890125274658,valid,False,9.722256674670887e-06,0.0023492813438928746,0.0048049029014406615,0.00027555820460669706,5.855548746789338e-06,0.00011953867146002761,0.7842804492619598,0.20129402945705846,0.006741728388721252,0.00011893396543870829
P06,6,C,beta,1799551287-β-4,P06-T06-Cβ,0,62,D4,8,8,R4,R,False,62,True,R4,True,0.6544504831083211,False,1.0095019340515137,valid,False,0.00017012077482420982,0.000974760326064236,5.204380285952778e-05,5.292703579759999e-06,1.6542816877493633e-07,0.00010360991583851824,0.018284250962187557,0.3167155678683843,0.6544504831083211,0.009243705109771962
P06,6,C,beta,1799551287-β-4,P06-T06-Cβ,1,65,F4,10,10,R2,R,False,65,True,R2,True,0.9315672647518262,False,1.0351521968841553,valid,False,1.2535489272896818e-05,2.6980815652237337e-05,1.7238550167900607e-06,1.5524369192199187e-07,3.851618067949595e-09,0.0011204987212945052,0.9315672647518262,0.06387118997825848,0.0033097359032068143,8.991139016204543e-05
P06,6,C,beta,1799551287-β-4,P06-T06-Cβ,2,60,C4,7,7,R3,R,False,60,True,R3,True,0.7666649784681085,False,0.6173169612884521,valid,False,0.00022642627305642513,0.008001223216177888,0.000543899172876571,4.637699757676026e-05,1.1826144504787867e-06,0.0005036247218174774,0.15340401812416174,0.7666649784681085,0.07043921796539418,0.00016905244637996846
P06,6,C,beta,1799551287-β-4,P06-T06-Cβ,3,57,A3,5,5,L5,L,False,57,True,L5,True,0.9661700135699206,False,0.9153590202331543,valid,False,0.0001023536813687004,0.00023731026961603356,0.0012146035745881853,0.032176064197184356,0.9661700135699206,7.84177698294698e-05,2.0390609469365553e-05,7.718964231932227e-07,7.288263256233157e-08,1.5489676628726558e-09
P06,6,C,beta,1799551287-β-4,P06-T06-Cβ,4,60,C4,7,7,R3,R,False,60,True,R3,True,0.7557657901349869,False,0.7935099601745605,valid,False,0.0013601635444110772,0.00044385006135792756,1.7382897242700863e-05,1.1001943057044606e-06,5.262767303551912e-08,0.00039349310173897783,0.17065526163028272,0.7557657901349869,0.07114233927912123,0.00022056652887990713
P06,6,C,beta,1799551287-β-4,P06-T06-Cβ,5,57,A3,5,5,L5,L,False,57,True,L5,True,0.9000968450925508,False,0.8003480434417725,valid,False,0.0015910829349412494,0.0013907852106713353,0.004491740192337102,0.09203395280828018,0.9000968450925508,0.00023352058626513982,0.00015295838631661327,8.587070503727701e-06,5.22180295098844e-07,5.5378386568613726e-09
P06,6,C,beta,1799551287-β-4,P06-T06-Cβ,6,62,D4,8,8,R5,R,False,62,True,R5,True,0.9120982023559606,False,0.7757062911987305,valid,False,1.2972985490427003e-05,3.2742473774845e-07,1.6301517803612e-08,1.365141682923078e-09,2.343265352974856e-10,4.855930504658166e-05,0.0010195952766847722,0.005086415347386653,0.0817339094037071,0.9120982023559606
P06,6,C,beta,1799551287-β-4,P06-T06-Cβ,7,65,F4,10,10,R3,R,False,65,True,R3,True,0.5360663466009628,False,0.5915000438690186,valid,False,2.1327587212406787e-06,3.368940510501834e-07,1.816993840269077e-08,9.799717760774526e-10,7.575379165496129e-11,0.0002693790743347085,0.43889400365236864,0.5360663466009628,0.024637210804349132,0.0001305709895486244
P06,6,C,beta,1799551287-β-4,P06-T06-Cβ,8,69,A4,12,12,R5,R,False,69,True,R5,True,0.9656814302588838,False,0.643165111541748,valid,False,1.536053405764862e-07,2.9030428991364533e-08,9.308515705409089e-10,7.195923905190298e-11,5.562102515876224e-12,2.700253433581195e-06,0.00020479950573734296,0.0018829392700992597,0.03222794706770353,0.9656814302588838
P06,6,C,beta,1799551287-β-4,P06-T06-Cβ,9,64,E4,9,9,R4,R,False,64,True,R4,True,0.9141915445368411,False,0.762066125869751,valid,False,3.117117611280584e-05,9.077468877851214e-06,3.153082320349669e-07,2.536957635442382e-08,1.9583608868934954e-09,0.00012586011864379576,0.004837320716802259,0.04930572089567948,0.9141915445368411,0.03149896245087332
P06,6,C,beta,1799551287-β-4,P06-T06-Cβ,10,60,C4,7,7,R3,R,False,60,True,R3,True,0.8044634271247644,False,1.0764241218566895,valid,False,0.0006198293469982334,0.00041902508380018473,1.7080385937915123e-05,1.2188780250426664e-06,8.670350940924526e-08,0.0003570326227133963,0.0848822207627105,0.8044634271247644,0.10887228576342613,0.0003677933281147513
P06,6,C,beta,1799551287-β-4,P06-T06-Cβ,11,57,A3,5,5,L5,L,False,57,True,L5,True,0.9618654662304256,False,0.8756928443908691,valid,False,0.0009011335428711909,0.00045486412997249986,0.0013309143165432067,0.03532441487561186,0.9618654662304256,7.770465033029797e-05,4.4284719515525304e-05,1.1464037537130238e-06,6.969931604010501e-08,1.4316601684002872e-09
P06,6,C,beta,1799551287-β-4,P06-T06-Cβ,12,55,G3,4,4,L4,L,False,55,True,L4,True,0.9243084162242068,False,0.9084250926971436,valid,False,0.0004332408981336961,0.004862585129707935,0.04886756225203442,0.9243084162242068,0.021448250582277038,5.154397626873818e-05,2.710279103656767e-05,1.2420969980402356e-06,5.4847486336057547e-08,1.2018503557690877e-09
P06,6,C,beta,1799551287-β-4,P06-T06-Cβ,13,62,D4,8,8,R1,R,False,62,True,R1,True,0.9059196681203988,False,0.7167568206787109,valid,False,0.0004101193878563531,0.03456892023934911,0.022914808974126896,0.0010337340414611998,9.994891746680983e-06,0.9059196681203988,0.03408817791870622,0.0009314159121846555,0.00011636198755436513,6.798526615816739e-06
P06,6,C,beta,1799551287-β-4,P06-T06-Cβ,14,64,E4,9,9,R2,R,False,64,True,R2,True,0.8834409349860726,False,0.617722749710083,valid,False,4.0791510585982886e-05,0.004150494378118584,0.003052897693768435,0.00018615748426966669,1.8659244930209882e-06,0.01602317980690223,0.8834409349860726,0.086818908350751,0.006195507521409118,8.926234362939531e-05
P06,6,C,beta,1799551287-β-4,P06-T06-Cβ,15,59,B3,6,6,L3,L,False,59,True,L3,True,0.8610354564569297,False,0.5935201644897461,valid,False,0.0006173579414206882,0.07808534334093334,0.8610354564569297,0.058596991693406805,0.0006502419455496223,0.0007180352305547118,0.00028537385709731045,9.639709401696927e-06,1.5217333472372784e-06,3.809135877392276e-08
P06,6,C,beta,1799551287-β-4,P06-T06-Cβ,16,62,D4,8,8,R5,R,False,62,True,R5,True,0.6893893760437111,False,0.7607340812683105,valid,False,2.890218368313732e-05,2.6832878392573183e-06,9.320469791987102e-08,8.123800830952705e-09,7.533537409039121e-10,0.00042455390073710343,0.0033661042415888166,0.023985263782283422,0.28280301447830486,0.6893893760437111
P06,6,C,beta,1799551287-β-4,P06-T06-Cβ,17,60,C4,7,7,R5,R,False,60,True,R5,True,0.9079653256096858,False,1.0921590328216553,valid,False,6.723107646283886e-05,7.682626410256553e-06,3.259411188998431e-07,2.519679359635111e-08,2.4375046079654504e-09,0.00020429881733294704,0.0013145250982609037,0.006986094492595217,0.08345448870383478,0.9079653256096858
P06,6,C,beta,1799551287-β-4,P06-T06-Cβ,18,57,A3,5,5,L5,L,False,57,True,L5,True,0.9619531611122849,False,0.7789402008056641,valid,False,0.000261742325239459,0.0005546012272713052,0.0014184706528715901,0.03565461202823918,0.9619531611122849,9.442538485439964e-05,6.046179883754349e-05,2.1743310182004814e-06,3.0261127695450195e-07,4.852810657280407e-08
P06,6,C,beta,1799551287-β-4,P06-T06-Cβ,19,60,C4,7,7,L3,L,False,60,True,L3,True,0.7823127586375442,False,0.8097658157348633,valid,False,0.0006681334752454452,0.040211682957664904,0.7823127586375442,0.17110109962840983,0.0011999196637700466,0.002067757845917914,0.002347694373922036,7.594503740951179e-05,1.2061395366972468e-05,2.9469847490604925e-06
P06,6,C,beta,1799551287-β-4,P06-T06-Cβ,20,57,A3,5,5,L5,L,False,57,True,L5,True,0.9219142137200367,False,0.7139251232147217,valid,False,0.00019478780307996787,0.0009400347866224843,0.002615453886284249,0.07417685509271855,0.9219142137200367,0.00011001805504054111,4.65603973571263e-05,1.706095547978083e-06,3.038878219389457e-07,6.627549044033664e-08
P06,6,C,beta,1799551287-β-4,P06-T06-Cβ,21,53,F3,3,3,L4,L,False,53,True,L4,True,0.8709144904581626,False,0.8439919948577881,valid,False,0.00041112279120716867,0.004993557780724298,0.057371278185327314,0.8709144904581626,0.06630576333847486,2.8326813510554004e-06,9.180077323729277e-07,3.072431485732247e-08,4.686453947404164e-09,1.3462515137298718e-09
P06,6,C,beta,1799551287-β-4,P06-T06-Cβ,22,50,D3,1,1,L3,L,False,50,True,L3,True,0.6708003727198322,False,2.194883108139038,valid,False,3.5628216367316755e-05,0.0076556297545898105,0.6708003727198322,0.31404143856188665,0.007466841090283013,7.183408572961671e-08,1.7105603219471822e-08,5.968927341927314e-10,9.102862788930212e-11,2.943079007221323e-11
P06,6,C,beta,1799551287-β-4,P06-T06-Cβ,23,55,G3,4,4,L2,L,False,55,True,L2,True,0.9757099488239741,False,0.6602811813354492,valid,False,0.003406222978833369,0.9757099488239741,0.018600070269893958,0.002145055355191989,0.00011546574946926526,1.5692254443108752e-05,7.29057524762072e-06,2.0823680477772436e-07,3.5585856391683274e-08,1.0170285429208825e-08
P06,6,C,beta,1799551287-β-4,P06-T06-Cβ,24,64,E4,9,9,R4,R,False,64,True,R4,True,0.6608336215254625,False,1.1417291164398193,valid,False,2.7415368865751926e-05,0.0015588886969711336,8.683886179504578e-05,4.27350002720136e-06,1.0632564057889473e-07,0.00031655236430597975,0.0254572585610337,0.29693168661386815,0.6608336215254625,0.01478335818202981
P06,6,C,beta,1799551287-β-4,P06-T06-Cβ,25,60,C4,7,7,R5,R,False,60,True,R5,True,0.8356317650978045,False,1.0988218784332275,valid,False,7.18048116452573e-05,0.03586147228158998,0.02208004798609615,0.0011522506287625798,1.15980248344734e-05,6.222609305264229e-06,0.0008624298452634787,0.008709136428687128,0.09561327228601117,0.8356317650978045
P06,6,C,beta,1799551287-β-4,P06-T06-Cβ,26,57,A3,5,5,L1,L,False,57,True,L1,True,0.7521528499861989,False,1.0973539352416992,valid,False,0.7521528499861989,0.24541227741863078,0.002315243742279338,0.00011337431202024638,4.8099892069520825e-06,4.224108194408272e-09,3.544403901415504e-07,6.864286009694454e-07,3.4407555752500253e-07,5.538300726685125e-08
P06,6,C,beta,1799551287-β-4,P06-T06-Cβ,27,50,D3,1,1,L3,L,False,50,True,L3,True,0.7991835946800729,False,0.9463422298431396,valid,False,0.00023223156207016489,0.03605140493615533,0.7991835946800729,0.16135238500435872,0.0031769285883147045,3.064666274133187e-06,3.79593619423683e-07,8.838359282628497e-09,1.9330542362653026e-09,1.9772091909450537e-10
P06,6,C,beta,1799551287-β-4,P06-T06-Cβ,28,53,F3,3,3,L1,L,False,53,True,L1,True,0.89026306990758,False,0.939594030380249,valid,False,0.89026306990758,0.10685972608461566,0.002589635165933937,0.00016390258905827054,1.3187537860858671e-05,9.322293782534265e-05,1.6759716313792803e-05,3.9034367193660686e-07,9.625756439338585e-08,9.459575994480744e-09
P06,6,C,beta,1799551287-β-4,P06-T06-Cβ,29,62,D4,8,8,R4,R,False,62,True,R4,True,0.926924742572413,False,0.9043190479278564,valid,False,0.00012792620722099304,1.3730610142134005e-05,6.063048645513537e-07,3.5423765488929375e-08,2.1321813346972616e-09,2.5052687994584006e-05,0.0027634695276129236,0.045960048491434445,0.926924742572413,0.024184386042370488
P06,7,A,gamma,1799551287-γ-4,P06-T07-Aγ,0,53,F3,3,3,L2,L,False,53,True,L4,False,0.006086776627041713,False,2.040187120437622,valid,False,0.00023414142863988698,0.006086776627041713,0.3414321725386582,0.628358135089985,0.023797492418209214,7.3711843827753165e-06,7.379735721460039e-05,8.995080341236959e-06,1.100872750246522e-06,1.740277715126308e-08
P06,7,A,gamma,1799551287-γ-4,P06-T07-Aγ,1,48,C3,0,0,L2,L,False,48,True,L4,False,0.0012866942702905529,False,1.2194550037384033,valid,False,2.0578387685360996e-05,0.0012866942702905529,0.045892145269752174,0.8856253232151069,0.06717505170663372,1.2445530190478883e-07,7.385555932274708e-08,7.664426958408292e-09,1.1294891726395451e-09,4.575389213461808e-11
P06,7,A,gamma,1799551287-γ-4,P06-T07-Aγ,2,60,C4,7,7,R4,R,False,60,True,R3,False,0.140213007546659,False,0.6876606941223145,valid,False,0.00011658681591607781,0.01556434977888072,0.0019536891209171025,0.00011120443340777568,2.291190282326682e-06,0.0013133027100213867,0.12891206575489925,0.7112474863551143,0.140213007546659,0.00056601629390222
P06,7,A,gamma,1799551287-γ-4,P06-T07-Aγ,3,57,A3,5,5,L5,L,False,57,True,R2,False,0.00010462682101735875,False,0.5527269840240479,valid,False,8.632905413830303e-05,0.013503902589465482,0.05196357395151482,0.005855231156837372,0.00010462682101735875,0.009051936605431295,0.8312900110201493,0.08502783932774638,0.0030739971696261068,4.255230407392857e-05
P06,7,A,gamma,1799551287-γ-4,P06-T07-Aγ,4,48,C3,0,0,L2,L,False,48,True,L3,False,0.00673905192796599,False,0.6156570911407471,valid,False,2.6543648743571765e-05,0.00673905192796599,0.5749143571588571,0.4011041365080799,0.01721586154145328,4.030520425038074e-08,8.082745816643605e-09,7.044990075294231e-10,1.1188671907070312e-10,1.0564368987357774e-11
P06,7,A,gamma,1799551287-γ-4,P06-T07-Aγ,5,57,A3,5,5,L5,L,False,57,True,L2,False,5.854275753854732e-05,False,0.5943691730499268,valid,False,0.004419607302003003,0.9401607266466149,0.05277569941627456,0.002330425447591522,5.854275753854732e-05,0.00019884109515283817,5.21334160158725e-05,3.4342759774551077e-06,4.290448266119606e-07,1.605980048096904e-07
P06,7,A,gamma,1799551287-γ-4,P06-T07-Aγ,6,57,A3,5,5,R4,R,False,57,True,R1,False,8.95950550219587e-06,False,0.664024829864502,valid,False,0.03384540260060191,0.023687790745759666,0.0011793456573427918,9.48896878115699e-05,4.7242793744798964e-06,0.9391354866150261,0.0019836920042028837,5.871616287146902e-05,8.95950550219587e-06,9.927415070080112e-07
P06,7,A,gamma,1799551287-γ-4,P06-T07-Aγ,7,52,E3,2,2,L2,L,False,52,True,L2,True,0.7979955425886389,False,0.4582951068878174,valid,False,0.008683243226920143,0.7979955425886389,0.18165386065546413,0.011046382642571389,0.0006200860698158363,8.535643725016938e-07,2.8151864016334245e-08,2.3575278991607016e-09,6.050849422882704e-10,1.3774013753835455e-10
P06,7,A,gamma,1799551287-γ-4,P06-T07-Aγ,8,57,A3,5,5,L4,L,False,57,True,L2,False,0.004567419722336729,False,0.516916036605835,valid,False,0.007996056105204971,0.8969036415546093,0.07510960398916972,0.004567419722336729,0.00010634661499807269,0.014818500196511729,0.00046717490303611306,2.6224752383991628e-05,4.511833952697061e-06,5.203277966984285e-07
P06,7,A,gamma,1799551287-γ-4,P06-T07-Aγ,9,67,G4,11,11,R5,R,False,67,True,R2,False,0.005668414460462626,False,0.5112299919128418,valid,False,1.907313941225387e-06,2.190126541240055e-07,1.1812160002345143e-08,9.891883798075029e-10,8.26047817882797e-11,0.11785520517940402,0.8072383288095554,0.057605551978425276,0.011630360361604194,0.005668414460462626
P06,7,A,gamma,1799551287-γ-4,P06-T07-Aγ,10,55,G3,4,4,L1,L,False,55,True,L2,False,0.00489119962423765,False,0.47685909271240234,valid,False,0.00489119962423765,0.7902245468503031,0.1948669740854165,0.009701855361429399,0.0003085276500462536,6.5179007630515235e-06,3.3289519128630364e-07,3.019957041338098e-08,1.0255638988783446e-08,5.1774031750794926e-09
P06,7,A,gamma,1799551287-γ-4,P06-T07-Aγ,11,62,D4,8,8,R4,R,False,62,True,R1,False,0.00025640763063819016,False,0.4822251796722412,valid,False,0.00093938000280917,0.012172883799427544,0.0010397842152627106,9.817665768109726e-05,2.2161629499760503e-06,0.9716670516259411,0.012923058628654713,0.0008513033136006373,0.00025640763063819016,4.9737963034903486e-05
P06,7,A,gamma,1799551287-γ-4,P06-T07-Aγ,12,67,G4,11,11,R5,R,False,67,True,R2,False,0.001274034469559001,False,0.4590110778808594,valid,False,7.599251216015086e-06,5.899040742445625e-05,8.7672004400978e-06,4.838767216408827e-07,9.542956032406449e-09,0.17991942447500256,0.7784430092510967,0.034373839064633205,0.005913842460950275,0.001274034469559001
P06,7,A,gamma,1799551287-γ-4,P06-T07-Aγ,13,57,A3,5,5,L3,L,False,57,True,L3,True,0.8213998564789201,False,0.41603994369506836,valid,False,0.0006799321065985274,0.10083112368967616,0.8213998564789201,0.07595627315471766,0.0010158238214864905,0.00011222545288749204,4.406088598569903e-06,2.788691389527404e-07,6.099199559309325e-08,1.9345980564894766e-08
P06,7,A,gamma,1799551287-γ-4,P06-T07-Aγ,14,64,E4,9,9,R1,R,False,64,True,R1,True,0.9696628203690698,False,0.45365190505981445,valid,False,9.406283060412557e-05,0.0036365800349108823,0.0013419777080784514,7.518080845989409e-05,1.1760541609564093e-06,0.9696628203690698,0.023498777609986195,0.0012673757235576036,0.00033856079661674843,8.348806455534192e-05
P06,7,A,gamma,1799551287-γ-4,P06-T07-Aγ,15,57,A3,5,5,R2,R,False,57,True,L3,False,5.116673201646576e-07,False,0.41068387031555176,valid,False,0.0005868336402197446,0.07523374604131879,0.8141658487015418,0.10875227233780882,0.0012037500015299873,5.698159087859528e-05,5.116673201646576e-07,3.6513229557463744e-08,1.2380504148797339e-08,7.125648237842262e-09
P06,7,A,gamma,1799551287-γ-4,P06-T07-Aγ,16,59,B3,6,6,L5,L,False,59,True,L3,False,0.0004917208453740085,False,0.4272630214691162,valid,False,0.00092602661437127,0.11019522329832923,0.8254544647050931,0.061607289359929034,0.0004917208453740085,0.0012996997526438367,2.335714599103721e-05,1.6667955911342705e-06,4.1102673228496623e-07,1.4045594494122193e-07
P06,7,A,gamma,1799551287-γ-4,P06-T07-Aγ,17,52,E3,2,2,L2,L,False,52,True,L4,False,0.0039542529444398875,False,0.5702049732208252,valid,False,6.00405349090011e-05,0.0039542529444398875,0.13488290952403603,0.8159940515947254,0.04507558591354558,3.085910564889855e-05,2.079572500965341e-06,1.8125730986106117e-07,3.516030063238192e-08,4.3925838189694324e-09
P06,7,A,gamma,1799551287-γ-4,P06-T07-Aγ,18,53,F3,3,3,L4,L,False,53,True,L3,False,0.2615106397164074,False,0.46229124069213867,valid,False,0.0001024654448634276,0.021784345689360326,0.7108596198898105,0.2615106397164074,0.005659053094860736,7.665617323108549e-05,6.515801644065635e-06,5.679228192541387e-07,1.1016569249688032e-07,2.6101310606949657e-08
P06,7,A,gamma,1799551287-γ-4,P06-T07-Aγ,19,62,D4,8,8,R5,R,False,62,True,R2,False,0.0003725443192458225,False,0.37906312942504883,valid,False,0.00013427973251338305,0.00796728784613896,0.0007031379831628848,4.9862052833004205e-05,9.027135923356504e-07,0.02661518524381391,0.9092324023041268,0.049038256069222276,0.0058861417353505766,0.0003725443192458225
P06,7,A,gamma,1799551287-γ-4,P06-T07-Aγ,20,62,D4,8,8,L4,L,False,62,True,R2,False,7.925322449757363e-05,False,0.41353416442871094,valid,False,0.00015432295671695146,0.010191184984598058,0.000691105504732083,7.925322449757363e-05,9.694247005142674e-07,0.02662103512141086,0.8993764566929316,0.056923126365123485,0.00559403973171085,0.0003685059935779935
P06,7,A,gamma,1799551287-γ-4,P06-T07-Aγ,21,65,F4,10,10,R1,R,False,65,True,R2,False,0.013326988229043631,False,0.6330609321594238,valid,False,1.2081228157558754e-05,0.00019563216466661587,1.2946192447896348e-05,1.3177981673473245e-06,1.5281264643103063e-08,0.013326988229043631,0.5243579656308531,0.4124745849374074,0.04756868143303111,0.0020497871049607375
P06,7,A,gamma,1799551287-γ-4,P06-T07-Aγ,22,67,G4,11,11,R4,R,False,67,True,R2,False,0.0878169180214878,False,0.4875907897949219,valid,False,3.3338155164886255e-06,3.421445666721065e-05,1.9950976723271692e-06,2.11549200053122e-07,2.6719600587187797e-09,0.011978409719181906,0.5274894983084941,0.3535867847894661,0.0878169180214878,0.019088631570353825
P06,7,A,gamma,1799551287-γ-4,P06-T07-Aγ,23,71,B4,13,13,R5,R,False,71,True,R2,False,0.022000547207947616,False,0.7679891586303711,valid,False,1.32524495737638e-07,7.151926868073234e-07,3.808460159645589e-08,3.879303622280096e-09,4.622325795855758e-11,0.0004037898247904947,0.41466031645346796,0.41466031645346796,0.14827414033301511,0.022000547207947616
P06,7,A,gamma,1799551287-γ-4,P06-T07-Aγ,24,65,F4,10,10,R2,R,False,65,True,R2,True,0.527722983126723,False,0.5856802463531494,valid,False,8.306748088429158e-06,2.104883149550432e-05,2.088250787660491e-06,1.8944183741156322e-07,2.698458934452524e-09,0.0009885106185111591,0.527722983126723,0.43206303539190105,0.03765898205000625,0.0015348528421905794
P06,7,A,gamma,1799551287-γ-4,P06-T07-Aγ,25,52,E3,2,2,L2,L,False,52,True,L3,False,0.023126424691063005,False,0.6447999477386475,valid,False,0.00012078132463764555,0.023126424691063005,0.6703993446428378,0.30122984307323053,0.0051231976434967675,2.07498073550525e-07,1.3274933955442852e-07,5.86025484576878e-08,8.482688019449187e-09,1.292084468851585e-09
P06,7,A,gamma,1799551287-γ-4,P06-T07-Aγ,26,71,B4,13,13,R2,R,False,71,True,R4,False,0.011690916468956467,False,4.724556922912598,valid,False,1.5927231915610837e-07,8.026806288133481e-07,9.474642824831068e-08,6.9045429069036175e-09,3.314406548440246e-10,0.0001654393846662772,0.011690916468956467,0.33148451776997095,0.5249155185511388,0.13174254388990767
P06,7,A,gamma,1799551287-γ-4,P06-T07-Aγ,27,62,D4,8,8,L4,L,False,62,True,R3,False,0.0005656742615315279,False,1.346264123916626,valid,False,3.870571002991724e-05,0.0020426359450916834,0.002614650593051588,0.0005656742615315279,3.377282543944152e-05,0.0003799726185916057,0.20841448650632816,0.7201999058228666,0.0653350614154781,0.00037513430159144876
P06,7,A,gamma,1799551287-γ-4,P06-T07-Aγ,28,60,C4,7,7,L2,L,False,60,True,R3,False,0.0072586768054915506,False,0.4254951477050781,valid,False,9.954306464423055e-05,0.0072586768054915506,0.019590586701852725,0.005391431618054293,0.0003860883901951962,0.0003776083676178472,0.1406257793585499,0.6965240448687309,0.12939766436818284,0.00034857645668040873
P06,7,A,gamma,1799551287-γ-4,P06-T07-Aγ,29,65,F4,10,10,R4,R,False,65,True,R2,False,0.052243319793088536,False,0.3630661964416504,valid,False,7.365184218446305e-06,0.00016683591526763308,8.94413526960686e-05,1.764848361377772e-05,1.043988386320275e-06,0.0005795136580576094,0.47331202975093667,0.47331202975093667,0.052243319793088536,0.0002707721227983395
P06,8,A,beta,1799551287-β-5,P06-T08-Aβ,0,62,D4,8,8,R2,R,False,62,True,R2,True,0.9358905709501404,False,1.7306430339813232,valid,False,0.00013077641135852714,0.0006462795357190569,0.0002625270582454015,9.28282215378782e-05,1.0498358576479919e-05,0.016336271611432845,0.9358905709501404,0.04132627756384786,0.005162900625429029,0.0001410696637121759
P06,8,A,beta,1799551287-β-5,P06-T08-Aβ,1,64,E4,9,9,R3,R,False,64,True,R2,False,0.24281429409503918,False,0.3601529598236084,valid,False,4.985725006797864e-05,0.0001848269373066561,6.466520426123518e-05,1.9991254355373158e-05,2.2103270060853e-06,0.007963351168821475,0.7150102865280722,0.24281429409503918,0.03156540187383718,0.0023251153612328036
P06,8,A,beta,1799551287-β-5,P06-T08-Aβ,2,57,A3,5,5,L4,L,False,57,True,R2,False,0.004415332105585424,False,0.5129868984222412,valid,False,0.0012077513610444512,0.018337131871345762,0.011779628768478023,0.004415332105585424,0.0006031409338748597,0.009663247564175602,0.8930985876301224,0.05883265013870163,0.0020435673369730103,1.8962289698924476e-05
P06,8,A,beta,1799551287-β-5,P06-T08-Aβ,3,60,C4,7,7,R1,R,False,60,True,R2,False,0.012183624290982447,False,0.35723423957824707,valid,False,0.0017714758134713994,0.0034096970986503485,0.0003667772544341413,3.904655794738739e-05,2.1549452978106713e-06,0.012183624290982447,0.9270605009936597,0.05230016095844,0.00282074052689079,4.582156022607077e-05
P06,8,A,beta,1799551287-β-5,P06-T08-Aβ,4,59,B3,6,6,L5,L,False,59,True,R2,False,7.05124976601991e-05,False,0.37511491775512695,valid,False,0.0029520114127503084,0.12481693703774355,0.03845815596749906,0.002367842708245469,7.05124976601991e-05,0.0113797914879378,0.786590850920084,0.031880013931905926,0.0014651817422715705,1.8702293902226576e-05
P06,8,A,beta,1799551287-β-5,P06-T08-Aβ,5,64,E4,9,9,R1,R,False,64,True,R2,False,0.02721873567456819,False,0.31056904792785645,valid,False,5.528420856199984e-05,0.0002699152003385553,7.542341095468036e-05,2.9792179307465675e-06,9.950084367639785e-08,0.02721873567456819,0.8835125952528825,0.07398819457780867,0.013789474003443712,0.001087298952667462
P06,8,A,beta,1799551287-β-5,P06-T08-Aβ,6,59,B3,6,6,L5,L,False,59,True,R2,False,4.157213351060475e-05,False,0.3262510299682617,valid,False,0.0014194578431597088,0.05759146852423387,0.028749371793314188,0.001272496547224749,4.157213351060475e-05,0.015170150171124457,0.8768621810301955,0.017831753206398404,0.0010418320563984503,1.9716694440208455e-05
P06,8,A,beta,1799551287-β-5,P06-T08-Aβ,7,57,A3,5,5,L3,L,False,57,True,R2,False,0.1449941702285789,False,0.4698617458343506,valid,False,0.0013470508453670752,0.11271533182751858,0.1449941702285789,0.006944275449466298,0.00013907385998962024,0.009050834162946378,0.7051738192937367,0.018876497766098503,0.0007392771783477456,1.9669387950175176e-05
P06,8,A,beta,1799551287-β-5,P06-T08-Aβ,8,55,G3,4,4,L1,L,False,55,True,L3,False,0.0012247597389066166,False,0.2785069942474365,valid,False,0.0012247597389066166,0.12430248461816226,0.8174393006920787,0.05604621678511613,0.0009315282454013435,3.9725853671778446e-05,1.4789713851116788e-05,9.742687679790884e-07,1.8898869681527893e-07,3.1095347143126164e-08
P06,8,A,beta,1799551287-β-5,P06-T08-Aβ,9,57,A3,5,5,L3,L,False,57,True,L3,True,0.8393591766060164,False,0.37187695503234863,valid,False,0.0017090697504612165,0.12346395077652808,0.8393591766060164,0.028105048353501694,0.0002656006404170965,0.0018027949705396343,0.005025907836508975,0.0002407368662938916,2.667440511961404e-05,1.0397946135474747e-06
P06,8,A,beta,1799551287-β-5,P06-T08-Aβ,10,59,B3,6,6,L1,L,False,59,True,L2,False,0.008038365302567263,False,0.39705991744995117,valid,False,0.008038365302567263,0.8956992870564271,0.043130298947249464,0.0011784803175033992,1.231582698429803e-05,0.0054277039642091065,0.043120498036754794,0.0029571493354403565,0.0004165393858178462,1.936182704653391e-05
P06,8,A,beta,1799551287-β-5,P06-T08-Aβ,11,60,C4,7,8,R2,R,False,62,False,R2,True,0.8842299266693668,False,0.390549898147583,valid,False,0.0004023325964599283,0.0017221325670057205,5.103299609836725e-05,3.361786085623521e-06,8.017691080835672e-08,0.006717507156511064,0.8842299266693668,0.09413379552059718,0.012240096081636594,0.0004997344493277953
P06,8,A,beta,1799551287-β-5,P06-T08-Aβ,12,62,D4,8,8,R3,R,False,62,True,R2,False,0.07865288708808797,False,0.44710826873779297,valid,False,0.00038801788190196817,0.0016191164055993927,5.420643432386949e-05,3.4308210848284263e-06,7.579102628154084e-08,0.012001652358855584,0.9023877781000749,0.07865288708808797,0.0047828869894808255,0.00010994812956423048
P06,8,A,beta,1799551287-β-5,P06-T08-Aβ,13,57,A3,5,5,L3,L,False,57,True,L2,False,0.0359674773211461,False,0.3662600517272949,valid,False,0.005945384013320577,0.9558635018746501,0.0359674773211461,0.0014661136471518172,2.0676218364805845e-05,0.00035688589837538736,0.0003473630203929514,2.685280813107773e-05,5.4214884600431645e-06,3.237100072880537e-07
P06,8,A,beta,1799551287-β-5,P06-T08-Aβ,14,53,F3,3,3,L2,L,False,53,True,L2,True,0.7288126606931,False,0.37074804306030273,valid,False,0.002426722568101578,0.7288126606931,0.257602247192812,0.010928966241160132,0.00019503215836805019,1.69919323874057e-05,1.5381282933437635e-05,1.714586590999723e-06,2.723062292200156e-07,1.103831693017164e-08
P06,8,A,beta,1799551287-β-5,P06-T08-Aβ,15,59,B3,6,6,L3,L,False,59,True,R2,False,0.015539624540331786,False,0.36343908309936523,valid,False,0.0010190032599615366,0.13077151919137017,0.015539624540331786,0.0007835587371236723,1.08562349670381e-05,0.008908763270021592,0.8049244279447537,0.036408680264979225,0.0016077042263994354,2.586233009193041e-05
P06,8,A,beta,1799551287-β-5,P06-T08-Aβ,16,64,E4,9,9,R5,R,False,64,True,R2,False,0.0016230467782675682,False,0.4009220600128174,valid,False,4.561995170105036e-05,0.0004145155383975331,3.240897480538921e-05,2.0234455110882744e-06,3.1334313555290427e-08,0.01812026761613565,0.8774597361940836,0.08623111449924976,0.01607123566753479,0.0016230467782675682
P06,8,A,beta,1799551287-β-5,P06-T08-Aβ,17,62,D4,8,8,R4,R,False,62,True,R2,False,0.008483969590751603,False,0.28473997116088867,valid,False,0.00013287235827101008,0.0024196879995667404,0.00021964933820644387,1.4165222938793724e-05,2.3655426894364082e-07,0.012656595369520737,0.8784670961907705,0.09733692877532552,0.008483969590751603,0.000268798600379792
P06,8,A,beta,1799551287-β-5,P06-T08-Aβ,18,64,E4,9,9,R3,R,False,64,True,R3,True,0.5665943187265573,False,0.30408787727355957,valid,False,3.1336606237509066e-05,0.0002764617892012778,2.167298548731519e-05,1.6565127898499703e-06,2.3826176604906254e-08,0.00494896987117625,0.3500163183445414,0.5665943187265573,0.07668020260511424,0.0014290387327181536
P06,8,A,beta,1799551287-β-5,P06-T08-Aβ,19,62,D4,8,8,R5,R,False,62,True,R2,False,0.00022446081820066253,False,0.3484311103820801,valid,False,0.00016574205028363527,0.0029899654179734183,0.0002872814986167153,2.0254436072984603e-05,2.8791346682551864e-07,0.011451680453370847,0.8325586588791507,0.14323744109156508,0.009064227441298962,0.00022446081820066253
P06,8,A,beta,1799551287-β-5,P06-T08-Aβ,20,64,E4,9,9,R3,R,False,64,True,R3,True,0.5913388462176559,False,0.2831878662109375,valid,False,3.1881361581380114e-05,0.0002857357772596205,2.3623510474753733e-05,1.7288566607873366e-06,2.587517696904107e-08,0.0033905563966690672,0.28282423879599056,0.5913388462176559,0.12029016407130265,0.0018131991372282476
P06,8,A,beta,1799551287-β-5,P06-T08-Aβ,21,60,C4,7,7,L1,L,False,60,True,R2,False,0.00048381596853978056,False,0.32111096382141113,valid,False,0.00048381596853978056,0.024695307888555812,0.002717404396220996,0.00016760100602843458,2.7567909410274533e-06,0.007347047944775516,0.8691802911150911,0.09041758541966347,0.004897603203980117,9.058626620362662e-05
P06,8,A,beta,1799551287-β-5,P06-T08-Aβ,22,62,D4,8,8,R3,R,False,62,True,R2,False,0.16456946109444862,False,0.27578020095825195,valid,False,0.0001536456267018861,0.0027462575910308764,0.0002913531704559981,1.7331794681384266e-05,2.760988273869563e-07,0.007768460923355516,0.8151178768660344,0.16456946109444862,0.009138513317822049,0.00019682351664202001
P06,8,A,beta,1799551287-β-5,P06-T08-Aβ,23,57,A3,5,5,L3,L,False,57,True,L3,True,0.7646932701109981,False,0.4479560852050781,valid,False,0.001288142221938358,0.1913774152473426,0.7646932701109981,0.023673607644727736,0.0001313314494968675,0.0007583915643451782,0.01624300911801997,0.001706163827068918,0.00012601982277754643,2.648993284809426e-06
P06,8,A,beta,1799551287-β-5,P06-T08-Aβ,24,55,G3,4,4,L2,L,False,55,True,L3,False,0.11138099000348912,False,0.32254886627197266,valid,False,0.001252273966661661,0.11138099000348912,0.7777849880974376,0.10678063169725835,0.0010714849943439168,0.00015229463342624142,0.0014085132264021279,0.00015512099108299404,1.3444393617843635e-05,2.579962800427151e-07
P06,8,A,beta,1799551287-β-5,P06-T08-Aβ,25,57,A3,5,5,L4,L,False,57,True,L3,False,0.04438111259269667,False,0.39800214767456055,valid,False,0.001375939506469369,0.11613780473391705,0.8281023643807515,0.04438111259269667,0.00025009319695025754,0.0005177763716665599,0.008160802754349418,0.0009991371476943823,7.332117364319474e-05,1.6481418616510033e-06
P06,8,A,beta,1799551287-β-5,P06-T08-Aβ,26,60,C4,7,7,R4,R,False,60,True,R2,False,0.0046899667215543495,False,0.3756542205810547,valid,False,0.0007221898366136222,0.0528449606157393,0.03764430200276467,0.001550738943465145,1.1942120969048943e-05,0.005643887563307541,0.812287838132962,0.08449927562843892,0.0046899667215543495,0.00010489843418540213
P06,8,A,beta,1799551287-β-5,P06-T08-Aβ,27,62,D4,8,8,R5,R,False,62,True,R2,False,0.0003795171604164505,False,0.38899779319763184,valid,False,0.0002266900264767302,0.010137772526441689,0.003272405229476029,0.00014528011224610615,1.5904305188506153e-06,0.005192886432515241,0.656740980728311,0.30713570792819284,0.016767169425405133,0.0003795171604164505
P06,8,A,beta,1799551287-β-5,P06-T08-Aβ,28,59,B3,6,6,L2,L,False,59,True,R2,False,0.04289604858965603,False,0.45462512969970703,valid,False,0.0006823136776868943,0.04289604858965603,0.12519454240797864,0.0071239999752879075,8.978567540550215e-05,0.0031701592522482,0.7814627264700947,0.03804538214857813,0.0013215162005823942,1.352560248169433e-05
P06,8,A,beta,1799551287-β-5,P06-T08-Aβ,29,57,A3,5,5,L5,L,False,57,True,L3,False,0.0006391255331455402,False,0.9179139137268066,valid,False,0.002013691740057052,0.13320754787619685,0.7785859689072122,0.07263032665461037,0.0006391255331455402,0.0008330085787376514,0.011120112918680085,0.0009048100236112397,6.413951425299208e-05,1.2682534962065749e-06
P06,9,C,gamma,1799551287-γ-9,P06-T09-Cγ,0,62,D4,8,8,R2,R,False,62,True,R2,True,0.7443295705815396,False,0.7179088592529297,valid,False,3.773370811220991e-05,0.0004837662203069282,0.00031956914276851686,8.988842185975122e-05,1.5459283286102088e-06,0.0007816152103365426,0.7443295705815396,0.23333703439959647,0.020337854595882443,0.0002814217912690527
P06,9,C,gamma,1799551287-γ-9,P06-T09-Cγ,1,60,C4,7,7,L5,L,False,60,True,L5,True,0.945408902046996,False,0.8721060752868652,valid,False,0.0001227148602950772,0.001073652977656798,0.003966589987707173,0.04914307769577941,0.945408902046996,0.00017545070514753773,0.00010290779039760862,5.5810270213727564e-06,1.0363178334129257e-06,8.659116567406552e-08
P06,9,C,gamma,1799551287-γ-9,P06-T09-Cγ,2,72,C5,14,14,R4,R,False,72,True,R4,True,0.39831457779974627,True,1.4701039791107178,valid,False,2.9237679966713264e-08,1.208103233539886e-07,1.2956435231018765e-08,1.3800166639530763e-09,1.4447305499009165e-11,0.00028660127169415734,0.19388051932577013,0.39831457779974627,0.39831457779974627,0.00920355940414061
P06,9,C,gamma,1799551287-γ-9,P06-T09-Cγ,3,53,F3,3,3,L1,L,False,53,True,L1,True,0.6481690327175079,False,1.0708060264587402,valid,False,0.6481690327175079,0.3417746204512528,0.008620572650961278,0.0013690971599933848,6.549061135510442e-05,1.128235567826192e-06,4.849303802626345e-08,8.078986836618978e-09,1.551686147237574e-09,4.965083249067509e-11
P06,9,C,gamma,1799551287-γ-9,P06-T09-Cγ,4,55,G3,4,4,L5,L,False,55,True,L5,True,0.9289283666809018,False,0.9565777778625488,valid,False,0.0002214251131516559,0.0006078895042685095,0.0045724541309932155,0.06557175136230614,0.9289283666809018,5.7690643638725926e-05,3.848870443144952e-05,1.7892327681746508e-06,1.38316174736388e-07,6.311365599216138e-09
P06,9,C,gamma,1799551287-γ-9,P06-T09-Cγ,5,64,E4,9,9,R1,R,False,64,True,R1,True,0.9823970681563684,False,0.5668270587921143,valid,False,0.0001332566207798616,3.5084198783451645e-05,2.049817678754092e-06,1.9354424273968786e-07,9.258167463691264e-09,0.9823970681563684,0.016609844687172165,0.000677053877187494,0.00012618522308433156,1.9254616535394155e-05
P06,9,C,gamma,1799551287-γ-9,P06-T09-Cγ,6,57,A3,5,5,R3,R,False,57,True,R3,True,0.7377511346019443,False,0.8072719573974609,valid,False,0.010221989500953791,0.01717760587935737,0.0005966685882701415,7.161910233169696e-05,4.532899634903169e-06,0.0001382745056498153,0.07250144928101904,0.7377511346019443,0.16127005613028642,0.0002666695105526504
P06,9,C,gamma,1799551287-γ-9,P06-T09-Cγ,7,60,C4,7,7,L4,L,False,60,True,L4,True,0.8188642687209212,False,0.7699599266052246,valid,False,0.0006877631345263614,0.025504036299074904,0.14709532142230047,0.8188642687209212,0.005286184179068543,0.0019255233821957323,0.0006099911796320815,2.486458488916715e-05,2.0005947221727524e-06,4.650266949275024e-08
P06,9,C,gamma,1799551287-γ-9,P06-T09-Cγ,8,55,G3,4,4,L3,L,False,55,True,L3,True,0.7336456625871541,False,0.6362462043762207,valid,False,0.0012005674131328665,0.2102686955330523,0.7336456625871541,0.0544904885017738,0.000367154023479228,2.686046231998128e-05,5.41063540206292e-07,2.6937967467609113e-08,3.365365991926922e-09,1.1221392140160215e-10
P06,9,C,gamma,1799551287-γ-9,P06-T09-Cγ,9,57,A3,5,5,R3,R,False,57,True,R3,True,0.718986844448171,False,0.840580940246582,valid,False,0.0035257711490582506,0.00037450244795205666,1.4091874286456128e-05,2.0659668798601285e-06,1.30758697198797e-07,0.0005100746231892253,0.19359057739793833,0.718986844448171,0.08291724486075994,7.86964730677141e-05
P06,9,C,gamma,1799551287-γ-9,P06-T09-Cγ,10,60,C4,7,7,R2,R,False,60,True,R2,True,0.8920811920613845,False,0.5658869743347168,valid,False,0.0005231180762704561,0.00021730728893961317,1.6140189921601217e-05,1.1987896585362517e-06,3.69316057523376e-08,0.0017716609486828848,0.8920811920613845,0.10287937145025826,0.002493175379710472,1.679888356791393e-05
P06,9,C,gamma,1799551287-γ-9,P06-T09-Cγ,11,69,A4,12,12,R1,R,False,69,True,R1,True,0.9712989614699711,False,0.6371526718139648,valid,False,1.6571273090094797e-07,3.163122827488032e-08,1.5748261246809776e-09,1.8161701344273665e-10,5.8234923862272025e-12,0.9712989614699711,0.026539503236548998,0.001679732091227594,0.00039797515956098737,8.362893646564337e-05
P06,9,C,gamma,1799551287-γ-9,P06-T09-Cγ,12,60,C4,7,7,R4,R,False,60,True,R4,True,0.8508252432561393,False,1.3004059791564941,valid,False,0.0005146478935851722,0.0004257967125949913,1.880197715060857e-05,2.5445709030859312e-06,6.95271491033766e-08,0.0002870234711037192,0.008510832487602838,0.12977228609952893,0.8508252432561393,0.009642754004242209
P06,9,C,gamma,1799551287-γ-9,P06-T09-Cγ,13,53,F3,3,3,L5,L,False,53,True,L5,True,0.9346163512715777,False,0.8062801361083984,valid,False,0.000128672077050404,0.0007357306230835164,0.002886863815014826,0.061567622622915937,0.9346163512715777,3.242053847988825e-05,2.654627779804803e-05,5.517315417455415e-06,2.746909598959225e-07,7.677022499028584e-10
P06,9,C,gamma,1799551287-γ-9,P06-T09-Cγ,14,59,B3,6,6,R2,R,False,59,True,R2,True,0.924992851910391,False,0.5301289558410645,valid,False,0.0008990828613687217,0.006162230989158223,0.0007481034636525933,6.0192110493450756e-05,2.540802026194735e-06,0.0016649348771058232,0.924992851910391,0.0634204274971373,0.0020335560510541164,1.6079437612629795e-05
P06,9,C,gamma,1799551287-γ-9,P06-T09-Cγ,15,62,D4,8,8,R4,R,False,62,True,R4,True,0.718383495540009,False,0.6485671997070312,valid,False,8.566328441639382e-05,0.0001537434747940897,2.2754406564696764e-05,1.5601138849844184e-06,5.640253480099338e-08,0.00010914436659643363,0.01212463360718749,0.26427851888604587,0.718383495540009,0.004840429917966332
P06,9,C,gamma,1799551287-γ-9,P06-T09-Cγ,16,62,D4,8,8,L1,L,False,62,True,L1,True,0.566119397668,False,0.8906040191650391,valid,False,0.566119397668,0.4110870554853561,0.014355235579481198,0.0005301332390315585,5.4008712593622305e-06,0.003724907775633514,0.003970154480472414,0.0001976623525502614,9.84102906017268e-06,2.1151915544479654e-07
P06,9,C,gamma,1799551287-γ-9,P06-T09-Cγ,17,55,G3,4,4,L3,L,False,55,True,L3,True,0.7758034632165436,False,0.6738989353179932,valid,False,0.0008247727742961309,0.12125332810810001,0.7758034632165436,0.10087672421706548,0.0008787486353763314,0.00022382743918011785,0.00012611071900377687,1.2449176772534064e-05,5.721549103582129e-07,3.5587514854528626e-09
P06,9,C,gamma,1799551287-γ-9,P06-T09-Cγ,18,50,D3,1,1,L1,L,False,50,True,L1,True,0.7231965007721068,False,0.9199080467224121,valid,False,0.7231965007721068,0.26604912456118524,0.009618429238571865,0.001023963591216037,0.00010900963245966781,2.438476730908989e-06,4.923508285285476e-07,3.9614354046213436e-08,1.7492577034559861e-09,1.3289135311003262e-11
P06,9,C,gamma,1799551287-γ-9,P06-T09-Cγ,19,59,B3,6,6,R2,R,False,59,True,R2,True,0.8776690857670085,False,0.5272750854492188,valid,False,0.0008135333208547218,0.009083007645231006,0.000768949198913383,3.395461928260616e-05,1.0779783192954327e-06,0.00178024949383806,0.8776690857670085,0.10534804965877542,0.004469469078160061,3.262323961716587e-05
P06,9,C,gamma,1799551287-γ-9,P06-T09-Cγ,20,64,E4,9,9,R4,R,False,64,True,R4,True,0.5303201811736,False,1.12164306640625,valid,False,1.0520716402316484e-05,2.962161169537655e-05,2.7766251586848975e-06,1.4388170911759953e-07,4.24058039724207e-09,5.13042535453535e-05,0.06423556127290359,0.4008073706968616,0.5303201811736,0.0045425155275434625
P06,9,C,gamma,1799551287-γ-9,P06-T09-Cγ,21,60,C4,7,7,R1,R,False,60,True,R1,True,0.9649424000981232,False,0.7055089473724365,valid,False,0.0005519755691842075,0.004781584504328082,0.0005231266992584158,2.9365593195074344e-05,8.247818856004492e-07,0.9649424000981232,0.027441827775675016,0.0015404404939226598,0.0001776514864135637,1.0802998014271859e-05
P06,9,C,gamma,1799551287-γ-9,P06-T09-Cγ,22,52,E3,2,2,L4,L,False,52,True,L4,True,0.814604374275528,False,0.688206672668457,valid,False,0.0003356607277395035,0.009137230828356865,0.15610868303521128,0.814604374275528,0.01980917111456507,4.793220243360228e-06,7.811742341056595e-08,7.375864553945694e-09,1.2689796127608503e-09,3.60882887731796e-11
P06,9,C,gamma,1799551287-γ-9,P06-T09-Cγ,23,59,B3,6,6,L4,L,False,59,True,L4,True,0.8188073642582224,False,0.9904067516326904,valid,False,0.0005191344336675484,0.019142879307739436,0.15030999583156746,0.8188073642582224,0.007352606248493786,0.00371835560114007,0.00014072512537400804,7.5898249072251596e-06,1.3057903926043501e-06,4.3578495283985144e-08
P06,9,C,gamma,1799551287-γ-9,P06-T09-Cγ,24,62,D4,8,8,L3,L,False,62,True,L3,True,0.7990889420560586,False,0.808682918548584,valid,False,0.0008215785373399114,0.1081449283044019,0.7990889420560586,0.07249171331952758,0.0002575535179658059,0.017171721442238642,0.0019030773927262816,0.00010263998100767602,1.6966274747653617e-05,8.79173985878372e-07
P06,9,C,gamma,1799551287-γ-9,P06-T09-Cγ,25,64,E4,9,9,R3,R,False,64,True,R3,True,0.5429191973505421,False,0.7471387386322021,valid,False,1.984797247391619e-05,0.0001053852524966374,7.132884993580168e-06,4.167435559981155e-07,6.769796714000938e-09,0.004476288237577384,0.3787818709609592,0.5429191973505421,0.07347612334803004,0.00021373047957421303
P06,9,C,gamma,1799551287-γ-9,P06-T09-Cγ,26,53,F3,3,3,L5,L,False,53,True,L5,True,0.8995568198098599,False,1.4517161846160889,valid,False,0.00032381366224761834,0.0015019722498664186,0.006565982931913188,0.09201045570980322,0.8995568198098599,3.864318108345143e-05,2.202641889102637e-06,1.0123178388720368e-07,8.477476115166522e-09,1.0407721666168382e-10
P06,9,C,gamma,1799551287-γ-9,P06-T09-Cγ,27,65,F4,10,10,R5,R,False,65,True,R5,True,0.9575064338259419,False,0.898963212966919,valid,False,5.212461307575039e-06,1.3938751130592078e-06,1.0775315382541709e-07,1.058928878660206e-08,3.6782168804323913e-10,2.3096102644762614e-05,0.0005347693110596943,0.0028989031474576043,0.03903007256621105,0.9575064338259419
P06,9,C,gamma,1799551287-γ-9,P06-T09-Cγ,28,64,E4,9,9,R3,R,False,64,True,R3,True,0.6525914943906661,False,1.0226659774780273,valid,False,2.512801396788096e-05,1.9081258627326317e-05,1.4750717455169342e-06,1.7705526378563483e-07,5.2407358015569075e-09,0.00037973174055064036,0.14205607392524178,0.6525914943906661,0.20457841525300205,0.000348418050199273
P06,9,C,gamma,1799551287-γ-9,P06-T09-Cγ,29,57,A3,5,5,L5,L,False,57,True,L5,True,0.935034630451562,False,0.8716616630554199,valid,False,0.00025320632884814686,0.0026650109113457152,0.0022200683345784725,0.059179995238782535,0.935034630451562,0.000626570390311218,1.985267672206013e-05,5.876280175437377e-07,7.64085135972572e-08,1.6313190005145386e-09
P06,10,C,alpha,1799551287-α-1,P06-T10-Cα,0,57,A3,5,5,L5,L,False,57,True,L5,True,0.9494673256051914,False,1.0547571182250977,valid,False,5.5190462141660645e-05,0.0004178239393800221,0.003388204028849624,0.0466588576471341,0.9494673256051914,5.9939681625594086e-06,4.5823802684117965e-06,7.090588154253004e-07,6.698555291342408e-07,6.430545275366199e-07
P06,10,C,alpha,1799551287-α-1,P06-T10-Cα,1,59,B3,6,6,L4,L,False,59,True,L4,True,0.8566382424168735,False,0.9782359600067139,valid,False,0.00018144908148961421,0.009734351873154344,0.10229489586203681,0.8566382424168735,0.03054279658498551,0.00027128512222926145,0.00024229772958015943,3.5204451051567214e-05,3.2890016813880886e-05,2.658686178513319e-05
P06,10,C,alpha,1799551287-α-1,P06-T10-Cα,2,57,A3,5,5,L3,L,False,57,True,L3,True,0.7963292009749153,False,0.676875114440918,valid,False,0.0005718923864638888,0.12407505207941624,0.7963292009749153,0.07825812590126116,0.0006703285386504287,4.676111687794532e-05,3.320017882530582e-05,5.769312671642364e-06,5.430420810101406e-06,4.239090107923709e-06
P06,10,C,alpha,1799551287-α-1,P06-T10-Cα,3,62,D4,8,8,R3,R,False,62,True,R3,True,0.8217103249898688,False,1.5573811531066895,valid,False,0.00012493377725106722,8.838730071335803e-06,3.7498967348702264e-07,3.1402844821567686e-08,1.048015617752404e-09,1.4112107422318199e-05,0.10638650710999605,0.8217103249898688,0.07162097158121834,0.00013390426363825515
P06,10,C,alpha,1799551287-α-1,P06-T10-Cα,4,59,B3,6,6,L4,L,False,59,True,L4,True,0.8493439405947618,False,0.8370659351348877,valid,False,0.00045015589598183667,0.013469885565420683,0.12894226551093094,0.8493439405947618,0.0061994725563281955,0.0012491974712888617,0.0003343604142801437,9.896879405194627e-06,7.96299024989505e-07,2.8812577325897765e-08
P06,10,C,alpha,1799551287-α-1,P06-T10-Cα,5,60,C4,7,7,L2,L,False,60,True,L2,True,0.8887934548588046,False,0.8237009048461914,valid,False,0.004014307580134147,0.8887934548588046,0.09848112193012595,0.0029149855838320315,2.127686119289239e-05,0.004791588233356557,0.000951100897621836,2.815204935728143e-05,3.8099655734587834e-06,2.020400013738017e-07
P06,10,C,alpha,1799551287-α-1,P06-T10-Cα,6,59,B3,6,6,L3,L,False,59,True,L3,True,0.873375121243495,False,0.6917729377746582,valid,False,0.0008289173358614206,0.09268004386366041,0.873375121243495,0.03033691099228524,0.00016735552381582703,0.0024306263472177476,0.00017418543230812375,6.050376095623901e-06,7.558747695075246e-07,3.301049113440391e-08
P06,10,C,alpha,1799551287-α-1,P06-T10-Cα,7,57,A3,5,5,L4,L,False,57,True,L4,True,0.7964901666079481,False,1.868614912033081,valid,False,0.0003095856845856211,0.018214450663985998,0.1768842611787621,0.7964901666079481,0.007390643316865663,0.0006749020695126473,3.474272030722334e-05,1.0703332649005367e-06,1.699875742081202e-07,7.437193541903277e-09
P06,10,C,alpha,1799551287-α-1,P06-T10-Cα,8,59,B3,6,6,L3,L,False,59,True,L3,True,0.8099232349600297,False,0.718308687210083,valid,False,0.0007992344773918334,0.12145852851501666,0.8099232349600297,0.06516610498219316,0.00022244830788515857,0.002256491226212725,0.00016812281441394008,4.976340345488961e-06,8.225835265215505e-07,3.579298490223757e-08
P06,10,C,alpha,1799551287-α-1,P06-T10-Cα,9,64,E4,9,9,R2,R,False,64,True,R2,True,0.8620972307559028,False,0.581773042678833,valid,False,6.768928041241823e-05,6.583313875084578e-05,3.2776389798594316e-06,1.9149824018949443e-07,3.1107959283662243e-09,0.007107863771464833,0.8620972307559028,0.12638945606211038,0.004218029437299579,5.042530604310364e-05
P06,10,C,alpha,1799551287-α-1,P06-T10-Cα,10,65,F4,10,10,R3,R,False,65,True,R3,True,0.7079215139176069,False,0.8794569969177246,valid,False,1.9704675371240046e-05,2.7387549449838536e-05,1.665438597195934e-06,1.5725108406697685e-07,1.2941366450554024e-09,0.00033575560368404473,0.25021817355352594,0.7079215139176069,0.04136078590123383,0.000114854815310135
P06,10,C,alpha,1799551287-α-1,P06-T10-Cα,11,67,G4,11,11,R2,R,False,67,True,R2,True,0.9288425940498504,False,0.8292102813720703,valid,False,4.929909461239497e-06,5.061660378620349e-06,3.077998846114877e-07,3.2767915363845565e-08,2.6967165476814597e-10,0.0017376578981725082,0.9288425940498504,0.06628338672944424,0.0030463351822663798,7.969373295517958e-05
P06,10,C,alpha,1799551287-α-1,P06-T10-Cα,12,69,A4,12,12,R1,R,False,69,True,R1,True,0.9946433251947107,False,0.7052907943725586,valid,False,1.033909662552909e-06,8.608280404224411e-07,7.208851678518444e-08,5.572784079021147e-09,5.170994085885053e-11,0.9946433251947107,0.004492387087271323,0.00045950024948067153,0.00027318234011369,0.0001296326777096446
P06,10,C,alpha,1799551287-α-1,P06-T10-Cα,13,67,G4,11,11,R2,R,False,67,True,R2,True,0.8974265186383582,False,1.2151391506195068,valid,False,4.595465128151261e-06,4.3374495869893415e-06,2.637605810185479e-07,2.922550542833938e-08,2.605505990620343e-10,0.005901875040616625,0.8974265186383582,0.08819332180303086,0.008327233129065493,0.00014182522757665003
P06,10,C,alpha,1799551287-α-1,P06-T10-Cα,14,57,A3,5,5,L4,L,False,57,True,L4,True,0.8310645523103588,False,1.013193130493164,valid,False,0.00040974296676314127,0.01417029078246073,0.1490928020360502,0.8310645523103588,0.004584621140630804,0.0006557544542531994,2.1551873520946756e-05,5.888774103055032e-07,9.352399459722909e-08,2.0345570862621484e-09
P06,10,C,alpha,1799551287-α-1,P06-T10-Cα,15,59,B3,6,6,L3,L,False,59,True,L3,True,0.820056968246876,False,0.6251118183135986,valid,False,0.0006122428945535227,0.12507934895533906,0.820056968246876,0.04986771559533892,0.00022523157390953643,0.003886811136860578,0.0002643117004734364,6.405321250513196e-06,9.390646900067152e-07,2.5510708391912062e-08
P06,10,C,alpha,1799551287-α-1,P06-T10-Cα,16,57,A3,5,5,L2,L,False,57,True,L2,True,0.8845007846615797,False,0.5959670543670654,valid,False,0.002786773607277525,0.8845007846615797,0.10616806960259072,0.00550151440512484,4.179508210865343e-05,0.0009597866283770158,4.015627349849846e-05,9.731458407653892e-07,1.426699554243992e-07,3.923646845112168e-09
P06,10,C,alpha,1799551287-α-1,P06-T10-Cα,17,65,F4,10,10,R1,R,False,65,True,R1,True,0.9919318627970822,False,0.7057971954345703,valid,False,2.2501028022962677e-05,0.00039425874568644876,4.1518534247758145e-05,2.631120226695267e-06,2.1605391584312083e-08,0.9919318627970822,0.0072402404576546436,0.00028355601777502854,6.992405309069421e-05,1.3485640821879124e-05
P06,10,C,alpha,1799551287-α-1,P06-T10-Cα,18,64,E4,9,9,R3,R,False,64,True,R3,True,0.6428287092311391,False,1.1415879726409912,valid,False,5.612948086172811e-05,0.001611161241629479,0.00013888323923463703,1.0736332760958313e-05,7.529312683922319e-08,0.006460484958060328,0.27751591853741475,0.6428287092311391,0.07122745126879258,0.0001504504169796897
P06,10,C,alpha,1799551287-α-1,P06-T10-Cα,19,65,F4,10,10,R4,R,False,65,True,R3,True,0.44971626078394855,False,0.7767848968505859,valid,False,1.0794958748273938e-05,0.00016661547566281548,1.424451800488678e-05,1.101168767107682e-06,7.722417095223247e-09,0.0005982363167634636,0.09592438444216049,0.44971626078394855,0.44971626078394855,0.0038520938295786783
P06,10,C,alpha,1799551287-α-1,P06-T10-Cα,20,64,E4,9,9,R5,R,False,64,True,R5,True,0.9699957456080515,False,1.1071717739105225,valid,False,5.459799407216105e-05,2.836190763815475e-05,9.851582059780626e-07,7.926544183906982e-08,1.5110461771532813e-09,2.001179725942853e-06,0.000200195461908271,0.0021324929310579067,0.027585538982852077,0.9699957456080515
P06,10,C,alpha,1799551287-α-1,P06-T10-Cα,21,65,F4,10,10,R4,R,False,65,True,R4,True,0.8805756647342863,False,1.1417982578277588,valid,False,1.6223185011086614e-05,2.1080135194477522e-05,1.008365937550595e-06,9.147689402134964e-08,1.1230929211770766e-09,6.943394138755845e-06,0.006253695060493021,0.09006898332035355,0.8805756647342863,0.023056309204598252
P06,10,C,alpha,1799551287-α-1,P06-T10-Cα,22,64,E4,9,9,R5,R,False,64,True,R5,True,0.9548227454718998,False,1.3242740631103516,valid,False,6.114680923135334e-05,0.00013285801417807497,7.457953116500222e-06,7.329197940276992e-07,8.645476830259725e-09,2.6025061939273088e-06,0.00032968347347323197,0.004133701629462404,0.04050906257717385,0.9548227454718998
P06,10,C,alpha,1799551287-α-1,P06-T10-Cα,23,59,B3,6,6,L2,L,False,59,True,L2,True,0.9165922347921596,False,0.743401050567627,valid,False,0.007247544343772432,0.9165922347921596,0.06807858504148655,0.0032565315923808965,2.680043126243718e-05,0.0017860772017225847,0.0028882844220976846,0.00010868110796685827,1.4708388529163647e-05,5.526786216841736e-07
P06,10,C,alpha,1799551287-α-1,P06-T10-Cα,24,57,A3,5,5,L3,L,False,57,True,L3,True,0.8401367215704386,False,0.7144300937652588,valid,False,0.0012367171897847398,0.13001632714813902,0.8401367215704386,0.026938719609536692,0.00017439449076910789,0.0010059676449129184,0.00047405337524103475,1.4604357182513533e-05,2.4140840054604316e-06,8.052999002324488e-08
P06,10,C,alpha,1799551287-α-1,P06-T10-Cα,25,59,B3,6,6,L4,L,False,59,True,L4,True,0.7252695513199445,False,1.239574670791626,valid,False,0.0005123998896932294,0.017869848453815493,0.24552254094771772,0.7252695513199445,0.008219779473609173,0.001427794719266681,0.0011124261832033927,5.999724590962033e-05,5.442827351922331e-06,2.1893948832080224e-07
P06,10,C,alpha,1799551287-α-1,P06-T10-Cα,26,60,C4,7,7,L5,L,False,60,True,L5,True,0.9192769484643393,False,0.9325911998748779,valid,False,0.00040244067025453064,0.0019585431381503784,0.005798806453383472,0.07087669403004518,0.9192769484643393,0.0014775403925899062,0.00019860992286602027,8.770051813817059e-06,1.4496798144696697e-06,1.9719674293016622e-07
P06,10,C,alpha,1799551287-α-1,P06-T10-Cα,27,65,F4,10,10,R5,R,False,65,True,R5,True,0.8974755702900292,False,0.7612242698669434,valid,False,7.388162395570744e-06,5.514280485786278e-06,3.490085631764723e-07,3.867125109545323e-08,7.985932459303158e-10,1.3000267529023236e-05,0.001311119450802759,0.009389442316659872,0.09179757675369024,0.8974755702900292
P06,10,C,alpha,1799551287-α-1,P06-T10-Cα,28,60,C4,7,7,L5,L,False,60,True,L5,True,0.9208011857831132,False,0.9254608154296875,valid,False,0.00023981546637482208,0.0016828394681809575,0.0039905554591633694,0.07098555371828125,0.9208011857831132,0.0021903471559366157,0.00010078599668025446,6.639252780932022e-06,1.7735787964618873e-06,5.041206919524091e-07
P06,10,C,alpha,1799551287-α-1,P06-T10-Cα,29,59,B3,6,6,L4,L,False,59,True,L4,True,0.8576708527325457,False,0.9077959060668945,valid,False,0.00044317247751679437,0.023780666468125343,0.10809009111624161,0.8576708527325457,0.008973003015347022,0.001001434515769254,3.741140795126952e-05,2.464467311535857e-06,7.422832896814251e-07,1.6151590161401136e-07
P06,11,C,alpha,1799551287-α-8,P06-T11-Cα,0,59,B3,6,6,L2,L,False,59,True,L2,True,0.837779397558261,False,0.6802587509155273,valid,False,0.003492978522531873,0.837779397558261,0.14413564236666834,0.005644913177673316,7.507668787026128e-05,0.0026439732310745514,0.005840349616899343,0.00032980781171735007,5.429567443772713e-05,3.5653528664051614e-06
P06,11,C,alpha,1799551287-α-8,P06-T11-Cα,1,64,E4,9,9,R4,R,False,64,True,R4,True,0.8020302264360636,False,0.7923920154571533,valid,False,4.933909447818809e-05,3.498437645963161e-05,1.4842380975394682e-06,1.7815551594640856e-07,3.133921064169274e-09,0.0001792377932545634,0.013775103123597952,0.16192711004390625,0.8020302264360636,0.022002333604705174
P06,11,C,alpha,1799551287-α-8,P06-T11-Cα,2,65,F4,10,10,R5,R,False,65,True,R5,True,0.90679656734605,False,0.6839008331298828,valid,False,1.211287933009655e-05,1.3979629163234579e-05,9.58556676482856e-07,7.41009750756992e-08,9.836644498829373e-10,2.0690226439861297e-05,0.0009168551987685379,0.0066188267964775544,0.08561993428245486,0.90679656734605
P06,11,C,alpha,1799551287-α-8,P06-T11-Cα,3,64,E4,9,9,R3,R,False,64,True,R3,True,0.5571958783353061,False,0.5768909454345703,valid,False,4.053251738690245e-05,7.151223746141948e-05,6.757629235659018e-06,3.793379144647276e-07,4.826480650624506e-09,0.0008814869315334167,0.32338967635869675,0.5571958783353061,0.11708695276264053,0.001326819063344056
P06,11,C,alpha,1799551287-α-8,P06-T11-Cα,4,60,C4,7,7,L2,L,False,60,True,L2,True,0.9349027600509988,False,0.731421947479248,valid,False,0.0040569948870089285,0.9349027600509988,0.048445648687635484,0.002411966823336826,1.984987684669046e-05,0.006149314511985944,0.0037450782974049477,0.00022773844580153938,3.9181229895199025e-05,1.467189085712952e-06
P06,11,C,alpha,1799551287-α-8,P06-T11-Cα,5,59,B3,6,6,L1,L,False,59,True,L1,True,0.7901156747513582,False,0.7178518772125244,valid,False,0.7901156747513582,0.20279170296486668,0.00158030176275861,7.070818577878126e-05,1.2968453187917055e-06,0.0033000296833725186,0.002038428888577363,8.648185623781786e-05,1.4878759179599982e-05,4.963025515191947e-07
P06,11,C,alpha,1799551287-α-8,P06-T11-Cα,6,60,C4,7,7,L2,L,False,60,True,L2,True,0.9288099913285532,False,0.5727810859680176,valid,False,0.0024940407530719077,0.9288099913285532,0.0462427265390298,0.0017400331896746356,1.4320033007921744e-05,0.005332948035243637,0.014496455736319146,0.0007511906390984081,0.0001146242590636073,3.6694869380084293e-06
P06,11,C,alpha,1799551287-α-8,P06-T11-Cα,7,65,F4,10,10,R4,R,False,65,True,R4,True,0.8767582487896489,False,1.0291399955749512,valid,False,3.3333792403283047e-06,1.6887465651490203e-06,4.6142842429950424e-08,2.92046209453183e-09,7.365258227029817e-11,2.7704449454912576e-05,0.005398723493499146,0.05122518457540474,0.8767582487896489,0.06658506742922968
P06,11,C,alpha,1799551287-α-8,P06-T11-Cα,8,60,C4,7,7,L2,L,False,60,True,L2,True,0.9352080324291656,False,0.689633846282959,valid,False,0.0045757425845416805,0.9352080324291656,0.04656126624872639,0.0013781871816641352,1.0470107351730019e-05,0.008029344553086612,0.004058319611387002,0.00016542605180876085,1.2286784797706451e-05,9.244474706449293e-07
P06,11,C,alpha,1799551287-α-8,P06-T11-Cα,9,65,F4,10,10,R4,R,False,65,True,R4,True,0.8756526890874372,False,0.6973392963409424,valid,False,5.861254946380111e-06,3.1986371154357974e-06,7.15559811600778e-08,5.314718763396432e-09,1.0544983852423129e-10,3.98373547638602e-05,0.007742090547552755,0.07332998068266229,0.8756526890874372,0.043226265459372235
P06,11,C,alpha,1799551287-α-8,P06-T11-Cα,10,64,E4,9,9,R2,R,False,64,True,R2,True,0.9016173750870425,False,0.5150048732757568,valid,False,6.161773504171847e-05,8.752684207694977e-05,1.4798570761057874e-06,1.5136600708185528e-07,1.8580746041822587e-09,0.0032732778571853333,0.9016173750870425,0.09222121797172335,0.0026226630528264423,0.00011468837294586263
P06,11,C,alpha,1799551287-α-8,P06-T11-Cα,11,65,F4,10,10,R3,R,False,65,True,R3,True,0.7303658856959779,False,0.8109779357910156,valid,False,7.373117031657769e-06,7.252171206864952e-06,1.497633197808174e-07,1.305349846986904e-08,1.6670651809067102e-10,0.00029436059296468096,0.14745832918410043,0.7303658856959779,0.1207286689005195,0.0011379673546742305
P06,11,C,alpha,1799551287-α-8,P06-T11-Cα,12,64,E4,9,9,R2,R,False,64,True,R2,True,0.9165910540619558,False,0.4578738212585449,valid,False,5.5382411983747226e-05,6.207955397043623e-05,1.504433914794397e-06,1.210461611650168e-07,1.5452441060771795e-09,0.0030196432306483323,0.9165910540619558,0.07675829141609905,0.003389428801668552,0.00012249349835383007
P06,11,C,alpha,1799551287-α-8,P06-T11-Cα,13,59,B3,6,6,L2,L,False,59,True,L2,True,0.940424011116848,False,0.5800580978393555,valid,False,0.007435983487317229,0.940424011116848,0.0449850786494652,0.0015625683555386034,1.2355312446553215e-05,0.005055089341651014,0.0005098344821295964,1.3384350190434552e-05,1.6065453499254865e-06,8.835906352436232e-08
P06,11,C,alpha,1799551287-α-8,P06-T11-Cα,14,60,C4,7,7,L3,L,False,60,True,L3,True,0.8564759267802728,False,0.6742451190948486,valid,False,0.0008805806239546454,0.09844474689764933,0.8564759267802728,0.03491184642997772,0.00010569752632891078,0.008069283518362795,0.0010755436028806074,3.1835483143705533e-05,4.139526833367885e-06,3.996105960358628e-07
P06,11,C,alpha,1799551287-α-8,P06-T11-Cα,15,65,F4,10,10,R3,R,False,65,True,R3,True,0.6734370950223983,False,0.6072361469268799,valid,False,4.40901461532156e-06,5.696636431724419e-06,2.0600597007936018e-07,1.3038482138965923e-08,1.878531289119318e-10,0.00024305412602220806,0.13063335617270022,0.6734370950223983,0.19488206707420286,0.0007941027213239683
P06,11,C,alpha,1799551287-α-8,P06-T11-Cα,16,60,C4,7,7,L3,L,False,60,True,L3,True,0.7979837107062945,False,0.6075611114501953,valid,False,0.0010855515345287081,0.16111013260805526,0.7979837107062945,0.03252757478722355,0.0001202825385908589,0.006168750363634901,0.0009627978410831821,3.6228404417672805e-05,4.710732723612269e-06,2.6048344765524894e-07
P06,11,C,alpha,1799551287-α-8,P06-T11-Cα,17,59,B3,6,6,L1,L,False,59,True,L1,True,0.6677592955700808,False,0.7225551605224609,valid,False,0.6677592955700808,0.3250333435569784,0.0036498768361286613,9.670673530735601e-05,1.5093559725620075e-06,0.0031390737509408993,0.00030848803298149486,1.0295254404221402e-05,1.3386786583463468e-06,7.2228547162364e-08
P06,11,C,alpha,1799551287-α-8,P06-T11-Cα,18,60,C4,7,7,L2,L,False,60,True,L2,True,0.917166343937819,False,0.5702648162841797,valid,False,0.004670606131896286,0.917166343937819,0.06545015469779178,0.0020163498179320153,1.3586058204841561e-05,0.006854619856573782,0.003674028911417907,0.0001382473033958229,1.5318237851332994e-05,7.450471171216668e-07
P06,11,C,alpha,1799551287-α-8,P06-T11-Cα,19,59,B3,6,6,L1,L,False,59,True,L1,True,0.6135145558125447,False,0.5202701091766357,valid,False,0.6135145558125447,0.37963261776812424,0.002703491268145947,0.00017431031118619582,2.1532089594898743e-06,0.0036231272161537354,0.0003326062203262839,1.5286334643044228e-05,1.7628983929374037e-06,8.896152363921504e-08
P06,11,C,alpha,1799551287-α-8,P06-T11-Cα,20,60,C4,7,7,L3,L,False,60,True,L3,True,0.7959293337762944,False,0.5988850593566895,valid,False,0.001615283374292065,0.1606953610592397,0.7959293337762944,0.033767891833176994,0.00010640639561054135,0.00548028586030962,0.0023152331732230968,8.042022378935306e-05,9.274472042415216e-06,5.098320219400735e-07
P06,11,C,alpha,1799551287-α-8,P06-T11-Cα,21,59,B3,6,6,L4,L,False,59,True,L4,True,0.8677597091856356,False,1.0042011737823486,valid,False,0.0014976580429711434,0.025286427830155857,0.10007449349378736,0.8677597091856356,0.0032088571432233428,0.0020655263097925404,0.00010289099455951481,3.871608766431189e-06,5.239652689863175e-07,4.14258393357263e-08
P06,11,C,alpha,1799551287-α-8,P06-T11-Cα,22,57,A3,5,5,L5,L,False,57,True,L5,True,0.934832667777446,False,0.8315410614013672,valid,False,0.0005074506838078699,0.0008056623968503246,0.0020921060173214007,0.061581872419618384,0.934832667777446,0.00017813063509495314,2.030176687230691e-06,6.509697663601083e-08,1.3137620134933021e-08,1.6585769775982818e-09
P06,11,C,alpha,1799551287-α-8,P06-T11-Cα,23,62,D4,8,8,R4,R,False,62,True,R4,True,0.7734282357092438,False,1.117051124572754,valid,False,5.8231819771705486e-05,7.67975899674174e-06,3.130439027298796e-07,3.076394677284829e-08,1.7974040779001178e-09,0.0002414801770722334,0.015221702668280159,0.19072505475261273,0.7734282357092438,0.020317269508769123
P06,11,C,alpha,1799551287-α-8,P06-T11-Cα,24,64,E4,9,9,R5,R,False,64,True,R5,True,0.7537257668369066,False,0.7969670295715332,valid,False,3.481736730033264e-05,8.43832539809282e-06,3.7261255578375684e-07,2.998025970829931e-08,1.271934735910794e-09,0.00012933659643238186,0.0028315677476977116,0.01826576599799447,0.22500390326352024,0.7537257668369066
P06,11,C,alpha,1799551287-α-8,P06-T11-Cα,25,65,F4,10,10,R4,R,False,65,True,R4,True,0.6697559014598521,False,0.6736149787902832,valid,False,2.0710292847820084e-06,9.000262033979166e-07,3.818427867103569e-08,2.321988377284453e-09,9.093810922903569e-11,6.629866073428649e-05,0.026223774308015348,0.246389426750326,0.6697559014598521,0.057561587168378975
P06,11,C,alpha,1799551287-α-8,P06-T11-Cα,26,64,E4,9,9,R5,R,False,64,True,R5,True,0.6787936836556735,False,0.7883110046386719,valid,False,4.188876437611065e-05,2.065737724406299e-05,7.175393476916781e-07,4.919676090754448e-08,1.926736783393023e-09,7.476127779357403e-05,0.0036027317454694592,0.024540313840912976,0.2929251946756848,0.6787936836556735
P06,11,C,alpha,1799551287-α-8,P06-T11-Cα,27,59,B3,6,6,L2,L,False,59,True,L2,True,0.9370274617846913,False,0.5828428268432617,valid,False,0.009418846134070642,0.9370274617846913,0.04665185030244045,0.0017554278037101698,3.089109235340807e-05,0.0034868607608185037,0.0015569247942920643,5.628724014174432e-05,1.3880262527606287e-05,1.569824953961152e-06
P06,11,C,alpha,1799551287-α-8,P06-T11-Cα,28,60,C4,7,7,L3,L,False,60,True,L3,True,0.819303483344269,False,0.8743278980255127,valid,False,0.0009885209614837953,0.1408929077052223,0.819303483344269,0.032087115675929645,0.00017006995420471043,0.004651311041548598,0.0018012026284997254,8.278193388015197e-05,1.8844288068419414e-05,3.7624668935515443e-06
P06,11,C,alpha,1799551287-α-8,P06-T11-Cα,29,57,A3,5,5,L3,L,False,57,True,L3,True,0.7077435909728452,False,1.2283499240875244,valid,False,0.0032871006657287866,0.250155285855672,0.7077435909728452,0.038171221524360505,0.0002281120937599222,0.0003855737010536461,2.7380666097161544e-05,1.3632030949370365e-06,2.981487211927785e-07,7.316866676846624e-08
P06,12,B,beta,1799551287-β-2,P06-T12-Bβ,0,57,A3,5,5,L1,L,False,57,True,L1,True,0.8801247097776892,False,1.0559170246124268,valid,False,0.8801247097776892,0.11444148142464167,0.002363311026436481,0.0002952489480239592,2.67843802755857e-05,0.0007850179079868138,0.0014071074903011212,0.0004561375306187159,8.032931383470461e-05,1.9872200191785792e-05
P06,12,B,beta,1799551287-β-2,P06-T12-Bβ,1,60,C4,7,7,R5,R,False,60,True,R5,True,0.9687611182329676,False,1.2311859130859375,valid,False,0.00019395457300582669,6.304024528406482e-05,2.569659337115291e-06,2.8472637046763566e-07,2.4816992883638618e-08,0.00012399021105632661,0.0005971105953752897,0.0027074793082657246,0.027550427631344736,0.9687611182329676
P06,12,B,beta,1799551287-β-2,P06-T12-Bβ,2,60,C4,7,7,R5,R,False,60,True,R5,True,0.9538194268053898,False,2.483572006225586,valid,False,7.451633178689485e-05,0.00019799259924321974,7.4501163702442e-06,1.0082636091127235e-06,2.473332187763584e-07,6.264301198932356e-05,0.0010622168533823712,0.004308002645802961,0.04046649603920725,0.9538194268053898
P06,12,B,beta,1799551287-β-2,P06-T12-Bβ,3,60,C4,7,7,L2,L,False,60,True,L2,True,0.8522862774945511,False,1.8066620826721191,valid,False,0.010393705047714103,0.8522862774945511,0.024238020051972353,0.0005005351148441245,9.541758101238502e-06,0.013650443609610305,0.09443601137527277,0.003698482043067932,0.0007467106463611748,4.02728585046903e-05
P06,12,B,beta,1799551287-β-2,P06-T12-Bβ,4,64,E4,9,9,R3,R,False,64,True,R3,True,0.6875918167808901,False,1.1214189529418945,valid,False,9.819296893454472e-05,0.00010364282895386903,3.7469817576826434e-06,2.7830174264692365e-07,1.0472009442203113e-08,0.00035558286111074967,0.061963031387689674,0.6875918167808901,0.24284573972283535,0.007037957694075867
P06,12,B,beta,1799551287-β-2,P06-T12-Bβ,5,59,B3,6,6,L5,L,False,59,True,L5,True,0.7841351598137603,False,3.291184902191162,valid,False,0.0005257742060848987,0.0028306295466037517,0.027597758633082083,0.18383167044180465,0.7841351598137603,0.0004931371213334956,0.0005404146321275848,3.559968117983955e-05,8.103829130979394e-06,1.7520948923128273e-06
P06,12,B,beta,1799551287-β-2,P06-T12-Bβ,6,57,A3,5,5,L4,L,False,57,True,L4,True,0.9421513094859401,False,1.7651679515838623,valid,False,0.00018924837537122828,0.004143599030610114,0.028387191079009853,0.9421513094859401,0.025023939255620836,4.642586963777587e-05,5.4375906821174636e-05,3.05237863329759e-06,6.94836416156006e-07,1.6378193958318416e-07
P06,12,B,beta,1799551287-β-2,P06-T12-Bβ,7,60,C4,7,7,R3,R,False,60,True,R3,True,0.602280118974104,False,1.3933122158050537,valid,False,0.0009524559376785749,0.020920355889833455,0.0006981806847775096,2.8459383486656225e-05,2.383280571537872e-06,0.0034490114883310038,0.2931612066304853,0.602280118974104,0.07831370745790774,0.00019412027282410138
P06,12,B,beta,1799551287-β-2,P06-T12-Bβ,8,60,C4,7,7,R3,R,False,60,True,R3,True,0.521383329879485,False,1.16444730758667,valid,False,0.0008923059897626675,0.018849483804497507,0.0006547417009238767,2.8911539559091774e-05,2.2349990614317853e-06,0.0030066558325026224,0.3844657102664662,0.521383329879485,0.07056156062408837,0.00015506536365326234
P06,12,B,beta,1799551287-β-2,P06-T12-Bβ,9,65,F4,10,10,R1,R,False,65,True,R1,True,0.9389684182081824,False,2.0508899688720703,valid,False,2.3951593757252483e-05,0.00012060697569374496,3.867224723964887e-06,1.576366030284378e-07,1.3739740541532984e-08,0.9389684182081824,0.057098728314341436,0.0026242151089328654,0.0007903984016231279,0.00036964279640143156
P06,12,B,beta,1799551287-β-2,P06-T12-Bβ,10,60,C4,7,7,L5,L,False,60,True,L5,True,0.9348536104493517,False,3.2589120864868164,valid,False,0.0006190247338549227,0.0007145286779686748,0.005451110783545967,0.05496134050186975,0.9348536104493517,0.0007749981488417377,0.002220744936471138,0.00033219596465692506,5.870359829244685e-05,1.3742205146803906e-05
P06,12,B,beta,1799551287-β-2,P06-T12-Bβ,11,57,A3,5,5,L4,L,False,57,True,L4,True,0.9340620071399545,False,1.5695033073425293,valid,False,0.00023608853745915937,0.002890748542373423,0.03376898659197768,0.9340620071399545,0.02877603218403705,0.00010286737356035034,0.00014469285060550726,1.4857926100228302e-05,3.256988410435131e-06,4.618655216995555e-07
P06,12,B,beta,1799551287-β-2,P06-T12-Bβ,12,52,E3,2,2,L3,L,False,52,True,L3,True,0.8202860585101955,False,1.391366958618164,valid,False,4.783424230672276e-05,0.009341596387532385,0.8202860585101955,0.15911912432043676,0.011203388526045178,1.0792869881018195e-06,7.895562199293225e-07,1.0403322249520777e-07,2.246326711452005e-08,2.6737858457755854e-09
P06,12,B,beta,1799551287-β-2,P06-T12-Bβ,13,55,G3,4,4,L4,L,False,55,True,L4,True,0.9186591499740293,False,1.1541991233825684,valid,False,7.209983497475702e-05,0.0016667821018111835,0.025101187637556085,0.9186591499740293,0.05440568374152545,4.050531423177553e-05,4.7564850257030887e-05,5.8496993669798355e-06,1.0457823671640962e-06,1.3106388037646332e-07
P06,12,B,beta,1799551287-β-2,P06-T12-Bβ,14,60,C4,7,7,R2,R,False,60,True,L4,False,0.019252236018413953,False,1.8621108531951904,valid,False,0.00018365722035629473,0.009627348969679544,0.10275672957053743,0.8500675427303255,0.010862492589296403,0.0020478162339244233,0.019252236018413953,0.004413194818098007,0.0006735362777669917,0.00011544557160137023
P06,12,B,beta,1799551287-β-2,P06-T12-Bβ,15,57,A3,5,5,L5,L,False,57,True,L5,True,0.9574090602737297,False,1.0084469318389893,valid,False,6.35257256252835e-05,0.00024522525956823996,0.0013912120283556598,0.03977177368151456,0.9574090602737297,0.0002698120628187122,0.0007236234304118516,0.00010352797841652305,1.9995822670086273e-05,2.2437368890776125e-06
P06,12,B,beta,1799551287-β-2,P06-T12-Bβ,16,62,D4,8,8,R1,R,False,62,True,R1,True,0.9422654537021725,False,1.1064507961273193,valid,False,0.0011832762010656754,0.004798421611329617,0.0001420305693927628,8.298230604089414e-06,5.046159227131781e-07,0.9422654537021725,0.0469126345641464,0.0036265690384927112,0.0008592348739960551,0.00020357659287740073
P06,12,B,beta,1799551287-β-2,P06-T12-Bβ,17,67,G4,11,11,R2,R,False,67,True,R2,True,0.9513928385050388,False,1.3701629638671875,valid,False,6.4089908083706215e-06,1.4668206606396451e-05,2.5812336114272653e-07,1.0521677098481298e-08,1.4239541502471476e-09,0.007136032004133916,0.9513928385050388,0.03439554522247733,0.006585562158816727,0.00046867484312605495
P06,12,B,beta,1799551287-β-2,P06-T12-Bβ,18,60,C4,7,7,R1,R,False,60,True,R1,True,0.9698054050631206,False,0.9726500511169434,valid,False,0.0012266476193707764,0.02758012592145879,0.0005472198914693266,2.143126242558379e-05,2.4714094251407845e-06,0.9698054050631206,0.000784346366675503,2.3216209429583186e-05,7.884120844722293e-06,1.2521357796747163e-06
P06,12,B,beta,1799551287-β-2,P06-T12-Bβ,19,59,B3,6,6,L3,L,False,59,True,L3,True,0.8265653685828238,False,0.996248722076416,valid,False,0.0002949401662482712,0.05586783130607581,0.8265653685828238,0.10747722933357554,0.0016013900571180226,0.008024138449610346,0.0001583858720755047,8.890953365235907e-06,1.5920687703735208e-06,2.3321033704921025e-07
P06,12,B,beta,1799551287-β-2,P06-T12-Bβ,20,64,E4,9,9,R4,R,False,64,True,R4,True,0.6503674025592772,False,0.9981658458709717,valid,False,8.486152470350853e-05,1.9016227943030806e-05,2.632352175748444e-07,1.804823680141898e-08,3.231828240624539e-09,0.0017634553940535451,0.028535067033803454,0.26976128489632417,0.6503674025592772,0.04946862784861237
P06,12,B,beta,1799551287-β-2,P06-T12-Bβ,21,60,C4,7,7,R3,R,False,60,True,R3,True,0.6564549206646743,False,0.9910962581634521,valid,False,0.0009532736093931013,0.006091254325079497,0.00015990970372447135,8.624519956968214e-06,7.515446839144928e-07,0.0019095240551538226,0.2582431859178635,0.6564549206646743,0.07570574318168528,0.000472812477785229
P06,12,B,beta,1799551287-β-2,P06-T12-Bβ,22,65,F4,10,10,R4,R,False,65,True,R4,True,0.8996006915518232,False,1.0237529277801514,valid,False,1.556517006754304e-05,2.849436270256368e-05,7.78572057797334e-07,4.1991261906036206e-08,4.1264599323320196e-09,0.00019628542527876919,0.0036595300745782995,0.0569373185858706,0.8996006915518232,0.03956129013989922
P06,12,B,beta,1799551287-β-2,P06-T12-Bβ,23,62,D4,8,8,R3,R,False,62,True,R3,True,0.6433287248647344,False,0.8561511039733887,valid,False,0.00023912070941011328,0.0010270142742038204,2.5904355193662133e-05,1.289701903052288e-06,1.4854048439539169e-07,0.003464463620959949,0.3243963657010666,0.6433287248647344,0.027293697910766766,0.0002232703212773073
P06,12,B,beta,1799551287-β-2,P06-T12-Bβ,24,62,D4,8,8,R3,R,False,62,True,R3,True,0.5603374769248627,False,0.8210508823394775,valid,False,0.0002030529414893556,0.0008945264915602619,2.1677926233590276e-05,1.0792803954652707e-06,1.4027097964696835e-07,0.0027702160613579637,0.40290096588756225,0.5603374769248627,0.03273809025420322,0.000132773961355499
P06,12,B,beta,1799551287-β-2,P06-T12-Bβ,25,57,A3,5,5,L4,L,False,57,True,L4,True,0.9245638299733557,False,1.0992107391357422,valid,False,0.00015517474132084466,0.004539341070027789,0.040659081605791875,0.9245638299733557,0.029501521313746604,0.000391977054916316,0.00016354323180950994,2.3036441385012007e-05,2.452425096068701e-06,4.2142550152081944e-08
P06,12,B,beta,1799551287-β-2,P06-T12-Bβ,26,52,E3,2,2,L2,L,False,52,True,L2,True,0.8508075200321331,False,0.9837439060211182,valid,False,0.0008319524251430098,0.8508075200321331,0.11984340377947664,0.02324722853342731,0.00526618597064167,2.9056177520337418e-06,7.074708873360029e-07,8.491888273138568e-08,1.1041892850798312e-08,2.0976336465451088e-10
P06,12,B,beta,1799551287-β-2,P06-T12-Bβ,27,55,G3,4,4,L4,L,False,55,True,L4,True,0.7904448491161397,False,1.2006478309631348,valid,False,9.061152063756408e-05,0.010460900764703386,0.17993503824768967,0.7904448491161397,0.018876987455704215,0.0001325752156037516,5.353583089633979e-05,4.856661006564038e-06,6.315053698570409e-07,1.3682248996964396e-08
P06,12,B,beta,1799551287-β-2,P06-T12-Bβ,28,59,B3,6,6,L2,L,False,59,True,L2,True,0.9827287897006735,False,0.7070181369781494,valid,False,0.0034915060688116796,0.9827287897006735,0.006361938849659317,0.0004918080314890586,3.362558668580618e-05,0.0037155250101892053,0.00285860339309453,0.00028092520526019356,3.652834229324019e-05,7.498118435004188e-07
P06,12,B,beta,1799551287-β-2,P06-T12-Bβ,29,64,E4,9,9,R1,R,False,64,True,R1,True,0.9608963907902413,False,0.728363037109375,valid,False,0.00032352504086250204,0.0034139384284907833,2.9242463085560386e-05,2.2605810187520187e-06,1.7387339979778312e-07,0.9608963907902413,0.03337698495316373,0.0015965843868841082,0.00030970550688875733,5.119397596481447e-05
P06,13,A,gamma,1799551287-γ-8,P06-T13-Aγ,0,71,B4,13,13,R4,R,False,71,True,R2,False,0.0505163516537444,False,0.7970550060272217,valid,False,5.550363702264161e-11,8.87662550088326e-11,6.544919897756019e-11,2.526998862814532e-11,5.276033552258339e-12,0.01983103636131599,0.7387667936121113,0.18217764836562206,0.0505163516537444,0.008708169766941332
P06,13,A,gamma,1799551287-γ-8,P06-T13-Aγ,1,65,F4,10,10,R2,R,False,65,True,R2,True,0.9254135315042368,False,0.5965020656585693,valid,False,7.350177593205558e-09,1.7416891097392912e-08,1.1374106136543435e-08,5.256147074474101e-09,1.1632585458113196e-09,0.05258805307352488,0.9254135315042368,0.01989046952550388,0.0017336702598215086,0.00037423307633224805
P06,13,A,gamma,1799551287-γ-8,P06-T13-Aγ,2,57,A3,5,5,R4,R,False,57,True,R1,False,6.539074813975533e-07,False,0.6098768711090088,valid,False,7.236741139232085e-06,2.6909892332273586e-05,3.303337933038259e-05,2.210334882708141e-05,6.490695185736096e-06,0.9997000837344654,0.00019937961023646725,3.800796297354753e-06,6.539074813975533e-07,3.0789470454650984e-07
P06,13,A,gamma,1799551287-γ-8,P06-T13-Aγ,3,64,E4,9,9,R2,R,False,64,True,R2,True,0.8976243362906453,False,0.38323092460632324,valid,False,6.847949596654878e-08,1.539472706181502e-07,1.0120643257367799e-07,4.432148415534624e-08,1.06837969237553e-08,0.05280047972173142,0.8976243362906453,0.042937760933766174,0.005810994037517208,0.0008260503778596797
P06,13,A,gamma,1799551287-γ-8,P06-T13-Aγ,4,53,F3,3,3,L4,L,False,53,True,R1,False,0.00021902010492362293,False,0.5828771591186523,valid,False,3.394826124745843e-05,0.0001379557029309361,0.00023647848163329613,0.00021902010492362293,0.00010969579923922298,0.9985256678136742,0.0007162542042937544,1.7357681356195907e-05,3.1081731371291484e-06,5.137775639676486e-07
P06,13,A,gamma,1799551287-γ-8,P06-T13-Aγ,5,72,C5,14,14,R5,R,False,72,True,R5,True,0.9571561946743221,False,0.6804521083831787,valid,False,6.978537377862044e-11,9.62179163776814e-11,5.501731962953152e-11,1.6085393092300134e-11,2.4839281812364758e-12,3.734903539519664e-07,4.522824902018116e-05,0.002190142457853611,0.04060806088886034,0.9571561946743221
P06,13,A,gamma,1799551287-γ-8,P06-T13-Aγ,6,57,A3,5,5,L2,L,False,57,True,R4,False,2.2383585440541432e-05,False,0.7278690338134766,valid,False,6.597266911266544e-06,2.2383585440541432e-05,2.360124632619469e-05,1.4766715886806468e-05,4.076348742053514e-06,0.0007239396078536279,0.003861590530761998,0.06123147796765657,0.8570094998651241,0.07710206686529678
P06,13,A,gamma,1799551287-γ-8,P06-T13-Aγ,7,67,G4,11,11,R3,R,False,67,True,R3,True,0.560470706984304,False,0.5626218318939209,valid,False,1.9558373342674463e-09,3.434703436685419e-09,2.333684659516381e-09,8.401482017121502e-10,1.5817187503330465e-10,0.001291776151491705,0.39102714371924263,0.560470706984304,0.046935624852804135,0.0002747395696119311
P06,13,A,gamma,1799551287-γ-8,P06-T13-Aγ,8,62,D4,8,8,L4,L,False,62,True,R2,False,2.196204851655864e-07,False,0.45059990882873535,valid,False,3.0366690748314274e-07,6.856709218555641e-07,4.789295569304448e-07,2.196204851655864e-07,4.618991244490852e-08,0.006085578577167685,0.8791619814453785,0.10983389289889732,0.004849953706927116,6.685929384543647e-05
P06,13,A,gamma,1799551287-γ-8,P06-T13-Aγ,9,60,C4,7,7,L1,L,False,60,True,R2,False,1.8342779996048244e-06,False,0.3539891242980957,valid,False,1.8342779996048244e-06,4.805988492518735e-06,3.8775831230109596e-06,1.842195445587094e-06,3.9405876462477244e-07,0.018917275535289622,0.916054219084761,0.06280756663678513,0.0021816370908176543,2.6547548521279354e-05
P06,13,A,gamma,1799551287-γ-8,P06-T13-Aγ,10,52,E3,2,2,L5,L,False,52,True,R2,False,0.003972639401718104,False,0.7665939331054688,valid,False,0.00047819571034175064,0.00851954833527647,0.015870864810244398,0.016089892921844144,0.003972639401718104,0.006308019985424272,0.8310304419076755,0.11470496696269715,0.0030112742472775994,1.4155717500635499e-05
P06,13,A,gamma,1799551287-γ-8,P06-T13-Aγ,11,59,B3,6,6,R1,R,False,59,True,R2,False,0.006745382784018125,False,0.42017102241516113,valid,False,1.5400929785532625e-05,0.00015098373845957744,9.160255013225576e-05,3.735053946708476e-05,6.341401996509827e-06,0.006745382784018125,0.9247362875729513,0.06599035548606512,0.0022023139484143362,2.3981048709871294e-05
P06,13,A,gamma,1799551287-γ-8,P06-T13-Aγ,12,67,G4,11,11,R5,R,False,67,True,R2,False,0.00028045154742292814,False,0.4637720584869385,valid,False,8.35997012104234e-09,3.4279352251165285e-08,1.5663792224230536e-08,5.318983901215979e-09,9.159634537187463e-10,0.006342330924663203,0.8397837596310918,0.13881532181356354,0.014778071545196643,0.00028045154742292814
P06,13,A,gamma,1799551287-γ-8,P06-T13-Aγ,13,55,G3,4,4,L2,L,False,55,True,R2,False,0.0037330833878104304,False,0.5087699890136719,valid,False,0.00021040664892499848,0.0037330833878104304,0.003252749930557738,0.002036586467060431,0.0005016760455380795,0.0124848376265756,0.8665457602162755,0.10825774570360121,0.002958004596374779,1.914937728127354e-05
P06,13,A,gamma,1799551287-γ-8,P06-T13-Aγ,14,59,B3,6,6,R2,R,False,59,True,R2,True,0.9052134263502797,False,0.3985259532928467,valid,False,1.9156032988124935e-05,0.00020593841836211323,0.00012052487278523837,5.045127262660678e-05,9.71472245402701e-06,0.008130435480360616,0.9052134263502797,0.08211910932859373,0.004088469710450788,4.277381109915122e-05
P06,13,A,gamma,1799551287-γ-8,P06-T13-Aγ,15,59,B3,6,6,L3,L,False,59,True,R2,False,0.00018054776836653582,False,0.3812253475189209,valid,False,2.6974522676309063e-05,0.0003103610121080903,0.00018054776836653582,7.837005335607899e-05,1.3829879564297366e-05,0.01152229440195604,0.9089680897559502,0.07611991979653997,0.0027519506535358174,2.7662155946679056e-05
P06,13,A,gamma,1799551287-γ-8,P06-T13-Aγ,16,53,F3,3,3,L5,L,False,53,True,R2,False,0.002767106794253377,False,0.49424004554748535,valid,False,0.0003730666939963783,0.008158455968780532,0.008957562658627289,0.009039289733978228,0.002767106794253377,0.00621419816842138,0.8406586538152396,0.12076935823943548,0.0030461624837398215,1.6145443527613937e-05
P06,13,A,gamma,1799551287-γ-8,P06-T13-Aγ,17,57,A3,5,5,R5,R,False,57,True,R2,False,2.1600000507098398e-05,False,0.40001726150512695,valid,False,5.2332239263519357e-05,0.0007524398128648654,0.000531729549467143,0.00027326628866844845,5.1591325335980535e-05,0.006547529996518859,0.8329203831809923,0.15523468353771044,0.003614444068671346,2.1600000507098398e-05
P06,13,A,gamma,1799551287-γ-8,P06-T13-Aγ,18,55,G3,4,4,L2,L,False,55,True,R2,False,0.003057164412806006,False,0.8057639598846436,valid,False,0.00016294174623127873,0.003057164412806006,0.0027850353995904436,0.0018324399852042616,0.00041776956222190626,0.01003773739807007,0.921821616299472,0.0583437202077358,0.001531659411131339,9.915577537003655e-06
P06,13,A,gamma,1799551287-γ-8,P06-T13-Aγ,19,60,C4,7,7,L1,L,False,60,True,R2,False,3.828713993528197e-06,False,0.35442423820495605,valid,False,3.828713993528197e-06,3.307652221748863e-05,1.923412008300649e-05,7.15675128182394e-06,1.2226431436961432e-06,0.004342296564421876,0.778097687700908,0.207857360762912,0.00955296978969564,8.516643134298576e-05
P06,13,A,gamma,1799551287-γ-8,P06-T13-Aγ,20,55,G3,4,4,L3,L,False,55,True,R2,False,0.004553843119782017,False,0.4110431671142578,valid,False,0.0002392387389480981,0.0046394501253642275,0.004553843119782017,0.0028325373671636896,0.0006334770100031112,0.0161492923637004,0.881721487402425,0.08664993207144721,0.0025647890466510472,1.5952754515255605e-05
P06,13,A,gamma,1799551287-γ-8,P06-T13-Aγ,21,50,D3,1,1,L5,L,False,50,True,R2,False,0.011229828715191521,False,0.6058211326599121,valid,False,0.00018964446654221674,0.0034920093477217,0.006396614454701185,0.013141417171422854,0.011229828715191521,0.0024140459015911837,0.8089756833535404,0.15077201462579806,0.003372886341488189,1.5855622002886053e-05
P06,13,A,gamma,1799551287-γ-8,P06-T13-Aγ,22,67,G4,11,11,R3,R,False,67,True,R2,False,0.08717666605305427,False,0.6306490898132324,valid,False,8.98950190537773e-09,3.520355063105651e-08,1.596787245767782e-08,5.32883664376583e-09,8.150130120246709e-10,0.01111964127075803,0.8870813608451997,0.08717666605305427,0.014410205977434391,0.00021205954877905454
P06,13,A,gamma,1799551287-γ-8,P06-T13-Aγ,23,52,E3,2,2,L1,L,False,52,True,R2,False,0.0002546956027483557,False,0.516746997833252,valid,False,0.0002546956027483557,0.006003327137291946,0.011336249297258969,0.015155645376825415,0.006457496632216094,0.00380688158799803,0.8224715056222407,0.130622807569208,0.003866361324092804,2.5029850119744986e-05
P06,13,A,gamma,1799551287-γ-8,P06-T13-Aγ,24,50,D3,1,1,L2,L,False,50,True,R2,False,0.0029160926616515386,False,0.49694013595581055,valid,False,0.00015443629380288855,0.0029160926616515386,0.006410759967478769,0.01317047818265471,0.010350851910940486,0.001862951877480287,0.8107646571844116,0.15110543279168798,0.0032477999335018205,1.653919638989104e-05
P06,13,A,gamma,1799551287-γ-8,P06-T13-Aγ,25,52,E3,2,2,L4,L,False,52,True,R2,False,0.009608077691068933,False,0.47127485275268555,valid,False,0.0001513687562738019,0.0031644006680973014,0.0074732159415148896,0.009608077691068933,0.0035846885515061506,0.002051628872888293,0.8221835568472811,0.1472252424008128,0.004535628557038251,2.2191713518751476e-05
P06,13,A,gamma,1799551287-γ-8,P06-T13-Aγ,26,65,F4,10,10,R5,R,False,65,True,R2,False,0.002856293138124089,False,1.0722501277923584,valid,False,1.6489832133455398e-08,6.007050665860596e-08,4.3737187428552574e-08,1.5712285907934458e-08,2.2245927464829907e-09,0.009255011095816484,0.487064301378485,0.41504881924684284,0.08577543690632651,0.002856293138124089
P06,13,A,gamma,1799551287-γ-8,P06-T13-Aγ,27,57,A3,5,5,R4,R,False,57,True,R3,False,0.07921253405172005,False,0.779742956161499,valid,False,2.5877227226274404e-05,0.00026777640214453144,0.0003170144870320418,0.00016150021743209609,2.8557650121233e-05,0.0031698058688474987,0.2567494346429026,0.6599305119330228,0.07921253405172005,0.00013698751955089607
P06,13,A,gamma,1799551287-γ-8,P06-T13-Aγ,28,62,D4,8,8,R2,R,False,62,True,R3,False,0.1716237418236964,False,0.34796786308288574,valid,False,5.635142000221515e-07,3.05963127257714e-06,2.472939725996341e-06,8.778128113886365e-07,1.2508889878960434e-07,0.002787944352636514,0.1716237418236964,0.753933775387523,0.0711865953473208,0.0004608441019144662
P06,13,A,gamma,1799551287-γ-8,P06-T13-Aγ,29,53,F3,3,3,L3,L,False,53,True,R2,False,0.006549389346266837,False,0.45920681953430176,valid,False,0.00014683922196107843,0.003234249589473715,0.006549389346266837,0.005093938895228187,0.0012563802241349136,0.002653985553452425,0.8808834815883285,0.09760467190919557,0.0025623514196183245,1.4712252340558133e-05
P06,14,A,beta,1799551287-β-7,P06-T14-Aβ,0,62,D4,8,8,R1,R,False,62,True,R2,False,0.007287907749533307,False,1.7298698425292969,valid,False,6.59136318742547e-07,5.587694538282731e-06,3.7135644559041634e-06,1.4492085395492142e-06,1.2800517150757512e-07,0.007287907749533307,0.8542709438006323,0.12524206790683778,0.012810285563264372,0.0003772573707081897
P06,14,A,beta,1799551287-β-7,P06-T14-Aβ,1,64,E4,9,9,R2,R,False,64,True,R2,True,0.9224747699676364,False,0.3336219787597656,valid,False,1.4011750782343397e-07,1.2125945070668376e-06,8.792965733866822e-07,2.768242577193062e-07,2.1016294553082457e-08,0.03909707006916852,0.9224747699676364,0.03471111754248304,0.0035503991220426543,0.00016411344952894572
P06,14,A,beta,1799551287-β-7,P06-T14-Aβ,2,60,C4,7,7,L3,L,False,60,True,R2,False,3.2640944336374376e-05,False,0.2942979335784912,valid,False,3.299729283543918e-06,3.6861665705836937e-05,3.2640944336374376e-05,1.2150912993316598e-05,9.559213696417057e-07,0.014900242056022426,0.9546811956369672,0.028258024156262027,0.0020165284789458835,5.810049811385238e-05
P06,14,A,beta,1799551287-β-7,P06-T14-Aβ,3,59,B3,6,6,L5,L,False,59,True,L2,False,6.15009835645724e-05,False,0.531486988067627,valid,False,0.005003094605744663,0.8996772070461302,0.08923719068495563,0.00481289073796464,6.15009835645724e-05,0.0011396810685166169,6.401088631743601e-05,3.316974816235989e-06,7.858834088158346e-07,3.2112858120003366e-07
P06,14,A,beta,1799551287-β-7,P06-T14-Aβ,4,62,D4,8,8,R5,R,False,62,True,R2,False,0.00010102894488209406,False,0.39034199714660645,valid,False,0.0005273105342579397,0.008787183725393076,0.001118025285782502,7.665534001748626e-05,1.8040217127674e-06,0.019135858656053818,0.9266389351356122,0.040917751523028074,0.002695446833260051,0.00010102894488209406
P06,14,A,beta,1799551287-β-7,P06-T14-Aβ,5,60,C4,7,7,L3,L,False,60,True,R2,False,0.004392648611739523,False,0.35085630416870117,valid,False,0.0014451910307761156,0.02083162519530712,0.004392648611739523,0.0002780184984195156,6.848028500647568e-06,0.015179295688698184,0.8907027986255598,0.06155507937353439,0.0053651931300071004,0.00024330181745749958
P06,14,A,beta,1799551287-β-7,P06-T14-Aβ,6,59,B3,6,6,L1,L,False,59,True,L2,False,0.003090800232806061,False,0.407135009765625,valid,False,0.003090800232806061,0.8699450357896223,0.08549261794576081,0.004256426814613264,7.490235345927672e-05,0.009124991431350114,0.025386963469000733,0.00224438161283926,0.00037099378534730104,1.2886565200927263e-05
P06,14,A,beta,1799551287-β-7,P06-T14-Aβ,7,60,C4,7,7,L2,L,False,60,True,R2,False,0.07268285347151474,False,0.3110179901123047,valid,False,0.0006465158273916027,0.07268285347151474,0.01665169102778521,0.000707660760324469,1.0291472726874044e-05,0.01118092887377315,0.8077152215319814,0.08261651068646333,0.007494800757388832,0.000293525590650185
P06,14,A,beta,1799551287-β-7,P06-T14-Aβ,8,64,E4,9,9,R1,R,False,64,True,R3,False,0.005598632485510308,False,0.3127620220184326,valid,False,0.00011520097160921826,0.0005353670437676702,8.824304200718174e-05,3.4559412403847803e-06,4.63973143054992e-08,0.005598632485510308,0.1668259717090692,0.5854258725318734,0.2333033573474672,0.008103852530141146
P06,14,A,beta,1799551287-β-7,P06-T14-Aβ,9,59,B3,6,6,L2,L,False,59,True,R2,False,0.24322885567397712,False,0.32202887535095215,valid,False,0.0011465734625785609,0.24322885567397712,0.05125319188584704,0.0020891930621932406,2.858437635387388e-05,0.01002132899436854,0.6728834025037319,0.018115680637384404,0.0011933660132548392,3.98233903105031e-05
P06,14,A,beta,1799551287-β-7,P06-T14-Aβ,10,57,A3,5,5,L3,L,False,57,True,L2,False,0.3386281783803903,False,0.325441837310791,valid,False,0.0021516385965917755,0.6170207701689,0.3386281783803903,0.012741988058243604,0.00013386815226074477,0.0016861403472358198,0.025939931818230046,0.001529441577104514,0.0001628220628339922,5.220838209205136e-06
P06,14,A,beta,1799551287-β-7,P06-T14-Aβ,11,62,D4,8,8,R1,R,False,62,True,R2,False,0.0153707213523087,False,0.3810429573059082,valid,False,0.0005169044791080459,0.00543028745014744,0.0007652631548307793,3.517092573692504e-05,3.407951795499396e-07,0.0153707213523087,0.7151301033979606,0.2241834049484093,0.03705726759570178,0.0015105359006168963
P06,14,A,beta,1799551287-β-7,P06-T14-Aβ,12,64,E4,9,9,R3,R,False,64,True,R3,True,0.6071198896620661,False,0.3483388423919678,valid,False,0.00012253721771266366,0.0006101644362005986,9.524776625472591e-05,3.88250887655888e-06,3.812505517812336e-08,0.005148229703345997,0.156099267600245,0.6071198896620661,0.2233469257329486,0.00745381724729459
P06,14,A,beta,1799551287-β-7,P06-T14-Aβ,13,59,B3,6,6,L2,L,False,59,True,R2,False,0.295251299188393,False,0.3909010887145996,valid,False,0.0015046208107373717,0.295251299188393,0.039986460665656476,0.001837748008219817,1.7011166687186833e-05,0.007093143249589168,0.6419098689401265,0.011571450647881606,0.000793375154559326,3.502216814947229e-05
P06,14,A,beta,1799551287-β-7,P06-T14-Aβ,14,60,C4,7,7,R2,R,False,60,True,R2,True,0.8297725110872368,False,0.3365662097930908,valid,False,0.0014363732329953699,0.04866938323787761,0.0071075072187544,0.00028971765902857714,2.9147436932332574e-06,0.010941503037890462,0.8297725110872368,0.09569361527519266,0.005819134737717981,0.0002673397696127606
P06,14,A,beta,1799551287-β-7,P06-T14-Aβ,15,62,D4,8,8,R4,R,False,62,True,R2,False,0.02835856699672224,False,0.37861084938049316,valid,False,0.0004756324359221763,0.005121341285767028,0.0007152874217214299,2.9156691787368577e-05,2.971267579702451e-07,0.016859750790540775,0.7536508305990374,0.19343260773324167,0.02835856699672224,0.0013565289185020286
P06,14,A,beta,1799551287-β-7,P06-T14-Aβ,16,57,A3,5,5,L3,L,False,57,True,L2,False,0.17041773816248926,False,0.43955302238464355,valid,False,0.0028613874479791806,0.810987552915994,0.17041773816248926,0.005464391148465988,7.499273902857425e-05,0.0013968627397528098,0.007982543878643668,0.0007105277367705137,0.00010008381502209849,3.919415853973256e-06
P06,14,A,beta,1799551287-β-7,P06-T14-Aβ,17,60,C4,7,7,R3,R,False,60,True,L2,False,0.0,False,0.7069039344787598,valid,False,0.005188439614051907,0.9789034333087874,0.01527829203343695,0.0006227768563080043,7.058187415703544e-06,,,,,
P06,14,A,beta,1799551287-β-7,P06-T14-Aβ,18,62,D4,8,8,R1,R,False,62,True,R2,False,0.010599789011544087,False,0.37636399269104004,valid,False,0.00042197326304365985,0.0030461790021390025,0.00028962569295129233,1.228758465941522e-05,1.3963120921786387e-07,0.010599789011544087,0.7969835959628595,0.17430978614299852,0.014024896845660759,0.0003117268629346695
P06,14,A,beta,1799551287-β-7,P06-T14-Aβ,19,59,B3,6,6,L5,L,False,59,True,R2,False,1.3150588945145444e-05,False,0.31217002868652344,valid,False,0.0019036151991594847,0.21186795740924655,0.02190612285133663,0.0010478769658400216,1.3150588945145444e-05,0.010917862185664276,0.700206385184324,0.04875297299023378,0.0033211869245260714,6.286970072402154e-05
P06,14,A,beta,1799551287-β-7,P06-T14-Aβ,20,52,E3,2,2,L4,L,False,52,True,L3,False,0.3290367853399535,False,0.49860119819641113,valid,False,0.00013207681350084962,0.01473922653690757,0.6494783836672241,0.3290367853399535,0.006484352314738447,4.060300947115688e-05,7.54926430899176e-05,1.1750841241412764e-05,1.3019509334749563e-06,2.6882939814438355e-08
P06,14,A,beta,1799551287-β-7,P06-T14-Aβ,21,50,D3,1,1,L2,L,False,50,True,L4,False,0.006093250542137339,False,0.6969389915466309,valid,False,4.140696830702879e-05,0.006093250542137339,0.18041616253685394,0.7614817425378696,0.051961046145180885,1.788680786510268e-06,3.879158087855529e-06,6.326153012749809e-07,8.759218334312987e-08,3.2232923753160945e-09
P06,14,A,beta,1799551287-β-7,P06-T14-Aβ,22,52,E3,2,2,L4,L,False,52,True,L3,False,0.25839963425990276,False,0.39362001419067383,valid,False,0.00010698871893784974,0.03240802015283492,0.7024030302891571,0.25839963425990276,0.00665755405412917,5.792346866570946e-06,1.5702752996018914e-05,2.8809908797865722e-06,3.81135167825964e-07,1.529912798305696e-08
P06,14,A,beta,1799551287-β-7,P06-T14-Aβ,23,55,G3,4,4,L2,L,False,55,True,L3,False,0.14913926864659358,False,0.36374592781066895,valid,False,0.0005376811859545653,0.14913926864659358,0.8021212860202286,0.0468644703200337,0.0003876267675148858,0.0001447409364912215,0.0006660441532266497,0.00012445843906303225,1.375962356309999e-05,6.63907330540836e-07
P06,14,A,beta,1799551287-β-7,P06-T14-Aβ,24,57,A3,5,5,L1,L,False,57,True,L3,False,0.0008271055255880692,False,0.3533787727355957,valid,False,0.0008271055255880692,0.17027941385056142,0.7974829155866271,0.022177376048334918,0.0002062209209386756,0.001050661744612278,0.006602137632828843,0.001227546254738781,0.00014008642683269428,6.53600893732964e-06
P06,14,A,beta,1799551287-β-7,P06-T14-Aβ,25,64,E4,9,9,R3,R,False,64,True,R3,True,0.6389004092403632,False,0.3657660484313965,valid,False,5.346811366597997e-05,0.0019885400221801666,0.00035587297882200644,8.372410882291499e-06,7.986632520004672e-08,0.007343958572657511,0.21521358367205623,0.6389004092403632,0.12339174400030256,0.01274397112274489
P06,14,A,beta,1799551287-β-7,P06-T14-Aβ,26,60,C4,7,7,L2,L,False,60,True,R2,False,0.09745984028701594,False,0.32842111587524414,valid,False,0.0006095917805059185,0.09745984028701594,0.042468957328764295,0.0010134594294921367,9.839251168236771e-06,0.018810145091274263,0.7464292758429142,0.0865121912566607,0.006313028911507822,0.0003736708206965866
P06,14,A,beta,1799551287-β-7,P06-T14-Aβ,27,60,C4,7,7,R1,R,False,60,True,R2,False,0.016246897101064403,False,0.3148818016052246,valid,False,0.0005929358269361498,0.08992214661188801,0.03678986884077078,0.0009986747534454015,9.696965547226606e-06,0.016246897101064403,0.7827558207890263,0.06677914053747948,0.005553590675195428,0.00035122789864687573
P06,14,A,beta,1799551287-β-7,P06-T14-Aβ,28,62,D4,8,8,R2,R,False,62,True,R2,True,0.6897761560698176,False,0.29535412788391113,valid,False,0.0002917449587543177,0.02100273899465459,0.00493243781178109,0.00012175084917631541,1.3032839887444274e-06,0.014825773715913189,0.6897761560698176,0.24380461186640728,0.023579065043655017,0.0016644174058516909
P06,14,A,beta,1799551287-β-7,P06-T14-Aβ,29,64,E4,9,9,R3,R,False,64,True,R3,True,0.6172207597582329,False,0.3586549758911133,valid,False,5.047608630352548e-05,0.001962037377100505,0.00033033942687682807,7.771235274158809e-06,8.410204233818104e-08,0.006370882078429504,0.22926379482730322,0.6172207597582329,0.1352782107762245,0.009515644332212482
P06,15,B,gamma,1799551287-γ-5,P06-T15-Bγ,0,52,E3,2,2,L1,L,False,52,True,L1,True,0.582392294742151,False,1.2716870307922363,valid,False,0.582392294742151,0.406321316527781,0.009846777719753128,0.0011355808323654266,0.00018771024907574902,1.598173003260392e-05,6.216599203163412e-05,3.203636833261058e-05,5.564559312727726e-06,5.712791641226498e-07
P06,15,B,gamma,1799551287-γ-5,P06-T15-Bγ,1,59,B3,6,6,L4,L,False,59,True,L4,True,0.9155951551132977,False,2.1390368938446045,valid,False,0.00014789554913949946,0.0065988982803471125,0.061662558260200985,0.9155951551132977,0.011375817043680965,0.0002605442320007224,0.0030700440977842326,0.0010180785005610737,0.00021654325908255102,5.446566390508609e-05
P06,15,B,gamma,1799551287-γ-5,P06-T15-Bγ,2,72,C5,14,14,R1,R,False,72,True,R1,True,0.9587438000296523,False,1.5969629287719727,valid,False,1.1798264029572258e-08,7.056390626589856e-08,4.592598532523012e-08,2.0785224345230296e-08,2.4520851179696216e-09,0.9587438000296523,0.03199641566117847,0.003840581878340732,0.002902649341379416,0.0025164015639836577
P06,15,B,gamma,1799551287-γ-5,P06-T15-Bγ,3,64,E4,9,9,R2,R,False,64,True,R2,True,0.9535124908818067,False,1.1371161937713623,valid,False,6.5873239059118735e-06,0.00011126383472596213,0.00021139518445244878,0.0001258388778683278,2.2230705707283337e-05,0.011577638926347356,0.9535124908818067,0.03182182976874149,0.0025603719092435052,5.035258720099618e-05
P06,15,B,gamma,1799551287-γ-5,P06-T15-Bγ,4,67,G4,11,11,R4,R,False,67,True,R4,True,0.7596167730881618,False,1.038607120513916,valid,False,6.0794906940317e-07,6.536689371632651e-06,7.69084162300826e-06,3.93967937255753e-06,5.481387288416874e-07,0.00012994555908358085,0.014338201543262426,0.17291740628336036,0.7596167730881618,0.052978350227966285
P06,15,B,gamma,1799551287-γ-5,P06-T15-Bγ,5,62,D4,8,8,R3,R,False,62,True,R3,True,0.7160920861133544,False,1.3784489631652832,valid,False,2.0000536689883956e-05,0.0003246764219222731,0.0009897035570706242,0.000742193996554011,0.00016058657137897449,0.001597079887370419,0.14316607006476872,0.7160920861133544,0.12018313327701097,0.016724469573879894
P06,15,B,gamma,1799551287-γ-5,P06-T15-Bγ,6,72,C5,14,14,R5,R,False,72,True,R5,True,0.9174225653865457,False,0.9264812469482422,valid,False,1.2562071517628959e-08,8.853226741671209e-08,8.34661942401824e-08,3.737814813745416e-08,4.00872643117568e-09,4.488942782329485e-06,0.0002622566115825802,0.005482538255145083,0.07682792485653665,0.9174225653865457
P06,15,B,gamma,1799551287-γ-5,P06-T15-Bγ,7,55,G3,4,4,L5,L,False,55,True,L5,True,0.9538115801958293,False,1.221954107284546,valid,False,7.800235957410944e-05,0.0005421836322676893,0.003400809058466623,0.04211761858736062,0.9538115801958293,3.2393383196158025e-05,1.6310520920939113e-05,9.687210582535e-07,1.2595518888181004e-07,7.586137378500587e-09
P06,15,B,gamma,1799551287-γ-5,P06-T15-Bγ,8,64,E4,9,9,R2,R,False,64,True,R2,True,0.889796221621398,False,0.7907290458679199,valid,False,0.00016380140161801495,0.00037945945417967565,1.609884855357909e-05,1.7138593392421276e-06,1.0403200796944644e-07,0.004785878083118419,0.889796221621398,0.09472637495612421,0.009689012117425726,0.00044133562623500526
P06,15,B,gamma,1799551287-γ-5,P06-T15-Bγ,9,59,B3,6,6,L3,L,False,59,True,L3,True,0.8121418886762722,False,0.9876000881195068,valid,False,0.0006936090156815143,0.13666620757946193,0.8121418886762722,0.0474499307035787,0.0007018317796627538,0.0013214232893109256,0.0009798802238439792,3.994207755869542e-05,4.9899722250600555e-06,2.966824042561646e-07
P06,15,B,gamma,1799551287-γ-5,P06-T15-Bγ,10,71,B4,13,13,R4,R,False,71,True,R4,True,0.8562001526191039,False,1.157716989517212,valid,False,2.575389198674686e-07,7.282175404953714e-08,2.4303000568796754e-09,1.8787371509642015e-10,9.735412481513678e-12,1.2360844968444821e-05,0.0018823183310833942,0.03632492598811243,0.8562001526191039,0.10557990922814893
P06,15,B,gamma,1799551287-γ-5,P06-T15-Bγ,11,57,A3,5,5,L1,L,False,57,True,L1,True,0.9146380812939,False,1.2947790622711182,valid,False,0.9146380812939,0.0829740947355379,0.0012835530347758942,0.00012227635970755554,7.739087034470712e-06,0.00079906587591981,0.0001683901698752053,6.336228555868244e-06,4.3443181523273233e-07,2.8782878103991785e-08
P06,15,B,gamma,1799551287-γ-5,P06-T15-Bγ,12,65,F4,10,10,R1,R,False,65,True,R1,True,0.9486383823406093,False,1.4206569194793701,valid,False,4.324076800319889e-05,5.600091594114373e-06,2.6787976256184995e-07,1.3881239228441979e-08,8.110206463342762e-10,0.9486383823406093,0.04915741376137665,0.0018497077889896981,0.00026054691832244663,4.482575908230073e-05
P06,15,B,gamma,1799551287-γ-5,P06-T15-Bγ,13,69,A4,12,12,R5,R,False,69,True,R5,True,0.8775561758873809,False,0.9880452156066895,valid,False,1.144861546711935e-06,1.5333905715046885e-07,6.505523136195541e-09,3.2389092515048803e-10,1.9695827442140948e-11,1.9503021325061084e-05,0.0003595654612807981,0.016728953678250787,0.10533449690204869,0.8775561758873809
P06,15,B,gamma,1799551287-γ-5,P06-T15-Bγ,14,52,E3,2,2,L1,L,False,52,True,L1,True,0.9632026014990731,False,2.1192688941955566,valid,False,0.9632026014990731,0.033457091779316134,0.0021175585028837163,0.00041076408794282114,0.00014518649006391813,0.0005148540198775577,0.00014518649006391813,6.159644435840029e-06,5.815950024418775e-07,1.5891340423454282e-08
P06,15,B,gamma,1799551287-γ-5,P06-T15-Bγ,15,53,F3,3,3,L5,L,False,53,True,L5,True,0.9143945776853915,False,1.0956661701202393,valid,False,0.001427699509118581,0.0025461689576298336,0.007832346787643258,0.07357182813447138,0.9143945776853915,0.000204874827111075,2.1889727471087486e-05,5.096747313140519e-07,8.768691974297594e-08,1.7009512400100507e-08
P06,15,B,gamma,1799551287-γ-5,P06-T15-Bγ,16,60,C4,7,7,R1,R,False,60,True,R1,True,0.7782705502839384,False,1.3893749713897705,valid,False,0.005610962988822048,0.13389745084109078,0.019630298504810212,0.0009773350137405638,7.133696146440292e-06,0.7782705502839384,0.06016400288436392,0.0012931410933213576,0.00014328411734812807,5.840576418204552e-06
P06,15,B,gamma,1799551287-γ-5,P06-T15-Bγ,17,52,E3,2,2,L3,L,False,52,True,L3,True,0.7759818111058355,False,1.0312628746032715,valid,False,0.0005718610684556863,0.026953929145168403,0.7759818111058355,0.1913547586926082,0.005070821707958512,6.268265040426084e-05,4.062848625956823e-06,6.092475868050788e-08,1.1354789514527813e-08,5.013953529631668e-10
P06,15,B,gamma,1799551287-γ-5,P06-T15-Bγ,18,62,D4,8,8,L1,L,False,62,True,R1,False,0.0008278246331187004,False,1.3863129615783691,valid,False,0.0008278246331187004,0.0020186560830819022,0.0001005029684196031,8.759924301909227e-06,2.749124502245278e-07,0.8143839880745022,0.17811545873544432,0.003534005692206926,0.0009825854024474358,2.7943574026919083e-05
P06,15,B,gamma,1799551287-γ-5,P06-T15-Bγ,19,62,D4,8,8,R2,R,False,62,True,R2,True,0.8577429634152499,False,1.614150047302246,valid,False,0.00085202095091411,0.0023972074039194068,0.0001101738703177209,9.994748021196809e-06,2.9179688319409376e-07,0.11083466519784818,0.8577429634152499,0.024393201786391466,0.0035762132105354814,8.326761991938505e-05
P06,15,B,gamma,1799551287-γ-5,P06-T15-Bγ,20,57,A3,5,5,R4,R,False,57,True,R4,True,0.6004699749482015,False,1.889672040939331,valid,False,0.009141160184849305,0.001320106797052873,5.170052411923857e-05,5.0807958828223485e-06,4.6026518626054494e-07,0.002133390802877998,0.051072446894033306,0.31662326865550583,0.6004699749482015,0.019182410132290984
P06,15,B,gamma,1799551287-γ-5,P06-T15-Bγ,21,64,E4,9,9,R1,R,False,64,True,R1,True,0.8799987920389585,False,0.7136361598968506,valid,False,0.00017263316044221417,2.282087788714504e-05,5.53040420927517e-07,6.377945348240682e-08,4.200778238837349e-09,0.8799987920389585,0.11442510850339778,0.004136791696161845,0.0010201202727323601,0.00022311242976750254
P06,15,B,gamma,1799551287-γ-5,P06-T15-Bγ,22,53,F3,3,3,L2,L,False,53,True,L2,True,0.8819359756862265,False,0.759005069732666,valid,False,0.005680519303976315,0.8819359756862265,0.09772129157940039,0.01376486682223935,0.0007656125301315268,0.00012660864787919295,4.806046162404208e-06,2.697862614964585e-07,4.641534062048803e-08,3.1823821540858394e-09
P06,15,B,gamma,1799551287-γ-5,P06-T15-Bγ,23,57,A3,5,5,R3,R,False,57,True,R3,True,0.6431883771905664,False,1.4278409481048584,valid,False,0.014998156659820414,0.008218910415416883,0.00039315067148418254,3.7121374151312674e-05,2.54515849835508e-06,0.0027763749537992573,0.2394897275249803,0.6431883771905664,0.09059849916583267,0.0002971368854501465
P06,15,B,gamma,1799551287-γ-5,P06-T15-Bγ,24,60,C4,7,7,L5,L,False,60,True,L5,True,0.8654997042018305,False,1.1293089389801025,valid,False,0.000771145767598568,0.002683766873369964,0.008698411032847969,0.12191292164150139,0.8654997042018305,0.00030189581625383904,0.00011570713632221881,1.2820716149562972e-05,3.0375835420156334e-06,5.892305839423105e-07
P06,15,B,gamma,1799551287-γ-5,P06-T15-Bγ,25,53,F3,3,3,L3,L,False,53,True,L3,True,0.6674124631108654,False,0.9098997116088867,valid,False,0.00020044272109606906,0.03727834417881129,0.6674124631108654,0.2881289837926831,0.006977610618273855,1.0684424387036824e-06,9.715753227459694e-07,9.173635882569381e-08,2.0882652663828906e-08,2.941497478869602e-09
P06,15,B,gamma,1799551287-γ-5,P06-T15-Bγ,26,60,C4,7,7,L2,L,False,60,True,L2,True,0.8949626860375849,False,0.9797759056091309,valid,False,0.005873457789230762,0.8949626860375849,0.03367588578306247,0.0010374668552107838,1.494739900063431e-05,0.01662298555636771,0.044557568436440396,0.002820127300148025,0.00041345029629556804,2.1424546658778977e-05
P06,15,B,gamma,1799551287-γ-5,P06-T15-Bγ,27,60,C4,7,7,R1,R,False,60,True,R1,True,0.9868366607706004,False,0.6721322536468506,valid,False,0.00413899692603256,0.001397247926431449,3.12575145886984e-05,1.49519975621368e-06,7.747963232391661e-08,0.9868366607706004,0.00720304991137253,0.0003180662880719308,6.683720015684617e-05,6.310783356625342e-06
P06,15,B,gamma,1799551287-γ-5,P06-T15-Bγ,28,59,B3,6,6,L4,L,False,59,True,L4,True,0.8468739637391115,False,0.9871890544891357,valid,False,0.0003936473484454804,0.012755150107619295,0.09546022766451633,0.8468739637391115,0.04145189029390212,0.0027841148554546336,0.00025196927599415017,2.2858137010004396e-05,5.41572716942919e-06,7.628507772249971e-07
P06,15,B,gamma,1799551287-γ-5,P06-T15-Bγ,29,64,E4,9,9,R5,R,False,64,True,R5,True,0.9534412606685783,False,0.9025232791900635,valid,False,6.416247733044801e-05,4.15888914107333e-05,1.5649174863288361e-06,1.5379005255649912e-07,1.1888700095641604e-08,0.0001246635623352421,0.0005557452579104642,0.0036695822205692653,0.04210126632562669,0.9534412606685783
P06,16,C,gamma,1799551287-γ-1,P06-T16-Cγ,0,55,G3,4,4,L3,L,False,55,True,L3,True,0.8756577632107462,False,0.8404760360717773,valid,False,0.00029703153857248355,0.04392358040990991,0.8756577632107462,0.07941140701780738,0.0005572738141590616,8.377294846386842e-05,6.373072597048413e-05,4.647320443070354e-06,7.658428096650309e-07,2.7171117876850075e-08
P06,16,C,gamma,1799551287-γ-1,P06-T16-Cγ,1,60,C4,7,7,L5,L,False,60,True,L5,True,0.8911442925443036,False,0.9776492118835449,valid,False,0.000275054899640661,0.0013290261064235255,0.0061287546353218135,0.10111737079413195,0.8911442925443036,2.655230771327228e-06,1.4124186458072313e-06,4.193727754099239e-07,3.641414948620363e-07,6.498564909920943e-07
P06,16,C,gamma,1799551287-γ-1,P06-T16-Cγ,2,57,A3,5,5,L2,L,False,57,True,L2,True,0.9577864404345321,False,0.5226430892944336,valid,False,0.008887313681634331,0.9577864404345321,0.03071112082382513,0.0016563639871556362,3.4205283136035446e-05,0.0008313643002942441,8.933381733882308e-05,3.361475820390602e-06,4.549262822455871e-07,4.1269981222881244e-08
P06,16,C,gamma,1799551287-γ-1,P06-T16-Cγ,3,48,C3,0,0,L4,L,False,48,True,L4,True,0.8076813828100872,False,0.8948500156402588,valid,False,3.780227479355454e-05,0.004103104845043177,0.14462839395963045,0.8076813828100872,0.043549302748236915,1.0060122510571833e-08,3.1571767999065425e-09,1.1414088166479987e-10,2.495076716084826e-11,5.817864898227089e-12
P06,16,C,gamma,1799551287-γ-1,P06-T16-Cγ,4,64,E4,9,9,R2,R,False,64,True,R2,True,0.7942700208520335,False,0.46918392181396484,valid,False,7.36940178853355e-05,0.00016176481476376745,6.994882141809212e-06,3.9265605008317783e-07,7.3922152078362865e-09,0.03641885751833909,0.7942700208520335,0.15407253223526507,0.014547562882073211,0.00044817274923282215
P06,16,C,gamma,1799551287-γ-1,P06-T16-Cγ,5,69,A4,12,12,R5,R,False,69,True,R5,True,0.8786152503127116,False,0.589245080947876,valid,False,6.875483836489097e-07,1.0291029092928119e-07,5.7768447745069085e-09,3.375160031241127e-10,9.587916425801702e-12,0.00012696744168920829,0.0009402091663348346,0.014855157166605222,0.10546161933003596,0.8786152503127116
P06,16,C,gamma,1799551287-γ-1,P06-T16-Cγ,6,53,F3,3,3,L2,L,False,53,True,L2,True,0.8453957626385704,False,0.5796058177947998,valid,False,0.0025175260717723844,0.8453957626385704,0.1454459988597368,0.006422483467619855,0.0002173447727409881,8.258982248649e-07,5.434297953464279e-08,2.815994355424788e-09,9.188020599476373e-10,2.1355883271924748e-10
P06,16,C,gamma,1799551287-γ-1,P06-T16-Cγ,7,53,F3,3,3,L2,L,False,53,True,L2,True,0.7430075454926095,False,0.6034829616546631,valid,False,0.001065324262413808,0.7430075454926095,0.2424283493466973,0.01307505478640624,0.0004228974028522339,7.554973144723294e-07,6.845774941239643e-08,3.146267274860277e-09,1.3050179011950213e-09,3.0267185392575304e-10
P06,16,C,gamma,1799551287-γ-1,P06-T16-Cγ,8,65,F4,10,10,R2,R,False,65,True,R2,True,0.8973104398363334,False,0.45436573028564453,valid,False,2.1621766882936808e-05,0.0001628220298443496,1.5008426493085422e-05,9.462159340376612e-07,2.007478762761199e-08,0.042922745731561546,0.8973104398363334,0.05456550404070932,0.004755975792640404,0.0002449160848131799
P06,16,C,gamma,1799551287-γ-1,P06-T16-Cγ,9,50,D3,1,1,L4,L,False,50,True,L4,True,0.9050372804353104,False,0.7138469219207764,valid,False,3.719988572764152e-05,0.005722355814211226,0.062052210573854634,0.9050372804353104,0.027150918209299196,2.8696605600409734e-08,6.1934153952299345e-09,1.5621636065799348e-10,2.9114664258236715e-11,6.2449862651477146e-12
P06,16,C,gamma,1799551287-γ-1,P06-T16-Cγ,10,60,C4,7,7,L2,L,False,60,True,L2,True,0.9551843301079583,False,0.5989890098571777,valid,False,0.003260577535039029,0.9551843301079583,0.035941921271492844,0.0011994994414863168,1.1957693558475163e-05,0.002777056456730386,0.00158709347091265,3.1489671924549376e-05,4.9693637018684245e-06,1.1049871954652416e-06
P06,16,C,gamma,1799551287-γ-1,P06-T16-Cγ,11,55,G3,4,4,L4,L,False,55,True,L4,True,0.8605379075771594,False,0.7074370384216309,valid,False,0.00013372966982837353,0.007252041160922564,0.12589842906982057,0.8605379075771594,0.006168032257539694,7.344459902877423e-06,2.454023674390434e-06,5.1063411626503076e-08,8.335591873060478e-09,2.382148679647644e-09
P06,16,C,gamma,1799551287-γ-1,P06-T16-Cγ,12,65,F4,10,10,R2,R,False,65,True,R2,True,0.8984920588173416,False,0.4422309398651123,valid,False,1.4615823615462589e-05,0.0010787885373400522,0.00029539061089312344,1.690841458271429e-05,1.1541396706355438e-07,0.0335135254238112,0.8984920588173416,0.06160344953508793,0.004762238676721886,0.0002229087466389274
P06,16,C,gamma,1799551287-γ-1,P06-T16-Cγ,13,67,G4,11,11,R5,R,False,67,True,R5,True,0.5159242191816038,False,0.6773040294647217,valid,False,5.609710489790577e-06,2.185571965074346e-06,1.77944276980366e-07,1.3216558174094311e-08,2.5495643401120816e-10,0.0009661008788395709,0.004589057405209609,0.07267227082884382,0.40584036500725673,0.5159242191816038
P06,16,C,gamma,1799551287-γ-1,P06-T16-Cγ,14,48,C3,0,0,L3,L,False,48,True,L3,True,0.7015391162586767,False,0.5898802280426025,valid,False,4.4075725979783485e-05,0.014876142951409758,0.7015391162586767,0.2793338060769609,0.004206854898793013,3.2555917174736185e-09,7.934473265439909e-10,3.2347686244770936e-11,4.555170649507806e-12,2.237988048782714e-12
P06,16,C,gamma,1799551287-γ-1,P06-T16-Cγ,15,50,D3,1,1,L5,L,False,50,True,L5,True,0.9161613472814252,False,0.5856509208679199,valid,False,1.908953916407856e-05,0.00043997185398874175,0.003526100169819825,0.07985340310560497,0.9161613472814252,6.371998660910129e-08,2.319810353155638e-08,9.566698326109073e-10,1.2395963283983635e-10,5.127756912063325e-11
P06,16,C,gamma,1799551287-γ-1,P06-T16-Cγ,16,62,D4,8,8,R3,R,False,62,True,R3,True,0.7213540961705954,False,0.505673885345459,valid,False,0.00015200276384391703,0.0019056083529741005,0.00016868350610032236,1.2506618592058355e-05,2.972053080865022e-07,0.002365832893660896,0.17627000495632353,0.7213540961705954,0.09746864868467629,0.00030231884792523793
P06,16,C,gamma,1799551287-γ-1,P06-T16-Cγ,17,53,F3,3,3,L4,L,False,53,True,L4,True,0.8163953570115442,False,0.5356767177581787,valid,False,9.061117976768035e-05,0.007551200346060645,0.14670999542090232,0.8163953570115442,0.029238898693547524,1.27797452700927e-05,1.0452027524647301e-06,1.0358673713884069e-07,8.67468749657745e-09,1.3873029149008876e-10
P06,16,C,gamma,1799551287-γ-1,P06-T16-Cγ,18,71,B4,13,13,R1,R,False,71,True,R1,True,0.9217987190003951,False,0.7359158992767334,valid,False,4.796502847970588e-07,4.547703042773787e-06,7.238080143105337e-07,5.7084719031076525e-08,4.5689272261145353e-10,0.9217987190003951,0.07125941071329174,0.0038432827746183143,0.0021092383075102675,0.0009835405012310705
P06,16,C,gamma,1799551287-γ-1,P06-T16-Cγ,19,62,D4,8,8,L2,L,False,62,True,L2,True,0.9204806598827839,False,0.7539258003234863,valid,False,0.0035427242382138364,0.9204806598827839,0.051670963535926984,0.0021921789203557833,1.6001000779248575e-05,0.02125456464968658,0.0008064575561683012,2.585880776881217e-05,9.139916675758748e-06,1.451491640583692e-06
P06,16,C,gamma,1799551287-γ-1,P06-T16-Cγ,20,72,C5,14,14,R3,R,False,72,True,R3,True,0.45734474554871907,False,0.8311140537261963,valid,False,3.8186492193968156e-08,1.5892539385984726e-08,2.1835413496605215e-09,1.4384025018878347e-10,1.680106404572635e-12,0.032263847342948127,0.45734474554871907,0.45734474554871907,0.05274333813652793,0.00030326701499266143
P06,16,C,gamma,1799551287-γ-1,P06-T16-Cγ,21,60,C4,7,7,L4,L,False,60,True,L4,True,0.9043782092831583,False,0.6355540752410889,valid,False,0.0002703543124121146,0.008599948929789877,0.08029263572119226,0.9043782092831583,0.0063056407446013514,0.000120948117976327,2.9814740682376316e-05,1.8130362480499394e-06,5.915570946578597e-07,4.355684471755409e-08
P06,16,C,gamma,1799551287-γ-1,P06-T16-Cγ,22,62,D4,8,8,R5,R,False,62,True,R5,True,0.6089779770569669,False,0.7558078765869141,valid,False,3.599680129431676e-05,1.4911347146366856e-06,8.042239342192061e-08,9.653230851222188e-09,6.045026062075543e-10,0.0031506166615256257,0.005935845696856227,0.026786564521904564,0.35511141744661096,0.6089779770569669
P06,16,C,gamma,1799551287-γ-1,P06-T16-Cγ,23,57,A3,5,5,R3,R,False,57,True,R3,True,0.7135440377096007,False,0.6920449733734131,valid,False,0.0041154255382658865,0.0013367538242490332,9.928548971867044e-05,1.3985197302144578e-05,5.674428772200142e-07,0.0023625996627786687,0.16008754475482037,0.7135440377096007,0.11794803613053881,0.0004917642498485227
P06,16,C,gamma,1799551287-γ-1,P06-T16-Cγ,24,57,A3,5,5,L1,L,False,57,True,L1,True,0.8991974167815701,False,0.617851972579956,valid,False,0.8991974167815701,0.09572721213225359,0.004662556021148056,0.00022797999532926175,7.310106811279937e-06,0.00015280547693596934,2.0681878567200444e-05,3.5582109816988687e-06,4.6266958698376173e-07,1.672681573593808e-08
P06,16,C,gamma,1799551287-γ-1,P06-T16-Cγ,25,59,B3,6,6,R5,R,False,59,True,R5,True,0.758334605219849,False,0.8600718975067139,valid,False,0.00024083464139307037,1.0792808135272376e-05,8.01620479187452e-07,9.244697878888258e-08,1.1541318819536806e-08,0.0018060185385654621,0.0037745209277474773,0.013625225852924899,0.22220709640260805,0.758334605219849
P06,16,C,gamma,1799551287-γ-1,P06-T16-Cγ,26,69,A4,12,12,R1,R,False,69,True,R1,True,0.9496419316616987,False,0.5914340019226074,valid,False,1.5473982815847365e-06,1.6686295654814393e-06,3.0235310537701933e-07,1.2827554563613995e-08,2.7346007805341205e-10,0.9496419316616987,0.04542601686009444,0.00351164644274256,0.001057687582836133,0.0003591859706613617
P06,16,C,gamma,1799551287-γ-1,P06-T16-Cγ,27,71,B4,13,13,R1,R,False,71,True,R1,True,0.9489220243621862,False,0.5664341449737549,valid,False,6.311074425961367e-07,3.646586890381864e-06,8.713518382036223e-07,5.1819952914382385e-08,6.373408676804502e-10,0.9489220243621862,0.04539158017397619,0.003239200788385425,0.0015766882912539235,0.0008653048807333609
P06,16,C,gamma,1799551287-γ-1,P06-T16-Cγ,28,62,D4,8,8,L3,L,False,62,True,L3,True,0.8293909317274399,False,0.7854571342468262,valid,False,0.0008897470449164358,0.12034486182293214,0.8293909317274399,0.043085302262127284,0.00028322446257576664,0.005890513743953866,0.00010679778676457603,6.2397318152550955e-06,1.8793711066392538e-06,5.020463680779714e-07
P06,16,C,gamma,1799551287-γ-1,P06-T16-Cγ,29,65,F4,10,10,R4,R,False,65,True,R4,True,0.5402887057427381,False,0.7829210758209229,valid,False,7.768790770271818e-06,3.74289327741231e-06,3.98462820364475e-07,2.3280455641887672e-08,5.641778134585449e-10,0.0027178609075621924,0.06448617089336021,0.36216635010600823,0.5402887057427381,0.03032897835882967
P06,17,C,alpha,1799551287-α-4,P06-T17-Cα,0,60,C4,7,7,R1,R,False,60,True,R1,True,0.8793995608811437,False,0.6199641227722168,valid,False,0.00010024806050090528,0.030750660681997104,0.05227848895071981,0.0027913557409251304,0.00013331445195913783,0.8793995608811437,0.03309027251295367,0.0012959439614942134,0.00014359468399415348,1.6560074312048086e-05
P06,17,C,alpha,1799551287-α-4,P06-T17-Cα,1,62,D4,8,8,R2,R,False,62,True,R2,True,0.9128723397233958,False,0.6054489612579346,valid,False,3.770073019432736e-05,0.008642042578416583,0.004374248317959364,0.00019705803658073286,8.94872673769031e-06,0.008287651323345462,0.9128723397233958,0.06013524120193458,0.005241438826032238,0.0002033305354032513
P06,17,C,alpha,1799551287-α-4,P06-T17-Cα,2,59,B3,6,6,L2,L,False,59,True,L2,True,0.8967476608210093,False,0.6157839298248291,valid,False,0.0011261159594058545,0.8967476608210093,0.0917231231110908,0.003451381231580365,6.073058743174042e-05,0.006785419416447788,9.815322586674029e-05,6.212291235309212e-06,1.1124110612111536e-06,9.094487081448087e-08
P06,17,C,alpha,1799551287-α-4,P06-T17-Cα,3,57,A3,5,5,L4,L,False,57,True,L4,True,0.8069633955122608,False,1.0776398181915283,valid,False,0.0002756008595759759,0.018040997051728715,0.1609070322660146,0.8069633955122608,0.013229043163966557,0.0005757198932009977,7.698562225800023e-06,4.1521184774863117e-07,8.725098640190757e-08,1.0228192385578466e-08
P06,17,C,alpha,1799551287-α-4,P06-T17-Cα,4,55,G3,4,4,L5,L,False,55,True,L5,True,0.9226360552969677,False,0.6420738697052002,valid,False,0.00011074284246834704,0.0009369927727258537,0.0019617987691095476,0.07423493418213388,0.9226360552969677,0.00011778153753048493,1.576157825394748e-06,9.584625606948209e-08,2.0140755689743372e-08,2.4542270908290788e-09
P06,17,C,alpha,1799551287-α-4,P06-T17-Cα,5,57,A3,5,5,L4,L,False,57,True,L4,True,0.8586314396853778,False,0.6882481575012207,valid,False,0.00017781964111514108,0.015472453540318695,0.10496518462597197,0.8586314396853778,0.02012045176537438,0.0006206805225452968,1.1280719748050461e-05,5.396119825630155e-07,1.3306667660655068e-07,1.6820889607948527e-08
P06,17,C,alpha,1799551287-α-4,P06-T17-Cα,6,59,B3,6,6,L5,L,False,59,True,L5,True,0.8821521245556636,False,0.8555557727813721,valid,False,0.00030877983194108364,0.0016259347411247454,0.004671274998025513,0.10997387294903445,0.8821521245556636,0.0012517503163013977,1.5486493345698932e-05,5.827297486545852e-07,1.4881429601848413e-07,4.4570519088901896e-08
P06,17,C,alpha,1799551287-α-4,P06-T17-Cα,7,62,D4,8,8,R2,R,False,62,True,R2,True,0.8985797428359044,False,0.5568130016326904,valid,False,8.513801735058084e-05,0.0003384955223938501,1.0870219004763923e-05,9.405867996922897e-07,6.06014160147941e-08,0.024552543490007774,0.8985797428359044,0.07229937274167285,0.004058508141910436,7.43278435397499e-05
P06,17,C,alpha,1799551287-α-4,P06-T17-Cα,8,64,E4,9,9,R3,R,False,64,True,R3,True,0.5595724562128727,False,0.7174410820007324,valid,False,3.400330656204059e-05,9.509993633238778e-05,3.438131998045341e-06,2.879202635280583e-07,1.35543716530987e-08,0.006964533179305939,0.33267732329670463,0.5595724562128727,0.10020048421141182,0.0004523602501774039
P06,17,C,alpha,1799551287-α-4,P06-T17-Cα,9,65,F4,10,10,R2,R,False,65,True,R2,True,0.8724758944716213,False,0.44605112075805664,valid,False,1.5962329166989517e-05,4.0897192274631273e-05,1.432026114227122e-06,1.2991047813967488e-07,5.395842186355335e-09,0.021139006392454866,0.8724758944716213,0.09667308470245796,0.0095004106651447,0.00015317691444492935
P06,17,C,alpha,1799551287-α-4,P06-T17-Cα,10,64,E4,9,9,R3,R,False,64,True,R3,True,0.5125960234585518,False,0.5428271293640137,valid,False,3.407321562685119e-05,0.00018950846777045092,6.216725587696395e-06,6.358728451057096e-07,2.4704169216999394e-08,0.004238277741580494,0.4132618717362457,0.5125960234585518,0.06937232802072447,0.0003010400568981449
P06,17,C,alpha,1799551287-α-4,P06-T17-Cα,11,59,B3,6,6,L5,L,False,59,True,L5,True,0.9107511102154733,False,0.7789301872253418,valid,False,0.0003103001263592995,0.0026100181819598387,0.004342575318736654,0.08043262238612742,0.9107511102154733,0.0013669439674208871,0.00017411026476668497,1.0612419156882191e-05,1.6854370952638073e-06,2.168290375553835e-08
P06,17,C,alpha,1799551287-α-4,P06-T17-Cα,12,57,A3,5,5,L4,L,False,57,True,L4,True,0.8625849825236864,False,0.6394431591033936,valid,False,0.0002459914923039228,0.013440635402955235,0.10139194928260543,0.8625849825236864,0.022028225183650177,0.0002846378559670255,2.1390550365285243e-05,1.8732763441379718e-06,3.096504970178046e-07,4.781625383677112e-09
P06,17,C,alpha,1799551287-α-4,P06-T17-Cα,13,59,B3,6,6,L5,L,False,59,True,L5,True,0.8853908574610395,False,0.8123972415924072,valid,False,0.00025338265713224296,0.0016839888391394586,0.004519526858732377,0.10717688977604632,0.8853908574610395,0.0008550931381420962,0.00011337729408329282,5.893113544386838e-06,9.71432378654217e-07,1.9429761840646924e-08
P06,17,C,alpha,1799551287-α-4,P06-T17-Cα,14,64,E4,9,9,R3,R,False,64,True,R3,True,0.565739548775782,False,1.0430331230163574,valid,False,4.9153758224594325e-05,7.563272728491305e-05,2.330048516994283e-06,1.5349137385860293e-07,6.256646690144035e-09,0.0045783098036484525,0.31907333562082124,0.565739548775782,0.1097421815971563,0.0007393479205448088
P06,17,C,alpha,1799551287-α-4,P06-T17-Cα,15,62,D4,8,8,R5,R,False,62,True,R5,True,0.7694920141232805,False,0.8108830451965332,valid,False,0.00011015064545066981,4.441094083118706e-05,2.1243924469932133e-06,1.5778622856969066e-07,5.704418974585547e-09,0.0046965742145041916,0.004176554119119764,0.017684544007173356,0.20379346406654575,0.7694920141232805
P06,17,C,alpha,1799551287-α-4,P06-T17-Cα,16,64,E4,9,9,R3,R,False,64,True,R3,True,0.4917161436020661,False,0.5887470245361328,valid,False,1.775797766763778e-05,2.4183168752234007e-05,7.754256962709393e-07,6.239044658544208e-08,2.8654834248097275e-09,0.004083318678818392,0.41901285770491825,0.4917161436020661,0.08459723696561303,0.0005476612205380677
P06,17,C,alpha,1799551287-α-4,P06-T17-Cα,17,59,B3,6,6,L5,L,False,59,True,L5,True,0.8612139294508666,False,0.755850076675415,valid,False,0.0004530287220793624,0.0030450544399952674,0.005757289936827958,0.12707813473411758,0.8612139294508666,0.0019919173980740778,0.00042092378578019213,3.336923645179044e-05,6.219157274919399e-06,1.3313853250432e-07
P06,17,C,alpha,1799551287-α-4,P06-T17-Cα,18,62,D4,8,8,R4,R,False,62,True,R4,True,0.6528185899305371,False,0.5944738388061523,valid,False,2.976811893583565e-05,3.6196892006485654e-05,1.1607363166149078e-06,8.62120395983152e-08,6.36982811270174e-09,0.0027218159343412743,0.032493372126236646,0.297876257012518,0.6528185899305371,0.014022746667240425
P06,17,C,alpha,1799551287-α-4,P06-T17-Cα,19,64,E4,9,9,R5,R,False,64,True,R5,True,0.9490886497086386,False,0.8846549987792969,valid,False,2.2670788811133005e-05,1.4632681515227119e-05,5.290128729305508e-07,3.775103022399529e-08,2.389329460274902e-09,0.00019464757210051848,0.000992643708567158,0.004286635708124025,0.04539955067901067,0.9490886497086386
P06,17,C,alpha,1799551287-α-4,P06-T17-Cα,20,59,B3,6,6,L5,L,False,59,True,L5,True,0.9036827415563122,False,0.6886560916900635,valid,False,0.0002542275784137965,0.0011639411745487207,0.004471730447961031,0.09013330742535391,0.9036827415563122,0.00027051595483380093,2.251616798280857e-05,7.514381525623209e-07,2.3556547661624245e-07,3.2690964561609565e-08
P06,17,C,alpha,1799551287-α-4,P06-T17-Cα,21,64,E4,9,9,R5,R,False,64,True,R5,True,0.7724730817826416,False,0.7283110618591309,valid,False,7.993086616339853e-06,4.381330483238569e-06,2.0958045950327987e-07,1.9788633763883268e-08,3.7723298711575136e-10,0.0010488947061693715,0.004158382815794036,0.015952206569472088,0.206354829962497,0.7724730817826416
P06,17,C,alpha,1799551287-α-4,P06-T17-Cα,22,65,F4,10,10,R3,R,False,65,True,R3,True,0.6023863105092097,False,1.0655231475830078,valid,False,5.316705001335239e-06,5.618524794109948e-05,4.343386008829135e-06,2.9779624447488596e-07,4.1222927828884814e-09,0.0028359917410565334,0.10786699617750081,0.6023863105092097,0.2817158535155238,0.005128700799220577
P06,17,C,alpha,1799551287-α-4,P06-T17-Cα,23,57,A3,5,5,L4,L,False,57,True,L4,True,0.807920034339661,False,0.6665418148040771,valid,False,0.0006738932604514031,0.030370982256359525,0.14943495842227067,0.807920034339661,0.011183764028260842,0.00037491481449318135,3.973444187864289e-05,1.3801861276793258e-06,3.2700440579521893e-07,1.1246091336594918e-08
P06,17,C,alpha,1799551287-α-4,P06-T17-Cα,24,59,B3,6,6,L3,L,False,59,True,L3,True,0.8157819079248388,False,0.5122189521789551,valid,False,0.0003620934503045577,0.08262758342268113,0.8157819079248388,0.09791963091840164,0.0011097636331507895,0.0019244075271502765,0.0002629338102693451,9.505801805117994e-06,2.0790318497911226e-06,9.44795485949485e-08
P06,17,C,alpha,1799551287-α-4,P06-T17-Cα,25,57,A3,5,5,L2,L,False,57,True,L2,True,0.8237938950716994,False,0.6726169586181641,valid,False,0.0022120515128200044,0.8237938950716994,0.15979957460498684,0.013382131825682358,0.0002655161454350168,0.0004780151232944213,6.547547534175316e-05,2.7778455639726273e-06,5.388465999769764e-07,2.354857620543212e-08
P06,17,C,alpha,1799551287-α-4,P06-T17-Cα,26,59,B3,6,6,L3,L,False,59,True,L3,True,0.759993883444359,False,0.7733538150787354,valid,False,0.0006658508284393971,0.18794896240843176,0.759993883444359,0.04266207640254136,0.0005032392303693219,0.00476073443378029,0.0032979807430706816,0.0001399192770940294,2.6077311996574204e-05,1.2759199174949413e-06
P06,17,C,alpha,1799551287-α-4,P06-T17-Cα,27,57,A3,5,5,L4,L,False,57,True,L4,True,0.6018511024901247,False,1.6886649131774902,valid,False,0.00039927896329768563,0.028234624453730758,0.3629027051628087,0.6018511024901247,0.0049336278675316024,0.0011095252467922879,0.0005488171663098476,1.6244678133214542e-05,3.84881518061499e-06,2.2515609065522092e-07
P06,17,C,alpha,1799551287-α-4,P06-T17-Cα,28,55,G3,4,4,L5,L,False,55,True,L5,True,0.9298783470539072,False,0.6864359378814697,valid,False,0.00020778731720954763,0.001532262976909968,0.002772754242354015,0.06538997660198684,0.9298783470539072,0.00017156826937246057,4.573249277748255e-05,1.2005851308028117e-06,3.3380744873265894e-07,3.6652902969702964e-08
P06,17,C,alpha,1799551287-α-4,P06-T17-Cα,29,53,F3,3,3,L4,L,False,53,True,L4,True,0.8677237902915731,False,0.7697110176086426,valid,False,0.00010280482666956947,0.004401456569301073,0.05949387999709545,0.8677237902915731,0.06824601458627065,2.6208741434778503e-05,5.549061026617931e-06,2.3542302635524937e-07,5.5778249976511345e-08,4.725352389878397e-09
P06,18,B,alpha,1799551287-α-9,P06-T18-Bα,0,60,C4,7,7,L4,L,False,60,True,L4,True,0.7795416457468638,False,1.5489373207092285,valid,False,7.649633514415943e-05,0.013888630512890042,0.1931776453383666,0.7795416457468638,0.011760663767585706,0.0010301604109906307,0.00046334429979968597,5.0727156191675395e-05,9.402805464763635e-06,1.2836267031436833e-06
P06,18,B,alpha,1799551287-α-9,P06-T18-Bα,1,59,B3,6,6,L5,L,False,59,True,L5,True,0.8297664589124052,False,1.0153038501739502,valid,False,9.72180851880186e-05,0.003186957546986365,0.0073964038256237,0.15890774789828516,0.8297664589124052,0.0004382690669729305,0.0001886734124021196,1.562542765823783e-05,2.481590202501222e-06,1.6423427575947185e-07
P06,18,B,alpha,1799551287-α-9,P06-T18-Bα,2,60,C4,7,7,L4,L,False,60,True,L4,True,0.7077806510758154,False,0.7313480377197266,valid,False,9.220439298971945e-05,0.013768564323324604,0.24342310587644797,0.7077806510758154,0.032938003068782244,0.001145610684987943,0.0007837791195394031,5.85504929793116e-05,8.934225915830852e-06,5.96739217645887e-07
P06,18,B,alpha,1799551287-α-9,P06-T18-Bα,3,65,F4,10,10,R4,R,False,65,True,R4,True,0.7694511935362639,False,1.2896370887756348,valid,False,3.517781352725793e-05,6.36521309767228e-05,1.542543695399622e-06,8.319506931481884e-08,1.0356882831035e-08,0.00037630121176444864,0.01660722901273488,0.17515609102076082,0.7694511935362639,0.038308719178324485
P06,18,B,alpha,1799551287-α-9,P06-T18-Bα,4,64,E4,9,9,R5,R,False,64,True,R5,True,0.8871870942310834,False,0.9993207454681396,valid,False,8.078221573962652e-05,0.00012344690792394545,3.3730290490903674e-06,4.2139323485484224e-07,4.310187274242174e-08,0.0006583215607558757,0.004715676861765625,0.012782229542158305,0.09444861115641637,0.8871870942310834
P06,18,B,alpha,1799551287-α-9,P06-T18-Bα,5,59,B3,6,6,L3,L,False,59,True,L3,True,0.8052276530222986,False,2.25787091255188,valid,False,0.0003570756731938476,0.11630117662557958,0.8052276530222986,0.07602977472220014,0.001254607861848784,0.0001750949285802627,0.0005925589316673742,5.1776558363636266e-05,9.882438959588895e-06,3.9923730843390395e-07
P06,18,B,alpha,1799551287-α-9,P06-T18-Bα,6,57,A3,5,5,L4,L,False,57,True,L4,True,0.7828928641729631,False,1.1732869148254395,valid,False,0.00017399588843753058,0.016900407008363955,0.1686188082359532,0.7828928641729631,0.030959474302354052,0.0001251652961102706,0.0003030431533662708,2.1607596822150306e-05,4.419703127214581e-06,2.1464250239842073e-07
P06,18,B,alpha,1799551287-α-9,P06-T18-Bα,7,62,D4,8,8,R5,R,False,62,True,R4,False,0.07199963278549998,False,1.80922532081604,valid,False,7.119909851524112e-05,4.926859623908079e-05,1.7113574482082444e-06,1.4331459285418777e-07,9.030942409100783e-09,0.0003391746608845625,0.006973986007601923,0.16343742154673585,0.7571274536015399,0.07199963278549998
P06,18,B,alpha,1799551287-α-9,P06-T18-Bα,8,64,E4,9,9,R4,R,False,64,True,R4,True,0.8024115160754324,False,0.8345170021057129,valid,False,1.5560797421165426e-05,1.7036819715447898e-05,9.563578341745608e-07,4.2230053953138735e-08,3.5077828937261156e-09,0.00023089155489204922,0.0052904787006427265,0.12161074902002632,0.8024115160754324,0.07042276493619877
P06,18,B,alpha,1799551287-α-9,P06-T18-Bα,9,62,D4,8,8,R3,R,False,62,True,R3,True,0.8497499581460274,False,1.0101521015167236,valid,False,7.581036064733858e-05,0.0001387532836515888,6.908119219427269e-06,3.304491194740516e-07,4.9264301613235837e-08,0.00021386771640799395,0.03512709953280085,0.8497499581460274,0.11049189162672432,0.00419533150109999
P06,18,B,alpha,1799551287-α-9,P06-T18-Bα,10,64,E4,9,9,R1,R,False,64,True,R1,True,0.9943986979913882,False,1.6202852725982666,valid,False,2.1870445332624925e-05,3.026202148020161e-05,1.2838886878919073e-06,6.392105388080164e-08,1.0788094313237989e-08,0.9943986979913882,0.005270568496609483,0.00020641599171323976,5.739134510631811e-05,1.3435110533758149e-05
P06,18,B,alpha,1799551287-α-9,P06-T18-Bα,11,59,B3,6,6,L1,L,False,59,True,L1,True,0.8117032568942952,False,1.6645917892456055,valid,False,0.8117032568942952,0.17752915096060964,0.003484818145031663,0.0002057969710120511,1.2023825084856157e-05,0.00013985513536558819,0.006220815215198744,0.0005585063047034622,0.00014137348876587782,4.40305993279322e-06
P06,18,B,alpha,1799551287-α-9,P06-T18-Bα,12,64,E4,9,9,R1,R,False,64,True,R1,True,0.9439554718828537,False,2.4568920135498047,valid,False,4.325507576100741e-06,2.8020583818788228e-05,2.0771262150955062e-05,2.773423651640998e-06,4.074736090422244e-07,0.9439554718828537,0.05515122708559036,0.0007047437590472499,0.00011649335985161213,1.576566185070257e-05
P06,18,B,alpha,1799551287-α-9,P06-T18-Bα,13,65,F4,10,10,R2,R,False,65,True,R2,True,0.8977428669201544,False,0.744600772857666,valid,False,2.2858465268411913e-05,7.01211218931949e-06,5.003932281016481e-07,3.167077228174238e-08,1.4555651515700362e-09,0.014439863028253577,0.8977428669201544,0.07824803267468082,0.00902396383919784,0.0005148694406900769
P06,18,B,alpha,1799551287-α-9,P06-T18-Bα,14,64,E4,9,9,R3,R,False,64,True,R3,True,0.6094528098820355,False,0.8483242988586426,valid,False,0.00010395020799343112,6.157874735841669e-05,3.7446074832477917e-06,3.397031267524575e-07,2.2377860052699364e-08,0.001379764664807369,0.1629050835052099,0.6094528098820355,0.2234899899362789,0.0026027163678462436
P06,18,B,alpha,1799551287-α-9,P06-T18-Bα,15,62,D4,8,8,R1,R,False,62,True,R1,True,0.9815505916791728,False,0.7730879783630371,valid,False,0.0017422183731780904,0.0011842782977940468,6.387249538982198e-05,6.533147521889769e-06,4.479332006559671e-07,0.9815505916791728,0.014718917300710378,0.0005764501331356871,0.00014215085269499535,1.453978720184483e-05
P06,18,B,alpha,1799551287-α-9,P06-T18-Bα,16,57,A3,5,5,L2,L,False,57,True,L2,True,0.9650230213575163,False,0.7824368476867676,valid,False,0.013903657810926187,0.9650230213575163,0.019147113197252954,0.0011186828398471863,8.647948657276016e-05,0.0007133086180696907,6.958105481545756e-06,6.312250880576728e-07,1.3805643010067159e-07,9.302815479554363e-09
P06,18,B,alpha,1799551287-α-9,P06-T18-Bα,17,59,B3,6,6,L1,L,False,59,True,L1,True,0.8658933052468823,False,1.0050528049468994,valid,False,0.8658933052468823,0.1269459870112534,0.0012470014601142182,9.105984938185623e-05,6.763340845248764e-06,0.005745866799855921,6.353030116931493e-05,5.320232342762089e-06,1.074136384926214e-06,9.162176991997585e-08
P06,18,B,alpha,1799551287-α-9,P06-T18-Bα,18,64,E4,9,9,R2,R,False,64,True,R2,True,0.8464059129311121,False,0.674062967300415,valid,False,0.0005618688271372637,7.584974364597402e-05,4.257807370596597e-06,3.7111411578229866e-07,2.7563973304999974e-08,0.06058401571727294,0.8464059129311121,0.08317934394047342,0.00885514855115027,0.0003332038037483766
P06,18,B,alpha,1799551287-α-9,P06-T18-Bα,19,65,F4,10,10,R1,R,False,65,True,R1,True,0.9746955056914484,False,1.0866889953613281,valid,False,0.00015144757455114253,1.6943434257581243e-05,9.138218850425266e-07,7.964949358489944e-08,6.157283428020927e-09,0.9746955056914484,0.022694557099098633,0.0016856059617395675,0.0005957853191144826,0.00015915529112846779
P06,18,B,alpha,1799551287-α-9,P06-T18-Bα,20,60,C4,7,7,L2,L,False,60,True,L2,True,0.9420586195878722,False,0.8335318565368652,valid,False,0.005196927063089462,0.9420586195878722,0.038400385611218946,0.0011830164633409627,3.7933050634706725e-05,0.01276159030951378,0.0003289227038590063,2.3472341733297897e-05,7.971102229036943e-06,1.1617665087536161e-06
P06,18,B,alpha,1799551287-α-9,P06-T18-Bα,21,59,B3,6,6,L3,L,False,59,True,L3,True,0.7587270634205916,False,0.7244081497192383,valid,False,0.0006966324193269272,0.2118809615736056,0.7587270634205916,0.02532120311374085,0.0005192408382058451,0.0028080753530981954,4.207262919915056e-05,3.6670861842421806e-06,9.411971892032491e-07,1.4236885821663168e-07
P06,18,B,alpha,1799551287-α-9,P06-T18-Bα,22,57,A3,5,5,L2,L,False,57,True,L2,True,0.8713771588848497,False,1.2347331047058105,valid,False,0.001442065052569346,0.8713771588848497,0.10886133336448214,0.017289076767514504,0.0005298186497614582,0.0004937895821115078,6.0365350513799425e-06,5.476221048209877e-07,1.5225937169292336e-07,2.128218341084799e-08
P06,18,B,alpha,1799551287-α-9,P06-T18-Bα,23,59,B3,6,6,L1,L,False,59,True,L1,True,0.9821104505215373,False,0.9036662578582764,valid,False,0.9821104505215373,0.007381182487026827,0.00019832120517567067,2.7193859853571847e-05,2.7113835945109565e-06,0.010176150789906972,9.534091586979662e-05,6.803648797137278e-06,1.5487668847556403e-06,2.9642135373167605e-07
P06,18,B,alpha,1799551287-α-9,P06-T18-Bα,24,60,C4,7,7,L2,L,False,60,True,L2,True,0.8860297418838664,False,0.8003320693969727,valid,False,0.003147947076911657,0.8860297418838664,0.08365912598723683,0.002379167219692906,6.0009674911111686e-05,0.023799864343263113,0.0008409277929633113,6.766071952658023e-05,1.4217957775932452e-05,1.337343852009687e-06
P06,18,B,alpha,1799551287-α-9,P06-T18-Bα,25,59,B3,6,6,L3,L,False,59,True,L3,True,0.7605466412878713,False,0.7238280773162842,valid,False,0.00031590631343738913,0.20910498538519187,0.7605466412878713,0.024386688730056994,0.00043301920372785705,0.004994530719598378,0.00020069627961155653,1.490643082105477e-05,2.464016442072343e-06,1.616332414132906e-07
P06,18,B,alpha,1799551287-α-9,P06-T18-Bα,26,60,C4,7,7,L4,L,False,60,True,L4,True,0.8797255707853017,False,0.8914768695831299,valid,False,0.00020700146214775087,0.014754951131912941,0.08583096975400081,0.8797255707853017,0.00912503380410589,0.009620149382940374,0.0006835947603606545,4.156944018780224e-05,1.025089774306425e-05,9.085812988010287e-07
P06,18,B,alpha,1799551287-α-9,P06-T18-Bα,27,64,E4,9,9,R2,R,False,64,True,R2,True,0.8857018934378276,False,0.7416760921478271,valid,False,0.00027424906786218235,0.00034867341469605595,3.863411558530283e-05,2.08368030910353e-06,5.470149218911686e-08,0.028552184062173958,0.8857018934378276,0.07719853117353008,0.007586576461812882,0.0002971198847108842
P06,18,B,alpha,1799551287-α-9,P06-T18-Bα,28,59,B3,6,6,L4,L,False,59,True,L4,True,0.9246080574742787,False,1.2145700454711914,valid,False,0.00022738619869427533,0.006375504698210193,0.04140925916770837,0.9246080574742787,0.02726858859376301,9.02341628165775e-05,1.9631299485436273e-05,1.0172726820287968e-06,2.8283975033606737e-07,3.829261121047212e-08
P06,18,B,alpha,1799551287-α-9,P06-T18-Bα,29,57,A3,5,5,L4,L,False,57,True,L4,True,0.8830573394931311,False,0.751641035079956,valid,False,0.00024326961689414165,0.02031342447673925,0.08200973922366815,0.8830573394931311,0.014253284107627422,0.00010406766169217968,1.7307594863464364e-05,1.3379591286178999e-06,2.1249122504335336e-07,1.7375030514192808e-08
P06,19,A,gamma,1799551287-γ-6,P06-T19-Aγ,0,62,D4,8,8,L2,L,False,62,True,R2,False,0.001033398447668348,False,2.429276704788208,valid,False,2.2788158279665564e-05,0.001033398447668348,9.773209177611388e-05,4.567943253584236e-06,1.7368340323950472e-07,0.0029001716980874563,0.8647917990834713,0.12181320724436738,0.009047502775803386,0.0002886588738893071
P06,19,A,gamma,1799551287-γ-6,P06-T19-Aγ,1,57,A3,5,5,R2,R,False,57,True,L3,False,0.0006697576570337983,False,0.5229940414428711,valid,False,0.000741751538728647,0.18198959271170886,0.7644530891832323,0.04907598559903212,0.0010549158317594489,0.0019643016303481993,0.0006697576570337983,4.2390146486078834e-05,7.900420145503536e-06,3.152815250812536e-07
P06,19,A,gamma,1799551287-γ-6,P06-T19-Aγ,2,62,D4,8,8,R4,R,False,62,True,R2,False,0.04615835452717207,False,0.32703113555908203,valid,False,0.000161985314758696,0.008931840665200644,0.001438842225871473,8.628533016387445e-05,2.105994419141102e-06,0.0044784150571684075,0.6214639934805791,0.3148442192406393,0.04615835452717207,0.002433958164027368
P06,19,A,gamma,1799551287-γ-6,P06-T19-Aγ,3,55,G3,4,4,L5,L,False,55,True,L3,False,0.005432439955465859,False,0.34113287925720215,valid,False,0.00025762185826849054,0.09144917961908074,0.7089826269311431,0.16662898943811347,0.005432439955465859,0.0011565552074196002,0.02121300058873931,0.004303409604968369,0.0005552314601687925,2.094533663213182e-05
P06,19,A,gamma,1799551287-γ-6,P06-T19-Aγ,4,48,C3,0,0,L1,L,False,48,True,L4,False,1.3464424543618576e-05,False,0.4883267879486084,valid,False,1.3464424543618576e-05,0.001204337233458023,0.03829845299369345,0.8333131513886208,0.12715534189899186,4.6087620755108485e-06,8.294524468886869e-06,1.9700171406762174e-06,3.6607299550157814e-07,1.2684011876597077e-08
P06,19,A,gamma,1799551287-γ-6,P06-T19-Aγ,5,55,G3,4,4,L5,L,False,55,True,L3,False,0.0020035628904564668,False,0.37801408767700195,valid,False,0.000292851558374322,0.1315012695755501,0.7891307297283362,0.06433007460265515,0.0020035628904564668,0.0006668050741957672,0.007577277814623682,0.0037402668814977653,0.0007195171236359717,3.7644750674771226e-05
P06,19,A,gamma,1799551287-γ-6,P06-T19-Aγ,6,62,D4,8,8,R4,R,False,62,True,R3,False,0.26279236790098487,False,0.3841381072998047,valid,False,4.8913076903129404e-05,0.006691297063692966,0.0012651171795106397,7.251268727319793e-05,2.7740998192981536e-06,0.0011974966167361822,0.10257963427425973,0.6205706243876827,0.26279236790098487,0.004779262713137263
P06,19,A,gamma,1799551287-γ-6,P06-T19-Aγ,7,59,B3,6,6,L3,L,False,59,True,R2,False,0.08549048907289376,False,0.3529059886932373,valid,False,0.00017322322006746942,0.09529519225514536,0.08549048907289376,0.005758200080852258,0.0002216242387145319,0.003920828249933846,0.7111090355254549,0.09246459118337567,0.005426960869982661,0.0001398553035795949
P06,19,A,gamma,1799551287-γ-6,P06-T19-Aγ,8,59,B3,6,6,R2,R,False,59,True,R2,True,0.8340780035182332,False,0.37893104553222656,valid,False,8.642595526662431e-05,0.03777066563294054,0.05710517286615956,0.0060147813662766786,0.00017555351645902749,0.006498249025325232,0.8340780035182332,0.05634721183757104,0.0018804907121669381,4.344556960102948e-05
P06,19,A,gamma,1799551287-γ-6,P06-T19-Aγ,9,69,A4,12,12,R5,R,False,69,True,R2,False,0.0017573252399060053,False,0.4913661479949951,valid,False,2.11574549362166e-07,3.5523227015772537e-06,4.439347038201445e-07,3.8081860243469177e-08,7.780401723632935e-10,0.02521117682520939,0.786991562932133,0.1653753151027078,0.02066037320818872,0.0017573252399060053
P06,19,A,gamma,1799551287-γ-6,P06-T19-Aγ,10,50,D3,1,1,L2,L,False,50,True,L3,False,0.004744608997000855,False,0.4913918972015381,valid,False,2.202691761070844e-05,0.004744608997000855,0.5758471247346088,0.40265146660716167,0.016734643209718576,9.192026082197551e-08,3.380264253899914e-08,3.226354219029145e-09,5.545431852509126e-10,3.009864893849939e-11
P06,19,A,gamma,1799551287-γ-6,P06-T19-Aγ,11,60,C4,7,7,L3,L,False,60,True,R2,False,0.0014975028512618325,False,0.3926270008087158,valid,False,7.109180611625585e-05,0.01723534281206709,0.0014975028512618325,0.000136269287260806,7.5346799852906684e-06,0.016015818576270692,0.8754887813394777,0.08536721179373359,0.004083531142581077,9.691571124574236e-05
P06,19,A,gamma,1799551287-γ-6,P06-T19-Aγ,12,59,B3,6,6,R2,R,False,59,True,L3,False,0.016091576734889687,False,0.5417957305908203,valid,False,0.0005047235790146755,0.0987889084220822,0.8257199167198283,0.05439409673890858,0.00022678692292420105,0.002603005152635697,0.016091576734889687,0.0015469041826442161,0.00011958302632996591,4.498520742583785e-06
P06,19,A,gamma,1799551287-γ-6,P06-T19-Aγ,13,69,A4,12,12,R3,R,False,69,True,R2,False,0.11320611138770477,False,0.6144440174102783,valid,False,7.881875152968671e-07,1.536800169144508e-05,1.472200006817814e-06,1.4224437015151628e-07,1.5902386095030873e-09,0.031429503809305225,0.8364863077855424,0.11320611138770477,0.017274132508975446,0.0015861722846496789
P06,19,A,gamma,1799551287-γ-6,P06-T19-Aγ,14,53,F3,3,3,L1,L,False,53,True,L3,False,4.156334881916642e-05,False,0.4381382465362549,valid,False,4.156334881916642e-05,0.011460684760279448,0.6244345259970823,0.34936425923658504,0.01469726028566957,1.214214860690545e-06,4.418490102020162e-07,4.177746334693083e-08,7.786231952808217e-09,7.439983483884136e-10
P06,19,A,gamma,1799551287-γ-6,P06-T19-Aγ,15,67,G4,11,11,R5,R,False,67,True,R2,False,0.0010901476152561714,False,0.4022960662841797,valid,False,1.279071414503574e-06,3.3533530332732345e-05,1.2596400641373293e-06,1.5840811238264688e-07,8.934760615620073e-09,0.02389265522997699,0.9101151219565344,0.05534415756233475,0.009521678051213338,0.0010901476152561714
P06,19,A,gamma,1799551287-γ-6,P06-T19-Aγ,16,65,F4,10,10,R4,R,False,65,True,R2,False,0.003907223137971946,False,0.36174678802490234,valid,False,3.7380311404527128e-06,0.00018762266431523664,1.056632576568001e-05,1.551890806389632e-06,6.603189124638602e-08,0.021819998830282353,0.9371346046190773,0.036701841348932264,0.003907223137971946,0.0002327871198171024
P06,19,A,gamma,1799551287-γ-6,P06-T19-Aγ,17,60,C4,7,7,R3,R,False,60,True,R2,False,0.04000271039792061,False,0.3772711753845215,valid,False,6.0947435550221884e-05,0.026835660022008132,0.006975095822185058,0.000986251793354982,3.20904158531602e-05,0.01375961021907341,0.9098224332628906,0.04000271039792061,0.0015052322598360557,1.9968371327582604e-05
P06,19,A,gamma,1799551287-γ-6,P06-T19-Aγ,18,59,B3,6,6,L5,L,False,59,True,R2,False,0.00023561208137760816,False,0.4648756980895996,valid,False,8.438256948547154e-05,0.03687764639050435,0.06454512705933464,0.00956391883170617,0.00023561208137760816,0.006098410293155009,0.8072458340497929,0.07279196502728509,0.0025284477543191003,2.8655943039689303e-05
P06,19,A,gamma,1799551287-γ-6,P06-T19-Aγ,19,69,A4,12,12,R1,R,False,69,True,R2,False,0.03353988920655341,False,0.6766798496246338,valid,False,2.4040418987651966e-07,6.14171391510784e-06,4.371205668343756e-07,5.857181111692971e-08,1.4011541629952766e-09,0.03353988920655341,0.7419740060979371,0.19820745016978408,0.024762098809051083,0.0015096765050373617
P06,19,A,gamma,1799551287-γ-6,P06-T19-Aγ,20,55,G3,4,4,L1,L,False,55,True,L3,False,0.0001279460274050147,False,0.479464054107666,valid,False,0.0001279460274050147,0.040501429584423466,0.761381885730711,0.19495247001497862,0.003030002388896573,5.436619134077193e-06,7.134687071268205e-07,9.281846635494157e-08,2.109467002774108e-08,2.252607758386752e-09
P06,19,A,gamma,1799551287-γ-6,P06-T19-Aγ,21,60,C4,7,7,R4,R,False,60,True,R2,False,0.0017478250737800853,False,0.4443199634552002,valid,False,0.00012586270839187583,0.047814612956528724,0.006378612246135525,0.0006019602662466632,1.3660480401883284e-05,0.013599195044072454,0.8832422616194039,0.04644980187991995,0.0017478250737800853,2.6207725118874327e-05
P06,19,A,gamma,1799551287-γ-6,P06-T19-Aγ,22,52,E3,2,2,L4,L,False,52,True,L3,False,0.25548967917631005,False,0.44031786918640137,valid,False,3.700840572816887e-05,0.013219705366938663,0.7151322667162434,0.25548967917631005,0.016118204207430153,2.62632808050469e-06,4.651796093467233e-07,3.763664105266697e-08,6.7394483336286496e-09,2.4357027011906637e-10
P06,19,A,gamma,1799551287-γ-6,P06-T19-Aγ,23,59,B3,6,6,L2,L,False,59,True,R2,False,0.05863530810531082,False,0.4585902690887451,valid,False,0.00012416251914225312,0.05863530810531082,0.01658804232660929,0.0021644017152760257,0.00010264776723009117,0.00805391540526752,0.8560252508079486,0.05647714633793235,0.0018109219255413441,1.820308974189718e-05
P06,19,A,gamma,1799551287-γ-6,P06-T19-Aγ,24,60,C4,7,7,L4,L,False,60,True,R2,False,0.0009199318304469269,False,0.3936619758605957,valid,False,0.00017197124815309476,0.04905890675360597,0.0072939666325925944,0.0009199318304469269,3.675647457055191e-05,0.04107229479377623,0.8556093019870953,0.04433674755188305,0.001479662245211819,2.0460482664379144e-05
P06,19,A,gamma,1799551287-γ-6,P06-T19-Aγ,25,62,D4,8,8,R5,R,False,62,True,R2,False,3.668871926188544e-05,False,0.3988792896270752,valid,False,3.2578132230384654e-05,0.004447350744391181,0.0003432329814835187,4.4109512054965175e-05,1.8488208574561844e-06,0.018816121929050043,0.9111559351009735,0.06247172483691328,0.002650409222783836,3.668871926188544e-05
P06,19,A,gamma,1799551287-γ-6,P06-T19-Aγ,26,65,F4,10,10,R3,R,False,65,True,R2,False,0.13047572020330275,False,0.40081310272216797,valid,False,4.096337110549916e-06,0.00014222285523733455,7.019844501813541e-06,9.551346336927882e-07,4.033228508360142e-08,0.03864399713218366,0.8215453643951047,0.13047572020330275,0.008945826917689486,0.00023475684795098542
P06,19,A,gamma,1799551287-γ-6,P06-T19-Aγ,27,69,A4,12,12,R5,R,False,69,True,R2,False,0.002630984634007169,False,0.3963439464569092,valid,False,3.077482188606876e-07,4.160941764376957e-06,1.9216275958063015e-07,2.5096333547444483e-08,1.045603697111513e-09,0.03995299090537671,0.7643625472839652,0.16062014265926122,0.03242864752270965,0.002630984634007169
P06,19,A,gamma,1799551287-γ-6,P06-T19-Aγ,28,62,D4,8,8,R3,R,False,62,True,R2,False,0.0529855316817315,False,0.38027381896972656,valid,False,3.65706915197793e-05,0.00571917644868853,0.0004998302159562281,7.31411443683305e-05,2.6018716465846538e-06,0.0123319961046266,0.9262400654078585,0.0529855316817315,0.0020751198045473877,3.596662905682583e-05
P06,19,A,gamma,1799551287-γ-6,P06-T19-Aγ,29,55,G3,4,4,L2,L,False,55,True,L3,False,0.05792472012400422,False,0.5514707565307617,valid,False,0.00018894457662928216,0.05792472012400422,0.8056387402084944,0.13227267056518888,0.0037780329703528104,0.00012981681331948532,6.201905922640906e-05,4.390269908935821e-06,6.423758171281013e-07,2.303705848061626e-08
P06,20,C,beta,1799551287-β-1,P06-T20-Cβ,0,64,E4,9,9,R2,R,False,64,True,R2,True,0.9027060920437979,False,0.5572330951690674,valid,False,8.483051570844948e-05,0.002529745587338753,0.00024754477454334107,1.0947950830195756e-05,1.2205979205229823e-07,0.0006491697135735802,0.9027060920437979,0.08871216441204485,0.004979836309772814,7.95466325982566e-05
P06,20,C,beta,1799551287-β-1,P06-T20-Cβ,1,60,C4,7,7,L3,L,False,60,True,L3,True,0.8345366817950987,False,0.8662230968475342,valid,False,0.0005101128510111654,0.13728612317783861,0.8345366817950987,0.02470181440802174,0.00015168166967650116,0.00048327861464044983,0.0020956125491605826,0.00021158609362860407,2.2525139075149745e-05,5.837018482903595e-07
P06,20,C,beta,1799551287-β-1,P06-T20-Cβ,2,57,A3,5,5,L5,L,False,57,True,L5,True,0.9240313354532708,False,0.7723829746246338,valid,False,0.00011089519739128419,0.0009634537482004683,0.0031752447730659995,0.07171102640609445,0.9240313354532708,5.600132014162308e-06,1.9895788227724327e-06,3.4040916585799303e-07,7.875146583622811e-08,3.5550508350785004e-08
P06,20,C,beta,1799551287-β-1,P06-T20-Cβ,3,60,C4,7,7,L4,L,False,60,True,L4,True,0.8713974081965903,False,1.1436710357666016,valid,False,0.00018527656117655426,0.01359515584975886,0.0986941423812755,0.8713974081965903,0.014629578611249949,0.0011818352557041586,0.00028085918377227735,2.872745881092071e-05,6.539452316859182e-06,4.770493445846135e-07
P06,20,C,beta,1799551287-β-1,P06-T20-Cβ,4,64,E4,9,9,R2,R,False,64,True,R2,True,0.9372003578982347,False,0.5089921951293945,valid,False,0.00015280836211466526,0.000882977685596115,4.088046691769799e-05,2.6929907190400437e-06,1.323457843256325e-07,0.013674837969875191,0.9372003578982347,0.04483087555398522,0.003073746231479139,0.00014069049529396736
P06,20,C,beta,1799551287-β-1,P06-T20-Cβ,5,69,A4,12,12,R3,R,False,69,True,R3,True,0.616027012059012,False,0.6628048419952393,valid,False,7.338271586873651e-07,2.90442268305724e-06,2.2037962720919915e-07,1.493956543568392e-08,4.0331489862083984e-10,0.0038845615731401767,0.2880951516712284,0.616027012059012,0.09031384882820834,0.0016755518960618434
P06,20,C,beta,1799551287-β-1,P06-T20-Cβ,6,64,E4,9,9,R1,R,False,64,True,R1,True,0.8572989682153155,False,0.533898115158081,valid,False,0.00010556154776245112,0.010156296704335313,0.0016779909190642098,0.00011088242391889952,2.5816746350376127e-06,0.8572989682153155,0.12568599736753103,0.004194552720379443,0.0006933549012655535,7.381352579275538e-05
P06,20,C,beta,1799551287-β-1,P06-T20-Cβ,7,59,B3,6,6,L2,L,False,59,True,L2,True,0.921280115196495,False,0.5093600749969482,valid,False,0.002465480500009323,0.921280115196495,0.07121932018083833,0.004691555227328089,0.00011369499852535303,0.00016804337177861182,5.759981819992451e-05,3.2333521339419787e-06,8.298746708619866e-07,1.2748002031786292e-07
P06,20,C,beta,1799551287-β-1,P06-T20-Cβ,8,60,C4,7,7,L1,L,False,60,True,L1,True,0.9578756240200081,False,0.7543051242828369,valid,False,0.9578756240200081,0.03751414045699637,0.0008000654408516841,7.923936591653116e-05,3.7904063122076207e-06,0.0022962151675877712,0.0013030633828630628,0.00010073297659339714,2.386643836965223e-05,3.262344501041798e-06
P06,20,C,beta,1799551287-β-1,P06-T20-Cβ,9,57,A3,5,5,L3,L,False,57,True,L3,True,0.7096674904015003,False,0.49582815170288086,valid,False,0.0006825138246741422,0.2636027050981682,0.7096674904015003,0.0256564893818018,0.000355827758391724,2.542159842448415e-05,8.60679335077212e-06,7.501754368106173e-07,1.7076820231788583e-07,2.4200049284859616e-08
P06,20,C,beta,1799551287-β-1,P06-T20-Cβ,10,62,D4,8,8,R2,R,False,62,True,R2,True,0.8797777800533653,False,0.5069491863250732,valid,False,0.0008763392988672106,0.002772277966779862,0.00016197218644782574,1.0669878006158068e-05,2.9820188994542994e-07,0.01548186521636748,0.8797777800533653,0.09748215668691557,0.003386067955011592,5.057255634921714e-05
P06,20,C,beta,1799551287-β-1,P06-T20-Cβ,11,59,B3,6,6,L5,L,False,59,True,L5,True,0.9508816861366391,False,0.7209899425506592,valid,False,0.00034878068379179313,0.0008128355951899254,0.002432221951927414,0.04548532037840315,0.9508816861366391,3.248530621132016e-05,6.08085264516322e-06,4.3393736474415624e-07,1.3069942259337378e-07,2.445840461896587e-08
P06,20,C,beta,1799551287-β-1,P06-T20-Cβ,12,60,C4,7,7,R3,R,False,60,True,R3,True,0.6907505317981576,False,0.600877046585083,valid,False,0.0006937319169166466,0.0014018302912687517,0.00011279071396506621,1.5887521863676498e-05,7.301786948500092e-07,0.0016431034453230967,0.22521706615243184,0.6907505317981576,0.07966088868672858,0.0005034392946498033
P06,20,C,beta,1799551287-β-1,P06-T20-Cβ,13,65,F4,10,10,R4,R,False,65,True,R4,True,0.5986923973909369,False,0.594796895980835,valid,False,2.1520148755227876e-05,9.384845862200394e-05,1.5525800962935663e-05,1.5880442351172028e-06,7.906406690497238e-08,0.002454652628474944,0.03462670256844043,0.3419785238470797,0.5986923973909369,0.02211516204842598
P06,20,C,beta,1799551287-β-1,P06-T20-Cβ,14,60,C4,7,7,R5,R,False,60,True,R5,True,0.8869132191742268,False,0.8216619491577148,valid,False,4.2465153981656494e-05,3.5096012259188147e-06,4.5634892310356623e-07,5.477630440957055e-08,6.948689220084622e-09,0.002734593250271737,0.0027539704918629914,0.009278938376705176,0.09827278587780919,0.8869132191742268
P06,20,C,beta,1799551287-β-1,P06-T20-Cβ,15,64,E4,9,9,R4,R,False,64,True,R4,True,0.6525661403187838,False,0.8859519958496094,valid,False,8.177484472617988e-05,0.00012014120718397854,1.4420744749625254e-05,1.8751108497006025e-06,1.052589028356542e-07,0.0010152405878792066,0.019067431143502466,0.2932168678474126,0.6525661403187838,0.033916002936009805
P06,20,C,beta,1799551287-β-1,P06-T20-Cβ,16,60,C4,7,7,L1,L,False,60,True,L1,True,0.7480187554382297,False,0.6825251579284668,valid,False,0.7480187554382297,0.2344935428708902,0.0076108458482585465,0.0003189657814615813,1.3003042008708612e-05,0.005076154935960256,0.004126493652312291,0.0002718317559881829,6.440448868490563e-05,6.002186205400368e-06
P06,20,C,beta,1799551287-β-1,P06-T20-Cβ,17,60,C4,7,7,R5,R,False,60,True,R5,True,0.8187127662130904,False,0.768653154373169,valid,False,3.21236611666375e-05,1.8092338991188e-05,2.1716529126936236e-06,1.6129643246533592e-07,1.3952852176538245e-08,0.004781050528494598,0.0048041713925829205,0.01906269549011935,0.15258675347335757,0.8187127662130904
P06,20,C,beta,1799551287-β-1,P06-T20-Cβ,18,67,G4,11,11,R4,R,False,67,True,R4,True,0.7092877700640784,False,0.7184159755706787,valid,False,3.030857220420532e-06,3.428135765353715e-06,4.828817906106827e-07,2.9364071927612985e-08,1.9343510271907407e-09,0.0012862539744774072,0.011803661335198725,0.2136333709234133,0.7092877700640784,0.06398197052963277
P06,20,C,beta,1799551287-β-1,P06-T20-Cβ,19,62,D4,8,8,R5,R,False,62,True,R5,True,0.8722322928933232,False,0.6439530849456787,valid,False,3.7073978538788514e-05,1.9275041227315924e-05,1.4900520591115614e-06,2.3664623279341543e-07,2.8405032703294975e-08,0.003606942211180278,0.002093913570981112,0.013040581763805927,0.10896816543761895,0.8722322928933232
P06,20,C,beta,1799551287-β-1,P06-T20-Cβ,20,60,C4,7,7,R1,R,False,60,True,R1,True,0.9833144580792468,False,0.5309219360351562,valid,False,0.0008972517200950932,0.0021617735339102555,0.00018842202188359408,2.261660213410915e-05,2.132279915404789e-06,0.9833144580792468,0.013077967778055186,0.00027007082631668784,5.2388350310447195e-05,1.2918808132465591e-05
P06,20,C,beta,1799551287-β-1,P06-T20-Cβ,21,57,A3,5,5,L3,L,False,57,True,L3,True,0.7482221106710212,False,0.6763629913330078,valid,False,0.0014559359061358764,0.2034447004326857,0.7482221106710212,0.04549943340747757,0.0007248357540973767,0.000552566884974772,9.23379440912326e-05,6.589352918576949e-06,1.3303674100986069e-06,1.592791876983089e-07
P06,20,C,beta,1799551287-β-1,P06-T20-Cβ,22,60,C4,7,7,L2,L,False,60,True,L2,True,0.9260640971428223,False,0.5841548442840576,valid,False,0.004018639657183196,0.9260640971428223,0.058612234322543345,0.0026937747200036872,5.789891994524048e-05,0.007635261095044048,0.0008444611491320653,5.789891994524048e-05,1.3179976296253968e-05,2.5540970846427577e-06
P06,20,C,beta,1799551287-β-1,P06-T20-Cβ,23,64,E4,9,9,R1,R,False,64,True,R1,True,0.8552411985616428,False,0.4599449634552002,valid,False,0.00012072953445877357,0.0003790407106201597,2.8194835185393647e-05,2.268545351384654e-06,6.061250304111679e-08,0.8552411985616428,0.13050134493616522,0.010928603569074257,0.0024877620537271505,0.0003107966412717141
P06,20,C,beta,1799551287-β-1,P06-T20-Cβ,24,60,C4,7,7,R3,R,False,60,True,R3,True,0.6736691257176536,False,0.6609678268432617,valid,False,0.0003479411944547661,0.004838020730627804,0.0004117821131826607,3.058453099073605e-05,6.157585979782512e-07,0.004914002168842021,0.1728027846032263,0.6736691257176536,0.14156218336756177,0.001422959814862431
P06,20,C,beta,1799551287-β-1,P06-T20-Cβ,25,57,A3,5,5,L1,L,False,57,True,L1,True,0.9796950160819988,False,0.7143809795379639,valid,False,0.9796950160819988,0.01724015602122669,0.0005469235565249375,6.375174741739888e-05,3.174012607240831e-06,0.0018903033814385798,0.0005102988804346425,4.105844724449799e-05,8.979970472172121e-06,3.3790063504775164e-07
P06,20,C,beta,1799551287-β-1,P06-T20-Cβ,26,60,C4,7,7,L3,L,False,60,True,L3,True,0.7761884450667504,False,0.6673288345336914,valid,False,0.001454111894216629,0.17220281072501542,0.7761884450667504,0.03293037000008669,0.00017453941870070107,0.00972958901923753,0.006648527039293165,0.0005567690997073419,0.00010800209350749192,6.835643484632437e-06
P06,20,C,beta,1799551287-β-1,P06-T20-Cβ,27,64,E4,9,9,R5,R,False,64,True,R5,True,0.7804232550718341,False,0.7173631191253662,valid,False,1.7924877686899744e-05,8.737216722962201e-06,4.904615885739107e-07,7.483958567018224e-08,3.1751248842159017e-09,0.004215145516143249,0.004385160218909448,0.026045275974828738,0.18490393264757546,0.7804232550718341
P06,20,C,beta,1799551287-β-1,P06-T20-Cβ,28,59,B3,6,6,L3,L,False,59,True,L3,True,0.7331819546792532,False,0.561863899230957,valid,False,0.0020490861308603073,0.23321673605715507,0.7331819546792532,0.027588358877058378,0.00027731365189619453,0.003475050999060131,0.00019347516982427774,1.3806633746297846e-05,3.271174788455297e-06,9.466263578990753e-07
P06,20,C,beta,1799551287-β-1,P06-T20-Cβ,29,60,C4,7,7,L4,L,False,60,True,L4,True,0.8383445349708751,False,0.8321888446807861,valid,False,0.0020029253771540576,0.03231137474670418,0.11345759509014974,0.8383445349708751,0.008770809939765029,0.002726568049643599,0.0021628551024549195,0.00017402247099974243,3.9614073025220443e-05,9.700179228318447e-06
P06,21,B,gamma,1799551287-γ-7,P06-T21-Bγ,0,69,A4,12,12,R3,R,False,69,True,R3,True,0.6469498608799211,False,0.9492928981781006,valid,False,2.149137295583021e-08,1.2686414300309021e-08,2.984820220554782e-08,9.36483951123555e-09,1.8905464039589165e-09,0.00028975765179971893,0.11130440071542752,0.6469498608799211,0.23799955328644776,0.003456352185028576
P06,21,B,gamma,1799551287-γ-7,P06-T21-Bγ,1,72,C5,14,14,R4,R,False,72,True,R4,True,0.5472891678296521,False,1.7819552421569824,valid,False,3.066995418679339e-09,3.4630180533021783e-09,5.46963733060818e-10,7.133338318617056e-11,1.5012939342249187e-12,1.8361697927697168e-05,0.005959444702040551,0.39741350222036353,0.5472891678296521,0.049319516400204176
P06,21,B,gamma,1799551287-γ-7,P06-T21-Bγ,2,57,A3,5,5,L4,L,False,57,True,L4,True,0.7847159389595454,False,0.883709192276001,valid,False,0.00022831744613263847,0.011861447350137434,0.16831875000651908,0.7847159389595454,0.03481248554710244,5.963128391502738e-05,3.1051967225549333e-06,2.4984290717670656e-07,6.674186045267541e-08,7.625157901003007e-09
P06,21,B,gamma,1799551287-γ-7,P06-T21-Bγ,3,71,B4,13,13,R2,R,False,71,True,R2,True,0.8284527875694626,False,0.8701450824737549,valid,False,1.507133501360065e-07,3.5697134082963e-08,1.0566150059682116e-09,9.585395075631667e-11,7.115840369398717e-12,0.015280323967161653,0.8284527875694626,0.12641369846980957,0.02764817852894035,0.0022048238945569093
P06,21,B,gamma,1799551287-γ-7,P06-T21-Bγ,4,48,C3,0,0,L1,L,False,48,True,L1,True,0.7377807608400423,False,1.6523408889770508,valid,False,0.7377807608400423,0.25054704528819727,0.009812398199028119,0.0016219785130868467,0.00023779334244436513,2.3592532506470782e-08,2.1420051137443637e-10,7.743955049350701e-12,2.2398970280090053e-12,4.841950751864341e-13
P06,21,B,gamma,1799551287-γ-7,P06-T21-Bγ,5,64,E4,9,9,R5,R,False,64,True,R4,False,0.03315692759880217,False,0.9144997596740723,valid,False,6.202387192766747e-06,9.765006532836942e-07,2.89038677782749e-08,2.729109646861129e-09,2.027007388116329e-10,0.000832473607271727,0.031224246930143317,0.3398365821593202,0.5949425589809385,0.03315692759880217
P06,21,B,gamma,1799551287-γ-7,P06-T21-Bγ,6,72,C5,14,14,R2,R,False,72,True,R2,True,0.5708777602290475,False,1.0664198398590088,valid,False,7.383878182119713e-10,9.46741450636963e-11,2.692421416431739e-12,3.10503825735462e-13,1.965233621323108e-14,0.0003753801285281833,0.5708777602290475,0.3260905509925424,0.0935324147322781,0.009123893081519362
P06,21,B,gamma,1799551287-γ-7,P06-T21-Bγ,7,50,D3,1,1,L5,L,False,50,True,L5,True,0.963267440689878,False,1.375169038772583,valid,False,3.758298238771854e-05,0.0002456967074816545,0.0016321169797401207,0.03481702103554858,0.963267440689878,1.41324904061762e-07,2.3831585755117794e-10,2.6406149704498595e-11,1.0099323331109494e-11,5.2385738479485535e-12
P06,21,B,gamma,1799551287-γ-7,P06-T21-Bγ,8,60,C4,7,7,L3,L,False,60,True,L3,True,0.8513615907491336,False,1.8050899505615234,valid,False,0.0002358697502995966,0.07127277232465136,0.8513615907491336,0.07129576575463552,0.0015374557440761454,0.0025936007485314054,0.0015324027667230492,0.0001446898112606216,2.391706493837193e-05,1.93528575022835e-06
P06,21,B,gamma,1799551287-γ-7,P06-T21-Bγ,9,71,B4,13,13,R5,R,False,71,True,R5,True,0.9714171411835454,False,0.8576021194458008,valid,False,1.0774562209397741e-07,4.534348625842664e-08,2.8698694288868865e-09,3.055220071630389e-10,3.1250076136810155e-11,2.753611944362599e-06,6.579285557791896e-05,0.001971423706940705,0.0265427323462416,0.9714171411835454
P06,21,B,gamma,1799551287-γ-7,P06-T21-Bγ,10,52,E3,2,2,L5,L,False,52,True,L5,True,0.8826373164273803,False,1.0743680000305176,valid,False,0.00011133947088780867,0.0011809119198601566,0.010003293372798393,0.1059443944757604,0.8826373164273803,7.065461363377466e-05,4.8943650914422706e-05,2.859565399409196e-06,2.8101974507010986e-07,5.483620153890358e-09
P06,21,B,gamma,1799551287-γ-7,P06-T21-Bγ,11,62,D4,8,8,L3,L,False,62,True,L3,True,0.7631996076466913,False,2.347212076187134,valid,False,0.0009975226796794673,0.15218061262253374,0.7631996076466913,0.061406740302650226,0.0006424409365700287,0.014616759770856259,0.006537269731425331,0.00036696808595632204,4.7716387150423945e-05,4.361836487125645e-06
P06,21,B,gamma,1799551287-γ-7,P06-T21-Bγ,12,57,A3,5,5,L4,L,False,57,True,L4,True,0.8600353444275476,False,1.0728721618652344,valid,False,0.00012017680215705636,0.003172127974823725,0.06445143072062257,0.8600353444275476,0.07192928614231468,0.000250504226023949,3.904554423026513e-05,1.867739293495569e-06,1.9883673175590054e-07,1.7586254918989807e-08
P06,21,B,gamma,1799551287-γ-7,P06-T21-Bγ,13,67,G4,11,11,R2,R,False,67,True,R2,True,0.7906501569249819,False,1.1724281311035156,valid,False,7.426468239502166e-06,7.85076413760844e-06,5.831043442169482e-07,4.3309246117315387e-08,1.5043578785863639e-09,0.008201090941032618,0.7906501569249819,0.17998177404270166,0.019942549011587263,0.001208523929371112
P06,21,B,gamma,1799551287-γ-7,P06-T21-Bγ,14,62,D4,8,8,R2,R,False,62,True,R2,True,0.9432834478739143,False,0.9499301910400391,valid,False,0.0008470082980170559,0.0027438631013991044,0.00021211362486560513,1.5754437906781405e-05,5.051610939982675e-07,0.00838677225116844,0.9432834478739143,0.041652726075277,0.0027438631013991044,0.00011394607495856557
P06,21,B,gamma,1799551287-γ-7,P06-T21-Bγ,15,55,G3,4,4,L1,L,False,55,True,L1,True,0.9138466178988857,False,1.6115081310272217,valid,False,0.9138466178988857,0.08290229479623872,0.0016429996161234784,0.00014921944717010392,1.1535370632577577e-05,0.0006267041916510291,0.0008006452957710716,1.864201719911624e-05,1.2781554989697077e-06,6.321082910677603e-08
P06,21,B,gamma,1799551287-γ-7,P06-T21-Bγ,16,57,A3,5,5,R3,R,False,57,True,L3,False,0.00010066503894837503,False,1.1193790435791016,valid,False,0.001219274973989089,0.12778099633418366,0.7837133121573079,0.08016149442641662,0.0019361682136299072,0.001692422457217357,0.003388434621235218,0.00010066503894837503,6.901912583363829e-06,3.2986448858052323e-07
P06,21,B,gamma,1799551287-γ-7,P06-T21-Bγ,17,62,D4,8,8,L1,L,False,62,True,L2,True,0.4207117386411597,False,2.2216856479644775,valid,False,0.4207117386411597,0.5138584779666729,0.004546494869525967,0.00011101920138811196,4.525387332497532e-06,0.05926079116794114,0.001379812875965331,9.460432291886858e-05,2.6303530555564433e-05,6.232036539956589e-06
P06,21,B,gamma,1799551287-γ-7,P06-T21-Bγ,18,55,G3,4,4,L3,L,False,55,True,L3,True,0.7558030234631264,False,0.795475959777832,valid,False,0.0010627216913466286,0.10373402146628162,0.7558030234631264,0.135338735991402,0.003932754054588372,0.0001208944974201974,7.50474937585238e-06,2.9391521730007126e-07,4.6678858305253533e-08,3.492383313533785e-09
P06,21,B,gamma,1799551287-γ-7,P06-T21-Bγ,19,53,F3,3,3,L5,L,False,53,True,L5,True,0.9275292837390728,False,0.8464057445526123,valid,False,0.0001318727371113729,0.0006433996378105817,0.002776976352669905,0.0688909188018791,0.9275292837390728,2.5683842099355523e-05,1.7865379586126833e-06,6.722430910244631e-08,1.0257764435375743e-08,8.693246969851224e-10
P06,21,B,gamma,1799551287-γ-7,P06-T21-Bγ,20,62,D4,8,8,R5,R,False,62,True,R5,True,0.7207102308028827,False,1.2429368495941162,valid,False,0.00016382802933972,3.5445362857707074e-05,1.6290425285958586e-06,1.5381455914628978e-07,1.237585894126318e-08,0.0006004816564067091,0.004464472604188428,0.03887056022229009,0.23515318608908792,0.7207102308028827
P06,21,B,gamma,1799551287-γ-7,P06-T21-Bγ,21,67,G4,11,11,R1,R,False,67,True,R1,True,0.9818750790725361,False,1.0066440105438232,valid,False,3.829100246496862e-06,4.745607097347776e-06,5.928697016827564e-07,5.167502800467983e-08,1.7949454787191716e-09,0.9818750790725361,0.015950083902184484,0.0012330170961072256,0.0005323064559574543,0.00040029242619570233
P06,21,B,gamma,1799551287-γ-7,P06-T21-Bγ,22,57,A3,5,5,R3,R,False,57,True,L3,False,5.142973706716007e-07,False,0.9194741249084473,valid,False,0.001359736705845815,0.1423786892021205,0.786262795810151,0.0685313347556907,0.0010696067765331755,0.000381079732767871,1.6039370585206748e-05,5.142973706716007e-07,1.5490339124795056e-07,4.8445543974880804e-08
P06,21,B,gamma,1799551287-γ-7,P06-T21-Bγ,23,48,C3,0,0,L1,L,False,48,True,L1,True,0.8195575040132903,False,1.0590007305145264,valid,False,0.8195575040132903,0.1722185940164578,0.007020009458166295,0.0009500549683446354,0.00025379322085290057,4.2834990806178506e-08,1.3830277579675958e-09,7.763593518653477e-11,2.073929898945615e-11,6.494162305860445e-12
P06,21,B,gamma,1799551287-γ-7,P06-T21-Bγ,24,65,F4,10,10,R3,R,False,65,True,R3,True,0.6096099181979359,False,0.7226319313049316,valid,False,3.079312631387906e-06,1.1741853091872429e-06,7.43162646003721e-08,5.744999545647348e-09,3.9389528946447584e-10,0.006516081846871276,0.2954171612006655,0.6096099181979359,0.08250173094316596,0.005950773858261386
P06,21,B,gamma,1799551287-γ-7,P06-T21-Bγ,25,67,G4,11,11,R1,R,False,67,True,R1,True,0.9834088481300403,False,0.8300061225891113,valid,False,3.852138625940837e-06,4.050256576799082e-06,3.8242612998366095e-07,3.469291579650853e-08,1.5944606209954186e-09,0.9834088481300403,0.013612996377518186,0.001633990124114069,0.0007641623231139049,0.0005716819365044842
P06,21,B,gamma,1799551287-γ-7,P06-T21-Bγ,26,59,B3,6,6,R4,R,False,59,True,R4,True,0.7805800742715868,False,1.4189739227294922,valid,False,0.0012685056570557682,2.4724449373555635e-05,2.242951443376664e-06,2.586686466899107e-07,2.7537477256413255e-08,0.003254495685252724,0.02264849026200242,0.1471182344074388,0.7805800742715868,0.04510294610972253
P06,21,B,gamma,1799551287-γ-7,P06-T21-Bγ,27,57,A3,5,5,L5,L,False,57,True,L4,False,0.034500047749686756,False,1.0182380676269531,valid,False,0.00043589749836005535,0.011068025915837632,0.09514747007138774,0.8587072018312785,0.034500047749686756,0.00010612372369613506,2.9843106099349367e-05,4.495978288573061e-06,8.050311124998889e-07,8.909425279305255e-08
P06,21,B,gamma,1799551287-γ-7,P06-T21-Bγ,28,60,C4,7,7,L2,L,False,60,True,L2,True,0.9179960277779358,False,1.3662657737731934,valid,False,0.0038274281011725555,0.9179960277779358,0.04219041504344927,0.001789959624712691,3.847267859738135e-05,0.010516234353731526,0.0213743811759682,0.0018630092627703325,0.00037613508314512034,2.7936898517134053e-05
P06,21,B,gamma,1799551287-γ-7,P06-T21-Bγ,29,57,A3,5,5,R3,R,False,57,True,R3,True,0.7758931549508776,False,1.2595088481903076,valid,False,0.0022603549705148573,0.008117439920897468,0.00042063694691556403,5.048973775036228e-05,2.72309772770502e-06,0.002379419681226775,0.11299682163329301,0.7758931549508776,0.09693249649144073,0.0009464625693559385
P06,22,C,beta,1799551287-β-3,P06-T22-Cβ,0,62,D4,8,8,R3,R,False,62,True,R3,True,0.7999407687549202,False,1.0910160541534424,valid,False,2.7614153563036e-06,0.00013593825828329145,2.4074305103836706e-05,1.7568541516981668e-06,6.387182984312723e-08,0.00043289044045348327,0.08248547312348815,0.7999407687549202,0.11548982390087648,0.0014864490755365652
P06,22,C,beta,1799551287-β-3,P06-T22-Cβ,1,64,E4,9,9,R3,R,False,64,True,R3,True,0.7384799193232804,False,0.5533058643341064,valid,False,1.0362059752494583e-06,3.331729422613351e-05,4.225815765526001e-06,3.104787167814074e-07,1.1956345814891452e-08,0.00014145531897108513,0.07409247788636805,0.7384799193232804,0.1843137099338954,0.002933535786455557
P06,22,C,beta,1799551287-β-3,P06-T22-Cβ,2,60,C4,7,7,L4,L,False,60,True,L4,True,0.8642279413019724,False,1.025301218032837,valid,False,0.00033239010728111114,0.011969742932044536,0.10761566884193499,0.8642279413019724,0.01576756352454125,1.5337997851767627e-05,4.979788600563933e-05,1.5580835728589383e-05,4.5452729051878065e-06,1.4312997343661391e-06
P06,22,C,beta,1799551287-β-3,P06-T22-Cβ,3,57,A3,5,5,L4,L,False,57,True,L4,True,0.8043644373438749,False,0.9648559093475342,valid,False,0.00037765102945945853,0.010595543899401755,0.1329605472179245,0.8043644373438749,0.05114649831271913,0.0003712479925956617,0.0001669689264161083,1.398251647175092e-05,2.8230213884494264e-06,2.9973974846370294e-07
P06,22,C,beta,1799551287-β-3,P06-T22-Cβ,4,60,C4,7,7,R3,R,False,60,True,R3,True,0.7599248911810105,False,1.5815792083740234,valid,False,0.00034526984083788797,0.00042879325512714235,3.8899246489439226e-05,4.486060309684015e-06,1.6218378361451152e-07,0.002745942501017734,0.1243408072582448,0.7599248911810105,0.11141027974328487,0.0007604687298944331
P06,22,C,beta,1799551287-β-3,P06-T22-Cβ,5,65,F4,10,10,R2,R,False,65,True,R2,True,0.9118074621284012,False,0.7303800582885742,valid,False,3.3527044917318432e-06,1.5576591207726328e-06,1.4707452184710788e-07,1.7653594369852162e-08,5.891581706751696e-10,0.008255485294244318,0.9118074621284012,0.06772320285480708,0.011651429212816108,0.0005573448288445331
P06,22,C,beta,1799551287-β-3,P06-T22-Cβ,6,64,E4,9,9,R4,R,False,64,True,R4,True,0.6028771646995802,False,1.252993106842041,valid,False,2.2300318111980358e-05,1.135284925370944e-05,1.1612171798767525e-06,1.3391751182076407e-07,6.154749295571918e-09,0.0007629422957082889,0.019437954091629853,0.34200087062484325,0.6028771646995802,0.0348861138314318
P06,22,C,beta,1799551287-β-3,P06-T22-Cβ,7,59,B3,6,6,L5,L,False,59,True,L5,True,0.8957156711434661,False,0.9587821960449219,valid,False,0.002123317255335116,0.0013011743459111784,0.005069318926919897,0.09532477268537551,0.8957156711434661,0.0003580214059555443,9.804026976957098e-05,6.996278118407159e-06,2.4728672572367726e-06,2.14821891406614e-07
P06,22,C,beta,1799551287-β-3,P06-T22-Cβ,8,52,E3,2,2,L3,L,False,52,True,L3,True,0.6696914865233451,False,1.0526628494262695,valid,False,0.000707982567422711,0.09712649457004355,0.6696914865233451,0.22742423238583603,0.005049463360269894,2.539246855368065e-07,8.164068238949785e-08,3.752145074942035e-09,1.1762456296610552e-09,9.932411442616536e-11
P06,22,C,beta,1799551287-β-3,P06-T22-Cβ,9,57,A3,5,5,L2,L,False,57,True,L2,True,0.961784926553105,False,0.6661207675933838,valid,False,0.007306693578536598,0.961784926553105,0.028468290578964398,0.002200733814071278,0.00013382676105510913,7.196863156362269e-05,3.170727454847488e-05,1.3452046203622837e-06,4.7546887125963295e-07,3.2134663942606975e-08
P06,22,C,beta,1799551287-β-3,P06-T22-Cβ,10,60,C4,7,7,R5,R,False,60,True,R5,True,0.8780945186035058,False,0.9393777847290039,valid,False,2.5393185775727408e-05,4.2440139977512685e-06,3.0285822689460366e-07,5.8748451661159825e-08,5.120565068859733e-09,0.0040079625619349355,0.002336939177881789,0.01426421908885167,0.10126635664080855,0.8780945186035058
P06,22,C,beta,1799551287-β-3,P06-T22-Cβ,11,64,E4,9,9,R4,R,False,64,True,R4,True,0.8248187730459212,False,1.5557291507720947,valid,False,3.866327100465434e-05,4.573752020708209e-05,5.067861694605766e-06,7.138509957484188e-07,1.0704607445119926e-08,0.000527666544468991,0.008970352068605797,0.12092417462434525,0.8248187730459212,0.04466884050814924
P06,22,C,beta,1799551287-β-3,P06-T22-Cβ,12,60,C4,7,7,L3,L,False,60,True,L3,True,0.7961963287758741,False,1.0890648365020752,valid,False,0.0013769154270878723,0.1388696055648728,0.7961963287758741,0.052449237633314286,0.0004492596827635256,0.005272979415108843,0.004914230186616706,0.0004147189569314851,5.392537134664645e-05,2.798986084017552e-06
P06,22,C,beta,1799551287-β-3,P06-T22-Cβ,13,59,B3,6,6,L4,L,False,59,True,L4,True,0.7177892699580412,False,1.218724012374878,valid,False,0.0008484129905801033,0.027509186652734864,0.240901588825631,0.7177892699580412,0.009483130654178008,0.0022766555704457677,0.0010975608899457638,8.177170744885305e-05,1.1518233587263104e-05,9.045174072557085e-07
P06,22,C,beta,1799551287-β-3,P06-T22-Cβ,14,62,D4,8,8,R4,R,False,62,True,R4,True,0.7147922773920266,False,0.7733190059661865,valid,False,6.021883728426341e-05,3.8082210547745185e-05,3.319277896895917e-06,3.984183314464996e-07,1.0459415079368995e-08,0.0008810220924740958,0.018822194220474885,0.24256699039146898,0.7147922773920266,0.022835486700080176
P06,22,C,beta,1799551287-β-3,P06-T22-Cβ,15,57,A3,5,5,L1,L,False,57,True,L1,True,0.9133391420684033,False,0.8222341537475586,valid,False,0.9133391420684033,0.07960741729623753,0.002213591017730053,0.00018215583365668327,1.5254317070846143e-05,0.001656289803819875,0.002656759828271667,0.0002943773799826727,3.394910697736945e-05,1.0633478499634994e-06
P06,22,C,beta,1799551287-β-3,P06-T22-Cβ,16,60,C4,7,7,L2,L,False,60,True,L2,True,0.9135394788460219,False,0.8132710456848145,valid,False,0.005914024664870413,0.9135394788460219,0.02597998910838948,0.0013462549037559545,5.711586197511889e-05,0.010217804497396106,0.04033931662544223,0.0020903397070181533,0.000475840098842509,3.983568628810685e-05
P06,22,C,beta,1799551287-β-3,P06-T22-Cβ,17,64,E4,9,9,R2,R,False,64,True,R2,True,0.8742181478774784,False,0.6192669868469238,valid,False,6.047773456898081e-05,0.00016093365476569288,1.1485498281403674e-05,1.3245664794853376e-06,5.399224901968771e-08,0.022950275519126227,0.8742181478774784,0.08254387264484957,0.01805332614249835,0.002000102369703002
P06,22,C,beta,1799551287-β-3,P06-T22-Cβ,18,60,C4,7,7,R1,R,False,60,True,R1,True,0.9772070220765116,False,0.7166221141815186,valid,False,0.0009193759701073938,0.005383589849734415,0.00046986893976562894,6.61849968952321e-05,3.1659520126572864e-06,0.9772070220765116,0.015251815196873094,0.0005973204904394745,9.114519680691326e-05,1.05113308537953e-05
P06,22,C,beta,1799551287-β-3,P06-T22-Cβ,19,57,A3,5,5,L5,L,False,57,True,L5,True,0.9044328668786067,False,0.9381959438323975,valid,False,0.00015429139418641404,0.000793659437096933,0.005625490143013034,0.08888186076659288,0.9044328668786067,9.151059604785613e-05,1.8449981353066137e-05,1.2649889156538271e-06,3.810073395280258e-07,2.2480684795133638e-07
P06,22,C,beta,1799551287-β-3,P06-T22-Cβ,20,62,D4,8,8,R3,R,False,62,True,R3,True,0.6152820090183359,False,0.6162059307098389,valid,False,0.00012532305989265935,5.297584171486693e-05,3.22146425230469e-06,3.5694841370671436e-07,2.5472291968249236e-08,0.007221325562204514,0.3084542869395799,0.6152820090183359,0.0681751898827536,0.0006852858105606445
P06,22,C,beta,1799551287-β-3,P06-T22-Cβ,21,65,F4,10,10,R2,R,False,65,True,R2,True,0.884821707502139,False,0.6927659511566162,valid,False,5.549043625952282e-06,2.25498076558594e-06,1.3712552157394314e-07,1.2947422352921089e-08,8.529082679535949e-10,0.08275741761760608,0.884821707502139,0.027259066033719043,0.004881175950323094,0.00027267794596914913
P06,22,C,beta,1799551287-β-3,P06-T22-Cβ,22,62,D4,8,8,R3,R,False,62,True,R3,True,0.6519320396248364,False,0.8687019348144531,valid,False,0.00013756913828671765,7.730012724970014e-05,4.70062557899158e-06,4.6194733023108036e-07,2.9237463419339954e-08,0.005010789967571337,0.16693247903712755,0.6519320396248364,0.17415406226639335,0.0017505680281624757
P06,22,C,beta,1799551287-β-3,P06-T22-Cβ,23,64,E4,9,9,R4,R,False,64,True,R4,True,0.5548510230026428,False,0.8205091953277588,valid,False,2.375958103831228e-05,1.1318685336434642e-05,7.456156169673611e-07,6.764072271190152e-08,4.113236584125739e-09,0.001863105301725236,0.040595864024560314,0.37192776328205307,0.5548510230026428,0.030726348753067696
P06,22,C,beta,1799551287-β-3,P06-T22-Cβ,24,59,B3,6,6,L3,L,False,59,True,L3,True,0.785867921046959,False,0.6718919277191162,valid,False,0.00218560530581137,0.16480101950075376,0.785867921046959,0.03912605991327606,0.0002972412260049985,0.007361030311758709,0.0003351385464802295,2.0379795999587265e-05,5.025595819247515e-06,5.787571371508712e-07
P06,22,C,beta,1799551287-β-3,P06-T22-Cβ,25,60,C4,7,7,L5,L,False,60,True,L5,True,0.8740113865500856,False,0.8477959632873535,valid,False,0.001326694420442311,0.0023114740007287846,0.006325635036942275,0.11580412065900383,0.8740113865500856,0.00016442673898772503,4.941835934757347e-05,3.127775352540101e-06,1.7856596304111729e-06,1.9307994788981584e-06
P06,22,C,beta,1799551287-β-3,P06-T22-Cβ,26,60,C4,7,7,R5,R,False,60,True,R5,True,0.8209179878579018,False,0.875114917755127,valid,False,3.457943481827924e-05,5.463985619807545e-06,5.369654585491569e-07,7.872287464682235e-08,8.052106783616913e-09,0.003951942869920537,0.003742540371734916,0.018349112340215367,0.15299774939934924,0.8209179878579018
P06,22,C,beta,1799551287-β-3,P06-T22-Cβ,27,64,E4,9,9,R3,R,False,64,True,R3,True,0.6001399465076583,False,0.5526459217071533,valid,False,7.5900122650995485e-06,2.6775927176489112e-06,2.631366371514852e-07,2.8013132838533296e-08,1.9990527236094234e-09,0.00485750552983947,0.26966026048965086,0.6001399465076583,0.12116616550939496,0.00416556120965073
P06,22,C,beta,1799551287-β-3,P06-T22-Cβ,28,59,B3,6,6,L3,L,False,59,True,L3,True,0.7688611836332365,False,0.6695799827575684,valid,False,0.0025802690452345857,0.16851371832978448,0.7688611836332365,0.05486691017669343,0.0006736197056703903,0.003041834262045005,0.001329642937014411,0.00011134858843146788,2.0752479152348522e-05,7.208427371021136e-07
P06,22,C,beta,1799551287-β-3,P06-T22-Cβ,29,55,G3,4,4,L4,L,False,55,True,L4,True,0.828683448494698,False,0.761509895324707,valid,False,0.001490270716823447,0.0251332380089813,0.1245220701226375,0.828683448494698,0.020014069859055558,0.00012156945618973504,3.205949879714031e-05,2.6847658401416547e-06,5.641661457413884e-07,2.49108315246776e-08
P06,23,B,alpha,1799551287-α-7,P06-T23-Bα,0,60,C4,7,7,L3,L,False,60,True,L3,True,0.7752836726273516,False,1.4478089809417725,valid,False,0.0003670516502086301,0.06434203317548431,0.7752836726273516,0.15038955960369169,0.001780535780004211,0.0009904229047837977,0.004284147467026763,0.002070015373402167,0.0004123009486450768,8.02604694016956e-05
P06,23,B,alpha,1799551287-α-7,P06-T23-Bα,1,59,B3,6,6,L4,L,False,59,True,L4,True,0.8801202536607213,False,0.8367211818695068,valid,False,0.00022657267871345374,0.010141237849717747,0.08942507438729824,0.8801202536607213,0.015583566890568275,0.00047118872329358625,0.0025192793152259427,0.0011680574844677542,0.0002605174390755732,8.425157091795265e-05
P06,23,B,alpha,1799551287-α-7,P06-T23-Bα,2,64,E4,9,9,R1,R,False,64,True,R1,True,0.9671303650778621,False,0.8851540088653564,valid,False,0.0001119078730931051,0.0002762315781516106,3.594854387903997e-05,3.6769682932462886e-06,1.0046846109215684e-07,0.9671303650778621,0.031010730827240755,0.0011668797433456314,0.00024520352483040775,1.8955394842796866e-05
P06,23,B,alpha,1799551287-α-7,P06-T23-Bα,3,65,F4,10,10,R2,R,False,65,True,R2,True,0.8988122337709074,False,0.7490346431732178,valid,False,1.1687429696192278e-05,3.075425183191417e-05,4.344147037314834e-06,3.3582315916715266e-07,1.1207516949814956e-08,0.013971752995371513,0.8988122337709074,0.07526943565770267,0.011035023303041637,0.0008644214137353616
P06,23,B,alpha,1799551287-α-7,P06-T23-Bα,4,64,E4,9,9,R3,R,False,64,True,R3,True,0.6868715156503598,False,0.6492409706115723,valid,False,4.294069110960445e-05,0.0001539264143567949,2.4530139161543384e-05,1.8962960409211326e-06,5.392843071395821e-08,0.0006470575714861334,0.08591010155502024,0.6868715156503598,0.22204936351033758,0.004298614243696688
P06,23,B,alpha,1799551287-α-7,P06-T23-Bα,5,62,D4,8,8,R2,R,False,62,True,R2,True,0.8513323870870496,False,0.629105806350708,valid,False,0.00030699518125502397,0.0020070894399535234,0.00032200205110598435,2.207747626797327e-05,6.534808274645493e-07,0.005353996288098243,0.8513323870870496,0.12481125503401168,0.015566973284743253,0.00027657067668729964
P06,23,B,alpha,1799551287-α-7,P06-T23-Bα,6,64,E4,9,9,R4,R,False,64,True,R4,True,0.5864445555082995,False,0.8659157752990723,valid,False,7.295335238943136e-05,0.00028066049250584005,4.302724019782626e-05,3.3262096354844706e-06,9.088442888148788e-08,0.0006233224443751791,0.025713118696445443,0.3479797030175653,0.5864445555082995,0.03883924215415716
P06,23,B,alpha,1799551287-α-7,P06-T23-Bα,7,60,C4,7,7,L3,L,False,60,True,L3,True,0.8041237163061428,False,0.946321964263916,valid,False,0.001283708472749874,0.1623497783591323,0.8041237163061428,0.02477296984942666,0.0002922204292954961,0.005835588652093824,0.0012333735435684366,9.160706635572046e-05,1.576052525639908e-05,1.2767959784441557e-06
P06,23,B,alpha,1799551287-α-7,P06-T23-Bα,8,59,B3,6,6,L2,L,False,59,True,L2,True,0.7145051845562886,False,0.6327540874481201,valid,False,0.003100583295238221,0.7145051845562886,0.2735789521589374,0.00662990352987756,7.508239190367485e-05,0.0018568019064061302,0.0002396897868612218,1.1015964430509597e-05,2.609987762242616e-06,1.7642229458046329e-07
P06,23,B,alpha,1799551287-α-7,P06-T23-Bα,9,62,D4,8,8,R5,R,False,62,True,R4,False,0.03572300898379977,False,1.1756501197814941,valid,False,0.00015410350053572878,0.00012207098489267696,1.0639810982048385e-05,6.734124520661681e-07,2.2473975557449405e-08,0.0016530164645233844,0.038354209035304884,0.33591140175141543,0.5880708535821185,0.03572300898379977
P06,23,B,alpha,1799551287-α-7,P06-T23-Bα,10,64,E4,9,9,R4,R,False,64,True,R4,True,0.8439337847171849,False,0.8222439289093018,valid,False,2.4452061354148405e-05,1.4095129559126017e-05,1.441709145507929e-06,4.4415326235338995e-08,1.482284672827924e-09,0.00019797213384729632,0.0023821761352802564,0.0317557571795904,0.8439337847171849,0.12169027503642756
P06,23,B,alpha,1799551287-α-7,P06-T23-Bα,11,60,C4,7,7,L2,L,False,60,True,L2,True,0.9051527499184221,False,0.8950917720794678,valid,False,0.007686173303562008,0.9051527499184221,0.03972807139937329,0.0009627688048637331,1.9102387074225497e-05,0.02049523486654423,0.02458307077042074,0.001223919025138975,0.0001411486097149399,7.760914885581205e-06
P06,23,B,alpha,1799551287-α-7,P06-T23-Bα,12,59,B3,6,6,L3,L,False,59,True,L3,True,0.84534771124035,False,0.7904708385467529,valid,False,0.0006509668684170746,0.11385819624460515,0.84534771124035,0.03310710908518588,0.0005257474030002536,0.004364719664234966,0.002013245376810076,0.00011762520189008101,1.4118744536855314e-05,5.601709697453529e-07
P06,23,B,alpha,1799551287-α-7,P06-T23-Bα,13,62,D4,8,8,R1,R,False,62,True,R1,True,0.984096097252832,False,0.7778618335723877,valid,False,0.00039613417745859396,0.000577945070879368,2.7645938599231212e-05,2.2243813479158637e-06,5.608181350840933e-08,0.984096097252832,0.0141784549036186,0.000577945070879368,0.00013156207994779822,1.1935042623362307e-05
P06,23,B,alpha,1799551287-α-7,P06-T23-Bα,14,64,E4,9,9,R2,R,False,64,True,R2,True,0.8805699898580139,False,0.6355340480804443,valid,False,4.5279760586916654e-05,5.289583977223959e-05,3.2165993291633883e-06,2.3890834185879085e-07,5.777663758722959e-09,0.044323842725673725,0.8805699898580139,0.06540308401491439,0.009212575137707285,0.00038887137799679163
P06,23,B,alpha,1799551287-α-7,P06-T23-Bα,15,62,D4,8,8,R1,R,False,62,True,R1,True,0.9743444234193496,False,0.7353923320770264,valid,False,0.00043143490367594854,0.0006989087133156278,4.4235168387707274e-05,3.032902669206816e-06,8.267797987113331e-08,0.9743444234193496,0.023612231427772964,0.0006989087133156278,0.00014686593114412758,1.987614238919936e-05
P06,23,B,alpha,1799551287-α-7,P06-T23-Bα,16,64,E4,9,9,R2,R,False,64,True,R2,True,0.8758961653176108,False,0.6578652858734131,valid,False,4.448858352613169e-05,6.174437203065541e-05,4.406156776069392e-06,2.376402817568713e-07,5.310579994943938e-09,0.055711104734684755,0.8758961653176108,0.05769944479332565,0.010332017315772688,0.00025038577541155923
P06,23,B,alpha,1799551287-α-7,P06-T23-Bα,17,65,F4,10,10,R1,R,False,65,True,R1,True,0.8852341813077046,False,0.7582809925079346,valid,False,1.2145148350733199e-05,1.4205191560369511e-05,9.357635056193529e-07,5.046917629915913e-08,1.2207612247183938e-09,0.8852341813077046,0.10625610039636993,0.0064614401194147035,0.001796521367842028,0.00022441901531464512
P06,23,B,alpha,1799551287-α-7,P06-T23-Bα,18,64,E4,9,9,R2,R,False,64,True,R2,True,0.8109523677964839,False,0.575706958770752,valid,False,3.8492507300363863e-05,5.9499303029476993e-05,3.919501975608929e-06,2.2002031382872598e-07,5.115087549914338e-09,0.13257284820057383,0.8109523677964839,0.04738043215399839,0.008830479527006187,0.00016173587423100552
P06,23,B,alpha,1799551287-α-7,P06-T23-Bα,19,62,D4,8,8,R1,R,False,62,True,R1,True,0.9881881245596851,False,0.6912257671356201,valid,False,0.00037976331970405796,0.000737767229802627,5.4796612046717834e-05,3.0759948213565433e-06,7.72885036647191e-08,0.9881881245596851,0.009933104712871468,0.0005357289635057024,0.0001489526347877131,1.8608684271566945e-05
P06,23,B,alpha,1799551287-α-7,P06-T23-Bα,20,57,A3,5,5,L3,L,False,57,True,L3,True,0.8694298234524421,False,0.8336310386657715,valid,False,0.0007838154860718228,0.0787678294887229,0.8694298234524421,0.04689155622768776,0.0005397882200205573,0.0034516742931118465,0.00013105183086870384,3.5808238528659927e-06,8.151304643760321e-07,6.504675688235478e-08
P06,23,B,alpha,1799551287-α-7,P06-T23-Bα,21,59,B3,6,6,L2,L,False,59,True,L2,True,0.8498456718063168,False,0.6261048316955566,valid,False,0.0025729542965143124,0.8498456718063168,0.12459329222315067,0.004158085576609002,4.015753320831577e-05,0.017690398782165627,0.0010672174747318414,2.58629139670111e-05,5.887373950319828e-06,4.720193862119393e-07
P06,23,B,alpha,1799551287-α-7,P06-T23-Bα,22,64,E4,9,9,R5,R,False,64,True,R5,True,0.828430020617825,False,0.9743318557739258,valid,False,1.996063891003166e-05,9.27467573897416e-06,3.2215826342175207e-07,1.1646933495662388e-08,1.099706060212929e-09,0.0006919006120698414,0.0027995943093887398,0.025521784157043783,0.14252713008412066,0.828430020617825
P06,23,B,alpha,1799551287-α-7,P06-T23-Bα,23,65,F4,10,10,R4,R,False,65,True,R4,True,0.8639109815733306,False,0.8557801246643066,valid,False,3.4675398247354485e-06,1.5987546971037674e-06,4.73222360062858e-08,1.8533230867996821e-09,1.6812967721848358e-10,0.0001161181029377162,0.0025797512805791315,0.050474574432467445,0.8639109815733306,0.08291345897247444
P06,23,B,alpha,1799551287-α-7,P06-T23-Bα,24,60,C4,7,7,L2,L,False,60,True,L2,True,0.9363003497216928,False,0.9082860946655273,valid,False,0.01127836895996376,0.9363003497216928,0.025583210883098492,0.0004501998478184021,8.245697840404926e-06,0.01751032443211851,0.008347284792735287,0.0004501998478184021,6.869604239034299e-05,3.1197745235972105e-06
P06,23,B,alpha,1799551287-α-7,P06-T23-Bα,25,59,B3,6,6,L1,L,False,59,True,L1,True,0.8012844586721295,False,1.072486162185669,valid,False,0.8012844586721295,0.1898465308600049,0.0010838152101997588,6.628550808870381e-05,4.923261869503206e-06,0.006257559578071015,0.0013857146695560615,6.118923604522605e-05,8.970768011667513e-06,5.52236023624065e-07
P06,23,B,alpha,1799551287-α-7,P06-T23-Bα,26,60,C4,7,7,L2,L,False,60,True,L2,True,0.9144928355824117,False,1.0498378276824951,valid,False,0.004130380913347339,0.9144928355824117,0.060241990968696264,0.001855899777203904,3.68230833155584e-05,0.011885072173443702,0.006947414900038767,0.00034589142060814675,6.193744428393495e-05,1.7537366505466719e-06
P06,23,B,alpha,1799551287-α-7,P06-T23-Bα,27,59,B3,6,6,L2,L,False,59,True,L2,True,0.9192085449845291,False,0.6010251045227051,valid,False,0.006193578457212226,0.9192085449845291,0.06827290776119246,0.0021891493037807,3.154036965250592e-05,0.0031599608780371034,0.0008724176813335163,6.22568333233984e-05,9.12728520539899e-06,5.164457337443502e-07
P06,23,B,alpha,1799551287-α-7,P06-T23-Bα,28,64,E4,9,9,R4,R,False,64,True,R4,True,0.5367034816468692,False,0.8095588684082031,valid,False,0.00019956971543679623,0.0013303549233565901,4.439829400022837e-05,1.883630525670111e-06,4.5647841592251695e-08,0.0022653341852632556,0.053627229839781056,0.38972671639197143,0.5367034816468692,0.016100985724954147
P06,23,B,alpha,1799551287-α-7,P06-T23-Bα,29,59,B3,6,6,L2,L,False,59,True,L2,True,0.9027605353143041,False,0.5753481388092041,valid,False,0.006768667074557193,0.9027605353143041,0.026721201937167222,0.0010054722486881429,2.5361001226180334e-05,0.005516125479134004,0.04840084849360396,0.007138176348375633,0.001624917963220234,3.869413972310764e-05
P06,24,B,gamma,1799551287-γ-2,P06-T24-Bγ,0,65,F4,10,10,R1,R,False,65,True,R1,True,0.9526280045087173,False,2.3436338901519775,valid,False,1.7452974166719002e-06,8.571094938394463e-05,2.63935566804348e-05,3.34050133982384e-06,1.0175668765977341e-07,0.9526280045087173,0.043782074950282975,0.0025579968862779728,0.0007112185488284035,0.00020341304438486408
P06,24,B,gamma,1799551287-γ-2,P06-T24-Bγ,1,48,C3,0,0,L4,L,False,48,True,L4,True,0.752757756759402,False,1.5865888595581055,valid,False,5.3170691349633406e-05,0.0017370188936062922,0.03874471693506703,0.752757756759402,0.20670732794899407,8.31911062596782e-09,3.98221868624555e-10,4.2394104544881356e-11,9.248208188625132e-12,2.606113480349894e-12
P06,24,B,gamma,1799551287-γ-2,P06-T24-Bγ,2,53,F3,3,3,L1,L,False,53,True,L1,True,0.7109734622190718,False,1.0294559001922607,valid,False,0.7109734622190718,0.28333646240008153,0.005181900637771099,0.0004523202214365311,5.4292732787689545e-05,1.446334898744357e-06,1.0413266915715566e-07,8.851290907958701e-09,1.869494818198548e-09,6.004977400115281e-10
P06,24,B,gamma,1799551287-γ-2,P06-T24-Bγ,3,55,G3,4,4,L4,L,False,55,True,L4,True,0.7739109227427219,False,1.3508038520812988,valid,False,0.0004475672528476444,0.009711515760864984,0.16385377939697823,0.7739109227427219,0.051757566073803454,0.0002805635794812344,3.5135501534939415e-05,2.40900080802792e-06,5.062179653184546e-07,3.4472994342989864e-08
P06,24,B,gamma,1799551287-γ-2,P06-T24-Bγ,4,62,D4,8,8,L2,L,False,62,True,L2,True,0.8773659202380513,False,1.194605827331543,valid,False,0.006265042299456465,0.8773659202380513,0.03436106686362929,0.0009388722539746685,1.862825334397188e-05,0.052957891020379455,0.02702937253090154,0.000832704989516835,0.00021372270958249341,1.6778841164115796e-05
P06,24,B,gamma,1799551287-γ-2,P06-T24-Bγ,5,55,G3,4,4,L5,L,False,55,True,L5,True,0.8760711694009182,False,0.9118101596832275,valid,False,0.00042803226661623653,0.0013173128742113474,0.00812907654692817,0.11391440479495649,0.8760711694009182,0.00012519216753306117,1.40581543783963e-05,6.207682905568875e-07,1.2041665925506964e-07,1.2609508197990024e-08
P06,24,B,gamma,1799551287-γ-2,P06-T24-Bγ,6,59,B3,6,6,L2,L,False,59,True,L2,True,0.8145104917640135,False,0.5777280330657959,valid,False,0.004317114801860375,0.8145104917640135,0.16444683215726877,0.010832894684559983,0.00019063156539289775,0.0047940951685852,0.0008716104462787969,2.7947914688405928e-05,7.46587462960314e-06,9.156227224769419e-07
P06,24,B,gamma,1799551287-γ-2,P06-T24-Bγ,7,59,B3,6,6,R4,R,False,59,True,R4,True,0.7330797190741525,False,1.1405160427093506,valid,False,0.0005348908310533523,8.023900411263391e-05,5.078468461705077e-06,3.624059568293417e-07,3.966820130837757e-08,0.0018171229493250181,0.017525588280192225,0.2058169753935573,0.7330797190741525,0.04113998392498714
P06,24,B,gamma,1799551287-γ-2,P06-T24-Bγ,8,52,E3,2,2,L5,L,False,52,True,L5,True,0.8073312830737047,False,1.3939752578735352,valid,False,0.000272122580982128,0.0014695171906426575,0.014204430448673262,0.17657294831660258,0.8073312830737047,3.912537322477814e-05,0.00010338014861998253,6.058664370479927e-06,1.0849016903104539e-06,4.9301489097127124e-08
P06,24,B,gamma,1799551287-γ-2,P06-T24-Bγ,9,60,C4,7,7,R1,R,False,60,True,R1,True,0.9331609520676265,False,0.8386058807373047,valid,False,0.0029825863133082346,0.006544190413036971,0.0005703972085296372,6.072363372216595e-05,3.4087067774205938e-06,0.9331609520676265,0.05452055007661871,0.0017481842821086538,0.0003529523193707237,5.605497890092614e-05
P06,24,B,gamma,1799551287-γ-2,P06-T24-Bγ,10,57,A3,5,5,L1,L,False,57,True,L1,True,0.9629382705373297,False,0.9254391193389893,valid,False,0.9629382705373297,0.027384832686391098,0.0009055056868348345,9.729470686113703e-05,1.0357848976454475e-05,0.006156839393661929,0.002386885334089745,9.729470686113703e-05,2.1279508928061847e-05,1.4395900660043894e-06
P06,24,B,gamma,1799551287-γ-2,P06-T24-Bγ,11,50,D3,1,1,L3,L,False,50,True,L3,True,0.7285542446080344,False,1.1207671165466309,valid,False,0.00012687259058796185,0.01333326664130042,0.7285542446080344,0.23771252930245312,0.020264771312963597,7.106808591164149e-06,1.1489142460482755e-06,4.8743538326555085e-08,1.0242775640366196e-08,8.355090859075204e-10
P06,24,B,gamma,1799551287-γ-2,P06-T24-Bγ,12,55,G3,4,4,L3,L,False,55,True,L3,True,0.7412013119560157,False,0.6900808811187744,valid,False,0.0007514255480462575,0.22856873411692244,0.7412013119560157,0.02789011331209689,0.0004163989442308274,0.0008992004387118386,0.0002587927487347562,1.1427554991675886e-05,2.401341509381457e-06,1.9403874032225307e-07
P06,24,B,gamma,1799551287-γ-2,P06-T24-Bγ,13,69,A4,12,12,R5,R,False,69,True,R5,True,0.5748239824952084,False,0.840552806854248,valid,False,2.2912418348977233e-06,4.584274164086135e-06,7.1306632212643e-07,1.7985653898842937e-08,3.20648839834256e-10,0.0001385169367855834,0.0030467147426424764,0.06629164535684104,0.3556915335798988,0.5748239824952084
P06,24,B,gamma,1799551287-γ-2,P06-T24-Bγ,14,50,D3,1,1,L5,L,False,50,True,L5,True,0.8893103875348265,False,1.2798337936401367,valid,False,4.71342408492922e-05,0.00032167975257713446,0.0035624421857860192,0.10674537406795992,0.8893103875348265,1.1658032258805726e-05,1.2438377949375856e-06,6.445432767217664e-08,1.3544179188917947e-08,2.3494404847763607e-09
P06,24,B,gamma,1799551287-γ-2,P06-T24-Bγ,15,65,F4,10,10,R3,R,False,65,True,R3,True,0.7590199281996453,False,1.0080180168151855,valid,False,2.531748804986504e-05,1.487650781331562e-05,9.79986298924631e-07,4.687753631488813e-08,1.2800574214714988e-09,0.00010216631878226795,0.0782659420961268,0.7590199281996453,0.15876410046653647,0.0038066407791534076
P06,24,B,gamma,1799551287-γ-2,P06-T24-Bγ,16,57,A3,5,5,L2,L,False,57,True,L2,True,0.9315294823429148,False,0.68520188331604,valid,False,0.005566841513854293,0.9315294823429148,0.05229118656432288,0.0026034248805146716,4.962535131812534e-05,0.0015980475677693008,0.005953546276045368,0.00036671431765585694,4.0243411843479466e-05,8.877737614599795e-07
P06,24,B,gamma,1799551287-γ-2,P06-T24-Bγ,17,67,G4,11,11,R3,R,False,67,True,R3,True,0.7754929174593552,False,0.9409530162811279,valid,False,6.433227478702805e-06,1.9322189078129105e-05,4.6825330882774453e-07,2.1520573997178505e-08,4.1024916172929897e-10,0.00011662710342704787,0.10048138493280812,0.7754929174593552,0.11773064937022915,0.006152175533491668
P06,24,B,gamma,1799551287-γ-2,P06-T24-Bγ,18,62,D4,8,8,R5,R,False,62,True,R5,True,0.8923185303998216,False,0.9959571361541748,valid,False,4.9059494625395904e-05,1.3217985561071316e-05,3.203242370718115e-07,1.594800469097814e-08,1.0093384473873991e-09,0.0001641906090659908,0.0015044701535626987,0.010955297899525115,0.09499489617625784,0.8923185303998216
P06,24,B,gamma,1799551287-γ-2,P06-T24-Bγ,19,64,E4,9,9,R3,R,False,64,True,R3,True,0.713314000473015,False,0.776731014251709,valid,False,3.31799721742896e-05,1.455125138588596e-05,1.8594153099469543e-07,1.4374161791174725e-08,7.448246854198094e-10,0.00012615254037553138,0.06486162701128535,0.713314000473015,0.2175994419623888,0.004050845728857665
P06,24,B,gamma,1799551287-γ-2,P06-T24-Bγ,20,59,B3,6,6,L4,L,False,59,True,L4,True,0.8165074725314772,False,1.211057186126709,valid,False,0.0010353522342419436,0.024789676460904443,0.14038001383237655,0.8165074725314772,0.01510070893051737,0.0019980777353879047,0.0001781270341490465,8.186586078589074e-06,2.2761762932186084e-06,1.0847857384944404e-07
P06,24,B,gamma,1799551287-γ-2,P06-T24-Bγ,21,65,F4,10,10,R1,R,False,65,True,R1,True,0.9812813238270057,False,0.7361102104187012,valid,False,5.239233407433904e-05,8.994510708139543e-06,5.925111840843439e-07,6.30778544855995e-08,5.497919505359802e-09,0.9812813238270057,0.01726807102801214,0.0010088985497339116,0.00030387440358646913,7.578425992111202e-05
P06,24,B,gamma,1799551287-γ-2,P06-T24-Bγ,22,60,C4,7,7,R3,R,False,60,True,R3,True,0.6324496053418994,False,0.7300271987915039,valid,False,0.0012233343272665446,0.0002807194637651898,2.3508353382208582e-05,1.319635841731283e-06,8.693068700632778e-08,0.003488948990753314,0.2975621802611554,0.6324496053418994,0.06468960616995094,0.00028069052529821004
P06,24,B,gamma,1799551287-γ-2,P06-T24-Bγ,23,65,F4,10,10,R1,R,False,65,True,R1,True,0.9846015413388757,False,0.742150068283081,valid,False,3.215805642243572e-05,1.0590870026883013e-05,8.521372374984161e-07,3.6152553803170034e-08,2.685179532547669e-09,0.9846015413388757,0.014185737135709833,0.0008626355636073952,0.00023984486338031976,6.660119700659422e-05
P06,24,B,gamma,1799551287-γ-2,P06-T24-Bγ,24,53,F3,3,3,L5,L,False,53,True,L5,True,0.8747511900255008,False,1.060772180557251,valid,False,0.0007429205839127264,0.002334003931289955,0.008425401873149394,0.11374276957838485,0.8747511900255008,3.639544879128889e-06,6.598649168434066e-08,6.749375955874186e-09,1.5364123406284856e-09,1.9060322389575986e-10
P06,24,B,gamma,1799551287-γ-2,P06-T24-Bγ,25,52,E3,2,2,L5,L,False,52,True,L5,True,0.9256340498079008,False,0.8277871608734131,valid,False,0.0001510909145609591,0.0011294034870503024,0.005856237378617833,0.06722809377548959,0.9256340498079008,1.1049987731252488e-06,1.7524532918434403e-08,1.6546703095695248e-09,4.0803667466416353e-10,5.036753135118876e-11
P06,24,B,gamma,1799551287-γ-2,P06-T24-Bγ,26,57,A3,5,5,R3,R,False,57,True,L3,False,2.1494463337753348e-07,False,1.0074338912963867,valid,False,0.0015208610025571015,0.17252668024577916,0.761180043427057,0.06374367209298956,0.0008823821129346083,0.00014330566009243295,2.7804845103281573e-06,2.1494463337753348e-07,5.3004694006441426e-08,7.0247523305207805e-09
P06,24,B,gamma,1799551287-γ-2,P06-T24-Bγ,27,62,D4,8,8,R5,R,False,62,True,R5,True,0.7089214683961109,False,0.9496588706970215,valid,False,0.00028868644831388517,2.7426234956902812e-05,1.735854909869374e-06,1.8479651752407626e-07,1.0796859604264702e-08,0.0035387672308674917,0.0039059928810890035,0.02365902754545418,0.2596566998149205,0.7089214683961109
P06,24,B,gamma,1799551287-γ-2,P06-T24-Bγ,28,59,B3,6,6,L3,L,False,59,True,L3,True,0.820212568811187,False,0.8034839630126953,valid,False,0.0018032012128653865,0.14111335970707514,0.820212568811187,0.027373175483788273,0.00013939600172760205,0.0043375443751723,0.00452475547456459,0.00042722842181707973,6.519083006741479e-05,3.5796817352128006e-06
P06,24,B,gamma,1799551287-γ-2,P06-T24-Bγ,29,69,A4,12,12,R4,R,False,69,True,R4,True,0.6848779175337489,False,1.230652093887329,valid,False,3.551118297704449e-07,3.604438723689081e-08,8.734985213164523e-10,9.299134615683856e-11,8.434910020426816e-12,5.315051253031236e-05,0.005415366712682109,0.21469976273848687,0.6848779175337489,0.09495341037141006
P06,25,B,beta,1799551287-β-8,P06-T25-Bβ,0,62,D4,8,8,R3,R,False,62,True,R3,True,0.8133351769952906,False,1.5782020092010498,valid,False,5.0762769079980906e-05,0.0076300643909571345,0.0035273789671139235,0.00018775351444415107,7.70798561834225e-06,0.0005865186034180231,0.09041574852517274,0.8133351769952906,0.08319134337280457,0.001067544876100655
P06,25,B,beta,1799551287-β-8,P06-T25-Bβ,1,59,B3,6,6,L3,L,False,59,True,L3,True,0.7794821866964293,False,1.0663979053497314,valid,False,0.0006304192756935893,0.15925433733874123,0.7794821866964293,0.05509423854405297,0.00042946653167560023,0.0024155345784888657,0.0025534509060895056,0.00012228875776003592,1.722540131447483e-05,8.519697545011762e-07
P06,25,B,beta,1799551287-β-8,P06-T25-Bβ,2,60,C4,7,7,R4,R,False,60,True,R4,True,0.5665889910734969,False,1.621269941329956,valid,False,0.0012930245465930367,0.00047693939885256313,1.2029830455186598e-05,1.0913215973131696e-06,2.1878657871288724e-07,0.00028385624744118026,0.020959429823123606,0.37728107984023773,0.5665889910734969,0.03310333913162367
P06,25,B,beta,1799551287-β-8,P06-T25-Bβ,3,64,E4,9,9,R4,R,False,64,True,R4,True,0.8288363446358487,False,0.805290937423706,valid,False,8.01833146886819e-05,9.279224733359125e-06,2.3404965193993524e-07,2.0399966947465127e-08,4.306949476455615e-09,7.011857186475304e-05,0.004188959577165509,0.08823667762509939,0.8288363446358487,0.07857817829403128
P06,25,B,beta,1799551287-β-8,P06-T25-Bβ,4,60,C4,7,7,L5,L,False,60,True,L5,True,0.9329288543847525,False,1.4534709453582764,valid,False,0.0001608520651268415,0.000958967277848856,0.002369152595250759,0.06332031051422166,0.9329288543847525,0.00021941573228502148,3.9098504658944066e-05,2.5756043928475105e-06,6.880348572278914e-07,8.528660518223847e-08
P06,25,B,beta,1799551287-β-8,P06-T25-Bβ,5,60,C4,7,7,R2,R,False,60,True,R2,True,0.9446464719768378,False,0.8156731128692627,valid,False,0.00213834215857961,0.003938542589633374,0.0001670955881423523,1.8514718914584397e-05,2.135212199810151e-06,0.013076421902760392,0.9446464719768378,0.03281253981534918,0.0030981673330028273,0.0001017687045802218
P06,25,B,beta,1799551287-β-8,P06-T25-Bβ,6,57,A3,5,5,L2,L,False,57,True,L2,True,0.9117330323305821,False,0.6834230422973633,valid,False,0.005670896507925649,0.9117330323305821,0.06506242668360392,0.004460885190359339,0.00010810494826648806,0.0021762414754213583,0.010150525976753056,0.0005572993334251059,7.850030408661145e-05,2.0872495766171943e-06
P06,25,B,beta,1799551287-β-8,P06-T25-Bβ,7,55,G3,4,4,L3,L,False,55,True,L3,True,0.8098353949125082,False,0.6613330841064453,valid,False,0.001380238782853569,0.12273588674290746,0.8098353949125082,0.0626041150055086,0.001501584678215749,0.0005165620660654145,0.0012979776427471665,0.00011728258625208878,1.0639636181278479e-05,3.1794676045223503e-07
P06,25,B,beta,1799551287-β-8,P06-T25-Bβ,8,50,D3,1,1,L2,L,False,50,True,L2,True,0.83820482252901,False,0.9888789653778076,valid,False,0.003603331563483516,0.83820482252901,0.1331215324644656,0.022902875924764785,0.0021529405460239755,6.054744822122077e-06,7.65872704464688e-06,7.25436140346126e-07,5.607965253764651e-08,1.984592447199945e-09
P06,25,B,beta,1799551287-β-8,P06-T25-Bβ,9,55,G3,4,4,L3,L,False,55,True,L3,True,0.7865677901788959,False,0.724877119064331,valid,False,0.0009533284790389381,0.17059307753028688,0.7865677901788959,0.039160904345596353,0.0006561572071811513,0.0003662642037593516,0.001551708379728011,0.00013913353980852597,1.1194629898664422e-05,4.4150580626560584e-07
P06,25,B,beta,1799551287-β-8,P06-T25-Bβ,10,60,C4,7,7,R2,R,False,60,True,R2,True,0.8322814316330359,False,0.6285791397094727,valid,False,0.0009469780453550497,0.06200959335561907,0.006074931070842056,0.00019479075317499486,4.33068146219594e-06,0.006849465655936143,0.8322814316330359,0.08512924599865691,0.006322853711008513,0.00018637909490902072
P06,25,B,beta,1799551287-β-8,P06-T25-Bβ,11,64,E4,9,9,R4,R,False,64,True,R4,True,0.8228128325089291,False,0.8513121604919434,valid,False,3.527618391593998e-05,9.587728818887036e-06,2.837913575819762e-07,3.0212003483934914e-08,2.2308850536894555e-09,0.0002635171347987848,0.006894766399404674,0.1113556077383155,0.8228128325089291,0.05862809607157092
P06,25,B,beta,1799551287-β-8,P06-T25-Bβ,12,60,C4,7,7,R3,R,False,60,True,R3,True,0.7847984310454745,False,0.6258101463317871,valid,False,0.0006130432645896479,0.0007752473874686533,2.20471245623505e-05,1.1890827220178103e-06,1.4036489327404632e-07,0.0012137367209371006,0.1803040881675259,0.7847984310454745,0.0319901137281774,0.0002819631136492602
P06,25,B,beta,1799551287-β-8,P06-T25-Bβ,13,57,A3,5,5,L5,L,False,57,True,L5,True,0.8942196482858376,False,1.0680279731750488,valid,False,0.00018888374012111518,0.0011468700852453873,0.005031354694143045,0.09894814189865762,0.8942196482858376,0.0003559229548572113,9.999405254791415e-05,7.875106556256101e-06,1.2823011276644776e-06,2.6880906203781345e-08
P06,25,B,beta,1799551287-β-8,P06-T25-Bβ,14,60,C4,7,7,L3,L,False,60,True,L3,True,0.828798288572749,False,1.2787818908691406,valid,False,0.0006976601447426361,0.12439396571026115,0.828798288572749,0.032458969231883156,0.0005203968231613228,0.0059704580914349695,0.0068208002696144325,0.000301187226262451,3.615199325513061e-05,2.121936635968314e-06
P06,25,B,beta,1799551287-β-8,P06-T25-Bβ,15,57,A3,5,5,L4,L,False,57,True,L4,True,0.8466923049376983,False,0.9365870952606201,valid,False,0.00032815822990079973,0.011300616761159506,0.07589624447270978,0.8466923049376983,0.06412246520239702,0.001230129840356686,0.00040711375035293594,2.0269000122319098e-05,2.5322104863344177e-06,1.6559481621003928e-07
P06,25,B,beta,1799551287-β-8,P06-T25-Bβ,16,60,C4,7,7,L2,L,False,60,True,L2,True,0.8149918566609323,False,0.6861062049865723,valid,False,0.0033410328803156674,0.8149918566609323,0.14021516299612521,0.004679438487200809,2.686793049099907e-05,0.009252310841646426,0.026132457428601805,0.001201028317831333,0.0001500447226031749,9.799734252149762e-06
P06,25,B,beta,1799551287-β-8,P06-T25-Bβ,17,64,E4,9,9,R2,R,False,64,True,R2,True,0.757004165968057,False,0.7583560943603516,valid,False,8.259644884947311e-05,0.00010963142256573142,8.820901147030569e-06,7.097262374665783e-07,2.1864827918360803e-08,0.0029970907924103895,0.757004165968057,0.21906505854526945,0.01987313374845217,0.0008587705821834894
P06,25,B,beta,1799551287-β-8,P06-T25-Bβ,18,59,B3,6,6,L1,L,False,59,True,L1,True,0.8168036181660091,False,0.8851809501647949,valid,False,0.8168036181660091,0.15844360039519598,0.002282790724647179,0.00016290284424236523,9.144512526550993e-06,0.007237217804841448,0.013810079119147197,0.0011565005711208188,8.940297647302285e-05,4.7428857964274125e-06
P06,25,B,beta,1799551287-β-8,P06-T25-Bβ,19,55,G3,4,4,L2,L,False,55,True,L2,True,0.7913251588335658,False,0.6630620956420898,valid,False,0.0057246074544142714,0.7913251588335658,0.18748689627121073,0.014493625852765807,0.0005014742356856907,0.0003189291114824608,0.00013447416112447294,1.3755850649537053e-05,1.0216962491230861e-06,5.653285230469635e-08
P06,25,B,beta,1799551287-β-8,P06-T25-Bβ,20,60,C4,7,7,L3,L,False,60,True,L3,True,0.838658960558094,False,0.944467306137085,valid,False,0.0013388407673902646,0.12269749505500474,0.838658960558094,0.024823831531010997,0.00023974105888344228,0.004808614420533863,0.0068973516577536045,0.00047321953763137506,5.911941725280274e-05,2.825996444789528e-06
P06,25,B,beta,1799551287-β-8,P06-T25-Bβ,21,64,E4,9,9,R2,R,False,64,True,R2,True,0.9218523704464903,False,0.7864561080932617,valid,False,0.0002243867612473097,0.0001335051923240075,4.8265907563814516e-06,7.978300859304398e-07,4.3029918373388596e-08,0.005851750432077606,0.9218523704464903,0.06320510618240922,0.008218478477832704,0.0005087350568582834
P06,25,B,beta,1799551287-β-8,P06-T25-Bβ,22,60,C4,7,7,R3,R,False,60,True,R3,True,0.7591924309145291,False,1.5066909790039062,valid,False,0.001422271551204445,0.00026507440400571177,7.538404511735367e-06,1.0202121097478648e-06,3.838880326338366e-08,0.0005963005746678431,0.054689185807407226,0.7591924309145291,0.1809787120044371,0.002847427738323494
P06,25,B,beta,1799551287-β-8,P06-T25-Bβ,23,57,A3,5,5,L2,L,False,57,True,L2,True,0.9633226872214689,False,0.7554419040679932,valid,False,0.01694875315372091,0.9633226872214689,0.008938684592452536,0.00029831313399412567,1.3172663299585024e-05,0.0019224407575390862,0.007641863973798252,0.0008108991713269001,0.00010130580554552427,1.879526854470034e-06
P06,25,B,beta,1799551287-β-8,P06-T25-Bβ,24,62,D4,8,8,R4,R,False,62,True,R4,True,0.49423181563928564,False,1.0065832138061523,valid,False,0.0007306168109838944,0.00018693481038847416,4.18187599517613e-06,4.4519626394595024e-07,1.8744250634451036e-08,0.0005384218101108603,0.034322475850070124,0.45623346792097075,0.49423181563928564,0.013751621341680462
P06,25,B,beta,1799551287-β-8,P06-T25-Bβ,25,59,B3,6,6,L1,L,False,59,True,L1,True,0.9424842854704656,False,0.9573090076446533,valid,False,0.9424842854704656,0.034073475803446406,0.0006450457778336349,5.226226106902976e-05,2.499959482953986e-06,0.018330548728536785,0.004089894789733386,0.00025885667364710724,5.8925534811750484e-05,4.205000973455535e-06
P06,25,B,beta,1799551287-β-8,P06-T25-Bβ,26,60,C4,7,7,L2,L,False,60,True,L2,True,0.8975143684227291,False,0.673555850982666,valid,False,0.008524900044385069,0.8975143684227291,0.00709669462320027,0.0006437976113367067,1.759094724439411e-05,0.07575615607475648,0.009773055200622797,0.000594300098789584,7.424603745142122e-05,4.890939484245896e-06
P06,25,B,beta,1799551287-β-8,P06-T25-Bβ,27,60,C4,7,7,R2,R,False,60,True,R2,True,0.954317661448312,False,0.6844100952148438,valid,False,0.004549431071305254,0.002369455963741714,4.169643596197911e-05,3.6342968613760784e-06,4.0216068865786683e-07,0.011273984092777568,0.954317661448312,0.024110812169618794,0.003135097824647393,0.00019782453608519954
P06,25,B,beta,1799551287-β-8,P06-T25-Bβ,28,65,F4,10,10,R2,R,False,65,True,R2,True,0.907955937025649,False,1.0688481330871582,valid,False,4.260132525598735e-05,2.6547912753259773e-05,7.858032223829648e-07,8.706947889133197e-08,8.55662988735446e-09,0.007824423975148927,0.907955937025649,0.07305377763898696,0.010290239760544844,0.0008055909323298629
P06,25,B,beta,1799551287-β-8,P06-T25-Bβ,29,62,D4,8,8,R4,R,False,62,True,R4,True,0.7236147384393453,False,0.8665850162506104,valid,False,0.00031669335674296405,0.00010479587396086084,2.539619839928599e-06,2.49577547741758e-07,2.8748799532805724e-08,0.0005620368893109563,0.0157358817280202,0.23610086824419402,0.7236147384393453,0.02356216752223852
P06,26,A,beta,1799551287-β-9,P06-T26-Aβ,0,62,D4,8,8,R4,R,False,62,True,R2,False,0.023253460727130325,False,0.5370538234710693,valid,False,0.00015620073194396453,0.02599109621381264,0.006124959901427721,0.0003411663349858594,1.3442096540653072e-05,0.0036312083111504417,0.6925598866056533,0.24705623210826863,0.023253460727130325,0.0008723469690866078
P06,26,A,beta,1799551287-β-9,P06-T26-Aβ,1,67,G4,11,11,R2,R,False,67,True,R2,True,0.7581007871905281,False,0.4673023223876953,valid,False,8.146073769417935e-06,7.081992364332178e-05,4.354963935811747e-06,3.132031044832546e-07,7.685460035630904e-09,0.01439975389461614,0.7581007871905281,0.1805317344973338,0.03915463372400413,0.007729448843604704
P06,26,A,beta,1799551287-β-9,P06-T26-Aβ,2,64,E4,9,9,R3,R,False,64,True,R2,False,0.3752406565948091,False,0.34459805488586426,valid,False,0.00011850374718199809,0.000436945062253015,1.9949426763662347e-05,2.2219348272848374e-06,5.4047387906443244e-08,0.0031633185321057484,0.5635170652239697,0.3752406565948091,0.05457312333079915,0.0029281620999023045
P06,26,A,beta,1799551287-β-9,P06-T26-Aβ,3,62,D4,8,8,R2,R,False,62,True,R2,True,0.7727244827843617,False,0.2731790542602539,valid,False,0.00022254929854449804,0.015563139780431326,0.0026641133880172135,0.0002213484489020205,3.802277660385253e-06,0.006187942401042474,0.7727244827843617,0.18421134365019226,0.017756815415520176,0.0004444625553280274
P06,26,A,beta,1799551287-β-9,P06-T26-Aβ,4,59,B3,6,6,L4,L,False,59,True,L2,False,0.011565581546187156,False,0.42296814918518066,valid,False,0.0021555234179709277,0.6066994809592245,0.3073642663133266,0.011565581546187156,0.00020046602145375178,0.0040087172645768745,0.06355288376239321,0.004087908947075917,0.0003541309281120854,1.104083967897909e-05
P06,26,A,beta,1799551287-β-9,P06-T26-Aβ,5,59,B3,6,6,L4,L,False,59,True,L2,False,0.001650952485482857,False,0.3543119430541992,valid,False,0.0032587783480651253,0.9172246127547924,0.04946930544850711,0.001650952485482857,3.021756191979426e-05,0.0019768607682902387,0.022277961726322543,0.003689200501666815,0.0004138855392393021,8.224865713793424e-06
P06,26,A,beta,1799551287-β-9,P06-T26-Aβ,6,60,C4,7,7,R4,R,False,60,True,R2,False,0.008667171376571286,False,0.42670512199401855,valid,False,0.006825465820152938,0.02099334459094759,0.0007900714158402644,4.2611464686878334e-05,6.698846008753591e-07,0.003913249340244584,0.7684442851643364,0.1901664548479226,0.008667171376571286,0.00015667609469674308
P06,26,A,beta,1799551287-β-9,P06-T26-Aβ,7,64,E4,9,9,R5,R,False,64,True,R2,False,0.000754866237955528,False,0.3320739269256592,valid,False,0.00014466453609148235,0.0007947809044539785,8.334788484294429e-05,4.318997141198417e-06,7.2096027841999e-08,0.0019047123776747884,0.6234496157309548,0.34215640363149735,0.030707217603360183,0.000754866237955528
P06,26,A,beta,1799551287-β-9,P06-T26-Aβ,8,60,C4,7,7,L2,L,False,60,True,R2,False,0.05828069122720011,False,0.32793283462524414,valid,False,0.0031181563023171045,0.05828069122720011,0.007926553354043834,0.00035001415144219494,1.7833659585213982e-05,0.014390137531197467,0.8472601558515831,0.06518170101920132,0.0034295462525492574,4.5210650880446067e-05
P06,26,A,beta,1799551287-β-9,P06-T26-Aβ,9,59,B3,6,6,L1,L,False,59,True,L2,False,0.0025094898182405866,False,0.4374678134918213,valid,False,0.0025094898182405866,0.8288833825626098,0.02996648147351093,0.0009608657988312975,1.818440624595055e-05,0.003155017691478445,0.12362308369543286,0.01017648302772627,0.0006977317745783893,9.279751345755205e-06
P06,26,A,beta,1799551287-β-9,P06-T26-Aβ,10,60,C4,7,7,R4,R,False,60,True,R2,False,0.0035001825703190126,False,0.3574988842010498,valid,False,0.0013934305080207192,0.05419717579965902,0.0036430277308284347,0.00021284632130079536,3.118398786111806e-06,0.005887403862270698,0.8381116679641484,0.09302005639685873,0.0035001825703190126,3.109044780807325e-05
P06,26,A,beta,1799551287-β-9,P06-T26-Aβ,11,64,E4,9,9,R5,R,False,64,True,R2,False,5.284148070630288e-05,False,0.33520007133483887,valid,False,0.00019312116262428116,0.001043932095751287,8.205396549107257e-05,5.19334057685091e-06,6.679576798879844e-08,0.00997041160588808,0.9302001858122555,0.055680047413630314,0.00277214632730832,5.284148070630288e-05
P06,26,A,beta,1799551287-β-9,P06-T26-Aβ,12,62,D4,8,8,R4,R,False,62,True,R2,False,0.015714038732753375,False,0.263718843460083,valid,False,0.0006125753708065632,0.010614306072549626,0.0005244288567951984,4.219533958584855e-05,5.773758949982959e-07,0.005994881843286166,0.6748932293410732,0.2913585092975767,0.015714038732753375,0.00024525776967830186
P06,26,A,beta,1799551287-β-9,P06-T26-Aβ,13,57,A3,5,5,L2,L,False,57,True,L2,True,0.8650798439067753,False,0.3842020034790039,valid,False,0.0018611463717951558,0.8650798439067753,0.12185378078333245,0.003606803084258771,5.566057900304901e-05,0.0007660132685528438,0.005880132510043607,0.0008210443165562732,7.445832255206374e-05,1.1168571306008458e-06
P06,26,A,beta,1799551287-β-9,P06-T26-Aβ,14,60,C4,7,7,L1,L,False,60,True,R2,False,0.00036102154258167067,False,0.31006908416748047,valid,False,0.00036102154258167067,0.08973368419836025,0.017455893937174075,0.0007158165602266866,9.707189131545205e-06,0.0038070180520000073,0.7780931282850687,0.1053034539009218,0.004467577070084074,5.26992644509636e-05
P06,26,A,beta,1799551287-β-9,P06-T26-Aβ,15,64,E4,9,9,R5,R,False,64,True,R2,False,0.00046162127801082606,False,0.30800580978393555,valid,False,9.722508313716996e-05,0.003062495129628546,0.0002324407142053108,1.197148850423499e-05,1.5460940729889376e-07,0.005580164008494053,0.7268097419820865,0.24682133637226922,0.016922849334256786,0.00046162127801082606
P06,26,A,beta,1799551287-β-9,P06-T26-Aβ,16,59,B3,6,6,L2,L,False,59,True,L3,False,0.07846591178599571,False,0.4972221851348877,valid,False,0.0006459445514575509,0.07846591178599571,0.7986784206444534,0.032440400855596664,0.0002018240600473789,0.0028006737333507643,0.07876668214579964,0.0074109481564588195,0.0005729014236737995,1.629264316636593e-05
P06,26,A,beta,1799551287-β-9,P06-T26-Aβ,17,57,A3,5,5,L1,L,False,57,True,L3,False,0.00019009206713735852,False,0.31941914558410645,valid,False,0.00019009206713735852,0.05227744106602543,0.812873189534149,0.1324330762924097,0.0011333635733110446,0.0004855525455742754,0.0005543613669359594,4.6914668977806614e-05,5.861059550623633e-06,1.4782592893958508e-07
P06,26,A,beta,1799551287-β-9,P06-T26-Aβ,18,52,E3,2,2,L3,L,False,52,True,L4,False,0.06162778788748116,False,0.408951997756958,valid,False,1.7400113137492372e-05,0.001671086818754206,0.06162778788748116,0.8988470359576649,0.037826955732874895,4.6802105080883135e-06,4.497957368435527e-06,5.01008681289202e-07,5.333663489107019e-08,9.768945442051016e-10
P06,26,A,beta,1799551287-β-9,P06-T26-Aβ,19,55,G3,4,4,L2,L,False,55,True,L3,False,0.027988775074279867,False,0.38310790061950684,valid,False,0.0001185437151345392,0.027988775074279867,0.8268774188884693,0.14226001293102222,0.0018828564023485406,0.0001559650418237567,0.0006178839662486514,9.050560108064426e-05,7.887999352704186e-06,1.5038023973852312e-07
P06,26,A,beta,1799551287-β-9,P06-T26-Aβ,20,60,C4,7,7,R4,R,False,60,True,R2,False,0.0023738813688537557,False,0.33954620361328125,valid,False,0.00010910182308553404,0.04054173494693194,0.030108444014290067,0.0023528888732723924,3.24466444404942e-05,0.0061998575993601965,0.8551597111407963,0.06308773167512305,0.0023738813688537557,3.4201913846413784e-05
P06,26,A,beta,1799551287-β-9,P06-T26-Aβ,21,57,A3,5,5,L1,L,False,57,True,L3,False,0.000155862771499548,False,0.27625083923339844,valid,False,0.000155862771499548,0.04820481700284586,0.7578717542687676,0.18993017017303448,0.0017599622078606533,0.0007212651304943108,0.001277425792836106,7.068754996299956e-05,7.832403792795621e-06,2.226989054556931e-07
P06,26,A,beta,1799551287-β-9,P06-T26-Aβ,22,60,C4,7,7,L2,L,False,60,True,R2,False,0.018735288073883794,False,0.34084510803222656,valid,False,9.166715051692966e-05,0.018735288073883794,0.054463115131107465,0.006900751541920578,7.729542824988733e-05,0.006622075287560723,0.8046511330319996,0.1046277495350157,0.0037825894257439304,4.833539400119081e-05
P06,26,A,beta,1799551287-β-9,P06-T26-Aβ,23,64,E4,9,9,R2,R,False,64,True,R2,True,0.7921861454697617,False,0.41742706298828125,valid,False,3.3123743474484134e-05,0.005283384312686032,0.0009231214271971581,8.765734109824038e-05,1.0712490672942794e-06,0.005098400169988752,0.7921861454697617,0.18033142292441937,0.015717840367443045,0.00033783299486358256
P06,26,A,beta,1799551287-β-9,P06-T26-Aβ,24,59,B3,6,6,L1,L,False,59,True,L3,False,0.0002503465946235948,False,0.5112729072570801,valid,False,0.0002503465946235948,0.05711093360086642,0.725236986129922,0.05433826319330206,0.0003928617533538194,0.002503611943425206,0.14554267117785397,0.013825275555098666,0.0007760785644020102,2.2971487152208005e-05
P06,26,A,beta,1799551287-β-9,P06-T26-Aβ,25,62,D4,8,8,R1,R,False,62,True,R2,False,0.00800574820074111,False,0.3439202308654785,valid,False,9.893559929474476e-05,0.02625323701969071,0.009718293169555425,0.0007457099074044491,7.4198225671651866e-06,0.00800574820074111,0.8979907869755874,0.05460687599285424,0.0025096914285581188,6.330188374670683e-05
P06,26,A,beta,1799551287-β-9,P06-T26-Aβ,26,60,C4,7,7,L3,L,False,60,True,R2,False,0.09502820425937454,False,0.3270258903503418,valid,False,0.00015991674012301243,0.04875940132672704,0.09502820425937454,0.007151669360710774,7.268578819626353e-05,0.004987316684628801,0.7553519497177434,0.08536174303360226,0.0030860687341259657,4.10443547678522e-05
P06,26,A,beta,1799551287-β-9,P06-T26-Aβ,27,64,E4,9,9,R3,R,False,64,True,R2,False,0.09333027237734991,False,0.39325594902038574,valid,False,6.49553828281904e-05,0.010601075846575407,0.001831431847537944,0.00013713692984072161,1.4877051551014624e-06,0.01076332495843322,0.8766821675877179,0.09333027237734991,0.00639901785226899,0.00018912951229269718
P06,26,A,beta,1799551287-β-9,P06-T26-Aβ,28,62,D4,8,8,R4,R,False,62,True,R2,False,0.006954202304550043,False,0.2678720951080322,valid,False,8.389754947037973e-05,0.025630294587702634,0.009869446174882283,0.0007597014241332925,7.336082492076708e-06,0.005917653890419429,0.78004072119983,0.1706041780331813,0.006954202304550043,0.0001325687533386265
P06,26,A,beta,1799551287-β-9,P06-T26-Aβ,29,64,E4,9,9,R5,R,False,64,True,R2,False,0.0004367012816301271,False,0.2918720245361328,valid,False,4.441423309054563e-05,0.00786519322835752,0.0014690109612506797,0.00012141924544889057,1.0752835203093822e-06,0.005189381767027685,0.7435932038725166,0.2239659690236521,0.01731363110350554,0.0004367012816301271
P06,27,A,alpha,1799551287-α-5,P06-T27-Aα,0,60,C4,7,7,R5,R,False,60,True,R3,False,0.00070683792051087,False,1.4015161991119385,valid,False,2.401603586119906e-05,0.0013651683692455765,0.01991110803003217,0.031681489479253734,0.0020163446954460907,0.0008616284071077527,0.18932311348446526,0.7001382170375366,0.05397207654054077,0.00070683792051087
P06,27,A,alpha,1799551287-α-5,P06-T27-Aα,1,62,D4,8,8,R4,R,False,62,True,R2,False,0.012572690896615607,False,0.5190129280090332,valid,False,2.6294618987934354e-05,0.004155821883145569,0.03071378614276727,0.009254075655160435,0.0004156864162095362,0.005362983582285137,0.8569460883757565,0.07918436801430033,0.012572690896615607,0.0013682044147717122
P06,27,A,alpha,1799551287-α-5,P06-T27-Aα,2,59,B3,6,6,L1,L,False,59,True,R2,False,4.5688999343541405e-05,False,0.5188539028167725,valid,False,4.5688999343541405e-05,0.0026694831053533322,0.04160780797697071,0.1071363449711175,0.020533217697996303,0.0010999276748243775,0.7916364632259738,0.03025931739816968,0.004585315577223435,0.00042643337302735677
P06,27,A,alpha,1799551287-α-5,P06-T27-Aα,3,57,A3,5,5,L2,L,False,57,True,L3,False,0.05745941046042454,False,0.6105890274047852,valid,False,0.00028848163053008294,0.05745941046042454,0.7575461782535148,0.16789555235653203,0.003737443420549148,0.0007494850133122641,0.011279046294787856,0.0008238616512766706,0.0001825645318090579,3.797638726353945e-05
P06,27,A,alpha,1799551287-α-5,P06-T27-Aα,4,59,B3,6,6,L3,L,False,59,True,R2,False,0.07414720175331269,False,0.3930239677429199,valid,False,4.612459170489643e-05,0.006286006946234157,0.07414720175331269,0.13929782108793934,0.006117476320767403,0.0018002373803135089,0.7266094359249596,0.03980152930926478,0.005267416737485058,0.0006267499480186057
P06,27,A,alpha,1799551287-α-5,P06-T27-Aα,5,57,A3,5,5,L4,L,False,57,True,L3,False,0.1528231177844773,False,0.5201280117034912,valid,False,0.00025111024599929176,0.04713630508719933,0.7779606628199727,0.1528231177844773,0.001995018341371615,0.0005196686418860736,0.017959328545555875,0.0011205722419292945,0.000203903512873972,3.0312778734631078e-05
P06,27,A,alpha,1799551287-α-5,P06-T27-Aα,6,59,B3,6,6,L3,L,False,59,True,R2,False,0.16156298463405327,False,0.3953990936279297,valid,False,6.110846154106234e-05,0.006405593475936543,0.16156298463405327,0.10813498928024677,0.0022529966816354496,0.0017592631636425043,0.6819082134264269,0.03358110037061135,0.003926366812915332,0.0004073836929908378
P06,27,A,alpha,1799551287-α-5,P06-T27-Aα,7,57,A3,5,5,L2,L,False,57,True,L3,False,0.02265063786205085,False,0.3701159954071045,valid,False,0.00014814891494739415,0.02265063786205085,0.6736148955351681,0.2638265764513235,0.0034862734475542,0.0009952372395845908,0.03138547247166995,0.003180665684754958,0.0006232826349148189,8.880975803166548e-05
P06,27,A,alpha,1799551287-α-5,P06-T27-Aα,8,60,C4,7,7,R3,R,False,60,True,R2,False,0.08189465874621771,False,0.31235408782958984,valid,False,8.877069244022078e-05,0.007832652990653811,0.17546680966959363,0.027673513393240447,0.0006291945810377092,0.003938005910320837,0.6911115728123021,0.08189465874621771,0.01019365511159905,0.0011711660925945203
P06,27,A,alpha,1799551287-α-5,P06-T27-Aα,9,62,D4,8,8,R2,R,False,62,True,R2,True,0.7655723736163592,False,0.5686318874359131,valid,False,3.533080931237857e-05,0.006046252748397587,0.02850903853328704,0.0029635210168425575,7.571747556180962e-05,0.0022558159129287495,0.7655723736163592,0.15382480030534915,0.035818685536934396,0.004898464045027027
P06,27,A,alpha,1799551287-α-5,P06-T27-Aα,10,64,E4,9,9,R1,R,False,64,True,R2,False,0.0028457987705810543,False,0.5170419216156006,valid,False,2.6596503266410277e-05,0.0035463411423499024,0.007528426384643734,0.0005844424346222635,1.1934462413889394e-05,0.0028457987705810543,0.7632217810056963,0.1780729671735654,0.037989840978596,0.006171871144265011
P06,27,A,alpha,1799551287-α-5,P06-T27-Aα,11,59,B3,6,6,L1,L,False,59,True,R2,False,3.196437755952255e-05,False,0.39632582664489746,valid,False,3.196437755952255e-05,0.004503223977524298,0.12113029718739454,0.09080865999012615,0.0025131674824243394,0.003444803289289389,0.7627015508099595,0.012784104205747944,0.001942071589920672,0.00014015709005366038
P06,27,A,alpha,1799551287-α-5,P06-T27-Aα,12,62,D4,8,8,R2,R,False,62,True,R2,True,0.7877607690949466,False,0.8769102096557617,valid,False,0.0012906745450978207,0.0012497626345330864,0.00019488040833818982,4.551214396593725e-05,9.522623796364138e-06,0.0021492556194633735,0.7877607690949466,0.17718989604353252,0.026708295444639554,0.0034014314416865514
P06,27,A,alpha,1799551287-α-5,P06-T27-Aα,13,60,C4,7,7,R3,R,False,60,True,R2,False,0.02916692194050605,False,0.3768460750579834,valid,False,0.00015387301788925955,0.005631480783267376,0.06794050347618018,0.05627669265894015,0.003651780692497442,0.007381946148224481,0.8253801825352418,0.02916692194050605,0.003990624756911452,0.00042599399034198734
P06,27,A,alpha,1799551287-α-5,P06-T27-Aα,14,57,A3,5,5,L3,L,False,57,True,L3,True,0.6391517104182654,False,0.49181294441223145,valid,False,0.00023376020511047462,0.02753644264109764,0.6391517104182654,0.3236472254733487,0.006714043035770756,0.0005512632700590122,0.0019949615447728687,0.00013658195045241467,2.8091396700506912e-05,5.920064422132312e-06
P06,27,A,alpha,1799551287-α-5,P06-T27-Aα,15,55,G3,4,4,L4,L,False,55,True,L3,False,0.27435176770199443,False,0.3192448616027832,valid,False,0.0001638447382005499,0.024524500260918215,0.6953201218168596,0.27435176770199443,0.005616151452857358,1.4404641323824785e-05,7.999428197399199e-06,9.221868949441459e-07,2.147488550292912e-07,7.302389845906297e-08
P06,27,A,alpha,1799551287-α-5,P06-T27-Aα,16,60,C4,7,7,R3,R,False,60,True,R2,False,0.0446828376410024,False,0.396151065826416,valid,False,0.00020932798088707925,0.04452928352459569,0.05990131605544287,0.00870384065174261,0.000164903697201324,0.004383014118520893,0.8356738499598647,0.0446828376410024,0.001715149537116393,3.647683362603795e-05
P06,27,A,alpha,1799551287-α-5,P06-T27-Aα,17,55,G3,4,4,L4,L,False,55,True,L3,True,0.4140865211516142,False,0.37834596633911133,valid,False,8.302877991751533e-05,0.010583925480402974,0.5686945256888273,0.4140865211516142,0.006518380124530742,2.243939988224183e-05,1.0563457236141734e-05,5.331772850534129e-07,7.890506609527023e-08,3.835237679318014e-09
P06,27,A,alpha,1799551287-α-5,P06-T27-Aα,18,57,A3,5,5,L3,L,False,57,True,L3,True,0.7149705795062031,False,0.39348673820495605,valid,False,0.00017749797583299024,0.04784223595575264,0.7149705795062031,0.23318121790968946,0.003475705363530076,0.00018900521866853116,0.00015225750465257284,9.711488630114171e-06,1.7224522668583636e-06,6.662477382914781e-08
P06,27,A,alpha,1799551287-α-5,P06-T27-Aα,19,62,D4,8,8,R1,R,False,62,True,R2,False,0.007247266247520608,False,0.34066200256347656,valid,False,7.449850542462093e-05,0.021026006840340207,0.011533301475666157,0.0011554128935929641,2.530468244762846e-05,0.007247266247520608,0.9165570641394727,0.04047256464746593,0.00186008898587792,4.8491582191010665e-05
P06,27,A,alpha,1799551287-α-5,P06-T27-Aα,20,64,E4,9,9,R2,R,False,64,True,R2,True,0.9234778996521464,False,0.3631160259246826,valid,False,5.2941268020242136e-05,0.011221094096078483,0.002025984433178925,0.00019296493610429486,4.024830700073702e-06,0.01228214851939412,0.9234778996521464,0.047853624792917396,0.0027958798973415472,9.343757411851432e-05
P06,27,A,alpha,1799551287-α-5,P06-T27-Aα,21,62,D4,8,8,R3,R,False,62,True,R2,False,0.02551189364836634,False,0.3687098026275635,valid,False,6.945586691028472e-05,0.022019588946637258,0.011238788018801975,0.0013494062209343655,2.3856625554089756e-05,0.004936727103743857,0.9336902648450908,0.02551189364836634,0.0011265329845362056,3.3485739424689496e-05
P06,27,A,alpha,1799551287-α-5,P06-T27-Aα,22,59,B3,6,6,L3,L,False,59,True,L3,True,0.8455581154853662,False,0.5893697738647461,valid,False,0.0001637413633186994,0.04762188805541702,0.8455581154853662,0.09565913799126534,0.0007785403138996267,0.002494780627011251,0.0075648854169316155,0.00013855570953117053,1.951673845415568e-05,8.382988047863964e-07
P06,27,A,alpha,1799551287-α-5,P06-T27-Aα,23,57,A3,5,5,L4,L,False,57,True,L3,False,0.1859034978200437,False,0.45084476470947266,valid,False,0.00012569011993407452,0.03106484695317744,0.7808935724342512,0.1859034978200437,0.0016207699863044864,0.0002499068217383952,0.00013812984500902599,3.0900712492244375e-06,4.711044765956527e-07,2.4843815795569486e-08
P06,27,A,alpha,1799551287-α-5,P06-T27-Aα,24,55,G3,4,4,L5,L,False,55,True,L3,False,0.0047243443348665105,False,0.4341278076171875,valid,False,4.048000474029673e-05,0.010966162603880248,0.5853643456282152,0.39884946106143787,0.0047243443348665105,3.807633375325075e-05,1.644447813845877e-05,6.187770464539221e-07,6.327883105805589e-08,3.499090544827219e-09
P06,27,A,alpha,1799551287-α-5,P06-T27-Aα,25,57,A3,5,5,L4,L,False,57,True,L3,False,0.25200843013732804,False,0.3341968059539795,valid,False,0.00013426473075435401,0.06094886228588248,0.6835083989360514,0.25200843013732804,0.002858500005446458,0.0003612781696999114,0.00017329480566646797,6.265097953109985e-06,6.660624571822569e-07,3.9768760546701984e-08
P06,27,A,alpha,1799551287-α-5,P06-T27-Aα,26,55,G3,4,4,L5,L,False,55,True,L3,False,0.00718783904584479,False,0.33455395698547363,valid,False,5.5729926493050493e-05,0.01526074454407081,0.5325308411056254,0.44489438225875133,0.00718783904584479,4.821342333144407e-05,2.144295369755216e-05,7.156214824951803e-07,8.569315084649408e-08,5.427552206765441e-09
P06,27,A,alpha,1799551287-α-5,P06-T27-Aα,27,53,F3,3,3,L4,L,False,53,True,L3,False,0.33944168808327707,False,0.410045862197876,valid,False,2.875879976925606e-05,0.006909117716713986,0.6437446710889304,0.33944168808327707,0.009868972127286414,4.6341472873159055e-06,2.0856018131558508e-06,6.425199230854318e-08,7.69079587311068e-09,4.921341857498412e-10
P06,27,A,alpha,1799551287-α-5,P06-T27-Aα,28,64,E4,9,9,R2,R,False,64,True,R2,True,0.9618227128032695,False,0.44941115379333496,valid,False,0.00010511913397553228,0.0061277265864357385,0.00036379314474653817,4.578597053285423e-05,7.146703851410278e-07,0.0059824497631034,0.9618227128032695,0.024260030080986837,0.001207835776248528,8.383207031593125e-05
P06,27,A,alpha,1799551287-α-5,P06-T27-Aα,29,65,F4,10,10,R1,R,False,65,True,R2,False,0.01757261941869627,False,0.35247182846069336,valid,False,4.452807150820298e-05,0.0009925151097677407,8.98538855368848e-05,7.687206011372213e-06,1.2936385440505795e-07,0.01757261941869627,0.9309714623037167,0.04453291702155055,0.005562637556563165,0.00022565006279457394
