participant,trial_index,condition,level,sequence,quiz_name,event_index,target_note,target_note_name,target_key_id,actual_key_id,target_finger,target_hand,timed_out,actual_note,key_correct,actual_finger,finger_correct,target_finger_probability,manually_corrected,rt_s,validity,suspected_carryover,p_L1,p_L2,p_L3,p_L4,p_L5,p_R1,p_R2,p_R3,p_R4,p_R5
P09,1,C,alpha,1799551287-α-4,P09-T01-Cα,0,60,C4,7,7,R1,R,False,60,True,R1,True,0.9820465870260178,False,1.181769847869873,valid,False,0.003712945721654804,0.002158986175232915,0.00012614020509613344,1.2396250243666607e-05,6.171729583865794e-07,0.9820465870260178,0.011584161164090757,0.0003294399288064407,2.6506607119360194e-05,2.219748779680287e-06
P09,1,C,alpha,1799551287-α-4,P09-T01-Cα,1,62,D4,8,8,R2,R,False,62,True,R2,True,0.9347341182552581,False,0.5448727607727051,valid,False,0.00038710321869192326,8.048069985530908e-05,5.301646339033526e-06,4.2656837956373604e-07,4.3631208313609054e-08,0.016805482432121537,0.9347341182552581,0.04471290325319722,0.003190769541700019,8.337075324910072e-05
P09,1,C,alpha,1799551287-α-4,P09-T01-Cα,2,59,B3,6,6,L2,L,False,59,True,L2,True,0.9307827981824052,False,0.7548332214355469,valid,False,0.01846774968516719,0.9307827981824052,0.03794075827906567,0.0020462849929615214,3.3240906120508724e-05,0.010293682323208006,0.0004131378149036493,1.898750686658212e-05,3.138613775145768e-06,2.2169552649092916e-07
P09,1,C,alpha,1799551287-α-4,P09-T01-Cα,3,57,A3,5,5,L4,L,False,57,True,L4,True,0.6827500318577326,False,2.049163818359375,valid,False,0.0006378829059130142,0.01432545050225148,0.28293584764889995,0.6827500318577326,0.018788537103770327,0.00054150932791192,1.9963070385796026e-05,5.908956076364334e-07,1.6325101441611413e-07,2.343651283648883e-08
P09,1,C,alpha,1799551287-α-4,P09-T01-Cα,4,55,G3,4,4,L5,L,False,55,True,L5,True,0.9041546711792898,False,0.9503300189971924,valid,False,0.00017194413832386703,0.0008799872271981475,0.005453641825746263,0.08916888418990203,0.9041546711792898,0.0001659431313780977,4.7339299850576045e-06,1.4584012684993474e-07,4.2133553304239436e-08,6.404496426874103e-09
P09,1,C,alpha,1799551287-α-4,P09-T01-Cα,5,57,A3,5,5,L4,L,False,57,True,L4,True,0.7057889450423377,False,2.3967390060424805,valid,False,0.00033036819057111606,0.0024723018576600325,0.28029553751409503,0.7057889450423377,0.011015641839031863,4.03325376276595e-05,3.7881871929631034e-05,1.4290466478783564e-05,4.375736745558632e-06,3.249435226499907e-07
P09,1,C,alpha,1799551287-α-4,P09-T01-Cα,6,59,B3,6,6,L5,L,False,59,True,L5,True,0.9677068719238808,False,0.940605878829956,valid,False,0.00022493183187374927,0.0002625905176837241,0.0021464698805527464,0.029655448747007287,0.9677068719238808,1.8893780909987071e-06,1.5066313588468e-06,2.256007078671731e-07,4.762540596535817e-08,1.7863437859959354e-08
P09,1,C,alpha,1799551287-α-4,P09-T01-Cα,7,62,D4,8,8,R2,R,False,62,True,R2,True,0.9069761858222859,False,1.2349448204040527,valid,False,6.502567876433809e-06,2.8232013534124983e-06,3.005537936457769e-07,1.0865870734716173e-08,1.0259579399940678e-09,0.008491057409706005,0.9069761858222859,0.0790528166120106,0.005419263638521218,5.103830262406537e-05
P09,1,C,alpha,1799551287-α-4,P09-T01-Cα,8,64,E4,9,9,R3,R,False,64,True,R3,True,0.644299662574225,False,0.7517881393432617,valid,False,1.1335014451478587e-05,6.9304116418599535e-06,3.737826543548217e-07,3.6732961680164035e-08,1.087274917776677e-09,0.00031054473594097185,0.2892133227012728,0.644299662574225,0.06590167987349307,0.00025611308608391976
P09,1,C,alpha,1799551287-α-4,P09-T01-Cα,9,65,F4,10,10,R2,R,False,65,True,R2,True,0.9613733349274599,False,0.4440028667449951,valid,False,3.0910951391240617e-06,2.0878150706213914e-06,1.3214150782753582e-07,9.814622616988516e-09,2.9050728584887716e-10,0.004329277499618622,0.9613733349274599,0.030826133467045103,0.003346697839594221,0.00011923510943454177
P09,1,C,alpha,1799551287-α-4,P09-T01-Cα,10,64,E4,9,9,R3,R,False,64,True,R3,True,0.6645874275143927,False,0.5389068126678467,valid,False,1.2539795065815965e-05,1.1099740363304463e-05,8.580625477732687e-07,5.883147473699121e-08,1.7413784223090418e-09,0.0008798092362983772,0.25682047307463507,0.6645874275143927,0.07664362551847194,0.0010441064853718826
P09,1,C,alpha,1799551287-α-4,P09-T01-Cα,11,59,B3,6,6,L5,L,False,59,True,L5,True,0.9230462279207823,False,0.8772151470184326,valid,False,0.0023358636635495583,0.0017345315675838804,0.005081872022822246,0.06772129086683734,0.9230462279207823,7.697827068257424e-05,3.1125259423635878e-06,8.504579495914042e-08,2.893872695324299e-08,9.177277930986274e-09
P09,1,C,alpha,1799551287-α-4,P09-T01-Cα,12,57,A3,5,5,L4,L,False,57,True,L4,True,0.8141994037403885,False,0.683629035949707,valid,False,0.00020456429396987312,0.010946127220231019,0.154788003168686,0.8141994037403885,0.01981914326827,4.020056935092701e-05,2.4296117213311806e-06,8.43931922756106e-08,3.52254781858074e-08,8.508711867647078e-09
P09,1,C,alpha,1799551287-α-4,P09-T01-Cα,13,59,B3,6,6,L5,L,False,59,True,L5,True,0.9617181515980989,False,0.7157530784606934,valid,False,0.0003356589991944669,0.001188343110601969,0.0026776113181330584,0.03397418667629911,0.9617181515980989,9.867598926605648e-05,6.934276379151444e-06,3.0619800994288807e-07,9.954406613936427e-08,3.2289951123522e-08
P09,1,C,alpha,1799551287-α-4,P09-T01-Cα,14,64,E4,9,9,R3,R,False,64,True,R3,True,0.5556527376929101,False,0.6606199741363525,valid,False,1.624186708966773e-05,2.5097798061614844e-05,2.198771522661337e-06,9.709152444258108e-08,2.6529018658536084e-09,0.0036120381655643822,0.3876657606048998,0.5556527376929101,0.052464855512601015,0.00056096984292456
P09,1,C,alpha,1799551287-α-4,P09-T01-Cα,15,62,D4,8,8,R5,R,False,62,True,R5,True,0.8109587210940307,False,0.6850969791412354,valid,False,6.856102472046492e-06,6.743354665971869e-07,5.0085308021005425e-08,4.194305248457692e-09,7.817093458780227e-10,0.0006344823947958221,0.003551800865391602,0.015871233372591338,0.16897617677392918,0.8109587210940307
P09,1,C,alpha,1799551287-α-4,P09-T01-Cα,16,64,E4,9,9,R3,R,False,64,True,R3,True,0.6013259328347639,False,0.6273941993713379,valid,False,4.2219648501206045e-06,8.080691714015833e-07,6.001818880468738e-08,6.921604888385861e-09,3.1811181548860527e-10,0.0005364556062007698,0.2458471285391837,0.6013259328347639,0.14828514937640716,0.004000236351517421
P09,1,C,alpha,1799551287-α-4,P09-T01-Cα,17,59,B3,6,6,L5,L,False,59,True,L5,True,0.9102599127591623,False,0.8173539638519287,valid,False,0.000323864443965056,0.00210000706081848,0.005947489239487863,0.08089787838290022,0.9102599127591623,0.0003214757398325283,0.0001410756786911914,6.552318163906198e-06,1.3591534908682284e-06,3.852234875472788e-07
P09,1,C,alpha,1799551287-α-4,P09-T01-Cα,18,62,D4,8,8,R4,R,False,62,True,R4,True,0.705860062870058,False,0.6847200393676758,valid,False,0.00011558472299021592,1.9052003861042718e-05,1.9487191012681086e-06,1.3906306907527208e-07,4.8303917139796345e-09,0.000239994585258657,0.019350440888599513,0.25967140547387607,0.705860062870058,0.014741366842794453
P09,1,C,alpha,1799551287-α-4,P09-T01-Cα,19,64,E4,9,9,R5,R,False,64,True,R5,True,0.8243989805197832,False,0.6925010681152344,valid,False,3.834563814212793e-05,9.229546290656657e-06,6.328068051003365e-07,5.5155979943481404e-08,2.2482793050828663e-09,0.00015587062829289995,0.0033115418260821067,0.018438825788036503,0.1536465158423081,0.8243989805197832
P09,1,C,alpha,1799551287-α-4,P09-T01-Cα,20,59,B3,6,6,L5,L,False,59,True,L5,True,0.8554718138713419,False,0.7491638660430908,valid,False,0.0003923660803230467,0.004840495529099929,0.013725980013993316,0.1239758256440585,0.8554718138713419,0.0006875873588440232,0.0008092547328332717,8.16628795633571e-05,1.2519308632242874e-05,2.4945813104108165e-06
P09,1,C,alpha,1799551287-α-4,P09-T01-Cα,21,64,E4,9,9,R5,R,False,64,True,R5,True,0.8082721875911201,False,0.6856870651245117,valid,False,3.811027124112894e-05,2.8367361451150987e-06,2.2824267468814552e-07,1.5035430144706957e-08,9.904552684779082e-10,0.00019580630936811934,0.002882429062554043,0.018761243799765986,0.16984714196124545,0.8082721875911201
P09,1,C,alpha,1799551287-α-4,P09-T01-Cα,22,65,F4,10,10,R3,R,False,65,True,R3,True,0.5378261243803203,False,0.606889009475708,valid,False,3.0878066363571564e-05,8.388508258282353e-05,1.3947364950992341e-05,1.122199499149056e-06,4.2226410942865225e-08,0.001771829441880072,0.3821354661715026,0.5378261243803203,0.07575733861029746,0.002379366456192032
P09,1,C,alpha,1799551287-α-4,P09-T01-Cα,23,57,A3,5,5,L4,L,False,57,True,L4,True,0.728856856649197,False,0.6454429626464844,valid,False,0.00037617495273728745,0.015368173183139586,0.2279797585628549,0.728856856649197,0.027327230661850423,6.125916258033569e-05,2.293911602504864e-05,6.142426940068984e-06,1.1502007201706397e-06,3.1508395517230343e-07
P09,1,C,alpha,1799551287-α-4,P09-T01-Cα,24,59,B3,6,6,L3,L,False,59,True,L3,True,0.7922931233465651,False,0.693443775177002,valid,False,0.0005445634683636112,0.0696430478102614,0.7922931233465651,0.1348715792497845,0.002124931344122576,0.00021540083370434585,0.00022483054059244668,6.759791641393627e-05,1.2092915717006532e-05,2.832574475041244e-06
P09,1,C,alpha,1799551287-α-4,P09-T01-Cα,25,57,A3,5,5,L2,L,False,57,True,L2,True,0.8634514058758331,False,0.6373529434204102,valid,False,0.0030217998071610866,0.8634514058758331,0.12162440157372618,0.011483803142707928,0.00032658586462767204,5.891724166589091e-05,2.432664081379362e-05,7.311447147390067e-06,1.1386275530675194e-06,3.09778763796512e-07
P09,1,C,alpha,1799551287-α-4,P09-T01-Cα,26,59,B3,6,6,L3,L,False,59,True,L3,True,0.7411959174184374,False,0.9048819541931152,valid,False,0.0009047363249970066,0.16722045648990916,0.7411959174184374,0.08840444661247018,0.0018505743685540107,0.0001833869470482223,0.00017365290741370277,5.5877498652154826e-05,8.638411166396121e-06,2.313021351958501e-06
P09,1,C,alpha,1799551287-α-4,P09-T01-Cα,27,57,A3,5,5,L4,L,False,57,True,L4,True,0.7145504141352589,False,0.5789897441864014,valid,False,0.0003717385009067753,0.01822271185538976,0.25123021254510297,0.7145504141352589,0.015545739777848164,4.8333195103031495e-05,2.4748662765979428e-05,5.1237355461872635e-06,7.300096058173326e-07,2.475824725035518e-07
P09,1,C,alpha,1799551287-α-4,P09-T01-Cα,28,55,G3,4,4,L5,L,False,55,True,L5,True,0.8758801737160561,False,0.6085996627807617,valid,False,0.00012996660272592328,0.0011298656722271497,0.005373986357750205,0.11745959832232328,0.8758801737160561,2.0318638370404587e-05,4.748331743943822e-06,1.1484295519460408e-06,1.462001365246879e-07,4.772911453759873e-08
P09,1,C,alpha,1799551287-α-4,P09-T01-Cα,29,53,F3,3,3,L4,L,False,53,True,L4,True,0.8259165609095318,False,0.7388660907745361,valid,False,9.71273191135279e-05,0.005514505890095388,0.05227371965747719,0.8259165609095318,0.11619498033950304,2.628832728316915e-06,3.7111266193689283e-07,8.839655266540076e-08,1.32003947759504e-08,4.3419413351386486e-09
P09,2,B,alpha,1799551287-α-2,P09-T02-Bα,0,57,A3,5,5,L5,L,False,57,True,L5,True,0.9834865662824415,False,2.3082871437072754,valid,False,4.236983473201959e-05,0.0001542375533990823,0.0007954112349864582,0.015349823546778238,0.9834865662824415,0.00013144522217000367,3.8048408528021076e-05,1.748676572627003e-06,3.131287778033898e-07,3.611161420067651e-08
P09,2,B,alpha,1799551287-α-2,P09-T02-Bα,1,59,B3,6,6,L4,L,False,59,True,L4,True,0.8532823861885716,False,0.9305417537689209,valid,False,7.659624878835072e-05,0.008950214257416166,0.10515443049586788,0.8532823861885716,0.027553871800420193,0.002441864071775179,0.0023847410483681213,0.0001338668731709679,2.1260392237994725e-05,7.686233836052574e-07
P09,2,B,alpha,1799551287-α-2,P09-T02-Bα,2,60,C4,7,7,L2,L,False,60,True,L2,True,0.911422519819116,False,1.5420639514923096,valid,False,0.0012398700646632874,0.911422519819116,0.06504026811657256,0.0024473519114979877,3.975604347086271e-05,0.00834240292668362,0.010751084009303342,0.0006035095510720907,0.00010806813053827399,5.169427082142935e-06
P09,2,B,alpha,1799551287-α-2,P09-T02-Bα,3,59,B3,6,6,L4,L,False,59,True,L4,True,0.8563716683249855,False,1.3617749214172363,valid,False,5.234853759765625e-05,0.006761312980718729,0.11945418557088087,0.8563716683249855,0.014963023224901888,0.001786484161474815,0.0005670569575176185,3.735473782225638e-05,6.174696631827823e-06,3.9080746891270046e-07
P09,2,B,alpha,1799551287-α-2,P09-T02-Bα,4,57,A3,5,5,L2,L,False,57,True,L2,True,0.8647594649838353,False,1.505826711654663,valid,False,0.004456816350999196,0.8647594649838353,0.12180865271415074,0.007709485031783953,0.00019445614694924742,0.0008874449208828611,0.0001724671307745624,9.301788300784857e-06,1.7336112698941414e-06,1.7732105349423757e-07
P09,2,B,alpha,1799551287-α-2,P09-T02-Bα,5,59,B3,6,6,L1,L,False,59,True,L1,True,0.6894660101758553,False,1.0789775848388672,valid,False,0.6894660101758553,0.29764973213957774,0.0074475953849663,0.0005803739740857265,1.2983413765527941e-05,0.0034951637162940305,0.0012409998677827454,8.855932608428391e-05,1.585797738355056e-05,2.7240242048421344e-06
P09,2,B,alpha,1799551287-α-2,P09-T02-Bα,6,64,E4,9,9,R2,R,False,64,True,R2,True,0.8524770042156513,False,1.1603388786315918,valid,False,0.0002147405621530679,0.00011396615441862151,3.5110021629964516e-06,1.1257917954191979e-07,4.236158278944552e-09,0.05673889222902097,0.8524770042156513,0.08377597184953649,0.006476279759213604,0.00019951741250517975
P09,2,B,alpha,1799551287-α-2,P09-T02-Bα,7,65,F4,10,10,R3,R,False,65,True,R3,True,0.4650947537829831,False,1.843083143234253,valid,False,2.0639823068082443e-05,8.758252820905016e-06,2.8083062072416836e-07,9.75472433046566e-09,3.6705327218997135e-10,0.007768696202006221,0.39632760571693837,0.4650947537829831,0.12931368979676364,0.00146556547302122
P09,2,B,alpha,1799551287-α-2,P09-T02-Bα,8,67,G4,11,11,R2,R,False,67,True,R2,True,0.9347789099451315,False,1.877336025238037,valid,False,6.6991844835247936e-06,2.9097446272042006e-06,8.612679744805285e-08,3.2408012523549776e-09,1.1257007068898322e-10,0.027165528602944612,0.9347789099451315,0.03517410088134766,0.0027191247389590214,0.0001526374223378903
P09,2,B,alpha,1799551287-α-2,P09-T02-Bα,9,69,A4,12,12,R1,R,False,69,True,R1,True,0.9156482405789769,False,1.4786090850830078,valid,False,9.837515098933502e-07,4.5266069720933235e-07,1.4514422816307288e-08,5.247374860850498e-10,1.7512205781419242e-11,0.9156482405789769,0.07667933717390259,0.004662875295605219,0.0018582445915012625,0.0011498508911345683
P09,2,B,alpha,1799551287-α-2,P09-T02-Bα,10,67,G4,11,11,R3,R,False,67,True,R3,True,0.8695485951727511,False,2.47904896736145,valid,False,5.578988798460334e-06,2.8171606044547454e-06,8.678942468671079e-08,2.896446899770992e-09,1.0898824777293212e-10,0.0013348760966379824,0.0821029724362423,0.8695485951727511,0.04505906663091689,0.0019460037191889983
P09,2,B,alpha,1799551287-α-2,P09-T02-Bα,11,65,F4,10,10,R4,R,False,65,True,R4,True,0.8814840621314001,False,1.0239522457122803,valid,False,3.317124437983625e-05,1.7981837132343178e-05,5.765819492654266e-07,1.84879187689205e-08,6.42182645787746e-10,0.00019587287705160345,0.001861917594217293,0.035931233144278964,0.8814840621314001,0.0804751654594893
P09,2,B,alpha,1799551287-α-2,P09-T02-Bα,12,60,C4,7,7,L1,L,False,60,True,L1,True,0.7060177451174534,False,1.5160839557647705,valid,False,0.7060177451174534,0.2495452775577446,0.003289370850447855,0.00015876032116734582,2.1114937826866694e-06,0.040717854079101494,0.000246508296689716,1.759114500796042e-05,4.0044075856365555e-06,7.767310192027377e-07
P09,2,B,alpha,1799551287-α-2,P09-T02-Bα,13,64,E4,9,9,R5,R,False,64,True,R5,True,0.9831572863988596,False,1.0582048892974854,valid,False,7.679269249586665e-06,4.4866642002781343e-07,1.6453305618224695e-08,1.4714961492806791e-09,1.3349111893599522e-10,2.0806251917965906e-05,0.00015373607574333743,0.0019170146647102383,0.014743010614806496,0.9831572863988596
P09,2,B,alpha,1799551287-α-2,P09-T02-Bα,14,62,D4,8,8,R4,R,False,62,True,R4,True,0.8808645218047256,False,1.229062795639038,valid,False,6.462873430308265e-05,4.090466880887474e-06,1.3581765082608366e-07,9.741687861032155e-09,1.1234613316885576e-09,0.00026836257650419607,0.0039784959122068425,0.04385566216991765,0.8808645218047256,0.07096409165266179
P09,2,B,alpha,1799551287-α-2,P09-T02-Bα,15,57,A3,5,5,L2,L,False,57,True,L2,True,0.9678096237861139,False,1.2020618915557861,valid,False,0.021650648293920615,0.9678096237861139,0.00934681270754738,0.0004653504032922809,1.682373483690346e-05,0.0006955266817693253,1.3774109092602259e-05,1.200563076641432e-06,2.2375371407977063e-07,1.596663629340297e-08
P09,2,B,alpha,1799551287-α-2,P09-T02-Bα,16,59,B3,6,6,L1,L,False,59,True,L1,True,0.9781276451015831,False,1.2111051082611084,valid,False,0.9781276451015831,0.014642470466070506,0.0007335100317191024,6.115401125547468e-05,2.9252953705325916e-06,0.006287115467008416,0.0001307641680555763,1.1862657689594652e-05,2.3950292816916847e-06,1.577719657754839e-07
P09,2,B,alpha,1799551287-α-2,P09-T02-Bα,17,64,E4,9,9,R3,R,False,64,True,R3,True,0.7318339320593037,False,0.9445409774780273,valid,False,0.00013934545192287407,6.192314327185723e-06,1.7610214172596804e-07,1.5349212617113886e-08,1.2853925748575482e-09,0.0016380203274643879,0.08439883679450041,0.7318339320593037,0.1804680257552722,0.0015154545604622405
P09,2,B,alpha,1799551287-α-2,P09-T02-Bα,18,62,D4,8,8,R4,R,False,62,True,R4,True,0.8464923070571524,False,0.8122148513793945,valid,False,0.0002651117448901679,6.352550542977423e-06,2.2047126476933622e-07,2.168480254307681e-08,3.179143025236988e-09,0.000610766738756661,0.012195915658413985,0.1100683034551462,0.8464923070571524,0.03036099745988719
P09,2,B,alpha,1799551287-α-2,P09-T02-Bα,19,64,E4,9,9,R3,R,False,64,True,R3,True,0.6987452030610191,False,0.8309879302978516,valid,False,7.690488738433791e-05,3.3771813396224483e-06,5.2709553364442655e-08,6.853755274956058e-09,7.904101566495669e-10,0.0009376330351458308,0.10244091152393064,0.6987452030610191,0.1942772299637047,0.003518679993757076
P09,2,B,alpha,1799551287-α-2,P09-T02-Bα,20,65,F4,10,10,R1,R,False,65,True,R1,True,0.9930635958480872,False,0.8136727809906006,valid,False,1.710906029420956e-05,1.1835873871401383e-06,1.5124338449977858e-08,1.966598231539633e-09,2.0115194004120996e-10,0.9930635958480872,0.006428843783575984,0.0003075230319628213,0.00011774838121206137,6.397901539200357e-05
P09,2,B,alpha,1799551287-α-2,P09-T02-Bα,21,64,E4,9,9,R2,R,False,64,True,R2,True,0.831147390954765,False,1.3389499187469482,valid,False,9.637055421908474e-05,6.756887965206291e-06,8.986582304658367e-08,1.1226956342609937e-08,1.060051723684373e-09,0.025278577693793283,0.831147390954765,0.1320006893469183,0.011054163506304353,0.0004159489032037359
P09,2,B,alpha,1799551287-α-2,P09-T02-Bα,22,59,B3,6,6,L1,L,False,59,True,L1,True,0.2646294203209487,True,1.9457929134368896,valid,False,0.2646294203209487,0.6911317238162256,0.0059199643884292955,0.00034587786188011044,9.450670698675134e-06,0.033819815459508504,0.003968270801381269,0.00015541294138966938,1.9415771746217245e-05,6.479677919745796e-07
P09,2,B,alpha,1799551287-α-2,P09-T02-Bα,23,60,C4,7,7,L2,L,False,60,True,L2,True,0.8415327395164011,False,0.9788539409637451,valid,False,0.03098765690637249,0.8415327395164011,0.005670202996856707,0.0003312853862452615,3.754594154421113e-06,0.08968437874945079,0.030423791547258223,0.001191514180670271,0.00016783480599424707,6.841316596607012e-06
P09,2,B,alpha,1799551287-α-2,P09-T02-Bα,24,59,B3,6,6,L3,L,False,59,True,L3,True,0.7970726154269746,False,0.9295570850372314,valid,False,0.002140010321165861,0.15893482871976958,0.7970726154269746,0.012440357011708706,0.0001250484252862966,0.024868762960438214,0.004224689578601922,0.00017220765834824968,2.0670365673684946e-05,8.095320329019004e-07
P09,2,B,alpha,1799551287-α-2,P09-T02-Bα,25,62,D4,8,8,R1,R,False,62,True,R1,True,0.9621827858636806,False,1.2775161266326904,valid,False,0.002359416024697645,0.000637121081077883,1.6070088995020202e-05,9.389056516428512e-07,5.2705246078599284e-08,0.9621827858636806,0.03342166821914488,0.0011609102999571368,0.00020787973548410069,1.315707606492309e-05
P09,2,B,alpha,1799551287-α-2,P09-T02-Bα,26,64,E4,9,9,R2,R,False,64,True,R2,True,0.8644782107877813,False,0.8760080337524414,valid,False,0.0004560928803414876,0.00010668508663052337,3.5604301968612297e-06,2.0802050537173612e-07,8.479374271645524e-09,0.04970546545332143,0.8644782107877813,0.07534865692259317,0.009413323698217754,0.0004877882410380026
P09,2,B,alpha,1799551287-α-2,P09-T02-Bα,27,59,B3,6,6,L3,L,False,59,True,L3,True,0.7725751250178309,False,1.1125900745391846,valid,False,0.0024072625202408247,0.1871902803566828,0.7725751250178309,0.02197112855892127,0.00021219051615782158,0.015077949062810882,0.0005324476230304439,2.8716863604341824e-05,4.560738363505079e-06,3.3874235755690706e-07
P09,2,B,alpha,1799551287-α-2,P09-T02-Bα,28,62,D4,8,8,R2,R,False,62,True,R2,True,0.8486752516816668,False,0.8865699768066406,valid,False,0.0032644819958623584,0.015544029443607003,0.000805474774268683,1.951984978014258e-05,4.92348679791952e-07,0.07696442453741258,0.8486752516816668,0.04958441676709174,0.005071702734474571,7.020586715640556e-05
P09,2,B,alpha,1799551287-α-2,P09-T02-Bα,29,65,F4,10,10,R2,R,False,65,True,R3,False,0.05752861721705604,False,1.0007920265197754,valid,False,0.00016668968978984417,0.00029296050177754116,1.2936306217308601e-05,4.147985881628494e-07,1.046245435091935e-08,0.003714222272686038,0.05752861721705604,0.744179682735643,0.19100173556398087,0.0031027304518065763
P09,3,B,gamma,1799551287-γ-7,P09-T03-Bγ,0,69,A4,12,12,R3,R,False,69,True,R3,True,0.5543111079391069,False,1.654170036315918,valid,False,5.838771488048376e-07,1.3338459589580874e-07,4.633148477680223e-09,7.658542923260792e-10,3.519809397678634e-11,0.006721960016976207,0.26981218229303167,0.5543111079391069,0.16695529730989891,0.0021987297450408285
P09,3,B,gamma,1799551287-γ-7,P09-T03-Bγ,1,72,C5,14,14,R4,R,False,72,True,R4,True,0.45973151796094,False,2.104957103729248,valid,False,1.623061311409852e-08,2.904186220569168e-09,1.0087766039521172e-10,1.735548334548211e-11,7.0744775227168e-13,3.871402883151609e-05,0.012561576397037219,0.45973151796094,0.45973151796094,0.06793665439851161
P09,3,B,gamma,1799551287-γ-7,P09-T03-Bγ,2,57,A3,5,5,L4,L,False,57,True,L4,True,0.7859987887785984,False,1.4761090278625488,valid,False,0.000258561734022504,0.012532890826892695,0.17181684017748666,0.7859987887785984,0.028388710140978223,0.0009859767488610966,1.736940856440038e-05,7.369100304748674e-07,1.1703415431239094e-07,8.240411083486926e-09
P09,3,B,gamma,1799551287-γ-7,P09-T03-Bγ,3,71,B4,13,13,R2,R,False,71,True,R2,True,0.8939825389529736,False,1.2598028182983398,valid,False,4.040349526380513e-07,1.2789336126568753e-07,6.897760554295056e-09,5.776407181792813e-10,2.1735613285931672e-11,0.026624396718347255,0.8939825389529736,0.06379572894092554,0.013405783839035016,0.0021910121232677437
P09,3,B,gamma,1799551287-γ-7,P09-T03-Bγ,4,48,C3,0,0,L1,L,False,48,True,L1,True,0.7403054171886737,False,1.5552501678466797,valid,False,0.7403054171886737,0.2514044072879836,0.006599954974614058,0.0013868886084673403,0.0003033290245504235,2.903751265350889e-09,1.0700908708900853e-11,7.947947799549959e-13,3.431212704730715e-13,1.2085345752559302e-13
P09,3,B,gamma,1799551287-γ-7,P09-T03-Bγ,5,64,E4,9,9,R5,R,False,64,True,R5,True,0.8933408277773923,False,1.0317699909210205,valid,False,1.5106599821102389e-06,6.738879326554152e-08,2.4362957050373383e-09,3.1678838984465e-10,6.145062525932895e-11,7.51962391451974e-05,0.0012648685125193943,0.013942868711821058,0.09137465789581216,0.8933408277773923
P09,3,B,gamma,1799551287-γ-7,P09-T03-Bγ,6,72,C5,14,14,R2,R,False,72,True,R2,True,0.8358137316761466,False,1.0075552463531494,valid,False,2.0570935460236063e-10,8.098441341654171e-12,2.8130145705113377e-13,3.807001236488703e-14,7.38482260855556e-15,0.002381888966358646,0.8358137316761466,0.11311508810944151,0.043310962533553134,0.005378328500365468
P09,3,B,gamma,1799551287-γ-7,P09-T03-Bγ,7,50,D3,1,1,L5,L,False,50,True,L5,True,0.9639149265796034,False,1.2980859279632568,valid,False,3.7461969633444635e-05,0.00012557165919117793,0.0010735844898610105,0.034848254165846415,0.9639149265796034,2.0087401604383492e-07,2.2014113804557972e-10,2.538780339056331e-11,1.1873023301294784e-11,4.446561201556258e-12
P09,3,B,gamma,1799551287-γ-7,P09-T03-Bγ,8,60,C4,7,7,L3,L,False,60,True,L3,True,0.7774685423165947,False,1.6114437580108643,valid,False,0.000976327869801354,0.1849225959974061,0.7774685423165947,0.01961006947803225,0.0001219728479496731,0.016875238428302852,2.0984802015611164e-05,2.8399841244469775e-06,1.044771772637322e-06,3.835040002425188e-07
P09,3,B,gamma,1799551287-γ-7,P09-T03-Bγ,9,71,B4,13,13,R5,R,False,71,True,R5,True,0.9428098006525085,False,1.1526908874511719,valid,False,5.594264935910923e-08,8.536705190086964e-09,2.241085209838365e-10,1.73246510457873e-11,7.962280837684691e-13,4.903958208275559e-06,0.00047183051619840446,0.005864191179397558,0.05084920897210339,0.9428098006525085
P09,3,B,gamma,1799551287-γ-7,P09-T03-Bγ,10,52,E3,2,2,L5,L,False,52,True,L5,True,0.9300810161986299,False,0.9274430274963379,valid,False,5.8073227178777985e-05,0.0003106069356904219,0.003174885905886635,0.06637176210622789,0.9300810161986299,3.6418245958591053e-06,1.2563330015338527e-08,8.613815325327224e-10,3.2981686091711864e-10,4.7262194148413095e-11
P09,3,B,gamma,1799551287-γ-7,P09-T03-Bγ,11,62,D4,8,8,L3,L,False,62,True,L3,True,0.791245616753941,False,1.871764898300171,valid,False,0.000992558502500947,0.14109415998573932,0.791245616753941,0.018423157513274023,0.00012920027408894454,0.04654302078636805,0.0014823200086027208,7.090661380655033e-05,1.6799745084924768e-05,2.259816593401506e-06
P09,3,B,gamma,1799551287-γ-7,P09-T03-Bγ,12,57,A3,5,5,L4,L,False,57,True,L4,True,0.8254539262442181,False,1.1279311180114746,valid,False,0.0002853295457300881,0.011890559591072113,0.14808625692586355,0.8254539262442181,0.013956333905864834,0.00031801095683346166,9.241356919524323e-06,2.628133295555682e-07,7.020671815147724e-08,8.45345055514468e-09
P09,3,B,gamma,1799551287-γ-7,P09-T03-Bγ,13,67,G4,11,11,R2,R,False,67,True,R2,True,0.9267125155792371,False,1.0760047435760498,valid,False,2.6285364536845884e-06,2.1425222703808036e-07,8.39095174444374e-09,7.02685364868182e-10,5.653778812594566e-11,0.014328219229386097,0.9267125155792371,0.05202078727746393,0.0062441398133620644,0.0006914861616952394
P09,3,B,gamma,1799551287-γ-7,P09-T03-Bγ,14,62,D4,8,8,R2,R,False,62,True,R2,True,0.9035079666614033,False,0.918147087097168,valid,False,0.0005278294676633554,6.899542558507104e-05,2.212316610447138e-06,2.1741228580072768e-07,1.7492907018043483e-08,0.017164650612494517,0.9035079666614033,0.07269589569264617,0.005849083179735339,0.00018313173866900222
P09,3,B,gamma,1799551287-γ-7,P09-T03-Bγ,15,55,G3,4,4,L1,L,False,55,True,L1,True,0.7612963337642761,False,1.1102731227874756,valid,False,0.7612963337642761,0.22929804927977993,0.007342351962986447,0.001121898884803789,9.395143140175672e-05,0.0008391212008472057,7.867795914587032e-06,3.337970723465747e-07,7.014280536122673e-08,2.1740112498389925e-08
P09,3,B,gamma,1799551287-γ-7,P09-T03-Bγ,16,57,A3,5,5,R3,R,False,57,True,R3,True,0.5867032758940627,False,1.656641960144043,valid,False,0.021028019369603343,0.022076621534953354,0.0006801235538417918,8.163633775662962e-05,5.8256727042470304e-06,0.0017214306572921189,0.2523250847800101,0.5867032758940627,0.11380872627013511,0.0015692559296404764
P09,3,B,gamma,1799551287-γ-7,P09-T03-Bγ,17,62,D4,8,8,L1,L,False,62,True,R1,False,0.0006807607953360279,False,1.307112216949463,valid,False,0.0006807607953360279,9.742529250027016e-05,3.66594392571442e-06,4.579871525476068e-07,4.1547657111964814e-08,0.964230693461049,0.03217953123690801,0.0022963722027951375,0.0004636295517640552,4.742198091206658e-05
P09,3,B,gamma,1799551287-γ-7,P09-T03-Bγ,18,55,G3,4,4,L3,L,False,55,True,L3,True,0.741434414758413,False,1.174793004989624,valid,False,0.0011298069738833905,0.13178355971972167,0.741434414758413,0.12255828444878834,0.002970073524555004,0.0001215900305377267,2.046931796229479e-06,1.7141667118348439e-07,4.399593600874526e-08,8.199697523525306e-09
P09,3,B,gamma,1799551287-γ-7,P09-T03-Bγ,19,53,F3,3,3,L5,L,False,53,True,L5,True,0.8774856057153145,False,0.9050021171569824,valid,False,0.00018199903562959123,0.0010796486186234503,0.007110552138819109,0.11409832212553707,0.8774856057153145,4.3155757151310584e-05,6.471454716083584e-07,5.640575032515e-08,1.138812458552367e-08,1.6695783498455811e-09
P09,3,B,gamma,1799551287-γ-7,P09-T03-Bγ,20,62,D4,8,8,R5,R,False,62,True,R5,True,0.8969094900832134,False,1.108247995376587,valid,False,0.00021333371619159283,2.6224923390337627e-05,1.8714438271534564e-06,8.263766026360982e-08,4.82816033464957e-09,0.000738754227743832,0.0025066694359253687,0.01146105715083075,0.08814251155305694,0.8969094900832134
P09,3,B,gamma,1799551287-γ-7,P09-T03-Bγ,21,67,G4,11,11,R1,R,False,67,True,R1,True,0.9846584996283805,False,1.0727810859680176,valid,False,3.145011873921326e-06,1.2214640242265652e-06,4.978956570775925e-08,2.478876511898464e-09,1.3369495064892927e-10,0.9846584996283805,0.012088987088383012,0.0015719154069283787,0.0009726751471314727,0.0007035038511413457
P09,3,B,gamma,1799551287-γ-7,P09-T03-Bγ,22,57,A3,5,5,R3,R,False,57,True,R3,True,0.6002006814571891,False,1.199308156967163,valid,False,0.013090348451872453,0.029882232362147598,0.0013733651863783159,7.407064851132327e-05,6.4560607925880755e-06,0.002604560816269556,0.22080149128518958,0.6002006814571891,0.13127102359150697,0.00069577014014259
P09,3,B,gamma,1799551287-γ-7,P09-T03-Bγ,23,48,C3,0,0,L1,L,False,48,True,L1,True,0.8341739689585225,False,1.9958043098449707,valid,False,0.8341739689585225,0.15546831930337518,0.008056199960964494,0.0016265187203874094,0.0006746521707468896,3.1574382301769864e-07,2.224133588707791e-08,2.4644102624857548e-09,4.073642765107633e-10,2.907003194372685e-11
P09,3,B,gamma,1799551287-γ-7,P09-T03-Bγ,24,65,F4,10,10,R3,R,False,65,True,R3,True,0.5253875565028866,False,1.1733911037445068,valid,False,3.179282370962936e-07,3.6585308440099816e-08,1.8958110677961583e-09,1.652405068801615e-10,2.9588981045973036e-11,0.02039940456506203,0.3665504601843701,0.5253875565028866,0.0834406994323928,0.004221522711102532
P09,3,B,gamma,1799551287-γ-7,P09-T03-Bγ,25,67,G4,11,11,R1,R,False,67,True,R1,True,0.9913525743314431,False,0.9763379096984863,valid,False,3.110609865552299e-07,5.012805369360061e-08,2.5975814623786413e-09,2.0900038296286093e-10,2.315790253122232e-11,0.9913525743314431,0.007236012155345907,0.0006832258827589172,0.00042276882910330767,0.00030505478256865346
P09,3,B,gamma,1799551287-γ-7,P09-T03-Bγ,26,59,B3,6,6,R4,R,False,59,True,R4,True,0.7721495958003846,False,1.0167999267578125,valid,False,0.0005388686541943844,0.00010744011119649373,4.207773244322994e-06,4.479532463576622e-07,6.567306462492508e-08,0.0010302616299924525,0.017556487843190707,0.14390859026654096,0.7721495958003846,0.06470403429494526
P09,3,B,gamma,1799551287-γ-7,P09-T03-Bγ,27,57,A3,5,5,L5,L,False,57,True,L5,True,0.8395265893362927,False,1.0988550186157227,valid,False,0.00019641435091193252,0.0013231651245904914,0.007244098758513502,0.15050439933309945,0.8395265893362927,0.0011226957711935027,7.228332221684732e-05,7.695174374769181e-06,2.226862018347202e-06,4.319667884949709e-07
P09,3,B,gamma,1799551287-γ-7,P09-T03-Bγ,28,60,C4,7,7,L2,L,False,60,True,L2,True,0.8822934134699749,False,1.3609380722045898,valid,False,0.0048307013484527594,0.8822934134699749,0.09392763722167922,0.004147578496061502,7.596554999654173e-05,0.013040675281558804,0.0015258088593457964,0.0001179522578378141,3.15092120150583e-05,8.758303077518223e-06
P09,3,B,gamma,1799551287-γ-7,P09-T03-Bγ,29,57,A3,5,5,R3,R,False,57,True,R3,True,0.624645302036769,False,1.1542179584503174,valid,False,0.001080240792060347,6.0639060666064355e-05,2.5726570871838686e-06,4.2525735628687913e-07,8.936191009934857e-08,0.0017784044373994135,0.21661634389665088,0.624645302036769,0.15403563502265502,0.0017803474774457202
P09,4,C,beta,1799551287-β-3,P09-T04-Cβ,0,62,D4,8,8,R3,R,False,62,True,R3,True,0.7742205050115686,False,0.7459161281585693,valid,False,0.0003170951087791599,9.179997287932247e-05,1.0586842983598719e-05,9.996120774555972e-07,1.1998506553671586e-07,0.001492506438199662,0.08928707345060903,0.7742205050115686,0.1332006613537287,0.0013786522241089913
P09,4,C,beta,1799551287-β-3,P09-T04-Cβ,1,64,E4,9,9,R3,R,False,64,True,R3,True,0.7260801565206202,False,0.8989677429199219,valid,False,8.93271186943862e-05,2.923643472866011e-05,2.990425533411586e-06,3.4487118659600373e-07,3.527487574001836e-08,0.000620037866579806,0.10644840601061728,0.7260801565206202,0.16528320841171093,0.0014462570654527938
P09,4,C,beta,1799551287-β-3,P09-T04-Cβ,2,60,C4,7,7,L4,L,False,60,True,L4,True,0.6954163818761365,False,1.018791913986206,valid,False,0.0007745374835377921,0.019443177485885615,0.25176227757679576,0.6954163818761365,0.019001364203683965,0.012584330786528196,0.0009460222186914966,5.9875419128495594e-05,1.1614636334730447e-05,4.1831327745705513e-07
P09,4,C,beta,1799551287-β-3,P09-T04-Cβ,3,57,A3,5,5,L4,L,False,57,True,L4,True,0.630943076827179,False,0.9246342182159424,valid,False,0.0009789652444625368,0.02921623234792383,0.3271949379721376,0.630943076827179,0.011446820951498527,0.00020609045427142026,1.2870925447991346e-05,8.146236320284734e-07,1.7816787171681414e-07,1.248557534213559e-08
P09,4,C,beta,1799551287-β-3,P09-T04-Cβ,4,60,C4,7,7,R3,R,False,60,True,R3,True,0.6044157397852054,False,0.5928440093994141,valid,False,0.0011820044538602104,6.885601264851316e-05,4.913652479188473e-06,4.828822475436123e-07,3.885251574368944e-08,0.0037969314941944,0.1393163666284282,0.6044157397852054,0.2507013204142845,0.0005133458241364277
P09,4,C,beta,1799551287-β-3,P09-T04-Cβ,5,65,F4,10,10,R2,R,False,65,True,R2,True,0.8549487187860326,False,0.47495102882385254,valid,False,5.934759858660227e-05,7.974202750609184e-05,7.836534966385266e-06,8.015537624352871e-07,1.9424828105449473e-08,0.06715671450002761,0.8549487187860326,0.07159616342705764,0.005995693665407817,0.00015496248182455695
P09,4,C,beta,1799551287-β-3,P09-T04-Cβ,6,64,E4,9,9,R4,R,False,64,True,R4,True,0.5363669152702493,False,1.0581088066101074,valid,False,0.00011918506001713325,9.115612987497599e-05,6.77049194198501e-06,8.803583392290804e-07,2.3111469934503613e-08,0.0016256732270477528,0.03010882958077134,0.3894823190416775,0.5363669152702493,0.042198247728610826
P09,4,C,beta,1799551287-β-3,P09-T04-Cβ,7,59,B3,6,6,L5,L,False,59,True,L5,True,0.8933145707497195,False,0.7193779945373535,valid,False,0.002214305436693641,0.0028052468265417547,0.006993275235644306,0.09348585479794311,0.8933145707497195,0.0010162722072248605,0.000158015647148066,1.0409241951407998e-05,1.940011810040136e-06,1.0984532319985423e-07
P09,4,C,beta,1799551287-β-3,P09-T04-Cβ,8,52,E3,2,2,L3,L,False,52,True,L3,True,0.6853029074574879,False,0.6749758720397949,valid,False,0.00021817279021304773,0.044499909500530045,0.6853029074574879,0.2623976080035327,0.00758096649835431,3.6669868833693946e-07,6.314107440080908e-08,4.881104367865613e-09,9.468368317048316e-10,8.217811228047747e-11
P09,4,C,beta,1799551287-β-3,P09-T04-Cβ,9,57,A3,5,5,L2,L,False,57,True,L2,True,0.933568726605852,False,0.6110961437225342,valid,False,0.005142967007194307,0.933568726605852,0.056770372729846856,0.004216538719207165,0.00015243981489991898,0.00012158575932205522,2.519813192366108e-05,1.7981706845217543e-06,3.351322200718269e-07,3.792884942734926e-08
P09,4,C,beta,1799551287-β-3,P09-T04-Cβ,10,60,C4,7,7,R5,R,False,60,True,R5,True,0.8875078446705025,False,0.8023321628570557,valid,False,6.780038707454048e-05,7.681061335606856e-07,5.937824528781541e-08,1.7183127075207546e-08,3.076916374431102e-09,0.0021983223651160884,0.0028903489295745875,0.011205802515893152,0.09612903338741675,0.8875078446705025
P09,4,C,beta,1799551287-β-3,P09-T04-Cβ,11,64,E4,9,9,R4,R,False,64,True,R4,True,0.7113539376178427,False,0.7169451713562012,valid,False,4.2861377633109274e-05,4.034673524240436e-06,2.090724131716052e-07,3.4559437455070505e-08,1.720613075330513e-09,0.001388460853269216,0.013560621414596909,0.13257786172512775,0.7113539376178427,0.14107197698554225
P09,4,C,beta,1799551287-β-3,P09-T04-Cβ,12,60,C4,7,7,L3,L,False,60,True,L3,True,0.7878143460809236,False,0.5940039157867432,valid,False,0.0014849484978776268,0.15740100005356222,0.7878143460809236,0.040823686347052544,0.00027506783491372907,0.007831432624390507,0.0037034412711335384,0.0005881710104195713,7.348032914077173e-05,4.425950585913915e-06
P09,4,C,beta,1799551287-β-3,P09-T04-Cβ,13,59,B3,6,6,L4,L,False,59,True,L4,True,0.8382826544524464,False,0.5639438629150391,valid,False,0.0005410787815803056,0.01546206067923323,0.13472498715366157,0.8382826544524464,0.00890632708312132,0.0015719761954765162,0.00044341991539391975,5.7657319976492073e-05,8.797936552871411e-06,1.04048255724653e-06
P09,4,C,beta,1799551287-β-3,P09-T04-Cβ,14,62,D4,8,8,R4,R,False,62,True,R4,True,0.777566784397462,False,0.7777090072631836,valid,False,0.00017990868883790723,1.198822377277427e-05,1.276248373013352e-06,1.5319017059788984e-07,3.863911817994734e-09,0.0018383881021246295,0.010470845886028512,0.12349115532423983,0.777566784397462,0.08643949607507903
P09,4,C,beta,1799551287-β-3,P09-T04-Cβ,15,57,A3,5,5,L1,L,False,57,True,L1,True,0.8669218906741797,False,0.5765478610992432,valid,False,0.8669218906741797,0.12709678479604103,0.004901141941352958,0.00017995452142373716,6.005670824055661e-06,0.000708268820176243,0.00015312013444169337,2.9746282321791463e-05,2.9232738221620786e-06,1.638854164481246e-07
P09,4,C,beta,1799551287-β-3,P09-T04-Cβ,16,60,C4,7,7,L2,L,False,60,True,L2,True,0.850081071087534,False,0.5893111228942871,valid,False,0.0078879140637521,0.850081071087534,0.12462780339665759,0.003839459965349719,3.422947112067832e-05,0.007745226572516294,0.005080103943430277,0.0006346584636435998,6.491553748908737e-05,4.617498506621242e-06
P09,4,C,beta,1799551287-β-3,P09-T04-Cβ,17,64,E4,9,9,R2,R,False,64,True,R2,True,0.7948686456269097,False,0.45403599739074707,valid,False,4.556833902021066e-05,5.965137785985847e-06,3.4851714771623113e-07,3.037705134404788e-08,8.991435618498692e-10,0.047234704025492714,0.7948686456269097,0.1481428299145479,0.009376221675093218,0.00032568548780763346
P09,4,C,beta,1799551287-β-3,P09-T04-Cβ,18,60,C4,7,7,R1,R,False,60,True,R1,True,0.9693308142308368,False,0.47878098487854004,valid,False,0.0027870221616535917,0.00044780650479022647,3.195604069743842e-05,2.6761019251589794e-06,9.674866265695228e-08,0.9693308142308368,0.025447205951728304,0.001744740704464006,0.00019332278057793538,1.4358774663867794e-05
P09,4,C,beta,1799551287-β-3,P09-T04-Cβ,19,57,A3,5,5,L5,L,False,57,True,L5,True,0.8527089013130545,False,0.7120559215545654,valid,False,0.0021714872061364965,0.0029103617359464906,0.01180376117900981,0.13011494143119526,0.8527089013130545,0.00024067280209619934,4.72840724278632e-05,1.9274030052324027e-06,5.358899284601912e-07,1.2696719965039553e-07
P09,4,C,beta,1799551287-β-3,P09-T04-Cβ,20,62,D4,8,8,R3,R,False,62,True,R3,True,0.5720643483750217,False,0.4882822036743164,valid,False,0.0001253778169284958,8.474034819647425e-06,6.047178829950609e-07,7.86306867709785e-08,4.240842872518203e-09,0.014080174054906506,0.24696619927209604,0.5720643483750217,0.16554639406531824,0.0012083447914967827
P09,4,C,beta,1799551287-β-3,P09-T04-Cβ,21,65,F4,10,10,R2,R,False,65,True,R2,True,0.8111196017187612,False,0.5755131244659424,valid,False,9.32199214192501e-06,1.2791180238954729e-06,7.778324713812869e-08,9.336449824898685e-09,6.401364485982097e-10,0.14031340694426694,0.8111196017187612,0.04203133945863885,0.005920468105340279,0.0006044949029935491
P09,4,C,beta,1799551287-β-3,P09-T04-Cβ,22,62,D4,8,8,R3,R,False,62,True,R3,True,0.5944370722406753,False,0.6226859092712402,valid,False,0.00024107798339821022,3.8681836145886603e-05,2.548156456872641e-06,2.823437834228625e-07,1.649612357741756e-08,0.007764054408006527,0.28934358593938936,0.5944370722406753,0.10644355670192375,0.0017291238940969108
P09,4,C,beta,1799551287-β-3,P09-T04-Cβ,23,64,E4,9,9,R4,R,False,64,True,R4,True,0.4787143039225241,False,0.6298239231109619,valid,False,3.538985819641535e-05,5.805810669992574e-06,4.4881668690671596e-07,4.071573123831232e-08,2.4759261664333224e-09,0.004670600105487053,0.08762840072386234,0.39193812255969,0.4787143039225241,0.037006885011225635
P09,4,C,beta,1799551287-β-3,P09-T04-Cβ,24,59,B3,6,6,L3,L,False,59,True,L3,True,0.7773243436155043,False,0.5866827964782715,valid,False,0.001992288818477012,0.1658031200456096,0.7773243436155043,0.04919823229642227,0.0003591043349622861,0.004186699959196279,0.0007506886534335895,0.0003184969735917752,6.430342996001509e-05,2.721872842863309e-06
P09,4,C,beta,1799551287-β-3,P09-T04-Cβ,25,60,C4,7,7,L5,L,False,60,True,L5,True,0.903864504621063,False,0.9221611022949219,valid,False,0.0019341378617331048,0.00362304126593501,0.007397368580178339,0.08028947100057786,0.903864504621063,0.0023868938250873766,0.000375184144215403,0.0001002249296577809,2.57238083160815e-05,3.4499632360055066e-06
P09,4,C,beta,1799551287-β-3,P09-T04-Cβ,26,60,C4,7,7,R5,R,False,60,True,R5,True,0.8822004757397014,False,0.7282607555389404,valid,False,1.05924781918561e-05,1.2125913714801518e-07,9.006350007165764e-09,1.4303653267561134e-09,3.527237469054007e-10,0.0030846596750118967,0.003724436032789635,0.013229105005016669,0.09775059902071243,0.8822004757397014
P09,4,C,beta,1799551287-β-3,P09-T04-Cβ,27,64,E4,9,9,R3,R,False,64,True,R3,True,0.479406534252186,False,0.6622819900512695,valid,False,4.4514837230975196e-05,1.1476531727914003e-05,8.189798742080893e-07,4.4170604440823996e-08,2.7956356645739454e-09,0.01439522239826869,0.40852330055281755,0.479406534252186,0.09299529978876897,0.004622785692885615
P09,4,C,beta,1799551287-β-3,P09-T04-Cβ,28,59,B3,6,6,L3,L,False,59,True,L3,True,0.7843552341867603,False,0.6065561771392822,valid,False,0.0020235674590006053,0.13469928548568122,0.7843552341867603,0.07708140125108164,0.000774809584342066,0.0008315296590969266,0.00019886322990829644,2.9154734016284737e-05,5.015922243628958e-06,1.1384878690775365e-06
P09,4,C,beta,1799551287-β-3,P09-T04-Cβ,29,55,G3,4,4,L4,L,False,55,True,L4,True,0.8695335393660981,False,1.1766810417175293,valid,False,0.0006337416065294197,0.009356899765309056,0.09256924010851295,0.8695335393660981,0.02788131932179497,2.0553124983975763e-05,4.0378492453194495e-06,5.464634712820505e-07,1.0184656990313352e-07,2.054748501844901e-08
P09,5,A,gamma,1799551287-γ-2,P09-T05-Aγ,0,65,F4,10,10,R1,R,False,65,True,R2,False,0.02870792666876967,False,0.668438196182251,valid,False,3.656972058139974e-06,1.6354363996035024e-05,7.505084665300119e-06,2.2914887296672533e-06,4.299405112884911e-07,0.02870792666876967,0.8953129081178153,0.06649809330739127,0.007960445444816418,0.0014903886112466653
P09,5,A,gamma,1799551287-γ-2,P09-T05-Aγ,1,48,C3,0,0,L4,L,False,48,True,L5,False,0.07405714360148893,False,1.0202569961547852,valid,False,2.643872041425399e-05,0.0004124569586970496,0.005077591352974381,0.07405714360148893,0.9204263678795482,7.776128860667437e-10,5.714076300599718e-10,8.719115070114155e-11,3.2585112224281586e-11,1.8080376856054212e-11
P09,5,A,gamma,1799551287-γ-2,P09-T05-Aγ,2,53,F3,3,3,L1,L,False,53,True,L4,False,0.00017871405725195655,False,0.6130599975585938,valid,False,0.00017871405725195655,0.015910473649829907,0.2572492961821548,0.7082270616867125,0.01843412175671491,1.6063344106335806e-07,1.389451134509188e-07,2.1266235196665922e-08,7.83758179590349e-09,3.984964550395181e-09
P09,5,A,gamma,1799551287-γ-2,P09-T05-Aγ,3,55,G3,4,4,L4,L,False,55,True,L3,False,0.2666573112234156,False,0.5059058666229248,valid,False,0.0002860042074355946,0.06924763241630603,0.6570941372379662,0.2666573112234156,0.006712150542841175,1.2177525384839669e-06,1.2565653906269575e-06,1.929637530615532e-07,6.551405593395697e-08,3.157629749761968e-08
P09,5,A,gamma,1799551287-γ-2,P09-T05-Aγ,4,62,D4,8,8,L2,L,False,62,True,R2,False,0.0012308289076776952,False,0.4470510482788086,valid,False,0.0002221350308825413,0.0012308289076776952,5.4343251016750827e-05,7.066182874650812e-06,2.8616591173698994e-07,0.02444550483471596,0.7406773834638,0.20593594020501024,0.026777584828394086,0.0006489271297165684
P09,5,A,gamma,1799551287-γ-2,P09-T05-Aγ,5,55,G3,4,4,L5,L,False,55,True,L2,False,0.0006670213514523922,False,0.3773829936981201,valid,False,0.002667808296975225,0.7613299039046657,0.21167811123594296,0.023454603281115916,0.0006670213514523922,9.73107594964233e-05,9.109348387388291e-05,1.2216922204277476e-05,1.7182745860555e-06,2.1248968714652558e-07
P09,5,A,gamma,1799551287-γ-2,P09-T05-Aγ,6,59,B3,6,6,L2,L,False,59,True,L2,True,0.9554496501525555,False,0.46842527389526367,valid,False,0.006163606219493915,0.9554496501525555,0.03188647910804034,0.0014654788769608116,2.3805992781162404e-05,0.001494788742012546,0.0031446577347403804,0.00032051765046871186,4.498098649608346e-05,6.034536450493155e-06
P09,5,A,gamma,1799551287-γ-2,P09-T05-Aγ,7,59,B3,6,6,R4,R,False,59,True,R2,False,0.007040185818725654,False,0.3783857822418213,valid,False,0.0027859234573477444,0.0001453856465892754,5.693868211920789e-06,8.020292852636957e-07,8.203492920582652e-08,0.04903319919167475,0.8497892248335588,0.09107055761851209,0.007040185818725654,0.00012894550116536658
P09,5,A,gamma,1799551287-γ-2,P09-T05-Aγ,8,52,E3,2,2,L5,L,False,52,True,L2,False,9.611119655708821e-05,False,0.4748837947845459,valid,False,0.030155701285771847,0.9512249163158052,0.016739154225921052,0.0017820253234652043,9.611119655708821e-05,1.6594500412611768e-06,4.0071926610656727e-07,2.6397283248698567e-08,4.1907800282832774e-09,8.95109048724468e-10
P09,5,A,gamma,1799551287-γ-2,P09-T05-Aγ,9,60,C4,7,7,R1,R,False,60,True,R2,False,0.08894170599505508,False,0.3667867183685303,valid,False,0.000814240930166789,0.00010977202001759491,4.847221575686839e-06,6.055644200241038e-07,3.6824410305269587e-08,0.08894170599505508,0.8273005506790919,0.0775288705969832,0.00510719531153264,0.00019217485674675664
P09,5,A,gamma,1799551287-γ-2,P09-T05-Aγ,10,57,A3,5,5,L1,L,False,57,True,R2,False,0.016228667181571503,False,0.46851396560668945,valid,False,0.016228667181571503,0.004697054006690094,0.0002158731105878916,2.121462461303896e-05,1.4545415776689294e-06,0.026554336692487204,0.875554823364309,0.07421271562520076,0.002476720993048734,3.7139859914152144e-05
P09,5,A,gamma,1799551287-γ-2,P09-T05-Aγ,11,50,D3,1,1,L3,L,False,50,True,L2,False,0.023904983379323716,False,0.8364956378936768,valid,False,0.023611088054474094,0.9477463913549663,0.023904983379323716,0.004455266799560571,0.0002819817142581858,2.6591581460578573e-07,2.147068796012597e-08,1.1613667040753248e-09,1.2839344959839375e-10,2.1154222634850196e-11
P09,5,A,gamma,1799551287-γ-2,P09-T05-Aγ,12,55,G3,4,4,L3,L,False,55,True,L2,False,0.03146795806516202,False,0.5162370204925537,valid,False,0.02285042744769268,0.9429090437518085,0.03146795806516202,0.002157542459742056,5.664054677372491e-05,0.00048648530040675366,6.595915176857592e-05,5.138314476505568e-06,7.533126758708817e-07,5.1649493122106876e-08
P09,5,A,gamma,1799551287-γ-2,P09-T05-Aγ,13,69,A4,12,12,R5,R,False,69,True,R2,False,0.010664827806132796,False,0.5633182525634766,valid,False,5.287577966611422e-09,6.199190940626686e-10,1.1817588541668984e-11,2.1161300577596685e-12,1.9980547236607214e-13,0.01591452701036046,0.6693607410776916,0.2562934659096771,0.047766432274507484,0.010664827806132796
P09,5,A,gamma,1799551287-γ-2,P09-T05-Aγ,14,50,D3,1,1,L5,L,False,50,True,L2,False,0.00031069849289472003,False,0.5492908954620361,valid,False,0.05044146022372034,0.9261791539563433,0.019906925509270305,0.003161566671084512,0.00031069849289472003,1.776345136801335e-07,1.655318027001368e-08,7.918195489936497e-10,1.3622848647904154e-10,3.094509209619372e-11
P09,5,A,gamma,1799551287-γ-2,P09-T05-Aγ,15,65,F4,10,10,R3,R,False,65,True,R2,False,0.0230717384116441,False,0.36456799507141113,valid,False,2.636735745451076e-07,2.749815691320126e-08,1.2637948509495084e-09,1.5788615890459764e-10,1.4907646363378978e-11,0.09356051284194813,0.8788448925474639,0.0230717384116441,0.003813732708784041,0.0007088308818396818
P09,5,A,gamma,1799551287-γ-2,P09-T05-Aγ,16,57,A3,5,5,L2,L,False,57,True,R2,False,0.0010871439183083814,False,0.548029899597168,valid,False,0.004917366309275211,0.0010871439183083814,3.930333117103772e-05,6.496796945977357e-06,5.022332016216019e-07,0.018607300410900324,0.8836673400930598,0.08854881651005479,0.0030757660707268946,4.9964326355982486e-05
P09,5,A,gamma,1799551287-γ-2,P09-T05-Aγ,17,67,G4,11,11,R3,R,False,67,True,R2,False,0.12434389865718656,False,0.4313359260559082,valid,False,4.309964550936752e-08,3.315344902210415e-09,1.5237078724078856e-10,2.6214611341452523e-11,2.576203851749301e-12,0.007709187879470732,0.8481445686503672,0.12434389865718656,0.018229681241574248,0.0015726169752495048
P09,5,A,gamma,1799551287-γ-2,P09-T05-Aγ,18,62,D4,8,8,R5,R,False,62,True,R2,False,0.00023401507751967976,False,0.36261582374572754,valid,False,2.4429168942712446e-05,1.926056854472064e-06,6.963240940845648e-08,1.5229435654752623e-08,1.6874695706225302e-09,0.037595896123293955,0.9230833681197976,0.03615154019666342,0.002908738707613454,0.00023401507751967976
P09,5,A,gamma,1799551287-γ-2,P09-T05-Aγ,19,64,E4,9,9,R3,R,False,64,True,R2,False,0.07578104857407024,False,0.27799487113952637,valid,False,1.852950339387853e-06,1.5192071919659093e-07,4.871290055820988e-09,1.0654090400001683e-09,1.228684264930654e-10,0.012917887997010135,0.9049215388848394,0.07578104857407024,0.006097313367336907,0.00028020024611700745
P09,5,A,gamma,1799551287-γ-2,P09-T05-Aγ,20,59,B3,6,6,L4,L,False,59,True,R2,False,5.771184908163674e-07,False,0.37232494354248047,valid,False,0.0007645558147235948,8.229351628784739e-05,2.746403735058821e-06,5.771184908163674e-07,6.655625980670142e-08,0.010407607656515699,0.9183118549092673,0.06820630738075349,0.002187013783539208,3.697686042718221e-05
P09,5,A,gamma,1799551287-γ-2,P09-T05-Aγ,21,65,F4,10,10,R1,R,False,65,True,R2,False,0.0044788457297053165,False,0.32123804092407227,valid,False,2.6726498621376836e-07,2.4603780925035248e-08,7.579787919173211e-10,1.5303327880190237e-10,1.6956570625794393e-11,0.0044788457297053165,0.8865961406321199,0.10224680723027832,0.006471381238731615,0.00020653237242920113
P09,5,A,gamma,1799551287-γ-2,P09-T05-Aγ,22,60,C4,7,7,R3,R,False,60,True,R2,False,0.06571205745198032,False,0.3674449920654297,valid,False,0.00012201495208647093,1.2591698032609614e-05,4.373758917166495e-07,8.484219397221233e-08,9.784436288980164e-09,0.01035478330946768,0.9208364405576891,0.06571205745198032,0.0029016583881116297,5.9921640109943076e-05
P09,5,A,gamma,1799551287-γ-2,P09-T05-Aγ,23,65,F4,10,10,R1,R,False,65,True,R2,False,0.005127114295265821,False,0.33159494400024414,valid,False,2.567048198947243e-07,2.233774475367022e-08,6.352592075598227e-10,1.3893873998917754e-10,1.6023127006127798e-11,0.005127114295265821,0.8719806903210652,0.11338252507332802,0.009122713379668978,0.0003866770978862644
P09,5,A,gamma,1799551287-γ-2,P09-T05-Aγ,24,53,F3,3,3,L5,L,False,53,True,L2,False,5.083433448388157e-05,False,0.5404338836669922,valid,False,0.023122744025097453,0.9541460223241469,0.020508034228838484,0.001463479358675734,5.083433448388157e-05,0.0005508591950283782,0.00014277139602860117,1.4133841130233156e-05,1.0926129200395082e-06,2.8683650198231867e-08
P09,5,A,gamma,1799551287-γ-2,P09-T05-Aγ,25,52,E3,2,2,L5,L,False,52,True,L2,False,0.00011138670519942153,False,0.4949970245361328,valid,False,0.04677050169221242,0.9394106386549439,0.012004153302830835,0.0016908860787308985,0.00011138670519942153,1.1907929840909513e-05,4.833607437956143e-07,3.590093201004224e-08,5.934384147378746e-09,4.4018174902163405e-10
P09,5,A,gamma,1799551287-γ-2,P09-T05-Aγ,26,57,A3,5,5,R3,R,False,57,True,R2,False,0.14158182649245588,False,0.4666910171508789,valid,False,0.006032261362101204,0.005118583952612349,0.00021715971747239188,2.13410640848421e-05,1.1510022770087322e-06,0.005327477326487194,0.8380834511459115,0.14158182649245588,0.003571114846744719,4.563308985271655e-05
P09,5,A,gamma,1799551287-γ-2,P09-T05-Aγ,27,62,D4,8,8,R5,R,False,62,True,R2,False,7.494987358009305e-05,False,0.32402920722961426,valid,False,2.5339374635180814e-05,8.996355382546382e-06,2.180173870690391e-07,3.7508771669350136e-08,2.4708811225544637e-09,0.015625840906584563,0.9398814568992229,0.04164012554874666,0.002743033044808274,7.494987358009305e-05
P09,5,A,gamma,1799551287-γ-2,P09-T05-Aγ,28,59,B3,6,6,L3,L,False,59,True,R2,False,1.8901803781902413e-05,False,0.3647270202636719,valid,False,0.0015871785002915773,0.0007493883614197458,1.8901803781902413e-05,3.5228043251499103e-06,2.0582218875950741e-07,0.01334980898795331,0.8823176513389837,0.09864248752199563,0.003292022365629658,3.8832493430614575e-05
P09,5,A,gamma,1799551287-γ-2,P09-T05-Aγ,29,69,A4,12,12,R4,R,False,69,True,R2,False,0.05607726836226328,False,0.6040019989013672,valid,False,9.601293154504084e-09,2.5149202412903232e-09,7.444021863449226e-11,1.1822403922366498e-11,7.189211228997286e-13,0.004951823555860815,0.6433767846648863,0.2890878241905421,0.05607726836226328,0.006506287023252688
P09,6,C,gamma,1799551287-γ-5,P09-T06-Cγ,0,52,E3,2,2,L1,L,False,52,True,L1,True,0.8369099184341461,False,0.6816840171813965,valid,False,0.8369099184341461,0.1559782290853901,0.0061087150016259925,0.0008955801489084837,0.00010749794373601813,2.022605589316935e-08,2.8866383325412864e-08,8.84591193429423e-09,1.144754555101058e-09,3.0308759634755577e-10
P09,6,C,gamma,1799551287-γ-5,P09-T06-Cγ,1,59,B3,6,6,L4,L,False,59,True,L4,True,0.7397348907043225,False,0.7554500102996826,valid,False,0.0013858197838125372,0.026872800633482963,0.21392957512566874,0.7397348907043225,0.01792671155566438,4.9057197464783174e-05,7.230472686081113e-05,2.4818303390792847e-05,3.2240161883071666e-06,7.979531441243411e-07
P09,6,C,gamma,1799551287-γ-5,P09-T06-Cγ,2,72,C5,14,14,R1,R,False,72,True,R1,True,0.9668768794690927,False,0.932025671005249,valid,False,1.1527629030004171e-11,3.0039319938850216e-13,4.4039734406964933e-14,5.726429892365915e-15,8.737965428854936e-16,0.9668768794690927,0.0157064454321231,0.006780637778712143,0.005627879121506897,0.00500815818668641
P09,6,C,gamma,1799551287-γ-5,P09-T06-Cγ,3,64,E4,9,9,R2,R,False,64,True,R2,True,0.8110535696964285,False,0.4889202117919922,valid,False,1.5550323127638688e-07,4.36598867308331e-09,6.662066733591376e-10,6.814242109313674e-11,9.990153348671852e-12,0.09735208078069259,0.8110535696964285,0.07970514241128497,0.010786918023645798,0.0011021284743890233
P09,6,C,gamma,1799551287-γ-5,P09-T06-Cγ,4,67,G4,11,11,R4,R,False,67,True,R4,True,0.2916820961781444,True,0.6211259365081787,valid,False,1.7446782284901762e-09,3.805111298300898e-11,8.322230721145818e-12,8.512327674160742e-13,1.1068469940458718e-13,0.021255753936888257,0.31597544266210725,0.31597544266210725,0.2916820961781444,0.05511126276873951
P09,6,C,gamma,1799551287-γ-5,P09-T06-Cγ,5,62,D4,8,8,R3,R,False,62,True,R3,True,0.5347453124421582,False,0.5385260581970215,valid,False,9.773870537213918e-07,2.7039564357392455e-08,4.294354014293504e-09,4.5717050563672756e-10,6.43963155156651e-11,0.010142589025619092,0.40415181296344527,0.5347453124421582,0.05049077175396501,0.00046850457227365746
P09,6,C,gamma,1799551287-γ-5,P09-T06-Cγ,6,72,C5,14,14,R5,R,False,72,True,R5,True,0.28323810101744523,True,0.5944297313690186,valid,False,1.0290720099923178e-11,2.298228985909109e-13,4.64004429809438e-14,4.381140182668001e-15,6.171204879643527e-16,0.005365653613014212,0.07269611106998723,0.31935006714449066,0.31935006714449066,0.28323810101744523
P09,6,C,gamma,1799551287-γ-5,P09-T06-Cγ,7,55,G3,4,4,L5,L,False,55,True,L5,True,0.9237334136571306,False,0.7429580688476562,valid,False,0.0005922330584690078,0.0005441310713166028,0.003399781665742345,0.07172233902274591,0.9237334136571306,7.372044510312232e-06,4.765301488613619e-07,2.04121015698046e-07,4.266052133142857e-08,6.168399435502877e-09
P09,6,C,gamma,1799551287-γ-5,P09-T06-Cγ,8,64,E4,9,9,R2,R,False,64,True,R2,True,0.8614804478913392,False,0.4738502502441406,valid,False,6.047971985564462e-05,0.0020440740279320333,0.0030890999394877624,0.0005098140079164312,1.2281038733934905e-05,0.052386679986673165,0.8614804478913392,0.07214315149103044,0.007680252008940965,0.0005937198880903125
P09,6,C,gamma,1799551287-γ-5,P09-T06-Cγ,9,59,B3,6,6,L3,L,False,59,True,L3,True,0.7838153426474501,False,0.5277407169342041,valid,False,0.0014108233360821836,0.092884148896314,0.7838153426474501,0.11955463939018214,0.002190595577979052,0.000130943202695443,1.2070759290898356e-05,1.1875932014198273e-06,2.2123164973669195e-07,2.73651550163205e-08
P09,6,C,gamma,1799551287-γ-5,P09-T06-Cγ,10,71,B4,13,13,R4,R,False,71,True,R4,True,0.3887112836593895,False,0.6202900409698486,valid,False,4.814341879495368e-08,4.373494441299599e-08,5.250626614505424e-09,5.817860122685299e-10,9.080258883516922e-12,0.00552702571986269,0.18178721716742202,0.3887112836593895,0.3887112836593895,0.03526309207408008
P09,6,C,gamma,1799551287-γ-5,P09-T06-Cγ,11,57,A3,5,5,L1,L,False,57,True,L1,True,0.8389971080206913,False,0.5859389305114746,valid,False,0.8389971080206913,0.15636722690738258,0.004272534707870137,0.0002929384558052031,1.1022763443735819e-05,5.088282102567759e-05,6.820702950791584e-06,1.1734669103464173e-06,2.6712529486615314e-07,2.5028625454963258e-08
P09,6,C,gamma,1799551287-γ-5,P09-T06-Cγ,12,65,F4,10,10,R1,R,False,65,True,R1,True,0.8262775715664393,False,0.43505001068115234,valid,False,1.0792219421866337e-05,1.6564653734725165e-06,1.0484062271358812e-07,1.161667212133943e-08,4.0350811421084934e-10,0.8262775715664393,0.16028135827647338,0.01055849511559299,0.002603692839297514,0.0002663166565984717
P09,6,C,gamma,1799551287-γ-5,P09-T06-Cγ,13,69,A4,12,12,R5,R,False,69,True,R5,True,0.2522391363299972,True,0.6914680004119873,valid,False,5.368573215538072e-08,4.1615522812122954e-09,6.101125376951643e-10,5.109279188083329e-11,1.7747213561903811e-12,0.012452451714541745,0.05092620332700562,0.3080855768293977,0.37629657328879323,0.2522391363299972
P09,6,C,gamma,1799551287-γ-5,P09-T06-Cγ,14,52,E3,2,2,L1,L,False,52,True,L1,True,0.9000037880247623,False,0.5538449287414551,valid,False,0.9000037880247623,0.09205617349909156,0.007116378598550642,0.0007575990221982245,6.603297584156174e-05,2.368497858172062e-08,3.5180593979939612e-09,3.898120926040222e-10,1.8213875192211674e-10,1.0456679216909935e-10
P09,6,C,gamma,1799551287-γ-5,P09-T06-Cγ,15,53,F3,3,3,L5,L,False,53,True,L5,True,0.874339088445845,False,0.6407959461212158,valid,False,0.0010967930538005454,0.0014797449289880931,0.010501551416175585,0.11258267013393357,0.874339088445845,1.2787135349766577e-07,1.9078664577710054e-08,2.688487670998223e-09,1.4066813502758918e-09,9.760701470616026e-10
P09,6,C,gamma,1799551287-γ-5,P09-T06-Cγ,16,60,C4,7,7,R1,R,False,60,True,R1,True,0.9621891570839786,False,0.4729039669036865,valid,False,0.0014237326252365845,0.002458614839461768,0.00046264792298804754,4.9252805935475226e-05,3.6581821339239286e-06,0.9621891570839786,0.03085229254777737,0.0022016587649344214,0.00033595134378191377,2.3033883772056156e-05
P09,6,C,gamma,1799551287-γ-5,P09-T06-Cγ,17,52,E3,2,2,L3,L,False,52,True,L2,True,0.470142287462725,False,0.551354169845581,valid,False,0.015989165150054864,0.470142287462725,0.470142287462725,0.04265034607342104,0.0010757686057236305,1.1181485260979975e-07,2.5752866624438965e-08,6.350578722379763e-09,1.2318356562914752e-09,9.521693897711362e-11
P09,6,C,gamma,1799551287-γ-5,P09-T06-Cγ,18,62,D4,8,8,L1,L,False,62,True,L1,True,0.5870498357962111,False,0.9759140014648438,valid,False,0.5870498357962111,0.3935112729561307,0.014226546844503626,0.0006538415176561924,1.0621337976312439e-05,0.0040314575471541245,0.00042109775098686357,7.848166215267516e-05,1.522387614343541e-05,1.6207110850851205e-06
P09,6,C,gamma,1799551287-γ-5,P09-T06-Cγ,19,62,D4,8,8,R2,R,False,62,True,R2,True,0.8253312708274313,False,0.4616129398345947,valid,False,0.00042794352207943195,3.746998172634775e-05,5.0710105898059735e-06,4.246627838025361e-07,1.5979320285372163e-08,0.12099931036719098,0.8253312708274313,0.048220529139420466,0.0049321985704290795,4.576593902877226e-05
P09,6,C,gamma,1799551287-γ-5,P09-T06-Cγ,20,57,A3,5,5,R4,R,False,57,True,R4,True,0.6843323715830557,False,1.1339309215545654,valid,False,0.0005995617681570922,3.64593886693192e-05,3.881411988317598e-06,5.467295636184309e-07,5.162232742486925e-08,0.0032169822251917344,0.041602406878805495,0.24546718529855158,0.6843323715830557,0.024740553093689794
P09,6,C,gamma,1799551287-γ-5,P09-T06-Cγ,21,64,E4,9,9,R1,R,False,64,True,R1,True,0.8196517577971104,False,0.4831380844116211,valid,False,8.85279115919873e-06,1.2418905348341562e-06,7.255828155269582e-08,8.039686761382142e-09,4.166078623827227e-10,0.8196517577971104,0.15899608264128737,0.018336242475184263,0.0027979291784722324,0.00020781221167542438
P09,6,C,gamma,1799551287-γ-5,P09-T06-Cγ,22,53,F3,3,3,L2,L,False,53,True,L2,True,0.8094263034053131,False,0.40332603454589844,valid,False,0.10954393803052245,0.8094263034053131,0.0764262122284876,0.004465252346593664,0.0001375628644064673,6.122770152784752e-07,9.480634024916635e-08,1.9922231864882776e-08,3.864515379678913e-09,2.545740016134061e-10
P09,6,C,gamma,1799551287-γ-5,P09-T06-Cγ,23,57,A3,5,5,R3,R,False,57,True,R3,True,0.6450016262742778,False,0.6130020618438721,valid,False,0.004404870895033338,0.0013089860608215909,0.00010961871498842246,9.94438546596513e-06,5.582257196631584e-07,0.006155657011555605,0.18970839971209322,0.6450016262742778,0.1528187896594882,0.0004815490605562544
P09,6,C,gamma,1799551287-γ-5,P09-T06-Cγ,24,60,C4,7,7,L5,L,False,60,True,L5,True,0.8986830591460375,False,0.7611463069915771,valid,False,0.0022276125889914224,0.0032238750766245645,0.010183327826879867,0.08546097482170716,0.8986830591460375,0.00018892245676486143,2.627678114556744e-05,4.8973081796168075e-06,8.769421108594282e-07,1.7705155866540174e-07
P09,6,C,gamma,1799551287-γ-5,P09-T06-Cγ,25,53,F3,3,3,L3,L,False,53,True,L3,True,0.5357883016547479,False,0.6180510520935059,valid,False,0.00037943680037112764,0.04244594078627701,0.5357883016547479,0.4049400872528342,0.01644568124239481,4.4741156212180096e-07,7.977815191302876e-08,2.0475922453916823e-08,4.302729898677593e-09,2.9500873332725246e-10
P09,6,C,gamma,1799551287-γ-5,P09-T06-Cγ,26,60,C4,7,7,L2,L,False,60,True,L2,True,0.9220729331432144,False,0.5099802017211914,valid,False,0.005735209750214092,0.9220729331432144,0.05607131280945729,0.0030241326515857165,6.765218161140519e-05,0.011742406402223201,0.0010269819174352748,0.0002073440731736566,4.719932551733529e-05,4.8277455680490674e-06
P09,6,C,gamma,1799551287-γ-5,P09-T06-Cγ,27,60,C4,7,7,R1,R,False,60,True,R1,True,0.9800797741559285,False,0.4557170867919922,valid,False,0.006184769271609194,0.003482094465175166,0.00013637238235888354,1.2876310780137275e-05,1.2654012297201835e-06,0.9800797741559285,0.009094173834824137,0.0008937170708575344,0.0001116522633077273,3.304843929125482e-06
P09,6,C,gamma,1799551287-γ-5,P09-T06-Cγ,28,59,B3,6,6,L4,L,False,59,True,L4,True,0.8021348280773354,False,0.6934716701507568,valid,False,0.0007663607331958554,0.014381593723553117,0.1652406827644029,0.8021348280773354,0.017355296107575576,0.00011534517892945842,4.579789287411968e-06,1.0850792111029097e-06,1.723294874294922e-07,5.621702183902532e-08
P09,6,C,gamma,1799551287-γ-5,P09-T06-Cγ,29,64,E4,9,9,R5,R,False,64,True,R5,True,0.7280905536455303,False,0.6654582023620605,valid,False,4.012743113360074e-05,1.459626682810521e-06,9.238235389999414e-08,9.834887227228207e-09,4.3428077168140325e-10,0.0035618321221049555,0.013332776903489952,0.04427523216401433,0.21069791545552216,0.7280905536455303
P09,7,C,gamma,1799551287-γ-6,P09-T07-Cγ,0,62,D4,8,8,L2,L,False,62,True,L2,True,0.9137678279135169,False,0.8523659706115723,valid,False,0.0092026997341175,0.9137678279135169,0.05129414030538679,0.002996894307418767,5.066988756747073e-05,0.015759478510815637,0.006156919193950726,0.0006297555955649162,0.00011229872547900403,2.9315826182348524e-05
P09,7,C,gamma,1799551287-γ-6,P09-T07-Cγ,1,57,A3,5,5,R2,R,False,57,True,R2,True,0.877764100971913,False,0.6861391067504883,valid,False,0.021839455519263844,0.006668386187987635,0.00026115997714588223,4.867342332303944e-05,4.076069469685749e-06,0.027744144016862066,0.877764100971913,0.06263836061637555,0.002996299058182073,3.534415947710527e-05
P09,7,C,gamma,1799551287-γ-6,P09-T07-Cγ,2,62,D4,8,8,R4,R,False,62,True,R4,True,0.5966099001856079,False,0.7983529567718506,valid,False,0.0002877999176895232,0.0003950525307380377,1.889729415225745e-05,2.7704748881460953e-06,2.132378244741767e-07,0.004879783020021492,0.046937817469015874,0.31458788047695047,0.5966099001856079,0.03627988539311186
P09,7,C,gamma,1799551287-γ-6,P09-T07-Cγ,3,55,G3,4,4,L5,L,False,55,True,L5,True,0.7860055769494967,False,0.7700328826904297,valid,False,0.0008085592378925303,0.0036127023019546056,0.020322086789406852,0.188958169198677,0.7860055769494967,0.0002576940515319304,2.968544482293829e-05,4.829385175677964e-06,6.535862106090758e-07,4.305483112035621e-08
P09,7,C,gamma,1799551287-γ-6,P09-T07-Cγ,4,48,C3,0,0,L1,L,False,48,True,L1,True,0.7472271481331276,False,0.6202239990234375,valid,False,0.7472271481331276,0.24380512042963637,0.007216493855757125,0.0014569849816071878,0.0002941601945569984,8.325289478280885e-08,7.851687522847391e-09,1.1183783981740283e-09,1.7065347805358952e-10,1.1700540722751945e-11
P09,7,C,gamma,1799551287-γ-6,P09-T07-Cγ,5,55,G3,4,4,L5,L,False,55,True,L5,True,0.8838284491695435,False,0.6777310371398926,valid,False,0.0019376555926884128,0.0014155480789714207,0.007737550620367088,0.10507010743510908,0.8838284491695435,9.397173286575659e-06,1.0512053859150937e-06,1.8862738096352077e-07,4.6514939461860894e-08,5.582327619886319e-09
P09,7,C,gamma,1799551287-γ-6,P09-T07-Cγ,6,62,D4,8,8,R4,R,False,62,True,R4,True,0.5805883932737689,False,0.8089261054992676,valid,False,0.00011308821004099054,5.415213171135395e-05,1.5056312514810643e-05,1.6028725117933673e-06,1.0989799511574334e-07,0.004235035442232143,0.05444941522631862,0.33163735260339705,0.5805883932737689,0.028905794029509407
P09,7,C,gamma,1799551287-γ-6,P09-T07-Cγ,7,59,B3,6,6,L3,L,False,59,True,L3,True,0.8141720336080397,False,0.5472488403320312,valid,False,0.0014035823784706925,0.09802207491972968,0.8141720336080397,0.08327694058757426,0.0007133177448918134,0.0021166351007530218,0.00021135422187536538,7.296113967237525e-05,1.0276462072199101e-05,8.238369209157598e-07
P09,7,C,gamma,1799551287-γ-6,P09-T07-Cγ,8,59,B3,6,6,R2,R,False,59,True,R2,True,0.7884837481410819,False,0.6190159320831299,valid,False,0.002755728471361768,0.08573689748350989,0.013875321008080031,0.0014771459223022264,4.372268496070077e-05,0.019108089799300988,0.7884837481410819,0.08394080055444703,0.004527236888845097,5.1309046110332484e-05
P09,7,C,gamma,1799551287-γ-6,P09-T07-Cγ,9,69,A4,12,12,R5,R,False,69,True,R5,True,0.36909615229877735,True,0.6171369552612305,valid,False,4.84509731069043e-07,7.645279485634948e-07,1.0848020819548229e-07,1.4681199701702308e-08,3.854159043980443e-10,0.00045006949733429765,0.017655673657945823,0.17965838479757515,0.433138347163864,0.36909615229877735
P09,7,C,gamma,1799551287-γ-6,P09-T07-Cγ,10,50,D3,1,1,L2,L,False,50,True,L2,True,0.8708536587078826,False,1.3428449630737305,valid,False,0.08511159271126593,0.8708536587078826,0.03694661184335665,0.006615887461171031,0.0004721181284713407,1.267288268686538e-07,3.83812707004857e-09,4.426324689128156e-10,1.1360240025444921e-10,2.4663573716777682e-11
P09,7,C,gamma,1799551287-γ-6,P09-T07-Cγ,11,60,C4,7,7,L3,L,False,60,True,L3,True,0.8240379602669672,False,0.6549818515777588,valid,False,0.0013989798023899944,0.11565594949401459,0.8240379602669672,0.050109799969391154,0.00044673781375371296,0.007523062934359169,0.0007514253548997764,6.0459388556863874e-05,1.3762835452183227e-05,1.8621402153627347e-06
P09,7,C,gamma,1799551287-γ-6,P09-T07-Cγ,12,59,B3,6,6,R2,R,False,59,True,R2,True,0.8549112765988226,False,0.545518159866333,valid,False,0.004986762307503323,0.008244499848181683,0.0008445069555220924,8.299272658697907e-05,3.521027929744847e-06,0.023359358438846786,0.8549112765988226,0.10261639276296511,0.004908643808109693,4.204552553171505e-05
P09,7,C,gamma,1799551287-γ-6,P09-T07-Cγ,13,69,A4,12,12,R3,R,False,69,True,R2,True,0.4204364072179715,False,0.7580878734588623,valid,False,1.776460403132482e-09,1.972671839550571e-10,1.789567517956884e-11,2.421916269137369e-12,2.0281908049178016e-13,0.03908682282139713,0.4933866944310291,0.4204364072179715,0.04658568181026359,0.0005043917250905132
P09,7,C,gamma,1799551287-γ-6,P09-T07-Cγ,14,53,F3,3,3,L1,L,False,53,True,L1,True,0.6833086006361636,False,0.502579927444458,valid,False,0.6833086006361636,0.2949915136442302,0.01867053454963041,0.002848938841465657,0.00018031437722482765,8.024435351754793e-08,1.0775865044435956e-08,5.635739558303077e-09,1.1854446243058846e-09,1.0988241227134246e-10
P09,7,C,gamma,1799551287-γ-6,P09-T07-Cγ,15,67,G4,11,11,R5,R,False,67,True,R5,True,0.35494049148340245,True,0.6355631351470947,valid,False,1.0907005336947934e-07,5.364862200229966e-09,1.0406761964854155e-09,1.2491405861725346e-10,1.0050536033832224e-11,0.0017303663747820046,0.01784556647173125,0.14038099691685077,0.4851024631426772,0.35494049148340245
P09,7,C,gamma,1799551287-γ-6,P09-T07-Cγ,16,65,F4,10,10,R4,R,False,65,True,R4,True,0.44108111166742564,False,0.5249838829040527,valid,False,6.812010287169933e-07,4.063945298570351e-08,7.277150299380143e-09,7.747145370150431e-10,6.233322699137648e-11,0.003326289117668129,0.09723630320531311,0.44108111166742564,0.44108111166742564,0.017274454387487658
P09,7,C,gamma,1799551287-γ-6,P09-T07-Cγ,17,60,C4,7,7,R3,R,False,60,True,R3,True,0.7177240756850363,False,0.5279867649078369,valid,False,0.0003640627079292363,2.7766783785654768e-05,4.236936474381594e-06,4.5105792021256884e-07,3.2188065829831926e-08,0.0048359867819333805,0.19068862790942098,0.7177240756850363,0.08614958962635492,0.00020517032307908108
P09,7,C,gamma,1799551287-γ-6,P09-T07-Cγ,18,59,B3,6,6,L5,L,False,59,True,L5,True,0.8774758657583233,False,0.8035190105438232,valid,False,0.0022638104912348126,0.005118960767151721,0.011644898347895853,0.10306278846335916,0.8774758657583233,0.0003528865498154903,5.621014505075535e-05,1.9753667157659333e-05,4.4872168624862845e-06,3.385931487972348e-07
P09,7,C,gamma,1799551287-γ-6,P09-T07-Cγ,19,69,A4,12,12,R1,R,False,69,True,R1,True,0.8306060272421674,False,0.939608097076416,valid,False,1.1504825236439732e-06,0.00015303322962344535,0.00028393149909808053,9.563030009373153e-05,4.289211501177366e-06,0.8306060272421674,0.1487334217303237,0.014616566652644571,0.0037514993534611897,0.0017544502985631799
P09,7,C,gamma,1799551287-γ-6,P09-T07-Cγ,20,55,G3,4,4,L1,L,False,55,True,L1,True,0.7525556711565331,False,0.629951000213623,valid,False,0.7525556711565331,0.23591580325240738,0.010008902785587498,0.0014673748316529824,4.8971096389743e-05,2.656144534592771e-06,5.332474276629729e-07,7.216719165796358e-08,1.399899488982667e-08,1.3192803466827602e-09
P09,7,C,gamma,1799551287-γ-6,P09-T07-Cγ,21,60,C4,7,7,R4,R,False,60,True,R4,True,0.5686480113019459,False,0.5779480934143066,valid,False,0.0013656244221824977,0.00034758766701915465,3.2819305100230615e-05,3.3568965871322837e-06,1.884385937773835e-07,0.003536938892394787,0.03658145913550462,0.36892577806079957,0.5686480113019459,0.02055823587987234
P09,7,C,gamma,1799551287-γ-6,P09-T07-Cγ,22,52,E3,2,2,L4,L,False,52,True,L4,True,0.7680831661610852,False,0.6492209434509277,valid,False,0.0001494268380591008,0.009145640270330564,0.11720189155460221,0.7680831661610852,0.10541947196951211,1.9646333149209352e-07,1.6852595398313266e-07,3.05284005941823e-08,6.168209334741762e-09,1.5205153087287976e-09
P09,7,C,gamma,1799551287-γ-6,P09-T07-Cγ,23,59,B3,6,6,L2,L,False,59,True,L2,True,0.9157563036422017,False,0.5368430614471436,valid,False,0.012640982701994569,0.9157563036422017,0.06801649744383835,0.0024589889885866167,4.687598813124113e-05,0.0006305252758805064,0.0003020275260628832,0.00011864877199314128,2.4600477750360792e-05,4.549183560750459e-06
P09,7,C,gamma,1799551287-γ-6,P09-T07-Cγ,24,60,C4,7,7,L4,L,False,60,True,L4,True,0.7497080773461193,False,0.8549239635467529,valid,False,0.0030261012511656324,0.024933375361301954,0.20887511406830836,0.7497080773461193,0.00695655166093925,0.005853520380239439,0.0005597214109719785,6.99261146448193e-05,1.591781909540813e-05,1.6945872138766604e-06
P09,7,C,gamma,1799551287-γ-6,P09-T07-Cγ,25,62,D4,8,8,R5,R,False,62,True,R5,True,0.5390093767635997,False,0.6282179355621338,valid,False,0.0002850663353503651,1.849477475166084e-05,4.0450270846919165e-06,4.306275336098713e-07,1.4371448931511597e-08,0.003552991191985985,0.010668308115449393,0.08235203177233354,0.3641092410204624,0.5390093767635997
P09,7,C,gamma,1799551287-γ-6,P09-T07-Cγ,26,65,F4,10,10,R3,R,False,65,True,R2,True,0.46754643134284907,False,0.46507716178894043,valid,False,1.6760159773886872e-05,2.2092848108731682e-05,3.111963698244443e-06,3.4481540647441346e-07,1.9356131063996602e-08,0.010424217789962078,0.46754643134284907,0.46754643134284907,0.05391984878552826,0.000520741595693192
P09,7,C,gamma,1799551287-γ-6,P09-T07-Cγ,27,69,A4,12,12,R5,R,False,69,True,R5,True,0.25533693033079025,True,0.4393641948699951,valid,False,5.553650013201135e-08,5.583178900154575e-09,4.316061957249577e-10,6.079536718955696e-11,5.974578721851517e-12,0.0037448329321222566,0.06138761845634108,0.26619995890440334,0.41333059775828807,0.25533693033079025
P09,7,C,gamma,1799551287-γ-6,P09-T07-Cγ,28,62,D4,8,8,R3,R,False,62,True,R3,True,0.5838287844959377,False,0.45798492431640625,valid,False,5.553162529031393e-05,5.141593452267031e-06,3.387012060284925e-07,5.827180286787488e-08,6.720202718843789e-09,0.009484015121370298,0.36126355550445277,0.5838287844959377,0.045132732648785645,0.00022983531749933624
P09,7,C,gamma,1799551287-γ-6,P09-T07-Cγ,29,55,G3,4,4,L2,L,False,55,True,L2,True,0.8628586578811316,False,0.37819600105285645,valid,False,0.03810139507844727,0.8628586578811316,0.09185864220871465,0.006822670046751481,0.0003535433740494525,4.339433824483824e-06,5.195818155081586e-07,1.9162734600376152e-07,3.711656728391499e-08,3.6513522070533737e-09
P09,8,B,beta,1799551287-β-1,P09-T08-Bβ,0,64,E4,9,9,R2,R,False,64,True,R2,True,0.858958660633056,False,0.8592441082000732,valid,False,1.0808217630902773e-07,2.797276487565733e-08,1.2568973465073701e-08,3.2259624950544454e-09,9.71641231356242e-10,0.05436501257929464,0.858958660633056,0.07792297165284591,0.00797028934042866,0.0007829129728563718
P09,8,B,beta,1799551287-β-1,P09-T08-Bβ,1,60,C4,7,7,L3,L,False,60,True,R2,False,9.469144899432572e-07,False,1.1040329933166504,valid,False,8.35622216866129e-06,2.107396953151286e-06,9.469144899432572e-07,2.632775485438362e-07,8.253387320514191e-08,0.04177547171808069,0.8873884940486579,0.06653301132643094,0.004210991941141819,8.027462065504203e-05
P09,8,B,beta,1799551287-β-1,P09-T08-Bβ,2,57,A3,5,5,L5,L,False,57,True,L5,True,0.7243259490028902,False,0.9992640018463135,valid,False,0.000977419090098876,0.005138306843744516,0.02520987254667255,0.24401502562735813,0.7243259490028902,0.00018003368660151839,0.00013468229384275577,1.6379623279937824e-05,1.967302437349715e-06,3.639830741548362e-07
P09,8,B,beta,1799551287-β-1,P09-T08-Bβ,3,60,C4,7,7,L4,L,False,60,True,L3,False,0.1788033569069135,False,1.6961488723754883,valid,False,0.0007162590593044182,0.08772667648901862,0.7250833670006321,0.1788033569069135,0.003547654345001525,0.0021876751088188364,0.0017825156579399798,0.00012825775065635186,1.8060731186722236e-05,6.176950527632421e-06
P09,8,B,beta,1799551287-β-1,P09-T08-Bβ,4,64,E4,9,9,R2,R,False,64,True,R2,True,0.8791208127560183,False,0.7000699043273926,valid,False,0.00013706698728199854,1.942726730909535e-05,8.242162127575624e-07,1.2083583509096858e-07,9.341182867956708e-09,0.06529544844608288,0.8791208127560183,0.0513632189485236,0.00397062030914799,9.24508924054951e-05
P09,8,B,beta,1799551287-β-1,P09-T08-Bβ,5,69,A4,12,12,R3,R,False,69,True,R2,True,0.4608075768113309,False,0.6987719535827637,valid,False,4.1575676858887264e-07,1.1541001206165965e-07,7.018090061046679e-09,7.178397745523565e-10,3.169777182326285e-11,0.012961537169818068,0.4608075768113309,0.4608075768113309,0.06490862761809722,0.0005141426550148145
P09,8,B,beta,1799551287-β-1,P09-T08-Bβ,6,64,E4,9,9,R1,R,False,64,True,R1,True,0.9810793327804964,False,0.6388330459594727,valid,False,0.0003608609435632491,0.00010738372181024914,8.301270742376811e-06,9.964150459219972e-07,3.6023225512418385e-08,0.9810793327804964,0.01726451649614299,0.0008946285503407923,0.00021196233728527978,7.198146134732447e-05
P09,8,B,beta,1799551287-β-1,P09-T08-Bβ,7,59,B3,6,6,L2,L,False,59,True,L2,True,0.9164274006217367,False,0.7327783107757568,valid,False,0.013203511942002387,0.9164274006217367,0.06539742276462594,0.004666843114199409,0.00010866156344139498,0.00017311411252452557,2.193839129867296e-05,8.591928554617584e-07,1.7346804580361434e-07,7.482926961861533e-08
P09,8,B,beta,1799551287-β-1,P09-T08-Bβ,8,60,C4,7,7,L1,L,False,60,True,L1,True,0.6216086740758092,False,0.8426527976989746,valid,False,0.6216086740758092,0.35337692875731475,0.00508842283400004,0.00017684799054143866,2.1712228910518746e-06,0.01798923077902757,0.0016611917626742814,7.946292439619692e-05,1.480982116743823e-05,2.2598321781799348e-06
P09,8,B,beta,1799551287-β-1,P09-T08-Bβ,9,57,A3,5,5,L3,L,False,57,True,L3,True,0.7467117154603686,False,1.227853775024414,valid,False,0.0006437839046205347,0.19342640083985432,0.7467117154603686,0.05772435534963488,0.0013739700956614154,0.0001074385416345173,1.1512512260445607e-05,6.726261957410153e-07,1.253600184885155e-07,2.5309751228576916e-08
P09,8,B,beta,1799551287-β-1,P09-T08-Bβ,10,62,D4,8,8,R2,R,False,62,True,R2,True,0.8651938375126436,False,0.7097811698913574,valid,False,0.0011356120750643905,0.002953389729214978,0.00020249371528182773,1.836981540433644e-05,5.659264537571548e-07,0.06426104216105501,0.8651938375126436,0.06174133065726383,0.004405939739802966,8.74186678154169e-05
P09,8,B,beta,1799551287-β-1,P09-T08-Bβ,11,59,B3,6,6,L5,L,False,59,True,L5,True,0.8913849963726382,False,0.885106086730957,valid,False,0.0002732911986134177,0.002177970908605446,0.00747812069067136,0.0974875071363576,0.8913849963726382,0.000974657509680833,0.00020862360760785738,1.171103673466844e-05,2.5613429424060397e-06,5.60196148065363e-07
P09,8,B,beta,1799551287-β-1,P09-T08-Bβ,12,60,C4,7,7,R3,R,False,60,True,R3,True,0.5578358098738,False,0.766603946685791,valid,False,0.0028606216880679883,0.0007898317519200496,2.0734934826427075e-05,3.4274616741554482e-06,3.952724324252974e-07,0.006074287336883049,0.38918883838361096,0.5578358098738,0.04312335249227201,0.00010270080451301276
P09,8,B,beta,1799551287-β-1,P09-T08-Bβ,13,65,F4,10,10,R4,R,False,65,True,R4,True,0.4461954309674249,False,0.7452878952026367,valid,False,4.879963735276169e-05,1.3578834871343492e-05,4.7166434542396213e-07,5.8925126760321066e-08,3.729475473476702e-09,0.0023823572003878646,0.13192496910848028,0.41189029600905963,0.4461954309674249,0.007544033923475766
P09,8,B,beta,1799551287-β-1,P09-T08-Bβ,14,60,C4,7,7,R5,R,False,60,True,R5,True,0.645426566428244,False,0.9153861999511719,valid,False,0.0011166813954993527,0.010367887069882337,0.0004226179275672097,4.6827401154990835e-05,4.0812586562787375e-06,0.000627246344903267,0.008588919983121885,0.04601497966289878,0.2873841925280718,0.645426566428244
P09,8,B,beta,1799551287-β-1,P09-T08-Bβ,15,64,E4,9,9,R4,R,False,64,True,R4,True,0.6033959632358492,False,0.8285162448883057,valid,False,0.00021925334905737026,0.00014122140621453366,4.528219951827017e-06,4.820675235717973e-07,4.201741581668653e-08,0.005598919522264253,0.0702615584487457,0.28218803419871213,0.6033959632358492,0.03818999753426566
P09,8,B,beta,1799551287-β-1,P09-T08-Bβ,16,60,C4,7,7,L1,L,False,60,True,L1,True,0.9001688376511975,False,0.8849101066589355,valid,False,0.9001688376511975,0.04863026755600972,0.0007021141047543148,4.802354120219155e-05,2.6966261167954415e-06,0.042925953953430115,0.0068499826969074555,0.0005087727256055894,0.00013591115568663782,2.7439989089761692e-05
P09,8,B,beta,1799551287-β-1,P09-T08-Bβ,17,60,C4,7,7,R5,R,False,60,True,R5,True,0.8185048149388414,False,0.935593843460083,valid,False,5.264553930958203e-05,3.111903380427148e-06,1.818150274186375e-07,1.4628765607259037e-08,2.232204891104324e-09,0.0007600459114187878,0.00540850978478888,0.024361774128065814,0.15090889911819713,0.8185048149388414
P09,8,B,beta,1799551287-β-1,P09-T08-Bβ,18,67,G4,11,11,R4,R,False,67,True,R4,True,0.2798569457860563,True,0.7842159271240234,valid,False,2.1874608708021255e-07,4.1670319911581524e-08,2.3391535254591026e-09,1.6692496526405828e-10,1.2904091113244822e-11,0.010584527968713278,0.31553782526639845,0.38539877008424084,0.2798569457860563,0.008621667959201372
P09,8,B,beta,1799551287-β-1,P09-T08-Bβ,19,62,D4,8,8,R5,R,False,62,True,R5,True,0.850255830446462,False,0.776608943939209,valid,False,6.501661595569655e-05,3.70879663619598e-05,2.0002907803720594e-06,1.6751080207068728e-07,1.1485068944879252e-08,0.002296729641647426,0.004027535434576139,0.02374522200602702,0.1195703986023186,0.850255830446462
P09,8,B,beta,1799551287-β-1,P09-T08-Bβ,20,60,C4,7,7,R1,R,False,60,True,R1,True,0.988882510813042,False,0.6642880439758301,valid,False,0.0008852402829273984,0.0004754828469418399,2.0995976153085865e-05,1.9824447545986102e-06,1.8718287620353936e-07,0.988882510813042,0.008816064147327477,0.0007093370543726203,0.0001614718473423661,4.6727404262344386e-05
P09,8,B,beta,1799551287-β-1,P09-T08-Bβ,21,57,A3,5,5,L3,L,False,57,True,L3,True,0.7199507734773457,False,0.8948938846588135,valid,False,0.0015992237643831443,0.23952014358157042,0.7199507734773457,0.03730706949926248,0.0007984753864896561,0.0007664686935641939,5.075134492137454e-05,5.191061055029419e-06,1.280099895805767e-06,6.230915121375814e-07
P09,8,B,beta,1799551287-β-1,P09-T08-Bβ,22,60,C4,7,7,L2,L,False,60,True,L2,True,0.8542108902867472,False,0.8869490623474121,valid,False,0.0023873360179495137,0.8542108902867472,0.11560487278075603,0.006489452116017941,0.0002254127996593647,0.018934869445807887,0.0018779450254467688,0.00017731598845306952,6.0215716303972095e-05,3.168982285808092e-05
P09,8,B,beta,1799551287-β-1,P09-T08-Bβ,23,64,E4,9,9,R1,R,False,64,True,R1,True,0.9550453891408553,False,0.6409783363342285,valid,False,0.0006572639675847497,0.001524640839512385,8.90781564051868e-05,6.35673033081645e-06,2.208026740827831e-07,0.9550453891408553,0.038929754960757686,0.002778076737518687,0.0006850652890689112,0.00028415337529198747
P09,8,B,beta,1799551287-β-1,P09-T08-Bβ,24,60,C4,7,7,R3,R,False,60,True,R3,True,0.6006904377634324,False,0.7028977870941162,valid,False,0.002189804311141402,0.00015851274532382932,8.213958820756904e-06,6.349779546505645e-07,4.0188877619221994e-08,0.006256968893847151,0.26334332473807737,0.6006904377634324,0.12622672859947517,0.001125333823049742
P09,8,B,beta,1799551287-β-1,P09-T08-Bβ,25,57,A3,5,5,L1,L,False,57,True,L1,True,0.7067969995337526,False,1.0500648021697998,valid,False,0.7067969995337526,0.2816720624956029,0.009783952028283348,0.0005276846092551181,2.42519923865066e-05,0.001017762292963124,0.00014671600424799158,2.5241734971507823e-05,4.519940247950728e-06,8.093682889906573e-07
P09,8,B,beta,1799551287-β-1,P09-T08-Bβ,26,60,C4,7,7,L3,L,False,60,True,L3,True,0.7935956693327437,False,0.9860889911651611,valid,False,0.0008838871339400722,0.1611902575726769,0.7935956693327437,0.03647306704243359,0.00048508754410011066,0.005087275482558981,0.0016105473641754892,0.0005469346787132464,0.00011042420720272996,1.6849641455184638e-05
P09,8,B,beta,1799551287-β-1,P09-T08-Bβ,27,64,E4,9,9,R5,R,False,64,True,R5,True,0.619069065062092,False,0.7289528846740723,valid,False,0.00016353714499461425,0.00015695703738396116,9.93408845252114e-06,7.679521293629277e-07,3.007599663541344e-08,0.001538411991511154,0.01182286585946318,0.06590516677397266,0.3013332640140038,0.619069065062092
P09,8,B,beta,1799551287-β-1,P09-T08-Bβ,28,59,B3,6,6,L3,L,False,59,True,L3,True,0.7541868480125118,False,0.7302751541137695,valid,False,0.0012531246426473132,0.20494063428613604,0.7541868480125118,0.03754875216414274,0.0005630651975904808,0.0011170293142353303,0.0002530015019637895,0.00010922341084113091,2.5878057926205718e-05,2.4434120052791816e-06
P09,8,B,beta,1799551287-β-1,P09-T08-Bβ,29,60,C4,7,7,L4,L,False,60,True,L4,True,0.730922990002594,False,0.8024377822875977,valid,False,0.0008818865188986003,0.027115934605231543,0.21138545289196561,0.730922990002594,0.01771316423739927,0.007870281453904759,0.0033012728471631843,0.0006665154927925494,0.00011935036181769237,2.3151588232829243e-05
P09,9,B,alpha,1799551287-α-9,P09-T09-Bα,0,60,C4,7,7,L4,L,False,60,True,L4,True,0.7237277150256881,False,2.137509822845459,valid,False,0.00025961014457509627,0.01525136569343581,0.2158220008260558,0.7237277150256881,0.029321567390714707,0.004186012512840994,0.008252859349224857,0.002464661831492076,0.0005385468852654406,0.00017566034070721516
P09,9,B,alpha,1799551287-α-9,P09-T09-Bα,1,59,B3,6,6,L5,L,False,59,True,L5,True,0.8576418029018642,False,0.82779860496521,valid,False,0.00045959437446343814,0.0029987066189983832,0.010645700848988025,0.12390563687058173,0.8576418029018642,0.001258476905544078,0.002268325452425312,0.0006320573860834235,0.00014546857026018667,4.4230070791156664e-05
P09,9,B,alpha,1799551287-α-9,P09-T09-Bα,2,60,C4,7,7,L4,L,False,60,True,L4,True,0.7371127692442726,False,0.7454080581665039,valid,False,0.00031384408895994144,0.012752983076616533,0.1846432622503857,0.7371127692442726,0.047919721508922035,0.004240440524618633,0.009134519568699217,0.0030514365091913083,0.00062600226482406,0.0002050209635100179
P09,9,B,alpha,1799551287-α-9,P09-T09-Bα,3,65,F4,10,10,R4,R,False,65,True,R3,False,0.29235298984840413,False,0.9237511157989502,valid,False,1.502106137521793e-05,0.0006471589978413176,0.002007636817430446,0.0006208473698578733,2.9886025151956176e-05,0.007212855476750946,0.2299730070808619,0.4361394106851168,0.29235298984840413,0.03100118663720953
P09,9,B,alpha,1799551287-α-9,P09-T09-Bα,4,64,E4,9,9,R5,R,False,64,True,R4,False,0.026135998917138126,True,1.518296241760254,valid,False,2.6124650608109822e-05,0.0013890362721320603,0.00970151869834692,0.004361456674809548,0.00022888196097299913,0.005080740418977536,0.1538503701587447,0.44733762954483464,0.35188824270343555,0.026135998917138126
P09,9,B,alpha,1799551287-α-9,P09-T09-Bα,5,59,B3,6,6,L3,L,False,59,True,L4,False,0.18074574018895437,False,1.181600570678711,valid,False,0.0002546368575260304,0.007912619434818134,0.18074574018895437,0.7114354240952395,0.09304636507464614,0.00231700557985748,0.0022874701470113833,0.0015572101850769874,0.0003981633450417885,4.536509182812923e-05
P09,9,B,alpha,1799551287-α-9,P09-T09-Bα,6,57,A3,5,5,L4,L,False,57,True,L4,True,0.7980250012323573,False,1.932776927947998,valid,False,0.00015213685045180626,0.0039367486928854655,0.06835955319849607,0.7980250012323573,0.12870487639290917,0.0003444346753349664,0.00025485443160070965,0.00017161847141925157,4.498511681354751e-05,5.790937731698239e-06
P09,9,B,alpha,1799551287-α-9,P09-T09-Bα,7,62,D4,8,8,R5,R,False,62,True,R5,True,0.8679921518292051,False,1.4588942527770996,valid,False,0.000364377229787559,4.8131553113506396e-05,2.812118044562354e-06,1.852475856036018e-07,1.3219502890928322e-08,0.0025421880784364985,0.00475471509694543,0.020944398281226195,0.10335102734615262,0.8679921518292051
P09,9,B,alpha,1799551287-α-9,P09-T09-Bα,8,64,E4,9,9,R4,R,False,64,True,R4,True,0.8458711583813127,False,0.8889899253845215,valid,False,6.651157431125347e-06,1.805265053280033e-07,1.0133812561862452e-08,1.0365289788940483e-09,1.581640665095178e-10,4.4440379939497874e-05,0.0021796386837534556,0.030580637674559954,0.8458711583813127,0.12131728186799232
P09,9,B,alpha,1799551287-α-9,P09-T09-Bα,9,62,D4,8,8,R3,R,False,62,True,R3,True,0.7074939605447891,False,0.7146410942077637,valid,False,0.00012956512883933693,4.083274659578591e-05,2.483041877649395e-06,1.7024518302880323e-07,1.0775118688603655e-08,0.0025718163366421,0.16762495835301439,0.7074939605447891,0.12172070209755893,0.00041550073038114187
P09,9,B,alpha,1799551287-α-9,P09-T09-Bα,10,64,E4,9,9,R1,R,False,64,True,R1,True,0.8264372245546693,False,0.6414587497711182,valid,False,4.958158405576793e-05,1.7546934108993302e-05,6.343713566417731e-07,8.248648972232786e-08,7.483005521637753e-09,0.8264372245546693,0.16031232776988208,0.010560535223365997,0.0024039758263428683,0.00021808376672304908
P09,9,B,alpha,1799551287-α-9,P09-T09-Bα,11,59,B3,6,6,L1,L,False,59,True,L1,True,0.6812166192203055,False,0.7617349624633789,valid,False,0.6812166192203055,0.30609035785369565,0.006073167790513384,0.0003409158335723687,1.838684796363235e-05,0.005874345086021339,0.00032754833253614287,4.432884635745906e-05,1.1841799757497607e-05,2.488389276986719e-06
P09,9,B,alpha,1799551287-α-9,P09-T09-Bα,12,64,E4,9,9,R1,R,False,64,True,R1,True,0.9417728848508081,False,0.613243818283081,valid,False,0.0003446821124322157,0.0001419563229751004,7.65622793364741e-06,6.673233456837141e-07,3.746003774363597e-08,0.9417728848508081,0.052866197534718044,0.0034825477800572617,0.0010917306033113462,0.0002916397843809364
P09,9,B,alpha,1799551287-α-9,P09-T09-Bα,13,65,F4,10,10,R2,R,False,65,True,R2,True,0.8549611419902208,False,0.7271320819854736,valid,False,2.693863936877398e-05,7.529369442438392e-06,4.060866570773282e-07,3.683935038819472e-08,1.7622062548573498e-09,0.023231398434499447,0.8549611419902208,0.10681047689038063,0.013888428618366096,0.0010736413695080875
P09,9,B,alpha,1799551287-α-9,P09-T09-Bα,14,64,E4,9,9,R3,R,False,64,True,R3,True,0.49782669897402543,False,0.6197190284729004,valid,False,8.625356562797458e-05,2.7605286698150593e-05,2.221110511941296e-06,1.6496982533135108e-07,6.9989670956051015e-09,0.014363111433417054,0.3942613233362954,0.49782669897402543,0.09278194126636358,0.0006506730582681874
P09,9,B,alpha,1799551287-α-9,P09-T09-Bα,15,62,D4,8,8,R1,R,False,62,True,R1,True,0.9802636758755414,False,0.6364579200744629,valid,False,0.0013196471936470953,0.0005105950812432916,2.34665703826e-05,2.7062850697215575e-06,1.3473799978915664e-07,0.9802636758755414,0.016573774430460337,0.0010078522610525293,0.00025867614437614017,3.9471420227138225e-05
P09,9,B,alpha,1799551287-α-9,P09-T09-Bα,16,57,A3,5,5,L2,L,False,57,True,L2,True,0.969216323293373,False,0.8637619018554688,valid,False,0.011899398240675006,0.969216323293373,0.016386991696124,0.001610408431247003,5.822082507017071e-05,0.0008081962005659819,1.8251424099082053e-05,1.7233035370857e-06,3.479289835854764e-07,1.3865632490399375e-07
P09,9,B,alpha,1799551287-α-9,P09-T09-Bα,17,59,B3,6,6,L1,L,False,59,True,L1,True,0.97116888958936,False,1.0630078315734863,valid,False,0.97116888958936,0.02449576846286798,0.0009532719288766827,7.41372510404904e-05,1.003677317622693e-05,0.003184707755827771,0.00010213093492521847,8.552773923384451e-06,1.5940144822673447e-06,9.105155201773828e-07
P09,9,B,alpha,1799551287-α-9,P09-T09-Bα,18,64,E4,9,9,R2,R,False,64,True,R2,True,0.8026148463341579,False,0.6417522430419922,valid,False,0.00023229138188067867,1.0975112773999675e-05,6.412282728564309e-07,9.784508996946672e-08,1.17445054908851e-08,0.13314437018694336,0.8026148463341579,0.05727561439920922,0.006097476246342611,0.000623675520823987
P09,9,B,alpha,1799551287-α-9,P09-T09-Bα,19,65,F4,10,10,R1,R,False,65,True,R1,True,0.9129566981718069,False,0.6738080978393555,valid,False,4.8210938183847736e-05,5.389452109883797e-06,4.5133010385633507e-07,3.488995653286155e-08,2.392165468198634e-09,0.9129566981718069,0.08282156310000625,0.003116431045498785,0.0007685024341533666,0.00028271624601523365
P09,9,B,alpha,1799551287-α-9,P09-T09-Bα,20,60,C4,7,7,L2,L,False,60,True,L2,True,0.9494668803908244,False,0.6999979019165039,valid,False,0.007905680312632458,0.9494668803908244,0.03572678360525441,0.00217254794843313,2.098181116729469e-05,0.004368636862677267,0.00031851065480230584,1.5857711746535513e-05,3.07607959522973e-06,1.0446228670677118e-06
P09,9,B,alpha,1799551287-α-9,P09-T09-Bα,21,59,B3,6,6,L3,L,False,59,True,L3,True,0.7664817258149366,False,0.8145699501037598,valid,False,0.001899664943507597,0.1417032424978187,0.7664817258149366,0.0883945978030706,0.0008202147005561948,0.0006546129965625784,4.250263763197354e-05,2.5845880561372597e-06,6.904347108335568e-07,1.6358314855413356e-07
P09,9,B,alpha,1799551287-α-9,P09-T09-Bα,22,57,A3,5,5,L2,L,False,57,True,L2,True,0.6975990077642231,False,0.7759690284729004,valid,False,0.005404283049057297,0.6975990077642231,0.25663233313805506,0.03915955485417167,0.0011136517163832808,8.475534891731744e-05,5.671194292852524e-06,5.354754309207317e-07,1.8184506043347618e-07,2.561440806495143e-08
P09,9,B,alpha,1799551287-α-9,P09-T09-Bα,23,59,B3,6,6,L1,L,False,59,True,L1,True,0.9744603803427379,False,0.7415399551391602,valid,False,0.9744603803427379,0.023615041524125843,0.0008082345670982583,7.745050914597175e-05,2.800055226419549e-06,0.0009696413050608639,5.853583557999335e-05,5.7525264487933164e-06,1.876933148275884e-06,2.864014275940184e-07
P09,9,B,alpha,1799551287-α-9,P09-T09-Bα,24,60,C4,7,7,L2,L,False,60,True,L2,True,0.9522223588060522,False,0.7088680267333984,valid,False,0.006639837748358743,0.9522223588060522,0.03177877384269286,0.0012953728615582158,2.5701615675462615e-05,0.007393644472493047,0.0005820485460295138,4.499511177621154e-05,1.5280138635095373e-05,1.9868567287650805e-06
P09,9,B,alpha,1799551287-α-9,P09-T09-Bα,25,59,B3,6,6,L3,L,False,59,True,L3,True,0.7037941599351181,False,1.1700479984283447,valid,False,0.002217733940289013,0.26057912010211154,0.7037941599351181,0.032345856424556556,0.0002883690853271123,0.0007152435460642555,5.374449299926176e-05,4.154704081564676e-06,1.4109189164781301e-06,2.0685053615710387e-07
P09,9,B,alpha,1799551287-α-9,P09-T09-Bα,26,60,C4,7,7,L4,L,False,60,True,L4,True,0.7781483751237295,False,1.1730449199676514,valid,False,0.0009597060266628976,0.027243593481944245,0.17812567154215667,0.7781483751237295,0.006957080597691983,0.007842800681258779,0.0006568891028287413,4.687644033561438e-05,1.5919029396136595e-05,3.0879739954925316e-06
P09,9,B,alpha,1799551287-α-9,P09-T09-Bα,27,64,E4,9,9,R2,R,False,64,True,R2,True,0.8909410448420721,False,0.7561171054840088,valid,False,0.0006591348772992935,0.00013429428341782236,7.538577749639402e-06,5.16868668352536e-07,1.8686266005887248e-08,0.07465843436786408,0.8909410448420721,0.030947067897085307,0.0025916072883226202,6.0342311254994746e-05
P09,9,B,alpha,1799551287-α-9,P09-T09-Bα,28,59,B3,6,6,L4,L,False,59,True,L4,True,0.8161573200155772,False,0.9497890472412109,valid,False,0.0005922767037880108,0.02005334810016118,0.1403518724130427,0.8161573200155772,0.015558500271392401,0.006687738341515114,0.0005624838426569349,2.914730365363626e-05,6.124899875870816e-06,1.1881083369489008e-06
P09,9,B,alpha,1799551287-α-9,P09-T09-Bα,29,57,A3,5,5,L4,L,False,57,True,L4,True,0.8458634704034608,False,0.868971586227417,valid,False,0.0009137833397229652,0.014312629842045498,0.11914699275582656,0.8458634704034608,0.018922618717860305,0.0007654472347718593,6.997326517761633e-05,3.927932645475445e-06,9.686162649413668e-07,1.87892224036972e-07
P09,10,A,gamma,1799551287-γ-8,P09-T10-Aγ,0,71,B4,13,13,R4,R,False,71,True,R2,False,0.009961956965154404,False,1.4821908473968506,valid,False,1.4553611980897258e-07,7.874907565097742e-07,2.1821996622324486e-07,6.361917743186057e-08,1.2779297213537572e-08,0.14289499603232925,0.8114100484148561,0.030531945677677495,0.009961956965154404,0.00519982526466556
P09,10,A,gamma,1799551287-γ-8,P09-T10-Aγ,1,65,F4,10,10,R2,R,False,65,True,R2,True,0.9248739774490149,False,0.3781251907348633,valid,False,6.818216984360846e-05,0.0005182851903757992,0.0001526277484430781,4.6880560996509275e-05,9.459281641773783e-06,0.045556376866965426,0.9248739774490149,0.019885612550948686,0.006235144350508717,0.0026534538312616976
P09,10,A,gamma,1799551287-γ-8,P09-T10-Aγ,2,57,A3,5,5,R4,R,False,57,True,L2,False,8.008517929283403e-05,False,0.5003008842468262,valid,False,0.01414541485849047,0.8366372080269248,0.12766256005297252,0.013590765208465997,0.0016978971814347681,0.0028069248485380676,0.003041593653487357,0.0003095436140305966,8.008517929283403e-05,2.80073763625892e-05
P09,10,A,gamma,1799551287-γ-8,P09-T10-Aγ,3,64,E4,9,9,R2,R,False,64,True,R2,True,0.8348294600927618,False,0.41500091552734375,valid,False,0.00014908625782567098,0.0003352598884905222,4.9574021256225245e-05,8.170074161271027e-06,8.863902681629795e-07,0.022810648458397722,0.8348294600927618,0.11186047551380582,0.024744206113395815,0.005212233189636868
P09,10,A,gamma,1799551287-γ-8,P09-T10-Aγ,4,53,F3,3,3,L4,L,False,53,True,L2,False,0.008347370134642743,False,0.34195780754089355,valid,False,0.011664970859359872,0.9622083942542812,0.014428869893348571,0.008347370134642743,0.0033493317594248933,6.474947956133669e-07,2.745754543733881e-07,7.032883710678453e-08,4.4104824465403186e-08,2.6595031070555324e-08
P09,10,A,gamma,1799551287-γ-8,P09-T10-Aγ,5,72,C5,14,14,R5,R,False,72,True,R2,False,0.005636468034787296,False,1.808239221572876,valid,False,3.256036527220079e-08,7.304959665958176e-09,8.405895516950853e-10,1.2338508519554043e-10,2.451733469268016e-11,0.029056948169620796,0.870665302026547,0.08209705061166947,0.01254419030355863,0.005636468034787296
P09,10,A,gamma,1799551287-γ-8,P09-T10-Aγ,6,57,A3,5,5,L2,L,False,57,True,L2,True,0.9868299124665124,False,0.47983574867248535,valid,False,0.009156808461947654,0.9868299124665124,0.0026988501036580006,0.001053852544320204,0.00025934990384870955,6.355936570081322e-07,2.3433452739699666e-07,1.6209790748335073e-07,1.1305169985629098e-07,8.14419213662878e-08
P09,10,A,gamma,1799551287-γ-8,P09-T10-Aγ,7,67,G4,11,11,R3,R,False,67,True,R2,False,0.05492824102375363,False,0.40756773948669434,valid,False,3.496658991328275e-06,2.860279969881636e-06,8.370697630222521e-08,1.3119780055042046e-08,2.2153634116793696e-09,0.03269110586353389,0.9032755213933105,0.05492824102375363,0.00686219680679242,0.00223647893152866
P09,10,A,gamma,1799551287-γ-8,P09-T10-Aγ,8,62,D4,8,8,L4,L,False,62,True,R2,False,6.222958434496169e-06,False,0.3477010726928711,valid,False,0.0008648321356582934,0.0027910376565911826,2.8505770477828896e-05,6.222958434496169e-06,1.1962304750218378e-06,0.02112561613926457,0.8717357501578421,0.08073698645319806,0.01908903286900979,0.0036208196290485497
P09,10,A,gamma,1799551287-γ-8,P09-T10-Aγ,9,60,C4,7,7,L1,L,False,60,True,R2,False,0.001877428325828287,False,0.3146522045135498,valid,False,0.001877428325828287,0.01173723785691969,9.097211278706557e-05,2.201044969502734e-05,4.710972949827263e-06,0.03553237377615955,0.8716990326386106,0.06667053665935214,0.010962037088622473,0.0014036601190754623
P09,10,A,gamma,1799551287-γ-8,P09-T10-Aγ,10,52,E3,2,2,L5,L,False,52,True,L2,False,0.0007717636513082863,False,0.3985769748687744,valid,False,0.0038380445192367127,0.9892030274762421,0.003962596911925318,0.0022198885650229843,0.0007717636513082863,3.2935396069272785e-06,1.0376146660254754e-06,1.9764213482796216e-07,1.0923716058093747e-07,4.084269632472855e-08
P09,10,A,gamma,1799551287-γ-8,P09-T10-Aγ,11,59,B3,6,6,R1,R,False,59,True,R2,False,0.02309826433360766,False,0.3780207633972168,valid,False,0.002742659926043934,0.014564225390900007,0.00025481706311505426,5.908579127768759e-05,1.353140158629334e-05,0.02309826433360766,0.9347547154088631,0.021783628053699416,0.002454964061374685,0.00027410856953224614
P09,10,A,gamma,1799551287-γ-8,P09-T10-Aγ,12,67,G4,11,11,R5,R,False,67,True,R2,False,0.004865685829981189,False,0.44909191131591797,valid,False,4.292850027126469e-06,1.3902675854022054e-06,9.792711939584292e-08,1.6207975807332706e-08,3.1458950605015655e-09,0.02339716127588104,0.8233400936504199,0.11597438547258347,0.032416873372531664,0.004865685829981189
P09,10,A,gamma,1799551287-γ-8,P09-T10-Aγ,13,55,G3,4,4,L2,L,False,55,True,L2,True,0.9841249342508773,False,0.6167728900909424,valid,False,0.009836369830202578,0.9841249342508773,0.002777207080782468,0.001239715639203844,0.0003365277966816977,0.001064696718524587,0.0005228703685105682,7.018036521411944e-05,2.050633325389753e-05,6.991616748892523e-06
P09,10,A,gamma,1799551287-γ-8,P09-T10-Aγ,14,59,B3,6,6,R2,R,False,59,True,R2,True,0.8620528868425441,False,0.4201500415802002,valid,False,0.004235853349980109,0.05770561299339618,0.0008934751406054656,0.00016736126785228382,3.6484609261365823e-05,0.019284788459503495,0.8620528868425441,0.049888178729018434,0.005160182933431885,0.0005751756744068643
P09,10,A,gamma,1799551287-γ-8,P09-T10-Aγ,15,59,B3,6,6,L3,L,False,59,True,R2,False,0.004240538000955168,False,0.3306398391723633,valid,False,0.004865710545269805,0.07380789687560521,0.004240538000955168,0.0005400099146204082,0.00010585954181877706,0.021037376075847256,0.8637816776815704,0.02759631695972828,0.0036345492695346324,0.00039006513504989416
P09,10,A,gamma,1799551287-γ-8,P09-T10-Aγ,16,53,F3,3,4,L5,L,False,55,False,L2,False,0.0008150826567585012,False,0.3213839530944824,valid,False,0.014622365648430904,0.9231387749097717,0.04375225791494209,0.004078222267584019,0.0008150826567585012,0.003914024049020227,0.009131950559032487,0.00043992237930135127,9.264372855152374e-05,1.4755886607097042e-05
P09,10,A,gamma,1799551287-γ-8,P09-T10-Aγ,17,57,A3,5,5,R5,R,False,57,True,L2,False,6.50818810512976e-05,False,0.38315773010253906,valid,False,0.011947408837052718,0.9326445111132466,0.008338070973390226,0.0013966760376748796,0.0002663667593144346,0.0071029800486285275,0.0354483930552121,0.0023349423317258664,0.0004555689627030568,6.50818810512976e-05
P09,10,A,gamma,1799551287-γ-8,P09-T10-Aγ,18,55,G3,4,4,L2,L,False,55,True,L2,True,0.9690418764127713,False,0.3014671802520752,valid,False,0.00765720255379927,0.9690418764127713,0.01569280302889863,0.0020223126290756016,0.00039417085240370833,0.0017177407091241194,0.0032193821584349746,0.00020052731457464995,4.474400086585919e-05,9.240340051948586e-06
P09,10,A,gamma,1799551287-γ-8,P09-T10-Aγ,19,60,C4,7,7,L1,L,False,60,True,R2,False,0.002142738801789151,False,0.3172028064727783,valid,False,0.002142738801789151,0.010233835482829714,0.00045369611608473304,5.5977438166338366e-05,1.2409360799790817e-05,0.03539786709157809,0.8399776273088451,0.09379345485767697,0.016134179060355316,0.0017982144818748519
P09,10,A,gamma,1799551287-γ-8,P09-T10-Aγ,20,55,G3,4,4,L3,L,False,55,True,L2,False,0.010608328512807786,False,0.30369997024536133,valid,False,0.010525113827908777,0.9665801221741688,0.010608328512807786,0.0018088294903836506,0.0004131804200084001,0.0033774487335341856,0.006249985472595712,0.00034268854671953375,7.920313676956732e-05,1.5099685103350833e-05
P09,10,A,gamma,1799551287-γ-8,P09-T10-Aγ,21,50,D3,1,1,L5,L,False,50,True,L2,False,0.002418025290630312,False,0.8734936714172363,valid,False,0.006644809590548648,0.9488848355396199,0.032959760471204365,0.009055805990424654,0.002418025290630312,2.0309229845035987e-05,1.4890841967467057e-05,1.1980571938455261e-06,2.9026607308056306e-07,7.472249261620815e-08
P09,10,A,gamma,1799551287-γ-8,P09-T10-Aγ,22,67,G4,11,11,R3,R,False,67,True,R2,False,0.1595419125464006,False,0.4029829502105713,valid,False,1.0257562962368961e-06,1.0008999588203435e-07,4.352409220171512e-08,7.004061552078116e-09,1.4243146657030545e-09,0.024512303835089583,0.7649811020031989,0.1595419125464006,0.04419583010524014,0.006767673711310128
P09,10,A,gamma,1799551287-γ-8,P09-T10-Aγ,23,52,E3,2,2,L1,L,False,52,True,L2,False,0.009926284609019908,False,0.4222288131713867,valid,False,0.009926284609019908,0.896274312702449,0.07812003223864752,0.012714653376803439,0.0029306982959034773,2.3314323635239373e-05,8.937875077541495e-06,1.2166034332726351e-06,3.829997714183173e-07,1.6697525915060665e-07
P09,10,A,gamma,1799551287-γ-8,P09-T10-Aγ,24,50,D3,1,1,L2,L,False,50,True,L2,True,0.9282051999528218,False,0.4033658504486084,valid,False,0.008471443357076933,0.9282051999528218,0.05006152900481992,0.010591414182474381,0.0026654963327933322,3.224434267091576e-06,1.411664959346122e-06,2.0107268309624047e-07,5.725749846362002e-08,2.274060564975976e-08
P09,10,A,gamma,1799551287-γ-8,P09-T10-Aγ,25,52,E3,2,2,L4,L,False,52,True,L2,False,0.014446601339560468,False,0.3336336612701416,valid,False,0.008922433200869698,0.8795888275785773,0.0936397110527158,0.014446601339560468,0.0033656029313903304,2.2614929674343656e-05,1.1976836627163e-05,1.5936754833776911e-06,4.7179143563545003e-07,1.66663665991165e-07
P09,10,A,gamma,1799551287-γ-8,P09-T10-Aγ,26,65,F4,10,10,R5,R,False,65,True,R2,False,0.006810429178963305,False,0.4045276641845703,valid,False,5.815502321417198e-06,2.9938452457007747e-06,4.789132083556408e-07,7.060651628891165e-08,1.49072527987589e-08,0.038928770103915156,0.7937853601889298,0.12693918142834354,0.033526885325303624,0.006810429178963305
P09,10,A,gamma,1799551287-γ-8,P09-T10-Aγ,27,57,A3,5,5,R4,R,False,57,True,R2,False,0.0021919006965427164,False,0.4784817695617676,valid,False,0.008441329789408996,0.07207902494615864,0.006791989370095941,0.000857332927100961,0.00018019372598778143,0.011780681712092443,0.8711262533454716,0.026317139118005185,0.0021919006965427164,0.00023415436913584633
P09,10,A,gamma,1799551287-γ-8,P09-T10-Aγ,28,62,D4,8,8,R2,R,False,62,True,R2,True,0.7304883028014407,False,0.5028018951416016,valid,False,0.0004217979914395855,0.0004981318332298961,4.863223305430873e-05,5.739177838776809e-06,1.209433908320422e-06,0.03929958540078525,0.7304883028014407,0.18639603349392272,0.038384014115669066,0.004456553518711292
P09,10,A,gamma,1799551287-γ-8,P09-T10-Aγ,29,53,F3,3,3,L3,L,False,53,True,L2,False,0.04675314761628389,False,0.3431267738342285,valid,False,0.009162429920880719,0.9328165125133054,0.04675314761628389,0.008267776804036134,0.0021004059994485956,0.0005977735749581189,0.00023815153852287154,4.8960477225561435e-05,1.170376906751416e-05,3.1377862711223307e-06
P09,11,C,beta,1799551287-β-4,P09-T11-Cβ,0,62,D4,8,8,R4,R,False,62,True,R4,True,0.5385385471027186,False,0.7956669330596924,valid,False,0.0010954201280606037,0.00024879129078779597,1.0141281343133152e-05,1.8900709260540141e-06,2.6623240607274585e-07,5.6849546005937136e-05,0.03596019182862311,0.37572559499025565,0.5385385471027186,0.04836230752887307
P09,11,C,beta,1799551287-β-4,P09-T11-Cβ,1,65,F4,10,10,R2,R,False,65,True,R2,True,0.8910936251731927,False,0.5194790363311768,valid,False,6.281042720881451e-05,2.4051678343042254e-05,1.2463319279231494e-06,2.060172820407633e-07,2.9019269030707508e-08,0.015077957209367346,0.8910936251731927,0.07766847910243908,0.01233510794068853,0.0037364871002815003
P09,11,C,beta,1799551287-β-4,P09-T11-Cβ,2,60,C4,7,7,R3,R,False,60,True,R3,True,0.6449632404760555,False,0.6238081455230713,valid,False,0.0035416048981855644,0.001876096565978962,7.64738309055469e-05,1.0771983063138337e-05,8.000737265634853e-07,0.005540314812577995,0.2561393451058151,0.6449632404760555,0.0872862828270305,0.000565069426661222
P09,11,C,beta,1799551287-β-4,P09-T11-Cβ,3,57,A3,5,5,L5,L,False,57,True,L5,True,0.8746722360450604,False,0.9124622344970703,valid,False,0.00031616138036301146,0.0023884145275230527,0.009524326680522107,0.1130222089539603,0.8746722360450604,6.628265775910504e-05,9.792379760877598e-06,4.3240376233066416e-07,1.2513082459596236e-07,1.9840464208654192e-08
P09,11,C,beta,1799551287-β-4,P09-T11-Cβ,4,60,C4,7,7,R3,R,False,60,True,R3,True,0.6912141116629106,False,0.5800600051879883,valid,False,0.0016042828038571,0.00014933691270145111,8.054290352040628e-06,9.288620097247847e-07,1.1128771419424842e-07,0.0013881984329822278,0.20818968962490325,0.6912141116629106,0.09736332828718046,8.19578353889142e-05
P09,11,C,beta,1799551287-β-4,P09-T11-Cβ,5,57,A3,5,5,L5,L,False,57,True,L5,True,0.8158770956022809,False,0.566195011138916,valid,False,0.00026003567940652294,0.003459318612384963,0.011279929061581664,0.1690335557950318,0.8158770956022809,3.781048839491911e-05,4.581888447376306e-05,5.6520539183332765e-06,7.645323789987705e-07,1.9290148189419566e-08
P09,11,C,beta,1799551287-β-4,P09-T11-Cβ,6,62,D4,8,8,R5,R,False,62,True,R5,True,0.9833558580991071,False,1.2134687900543213,valid,False,0.00012035496446375587,7.252247631226097e-07,1.43892532360792e-08,1.947373662268124e-09,1.8387145583795707e-10,6.073593029145286e-06,0.00024387905054983844,0.0012868448799142548,0.01498624766767475,0.9833558580991071
P09,11,C,beta,1799551287-β-4,P09-T11-Cβ,7,65,F4,10,10,R3,R,False,65,True,R3,True,0.5483207860910758,False,0.6410768032073975,valid,False,6.986631683382218e-05,0.00013901971682637372,4.1149050952609486e-06,1.6115571149308742e-07,4.964790244242989e-09,0.00012332291606846827,0.3675504145748679,0.5483207860910758,0.08366832673833498,0.00012398262039544188
P09,11,C,beta,1799551287-β-4,P09-T11-Cβ,8,69,A4,12,12,R5,R,False,69,True,R5,True,0.927737990169978,False,0.7415909767150879,valid,False,3.4892122635291712e-06,4.773547440532266e-07,1.725772574875219e-08,1.136848445657263e-09,3.9488725140828596e-11,6.3235878657452054e-06,0.0005029569770432986,0.0055441834698225865,0.06620456079421963,0.927737990169978
P09,11,C,beta,1799551287-β-4,P09-T11-Cβ,9,64,E4,9,9,R4,R,False,64,True,R4,True,0.6642705490813109,False,0.6765270233154297,valid,False,0.0002655401070895936,1.7929453345774414e-05,8.576534194865036e-07,7.47538023017235e-08,3.721772665953693e-09,0.00011059955652287316,0.017608341336445683,0.28677258644241493,0.6642705490813109,0.030953517893875793
P09,11,C,beta,1799551287-β-4,P09-T11-Cβ,10,60,C4,7,7,R3,R,False,60,True,R3,True,0.6667966650555307,False,0.7173850536346436,valid,False,0.0038577636459855616,0.0009441078697590295,2.5796541393600342e-05,4.438162451167658e-06,3.430909963327146e-07,0.0007944366180161722,0.20299871514001616,0.6667966650555307,0.12427354567621794,0.0003041881996334516
P09,11,C,beta,1799551287-β-4,P09-T11-Cβ,11,57,A3,5,5,L5,L,False,57,True,L5,True,0.9227664658186235,False,0.6593761444091797,valid,False,0.0002355667263630357,0.0016363318932181201,0.0047738702334081924,0.07040643465023252,0.9227664658186235,0.00017821408200145434,2.9895756821960142e-06,1.0384368545597205e-07,2.0143602496391523e-08,3.0331830173155924e-09
P09,11,C,beta,1799551287-β-4,P09-T11-Cβ,12,55,G3,4,4,L4,L,False,55,True,L4,True,0.8615232819973527,False,0.6048429012298584,valid,False,0.0003820397930159743,0.00915861565875611,0.10341004253867722,0.8615232819973527,0.025500602531110177,2.4973167379614878e-05,4.259034334455835e-07,1.4793866046185579e-08,3.23559435827955e-09,3.808141523959099e-10
P09,11,C,beta,1799551287-β-4,P09-T11-Cβ,13,62,D4,8,8,R1,R,False,62,True,R1,True,0.9901780738315134,False,0.5854690074920654,valid,False,0.0012564774102843568,5.714775337775619e-05,2.1503703400513833e-06,2.7960988322808347e-07,2.437103549934493e-08,0.9901780738315134,0.008148915081119234,0.00029460635590571537,5.9479997436458044e-05,2.8452191044881753e-06
P09,11,C,beta,1799551287-β-4,P09-T11-Cβ,14,64,E4,9,9,R2,R,False,64,True,R2,True,0.906375712289989,False,0.41695308685302734,valid,False,0.0003201776615088198,0.000762962736948194,6.389296059869184e-05,3.0563127096955975e-06,8.691794142276732e-08,0.027820626176670124,0.906375712289989,0.05970727746515908,0.00480402406493192,0.00014218341354307933
P09,11,C,beta,1799551287-β-4,P09-T11-Cβ,15,59,B3,6,6,L3,L,False,59,True,L3,True,0.7920443227334235,False,0.39208078384399414,valid,False,0.0004651559065416791,0.15003770150012394,0.7920443227334235,0.05652128841518506,0.0008143356539328212,0.00011684560976438109,2.959314711870531e-07,2.9082246766725503e-08,1.4155849222088248e-08,1.1011461496724069e-08
P09,11,C,beta,1799551287-β-4,P09-T11-Cβ,16,62,D4,8,8,R5,R,False,62,True,R5,True,0.8778406400504788,False,1.0607590675354004,valid,False,0.00034689469307329774,1.353420727444705e-05,6.474073093647508e-07,1.5338876276221322e-07,6.5076319336096565e-09,0.001985886135842881,0.002768417729332527,0.011675178281495667,0.10536864159879847,0.8778406400504788
P09,11,C,beta,1799551287-β-4,P09-T11-Cβ,17,60,C4,7,7,R5,R,False,60,True,R5,True,0.8649938436917076,False,0.9321560859680176,valid,False,0.0008154804553950181,1.5650105665762453e-05,8.785149698767072e-07,1.5731229153840365e-07,1.265728511404776e-08,0.0003505660250101424,0.002716385942188518,0.014686169448899127,0.11642085584658732,0.8649938436917076
P09,11,C,beta,1799551287-β-4,P09-T11-Cβ,18,57,A3,5,5,L5,L,False,57,True,L5,True,0.6667851444970427,False,0.553706169128418,valid,False,0.0009601066079906507,0.004570513746820051,0.013663104531078883,0.31365560044680035,0.6667851444970427,0.0003496515784075629,1.3619082475556722e-05,1.570622334920935e-06,4.195686717134128e-07,2.6931837764012564e-07
P09,11,C,beta,1799551287-β-4,P09-T11-Cβ,19,60,C4,7,7,L3,L,False,60,True,L3,True,0.7694199928715668,False,0.4670999050140381,valid,False,0.0005302731515036956,0.08448422001669381,0.7694199928715668,0.1377130154481401,0.0024245282636126335,0.005102152417809962,0.00029102007585347884,2.249723142764259e-05,8.276268925505767e-06,4.024254466326585e-06
P09,11,C,beta,1799551287-β-4,P09-T11-Cβ,20,57,A3,5,5,L5,L,False,57,True,L5,True,0.9251218844781615,False,0.5653376579284668,valid,False,0.00020401216041499688,0.0012559160307947595,0.003814622903397981,0.06937187447538148,0.9251218844781615,0.0002156925252879861,1.4845262263019601e-05,7.692654156148046e-07,2.8299693120889163e-07,9.990195144688356e-08
P09,11,C,beta,1799551287-β-4,P09-T11-Cβ,21,53,F3,3,3,L4,L,False,53,True,L4,True,0.8014029259805663,False,0.7999968528747559,valid,False,0.0001998978916479734,0.007856868942218273,0.132471012682114,0.8014029259805663,0.058064769014422826,4.262207067121206e-06,2.4515101471440815e-07,1.2205350330037457e-08,4.144882361009709e-09,1.780716056020244e-09
P09,11,C,beta,1799551287-β-4,P09-T11-Cβ,22,50,D3,1,1,L3,L,False,50,True,L3,True,0.7144584278317972,False,0.6189358234405518,valid,False,8.870591447471081e-05,0.027980974920191727,0.7144584278317972,0.25252867638205795,0.004943110942993345,9.860649861516464e-08,4.889232655760759e-09,3.6314080406572283e-10,1.093759082937385e-10,4.0237148020719436e-11
P09,11,C,beta,1799551287-β-4,P09-T11-Cβ,23,55,G3,4,4,L2,L,False,55,True,L2,True,0.7085954003114713,False,0.61928391456604,valid,False,0.0008296368944516527,0.7085954003114713,0.27131613781394903,0.018602290181481098,0.0006355483187866317,1.9759571640838538e-05,1.1174395813727332e-06,7.661518227575053e-08,2.40178008892497e-08,8.83565516930415e-09
P09,11,C,beta,1799551287-β-4,P09-T11-Cβ,24,64,E4,9,9,R4,R,False,64,True,R4,True,0.579071033310179,False,0.601140022277832,valid,False,0.00018269457748050635,9.455488237340786e-05,5.307815896840667e-06,8.099201890369862e-07,4.657486782216131e-08,0.0016486516297334875,0.028156689459185834,0.3307706228390732,0.579071033310179,0.06006958899102085
P09,11,C,beta,1799551287-β-4,P09-T11-Cβ,25,60,C4,7,7,R5,R,False,60,True,R5,True,0.7731206327102821,False,1.1288790702819824,valid,False,0.002281200469837177,0.0001541907347248857,1.2912429482292542e-05,3.3141141832832072e-06,1.390657585603643e-07,0.0006436711213493553,0.005736489083778894,0.02478523672198482,0.1932622135486186,0.7731206327102821
P09,11,C,beta,1799551287-β-4,P09-T11-Cβ,26,57,A3,5,5,L1,L,False,57,True,L1,True,0.9733500800264094,False,0.6907219886779785,valid,False,0.9733500800264094,0.024550784574372517,0.0010962290021547655,0.0001154109331516292,8.571982970226777e-06,0.0003556121348551552,0.00046296534846478337,4.9824114360328285e-05,9.285918295976649e-06,1.2359649651825608e-06
P09,11,C,beta,1799551287-β-4,P09-T11-Cβ,27,50,D3,1,1,L3,L,False,50,True,L3,True,0.7328488077858857,False,1.1978330612182617,valid,False,8.540171394230888e-05,0.020841358786621893,0.7328488077858857,0.2391137584941181,0.007110673219431934,,,,,
P09,11,C,beta,1799551287-β-4,P09-T11-Cβ,28,53,F3,3,3,L1,L,False,53,True,L2,False,0.005517129663739144,False,0.8294570446014404,valid,False,0.005517129663739144,0.9491768199377337,0.04026953000230147,0.00483361726556721,0.0002002930202290773,2.587117414970375e-06,2.0720129380354882e-08,1.420637424801855e-09,6.133041262641488e-10,2.389436173196672e-10
P09,11,C,beta,1799551287-β-4,P09-T11-Cβ,29,62,D4,8,8,R4,R,False,62,True,R4,True,0.6254507078460234,False,0.6553311347961426,valid,False,0.00019481911227836433,5.50814442448798e-06,2.2452410657327978e-07,4.355319568840951e-08,3.23471605624532e-09,0.002185005340930858,0.031549816410975554,0.30443954303581305,0.6254507078460234,0.03617432879753591
P09,12,A,gamma,1799551287-γ-4,P09-T12-Aγ,0,53,F3,3,3,L2,L,False,53,True,L3,False,0.1230605117643933,False,0.6566288471221924,valid,False,0.0004894441058018492,0.1230605117643933,0.7054566226851635,0.16050403143065714,0.010489378807105841,3.6187259128310966e-10,5.202133039658211e-09,1.98012953678218e-09,1.369717618381353e-09,2.2930256469644454e-09
P09,12,A,gamma,1799551287-γ-4,P09-T12-Aγ,1,48,C3,0,0,L2,L,False,48,True,L3,False,0.04217825617965424,False,0.48509693145751953,valid,False,0.00011950471050626439,0.04217825617965424,0.8894263228366478,0.05859074059724276,0.00968498428080361,7.653042826875474e-08,8.342301345080928e-08,2.3181389041055924e-08,6.25554877684901e-09,2.004765747085846e-09
P09,12,A,gamma,1799551287-γ-4,P09-T12-Aγ,2,60,C4,7,7,R4,R,False,60,True,R2,False,0.005360337237175889,False,0.4341752529144287,valid,False,0.00010088780691848059,0.007639523960782757,0.00202072155388128,0.00023103623962371513,1.9125575943021452e-05,0.004066264222900269,0.9454272172746633,0.03436036482918705,0.005360337237175889,0.0007745212989241833
P09,12,A,gamma,1799551287-γ-4,P09-T12-Aγ,3,57,A3,5,5,L5,L,False,57,True,L3,False,0.005993020865820881,False,0.4117908477783203,valid,False,0.0007215271327825761,0.0965601900579027,0.7780974970418942,0.09351556546101113,0.005993020865820881,0.001070510847100016,0.02239547005278923,0.0012505475106378604,0.0003049729249165398,9.069810514503679e-05
P09,12,A,gamma,1799551287-γ-4,P09-T12-Aγ,4,48,C3,0,0,L2,L,False,48,True,L3,False,0.020281114791103994,False,0.4975740909576416,valid,False,6.453191955160693e-05,0.020281114791103994,0.7894448706879298,0.1797074054698583,0.010499524843329045,1.5689196051066023e-06,8.823352141327993e-07,7.514518962861665e-08,2.0002234582560096e-08,5.885983917911796e-09
P09,12,A,gamma,1799551287-γ-4,P09-T12-Aγ,5,57,A3,5,5,L5,L,False,57,True,L3,False,0.002828746606072044,False,0.5496649742126465,valid,False,0.0015153255872773113,0.08273397376322912,0.8544213809869771,0.047705240401005565,0.002828746606072044,0.0005325326058310424,0.00915979628585232,0.0008197928904431563,0.00021490095329475422,6.83099200174578e-05
P09,12,A,gamma,1799551287-γ-4,P09-T12-Aγ,6,57,A3,5,5,R4,R,False,57,True,L3,False,0.00020526779361117395,False,0.38841795921325684,valid,False,0.0007170536977325327,0.0943984305875502,0.8333098123357214,0.05889317326102408,0.003052462543354609,0.0006232049954140184,0.00795112443010714,0.0007857061595733854,0.00020526779361117395,6.376419591128837e-05
P09,12,A,gamma,1799551287-γ-4,P09-T12-Aγ,7,52,E3,2,2,L2,L,False,52,True,L3,False,0.024833513615574888,False,0.37501072883605957,valid,False,0.00015025566793268149,0.024833513615574888,0.7891633437844828,0.1729822055797798,0.012818223942370423,2.365817552309684e-05,2.527531654186443e-05,2.58457801670394e-06,7.159641619291889e-07,2.2337561583876102e-07
P09,12,A,gamma,1799551287-γ-4,P09-T12-Aγ,8,57,A3,5,5,L4,L,False,57,True,L3,False,0.05508218728376028,False,0.3741729259490967,valid,False,0.0008408525156476907,0.09720897874897125,0.8350133549657721,0.05508218728376028,0.002928242733663607,0.0007491884661506923,0.007098848043804842,0.000791763401367783,0.00021781911566856298,6.876472519335709e-05
P09,12,A,gamma,1799551287-γ-4,P09-T12-Aγ,9,67,G4,11,11,R5,R,False,67,True,R2,False,0.016652175925071195,False,0.620326042175293,valid,False,4.165507779816908e-06,1.220074863524893e-05,1.9099376438480977e-06,2.234873328710226e-07,2.0034680570148697e-08,0.00381482983395968,0.8387633471980113,0.0967304845379011,0.0440206427889845,0.016652175925071195
P09,12,A,gamma,1799551287-γ-4,P09-T12-Aγ,10,55,G3,4,4,L1,L,False,55,True,L3,False,0.0005559525492380878,False,0.27265095710754395,valid,False,0.0005559525492380878,0.08489103638172864,0.7475151284806312,0.15721857583966609,0.009079086929147566,0.0004840463807619304,0.00020928035035641627,3.575702565622061e-05,8.359737833158715e-06,2.7763249807313714e-06
P09,12,A,gamma,1799551287-γ-4,P09-T12-Aγ,11,62,D4,8,8,R4,R,False,62,True,R2,False,0.023885752395340784,False,0.3799002170562744,valid,False,0.00017085818867448963,0.007331697847225103,0.0030572613601356578,0.0003992989812101039,2.6605164240778916e-05,0.013079406251797472,0.8404889850176136,0.10718669630828194,0.023885752395340784,0.004373438485479929
P09,12,A,gamma,1799551287-γ-4,P09-T12-Aγ,12,67,G4,11,11,R5,R,False,67,True,R2,False,0.009773536386802997,False,0.43847227096557617,valid,False,6.432476921882422e-06,6.05330197838757e-05,1.395614912482316e-05,1.772535987756861e-06,1.3461604668928436e-07,0.009229417962705997,0.7592919773350032,0.17554187414080455,0.04608036537681811,0.009773536386802997
P09,12,A,gamma,1799551287-γ-4,P09-T12-Aγ,13,57,A3,5,5,L3,L,False,57,True,L3,True,0.772594669672294,False,0.3462557792663574,valid,False,0.0010262519177360696,0.08463754936157387,0.772594669672294,0.12807943627965218,0.0062622648734451634,0.0025266178260481974,0.004259951076216217,0.00047046161267829116,0.00011862094912032888,2.417643123565036e-05
P09,12,A,gamma,1799551287-γ-4,P09-T12-Aγ,14,64,E4,9,9,R1,R,False,64,True,R2,False,0.014512596523308904,False,0.35486483573913574,valid,False,9.021743012848637e-05,0.003839221669341251,0.002585808397456605,0.00023592466589862307,1.5578690262627386e-05,0.014512596523308904,0.6532340400816691,0.24477498723321292,0.06480675898853264,0.01590486632018886
P09,12,A,gamma,1799551287-γ-4,P09-T12-Aγ,15,57,A3,5,5,R2,R,False,57,True,L3,False,0.003076634018429785,False,0.34538698196411133,valid,False,0.001044515844261406,0.09577424711564242,0.7185472311758211,0.1675145535215692,0.008802269801802138,0.004604082499725009,0.003076634018429785,0.0004903094207798957,0.00012222124749976354,2.3935354469212978e-05
P09,12,A,gamma,1799551287-γ-4,P09-T12-Aγ,16,59,B3,6,6,L5,L,False,59,True,L3,False,0.0035199727094366285,False,0.388153076171875,valid,False,0.0010341686804203655,0.08423393736634262,0.8476307230156483,0.05129476177957905,0.0035199727094366285,0.003896033023638649,0.00699518455664847,0.0010587762129368337,0.00027222233409038055,6.422032125889322e-05
P09,12,A,gamma,1799551287-γ-4,P09-T12-Aγ,17,52,E3,2,2,L2,L,False,52,True,L3,False,0.036376721860585826,False,0.3770720958709717,valid,False,0.00019413856554491922,0.036376721860585826,0.8268351001460141,0.12616685537478398,0.01041472239681827,8.76226750658607e-06,3.218960367248707e-06,3.6309430150663385e-07,9.42528940955181e-08,2.3081183521390822e-08
P09,12,A,gamma,1799551287-γ-4,P09-T12-Aγ,18,53,F3,3,3,L4,L,False,53,True,L3,False,0.21897954521300972,False,0.32910895347595215,valid,False,0.0003534887223097409,0.06045513455121915,0.6985301380637683,0.21897954521300972,0.02151637757719932,0.00010930427539603406,4.88797802243694e-05,5.400351555540193e-06,1.389608638835076e-06,3.4185667906615564e-07
P09,12,A,gamma,1799551287-γ-4,P09-T12-Aγ,19,62,D4,8,8,R5,R,False,62,True,R2,False,0.0013191361374446928,False,0.4102180004119873,valid,False,0.0003255449877377768,0.009634030034288492,0.0022556155192742684,0.0003829617106567571,2.8198244531700464e-05,0.02540939392265612,0.8863862561279083,0.06360183043554955,0.010657032879952351,0.0013191361374446928
P09,12,A,gamma,1799551287-γ-4,P09-T12-Aγ,20,62,D4,8,8,L4,L,False,62,True,R2,False,0.0002682540331805134,False,0.3558349609375,valid,False,0.0001615069640310913,0.00694538951662281,0.0016172008348336949,0.0002682540331805134,1.9039502798477192e-05,0.007635883891227651,0.9143690898482657,0.060757809709360316,0.007901416647111026,0.0003244090525685733
P09,12,A,gamma,1799551287-γ-4,P09-T12-Aγ,21,65,F4,10,10,R1,R,False,65,True,R2,False,0.009676139613690488,False,0.36780285835266113,valid,False,5.590529473514699e-05,0.0006834539190681572,9.354954747180255e-05,1.6087248610728243e-05,1.3749642634280661e-06,0.009676139613690488,0.7681081630649773,0.1372081514941467,0.06038919241398856,0.023767982439047704
P09,12,A,gamma,1799551287-γ-4,P09-T12-Aγ,22,67,G4,11,11,R4,R,False,67,True,R2,False,0.040165129430851966,False,0.4448099136352539,valid,False,1.0054197109343879e-05,7.911382612629498e-05,8.821081267749924e-06,1.6349984253449302e-06,1.4215757646120684e-07,0.014683791889996235,0.8097564636228342,0.11867884452682576,0.040165129430851966,0.016616004268986694
P09,12,A,gamma,1799551287-γ-4,P09-T12-Aγ,23,71,B4,13,13,R5,R,False,71,True,R2,False,0.01705490494342219,False,0.394578218460083,valid,False,4.800097622386267e-07,1.6580231740726812e-06,1.7050875188256884e-07,3.355731283747294e-08,3.1797465477603837e-09,0.008567837940705888,0.825870385001624,0.10738686151443047,0.041117665321069974,0.01705490494342219
P09,12,A,gamma,1799551287-γ-4,P09-T12-Aγ,24,65,F4,10,10,R2,R,False,65,True,R2,True,0.7792881042697589,False,0.3593180179595947,valid,False,3.537962519858703e-05,0.0004385313148703645,6.01805033583583e-05,1.1025946359583035e-05,9.329244175357543e-07,0.02020935108924578,0.7792881042697589,0.13644765250875598,0.04589249159187522,0.017616350226159903
P09,12,A,gamma,1799551287-γ-4,P09-T12-Aγ,25,52,E3,2,2,L2,L,False,52,True,L3,False,0.019096473376546914,False,0.4091928005218506,valid,False,0.0001240294589573667,0.019096473376546914,0.794122375046894,0.17368400311748056,0.012960424005768911,1.0679887961728949e-05,1.6035997698796466e-06,2.9828409692173075e-07,8.128640605915672e-08,3.1936117879561696e-08
P09,12,A,gamma,1799551287-γ-4,P09-T12-Aγ,26,71,B4,13,13,R2,R,False,71,True,R2,True,0.8276397403206269,False,0.563654899597168,valid,False,3.48732972198479e-07,4.4894122697465513e-07,2.8894428949557678e-08,6.948752713005296e-09,9.84791736194186e-10,0.012140421932844408,0.8276397403206269,0.10761692850564629,0.03803770723834399,0.01456436750036594
P09,12,A,gamma,1799551287-γ-4,P09-T12-Aγ,27,62,D4,8,8,L4,L,False,62,True,R2,False,0.0004823295963000405,False,0.4023590087890625,valid,False,0.0001661747247220267,0.007571651152548177,0.0022525931755732983,0.0004823295963000405,3.963846493432809e-05,0.0057199320082984605,0.8883882499804391,0.08025875251691798,0.012714546221797518,0.002406132158469345
P09,12,A,gamma,1799551287-γ-4,P09-T12-Aγ,28,60,C4,7,7,L2,L,False,60,True,R2,False,0.023706631716377453,False,0.5276758670806885,valid,False,0.00023563845809085695,0.023706631716377453,0.0202009865002308,0.004474173022558721,0.0003520341486969745,0.013001427036457808,0.8897988896632544,0.04112240991165907,0.006127060128543772,0.0009807494141302728
P09,12,A,gamma,1799551287-γ-4,P09-T12-Aγ,29,65,F4,10,10,R4,R,False,65,True,R2,False,0.05567193557752516,False,0.35387420654296875,valid,False,3.401396264437896e-05,0.0005860082719335143,9.832941215247824e-05,2.153254243409548e-05,2.1061425407034187e-06,0.007620399635729928,0.8175822727918346,0.10214072682968318,0.05567193557752516,0.0162426748335218
P09,13,C,alpha,1799551287-α-5,P09-T13-Cα,0,60,C4,7,7,R5,R,False,60,True,R5,True,0.9899828633338699,False,2.2124438285827637,valid,False,2.1019338863048546e-05,2.625950464434565e-06,2.6859326012898683e-07,5.644113243451028e-08,1.7693515051583966e-08,1.383368723028356e-05,0.00012760323611010063,0.000665646988723374,0.009186064736831097,0.9899828633338699
P09,13,C,alpha,1799551287-α-5,P09-T13-Cα,1,62,D4,8,8,R4,R,False,62,True,R4,True,0.8872250623342115,False,0.6663222312927246,valid,False,0.00024885153404869293,0.00015078484654431297,8.464271599746251e-06,1.6418997628803748e-06,1.9707990239110585e-07,0.0002866158583163433,0.0027366905473853857,0.04244031281324027,0.8872250623342115,0.06690137881498845
P09,13,C,alpha,1799551287-α-5,P09-T13-Cα,2,59,B3,6,6,L1,L,False,59,True,L1,True,0.6792930819131638,False,0.5490131378173828,valid,False,0.6792930819131638,0.28175916240109705,0.0028011850838213386,0.00019418434716500933,1.0900492274208895e-05,0.03322215921782279,0.00261444718072751,9.451966905468254e-05,1.0062422601983465e-05,2.972722715972677e-07
P09,13,C,alpha,1799551287-α-5,P09-T13-Cα,3,57,A3,5,5,L2,L,False,57,True,L2,True,0.9441757202378572,False,0.4443638324737549,valid,False,0.01949800773944954,0.9441757202378572,0.030274697363633196,0.002075728742316894,6.394782855705202e-05,0.0027288174301184653,0.0009912801716325484,0.00016046367165550455,2.9906252496318763e-05,1.4305622833470008e-06
P09,13,C,alpha,1799551287-α-5,P09-T13-Cα,4,59,B3,6,6,L3,L,False,59,True,L3,True,0.8445619363435497,False,0.4521300792694092,valid,False,0.0005814845541747146,0.09593644054216922,0.8445619363435497,0.05537433702622526,0.0009033458969092501,0.0021742218060663873,0.0004226622316725073,3.683959999339696e-05,8.057258429120637e-06,6.747408102844727e-07
P09,13,C,alpha,1799551287-α-5,P09-T13-Cα,5,57,A3,5,5,L4,L,False,57,True,L4,True,0.7746351865708593,False,0.5806148052215576,valid,False,0.0004669464770952223,0.014755032236025522,0.2019001536630687,0.7746351865708593,0.008104278981556749,0.00010918456553333757,2.6579692131445538e-05,2.054736201284213e-06,4.6773539909887454e-07,1.1534212934579804e-07
P09,13,C,alpha,1799551287-α-5,P09-T13-Cα,6,59,B3,6,6,L3,L,False,59,True,L3,True,0.7724795698521435,False,0.5055642127990723,valid,False,0.0010096518431037653,0.17247547444577171,0.7724795698521435,0.052963635828802806,0.0003294289960086698,0.0005805603240825429,0.00014802198952675182,1.0563037094891104e-05,2.3102617749698707e-06,7.834216903679732e-07
P09,13,C,alpha,1799551287-α-5,P09-T13-Cα,7,57,A3,5,5,L2,L,False,57,True,L2,True,0.8906081024961409,False,0.5480232238769531,valid,False,0.003896762295389281,0.8906081024961409,0.09868219061965756,0.006500665073329429,0.00017762236818646211,0.00010858032476674699,2.4038573507672758e-05,1.5835351265789778e-06,3.4633795558920264e-07,1.0837593972922036e-07
P09,13,C,alpha,1799551287-α-5,P09-T13-Cα,8,60,C4,7,7,R3,R,False,60,True,R3,True,0.6218763776731039,False,0.5969247817993164,valid,False,0.0021426528632644444,0.00010154444681087053,6.426927605761476e-06,1.150845169269745e-06,6.998296681522271e-08,0.0030426879634985102,0.1606498863316797,0.6218763776731039,0.21118643536206838,0.000992767603832288
P09,13,C,alpha,1799551287-α-5,P09-T13-Cα,9,62,D4,8,8,R2,R,False,62,True,R2,True,0.8077727813284753,False,0.4975275993347168,valid,False,0.001048559047106715,0.0005567053396355606,2.458253144242976e-05,3.196434873587517e-06,1.3029373032073746e-07,0.014768273724522562,0.8077727813284753,0.16308651188107734,0.012607360470769803,0.00013189894836622266
P09,13,C,alpha,1799551287-α-5,P09-T13-Cα,10,64,E4,9,9,R1,R,False,64,True,R1,True,0.8344702598367535,False,0.4554581642150879,valid,False,0.0005141507583604078,0.0002482788185875676,1.0120391846774202e-05,1.1671354146818557e-06,4.3917271112398915e-08,0.8344702598367535,0.15552354021241532,0.007743061129367761,0.0014431050893964727,4.627271058653227e-05
P09,13,C,alpha,1799551287-α-5,P09-T13-Cα,11,59,B3,6,6,L1,L,False,59,True,L1,True,0.7238550085759763,False,0.5565268993377686,valid,False,0.7238550085759763,0.26629137604407976,0.0033912233638993417,0.00015638898338484123,6.374759640702215e-06,0.004405159441391827,0.0017942571780985468,8.582809383851625e-05,1.3096517915730937e-05,1.2870417745106385e-06
P09,13,C,alpha,1799551287-α-5,P09-T13-Cα,12,62,D4,8,8,R2,R,False,62,True,R2,True,0.8034573786423901,False,0.5276749134063721,valid,False,0.0012655691420403346,0.0013349904511685265,6.646526086277296e-05,4.041756675466677e-06,1.520842581365787e-07,0.04333341901886241,0.8034573786423901,0.13823071529615516,0.012048306843411601,0.00025896150417560794
P09,13,C,alpha,1799551287-α-5,P09-T13-Cα,13,60,C4,7,7,R3,R,False,60,True,R3,True,0.5124319450361416,False,0.5876412391662598,valid,False,0.0017977895732288701,0.0018206032678574693,6.581996363371812e-05,5.511976063048598e-06,3.488627121863563e-07,0.009200130452494477,0.37493696742873284,0.5124319450361416,0.09940157036931477,0.0003393130698209393
P09,13,C,alpha,1799551287-α-5,P09-T13-Cα,14,57,A3,5,5,L3,L,False,57,True,L3,True,0.5048561804557471,False,0.5004770755767822,valid,False,0.0013151436187832035,0.4850604864726613,0.5048561804557471,0.008535838530611522,8.930244583883129e-05,0.00013356036329105326,7.47847486781612e-06,1.7718582887922477e-06,2.3039244915090988e-07,7.387461383939092e-09
P09,13,C,alpha,1799551287-α-5,P09-T13-Cα,15,55,G3,4,4,L4,L,False,55,True,L4,True,0.9282543954768758,False,0.4347419738769531,valid,False,0.0001474501298363901,0.0041084569984378705,0.03994545864219492,0.9282543954768758,0.02751330563345628,2.905681829098517e-05,1.523577377199656e-06,2.9554360406263524e-07,5.2921854719375694e-08,4.258071619176856e-09
P09,13,C,alpha,1799551287-α-5,P09-T13-Cα,16,60,C4,7,7,R3,R,False,60,True,R3,True,0.6140539848006266,False,0.44782400131225586,valid,False,0.0011846818378682773,0.008089921145709765,0.0005827965335574478,6.457569660078512e-05,2.5454195065899657e-06,0.006107489898763271,0.29889216238291516,0.6140539848006266,0.07081585012103686,0.00020599216341522726
P09,13,C,alpha,1799551287-α-5,P09-T13-Cα,17,55,G3,4,4,L4,L,False,55,True,L4,True,0.7962160933783218,False,0.40825390815734863,valid,False,0.0002013251031174395,0.012542359261092916,0.16003250222094134,0.7962160933783218,0.030991211139266842,1.4396233089039807e-05,1.4734784559399106e-06,5.641844184169838e-07,7.336017262445493e-08,1.641123685110605e-09
P09,13,C,alpha,1799551287-α-5,P09-T13-Cα,18,57,A3,5,5,L3,L,False,57,True,L3,True,0.7381964461363476,False,0.4767732620239258,valid,False,0.00039664211015229684,0.11617551214378515,0.7381964461363476,0.1431953778405148,0.0019003968108000046,0.00011661858430758813,1.6313047623973288e-05,2.297830128722685e-06,3.649354666746711e-07,3.056087311233028e-08
P09,13,C,alpha,1799551287-α-5,P09-T13-Cα,19,62,D4,8,8,R1,R,False,62,True,R1,True,0.9558850970446339,False,0.5136172771453857,valid,False,0.0005366058420721921,0.01120523522398936,0.002101471291581264,0.00022371949069767823,4.3262281329626624e-06,0.9558850970446339,0.02718424872175359,0.0023694022649423194,0.00045961675155764634,3.027714063912102e-05
P09,13,C,alpha,1799551287-α-5,P09-T13-Cα,20,64,E4,9,9,R2,R,False,64,True,R2,True,0.7937711328503044,False,0.461594820022583,valid,False,9.498491376715974e-05,0.009731362978323176,0.004847903992385114,0.0006083041077559589,8.380349845621712e-06,0.15397575791959123,0.7937711328503044,0.03367632855949122,0.0031797264590191737,0.00010611786951683858
P09,13,C,alpha,1799551287-α-5,P09-T13-Cα,21,62,D4,8,8,R3,R,False,62,True,R3,True,0.5759749759706928,False,0.49805498123168945,valid,False,0.0002599313735527265,0.013850624462674375,0.002129876965244154,0.00027694515612035125,3.6128754828167464e-06,0.004933576666898286,0.24771113544832363,0.5759749759706928,0.15386324913070443,0.0009960719503064412
P09,13,C,alpha,1799551287-α-5,P09-T13-Cα,22,59,B3,6,6,L3,L,False,59,True,L3,True,0.7791069299639982,False,0.41644883155822754,valid,False,0.000841078804913111,0.13522365082146665,0.7791069299639982,0.08204860270696973,0.0011561203418604552,0.0013059491317254756,0.0002246818405275406,8.265582993464275e-05,9.532293591714185e-06,7.982650126619645e-07
P09,13,C,alpha,1799551287-α-5,P09-T13-Cα,23,57,A3,5,5,L4,L,False,57,True,L4,True,0.7648567625601785,False,0.4215660095214844,valid,False,0.00029391907024328473,0.013712201890582556,0.2009437684822289,0.7648567625601785,0.019984138713367003,0.00017526203597330965,2.5215121064193757e-05,7.59464851720061e-06,1.069770197583233e-06,6.770764754348521e-08
P09,13,C,alpha,1799551287-α-5,P09-T13-Cα,24,55,G3,4,4,L5,L,False,55,True,L5,True,0.8196026380828072,False,0.553394079208374,valid,False,0.0002501134390031389,0.0019831115782784343,0.010404231251266318,0.16772488010359926,0.8196026380828072,3.0280659877670665e-05,3.6567505093886562e-06,9.385444268650043e-07,1.3759714724704887e-07,1.19930845127924e-08
P09,13,C,alpha,1799551287-α-5,P09-T13-Cα,25,57,A3,5,5,L4,L,False,57,True,L4,True,0.7780945670801263,False,0.5289511680603027,valid,False,0.00032342768926036286,0.012442895533177395,0.17401064058994573,0.7780945670801263,0.03501863951765446,9.025100563520458e-05,1.5250363628952402e-05,3.7606933699051613e-06,5.297253296530848e-07,3.780187204021923e-08
P09,13,C,alpha,1799551287-α-5,P09-T13-Cα,26,55,G3,4,4,L5,L,False,55,True,L5,True,0.8920080545454656,False,0.4981820583343506,valid,False,0.0002412331872441627,0.0014755923164366121,0.005655266345174559,0.1005976133584783,0.8920080545454656,1.8032036249971306e-05,3.3913580343637798e-06,7.126466533763537e-07,9.644623668231298e-08,7.760026275931234e-09
P09,13,C,alpha,1799551287-α-5,P09-T13-Cα,27,53,F3,3,3,L4,L,False,53,True,L4,True,0.8095183730831702,False,0.6426641941070557,valid,False,0.00012003166202153197,0.005709251031067406,0.07579103810056469,0.8095183730831702,0.1088585874467764,2.1835802061939597e-06,4.3352524406116075e-07,8.752723723873155e-08,1.2832102355232868e-08,1.211609968458885e-09
P09,13,C,alpha,1799551287-α-5,P09-T13-Cα,28,64,E4,9,9,R2,R,False,64,True,R2,True,0.8237941535611644,False,0.43629908561706543,valid,False,0.00013017680296776313,0.006148743599951465,0.002558687179953616,0.00020912498717355434,3.922199150409018e-06,0.08095720527036565,0.8237941535611644,0.0777828278470541,0.008280643518986282,0.00013451503323281112
P09,13,C,alpha,1799551287-α-5,P09-T13-Cα,29,65,F4,10,10,R1,R,False,65,True,R1,True,0.5756994272424429,False,0.5877230167388916,valid,False,5.799696038628558e-05,0.0021722175656492225,0.0006900406799230266,6.771183924664511e-05,1.4003959912609346e-06,0.5756994272424429,0.3859028665718455,0.028662386743459622,0.006023001341507489,0.0007229506595478323
P09,14,A,beta,1799551287-β-8,P09-T14-Aβ,0,62,D4,8,8,R3,R,False,62,True,R2,False,0.1985225454344288,False,0.510523796081543,valid,False,0.0002177151842155413,0.0014036288974372132,0.0002938541472373325,0.00027874994537843895,0.00017713789025707334,0.008214789549118171,0.7673352979853468,0.1985225454344288,0.022993049084379536,0.00056323188220114
P09,14,A,beta,1799551287-β-8,P09-T14-Aβ,1,59,B3,6,6,L3,L,False,59,True,L2,False,0.10800649056870498,False,0.4504549503326416,valid,False,0.005596779388896517,0.8784267319388945,0.10800649056870498,0.006567881455412964,0.0001944055813298961,6.574634173447712e-05,0.0010718487591052162,5.956847442358818e-05,9.237596994644464e-06,1.3098945033272391e-06
P09,14,A,beta,1799551287-β-8,P09-T14-Aβ,2,60,C4,7,7,R4,R,False,60,True,R2,False,0.003317997980067105,False,0.37964701652526855,valid,False,0.0006698272043476019,0.03657487696489224,0.23207034439311794,0.10130965067117044,0.00679729286619434,0.0049849174997022355,0.5677209227778496,0.04649578126472916,0.003317997980067105,5.8388377929324965e-05
P09,14,A,beta,1799551287-β-8,P09-T14-Aβ,3,64,E4,9,9,R4,R,False,64,True,R2,False,0.006592988294747583,False,0.35294389724731445,valid,False,0.00014076992671582892,0.005676764777555814,0.007247696891039431,0.002236152660233929,0.00018158931404296406,0.005847456057648634,0.867839426229132,0.10416817961673093,0.006592988294747583,6.897623215297219e-05
P09,14,A,beta,1799551287-β-8,P09-T14-Aβ,4,60,C4,7,7,L5,L,False,60,True,R2,False,0.010535318766375647,False,0.35641026496887207,valid,False,0.00037286420646008805,0.014782721264873734,0.071527824506011,0.06590758228332814,0.010535318766375647,0.003463868320277056,0.7898417804467772,0.041823526520997384,0.0017048191191435032,3.969456575629794e-05
P09,14,A,beta,1799551287-β-8,P09-T14-Aβ,5,60,C4,7,7,R2,R,False,60,True,R2,True,0.7417234282089483,False,0.37174105644226074,valid,False,0.0003782387377004974,0.018317641971032222,0.10309521165279109,0.07234696221030637,0.008520663332312165,0.0018777500810638053,0.7417234282089483,0.0518245843272446,0.001873605477906265,4.191400069470314e-05
P09,14,A,beta,1799551287-β-8,P09-T14-Aβ,6,57,A3,5,5,L2,L,False,57,True,L3,False,0.09517736750183976,False,0.38486695289611816,valid,False,0.0008181969027118427,0.09517736750183976,0.7833911446354875,0.11485059587482657,0.005606891708436211,1.442107217360382e-05,0.0001357179886591042,5.214208985896659e-06,4.36654679390799e-07,1.3452200187366505e-08
P09,14,A,beta,1799551287-β-8,P09-T14-Aβ,7,55,G3,4,4,L3,L,False,55,True,L4,False,0.07924692194015485,False,0.3162391185760498,valid,False,0.0002220938539412225,0.00822105541841814,0.07924692194015485,0.8472883616230567,0.0649904588343679,4.499720148865179e-06,2.5501195562116304e-05,1.0098445077238443e-06,9.534974381284549e-08,2.2200986797512326e-09
P09,14,A,beta,1799551287-β-8,P09-T14-Aβ,8,50,D3,1,1,L2,L,False,50,True,L5,False,0.00026876673774174165,False,0.4880092144012451,valid,False,2.5403593469271668e-05,0.00026876673774174165,0.0020857897585717026,0.08606885062540692,0.9115510185404595,4.126727131088992e-08,1.2405650988418432e-07,4.906977258450164e-09,5.019062762517574e-10,1.1686255428777275e-11
P09,14,A,beta,1799551287-β-8,P09-T14-Aβ,9,55,G3,4,4,L3,L,False,55,True,L4,False,0.06987429263044052,False,0.39586615562438965,valid,False,0.00020618504315429321,0.005885675602708159,0.06987429263044052,0.877011351812113,0.04699080669706863,4.225227137333702e-06,2.634512715135012e-05,1.004284366953734e-06,1.112778797523907e-07,2.2979800413582506e-09
P09,14,A,beta,1799551287-β-8,P09-T14-Aβ,10,60,C4,7,7,R2,R,False,60,True,R2,True,0.784541774595048,False,0.46167588233947754,valid,False,0.00022427099050434927,0.00788608505303277,0.10617618327577559,0.05029449175930967,0.0012330122376573761,0.0021655825866464993,0.784541774595048,0.04583737565768698,0.0015921731128170128,4.905073152184849e-05
P09,14,A,beta,1799551287-β-8,P09-T14-Aβ,11,64,E4,9,9,R4,R,False,64,True,R2,False,0.0037956903858975943,False,0.34713292121887207,valid,False,8.007899298626727e-05,0.004972267189825894,0.012840431415999363,0.0010842653142863984,2.057871793518107e-05,0.0017751169608085922,0.9103838412696548,0.06496614669662201,0.0037956903858975943,8.158305598387343e-05
P09,14,A,beta,1799551287-β-8,P09-T14-Aβ,12,60,C4,7,7,R3,R,False,60,True,R2,False,0.039498785830592215,False,0.3500187397003174,valid,False,0.00025531955367953603,0.012382323519532315,0.20590513457894566,0.06210518979307116,0.001017004464480154,0.0015776550686094403,0.6760519572783561,0.039498785830592215,0.0011691417504030648,3.74881623303386e-05
P09,14,A,beta,1799551287-β-8,P09-T14-Aβ,13,57,A3,5,5,L5,L,False,57,True,L4,False,0.03998441693600026,False,0.3418850898742676,valid,False,0.0004911044507066528,0.014760988504783367,0.19900852511267336,0.7452898084263238,0.03998441693600026,3.0490659775929682e-05,0.0004145579670526558,1.8569648119540442e-05,1.3792342120193457e-06,1.590603524409678e-07
P09,14,A,beta,1799551287-β-8,P09-T14-Aβ,14,60,C4,7,7,L3,L,False,60,True,R2,False,0.15696543801745602,False,0.4176750183105469,valid,False,0.00026011724331740553,0.011238623880121418,0.15696543801745602,0.05655113980683141,0.000948534411444249,0.0016241214935539235,0.7191770877630337,0.051385519263417466,0.0017848893176246564,6.452880319967897e-05
P09,14,A,beta,1799551287-β-8,P09-T14-Aβ,15,57,A3,5,5,L4,L,False,57,True,L4,True,0.7943924902872951,False,0.3391880989074707,valid,False,0.0004729610485940476,0.013715063876045984,0.15870352225007467,0.7943924902872951,0.03237422598143455,2.8367910352636947e-05,0.00030020808150032634,1.2247635994836341e-05,8.397365547394472e-07,7.319215311484092e-08
P09,14,A,beta,1799551287-β-8,P09-T14-Aβ,16,60,C4,7,7,L2,L,False,60,True,R2,False,0.007929883492189229,False,0.38052821159362793,valid,False,0.00028668774372230725,0.007929883492189229,0.15927596767894306,0.06117127887453312,0.0011039736675113882,0.0016467676469269384,0.7282455924023117,0.039276970058488805,0.0010311125279054757,3.176590746820302e-05
P09,14,A,beta,1799551287-β-8,P09-T14-Aβ,17,64,E4,9,9,R2,R,False,64,True,R2,True,0.863375115015805,False,0.3431088924407959,valid,False,8.214941678100206e-05,0.005693332288386178,0.016039822808126263,0.0008656961136504725,1.6943075491233606e-05,0.0013782978014855985,0.863375115015805,0.10786163632590001,0.004576109855282915,0.00011089729909127633
P09,14,A,beta,1799551287-β-8,P09-T14-Aβ,18,59,B3,6,6,L1,L,False,59,True,L4,False,0.0005151739766580155,False,0.42617177963256836,valid,False,0.0005151739766580155,0.02566905280583284,0.2460765763703897,0.658202532193783,0.01671277051770411,0.0008630125594877696,0.04800874342457307,0.003718731419086752,0.0002172693597032565,1.6137372781498068e-05
P09,14,A,beta,1799551287-β-8,P09-T14-Aβ,19,55,G3,4,4,L2,L,False,55,True,L4,False,0.002405713952026919,False,0.3059210777282715,valid,False,9.100802645920744e-05,0.002405713952026919,0.030606382704084775,0.9121390939970014,0.054620332144368754,1.5508378236399342e-05,0.00011711901465275503,4.408558533056282e-06,4.162570806651376e-07,1.696755602951156e-08
P09,14,A,beta,1799551287-β-8,P09-T14-Aβ,20,60,C4,7,7,L3,L,False,60,True,R2,False,0.19605326675312995,False,0.36107707023620605,valid,False,0.00014637058664377424,0.01577436874491801,0.19605326675312995,0.05752292292809443,0.000891679128379011,0.0012911079181100128,0.6738965102095027,0.05237274861548879,0.0019706952346012947,8.032988113201223e-05
P09,14,A,beta,1799551287-β-8,P09-T14-Aβ,21,64,E4,9,9,R2,R,False,64,True,R2,True,0.7914285116724543,False,0.34569501876831055,valid,False,4.4318209991749424e-05,0.004322565761045932,0.010791146750240645,0.0007464963315652758,1.5101054405273984e-05,0.0010339202494899042,0.7914285116724543,0.18015895691815886,0.010955477452687183,0.0005035055999608672
P09,14,A,beta,1799551287-β-8,P09-T14-Aβ,22,60,C4,7,7,R3,R,False,60,True,R2,False,0.06489449574498994,False,0.26809096336364746,valid,False,0.00010359800654226505,0.004449371315527876,0.11360900912133623,0.037316538254454586,0.0006703719844217939,0.0009349734075584065,0.7749223329539083,0.06489449574498994,0.0029825027850543012,0.00011680642620630332
P09,14,A,beta,1799551287-β-8,P09-T14-Aβ,23,57,A3,5,5,L2,L,False,57,True,L4,False,0.008324726682194554,False,0.3667421340942383,valid,False,0.00014791249748880443,0.008324726682194554,0.08558827803731155,0.8731282180420721,0.03124588274674067,8.207191438106844e-05,0.0013938677203134309,8.143764982573284e-05,7.098174899873538e-06,5.065347723882498e-07
P09,14,A,beta,1799551287-β-8,P09-T14-Aβ,24,62,D4,8,8,R4,R,False,62,True,R2,False,0.0038703875205654504,False,0.30918383598327637,valid,False,7.299178298426994e-05,0.007525474904483029,0.04330747805530457,0.005963268481755408,0.00010765215975615413,0.0011200290657598952,0.8569286302498063,0.08091139253148835,0.0038703875205654504,0.0001926952480965195
P09,14,A,beta,1799551287-β-8,P09-T14-Aβ,25,59,B3,6,6,L1,L,False,59,True,L4,False,0.0005508550475988503,False,0.46309804916381836,valid,False,0.0005508550475988503,0.022667014519967988,0.2083429717091043,0.7303226878402646,0.016470280660136952,0.000341372342675818,0.019406399427241195,0.0016325545362045495,0.00023934386106507156,2.6520055740645583e-05
P09,14,A,beta,1799551287-β-8,P09-T14-Aβ,26,60,C4,7,7,L2,L,False,60,True,R2,False,0.003330693420471207,False,0.39444565773010254,valid,False,0.00011560354206960529,0.003330693420471207,0.06427562755449222,0.12411996129400789,0.0037794502228845677,0.0011027447200516254,0.7413981287687775,0.05933388246981102,0.0024185798200628437,0.00012532818737146276
P09,14,A,beta,1799551287-β-8,P09-T14-Aβ,27,60,C4,7,7,R2,R,False,60,True,R2,True,0.8328605001656428,False,0.3689079284667969,valid,False,6.702644870334574e-05,0.0009276193267060857,0.03394922959327604,0.06270492891930793,0.001819322685444167,0.0010885713640316954,0.8328605001656428,0.06438406479078182,0.002148706775405887,5.002993070033277e-05
P09,14,A,beta,1799551287-β-8,P09-T14-Aβ,28,65,F4,10,10,R2,R,False,65,True,R2,True,0.7903710614311379,False,0.6998891830444336,valid,False,1.6691606416534965e-05,0.0013848582332869608,0.003960880224773303,0.0003593643637774292,7.139033809316647e-06,0.0027312770951715866,0.7903710614311379,0.18726084411208907,0.013363171574039177,0.0005447123254988899
P09,14,A,beta,1799551287-β-8,P09-T14-Aβ,29,62,D4,8,8,R4,R,False,62,True,R2,False,0.004448780133030893,False,0.3776528835296631,valid,False,7.20401318872211e-05,0.0042101576489947745,0.029533102939120558,0.010958889298903587,0.00031359755954630744,0.0018452779770097272,0.839351803279231,0.10913983295388055,0.004448780133030893,0.00012651807839521195
P09,15,B,gamma,1799551287-γ-1,P09-T15-Bγ,0,55,G3,4,4,L3,L,False,55,True,L3,True,0.7135121216151228,False,1.1561408042907715,valid,False,0.0004833939651753263,0.0828987163903628,0.7135121216151228,0.1983829841344999,0.0046190978973850065,1.893208932935267e-05,5.478174882919068e-05,2.27771279057292e-05,5.630686122345321e-06,1.564345267299113e-06
P09,15,B,gamma,1799551287-γ-1,P09-T15-Bγ,1,60,C4,7,7,L5,L,False,60,True,L5,True,0.9050565510775369,False,1.0282518863677979,valid,False,0.00019059124146165,0.0019466079380081613,0.00871094145095533,0.08267294622465342,0.9050565510775369,0.0008399886953893734,0.00044097725069009965,0.00011133764471827252,2.321712955654498e-05,6.841347030248331e-06
P09,15,B,gamma,1799551287-γ-1,P09-T15-Bγ,2,57,A3,5,5,L2,L,False,57,True,L2,True,0.7775799368936377,False,0.738867998123169,valid,False,0.002217751016531015,0.7775799368936377,0.19957427074661802,0.019612879180645786,0.0007379984545374596,0.0001960819862788667,7.252575429787358e-05,7.418239244803973e-06,9.267622029932122e-07,2.109660055708649e-07
P09,15,B,gamma,1799551287-γ-1,P09-T15-Bγ,3,48,C3,0,0,L4,L,False,48,True,L4,True,0.7441706556957514,False,1.6390140056610107,valid,False,2.239589743928968e-05,0.002344964784384887,0.09676355103367149,0.7441706556957514,0.15669841225651246,1.6851894325306034e-08,3.2797950721129633e-09,1.6329138148787136e-10,2.8093443491558577e-11,9.166322972679689e-12
P09,15,B,gamma,1799551287-γ-1,P09-T15-Bγ,4,64,E4,9,9,R2,R,False,64,True,R2,True,0.863880266253675,False,0.6586449146270752,valid,False,0.000225216566919147,0.00078775683519516,4.6025217714364746e-05,2.913017418279607e-06,1.1873499815523706e-07,0.03970329487079729,0.863880266253675,0.08489661129759918,0.01019027850915496,0.00026751869652849407
P09,15,B,gamma,1799551287-γ-1,P09-T15-Bγ,5,69,A4,12,12,R5,R,False,69,True,R5,True,0.30027047947969376,True,0.949321985244751,valid,False,1.2058098604598086e-06,1.5720417490942994e-06,9.185343645103414e-08,6.050822569433081e-09,2.5667203159109525e-10,0.0008294228652270792,0.03290518484631012,0.21804111953583508,0.4479509172603934,0.30027047947969376
P09,15,B,gamma,1799551287-γ-1,P09-T15-Bγ,6,53,F3,3,3,L2,L,False,53,True,L2,True,0.7604440660551687,False,0.95169997215271,valid,False,0.0011213306785149107,0.7604440660551687,0.19517616482344077,0.04101355246803075,0.002241326963755902,2.7606365561884127e-06,7.129513020776359e-07,7.006428081646768e-08,1.1581547723007133e-08,3.77740230588171e-09
P09,15,B,gamma,1799551287-γ-1,P09-T15-Bγ,7,53,F3,3,3,L2,L,False,53,True,L2,True,0.5358369155885624,False,0.8099982738494873,valid,False,0.0008360016270950343,0.5358369155885624,0.42150424678993015,0.03979852506009451,0.002019605290762594,3.2174855746073134e-06,1.3655880364352205e-06,1.0556642870910022e-07,1.3188436339674413e-08,3.815079362173881e-09
P09,15,B,gamma,1799551287-γ-1,P09-T15-Bγ,8,65,F4,10,10,R2,R,False,65,True,R2,True,0.8620648620481658,False,0.7150561809539795,valid,False,3.790703934820638e-05,5.5869591959876696e-05,5.0890226216926685e-06,3.094637843262819e-07,1.6996433228344533e-08,0.07513830739157358,0.8620648620481658,0.054561609559738156,0.006816393460194291,0.001319635426180836
P09,15,B,gamma,1799551287-γ-1,P09-T15-Bγ,9,50,D3,1,1,L4,L,False,50,True,L4,True,0.802761196587965,False,0.9350881576538086,valid,False,3.1017538272208366e-05,0.0029532810802321563,0.039967126577593284,0.802761196587965,0.15428708116318465,2.8533160035951065e-07,1.1286054388257902e-08,3.76652539886253e-10,5.0974378167295605e-11,7.471080654582007e-12
P09,15,B,gamma,1799551287-γ-1,P09-T15-Bγ,10,60,C4,7,7,L2,L,False,60,True,L2,True,0.8770719511591915,False,0.672191858291626,valid,False,0.0029939363643447627,0.8770719511591915,0.10114842892652341,0.0011931406489867314,2.1853133270310917e-05,0.015935633786972016,0.0015786799629859808,4.863504250887735e-05,6.850655289228368e-06,8.903199273331055e-07
P09,15,B,gamma,1799551287-γ-1,P09-T15-Bγ,11,55,G3,4,4,L4,L,False,55,True,L4,True,0.8616089365277069,False,0.6610550880432129,valid,False,0.00016130827650990043,0.006408976468531793,0.10342032379144502,0.8616089365277069,0.028325880035453534,6.889445147966146e-05,5.5099567666170185e-06,1.4464928027330002e-07,2.2972826381224053e-08,2.870000074607518e-09
P09,15,B,gamma,1799551287-γ-1,P09-T15-Bγ,12,65,F4,10,11,R2,R,False,67,False,R2,True,0.808284031608373,False,0.6445870399475098,valid,False,1.4474401232816771e-05,0.0010215746079845936,0.0001986556777467521,6.312936896829633e-06,1.3321568330162378e-07,0.027069392555841384,0.808284031608373,0.1390611161484088,0.022085328538245828,0.0022589803095864956
P09,15,B,gamma,1799551287-γ-1,P09-T15-Bγ,13,67,G4,11,11,R5,R,False,67,True,R5,True,0.671537102715819,False,1.1852669715881348,valid,False,9.853553933089443e-06,2.2644333406474323e-06,5.7115745167199594e-08,4.978256980658671e-09,4.168323747681642e-10,0.0006123625731672862,0.01217982925365732,0.05853174566102278,0.2571267792982252,0.671537102715819
P09,15,B,gamma,1799551287-γ-1,P09-T15-Bγ,14,48,C3,0,0,L3,L,False,48,True,L3,True,0.5640811116099641,False,2.039857864379883,valid,False,4.03270421372576e-05,0.009926401801730524,0.5640811116099641,0.393546037554103,0.032406098887808626,2.2447474289910765e-08,6.13060663691032e-10,3.441401495923273e-11,6.948069790485061e-12,2.3595334127175005e-12
P09,15,B,gamma,1799551287-γ-1,P09-T15-Bγ,15,50,D3,1,1,L5,L,False,50,True,L5,True,0.8261084451674057,False,0.7682981491088867,valid,False,3.7430337301140834e-05,0.0012174104908369062,0.012387972651553225,0.16024855113043632,0.8261084451674057,1.8158867864454225e-07,8.103018223163983e-09,4.198896301552236e-10,8.823395721876065e-11,2.264619601345393e-11
P09,15,B,gamma,1799551287-γ-1,P09-T15-Bγ,16,62,D4,8,8,R3,R,False,62,True,R3,True,0.5363252545392937,False,0.9224450588226318,valid,False,0.00048103701166481074,8.084195486807191e-05,3.867065977609195e-06,5.02829603950343e-07,4.1647969060871087e-08,0.005738813623717426,0.28823433351994054,0.5363252545392937,0.16813055575641436,0.0010047520505504053
P09,15,B,gamma,1799551287-γ-1,P09-T15-Bγ,17,53,F3,3,3,L4,L,False,53,True,L4,True,0.8288563445958538,False,0.8575899600982666,valid,False,3.6143004309934865e-05,0.005433601499045454,0.06407452458376468,0.8288563445958538,0.1015858415280376,1.125330148153688e-05,1.9499468806669584e-06,2.9754260074127724e-07,4.191138089715723e-08,2.086644786118354e-09
P09,15,B,gamma,1799551287-γ-1,P09-T15-Bγ,18,71,B4,13,13,R1,R,False,71,True,R1,True,0.959198712890558,False,0.8705658912658691,valid,False,1.0101846274159486e-06,5.047970104714665e-06,5.136842719520428e-07,3.251198595037939e-08,8.316653524989538e-10,0.959198712890558,0.021458015570802364,0.005507430948283633,0.005732193469094207,0.008097041938606286
P09,15,B,gamma,1799551287-γ-1,P09-T15-Bγ,19,62,D4,8,8,L2,L,False,62,True,R2,False,0.04724833700006303,False,1.1675889492034912,valid,False,0.00021814103646505432,0.04724833700006303,0.004497230570498129,0.00028463767552786256,6.75129972791727e-06,0.012142051494816567,0.8484929522777738,0.08338444478036726,0.0036820209717492547,4.343289301119011e-05
P09,15,B,gamma,1799551287-γ-1,P09-T15-Bγ,20,72,C5,14,14,R3,R,False,72,True,R2,True,0.45457047578171367,False,1.1925950050354004,valid,False,8.670969468849175e-08,1.077763818143252e-06,2.3641428800007422e-07,1.3817729610519952e-08,2.8775212983258665e-10,0.0043085342508874585,0.45457047578171367,0.45457047578171367,0.08139818405252619,0.005150915139876603
P09,15,B,gamma,1799551287-γ-1,P09-T15-Bγ,21,60,C4,7,7,L4,L,False,60,True,L4,True,0.8078837224209071,False,0.9351418018341064,valid,False,0.00014106873023531406,0.022218953116139917,0.1418780199192217,0.8078837224209071,0.02333737441142134,0.004466208233166618,6.955886825176461e-05,4.064023201346321e-06,9.251248470926585e-07,1.0515260784974078e-07
P09,15,B,gamma,1799551287-γ-1,P09-T15-Bγ,22,62,D4,8,8,R5,R,False,62,True,R5,True,0.831644294950438,False,0.851254940032959,valid,False,0.00010894512488668016,2.694358380497945e-06,7.073322297166598e-08,1.123366841260691e-08,1.8569128992538755e-09,0.0003095613557463913,0.003161349812792652,0.015853730244606977,0.14891934032934462,0.831644294950438
P09,15,B,gamma,1799551287-γ-1,P09-T15-Bγ,23,57,A3,5,5,R3,R,False,57,True,R3,True,0.5944241363630913,False,0.8035058975219727,valid,False,0.008567452873401292,0.001799651614811998,8.271065044401138e-05,1.367197856247937e-05,1.1898462250528854e-06,0.001306815287163845,0.17471828374873666,0.5944241363630913,0.2186764191040713,0.00040966853349199886
P09,15,B,gamma,1799551287-γ-1,P09-T15-Bγ,24,57,A3,5,5,L1,L,False,57,True,L1,True,0.9700230507725288,False,0.8346009254455566,valid,False,0.9700230507725288,0.028712134402702278,0.0007194203626144336,0.00011971035465540101,7.88589021522214e-06,0.0003436797912846785,5.3785160113211536e-05,1.7550371431575156e-05,2.6780130328166447e-06,1.0488142149095147e-07
P09,15,B,gamma,1799551287-γ-1,P09-T15-Bγ,25,59,B3,6,6,R5,R,False,59,True,R5,True,0.876967037380374,False,0.8747920989990234,valid,False,0.0019507097497770945,9.626139901377079e-05,5.403610803719932e-06,5.527040444580014e-07,8.777903373970487e-08,0.0001763593428731223,0.003682600957397148,0.01435419068526631,0.10276679639141678,0.876967037380374
P09,15,B,gamma,1799551287-γ-1,P09-T15-Bγ,26,69,A4,12,12,R1,R,False,69,True,R1,True,0.9837406792636701,False,0.8895351886749268,valid,False,2.356279693802207e-07,4.512597287352944e-09,2.158595925723476e-10,3.040564135040099e-11,3.369041093656811e-12,0.9837406792636701,0.014173334186297057,0.0012353598757328598,0.0005333178585759158,0.0003170684255228442
P09,15,B,gamma,1799551287-γ-1,P09-T15-Bγ,27,71,B4,13,13,R1,R,False,71,True,R2,False,0.16749929430678648,False,0.7692530155181885,valid,False,3.466003957102533e-07,1.0526591748365276e-07,4.290870800438516e-09,3.593313614280902e-10,2.0994174093366915e-11,0.16749929430678648,0.7069635708305282,0.10364578145628836,0.017831724356480783,0.004059172512406616
P09,15,B,gamma,1799551287-γ-1,P09-T15-Bγ,28,62,D4,8,8,L3,L,False,62,True,L3,True,0.8571815093734564,False,0.9098348617553711,valid,False,0.0004904512556902571,0.05594855109011501,0.8571815093734564,0.056466621428829855,0.0005907571217245848,0.028727721256126815,0.0005453375558082837,3.592397756836552e-05,9.596562595539754e-06,3.5303780848139316e-06
P09,15,B,gamma,1799551287-γ-1,P09-T15-Bγ,29,65,F4,10,10,R4,R,False,65,True,R4,True,0.626785816059133,False,0.8403370380401611,valid,False,8.160919034051497e-05,3.082605149025054e-05,1.3611911473691185e-06,1.0110053714877896e-07,4.289265212174719e-09,0.005032924720157253,0.059181256648579844,0.23058161574602026,0.626785816059133,0.07830448500332912
P09,16,C,beta,1799551287-β-5,P09-T16-Cβ,0,62,D4,8,8,R2,R,False,62,True,R2,True,0.6025213189754272,False,0.8086400032043457,valid,False,0.00014903495295417527,0.005439472724650028,0.024925894445274894,0.009315788233703458,0.0011984470415687086,0.09502876431476752,0.6025213189754272,0.23070112668403236,0.028821540711088205,0.0018986119165335115
P09,16,C,beta,1799551287-β-5,P09-T16-Cβ,1,64,E4,9,9,R3,R,False,64,True,R3,True,0.4265864844421784,True,0.529487133026123,valid,False,4.354481329155963e-05,0.002615687739601669,0.004357699920414741,0.00124354125669176,0.00016362589171498924,0.02790432178760102,0.46211562184113675,0.4265864844421784,0.07339201362460844,0.0015774586827607422
P09,16,C,beta,1799551287-β-5,P09-T16-Cβ,2,57,A3,5,5,L4,L,False,57,True,L4,True,0.7575253145081591,False,0.5028011798858643,valid,False,0.0008428504847044453,0.014992614393332082,0.1595377467519619,0.7575253145081591,0.06696189477144772,8.80437402865407e-05,3.579514373338382e-05,1.3168297473288694e-05,2.357996303094459e-06,2.1391259848073041e-07
P09,16,C,beta,1799551287-β-5,P09-T16-Cβ,3,60,C4,7,7,R1,R,False,60,True,R1,True,0.8902127410992853,False,0.48800158500671387,valid,False,0.0014677447491237262,0.03610289263407423,0.037847378420310065,0.0040585586384882496,0.00022631993482011737,0.8902127410992853,0.027883329787552345,0.0019117690385585214,0.00028027865103792525,8.98704674964836e-06
P09,16,C,beta,1799551287-β-5,P09-T16-Cβ,4,59,B3,6,6,L5,L,False,59,True,L5,True,0.8236057080337937,False,0.5050530433654785,valid,False,0.0012264237389362426,0.0037336097992010896,0.0157297492625218,0.15522868374034327,0.8236057080337937,0.0004254239926967905,4.4973710544737615e-05,4.600100306122684e-06,7.019297922035349e-07,1.2569186399420182e-07
P09,16,C,beta,1799551287-β-5,P09-T16-Cβ,5,64,E4,9,9,R1,R,False,64,True,R1,True,0.8739427442653439,False,0.37343597412109375,valid,False,8.38727096270548e-05,0.008606882808153532,0.051393681122704676,0.011564383412584003,0.0004091220565010067,0.8739427442653439,0.04905856867994706,0.004108322784195044,0.0007656844521437293,6.67377088000481e-05
P09,16,C,beta,1799551287-β-5,P09-T16-Cβ,6,59,B3,6,6,L5,L,False,59,True,L5,True,0.7421115750708509,False,0.48119592666625977,valid,False,0.0008747860065396585,0.004308286313380862,0.015419886493859317,0.2372411490136493,0.7421115750708509,3.784115799634541e-05,5.350847082544394e-06,9.581555751346758e-07,1.3496428131016626e-07,3.1976784672961026e-08
P09,16,C,beta,1799551287-β-5,P09-T16-Cβ,7,57,A3,5,5,L3,L,False,57,True,L3,True,0.7408917950535295,False,0.7416388988494873,valid,False,0.00029065623551162786,0.04829301255159777,0.7408917950535295,0.2059955546246045,0.00452146056488491,6.523003681515385e-06,8.484109650794518e-07,1.24382954228377e-07,1.8979608140061678e-08,6.192662645965086e-09
P09,16,C,beta,1799551287-β-5,P09-T16-Cβ,8,55,G3,4,4,L1,L,False,55,True,L1,True,0.8786998758404981,False,0.58331298828125,valid,False,0.8786998758404981,0.11891909657685024,0.002092675521701976,0.0002614383969890073,2.2787193286417332e-05,3.61812350023657e-06,4.343948700040193e-07,6.118817544496873e-08,9.71774853234862e-09,3.0463798741835115e-09
P09,16,C,beta,1799551287-β-5,P09-T16-Cβ,9,57,A3,5,5,L3,L,False,57,True,L3,True,0.6823653536255775,False,0.43015503883361816,valid,False,0.0011684006730375187,0.29599444960628146,0.6823653536255775,0.020197629045455977,0.00026728676169122413,6.005657623826973e-06,7.507523082833721e-07,1.0160327628207093e-07,1.6794908609097034e-08,5.479839331688893e-09
P09,16,C,beta,1799551287-β-5,P09-T16-Cβ,10,59,B3,6,6,L1,L,False,59,True,L1,True,0.710516233090235,False,0.5675508975982666,valid,False,0.710516233090235,0.2831542478861016,0.006051617933410901,0.00017307881584594702,5.776206045640351e-06,8.731672399354075e-05,1.0112245080146653e-05,1.3685435520796907e-06,1.9277088370762326e-07,5.578485142315023e-08
P09,16,C,beta,1799551287-β-5,P09-T16-Cβ,11,60,C4,7,7,R2,R,False,60,True,R2,True,0.8657998334695822,False,0.4126091003417969,valid,False,0.001926922072770936,0.00011120874509302466,4.718113425205263e-06,3.7961755079170445e-07,2.3084567037275394e-08,0.04669577748304876,0.8657998334695822,0.0785435888506747,0.006845926081104587,7.162248218285899e-05
P09,16,C,beta,1799551287-β-5,P09-T16-Cβ,12,62,D4,8,8,R3,R,False,62,True,R3,True,0.37277653556163937,True,0.5215809345245361,valid,False,0.00023713528296361868,2.239268669501048e-05,5.878605134332991e-07,5.3329502598332065e-08,3.1158117048631283e-09,0.05866873352581276,0.5343115734783964,0.37277653556163937,0.03381752434046983,0.0001654608181952104
P09,16,C,beta,1799551287-β-5,P09-T16-Cβ,13,57,A3,5,5,L3,L,False,57,True,L3,True,0.7118090015680103,False,0.47427916526794434,valid,False,0.0022179216953240196,0.2515922242646179,0.7118090015680103,0.03404930493098145,0.00028021716677692775,4.27830093918218e-05,5.786715724025123e-06,2.2156922838895416e-06,5.043750696744655e-07,4.058181976027554e-08
P09,16,C,beta,1799551287-β-5,P09-T16-Cβ,14,53,F3,3,3,L2,L,False,53,True,L2,True,0.5972808503349046,False,0.5774078369140625,valid,False,0.0013198495501674555,0.5972808503349046,0.3550957384332112,0.04436218595327339,0.001940229484880933,9.102845606207253e-07,1.7554545229465343e-07,4.8808183662840364e-08,1.0674929947610081e-08,9.304359835306968e-10
P09,16,C,beta,1799551287-β-5,P09-T16-Cβ,15,59,B3,6,6,L3,L,False,59,True,L3,True,0.7820798263909297,False,0.5000629425048828,valid,False,0.0008308789739320653,0.16828661210403054,0.7820798263909297,0.047558323220752034,0.0006496930196637011,0.00046839898239315567,9.6516318155049e-05,2.3800631027857225e-05,5.417920629257465e-06,5.324384867569706e-07
P09,16,C,beta,1799551287-β-5,P09-T16-Cβ,16,64,E4,9,9,R5,R,False,64,True,R5,True,0.2382410467321375,True,0.5528750419616699,valid,False,2.3191786204072343e-05,0.0027389829985642947,0.011842234546656762,0.0009570907452637585,1.1408877629628627e-05,0.0018645523961795035,0.035063256267346646,0.27111546791463215,0.4381427677353857,0.2382410467321375
P09,16,C,beta,1799551287-β-5,P09-T16-Cβ,17,62,D4,8,8,R4,R,False,62,True,R4,True,0.3939080939938905,True,0.6147060394287109,valid,False,0.00011838332096919478,0.0203636229213411,0.010252539084562959,0.0009636510129550722,1.4937762313751904e-05,0.004229366277360502,0.13267082612050218,0.4267155440760736,0.3939080939938905,0.010763035430031093
P09,16,C,beta,1799551287-β-5,P09-T16-Cβ,18,64,E4,9,9,R3,R,False,64,True,R2,True,0.43981354182066074,False,0.6107068061828613,valid,False,5.7789869523188733e-05,0.005128607977825121,0.003712670425252313,0.0002975428793082708,3.899212947266147e-06,0.017927769304141472,0.43981354182066074,0.43981354182066074,0.09242068973908688,0.0008239469505938944
P09,16,C,beta,1799551287-β-5,P09-T16-Cβ,19,62,D4,8,8,R5,R,False,62,True,R5,True,0.39445417055392074,True,0.6776828765869141,valid,False,0.00017791534056986556,0.01950378078222837,0.03029377340124387,0.00392024595173521,4.8643507605530175e-05,0.000930385190809174,0.013596816821276171,0.10806230972111676,0.4290119587294945,0.39445417055392074
P09,16,C,beta,1799551287-β-5,P09-T16-Cβ,20,64,E4,9,9,R3,R,False,64,True,R3,True,0.4659412483319994,False,1.6182007789611816,valid,False,4.1125734087497065e-05,0.004966394460652652,0.006902521044748902,0.0005124078011762499,5.666498327202648e-06,0.0175154628974677,0.4132528154551544,0.4659412483319994,0.09038330305651221,0.0004790547198738252
P09,16,C,beta,1799551287-β-5,P09-T16-Cβ,21,60,C4,7,7,L1,L,False,60,True,L1,True,0.7964837064298367,False,0.6783020496368408,valid,False,0.7964837064298367,0.16736995684458916,0.002142189670582046,0.00010488010667550109,2.382051167648845e-06,0.01624613766409062,0.013466520909401859,0.0037441951201465846,0.0004317997554210282,8.231448088681004e-06
P09,16,C,beta,1799551287-β-5,P09-T16-Cβ,22,62,D4,8,8,R3,R,False,62,True,R3,True,0.5280326595499892,False,0.49640989303588867,valid,False,0.00039756673954745384,7.347266380243944e-05,6.665289682878419e-06,5.581728575506235e-07,2.275235587466604e-08,0.007918154310003013,0.38247673468725835,0.5280326595499892,0.08057255936382153,0.0005216064706818128
P09,16,C,beta,1799551287-β-5,P09-T16-Cβ,23,57,A3,5,5,L3,L,False,57,True,L3,True,0.5277713766253868,False,0.46425294876098633,valid,False,0.002687639209832361,0.44580490020532576,0.5277713766253868,0.023304889564740354,0.00019962058106339447,0.00017720310594038647,3.8722408756809683e-05,1.2634339576481237e-05,2.763280249167258e-06,2.5067912856951137e-07
P09,16,C,beta,1799551287-β-5,P09-T16-Cβ,24,55,G3,4,4,L2,L,False,55,True,L2,True,0.8458086520325274,False,0.523413896560669,valid,False,0.004665957916574269,0.8458086520325274,0.13981122982917552,0.009210030431050327,0.0004405607879074965,4.8302358243434435e-05,1.0676535968222617e-05,3.7736716250695993e-06,7.320169814229391e-07,8.441994698451762e-08
P09,16,C,beta,1799551287-β-5,P09-T16-Cβ,25,57,A3,5,5,L4,L,False,57,True,L4,True,0.6461311963654546,False,0.5174880027770996,valid,False,0.0003924415530683125,0.02068972459319587,0.3189861222917444,0.6461311963654546,0.013419297190978263,0.00027334768088878926,7.711123261748539e-05,2.515983714156253e-05,5.07968351219409e-06,5.19571398410767e-07
P09,16,C,beta,1799551287-β-5,P09-T16-Cβ,26,60,C4,7,7,R4,R,False,60,True,R4,True,0.45462401306746475,False,0.5584621429443359,valid,False,0.0011684914144219683,0.002887239455887724,9.437026285686699e-05,1.623591902215517e-05,6.340156204896021e-07,0.0023151413232452367,0.09752611809629257,0.4367979505402679,0.45462401306746475,0.0045698059049203085
P09,16,C,beta,1799551287-β-5,P09-T16-Cβ,27,62,D4,8,8,R5,R,False,62,True,R5,True,0.5898926981047775,False,0.6252632141113281,valid,False,0.00042943265443664414,0.00040654553166160376,1.944706058139294e-05,2.8510744742028996e-06,9.514967810456807e-08,0.0020055418672493674,0.009715061396161517,0.0864823764520172,0.31104595070896235,0.5898926981047775
P09,16,C,beta,1799551287-β-5,P09-T16-Cβ,28,59,B3,6,6,L2,L,False,59,True,L2,True,0.8991789003193852,False,0.4971179962158203,valid,False,0.00710985616687773,0.8991789003193852,0.04476748138514195,0.0021414475249918476,3.08531018935257e-05,0.005320509424576216,0.024650081615552825,0.01399129708844793,0.002722313346603762,8.726002652910541e-05
P09,16,C,beta,1799551287-β-5,P09-T16-Cβ,29,57,A3,5,5,L5,L,False,57,True,L5,True,0.913918909405275,False,0.7199511528015137,valid,False,0.00043943821451622185,0.001468928494784716,0.007563924917046268,0.07021573092178508,0.913918909405275,0.0018832146336201614,0.003096737895414534,0.0011411234409836458,0.00024116880547088532,3.0823271103530615e-05
P09,17,C,alpha,1799551287-α-7,P09-T17-Cα,0,60,C4,7,7,L3,L,False,60,True,L3,True,0.8046598078188602,False,0.6330368518829346,valid,False,0.00031676965459775036,0.04667489313625848,0.8046598078188602,0.1384375870600778,0.0019945522501069336,0.004023914200274045,0.003782630205102465,9.166813876259316e-05,1.5771032450322843e-05,2.406503509490008e-06
P09,17,C,alpha,1799551287-α-7,P09-T17-Cα,1,59,B3,6,6,L4,L,False,59,True,L4,True,0.816548453689425,False,0.47178101539611816,valid,False,0.00016643347738438672,0.008471129306726772,0.1415912699506373,0.816548453689425,0.03186320088136784,0.0010622061210524847,0.0002851004381626634,1.0307188173899692e-05,1.511105546281305e-06,3.8784152356738674e-07
P09,17,C,alpha,1799551287-α-7,P09-T17-Cα,2,64,E4,9,9,R1,R,False,64,True,R1,True,0.84701624607579,False,0.43693113327026367,valid,False,0.000151265084516161,0.012839537282984304,0.023429219918003397,0.0020770934252064884,3.286645972078599e-05,0.84701624607579,0.11013643057031854,0.003531489989371048,0.000658177830662456,0.00012767336342683064
P09,17,C,alpha,1799551287-α-7,P09-T17-Cα,3,65,F4,10,10,R2,R,False,65,True,R2,True,0.7553187128289702,False,0.38987016677856445,valid,False,2.476020460451209e-05,0.0017199123373999262,0.006829343985465933,0.00077037429360785,1.0737563282403725e-05,0.17895596972123307,0.7553187128289702,0.04975643472127518,0.005738166856653518,0.0008755874875074065
P09,17,C,alpha,1799551287-α-7,P09-T17-Cα,4,64,E4,9,9,R3,R,False,64,True,R2,True,0.4413332011661963,False,1.0070281028747559,valid,False,2.646728590335362e-05,0.0016040649966819979,0.01249755521982049,0.0031307262662154593,4.314519595537286e-05,0.05460944682179258,0.4413332011661963,0.4413332011661963,0.045141416378513106,0.0002807755027251313
P09,17,C,alpha,1799551287-α-7,P09-T17-Cα,5,62,D4,8,8,R2,R,False,62,True,R2,True,0.7727890682287459,False,1.0609009265899658,valid,False,6.774922436476249e-05,0.003632808850710101,0.05259146330406725,0.027931782048465203,0.00048475544169397227,0.10048476632272375,0.7727890682287459,0.038474902173842446,0.0034903643782213532,5.2340027165077246e-05
P09,17,C,alpha,1799551287-α-7,P09-T17-Cα,6,64,E4,9,9,R4,R,False,64,True,R3,True,0.43746181222695013,False,1.331226110458374,valid,False,6.0183642087376814e-05,5.522025297023403e-06,1.9180897859150457e-07,1.4827743304710717e-08,1.1930343952800372e-09,0.00644994181339352,0.10988079897212677,0.43746181222695013,0.43746181222695013,0.008679721263438842
P09,17,C,alpha,1799551287-α-7,P09-T17-Cα,7,60,C4,7,7,L3,L,False,60,True,L3,True,0.8016846694788271,False,0.6934609413146973,valid,False,0.0007151427053771688,0.07673062785695765,0.8016846694788271,0.03401206621552407,0.000220185556464297,0.08129335473027052,0.004986405703634299,0.00029133407400401925,6.371822505889524e-05,2.4954538821002225e-06
P09,17,C,alpha,1799551287-α-7,P09-T17-Cα,8,59,B3,6,6,L2,L,False,59,True,L2,True,0.8950998195801703,False,0.4850308895111084,valid,False,0.0034450390591056145,0.8950998195801703,0.08796466874396043,0.004207780208761111,8.348696578551546e-05,0.008511718500554266,0.0006420656270565809,3.751311185369556e-05,7.573766662405169e-06,3.3443609008327983e-07
P09,17,C,alpha,1799551287-α-7,P09-T17-Cα,9,62,D4,8,8,R5,R,False,62,True,R5,True,0.5244220174844089,False,0.7405257225036621,valid,False,0.0005558580878658853,1.255415913732729e-05,8.60752748209908e-07,1.2619234556040478e-07,7.673764436351371e-09,0.002319133541593535,0.011859287982406118,0.08002161110918435,0.38080854301654576,0.5244220174844089
P09,17,C,alpha,1799551287-α-7,P09-T17-Cα,10,64,E4,9,9,R4,R,False,64,True,R3,True,0.4341122344026234,False,0.624622106552124,valid,False,9.68309856915919e-05,6.430539152478672e-06,3.0760412974693305e-07,4.33286319849452e-08,3.3495086493594482e-09,0.00231925974585477,0.12402291218394242,0.4341122344026234,0.4341122344026234,0.0053297434578415265
P09,17,C,alpha,1799551287-α-7,P09-T17-Cα,11,60,C4,7,7,L2,L,False,60,True,L2,True,0.8808339470857238,False,0.6007950305938721,valid,False,0.010538113581833729,0.8808339470857238,0.01893229370988258,0.0006070580403420224,7.453057902169647e-06,0.07547721934987307,0.01219308668380764,0.00115127396613698,0.000251797301532779,7.75722296525788e-06
P09,17,C,alpha,1799551287-α-7,P09-T17-Cα,12,59,B3,6,6,L3,L,False,59,True,L3,True,0.7748195645256496,False,0.5077757835388184,valid,False,0.0015724425618496725,0.1932734036432929,0.7748195645256496,0.02034082971927191,9.187100386699298e-05,0.009167772110844028,0.0006788400014382851,4.654341166470337e-05,8.334349437457303e-06,3.98672684346804e-07
P09,17,C,alpha,1799551287-α-7,P09-T17-Cα,13,62,D4,8,8,R1,R,False,62,True,R1,True,0.985471252124438,False,0.45130491256713867,valid,False,0.0010959161887724004,0.00027066319750089425,1.195172039705957e-05,7.873166461293312e-07,4.5999499375043416e-08,0.985471252124438,0.012098965527034178,0.0008633975403281088,0.0001814309670089527,5.589418374714303e-06
P09,17,C,alpha,1799551287-α-7,P09-T17-Cα,14,64,E4,9,9,R2,R,False,64,True,R2,True,0.7457012296604202,False,0.4696958065032959,valid,False,0.00010966032934763783,8.689195023969346e-06,3.686455382849914e-07,3.0871566476156535e-08,1.8773018907536567e-09,0.0509601243061782,0.7457012296604202,0.19139225697986545,0.011638575132927426,0.00018906300183055839
P09,17,C,alpha,1799551287-α-7,P09-T17-Cα,15,62,D4,8,8,R1,R,False,62,True,R1,True,0.9718806948448377,False,0.4713871479034424,valid,False,0.0008778222891821397,0.00011993960614642742,4.166133277226116e-06,3.631237237471223e-07,2.8071185213075803e-08,0.9718806948448377,0.0255141462946785,0.0013760719879927278,0.00021854421127083835,8.223437705420885e-06
P09,17,C,alpha,1799551287-α-7,P09-T17-Cα,16,64,E4,9,9,R2,R,False,64,True,R2,True,0.775321030425876,False,0.3701660633087158,valid,False,0.0001215360074051172,1.1484892262376593e-05,4.1521137767505036e-07,4.080431086785387e-08,2.687973957958482e-09,0.17563716084362985,0.775321030425876,0.04529864753891481,0.0035018001904283265,0.0001078813978210914
P09,17,C,alpha,1799551287-α-7,P09-T17-Cα,17,65,F4,10,10,R1,R,False,65,True,R1,True,0.8755770977968164,False,0.4670829772949219,valid,False,2.2074401168957082e-05,2.143925486723374e-06,7.750897741472233e-08,6.755748467414667e-09,5.017736121908888e-10,0.8755770977968164,0.11849647452582349,0.004640783497929144,0.0010564172277583352,0.00020492385851738872
P09,17,C,alpha,1799551287-α-7,P09-T17-Cα,18,64,E4,9,9,R2,R,False,64,True,R2,True,0.7842239804229506,False,0.3939859867095947,valid,False,0.00011849903720785804,1.309787427355959e-05,4.928501767936072e-07,4.2957241052518835e-08,2.829797705170467e-09,0.18580442998638183,0.7842239804229506,0.027240223030664774,0.0024711772804890263,0.0001280537308167826
P09,17,C,alpha,1799551287-α-7,P09-T17-Cα,19,62,D4,8,8,R1,R,False,62,True,R1,True,0.9781274796657425,False,0.49351978302001953,valid,False,0.0007273417126967768,0.00010706062768003126,3.7187786252521263e-06,3.373599856192879e-07,2.3130464699500267e-08,0.9781274796657425,0.02019913958800636,0.0007016223440503205,0.0001256368104377232,7.639982310750595e-06
P09,17,C,alpha,1799551287-α-7,P09-T17-Cα,20,57,A3,5,5,L3,L,False,57,True,L3,True,0.588701929950502,False,0.6056137084960938,valid,False,0.002358250414596877,0.3975234163035768,0.588701929950502,0.011222492174338766,6.706587017287349e-05,7.740748586246715e-05,4.869981704654124e-05,6.223051406821743e-07,1.07064403185049e-07,8.614359777142435e-09
P09,17,C,alpha,1799551287-α-7,P09-T17-Cα,21,59,B3,6,6,L2,L,False,59,True,L2,True,0.8708403441247324,False,0.5316286087036133,valid,False,0.006615786310096068,0.8708403441247324,0.11785542462598993,0.0024338117706678196,4.4576817514702474e-05,0.001798409301052556,0.00040230637983200163,7.982198998511363e-06,1.2180045893553407e-06,1.404665266923203e-07
P09,17,C,alpha,1799551287-α-7,P09-T17-Cα,22,64,E4,9,9,R5,R,False,64,True,R5,True,0.2614899316638394,True,0.5787808895111084,valid,False,0.00016084583206926544,0.0006026669093728155,3.0005018619993627e-05,1.3249366606390777e-06,3.084948121950336e-08,0.0037438875744882443,0.03969513428471957,0.2853194346710317,0.4089567382597172,0.2614899316638394
P09,17,C,alpha,1799551287-α-7,P09-T17-Cα,23,65,F4,10,10,R4,R,False,65,True,R3,False,0.21415638315365332,False,0.47092700004577637,valid,False,4.011812903604698e-05,0.00011154875830469132,7.060118171426074e-06,2.877859770150397e-07,5.486096971360826e-09,0.02764853494973786,0.29492070115066527,0.45792550156506234,0.21415638315365332,0.005189858903295139
P09,17,C,alpha,1799551287-α-7,P09-T17-Cα,24,60,C4,7,7,L2,L,False,60,True,L2,True,0.9429370805526027,False,0.5374741554260254,valid,False,0.0061004630438254315,0.9429370805526027,0.022851106890621628,0.0005537729896257751,1.143586919911621e-05,0.023389760136633,0.003629153980062649,0.0004185326220164912,9.527379858905016e-05,1.3420116824403279e-05
P09,17,C,alpha,1799551287-α-7,P09-T17-Cα,25,59,B3,6,6,L1,L,False,59,True,L1,True,0.9677975210775154,False,1.1552057266235352,valid,False,0.9677975210775154,0.027523024060745745,0.000204201427153109,1.492112765388252e-05,7.731966780202079e-07,0.0037738408575098406,0.0006157112920546993,5.366592047024421e-05,1.3773936843820626e-05,2.567103375298572e-06
P09,17,C,alpha,1799551287-α-7,P09-T17-Cα,26,60,C4,7,7,L2,L,False,60,True,L2,True,0.8655267627837309,False,0.5743639469146729,valid,False,0.00963761525982777,0.8655267627837309,0.04668104977406716,0.000789258245687266,9.31004174233397e-06,0.04367557868859915,0.031291243433544676,0.0020613029768815493,0.00031453443923933516,1.3344356680071874e-05
P09,17,C,alpha,1799551287-α-7,P09-T17-Cα,27,59,B3,6,6,L2,L,False,59,True,L2,True,0.9205939283208573,False,0.788661003112793,valid,False,0.014148642727228572,0.9205939283208573,0.05378631334502203,0.00141201679857979,1.804329801990903e-05,0.006992627900835484,0.002900894204989384,0.00012809527397742714,1.804329801990903e-05,1.394832470170171e-06
P09,17,C,alpha,1799551287-α-7,P09-T17-Cα,28,64,E4,9,9,R4,R,False,64,True,R3,True,0.43507332247579183,False,0.5525588989257812,valid,False,5.6003431560694176e-05,2.5110092407800838e-05,6.085171720129778e-07,2.3831902690648573e-08,7.641624605398439e-10,0.006790432079980289,0.11910241997969565,0.43507332247579183,0.43507332247579183,0.0038787563515345035
P09,17,C,alpha,1799551287-α-7,P09-T17-Cα,29,59,B3,6,6,L2,L,False,59,True,L2,True,0.9407198092090036,False,0.46967387199401855,valid,False,0.018576468650796433,0.9407198092090036,0.03684225192540054,0.0007309906110478308,1.1874587538096258e-05,0.002740817662005151,0.0003418597672465294,2.8628439609421698e-05,6.516911814724335e-06,7.822355379869154e-07
P09,18,A,beta,1799551287-β-9,P09-T18-Aβ,0,62,D4,8,8,R4,R,False,62,True,R2,False,0.014853349196756295,False,0.5289041996002197,valid,False,7.928368594969634e-05,0.002585596087968723,0.02427215344879356,0.013384731936796975,0.002098169931360708,0.001757097025996988,0.7486154059604391,0.19214021173320792,0.014853349196756295,0.0002140009927300854
P09,18,A,beta,1799551287-β-9,P09-T18-Aβ,1,67,G4,11,11,R2,R,False,67,True,R2,True,0.9282989490047868,False,0.526965856552124,valid,False,1.7968480325431712e-06,0.0002296167551840287,0.0002776146144946547,6.32721033758652e-05,6.807879738327185e-06,0.007052300137374878,0.9282989490047868,0.05644991722390511,0.007052300137374878,0.0005674252957328559
P09,18,A,beta,1799551287-β-9,P09-T18-Aβ,2,64,E4,9,9,R3,R,False,64,True,R2,False,0.06076047749046148,False,0.5058319568634033,valid,False,2.2513407648251143e-05,0.001953333668997165,0.00579884934195923,0.0020685361360722057,0.0002509702244194767,0.0024767309772891206,0.9223636280624731,0.06076047749046148,0.004165929984666043,0.0001390307060140769
P09,18,A,beta,1799551287-β-9,P09-T18-Aβ,3,62,D4,8,8,R2,R,False,62,True,R2,True,0.8957171189879994,False,0.4723231792449951,valid,False,5.737020789137987e-05,0.002641233035167644,0.01632789450467998,0.008819638787216184,0.0013536367876161785,0.0013738604827575342,0.8957171189879994,0.06924317939398753,0.004382523270689305,8.354454199479793e-05
P09,18,A,beta,1799551287-β-9,P09-T18-Aβ,4,59,B3,6,6,L4,L,False,59,True,L3,False,0.09296811306854778,False,0.6376237869262695,valid,False,0.0008059179934091493,0.09739834341872623,0.8027968905839351,0.09296811306854778,0.003192493018823871,9.888829199727299e-05,0.0026660651354133468,6.484384482207245e-05,8.10095529339346e-06,3.436890317823091e-07
P09,18,A,beta,1799551287-β-9,P09-T18-Aβ,5,59,B3,6,6,L4,L,False,59,True,L3,False,0.22207115641247502,False,0.7190923690795898,valid,False,0.00039194435726827977,0.04731868804765388,0.7256142809240357,0.22207115641247502,0.0036205643117466924,2.7751703606089105e-05,0.0009376292377505613,1.540625905709837e-05,2.4467824093847982e-06,1.319639973597714e-07
P09,18,A,beta,1799551287-β-9,P09-T18-Aβ,6,60,C4,7,7,R4,R,False,60,True,R2,False,0.0020314497931240715,False,0.4780600070953369,valid,False,0.00011367068837862308,0.00674465083584089,0.12445640179231762,0.05185606799199423,0.0008851051802217066,0.0011603825345862689,0.7565356991107512,0.05619061341983814,0.0020314497931240715,2.595865294710863e-05
P09,18,A,beta,1799551287-β-9,P09-T18-Aβ,7,64,E4,9,9,R5,R,False,64,True,R2,False,4.849031391741829e-05,False,0.3533611297607422,valid,False,3.526647560246747e-05,0.003136561684643702,0.008027431463431534,0.0020946010910065905,4.937866241249371e-05,0.0029850269819205453,0.9472933244871796,0.03424733618191631,0.0020825826579692237,4.849031391741829e-05
P09,18,A,beta,1799551287-β-9,P09-T18-Aβ,8,60,C4,7,7,L2,L,False,60,True,R2,False,0.0031717926078199655,False,0.31553006172180176,valid,False,9.750705941436446e-05,0.0031717926078199655,0.08676848608676066,0.06673255471777481,0.0031937405872476017,0.0019506737926636643,0.7917905656111326,0.044446975614885524,0.0018117566862354327,3.5947236065343576e-05
P09,18,A,beta,1799551287-β-9,P09-T18-Aβ,9,59,B3,6,6,L1,L,False,59,True,R2,False,9.329592908757862e-05,False,0.3824889659881592,valid,False,9.329592908757862e-05,0.00327281786113099,0.06450752239948133,0.12496343761266294,0.015202296224851492,0.0003355518447902803,0.726342157712937,0.06330860091899229,0.0019503740904197981,2.3945405646221795e-05
P09,18,A,beta,1799551287-β-9,P09-T18-Aβ,10,60,C4,7,7,R4,R,False,60,True,R2,False,0.0019614726524791273,False,0.3611178398132324,valid,False,0.0001516311342865295,0.010953899859668735,0.11511077540474032,0.09092033822477155,0.0045617071327588915,0.0014184416546837795,0.7304753922310129,0.04442025434774855,0.0019614726524791273,2.608735784966067e-05
P09,18,A,beta,1799551287-β-9,P09-T18-Aβ,11,64,E4,9,9,R5,R,False,64,True,R2,False,8.663065183156777e-05,False,0.3083360195159912,valid,False,3.8080163152052186e-05,0.0036746162026645096,0.009625680295134402,0.0025583399084398986,7.821471452876425e-05,0.0017400231560427684,0.9288046354896056,0.050093858773617536,0.0032999206449829677,8.663065183156777e-05
P09,18,A,beta,1799551287-β-9,P09-T18-Aβ,12,62,D4,8,8,R4,R,False,62,True,R2,False,0.0023342134377812647,False,0.29604291915893555,valid,False,6.410588836802396e-05,0.005605450866983478,0.03274135547459898,0.013033022146923014,0.0004196368145025948,0.0010077045050197416,0.9047647606158996,0.039951849914719374,0.0023342134377812647,7.7900335204095e-05
P09,18,A,beta,1799551287-β-9,P09-T18-Aβ,13,57,A3,5,5,L2,L,False,57,True,R2,False,0.00041795667590506074,False,0.5046000480651855,valid,False,6.208783367954242e-05,0.00041795667590506074,0.01698297966488583,0.08276535767340361,0.06510421485310305,0.00026869029003582997,0.7393741603893983,0.09237017075159623,0.002626899094823939,2.7482773168482568e-05
P09,18,A,beta,1799551287-β-9,P09-T18-Aβ,14,60,C4,7,7,L1,L,False,60,True,R2,False,8.641393767463142e-05,False,0.3464329242706299,valid,False,8.641393767463142e-05,0.006244733825654794,0.07721413915638045,0.05766726764948913,0.002843384447737616,0.0005665094715005657,0.7897674386576813,0.06354437753798252,0.0020375304701101935,2.8204845788641133e-05
P09,18,A,beta,1799551287-β-9,P09-T18-Aβ,15,64,E4,9,9,R5,R,False,64,True,R2,False,0.00011467438237693564,False,0.33368492126464844,valid,False,3.369942602132513e-05,0.003167887380797589,0.00817316747512572,0.0023673877206240633,6.997401400925734e-05,0.00042927453441400767,0.8927810585590856,0.08773679578425882,0.005126080723286727,0.00011467438237693564
P09,18,A,beta,1799551287-β-9,P09-T18-Aβ,16,59,B3,6,6,L2,L,False,59,True,R2,False,0.0018871229892196701,False,0.41440391540527344,valid,False,8.523096664297298e-05,0.0018871229892196701,0.06735172971377498,0.1188199767280886,0.017089494365630568,0.0004727635504049808,0.7451971144405772,0.04735202318736212,0.0017119097275064088,3.263433079237641e-05
P09,18,A,beta,1799551287-β-9,P09-T18-Aβ,17,57,A3,5,5,L1,L,False,57,True,L3,False,0.0002337061773437023,False,0.5385448932647705,valid,False,0.0002337061773437023,0.07616569739415621,0.8207920596982278,0.0941286685036481,0.006754911031160563,4.7062125618881173e-05,0.0017987023621948842,7.355438609728685e-05,5.46314744880415e-06,1.751741038456105e-07
P09,18,A,beta,1799551287-β-9,P09-T18-Aβ,18,52,E3,2,2,L3,L,False,52,True,L4,False,0.04395994985062912,False,0.40958499908447266,valid,False,1.8446090501197247e-05,0.0016969697819765248,0.04395994985062912,0.8483378705907585,0.105983030188997,5.086459371906271e-07,3.0986618906316474e-06,1.1660469590153787e-07,9.014095751138295e-09,5.705180602526657e-10
P09,18,A,beta,1799551287-β-9,P09-T18-Aβ,19,55,G3,4,4,L2,L,False,55,True,L4,False,0.002864989750037828,False,0.5897018909454346,valid,False,4.9707926526967145e-05,0.002864989750037828,0.039272528563912765,0.8795112120984561,0.07813766179630109,8.553828456321232e-06,0.0001494601569635718,5.4039036542660005e-06,4.71008843724337e-07,1.09668476315579e-08
P09,18,A,beta,1799551287-β-9,P09-T18-Aβ,20,60,C4,7,7,R4,R,False,60,True,R2,False,0.00195561193321015,False,0.3969600200653076,valid,False,4.5533960526915566e-05,0.0035633572697702414,0.051674310637436736,0.02906030990217664,0.001591216825185018,0.001109280888117899,0.8546595083525087,0.05630048523091179,0.00195561193321015,4.038500015599373e-05
P09,18,A,beta,1799551287-β-9,P09-T18-Aβ,21,57,A3,5,5,L1,L,False,57,True,L4,False,0.00014656774955003365,False,0.3859529495239258,valid,False,0.00014656774955003365,0.008313281765912643,0.08598417436548494,0.876892774544014,0.026683313470288326,4.713734786203047e-05,0.0018792312828488681,4.862510687898491e-05,4.77856360339316e-06,1.1580355671321962e-07
P09,18,A,beta,1799551287-β-9,P09-T18-Aβ,22,60,C4,7,7,L2,L,False,60,True,R2,False,0.0005682209716674158,False,0.40761804580688477,valid,False,1.4332223269215603e-05,0.0005682209716674158,0.011413023306955455,0.028125120339754013,0.00045128333038826587,0.0006940266620390337,0.8931504991062069,0.06373635352113878,0.0018125869857089619,3.4553552872057766e-05
P09,18,A,beta,1799551287-β-9,P09-T18-Aβ,23,64,E4,9,9,R2,R,False,64,True,R2,True,0.8695869863228334,False,0.37853097915649414,valid,False,1.4035253530677379e-05,0.0014945988337705725,0.005799599334484133,0.0007818137469833074,3.0994839124655586e-05,0.0012814834735530864,0.8695869863228334,0.1130712748282134,0.007448542461988879,0.000490670905518152
P09,18,A,beta,1799551287-β-9,P09-T18-Aβ,24,59,B3,6,6,L1,L,False,59,True,L4,False,0.00011720861908504128,False,0.6071557998657227,valid,False,0.00011720861908504128,0.009645355585645905,0.0870489892191825,0.830878107855065,0.018446431799634552,0.0001590985982092062,0.050424830753037046,0.003072474007857237,0.00020239847074910147,5.105091534393059e-06
P09,18,A,beta,1799551287-β-9,P09-T18-Aβ,25,62,D4,8,8,R1,R,False,62,True,R2,False,0.0011777441232281624,False,0.4189789295196533,valid,False,1.5181640945070367e-05,0.0015425244345731992,0.011869616833791492,0.007803230255346905,0.00012714537137015352,0.0011777441232281624,0.9010861317406412,0.07250103580730938,0.003756925169435792,0.00012046462335827876
P09,18,A,beta,1799551287-β-9,P09-T18-Aβ,26,60,C4,7,7,L3,L,False,60,True,R2,False,0.03613415816286054,False,0.3894040584564209,valid,False,3.569440330916456e-05,0.0022869947683143905,0.03613415816286054,0.04177871362461879,0.0007089079964926834,0.001343960067653424,0.8517036412938244,0.06325907701706983,0.0026838132225183342,6.503944333834993e-05
P09,18,A,beta,1799551287-β-9,P09-T18-Aβ,27,64,E4,9,9,R3,R,False,64,True,R2,False,0.13431669216769548,False,0.34534192085266113,valid,False,1.7807714229246405e-05,0.0016412507405788338,0.006470508280052142,0.0007503806578584441,1.7174712375290246e-05,0.002096355552627812,0.8457301913284342,0.13431669216769548,0.008501140967510956,0.00045849787863798185
P09,18,A,beta,1799551287-β-9,P09-T18-Aβ,28,62,D4,8,8,R4,R,False,62,True,R2,False,0.003822112760546004,False,0.3055241107940674,valid,False,1.754978504088872e-05,0.0016151810030821331,0.008894746827377703,0.003327637566028617,0.00011044325834985472,0.0025620388016026033,0.9167211608300848,0.0628532942664817,0.003822112760546004,7.583490140565993e-05
P09,18,A,beta,1799551287-β-9,P09-T18-Aβ,29,64,E4,9,9,R5,R,False,64,True,R2,False,0.0002667020652231808,False,0.348682165145874,valid,False,7.880585478545917e-06,0.0007006512930725769,0.002641029697335289,0.0008411300180784766,3.54562451829176e-05,0.0018924089662291173,0.8274733454491279,0.15421949745798616,0.011921898222285742,0.0002667020652231808
P09,19,A,alpha,1799551287-α-3,P09-T19-Aα,0,60,C4,7,7,L3,L,False,60,True,R2,False,0.003415785014309032,False,0.5591449737548828,valid,False,0.000733942772879927,0.004508609018421726,0.003415785014309032,0.0025443826011751123,0.0007842584917771108,0.01153535037549872,0.8333187867646936,0.1308682219190743,0.011858114734343094,0.00043254830782726703
P09,19,A,alpha,1799551287-α-3,P09-T19-Aα,1,59,B3,6,6,L2,L,False,59,True,R2,False,0.005773709518896711,False,0.41509199142456055,valid,False,0.00034142242055901423,0.005773709518896711,0.018187315252132553,0.018748122034472126,0.003917130512891725,0.010082677431639552,0.7510295880246396,0.18520161623719164,0.0066955628724006625,2.285569517636822e-05
P09,19,A,alpha,1799551287-α-3,P09-T19-Aα,2,64,E4,9,9,R3,R,False,64,True,R2,False,0.06466672636001197,False,0.3781712055206299,valid,False,2.4247571443709053e-05,1.2897094745419747e-05,2.131875422706352e-06,4.1354128465549093e-07,1.085642804878844e-08,0.029056633168195997,0.9017366980947654,0.06466672636001197,0.004433754728074008,6.648670962799002e-05
P09,19,A,alpha,1799551287-α-3,P09-T19-Aα,3,60,C4,7,7,L2,L,False,60,True,R2,False,0.002089819164757124,False,0.3471863269805908,valid,False,0.002204847337577481,0.002089819164757124,0.0004053832099599034,7.86362522120396e-05,6.585253408717647e-06,0.023976580422331948,0.9133119866808672,0.05553855910642578,0.0023562645286338978,3.1338043826022025e-05
P09,19,A,alpha,1799551287-α-3,P09-T19-Aα,4,59,B3,6,6,L1,L,False,59,True,L2,False,0.004970426413584629,False,0.4339473247528076,valid,False,0.004970426413584629,0.6571041765584977,0.029246623497100874,0.0017087534550311357,3.978617181165322e-05,0.008946059382567543,0.28593489098897384,0.011655336351024465,0.00038897668652114096,4.970494886999104e-06
P09,19,A,alpha,1799551287-α-3,P09-T19-Aα,5,64,E4,9,9,R3,R,False,64,True,R2,False,0.06531892370768393,False,0.3262181282043457,valid,False,6.388766215128947e-05,1.794007558305338e-05,3.559507393645262e-07,6.633995456953459e-08,5.782246926229785e-09,0.04743127355302457,0.8794368775285177,0.06531892370768393,0.0075329127826646225,0.00019775661743403922
P09,19,A,alpha,1799551287-α-3,P09-T19-Aα,6,65,F4,10,10,R2,R,False,65,True,R2,True,0.6960421094523686,False,0.31557512283325195,valid,False,7.39906289136904e-06,1.6374914048601289e-06,5.4648442712110766e-08,9.785686125819602e-09,8.194849208089326e-10,0.021330261984795738,0.6960421094523686,0.24601934242640539,0.034653896090217316,0.001945288238303063
P09,19,A,alpha,1799551287-α-3,P09-T19-Aα,7,64,E4,9,9,R1,R,False,64,True,R2,False,0.03506190112556196,False,0.2887120246887207,valid,False,6.540763177494633e-05,1.5562596607574776e-05,3.623554589700241e-07,8.935575604967526e-08,6.9076235285349655e-09,0.03506190112556196,0.8952608272732506,0.06388694921831961,0.005568440891177097,0.00014045264446961017
P09,19,A,alpha,1799551287-α-3,P09-T19-Aα,8,64,E4,9,9,R1,R,False,64,True,R2,False,0.028443490944725758,False,0.28388023376464844,valid,False,7.062507742615832e-05,1.5298486751523024e-05,4.3507098311883704e-07,9.142410708604661e-08,7.3559477035704545e-09,0.028443490944725758,0.78054987510649,0.17071553604485598,0.019687789857450743,0.0005168506312619797
P09,19,A,alpha,1799551287-α-3,P09-T19-Aα,9,62,D4,8,8,R2,R,False,62,True,R2,True,0.8848362465645039,False,0.2923581600189209,valid,False,0.0005103619315321914,0.00015675656602542963,3.953866920116046e-06,8.647576948565227e-07,6.957806406178789e-08,0.032038515492164306,0.8848362465645039,0.07724164759410214,0.0050882745667522366,0.00012330908224072163
P09,19,A,alpha,1799551287-α-3,P09-T19-Aα,10,57,A3,5,5,L2,L,False,57,True,L2,True,0.9558877067892118,False,0.4174458980560303,valid,False,0.024092313467731035,0.9558877067892118,0.006703571503768319,0.0005182178551419106,2.478889383463377e-05,0.0063494799098357665,0.005512110664805385,0.0008374786104541462,7.299534876838031e-05,1.336956448598861e-06
P09,19,A,alpha,1799551287-α-3,P09-T19-Aα,11,59,B3,6,6,L1,L,False,59,True,L2,False,0.017903406894931292,False,0.40009188652038574,valid,False,0.017903406894931292,0.9182588440373395,0.006187179422565081,0.0003473158494979233,1.0280352969995112e-05,0.01494451123877696,0.03730444120099016,0.004676169613044111,0.0003614900782052206,6.3613116797379056e-06
P09,19,A,alpha,1799551287-α-3,P09-T19-Aα,12,64,E4,9,9,R2,R,False,64,True,R2,True,0.8828984307959258,False,0.2931370735168457,valid,False,0.00013039060731153668,0.0002329829897553311,5.007643501988256e-06,5.331062376861535e-07,1.3446525217660515e-08,0.021249530472851344,0.8828984307959258,0.08676559451877988,0.008526766080454638,0.0001907503386567421
P09,19,A,alpha,1799551287-α-3,P09-T19-Aα,13,65,F4,10,10,R3,R,False,65,True,R2,False,0.31188067745604625,False,0.3470141887664795,valid,False,1.824788150178257e-05,2.0288760725620768e-05,4.3621324969104505e-07,9.929857580206037e-08,2.939181756717096e-09,0.0119132223076663,0.6407380215238159,0.31188067745604625,0.034557364094314265,0.0008716395249226735
P09,19,A,alpha,1799551287-α-3,P09-T19-Aα,14,67,G4,11,11,R4,R,False,67,True,R2,False,0.024942364419360645,False,0.43414807319641113,valid,False,3.990877119442568e-06,4.072500685220031e-06,9.869934380390125e-08,2.1586719724296672e-08,5.444812883810381e-10,0.023528801710436698,0.7778764757653308,0.17013083183037425,0.024942364419360645,0.0035133420661483962
P09,19,A,alpha,1799551287-α-3,P09-T19-Aα,15,65,F4,10,10,R5,R,False,65,True,R2,False,0.0015946101682145224,False,0.34441590309143066,valid,False,2.120167946508473e-05,2.9169678199749474e-05,7.077846322533615e-07,1.428992527420814e-07,3.463015896124893e-09,0.027679896888140796,0.7857426313052621,0.16511286951743878,0.01981876661637784,0.0015946101682145224
P09,19,A,alpha,1799551287-α-3,P09-T19-Aα,16,60,C4,7,7,L1,L,False,60,True,R2,False,0.003026512820522784,False,0.3754129409790039,valid,False,0.003026512820522784,0.01571836401350066,0.0003999138913903395,7.757531356461323e-05,2.0365338149443244e-06,0.020978413352235634,0.9009898330103858,0.057025239805284726,0.0017568000019226038,2.5311257377679867e-05
P09,19,A,alpha,1799551287-α-3,P09-T19-Aα,17,59,B3,6,6,L2,L,False,59,True,L2,True,0.9280371593465884,False,0.41638708114624023,valid,False,0.013235773291190698,0.9280371593465884,0.00861126968928911,0.000639589812792137,1.970410625504768e-05,0.013443174328119794,0.032124265363745914,0.0035718075149986836,0.00031132178426558865,5.934762754923372e-06
P09,19,A,alpha,1799551287-α-3,P09-T19-Aα,18,60,C4,7,7,L1,L,False,60,True,R2,False,0.0034385087801511315,False,0.32488584518432617,valid,False,0.0034385087801511315,0.049001952867307554,0.0007520427436086118,9.778714847690237e-05,2.567141857239444e-06,0.013943840691263983,0.8482331521935592,0.08104770105549525,0.0034385087801511315,4.3938598129103455e-05
P09,19,A,alpha,1799551287-α-3,P09-T19-Aα,19,59,B3,6,6,L2,L,False,59,True,L2,True,0.9610729189382781,False,0.40235304832458496,valid,False,0.007300161275183502,0.9610729189382781,0.012280962317664176,0.0005874584753478801,1.423644980225927e-05,0.00944361147021544,0.00848162256414072,0.0007468060876351007,7.051359747886357e-05,1.708824253986785e-06
P09,19,A,alpha,1799551287-α-3,P09-T19-Aα,20,60,C4,7,7,L4,L,False,60,True,R2,False,0.00012947575590907092,False,0.36191606521606445,valid,False,0.002844790936641158,0.07103914834118301,0.0023065164859009776,0.00012947575590907092,2.896472596346408e-06,0.010132401634706602,0.8473143921940143,0.06379905456901916,0.002400647209378103,3.067640065120967e-05
P09,19,A,alpha,1799551287-α-3,P09-T19-Aα,21,59,B3,6,6,L3,L,False,59,True,L2,False,0.031001844371390072,False,0.32245492935180664,valid,False,0.009302550663326465,0.9490644697467587,0.031001844371390072,0.001263703503972167,2.314553704118223e-05,0.005510493134492637,0.0035752914545337387,0.00023552144657022718,2.2237987552676815e-05,7.421543619698542e-07
P09,19,A,alpha,1799551287-α-3,P09-T19-Aα,22,64,E4,9,9,R4,R,False,64,True,R2,False,0.010762396324195438,False,0.30627012252807617,valid,False,0.00015963435379932805,0.0005567214864579474,9.814035114184045e-06,8.553996568300632e-07,2.1575724018286682e-08,0.006873903394525135,0.8422342958570705,0.13922039272726455,0.010762396324195438,0.00018196484619213606
P09,19,A,alpha,1799551287-α-3,P09-T19-Aα,23,62,D4,8,8,R2,R,False,62,True,R2,True,0.8681043573027997,False,0.3355979919433594,valid,False,0.0010336185794464889,0.0056066842510058236,0.00010293185977504935,8.619845953766236e-06,2.262911609095147e-07,0.010734726563662476,0.8681043573027997,0.10845246156835277,0.005849241149181417,0.00010713258866153139
P09,19,A,alpha,1799551287-α-3,P09-T19-Aα,24,64,E4,9,9,R1,R,False,64,True,R2,False,0.01713922033060799,False,0.27564287185668945,valid,False,0.00022828201789164572,0.0008011538283920021,1.591132579701111e-05,1.2802190164912052e-06,3.360874997234191e-08,0.01713922033060799,0.8449486792911532,0.12387535902692749,0.012670492829671667,0.0003195875217927354
P09,19,A,alpha,1799551287-α-3,P09-T19-Aα,25,65,F4,10,10,R2,R,False,65,True,R2,True,0.8508283959104618,False,0.746469259262085,valid,False,3.1563860104327884e-05,8.24825313276858e-05,1.7056832051256042e-06,1.37238599923688e-07,3.461565752296999e-09,0.06577306830764731,0.8508283959104618,0.07415892743558757,0.008217043380626239,0.0009066721908742541
P09,19,A,alpha,1799551287-α-3,P09-T19-Aα,26,64,E4,9,9,R1,R,False,64,True,R2,False,0.04072689242314356,False,0.31599903106689453,valid,False,0.00020902657715977376,0.0007762960936980392,1.3126641938513637e-05,1.0561644483147277e-06,3.126187111452416e-08,0.04072689242314356,0.8921645118987702,0.060757383975024684,0.005088019312612164,0.0002636556513334794
P09,19,A,alpha,1799551287-α-3,P09-T19-Aα,27,65,F4,10,10,R2,R,False,65,True,R2,True,0.8268885556982429,False,0.34960484504699707,valid,False,3.7467439238985955e-05,9.40711977296192e-05,1.9453175093075845e-06,1.565194818018682e-07,4.2766948783483146e-09,0.03774789763953717,0.8268885556982429,0.12122761917127223,0.013432403084923177,0.0005698796553700131
P09,19,A,alpha,1799551287-α-3,P09-T19-Aα,28,60,C4,7,7,L4,L,False,60,True,R2,False,6.207062498664166e-05,False,0.36835503578186035,valid,False,0.0029838120121484374,0.03550822016216302,0.0007714507626151478,6.207062498664166e-05,1.6294993973145447e-06,0.01678553612183351,0.8789281289380297,0.06283533474725596,0.002097020589567629,2.6796542002553186e-05
P09,19,A,alpha,1799551287-α-3,P09-T19-Aα,29,64,E4,9,9,R2,R,False,64,True,R2,True,0.8689226111882453,False,0.3052489757537842,valid,False,0.00016917775658468418,0.0005306203747096898,1.1415925397689276e-05,8.825051497884426e-07,2.509740926419869e-08,0.019374475395101058,0.8689226111882453,0.10429819607135242,0.006601217266076429,9.137841997373005e-05
P09,20,B,alpha,1799551287-α-8,P09-T20-Bα,0,59,B3,6,6,L2,L,False,59,True,L2,True,0.8208819118736176,False,1.481348991394043,valid,False,0.009683072564437314,0.8208819118736176,0.1412285167431019,0.007616974659915555,0.00011888237317967354,0.0001837303461229197,0.01101112580513061,0.00669072548982811,0.0020003792783052825,0.000584680866361125
P09,20,B,alpha,1799551287-α-8,P09-T20-Bα,1,64,E4,9,9,R4,R,False,64,True,R4,True,0.6312758179905825,False,0.7743489742279053,valid,False,0.00011125170517124049,6.128273517679803e-05,2.498019351628842e-06,2.4548931859364857e-07,1.126986553214354e-08,0.00033543177527404377,0.033032391914543456,0.29522650625741353,0.6312758179905825,0.03995456284330268
P09,20,B,alpha,1799551287-α-8,P09-T20-Bα,2,65,F4,10,10,R5,R,False,65,True,R5,True,0.8447301592695653,False,0.771043062210083,valid,False,3.3491704560975536e-05,1.0662922290060821e-05,2.4827271423947843e-07,3.7883959722350525e-08,2.1984263378807075e-09,5.051751355110198e-05,0.0013485328695725819,0.01966847771527796,0.13415786965008153,0.8447301592695653
P09,20,B,alpha,1799551287-α-8,P09-T20-Bα,3,64,E4,9,9,R3,R,False,64,True,R3,True,0.5714674503971324,False,0.6741421222686768,valid,False,0.0001318694084172185,4.028433992279887e-05,1.9269969485538095e-06,2.714337472929615e-07,1.3474548495131346e-08,0.001263596305531432,0.30133045718160456,0.5714674503971324,0.12498672440812802,0.0007774060540192455
P09,20,B,alpha,1799551287-α-8,P09-T20-Bα,4,60,C4,7,7,L2,L,False,60,True,L2,True,0.9025440436682165,False,0.7147068977355957,valid,False,0.01200373067271356,0.9025440436682165,0.05273173681360906,0.0018316505328265134,3.3547849729608e-05,0.02691904607548645,0.0036154541999742916,0.00026853272030213254,5.004751077938716e-05,2.2099563624717943e-06
P09,20,B,alpha,1799551287-α-8,P09-T20-Bα,5,59,B3,6,6,L1,L,False,59,True,L1,True,0.9768548605081716,False,1.208385944366455,valid,False,0.9768548605081716,0.015246318814798038,0.0002027742646877832,2.2468028962006264e-05,3.1648110807965054e-06,0.006893520988797197,0.0007293059756991816,3.933416043964074e-05,7.941430031006578e-06,3.1101733267028724e-07
P09,20,B,alpha,1799551287-α-8,P09-T20-Bα,6,60,C4,7,7,L2,L,False,60,True,L2,True,0.8898776072978882,False,0.6837320327758789,valid,False,0.010496941545789513,0.8898776072978882,0.028533645458316444,0.0011630942764182782,2.307706373504984e-05,0.03447773344717053,0.03348454313436045,0.0016017294205958501,0.00033658112757068933,5.047228154809277e-06
P09,20,B,alpha,1799551287-α-8,P09-T20-Bα,7,65,F4,10,10,R4,R,False,65,True,R4,True,0.4794357091707759,False,0.7038137912750244,valid,False,2.2596502459144006e-05,8.674303942371897e-06,1.588754186196069e-07,2.5232185056825475e-08,1.114181845151103e-09,0.0013353713648795904,0.03706265305669617,0.4425749401770123,0.4794357091707759,0.039559870202449006
P09,20,B,alpha,1799551287-α-8,P09-T20-Bα,8,60,C4,7,7,L2,L,False,60,True,L2,True,0.9093074721363407,False,0.7890708446502686,valid,False,0.011619483371577598,0.9093074721363407,0.03421565507823046,0.000898241146125044,1.7822087683558754e-05,0.03546671870609177,0.007788772628546245,0.0005785000130199921,0.00010358976889823869,3.745063486418573e-06
P09,20,B,alpha,1799551287-α-8,P09-T20-Bα,9,65,F4,10,10,R4,R,False,65,True,R4,True,0.7299827766746265,False,1.1532039642333984,valid,False,0.00010042710228280063,5.5744358882131004e-05,1.4634200835204579e-06,3.7560253564579786e-07,1.593232546141802e-08,0.0008949318585632564,0.01841233720621339,0.18001153645762666,0.7299827766746265,0.0705403913868605
P09,20,B,alpha,1799551287-α-8,P09-T20-Bα,10,64,E4,9,9,R2,R,False,64,True,R2,True,0.8955881378920781,False,0.7084920406341553,valid,False,0.0005526071266021734,0.00046648968974506054,1.1304896141628227e-05,2.6784437049701384e-06,1.1363495912578872e-07,0.024394821393445065,0.8955881378920781,0.074999439469191,0.003886389741854872,9.80177122779884e-05
P09,20,B,alpha,1799551287-α-8,P09-T20-Bα,11,65,F4,10,10,R3,R,False,65,True,R3,True,0.5558463787737515,False,0.6876909732818604,valid,False,7.329818175806897e-05,4.0782262241074976e-05,1.474394265350983e-06,3.0982341832179323e-07,1.033982057968424e-08,0.0007308981127661947,0.28160122063166226,0.5558463787737515,0.16085316961569537,0.0008524578646212957
P09,20,B,alpha,1799551287-α-8,P09-T20-Bα,12,64,E4,9,9,R2,R,False,64,True,R2,True,0.9020279478394893,False,0.6061000823974609,valid,False,0.0005202195209839713,0.000529747661538919,2.973725934242417e-05,3.715082119853329e-06,1.1445206188674566e-07,0.010005052516992219,0.9020279478394893,0.08183012923784741,0.004976095283583179,7.724114604082298e-05
P09,20,B,alpha,1799551287-α-8,P09-T20-Bα,13,59,B3,6,6,L2,L,False,59,True,L2,True,0.9479802997576589,False,0.6553516387939453,valid,False,0.011710098377314807,0.9479802997576589,0.01678442845160061,0.002014662280679649,7.578387792431281e-05,0.013595072378291278,0.007246014392298439,0.0005601512618450454,3.272721051415223e-05,7.620118728061202e-07
P09,20,B,alpha,1799551287-α-8,P09-T20-Bα,14,60,C4,7,7,L3,L,False,60,True,L3,True,0.8111290432655733,False,0.7347910404205322,valid,False,0.000975850566319895,0.11281355360756498,0.8111290432655733,0.03306340751436833,0.00039001392229298095,0.014402597090459249,0.0240089615289336,0.002999444658477278,0.00021404417879305926,3.083667217490714e-06
P09,20,B,alpha,1799551287-α-8,P09-T20-Bα,15,65,F4,10,10,R3,R,False,65,True,R3,True,0.5187276141952626,False,0.6779038906097412,valid,False,4.660108383583989e-05,3.243163048901262e-05,1.172495280578675e-06,1.5867998089070665e-07,5.511790225584865e-09,0.008082073880017164,0.40804559363057574,0.5187276141952626,0.06480475091467854,0.0002595979780892473
P09,20,B,alpha,1799551287-α-8,P09-T20-Bα,16,60,C4,7,7,L3,L,False,60,True,L2,False,0.026076547136703668,False,0.876838207244873,valid,False,0.0046525447739824335,0.9397649031423622,0.026076547136703668,0.0015235396325166096,2.7904601741849e-05,0.015944124438819395,0.010816106147963947,0.0010212591566056543,0.00016881300317302968,4.257966130892461e-06
P09,20,B,alpha,1799551287-α-8,P09-T20-Bα,17,59,B3,6,6,L1,L,False,59,True,L1,True,0.972378371850325,False,0.8618519306182861,valid,False,0.972378371850325,0.015176451758792552,0.0004316004513515787,9.824852905108365e-05,1.3296492506708977e-05,0.00724783041854166,0.004054166023355208,0.0005271579817039925,7.134307476435092e-05,1.5334196077179037e-06
P09,20,B,alpha,1799551287-α-8,P09-T20-Bα,18,60,C4,7,7,L2,L,False,60,True,L2,True,0.9250301492784161,False,0.6214990615844727,valid,False,0.008246808943506774,0.9250301492784161,0.0425136980387904,0.001418821121660337,2.598661531203952e-05,0.012081579338715748,0.008933661478087074,0.001536990572438722,0.00020800905445299793,4.295558619722194e-06
P09,20,B,alpha,1799551287-α-8,P09-T20-Bα,19,59,B3,6,6,L1,L,False,59,True,L1,True,0.9885878176907736,False,0.7603769302368164,valid,False,0.9885878176907736,0.006462285872863204,8.25775939855646e-05,1.4786851658794334e-05,7.662386413524465e-07,0.00305978581612334,0.0015310949078206173,0.0002244691731688292,3.564961632302212e-05,7.662386413524465e-07
P09,20,B,alpha,1799551287-α-8,P09-T20-Bα,20,60,C4,7,7,L3,L,False,60,True,L3,True,0.7242902471158333,False,0.7746219635009766,valid,False,0.001529884444154515,0.2355359343610018,0.7242902471158333,0.016864186069915063,5.314093232323453e-05,0.009459767437433247,0.009806511586744383,0.002106846344270866,0.0003482593583616882,5.222349961762969e-06
P09,20,B,alpha,1799551287-α-8,P09-T20-Bα,21,59,B3,6,6,L4,L,False,59,True,L4,True,0.8423500299204456,False,0.7959930896759033,valid,False,0.0007090676367228985,0.014108581252407978,0.12806341961651937,0.8423500299204456,0.009934550716309125,0.002787178948106548,0.001632309934483772,0.0003592257135003314,5.48142896136076e-05,8.219718907607665e-07
P09,20,B,alpha,1799551287-α-8,P09-T20-Bα,22,57,A3,5,5,L5,L,False,57,True,L5,True,0.9016510235765053,False,0.7619948387145996,valid,False,0.0003555176974343606,0.0014623277109517402,0.008102733669602544,0.08760383541070714,0.9016510235765053,0.000435935795369588,0.0003148142657425803,6.355990406847105e-05,1.0094420367757371e-05,1.5754925055842755e-07
P09,20,B,alpha,1799551287-α-8,P09-T20-Bα,23,62,D4,8,8,R4,R,False,62,True,R4,True,0.7749907729375217,False,0.8157041072845459,valid,False,0.0003404440019512667,5.368810643740553e-06,4.6795010704657476e-07,8.050841244281003e-08,7.009608139262571e-09,0.0016350647452323373,0.020656864396171055,0.16949969431972078,0.7749907729375217,0.03287123532063162
P09,20,B,alpha,1799551287-α-8,P09-T20-Bα,24,64,E4,9,9,R5,R,False,64,True,R5,True,0.9266200562474141,False,0.7443678379058838,valid,False,3.5362076028038396e-05,1.5208948773496028e-06,1.6191219396070584e-07,1.8672543366056688e-08,1.693334815272527e-09,0.00020834719064814826,0.001341554306012632,0.008260983248010799,0.06353199375893712,0.9266200562474141
P09,20,B,alpha,1799551287-α-8,P09-T20-Bα,25,65,F4,10,10,R4,R,False,65,True,R4,True,0.8758114073800776,False,0.8877832889556885,valid,False,2.232197904827587e-05,1.224957388338341e-06,6.876269247629269e-08,8.590537762409097e-09,9.907048072318759e-10,3.752747344050041e-05,0.0027597794838453123,0.08269430856269461,0.8758114073800776,0.03867335181957032
P09,20,B,alpha,1799551287-α-8,P09-T20-Bα,26,64,E4,9,9,R5,R,False,64,True,R5,True,0.8400533820062362,False,0.8162598609924316,valid,False,6.671895121275606e-05,1.2443777749311411e-05,7.270360021177552e-07,1.0658853962987891e-07,9.290347870229387e-09,0.00010602932641521246,0.00339208165000461,0.02295338545084783,0.13341511592264424,0.8400533820062362
P09,20,B,alpha,1799551287-α-8,P09-T20-Bα,27,59,B3,6,6,L2,L,False,59,True,L2,True,0.9508160779108367,False,0.711993932723999,valid,False,0.00814431913224531,0.9508160779108367,0.03302684267505363,0.0011940138865985743,3.0116582214587692e-05,0.006128896611894208,0.0005584002081457698,8.868368379528003e-05,1.2002031464900423e-05,6.472777510206085e-07
P09,20,B,alpha,1799551287-α-8,P09-T20-Bα,28,60,C4,7,7,L3,L,False,60,True,L3,True,0.8354493613065026,False,0.7805488109588623,valid,False,0.0007880179627417427,0.12248269287488765,0.8354493613065026,0.017252718708514005,8.441330373159076e-05,0.013239302766060536,0.009468492781489583,0.0011365186081111684,9.517573418878209e-05,3.3059537723029547e-06
P09,20,B,alpha,1799551287-α-8,P09-T20-Bα,29,57,A3,5,5,L3,L,False,57,True,L3,True,0.5604586433760836,False,1.1235530376434326,valid,False,0.002389275887708856,0.40697650420717035,0.5604586433760836,0.029042360019843567,0.000248765511911494,0.0007367851917528961,0.0001311721697941216,1.512744635833236e-05,1.318521105037695e-06,4.766827167458714e-08
P09,21,A,beta,1799551287-β-6,P09-T21-Aβ,0,64,E4,9,9,R4,R,False,64,True,R1,False,0.002703558397976335,False,1.5153698921203613,valid,False,5.458770027493043e-05,3.454711724249948e-05,6.7014512637284475e-06,8.713810688372089e-07,8.563374206239348e-08,0.7024462111269442,0.26896165702067854,0.025395419687139785,0.002703558397976335,0.00039636048366930627
P09,21,A,beta,1799551287-β-6,P09-T21-Aβ,1,62,D4,8,8,R2,R,False,62,True,R2,True,0.8867593005680053,False,0.3463711738586426,valid,False,0.0006288581254192359,0.0015026463151625897,0.00023876281370116838,4.0084477005261826e-05,1.6917575312191088e-06,0.03166607195835343,0.8867593005680053,0.07335024336870362,0.005719396998457897,9.294361766017213e-05
P09,21,A,beta,1799551287-β-6,P09-T21-Aβ,2,60,C4,7,7,L2,L,False,60,True,R2,False,0.0965750333909549,False,0.37253284454345703,valid,False,0.0036890421507547923,0.0965750333909549,0.017663097259705135,0.00213320962757897,6.702918711542678e-05,0.02114919920838397,0.7855008916639339,0.0674645343180341,0.005704608290500365,5.335490303858724e-05
P09,21,A,beta,1799551287-β-6,P09-T21-Aβ,3,59,B3,6,6,L3,L,False,59,True,L2,False,0.29911898334257625,False,0.3490328788757324,valid,False,0.005478555283667923,0.6395990091806149,0.29911898334257625,0.011255325921115921,0.0002756663602541756,0.006960630312699031,0.031245205802199135,0.0050124720738708925,0.0010451657719058804,8.985951095941736e-06
P09,21,A,beta,1799551287-β-6,P09-T21-Aβ,4,57,A3,5,5,L4,L,False,57,True,L3,False,0.0608866674096796,False,0.3081357479095459,valid,False,0.0019975136519746525,0.175939167878743,0.7535580021875636,0.0608866674096796,0.0015592917085502454,0.0019874352295091895,0.0033165931445373205,0.0006427017473901883,0.00011107555836435034,1.5514836878005045e-06
P09,21,A,beta,1799551287-β-6,P09-T21-Aβ,5,60,C4,7,7,R4,R,False,60,True,R2,False,0.006150968009217351,False,0.31157803535461426,valid,False,0.001116287931751558,0.03465385020037366,0.011871174689386598,0.0011682367837297896,3.6339773378419925e-05,0.01651621626590577,0.8324246458523706,0.09599947303799096,0.006150968009217351,6.280745589527262e-05
P09,21,A,beta,1799551287-β-6,P09-T21-Aβ,6,59,B3,6,6,L2,L,False,59,True,L2,True,0.7658529947389348,False,0.385875940322876,valid,False,0.0057169267084266106,0.7658529947389348,0.17130256385493106,0.009238978912701116,0.00016962504690893338,0.00595933771172297,0.03510907356637995,0.005501046880469636,0.0011256860272762616,2.3766552248762032e-05
P09,21,A,beta,1799551287-β-6,P09-T21-Aβ,7,64,E4,9,9,R2,R,False,64,True,R2,True,0.5347254980779956,False,0.32633090019226074,valid,False,0.00033197777240949635,0.0027905243188329305,0.000986855303539313,6.990449615783197e-05,1.1458688532542483e-06,0.013379562690492704,0.5347254980779956,0.3557448509528969,0.08863304089638525,0.003336639622436671
P09,21,A,beta,1799551287-β-6,P09-T21-Aβ,8,57,A3,5,5,L1,L,False,57,True,L3,False,0.0008571529607120366,False,0.334622859954834,valid,False,0.0008571529607120366,0.1161294727982862,0.7932463504308207,0.08434235197013432,0.0012040264201765001,0.0014719160812144373,0.0023791167155864774,0.00031200112807034676,5.650561310155382e-05,1.1058818971183281e-06
P09,21,A,beta,1799551287-β-6,P09-T21-Aβ,9,59,B3,6,6,L3,L,False,59,True,R2,False,0.2452832694121142,False,0.4501938819885254,valid,False,0.000543622483796095,0.05628903541626943,0.2452832694121142,0.019760905843557833,0.00036670493209123967,0.008143654962109973,0.654934570141931,0.013880705236853598,0.000791000258893225,6.531312383255109e-06
P09,21,A,beta,1799551287-β-6,P09-T21-Aβ,10,57,A3,5,5,L2,L,False,57,True,L3,False,0.08234633695632884,False,0.29556989669799805,valid,False,0.0010314360078959698,0.08234633695632884,0.7517652602508658,0.15461521063412406,0.0029346087512608495,0.0015345079477585505,0.005321554896595607,0.0004105589269938014,4.008945350429871e-05,4.3617467234511614e-07
P09,21,A,beta,1799551287-β-6,P09-T21-Aβ,11,62,D4,8,8,R4,R,False,62,True,R2,False,0.028482763212914833,False,0.30417394638061523,valid,False,0.0008261059815638867,0.01734402209224351,0.006864780878995598,0.0009112269715504229,2.3055454399073106e-05,0.011617609154814223,0.6224731860809767,0.3111506286668096,0.028482763212914833,0.0003066215057321976
P09,21,A,beta,1799551287-β-6,P09-T21-Aβ,12,60,C4,7,7,R5,R,False,60,True,R2,False,5.3566962173694785e-05,False,0.3046090602874756,valid,False,0.0011556916547533977,0.07854004337305086,0.05029809816107646,0.006950242939663476,0.00017819394340097542,0.012426630726094,0.7349789129458133,0.10979337944325832,0.0056252398507156305,5.3566962173694785e-05
P09,21,A,beta,1799551287-β-6,P09-T21-Aβ,13,62,D4,8,8,R4,R,False,62,True,R2,False,0.01456541637366811,False,0.27892017364501953,valid,False,0.0006148927622442829,0.016669663357959174,0.006122660844404725,0.0007643169414139422,2.198941109380057e-05,0.009094442398642969,0.6826767439068007,0.269304794170569,0.01456541637366811,0.00016507983320333691
P09,21,A,beta,1799551287-β-6,P09-T21-Aβ,14,64,E4,9,9,R2,R,False,64,True,R2,True,0.5213356768401272,False,0.278181791305542,valid,False,0.0001788270895877589,0.0023663123339142766,0.0006559236399895578,8.178278444500111e-05,2.2644881188171847e-06,0.0066972689487391265,0.5213356768401272,0.4286702919317347,0.03935282043596153,0.000658831507382075
P09,21,A,beta,1799551287-β-6,P09-T21-Aβ,15,60,C4,7,7,L3,L,False,60,True,R2,False,0.049226667320946924,False,0.30535411834716797,valid,False,0.0010745333919327349,0.07371166864389637,0.049226667320946924,0.006173299433038454,0.00016461867704813335,0.017837422602221313,0.8047321569956781,0.040642029480408036,0.006246770530360484,0.0001908329244693304
P09,21,A,beta,1799551287-β-6,P09-T21-Aβ,16,59,B3,6,6,L2,L,False,59,True,L3,False,0.09266240260749359,False,0.4204978942871094,valid,False,0.0008261018639731957,0.09266240260749359,0.7382430439221824,0.07209965983274594,0.0009320349283271774,0.005536115295510541,0.08546593403483971,0.003621288329781462,0.0006027726482581109,1.0646536888036266e-05
P09,21,A,beta,1799551287-β-6,P09-T21-Aβ,17,57,A3,5,5,L1,L,False,57,True,L3,False,0.000762028581092078,False,0.33562231063842773,valid,False,0.000762028581092078,0.10191741491730134,0.7351023405853216,0.1531614231687254,0.0030415855081744603,0.0022014143353912222,0.003549526446344448,0.0002254394033100878,3.787937551067387e-05,9.4767882846536e-07
P09,21,A,beta,1799551287-β-6,P09-T21-Aβ,18,59,B3,6,6,L2,L,False,59,True,L3,False,0.10690221385765189,False,0.372668981552124,valid,False,0.0012610119422901956,0.10690221385765189,0.7992921560032368,0.06472211798069946,0.0008075619748168849,0.005511940963505529,0.019616413890816815,0.0016001835825012814,0.0002788759751520891,7.523829328880257e-06
P09,21,A,beta,1799551287-β-6,P09-T21-Aβ,19,62,D4,8,8,R3,R,False,62,True,R2,False,0.08127821099063252,False,0.3038311004638672,valid,False,0.000571527833023349,0.02954285129196335,0.015150759323853506,0.0015977958470330764,2.611355158752226e-05,0.01564713586334118,0.8445851533872359,0.08127821099063252,0.011431309725571798,0.00016914218575782758
P09,21,A,beta,1799551287-β-6,P09-T21-Aβ,20,57,A3,5,5,L2,L,False,57,True,L3,False,0.03792211188942106,False,0.35148000717163086,valid,False,0.0003656336255824288,0.03792211188942106,0.6839707670964498,0.2681007043652042,0.0033493703971046044,0.0014677211321489007,0.004514065758212764,0.0002718183739480753,3.7206458855292984e-05,6.009030728808748e-07
P09,21,A,beta,1799551287-β-6,P09-T21-Aβ,21,60,C4,7,7,R3,R,False,60,True,R2,False,0.041024450341753324,False,0.300004243850708,valid,False,0.0005341164784692031,0.057438188478303516,0.05161696938675044,0.008136266319474268,0.00015129626263852525,0.010164870780155764,0.8279375549108395,0.041024450341753324,0.0029688225474444503,2.7464494170828105e-05
P09,21,A,beta,1799551287-β-6,P09-T21-Aβ,22,62,D4,8,8,R4,R,False,62,True,R2,False,0.011125318571611208,False,0.2661628723144531,valid,False,0.0004997151835098371,0.021331416351289576,0.009245376532961301,0.0013824685763547326,3.0007289573193002e-05,0.013818587304790759,0.8148979410434074,0.12751779439193164,0.011125318571611208,0.00015137475457047074
P09,21,A,beta,1799551287-β-6,P09-T21-Aβ,23,64,E4,9,9,R2,R,False,64,True,R2,True,0.5480453748169943,False,0.25717592239379883,valid,False,0.0002079248995805013,0.0038870244323576052,0.0010488644177922668,0.00016133863795736602,3.965137813320295e-06,0.01387069217226054,0.5480453748169943,0.3882848342401128,0.04367716988503286,0.0008128113600986063
P09,21,A,beta,1799551287-β-6,P09-T21-Aβ,24,67,G4,11,11,R4,R,False,67,True,R3,False,0.12961349875183018,False,0.4147529602050781,valid,False,1.4991524773456804e-05,9.885531650342331e-05,1.8613013348046392e-05,3.027192933638458e-06,6.523225337744445e-08,0.004309116784412722,0.31504028400583384,0.5472656100028255,0.12961349875183018,0.0036359381752859056
P09,21,A,beta,1799551287-β-6,P09-T21-Aβ,25,60,C4,7,7,R3,R,False,60,True,R2,False,0.028221286775734367,False,0.3425147533416748,valid,False,0.0009954844246050933,0.09221045635877691,0.06957542124589178,0.01227546760792384,0.00026032795323564057,0.02525379983673838,0.7693357614241111,0.028221286775734367,0.0018553736150554642,1.6620757927362554e-05
P09,21,A,beta,1799551287-β-6,P09-T21-Aβ,26,60,C4,7,7,L3,L,False,60,True,L3,True,0.663500528821086,False,0.4297928810119629,valid,False,0.0010504674137836979,0.1498552743791617,0.663500528821086,0.03108612991305358,0.0002960663064524055,0.01298407012332319,0.13024714765340553,0.009709785517868537,0.0012462287883501213,2.4301083515231372e-05
P09,21,A,beta,1799551287-β-6,P09-T21-Aβ,27,59,B3,6,6,L2,L,False,59,True,L3,False,0.0686376712580056,False,0.2945849895477295,valid,False,0.0005780410025750343,0.0686376712580056,0.8058434766034572,0.1121131655581793,0.0010146093358257284,0.0038051933419866826,0.007220551954534904,0.000697304925957605,8.84344146318112e-05,1.5516048462119307e-06
P09,21,A,beta,1799551287-β-6,P09-T21-Aβ,28,62,D4,8,8,R2,R,False,62,True,R2,True,0.8058313678790796,False,0.3335249423980713,valid,False,0.0003779050859174843,0.028152825890851645,0.021998307148649546,0.003795525449755794,7.596481825142078e-05,0.015235775553241633,0.8058313678790796,0.115944967060839,0.008471035437624114,0.00011632567578971535
P09,21,A,beta,1799551287-β-6,P09-T21-Aβ,29,60,C4,7,7,R1,R,False,60,True,R2,False,0.012831496186818498,False,0.3775351047515869,valid,False,0.0004940059053787207,0.06349208701974755,0.10559148893674344,0.01812807383494503,0.00041303143495200964,0.012831496186818498,0.7597247143201453,0.03756039059085177,0.0017528901180600992,1.1821652357317785e-05
P09,22,B,beta,1799551287-β-2,P09-T22-Bβ,0,57,A3,5,5,L1,L,False,57,True,L1,True,0.7987487768793037,False,2.573383092880249,valid,False,0.7987487768793037,0.18924575745609956,0.009806510230907381,0.0017560140115032334,0.00019457189860306993,6.529917489610389e-05,0.00014902504555661388,2.5678103693495654e-05,6.021960217246497e-06,2.3452392196907876e-06
P09,22,B,beta,1799551287-β-2,P09-T22-Bβ,1,60,C4,7,7,R5,R,False,60,True,R5,True,0.905042565930365,False,0.8521490097045898,valid,False,2.6462728089003003e-05,1.6748728563733366e-06,9.033206890349348e-08,1.7522618546123416e-08,4.87194155743524e-09,0.00017162503655958005,0.0016185127646485677,0.011559522518841374,0.08157952342201102,0.905042565930365
P09,22,B,beta,1799551287-β-2,P09-T22-Bβ,2,60,C4,7,7,R5,R,False,60,True,R5,True,0.9034802096171638,False,1.1043429374694824,valid,False,0.00017126506063804106,8.281378869314311e-06,4.838450755440335e-07,8.324306013342687e-08,1.4906014118457504e-08,0.0003834491342107849,0.0033369403545533186,0.010657397006456317,0.08196187545395849,0.9034802096171638
P09,22,B,beta,1799551287-β-2,P09-T22-Bβ,3,60,C4,7,7,L2,L,False,60,True,L2,True,0.8173608217465047,False,0.8183422088623047,valid,False,0.01316603017473166,0.8173608217465047,0.049703762757804575,0.0016587770925602131,2.1196496712904265e-05,0.11632928030939005,0.0016587770925602131,8.595603276739266e-05,1.4208436652388257e-05,1.189860315893377e-06
P09,22,B,beta,1799551287-β-2,P09-T22-Bβ,4,64,E4,9,9,R3,R,False,64,True,R3,True,0.6428144587558117,False,0.783900260925293,valid,False,8.933114848505589e-05,4.634885085739975e-06,2.8184765232453644e-07,1.8566644882537057e-08,1.4352896635474435e-09,0.0013775252864311578,0.0631716817402606,0.6428144587558117,0.2888351548723213,0.003706911462017621
P09,22,B,beta,1799551287-β-2,P09-T22-Bβ,5,59,B3,6,6,L5,L,False,59,True,L5,True,0.8306700586885756,False,0.933603048324585,valid,False,0.0021743874491340423,0.0022275035577896157,0.020022571458600955,0.14291251712896139,0.8306700586885756,0.0019409738778857002,4.989835087960767e-05,1.5999749193338054e-06,3.94548957490433e-07,9.496429627566169e-08
P09,22,B,beta,1799551287-β-2,P09-T22-Bβ,6,57,A3,5,5,L4,L,False,57,True,L4,True,0.7623455950315096,False,0.9095051288604736,valid,False,0.0007911312565549248,0.009403949913321183,0.14787983076448738,0.7623455950315096,0.07797591443088234,0.0015780240397002944,2.513233511478813e-05,3.342571301763522e-07,7.31060076681021e-08,1.4865291875824387e-08
P09,22,B,beta,1799551287-β-2,P09-T22-Bβ,7,60,C4,7,7,R3,R,False,60,True,R3,True,0.6072139454979151,False,0.7975680828094482,valid,False,0.0023289767942208284,9.526252216771836e-05,4.206523235444661e-06,5.04915834321705e-07,3.7501905712148754e-08,0.00538597947104037,0.32017931323433924,0.6072139454979151,0.06464308847593317,0.0001486850634080979
P09,22,B,beta,1799551287-β-2,P09-T22-Bβ,8,60,C4,7,7,R3,R,False,60,True,R3,True,0.5551658266659681,False,0.6177828311920166,valid,False,0.0026713961283232265,0.00013523609933522657,4.166274098686278e-06,4.804760647087398e-07,7.630797190302434e-08,0.0019938298161357604,0.3873260543084995,0.5551658266659681,0.05241888126476041,0.00028405265884248065
P09,22,B,beta,1799551287-β-2,P09-T22-Bβ,9,65,F4,10,10,R1,R,False,65,True,R1,True,0.9961668757380409,False,0.7719190120697021,valid,False,2.5925609786032117e-05,1.635044577419347e-06,6.403471431221904e-08,7.384811178694416e-09,6.699349555599299e-10,0.9961668757380409,0.003267139362911588,0.0003767832424759973,0.00011811633970436512,4.345257304365808e-05
P09,22,B,beta,1799551287-β-2,P09-T22-Bβ,10,60,C4,7,7,L5,L,False,60,True,L5,True,0.777203094149027,False,1.0055689811706543,valid,False,0.0015154337454987967,0.004383679793082384,0.019925668937020916,0.19380399565220321,0.777203094149027,0.0031116750509198213,5.057497949551941e-05,4.588058627487531e-06,1.0870384473127912e-06,2.0259567753339162e-07
P09,22,B,beta,1799551287-β-2,P09-T22-Bβ,11,57,A3,5,5,L4,L,False,57,True,L4,True,0.8418882253656692,False,0.7566788196563721,valid,False,0.00043025534224205744,0.00976790009439134,0.11352811217790841,0.8418882253656692,0.034317219569340154,6.677201990292016e-05,1.3818214710838422e-06,1.06821350161115e-07,2.336309906052078e-08,3.424625708877089e-09
P09,22,B,beta,1799551287-β-2,P09-T22-Bβ,12,52,E3,2,2,L3,L,False,52,True,L3,True,0.7536609665121348,False,0.9455990791320801,valid,False,0.00032359897207803604,0.06837058035610133,0.7536609665121348,0.17156164024193246,0.006082903124658447,3.0489396365341747e-07,5.367988075784437e-09,4.1497092490124446e-10,1.0233057020468744e-10,1.3841767663259379e-11
P09,22,B,beta,1799551287-β-2,P09-T22-Bβ,13,55,G3,4,4,L4,L,False,55,True,L4,True,0.7719977488214853,False,0.8713960647583008,valid,False,0.00021816995640362537,0.02263390689499495,0.17573578297923023,0.7719977488214853,0.02939162939810675,2.2393496988108464e-05,3.3848920188619766e-07,2.3207887328481877e-08,5.9565543931787455e-09,7.991472646661133e-10
P09,22,B,beta,1799551287-β-2,P09-T22-Bβ,14,60,C4,7,7,R2,R,False,60,True,R2,True,0.9203056518669415,False,0.7919421195983887,valid,False,0.0028643973221928625,0.005957827166085847,0.00025276523275079526,3.705714290576498e-05,1.7485561901539944e-06,0.03327165539424356,0.9203056518669415,0.036042754008721804,0.0012519543935744664,1.4188916393180491e-05
P09,22,B,beta,1799551287-β-2,P09-T22-Bβ,15,57,A3,5,5,L5,L,False,57,True,L5,True,0.8615730687661849,False,0.9325268268585205,valid,False,0.0009239681720636048,0.0015930859311138626,0.007322457953140742,0.12828987860402247,0.8615730687661849,0.00028943105916955206,7.587598567690442e-06,3.777642886375106e-07,9.695727582701087e-08,4.7194172740530824e-08
P09,22,B,beta,1799551287-β-2,P09-T22-Bβ,16,62,D4,8,8,R1,R,False,62,True,R1,True,0.9944160886904898,False,0.6479928493499756,valid,False,0.0008993634700684647,0.0009437969034444767,5.297981533844551e-05,4.262735107794174e-06,3.7154362155222033e-07,0.9944160886904898,0.003533029504146661,0.00011790874741968357,2.7935855255162e-05,4.262735107794174e-06
P09,22,B,beta,1799551287-β-2,P09-T22-Bβ,17,67,G4,11,11,R2,R,False,67,True,R2,True,0.929536994136117,False,0.9341130256652832,valid,False,4.411811681122649e-06,4.075636693878307e-07,1.9495763087016898e-08,2.858214600600559e-09,4.1903415971066083e-10,0.013522029793727994,0.929536994136117,0.050133357575850204,0.006263171000178375,0.000539605345763862
P09,22,B,beta,1799551287-β-2,P09-T22-Bβ,18,60,C4,7,7,R1,R,False,60,True,R1,True,0.9917352732423615,False,0.6641459465026855,valid,False,0.00483796442780599,0.0024582659672263097,0.000161937666905817,1.4690653702158366e-05,1.6942014163296748e-06,0.9917352732423615,0.0007404154806693153,3.993333700676169e-05,8.733895489047544e-06,1.0911274167669514e-06
P09,22,B,beta,1799551287-β-2,P09-T22-Bβ,19,59,B3,6,6,L3,L,False,59,True,L2,False,0.004762298737142542,False,0.9607980251312256,valid,False,0.010979580413798356,0.9733371031074022,0.004762298737142542,0.00028959568444563474,1.8329022977884695e-05,0.010598690753218726,1.278772541168211e-05,1.2566956279300107e-06,2.977460784710792e-07,6.011389648987424e-08
P09,22,B,beta,1799551287-β-2,P09-T22-Bβ,20,64,E4,9,9,R4,R,False,64,True,R4,True,0.6139141229154133,False,0.8018670082092285,valid,False,5.212286491163385e-05,3.4820121558317474e-06,2.1174137725789864e-07,1.77319059229105e-08,1.3170121014545014e-09,0.0008250964020369663,0.029366514228586507,0.29882408429476476,0.6139141229154133,0.05701434649183573
P09,22,B,beta,1799551287-β-2,P09-T22-Bβ,21,60,C4,7,7,R3,R,False,60,True,R3,True,0.5891579017037987,False,0.7076730728149414,valid,False,0.001983868350942542,0.0014603764312484753,9.62019387786e-05,4.248005212947625e-06,4.899017153535054e-07,0.003786932896603171,0.3233367119517853,0.5891579017037987,0.07973385149817201,0.00043941732174275966
P09,22,B,beta,1799551287-β-2,P09-T22-Bβ,22,65,F4,10,10,R4,R,False,65,True,R4,True,0.7015041629650042,False,0.8530750274658203,valid,False,2.1926780915701255e-05,5.702941605622296e-06,3.910116644391268e-07,1.5938497223788156e-08,1.9911998402943746e-09,0.0007222545241158949,0.028594855782452553,0.20300423358061603,0.7015041629650042,0.06614645448392842
P09,22,B,beta,1799551287-β-2,P09-T22-Bβ,23,62,D4,8,7,R3,R,False,60,False,R3,True,0.6483670247434272,False,0.9424729347229004,valid,False,0.0021190364840903224,0.001740995249572073,0.00010587003015668466,5.064281193292464e-06,5.84038841587237e-07,0.001723919147442214,0.1846443338195979,0.6483670247434272,0.15988533982158162,0.0014078323840969542
P09,22,B,beta,1799551287-β-2,P09-T22-Bβ,24,62,D4,8,8,R3,R,False,62,True,R3,True,0.605440791348218,False,1.1015129089355469,valid,False,0.00048110878172348727,0.0002480702699165676,1.5085168649081202e-05,7.215973753301443e-07,7.99552682525505e-08,0.004952012516604697,0.3067265927682767,0.605440791348218,0.08193750098011002,0.00019803661385778458
P09,22,B,beta,1799551287-β-2,P09-T22-Bβ,25,57,A3,5,5,L4,L,False,57,True,L4,True,0.7601008423506264,False,0.9413111209869385,valid,False,0.0006931222501423326,0.017830407908493908,0.20304976804583177,0.7601008423506264,0.01625249289272287,0.0013811989466786375,0.0006147442887946166,7.089545951269686e-05,6.431490984504267e-06,9.636621225144238e-08
P09,22,B,beta,1799551287-β-2,P09-T22-Bβ,26,52,E3,2,2,L2,L,False,52,True,L2,True,0.6903959939376091,False,0.7462620735168457,valid,False,0.004888036125623831,0.6903959939376091,0.2539824924367701,0.04733572695984021,0.0033779375712286474,1.6828620817397146e-05,2.6248417702079592e-06,3.2792203933978306e-07,3.096247214544892e-08,6.218290557131504e-10
P09,22,B,beta,1799551287-β-2,P09-T22-Bβ,27,55,G3,4,4,L4,L,False,55,True,L4,True,0.7616356584184847,False,0.7800948619842529,valid,False,0.0006139132262160348,0.018892538780503603,0.16657877202279925,0.7616356584184847,0.05166308448859869,0.0004708707559198304,0.0001294407932697097,1.4342448715209752e-05,1.3542172088716253e-06,2.4848284116606853e-08
P09,22,B,beta,1799551287-β-2,P09-T22-Bβ,28,59,B3,6,6,L2,L,False,59,True,L2,True,0.8573081931456337,False,0.6398708820343018,valid,False,0.002595547488407629,0.8573081931456337,0.11147467918023932,0.010112754738825192,0.0002262301290996159,0.007186511701749912,0.009716227953800853,0.0012633885954336523,0.0001146120275869265,1.8550392232467349e-06
P09,22,B,beta,1799551287-β-2,P09-T22-Bβ,29,64,E4,9,9,R1,R,False,64,True,R1,True,0.9863046275419415,False,0.7410616874694824,valid,False,0.00047796911168934193,0.000936098343453868,0.00012171966085473644,5.594145132457451e-06,1.3556833326410326e-07,0.9863046275419415,0.011178197840293157,0.0007664125016910365,0.00017446437023340244,3.4780916377347494e-05
P09,23,A,alpha,1799551287-α-1,P09-T23-Aα,0,57,A3,5,5,L5,L,False,57,True,R2,False,0.0,False,1.299252986907959,valid,False,,,,,,0.0030065861086560333,0.933041639678628,0.06146388888343796,0.002445202492557153,4.268283672112711e-05
P09,23,A,alpha,1799551287-α-1,P09-T23-Aα,1,59,B3,6,6,L4,L,False,59,True,L2,False,0.0050048726617154616,False,0.6540882587432861,valid,False,0.0016670439363488377,0.9105605426080885,0.08260418877150269,0.0050048726617154616,0.0001633520223445631,,,,,
P09,23,A,alpha,1799551287-α-1,P09-T23-Aα,2,57,A3,5,5,L3,L,False,57,True,L2,False,0.009653355589161772,False,0.5532441139221191,valid,False,0.003149694879054873,0.9227013192491015,0.009653355589161772,0.0006334023813185283,2.8026148914620492e-05,0.001948978880416006,0.06017902679085234,0.0014378189811286323,0.0002384166484174359,2.9960451634435814e-05
P09,23,A,alpha,1799551287-α-1,P09-T23-Aα,3,62,D4,8,8,R3,R,False,62,True,L2,False,1.0024808910551932e-07,False,0.41734766960144043,valid,False,0.004982024663942254,0.962723452249529,0.03136950891389084,0.0008917283548918238,1.7294282093502977e-05,1.4368143719454134e-05,1.4689083051509309e-06,1.0024808910551932e-07,3.702442979298903e-08,1.7211109207995044e-08
P09,23,A,alpha,1799551287-α-1,P09-T23-Aα,4,59,B3,6,6,L4,L,False,59,True,L4,True,0.6914732292558561,False,0.3986940383911133,valid,False,0.0004023948031590661,0.014288783885510883,0.2718909359107644,0.6914732292558561,0.021943681471755027,8.963049785988708e-07,7.173508136134373e-08,4.447826228654003e-09,1.5361192570143252e-09,6.489491578299692e-10
P09,23,A,alpha,1799551287-α-1,P09-T23-Aα,5,60,C4,7,7,L2,L,False,60,True,L2,True,0.8895168061465623,False,0.39705395698547363,valid,False,0.0017312244574361803,0.8895168061465623,0.10677015083008162,0.0019327113362326515,4.486220225464678e-05,3.872272545300947e-06,3.3815734749843486e-07,2.3834507988887232e-08,7.398925582414471e-09,3.3641060991966127e-09
P09,23,A,alpha,1799551287-α-1,P09-T23-Aα,6,59,B3,6,6,L3,L,False,59,True,L4,False,0.2491152769375109,False,0.34255099296569824,valid,False,0.00017695696586123553,0.011376070822148174,0.2491152769375109,0.7231646238640564,0.016166302489483714,7.129603458197944e-07,5.080933013411519e-08,3.5064571767780155e-09,1.1287699449652308e-09,5.160363994748773e-10
P09,23,A,alpha,1799551287-α-1,P09-T23-Aα,7,57,A3,5,5,L4,L,False,57,True,L5,False,0.007536624643526194,False,0.37009620666503906,valid,False,7.381770665522118e-05,2.0005813232600424e-05,0.00031854641681442825,0.007536624643526194,0.9920509052856614,9.34169675776014e-08,6.086600685577742e-09,4.2676201614237496e-10,1.376290273138484e-10,6.615064347062714e-11
P09,23,A,alpha,1799551287-α-1,P09-T23-Aα,8,59,B3,6,6,L3,L,False,59,True,L4,False,0.03693651601631632,False,0.3832120895385742,valid,False,0.0001269643743808028,0.0015717481678047607,0.03693651601631632,0.9422179905562744,0.01914626944757492,4.7196452843538474e-07,3.5902624785333585e-08,2.4089860791086437e-09,8.176476335908877e-10,3.438616347112156e-10
P09,23,A,alpha,1799551287-α-1,P09-T23-Aα,9,64,E4,9,9,R2,R,False,64,True,L3,False,1.0013769491344687e-05,False,0.41422414779663086,valid,False,0.0007159526590584199,0.16498569400787477,0.8100346211125838,0.024108421019731503,0.00010438876993737066,3.993736994246582e-05,1.0013769491344687e-05,7.149891206791171e-07,1.9658854037472988e-07,5.971371934864815e-08
P09,23,A,alpha,1799551287-α-1,P09-T23-Aα,10,65,F4,10,10,R3,R,False,65,True,L3,False,4.038588927744308e-06,False,0.47814297676086426,valid,False,0.0005498810162432147,0.12695368423586048,0.7978707698066729,0.07409646937928772,0.00032888673835690396,0.0001392173919693749,5.5669625466727014e-05,4.038588927744308e-06,1.0551676624458617e-06,3.280495523972747e-07
P09,23,A,alpha,1799551287-α-1,P09-T23-Aα,11,67,G4,11,11,R2,R,False,67,True,L3,False,0.00020452053911802765,False,0.377119779586792,valid,False,0.00031225043694337203,0.08542366281990568,0.8592417113973186,0.05430341851533971,0.00025442143229436286,0.00023729684643866277,0.00020452053911802765,1.750829664814656e-05,4.184003427055178e-06,1.025712566224877e-06
P09,23,A,alpha,1799551287-α-1,P09-T23-Aα,12,69,A4,12,12,R1,R,False,69,True,L3,False,0.0003134999985277528,False,0.38665199279785156,valid,False,0.0003193153926007759,0.10418479909077707,0.861739172811989,0.03248549792410664,0.0001510538747574023,0.0003134999985277528,0.0007133108312209992,7.361969615177068e-05,1.6217318408855652e-05,3.5130614598556087e-06
P09,23,A,alpha,1799551287-α-1,P09-T23-Aα,13,67,G4,11,11,R2,R,False,67,True,L3,False,0.0002797215211992392,False,0.39966273307800293,valid,False,0.0003630004235122338,0.0906176242233511,0.850391541359474,0.05767652893719452,0.0003032656077461729,0.0003364535995736644,0.0002797215211992392,2.4824997230321362e-05,5.558668789289889e-06,1.4806619293622793e-06
P09,23,A,alpha,1799551287-α-1,P09-T23-Aα,14,57,A3,5,5,L4,L,False,57,True,L4,True,0.8753341654461181,False,0.540726900100708,valid,False,3.778750987607593e-05,0.0021013614370247917,0.08264924727277151,0.8753341654461181,0.03987731881817828,1.1215941746874442e-07,6.662203687105669e-09,4.78692205511772e-10,1.478131381035881e-10,6.790497123607068e-11
P09,23,A,alpha,1799551287-α-1,P09-T23-Aα,15,59,B3,6,6,L3,L,False,59,True,L3,True,0.8712056082193591,False,0.34928202629089355,valid,False,0.00030032975756942316,0.08148877322548453,0.8712056082193591,0.04609236542423643,0.0009122439693367382,6.254961531229946e-07,4.8923363753406446e-08,3.5203050430555366e-09,1.0241128444772248e-09,4.400789958368473e-10
P09,23,A,alpha,1799551287-α-1,P09-T23-Aα,16,57,A3,5,5,L2,L,False,57,True,L3,False,0.0495626339563867,False,0.32166481018066406,valid,False,0.0001632903683245639,0.0495626339563867,0.8199015892892585,0.12806976125691583,0.0023025814524316656,1.3435762147610842e-07,8.467705598878775e-09,5.854743684479775e-10,1.831906655736458e-10,8.269053110859782e-11
P09,23,A,alpha,1799551287-α-1,P09-T23-Aα,17,65,F4,10,10,R1,R,False,65,True,L3,False,0.0002562454782009116,False,0.5252830982208252,valid,False,0.00032182549302124365,0.10213078241345507,0.8189475373231772,0.07765535878507943,0.0005679174577721212,0.0002562454782009116,0.00010915450883010096,8.576567867194706e-06,2.0338462178030467e-06,5.681263787961269e-07
P09,23,A,alpha,1799551287-α-1,P09-T23-Aα,18,64,E4,9,9,R3,R,False,64,True,L3,False,1.2054882807562232e-06,False,0.36649084091186523,valid,False,0.0003305544851103577,0.12812626504098223,0.8263173006440726,0.04482729824114345,0.0003125109895693477,6.784887576252831e-05,1.6628507657071356e-05,1.2054882807562232e-06,2.9574798914451096e-07,9.197943247941126e-08
P09,23,A,alpha,1799551287-α-1,P09-T23-Aα,19,65,F4,10,10,R4,R,False,65,True,L3,False,1.4997286327370429e-06,False,0.37914514541625977,valid,False,0.0003116015743356889,0.12077992494094533,0.8212069851268086,0.057152778208506685,0.0002753851085919877,0.00018675805448540602,7.856515904050989e-05,6.091664901585716e-06,1.4997286327370429e-06,4.1043375156025343e-07
P09,23,A,alpha,1799551287-α-1,P09-T23-Aα,20,64,E4,9,9,R5,R,False,64,True,L3,False,9.513006421070798e-08,False,0.3162040710449219,valid,False,0.0002622380600226351,0.10863656284568032,0.8136962376340034,0.07684835365403841,0.0004680162963592517,7.000461599764763e-05,1.7012653341084944e-05,1.1742503799185007e-06,3.048601131571333e-07,9.513006421070798e-08
P09,23,A,alpha,1799551287-α-1,P09-T23-Aα,21,65,F4,10,10,R4,R,False,65,True,L3,False,1.4497743007714442e-06,False,0.4041149616241455,valid,False,0.0004386872779902832,0.1569663622850239,0.8011747992648844,0.04089914548043557,0.00023081422176120136,0.00019790849250930632,8.414801080055814e-05,6.301102856658107e-06,1.4497743007714442e-06,3.840894372498148e-07
P09,23,A,alpha,1799551287-α-1,P09-T23-Aα,22,64,E4,9,9,R5,R,False,64,True,L3,False,9.724832481939203e-08,False,0.32143616676330566,valid,False,0.00029634031240167834,0.10014243049174824,0.8172991509720541,0.08158555821150235,0.0005778614479353991,7.872181749254697e-05,1.8137975101240146e-05,1.3698101242261037e-06,3.317133153164115e-07,9.724832481939203e-08
P09,23,A,alpha,1799551287-α-1,P09-T23-Aα,23,59,B3,6,6,L2,L,False,59,True,L4,False,0.0034903969638240685,False,0.42275094985961914,valid,False,6.228781845209936e-05,0.0034903969638240685,0.07810672909023121,0.8935965832771353,0.024743085866795637,8.424972994305252e-07,6.781350411912104e-08,4.76469638302446e-09,1.3518479034432017e-09,5.562139156686598e-10
P09,23,A,alpha,1799551287-α-1,P09-T23-Aα,24,57,A3,5,5,L3,L,False,57,True,L4,False,0.04794891646987689,False,0.32765698432922363,valid,False,5.177904235769937e-05,0.0028001791698012415,0.04794891646987689,0.9317214399474931,0.01747754450067737,1.3179026847687982e-07,8.199794985565256e-09,6.195550588198979e-10,1.801008374681848e-10,8.007427684162631e-11
P09,23,A,alpha,1799551287-α-1,P09-T23-Aα,25,59,B3,6,6,L4,L,False,59,True,L3,False,0.12085738300273523,False,0.4312429428100586,valid,False,0.00011821490806897494,0.04482672928257677,0.8331153403985493,0.12085738300273523,0.0010818433061616256,4.5268448500431433e-07,3.287806356423049e-08,2.574232443796056e-09,6.856567830417088e-10,2.7947029223532167e-10
P09,23,A,alpha,1799551287-α-1,P09-T23-Aα,26,60,C4,7,7,L5,L,False,60,True,L3,False,0.0008088367536823809,False,0.3066701889038086,valid,False,0.00023772313565140768,0.10487180354752189,0.7964617149637456,0.09761477379444992,0.0008088367536823809,4.645404225903286e-06,4.544285532454414e-07,3.502173789322433e-08,9.256231569360363e-09,3.6942002502601806e-09
P09,23,A,alpha,1799551287-α-1,P09-T23-Aα,27,65,F4,10,10,R5,R,False,65,True,L3,False,4.3446619152775203e-07,False,0.45552706718444824,valid,False,0.00036715484911573835,0.12127108508162172,0.8327352654567353,0.04510727668308657,0.00021547207484991657,0.00020671693115297245,8.827028279093313e-05,6.7816739991787265e-06,1.5425004561598434e-06,4.3446619152775203e-07
P09,23,A,alpha,1799551287-α-1,P09-T23-Aα,28,60,C4,7,7,L5,L,False,60,True,L4,False,0.013395126669655102,False,0.3742179870605469,valid,False,0.0001442906591864776,0.016614657114105768,0.19566635759678497,0.7741747546060824,0.013395126669655102,4.321327912979732e-06,4.47297966004058e-07,3.270694756189549e-08,8.798700647364142e-09,3.2226580990134245e-09
P09,23,A,alpha,1799551287-α-1,P09-T23-Aα,29,59,B3,6,6,L4,L,False,59,True,L4,True,0.8963930693383817,False,0.2675490379333496,valid,False,5.046015537988003e-05,0.004245530451127062,0.06759567968241229,0.8963930693383817,0.03171447263411249,7.266190195283992e-07,5.556915572599341e-08,3.98055544258396e-09,1.096185511406592e-09,4.736702579731548e-10
P09,24,C,gamma,1799551287-γ-3,P09-T24-Cγ,0,60,C4,7,7,R3,R,False,60,True,R3,True,0.7360726917268128,False,0.6621170043945312,valid,False,,,,,,0.0003213866669819759,0.11999778930514968,0.7360726917268128,0.14269945540091747,0.0009086769001380374
P09,24,C,gamma,1799551287-γ-3,P09-T24-Cγ,1,59,B3,6,6,L5,L,False,59,True,L5,True,0.7264807488558723,False,0.8400609493255615,valid,False,0.0004713523131124385,0.0015129611060723267,0.014756906142834003,0.2567780220360288,0.7264807488558723,6.198745373170954e-09,2.835746643267533e-09,3.870029476196763e-10,9.47691651611864e-11,2.981606102814526e-11
P09,24,C,gamma,1799551287-γ-3,P09-T24-Cγ,2,62,D4,8,8,L2,L,False,62,True,L2,True,0.9591193917903401,False,0.596024751663208,valid,False,0.004884249124628048,0.9591193917903401,0.0346748820034395,0.0013047553647839547,1.672171680829864e-05,,,,,
P09,24,C,gamma,1799551287-γ-3,P09-T24-Cγ,3,53,F3,3,3,L2,L,False,53,True,L2,True,0.8995045307810549,False,0.4695158004760742,valid,False,0.003777271977100613,0.8995045307810549,0.08839753550722305,0.008019243497043445,0.0002968171670186994,1.133304450227639e-06,2.4738791802116117e-06,9.368085774160475e-07,5.450439107664505e-08,2.573960446467744e-09
P09,24,C,gamma,1799551287-γ-3,P09-T24-Cγ,4,69,A4,12,12,R3,R,False,69,True,R3,True,0.7259710268185334,False,0.5204291343688965,valid,False,1.0615176770848964e-08,2.5309729037439862e-09,5.904365768892276e-11,1.3387288031869666e-11,1.1332693895174026e-12,0.0003455622078043711,0.1676954015656247,0.7259710268185334,0.10363557756235828,0.0023524186259654104
P09,24,C,gamma,1799551287-γ-3,P09-T24-Cγ,5,62,D4,8,8,L2,L,False,62,True,L2,True,0.9613556162361311,False,0.534512996673584,valid,False,0.0019682132803579117,0.9613556162361311,0.03506228905203645,0.0012670217135931775,1.34308291931743e-05,0.0001738710081380563,0.00013226621227502438,2.4611601873491942e-05,2.555110091807476e-06,1.2495630984958747e-07
P09,24,C,gamma,1799551287-γ-3,P09-T24-Cγ,6,60,C4,7,7,R2,R,False,60,True,R2,True,0.9178291112025212,False,0.4697837829589844,valid,False,4.0526395039282595e-05,0.0001754090221409562,7.459938132619657e-06,8.164589152167936e-07,5.361516020787586e-08,0.007684744317898783,0.9178291112025212,0.07222215153883457,0.002002893441684845,3.683406967229992e-05
P09,24,C,gamma,1799551287-γ-3,P09-T24-Cγ,7,57,A3,5,5,L4,L,False,57,True,L4,True,0.599567933250818,False,0.6014499664306641,valid,False,0.0004728766057275382,0.0184872878648477,0.3719887972929839,0.599567933250818,0.009358680766403678,9.184915928615434e-05,2.8619719162895584e-05,3.667801482226263e-06,2.663852394495063e-07,2.1154048385017096e-08
P09,24,C,gamma,1799551287-γ-3,P09-T24-Cγ,8,57,A3,5,5,R4,R,False,57,True,R4,True,0.8489954336967922,False,0.7555339336395264,valid,False,3.3630388590028267e-05,4.590518830081069e-05,2.8390904710765967e-06,4.640114355473128e-07,1.3830243326863058e-08,0.00029868061810493036,0.00672069889204405,0.12446864139682581,0.8489954336967922,0.019433692887192325
P09,24,C,gamma,1799551287-γ-3,P09-T24-Cγ,9,52,E3,2,2,L2,L,False,52,True,L2,True,0.9547671744068777,False,0.4473299980163574,valid,False,0.003383994045252942,0.9547671744068777,0.03739240146242725,0.004306538053749882,0.00014777889774198613,1.5139663238788263e-06,5.485245712718697e-07,4.404991082640559e-08,6.259440599807261e-09,3.3370350036693595e-10
P09,24,C,gamma,1799551287-γ-3,P09-T24-Cγ,10,64,E4,9,9,R2,R,False,64,True,R2,True,0.9497616970697919,False,0.4741661548614502,valid,False,7.067913752126429e-06,1.1114203769235383e-05,9.893679312939567e-07,7.369568958803812e-08,1.2297877865956832e-09,0.007628362893488619,0.9497616970697919,0.039732609424813325,0.002736276803698168,0.00012180739727787957
P09,24,C,gamma,1799551287-γ-3,P09-T24-Cγ,11,55,G3,4,4,L5,L,False,55,True,L5,True,0.820560653026818,False,0.6488199234008789,valid,False,0.00026612045411763017,0.0007280893610929394,0.00598937957416903,0.17242939180898942,0.820560653026818,1.555148371503552e-05,1.0018057924249378e-05,7.213404045457798e-07,7.181212587867804e-08,3.080643152809496e-09
P09,24,C,gamma,1799551287-γ-3,P09-T24-Cγ,12,52,E3,2,2,L2,L,False,52,True,L2,True,0.9453012217782489,False,0.47066712379455566,valid,False,0.0021258249652371494,0.9453012217782489,0.04521837948249324,0.00682852101891599,0.0005252496440000164,6.133099579216295e-07,1.749767446506451e-07,1.3497541421447869e-08,1.2699214566948507e-09,5.693918829991376e-11
P09,24,C,gamma,1799551287-γ-3,P09-T24-Cγ,13,55,G3,4,4,L5,L,False,55,True,L5,True,0.7307067932087405,False,0.6388311386108398,valid,False,0.0009577279675905191,0.0007622391837672448,0.009716796908382001,0.2578231710183732,0.7307067932087405,2.169497086998561e-05,1.0684793523199711e-05,8.133877850571595e-07,7.511383655103044e-08,3.447131586642661e-09
P09,24,C,gamma,1799551287-γ-3,P09-T24-Cγ,14,59,B3,6,6,L3,L,False,59,True,L3,True,0.8605997748498243,False,0.5791091918945312,valid,False,0.0003466558455376658,0.07440457349825962,0.8605997748498243,0.06390102852056047,0.00037950089045142246,3.391457938561615e-05,0.0002882443725267336,4.104849906341556e-05,5.099128315431244e-06,1.5981607526912125e-07
P09,24,C,gamma,1799551287-γ-3,P09-T24-Cγ,15,55,G3,4,4,L5,L,False,55,True,L5,True,0.7301872671650927,False,0.5971469879150391,valid,False,0.00021717229428912891,0.0009480015119966545,0.010520240114352288,0.2580881082861887,0.7301872671650927,1.865676861955084e-05,1.876758717078762e-05,1.637067043739924e-06,1.4376281685149473e-07,5.442429550499844e-09
P09,24,C,gamma,1799551287-γ-3,P09-T24-Cγ,16,50,D3,1,1,L3,L,False,50,True,L3,True,0.7392351824804135,False,0.6859898567199707,valid,False,0.0005166940617294878,0.18281526805626383,0.7392351824804135,0.07518930305252808,0.0022433301058863223,1.528792678505383e-07,6.414769591294871e-08,4.770707881265358e-09,4.232252445407425e-10,2.2281818068046833e-11
P09,24,C,gamma,1799551287-γ-3,P09-T24-Cγ,17,71,B4,13,13,R5,R,False,71,True,R5,True,0.8305060170603961,False,0.6477138996124268,valid,False,1.3093081990073854e-08,5.355175902511329e-08,3.4232242586809344e-09,2.8726269179038217e-10,2.4176343185436277e-11,4.740807197707856e-05,0.0006200440061087319,0.01404175195781371,0.15478470852420007,0.8305060170603961
P09,24,C,gamma,1799551287-γ-3,P09-T24-Cγ,18,64,E4,9,9,R1,R,False,64,True,R1,True,0.9860796823122966,False,0.5345127582550049,valid,False,4.76683383788393e-06,8.118068102362076e-05,9.816947031702569e-06,7.151612637950134e-07,6.468893141398729e-08,0.9860796823122966,0.013114744938323493,0.0005345859083001884,0.0001428067680404592,3.163576095102869e-05
P09,24,C,gamma,1799551287-γ-3,P09-T24-Cγ,19,69,A4,12,12,R5,R,False,69,True,R5,True,0.9411768411007017,False,1.1279468536376953,valid,False,2.4050026364448296e-08,2.8952174706776665e-08,2.4711859250203825e-09,4.4457291296975436e-10,8.314519785756763e-11,1.176964772147348e-05,0.0006082596535183133,0.0074419361546912205,0.05076113744226211,0.9411768411007017
P09,24,C,gamma,1799551287-γ-3,P09-T24-Cγ,20,59,B3,6,6,L3,L,False,59,True,L3,True,0.815643892210028,False,0.5804276466369629,valid,False,0.0006574361484667003,0.09982580647389201,0.815643892210028,0.08202074392582347,0.0016889869515209573,6.731450163350142e-05,7.865264274763767e-05,1.4447995549037274e-05,2.566310417244167e-06,1.528399217609003e-07
P09,24,C,gamma,1799551287-γ-3,P09-T24-Cγ,21,64,E4,9,9,R3,R,False,64,True,R3,True,0.6643712430459189,False,0.5259392261505127,valid,False,3.3990456034243786e-05,0.0012918352116494173,0.00018747080831104212,1.6742517315670393e-05,9.050629483646325e-07,0.0009992971193451352,0.13514551851665896,0.6643712430459189,0.19688224576981386,0.0010707514920044224
P09,24,C,gamma,1799551287-γ-3,P09-T24-Cγ,22,53,F3,3,3,L5,L,False,53,True,L5,True,0.7927736731001532,False,0.5830247402191162,valid,False,0.00021934397794391792,0.0010066316482504989,0.010543797527747423,0.19542577905848701,0.7927736731001532,1.4662400220447015e-05,1.3246037701318975e-05,2.5904763007701054e-06,2.6874286922402644e-07,7.030325994167631e-09
P09,24,C,gamma,1799551287-γ-3,P09-T24-Cγ,23,65,F4,10,10,R5,R,False,65,True,R5,True,0.9082277572153644,False,0.5676629543304443,valid,False,2.3378304690675655e-06,4.389656036073821e-05,1.0864015727184078e-05,9.834676231027086e-07,4.8937601166514494e-08,0.00011187612629330441,0.00041957842621025414,0.005427589870998916,0.0857550675493518,0.9082277572153644
P09,24,C,gamma,1799551287-γ-3,P09-T24-Cγ,24,71,B4,13,13,R2,R,False,71,True,R2,True,0.856365528913933,False,0.5052700042724609,valid,False,1.353570845549432e-07,3.614716451146254e-06,7.61101710681679e-07,6.726205216730408e-08,3.6173213510948853e-09,0.010598038491775978,0.856365528913933,0.11378226659888133,0.016052574849221794,0.0031970090915679843
P09,24,C,gamma,1799551287-γ-3,P09-T24-Cγ,25,67,G4,11,11,R5,R,False,67,True,R5,True,0.9357775795098213,False,0.6386780738830566,valid,False,6.649779181507978e-07,1.1386538466234425e-05,1.6247768945214023e-06,2.9994286277552116e-07,1.3929748390909861e-08,1.9462480795205262e-05,0.0003834208068702124,0.004578529238142258,0.0592270177984809,0.9357775795098213
P09,24,C,gamma,1799551287-γ-3,P09-T24-Cγ,26,69,A4,12,12,R5,R,False,69,True,R5,True,0.8915830238756355,False,0.5680058002471924,valid,False,1.5647244325716224e-07,3.5746945649223893e-06,3.278728072346079e-07,5.173426536020186e-08,2.1363011050522208e-09,8.271609347332115e-06,0.0008798165818441307,0.016329912704631803,0.09119486231815949,0.8915830238756355
P09,24,C,gamma,1799551287-γ-3,P09-T24-Cγ,27,60,C4,7,7,L1,L,False,60,True,L1,True,0.7350036451157609,False,0.6458587646484375,valid,False,0.7350036451157609,0.2597904796229354,0.00475822861150474,0.0002893481798507072,2.4230949899929053e-05,2.935428119748739e-05,7.965281435541352e-05,1.9854444130678693e-05,3.992948187086614e-06,1.2130321775298515e-06
P09,24,C,gamma,1799551287-γ-3,P09-T24-Cγ,28,59,B3,6,6,L1,L,False,59,True,L1,True,0.8615496357068342,False,0.5298888683319092,valid,False,0.8615496357068342,0.13682909560631457,0.0014315140634090435,0.00010632367175353056,1.3825129973972495e-05,2.0931766127762735e-05,3.658291825388474e-05,9.8777645411547e-06,1.8812035559374257e-06,3.3216923591463784e-07
P09,24,C,gamma,1799551287-γ-3,P09-T24-Cγ,29,71,B4,13,13,R5,R,False,71,True,R5,True,0.7384487445005788,False,0.579179048538208,valid,False,5.761368415194627e-08,1.4488097635130477e-08,2.5849051532873065e-10,6.066903824464211e-11,1.6310617147223777e-11,3.801868713358046e-05,0.0022331486869896344,0.02778653899700464,0.23149347669104126,0.7384487445005788
P09,25,B,gamma,1799551287-γ-9,P09-T25-Bγ,0,62,D4,8,8,R2,R,False,62,True,R2,True,0.9501828199503717,False,0.735457181930542,valid,False,2.7790128067701034e-08,1.8415233669911891e-07,4.4903550203218337e-08,5.943722202478818e-09,3.6415370629326286e-10,0.004125070027318794,0.9501828199503717,0.04366969608561169,0.001967843604397802,5.4307178409373904e-05
P09,25,B,gamma,1799551287-γ-9,P09-T25-Bγ,1,60,C4,7,7,L5,L,False,60,True,L5,True,0.8540274782876408,False,0.8167440891265869,valid,False,0.00010435148841058966,0.00048034268094503433,0.0038391818913270062,0.14116979267163215,0.8540274782876408,3.084921890404694e-05,0.00027982725235521205,6.295418386644482e-05,5.041259504064515e-06,1.8106541461061401e-07
P09,25,B,gamma,1799551287-γ-9,P09-T25-Bγ,2,72,C5,14,14,R4,R,False,72,True,R4,True,0.74772593890128,False,1.5561578273773193,valid,False,5.236423125450417e-11,4.683560185149857e-11,5.132109633634629e-12,4.5012020681770507e-13,2.943944810180663e-14,4.953357210913609e-05,0.00615359533914854,0.13389240357255675,0.74772593890128,0.11217852851009417
P09,25,B,gamma,1799551287-γ-9,P09-T25-Bγ,3,53,F3,3,3,L1,L,False,53,True,L1,True,0.8429508999121849,False,0.7915859222412109,valid,False,0.8429508999121849,0.1509439705258016,0.005457051970707047,0.0005362840639907287,0.00010827388517575103,2.861752015776278e-06,5.948314954501861e-07,5.988529894474694e-08,2.9084486982744336e-09,2.648812757166465e-10
P09,25,B,gamma,1799551287-γ-9,P09-T25-Bγ,4,55,G3,4,4,L5,L,False,55,True,L5,True,0.8624467504987512,False,0.8182148933410645,valid,False,0.0004302408800794794,0.0005529831096873916,0.004951910236232168,0.1316008408682853,0.8624467504987512,1.2895456322655538e-05,3.988854778865853e-06,3.695860452551963e-07,1.8876066075949597e-08,1.6337516258601537e-09
P09,25,B,gamma,1799551287-γ-9,P09-T25-Bγ,5,64,E4,9,9,R1,R,False,64,True,R1,True,0.9957422569966254,False,0.6863498687744141,valid,False,4.636212361984085e-06,5.903858379235363e-05,4.543582057255318e-06,2.8894982395982533e-07,1.7641448101520597e-08,0.9957422569966254,0.0039887920710424025,0.00015009129239961161,3.416643484838655e-05,1.6168235600623942e-05
P09,25,B,gamma,1799551287-γ-9,P09-T25-Bγ,6,57,A3,5,5,R3,R,False,57,True,L3,False,8.535659227475867e-05,False,1.0795729160308838,valid,False,0.0016680884343578332,0.22422997026668226,0.6916516309742021,0.07663718519840103,0.0011036087922032447,0.00355114672570509,0.0010608626579604139,8.535659227475867e-05,1.1551758591616532e-05,5.985996216583005e-07
P09,25,B,gamma,1799551287-γ-9,P09-T25-Bγ,7,60,C4,7,7,L4,L,False,60,True,L4,True,0.8281819488805693,False,0.9259567260742188,valid,False,0.00030559337998216216,0.0078537636619509,0.10346494661268506,0.8281819488805693,0.06016992342685583,2.0167442255670533e-05,1.728040580603807e-06,5.204758208272682e-07,5.638247257396885e-07,8.442545739631965e-07
P09,25,B,gamma,1799551287-γ-9,P09-T25-Bγ,8,55,G3,4,4,L3,L,False,55,True,L3,True,0.7631244848421653,False,0.8268082141876221,valid,False,0.0005404866977489365,0.13918076611936825,0.7631244848421653,0.0953373038252656,0.0018160103841377566,7.057239481054503e-07,1.6951335728645541e-07,5.5308783401286533e-08,1.3638978066061198e-08,3.946247241304491e-09
P09,25,B,gamma,1799551287-γ-9,P09-T25-Bγ,9,57,A3,5,5,R3,R,False,57,True,R3,True,0.6804545836943865,False,0.809211254119873,valid,False,0.0029528212824393896,4.7967147967083596e-05,2.5870451591465947e-06,3.644070959688232e-07,7.970016357811804e-08,0.0026189175413688626,0.23812808481013908,0.6804545836943865,0.07539651699546508,0.0003980773758152244
P09,25,B,gamma,1799551287-γ-9,P09-T25-Bγ,10,60,C4,7,7,R2,R,False,60,True,R2,True,0.9279488492820337,False,0.6301350593566895,valid,False,0.00023506507045755525,7.248045823453218e-06,4.77463238691296e-07,5.2904434848904534e-08,7.45203515253699e-09,0.00861045025897374,0.9279488492820337,0.06112840256671717,0.0020400546811025423,2.9392275182956177e-05
P09,25,B,gamma,1799551287-γ-9,P09-T25-Bγ,11,69,A4,12,12,R1,R,False,69,True,R1,True,0.9835690610140584,False,0.8131790161132812,valid,False,2.2347141436933353e-08,7.16554058152468e-10,4.912754940655456e-11,5.897058645543595e-12,6.80079002065868e-13,0.9835690610140584,0.012568426741727529,0.001842618863362528,0.0012855515589399486,0.0007343187025114721
P09,25,B,gamma,1799551287-γ-9,P09-T25-Bγ,12,60,C4,7,7,R4,R,False,60,True,R3,True,0.41158152076325905,False,0.7010498046875,valid,False,0.00013260490200948626,4.991629381531563e-06,2.5866082947852846e-07,3.5005936619693826e-08,4.373299090108485e-09,0.0020959504100407813,0.06735869408338832,0.5027068046680018,0.41158152076325905,0.016119135503853847
P09,25,B,gamma,1799551287-γ-9,P09-T25-Bγ,13,53,F3,3,3,L5,L,False,53,True,L5,True,0.9827584931631731,False,0.7627127170562744,valid,False,2.384526952465655e-05,5.530280305536114e-05,0.000530918680932993,0.01662899395579969,0.9827584931631731,9.226567855501657e-07,8.820037338373853e-07,5.056647824501499e-07,1.0625841072866405e-07,2.954380166944444e-08
P09,25,B,gamma,1799551287-γ-9,P09-T25-Bγ,14,59,B3,6,6,R2,R,False,59,True,R2,True,0.9153555870176355,False,0.6859912872314453,valid,False,0.008556160529294646,0.0020123689485832177,0.00016191441423797566,1.5287995131048224e-05,1.2802660251117642e-06,0.007840578418210613,0.9153555870176355,0.0627596662186697,0.003252137945573166,4.5018246639186994e-05
P09,25,B,gamma,1799551287-γ-9,P09-T25-Bγ,15,62,D4,8,8,R4,R,False,62,True,R4,True,0.8023341099847099,False,0.7314460277557373,valid,False,8.31477910479449e-05,1.9645837603474014e-06,6.824032563429511e-08,7.264763005380256e-09,8.049586857499739e-10,0.00027692064523301995,0.01807026810536865,0.1619884630742538,0.8023341099847099,0.017245049505578886
P09,25,B,gamma,1799551287-γ-9,P09-T25-Bγ,16,62,D4,8,8,L1,L,False,62,True,L1,True,0.2096188522431456,True,2.694944143295288,valid,False,0.2096188522431456,0.7243617282795118,0.04066187382309361,0.0031433556018324546,8.939333897486317e-05,0.002570278968342977,0.0149094214397706,0.0038020066492529046,0.0006391218692072053,0.00020396778686799518
P09,25,B,gamma,1799551287-γ-9,P09-T25-Bγ,17,55,G3,4,4,L3,L,False,55,True,L3,True,0.7659399838736131,False,0.7799298763275146,valid,False,0.00010901664455369332,0.04327174180373923,0.7659399838736131,0.18887847458471602,0.0017965913698198724,3.3486295005173867e-06,7.062485977543947e-07,1.0493847232098663e-07,2.380627004967441e-08,8.100717654317457e-09
P09,25,B,gamma,1799551287-γ-9,P09-T25-Bγ,18,50,D3,1,1,L1,L,False,50,True,L1,True,0.8684421294005908,False,0.7562768459320068,valid,False,0.8684421294005908,0.12731966237743306,0.0036762915849203872,0.0004900249115100069,7.184106364467576e-05,3.98495521051094e-08,9.58921973906739e-09,1.02246002070035e-09,1.5601172068095004e-10,4.465754930137933e-11
P09,25,B,gamma,1799551287-γ-9,P09-T25-Bγ,19,59,B3,6,6,R2,R,False,59,True,R2,True,0.9167056265592621,False,1.3078479766845703,valid,False,0.0172551637683824,0.004527768086259516,0.0003362935370911611,2.4977724330115308e-05,1.518896980749744e-06,0.010487972473534862,0.9167056265592621,0.04795337198945353,0.002691851163724966,1.545580098058751e-05
P09,25,B,gamma,1799551287-γ-9,P09-T25-Bγ,20,64,E4,9,9,R4,R,False,64,True,R4,True,0.3852563311863168,True,0.6937012672424316,valid,False,3.022585442265664e-05,6.6970302844904e-06,6.323350942139789e-07,4.8882500331401106e-08,2.6364134873333414e-09,0.003797258247566058,0.11319615900537872,0.48975678367654685,0.3852563311863168,0.007955861145476584
P09,25,B,gamma,1799551287-γ-9,P09-T25-Bγ,21,60,C4,7,7,R1,R,False,60,True,R1,True,0.9914530965341821,False,0.9941678047180176,valid,False,0.004495932151145882,0.0013487411032529878,6.45168816303898e-05,7.440417183023056e-06,3.0328780289852697e-07,0.9914530965341821,0.002457566521096705,0.0001379549138108705,3.2685348528394855e-05,1.7628413668335996e-06
P09,25,B,gamma,1799551287-γ-9,P09-T25-Bγ,22,52,E3,2,2,L4,L,False,52,True,L4,True,0.7570402564331801,False,0.941572904586792,valid,False,0.00013389810735292088,0.004178189379423059,0.14109260261334627,0.7570402564331801,0.09755503447895703,1.7868854167827345e-08,9.770341716265856e-10,1.1788149147522819e-10,2.199998480664589e-11,1.9707417981062455e-12
P09,25,B,gamma,1799551287-γ-9,P09-T25-Bγ,23,59,B3,6,6,L4,L,False,59,True,L4,True,0.6623157612657871,False,2.4314167499542236,valid,False,0.000572857136310847,0.030384880230987385,0.2861020664299881,0.6623157612657871,0.020574119103229184,2.2244756681546633e-05,2.4922958816821817e-05,2.83135830103169e-06,3.03793039794323e-07,1.2966858237794971e-08
P09,25,B,gamma,1799551287-γ-9,P09-T25-Bγ,24,62,D4,8,8,L3,L,False,62,True,L3,True,0.8218935128636172,False,0.8200459480285645,valid,False,0.0005201552434449142,0.14615495863413466,0.8218935128636172,0.03057249995576292,0.0002452979272275564,0.00023422329414620512,0.00034042048864634514,3.1570056037146736e-05,6.8310703049520265e-06,5.304666779120712e-07
P09,25,B,gamma,1799551287-γ-9,P09-T25-Bγ,25,64,E4,9,9,R3,R,False,64,True,R3,True,0.6945677665435138,False,0.901663064956665,valid,False,8.443950040483027e-05,2.200005629971255e-05,1.5699519478594558e-06,1.0342019902649458e-07,3.175374531274481e-09,0.0010082489723804511,0.16603626491676104,0.6945677665435138,0.1363246452384804,0.0019549582246383827
P09,25,B,gamma,1799551287-γ-9,P09-T25-Bγ,26,53,F3,3,3,L5,L,False,53,True,L5,True,0.8064731231663153,False,0.87288498878479,valid,False,0.00016265879128768364,0.002150885021742573,0.011560402575757557,0.17965223706934874,0.8064731231663153,4.454359764220979e-07,2.115773653889853e-07,3.105814166534656e-08,4.973031694244166e-09,3.3103300177738146e-10
P09,25,B,gamma,1799551287-γ-9,P09-T25-Bγ,27,65,F4,10,10,R5,R,False,65,True,R5,True,0.8679017669062083,False,0.7421929836273193,valid,False,1.1926327543103923e-05,1.671687868090154e-06,2.6549316446424385e-07,2.9417481146248787e-08,2.4635147599844825e-09,2.745751365818937e-05,0.0007255683470913197,0.009080039442477022,0.12225127240099339,0.8679017669062083
P09,25,B,gamma,1799551287-γ-9,P09-T25-Bγ,28,64,E4,9,9,R3,R,False,64,True,R3,True,0.7069857199995317,False,0.6885948181152344,valid,False,8.843669759737958e-05,7.14334142561195e-05,6.480293137789899e-06,1.207757997990808e-06,4.7300507538274634e-08,0.00042250680004215775,0.14295232334073818,0.7069857199995317,0.1464548185868402,0.0030170258093507097
P09,25,B,gamma,1799551287-γ-9,P09-T25-Bγ,29,57,A3,5,5,L5,L,False,57,True,L5,True,0.8563663246295988,False,1.0803909301757812,valid,False,0.001924173637288721,0.003281000132765982,0.013278652103633886,0.12513178584005302,0.8563663246295988,7.078440831753801e-06,8.342420294972857e-06,2.378201224939239e-06,2.5358461086476904e-07,1.100969696715289e-08
P09,26,B,beta,1799551287-β-7,P09-T26-Bβ,0,62,D4,8,8,R1,R,False,62,True,R2,False,0.01142867987067958,False,0.545339822769165,valid,False,0.001246568127755643,0.0011197121563096264,3.590321794984864e-05,3.978189944214464e-06,1.6329515020350297e-07,0.01142867987067958,0.8230950194389621,0.15298590355426112,0.009582155069536866,0.0005019170794507669
P09,26,B,beta,1799551287-β-7,P09-T26-Bβ,1,64,E4,9,9,R2,R,False,64,True,R2,True,0.8715855077858546,False,0.6790359020233154,valid,False,0.00029982793329541823,4.833081044863175e-05,2.3118989769753495e-06,1.9360587757521367e-07,2.0610992165690003e-08,0.0437543949423337,0.8715855077858546,0.07906845338304604,0.005004382236074799,0.00023657679310019373
P09,26,B,beta,1799551287-β-7,P09-T26-Bβ,2,60,C4,7,7,L3,L,False,60,True,L3,True,0.7897032212471341,False,0.8369431495666504,valid,False,0.0011637612371813233,0.12492934207911739,0.7897032212471341,0.07456395440899334,0.0011181295063786574,0.0075939270913631405,0.0008795518219980442,3.17982890396603e-05,1.3189386914362803e-05,3.1249318800112867e-06
P09,26,B,beta,1799551287-β-7,P09-T26-Bβ,3,59,B3,6,6,L5,L,False,59,True,L5,True,0.7121535150972114,False,0.7528829574584961,valid,False,0.00021824897032753982,0.0017702418862835887,0.015767258551525373,0.26903490325315993,0.7121535150972114,0.0008581019650346577,0.00018792609582796675,6.527661601058181e-06,2.7075624853589636e-06,5.689565432039114e-07
P09,26,B,beta,1799551287-β-7,P09-T26-Bβ,4,62,D4,8,8,R5,R,False,62,True,R5,True,0.8089568844767551,False,0.8734807968139648,valid,False,0.00022808674242472425,4.775510598234096e-06,2.474617881473668e-07,4.431202915883903e-08,5.761836027931044e-09,0.006124883156336085,0.007977613629292408,0.025938947944553765,0.15076851100438649,0.8089568844767551
P09,26,B,beta,1799551287-β-7,P09-T26-Bβ,5,60,C4,7,7,L3,L,False,60,True,L3,True,0.753606856659775,False,0.7175471782684326,valid,False,0.0014339280084838164,0.20941446478255002,0.753606856659775,0.025150325071259434,0.00017637741469080635,0.007780876135380704,0.002106169346159541,0.000263124183341861,5.52918821253684e-05,1.2586516233409113e-05
P09,26,B,beta,1799551287-β-7,P09-T26-Bβ,6,59,B3,6,6,L1,L,False,59,True,L1,True,0.8837501099792892,False,0.8453798294067383,valid,False,0.8837501099792892,0.10607796489799307,0.002022176368672009,0.00013321037169314383,9.13332324934568e-06,0.005850515422906709,0.0018667040611978997,0.00023320773447740915,4.7083829560411076e-05,9.894010960911209e-06
P09,26,B,beta,1799551287-β-7,P09-T26-Bβ,7,60,C4,7,7,L2,L,False,60,True,L2,True,0.8939057029854336,False,0.6363158226013184,valid,False,0.020212917432031813,0.8939057029854336,0.032317222484014974,0.0008484028406660258,1.08412203809978e-05,0.03129830196281775,0.019997360542412464,0.0012160407469231649,0.00017828003973312711,1.4929745585956917e-05
P09,26,B,beta,1799551287-β-7,P09-T26-Bβ,8,64,E4,9,9,R1,R,False,64,True,R1,True,0.9419169571653138,False,0.6304008960723877,valid,False,0.003393554624620303,0.0019115551297177445,0.0001030972166235884,7.357148265989015e-06,1.6458508537042443e-07,0.9419169571653138,0.04880911678693534,0.0027398881949781506,0.0009304537717819686,0.00018785537667777327
P09,26,B,beta,1799551287-β-7,P09-T26-Bβ,9,59,B3,6,6,L2,L,False,59,True,L2,True,0.7871015912486113,False,0.7566158771514893,valid,False,0.008474350823928032,0.7871015912486113,0.1940968627155149,0.008920547528316645,0.00015082385093833863,0.0011823767535913815,6.7769524706294e-05,3.95947961306292e-06,1.399496607357427e-06,3.185781725998329e-07
P09,26,B,beta,1799551287-β-7,P09-T26-Bβ,10,57,A3,5,5,L3,L,False,57,True,L3,True,0.7705232244687474,False,0.6938157081604004,valid,False,0.002275716897691269,0.09248715743888247,0.7705232244687474,0.13256456322622345,0.0019878820915319078,0.00015125562418687944,9.344847065237762e-06,6.155895055748307e-07,2.0085441745105398e-07,3.8961748391467884e-08
P09,26,B,beta,1799551287-β-7,P09-T26-Bβ,11,62,D4,8,8,R1,R,False,62,True,R1,True,0.9920153194287153,False,1.3534328937530518,valid,False,0.0031571790563914306,0.00011301197981107641,8.736361766278688e-06,6.234378669455193e-07,2.9822081471837635e-08,0.9920153194287153,0.004136038932069977,0.0003905257191146434,0.00014952951963931167,2.9005742543370457e-05
P09,26,B,beta,1799551287-β-7,P09-T26-Bβ,12,64,E4,9,9,R3,R,False,64,True,R3,True,0.5366978608420375,False,0.7623379230499268,valid,False,0.000182326768868187,1.234425252792693e-05,7.506547692847414e-07,6.809786429644786e-08,4.859550050273019e-09,0.007479527064521791,0.3315476401837701,0.5366978608420375,0.12217266040261862,0.0019068168734722641
P09,26,B,beta,1799551287-β-7,P09-T26-Bβ,13,59,B3,6,6,L2,L,False,59,True,L2,True,0.9381392779653392,False,0.6341738700866699,valid,False,0.026679578483547895,0.9381392779653392,0.03258651074635613,0.001981587759223254,3.3503626976888384e-05,0.00032431334507541975,0.00017271687634053847,7.164000886507613e-05,1.0091098523504297e-05,7.800897521472646e-07
P09,26,B,beta,1799551287-β-7,P09-T26-Bβ,14,60,C4,7,7,R2,R,False,60,True,R2,True,0.8539471885627872,False,0.7204470634460449,valid,False,0.01950620052116772,0.021539088447732207,0.0008779807168145317,8.289913524367758e-05,2.4537675791195464e-06,0.026307902038315973,0.8539471885627872,0.07443076405869763,0.003286651784146335,1.8870967515887814e-05
P09,26,B,beta,1799551287-β-7,P09-T26-Bβ,15,62,D4,8,8,R4,R,False,62,True,R4,True,0.6980068063135478,False,0.9026939868927002,valid,False,0.0007222580296869713,4.727511905363278e-05,1.7091294252984995e-06,1.4312801102903242e-07,7.719421390761742e-09,0.0038881373445561794,0.037287401421802424,0.21023560993696216,0.6980068063135478,0.04981065185753324
P09,26,B,beta,1799551287-β-7,P09-T26-Bβ,16,57,A3,5,5,L3,L,False,57,True,L3,True,0.6252535517517422,False,1.0403180122375488,valid,False,0.0020737468137569316,0.3431464247104747,0.6252535517517422,0.028736188455684764,0.0002775254190729452,0.00047381494991029867,3.467130949528353e-05,2.9034872926403784e-06,1.0681332826649264e-06,1.049692875908393e-07
P09,26,B,beta,1799551287-β-7,P09-T26-Bβ,17,60,C4,7,7,R3,R,False,60,True,R3,True,0.546375895110831,False,0.6948962211608887,valid,False,0.002938749747431216,0.00026271307588815305,1.3079713870375292e-05,1.3378481572975498e-06,8.813041882179177e-08,0.005949500053789462,0.3967503301150059,0.546375895110831,0.04762258823616221,8.571796844557354e-05
P09,26,B,beta,1799551287-β-7,P09-T26-Bβ,18,62,D4,8,8,R1,R,False,62,True,R1,True,0.995649740456543,False,0.7182538509368896,valid,False,0.0026192653516704098,0.000743337966338779,4.5202428284763325e-05,4.100671777705177e-06,2.395844795142584e-07,0.995649740456543,0.00077367416423166,0.00010470541214914132,5.0965595574813124e-05,8.768368950329392e-06
P09,26,B,beta,1799551287-β-7,P09-T26-Bβ,19,59,B3,6,6,L5,L,False,59,True,L5,True,0.915425511326106,False,0.905142068862915,valid,False,0.0009660059045041587,0.0018380357256135434,0.008420401484528548,0.07213572664404158,0.915425511326106,0.0011942095532990321,1.6562552538228572e-05,1.9880301534701387e-06,1.2301600413771345e-06,3.286191741196037e-07
P09,26,B,beta,1799551287-β-7,P09-T26-Bβ,20,52,E3,2,2,L4,L,False,52,True,L4,True,0.7773671396353503,False,0.7980637550354004,valid,False,6.335705019672397e-05,0.002760316647774079,0.06775598178918205,0.7773671396353503,0.15205259847770966,5.967052697135504e-07,7.936110596352732e-09,9.525842789272457e-10,6.134989697803673e-10,1.923234490118602e-10
P09,26,B,beta,1799551287-β-7,P09-T26-Bβ,21,50,D3,1,1,L2,L,False,50,True,L2,True,0.7639234746819683,False,0.889430046081543,valid,False,0.0015453379934525161,0.7639234746819683,0.18838120954029608,0.044632737754209485,0.0015171414888243185,9.692894439740414e-08,1.341754623692427e-09,1.6105299254457867e-10,8.492202283821786e-11,2.4575093164839914e-11
P09,26,B,beta,1799551287-β-7,P09-T26-Bβ,22,52,E3,2,2,L4,L,False,52,True,L4,True,0.7720978976303777,False,0.8291828632354736,valid,False,3.7716390046860346e-05,0.004217634824227095,0.1497715828350494,0.7720978976303777,0.07387459026387827,5.694220564250932e-07,6.990988135035083e-09,9.847395493788024e-10,5.40436523221076e-10,1.181998917715756e-10
P09,26,B,beta,1799551287-β-7,P09-T26-Bβ,23,55,G3,4,4,L2,L,False,55,True,L2,True,0.8788903552326346,False,0.7173237800598145,valid,False,0.00207794572061589,0.8788903552326346,0.10549464062158583,0.01317946783866791,0.0003324253856364072,2.469042288049578e-05,4.010839310600636e-07,4.6255052895923665e-08,2.251475134663869e-08,4.924243751283269e-09
P09,26,B,beta,1799551287-β-7,P09-T26-Bβ,24,57,A3,5,5,L1,L,False,57,True,L1,True,0.9640929123417207,False,0.9452898502349854,valid,False,0.9640929123417207,0.034854688855158855,0.0006915551838607537,7.662649855361607e-05,3.815008722278912e-06,0.0002755979087292125,3.970702181785824e-06,4.766098492137471e-07,2.9491825906469567e-07,6.197296428522455e-08
P09,26,B,beta,1799551287-β-7,P09-T26-Bβ,25,64,E4,9,9,R3,R,False,64,True,R3,True,0.5317922859893494,False,0.747978925704956,valid,False,0.00016564582911693284,4.323253536371312e-06,2.240263169179193e-07,2.2015869433262962e-08,1.096105596651829e-09,0.005205526213178028,0.3400318799354268,0.5317922859893494,0.12105596668295894,0.0017441249581414805
P09,26,B,beta,1799551287-β-7,P09-T26-Bβ,26,60,C4,7,7,L2,L,False,60,True,L2,True,0.9563451332428473,False,0.757843017578125,valid,False,0.010398314015064516,0.9563451332428473,0.022267291791222745,0.000773460146366173,1.3077250858422478e-05,0.010149745966738814,4.5189924148443904e-05,5.211533472120166e-06,1.8420409059057691e-06,7.340883754600169e-07
P09,26,B,beta,1799551287-β-7,P09-T26-Bβ,27,60,C4,7,7,R1,R,False,60,True,R1,True,0.9778848366248825,False,0.8565142154693604,valid,False,0.01454614449833002,0.006857835787829889,0.0004170254237313966,4.2655114646576796e-05,1.883529081410198e-06,0.9778848366248825,0.00021127216591078577,2.747144737787237e-05,9.709911695893252e-06,1.1654965135605065e-06
P09,26,B,beta,1799551287-β-7,P09-T26-Bβ,28,62,D4,8,8,R2,R,False,62,True,R2,True,0.9129271137833915,False,0.6248328685760498,valid,False,0.004529033981188413,0.0008664559964973025,4.489881151630534e-05,5.838134581438602e-06,2.683163255799974e-07,0.016141786100285122,0.9129271137833915,0.06013884942968574,0.0052417533222352975,0.00010400212429308826
P09,26,B,beta,1799551287-β-7,P09-T26-Bβ,29,64,E4,9,9,R3,R,False,64,True,R3,True,0.5337575267690833,False,0.7388429641723633,valid,False,0.0007317647520401514,0.00012002462680488369,6.473370690436526e-06,6.361613486953787e-07,2.8091083816440767e-08,0.002234856185250824,0.3577883699157209,0.5337575267690833,0.10353830761574864,0.0018220125122284665
P09,27,A,alpha,1799551287-α-6,P09-T27-Aα,0,64,E4,9,9,R3,R,False,64,True,R2,False,0.09055783031062851,False,0.4435420036315918,valid,False,6.602363540208284e-05,7.900239057061011e-05,1.45990466951196e-05,2.056398664427149e-06,1.7220945726261316e-07,0.006911598571294335,0.89531801115448,0.09055783031062851,0.006952860257168267,9.784602563947776e-05
P09,27,A,alpha,1799551287-α-6,P09-T27-Aα,1,65,F4,10,10,R4,R,False,65,True,R2,False,0.015281266156390314,False,0.309736967086792,valid,False,5.1271538912560076e-05,0.0003792692585442495,0.00023952993055418803,6.088452827219071e-05,6.380394109271553e-06,0.01947146801671183,0.8192817974677281,0.1447798554222282,0.015281266156390314,0.000448277286549069
P09,27,A,alpha,1799551287-α-6,P09-T27-Aα,2,67,G4,11,11,R5,R,False,67,True,R2,False,0.0009356595502787461,False,0.40795302391052246,valid,False,1.0811402249113762e-05,5.223164606129021e-05,3.165622414539751e-05,7.5430880328388926e-06,7.27685706000055e-07,0.020064976969572955,0.8329906650161304,0.13036492736877542,0.015540801049047906,0.0009356595502787461
P09,27,A,alpha,1799551287-α-6,P09-T27-Aα,3,65,F4,10,10,R3,R,False,65,True,R2,False,0.15448252908432916,False,0.26529502868652344,valid,False,5.409329567387763e-05,0.00034594478266326064,0.0002612355825155833,5.914719012496132e-05,6.657237043143314e-06,0.02217441793467877,0.7686106091069994,0.15448252908432916,0.04361811976753761,0.01038724601843434
P09,27,A,alpha,1799551287-α-6,P09-T27-Aα,4,60,C4,7,7,L3,L,False,60,True,R2,False,0.033520174071640256,False,0.3468961715698242,valid,False,0.001008717571349272,0.016780983924718666,0.033520174071640256,0.009780624531729202,0.0012689908783256436,0.027638236557679847,0.8787222075265679,0.025234317823979537,0.005248917485932223,0.0007968296280775338
P09,27,A,alpha,1799551287-α-6,P09-T27-Aα,5,59,B3,6,6,L4,L,False,59,True,R2,False,0.033965772060287364,False,0.32361793518066406,valid,False,0.002038605706234958,0.048826757882160676,0.10195279837894065,0.033965772060287364,0.005050464317783161,0.016156417532323934,0.7650002857425998,0.021978879017545146,0.004433631327330995,0.0005963880347932414
P09,27,A,alpha,1799551287-α-6,P09-T27-Aα,6,60,C4,7,7,L5,L,False,60,True,R2,False,0.0020562816278509857,False,0.275317907333374,valid,False,0.0019178574555398277,0.032260868327459204,0.04925016333475704,0.012687571966587626,0.0020562816278509857,0.013922635844792955,0.8199127797351468,0.05322410374758665,0.012320480012269056,0.0024472579480100077
P09,27,A,alpha,1799551287-α-6,P09-T27-Aα,7,59,B3,6,6,L4,L,False,59,True,R2,False,0.03826398000380842,False,0.31687498092651367,valid,False,0.002265169243176766,0.043672810547910605,0.10254599887016902,0.03826398000380842,0.007361225277086604,0.013430158978773862,0.7705845446988314,0.01810512435246763,0.0034315238339226737,0.0003394641938530623
P09,27,A,alpha,1799551287-α-6,P09-T27-Aα,8,60,C4,7,7,L5,L,False,60,True,R2,False,0.0016100108574847924,False,0.25850510597229004,valid,False,0.001524579085078763,0.02234450019332872,0.033516411346487855,0.008549719327349322,0.0016100108574847924,0.011473787208338927,0.8600518478461655,0.04906510635996173,0.010627537029460598,0.0012365007463439567
P09,27,A,alpha,1799551287-α-6,P09-T27-Aα,9,59,B3,6,6,L3,L,False,59,True,L3,True,0.8353507571386602,False,0.7099132537841797,valid,False,0.0011101678483634025,0.0656613990036863,0.8353507571386602,0.07027632413214119,0.003576062831383241,0.002728304905154693,0.019651310375417473,0.0012532248513519278,0.00033285586731147856,5.9593046529935765e-05
P09,27,A,alpha,1799551287-α-6,P09-T27-Aα,10,57,A3,5,5,L4,L,False,57,True,L3,False,0.13500697702446807,False,0.29616808891296387,valid,False,0.001372161008454484,0.08478425219738292,0.7579322148523937,0.13500697702446807,0.01074130342388164,0.0030610382442471163,0.006411850574559498,0.0005551039783235133,0.00011704581416922743,1.8052882119983693e-05
P09,27,A,alpha,1799551287-α-6,P09-T27-Aα,11,62,D4,8,8,R2,R,False,62,True,R2,True,0.8456038416996983,False,0.5581560134887695,valid,False,0.00027097602066128863,0.019047707038703527,0.006668739622030582,0.0007208658213241023,4.67195987718289e-05,0.010461149324932625,0.8456038416996983,0.09593622543104313,0.01903168550084307,0.00221208994199176
P09,27,A,alpha,1799551287-α-6,P09-T27-Aα,12,64,E4,9,9,R1,R,False,64,True,R2,False,0.012118117497269041,False,0.27295732498168945,valid,False,0.00020864035127979007,0.009263651085730504,0.0019798553774125725,0.0002268029905333745,1.460395372573507e-05,0.012118117497269041,0.6663600045572203,0.21995059372054054,0.0749144463519246,0.014963284114363434
P09,27,A,alpha,1799551287-α-6,P09-T27-Aα,13,65,F4,10,10,R2,R,False,65,True,R2,True,0.8084780619963926,False,0.35309696197509766,valid,False,3.219681045709403e-05,0.0008563328529982337,0.0001504619012267313,1.8962135393281553e-05,1.2302275569608245e-06,0.015309773087749149,0.8084780619963926,0.132984209956182,0.035581348131062396,0.006587422900981721
P09,27,A,alpha,1799551287-α-6,P09-T27-Aα,14,64,E4,9,9,R1,R,False,64,True,R2,False,0.04070268557719855,False,0.2683420181274414,valid,False,0.0002001561007402159,0.00718835285522269,0.0015937303699042127,0.00019931140636895436,1.2847124926804913e-05,0.04070268557719855,0.7625377594466262,0.15107525128861468,0.03164563061281523,0.004844275217582446
P09,27,A,alpha,1799551287-α-6,P09-T27-Aα,15,62,D4,8,8,R2,R,False,62,True,R2,True,0.8306218390819416,False,0.2555067539215088,valid,False,0.00044810334582021924,0.025306407452372778,0.007687183996477399,0.0010930606895505073,6.933731575767133e-05,0.02037054770470801,0.8306218390819416,0.09201334941680446,0.02011595964348338,0.00227421135308395
P09,27,A,alpha,1799551287-α-6,P09-T27-Aα,16,59,B3,6,6,L5,L,False,59,True,L3,False,0.0024060908479396586,False,0.33890700340270996,valid,False,0.0010616001302038453,0.11442089477595475,0.7619262842779359,0.05752185135943153,0.0024060908479396586,0.008308537456901115,0.04977437466630748,0.003831844224368026,0.0006712676612227406,7.725459973480947e-05
P09,27,A,alpha,1799551287-α-6,P09-T27-Aα,17,64,E4,9,9,R3,R,False,64,True,R2,False,0.19561242072050725,False,0.2996201515197754,valid,False,0.0002156905683848814,0.010572735795114217,0.003621477301934574,0.0002518021868309248,1.58700274766331e-05,0.021390246458974287,0.6908836410755524,0.19561242072050725,0.06460424180499702,0.012831874060227936
P09,27,A,alpha,1799551287-α-6,P09-T27-Aα,18,60,C4,7,7,L4,L,False,60,True,R2,False,0.0036053435874582413,False,0.2918360233306885,valid,False,0.0004638945780194329,0.052725539224079396,0.052042154609304586,0.0036053435874582413,0.0002349199998879207,0.011148274554009565,0.838223471538845,0.03427595011399784,0.006781015103131638,0.0004994366912662179
P09,27,A,alpha,1799551287-α-6,P09-T27-Aα,19,59,B3,6,6,L3,L,False,59,True,L3,True,0.8173019332192545,False,0.46685194969177246,valid,False,0.0011157329521371791,0.08519108498736139,0.8173019332192545,0.060129877508748,0.0022433186370426766,0.005959169682913054,0.024792390474902077,0.002692548861949855,0.0005067000059535932,6.72436697376232e-05
P09,27,A,alpha,1799551287-α-6,P09-T27-Aα,20,62,D4,8,8,R4,R,False,62,True,R2,False,0.01850719264895457,False,0.3067917823791504,valid,False,0.0002830169515302985,0.02787970332826943,0.019772246980395838,0.0013906132930938716,7.082207703665164e-05,0.015630038743747753,0.8304962604441146,0.0842166753003399,0.01850719264895457,0.0017534302325171133
P09,27,A,alpha,1799551287-α-6,P09-T27-Aα,21,57,A3,5,5,L1,L,False,57,True,L3,False,0.0012031303527676532,False,0.48001694679260254,valid,False,0.0012031303527676532,0.09065661544595596,0.7244045855409889,0.1652520891652888,0.014018418798210022,0.0016673053830629388,0.0024890544579320092,0.0002520202780505489,4.972814198730437e-05,7.052435755948822e-06
P09,27,A,alpha,1799551287-α-6,P09-T27-Aα,22,55,G3,4,4,L2,L,False,55,True,L3,False,0.04421046166857045,False,0.464036226272583,valid,False,0.0009629176637314427,0.04421046166857045,0.7062733524032784,0.22209742826259848,0.025950660919248858,0.00021323219838817098,0.0002658351541412759,2.1487422736878793e-05,4.1005142802255844e-06,5.237930257232217e-07
P09,27,A,alpha,1799551287-α-6,P09-T27-Aα,23,53,F3,3,3,L3,L,False,53,True,L3,True,0.5590530260778735,False,0.34989404678344727,valid,False,0.0018770703514061793,0.06591781607132018,0.5590530260778735,0.315893988942125,0.057079613897674276,9.766937165677989e-05,7.311138861354339e-05,6.4185879378760765e-06,1.14054960180535e-06,1.447617908721687e-07
P09,27,A,alpha,1799551287-α-6,P09-T27-Aα,24,55,G3,4,4,L2,L,False,55,True,L3,False,0.07922393731982898,False,0.27351880073547363,valid,False,0.002203163886917179,0.07922393731982898,0.5570755182440686,0.31466237934083696,0.045539478116861244,0.00061789938444565,0.0006144884981891672,5.177801999080297e-05,1.0168756767054319e-05,1.188432094115724e-06
P09,27,A,alpha,1799551287-α-6,P09-T27-Aα,25,53,F3,3,3,L3,L,False,53,True,L3,True,0.571031015387776,False,0.347520112991333,valid,False,0.002078311001696684,0.07601588532809057,0.571031015387776,0.2959163845373662,0.05481290731360152,7.951218594899515e-05,5.9276143291694285e-05,5.493903855323259e-06,1.077515469329968e-06,1.3668290360522918e-07
P09,27,A,alpha,1799551287-α-6,P09-T27-Aα,26,55,G3,4,4,L4,L,False,55,True,L3,False,0.27199377347153025,False,0.30003976821899414,valid,False,0.001749020668641543,0.07502368931215529,0.6119377395093982,0.27199377347153025,0.03833847946449771,0.0004754649804339102,0.0004301894279904635,4.2452377961871835e-05,8.151727232384772e-06,1.039060158261872e-06
P09,27,A,alpha,1799551287-α-6,P09-T27-Aα,27,62,D4,8,8,R4,R,False,62,True,R2,False,0.007699932730769489,False,0.44457101821899414,valid,False,0.0009417808865316343,0.008755192009635556,0.003729819223565587,0.0006013978135044264,7.486033405207533e-05,0.02420117551315728,0.9050848842549162,0.04849743603955525,0.007699932730769489,0.00041352119431288303
P09,27,A,alpha,1799551287-α-6,P09-T27-Aα,28,57,A3,5,5,L4,L,False,57,True,L3,False,0.1671841439172915,False,0.336397647857666,valid,False,0.002778722806130143,0.11169884200198468,0.693175354240054,0.1671841439172915,0.018460809715704754,0.003076485335259189,0.0031523121387868774,0.0003796338045444331,8.233478675120229e-05,1.1361253493349274e-05
P09,27,A,alpha,1799551287-α-6,P09-T27-Aα,29,62,D4,8,8,R4,R,False,62,True,R2,False,0.015051949045914675,False,0.3256568908691406,valid,False,0.0007018745534694989,0.015817192259777468,0.010085998876169223,0.0014410563374010832,0.00010392333443712314,0.01353025545057102,0.8648045460738681,0.07723529038325727,0.015051949045914675,0.0012279136851345203
