participant,trial_index,condition,level,sequence,quiz_name,event_index,target_note,target_note_name,target_key_id,actual_key_id,target_finger,target_hand,timed_out,actual_note,key_correct,actual_finger,finger_correct,target_finger_probability,manually_corrected,rt_s,validity,suspected_carryover,p_L1,p_L2,p_L3,p_L4,p_L5,p_R1,p_R2,p_R3,p_R4,p_R5
P13,1,B,alpha,1799551287-α-8,P13-T01-Bα,0,59,B3,6,4,L2,L,False,55,False,L2,True,0.9521644506821817,False,1.1400220394134521,valid,False,0.00504671613860102,0.9521644506821817,0.03582828847293301,0.0043005278121844,0.000834216566880687,0.0017393577162508815,7.567841954753627e-05,9.454521012927052e-06,1.0065141666584323e-06,3.0315624120515307e-07
P13,1,B,alpha,1799551287-α-8,P13-T01-Bα,1,64,E4,9,9,R4,R,False,64,True,R4,True,0.3810866731399196,True,1.4209847450256348,valid,False,1.3728276266492182e-05,3.635628930514741e-06,1.883943544211093e-07,2.874711446511696e-08,5.357714022523886e-09,0.0010903240561196215,0.2048053160207256,0.3810866731399196,0.3810866731399196,0.03191342723893573
P13,1,B,alpha,1799551287-α-8,P13-T01-Bα,2,65,F4,10,10,R5,R,False,65,True,R5,True,0.8384097105744457,False,1.364799976348877,valid,False,4.925435283068261e-06,1.4907243976767008e-06,8.040026351530675e-08,1.3832452387828308e-08,2.683219699177692e-09,7.166482451756246e-05,0.0012853269058389026,0.01598270013587769,0.1442440844837037,0.8384097105744457
P13,1,B,alpha,1799551287-α-8,P13-T01-Bα,3,64,E4,9,9,R3,R,False,64,True,R2,True,0.4718652224617748,False,1.002054214477539,valid,False,1.362893808555043e-05,4.6853877582155715e-06,2.3327172064823142e-07,4.01332014126936e-08,8.10275362120104e-09,0.012719843688997166,0.4718652224617748,0.4718652224617748,0.04112817456506551,0.0024029409888681958
P13,1,B,alpha,1799551287-α-8,P13-T01-Bα,4,60,C4,7,7,L2,L,False,60,True,R2,False,0.00041489440894746754,False,0.8479368686676025,valid,False,0.0004518957637752106,0.00041489440894746754,2.4240482147703745e-05,4.170450450106779e-06,8.76362072722899e-07,0.02115818200704226,0.8290403048604786,0.13166604735683807,0.015184402848030623,0.002054985460217053
P13,1,B,alpha,1799551287-α-8,P13-T01-Bα,5,59,B3,6,6,L1,L,False,59,True,L1,True,0.8596037705140467,False,1.2709996700286865,valid,False,0.8596037705140467,0.13116703025175452,0.0072563147624140675,0.0007235913722636808,0.00014036228499303324,0.0010803768625578837,2.4148610207518615e-05,3.540354382194269e-06,7.147852222321425e-07,1.5020215835222788e-07
P13,1,B,alpha,1799551287-α-8,P13-T01-Bα,6,60,C4,7,7,L2,L,False,60,True,L2,True,0.8735677321998125,False,1.2436280250549316,valid,False,0.03287083096567709,0.8735677321998125,0.04526733395962802,0.0042741517759696335,0.0004550198055596547,0.03982540204942688,0.003499379502309214,0.00021279748668482723,2.1765822116617712e-05,5.586432815483986e-06
P13,1,B,alpha,1799551287-α-8,P13-T01-Bα,7,65,F4,10,10,R4,R,False,65,True,R4,True,0.6690844876965273,False,1.178846836090088,valid,False,6.375459324200489e-07,1.0792331187285941e-07,1.2446269004566079e-08,2.228705446517866e-09,4.4996786928768016e-10,0.0006928951604613524,0.014967936426758453,0.2666429084413435,0.6690844876965273,0.04861101168072278
P13,1,B,alpha,1799551287-α-8,P13-T01-Bα,8,60,C4,7,7,L2,L,False,60,True,L2,True,0.9107799367838615,False,1.0772099494934082,valid,False,0.009155010324059137,0.9107799367838615,0.059997404672131674,0.006919207955783205,0.0006533131595266809,0.011316329563452463,0.0008644181181621156,0.00025014896109668987,5.926723268929992e-05,4.96322923732522e-06
P13,1,B,alpha,1799551287-α-8,P13-T01-Bα,9,65,F4,10,10,R4,R,False,65,True,R4,True,0.4364841233079301,False,0.9756348133087158,valid,False,6.863095398689556e-07,1.9138030228720541e-07,1.668087010040423e-08,3.9521611657563874e-09,9.363766869531813e-10,0.002565661151559456,0.18104615556844567,0.3433505723072268,0.4364841233079301,0.03655258840558787
P13,1,B,alpha,1799551287-α-8,P13-T01-Bα,10,64,E4,9,9,R2,R,False,64,True,R2,True,0.7382001135172956,False,0.8525958061218262,valid,False,7.675508480922861e-06,2.1211750910494698e-06,2.0845548189208938e-07,4.745232402884902e-08,1.080193735036684e-08,0.03454246618229615,0.7382001135172956,0.20524716675659033,0.020170375012306445,0.0018298151381963494
P13,1,B,alpha,1799551287-α-8,P13-T01-Bα,11,65,F4,10,10,R3,R,False,65,True,R2,True,0.4660561829737961,False,0.8806099891662598,valid,False,7.543753800743579e-07,1.9633389370099756e-07,1.7811008997895602e-08,4.054456916064242e-09,8.519876471945067e-10,0.016675838305643127,0.4660561829737961,0.4660561829737961,0.04767018696034612,0.0035406353596911864
P13,1,B,alpha,1799551287-α-8,P13-T01-Bα,12,64,E4,9,9,R2,R,False,64,True,R2,True,0.8356707425007153,False,0.7390952110290527,valid,False,9.035542458419965e-06,3.1771671480104262e-06,2.556336193064525e-07,5.819184617210843e-08,1.2228205930526142e-08,0.029629593801511953,0.8356707425007153,0.12251514889924396,0.01025981375273086,0.0019121622825202707
P13,1,B,alpha,1799551287-α-8,P13-T01-Bα,13,59,B3,6,6,L2,L,False,59,True,L2,True,0.8791158471086609,False,0.8750391006469727,valid,False,0.004132641054946349,0.8791158471086609,0.09740881242601823,0.009572713266567504,0.001019096737210208,0.007368114915372806,0.001244727565660578,0.0001223238409780532,1.2511797036837735e-05,3.2112875485599733e-06
P13,1,B,alpha,1799551287-α-8,P13-T01-Bα,14,60,C4,7,7,L3,L,False,60,True,L3,True,0.7122582641397827,False,0.8606371879577637,valid,False,0.0011370538511940318,0.1979378007707953,0.7122582641397827,0.06461461193623085,0.005198866266662778,0.01518135407281631,0.0033482592240713666,0.0002803940275425596,3.365615175081965e-05,9.739559153248969e-06
P13,1,B,alpha,1799551287-α-8,P13-T01-Bα,15,65,F4,10,10,R3,R,False,65,True,R2,True,0.47293036433377095,False,1.056807279586792,valid,False,1.2057317241897238e-05,1.0041268343858254e-05,1.414397202960349e-06,1.914178460717116e-07,2.2976195790142912e-08,0.01384055158326103,0.47293036433377095,0.47293036433377095,0.03805179113420831,0.0022232012381582077
P13,1,B,alpha,1799551287-α-8,P13-T01-Bα,16,60,C4,7,7,L3,L,False,60,True,L3,True,0.7690858245279438,False,0.752255916595459,valid,False,0.0008915467250292598,0.08338692448570356,0.7690858245279438,0.13231726594914864,0.008374593746434495,0.004991532073454744,0.0006738165195252127,0.00024788324465502173,2.4360375263492163e-05,6.252352842008075e-06
P13,1,B,alpha,1799551287-α-8,P13-T01-Bα,17,59,B3,6,6,L1,L,False,59,True,L1,True,0.6875501680881055,False,0.9791018962860107,valid,False,0.6875501680881055,0.2851840606467451,0.02412837513951794,0.0026974436708468628,0.0003727433367731844,5.8870267669546023e-05,5.8160195883457845e-06,2.0562626297185973e-06,3.6820702819806685e-07,9.836109566363895e-08
P13,1,B,alpha,1799551287-α-8,P13-T01-Bα,18,60,C4,7,7,L2,L,False,60,True,L2,True,0.8853888399755795,False,0.6471443176269531,valid,False,0.01740092409275056,0.8853888399755795,0.08032066342787175,0.009262990231676795,0.0008073701156769645,0.00555906109752578,0.0009103072634850538,0.00030913627364161295,3.291018534126158e-05,7.797336450718312e-06
P13,1,B,alpha,1799551287-α-8,P13-T01-Bα,19,59,B3,6,6,L1,L,False,59,True,L1,True,0.79612644782757,False,0.7953510284423828,valid,False,0.79612644782757,0.1886244549113453,0.012993131348858758,0.0013780074671196278,0.00020184767045579796,0.0005679883822076217,7.728603706817377e-05,2.731711165178588e-05,2.9081388504101844e-06,6.111048725315043e-07
P13,1,B,alpha,1799551287-α-8,P13-T01-Bα,20,60,C4,7,7,L3,L,False,60,True,L3,True,0.6639837812463644,False,0.7425639629364014,valid,False,0.001931424325737643,0.22486548411508958,0.6639837812463644,0.09734464507235244,0.0075252025208633385,0.0036046384328661057,0.0005370080055577248,0.00018236551592291613,2.1031325196979014e-05,4.419440049038818e-06
P13,1,B,alpha,1799551287-α-8,P13-T01-Bα,21,59,B3,6,6,L4,L,False,59,True,L4,True,0.7612410925040798,False,0.915442943572998,valid,False,0.0007624921114996389,0.006467062166843777,0.19840913015014053,0.7612410925040798,0.03249323519293279,0.0005229100389454882,7.691534464042772e-05,2.4111897642597046e-05,2.466266322779274e-06,5.843269521692919e-07
P13,1,B,alpha,1799551287-α-8,P13-T01-Bα,22,57,A3,5,5,L5,L,False,57,True,L5,True,0.7229094563583308,False,0.7990138530731201,valid,False,0.000640804335305186,0.0013232244758803085,0.02946738271796811,0.24549681682570454,0.7229094563583308,0.0001388219235405099,1.7305757680685213e-05,5.42511588259782e-06,6.256521458061089e-07,1.3683756138495635e-07
P13,1,B,alpha,1799551287-α-8,P13-T01-Bα,23,62,D4,8,8,R4,R,False,62,True,R4,True,0.5394131414166647,False,1.0922131538391113,valid,False,0.0029402528696257767,0.0028590281901520053,0.0002699500798386728,2.991132144628911e-05,3.88933056833119e-06,0.0007405962549198127,0.11410998298315081,0.3081176755363615,0.5394131414166647,0.031515572017272106
P13,1,B,alpha,1799551287-α-8,P13-T01-Bα,24,64,E4,9,9,R5,R,False,64,True,R5,True,0.5179679710492378,False,1.0093038082122803,valid,False,0.0005894537337497667,0.0001959126090054478,2.003876579769348e-05,2.6056148842687783e-06,3.004928519068741e-07,0.00038632944561952927,0.02245310490857214,0.08226233996786395,0.3761219434124174,0.5179679710492378
P13,1,B,alpha,1799551287-α-8,P13-T01-Bα,25,65,F4,10,10,R4,R,False,65,True,R4,True,0.40431319908179947,False,0.8855259418487549,valid,False,8.663489518218405e-05,7.74742096175679e-05,1.0073871602897309e-05,1.4189896465454702e-06,1.5722853452069001e-07,0.00434690619892135,0.1890837092075313,0.37322812313228326,0.40431319908179947,0.02885230318488107
P13,1,B,alpha,1799551287-α-8,P13-T01-Bα,26,64,E4,9,9,R5,R,False,64,True,R5,True,0.9332745447711065,False,1.0129427909851074,valid,False,0.00023789163790420044,3.202300967497023e-05,1.9473212237828994e-06,3.9315737449885864e-07,7.327430309456763e-08,6.720334154194686e-05,0.0012755426685546536,0.0060417845147142605,0.059068596303602026,0.9332745447711065
P13,1,B,alpha,1799551287-α-8,P13-T01-Bα,27,59,B3,6,6,L2,L,False,59,True,L2,True,0.7943864440140884,False,0.6939589977264404,valid,False,0.017074225541582413,0.7943864440140884,0.1669292463602668,0.017771037904669842,0.0021330866200363467,0.00042956478529823926,0.0010246286311328691,0.00017863155402939848,5.1693152562034736e-05,2.144143633368099e-05
P13,1,B,alpha,1799551287-α-8,P13-T01-Bα,28,60,C4,7,7,L3,L,False,60,True,L3,True,0.7040176127798665,False,0.8511362075805664,valid,False,0.0033075455621550615,0.15032244928045985,0.7040176127798665,0.13121056169555745,0.009363352261801496,0.0006855614999408925,0.0008493230381099429,0.0001857791593513173,4.401623983495637e-05,1.3798482922673268e-05
P13,1,B,alpha,1799551287-α-8,P13-T01-Bα,29,57,A3,5,5,L3,L,False,57,True,L3,True,0.765313040649124,False,0.9203920364379883,valid,False,0.0010767492542065205,0.036599032553114905,0.765313040649124,0.18132390341119647,0.01563603328922518,3.6073213582583374e-05,1.0465040569458585e-05,3.849873276528897e-06,6.893819775754281e-07,1.6333372682279498e-07
P13,2,C,gamma,1799551287-γ-7,P13-T02-Cγ,0,69,A4,12,12,R3,R,False,69,True,R3,True,0.4298675077535246,True,0.938586950302124,valid,False,1.9151605312427325e-09,3.0088943649376343e-10,5.176648212736385e-11,1.2765457326545379e-11,2.6824830496812574e-12,0.05252491900748852,0.4298675077535246,0.4298675077535246,0.07395649683340927,0.013783566368788516
P13,2,C,gamma,1799551287-γ-7,P13-T02-Cγ,1,72,C5,14,14,R4,R,False,72,True,R4,True,0.3213643464354785,True,0.9834542274475098,valid,False,5.7030196275006036e-11,9.169120325276512e-12,1.8512134667473537e-12,4.386038575186105e-13,8.855259161203129e-14,0.01350037515210652,0.04711425056791092,0.296656681340448,0.3213643464354785,0.3213643464354785
P13,2,C,gamma,1799551287-γ-7,P13-T02-Cγ,2,57,A3,5,5,L4,L,False,57,True,L4,True,0.7505863174146457,False,1.020009994506836,valid,False,0.0048591069100941,0.0037848843842132602,0.1774402881420463,0.7505863174146457,0.06332531333913752,2.8639454343578978e-06,8.595123689919956e-07,2.6944524997666127e-07,8.791454082453848e-08,8.992269066998673e-09
P13,2,C,gamma,1799551287-γ-7,P13-T02-Cγ,3,71,B4,13,13,R2,R,False,71,True,R2,True,0.8153546548579441,False,0.8806798458099365,valid,False,9.634719006577327e-08,1.8968799964640483e-06,5.247421641911071e-07,6.661552500954003e-08,4.1774545626550255e-09,0.10601951467990235,0.8153546548579441,0.07106700596090829,0.0064470533271800785,0.0011091824117346416
P13,2,C,gamma,1799551287-γ-7,P13-T02-Cγ,4,48,C3,0,0,L1,L,False,48,True,L1,True,0.48043312683223066,False,1.0632028579711914,valid,False,0.48043312683223066,0.46159507447933584,0.0441409672923244,0.010324087083923156,0.0035067442558802267,5.007425312400543e-11,5.917735634444411e-12,2.412199470212697e-13,4.8701467374449525e-14,2.370554911307429e-14
P13,2,C,gamma,1799551287-γ-7,P13-T02-Cγ,5,64,E4,9,9,R5,R,False,64,True,R5,True,0.931863801018393,False,1.5043177604675293,valid,False,1.3601041117803495e-06,3.771704569538916e-07,4.349722860018898e-08,8.10675144091236e-09,2.1655994941302154e-09,0.0004142611232175881,0.0007723815065263783,0.0030562438676993453,0.06389152144001543,0.931863801018393
P13,2,C,gamma,1799551287-γ-7,P13-T02-Cγ,6,72,C5,14,14,R2,R,False,72,True,R2,True,0.7943713388307266,False,0.8964419364929199,valid,False,2.6930016579935245e-10,5.919380374910613e-11,8.337945724409315e-12,1.7521031564125898e-12,4.151218738287054e-13,0.15409218590105678,0.7943713388307266,0.04459184670749612,0.005570868871494149,0.0013737593502272602
P13,2,C,gamma,1799551287-γ-7,P13-T02-Cγ,7,50,D3,1,1,L5,L,False,50,True,L5,True,0.3660351611554618,True,1.1097149848937988,valid,False,0.0012885080050839318,0.01552931297354488,0.15182512992189928,0.46532188760663923,0.3660351611554618,3.1284010279977684e-10,2.3242795997826952e-11,7.452729398099818e-13,3.091264799718765e-13,2.33632767616183e-13
P13,2,C,gamma,1799551287-γ-7,P13-T02-Cγ,8,60,C4,7,7,L3,L,False,60,True,L3,True,0.6808924412596334,False,0.84446120262146,valid,False,0.005990665304848487,0.05593131695456318,0.6808924412596334,0.24066462127356114,0.016500725527860083,1.8084410909943016e-05,2.0363513046812835e-06,6.027484842196608e-08,2.81885230000647e-08,2.0453947487467304e-08
P13,2,C,gamma,1799551287-γ-7,P13-T02-Cγ,9,71,B4,13,13,R5,R,False,71,True,R5,True,0.4040278471361147,True,1.057783603668213,valid,False,2.084440647739121e-10,8.516631697332455e-11,1.7899085838842395e-11,3.47206542798695e-12,8.911430103807116e-13,0.0023183684555532257,0.015202863589288261,0.17442307336705629,0.4040278471361147,0.4040278471361147
P13,2,C,gamma,1799551287-γ-7,P13-T02-Cγ,10,52,E3,2,2,L5,L,False,52,True,L5,True,0.5819933733432466,False,0.7717208862304688,valid,False,0.0011818774773176236,0.0026177430246353784,0.0681999707754776,0.3460070192350489,0.5819933733432466,1.0569166001235646e-08,5.041278775473088e-09,3.078845572546286e-10,1.4398727082279979e-10,8.195725542092031e-11
P13,2,C,gamma,1799551287-γ-7,P13-T02-Cγ,11,62,D4,8,8,L3,L,False,62,True,L3,True,0.6011476265247734,False,0.8121311664581299,valid,False,0.003493430647618958,0.0055928326284553735,0.6011476265247734,0.37198016731721045,0.011010402846247389,0.0009742259660000319,0.004826995405795091,0.0007253075836323151,0.00020989256785470005,3.911851241220207e-05
P13,2,C,gamma,1799551287-γ-7,P13-T02-Cγ,12,57,A3,5,5,L4,L,False,57,True,L4,True,0.7568178170990915,False,0.675227165222168,valid,False,0.0047006718013837085,0.00215118226282875,0.19413124520548455,0.7568178170990915,0.042190136775148164,4.550773616924035e-06,3.1442977601225915e-06,9.771431078211096e-07,2.3151232644773845e-07,4.312925206122738e-08
P13,2,C,gamma,1799551287-γ-7,P13-T02-Cγ,13,67,G4,11,11,R2,R,False,67,True,R2,True,0.8288264206710539,False,0.6158437728881836,valid,False,3.448806879814989e-06,0.00010196763455306453,2.8715021039820672e-05,3.9683797153394885e-06,2.7852909234393326e-07,0.11216945839550499,0.8288264206710539,0.054598736923820224,0.003596678386848436,0.0006703272514919543
P13,2,C,gamma,1799551287-γ-7,P13-T02-Cγ,14,62,D4,8,8,R2,R,False,62,True,R2,True,0.8388664188966143,False,0.838824987411499,valid,False,0.000640309674261099,0.002039861883126492,0.00043694475052972115,6.154734758935647e-05,5.811314296527431e-06,0.03032739650648873,0.8388664188966143,0.12298365730759839,0.0041043667960347086,0.0005336855234606084
P13,2,C,gamma,1799551287-γ-7,P13-T02-Cγ,15,55,G3,4,4,L1,L,False,55,True,L1,True,0.47874998429597143,False,0.6991281509399414,valid,False,0.47874998429597143,0.47874998429597143,0.0370096432732339,0.004812316204889013,0.0006778552615934225,1.8633689518858627e-07,2.723053928468999e-08,2.196113189170269e-09,6.614565812821324e-10,2.433362774812436e-10
P13,2,C,gamma,1799551287-γ-7,P13-T02-Cγ,16,57,A3,5,5,R3,R,False,57,True,R3,True,0.7297679595509701,False,0.941978931427002,valid,False,0.008094390842338896,0.003042643226334746,0.0003239152472352617,5.8002255572217284e-05,1.3742344411233031e-05,0.0016698380070951798,0.18631574098553114,0.7297679595509701,0.06890485362231275,0.001808913918198334
P13,2,C,gamma,1799551287-γ-7,P13-T02-Cγ,17,62,D4,8,8,L1,L,False,62,True,L1,True,0.5355056524984145,False,0.8598020076751709,valid,False,0.5355056524984145,0.4212436660138769,0.036324289000064916,0.002937843856599929,0.0003690627649777968,0.00027866613134266765,0.0018277224009442669,0.0012060025150293055,0.0002679663631335149,3.91284556161511e-05
P13,2,C,gamma,1799551287-γ-7,P13-T02-Cγ,18,55,G3,4,4,L3,L,False,55,True,L3,True,0.5802233813919803,False,0.6637790203094482,valid,False,0.008031836203283701,0.32724212070120745,0.5802233813919803,0.07544569830392045,0.00905587003160362,4.3555098443783533e-07,4.0803588703222775e-07,1.922744402392832e-07,4.934930722012442e-08,8.157385617992103e-09
P13,2,C,gamma,1799551287-γ-7,P13-T02-Cγ,19,53,F3,3,3,L5,L,False,53,True,L5,True,0.5897197672131149,False,0.72389817237854,valid,False,0.00048093022608296167,0.006471719149852104,0.07968234895738463,0.323645070281218,0.5897197672131149,7.472374162456946e-08,5.764639989308152e-08,2.4414031077987825e-08,6.266124185044618e-09,1.1220507201509859e-09
P13,2,C,gamma,1799551287-γ-7,P13-T02-Cγ,20,62,D4,8,8,R5,R,False,62,True,R5,True,0.9018104159396849,False,0.938561201095581,valid,False,1.3111558389126726e-05,5.968413622268154e-05,8.954530408134456e-06,2.0383886026702857e-06,3.954067073512539e-07,0.00017198868696154923,0.000623785334640769,0.005916843829864141,0.0913927821885188,0.9018104159396849
P13,2,C,gamma,1799551287-γ-7,P13-T02-Cγ,21,67,G4,11,11,R1,R,False,67,True,R1,True,0.7659803791291361,False,0.8314559459686279,valid,False,2.1016400616932765e-07,3.9149923924637205e-07,6.514835883301684e-08,1.2141958668151567e-08,2.007052268677908e-09,0.7659803791291361,0.22166263297094255,0.011035932662325047,0.0010420152251560946,0.00027835905182508686
P13,2,C,gamma,1799551287-γ-7,P13-T02-Cγ,22,57,A3,5,5,R3,R,False,57,True,R3,True,0.7102716109506108,False,0.8008549213409424,valid,False,0.003110466603353329,0.0040781662853242254,0.0009283443460360077,0.0001730192269044365,3.0981886476402064e-05,0.0017605873016681474,0.20501219848141541,0.7102716109506108,0.07264956827865009,0.001985056639561465
P13,2,C,gamma,1799551287-γ-7,P13-T02-Cγ,23,48,C3,0,0,L1,L,False,48,True,L1,False,0.35830479789948283,False,1.0103240013122559,valid,False,0.35830479789948283,0.35830479789948283,0.24017888862277176,0.03664892201551958,0.006562581290427808,1.0381053907923915e-08,1.517242546048654e-09,3.318389802104839e-10,3.5327081527944644e-11,6.852748768804485e-12
P13,2,C,gamma,1799551287-γ-7,P13-T02-Cγ,24,65,F4,10,10,R3,R,False,65,True,R2,True,0.46135049760253183,False,0.7066402435302734,valid,False,7.893540894171924e-09,4.709909109836474e-09,6.905054665031859e-10,1.5102175352973115e-10,4.034324173257695e-11,0.029515147561208637,0.46135049760253183,0.46135049760253183,0.04533856761975721,0.002445276128650031
P13,2,C,gamma,1799551287-γ-7,P13-T02-Cγ,25,67,G4,11,11,R1,R,False,67,True,R1,True,0.8662164188001545,False,0.7251746654510498,valid,False,4.0671851588489784e-09,2.458730946777401e-09,4.064254919383129e-10,9.62934808762231e-11,2.1920025393094372e-11,0.8662164188001545,0.12201387692807236,0.010634833403228176,0.0008556745134705311,0.00027918930451933434
P13,2,C,gamma,1799551287-γ-7,P13-T02-Cγ,26,59,B3,6,6,R4,R,False,59,True,R4,True,0.804740859708193,False,0.803753137588501,valid,False,0.0004791166331271992,0.0004027337167891947,0.00010336594865650793,2.0869225112963287e-05,3.5904429926523556e-06,0.0029758220262862084,0.011840379605787795,0.11541825577164183,0.804740859708193,0.0640150069214128
P13,2,C,gamma,1799551287-γ-7,P13-T02-Cγ,27,57,A3,5,5,L5,L,False,57,True,L5,True,0.9168313063834458,False,0.8284461498260498,valid,False,0.0024658716033306256,0.0005984696452170735,0.007821619161105447,0.07210829460786061,0.9168313063834458,5.609981435275275e-05,7.408541508081665e-05,3.407891183785692e-05,7.757644713405496e-06,2.4168130557225576e-06
P13,2,C,gamma,1799551287-γ-7,P13-T02-Cγ,28,60,C4,7,7,L2,L,False,60,True,L2,True,0.6687519102527949,False,0.6532089710235596,valid,False,0.01043557718501811,0.6687519102527949,0.27738686452727385,0.034653999846491756,0.0015926720728608533,0.0008736558409227264,0.003246570940474888,0.002375987533537339,0.0005859113121334133,9.685048849210421e-05
P13,2,C,gamma,1799551287-γ-7,P13-T02-Cγ,29,57,A3,5,5,R3,R,False,57,True,R3,True,0.7028014430127126,False,0.930854082107544,valid,False,0.022046686989461613,0.006521304349564101,0.0007520702134395234,0.0001401663159395317,3.456458795756851e-05,0.0014262867796828494,0.11325435126115327,0.7028014430127126,0.14768393406891955,0.005339192421169333
P13,3,B,alpha,1799551287-α-6,P13-T03-Bα,0,64,E4,9,9,R3,R,False,64,True,R2,True,0.45960121569619355,False,1.1238059997558594,valid,False,3.836171574853572e-08,2.517546096976544e-08,8.214244234755406e-09,2.283866292294604e-09,6.350000185056387e-10,0.00879691998447887,0.45960121569619355,0.45960121569619355,0.06738073802463475,0.004619835928212049
P13,3,B,alpha,1799551287-α-6,P13-T03-Bα,1,65,F4,10,10,R4,R,False,65,True,R4,True,0.5372660835317519,False,0.7021687030792236,valid,False,1.3201893566431153e-08,1.1263830987966932e-08,3.982875436064991e-09,1.022247903929674e-09,2.520832295047281e-10,0.00974646801280926,0.1618214346165014,0.25126130963890186,0.5372660835317519,0.03990467447710441
P13,3,B,alpha,1799551287-α-6,P13-T03-Bα,2,67,G4,11,11,R5,R,False,67,True,R5,True,0.30775753370930425,True,1.0070610046386719,valid,False,2.3774989126275566e-09,2.7823271567442535e-09,7.747791970106573e-10,2.0697087475030093e-10,5.103838933776261e-11,0.0021253793850198755,0.0662824371920929,0.23259814028800452,0.39123650323296405,0.30775753370930425
P13,3,B,alpha,1799551287-α-6,P13-T03-Bα,3,65,F4,10,10,R3,R,False,65,True,R2,True,0.47777219214304323,False,0.6658341884613037,valid,False,2.1598784129164803e-08,3.30379130402617e-08,9.627702224594321e-09,2.374162138318805e-09,5.192574812022112e-10,0.01205083597939532,0.47777219214304323,0.47777219214304323,0.031473125829187175,0.000931586747511933
P13,3,B,alpha,1799551287-α-6,P13-T03-Bα,4,60,C4,7,7,L3,L,False,60,True,L3,True,0.5999601255480073,False,1.1004462242126465,valid,False,0.002051323181592642,0.026638135539063284,0.5999601255480073,0.35668862260106793,0.014272302185317583,0.0002546066930517701,9.057801606277066e-05,3.9028595415443735e-05,4.502435508911804e-06,7.752049122586113e-07
P13,3,B,alpha,1799551287-α-6,P13-T03-Bα,5,59,B3,6,6,L4,L,False,59,True,L4,True,0.7362946234916402,False,1.3447649478912354,valid,False,0.004961114148798261,0.006830920279190541,0.19752785374432344,0.7362946234916402,0.054268794792250004,8.996633689955392e-05,2.0879736518442302e-05,5.100739969519026e-06,6.372365267618028e-07,1.0949388326458948e-07
P13,3,B,alpha,1799551287-α-6,P13-T03-Bα,6,60,C4,7,7,L5,L,False,60,True,L5,True,0.9005716727537051,False,1.3591632843017578,valid,False,0.0029806097640662967,0.0014185391154893099,0.011102980223932747,0.08274222265546807,0.9005716727537051,0.0008411009079917209,0.0002653205680348148,6.877119862163529e-05,7.620066011640578e-06,1.1627466785906713e-06
P13,3,B,alpha,1799551287-α-6,P13-T03-Bα,7,59,B3,6,6,L4,L,False,59,True,L4,True,0.7543561299652278,False,0.8307559490203857,valid,False,0.007285343406683759,0.0054562803170101455,0.17715108486901282,0.7543561299652278,0.05560002302233791,0.00011722876506078176,2.6531130733033876e-05,6.38288287376859e-06,8.638292615875965e-07,1.3181179838154212e-07
P13,3,B,alpha,1799551287-α-6,P13-T03-Bα,8,60,C4,7,7,L5,L,False,60,True,L5,True,0.9089290443774128,False,1.073065996170044,valid,False,0.002047194717162237,0.0009990638401913756,0.00823529284159424,0.07868889699536041,0.9089290443774128,0.0007584399706008631,0.0002610485945215903,6.940940042308815e-05,1.0175901339317993e-05,1.4333613941046806e-06
P13,3,B,alpha,1799551287-α-6,P13-T03-Bα,9,59,B3,6,6,L3,L,False,59,True,L3,True,0.7733784926591076,False,0.6805191040039062,valid,False,0.0029156349215399796,0.04088799903909575,0.7733784926591076,0.17605009231467675,0.006623344843449048,0.00010911567716354281,2.7003609990408647e-05,7.088855117040314e-06,1.0816891520044082e-06,1.4639070776048796e-07
P13,3,B,alpha,1799551287-α-6,P13-T03-Bα,10,57,A3,5,5,L4,L,False,57,True,L4,True,0.723679802897683,False,0.848423957824707,valid,False,0.001570543143115032,0.0074086356023744734,0.1857402204773155,0.723679802897683,0.08157369537706884,2.092133536994093e-05,4.9566459226832045e-06,1.0534856283441337e-06,1.4839232207156941e-07,2.2643200118410333e-08
P13,3,B,alpha,1799551287-α-6,P13-T03-Bα,11,62,D4,8,8,R2,R,False,62,True,R2,True,0.8343249789344133,False,0.7541568279266357,valid,False,0.01678566406103646,0.008386497645893599,0.0008578062588319488,0.00010716591794114739,1.187432217667784e-05,0.04469142678307296,0.8343249789344133,0.08882098942360923,0.005189425458700254,0.0008241711943245007
P13,3,B,alpha,1799551287-α-6,P13-T03-Bα,12,64,E4,9,9,R1,R,False,64,True,R1,True,0.8758447017358666,False,0.7384319305419922,valid,False,0.004475753839783589,0.0019255060072304233,0.00018922637943327147,2.2713150480702376e-05,2.9533616769934323e-06,0.8758447017358666,0.10941946444086594,0.007207980349510577,0.0006805791133953498,0.00023112162175646046
P13,3,B,alpha,1799551287-α-6,P13-T03-Bα,13,65,F4,10,10,R2,R,False,65,True,R2,True,0.8474622311685499,False,0.7124969959259033,valid,False,0.0006480256012441119,0.0002958940799419593,3.278599859828599e-05,4.095961762026295e-06,5.543281451901637e-07,0.08837833753612793,0.8474622311685499,0.06047598071727524,0.002368474964819733,0.00033361964353553525
P13,3,B,alpha,1799551287-α-6,P13-T03-Bα,14,64,E4,9,9,R1,R,False,64,True,R1,True,0.8209970017648756,False,0.7765457630157471,valid,False,0.005749242212345532,0.007618042580614798,0.000990564256174299,0.00012880179327259096,1.8142817212176022e-05,0.8209970017648756,0.15301247553535433,0.010491017947658174,0.0007192972807805839,0.0002754138117121283
P13,3,B,alpha,1799551287-α-6,P13-T03-Bα,15,62,D4,8,8,R2,R,False,62,True,R2,True,0.7536157799241223,False,1.0354621410369873,valid,False,0.021259459427642798,0.05597374057375053,0.005958880705993782,0.0007444442310658418,8.935685339079227e-05,0.05167027489203398,0.7536157799241223,0.10615312874129364,0.003994357189162634,0.0005405774615435252
P13,3,B,alpha,1799551287-α-6,P13-T03-Bα,16,59,B3,6,6,L5,L,False,59,True,L5,True,0.7769147146085248,False,1.144083023071289,valid,False,0.0037811909942824695,0.0027049633750301665,0.02369690460854441,0.19269933481126678,0.7769147146085248,0.00017862245312977033,2.0969853546094988e-05,2.8379610690910517e-06,3.545470785728609e-07,1.0678752791652632e-07
P13,3,B,alpha,1799551287-α-6,P13-T03-Bα,17,64,E4,9,9,R3,R,False,64,True,R2,True,0.4550697538575794,False,0.7005157470703125,valid,False,0.003165758697459131,0.024705687365508367,0.0034571713035823014,0.00033974862005153736,4.417707508802553e-05,0.01930667155073371,0.4550697538575794,0.4550697538575794,0.036614733438987364,0.002226544233430483
P13,3,B,alpha,1799551287-α-6,P13-T03-Bα,18,60,C4,7,7,L4,L,False,60,True,L4,True,0.7724434706266808,False,0.8689491748809814,valid,False,0.002972962198236342,0.005613478282035669,0.17660038871229186,0.7724434706266808,0.03888125112241353,0.0025330369807083485,0.0005540827855001712,0.00035684949415730835,3.954005101263093e-05,4.939746963350756e-06
P13,3,B,alpha,1799551287-α-6,P13-T03-Bα,19,59,B3,6,6,L3,L,False,59,True,L3,True,0.7437576213662899,False,0.789039134979248,valid,False,0.0036831151852347657,0.18779353876229568,0.7437576213662899,0.05984244573209933,0.00457975930022027,0.00026797381572780824,5.037376395058173e-05,2.263439117460031e-05,2.2243627786996883e-06,3.1332022856318626e-07
P13,3,B,alpha,1799551287-α-6,P13-T03-Bα,20,62,D4,8,8,R4,R,False,62,True,R4,True,0.6827807992419693,False,1.0254971981048584,valid,False,0.0013811947730860787,0.00015980097726895988,9.33647851871704e-06,1.3151216211097385e-06,2.2625992021457443e-07,0.004910615575074438,0.038962890100662034,0.18983853022251143,0.6827807992419693,0.08195529124936757
P13,3,B,alpha,1799551287-α-6,P13-T03-Bα,21,57,A3,5,5,L1,L,False,57,True,L1,True,0.6567580278284211,False,0.7821292877197266,valid,False,0.6567580278284211,0.3196784516653058,0.020233014512369137,0.0026308727942278435,0.000434880347938281,0.0001266264456536299,7.484530330407586e-05,5.2199396370660834e-05,1.0125641115539813e-05,9.560652941349253e-07
P13,3,B,alpha,1799551287-α-6,P13-T03-Bα,22,55,G3,4,4,L2,L,False,55,True,L2,True,0.7606577912335125,False,1.3724610805511475,valid,False,0.013468139489705624,0.7606577912335125,0.2031985487538411,0.020784002365035102,0.0018496828571125119,2.3726283381799647e-05,1.1360510131487335e-05,5.708400447866337e-06,9.435922475559131e-07,9.651458450418751e-08
P13,3,B,alpha,1799551287-α-6,P13-T03-Bα,23,53,F3,3,3,L3,L,False,53,True,L3,True,0.6124231496824636,False,1.0192580223083496,valid,False,0.0011953621453442357,0.0403432245903765,0.6124231496824636,0.32292608713614496,0.02310635041851098,3.613152831915003e-06,1.546876517152016e-06,5.74174882123313e-07,8.087736722841707e-08,1.0945561401289363e-08
P13,3,B,alpha,1799551287-α-6,P13-T03-Bα,24,55,G3,4,4,L2,L,False,55,True,L2,True,0.812525770221418,False,0.7300679683685303,valid,False,0.012774637411913864,0.812525770221418,0.15143365843064968,0.01969072338934125,0.0035259419869200785,3.09996355504452e-05,1.3037508161757206e-05,4.608502237091146e-06,5.314760782967183e-07,9.143772951576786e-08
P13,3,B,alpha,1799551287-α-6,P13-T03-Bα,25,53,F3,3,3,L3,L,False,53,True,L3,True,0.5788154858350006,False,0.6450319290161133,valid,False,0.0028490972546629484,0.3033126047789209,0.5788154858350006,0.09958223143915552,0.015434754256572843,4.018441360090148e-06,1.2570139513246856e-06,4.813016995336875e-07,6.012912345428203e-08,9.549552621074318e-09
P13,3,B,alpha,1799551287-α-6,P13-T03-Bα,26,55,G3,4,4,L4,L,False,55,True,L4,True,0.570332431206324,False,0.7870280742645264,valid,False,0.001151143599396617,0.02039368194214969,0.33624649093378145,0.570332431206324,0.07182007555554062,3.497236578335772e-05,1.539395165273869e-05,5.0227353836925734e-06,6.797533157745911e-07,1.0795667199896545e-07
P13,3,B,alpha,1799551287-α-6,P13-T03-Bα,27,62,D4,8,8,R4,R,False,62,True,R4,True,0.5604679256845524,False,0.7807190418243408,valid,False,0.0004285707978029486,0.003552128027580178,0.0006242352467915825,8.116850442518553e-05,1.2121512695979644e-05,0.004865825767859497,0.06945719854762379,0.3075913192731644,0.5604679256845524,0.052919506637504034
P13,3,B,alpha,1799551287-α-6,P13-T03-Bα,28,57,A3,5,5,L4,L,False,57,True,L4,True,0.5975064069008887,False,0.8135929107666016,valid,False,0.001166076651195785,0.01924648693496731,0.3294510495323936,0.5975064069008887,0.05221206598535005,0.0002109086696674658,0.00011240647584032014,8.010698053673275e-05,1.3241594821510187e-05,1.250274338521994e-06
P13,3,B,alpha,1799551287-α-6,P13-T03-Bα,29,62,D4,8,8,R4,R,False,62,True,R4,True,0.5798227420071445,False,0.8187708854675293,valid,False,0.0007205873691539188,0.003481321932563722,0.0007281286274032857,9.854149402230969e-05,1.0918708767414948e-05,0.002857925381481801,0.065166808343934,0.3057361391482344,0.5798227420071445,0.04137688698729473
P13,4,C,beta,1799551287-β-2,P13-T04-Cβ,0,57,A3,5,5,L1,L,False,57,True,L1,True,0.7773469508843988,False,1.0965049266815186,valid,False,0.7773469508843988,0.19951447237646744,0.019607002580397794,0.002874523084794058,0.00042142509703521977,0.00014375469384021543,6.692964920799292e-05,2.0981520118026184e-05,3.2015723737497995e-06,7.585413667711405e-07
P13,4,C,beta,1799551287-β-2,P13-T04-Cβ,1,60,C4,7,7,R5,R,False,60,True,R5,True,0.8319520414811994,False,0.7046558856964111,valid,False,0.0001028474653886442,1.6305950062148484e-05,1.7359070560991121e-06,3.7966350781310103e-07,1.4537045620599264e-07,0.002180579988884505,0.001295898226614687,0.00927173826495146,0.15517832768187917,0.8319520414811994
P13,4,C,beta,1799551287-β-2,P13-T04-Cβ,2,60,C4,7,7,R5,R,False,60,True,R5,True,0.6021176678585315,False,0.7017810344696045,valid,False,0.0002672286183424775,0.00010650672905301423,1.3848932678641245e-05,2.910160303413553e-06,7.469240045335188e-07,0.004739004057690809,0.0073856866505983155,0.041431330684493874,0.3439350693843034,0.6021176678585315
P13,4,C,beta,1799551287-β-2,P13-T04-Cβ,3,60,C4,7,7,L2,L,False,60,True,L2,True,0.7757719193177771,False,0.6670057773590088,valid,False,0.013186005996477138,0.7757719193177771,0.17659492642657246,0.02119697660584238,0.0014533315746309934,0.003268180287128393,0.004485455386086395,0.0029857726529992907,0.0007976052792603434,0.0002598264732253006
P13,4,C,beta,1799551287-β-2,P13-T04-Cβ,4,64,E4,9,9,R3,R,False,64,True,R2,True,0.4566913125841042,False,0.450275182723999,valid,False,2.6442173638653764e-05,1.8389189721826648e-05,2.806008404436928e-06,6.137073929381742e-07,1.0558520484524756e-07,0.019375467381412097,0.4566913125841042,0.4566913125841042,0.06180644814027017,0.005387102645746736
P13,4,C,beta,1799551287-β-2,P13-T04-Cβ,5,59,B3,6,6,L5,L,False,59,True,L5,True,0.7030985815737109,False,0.7757382392883301,valid,False,0.004737440977775833,0.01060835186284793,0.04468341379629416,0.236401491558844,0.7030985815737109,0.0002539331702551269,0.00013270230294476962,7.104066011471658e-05,1.1742942135490249e-05,1.3011550770784502e-06
P13,4,C,beta,1799551287-β-2,P13-T04-Cβ,6,57,A3,5,5,L4,L,False,57,True,L4,True,0.6186259325711535,False,0.5314919948577881,valid,False,0.007011143282020291,0.01740537496129583,0.32152444974550964,0.6186259325711535,0.03519354645784349,0.00011314296449650466,8.607818918247792e-05,3.430379741129251e-05,5.448040810554725e-06,5.799902764887882e-07
P13,4,C,beta,1799551287-β-2,P13-T04-Cβ,7,60,C4,7,7,R3,R,False,60,True,R3,True,0.4696757145357048,False,0.4906189441680908,valid,False,0.0010545609832257636,0.0469624531433281,0.03661631617067017,0.0032890247325112086,0.00028895966136788297,0.005766368391571388,0.3845379514642568,0.4696757145357048,0.05000097411272802,0.0018076768046358877
P13,4,C,beta,1799551287-β-2,P13-T04-Cβ,8,60,C4,7,7,R3,R,False,60,True,R3,True,0.4512470930248935,False,0.4449338912963867,valid,False,0.00048288104832342735,0.020738980960466207,0.09947739315341236,0.01861630207216092,0.0009898451607794488,0.004022948403781239,0.35496353559867205,0.4512470930248935,0.048039090628915725,0.0014219299485950798
P13,4,C,beta,1799551287-β-2,P13-T04-Cβ,9,65,F4,10,10,R1,R,False,65,True,R2,True,0.4215717121575173,False,0.6302447319030762,valid,False,6.590237369316408e-05,0.0009113546312587358,0.0004555587544858098,6.132941488138364e-05,4.35057016944537e-06,0.4215717121575173,0.4753207781725276,0.09220274465164656,0.008705803729320139,0.0007004655444997116
P13,4,C,beta,1799551287-β-2,P13-T04-Cβ,10,60,C4,7,7,L5,L,False,60,True,L5,True,0.775991158981207,False,0.9466550350189209,valid,False,0.0025958019832900813,0.0036779531125519364,0.02084409071422,0.19570474070068253,0.775991158981207,0.0009043567786095273,0.0002131287420810089,5.693421087341213e-05,1.061105525314403e-05,1.2237212314104043e-06
P13,4,C,beta,1799551287-β-2,P13-T04-Cβ,11,57,A3,5,5,L4,L,False,57,True,L4,True,0.6946046913915742,False,0.6117808818817139,valid,False,0.0013498729148660423,0.010479726295939415,0.24837658536568066,0.6946046913915742,0.045117116413691885,4.8690947114075165e-05,1.7306777250260244e-05,5.212701134632157e-06,7.054623844832554e-07,9.173036442757822e-08
P13,4,C,beta,1799551287-β-2,P13-T04-Cβ,12,52,E3,2,2,L3,L,False,52,True,L3,True,0.6387315121712164,False,0.9357619285583496,valid,False,0.002881465855259885,0.26884953972078673,0.6387315121712164,0.0797968633534715,0.009740375643906559,1.7091930286590612e-07,5.432555570182625e-08,1.5720958450877347e-08,2.044175961140879e-09,2.4536576957971173e-10
P13,4,C,beta,1799551287-β-2,P13-T04-Cβ,13,55,G3,4,4,L4,L,False,55,True,L4,True,0.7074129829882113,False,0.7997848987579346,valid,False,0.002207685653502178,0.014466142788562009,0.17437007325784615,0.7074129829882113,0.10149591245115598,2.8476149655887617e-05,1.3865030913782475e-05,4.346495588980927e-06,4.445778533114972e-07,7.060671036707201e-08
P13,4,C,beta,1799551287-β-2,P13-T04-Cβ,14,60,C4,7,7,R2,R,False,60,True,R2,True,0.8399149668313658,False,0.4988059997558594,valid,False,0.000954402446644068,0.012440258904363795,0.00234738198158336,0.0003176836053421052,4.103912282518356e-05,0.03708826664859336,0.8399149668313658,0.100816361279915,0.005659302530248371,0.00042033664911898013
P13,4,C,beta,1799551287-β-2,P13-T04-Cβ,15,57,A3,5,5,L5,L,False,57,True,L5,True,0.82374532009486,False,0.7972679138183594,valid,False,0.0031323645975261326,0.0035699016133785228,0.021956384473692102,0.1474363196206838,0.82374532009486,0.00011164779483972112,4.216610433840818e-05,5.267820362584901e-06,5.388148269069519e-07,8.906549184502584e-08
P13,4,C,beta,1799551287-β-2,P13-T04-Cβ,16,62,D4,8,8,R1,R,False,62,True,R1,True,0.7331416809355665,False,0.5523548126220703,valid,False,0.001501757765744386,0.014543365293147079,0.005134012780319325,0.0007242193030795463,6.303731356306526e-05,0.7331416809355665,0.22982978560234432,0.013975963655618977,0.0008498792251459603,0.00023629812547083532
P13,4,C,beta,1799551287-β-2,P13-T04-Cβ,17,67,G4,11,11,R2,R,False,67,True,R2,True,0.7054937012593899,False,0.5227499008178711,valid,False,1.9357729970179058e-05,6.208839517203208e-05,1.5590365420063134e-05,2.577070070904707e-06,2.972009178506537e-07,0.20415874299987474,0.7054937012593899,0.08468155786673971,0.004567188662091743,0.0009988984503528466
P13,4,C,beta,1799551287-β-2,P13-T04-Cβ,18,60,C4,7,7,R1,R,False,60,True,R1,True,0.6918957435381808,False,0.6740450859069824,valid,False,0.004912134310919574,0.02062466736323203,0.004852214917106296,0.0007113684886005227,6.990873206072879e-05,0.6918957435381808,0.24455378998092145,0.03055215687628407,0.0017150380803214545,0.00011297771237310529
P13,4,C,beta,1799551287-β-2,P13-T04-Cβ,19,59,B3,6,6,L3,L,False,59,True,L3,True,0.7376699530236415,False,0.7285881042480469,valid,False,0.004588239991601681,0.10654363790907928,0.7376699530236415,0.1374824821498208,0.013510896478650522,0.00017382495844571388,2.853843529107157e-05,2.036538973523638e-06,3.1075569734798794e-07,7.97587987240787e-08
P13,4,C,beta,1799551287-β-2,P13-T04-Cβ,20,64,E4,9,9,R4,R,False,64,True,R4,True,0.40161374836598446,False,0.5310320854187012,valid,False,0.00029652855770143154,0.0009073209905086069,0.00020919065912770624,2.8310877103501796e-05,3.987825443689035e-06,0.012731945957524679,0.16005072588516947,0.40161374836598446,0.40161374836598446,0.022544492515451996
P13,4,C,beta,1799551287-β-2,P13-T04-Cβ,21,60,C4,7,7,R3,R,False,60,True,R3,True,0.4668000718992117,False,0.4823899269104004,valid,False,0.0029365996175805056,0.045418636379761436,0.015578644816992017,0.002377147060173742,0.00030909736780283163,0.007285609159219096,0.41401452362844937,0.4668000718992117,0.044075366976773556,0.0012043030940359245
P13,4,C,beta,1799551287-β-2,P13-T04-Cβ,22,65,F4,10,10,R4,R,False,65,True,R4,True,0.4085762625605707,False,0.47426915168762207,valid,False,6.108435922621822e-05,0.00020951360510051867,5.685100312233262e-05,8.674900578821678e-06,1.2718008206438624e-06,0.01475696051178454,0.20699167729040976,0.3481657244600183,0.4085762625605707,0.021171979508368098
P13,4,C,beta,1799551287-β-2,P13-T04-Cβ,23,62,D4,8,8,R3,R,False,62,True,R2,True,0.47166057254396143,False,0.4207730293273926,valid,False,0.0012914313130155846,0.009110364834731042,0.0026019459331716724,0.0003521350898321408,5.162545577978816e-05,0.012382195585477394,0.47166057254396143,0.47166057254396143,0.029852231701827932,0.0010369249982413265
P13,4,C,beta,1799551287-β-2,P13-T04-Cβ,24,62,D4,8,8,R3,R,False,62,True,R2,True,0.4663392988532218,False,0.40030407905578613,valid,False,0.0014940118775174482,0.00915327769624681,0.002471718056581799,0.00030879226130383193,4.527109535911608e-05,0.010432370062209654,0.4663392988532218,0.4663392988532218,0.042305346730383955,0.0011106145139537322
P13,4,C,beta,1799551287-β-2,P13-T04-Cβ,25,57,A3,5,5,L4,L,False,57,True,L4,True,0.615119467000976,False,0.7939608097076416,valid,False,0.002470871233534688,0.02241065068444796,0.3191839957060874,0.615119467000976,0.040508928332895176,0.00014222744391928805,0.00011273217254475856,4.697294432081004e-05,3.933665872987254e-06,2.2081540084886527e-07
P13,4,C,beta,1799551287-β-2,P13-T04-Cβ,26,52,E3,2,2,L2,L,False,52,True,L2,True,0.6643045387200343,False,0.7097582817077637,valid,False,0.0770669684602303,0.6643045387200343,0.22559484901494883,0.028183612358344722,0.004848845750233062,7.380357847958886e-07,3.0314051701351184e-07,1.3087612235691423e-07,1.2861665814009077e-08,7.821187036145192e-10
P13,4,C,beta,1799551287-β-2,P13-T04-Cβ,27,55,G3,4,4,L4,L,False,55,True,L4,True,0.5527470411046715,False,0.7029697895050049,valid,False,0.001970256667097453,0.024609102934390142,0.2896521411818128,0.5527470411046715,0.13096111756710446,2.8878047902928915e-05,2.3148766247152282e-05,7.558371414790293e-06,7.136631159850502e-07,4.169624282572742e-08
P13,4,C,beta,1799551287-β-2,P13-T04-Cβ,28,59,B3,6,6,L2,L,False,59,True,L2,True,0.8228656041529117,False,0.4591248035430908,valid,False,0.02535035889185179,0.8228656041529117,0.1306853972834817,0.015686381058603014,0.0015415569117852579,0.0016222730554646104,0.001669948666621917,0.0005235058297693038,5.1446794976216016e-05,3.527354534697831e-06
P13,4,C,beta,1799551287-β-2,P13-T04-Cβ,29,64,E4,9,9,R1,R,False,64,True,R1,True,0.5407267552164817,False,0.6221129894256592,valid,False,0.0005567213508968085,0.0010968012294036566,0.00014268927396038627,1.782620127433272e-05,2.510970562523229e-06,0.5407267552164817,0.40867249016272683,0.04528220264582996,0.003231395469115969,0.0002706074797477786
P13,5,C,gamma,1799551287-γ-5,P13-T05-Cγ,0,52,E3,2,2,L1,L,False,52,True,L1,True,0.5517165564638883,False,0.7825789451599121,valid,False,0.5517165564638883,0.4006284462138651,0.03634419267003931,0.008610948110423613,0.002699413236914985,2.3302856080251547e-07,1.2130565288326094e-07,7.000348228188541e-08,1.4710256737087738e-08,4.2569161415447925e-09
P13,5,C,gamma,1799551287-γ-5,P13-T05-Cγ,1,59,B3,6,6,L4,L,False,59,True,L4,True,0.6563400454715943,False,0.8983287811279297,valid,False,0.004790711871884335,0.012809449143570696,0.14021493651382957,0.6563400454715943,0.18561353518428406,0.00012481935680832995,5.570116038138022e-05,4.445308198814067e-05,5.7801769454909e-06,5.680387138610569e-07
P13,5,C,gamma,1799551287-γ-5,P13-T05-Cγ,2,72,C5,14,14,R1,R,False,72,True,R1,True,0.839166621898483,False,0.819735050201416,valid,False,3.871773515024057e-07,2.876813696274045e-06,7.898473527340118e-07,9.816667083651177e-08,6.560816614633467e-09,0.839166621898483,0.1280485235831365,0.023864912466165303,0.006375160598037655,0.002540622888289745
P13,5,C,gamma,1799551287-γ-5,P13-T05-Cγ,3,64,E4,9,9,R2,R,False,64,True,R2,True,0.7934866206570527,False,0.5409109592437744,valid,False,0.00028379393943581035,0.011130936965410098,0.01108306275198923,0.0016723490953333042,9.501362564964519e-05,0.07797877534105642,0.7934866206570527,0.09913045189542166,0.004741894211927443,0.00039710151672376823
P13,5,C,gamma,1799551287-γ-5,P13-T05-Cγ,4,67,G4,11,11,R4,R,False,67,True,R4,True,0.3997494811217264,True,0.558769941329956,valid,False,8.8417860003748e-06,0.00032925051557603,0.00014459666274283683,2.0093401463816386e-05,1.4053876829700235e-06,0.012472232638740272,0.21938716676215278,0.3545459843739387,0.3997494811217264,0.01334094734997565
P13,5,C,gamma,1799551287-γ-5,P13-T05-Cγ,5,62,D4,8,8,R3,R,False,62,True,R2,True,0.4538708813764841,False,0.4751012325286865,valid,False,0.00022070484947110411,0.004035476711470361,0.022806310569191895,0.012689084267434998,0.0007870711298942906,0.006036429865613549,0.4723937034288401,0.4538708813764841,0.026517708506316042,0.0006426292952834729
P13,5,C,gamma,1799551287-γ-5,P13-T05-Cγ,6,72,C5,14,14,R5,R,False,72,True,R5,True,0.17494589846614397,True,0.6929590702056885,valid,False,4.2996728337212476e-08,1.6240609617812043e-06,9.101775815316942e-07,1.4288617537237614e-07,9.23767263988917e-09,0.010132093982737346,0.271639759397333,0.271639759397333,0.271639759397333,0.17494589846614397
P13,5,C,gamma,1799551287-γ-5,P13-T05-Cγ,7,55,G3,4,4,L5,L,False,55,True,L5,True,0.8030974588352662,False,0.6400556564331055,valid,False,0.0038068117269379046,0.0023421610420495485,0.016991897614358174,0.17375363877112998,0.8030974588352662,2.4422729958886022e-06,2.71141273483184e-06,1.889347164846715e-06,7.529408204104585e-07,2.3603654222109057e-07
P13,5,C,gamma,1799551287-γ-5,P13-T05-Cγ,8,64,E4,9,9,R2,R,False,64,True,R2,True,0.8046172299839022,False,0.5707762241363525,valid,False,0.0003967452201235612,0.016698489844138575,0.011154714816685951,0.001439314822479471,9.435523597563817e-05,0.020294840143874192,0.8046172299839022,0.1384302617622606,0.006362151928326105,0.0005118962422338976
P13,5,C,gamma,1799551287-γ-5,P13-T05-Cγ,9,59,B3,6,6,L3,L,False,59,True,L3,True,0.7258630050726758,False,0.49925708770751953,valid,False,0.004167687388053797,0.12947041601922735,0.7258630050726758,0.12997749222982471,0.010255070610358269,0.00014817420768451766,0.0001051214741099748,1.1647791343089527e-05,1.1446702196568496e-06,2.405365027792066e-07
P13,5,C,gamma,1799551287-γ-5,P13-T05-Cγ,10,71,B4,13,13,R4,R,False,71,True,R4,True,0.3162941664489712,True,0.5836329460144043,valid,False,6.16677946656881e-07,6.4212591258692215e-06,1.110075427844284e-06,1.1817696979646163e-07,1.0609197467161998e-08,0.04280576060245984,0.3162941664489712,0.3162941664489712,0.3162941664489712,0.008303463251958952
P13,5,C,gamma,1799551287-γ-5,P13-T05-Cγ,11,57,A3,5,5,L1,L,False,57,True,L1,True,0.5736542441828818,False,1.0195701122283936,valid,False,0.5736542441828818,0.3845319393692092,0.03630759154134773,0.004721029323221887,0.0007803808983900872,2.0214104530181696e-06,2.0133140224979106e-06,5.826213038662819e-07,1.8264372744988458e-07,1.4695442485886501e-08
P13,5,C,gamma,1799551287-γ-5,P13-T05-Cγ,12,65,F4,10,10,R1,R,False,65,True,R1,True,0.6176040964026224,False,0.570544958114624,valid,False,5.1212630511459344e-05,1.2598816871319048e-05,1.2886599892371994e-06,2.0466166261762413e-07,3.814360780488283e-08,0.6176040964026224,0.35278105773533514,0.027271648101542822,0.002108227677950777,0.00016962716990639952
P13,5,C,gamma,1799551287-γ-5,P13-T05-Cγ,13,69,A4,12,12,R5,R,False,69,True,R5,True,0.3155553077394201,True,0.8667151927947998,valid,False,8.919108096616961e-07,3.6134909977752146e-07,3.8468684721104324e-08,5.639777004111321e-09,6.769516182449459e-10,0.00518216095631277,0.048150617780104155,0.3155553077394201,0.3155553077394201,0.3155553077394201
P13,5,C,gamma,1799551287-γ-5,P13-T05-Cγ,14,52,E3,2,2,L1,L,False,52,True,L1,True,0.47444484238047324,False,0.9518351554870605,valid,False,0.47444484238047324,0.47444484238047324,0.03987287614562636,0.00882133834755456,0.0024160775247756357,7.126950312427849e-09,9.828706090674889e-09,4.47119596080052e-09,1.5803651463001316e-09,2.1387916469179916e-10
P13,5,C,gamma,1799551287-γ-5,P13-T05-Cγ,15,53,F3,3,3,L5,L,False,53,True,L5,True,0.27930736957762703,True,0.8209149837493896,valid,False,0.003957090127523972,0.032893530372911456,0.19486613945148246,0.48897573104959147,0.27930736957762703,4.2412457036137615e-08,5.957407003030533e-08,2.678450145862716e-08,9.467107444483521e-09,1.1827277419461074e-09
P13,5,C,gamma,1799551287-γ-5,P13-T05-Cγ,16,60,C4,7,7,R1,R,False,60,True,R1,True,0.6883393118667726,False,0.6721279621124268,valid,False,0.002262295914910259,0.0031089402180285814,0.0007077119645554935,0.00015478501918659085,2.7716757140149425e-05,0.6883393118667726,0.27431632250592053,0.029203305420797073,0.0017758548315020373,0.00010375550118678286
P13,5,C,gamma,1799551287-γ-5,P13-T05-Cγ,17,52,E3,2,2,L3,L,False,52,True,L3,True,0.3544828804453354,True,0.6046020984649658,valid,False,0.042549157419285624,0.2107473563284137,0.3544828804453354,0.3544828804453354,0.03773771728025989,5.613091291663356e-09,2.0671495114260907e-09,3.416975160265283e-10,5.0095234792136035e-11,9.336448088838182e-12
P13,5,C,gamma,1799551287-γ-5,P13-T05-Cγ,18,62,D4,8,8,L1,L,False,62,True,L1,True,0.5793015140418392,False,0.8377339839935303,valid,False,0.5793015140418392,0.37309127383155133,0.041339691497962246,0.00406259971128289,0.0005498130826034509,0.0011109090271894007,0.0004685198034328971,6.340726029955329e-05,1.0908893463629346e-05,1.362850375262943e-06
P13,5,C,gamma,1799551287-γ-5,P13-T05-Cγ,19,62,D4,8,8,R2,R,False,62,True,R2,True,0.879686218938105,False,0.4933457374572754,valid,False,7.058494339348186e-05,2.1918270391731082e-05,2.42861358524343e-06,4.178304935520166e-07,1.2584812621828617e-07,0.040335359798656656,0.879686218938105,0.07667419986201612,0.003002860320194769,0.00020588557503727837
P13,5,C,gamma,1799551287-γ-5,P13-T05-Cγ,20,57,A3,5,5,R4,R,False,57,True,R4,True,0.6206580397103738,False,0.7234711647033691,valid,False,0.005319889784607473,0.003036726935892762,0.00036450327945981425,6.271091707771914e-05,2.046130514474064e-05,0.0012101935065274986,0.028614075050244683,0.27971910851415877,0.6206580397103738,0.06099429099651265
P13,5,C,gamma,1799551287-γ-5,P13-T05-Cγ,21,64,E4,9,9,R1,R,False,64,True,R1,True,0.5470040666434195,False,0.5188071727752686,valid,False,5.758191750504914e-06,3.944063416420125e-06,5.128414816598687e-07,8.823174287498361e-08,2.3569813275882004e-08,0.5470040666434195,0.39720647626851213,0.04962308936687641,0.005282799876675668,0.0008732409463116219
P13,5,C,gamma,1799551287-γ-5,P13-T05-Cγ,22,53,F3,3,3,L2,L,False,53,True,L2,True,0.8275832021610686,False,0.5244569778442383,valid,False,0.039587351022629544,0.8275832021610686,0.11200120706633113,0.017090276031150115,0.003737846519307048,7.150394506631322e-08,3.426142914059618e-08,9.152437219254743e-09,1.9232571991658464e-09,3.5844509115495826e-10
P13,5,C,gamma,1799551287-γ-5,P13-T05-Cγ,23,57,A3,5,5,R3,R,False,57,True,R3,True,0.6585890427564438,False,0.585705041885376,valid,False,0.0023213805095293224,0.0023398802026929387,0.00047241366544833265,9.927115163886503e-05,2.651882906954597e-05,0.0027458748546786817,0.24228136901087569,0.6585890427564438,0.08913033463797296,0.001993914381649787
P13,5,C,gamma,1799551287-γ-5,P13-T05-Cγ,24,60,C4,7,7,L5,L,False,60,True,L5,True,0.8086211777813004,False,0.8712489604949951,valid,False,0.0016938845797293833,0.0035411652802604626,0.027762441039679817,0.1580883551428453,0.8086211777813004,2.115341894138201e-05,7.871681600120181e-05,0.00014238718188945012,4.8573874591452e-05,2.1448847611317874e-06
P13,5,C,gamma,1799551287-γ-5,P13-T05-Cγ,25,53,F3,3,3,L3,L,False,53,True,L3,True,0.4336038357115766,False,0.5785119533538818,valid,False,0.016981615136326608,0.4166019861276218,0.4336038357115766,0.11583089158636298,0.016981615136326608,1.4380048370936226e-08,2.106460930994439e-08,1.592104556174813e-08,4.607299318658483e-09,3.2878272860574167e-10
P13,5,C,gamma,1799551287-γ-5,P13-T05-Cγ,26,60,C4,7,7,L2,L,False,60,True,L2,True,0.8475640951438402,False,1.4037461280822754,valid,False,0.015523677901711315,0.8475640951438402,0.11938654007133567,0.015523677901711315,0.0012490290192781,5.7604082435193735e-05,0.00041972851395253696,0.0002148890275327391,5.740444525910618e-05,3.353892943586011e-06
P13,5,C,gamma,1799551287-γ-5,P13-T05-Cγ,27,60,C4,7,7,R1,R,False,60,True,R1,True,0.6943875302962728,False,0.6461460590362549,valid,False,0.00010074530756691997,4.171185932456693e-05,4.2664644416434255e-06,7.052418288405898e-07,2.3949696957191824e-07,0.6943875302962728,0.26587604546027044,0.03745087992426566,0.0020198640469585253,0.00011801190210130362
P13,5,C,gamma,1799551287-γ-5,P13-T05-Cγ,28,59,B3,6,6,L4,L,False,59,True,L4,True,0.6826736664272269,False,0.6866099834442139,valid,False,0.002734686901776829,0.01161955056775383,0.2505403095891747,0.6826736664272269,0.05218481552239038,0.000167887970154196,6.117705677769373e-05,1.4494542945107887e-05,3.045826308335732e-06,3.6559549195257653e-07
P13,5,C,gamma,1799551287-γ-5,P13-T05-Cγ,29,64,E4,9,9,R5,R,False,64,True,R5,True,0.4801899885929461,False,0.6895761489868164,valid,False,0.0001359564917083128,0.0012983285979867424,0.0002930102485886453,4.1344405420451004e-05,5.0948948133342e-06,0.0011768709573580253,0.014521215213020884,0.09314727429492259,0.40919091630323484,0.4801899885929461
P13,6,C,alpha,1799551287-α-3,P13-T06-Cα,0,60,C4,7,7,L3,L,False,60,True,L3,True,0.7695802664894383,False,0.8480749130249023,valid,False,0.007976952711824971,0.06635701408736909,0.7695802664894383,0.14342973414710533,0.01023532792087237,0.0011679343289871505,0.0006635445540815523,0.0005095869709639794,6.626093691488815e-05,1.3377852442179423e-05
P13,6,C,alpha,1799551287-α-3,P13-T06-Cα,1,59,B3,6,6,L2,L,False,59,True,L2,True,0.8265074153447438,False,0.52105712890625,valid,False,0.02609223598902009,0.8265074153447438,0.12611685391630323,0.017764620894180582,0.001891194971258889,0.0009067752954376257,0.0005052049397235409,0.00019343937737962926,1.826458918713833e-05,3.994682765526045e-06
P13,6,C,alpha,1799551287-α-3,P13-T06-Cα,2,64,E4,9,9,R3,R,False,64,True,R2,True,0.45337402120435755,False,0.4649500846862793,valid,False,7.5391537915259816e-06,2.1053310384117356e-06,2.4279755683002326e-07,4.3476823223874096e-08,1.3629383269360448e-08,0.02001971301143422,0.45337402120435755,0.45337402120435755,0.06918038984299664,0.004041910348260867
P13,6,C,alpha,1799551287-α-3,P13-T06-Cα,3,60,C4,7,7,L2,L,False,60,True,L2,True,0.8145681604090372,False,0.595130205154419,valid,False,0.021080282898134826,0.8145681604090372,0.1458615826957976,0.01616192404642312,0.0012493933434730635,0.0002769832771604252,0.0003122039883375173,0.00039166754766552014,9.279691421691473e-05,5.004879753813041e-06
P13,6,C,alpha,1799551287-α-3,P13-T06-Cα,4,59,B3,6,6,L1,L,False,59,True,L1,True,0.38951274552057985,True,1.0754601955413818,valid,False,0.38951274552057985,0.4951677467823946,0.0999726438986247,0.013529826077933394,0.001560328830061604,7.208253222738431e-05,9.475963763916413e-05,7.463815716060858e-05,1.4478312882529106e-05,7.502504960605845e-07
P13,6,C,alpha,1799551287-α-3,P13-T06-Cα,5,64,E4,9,9,R3,R,False,64,True,R2,True,0.4672073135306139,False,0.5065112113952637,valid,False,7.908110818503187e-05,2.207682386426219e-05,2.0027642760967275e-06,3.3105470820869936e-07,8.163708594283966e-08,0.007291965206568635,0.4672073135306139,0.4672073135306139,0.05607965469554234,0.0021101796485416316
P13,6,C,alpha,1799551287-α-3,P13-T06-Cα,6,65,F4,10,10,R2,R,False,65,True,R2,True,0.7463486295441452,False,0.48807406425476074,valid,False,7.558609428491489e-06,3.907696624624382e-06,4.506555862148352e-07,6.876558356045227e-08,1.3339150807214386e-08,0.060050917231174394,0.7463486295441452,0.184047306087565,0.008803882548403572,0.0007372655223381576
P13,6,C,alpha,1799551287-α-3,P13-T06-Cα,7,64,E4,9,9,R1,R,False,64,True,R1,True,0.6056420115439868,False,0.5562038421630859,valid,False,4.025480818135559e-05,1.918338136787712e-05,2.3965839049752213e-06,3.8061928723743767e-07,7.684570877484615e-08,0.6056420115439868,0.34594820644155383,0.044983199314298804,0.002963257208143371,0.0004010332535670173
P13,6,C,alpha,1799551287-α-3,P13-T06-Cα,8,64,E4,9,9,R1,R,False,64,True,R1,True,0.574151794679803,False,0.4289999008178711,valid,False,3.436438548136487e-05,1.4889393160090709e-05,1.5851025269379333e-06,3.200266808532983e-07,5.730594496930093e-08,0.574151794679803,0.36977466700404293,0.05208587569079473,0.0035711719242485155,0.00036527448731655876
P13,6,C,alpha,1799551287-α-3,P13-T06-Cα,9,62,D4,8,8,R2,R,False,62,True,R2,True,0.8349714115450853,False,0.40470027923583984,valid,False,0.0002871461516109879,0.00014769550644931333,1.5106917712617571e-05,2.815536319800726e-06,5.461578543864867e-07,0.05958461997114498,0.8349714115450853,0.10022297828826633,0.004425562931798197,0.0003421169937581484
P13,6,C,alpha,1799551287-α-3,P13-T06-Cα,10,57,A3,5,5,L2,L,False,57,True,L2,True,0.7696403009824226,False,0.5730447769165039,valid,False,0.029780297116468353,0.7696403009824226,0.16832948250233615,0.028960222894518998,0.002627212147795949,0.00027696374591591706,0.00032818433615883376,5.212676513797998e-05,4.54341323338506e-06,6.660960118494141e-07
P13,6,C,alpha,1799551287-α-3,P13-T06-Cα,11,59,B3,6,6,L1,L,False,59,True,L1,True,0.44284769657910567,True,0.716965913772583,valid,False,0.44284769657910567,0.44284769657910567,0.09685605535125805,0.014779275729243065,0.001704421762329857,0.00038614389281762396,0.0004895349907375843,8.153082665255554e-05,6.559938250428919e-06,1.084350499598159e-06
P13,6,C,alpha,1799551287-α-3,P13-T06-Cα,12,64,E4,9,9,R2,R,False,64,True,R2,True,0.7636472039291725,False,0.5546932220458984,valid,False,0.0001461382184092247,5.3831628595468395e-05,9.639422368392723e-06,1.7965374735205754e-06,2.741338430807098e-07,0.04643743429450558,0.7636472039291725,0.180929220450808,0.007989322059490071,0.0007851393253341112
P13,6,C,alpha,1799551287-α-3,P13-T06-Cα,13,65,F4,10,10,R3,R,False,65,True,R2,True,0.4775921842387469,False,0.41191577911376953,valid,False,1.3312841650564419e-05,6.53068916671745e-06,1.2171505062786304e-06,2.0940449310486403e-07,3.461432989883888e-08,0.022845569356353283,0.4775921842387469,0.4775921842387469,0.02108911851535933,0.0008596389506470165
P13,6,C,alpha,1799551287-α-3,P13-T06-Cα,14,67,G4,11,11,R4,R,False,67,True,R4,True,0.3735774770431936,True,0.478316068649292,valid,False,1.6902047162988132e-06,8.112984397204528e-07,1.512049159652701e-07,2.933073599353389e-08,4.475580107180581e-09,0.008916360152595795,0.22209948636104218,0.3735774770431936,0.3735774770431936,0.021826512885586607
P13,6,C,alpha,1799551287-α-3,P13-T06-Cα,15,65,F4,10,10,R5,R,False,65,True,R5,True,0.4417875739723121,True,0.5737619400024414,valid,False,2.168611676000666e-05,1.851505979050396e-05,3.5915520811803483e-06,6.431253962004711e-07,8.362476620112425e-08,0.0016225193868896048,0.01761892120091912,0.07910919906638579,0.45981726689469915,0.4417875739723121
P13,6,C,alpha,1799551287-α-3,P13-T06-Cα,16,60,C4,7,7,L1,L,False,60,True,L1,True,0.40967747903147295,False,0.8248462677001953,valid,False,0.40967747903147295,0.40967747903147295,0.15686259226536914,0.019596876937732276,0.0020044510116779563,8.360984939361952e-05,0.0012225092293632377,0.0007028055594005361,0.00014887774899266344,2.331933512471987e-05
P13,6,C,alpha,1799551287-α-3,P13-T06-Cα,17,59,B3,6,6,L2,L,False,59,True,L2,True,0.8033733446918266,False,0.4229252338409424,valid,False,0.03547469208544895,0.8033733446918266,0.13821625768657395,0.02026346565645426,0.002336886629481211,5.617909552419905e-05,0.0001908554631646849,7.493153442120024e-05,1.1900433431017154e-05,1.4867236737920773e-06
P13,6,C,alpha,1799551287-α-3,P13-T06-Cα,18,60,C4,7,7,L1,L,False,60,True,L1,True,0.34951436993979845,True,0.8717749118804932,valid,False,0.34951436993979845,0.48132594287848524,0.144972588038183,0.01961990626369226,0.002173947580790039,0.00021490776856828683,0.0013822078735242006,0.000681502524540849,0.0001039905422932715,1.0636590124385811e-05
P13,6,C,alpha,1799551287-α-3,P13-T06-Cα,19,59,B3,6,6,L2,L,False,59,True,L2,True,0.8065887522324537,False,0.4543931484222412,valid,False,0.025838970346764707,0.8065887522324537,0.14443274081100332,0.020344567799936496,0.0022542423677496025,9.791891792945558e-05,0.0003035959258831291,0.00012157960296142113,1.5808839042184457e-05,1.8231562760111706e-06
P13,6,C,alpha,1799551287-α-3,P13-T06-Cα,20,60,C4,7,7,L4,L,False,60,True,L4,True,0.5621432844654314,False,0.6154701709747314,valid,False,0.0032276579197077883,0.04285115868000585,0.33420573351815314,0.5621432844654314,0.05524383618783053,0.0002691368705896226,0.0014059268508139796,0.0005553019672635171,8.819162915290134e-05,9.771911051261139e-06
P13,6,C,alpha,1799551287-α-3,P13-T06-Cα,21,59,B3,6,6,L3,L,False,59,True,L3,True,0.5444361342677282,False,0.5486600399017334,valid,False,0.012138518136116742,0.29879288559617895,0.5444361342677282,0.1342562977705266,0.009971695633226106,7.448405729056171e-05,0.00022614104479822678,8.889944700090567e-05,1.3033277859870848e-05,1.9107692736364163e-06
P13,6,C,alpha,1799551287-α-3,P13-T06-Cα,22,64,E4,9,9,R4,R,False,64,True,R4,True,0.4274622346747277,True,0.5280029773712158,valid,False,2.028983925844596e-05,3.0133009244584544e-05,5.616008742945521e-06,1.08939361346259e-06,2.0303461921296307e-07,0.0012941653170584222,0.15916458962867466,0.39459737629120134,0.4274622346747277,0.017424302802859497
P13,6,C,alpha,1799551287-α-3,P13-T06-Cα,23,62,D4,8,8,R2,R,False,62,True,R2,True,0.7052915143431416,False,0.4585421085357666,valid,False,0.00010378365255259583,0.00011986504583115173,2.518796980525782e-05,5.967729231712696e-06,1.2540351747420636e-06,0.018515555430617097,0.7052915143431416,0.25946224815951524,0.015777915559459968,0.0006967080746707663
P13,6,C,alpha,1799551287-α-3,P13-T06-Cα,24,64,E4,9,9,R1,R,False,64,True,R1,True,0.39136524893827573,True,0.45448803901672363,valid,False,6.676688875948985e-06,5.570008296508324e-06,8.84614381045646e-07,1.7860056330111296e-07,3.464494482232705e-08,0.39136524893827573,0.517827028383095,0.08223995581639851,0.007460640470275387,0.0010937818348938214
P13,6,C,alpha,1799551287-α-3,P13-T06-Cα,25,65,F4,10,10,R2,R,False,65,True,R2,True,0.7759829696907774,False,0.4090888500213623,valid,False,2.0387903746689e-06,1.555638158325335e-06,2.571452580462541e-07,5.4035494253746645e-08,1.0070809911325456e-08,0.11376450585125245,0.7759829696907774,0.10501787498988921,0.004826543469397558,0.0004041903185883
P13,6,C,alpha,1799551287-α-3,P13-T06-Cα,26,64,E4,9,9,R1,R,False,64,True,R1,True,0.5247458208565267,False,0.4318420886993408,valid,False,1.1357422891883682e-05,9.881548928241094e-06,1.9950503210056966e-06,4.363412202717779e-07,7.813394148906757e-08,0.5247458208565267,0.4127796826639824,0.0581434942883386,0.003986501361959738,0.00032075233188975585
P13,6,C,alpha,1799551287-α-3,P13-T06-Cα,27,65,F4,10,10,R2,R,False,65,True,R2,True,0.7427771483218222,False,0.32830190658569336,valid,False,2.8883103086383817e-06,2.406446898721929e-06,5.263185420697785e-07,1.1059851063065762e-07,1.9027905700483704e-08,0.12278023681399769,0.7427771483218222,0.1277909933339017,0.00611286804448103,0.0005328027836317029
P13,6,C,alpha,1799551287-α-3,P13-T06-Cα,28,60,C4,7,7,L4,L,False,60,True,L4,True,0.6559973292474562,False,0.8933868408203125,valid,False,0.002524787037703162,0.023710447233567165,0.24425911165375505,0.6559973292474562,0.07043882542854495,0.0015474800138747297,0.0013297560921852877,0.0001663197260876612,2.2508927237909472e-05,3.4346395877066074e-06
P13,6,C,alpha,1799551287-α-3,P13-T06-Cα,29,64,E4,9,9,R2,R,False,64,True,R2,True,0.8135982649230329,False,0.7368690967559814,valid,False,2.5954076185733628e-05,0.000810137083817794,0.001648586935630197,0.0005686707046445046,4.385351536707941e-05,0.06813334304086877,0.8135982649230329,0.11010855162417532,0.004671436901957382,0.0003912011943203263
P13,7,C,beta,1799551287-β-7,P13-T07-Cβ,0,62,D4,8,8,R1,R,False,62,True,R1,True,0.7120735493845702,False,0.5648419857025146,valid,False,2.941959294984132e-05,4.913334062361732e-05,1.0134409195901096e-05,1.8887901366504472e-06,3.9690293863848034e-07,0.7120735493845702,0.26195721942056116,0.023764222795218847,0.0016958451086876263,0.0004181902551175921
P13,7,C,beta,1799551287-β-7,P13-T07-Cβ,1,64,E4,9,9,R2,R,False,64,True,R2,True,0.7324506384085525,False,0.3428637981414795,valid,False,1.2144554804726684e-05,2.9602751913696625e-05,4.875151738270762e-06,1.0244452327877964e-06,1.761025748427749e-07,0.11176472037645814,0.7324506384085525,0.14787923349764914,0.007073786792846807,0.0007837979182291905
P13,7,C,beta,1799551287-β-7,P13-T07-Cβ,2,60,C4,7,7,L3,L,False,60,True,L3,True,0.7587131385865571,False,0.6535568237304688,valid,False,0.004135621310769543,0.08493015803197043,0.7587131385865571,0.14140438431171654,0.00999974102687761,0.00039741838247881264,0.0003362050310552268,7.66599216887295e-05,5.693806689452552e-06,9.795901965216388e-07
P13,7,C,beta,1799551287-β-7,P13-T07-Cβ,3,59,B3,6,6,L5,L,False,59,True,L5,True,0.8040456818912619,False,0.6923692226409912,valid,False,0.0024501333985402127,0.002471899025951967,0.02125720422666351,0.169654507237131,0.8040456818912619,6.662724957311403e-05,4.270527371277008e-05,1.0149367261941896e-05,9.207298251859372e-07,1.7160007837797402e-07
P13,7,C,beta,1799551287-β-7,P13-T07-Cβ,4,62,D4,8,8,R5,R,False,62,True,R5,True,0.7574842061132229,False,0.8221518993377686,valid,False,2.7927290427516704e-05,6.541488927525728e-05,2.3682016963707634e-05,4.6429883788036575e-06,6.906581395945512e-07,0.002537808924604104,0.002753536234472251,0.02138296687139907,0.2157191240131169,0.7574842061132229
P13,7,C,beta,1799551287-β-7,P13-T07-Cβ,5,60,C4,7,7,L3,L,False,60,True,L3,True,0.6994002274829874,False,0.8221518993377686,valid,False,0.006885382679515927,0.10444335406216027,0.6994002274829874,0.16570732831931032,0.015032629670184535,0.0030759752445583665,0.00490484332143202,0.0004820165400247304,5.5588615820700176e-05,1.2654064005880024e-05
P13,7,C,beta,1799551287-β-7,P13-T07-Cβ,6,59,B3,6,6,L1,L,False,59,True,L1,True,0.5955126828702718,False,0.6397240161895752,valid,False,0.5955126828702718,0.3540445265432346,0.046035953379979434,0.003855199229251434,0.0005012865859590651,3.327931851143327e-05,1.5443341898845418e-05,1.400988369011885e-06,1.7502577422840097e-07,5.2716750133046285e-08
P13,7,C,beta,1799551287-β-7,P13-T07-Cβ,7,60,C4,7,7,L2,L,False,60,True,L2,True,0.80395530601582,False,0.5360610485076904,valid,False,0.014362509700820023,0.80395530601582,0.1559512842609357,0.02286354402582247,0.001914666925191555,0.0005660934434576993,0.000342852030827595,3.798908786663775e-05,4.381096156345598e-06,1.3734131021322427e-06
P13,7,C,beta,1799551287-β-7,P13-T07-Cβ,8,64,E4,9,9,R1,R,False,64,True,R1,True,0.6633832688402094,False,0.7835938930511475,valid,False,3.417543182094634e-05,1.8636242100045522e-05,3.337120084401153e-06,6.473346951019199e-07,1.4735777360364122e-07,0.6633832688402094,0.2980773170006676,0.035778705781915866,0.0022644975585567576,0.00043926733217646105
P13,7,C,beta,1799551287-β-7,P13-T07-Cβ,9,59,B3,6,6,L2,L,False,59,True,L2,True,0.7064286185186817,False,0.7111020088195801,valid,False,0.018545407080558195,0.7064286185186817,0.23989999803647985,0.031193887484420382,0.003744253114358127,0.000127378811420492,5.3945670628974166e-05,5.742975412896375e-06,6.113885731437699e-07,1.56919466203606e-07
P13,7,C,beta,1799551287-β-7,P13-T07-Cβ,10,57,A3,5,5,L3,L,False,57,True,L3,True,0.7165682983952684,False,0.6359560489654541,valid,False,0.007732683926603781,0.1435227365635369,0.7165682983952684,0.11844794305957193,0.013660023370054673,4.297346760404991e-05,2.1806952565274703e-05,3.197051068915571e-06,2.786576933341187e-07,5.85560328870992e-08
P13,7,C,beta,1799551287-β-7,P13-T07-Cβ,11,62,D4,8,8,R1,R,False,62,True,R1,True,0.6718431209013093,False,0.5087850093841553,valid,False,7.14227356397684e-05,4.736010185422488e-05,8.480591003732027e-06,1.4018322643788918e-06,2.71927481928954e-07,0.6718431209013093,0.30187857356386655,0.024289031315058503,0.001537295743672742,0.0003230412878490481
P13,7,C,beta,1799551287-β-7,P13-T07-Cβ,12,64,E4,9,9,R3,R,False,64,True,R2,True,0.46109133910533295,False,0.43329310417175293,valid,False,1.924297315101779e-05,1.8566361742074007e-05,3.324606877884511e-06,4.6829887500205736e-07,8.72787233089161e-08,0.01956214176734913,0.46109133910533295,0.46109133910533295,0.055345544325341445,0.0028679461772742943
P13,7,C,beta,1799551287-β-7,P13-T07-Cβ,13,59,B3,6,6,L2,L,False,59,True,L2,True,0.764781929183152,False,0.47780585289001465,valid,False,0.024902643597694837,0.764781929183152,0.18119806836195337,0.025523273783408313,0.003188628009763715,0.00010157539473659045,0.00013922586669479502,0.0001352799063443017,2.8427188031599003e-05,9.487082203915037e-07
P13,7,C,beta,1799551287-β-7,P13-T07-Cβ,14,60,C4,7,7,R2,R,False,60,True,R2,True,0.7881878108255976,False,0.6042089462280273,valid,False,0.002313553155264352,0.0031573605199764735,0.0003789831250105559,6.520210013367517e-05,1.0355229719996003e-05,0.018351960353921653,0.7881878108255976,0.17942125126863692,0.007612079550664568,0.0005014438710742719
P13,7,C,beta,1799551287-β-7,P13-T07-Cβ,15,62,D4,8,8,R4,R,False,62,True,R4,True,0.591068504808308,False,0.6376161575317383,valid,False,7.96524535804086e-05,5.972120817057661e-05,7.168433873386019e-06,1.1849341495606714e-06,2.697356706930302e-07,0.00338900634156849,0.07688602408927321,0.265584198987832,0.591068504808308,0.06292426900757365
P13,7,C,beta,1799551287-β-7,P13-T07-Cβ,16,57,A3,5,5,L3,L,False,57,True,L3,True,0.7131165121846457,False,0.5967481136322021,valid,False,0.0021589992804704745,0.14383188187710486,0.7131165121846457,0.1276950268489839,0.013061184522767576,4.458143215603486e-05,5.849219392610474e-05,2.8714438998477222e-05,4.209736670844e-06,3.974842760587487e-07
P13,7,C,beta,1799551287-β-7,P13-T07-Cβ,17,60,C4,7,7,R3,R,False,60,True,R3,True,0.50789763610362,False,0.4970240592956543,valid,False,0.0007198269852260599,0.0011165905867072093,0.00020810342725280018,2.8163736269767513e-05,4.297507495912815e-06,0.008937714641293783,0.41583141409364366,0.50789763610362,0.06345175945358365,0.0018044934649070659
P13,7,C,beta,1799551287-β-7,P13-T07-Cβ,18,62,D4,8,8,R1,R,False,62,True,R1,True,0.5106479137105344,False,0.4958078861236572,valid,False,0.00016294969063015405,0.0001645863929485098,3.3229419645604185e-05,5.070480657962622e-06,8.381448155102795e-07,0.5106479137105344,0.4180831509499261,0.06639888993253845,0.004037720655042619,0.0004656506232606751
P13,7,C,beta,1799551287-β-7,P13-T07-Cβ,19,59,B3,6,6,L5,L,False,59,True,L5,True,0.8974987682151292,False,0.835637092590332,valid,False,0.002116895440165028,0.0021717357989319975,0.011739709950412468,0.08628422259903419,0.8974987682151292,0.00010911008436106035,3.8949608454364207e-05,3.3360315233167544e-05,6.471235359767321e-06,7.767529187137935e-07
P13,7,C,beta,1799551287-β-7,P13-T07-Cβ,20,52,E3,2,2,L4,L,False,52,True,L4,True,0.5947700646436757,False,0.5402212142944336,valid,False,0.0006262139765817193,0.027032131961065173,0.27815399102436056,0.5947700646436757,0.0994167392974654,4.691524206487248e-07,3.1852005588566237e-07,6.178653391119811e-08,8.361898067080572e-09,1.275942910384104e-09
P13,7,C,beta,1799551287-β-7,P13-T07-Cβ,21,50,D3,1,1,L2,L,False,50,True,L2,True,0.8666871775629631,False,0.6731128692626953,valid,False,0.019069358123515897,0.8666871775629631,0.09226622068802896,0.017196022403757626,0.0047811356476734155,5.042750711756011e-08,2.822445101240167e-08,6.173022939112699e-09,6.314027543639594e-10,1.1767704181304608e-10
P13,7,C,beta,1799551287-β-7,P13-T07-Cβ,22,52,E3,2,2,L4,L,False,52,True,L4,True,0.3259337801537247,True,0.765477180480957,valid,False,0.00500915247063723,0.21712526727086295,0.414343041081466,0.3259337801537247,0.03758835264662156,2.1360715871881085e-07,1.5477749596707033e-07,3.385899822032544e-08,3.604578310315635e-09,5.284562758363249e-10
P13,7,C,beta,1799551287-β-7,P13-T07-Cβ,23,55,G3,4,4,L2,L,False,55,True,L2,True,0.7981226249092718,False,0.5723419189453125,valid,False,0.03524283516768607,0.7981226249092718,0.14291674400351287,0.020952589675915956,0.0027244382251239685,1.9104852153154696e-05,1.763601121341103e-05,3.5609149843862773e-06,4.1066295158059784e-07,5.557718686694357e-08
P13,7,C,beta,1799551287-β-7,P13-T07-Cβ,24,57,A3,5,5,L1,L,False,57,True,L1,True,0.7898538477459809,False,0.6758439540863037,valid,False,0.7898538477459809,0.1947755608117548,0.01283079223673926,0.001957851944348649,0.0003648926513647473,7.84998154611646e-05,0.00011250158093272463,2.3094701166312734e-05,2.6633992073428997e-06,2.951130441533295e-07
P13,7,C,beta,1799551287-β-7,P13-T07-Cβ,25,64,E4,9,9,R3,R,False,64,True,R2,True,0.46871435646589443,False,0.4687690734863281,valid,False,2.1966500163894756e-07,5.232143541598958e-08,6.331290544210473e-09,1.499997127438866e-09,4.4606713933919045e-10,0.01628091454295934,0.46871435646589443,0.46871435646589443,0.04425611415282098,0.0020339781086388957
P13,7,C,beta,1799551287-β-7,P13-T07-Cβ,26,60,C4,7,7,L2,L,False,60,True,L2,True,0.8141809720242549,False,0.5769681930541992,valid,False,0.014834952342885416,0.8141809720242549,0.14579225036321855,0.016813508919549698,0.0014080174704462485,0.0028889878456022982,0.0026702782104286366,0.0012997639429668938,9.653811887812271e-05,1.4730761769183358e-05
P13,7,C,beta,1799551287-β-7,P13-T07-Cβ,27,60,C4,7,7,R1,R,False,60,True,R1,True,0.7805887995438153,False,0.662290096282959,valid,False,0.0006628241377174054,0.00026185837000623535,2.2823798492190027e-05,3.7727485157525323e-06,1.0489648126086297e-06,0.7805887995438153,0.1849431547282842,0.031818519870233014,0.0015841508241435285,0.0001130470139796775
P13,7,C,beta,1799551287-β-7,P13-T07-Cβ,28,62,D4,8,8,R2,R,False,62,True,R2,True,0.7167010226174385,False,0.5056941509246826,valid,False,0.00011037623097270574,5.696369008623583e-05,4.583276103340769e-06,1.002416964984654e-06,2.677809586368667e-07,0.07330719555063918,0.7167010226174385,0.19926961756059622,0.009921050073127503,0.0006279208031127827
P13,7,C,beta,1799551287-β-7,P13-T07-Cβ,29,64,E4,9,9,R3,R,False,64,True,R2,True,0.4536531759562419,False,0.3874340057373047,valid,False,9.171758262524009e-06,4.327925186512219e-06,4.253207263059807e-07,7.616054408653056e-08,1.73370102019113e-08,0.0336944446465669,0.4536531759562419,0.4536531759562419,0.05667498753677415,0.0023101974024453504
P13,8,B,gamma,1799551287-γ-4,P13-T08-Bγ,0,53,F3,3,3,L2,L,False,53,True,L2,True,0.8717701713071516,False,1.14577317237854,valid,False,0.05866160224095986,0.8717701713071516,0.05742764595112184,0.009492726028903341,0.0026393319190180543,6.083763124164544e-06,1.4981728989596532e-06,7.156456467187585e-07,1.6501500053789072e-07,5.995617505859514e-08
P13,8,B,gamma,1799551287-γ-4,P13-T08-Bγ,1,48,C3,0,0,L2,L,False,48,True,L2,True,0.7710066715602558,False,1.088529348373413,valid,False,0.09058563227936424,0.7710066715602558,0.10860278227556841,0.021066772298723283,0.008738137153797322,3.4560907548271796e-09,6.801595592793477e-10,2.523868081366351e-10,3.415684016435614e-11,9.496875631308804e-12
P13,8,B,gamma,1799551287-γ-4,P13-T08-Bγ,2,60,C4,7,7,R4,R,False,60,True,R3,False,0.09763373135999166,False,0.7492399215698242,valid,False,0.0002177188083510687,9.64455230431826e-05,1.3052482177952374e-05,2.337257704289348e-06,4.718841921522014e-07,0.004851105718993076,0.3255530024462711,0.5674899511118722,0.09763373135999166,0.004142183407403211
P13,8,B,gamma,1799551287-γ-4,P13-T08-Bγ,3,57,A3,5,5,L5,L,False,57,True,L5,True,0.8600817937578937,False,1.000756025314331,valid,False,0.0016104773383546576,0.0021753517211826117,0.016291193764399223,0.11952025288858895,0.8600817937578937,0.0001898621073806458,9.208757130520804e-05,3.4632161475132456e-05,3.542323163328317e-06,8.063662564084928e-07
P13,8,B,gamma,1799551287-γ-4,P13-T08-Bγ,4,48,C3,0,0,L2,L,False,48,True,L2,True,0.8488597044313911,False,0.7243940830230713,valid,False,0.07295450740165058,0.8488597044313911,0.05820049877028425,0.013789313727825032,0.006195938053211006,2.5617733458545123e-08,9.387739060526962e-09,2.314987950601981e-09,2.367867060833512e-10,5.8390882821888e-11
P13,8,B,gamma,1799551287-γ-4,P13-T08-Bγ,5,57,A3,5,5,L5,L,False,57,True,L5,True,0.8499332407144268,False,0.8917229175567627,valid,False,0.0011569229999169757,0.0019091028017088833,0.017120713568822908,0.12963623323795465,0.8499332407144268,0.00012541973693956426,9.013433829524853e-05,2.4851375050752627e-05,2.6456402196710026e-06,7.355866646477202e-07
P13,8,B,gamma,1799551287-γ-4,P13-T08-Bγ,6,57,A3,5,5,R4,R,False,57,True,R4,True,0.7139883338854546,False,1.2955760955810547,valid,False,0.00021560311279620172,2.353813571194939e-05,2.6080997788452367e-06,5.059193053992645e-07,1.8611731134812569e-07,0.0027479814476276134,0.02418056278134396,0.21298605092821707,0.7139883338854546,0.04585462957245291
P13,8,B,gamma,1799551287-γ-4,P13-T08-Bγ,7,52,E3,2,2,L2,L,False,52,True,L2,True,0.8637570239265624,False,1.1471121311187744,valid,False,0.04658560123194135,0.8637570239265624,0.07835826934997185,0.009789315217405656,0.0014937526443114019,7.10107851909628e-06,5.970866738366121e-06,2.4819555704784085e-06,4.102644964154542e-07,7.346448299796395e-08
P13,8,B,gamma,1799551287-γ-4,P13-T08-Bγ,8,57,A3,5,5,L4,L,False,57,True,L4,True,0.5910752014708642,False,0.848639965057373,valid,False,0.0019385557823689173,0.01672569859857767,0.3192303527638634,0.5910752014708642,0.0681658191522246,0.0006335551620610336,0.001432964657433009,0.0006524625754731838,0.00012269462352993552,2.269521360397514e-05
P13,8,B,gamma,1799551287-γ-4,P13-T08-Bγ,9,67,G4,11,11,R5,R,False,67,True,R5,True,0.420570000173769,True,0.9177868366241455,valid,False,4.482889306977568e-07,2.163984734015603e-07,2.813801453246425e-08,5.458213248989143e-09,9.022365817342384e-10,0.0007294274807666263,0.045780778991629446,0.11234909399419751,0.420570000173769,0.420570000173769
P13,8,B,gamma,1799551287-γ-4,P13-T08-Bγ,10,55,G3,4,4,L1,L,False,55,True,L1,True,0.7989386398051517,False,0.7372617721557617,valid,False,0.7989386398051517,0.1892907412535776,0.009054701690139775,0.0019803708924398793,0.0007285377372229734,1.7815931753130157e-06,2.128200708442304e-06,1.804864629028323e-06,9.519953044270395e-07,3.419676510497223e-07
P13,8,B,gamma,1799551287-γ-4,P13-T08-Bγ,11,62,D4,8,8,R4,R,False,62,True,R4,True,0.601541995567754,False,0.9094719886779785,valid,False,0.0002457661228595246,0.00011526705228576395,9.274341698090365e-06,1.6607206422919773e-06,4.262418503534675e-07,0.0012118472757012345,0.0697857914522871,0.2702902417414652,0.601541995567754,0.05679772948345645
P13,8,B,gamma,1799551287-γ-4,P13-T08-Bγ,12,67,G4,11,11,R5,R,False,67,True,R5,True,0.4367013624816385,True,0.8466241359710693,valid,False,4.039221139366996e-07,1.631647029835194e-07,1.1643640351694592e-08,2.65053137403224e-09,7.08050498972065e-10,0.0007976783938098182,0.022332339527670646,0.10346667502620342,0.4367013624816385,0.4367013624816385
P13,8,B,gamma,1799551287-γ-4,P13-T08-Bγ,13,57,A3,5,5,L3,L,False,57,True,L3,True,0.6833719263955882,False,0.8674359321594238,valid,False,0.0038755492912961355,0.23713255814923384,0.6833719263955882,0.06989815538304141,0.005623978094637225,3.323225343231443e-05,4.032016759882653e-05,1.7015426988678405e-05,5.554027582868654e-06,1.7108106004475698e-06
P13,8,B,gamma,1799551287-γ-4,P13-T08-Bγ,14,64,E4,9,9,R1,R,False,64,True,R1,True,0.8857506565564206,False,0.7240438461303711,valid,False,9.921280569424133e-06,3.3675678041789487e-06,5.793727442848567e-07,1.0798000196123311e-07,2.2690493380384383e-08,0.8857506565564206,0.10214930167691254,0.010874661879909209,0.0009478447888140373,0.000263536206330483
P13,8,B,gamma,1799551287-γ-4,P13-T08-Bγ,15,57,A3,5,5,R2,R,False,57,True,R2,True,0.8047221955176416,False,0.845710039138794,valid,False,0.01292862680149528,0.005005298839229281,0.00024919915551029824,4.462313284002624e-05,1.2406895392605178e-05,0.023819322454388142,0.8047221955176416,0.1440985036902236,0.008762639033602701,0.00035718447967650704
P13,8,B,gamma,1799551287-γ-4,P13-T08-Bγ,16,59,B3,6,6,L5,L,False,59,True,L5,True,0.9153623992498338,False,0.8707962036132812,valid,False,0.002004248354098727,0.0006905769181456745,0.007772474359750181,0.07364969867695013,0.9153623992498338,0.00023189911311210848,0.0001715636578654556,9.248766928436989e-05,2.0228152668996904e-05,4.4238482907054255e-06
P13,8,B,gamma,1799551287-γ-4,P13-T08-Bγ,17,52,E3,2,2,L2,L,False,52,True,L2,True,0.8757374250441761,False,0.629673957824707,valid,False,0.07633001962397341,0.8757374250441761,0.040248241074778396,0.00639212205282715,0.0012905471850626507,8.343615974444919e-07,5.960660663746716e-07,1.7957211118361906e-07,2.7400927436495316e-08,7.618479894357038e-09
P13,8,B,gamma,1799551287-γ-4,P13-T08-Bγ,18,53,F3,3,3,L4,L,False,53,True,L4,True,0.5527708707707382,False,0.9917387962341309,valid,False,0.0013869251901653724,0.026042206387710362,0.3534457405903052,0.5527708707707382,0.0663499878123077,2.118376740538334e-06,1.6531769420165761e-06,4.243056783796783e-07,5.742352916241695e-08,1.596588303081366e-08
P13,8,B,gamma,1799551287-γ-4,P13-T08-Bγ,19,62,D4,8,8,R5,R,False,62,True,R5,True,0.8652037025069752,False,1.0595462322235107,valid,False,0.000317641284187027,0.0003543631562185754,4.088324217917534e-05,1.008168339747408e-05,1.8052882104489384e-06,9.304934497804466e-05,0.0019418234777906704,0.014944061879915826,0.11709258813614748,0.8652037025069752
P13,8,B,gamma,1799551287-γ-4,P13-T08-Bγ,20,62,D4,8,8,L4,L,False,62,True,L4,True,0.7401231356964336,False,1.1130380630493164,valid,False,0.0023322105971701015,0.006928989022740918,0.17722340310140883,0.7401231356964336,0.07122732976634376,0.0009259871032575316,0.0006981839178375859,0.0004524023102703222,8.100993900636685e-05,7.348545530914391e-06
P13,8,B,gamma,1799551287-γ-4,P13-T08-Bγ,21,65,F4,10,10,R1,R,False,65,True,R1,True,0.9057043285182326,False,0.7910027503967285,valid,False,4.081423628778397e-05,3.2345282504149823e-05,5.3466392371491054e-06,9.198618194662953e-07,1.2957028335558182e-07,0.9057043285182326,0.08551680484854866,0.0077579095077104435,0.0007935116197670882,0.0001478899156094646
P13,8,B,gamma,1799551287-γ-4,P13-T08-Bγ,22,67,G4,11,11,R4,R,False,67,True,R4,True,0.34310661634799644,True,0.7723231315612793,valid,False,2.412884333295776e-06,1.4131150355716448e-06,1.6961849899368975e-07,2.6938373430297127e-08,5.020611764238876e-09,0.011250805606728812,0.29237617207415795,0.34310661634799644,0.34310661634799644,0.010155762046267313
P13,8,B,gamma,1799551287-γ-4,P13-T08-Bγ,23,71,B4,13,13,R5,R,False,71,True,R5,True,0.30365199369609197,True,0.8449239730834961,valid,False,7.614225907874333e-08,5.30583815539055e-08,7.778728135171092e-09,1.0527363753939879e-09,1.6063715485548735e-10,0.004617300114490068,0.08442658060449174,0.30365199369609197,0.30365199369609197,0.30365199369609197
P13,8,B,gamma,1799551287-γ-4,P13-T08-Bγ,24,65,F4,10,10,R2,R,False,65,True,R2,True,0.8090045185939438,False,0.6589093208312988,valid,False,3.806837747556232e-05,4.485693257926523e-05,6.071221263347124e-06,9.64215734370398e-07,1.471297808800306e-07,0.08612541108556868,0.8090045185939438,0.09710612983995816,0.00665790254954238,0.0010159300541536984
P13,8,B,gamma,1799551287-γ-4,P13-T08-Bγ,25,52,E3,2,2,L2,L,False,52,True,L2,True,0.898246722764722,False,1.1020359992980957,valid,False,0.02302971652258858,0.898246722764722,0.06671599821903465,0.009781029824386524,0.0022265310192364778,1.2539162697828337e-09,2.8076901698827006e-10,8.856268571714881e-11,1.9369712106753586e-11,7.414432839256704e-12
P13,8,B,gamma,1799551287-γ-4,P13-T08-Bγ,26,71,B4,13,13,R2,R,False,71,True,R2,True,0.7668375020137661,False,1.0763137340545654,valid,False,9.469893993156692e-09,7.2267214970475696e-09,4.954868200321068e-10,1.1739458172673873e-10,2.1879294961895767e-11,0.14875117107087227,0.7668375020137661,0.0695659286882546,0.010615072415616609,0.004230308480114209
P13,8,B,gamma,1799551287-γ-4,P13-T08-Bγ,27,62,D4,8,8,L4,L,False,62,True,L4,True,0.7047181946569243,False,1.4512217044830322,valid,False,0.0014885433123136601,0.016959253733380728,0.21482920986126666,0.7047181946569243,0.06113064511432933,0.000451402944462487,0.0003526419649483942,5.6011290024343134e-05,1.130848442430366e-05,2.7886379258142275e-06
P13,8,B,gamma,1799551287-γ-4,P13-T08-Bγ,28,60,C4,7,7,L2,L,False,60,True,L2,True,0.886371959876727,False,0.6068868637084961,valid,False,0.018231963086029777,0.886371959876727,0.08369143828650451,0.009651725250240677,0.00111308638271013,0.00048009226690345094,0.00039342559339345805,5.1156622735531107e-05,1.1645175345039096e-05,3.5074594106284597e-06
P13,8,B,gamma,1799551287-γ-4,P13-T08-Bγ,29,65,F4,10,10,R4,R,False,65,True,R4,True,0.4236183400221134,False,1.0521767139434814,valid,False,6.337730130992328e-06,3.179068366584671e-06,3.001683447292291e-07,6.832962812015711e-08,1.494450190090268e-08,0.005624694092834123,0.1666474670184223,0.3910490143035849,0.4236183400221134,0.013050584322072954
P13,9,A,beta,1799551287-β-1,P13-T09-Aβ,0,64,E4,9,9,R2,R,False,64,True,R2,True,0.6678314325300603,False,1.6985869407653809,valid,False,7.643661834313163e-05,0.00011200340983260193,2.032376872294891e-05,2.86277396947911e-06,3.722428087876825e-07,0.10917572800107844,0.6678314325300603,0.2011469620110885,0.01976743319025396,0.001866445453841774
P13,9,A,beta,1799551287-β-1,P13-T09-Aβ,1,60,C4,7,7,L3,L,False,60,True,R4,False,0.022701842646376126,False,0.6632850170135498,valid,False,0.00018201197185022406,0.010025692284926136,0.022701842646376126,0.0038791611326135546,0.00036464335980519676,0.003718902047586183,0.04306216610898117,0.31846339808778773,0.567020667012578,0.03058151534749568
P13,9,A,beta,1799551287-β-1,P13-T09-Aβ,2,57,A3,5,5,L5,L,False,57,True,L4,False,0.08733846471947108,False,0.5751771926879883,valid,False,0.0010538816084661212,0.016403595537627436,0.3134513080301216,0.5817300148799266,0.08733846471947108,1.2927211937751796e-05,5.2970021310552745e-06,3.5742727437270483e-06,8.136391850352929e-07,1.2309838958814401e-07
P13,9,A,beta,1799551287-β-1,P13-T09-Aβ,3,60,C4,7,7,L4,L,False,60,True,R2,False,0.0009520366738640433,False,0.6294410228729248,valid,False,0.0010832768086005357,0.05047487709895578,0.01008297419383061,0.0009520366738640433,0.00012651872046867332,0.01990255823585649,0.6998375789393871,0.20252195046573312,0.014452223498270252,0.000566005365033372
P13,9,A,beta,1799551287-β-1,P13-T09-Aβ,4,64,E4,9,9,R2,R,False,64,True,R3,True,0.4091238525832898,False,0.40879392623901367,valid,False,9.573538927950582e-05,0.0010028216983136557,0.00016721799805596147,1.519682017347755e-05,2.1720504872881576e-06,0.009152416367056302,0.4091238525832898,0.5413239662912975,0.03711487854823537,0.002001742253811219
P13,9,A,beta,1799551287-β-1,P13-T09-Aβ,5,69,A4,12,12,R3,R,False,69,True,R4,False,0.3256496886439144,False,0.690932035446167,valid,False,1.0198419379049302e-07,5.354190996325563e-06,9.000953890499179e-06,3.3498295615336927e-06,3.6608506313219516e-07,0.0036352187346445144,0.10857702310169579,0.3256496886439144,0.3256496886439144,0.23647020783212572
P13,9,A,beta,1799551287-β-1,P13-T09-Aβ,6,64,E4,9,9,R1,R,False,64,True,R1,True,0.9109916791342949,False,0.5097489356994629,valid,False,7.535452199157049e-05,0.0013010843364843567,0.00091153804540803,0.00019452168747242877,1.7048135391557798e-05,0.9109916791342949,0.0794028104281252,0.006138213650614753,0.0007367797806345427,0.00023097027958264666
P13,9,A,beta,1799551287-β-1,P13-T09-Aβ,7,59,B3,6,6,L2,L,False,59,True,L3,True,0.4481014187868592,False,0.9262850284576416,valid,False,0.009631313257573939,0.4481014187868592,0.48542247197860533,0.04965105246822687,0.006993768847742388,0.0001132219011401384,7.316922192178296e-05,1.0306501059923864e-05,2.5415518702381734e-06,7.354850003204051e-07
P13,9,A,beta,1799551287-β-1,P13-T09-Aβ,8,60,C4,7,7,L1,L,False,60,True,R3,False,0.0013451612252574946,False,0.5471189022064209,valid,False,0.0013451612252574946,0.002353078217980425,0.00028244381051902696,5.057612515108586e-05,8.70136256431613e-06,0.010336944794541107,0.32237786489547776,0.5874107684558015,0.07338535195091565,0.0024491091617914493
P13,9,A,beta,1799551287-β-1,P13-T09-Aβ,9,57,A3,5,5,L3,L,False,57,True,L4,False,0.28571512079193856,False,1.1754670143127441,valid,False,0.0028494772982398365,0.00668686469196152,0.28571512079193856,0.6566397703279194,0.04790809924734912,0.00010145445129372407,7.480545815581144e-05,2.1647519005991868e-05,2.2141993088873995e-06,5.460148271332359e-07
P13,9,A,beta,1799551287-β-1,P13-T09-Aβ,10,62,D4,8,8,R2,R,False,62,True,R2,True,0.46076210678955437,False,0.39798927307128906,valid,False,0.00022437479196326773,0.009112234172745965,0.013825915313490996,0.0024395492268402957,0.00016320743653492232,0.013638298107738745,0.46076210678955437,0.46076210678955437,0.037072737917373616,0.0019994694542036793
P13,9,A,beta,1799551287-β-1,P13-T09-Aβ,11,59,B3,6,6,L5,L,False,59,True,L3,False,0.006716507096580286,False,0.5742580890655518,valid,False,0.002573432120817389,0.1281035270481772,0.7846521225326597,0.07711057753335732,0.006716507096580286,0.0005799852529962256,0.0002334564949297858,2.6923398534899373e-05,2.8662247408319534e-06,6.022972062168565e-07
P13,9,A,beta,1799551287-β-1,P13-T09-Aβ,12,60,C4,7,7,R3,R,False,60,True,R2,False,0.08621723218766723,False,0.316119909286499,valid,False,0.0002670710559852742,3.82684327456523e-05,2.4220767808243114e-06,5.297369830772313e-07,1.8723801687536665e-07,0.03047388438225822,0.8773184743128042,0.08621723218766723,0.005242875288705001,0.00043905528805377256
P13,9,A,beta,1799551287-β-1,P13-T09-Aβ,13,65,F4,10,10,R4,R,False,65,True,R1,False,0.0011271358040822097,False,0.45318102836608887,valid,False,2.8744496902171903e-06,4.806744809772737e-07,3.8674879713966995e-08,6.925361731320431e-09,2.1710052003821885e-09,0.8623659601569127,0.12642885366322754,0.009773549716979727,0.0011271358040822097,0.0003010977633800225
P13,9,A,beta,1799551287-β-1,P13-T09-Aβ,14,60,C4,7,7,R5,R,False,60,True,R2,False,0.0004011626886842797,False,0.3430030345916748,valid,False,5.3733786797320115e-05,8.622430905104323e-06,7.515384193609938e-07,1.6437038581552793e-07,6.550472853789593e-08,0.030162872284110874,0.8683646876534865,0.09621755000232785,0.004790389740154264,0.0004011626886842797
P13,9,A,beta,1799551287-β-1,P13-T09-Aβ,15,64,E4,9,9,R4,R,False,64,True,R3,True,0.4098321877246533,False,0.4065690040588379,valid,False,6.313593395297292e-08,2.072329304786637e-08,2.8045927342283224e-09,6.91604053353394e-10,1.9229172397686433e-10,0.0033728152375203883,0.148863334301107,0.4098321877246533,0.4098321877246533,0.028099387464350367
P13,9,A,beta,1799551287-β-1,P13-T09-Aβ,16,60,C4,7,7,L1,L,False,60,True,R2,False,1.3818023688676874e-06,False,0.30635499954223633,valid,False,1.3818023688676874e-06,3.117827527460578e-07,4.2195207151178445e-08,1.0829854651137703e-08,3.1339890186130787e-09,0.0135555503314345,0.4961092090429167,0.457966520460461,0.03139962913982886,0.0009673412811866556
P13,9,A,beta,1799551287-β-1,P13-T09-Aβ,17,60,C4,7,7,R5,R,False,60,True,R1,False,3.9943146861317805e-05,False,0.42859601974487305,valid,False,1.2328671286561578e-05,4.085553090432098e-06,5.312392015742552e-07,1.2093006382522572e-07,3.642343527033119e-08,0.9499328846930336,0.045590612797268885,0.0041358870821783305,0.00028356946358007944,3.9943146861317805e-05
P13,9,A,beta,1799551287-β-1,P13-T09-Aβ,18,67,G4,11,11,R4,R,False,67,True,R2,False,0.02388211922946418,False,0.447620153427124,valid,False,3.745961488952018e-09,1.2076068454847227e-09,1.392674056219185e-10,3.574448053122764e-11,1.0343888544166912e-11,0.0229456879402458,0.5858888111677959,0.36684596025186533,0.02388211922946418,0.0004374162717045605
P13,9,A,beta,1799551287-β-1,P13-T09-Aβ,19,62,D4,8,8,R5,R,False,62,True,R2,False,0.0008527189398502367,False,0.4492990970611572,valid,False,6.257874257859372e-06,2.581653272815421e-06,4.26744415770009e-07,8.615821161762837e-08,2.5950354647936332e-08,0.016455746016612132,0.47374761313258396,0.47374761313258396,0.03518693039785696,0.0008527189398502367
P13,9,A,beta,1799551287-β-1,P13-T09-Aβ,20,60,C4,7,7,R1,R,False,60,True,R1,True,0.9171567848954387,False,0.48833703994750977,valid,False,0.00017142778574306128,7.289599596840458e-05,9.478572383970571e-06,2.3373871723878974e-06,6.764029589022416e-07,0.9171567848954387,0.07379407424035252,0.008176616494255606,0.0005606146171560581,5.509360857014223e-05
P13,9,A,beta,1799551287-β-1,P13-T09-Aβ,21,57,A3,5,5,L3,L,False,57,True,L4,False,0.23133310422778372,False,0.5315289497375488,valid,False,0.0008116168523131384,0.009800214308025483,0.23133310422778372,0.677444924122527,0.08060963843120668,4.1431322362675197e-07,6.226697134505753e-08,1.6020013984911824e-08,5.662348948012202e-09,3.795586007501399e-09
P13,9,A,beta,1799551287-β-1,P13-T09-Aβ,22,60,C4,7,7,L2,L,False,60,True,R1,False,0.005735395196711601,False,0.5063488483428955,valid,False,0.0008439545224987975,0.005735395196711601,0.000684721522333716,8.903345685976649e-05,1.2733288588487756e-05,0.7508883256807654,0.21729523088669142,0.023132925288941595,0.0012476439588762732,7.003619773295935e-05
P13,9,A,beta,1799551287-β-1,P13-T09-Aβ,23,64,E4,9,9,R1,R,False,64,True,R2,False,0.08757810909018686,False,0.39009618759155273,valid,False,9.685446330197161e-05,0.007100037839875591,0.006680656120822346,0.0011578422919955155,0.00010019721509532526,0.08757810909018686,0.8226501922119295,0.07170289120855435,0.002698054804212501,0.00023516475402625073
P13,9,A,beta,1799551287-β-1,P13-T09-Aβ,24,60,C4,7,7,R3,R,False,60,True,L3,False,6.057403123008486e-05,False,0.41140103340148926,valid,False,0.0022156713850113325,0.058443445805604954,0.7035303342641689,0.22054703762353703,0.014918366746221223,0.00018441155382091566,9.337322701324993e-05,6.057403123008486e-05,5.719413548644394e-06,1.0659498436745274e-06
P13,9,A,beta,1799551287-β-1,P13-T09-Aβ,25,57,A3,5,5,L1,L,False,57,True,L4,False,0.0020939352851695055,False,0.593400239944458,valid,False,0.0020939352851695055,0.002413484453648401,0.1630106876997641,0.7663211308593653,0.06612980995376001,1.9147096173457762e-05,7.91972586131473e-06,3.558562217356923e-06,2.7509372856411e-07,5.12703119759994e-08
P13,9,A,beta,1799551287-β-1,P13-T09-Aβ,26,60,C4,7,7,L3,L,False,60,True,L3,True,0.7357177536226996,False,0.5206332206726074,valid,False,0.0018236619832043503,0.0439684307646498,0.7357177536226996,0.2045569781127436,0.011674629005604018,0.0010253274351008544,0.0008876715844331536,0.00031375167755966676,2.627457751380909e-05,5.5212364912117964e-06
P13,9,A,beta,1799551287-β-1,P13-T09-Aβ,27,64,E4,9,9,R5,R,False,64,True,R2,False,0.0010875651463752806,False,0.47310900688171387,valid,False,3.4827104161424735e-05,8.599436397018475e-06,7.495341984572834e-07,1.098869318486293e-07,2.5014407149611577e-08,0.11261122353574402,0.6545456867085874,0.22228078653643038,0.009430427096767014,0.0010875651463752806
P13,9,A,beta,1799551287-β-1,P13-T09-Aβ,28,59,B3,6,6,L3,L,False,59,True,R2,False,4.561339063251677e-05,False,0.57436203956604,valid,False,0.002561158929650017,0.0005446815585375244,4.561339063251677e-05,8.848087443926571e-06,2.460098347083148e-06,0.013362416782630396,0.46986529566271384,0.46986529566271384,0.04262521794424608,0.0011190118830847625
P13,9,A,beta,1799551287-β-1,P13-T09-Aβ,29,60,C4,7,7,L4,L,False,60,True,L3,False,0.17289181301190307,False,0.5197861194610596,valid,False,0.0018088043385664542,0.05340258107841252,0.7595043432368529,0.17289181301190307,0.011879116747284268,0.00018203284863033123,0.0002013968056095773,0.00010153680255878005,2.3113603020364278e-05,5.261527161776834e-06
P13,10,A,alpha,1799551287-α-1,P13-T10-Aα,0,57,A3,5,5,L5,L,False,57,True,R3,False,4.1968027093497844e-05,False,0.8498690128326416,valid,False,0.011836572912055828,0.0076076383583154415,0.0009504238744344234,0.00017018874207808896,4.1968027093497844e-05,0.008577588296955152,0.25507764415667894,0.5953519776489037,0.11548640180230048,0.0048995961811843045
P13,10,A,alpha,1799551287-α-1,P13-T10-Aα,1,59,B3,6,6,L4,L,False,59,True,R2,False,3.240539874502428e-05,False,0.40865612030029297,valid,False,0.00012341958799201816,0.00016705532364215712,0.00011655054444926719,3.240539874502428e-05,8.317194819387705e-06,0.008545593629732857,0.4784586340157152,0.4784586340157152,0.03280463308046472,0.0012847572087240817
P13,10,A,alpha,1799551287-α-1,P13-T10-Aα,2,57,A3,5,5,L3,L,False,57,True,L2,False,0.1016588505241167,False,0.5380909442901611,valid,False,0.03352334286754679,0.8469338605567084,0.1016588505241167,0.014903895249004104,0.0015866463976340285,0.0011621258205156064,0.00019044775097984876,3.694306278927635e-05,3.0937312412290282e-06,7.940394640593303e-07
P13,10,A,alpha,1799551287-α-1,P13-T10-Aα,3,62,D4,8,8,R3,R,False,62,True,R2,True,0.46311279565937596,False,0.408430814743042,valid,False,1.2659820232716058e-05,2.9778394474413833e-05,9.832821500562983e-06,2.6266937407291975e-06,6.223366607353274e-07,0.02044974971524587,0.46311279565937596,0.46311279565937596,0.04930229558479168,0.00396684331460155
P13,10,A,alpha,1799551287-α-1,P13-T10-Aα,4,59,B3,6,6,L4,L,False,59,True,R4,False,0.0008840729065961862,False,0.42637205123901367,valid,False,0.0009367839173866542,0.006973251015388962,0.003055014239865657,0.0008840729065961862,0.00014613626856717625,0.0016766273632712202,0.06784675740713636,0.39861756577602175,0.49116703026285286,0.02869676084291331
P13,10,A,alpha,1799551287-α-1,P13-T10-Aα,5,60,C4,7,7,L2,L,False,60,True,R1,False,6.7541974598646816e-06,False,0.46667027473449707,valid,False,1.1893038605517967e-05,6.7541974598646816e-06,3.4217912029599514e-06,8.107173203955029e-07,2.1657121619279767e-07,0.6535433582080733,0.30564028722922687,0.0366865014148335,0.003752449694384686,0.00035430713767669876
P13,10,A,alpha,1799551287-α-1,P13-T10-Aα,6,59,B3,6,6,L3,L,False,59,True,R2,False,9.570790385898979e-06,False,0.4518117904663086,valid,False,4.324099281146308e-05,2.130018572184041e-05,9.570790385898979e-06,2.2675859149474454e-06,5.591798021027896e-07,0.032167625033818134,0.7284802487351583,0.22836849102439516,0.010495646089545122,0.000411050382447039
P13,10,A,alpha,1799551287-α-1,P13-T10-Aα,7,57,A3,5,5,L4,L,False,57,True,R3,False,0.0001536089889634256,False,0.424731969833374,valid,False,0.0011138581223152485,0.0014429001220625977,0.0006747959446171771,0.0001536089889634256,3.6394233468531153e-05,0.0033009437733330324,0.30694085119781056,0.6058637112912176,0.07877967734721585,0.0016932589789958685
P13,10,A,alpha,1799551287-α-1,P13-T10-Aα,8,59,B3,6,6,L3,L,False,59,True,L3,True,0.7737664769911928,False,0.4572021961212158,valid,False,0.006089976544298855,0.09748991517550706,0.7737664769911928,0.10899152411061953,0.009492888184708798,0.0007954508967879183,0.0017591419560128367,0.0012856573175828879,0.0003170391911852501,1.1929632103858024e-05
P13,10,A,alpha,1799551287-α-1,P13-T10-Aα,9,64,E4,9,9,R2,R,False,64,True,R3,False,0.2553426398746455,False,0.3899352550506592,valid,False,1.513209936231654e-06,5.3559600779338055e-06,2.5354258421026717e-06,6.007127620741174e-07,9.16628238943995e-08,0.005405385528825194,0.2553426398746455,0.36599011652381747,0.36599011652381747,0.007261644577452184
P13,10,A,alpha,1799551287-α-1,P13-T10-Aα,10,65,F4,10,10,R3,R,False,65,True,R2,True,0.46535938798291027,False,0.3133511543273926,valid,False,1.1545363950137411e-06,2.7455111574741825e-06,8.611946407071576e-07,1.4235451665128173e-07,2.3531043335778178e-08,0.027188932155734057,0.46535938798291027,0.46535938798291027,0.04056112049241697,0.0015262442582754836
P13,10,A,alpha,1799551287-α-1,P13-T10-Aα,11,67,G4,11,11,R2,R,False,67,True,R2,True,0.45927815025961793,False,0.5531289577484131,valid,False,2.916441765586866e-07,1.2012951305036561e-06,3.5254087618465547e-07,6.312813667972889e-08,7.886611511099659e-09,0.05512790431539146,0.45927815025961793,0.45927815025961793,0.025781470039723284,0.0005324086307178856
P13,10,A,alpha,1799551287-α-1,P13-T10-Aα,12,69,A4,12,12,R1,R,False,69,True,R2,False,0.229672888517922,False,0.6014928817749023,valid,False,3.904359735017938e-10,2.398279784076181e-10,1.215009291059871e-10,2.5531727889574804e-11,7.690008660457253e-12,0.229672888517922,0.7326411897050421,0.03504581034843871,0.002047574808873127,0.0005925358347374508
P13,10,A,alpha,1799551287-α-1,P13-T10-Aα,13,67,G4,11,11,R2,R,False,67,True,R1,False,0.037598510179713725,False,0.46971702575683594,valid,False,9.377475552424998e-09,7.70966691298982e-09,3.072449065245715e-09,6.203167679890428e-10,1.3567065083498282e-10,0.9600298970437742,0.037598510179713725,0.0019483140848204747,0.00030942622819904887,0.00011383154791365328
P13,10,A,alpha,1799551287-α-1,P13-T10-Aα,14,57,A3,5,5,L4,L,False,57,True,L3,False,0.06730423688648363,False,0.5070109367370605,valid,False,0.009329491254652392,0.2325774272205095,0.6848659939756646,0.06730423688648363,0.0052029365632439775,7.399711424068949e-05,0.00024190747262793774,0.0003864407157743189,1.575217528193864e-05,1.81662152100235e-06
P13,10,A,alpha,1799551287-α-1,P13-T10-Aα,15,59,B3,6,6,L3,L,False,59,True,R2,False,0.0007035378629010083,False,0.5075118541717529,valid,False,0.0012131972706040071,0.002431154912011082,0.0007035378629010083,0.00014204184479711475,2.347935902590624e-05,0.029023896639146785,0.7412711011430486,0.21451215788510003,0.010261165367595792,0.00041826771576968674
P13,10,A,alpha,1799551287-α-1,P13-T10-Aα,16,57,A3,5,5,L2,L,False,57,True,R2,False,0.005463830828109649,False,0.44942474365234375,valid,False,0.00112243952512264,0.005463830828109649,0.0022697923904520588,0.0004964305767055478,8.540833096690442e-05,0.005628297674270987,0.5897438967515043,0.36492372872886636,0.02936161970709764,0.0009045554869038809
P13,10,A,alpha,1799551287-α-1,P13-T10-Aα,17,65,F4,10,10,R1,R,False,65,True,L3,False,0.005874858292284904,False,0.5562260150909424,valid,False,0.0023822896432649887,0.050284217697652754,0.7980687415358321,0.13191987570027375,0.00869018941571714,0.005874858292284904,0.0014364786488530409,0.0010021971462112688,0.00025722469820722084,8.392722170302525e-05
P13,10,A,alpha,1799551287-α-1,P13-T10-Aα,18,64,E4,9,9,R3,R,False,64,True,R3,True,0.4581873678530625,False,0.37047672271728516,valid,False,9.577268184565601e-07,1.077920238568869e-06,2.2650992400065343e-07,3.744183860846405e-08,7.559376842366736e-09,0.05499697592678097,0.4402215841862231,0.4581873678530625,0.04502771551754503,0.0015640493581919495
P13,10,A,alpha,1799551287-α-1,P13-T10-Aα,19,65,F4,10,10,R4,R,False,65,True,R2,False,0.025446250639232573,False,0.379558801651001,valid,False,9.68053592327803e-08,1.0480264053186657e-07,1.9532484815353e-08,3.943540672003245e-09,7.349733547143716e-10,0.029861451751121728,0.47180624787477865,0.47180624787477865,0.025446250639232573,0.0010795760410898783
P13,10,A,alpha,1799551287-α-1,P13-T10-Aα,20,64,E4,9,9,R5,R,False,64,True,R4,False,0.007441837884417963,False,0.30991601943969727,valid,False,6.428762546437489e-07,7.519188484102112e-07,1.4013810543718546e-07,3.0649869474075276e-08,6.188101923806469e-09,0.011765903054684102,0.19001781782962743,0.3326589682406029,0.45811390121948764,0.007441837884417963
P13,10,A,alpha,1799551287-α-1,P13-T10-Aα,21,65,F4,10,10,R4,R,False,65,True,R1,False,0.0006186687540120751,False,0.4281778335571289,valid,False,2.210886140949676e-07,2.638353614130436e-07,6.005887178597291e-08,1.1650222488986313e-08,2.259910651111864e-09,0.9724461679156752,0.023566229164934012,0.0031893422988552686,0.0006186687540120751,0.00017903297354311136
P13,10,A,alpha,1799551287-α-1,P13-T10-Aα,22,64,E4,9,9,R5,R,False,64,True,R2,False,0.0010847449983330168,False,0.5643637180328369,valid,False,1.0204358503635034e-07,6.516063264296982e-08,1.4833015788472455e-08,3.962422151717814e-09,1.1017011583195568e-09,0.17439885303026953,0.6272498429023861,0.18892402210503675,0.008342349862617882,0.0010847449983330168
P13,10,A,alpha,1799551287-α-1,P13-T10-Aα,23,59,B3,6,6,L2,L,False,59,True,R3,False,1.039053648044505e-05,False,0.344343900680542,valid,False,1.620686455300043e-05,1.039053648044505e-05,2.461806519816669e-06,6.070740135984426e-07,1.9030931403605053e-07,0.015340337346967133,0.4170224924622464,0.5301394892075451,0.036348035521807064,0.0011197888705533469
P13,10,A,alpha,1799551287-α-1,P13-T10-Aα,24,57,A3,5,5,L3,L,False,57,True,R3,False,3.2805763680066743e-05,False,0.4117739200592041,valid,False,0.00015305879711758762,0.00013303393178772091,3.2805763680066743e-05,8.089801723290293e-06,2.1610716261950083e-06,0.0034693854394333566,0.3517247617628961,0.5916107743689448,0.05156529882807933,0.0013006302347116163
P13,10,A,alpha,1799551287-α-1,P13-T10-Aα,25,59,B3,6,6,L4,L,False,59,True,R4,False,3.6184052977921736e-06,False,0.45412492752075195,valid,False,4.884343461942828e-05,5.950339699685858e-05,1.4673357043637425e-05,3.6184052977921736e-06,8.573006572094155e-07,0.0023590951259941867,0.0822012271934766,0.3792812917274945,0.5223187973311384,0.013712092727281503
P13,10,A,alpha,1799551287-α-1,P13-T10-Aα,26,60,C4,7,7,L5,L,False,60,True,R2,False,2.4232852396893207e-07,False,0.45928502082824707,valid,False,1.3449136314075419e-05,1.750591919784133e-05,3.828752620592882e-06,1.02279498745462e-06,2.4232852396893207e-07,0.03498025588115094,0.7921761546999632,0.16646478484757946,0.0060181733595680775,0.00032458228009427776
P13,10,A,alpha,1799551287-α-1,P13-T10-Aα,27,65,F4,10,10,R5,R,False,65,True,R1,False,0.00022634365508767418,False,0.42803406715393066,valid,False,5.616661180774447e-08,5.972852554164844e-08,1.4151345685970613e-08,3.4896788818485082e-09,8.605442173949835e-10,0.8577384044534054,0.13088239384728598,0.01011782948496217,0.0010348941625524311,0.00022634365508767418
P13,10,A,alpha,1799551287-α-1,P13-T10-Aα,28,60,C4,7,7,L5,L,False,60,True,R2,False,2.125570134785541e-07,False,0.40885472297668457,valid,False,1.2901752844905886e-05,1.598187027730155e-05,3.941080688491162e-06,9.71858532430816e-07,2.125570134785541e-07,0.051247464788487955,0.8833307388325435,0.0630356029612708,0.00218955799159747,0.00016262630674373455
P13,10,A,alpha,1799551287-α-1,P13-T10-Aα,29,59,B3,6,6,L4,L,False,59,True,R3,False,5.358813048357306e-06,False,0.3742671012878418,valid,False,5.6148863353015786e-05,7.815878826547463e-05,2.1731058496025365e-05,5.358813048357306e-06,1.2198678148090694e-06,0.004560321801435785,0.42453193193147354,0.5396858577521901,0.030295137629855223,0.0007641334940675836
P13,11,A,beta,1799551287-β-6,P13-T11-Aβ,0,64,E4,9,9,R4,R,False,64,True,R3,False,0.10105480191706784,False,0.6155016422271729,valid,False,5.9323073518198e-08,4.6116625315185345e-08,2.3363466015230018e-08,5.535453638034383e-09,1.117588815039988e-09,0.02797585432890441,0.32235807534658434,0.5422151958366718,0.10105480191706784,0.006395937114564433
P13,11,A,beta,1799551287-β-6,P13-T11-Aβ,1,62,D4,8,7,R2,R,False,60,False,R2,True,0.866758846518804,False,0.3734409809112549,valid,False,8.916529494589405e-06,7.94478763336014e-06,3.042002665396642e-06,8.126263006016534e-07,1.6406642052235203e-07,0.056604526136434116,0.866758846518804,0.07258518161805576,0.0036138033997119615,0.0004167623144795441
P13,11,A,beta,1799551287-β-6,P13-T11-Aβ,2,60,C4,7,7,L2,L,False,60,True,R2,False,1.1549573294637837e-05,False,0.32906198501586914,valid,False,1.055374856811738e-05,1.1549573294637837e-05,4.2488505693999815e-06,1.0477536506556011e-06,2.0324329746461013e-07,0.055279743381931666,0.8790952144202065,0.06273335056196935,0.0025571496318533503,0.00030693883465882966
P13,11,A,beta,1799551287-β-6,P13-T11-Aβ,3,59,B3,6,6,L3,L,False,59,True,R2,False,2.418288287976486e-05,False,0.3905789852142334,valid,False,5.6180075959445e-05,8.02899986896632e-05,2.418288287976486e-05,6.206797508897287e-06,1.3575003951012323e-06,0.0250110730294914,0.8270703723170241,0.1422932095773621,0.005144302465593638,0.0003128253550958124
P13,11,A,beta,1799551287-β-6,P13-T11-Aβ,4,57,A3,5,5,L4,L,False,57,True,R2,False,2.682505661123289e-05,False,0.4916691780090332,valid,False,0.0002086444114328294,0.0003470040318020096,0.00010451560588896297,2.682505661123289e-05,5.636912006022577e-06,0.017489157542603256,0.6661941335776239,0.2993403199414037,0.015511491245500855,0.000772271675127274
P13,11,A,beta,1799551287-β-6,P13-T11-Aβ,5,60,C4,7,7,R4,R,False,60,True,R2,False,0.03412858802657845,False,0.3679220676422119,valid,False,9.933090261554624e-05,0.000336308338393955,0.00010754298956908338,1.777673661179518e-05,2.5040030482667943e-06,0.006890443086640275,0.47825085286090335,0.47825085286090335,0.03412858802657845,0.001915800194735838
P13,11,A,beta,1799551287-β-6,P13-T11-Aβ,6,59,B3,6,6,L2,L,False,59,True,R3,False,0.000366085212672359,False,0.433455228805542,valid,False,8.544047050484854e-05,0.000366085212672359,0.00012544413372128144,2.743612319326743e-05,4.186480939619567e-06,0.0021470723807838275,0.07397960651699977,0.47537560116033917,0.43882698810448284,0.009062139416363135
P13,11,A,beta,1799551287-β-6,P13-T11-Aβ,7,64,E4,9,9,R2,R,False,64,True,R2,True,0.45931941622378103,False,0.39077091217041016,valid,False,1.828443731237383e-07,2.7734339232941613e-07,1.1503729980604251e-07,2.2314940281406122e-08,3.688634819247527e-09,0.017283388950190697,0.45931941622378103,0.45931941622378103,0.062162123290721,0.0019150540828857898
P13,11,A,beta,1799551287-β-6,P13-T11-Aβ,8,57,A3,5,5,L1,L,False,57,True,R3,False,0.00032004500993670297,False,0.3473663330078125,valid,False,0.00032004500993670297,0.0008298645103757045,0.00035826124214951205,7.83559922923641e-05,1.3480746023659779e-05,0.003735133162635867,0.296933191178619,0.6100294092998255,0.08592777930937126,0.001774479548770604
P13,11,A,beta,1799551287-β-6,P13-T11-Aβ,9,59,B3,6,6,L3,L,False,59,True,R2,False,6.93572199871788e-05,False,0.3231019973754883,valid,False,8.035588010357833e-05,0.00018114000684694642,6.93572199871788e-05,1.6432650679985137e-05,2.827153148489803e-06,0.022959639733551317,0.8384164815944328,0.13315514761244826,0.004813935648818057,0.0003046824999832093
P13,11,A,beta,1799551287-β-6,P13-T11-Aβ,10,57,A3,5,5,L2,L,False,57,True,R2,False,0.0038133986963700735,False,0.3564877510070801,valid,False,0.0006899392234403847,0.0038133986963700735,0.0012311064608219757,0.0002802462288958916,4.6324390064783146e-05,0.015397126681014322,0.8026456442226575,0.16866480224335603,0.00687514907301448,0.00035626278036468014
P13,11,A,beta,1799551287-β-6,P13-T11-Aβ,11,62,D4,8,8,R4,R,False,62,True,R2,False,0.003299811306029304,False,0.278209924697876,valid,False,2.9602490711560763e-06,6.1751666494827285e-06,2.099334869663584e-06,5.608064543350214e-07,9.270068340906893e-08,0.05647879663082066,0.8237485180995969,0.11603191549556009,0.003299811306029304,0.0004290702102650453
P13,11,A,beta,1799551287-β-6,P13-T11-Aβ,12,60,C4,7,7,R5,R,False,60,True,R2,False,0.00018742154989541068,False,0.4239537715911865,valid,False,1.0010255734738987e-05,1.5079864200972623e-05,4.920254994436677e-06,1.0761182541193032e-06,1.926963504623852e-07,0.02466494150127362,0.9028939262149731,0.06979798061388033,0.0024244509304429756,0.00018742154989541068
P13,11,A,beta,1799551287-β-6,P13-T11-Aβ,13,62,D4,8,8,R4,R,False,62,True,R2,False,0.0030233346890905246,False,0.7229781150817871,valid,False,1.068318337070944e-06,1.0142157998311312e-06,4.378476338151403e-07,1.1237831388226982e-07,1.9334111708539145e-08,0.02728563638234944,0.8856841736341404,0.08362649735596814,0.0030233346890905246,0.00037770584425541443
P13,11,A,beta,1799551287-β-6,P13-T11-Aβ,14,64,E4,9,9,R2,R,False,64,True,R2,True,0.9113509122545436,False,0.3511998653411865,valid,False,1.9690771444152638e-07,2.1070068579107996e-07,7.751245054326202e-08,1.9114334971642365e-08,3.4227303332619436e-09,0.03569205152590311,0.9113509122545436,0.05115846731808022,0.0015760599304736592,0.00022200131308345162
P13,11,A,beta,1799551287-β-6,P13-T11-Aβ,15,60,C4,7,7,L3,L,False,60,True,R2,False,2.066539919702177e-06,False,0.25063085556030273,valid,False,3.88507281135295e-06,5.397175020474262e-06,2.066539919702177e-06,4.896206714021679e-07,9.125255128030749e-08,0.0031208967904084793,0.4820849741086523,0.4820849741086523,0.03175722928206629,0.0009399960492464027
P13,11,A,beta,1799551287-β-6,P13-T11-Aβ,16,59,B3,6,6,L2,L,False,59,True,R4,False,1.4869211206058339e-05,False,0.4160959720611572,valid,False,1.4377011499984785e-05,1.4869211206058339e-05,7.5329950600619986e-06,1.7147935820791934e-06,3.326357315718717e-07,0.0011179955943679042,0.06302151224461229,0.4163546554045722,0.5085367244839716,0.010930285625396314
P13,11,A,beta,1799551287-β-6,P13-T11-Aβ,17,57,A3,5,5,L1,L,False,57,True,R2,False,0.0001870840916271835,False,0.441864013671875,valid,False,0.0001870840916271835,0.0002848651818823184,0.00011815720957785128,2.9137209149710218e-05,5.012907180345638e-06,0.008199586741750049,0.753147237593337,0.2268435886807772,0.01085103799701236,0.00033429238770595987
P13,11,A,beta,1799551287-β-6,P13-T11-Aβ,18,59,B3,6,6,L2,L,False,59,True,R1,False,5.186707888023931e-05,False,0.4352569580078125,valid,False,3.617485541638696e-05,5.186707888023931e-05,2.0670018539207828e-05,5.097163816385369e-06,8.769408546738014e-07,0.7970592295299881,0.1814407205151893,0.02010420488862048,0.0011746015593044252,0.00010655744939064991
P13,11,A,beta,1799551287-β-6,P13-T11-Aβ,19,62,D4,8,8,R3,R,False,62,True,R2,False,0.23166073649904653,False,0.2849080562591553,valid,False,7.331957129102173e-07,8.130434211640444e-07,3.509994009212993e-07,7.990069224982766e-08,1.3746503717489071e-08,0.1040918787577492,0.6554184972603158,0.23166073649904653,0.008375191630668508,0.00045170496648903413
P13,11,A,beta,1799551287-β-6,P13-T11-Aβ,20,57,A3,5,5,L2,L,False,57,True,R3,False,0.00035864497315029676,False,0.3725898265838623,valid,False,0.0001596260033464151,0.00035864497315029676,0.00012676474492095337,3.0034086894032372e-05,5.826013445872719e-06,0.003109859932702153,0.40935292753352776,0.5203895613085767,0.0650123783202077,0.001454377083228093
P13,11,A,beta,1799551287-β-6,P13-T11-Aβ,21,60,C4,7,7,R3,R,False,60,True,L3,False,0.002473487885594824,False,0.5128557682037354,valid,False,0.005068522118927524,0.05914284928204141,0.7246068660053383,0.1935680739568645,0.01327163769405117,0.0001626768375837336,0.001449278307275171,0.002473487885594824,0.0001990158625746921,5.7592049748642834e-05
P13,11,A,beta,1799551287-β-6,P13-T11-Aβ,22,62,D4,8,8,R4,R,False,62,True,R2,False,0.03026139719773955,False,0.34047603607177734,valid,False,1.2944431277000254e-06,1.8178021462142194e-06,5.475114848413018e-07,9.419653885107799e-08,1.6867411358657837e-08,0.012551910441231254,0.4781253231192121,0.4781253231192121,0.03026139719773955,0.0009322753018961035
P13,11,A,beta,1799551287-β-6,P13-T11-Aβ,23,64,E4,9,9,R2,R,False,64,True,R2,True,0.46937473792966494,False,0.4394540786743164,valid,False,1.6291970321899096e-07,1.8997871168948926e-07,5.955570077653555e-08,1.4110398701727671e-08,2.332433217758901e-09,0.02245248872023384,0.46937473792966494,0.46937473792966494,0.03776570683198569,0.0010318996915029974
P13,11,A,beta,1799551287-β-6,P13-T11-Aβ,24,67,G4,11,11,R4,R,False,67,True,R2,False,0.022839387750709667,False,0.6350710391998291,valid,False,3.252523444711748e-08,4.2266598323500783e-08,1.3790737020406375e-08,3.139291496434375e-09,5.621408354378094e-10,0.07582943777607297,0.6843616995835583,0.21453793554477857,0.022839387750709667,0.0024314470608783794
P13,11,A,beta,1799551287-β-6,P13-T11-Aβ,25,60,C4,7,7,R3,R,False,60,True,R4,False,0.2930837107957043,False,0.33960485458374023,valid,False,2.8592774786784324e-05,7.634404549355911e-05,2.733624697519147e-05,6.476715726613048e-06,8.765281573042007e-07,0.0017319002836093328,0.09879356193715029,0.2930837107957043,0.5558276535597954,0.050423547112601275
P13,11,A,beta,1799551287-β-6,P13-T11-Aβ,26,60,C4,7,7,L3,L,False,60,True,R2,False,2.966328479085684e-05,False,0.4271218776702881,valid,False,3.128279311156511e-05,8.673067099346888e-05,2.966328479085684e-05,7.613401721415904e-06,1.309846662391178e-06,0.02012886389724366,0.7980368703033017,0.17454014976147497,0.0068356721158199015,0.0003018439248800577
P13,11,A,beta,1799551287-β-6,P13-T11-Aβ,27,59,B3,6,6,L2,L,False,59,True,R2,False,0.0005755809516913834,False,0.3547670841217041,valid,False,0.0001753750226849916,0.0005755809516913834,0.0001898739842150391,5.27920499974419e-05,9.453269033392871e-06,0.020462733058275718,0.844382281455988,0.1288443816266081,0.0050460478461183365,0.0002614807353876177
P13,11,A,beta,1799551287-β-6,P13-T11-Aβ,28,62,D4,8,8,R2,R,False,62,True,R2,True,0.7909904499852899,False,0.2686278820037842,valid,False,4.8393250809275535e-06,1.0753776042599304e-05,3.9790423443001095e-06,1.021264099619163e-06,1.9033705083233157e-07,0.08420766028370613,0.7909904499852899,0.12069731641594056,0.0037183718373758933,0.0003654177330692071
P13,11,A,beta,1799551287-β-6,P13-T11-Aβ,29,60,C4,7,7,R1,R,False,60,True,R2,False,0.0046299327831516735,False,0.27484607696533203,valid,False,1.751910845909647e-05,5.380788135767382e-05,1.71208604485714e-05,4.221952206685636e-06,7.560087183176263e-07,0.0046299327831516735,0.4794033693858845,0.4794033693858845,0.03560700365229769,0.0008628989815911883
P13,12,A,gamma,1799551287-γ-1,P13-T12-Aγ,0,55,G3,4,4,L3,L,False,55,True,L3,True,0.673692067471937,False,0.9205060005187988,valid,False,0.011759512210403101,0.14688037972670429,0.673692067471937,0.14734446330152612,0.019159010618170977,0.0006596753735880419,0.00038013574488352653,0.00011000528524379778,1.2188933041562243e-05,2.5613345014830765e-06
P13,12,A,gamma,1799551287-γ-1,P13-T12-Aγ,1,60,C4,7,7,L5,L,False,60,True,R2,False,1.995610010292655e-07,False,0.33100008964538574,valid,False,4.10407972659981e-06,7.012709383670981e-06,3.555034188332203e-06,1.207273703872404e-06,1.995610010292655e-07,0.00739356037088372,0.5131711427831892,0.45514197406790896,0.022660184580003538,0.001617059540011096
P13,12,A,gamma,1799551287-γ-1,P13-T12-Aγ,2,57,A3,5,5,L2,L,False,57,True,R2,False,0.005067772135104332,False,0.36782312393188477,valid,False,0.0011497744961866006,0.005067772135104332,0.002129190978112156,0.0005464798107247679,7.105806530962771e-05,0.0042681679667174845,0.47141654387810045,0.47141654387810045,0.0427659440073898,0.0011685247842543735
P13,12,A,gamma,1799551287-γ-1,P13-T12-Aγ,3,48,C3,0,0,L4,L,False,48,True,L2,False,0.1374416620965482,False,0.8838229179382324,valid,False,0.03128690224728733,0.404721651840163,0.404721651840163,0.1374416620965482,0.02182813101403091,4.873049310684256e-10,1.5547195915192987e-10,2.8328837970427707e-10,2.3723482689222933e-11,1.2018719448451255e-11
P13,12,A,gamma,1799551287-γ-1,P13-T12-Aγ,4,64,E4,9,9,R2,R,False,64,True,R2,True,0.46720809831854004,False,0.3271200656890869,valid,False,2.959820397547534e-07,1.1488979706638493e-06,6.032220210407581e-07,1.3193182647295286e-07,1.4045264926333671e-08,0.009648232761856546,0.46720809831854004,0.46720809831854004,0.05176813290615404,0.004165243615786686
P13,12,A,gamma,1799551287-γ-1,P13-T12-Aγ,5,69,A4,12,12,R5,R,False,69,True,R2,False,0.002553980738441491,False,0.7265620231628418,valid,False,1.1960650663409268e-08,8.47654174425503e-09,1.4816610267520824e-09,2.4491692044337346e-10,4.745055948079542e-11,0.08559200798070876,0.6906638357323246,0.20802394969965612,0.013166203637648189,0.002553980738441491
P13,12,A,gamma,1799551287-γ-1,P13-T12-Aγ,6,53,F3,3,3,L2,L,False,53,True,L2,True,0.5525072339820202,False,0.4136848449707031,valid,False,0.023328132957934074,0.5525072339820202,0.37035667451785154,0.04445451477246525,0.009341497081422205,3.6223778949899625e-06,6.1333048834466085e-06,2.0182318482952684e-06,1.4990130103901827e-07,2.2872379007554432e-08
P13,12,A,gamma,1799551287-γ-1,P13-T12-Aγ,7,53,F3,3,3,L2,L,False,53,True,L2,True,0.7873717043901318,False,0.3000640869140625,valid,False,0.030836542834645778,0.7873717043901318,0.14674559516811583,0.028465716756713215,0.0053052688127602984,3.318480922941403e-05,0.0008509934885635395,0.00036374596343916743,2.5957373747029763e-05,1.2904026538889257e-06
P13,12,A,gamma,1799551287-γ-1,P13-T12-Aγ,8,65,F4,10,10,R2,R,False,65,True,R2,True,0.9230816997093623,False,0.5463659763336182,valid,False,4.911935304943344e-06,2.990596975891511e-06,4.749589142342306e-07,8.504906318814907e-08,1.3507273308346695e-08,0.019062398809136138,0.9230816997093623,0.053931663045162864,0.003279587807258508,0.0006361745815486984
P13,12,A,gamma,1799551287-γ-1,P13-T12-Aγ,9,50,D3,1,1,L4,L,False,50,True,L2,False,0.06420430392790362,False,1.0643329620361328,valid,False,0.015832586420605192,0.4558073525749084,0.4558073525749084,0.06420430392790362,0.008348402872591964,7.700419748092136e-10,5.775156755909922e-10,2.5097067126900476e-10,2.369670679694527e-11,6.857452964164979e-12
P13,12,A,gamma,1799551287-γ-1,P13-T12-Aγ,10,60,C4,7,7,L2,L,False,60,True,R3,False,0.00457364600551947,False,0.3574237823486328,valid,False,0.0006343337733482751,0.00457364600551947,0.0008803187204189943,0.00012868313029463276,2.2677082439177158e-05,0.0015228213255920628,0.1583688719209277,0.770906965629785,0.06063831441842688,0.002323367993247927
P13,12,A,gamma,1799551287-γ-1,P13-T12-Aγ,11,55,G3,4,4,L4,L,False,55,True,L3,False,0.15446748408074956,False,0.4340200424194336,valid,False,0.0021197491254049236,0.11497767107386334,0.71152421145428,0.15446748408074956,0.016905909933090785,1.7691134403786224e-06,2.0473019831273145e-06,1.0780617196323205e-06,6.823243263636478e-08,1.1623035527269106e-08
P13,12,A,gamma,1799551287-γ-1,P13-T12-Aγ,12,65,F4,10,10,R2,R,False,65,True,R2,True,0.487968505842183,False,0.38048481941223145,valid,False,2.5938600963749323e-06,2.7267615563176083e-06,3.7456352866531307e-07,5.715468845171168e-08,1.021781269941375e-08,0.005990955208216917,0.487968505842183,0.487968505842183,0.0169497124073054,0.0011165581424293983
P13,12,A,gamma,1799551287-γ-1,P13-T12-Aγ,13,67,G4,11,11,R5,R,False,67,True,R2,False,0.0017883263900394354,False,0.45034003257751465,valid,False,5.031698632775375e-07,2.805608857262855e-07,3.6480970293898295e-08,6.0302638308261095e-09,1.2671759497138688e-09,0.007856020691196767,0.483610680963745,0.483610680963745,0.02313346348211476,0.0017883263900394354
P13,12,A,gamma,1799551287-γ-1,P13-T12-Aγ,14,48,C3,0,0,L3,L,False,48,True,L4,True,0.45038777636069616,False,1.6242969036102295,valid,False,0.00022915298175154696,0.008124216572716402,0.45038777636069616,0.48529244414159173,0.055966409859486255,3.700111379300418e-11,3.015529797753622e-11,1.4411370654551643e-11,1.7298202887480503e-12,4.60212340253896e-13
P13,12,A,gamma,1799551287-γ-1,P13-T12-Aγ,15,50,D3,1,1,L5,L,False,50,True,L3,False,0.03456208102638229,False,0.675682783126831,valid,False,0.0006766792832690833,0.061343285757172725,0.6743960662853011,0.22902188662303605,0.03456208102638229,4.892821574295583e-10,3.269382204609352e-10,1.881206308859164e-10,1.5753828430825516e-11,4.743631769404512e-12
P13,12,A,gamma,1799551287-γ-1,P13-T12-Aγ,16,62,D4,8,8,R3,R,False,62,True,R3,True,0.5527910040585606,False,0.4682750701904297,valid,False,5.2547641473015667e-05,2.3121232382980396e-05,2.6717542466687963e-06,4.784207411171545e-07,1.238158870144165e-07,0.0027046702443863924,0.3856691967966929,0.5527910040585606,0.05654178932961533,0.0022143967060140823
P13,12,A,gamma,1799551287-γ-1,P13-T12-Aγ,17,53,F3,3,3,L4,L,False,53,True,L2,False,0.015130430755658356,False,0.5756349563598633,valid,False,0.03367339291243888,0.8598070449154535,0.08794468151760766,0.015130430755658356,0.0034442562814694148,7.905116001710352e-08,1.0070732678928861e-07,1.2581387705737834e-08,9.726009110085834e-10,3.0489694511502343e-10
P13,12,A,gamma,1799551287-γ-1,P13-T12-Aγ,18,71,B4,13,13,R1,R,False,71,True,R2,False,0.04107021079348331,False,0.5542600154876709,valid,False,1.3181958631468707e-08,4.621843347401438e-09,7.639855668597959e-10,1.5424602574716555e-10,2.992065059763716e-11,0.04107021079348331,0.7614945843543727,0.18041920511965542,0.011885070831064123,0.00513091014947038
P13,12,A,gamma,1799551287-γ-1,P13-T12-Aγ,19,62,D4,8,8,L2,L,False,62,True,R2,False,0.00014016785808345904,False,0.3095371723175049,valid,False,0.00016435661932487616,0.00014016785808345904,2.7253064070776487e-05,4.6887496968176125e-06,7.748654137726892e-07,0.010149360298975275,0.7631164789214684,0.2121748457306719,0.01290236565637812,0.0013197082359164302
P13,12,A,gamma,1799551287-γ-1,P13-T12-Aγ,20,72,C5,14,14,R3,R,False,72,True,R2,True,0.44456897385561855,False,0.7272429466247559,valid,False,8.889083355584038e-10,2.0041115906973842e-10,2.049889642238956e-11,4.13865581041356e-12,1.1055810696475473e-12,0.018076381388571414,0.44456897385561855,0.44456897385561855,0.06783682673685819,0.024948843048270903
P13,12,A,gamma,1799551287-γ-1,P13-T12-Aγ,21,60,C4,7,7,L4,L,False,60,True,R2,False,7.108779533080414e-05,False,0.325009822845459,valid,False,0.0010030288548748812,0.002543055809196241,0.00046587421234287453,7.108779533080414e-05,9.6100037150185e-06,0.006755502319060894,0.8537763563687658,0.12598468955637213,0.008637907691132396,0.0007528873892090957
P13,12,A,gamma,1799551287-γ-1,P13-T12-Aγ,22,62,D4,8,8,R5,R,False,62,True,R2,False,0.001453236761925646,False,0.4367978572845459,valid,False,9.835070445865362e-05,6.417082045003986e-05,9.79183227897758e-06,1.9769368419132453e-06,3.6844957960616605e-07,0.004111522172721205,0.4800034629085636,0.4800034629085636,0.034253656504616765,0.001453236761925646
P13,12,A,gamma,1799551287-γ-1,P13-T12-Aγ,23,57,A3,5,5,R3,R,False,57,True,L2,False,1.969084964408121e-05,False,0.46222877502441406,valid,False,0.0377698054050122,0.9274127906274673,0.0285711870378911,0.005116132404133945,0.0008456909983977739,0.00015280973881580802,0.0001099641103231516,1.969084964408121e-05,1.5221960208437384e-06,4.066322936793078e-07
P13,12,A,gamma,1799551287-γ-1,P13-T12-Aγ,24,57,A3,5,5,L1,L,False,57,True,L2,False,0.038518696619284754,False,0.34998393058776855,valid,False,0.038518696619284754,0.9310098709878352,0.024441191368623424,0.004040101760044487,0.0006950787571381208,0.00046723276769080864,0.0006678243292374289,0.00014606111920011526,1.175202021223786e-05,2.1902707334502773e-06
P13,12,A,gamma,1799551287-γ-1,P13-T12-Aγ,25,59,B3,6,6,R5,R,False,59,True,L2,False,2.276337397059659e-05,False,0.40873193740844727,valid,False,0.009171165820074155,0.9508892130352421,0.023043818613510583,0.003118641718912584,0.0004220622603425512,0.002589914160770732,0.008823314212814078,0.0017813964167399151,0.00013771038762270342,2.276337397059659e-05
P13,12,A,gamma,1799551287-γ-1,P13-T12-Aγ,26,69,A4,12,12,R1,R,False,69,True,R2,False,0.04498114544464364,False,0.6654279232025146,valid,False,1.2414734925232298e-08,3.260992947738522e-09,5.610370876216033e-10,1.0882999798359737e-10,3.0258798847685934e-11,0.04498114544464364,0.8015290181787197,0.14352671372454456,0.007437398890565709,0.0025257073856727492
P13,12,A,gamma,1799551287-γ-1,P13-T12-Aγ,27,71,B4,13,13,R1,R,False,71,True,R2,False,0.04316765817772568,False,0.41878604888916016,valid,False,2.725702784531604e-08,2.40067190097796e-08,3.821343718517657e-09,7.412644161260887e-10,9.638565644892448e-11,0.04316765817772568,0.7690004553021257,0.1750534860110754,0.009441279975358582,0.0033370646109741674
P13,12,A,gamma,1799551287-γ-1,P13-T12-Aγ,28,62,D4,8,8,L3,L,False,62,True,R3,False,4.028219296421805e-05,False,0.5810220241546631,valid,False,0.00010583920620586269,0.00021242636116625724,4.028219296421805e-05,6.930344403022739e-06,8.658093968788888e-07,0.002382509229452298,0.3986780625360923,0.5275028300664327,0.06859051297825962,0.002479741275626757
P13,12,A,gamma,1799551287-γ-1,P13-T12-Aγ,29,65,F4,10,10,R4,R,False,65,True,R2,False,0.015078736750519491,False,0.39432501792907715,valid,False,3.210246794174888e-06,9.427452966671249e-07,1.4972438149107815e-07,3.5473862126748064e-08,6.103095778874052e-09,0.008964618835617156,0.5743767783260623,0.4007290804830421,0.015078736750519491,0.0008464413113287483
P13,13,A,gamma,1799551287-γ-3,P13-T13-Aγ,0,60,C4,7,7,R3,R,False,60,True,R3,True,0.5331103312404418,False,0.6380569934844971,valid,False,0.00019190384080184836,0.0006997351382422157,0.00011517856718110671,2.06245823470859e-05,4.141155140684411e-06,0.011009168253011244,0.37193845729034186,0.5331103312404418,0.07815768614346588,0.004752773789026291
P13,13,A,gamma,1799551287-γ-3,P13-T13-Aγ,1,59,B3,6,6,L5,L,False,59,True,L4,False,0.025694671400076953,False,0.6034328937530518,valid,False,0.0022334674804589346,0.013865515314349248,0.29486639055631636,0.6619745721184466,0.025694671400076953,8.420902808411645e-05,0.0002741072135403064,0.0007079194701450287,0.00029362931946736196,5.5180991151982125e-06
P13,13,A,gamma,1799551287-γ-3,P13-T13-Aγ,2,62,D4,8,8,L2,L,False,62,True,R2,False,0.0003765129858194467,False,0.43654799461364746,valid,False,0.00010829760916704234,0.0003765129858194467,5.640134397727669e-05,9.323079453647106e-06,1.2243040413594694e-06,0.0036137199853068804,0.4756763607634373,0.4756763607634373,0.04315238587661523,0.0013294132887447679
P13,13,A,gamma,1799551287-γ-3,P13-T13-Aγ,3,53,F3,3,3,L2,L,False,53,True,L2,True,0.8691398995708047,False,0.4404151439666748,valid,False,0.04327192760117006,0.8691398995708047,0.06718863434523667,0.016568513240918112,0.0037716180541191905,2.2210665997783675e-05,2.851789489047046e-05,7.96661257453944e-06,6.409905148733238e-07,7.102377352826275e-08
P13,13,A,gamma,1799551287-γ-3,P13-T13-Aγ,4,69,A4,12,12,R3,R,False,69,True,R2,True,0.45684199206255655,False,0.5557587146759033,valid,False,6.823466846388188e-08,1.9684827053608823e-08,5.696478282174065e-09,1.1050030980852716e-09,2.1434854769814748e-10,0.02609155260826406,0.45684199206255655,0.45684199206255655,0.05483548827968665,0.005388880051610748
P13,13,A,gamma,1799551287-γ-3,P13-T13-Aγ,5,62,D4,8,8,L2,L,False,62,True,R2,False,0.000395911549028928,False,0.2915310859680176,valid,False,0.0003023549650914332,0.000395911549028928,6.041218513669584e-05,1.1259259145154954e-05,1.7881665573043182e-06,0.029768046296455138,0.8233945960021052,0.13610621128681039,0.008965963244426754,0.0009934570452430822
P13,13,A,gamma,1799551287-γ-3,P13-T13-Aγ,6,60,C4,7,7,R2,R,False,60,True,R2,True,0.8958700487337093,False,0.299699068069458,valid,False,0.000875464342108858,0.0010809014485376723,0.00016493486634513242,3.0739566828271005e-05,5.729055291514013e-06,0.025477491282625893,0.8958700487337093,0.07208135181979872,0.0040462695891681525,0.000367069295586527
P13,13,A,gamma,1799551287-γ-3,P13-T13-Aγ,7,57,A3,5,5,L4,L,False,57,True,L2,False,0.012471418901751678,False,0.41323399543762207,valid,False,0.028172866786873994,0.8656143953518316,0.09215201389830724,0.012471418901751678,0.001496964720625817,7.616486245153941e-05,1.3890356431132961e-05,2.036422959276172e-06,2.0829390692687068e-07,4.0404860874609526e-08
P13,13,A,gamma,1799551287-γ-3,P13-T13-Aγ,8,57,A3,5,5,R4,R,False,57,True,L2,False,0.00011051783363612112,False,0.44374585151672363,valid,False,0.012396592287595343,0.8604208408028731,0.09922813760926286,0.0129025068161995,0.0016119129144414595,0.003269948166678525,0.008499973680499942,0.0015487089050285965,0.00011051783363612112,1.0860983784647951e-05
P13,13,A,gamma,1799551287-γ-3,P13-T13-Aγ,9,52,E3,2,2,L2,L,False,52,True,L3,False,0.1844459688145954,False,0.5836930274963379,valid,False,0.0022012881320108177,0.1844459688145954,0.6783492113468963,0.1214693802146881,0.013533611049245544,3.2360190784206467e-07,1.7667793001080917e-07,3.71577652775917e-08,2.44775866269527e-09,5.572021236974039e-10
P13,13,A,gamma,1799551287-γ-3,P13-T13-Aγ,10,64,E4,9,9,R2,R,False,64,True,R2,True,0.47184690086890074,False,0.42442989349365234,valid,False,1.693416040956259e-05,0.00012374198085155646,1.81113512477647e-05,1.705086393919608e-06,2.9094382168248735e-07,0.019972911095408333,0.47184690086890074,0.47184690086890074,0.033671593882250994,0.002500909761814655
P13,13,A,gamma,1799551287-γ-3,P13-T13-Aγ,11,55,G3,4,4,L5,L,False,55,True,L3,False,0.009028414278431724,False,0.4386718273162842,valid,False,0.002141424272314705,0.15844654012874426,0.7586923527174628,0.07163590128091057,0.009028414278431724,8.61459191832772e-06,1.9815612141669266e-05,1.878969476972373e-05,7.840343729957796e-06,3.0707957648868954e-07
P13,13,A,gamma,1799551287-γ-3,P13-T13-Aγ,12,52,E3,2,2,L2,L,False,52,True,L4,False,0.01805408353763009,False,0.7535300254821777,valid,False,0.0004146339044751736,0.01805408353763009,0.394768758592588,0.5058406674703078,0.08091787408518261,4.741408231690294e-07,1.9009177623970233e-06,1.288430584705179e-06,3.054335648333251e-07,1.3487081363372307e-08
P13,13,A,gamma,1799551287-γ-3,P13-T13-Aγ,13,55,G3,4,4,L5,L,False,55,True,L3,False,0.013814018955293555,False,0.5266709327697754,valid,False,0.0025926720162283367,0.0922395881744939,0.7812761472773107,0.11000442015701206,0.013814018955293555,1.3202408531894503e-05,3.58638580488357e-05,2.1948174021792965e-05,1.9910934256969104e-06,1.4788563328554552e-07
P13,13,A,gamma,1799551287-γ-3,P13-T13-Aγ,14,59,B3,6,6,L3,L,False,59,True,R3,False,0.001971775302135951,False,0.49434876441955566,valid,False,0.0015373378700984817,0.022027600854193106,0.001971775302135951,0.00033923381334563377,4.786676147099335e-05,0.0029415430939254876,0.43656370320584886,0.4922242008784276,0.04122044229610055,0.00112629592445329
P13,13,A,gamma,1799551287-γ-3,P13-T13-Aγ,15,55,G3,4,4,L5,L,False,55,True,L2,False,0.002748253977161352,False,0.40580201148986816,valid,False,0.012563242904730033,0.8379561671723994,0.1278638201684695,0.018745726241280708,0.002748253977161352,4.3046652406436005e-05,5.882821179046509e-05,1.927330680744843e-05,1.431497460611875e-06,2.0986749399761762e-07
P13,13,A,gamma,1799551287-γ-3,P13-T13-Aγ,16,50,D3,1,1,L3,L,False,50,True,L4,True,0.4096498405687588,False,0.8789441585540771,valid,False,0.0002693576430267302,0.020866274527074218,0.4096498405687588,0.5003474451505558,0.06886677949672904,1.3389594172721116e-07,1.2465514171847543e-07,4.0887046662299676e-08,2.693424158099873e-09,4.823010886826998e-10
P13,13,A,gamma,1799551287-γ-3,P13-T13-Aγ,17,71,B4,13,13,R5,R,False,71,True,R2,False,0.005025825689962846,False,0.7901771068572998,valid,False,6.092513259593104e-08,2.730840265470728e-07,4.9352181705220487e-08,5.840074585521499e-09,7.11100119661896e-10,0.03164530375010174,0.4615497075717201,0.4615497075717201,0.0402290655039796,0.005025825689962846
P13,13,A,gamma,1799551287-γ-3,P13-T13-Aγ,18,64,E4,9,9,R1,R,False,64,True,R3,False,0.0023541352422391353,False,0.4123079776763916,valid,False,1.5979275595331133e-05,0.0003270486693428017,7.665804675535814e-05,8.538131700340475e-06,9.413876340389553e-07,0.0023541352422391353,0.3301525576758729,0.5688482280269572,0.09034301142072404,0.007872902123178744
P13,13,A,gamma,1799551287-γ-3,P13-T13-Aγ,19,69,A4,12,12,R5,R,False,69,True,R2,False,0.0011902138941992536,False,0.5436937808990479,valid,False,2.887745080501081e-07,1.0814684706756922e-07,1.7189418627696935e-08,2.622935206299627e-09,4.329862775467775e-10,0.0518722227869314,0.8878328031117133,0.05619250811663708,0.0029118349238237413,0.0011902138941992536
P13,13,A,gamma,1799551287-γ-3,P13-T13-Aγ,20,59,B3,6,6,L3,L,False,59,True,R2,False,0.016828598285653234,False,0.49886202812194824,valid,False,0.000657420283506755,0.037420213474167414,0.016828598285653234,0.0021915640422233698,0.0002644499113511826,0.0063881278155986055,0.8476496699433514,0.08330157240168676,0.005065573834525699,0.0002328100079356498
P13,13,A,gamma,1799551287-γ-3,P13-T13-Aγ,21,64,E4,9,9,R3,R,False,64,True,L3,False,0.0013379998689433167,False,0.6570107936859131,valid,False,0.002798037436647717,0.09286769666389161,0.7433565910884234,0.133110001290823,0.010290034100194365,0.0028975112669158516,0.01308119710665037,0.0013379998689433167,0.00020416554150475767,5.6765636005547316e-05
P13,13,A,gamma,1799551287-γ-3,P13-T13-Aγ,22,53,F3,3,3,L5,L,False,53,True,L2,False,0.0031899497005049666,False,0.38533687591552734,valid,False,0.020085640339980036,0.8288217789127477,0.1264700028979048,0.020085640339980036,0.0031899497005049666,8.505846424293291e-05,0.0009114770302479403,0.00032628147457861674,2.237088703921882e-05,1.799952773813759e-06
P13,13,A,gamma,1799551287-γ-3,P13-T13-Aγ,23,65,F4,10,10,R5,R,False,65,True,R2,False,0.00027185989730449227,False,0.5429668426513672,valid,False,2.43518547997118e-06,1.4924556839738052e-06,2.198712459038886e-07,3.937149704050999e-08,5.7477318515448294e-09,0.04199420242156202,0.9137267545957004,0.04199420242156202,0.0020087880322324173,0.00027185989730449227
P13,13,A,gamma,1799551287-γ-3,P13-T13-Aγ,24,71,B4,13,13,R2,R,False,71,True,R2,True,0.47060824253827394,False,0.5232219696044922,valid,False,1.1356855996207194e-08,9.83425570231164e-09,1.390323632334989e-09,2.1214963009429114e-10,3.2344278497845007e-11,0.012858769000523936,0.47060824253827394,0.47060824253827394,0.03941025222042955,0.006514470876569314
P13,13,A,gamma,1799551287-γ-3,P13-T13-Aγ,25,67,G4,11,11,R5,R,False,67,True,R3,False,0.0039339368345857545,False,0.6078388690948486,valid,False,2.3920608347359006e-07,2.9705688273305265e-07,3.753039813435391e-08,5.726767420419006e-09,9.447485156450844e-10,0.006058910467842317,0.29578731437996636,0.34710962892636266,0.34710962892636266,0.0039339368345857545
P13,13,A,gamma,1799551287-γ-3,P13-T13-Aγ,26,69,A4,12,12,R5,R,False,69,True,R2,False,0.0018320912458734166,False,0.4012887477874756,valid,False,1.0960288636258977e-07,1.318538919864594e-07,1.684806361959808e-08,2.570847809513172e-09,3.911043728100498e-10,0.04258397986174241,0.8360807284149268,0.11315122218870757,0.006351717021955469,0.0018320912458734166
P13,13,A,gamma,1799551287-γ-3,P13-T13-Aγ,27,60,C4,7,7,L1,L,False,60,True,R3,False,0.0002245432695782554,False,0.4664440155029297,valid,False,0.0002245432695782554,0.0011974009385737371,0.00015571633545863895,2.282909889566158e-05,3.4251664284558554e-06,0.0018594499358901004,0.28722925953683554,0.639240472959813,0.06805258468998789,0.002014318068538777
P13,13,A,gamma,1799551287-γ-3,P13-T13-Aγ,28,59,B3,6,6,L1,L,False,59,True,R2,False,0.0011566215745940456,False,0.47619104385375977,valid,False,0.0011566215745940456,0.017519185088069513,0.0027915420213510764,0.0004092594954094984,4.783837180116123e-05,0.008214529980402646,0.8511549049510226,0.1106745750486306,0.007588197950018464,0.00044334551870028866
P13,13,A,gamma,1799551287-γ-3,P13-T13-Aγ,29,71,B4,13,13,R5,R,False,71,True,R2,False,0.006668439949920516,False,0.5471289157867432,valid,False,2.0169497943315483e-08,2.0510406904712973e-07,9.920137303656004e-08,1.7952322927553594e-08,1.6227500002250498e-09,0.019593936535620103,0.46406592836366606,0.46406592836366606,0.04560542273711425,0.006668439949920516
P13,14,C,alpha,1799551287-α-4,P13-T14-Cα,0,60,C4,7,7,R1,R,False,60,True,R1,True,0.7538420619883539,False,0.8733160495758057,valid,False,5.3166578426200226e-05,0.001550491355619591,0.0036798225299931866,0.0015510741354463214,0.0001663314201570944,0.7538420619883539,0.20959621188331137,0.027253525236188396,0.0019448461607414098,0.0003624687117623581
P13,14,C,alpha,1799551287-α-4,P13-T14-Cα,1,62,D4,8,8,R2,R,False,62,True,R2,True,0.8390766858884289,False,0.42294883728027344,valid,False,1.937005710863915e-05,0.000428230505463826,0.0005986307962339212,0.000208972410955594,2.0212471512726662e-05,0.0552739706278203,0.8390766858884289,0.09676662036029943,0.006634624708751699,0.0009726821734250458
P13,14,C,alpha,1799551287-α-4,P13-T14-Cα,2,59,B3,6,6,L2,L,False,59,True,L2,True,0.8190102270544913,False,0.6268937587738037,valid,False,0.014997695800775918,0.8190102270544913,0.1466570064587652,0.01760347931786082,0.0014163690233386082,0.00010946258438650193,0.00010674227244612923,8.964450013691785e-05,8.132365576073643e-06,1.2406222225756967e-06
P13,14,C,alpha,1799551287-α-4,P13-T14-Cα,3,57,A3,5,5,L4,L,False,57,True,L4,True,0.6968545765737985,False,0.49026012420654297,valid,False,0.004334372063632213,0.01714792249805287,0.24461280209805,0.6968545765737985,0.03700310566282901,1.8065950885108636e-05,1.7805260828903553e-05,1.0322562423075257e-05,8.305493132081347e-07,1.96780187253379e-07
P13,14,C,alpha,1799551287-α-4,P13-T14-Cα,4,55,G3,4,4,L5,L,False,55,True,L5,True,0.8357713178920632,False,1.1297290325164795,valid,False,0.00467856301354865,0.0019260368617241134,0.012296939503059288,0.14530584751376846,0.8357713178920632,7.85028510201281e-06,8.575719134189325e-06,4.375891679307374e-06,4.131726690430447e-07,8.014725181441046e-08
P13,14,C,alpha,1799551287-α-4,P13-T14-Cα,5,57,A3,5,5,L4,L,False,57,True,L4,True,0.6528208301633847,False,0.5901129245758057,valid,False,0.0009531187446411898,0.0072409138825633886,0.30402313032596995,0.6528208301633847,0.034740591019668705,7.586105679366943e-05,9.975377867226433e-05,4.2481045621558366e-05,2.798428448096981e-06,5.2155423653363e-07
P13,14,C,alpha,1799551287-α-4,P13-T14-Cα,6,59,B3,6,6,L5,L,False,59,True,L5,True,0.925091131818559,False,0.9908018112182617,valid,False,0.0036304287845343552,0.0009310242722953034,0.005493084878456001,0.06365492766884329,0.925091131818559,0.00046766841171117337,0.0005184303774296005,0.00019986607805346353,1.077951455568405e-05,2.658195562196041e-06
P13,14,C,alpha,1799551287-α-4,P13-T14-Cα,7,62,D4,8,8,R2,R,False,62,True,R2,True,0.8314988065943621,False,0.4830200672149658,valid,False,0.004401106548895915,0.0019026161561818658,0.00022837411565871768,2.530457330319082e-05,2.6938870278128634e-06,0.04139788793171079,0.8314988065943621,0.11253112650135345,0.007122293991773091,0.0008897896997329008
P13,14,C,alpha,1799551287-α-4,P13-T14-Cα,8,64,E4,9,9,R3,R,False,64,True,R2,True,0.4796213658853224,False,0.3839280605316162,valid,False,1.4940656471249852e-05,0.0002099085221169801,0.00011624007406926466,2.1446549822547992e-05,2.2166509388556862e-06,0.011623128758971354,0.4796213658853224,0.4796213658853224,0.026923431624155846,0.0018459553928091591
P13,14,C,alpha,1799551287-α-4,P13-T14-Cα,9,65,F4,10,10,R2,R,False,65,True,R2,True,0.8613919920471966,False,0.4946103096008301,valid,False,8.373521443928278e-06,9.854714029105106e-05,6.555765788219467e-05,1.212762401107388e-05,1.2635511926387878e-06,0.041204590750765054,0.8613919920471966,0.09170250315760978,0.0051476982660488245,0.0003673462835584514
P13,14,C,alpha,1799551287-α-4,P13-T14-Cα,10,64,E4,9,9,R3,R,False,64,True,R3,True,0.5026176279912469,False,0.39947080612182617,valid,False,1.6568568853727088e-05,0.0002877342876378147,0.00022306904688641603,4.2347131825909766e-05,4.630933856219501e-06,0.004663795950014321,0.46397454838079705,0.5026176279912469,0.027108021979726577,0.0010616557291550474
P13,14,C,alpha,1799551287-α-4,P13-T14-Cα,11,59,B3,6,6,L5,L,False,59,True,L5,True,0.9031941375710681,False,0.9382181167602539,valid,False,0.0029411748100009083,0.0006800335963281636,0.00760769599525486,0.08527979205905206,0.9031941375710681,1.6610616452933217e-05,0.00013193300697291108,0.00011607407110894417,2.9545864131741022e-05,3.0024096294595424e-06
P13,14,C,alpha,1799551287-α-4,P13-T14-Cα,12,57,A3,5,5,L4,L,False,57,True,L4,True,0.661064560511631,False,0.5002291202545166,valid,False,0.002097214027192582,0.010293132504823176,0.2912075630121016,0.661064560511631,0.035104058447622995,5.638077305601332e-05,0.00013502319385469901,3.789214633962542e-05,3.875768129097645e-06,2.996152492383073e-07
P13,14,C,alpha,1799551287-α-4,P13-T14-Cα,13,59,B3,6,6,L5,L,False,59,True,L5,True,0.8341659918495662,False,0.8058972358703613,valid,False,0.0011935387427774054,0.0009161061866559528,0.011778715916640087,0.14983672749960786,0.8341659918495662,0.0005263217535339588,0.0011669518953014292,0.00037025342089758834,4.1025248429911335e-05,4.36748658963565e-06
P13,14,C,alpha,1799551287-α-4,P13-T14-Cα,14,64,E4,9,9,R3,R,False,64,True,R2,True,0.46684654503537637,False,0.45383501052856445,valid,False,0.00016737420899563094,0.006167780666714152,0.0011046339611143247,0.00011780408387477986,1.1097174894682152e-05,0.009260856416769225,0.46684654503537637,0.46684654503537637,0.04775102851683291,0.0017263349000517334
P13,14,C,alpha,1799551287-α-4,P13-T14-Cα,15,62,D4,8,8,R5,R,False,62,True,R5,True,0.6433583078977898,False,0.741004228591919,valid,False,0.00019763882842299511,0.005300857614516876,0.004456207053717913,0.0007326080411270895,6.644644565191624e-05,0.0005554692385612318,0.008468419234801733,0.047784523601487994,0.2890795220439224,0.6433583078977898
P13,14,C,alpha,1799551287-α-4,P13-T14-Cα,16,64,E4,9,9,R3,R,False,64,True,R2,True,0.46322591603041685,False,0.5105581283569336,valid,False,0.00014857591046368312,0.0022037677351205245,0.0004051073957163213,3.526647040244439e-05,4.245969388038472e-06,0.013361807364385183,0.46322591603041685,0.46322591603041685,0.0534215848341752,0.003967812259514786
P13,14,C,alpha,1799551287-α-4,P13-T14-Cα,17,59,B3,6,6,L5,L,False,59,True,L5,True,0.9262147188018245,False,0.8017301559448242,valid,False,0.0016804906539891352,0.0012274955964034584,0.004767026903495511,0.06450054595480567,0.9262147188018245,0.0006481694428336633,0.000742309335303164,0.00020010882919005237,1.5469361100949595e-05,3.665121053892389e-06
P13,14,C,alpha,1799551287-α-4,P13-T14-Cα,18,62,D4,8,8,R4,R,False,62,True,R4,True,0.5581747824387896,False,0.6147420406341553,valid,False,0.00026592606341293337,0.007960530764474125,0.017132820035788216,0.0028938312155613885,0.00021077753154735376,0.0019269740972504658,0.06589963387589128,0.3188344949408769,0.5581747824387896,0.026700229036407716
P13,14,C,alpha,1799551287-α-4,P13-T14-Cα,19,64,E4,9,9,R5,R,False,64,True,R5,True,0.6118828213425139,False,0.7113189697265625,valid,False,0.0002449987696080818,0.003145406412356394,0.0010663252436606877,9.452608771790607e-05,9.964373015028104e-06,0.0008602531558284895,0.0125735511635421,0.0601319188230418,0.3099902346287158,0.6118828213425139
P13,14,C,alpha,1799551287-α-4,P13-T14-Cα,20,59,B3,6,6,L5,L,False,59,True,L5,True,0.9029060511161208,False,0.6397411823272705,valid,False,0.0023942361655156044,0.00221435531100995,0.006578654323207773,0.08190978896988015,0.9029060511161208,0.0004232092033888943,0.0025248022681883856,0.0008569450402465364,0.0001597122543979991,3.224534804403262e-05
P13,14,C,alpha,1799551287-α-4,P13-T14-Cα,21,64,E4,9,9,R5,R,False,64,True,R5,True,0.4843277960314276,False,0.601280927658081,valid,False,0.00028523501239765577,0.004610340500274301,0.0012998143234343618,0.0001499822900790734,1.500261626057026e-05,0.0012528827681954741,0.01528317702724965,0.08005884621880631,0.4127169232118751,0.4843277960314276
P13,14,C,alpha,1799551287-α-4,P13-T14-Cα,22,65,F4,10,10,R3,R,False,65,True,R3,True,0.5299125342334308,False,0.45464491844177246,valid,False,7.299441111193293e-05,0.0008467970941349391,0.00016403358808694216,1.8924686658296385e-05,1.958600046951064e-06,0.01886533155780645,0.4004992777672275,0.5299125342334308,0.04618762768416214,0.003430520377334149
P13,14,C,alpha,1799551287-α-4,P13-T14-Cα,23,57,A3,5,5,L4,L,False,57,True,L4,True,0.6492783497595753,False,0.5147390365600586,valid,False,0.000775866791818928,0.016487571050407053,0.2779200208636728,0.6492783497595753,0.05527761643870547,0.00011544607478980765,0.00012441425875697143,1.8984384901390603e-05,1.4675829472776985e-06,2.6279442510961337e-07
P13,14,C,alpha,1799551287-α-4,P13-T14-Cα,24,59,B3,6,6,L3,L,False,59,True,L3,True,0.7461916456176746,False,0.4619920253753662,valid,False,0.003799929313398328,0.1321391671968433,0.7461916456176746,0.10510737690618166,0.008841789219990234,0.0011313231755849728,0.002351006601734048,0.0003886727553960652,4.137752023242823e-05,7.71169296436878e-06
P13,14,C,alpha,1799551287-α-4,P13-T14-Cα,25,57,A3,5,5,L2,L,False,57,True,L2,True,0.8090812784757616,False,0.5972397327423096,valid,False,0.01669442322802908,0.8090812784757616,0.1507916948085768,0.019607249687132264,0.002991872303361142,0.00029449763879135955,0.0004369530910997385,9.217183980715038e-05,8.361640658224276e-06,1.4972867828883459e-06
P13,14,C,alpha,1799551287-α-4,P13-T14-Cα,26,59,B3,6,6,L3,L,False,59,True,L3,True,0.6782819860994449,False,0.5766298770904541,valid,False,0.0064599304190375755,0.193286728060753,0.6782819860994449,0.10772299920700398,0.009772410010256406,0.0012023346030221374,0.0026610821077116386,0.0005485719182436577,5.3910129367666946e-05,1.0047445159051054e-05
P13,14,C,alpha,1799551287-α-4,P13-T14-Cα,27,57,A3,5,5,L4,L,False,57,True,L4,True,0.6655608836891118,False,0.7564706802368164,valid,False,0.0010914418030056432,0.006661363609402183,0.2553621546067041,0.6655608836891118,0.07006229517260035,0.00038793071816833305,0.0007012872719125714,0.0001557707536058302,1.4131203949470282e-05,2.741171539739463e-06
P13,14,C,alpha,1799551287-α-4,P13-T14-Cα,28,55,G3,4,4,L5,L,False,55,True,L5,True,0.9117994835488413,False,0.7252979278564453,valid,False,0.00044534040246500974,0.00045850378312323767,0.007655782570067327,0.07947321934871182,0.9117994835488413,6.291002386193079e-05,8.790223070579831e-05,1.5228602154933267e-05,1.3273379303997474e-06,3.021521381803525e-07
P13,14,C,alpha,1799551287-α-4,P13-T14-Cα,29,53,F3,3,3,L4,L,False,53,True,L4,True,0.6773684475235976,False,0.7391421794891357,valid,False,0.0003621075159531046,0.005896607891717037,0.18094902477135547,0.6773684475235976,0.13540176782438307,8.76111489618713e-06,1.0528230151336326e-05,2.474332442617276e-06,2.3362702149377484e-07,4.7168482149055674e-08
P13,15,C,alpha,1799551287-α-2,P13-T15-Cα,0,57,A3,5,5,L5,L,False,57,True,L5,True,0.8583708365582265,False,1.240776777267456,valid,False,0.002988129293701349,0.0015360529574194191,0.010683428222714656,0.12579072269540406,0.8583708365582265,0.00010859504267559944,0.0002804331133286347,0.00017130554893453608,5.421075912887296e-05,1.6285808466232997e-05
P13,15,C,alpha,1799551287-α-2,P13-T15-Cα,1,59,B3,6,6,L4,L,False,59,True,L4,True,0.7241697625922731,False,0.5294220447540283,valid,False,0.0034042540598971474,0.00898879526936838,0.2060823871865584,0.7241697625922731,0.052725268033014215,0.0006414416717740635,0.0021547660575583303,0.0012865289965193396,0.00040971508277055436,0.00013708105026649577
P13,15,C,alpha,1799551287-α-2,P13-T15-Cα,2,60,C4,7,7,L2,L,False,60,True,L2,True,0.8223381471687669,False,0.4467339515686035,valid,False,0.017675008306105362,0.8223381471687669,0.12056049760031372,0.012331434858278542,0.0013663619294366415,0.0027365983672924376,0.01250438692944029,0.007656628435171316,0.0020665917819082938,0.0007643446232865174
P13,15,C,alpha,1799551287-α-2,P13-T15-Cα,3,59,B3,6,6,L4,L,False,59,True,L4,True,0.6900443409169966,False,0.6635069847106934,valid,False,0.005452611923299049,0.008774102989429555,0.2705291524309661,0.6900443409169966,0.022126054653774575,0.00042545740841284365,0.001526385825609706,0.0008357434942348678,0.00021870258886843576,6.744776840841844e-05
P13,15,C,alpha,1799551287-α-2,P13-T15-Cα,4,57,A3,5,5,L2,L,False,57,True,L2,True,0.8153444441815046,False,0.5448601245880127,valid,False,0.013354291305619223,0.8153444441815046,0.14744557209038478,0.01995458826083662,0.0028092731805291183,0.00018879951112358683,0.0005229279829417435,0.00029152889795404325,6.702703603170374e-05,2.154755307441473e-05
P13,15,C,alpha,1799551287-α-2,P13-T15-Cα,5,59,B3,6,6,L1,L,False,59,True,L1,True,0.8275647466953836,False,1.4804060459136963,valid,False,0.8275647466953836,0.16053104456242176,0.007377887477183496,0.000885579848860618,0.00013513072279380684,0.00018022543273767293,0.0014743872606118814,0.0012016043081102621,0.0005120738962914658,0.00013731979560552572
P13,15,C,alpha,1799551287-α-2,P13-T15-Cα,6,64,E4,9,9,R2,R,False,64,True,R2,True,0.8360537889514784,False,0.6119949817657471,valid,False,7.093464092073154e-05,2.7560145120702416e-05,2.5003937784439112e-06,3.9710610414622016e-07,7.969561142448206e-08,0.05732248481314834,0.8360537889514784,0.10035289781101969,0.00520017849971225,0.0009691779431060259
P13,15,C,alpha,1799551287-α-2,P13-T15-Cα,7,65,F4,10,10,R3,R,False,65,True,R2,True,0.4794655126177701,False,0.3746769428253174,valid,False,3.404592525794777e-05,6.956961485914064e-05,9.780858360185496e-06,1.2717924038593957e-06,2.1358568918618118e-07,0.015373910787650255,0.4794655126177701,0.4794655126177701,0.022935179812350208,0.002645002387889015
P13,15,C,alpha,1799551287-α-2,P13-T15-Cα,8,67,G4,11,11,R2,R,False,67,True,R2,True,0.8788828694720203,False,0.5732681751251221,valid,False,6.638706790031235e-06,1.3919611615601506e-05,2.310440232621758e-06,3.5478053599479333e-07,6.079238438809412e-08,0.0652777755469683,0.8788828694720203,0.05344492233282483,0.002011039262579119,0.00036010905404881296
P13,15,C,alpha,1799551287-α-2,P13-T15-Cα,9,69,A4,12,12,R1,R,False,69,True,R1,True,0.7634352252073328,False,0.6053810119628906,valid,False,9.017778309572667e-07,1.8376821293553448e-06,2.8132412236267336e-07,4.1577134638500634e-08,6.089457253877226e-09,0.7634352252073328,0.2122634690875231,0.021711200550305308,0.001969595677379664,0.0006174410267846388
P13,15,C,alpha,1799551287-α-2,P13-T15-Cα,10,67,G4,11,11,R3,R,False,67,True,R2,True,0.4804905049094989,False,0.5232501029968262,valid,False,2.5435342639494945e-06,6.442172195860931e-06,1.071140488941333e-06,1.713651306834562e-07,2.2098073095755245e-08,0.019585851970789166,0.4804905049094989,0.4804905049094989,0.01808002011214439,0.0013428677879160857
P13,15,C,alpha,1799551287-α-2,P13-T15-Cα,11,65,F4,10,10,R4,R,False,65,True,R3,True,0.4208060627115994,False,0.3938419818878174,valid,False,9.716477829021811e-06,3.4337401825332814e-05,7.393953209951528e-06,1.2384206468921032e-06,1.5617566653712542e-07,0.0034144835319603662,0.14030374106185964,0.4208060627115994,0.4208060627115994,0.0146168075538033
P13,15,C,alpha,1799551287-α-2,P13-T15-Cα,12,60,C4,7,7,L1,L,False,60,True,L1,True,0.5016370319767309,False,0.812391996383667,valid,False,0.5016370319767309,0.46306934417059586,0.03050457932963348,0.002880249188813303,0.0003897993397600723,8.941788333270507e-05,0.0007920192258136522,0.0005337371546467467,9.612333373127654e-05,7.698396942019198e-06
P13,15,C,alpha,1799551287-α-2,P13-T15-Cα,13,64,E4,9,9,R5,R,False,64,True,R4,True,0.4108487731206254,False,0.8064861297607422,valid,False,0.00012732268558792286,0.0006319676482398317,0.00012847745892316073,1.959695113843766e-05,2.846555053770806e-06,0.0005095030556076937,0.014748603286191896,0.10975221106987743,0.4632306981687544,0.4108487731206254
P13,15,C,alpha,1799551287-α-2,P13-T15-Cα,14,62,D4,8,8,R4,R,False,62,True,R4,True,0.6005441352452262,False,0.5554628372192383,valid,False,0.0002000154577642731,0.005486586785042255,0.0031776979388357936,0.0005421493336339727,6.346468131358072e-05,0.0016080125546251872,0.05805222507173287,0.2923162126341442,0.6005441352452262,0.03800950029768162
P13,15,C,alpha,1799551287-α-2,P13-T15-Cα,15,57,A3,5,5,L2,L,False,57,True,L2,True,0.9243900243834378,False,0.5853848457336426,valid,False,0.01834091005454255,0.9243900243834378,0.04985576251866481,0.00574962184690992,0.0011608286306771128,5.778957491081372e-05,0.0002699035056441283,0.00015094105039771321,2.2129008859572816e-05,2.0894259556338183e-06
P13,15,C,alpha,1799551287-α-2,P13-T15-Cα,16,59,B3,6,6,L1,L,False,59,True,L1,True,0.6895352440336789,False,0.6607048511505127,valid,False,0.6895352440336789,0.28600743622735914,0.02040985375175147,0.002005749509845248,0.00029405684243285064,0.00015498012970957946,0.0010067218075972754,0.000514797227571095,6.431372687969888e-05,6.846743174668491e-06
P13,15,C,alpha,1799551287-α-2,P13-T15-Cα,17,64,E4,9,9,R3,R,False,64,True,R3,True,0.4908232483459867,False,0.47321295738220215,valid,False,0.00020110745334383354,0.0001519937435228352,1.554655948195807e-05,2.103998030845642e-06,3.921304785877915e-07,0.004005858713559067,0.43532116977395635,0.4908232483459867,0.0664257033340184,0.003052875947621423
P13,15,C,alpha,1799551287-α-2,P13-T15-Cα,18,62,D4,8,8,R4,R,False,62,True,R4,True,0.5834294680035356,False,0.561730146408081,valid,False,0.0008244594146023259,0.0016692454206599027,0.0001957187825322305,2.5449060987360937e-05,3.882232569221567e-06,0.0009149005969675104,0.0655721715777773,0.3057304373770294,0.5834294680035356,0.041634267533339216
P13,15,C,alpha,1799551287-α-2,P13-T15-Cα,19,64,E4,9,9,R3,R,False,64,True,R3,True,0.46600233312781447,False,0.44116783142089844,valid,False,0.000151397686975445,0.00025670314346986966,3.032419533610902e-05,4.271418270745637e-06,5.551139176801369e-07,0.004173558931554864,0.46600233312781447,0.46600233312781447,0.0605936826429485,0.0027848406118980056
P13,15,C,alpha,1799551287-α-2,P13-T15-Cα,20,65,F4,10,10,R1,R,False,65,True,R1,True,0.778906402523921,False,0.6057868003845215,valid,False,4.805515981741108e-05,7.374832693312983e-05,7.734154477716249e-06,1.133880892624824e-06,1.305237759288217e-07,0.778906402523921,0.1999147224458887,0.01887599271356764,0.0017822754450668335,0.00038980482565916565
P13,15,C,alpha,1799551287-α-2,P13-T15-Cα,21,64,E4,9,9,R2,R,False,64,True,R2,True,0.8232320219652547,False,0.3645498752593994,valid,False,0.0002540242643812269,0.0005929338936227764,6.810109975337263e-05,8.85509821033414e-06,1.0190551555440185e-06,0.06623692475094684,0.8232320219652547,0.10284655119278732,0.006008878245590726,0.0007506904342970951
P13,15,C,alpha,1799551287-α-2,P13-T15-Cα,22,59,B3,6,6,L1,L,False,59,True,L1,True,0.5951568302059546,False,0.6974432468414307,valid,False,0.5951568302059546,0.36827316205143207,0.03209900237499904,0.003417211784908481,0.0004813430559749943,0.00012268277626593986,0.00033827409414764195,0.00010527544804363649,5.241355929206038e-06,9.76852344363866e-07
P13,15,C,alpha,1799551287-α-2,P13-T15-Cα,23,60,C4,7,7,L2,L,False,60,True,L2,True,0.8107748392520402,False,0.4585697650909424,valid,False,0.01691340770830898,0.8107748392520402,0.14518232728842295,0.017426471175512718,0.0011948138295717595,0.0016420183881183245,0.005235442348906754,0.0015189060656353617,9.23647729731098e-05,1.940917050991986e-05
P13,15,C,alpha,1799551287-α-2,P13-T15-Cα,24,59,B3,6,6,L3,L,False,59,True,L3,True,0.760139546704395,False,0.5564332008361816,valid,False,0.00498550525783128,0.1260982171740299,0.760139546704395,0.0988399653456835,0.008614975538002494,0.00028162426665091176,0.0007975302023132811,0.00022616330107962947,1.3213741482307237e-05,3.2584685318462326e-06
P13,15,C,alpha,1799551287-α-2,P13-T15-Cα,25,62,D4,8,8,R1,R,False,62,True,R1,True,0.6311048426457689,False,0.6381549835205078,valid,False,0.0002786465449112166,0.010593319204518758,0.017317138970471452,0.0024986368608954997,0.00017886018047166133,0.6311048426457689,0.30719170590509093,0.02900510943561155,0.0015030133634298035,0.0003287268888301274
P13,15,C,alpha,1799551287-α-2,P13-T15-Cα,26,64,E4,9,9,R2,R,False,64,True,R2,True,0.8221052971206733,False,0.49718308448791504,valid,False,0.00021293863489614363,0.006490769630214143,0.0035005876694457006,0.0005405745565794005,3.5417327257439595e-05,0.07165539768844299,0.8221052971206733,0.09109186342737549,0.0038646398123111363,0.0005025141328042589
P13,15,C,alpha,1799551287-α-2,P13-T15-Cα,27,59,B3,6,6,L3,L,False,59,True,L3,True,0.7504051181404902,False,0.4369649887084961,valid,False,0.0033488818767986824,0.12713200251193052,0.7504051181404902,0.11001461473764378,0.007437596649763262,0.00046392762906956184,0.0008309804201344493,0.000346668328498186,1.6582841184849174e-05,3.6268644865672653e-06
P13,15,C,alpha,1799551287-α-2,P13-T15-Cα,28,62,D4,8,8,R2,R,False,62,True,R2,True,0.7947453080705144,False,0.40250229835510254,valid,False,0.002985900431875033,0.013371461226247838,0.0020503729350035494,0.00027748780189939024,3.2001314340633114e-05,0.03509370241923039,0.7947453080705144,0.14231198088691996,0.008314672258045615,0.0008171126559232554
P13,15,C,alpha,1799551287-α-2,P13-T15-Cα,29,65,F4,10,10,R2,R,False,65,True,R2,True,0.8332261032584822,False,0.7177648544311523,valid,False,0.00010348871717655477,0.0002287592366604978,3.634513352684769e-05,4.918778940128441e-06,5.450162418523639e-07,0.0571286097630796,0.8332261032584822,0.10409511388948013,0.004416312349621428,0.0007598038567906751
P13,16,B,gamma,1799551287-γ-2,P13-T16-Bγ,0,65,F4,10,10,R1,R,False,65,True,R1,True,0.8858246931483705,False,0.945997953414917,valid,False,2.425582517241208e-05,8.119546856332588e-06,6.030677984987675e-07,9.968643661408597e-08,1.8578957548967827e-08,0.8858246931483705,0.10215783995584042,0.010875570852313842,0.0008750441539538495,0.0002337551842999136
P13,16,B,gamma,1799551287-γ-2,P13-T16-Bγ,1,48,C3,0,0,L4,L,False,48,True,L4,True,0.7671476078046451,False,1.9646673202514648,valid,False,6.159154769418827e-05,0.002516022373023686,0.15488443080368736,0.7671476078046451,0.07539034610677096,7.48627537906681e-10,2.611324255287257e-10,2.5112355475686424e-10,9.615342261718473e-11,7.141658755333387e-12
P13,16,B,gamma,1799551287-γ-2,P13-T16-Bγ,2,53,F3,3,3,L1,L,False,53,True,L1,True,0.5807541177736504,False,1.2841038703918457,valid,False,0.5807541177736504,0.38929112696142043,0.023672817809965652,0.004592054199921717,0.001689322332896176,2.591596381020481e-07,1.6323164181641962e-07,9.725393086289192e-08,3.73026769141057e-08,3.974257825194194e-09
P13,16,B,gamma,1799551287-γ-2,P13-T16-Bγ,3,55,G3,4,4,L4,L,False,55,True,L4,True,0.6248009825352836,False,0.8961050510406494,valid,False,0.0013752145492612444,0.014529147323230062,0.2921984430945568,0.6248009825352836,0.06708906480895839,3.238340762741462e-06,2.693618766558756e-06,9.466635299496519e-07,2.3344435235982813e-07,3.5621298414933476e-08
P13,16,B,gamma,1799551287-γ-2,P13-T16-Bγ,4,62,D4,8,8,L2,L,False,62,True,L2,True,0.8483981324860669,False,1.2353291511535645,valid,False,0.010109692309185648,0.8483981324860669,0.08822748748627189,0.009775884267852213,0.0008186640816059477,0.008216076898769204,0.02336263487090269,0.01017484567323845,0.0007865638038203301,0.0001300181222868427
P13,16,B,gamma,1799551287-γ-2,P13-T16-Bγ,5,55,G3,4,4,L5,L,False,55,True,L5,True,0.899647444451015,False,1.401555061340332,valid,False,0.001124900792902203,0.0007579337489927071,0.010909119741672005,0.0875333846349023,0.899647444451015,1.403543989218613e-05,1.0047767321747666e-05,2.800388722958013e-06,2.752042408911029e-07,5.783033795864528e-08
P13,16,B,gamma,1799551287-γ-2,P13-T16-Bγ,6,59,B3,6,6,L2,L,False,59,True,L2,True,0.8984904031101534,False,0.742379903793335,valid,False,0.013473381862300285,0.8984904031101534,0.07831318856549978,0.0076961178404421505,0.0010840630062269642,0.00041871097315004317,0.00039732748941809443,0.00011540772629579914,9.285660273617675e-06,2.113766239803729e-06
P13,16,B,gamma,1799551287-γ-2,P13-T16-Bγ,7,59,B3,6,6,R4,R,False,59,True,R4,True,0.6048665711213493,False,0.8868880271911621,valid,False,0.011596096136764645,0.003080241152252734,0.00021119104895425493,3.936051549753814e-05,8.95993676145483e-06,0.0026186409388644404,0.03209228137932502,0.31540422378103505,0.6048665711213493,0.030082433989195495
P13,16,B,gamma,1799551287-γ-2,P13-T16-Bγ,8,52,E3,2,2,L5,L,False,52,True,L5,True,0.9234625420534875,False,0.961658239364624,valid,False,0.00014256915442630906,0.0008336682891854325,0.00966131954701034,0.06589945938870442,0.9234625420534875,2.230086963685766e-07,1.4563441798772588e-07,6.178377539470553e-08,9.812340183355233e-09,1.3279558379283765e-09
P13,16,B,gamma,1799551287-γ-2,P13-T16-Bγ,9,60,C4,7,7,R1,R,False,60,True,R1,True,0.6217228388958145,False,0.7658109664916992,valid,False,0.007816365665205858,0.024349088043160112,0.0021222872461645844,0.00023515612982713587,3.447552582028658e-05,0.6217228388958145,0.3026249944143757,0.03780700476878278,0.002922660690589347,0.00036512862025978255
P13,16,B,gamma,1799551287-γ-2,P13-T16-Bγ,10,57,A3,5,5,L1,L,False,57,True,L1,True,0.8081161032706455,False,0.9252111911773682,valid,False,0.8081161032706455,0.18395768169426424,0.006389817708524061,0.0012900819459715953,0.00024043770168738577,4.9135609008156935e-06,6.203081051099857e-07,2.472045912253835e-07,7.749522319989108e-08,1.9110086761070314e-08
P13,16,B,gamma,1799551287-γ-2,P13-T16-Bγ,11,50,D3,1,1,L3,L,False,50,True,L3,True,0.6391981271054423,False,1.2179269790649414,valid,False,0.0004843821002355113,0.02405191127738965,0.6391981271054423,0.32382863267987705,0.012436943324687857,2.794635669261554e-09,4.6538822284912427e-10,1.9315255195745466e-10,4.957468405596241e-11,9.616499309733189e-12
P13,16,B,gamma,1799551287-γ-2,P13-T16-Bγ,12,55,G3,4,4,L3,L,False,55,True,L3,True,0.7072976407331042,False,0.682823896408081,valid,False,0.0010695627159911236,0.06686808044032855,0.7072976407331042,0.20994053968038967,0.014813449581566756,7.440094122643219e-06,2.385018419622731e-06,7.476703157021967e-07,1.2358907194185567e-07,3.047668991722238e-08
P13,16,B,gamma,1799551287-γ-2,P13-T16-Bγ,13,69,A4,12,12,R5,R,False,69,True,R5,True,0.3427272608427443,True,0.8468830585479736,valid,False,2.006757562249562e-06,1.5967632807408773e-05,2.8612920842452674e-06,3.1909000768053465e-07,2.8466505867016285e-08,0.003199814599180835,0.05229678897776149,0.25902769149860166,0.3427272608427443,0.3427272608427443
P13,16,B,gamma,1799551287-γ-2,P13-T16-Bγ,14,50,D3,1,0,L5,L,False,48,False,L5,True,0.8786333533823246,False,0.7355630397796631,valid,False,3.894505095889956e-05,0.0003323281790409657,0.011227517591330886,0.10976785128280588,0.8786333533823246,2.6964043546578508e-09,1.475632541888951e-09,2.450919704590421e-10,6.8144709829186e-11,2.8265261158646276e-11
P13,16,B,gamma,1799551287-γ-2,P13-T16-Bγ,15,65,F4,10,10,R3,R,False,65,True,R2,True,0.47563641701139225,False,0.7695369720458984,valid,False,5.62719897069103e-05,0.0004994984280196864,3.221425355321849e-05,3.569441037981641e-06,2.984981690483986e-07,0.007132442429911101,0.47563641701139225,0.47563641701139225,0.036768949762446754,0.004233921174370805
P13,16,B,gamma,1799551287-γ-2,P13-T16-Bγ,16,57,A3,5,5,L2,L,False,57,True,L2,True,0.9308504517528914,False,0.7316968441009521,valid,False,0.017049120733721036,0.9308504517528914,0.04634431508167824,0.004740291503904376,0.0008834669751684931,6.461643574743316e-05,5.134824782497579e-05,1.37887619853343e-05,1.9422632397103216e-06,6.582438387188008e-07
P13,16,B,gamma,1799551287-γ-2,P13-T16-Bγ,17,67,G4,11,11,R3,R,False,67,True,R2,True,0.4338457302556188,False,0.7434859275817871,valid,False,6.232935991121693e-06,2.2715088212368794e-06,1.6209775329199362e-07,2.90262202671049e-08,4.993812113151924e-09,0.029745831682691272,0.5091226807883492,0.4338457302556188,0.024353827174500714,0.0029232295362418893
P13,16,B,gamma,1799551287-γ-2,P13-T16-Bγ,18,62,D4,8,8,R5,R,False,62,True,R5,True,0.5115614956908006,False,0.8525853157043457,valid,False,0.0018091977054023277,0.0019688858105411005,0.00010618927163583161,1.826931877805558e-05,3.271416538553519e-06,0.0007219829919821477,0.01208587458220024,0.0693163080528599,0.40240852515926134,0.5115614956908006
P13,16,B,gamma,1799551287-γ-2,P13-T16-Bγ,19,64,E4,9,9,R3,R,False,64,True,R3,True,0.4489724085335007,False,0.6169002056121826,valid,False,0.00018395970037297815,0.00015676011609291852,1.0326534151475429e-05,1.3975444242424811e-06,2.219544083282693e-07,0.009522440487820484,0.4489724085335007,0.4489724085335007,0.08709168679477206,0.005088389800956277
P13,16,B,gamma,1799551287-γ-2,P13-T16-Bγ,20,59,B3,6,6,L4,L,False,59,True,L4,True,0.6058105796999407,False,0.9475350379943848,valid,False,0.0009842324056618824,0.013304282673541487,0.35160505474152653,0.6058105796999407,0.027264889390120704,0.00044153256044780954,0.00043455505321740795,0.00014178653351617997,1.0960771171823507e-05,2.1261708554511114e-06
P13,16,B,gamma,1799551287-γ-2,P13-T16-Bγ,21,65,F4,10,10,R1,R,False,65,True,R1,True,0.9116240628954099,False,0.7061398029327393,valid,False,0.00016358729527611782,0.0003038656096947388,3.820563326217155e-05,4.067314575953016e-06,5.081304730521975e-07,0.9116240628954099,0.07945792953519472,0.007502435441429149,0.0007083816288955891,0.0001969565157887661
P13,16,B,gamma,1799551287-γ-2,P13-T16-Bγ,22,60,C4,7,7,R3,R,False,60,True,R3,True,0.4536358177866533,False,0.7400381565093994,valid,False,0.002062596239372326,0.02091388253293815,0.0029367241125121857,0.0003524997777137001,4.2220043360702174e-05,0.009750267423360178,0.4536358177866533,0.4536358177866533,0.05445064596005844,0.002219528337377704
P13,16,B,gamma,1799551287-γ-2,P13-T16-Bγ,23,65,F4,10,10,R1,R,False,65,True,R1,True,0.8476861979459863,False,0.8026621341705322,valid,False,0.00010524724245270199,0.0005795478517661477,0.00010461278761549644,1.1591427272885062e-05,1.1830897723662044e-06,0.8476861979459863,0.12427669832068772,0.024107199196019415,0.0025664163711809538,0.0005613057672460418
P13,16,B,gamma,1799551287-γ-2,P13-T16-Bγ,24,53,F3,3,3,L5,L,False,53,True,L5,True,0.8626358024233831,False,0.8174610137939453,valid,False,0.0002853080168283207,0.0017904286410261431,0.01854115004328995,0.11674506065101123,0.8626358024233831,1.7044774625421002e-06,3.9366612302571287e-07,1.2340888945019257e-07,2.3000205405440347e-08,5.671780823014924e-09
P13,16,B,gamma,1799551287-γ-2,P13-T16-Bγ,25,52,E3,2,2,L5,L,False,52,True,L5,True,0.8373250684568232,False,0.6259918212890625,valid,False,0.0001647700690470072,0.0021189374300279325,0.02198174570822174,0.1384089028959767,0.8373250684568232,3.4893380804523636e-07,1.7169556306466547e-07,4.586594608547619e-08,6.998689563822327e-09,1.9458967530351075e-09
P13,16,B,gamma,1799551287-γ-2,P13-T16-Bγ,26,57,A3,5,5,R3,R,False,57,True,R3,True,0.5166570919000942,False,1.03578519821167,valid,False,0.000702843794193333,0.12288802115382585,0.01867861691799901,0.0020621670361294156,0.0002370726933106325,0.003893674069517243,0.2951192137951039,0.5166570919000942,0.03837397092523193,0.0013873277145945793
P13,16,B,gamma,1799551287-γ-2,P13-T16-Bγ,27,62,D4,8,8,R5,R,False,62,True,R5,True,0.6493885908386159,False,0.8062090873718262,valid,False,0.00016624563706795327,0.009101104084778459,0.006107328251388395,0.0006706399372466144,5.526048729639203e-05,0.0004285176183084455,0.008356545244812278,0.04537787944067421,0.28034788845981135,0.6493885908386159
P13,16,B,gamma,1799551287-γ-2,P13-T16-Bγ,28,59,B3,6,6,L3,L,False,59,True,L3,True,0.7928315098288494,False,0.8495700359344482,valid,False,0.0014852910216316276,0.12077259164517538,0.7928315098288494,0.07485932811510135,0.00708022684110134,0.0008248790026579466,0.0016785810665343307,0.00039677366557073145,5.588891199534798e-05,1.4929901382420116e-05
P13,16,B,gamma,1799551287-γ-2,P13-T16-Bγ,29,69,A4,12,12,R4,R,False,69,True,R4,True,0.365456175682587,True,0.8156769275665283,valid,False,2.208352008770255e-06,1.6365101373841193e-05,3.485546459831656e-06,3.863164791058925e-07,3.287699913430542e-08,0.01153213066527406,0.25497012199019653,0.365456175682587,0.365456175682587,0.002562917786034643
P13,17,B,gamma,1799551287-γ-6,P13-T17-Bγ,0,62,D4,8,8,L2,L,False,62,True,L2,True,0.9057825185238776,False,1.2378149032592773,valid,False,0.020110213633918208,0.9057825185238776,0.05966820097148921,0.008075212878695625,0.0007038424302438674,0.003571123159781151,0.0016968935084389154,0.00032916347453012086,5.227689579328474e-05,1.0554523232233642e-05
P13,17,B,gamma,1799551287-γ-6,P13-T17-Bγ,1,57,A3,5,5,R2,R,False,57,True,R2,True,0.8458054189490977,False,1.1734590530395508,valid,False,3.0034390442002437e-05,0.0020940279329680965,0.009209995225928337,0.00569808033321462,0.0005154386072292132,0.013604468326302903,0.8458054189490977,0.114467315936538,0.008168532987943296,0.0004066873103358848
P13,17,B,gamma,1799551287-γ-6,P13-T17-Bγ,2,62,D4,8,8,R4,R,False,62,True,R4,True,0.5787482737306554,False,0.7058029174804688,valid,False,0.00011009419123327031,0.005298282845264349,0.004957331652253081,0.0006658425128249982,5.4934382819681404e-05,0.0026530311473342604,0.06925884766949215,0.2878091695476071,0.5787482737306554,0.050444192320515745
P13,17,B,gamma,1799551287-γ-6,P13-T17-Bγ,3,55,G3,4,4,L5,L,False,55,True,L5,True,0.855327395517057,False,1.0008258819580078,valid,False,0.00017341699824466647,0.0011998208946620847,0.012719238988608573,0.1305144977387078,0.855327395517057,3.184761760605558e-05,2.5007263771590964e-05,7.532594920156276e-06,1.0194258670260196e-06,2.2296055498515843e-07
P13,17,B,gamma,1799551287-γ-6,P13-T17-Bγ,4,48,C3,0,0,L1,L,False,48,True,L1,True,0.7095342365640135,False,0.9629001617431641,valid,False,0.7095342365640135,0.271675611536143,0.012486009155875631,0.004240192842497107,0.0020639234317907924,1.3470343825426443e-08,9.399528782495962e-09,3.1271414355923133e-09,3.906744431235266e-10,8.199152434216531e-11
P13,17,B,gamma,1799551287-γ-6,P13-T17-Bγ,5,55,G3,4,4,L5,L,False,55,True,L5,True,0.8974249572730899,False,1.1279940605163574,valid,False,0.0004900855237912879,0.0006751247005754898,0.009834125883259203,0.09152209936773273,0.8974249572730899,2.4322587075507564e-05,2.225412690176697e-05,5.973211860287981e-06,8.413771904670218e-07,2.159485234162659e-07
P13,17,B,gamma,1799551287-γ-6,P13-T17-Bγ,6,62,D4,8,8,R4,R,False,62,True,R4,True,0.5366116911077912,False,0.7168130874633789,valid,False,0.00015554941596074,6.113166643110397e-05,3.7174204640593638e-06,8.130440442892017e-07,1.7084988118011334e-07,0.005665565290902308,0.0865735243145593,0.3065174617280108,0.5366116911077912,0.06441037516195496
P13,17,B,gamma,1799551287-γ-6,P13-T17-Bγ,7,59,B3,6,6,L3,L,False,59,True,L3,True,0.7706472595775804,False,1.0717229843139648,valid,False,0.0028497485393989383,0.15252892040881888,0.7706472595775804,0.06717027132162444,0.005845987752887321,0.0005206734267525618,0.0002539927123324777,0.0001664984562457465,1.394311778213991e-05,2.7046865770463852e-06
P13,17,B,gamma,1799551287-γ-6,P13-T17-Bγ,8,59,B3,6,6,R2,R,False,59,True,R2,True,0.8244321725851393,False,0.7203330993652344,valid,False,0.011993063719819733,0.014507922415619453,0.0009182320649090259,0.00012934071870215587,2.5089518083778538e-05,0.026435158188107096,0.8244321725851393,0.1115747615861858,0.009343630429907431,0.0006406287735263456
P13,17,B,gamma,1799551287-γ-6,P13-T17-Bγ,9,69,A4,12,12,R5,R,False,69,True,R5,True,0.40731539693953817,True,0.8871181011199951,valid,False,2.1559752330099894e-07,1.0201280803361975e-07,8.542881596452794e-09,1.156153300512785e-09,2.3342332564155935e-10,0.002281517876143794,0.05018857664175616,0.1328987840602343,0.40731539693953817,0.40731539693953817
P13,17,B,gamma,1799551287-γ-6,P13-T17-Bγ,10,50,D3,1,1,L2,L,False,50,True,L2,True,0.8914598698572516,False,1.1019787788391113,valid,False,0.061121300479375265,0.8914598698572516,0.03633786905364909,0.008271868512166367,0.0028090895354549576,1.407628071105179e-09,6.612915746233004e-10,3.5642586255488235e-10,1.0314401948869635e-10,3.361345015337875e-11
P13,17,B,gamma,1799551287-γ-6,P13-T17-Bγ,11,60,C4,7,7,L3,L,False,60,True,R3,False,1.3354624397936087e-05,True,0.7046420574188232,valid,False,0.00023727779801028384,0.00014143817866402896,1.3354624397936087e-05,2.3913611477432624e-06,4.6387633657203353e-07,0.007419468639825868,0.4753766526361243,0.4753766526361243,0.03980957426296993,0.0016227259863990985
P13,17,B,gamma,1799551287-γ-6,P13-T17-Bγ,12,59,B3,6,6,R2,R,False,59,True,R2,True,0.8451963282877514,False,1.0969970226287842,valid,False,0.007477869874882679,0.008842493805314365,0.000631011583991712,0.0001043055132887723,1.7945227829760217e-05,0.02820696523342351,0.8451963282877514,0.1014502916962826,0.007535076175170835,0.0005377126020642681
P13,17,B,gamma,1799551287-γ-6,P13-T17-Bγ,13,69,A4,12,12,R3,R,False,69,True,R3,True,0.46299693420368804,True,0.7400949001312256,valid,False,4.239762704839527e-07,2.474289985528243e-06,5.093986897703391e-07,6.623645495399647e-08,5.747907736739887e-09,0.025990223094455044,0.46299693420368804,0.46299693420368804,0.043716273866715935,0.004296154982144423
P13,17,B,gamma,1799551287-γ-6,P13-T17-Bγ,14,53,F3,3,3,L1,L,False,53,True,L1,True,0.6513968790111666,False,1.2660789489746094,valid,False,0.6513968790111666,0.330008727680969,0.014572250968177115,0.0030621555670042773,0.0009599434539685804,3.565921724157297e-08,5.0260262381595455e-09,1.8489717238071404e-09,5.796270842562277e-10,2.048719067204802e-10
P13,17,B,gamma,1799551287-γ-6,P13-T17-Bγ,15,67,G4,11,11,R5,R,False,67,True,R5,True,0.33596701230878057,True,0.8426990509033203,valid,False,3.219195732356469e-07,2.1975725162572736e-07,2.6377820789838052e-08,4.360224450268478e-09,9.162404355329301e-10,0.00295846553831315,0.09976320371875716,0.15095970961826222,0.4103510354847763,0.33596701230878057
P13,17,B,gamma,1799551287-γ-6,P13-T17-Bγ,16,65,F4,10,10,R4,R,False,65,True,R4,True,0.37412200890137287,True,0.8344211578369141,valid,False,3.137961592633529e-06,2.6975319171573847e-06,2.3511917874530856e-07,4.56084282364147e-08,9.583975923242204e-09,0.004003198550588541,0.23710706760870842,0.37412200890137287,0.37412200890137287,0.010639590232864718
P13,17,B,gamma,1799551287-γ-6,P13-T17-Bγ,17,60,C4,7,7,R3,R,False,60,True,R3,True,0.5782756154103743,False,0.6116359233856201,valid,False,0.0009781919409244022,0.0023164841839527195,0.0001790752085814739,3.615466107176623e-05,7.013282683714072e-06,0.002944828550582865,0.34379673575157715,0.5782756154103743,0.06941136384617207,0.0020545371640797337
P13,17,B,gamma,1799551287-γ-6,P13-T17-Bγ,18,59,B3,6,6,L5,L,False,59,True,L5,True,0.7928125793537536,False,0.9929819107055664,valid,False,0.003027960079761896,0.002779492337275104,0.022110303667397527,0.1766913508700761,0.7928125793537536,0.0003785866974235268,0.0014750957865296889,0.0006368284678686322,7.104703545257478e-05,1.6755704461391884e-05
P13,17,B,gamma,1799551287-γ-6,P13-T17-Bγ,19,69,A4,12,12,R1,R,False,69,True,R1,True,0.7422887873399939,False,0.6826229095458984,valid,False,2.0247309470840235e-06,1.2183453256466203e-06,1.8590744208882312e-07,2.9525341446668307e-08,3.839142086555642e-09,0.7422887873399939,0.22357308631413367,0.02907092020053784,0.003780054277725526,0.0012836895194106007
P13,17,B,gamma,1799551287-γ-6,P13-T17-Bγ,20,55,G3,4,4,L1,L,False,55,True,L1,True,0.7520138084015221,False,0.8135743141174316,valid,False,0.7520138084015221,0.2265022063685902,0.017509694273158582,0.003135393504602438,0.0008375742906337388,9.08789883760138e-07,2.80974872599576e-07,1.0758327985614117e-07,2.0869009176287147e-08,4.9444475700543395e-09
P13,17,B,gamma,1799551287-γ-6,P13-T17-Bγ,21,60,C4,7,7,R4,R,False,60,True,R4,True,0.5423816105460859,False,0.7141618728637695,valid,False,0.003459317163401776,0.0008658616265170017,5.9366204175159067e-05,1.0630477497772933e-05,2.9556692660092145e-06,0.0029920830952134625,0.07417276347520188,0.3468027715619849,0.5423816105460859,0.029252640180656077
P13,17,B,gamma,1799551287-γ-6,P13-T17-Bγ,22,52,E3,2,2,L4,L,False,52,True,L4,True,0.609635158300703,False,0.9382359981536865,valid,False,0.00034472786181878194,0.006522097844785062,0.16950131367528312,0.609635158300703,0.21399667784721885,1.5045297834705798e-08,4.895768374942528e-09,3.281731682471307e-09,9.49681356417762e-10,2.977119814788165e-10
P13,17,B,gamma,1799551287-γ-6,P13-T17-Bγ,23,59,B3,6,6,L2,L,False,59,True,L2,True,0.9400940121545392,False,0.6870996952056885,valid,False,0.02103062866925657,0.9400940121545392,0.03398706065440953,0.0037658736639607877,0.0004896716978558356,0.0001800758275654729,0.0002305636118907771,0.0001662903176268022,4.442201421323296e-05,1.1401388681810282e-05
P13,17,B,gamma,1799551287-γ-6,P13-T17-Bγ,24,60,C4,7,7,L4,L,False,60,True,L4,True,0.6767596197570598,False,0.8867390155792236,valid,False,0.0026294083584872106,0.010335173115713,0.26967148743619235,0.6767596197570598,0.03952417261919537,0.00041581368566514864,0.0003775872899192646,0.00021156116250781447,5.882189450441228e-05,1.6354680755549347e-05
P13,17,B,gamma,1799551287-γ-6,P13-T17-Bγ,25,62,D4,8,8,R5,R,False,62,True,R5,True,0.5959728667438278,False,0.9898056983947754,valid,False,0.003194613666219414,0.00211741316921932,0.00021657792630263014,3.726111983781468e-05,5.462739584996936e-06,0.0009136691349914853,0.01455951493814579,0.06873064299263304,0.31425197756923773,0.5959728667438278
P13,17,B,gamma,1799551287-γ-6,P13-T17-Bγ,26,65,F4,10,10,R3,R,False,65,True,R2,True,0.46156214059201534,False,0.6838781833648682,valid,False,8.18167769803914e-05,5.25819009974375e-05,5.826240703211633e-06,7.278734873722474e-07,1.0252711006154886e-07,0.017367778758666325,0.5000042978317013,0.46156214059201534,0.019582115869323433,0.001342611629015355
P13,17,B,gamma,1799551287-γ-6,P13-T17-Bγ,27,69,A4,12,12,R5,R,False,69,True,R3,False,0.2395597466536067,False,0.8311710357666016,valid,False,1.2006491090619582e-07,3.427147610664682e-08,2.0840506083038526e-09,4.042642251351401e-10,9.969033054853175e-11,0.0031242550782456407,0.14823559257453853,0.3045401243846084,0.3045401243846084,0.2395597466536067
P13,17,B,gamma,1799551287-γ-6,P13-T17-Bγ,28,62,D4,8,8,R3,R,False,62,True,R3,True,0.5189185589308789,False,0.7600831985473633,valid,False,0.0008182891957584907,0.00029280364495503394,2.452032169368665e-05,5.581749348778292e-06,9.226569616846157e-07,0.005207927586129846,0.392190209979593,0.5189185589308789,0.0791818377864726,0.0033593481482079384
P13,17,B,gamma,1799551287-γ-6,P13-T17-Bγ,29,55,G3,4,4,L2,L,False,55,True,L2,True,0.6645606489345595,False,0.8592429161071777,valid,False,0.04742389160518594,0.6645606489345595,0.2444782001545768,0.04041197467996606,0.003124037213435976,2.715068849784427e-07,3.749767842965166e-07,4.286319724291124e-07,1.4426115934580717e-07,2.8035474768464363e-08
P13,18,B,beta,1799551287-β-5,P13-T18-Bβ,0,62,D4,8,8,R2,R,False,62,True,R2,True,0.7720332884844682,False,0.9810318946838379,valid,False,0.0004841762918001981,0.014446977486835115,0.03689128039611146,0.005922208306815105,0.00043196238669611375,0.025765275354950462,0.7720332884844682,0.13282436198417222,0.009865340638600407,0.0013351286695506516
P13,18,B,beta,1799551287-β-5,P13-T18-Bβ,1,64,E4,9,9,R3,R,False,64,True,R3,True,0.4931426218398623,False,0.6053099632263184,valid,False,0.0001560639791115034,9.449564086095744e-05,1.3310506755596654e-05,2.2900043221824207e-06,2.977663099194034e-07,0.011950802441007035,0.43737826952605474,0.4931426218398623,0.052499225966735195,0.004762622328980597
P13,18,B,beta,1799551287-β-5,P13-T18-Bβ,2,57,A3,5,5,L4,L,False,57,True,L4,True,0.5909806165241687,False,0.8915200233459473,valid,False,0.0012664930641539146,0.017418208307409394,0.34076404809092237,0.5909806165241687,0.04955352410663913,7.930881122812275e-06,4.8739320318961624e-06,3.351937370044222e-06,7.331085471480164e-07,2.2004763447759702e-07
P13,18,B,beta,1799551287-β-5,P13-T18-Bβ,3,60,C4,7,7,R1,R,False,60,True,R1,True,0.755997990487409,False,0.9123940467834473,valid,False,0.0027892414327962125,0.07655888454976188,0.016249119425225455,0.001873931664476058,0.00026055254326394283,0.755997990487409,0.1200656549912146,0.024240837673473847,0.0018004537529217313,0.00016333347945730113
P13,18,B,beta,1799551287-β-5,P13-T18-Bβ,4,59,B3,6,6,L5,L,False,59,True,L5,True,0.8731836947532171,False,1.267747163772583,valid,False,0.0023133446172722994,0.0021113513271941373,0.014325804479248347,0.10760697235318376,0.8731836947532171,0.00025969581294707435,0.00012149841658856976,5.913962837005085e-05,1.5178822966201787e-05,3.3197890126516075e-06
P13,18,B,beta,1799551287-β-5,P13-T18-Bβ,5,64,E4,9,9,R1,R,False,64,True,R1,True,0.6328947768285358,False,0.6946990489959717,valid,False,0.00027581744805963234,0.008266357721125427,0.011128531071886614,0.0017930631210751945,0.00010607575899769534,0.6328947768285358,0.2843779544675661,0.05516364763421581,0.004808110497546959,0.001185665450990847
P13,18,B,beta,1799551287-β-5,P13-T18-Bβ,6,59,B3,6,6,L5,L,False,59,True,L5,True,0.8458418770283643,False,0.887883186340332,valid,False,0.0025959528983281596,0.0024551077936628206,0.015796534804139124,0.13289103328013757,0.8458418770283643,0.00022820231225994218,0.00013811514406399103,4.506418083953054e-05,6.3476693531566786e-06,1.764888851121157e-06
P13,18,B,beta,1799551287-β-5,P13-T18-Bβ,7,57,A3,5,5,L3,L,False,57,True,L3,True,0.703642752682587,False,0.8174448013305664,valid,False,0.0029051890487497537,0.20166962237070044,0.703642752682587,0.08114768562067483,0.01058374675473154,2.77987920484212e-05,1.684453130968486e-05,5.280527789030576e-06,8.728653727499476e-07,2.0680603639687994e-07
P13,18,B,beta,1799551287-β-5,P13-T18-Bβ,8,55,G3,4,4,L1,L,False,55,True,L1,True,0.6398695493085522,False,0.8839678764343262,valid,False,0.6398695493085522,0.324168786577024,0.02940792883858,0.005480872624730184,0.0010631799035361522,5.693923927213185e-06,2.9713595391179327e-06,8.598645564433808e-07,1.2111916362658926e-07,3.6480391035975635e-08
P13,18,B,beta,1799551287-β-5,P13-T18-Bβ,9,57,A3,5,5,L3,L,False,57,True,L3,True,0.5846551264555379,False,0.833397626876831,valid,False,0.005876857298389045,0.3297415953854687,0.5846551264555379,0.07304108901107939,0.006626138101114918,3.2314390671535116e-05,2.0060995851545982e-05,5.805335595578172e-06,7.856667371111615e-07,2.2735955427963913e-07
P13,18,B,beta,1799551287-β-5,P13-T18-Bβ,10,59,B3,6,6,L1,L,False,59,True,L1,True,0.7820734522186468,False,0.8933854103088379,valid,False,0.7820734522186468,0.20072757988118753,0.014908755604079336,0.0014076880317162937,0.00019050985848111443,0.0004892099015554421,0.0001498603624890908,4.513707377677867e-05,6.108638664052225e-06,1.698429403597088e-06
P13,18,B,beta,1799551287-β-5,P13-T18-Bβ,11,60,C4,7,7,R2,R,False,60,True,R2,True,0.7287326157640998,False,0.7100536823272705,valid,False,0.021158493779119318,0.03349200931643157,0.003291379844620411,0.0003950696827995737,5.564889167292604e-05,0.039303237024191445,0.7287326157640998,0.1593824854773895,0.012823852104273826,0.0013652081154017252
P13,18,B,beta,1799551287-β-5,P13-T18-Bβ,12,62,D4,8,8,R3,R,False,62,True,R2,True,0.4713601568821974,False,0.6534121036529541,valid,False,0.00272325470486822,0.002128936301681049,0.0002555396912879345,3.599491739746974e-05,4.68037270736842e-06,0.014521386097531886,0.4713601568821974,0.4713601568821974,0.03500960547931058,0.0026002886708205455
P13,18,B,beta,1799551287-β-5,P13-T18-Bβ,13,57,A3,5,5,L3,L,False,57,True,L3,True,0.7643553701563977,False,0.8104209899902344,valid,False,0.0033081410327206366,0.0898041703732956,0.7643553701563977,0.1315034155709748,0.010911285274258588,7.325768258277708e-05,2.8269111181172728e-05,1.328702644882599e-05,2.027468771020873e-06,7.763033689605951e-07
P13,18,B,beta,1799551287-β-5,P13-T18-Bβ,14,53,F3,3,3,L2,L,False,53,True,L2,True,0.9171702527663376,False,1.6868791580200195,valid,False,0.021192372500334393,0.9171702527663376,0.051485134617560845,0.008510435512221528,0.0016406518408389585,6.748435732189613e-07,3.292455008759015e-07,1.3121060129045488e-07,1.3420772265662863e-08,4.0422589258094675e-09
P13,18,B,beta,1799551287-β-5,P13-T18-Bβ,15,59,B3,6,6,L3,L,False,59,True,L3,True,0.8082553609553758,False,0.7394752502441406,valid,False,0.0024470373535358902,0.09090709073052146,0.8082553609553758,0.08955724675714383,0.007146196509237934,0.0007958391486593837,0.0005797710755846891,0.0002711394674023836,3.126919189637569e-05,9.048810642518778e-06
P13,18,B,beta,1799551287-β-5,P13-T18-Bβ,16,64,E4,9,9,R5,R,False,64,True,R5,True,0.5189460492898541,False,1.279292106628418,valid,False,6.861018912709346e-05,0.00012467627199732977,1.7108154231164545e-05,2.3153368985303073e-06,3.394445090018351e-07,0.006555180001030371,0.014596848761787304,0.0674778858046118,0.3922109867459533,0.5189460492898541
P13,18,B,beta,1799551287-β-5,P13-T18-Bβ,17,62,D4,8,8,R4,R,False,62,True,R4,True,0.5673838308587612,False,0.8627650737762451,valid,False,0.00022797274874131708,0.0006466280919474239,7.58525484705285e-05,1.112051170110932e-05,1.696880056542934e-06,0.0041360258367277745,0.10748005308161937,0.27617535966571305,0.5673838308587612,0.04386145977626162
P13,18,B,beta,1799551287-β-5,P13-T18-Bβ,18,64,E4,9,9,R3,R,False,64,True,R2,True,0.46421971363024095,False,0.7017912864685059,valid,False,3.3565629197082316e-05,2.0249158555768455e-05,2.8522644991454104e-06,5.107440166866728e-07,9.145696363692604e-08,0.021246770698934995,0.46421971363024095,0.46421971363024095,0.04748234515038318,0.0027741876369674224
P13,18,B,beta,1799551287-β-5,P13-T18-Bβ,19,62,D4,8,8,R5,R,False,62,True,R5,True,0.37153938329538844,True,0.7964870929718018,valid,False,0.00017379902264265816,0.00019667155789613916,2.557294913968668e-05,4.766132210217016e-06,7.272646180083046e-07,0.00031926368663323185,0.024546421752002744,0.12319640119566047,0.4799969931438083,0.37153938329538844
P13,18,B,beta,1799551287-β-5,P13-T18-Bβ,20,64,E4,9,9,R3,R,False,64,True,R2,True,0.4663252296129413,False,0.6197359561920166,valid,False,2.989563202317383e-05,3.0345207196763465e-05,3.79103317430161e-06,6.788457071268706e-07,1.1221244066206837e-07,0.021293388649702746,0.4663252296129413,0.4663252296129413,0.04230407039770138,0.0036872587961712497
P13,18,B,beta,1799551287-β-5,P13-T18-Bβ,21,60,C4,7,7,L1,L,False,60,True,L1,True,0.7387651886927189,False,1.219374179840088,valid,False,0.7387651886927189,0.24104415404131133,0.017868602954830504,0.001624142734369749,0.00024782811160175454,0.00036183453017846244,5.641501844154894e-05,2.5348901796995164e-05,5.117855007801779e-06,1.36715974292657e-06
P13,18,B,beta,1799551287-β-5,P13-T18-Bβ,22,62,D4,8,8,R3,R,False,62,True,R3,True,0.46192820815143965,True,0.7271361351013184,valid,False,0.0005222990408608578,0.00037359217615922215,4.484287730353045e-05,7.12183035257516e-06,1.4965534500485004e-06,0.016635788355290847,0.46192820815143965,0.46192820815143965,0.055445995079796466,0.00311244778390692
P13,18,B,beta,1799551287-β-5,P13-T18-Bβ,23,57,A3,5,5,L3,L,False,57,True,L3,True,0.7355751418678104,False,0.659937858581543,valid,False,0.0030668552840294916,0.14242783573094506,0.7355751418678104,0.10784043696784101,0.010828415058829713,0.00015697403448690575,6.333309232810452e-05,3.475793801948103e-05,4.5195298734653505e-06,1.7304958365018794e-06
P13,18,B,beta,1799551287-β-5,P13-T18-Bβ,24,55,G3,4,4,L2,L,False,55,True,L2,True,0.8389240799841436,False,0.6338717937469482,valid,False,0.01664517215429907,0.8389240799841436,0.12299211082447419,0.018031499733975515,0.003360602299374581,2.558559663977974e-05,1.3462061805133998e-05,6.2957543445935765e-06,8.520376974137066e-07,3.395532461411678e-07
P13,18,B,beta,1799551287-β-5,P13-T18-Bβ,25,57,A3,5,5,L4,L,False,57,True,L4,True,0.7003409313646017,False,0.8157961368560791,valid,False,0.0004404155381194047,0.00960790009473165,0.25840659650565195,0.7003409313646017,0.03082477993951741,0.00017426681638458059,0.0001289368230067716,5.7935049118198183e-05,1.318820065766928e-05,5.049668210633865e-06
P13,18,B,beta,1799551287-β-5,P13-T18-Bβ,26,60,C4,7,7,R4,R,False,60,True,R4,True,0.5126499597312536,False,0.8004159927368164,valid,False,0.0010436151805805671,0.009325933266876519,0.001749960598546948,0.0002565564072007773,2.062774705927858e-05,0.004717243790628388,0.07819203505123104,0.3436395446072225,0.5126499597312536,0.04840452361940037
P13,18,B,beta,1799551287-β-5,P13-T18-Bβ,27,62,D4,8,8,R5,R,False,62,True,R5,True,0.4881413872875962,False,0.7997567653656006,valid,False,0.00023503201731503947,0.0009143678787866731,0.00017739171579883264,2.8172895715860977e-05,2.454124850354823e-06,0.0017473980264008098,0.02647205623208395,0.08262537419894776,0.39965636562250445,0.4881413872875962
P13,18,B,beta,1799551287-β-5,P13-T18-Bβ,28,59,B3,6,6,L2,L,False,59,True,L2,True,0.8479267052712336,False,0.9354829788208008,valid,False,0.010410284373503866,0.8479267052712336,0.11943761676129029,0.013774157609493526,0.0018641295214265506,0.0007404475457779882,0.0018631551095741937,0.002905479074160639,0.0008717907927692471,0.00020623394077001037
P13,18,B,beta,1799551287-β-5,P13-T18-Bβ,29,57,A3,5,5,L5,L,False,57,True,L5,True,0.7960054651465034,False,1.2232141494750977,valid,False,0.0015215919323445916,0.0031366848059385883,0.02378120404115813,0.1749883479110786,0.7960054651465034,0.00021917819331788952,0.00018546516522744075,0.0001248810058322419,2.958777681380207e-05,7.5940217853588355e-06
P13,19,C,gamma,1799551287-γ-9,P13-T19-Cγ,0,62,D4,8,8,R2,R,False,62,True,R2,True,0.7162620893965738,False,0.7632770538330078,valid,False,5.000799203808704e-05,0.0009529247622545823,0.0006471320669647224,0.00014146350339058276,1.4489645579729763e-05,0.047672743425375606,0.7162620893965738,0.21573399553838832,0.016677260529891096,0.001847893139543423
P13,19,C,gamma,1799551287-γ-9,P13-T19-Cγ,1,60,C4,7,7,L5,L,False,60,True,L5,True,0.9070508118247933,False,0.893435001373291,valid,False,0.0027571563776818356,0.001610292807039134,0.008664004916866998,0.07905932107793036,0.9070508118247933,0.00036022692367905024,0.0002570654841116629,0.00018090169268639787,4.2860632589990176e-05,1.7358262621355203e-05
P13,19,C,gamma,1799551287-γ-9,P13-T19-Cγ,2,72,C5,14,14,R4,R,False,72,True,R4,True,0.19977419302622618,True,1.3193929195404053,valid,False,2.753011804743421e-08,3.045452712605247e-07,1.8075302879634276e-07,3.7688285054234125e-08,3.824943253274896e-09,0.047106727381939696,0.32284995956842616,0.3788679372528145,0.19977419302622618,0.051400628428946965
P13,19,C,gamma,1799551287-γ-9,P13-T19-Cγ,3,53,F3,3,3,L1,L,False,53,True,L1,True,0.5689930660191423,False,0.7570898532867432,valid,False,0.5689930660191423,0.39697299186012686,0.02721772043599079,0.0048737723534048,0.0019422910847430967,8.130943764841267e-08,4.8394143568870834e-08,2.2632316211058444e-08,5.362223953671121e-09,5.484708233323028e-10
P13,19,C,gamma,1799551287-γ-9,P13-T19-Cγ,4,55,G3,4,4,L5,L,False,55,True,L5,True,0.8682941379907566,False,0.8809559345245361,valid,False,0.0030091432922216316,0.0016168139163309837,0.014037405786871635,0.11303355169325832,0.8682941379907566,3.3479600286008947e-06,3.5678775947888325e-06,1.606866171619045e-06,3.807112005438214e-07,4.390556528326229e-08
P13,19,C,gamma,1799551287-γ-9,P13-T19-Cγ,5,64,E4,9,9,R1,R,False,64,True,R1,True,0.5155330146078932,False,0.5969018936157227,valid,False,1.5901664569244778e-05,0.000793654409799885,0.001744423394826787,0.0005633446063600552,4.21686441969431e-05,0.5155330146078932,0.40553263259019934,0.06976980654978403,0.005182053183774331,0.0008230003485962122
P13,19,C,gamma,1799551287-γ-9,P13-T19-Cγ,6,57,A3,5,5,R3,R,False,57,True,R3,True,0.5117736905871124,False,0.6034531593322754,valid,False,7.714122213515638e-05,0.000507830604370546,0.00469394314381608,0.025452552677779114,0.031120990174541233,0.0030583712920102713,0.3166770600986399,0.5117736905871124,0.10332532613081213,0.003313094068783081
P13,19,C,gamma,1799551287-γ-9,P13-T19-Cγ,7,60,C4,7,7,L4,L,False,60,True,L4,True,0.7646283125713261,False,0.9155371189117432,valid,False,0.00331809177073658,0.010904912577772128,0.13101393402394323,0.7646283125713261,0.0812560147988381,0.002911326837291742,0.004743953165917601,0.001126809119021437,8.041052928108261e-05,1.6234605871957867e-05
P13,19,C,gamma,1799551287-γ-9,P13-T19-Cγ,8,55,G3,4,4,L3,L,False,55,True,L3,True,0.7175872470432112,False,0.7612438201904297,valid,False,0.00443810910071338,0.16833045173863884,0.7175872470432112,0.09711487332557416,0.012505933261900698,8.68073267016638e-06,1.021288152267611e-05,3.910439680339356e-06,4.5097192944717863e-07,1.305041591155365e-07
P13,19,C,gamma,1799551287-γ-9,P13-T19-Cγ,9,57,A3,5,5,R3,R,False,57,True,R3,True,0.5388768697414167,False,0.6785299777984619,valid,False,1.016482966249894e-05,8.510719564188543e-05,0.0006671440935447894,0.0012330454721420905,0.0010095322479862893,0.0019926932242686837,0.3751296491359671,0.5388768697414167,0.07900310083510151,0.0019926932242686837
P13,19,C,gamma,1799551287-γ-9,P13-T19-Cγ,10,60,C4,7,7,R2,R,False,60,True,R2,True,0.7863751158226507,False,0.5323970317840576,valid,False,0.0006236974596648771,0.021123016750774035,0.014750915588064292,0.002288381727495043,0.000313484616006282,0.030797512544532096,0.7863751158226507,0.13529179971554353,0.007594573090435159,0.0008415026848338062
P13,19,C,gamma,1799551287-γ-9,P13-T19-Cγ,11,69,A4,12,12,R1,R,False,69,True,R1,True,0.7646500396696575,False,0.5615108013153076,valid,False,1.2058893395281004e-07,2.807638474967509e-08,3.507588704545958e-09,6.804022052468793e-10,1.373708360752296e-10,0.7646500396696575,0.21260123282117938,0.019286748708343262,0.00261017759915701,0.0008516482109826075
P13,19,C,gamma,1799551287-γ-9,P13-T19-Cγ,12,60,C4,7,7,R4,R,False,60,True,R4,True,0.4618151931899047,False,0.5877158641815186,valid,False,0.00040236276965725554,0.00018180234406300943,3.005172534969379e-05,6.067338707834896e-06,1.1307940389570058e-06,0.0031116862950859936,0.0919026542301247,0.4095933328266087,0.4618151931899047,0.03295571848645929
P13,19,C,gamma,1799551287-γ-9,P13-T19-Cγ,13,53,F3,3,3,L5,L,False,53,True,L5,True,0.7561785998681869,False,0.8113420009613037,valid,False,0.0030670264739705495,0.0013274186543431946,0.02059876406916708,0.21882615274510156,0.7561785998681869,5.829774288281213e-07,7.977399909319607e-07,5.804409941969234e-07,6.179288012261103e-08,1.5237936631443544e-08
P13,19,C,gamma,1799551287-γ-9,P13-T19-Cγ,14,59,B3,6,6,R2,R,False,59,True,R2,True,0.7111184547444959,False,0.5795609951019287,valid,False,6.784185880314912e-06,6.537388213089498e-05,0.00045626667293193043,0.000893006891350728,0.0006775636127498793,0.03991846580405793,0.7111184547444959,0.2320235833666873,0.014109368635055738,0.000731132204659409
P13,19,C,gamma,1799551287-γ-9,P13-T19-Cγ,15,62,D4,8,8,R4,R,False,62,True,R4,True,0.4772128873091645,False,0.5242147445678711,valid,False,3.228603238247299e-05,0.0005660016130330444,0.0027012612399202954,0.0013688990019779554,0.00015968743373649018,0.006812284119777276,0.1274031890249625,0.3329401339716068,0.4772128873091645,0.05080337025343856
P13,19,C,gamma,1799551287-γ-9,P13-T19-Cγ,16,62,D4,8,8,L1,L,False,62,True,L1,True,0.3964729112120555,True,1.0015742778778076,valid,False,0.3964729112120555,0.5245851286088843,0.06553653143332856,0.0064405099320261425,0.0007427525874577594,0.0007844482551969556,0.0034280154763309686,0.0017204875655058632,0.0002522354553618564,3.6979473852167275e-05
P13,19,C,gamma,1799551287-γ-9,P13-T19-Cγ,17,55,G3,4,4,L3,L,False,55,True,L3,True,0.6787803358021477,False,0.5847859382629395,valid,False,0.006298412162174598,0.15931508202804606,0.6787803358021477,0.13704338628169652,0.018546805498137923,6.059336135270128e-06,7.599274960921732e-06,2.030034611407352e-06,2.3411398727200907e-07,5.546810228049192e-08
P13,19,C,gamma,1799551287-γ-9,P13-T19-Cγ,18,50,D3,1,1,L1,L,False,50,True,L1,True,0.7175350774403825,False,0.9121320247650146,valid,False,0.7175350774403825,0.25361613259095905,0.02040585429360584,0.005451124048593541,0.002991640307660113,7.022411372888451e-08,7.452490680757887e-08,2.3367178108994976e-08,2.5891571364918247e-09,6.134431972248298e-10
P13,19,C,gamma,1799551287-γ-9,P13-T19-Cγ,19,59,B3,6,6,R2,R,False,59,True,R2,True,0.773555972567397,False,0.5470080375671387,valid,False,0.0003179624978597795,0.0002301550722945623,3.3742335967996895e-05,6.8124601409443835e-06,2.313480982499204e-06,0.04342338105899849,0.773555972567397,0.1691858864233711,0.01256604116802766,0.0006777329349598044
P13,19,C,gamma,1799551287-γ-9,P13-T19-Cγ,20,64,E4,9,9,R4,R,False,64,True,R4,True,0.4107284684499134,False,0.5139420032501221,valid,False,1.4599018038559406e-06,1.3849826527077634e-06,1.3610721128143206e-07,3.2247576509383707e-08,8.966029118826874e-09,0.009174784784108691,0.1636831153927706,0.37915016315246264,0.4107284684499134,0.03726044601547118
P13,19,C,gamma,1799551287-γ-9,P13-T19-Cγ,21,60,C4,7,7,R1,R,False,60,True,R1,True,0.49192796492753715,False,0.5467262268066406,valid,False,8.70075943824204e-05,0.00011061852516200156,1.5581550778934436e-05,3.1458608472237694e-06,8.074190892362247e-07,0.49192796492753715,0.43630096548691377,0.06657521046547872,0.004564606417998116,0.0004140917518125054
P13,19,C,gamma,1799551287-γ-9,P13-T19-Cγ,22,52,E3,2,2,L4,L,False,52,True,L4,True,0.34363219455454724,True,0.5701169967651367,valid,False,0.004065264339997056,0.18169026479523398,0.4368421353505478,0.34363219455454724,0.03376996788797091,8.05353855675789e-08,7.046262599055579e-08,1.9591238313257182e-08,1.9253012354733336e-09,5.571517923245375e-10
P13,19,C,gamma,1799551287-γ-9,P13-T19-Cγ,23,59,B3,6,6,L4,L,False,59,True,L4,True,0.7650913772289573,False,0.8135397434234619,valid,False,0.0028292036436489165,0.0042532920358107525,0.1795729621102503,0.7650913772289573,0.04676536491034241,0.00016523544804791372,0.0006990300140536147,0.0005066145981253722,0.00010645800126301996,1.0462009500390636e-05
P13,19,C,gamma,1799551287-γ-9,P13-T19-Cγ,24,62,D4,8,8,L3,L,False,62,True,L3,True,0.5866837456715687,False,0.8716809749603271,valid,False,0.0027587447445164962,0.033591976436449664,0.5866837456715687,0.20736611673673017,0.013058491638009491,0.020281647535998287,0.10093592513126225,0.03293335292191473,0.002084410144440125,0.000305589039110051
P13,19,C,gamma,1799551287-γ-9,P13-T19-Cγ,25,64,E4,9,9,R3,R,False,64,True,R3,True,0.44890071589553104,False,0.4322319030761719,valid,False,0.0002612075879729342,0.005991379541968097,0.0019434200007951178,0.00017671831417597156,1.775851243045195e-05,0.034702153327115466,0.44890071589553104,0.44890071589553104,0.056081261692924246,0.0030246692315556113
P13,19,C,gamma,1799551287-γ-9,P13-T19-Cγ,26,53,F3,3,3,L5,L,False,53,True,L5,True,0.83739752974641,False,0.5394680500030518,valid,False,0.00040167467213971273,0.0015056348776239356,0.01661488372640016,0.14406994397098002,0.83739752974641,3.7909609534181725e-06,3.8640141378155594e-06,2.1341195708885453e-06,4.667573183306847e-07,7.715446578935143e-08
P13,19,C,gamma,1799551287-γ-9,P13-T19-Cγ,27,65,F4,10,10,R5,R,False,65,True,R5,True,0.3591133698058043,True,0.6801259517669678,valid,False,5.7478765498889796e-05,0.0010866633330450365,0.0004403308108920002,4.5670019753594534e-05,3.366837218433385e-06,0.0032616483870725986,0.0339075645298403,0.12693030191185634,0.4751536055990184,0.3591133698058043
P13,19,C,gamma,1799551287-γ-9,P13-T19-Cγ,28,64,E4,9,9,R3,R,False,64,True,R3,True,0.47947541775808983,False,0.5075211524963379,valid,False,0.00012495243405785255,0.004864282736047378,0.0034680599526967113,0.000426048395722344,2.7267757008080097e-05,0.015456747335132253,0.4252565469131465,0.47947541775808983,0.0675381502158629,0.0033625265022362316
P13,19,C,gamma,1799551287-γ-9,P13-T19-Cγ,29,57,A3,5,5,L5,L,False,57,True,L5,True,0.8206221662027471,False,0.8593320846557617,valid,False,0.0012925053924947155,0.0023460584133636908,0.01682413274565138,0.1580828671126577,0.8206221662027471,0.0003599293759572539,0.0003791068421694935,8.629900520195041e-05,5.916931997022159e-06,1.017977759677928e-06
P13,20,A,beta,1799551287-β-9,P13-T20-Aβ,0,62,D4,8,8,R4,R,False,62,True,R3,False,0.046783558917069756,False,0.8502311706542969,valid,False,0.000661110889824923,0.008436746735123814,0.007165709659399609,0.0012644904715636857,0.00015838561262299198,0.00837735168087007,0.4289368841848445,0.4954824012627612,0.046783558917069756,0.0027333605859192604
P13,20,A,beta,1799551287-β-9,P13-T20-Aβ,1,67,G4,11,11,R2,R,False,67,True,R3,False,0.2747469119022079,False,0.38670802116394043,valid,False,1.0376633663183799e-05,0.00013590846351114406,4.942559910200496e-05,8.018353788357671e-06,5.691907873512034e-07,0.014373187577060765,0.2747469119022079,0.34927177830911155,0.34927177830911155,0.012132045661656312
P13,20,A,beta,1799551287-β-9,P13-T20-Aβ,2,64,E4,9,9,R3,R,False,64,True,R2,True,0.426855836870322,False,0.30815577507019043,valid,False,0.00041798391834063365,0.004985975827145808,0.0010165823231279042,0.00010398031648217592,1.1565288746558763e-05,0.018848745079611758,0.5213628964901789,0.426855836870322,0.024939336539982888,0.0014570973460613101
P13,20,A,beta,1799551287-β-9,P13-T20-Aβ,3,62,D4,8,8,R2,R,False,62,True,R2,True,0.7958101717592618,False,0.3120701313018799,valid,False,0.002118235440557654,0.009380565203878135,0.0011267762503425738,0.000115251414912198,1.6061973024818078e-05,0.03962105542921992,0.7958101717592618,0.1425026619257148,0.008665595795962985,0.0006436248071252593
P13,20,A,beta,1799551287-β-9,P13-T20-Aβ,4,59,B3,6,6,L4,L,False,59,True,L2,False,0.003671911973155429,False,0.35912394523620605,valid,False,0.017473972708128106,0.9540465835934461,0.024063892969611984,0.003671911973155429,0.0005600664395935067,0.00016178136599026024,1.7965760985407645e-05,3.217059613955543e-06,4.716433369942591e-07,1.3648613822224778e-07
P13,20,A,beta,1799551287-β-9,P13-T20-Aβ,5,59,B3,6,6,L4,L,False,59,True,L3,False,0.03027134881044428,False,0.3881540298461914,valid,False,0.003096280899285621,0.345836476743924,0.6080162942468718,0.03027134881044428,0.002904996989910559,0.005038520316721616,0.004096781565215775,0.0006771934380168589,5.2350262955799095e-05,9.756726653780914e-06
P13,20,A,beta,1799551287-β-9,P13-T20-Aβ,6,60,C4,7,7,R4,R,False,60,True,L3,False,0.0015268416983597643,False,0.48969101905822754,valid,False,0.0019658110726188003,0.01951664694108115,0.6411101945158063,0.07103703441064155,0.003284667538356058,0.016639687683065753,0.2175569957398354,0.027199575116603886,0.0015268416983597643,0.00016254528363125888
P13,20,A,beta,1799551287-β-9,P13-T20-Aβ,7,64,E4,9,9,R5,R,False,64,True,R2,False,0.0010384012932894583,False,0.443403959274292,valid,False,0.0002932551196557695,0.00135281651533617,7.410163459812889e-05,6.996692877966173e-06,1.004451966567297e-06,0.08803040907264134,0.7046366729347493,0.195915278343098,0.00865106394178718,0.0010384012932894583
P13,20,A,beta,1799551287-β-9,P13-T20-Aβ,8,60,C4,7,7,L2,L,False,60,True,R3,False,0.045006435088014086,False,0.2812840938568115,valid,False,0.0010685430291258117,0.045006435088014086,0.0025037473333200016,0.00023640438203922147,3.644796305311565e-05,0.003887586557774476,0.41896548545895623,0.49166055175644635,0.035085521164133264,0.0015492772671373317
P13,20,A,beta,1799551287-β-9,P13-T20-Aβ,9,59,B3,6,6,L1,L,False,59,True,R4,False,9.15615936272327e-05,False,0.49880027770996094,valid,False,9.15615936272327e-05,0.0016325020365857248,0.015263269480335354,0.02308082981604047,0.003707295966247563,0.0005539153627245973,0.06190411080138786,0.44109338977681944,0.44109338977681944,0.011579735389412333
P13,20,A,beta,1799551287-β-9,P13-T20-Aβ,10,60,C4,7,7,R4,R,False,60,True,R3,False,0.05243705151897269,False,0.4899027347564697,valid,False,0.0017731750402768373,0.01193664919344184,0.0008184143187354899,8.371085935649659e-05,1.0624116525032508e-05,0.003454277891656967,0.45468889212495245,0.47324509782925106,0.05243705151897269,0.0015521071068312455
P13,20,A,beta,1799551287-β-9,P13-T20-Aβ,11,64,E4,9,9,R5,R,False,64,True,R2,False,0.0007689198138283721,False,0.36673617362976074,valid,False,0.00011928883399642545,4.675806203267421e-05,2.8433606804407483e-06,4.005112955558715e-07,7.722614959680653e-08,0.10534402382534021,0.7783929017325257,0.10964319499419373,0.005681591639957153,0.0007689198138283721
P13,20,A,beta,1799551287-β-9,P13-T20-Aβ,12,62,D4,8,8,R4,R,False,62,True,R1,False,0.0007073620781116895,False,0.5149641036987305,valid,False,0.0006352895871609247,0.0007362300721537642,5.047825593009367e-05,6.058987263707245e-06,1.1029998178978134e-06,0.9103119918449567,0.07623246249235346,0.011176209741719796,0.0007073620781116895,0.00014281394053221362
P13,20,A,beta,1799551287-β-9,P13-T20-Aβ,13,57,A3,5,5,L2,L,False,57,True,L3,False,0.16555854680736473,False,0.48769593238830566,valid,False,0.0030656296535634497,0.16555854680736473,0.7490171425710396,0.07360860027958933,0.008237395928499352,0.0003499447907593033,0.00010847471989955646,4.8740833525373435e-05,4.081714617467021e-06,1.4427011419633087e-06
P13,20,A,beta,1799551287-β-9,P13-T20-Aβ,14,60,C4,7,7,L1,L,False,60,True,R2,False,0.0020804247813861598,False,0.4299652576446533,valid,False,0.0020804247813861598,0.005458146573759324,0.0008328591629265079,0.00010404927195594236,1.352939270026995e-05,0.012147328593612306,0.5429999765638119,0.410390553897769,0.02495587528332122,0.0010172564787574072
P13,20,A,beta,1799551287-β-9,P13-T20-Aβ,15,64,E4,9,9,R5,R,False,64,True,R2,False,0.0017392914457561046,False,0.4259059429168701,valid,False,0.00012214748624231892,0.002647645803180002,0.0010915220530479885,0.000164075817522893,1.4884292982782195e-05,0.01995496162075431,0.47035033714286223,0.47035033714286223,0.03356479719478885,0.0017392914457561046
P13,20,A,beta,1799551287-β-9,P13-T20-Aβ,16,59,B3,6,6,L2,L,False,59,True,L2,True,0.8950321958418084,False,0.45298314094543457,valid,False,0.018468804486540192,0.8950321958418084,0.061366230416543766,0.007077067950437546,0.000996864616249569,0.005747905254917342,0.009687274441223736,0.0014871472547257935,0.00011965528329388415,1.68544542596368e-05
P13,20,A,beta,1799551287-β-9,P13-T20-Aβ,17,57,A3,5,5,L1,L,False,57,True,L2,False,0.058711719252704894,False,0.4984557628631592,valid,False,0.058711719252704894,0.8563159028622613,0.07171065583157932,0.010513281403842917,0.0013670284280438223,0.000566774894052836,0.0006142454674917246,0.00018500717950181228,1.320234720629552e-05,2.182333315116017e-06
P13,20,A,beta,1799551287-β-9,P13-T20-Aβ,18,52,E3,2,2,L3,L,False,52,True,L1,False,0.024025138392849144,False,0.5540599822998047,valid,False,0.5893974331123027,0.37959341341723773,0.024025138392849144,0.005048548191927975,0.0019330531871917364,1.075974397017493e-06,1.0063338108645437e-06,3.032662926495049e-07,2.44006866469678e-08,3.7233033560014038e-09
P13,20,A,beta,1799551287-β-9,P13-T20-Aβ,19,55,G3,4,4,L2,L,False,55,True,L3,False,0.1700993416887047,False,0.45416784286499023,valid,False,0.007805333431402064,0.1700993416887047,0.637139451515223,0.16352870665365957,0.021138822474793532,8.253562277180423e-05,0.00014889075803174351,5.2706765755862006e-05,3.6137421054925844e-06,5.973475523574591e-07
P13,20,A,beta,1799551287-β-9,P13-T20-Aβ,20,60,C4,7,7,R4,R,False,60,True,R2,False,0.032791656724301135,False,0.4713327884674072,valid,False,0.0009689774240886738,0.028550810285607957,0.021184982895488043,0.0031603925058421673,0.0002602859027132654,0.011135899902057447,0.45951616231253894,0.4414982758696922,0.032791656724301135,0.0009325561776701097
P13,20,A,beta,1799551287-β-9,P13-T20-Aβ,21,57,A3,5,5,L1,L,False,57,True,L4,False,0.0013076981640119843,False,0.4529092311859131,valid,False,0.0013076981640119843,0.020453150106613922,0.3183390596386845,0.5923419153627834,0.06672028153307494,0.00019061342508809354,0.0004986175190115101,0.00013863426894462956,9.13249842181137e-06,8.974833654375758e-07
P13,20,A,beta,1799551287-β-9,P13-T20-Aβ,22,60,C4,7,7,L2,L,False,60,True,R4,False,0.006852192244174037,False,0.5824248790740967,valid,False,0.0003789556358410356,0.006852192244174037,0.047476310221492284,0.02139847239335269,0.0021607406804188684,0.006583692724069469,0.07752385318629709,0.29516383771986904,0.5167352137780358,0.025726731416449856
P13,20,A,beta,1799551287-β-9,P13-T20-Aβ,23,64,E4,9,9,R2,R,False,64,True,R4,False,0.0423343829311266,False,0.5304546356201172,valid,False,3.733152257255202e-05,0.0006587938569506437,0.0004431948649433517,0.000183430668993416,5.7845663764495515e-05,0.0009895569572714,0.0423343829311266,0.12944617043859769,0.4129246465478899,0.4129246465478899
P13,20,A,beta,1799551287-β-9,P13-T20-Aβ,24,59,B3,6,6,L1,L,False,59,True,R2,False,0.0017122153773748965,False,0.5528619289398193,valid,False,0.0017122153773748965,0.002548359880909343,0.0004749479633843911,8.504710226165188e-05,1.150987367303382e-05,0.01876600996071988,0.8087177496878722,0.1568751032858484,0.01033410890457186,0.0004749479633843911
P13,20,A,beta,1799551287-β-9,P13-T20-Aβ,25,62,D4,8,8,R1,R,False,62,True,R2,False,0.08224001721373642,False,0.3896479606628418,valid,False,0.00012952312803967073,6.922743821271296e-05,1.191022518012485e-05,2.604907823170889e-06,4.664508095597239e-07,0.08224001721373642,0.7725077267736234,0.13832998286521705,0.006108260350872618,0.0006002806464852075
P13,20,A,beta,1799551287-β-9,P13-T20-Aβ,26,60,C4,7,7,L3,L,False,60,True,R1,False,0.00019468352316911043,False,0.4900391101837158,valid,False,0.0026449921784707483,0.003910323092949425,0.00019468352316911043,2.8541959908656915e-05,5.319478552133826e-06,0.9011033915758373,0.0850823833555356,0.006577271561597006,0.0003842814712156774,6.881180276435268e-05
P13,20,A,beta,1799551287-β-9,P13-T20-Aβ,27,64,E4,9,9,R3,R,False,64,True,R3,True,0.4833452814581677,False,0.3670659065246582,valid,False,6.360081002936936e-05,4.6921995169784375e-05,2.3361085814746367e-06,3.42489782336638e-07,6.132832602206751e-08,0.03313967704235919,0.4286888081160555,0.4833452814581677,0.05145621576280552,0.003256754888723181
P13,20,A,beta,1799551287-β-9,P13-T20-Aβ,28,62,D4,8,8,R4,R,False,62,True,R2,False,0.005632194566945204,False,0.347337007522583,valid,False,0.0006588253502980165,0.0010496944952691407,6.643702084296445e-05,8.638720174813774e-06,1.265816212355206e-06,0.038416965232098234,0.8358917883607061,0.1177423973693574,0.005632194566945204,0.0005317930680959674
P13,20,A,beta,1799551287-β-9,P13-T20-Aβ,29,64,E4,9,9,R5,R,False,64,True,R3,False,0.0028391577961735474,False,0.2826499938964844,valid,False,8.058691922224695e-05,8.403746711925408e-05,5.3188799024427545e-06,7.19832118098617e-07,1.1422615992550309e-07,0.019365777415462818,0.4213683777208255,0.494480371947572,0.06177553779544413,0.0028391577961735474
P13,21,B,alpha,1799551287-α-5,P13-T21-Bα,0,60,C4,7,7,R5,R,False,60,True,R5,True,0.4852755036809487,False,1.4228038787841797,valid,False,0.0006142819715241696,0.0035479104375608548,0.00054048779585771,0.00010484384549818957,1.3596807373528117e-05,0.0009138918110463828,0.011956657622459692,0.06663206437488511,0.4304007616528456,0.4852755036809487
P13,21,B,alpha,1799551287-α-5,P13-T21-Bα,1,62,D4,8,8,R4,R,False,62,True,R4,True,0.5629184673202081,False,1.0134646892547607,valid,False,0.00021962369906952284,0.005004931436072903,0.0025080920561872983,0.00036785099753222644,3.562495843539577e-05,0.0021737311986376046,0.07716731786313404,0.30608809446379404,0.5629184673202081,0.043516266006928796
P13,21,B,alpha,1799551287-α-5,P13-T21-Bα,2,59,B3,6,6,L1,L,False,59,True,L1,True,0.7583427603853798,False,1.1505770683288574,valid,False,0.7583427603853798,0.219452426643864,0.019127660361677176,0.0019564575664183805,0.0002647777388916455,0.0006574248700722171,0.00014531310408240084,4.5553650030988355e-05,6.165016129405339e-06,1.4606634537791375e-06
P13,21,B,alpha,1799551287-α-5,P13-T21-Bα,3,57,A3,5,5,L2,L,False,57,True,L2,True,0.8432968320467927,False,0.6403119564056396,valid,False,0.02462083855134566,0.8432968320467927,0.11257201834998999,0.015856716744674485,0.002145973251843261,0.0006666223412212774,0.0006727329589965691,0.0001531393756855812,1.2321533945530777e-05,2.8048455047033043e-06
P13,21,B,alpha,1799551287-α-5,P13-T21-Bα,4,59,B3,6,6,L3,L,False,59,True,L3,True,0.7255621714845346,False,0.6519930362701416,valid,False,0.0028742307965978118,0.0821321278410806,0.7255621714845346,0.15805628407569638,0.013655412021239436,0.005556759345218456,0.009271514691068324,0.0026830300279852273,0.00016981371503320143,3.8656001546025464e-05
P13,21,B,alpha,1799551287-α-5,P13-T21-Bα,5,57,A3,5,5,L4,L,False,57,True,L4,True,0.6288265009280983,False,0.6577930450439453,valid,False,0.002233831786417016,0.017848883892007082,0.2818734633120357,0.6288265009280983,0.06685621458289445,0.0007644290380985965,0.001226120825746025,0.00034090732441986624,2.432757947167241e-05,5.32073081122944e-06
P13,21,B,alpha,1799551287-α-5,P13-T21-Bα,6,59,B3,6,6,L3,L,False,59,True,L3,True,0.7747865209587917,False,0.6834101676940918,valid,False,0.0031018783733332547,0.09296380368173668,0.7747865209587917,0.10485595326186785,0.008180223602547877,0.004758096075321788,0.00878097574869335,0.0023457086081820084,0.0001887347921633174,3.8104897362218766e-05
P13,21,B,alpha,1799551287-α-5,P13-T21-Bα,7,57,A3,5,5,L2,L,False,57,True,L2,True,0.8792234518095865,False,0.7344441413879395,valid,False,0.03308364583558305,0.8792234518095865,0.07074197317756582,0.010794525168615406,0.0026395906487012505,0.001093382180071414,0.0018571426126689295,0.0005163549185830609,4.15457136923799e-05,8.387934932094384e-06
P13,21,B,alpha,1799551287-α-5,P13-T21-Bα,8,60,C4,7,7,R3,R,False,60,True,R3,True,0.4848958163716629,False,0.7335331439971924,valid,False,0.0037937959170315934,0.0022794497047231286,0.0003478214715112,5.749450254039765e-05,1.071547903886185e-05,0.009243624367017339,0.4300640092186779,0.4848958163716629,0.06562351264890753,0.0036837603188891992
P13,21,B,alpha,1799551287-α-5,P13-T21-Bα,9,62,D4,8,8,R2,R,False,62,True,R2,True,0.7652696390860122,False,0.7129547595977783,valid,False,0.000980098618731919,0.001323431839430289,0.0001588536789107303,2.4239499664858432e-05,4.108841532071822e-06,0.05419904683265602,0.7652696390860122,0.16737356679174206,0.009395475476557478,0.0012715393347625548
P13,21,B,alpha,1799551287-α-5,P13-T21-Bα,10,64,E4,9,9,R1,R,False,64,True,R1,True,0.6664827446020151,False,0.5873291492462158,valid,False,0.00017690216363728826,0.00016229001036603658,2.0282724800495037e-05,3.094943122345312e-06,4.670590466099578e-07,0.6664827446020151,0.2994700012340262,0.030631051511323393,0.0023679254865882,0.000685240265074272
P13,21,B,alpha,1799551287-α-5,P13-T21-Bα,11,59,B3,6,6,L1,L,False,59,True,L1,True,0.7305982363414912,False,0.7359707355499268,valid,False,0.7305982363414912,0.23837944250545662,0.024382452173962704,0.0035746372425132225,0.0005454542748775884,0.0015298226797729286,0.0008469307899702983,0.00012923325881032894,1.0398057182839618e-05,3.392675962095534e-06
P13,21,B,alpha,1799551287-α-5,P13-T21-Bα,12,62,D4,8,8,R2,R,False,62,True,R2,True,0.6329468133410036,False,0.6007938385009766,valid,False,0.0014301336633315825,0.0010104405212898113,0.00011196000109619413,1.6414115640823695e-05,2.823964290201317e-06,0.08562578251894896,0.6329468133410036,0.26253552217715986,0.014159508758338624,0.002160600938900414
P13,21,B,alpha,1799551287-α-5,P13-T21-Bα,13,60,C4,7,7,R3,R,False,60,True,R3,True,0.4937130800634405,False,0.5883872509002686,valid,False,0.0039643857624912186,0.008347436943463953,0.0010019564502206748,0.00015912814449527474,1.987991285856136e-05,0.007705655492943268,0.4378842205828396,0.4937130800634405,0.04478864013556717,0.002415616511679854
P13,21,B,alpha,1799551287-α-5,P13-T21-Bα,14,57,A3,5,5,L3,L,False,57,True,R3,False,0.0005475416635879404,False,0.7252681255340576,valid,False,0.016443104108783413,0.0040458160687531055,0.0005475416635879404,0.0001020475168901175,2.2319004977825617e-05,0.007082898932822139,0.25922159568430136,0.6004523439116156,0.10752068822868016,0.004561644879588374
P13,21,B,alpha,1799551287-α-5,P13-T21-Bα,15,55,G3,4,4,L4,L,False,55,True,L4,True,0.5577821031691578,False,0.8591310977935791,valid,False,0.000874573524029021,0.020160544159824743,0.3566499592638759,0.5577821031691578,0.0640176565924513,0.00020175993832342566,0.00021958154544917427,8.407621164390948e-05,7.938494668917493e-06,1.8071005756795977e-06
P13,21,B,alpha,1799551287-α-5,P13-T21-Bα,16,60,C4,7,7,R3,R,False,60,True,R2,True,0.45133368395187745,False,0.7056009769439697,valid,False,0.0010152406446513299,0.030797547818464863,0.004721879604658506,0.0005667748985821939,9.148067898881995e-05,0.011383978152608597,0.45133368395187745,0.45133368395187745,0.0461643078270189,0.002591422471271648
P13,21,B,alpha,1799551287-α-5,P13-T21-Bα,17,55,G3,4,4,L4,L,False,55,True,L4,True,0.4991652318666696,False,0.8614950180053711,valid,False,0.0012720133251687465,0.040483165135530644,0.4086819261965438,0.4991652318666696,0.04963474435482011,0.00032423957747120967,0.0003045888755503517,0.00012159458604794277,1.0598287653105848e-05,1.897794544499603e-06
P13,21,B,alpha,1799551287-α-5,P13-T21-Bα,18,57,A3,5,5,L3,L,False,57,True,L3,True,0.6293491125212547,False,0.6995351314544678,valid,False,0.00561075970742896,0.2918707951827418,0.6293491125212547,0.06184839388438648,0.006584287511190714,0.0017201566824416674,0.0022359945783602185,0.0007009534008443561,6.618417655793127e-05,1.3362354793389824e-05
P13,21,B,alpha,1799551287-α-5,P13-T21-Bα,19,62,D4,8,8,R1,R,False,62,True,R1,True,0.6843608700910259,False,0.7048320770263672,valid,False,0.0010211095234964824,0.004538111175091731,0.0008594053059439275,0.00011630786049496921,1.2381960875845203e-05,0.6843608700910259,0.26203690859759166,0.04331440966420339,0.00309097126372295,0.0006495245575532039
P13,21,B,alpha,1799551287-α-5,P13-T21-Bα,20,64,E4,9,9,R2,R,False,64,True,R2,True,0.684013943566188,False,0.6483798027038574,valid,False,0.00021238640727208765,0.0003708262342997112,5.223399779955473e-05,7.657867737316114e-06,9.191863354353981e-07,0.11306674439955391,0.684013943566188,0.1901813903414864,0.010257183637024674,0.0018367143623028088
P13,21,B,alpha,1799551287-α-5,P13-T21-Bα,21,62,D4,8,8,R3,R,False,62,True,R3,True,0.5178876543746419,False,0.6443278789520264,valid,False,0.0007711080620496162,0.0019150779663264414,0.00022986992702457145,3.6507350149428096e-05,4.210214574761725e-06,0.016605904672706808,0.3760636215364987,0.5178876543746419,0.07902453195121113,0.007461513944816678
P13,21,B,alpha,1799551287-α-5,P13-T21-Bα,22,59,B3,6,6,L3,L,False,59,True,L3,True,0.7196016754137168,False,0.7084968090057373,valid,False,0.0038680964295010043,0.14786424580370816,0.7196016754137168,0.10136195569091451,0.008488377121890421,0.0058622993530956105,0.009961202829616584,0.002769585944013316,0.0001898915480229062,3.266986552074916e-05
P13,21,B,alpha,1799551287-α-5,P13-T21-Bα,23,57,A3,5,5,L4,L,False,57,True,L4,True,0.6241896018129212,False,1.2144138813018799,valid,False,0.0011470632314924318,0.016541382019600037,0.23885298800885765,0.6241896018129212,0.11294091885950854,0.0021915284357639482,0.0030540059995259154,0.000996460450302846,7.110868279633926e-05,1.4942499231084132e-05
P13,21,B,alpha,1799551287-α-5,P13-T21-Bα,24,55,G3,4,4,L5,L,False,55,True,L5,True,0.8952755411762056,False,0.9514381885528564,valid,False,0.0011157573578972754,0.001640795800081778,0.00954954284386241,0.09154253167227885,0.8952755411762056,0.0003972162076926996,0.00036682570504494987,0.00010199122876753747,8.206174158537666e-06,1.59183401031956e-06
P13,21,B,alpha,1799551287-α-5,P13-T21-Bα,25,57,A3,5,5,L4,L,False,57,True,L4,True,0.7066107270662978,False,0.787531852722168,valid,False,0.0013393850857846762,0.014544055424790358,0.17987630243035935,0.7066107270662978,0.09333796772193513,0.0014744487579819872,0.002139302659863025,0.0006190804271593922,4.9810967715577226e-05,8.919458112572176e-06
P13,21,B,alpha,1799551287-α-5,P13-T21-Bα,26,55,G3,4,4,L5,L,False,55,True,L5,True,0.8367497699444085,False,0.8119959831237793,valid,False,0.0014745412467359134,0.002112550286402224,0.014697444131261955,0.14373294660455702,0.8367497699444085,0.0004798048785914959,0.0005766758618689521,0.00016033739987056248,1.3427171048226661e-05,2.502475255219251e-06
P13,21,B,alpha,1799551287-α-5,P13-T21-Bα,27,53,F3,3,3,L4,L,False,53,True,L4,True,0.5251985978130266,False,1.3000447750091553,valid,False,0.0009074616528095945,0.02217509919426961,0.33824702529338585,0.5251985978130266,0.11337206730281431,3.7866574232223545e-05,4.7065100088195264e-05,1.3085853374081208e-05,1.4499538837145998e-06,2.8126211568280137e-07
P13,21,B,alpha,1799551287-α-5,P13-T21-Bα,28,64,E4,9,9,R2,R,False,64,True,R2,True,0.7289855459515072,False,0.648813009262085,valid,False,0.00041063229279743015,0.00039520680449105276,4.207312532662124e-05,6.41994264311176e-06,8.347768657972573e-07,0.09478905078908,0.7289855459515072,0.16594458454561278,0.0082618943760492,0.0011637573956267526
P13,21,B,alpha,1799551287-α-5,P13-T21-Bα,29,65,F4,10,10,R1,R,False,65,True,R1,True,0.7129867087200634,False,0.7399749755859375,valid,False,6.631218500509636e-05,6.389352703376619e-05,6.279045998517406e-06,9.581202929661106e-07,1.1048970139104022e-07,0.7129867087200634,0.26229315196660286,0.02196527459642736,0.0019926447548278166,0.0006246665940467275
P13,22,A,alpha,1799551287-α-7,P13-T22-Aα,0,60,C4,7,7,L3,L,False,60,True,R3,False,0.003300238658641746,False,0.9736909866333008,valid,False,0.0019436789074404916,0.020267732891028026,0.003300238658641746,0.00044663873361569945,4.7548491578570865e-05,0.010957178219625828,0.4344126056186948,0.4897988451214714,0.034952667415119903,0.0038728659427835193
P13,22,A,alpha,1799551287-α-7,P13-T22-Aα,1,59,B3,6,6,L4,L,False,59,True,L4,True,0.6303311793855689,False,0.4450497627258301,valid,False,0.0009610512632664454,0.021813443255283275,0.28400074882042603,0.6303311793855689,0.055715174672396645,0.0018313058132001985,0.003766873559444258,0.0014423090882789546,0.00011149732970841684,2.6416812426856765e-05
P13,22,A,alpha,1799551287-α-7,P13-T22-Aα,2,64,E4,9,9,R1,R,False,64,True,R3,False,0.030752021374450555,False,0.3439621925354004,valid,False,0.00021733649516193792,0.00040606921415858605,5.996199871562367e-05,8.44615245435247e-06,1.0520224013940813e-06,0.030752021374450555,0.39780253058356824,0.5057061290000657,0.05832062053662263,0.006725832622400918
P13,22,A,alpha,1799551287-α-7,P13-T22-Aα,3,65,F4,10,10,R2,R,False,65,True,R1,False,0.2451268157663749,False,0.4815378189086914,valid,False,2.116375304275305e-05,9.483286856379406e-06,1.184749039307507e-06,1.958376990191238e-07,3.798860513788051e-08,0.7218199218050503,0.2451268157663749,0.03062374510925604,0.001938230981759714,0.00045922072231657725
P13,22,A,alpha,1799551287-α-7,P13-T22-Aα,4,64,E4,9,9,R3,R,False,64,True,R4,False,0.23975201728052073,False,0.36861085891723633,valid,False,3.006486018086785e-05,1.0457928583027636e-05,1.4730873063103332e-06,2.5343710501362564e-07,4.9161740348624286e-08,0.005228762865256016,0.053898059214877024,0.23975201728052073,0.4197272635435233,0.2813515986209075
P13,22,A,alpha,1799551287-α-7,P13-T22-Aα,5,62,D4,8,8,R2,R,False,62,True,R2,True,0.614717633225842,False,0.40810179710388184,valid,False,0.0007360540658509912,0.013423798518175888,0.004561325653552041,0.0005541852688817841,6.929354591977534e-05,0.030604988832346507,0.614717633225842,0.3241359509256599,0.010393317269878206,0.0008034526938927996
P13,22,A,alpha,1799551287-α-7,P13-T22-Aα,6,64,E4,9,9,R4,R,False,64,True,R2,False,0.05265784455976358,False,0.3507380485534668,valid,False,8.347136484312937e-05,0.002268971299371484,0.002813347833976795,0.0005026107203064184,3.560326504066399e-05,0.023654301122242004,0.45660341897568096,0.45660341897568096,0.05265784455976358,0.004777011883093779
P13,22,A,alpha,1799551287-α-7,P13-T22-Aα,7,60,C4,7,7,L3,L,False,60,True,R2,False,0.08265172741232796,False,0.3273918628692627,valid,False,0.0004411060431601881,0.02063174797004139,0.08265172741232796,0.014660108824600603,0.001226536573174387,0.017679085459715443,0.7592888932388142,0.09872935597214977,0.0041886660935200664,0.0005027724124959353
P13,22,A,alpha,1799551287-α-7,P13-T22-Aα,8,59,B3,6,6,L2,L,False,59,True,R1,False,0.010548751226250565,False,0.5408248901367188,valid,False,0.0003455468374081856,0.010548751226250565,0.08287827119594043,0.1002402128664409,0.012328855563058135,0.6904702720752465,0.0897809593778203,0.012646404166736253,0.0006820672078026725,7.865948329593655e-05
P13,22,A,alpha,1799551287-α-7,P13-T22-Aα,9,62,D4,8,8,R5,R,False,62,True,R2,False,0.0008356345342569036,False,0.3247089385986328,valid,False,0.0009085799149910523,0.019866156844719787,0.009861126779475681,0.0012974957733780518,0.00011216974892822182,0.07084086890226542,0.750272203392119,0.1398312136580381,0.006174550451828046,0.0008356345342569036
P13,22,A,alpha,1799551287-α-7,P13-T22-Aα,10,64,E4,9,9,R4,R,False,64,True,R2,False,0.039050097397995275,False,0.25658082962036133,valid,False,0.00011736173383975128,0.00024081622108248823,3.421282758915512e-05,5.433593217549462e-06,6.515840557069204e-07,0.02514968497115297,0.46630753857222285,0.46630753857222285,0.039050097397995275,0.0027866645266214703
P13,22,A,alpha,1799551287-α-7,P13-T22-Aα,11,60,C4,7,7,L2,L,False,60,True,R2,False,0.002944308289987158,False,0.32209300994873047,valid,False,0.0052376238169141946,0.002944308289987158,0.00019395558555852652,2.4230912460927027e-05,4.700313423917521e-06,0.031865142822222504,0.8977340923199214,0.05913801287178458,0.002611367194385357,0.0002465658733413674
P13,22,A,alpha,1799551287-α-7,P13-T22-Aα,12,59,B3,6,6,L3,L,False,59,True,R1,False,0.0038509763880028762,False,0.4030625820159912,valid,False,0.022264282702722366,0.0633279464245425,0.0038509763880028762,0.000521172980207877,8.614931419949301e-05,0.8191987459163812,0.0837910938684202,0.006477448762958388,0.00042670034656949155,5.5483295995808556e-05
P13,22,A,alpha,1799551287-α-7,P13-T22-Aα,13,62,D4,8,8,R1,R,False,62,True,R2,False,0.08784560589771705,False,0.34508228302001953,valid,False,0.0011660311320903388,0.0014270092136673012,9.031793659850399e-05,9.615112448896913e-06,1.409642426674488e-06,0.08784560589771705,0.7617213414302337,0.1419650350364256,0.005132438026629199,0.0006411965717628595
P13,22,A,alpha,1799551287-α-7,P13-T22-Aα,14,64,E4,9,9,R2,R,False,64,True,R3,True,0.40757686681882643,False,0.31953907012939453,valid,False,0.00010332614945663685,3.6524556825435835e-05,3.3134330400063798e-06,4.66724945842916e-07,8.029762975036513e-08,0.030272192296021253,0.40757686681882643,0.49781550929479484,0.05975360627891445,0.004438114149545466
P13,22,A,alpha,1799551287-α-7,P13-T22-Aα,15,62,D4,8,8,R1,R,False,62,True,R4,False,0.019269224911688667,False,0.3300032615661621,valid,False,0.0005846216706897752,0.000323881299065453,2.7122864692731705e-05,3.976400796873928e-06,6.841193336040448e-07,0.019269224911688667,0.0771870746451531,0.290795947182136,0.5739956447656798,0.03781182214076398
P13,22,A,alpha,1799551287-α-7,P13-T22-Aα,16,64,E4,9,9,R2,R,False,64,True,R4,False,0.023598426349812813,False,0.48076605796813965,valid,False,0.00012473252254153905,0.000728802037579817,9.238399084646206e-05,9.449423216945852e-06,1.1682343920997272e-06,0.014713800566273971,0.023598426349812813,0.11422822552739322,0.48212259366640736,0.3643804176815358
P13,22,A,alpha,1799551287-α-7,P13-T22-Aα,17,65,F4,10,10,R1,R,False,65,True,R2,False,0.019073587551273273,False,0.4612002372741699,valid,False,2.7334479629490332e-05,0.00024913282113212047,3.870852292062294e-05,3.8040253408582285e-06,4.4720796875306325e-07,0.019073587551273273,0.48701967725795975,0.4679233625688206,0.024247281968137076,0.0014166635968174408
P13,22,A,alpha,1799551287-α-7,P13-T22-Aα,18,64,E4,9,9,R2,R,False,64,True,R2,True,0.8248220228092134,False,0.2788810729980469,valid,False,0.00015150182105965387,0.0035893189203179345,0.0007827457812467069,6.823263108742337e-05,8.102992412474456e-06,0.01820157217213775,0.8248220228092134,0.1419063925924642,0.009348048763565302,0.0011220615164952538
P13,22,A,alpha,1799551287-α-7,P13-T22-Aα,19,62,D4,8,8,R1,R,False,62,True,R1,True,0.629159144719441,False,0.4314281940460205,valid,False,0.00033365546965797617,0.01717665155753237,0.005164690581437194,0.000469721288657944,5.121182709647535e-05,0.629159144719441,0.3187427136170699,0.026692542972302998,0.0017583647133166684,0.0004513032534875725
P13,22,A,alpha,1799551287-α-7,P13-T22-Aα,20,57,A3,5,5,L3,L,False,57,True,L4,False,0.26562950585574246,False,0.5612459182739258,valid,False,0.0008002202390806081,0.01808731807546598,0.26562950585574246,0.6361390770050228,0.07696099967405952,0.0011683216982836724,0.0010569815101478487,0.00014304689205172171,1.2468088910218196e-05,2.0609612351069586e-06
P13,22,A,alpha,1799551287-α-7,P13-T22-Aα,21,59,B3,6,6,L2,L,False,59,True,R2,False,0.12424206195981671,False,0.42362284660339355,valid,False,0.0030105143644008894,0.12424206195981671,0.022195834132387526,0.00300387949897954,0.0003375822304279973,0.01267846163610465,0.6922205505975052,0.13427697167952854,0.007537605959316028,0.0004965379415329345
P13,22,A,alpha,1799551287-α-7,P13-T22-Aα,22,64,E4,9,9,R5,R,False,64,True,R3,False,0.006912859376427933,False,0.34301209449768066,valid,False,4.048060010552573e-05,1.195486888934408e-05,1.27269746200963e-06,2.674396444938885e-07,4.9843789894892316e-08,0.031385619520917146,0.3347497892021114,0.5409805654689993,0.08591714098165296,0.006912859376427933
P13,22,A,alpha,1799551287-α-7,P13-T22-Aα,23,65,F4,10,10,R4,R,False,65,True,R4,True,0.4368358828838188,False,0.3701667785644531,valid,False,2.8473469057415806e-05,7.054275564527269e-05,1.0047389499778319e-05,1.306449104349606e-06,1.4472764311435818e-07,0.023767946680996348,0.12145666961810465,0.40325034417829114,0.4368358828838188,0.014578641847839071
P13,22,A,alpha,1799551287-α-7,P13-T22-Aα,24,60,C4,7,7,L2,L,False,60,True,R2,False,0.021656787076016964,False,0.34084510803222656,valid,False,0.0016188176239140067,0.021656787076016964,0.0031103355189700485,0.0003733386375590018,4.6540003217375874e-05,0.01341494523762518,0.461614720239297,0.461614720239297,0.03568500613290528,0.0008647892911981168
P13,22,A,alpha,1799551287-α-7,P13-T22-Aα,25,59,B3,6,6,L1,L,False,59,True,L3,False,0.0025826526945100653,False,0.437701940536499,valid,False,0.0025826526945100653,0.10736310051505661,0.7575461890049768,0.11106154544344372,0.009852595437886427,0.0022349328570330116,0.007925492881738409,0.0013100751619594562,0.00010970991983070344,1.3706083564739246e-05
P13,22,A,alpha,1799551287-α-7,P13-T22-Aα,26,60,C4,7,7,L2,L,False,60,True,R2,False,0.018634364441541606,False,0.34627699851989746,valid,False,0.002654102525512149,0.018634364441541606,0.0024504057487077387,0.00034516028437882275,3.947682201876491e-05,0.022114944961178308,0.6117071302084955,0.32254853549205437,0.018106185542343632,0.001399693973769101
P13,22,A,alpha,1799551287-α-7,P13-T22-Aα,27,59,B3,6,6,L2,L,False,59,True,L2,True,0.8684715841576823,False,0.3624718189239502,valid,False,0.03212595366633217,0.8684715841576823,0.061975234819137984,0.008387435957903623,0.0010478441540229199,0.002955897272256206,0.017717662632956075,0.006867051758207777,0.00040121207218598567,5.0123509314828154e-05
P13,22,A,alpha,1799551287-α-7,P13-T22-Aα,28,64,E4,9,9,R4,R,False,64,True,R3,False,0.06669766636821897,False,0.3277151584625244,valid,False,0.0001382447358731961,0.00015261604298815086,1.561021088910738e-05,2.112612312060603e-06,3.2236373612062213e-07,0.015802528601950052,0.41996440820868164,0.49283279846253014,0.06669766636821897,0.004393692392820582
P13,22,A,alpha,1799551287-α-7,P13-T22-Aα,29,59,B3,6,6,L2,L,False,59,True,L2,True,0.9057518792534569,False,0.3969149589538574,valid,False,0.01483987732040902,0.9057518792534569,0.02680974402815904,0.002634689674782308,0.0003565664733772427,0.0021867648854850034,0.027390446033199043,0.016559596941749813,0.003349347010427588,0.00012108837895390693
P13,23,C,beta,1799551287-β-8,P13-T23-Cβ,0,62,D4,8,8,R3,R,False,62,True,R3,True,0.5198694894966939,False,0.7063500881195068,valid,False,0.0001395928656178628,0.002946816947702368,0.002856888415145748,0.001064481073915076,0.0001310952575673718,0.0077823929057601994,0.3595294237209656,0.5198694894966939,0.0968901437790771,0.008789675537554779
P13,23,C,beta,1799551287-β-8,P13-T23-Cβ,1,59,B3,6,6,L3,L,False,59,True,L3,True,0.7005969955195757,False,0.5468189716339111,valid,False,0.011882554122676685,0.18002753334098984,0.7005969955195757,0.09109772417270875,0.007628817266330796,0.0022218168417402727,0.004594985249651724,0.0018074785763072258,0.00012392643225790705,1.8168477760984382e-05
P13,23,C,beta,1799551287-β-8,P13-T23-Cβ,2,60,C4,7,7,R4,R,False,60,True,R4,True,0.4931832719032919,False,0.5496129989624023,valid,False,0.0018767199439005012,0.02767703723909441,0.005370284320690071,0.0006914324840927929,8.830301819564616e-05,0.0054702568226550384,0.06834864652949711,0.3727398984624464,0.4931832719032919,0.024554149276136028
P13,23,C,beta,1799551287-β-8,P13-T23-Cβ,3,64,E4,9,9,R4,R,False,64,True,R4,True,0.6174106288019776,False,0.5524249076843262,valid,False,0.00022892997931564464,0.0011045757182289164,0.00015039867570510045,2.198757437049387e-05,2.791400632968832e-06,0.004560437670465111,0.09616563213002437,0.266542665730779,0.6174106288019776,0.013811952318500787
P13,23,C,beta,1799551287-β-8,P13-T23-Cβ,4,60,C4,7,7,L5,L,False,60,True,L5,True,0.7523071246042684,False,1.1370360851287842,valid,False,0.004495804600711196,0.006815080693108858,0.023852724726492597,0.21006014924443278,0.7523071246042684,0.0005304773222700153,0.0016254205240909278,0.00028454742337842017,2.5813559862666215e-05,2.857301384272573e-06
P13,23,C,beta,1799551287-β-8,P13-T23-Cβ,5,60,C4,7,7,R2,R,False,60,True,R2,True,0.8875612444029038,False,0.4203968048095703,valid,False,8.278383440940684e-05,0.0007688364944629998,0.002687140257303675,0.005096110117987006,0.0035482300936708643,0.016256251244119127,0.8875612444029038,0.08051773951123548,0.0032820805218339378,0.00019958352207372968
P13,23,C,beta,1799551287-β-8,P13-T23-Cβ,6,57,A3,5,5,L2,L,False,57,True,L2,True,0.8357305475486313,False,0.6700317859649658,valid,False,0.015112567226149256,0.8357305475486313,0.12752421263470412,0.01658180897467685,0.003984867883433404,0.00040522525167361435,0.0005533891873424481,9.909327007328396e-05,7.0714215569233765e-06,1.2166017587962666e-06
P13,23,C,beta,1799551287-β-8,P13-T23-Cβ,7,55,G3,4,4,L3,L,False,55,True,L3,True,0.672270410667569,False,0.565392017364502,valid,False,0.004341073264154169,0.1203808727931192,0.672270410667569,0.17254544592482435,0.03031848597574709,5.4978026470552625e-05,7.65861258288832e-05,1.1228059249105312e-05,7.698311571497737e-07,1.4933188042075927e-07
P13,23,C,beta,1799551287-β-8,P13-T23-Cβ,8,50,D3,1,1,L2,L,False,50,True,L2,True,0.7942635650982196,False,1.0205819606781006,valid,False,0.03926069815149483,0.7942635650982196,0.12119676139717696,0.032375933453117976,0.012902425953952619,2.687978212086383e-07,2.9618376579098244e-07,4.713076205873897e-08,3.231433704441914e-09,6.022551478045992e-10
P13,23,C,beta,1799551287-β-8,P13-T23-Cβ,9,55,G3,4,4,L3,L,False,55,True,L3,True,0.7130586612087148,False,0.6190640926361084,valid,False,0.0036312018833401186,0.11703424346022177,0.7130586612087148,0.14983934560207646,0.016002146968805284,0.00015059599635225502,0.00023910887204956792,4.115391119189993e-05,3.0566482417373312e-06,4.854490062669677e-07
P13,23,C,beta,1799551287-β-8,P13-T23-Cβ,10,60,C4,7,7,R2,R,False,60,True,R2,True,0.8308796084856186,False,0.41664814949035645,valid,False,0.0007805648386953265,0.001002487998836394,0.00017247291124404974,3.345630261715406e-05,6.4788280048424e-06,0.052587839715020755,0.8308796084856186,0.10803820438655622,0.005826898731876476,0.0006719878015301875
P13,23,C,beta,1799551287-β-8,P13-T23-Cβ,11,64,E4,9,9,R4,R,False,64,True,R3,True,0.4198062817628072,False,0.4834470748901367,valid,False,1.3494850907511794e-05,4.5484830808655494e-05,7.595444426169114e-06,1.5960768507389237e-06,2.208237635442942e-07,0.01196028500319677,0.1354256147680344,0.4198062817628072,0.4198062817628072,0.012933144676397714
P13,23,C,beta,1799551287-β-8,P13-T23-Cβ,12,60,C4,7,7,R3,R,False,60,True,R2,True,0.46051689500209064,False,0.39171910285949707,valid,False,0.0003007177126295612,0.002050156223080324,0.00037245075300860434,8.14594069872851e-05,1.0950559021896084e-05,0.008778886202642968,0.49887199680159156,0.46051689500209064,0.02800406122504806,0.0010124261138991773
P13,23,C,beta,1799551287-β-8,P13-T23-Cβ,13,57,A3,5,5,L5,L,False,57,True,L5,True,0.8851532508103956,False,0.9040751457214355,valid,False,0.001156083434193902,0.0017667433159915522,0.012789083156969255,0.09807777582447891,0.8851532508103956,0.0003492763224916752,0.0005887480424371113,0.00010923658926919847,8.789133015259906e-06,1.0133707573135763e-06
P13,23,C,beta,1799551287-β-8,P13-T23-Cβ,14,60,C4,7,7,L3,L,False,60,True,L3,True,0.7024932943483476,False,0.43897390365600586,valid,False,0.0036760069064768084,0.09798988856032737,0.7024932943483476,0.10299040780135313,0.0062586088897510295,0.012866613501041582,0.06165355200672233,0.010964204779941382,0.0009556494242232166,0.00015177378181569203
P13,23,C,beta,1799551287-β-8,P13-T23-Cβ,15,57,A3,5,5,L4,L,False,57,True,L4,True,0.6521261087798057,False,0.5174407958984375,valid,False,0.001878073483495567,0.02001659625959273,0.2496944478104197,0.6521261087798057,0.07289227115914404,0.0008397214677112141,0.0021313221740095465,0.00038298401061964644,3.338121246193286e-05,5.0936427398593505e-06
P13,23,C,beta,1799551287-β-8,P13-T23-Cβ,16,60,C4,7,7,L2,L,False,60,True,L2,True,0.7495457383649755,False,0.5098180770874023,valid,False,0.009523695659162949,0.7495457383649755,0.05139122000519988,0.005399542301454639,0.0008846877716881922,0.02653142315669651,0.13396892644366531,0.020480379716635556,0.0020126803492926146,0.00026170623122885866
P13,23,C,beta,1799551287-β-8,P13-T23-Cβ,17,64,E4,9,9,R2,R,False,64,True,R2,True,0.6897418611551112,False,0.44768404960632324,valid,False,0.0005092658309302768,0.0005344723191798013,6.181046534674927e-05,1.3772673660150071e-05,2.34063790024724e-06,0.13379615539666698,0.6897418611551112,0.16341899323271572,0.010343077065250736,0.00157825122323821
P13,23,C,beta,1799551287-β-8,P13-T23-Cβ,18,59,B3,6,6,L1,L,False,59,True,L1,True,0.6543499942927921,False,0.5795819759368896,valid,False,0.6543499942927921,0.2940184051056901,0.023656605251928548,0.003757081156538753,0.0006727660500922526,0.005039303848928814,0.015206575933850568,0.0030760378846680678,0.00019468787726189082,2.8542598248972282e-05
P13,23,C,beta,1799551287-β-8,P13-T23-Cβ,19,55,G3,4,4,L2,L,False,55,True,L2,True,0.6844226028691813,False,0.5875120162963867,valid,False,0.07474466822125758,0.6844226028691813,0.20614412648608116,0.0278985737455579,0.006101749707166489,0.0001973081222552599,0.00039919591266418595,8.446445933258096e-05,6.273477626569876e-06,1.0369988769549972e-06
P13,23,C,beta,1799551287-β-8,P13-T23-Cβ,20,60,C4,7,7,L3,L,False,60,True,L3,True,0.6333515055438679,False,0.5956320762634277,valid,False,0.010096950774188606,0.13336346247919173,0.6333515055438679,0.1089648735234188,0.008093211056256641,0.012897457404799901,0.07421829207533151,0.01730552074905552,0.0014492201280785844,0.00025950626581083304
P13,23,C,beta,1799551287-β-8,P13-T23-Cβ,21,64,E4,9,9,R2,R,False,64,True,R2,True,0.7488511746421697,False,0.500128984451294,valid,False,0.00020809843863898664,0.00014349433312675907,2.569497748013735e-05,3.920799331114904e-06,5.74816479057465e-07,0.12378426661177977,0.7488511746421697,0.11893061609381353,0.006948600448849438,0.0011035588383316616
P13,23,C,beta,1799551287-β-8,P13-T23-Cβ,22,60,C4,7,7,R3,R,False,60,True,R3,True,0.5380115039502499,False,0.439816951751709,valid,False,0.0063750168522998755,0.008397045709520596,0.001333597186488223,0.00022044213226193911,3.363728827512227e-05,0.005628708066569217,0.3906765355280422,0.5380115039502499,0.04689354078064489,0.0024299725056480775
P13,23,C,beta,1799551287-β-8,P13-T23-Cβ,23,57,A3,5,5,L2,L,False,57,True,L2,True,0.8185905624257889,False,0.6607992649078369,valid,False,0.06586347474165756,0.8185905624257889,0.09440405569236977,0.01277619961581182,0.0015335480460733407,0.0006515374671136992,0.004451172205287355,0.001596133329094818,0.0001233886727185748,9.927804084283293e-06
P13,23,C,beta,1799551287-β-8,P13-T23-Cβ,24,62,D4,8,8,R4,R,False,62,True,R4,True,0.5426401841157176,False,0.6043367385864258,valid,False,0.001374125942274175,0.001058069959915725,0.00012202204619401894,1.8619356933416735e-05,2.5198559442675426e-06,0.004735742945896721,0.09464528484784324,0.30996099157548757,0.5426401841157176,0.04544243935379329
P13,23,C,beta,1799551287-β-8,P13-T23-Cβ,25,59,B3,6,6,L1,L,False,59,True,L1,True,0.6158845246018314,False,0.7314319610595703,valid,False,0.6158845246018314,0.3120175654982908,0.04222698560150954,0.004319153724238826,0.0006590601235618414,0.003378811331934195,0.01594301216704103,0.005275426271703073,0.00026264800845890646,3.2812671430306255e-05
P13,23,C,beta,1799551287-β-8,P13-T23-Cβ,26,60,C4,7,7,L2,L,False,60,True,L2,True,0.5546659392424477,False,0.45992398262023926,valid,False,0.017438057853409784,0.5546659392424477,0.25939863798961094,0.033729270501408594,0.0018933846001649142,0.009909002246111607,0.0938856691500262,0.026532383909858234,0.0022219074112620092,0.0003257470957000334
P13,23,C,beta,1799551287-β-8,P13-T23-Cβ,27,60,C4,7,7,R2,R,False,60,True,R2,True,0.6520840748549209,False,0.3919718265533447,valid,False,0.00749013213436011,0.147481267644201,0.03660458488989649,0.004573018557735792,0.000431785432902246,0.03660458488989649,0.6520840748549209,0.10778877260052024,0.006297630822681536,0.0006441481728852983
P13,23,C,beta,1799551287-β-8,P13-T23-Cβ,28,65,F4,10,10,R2,R,False,65,True,R2,True,0.7900950853835349,False,0.7334980964660645,valid,False,0.00018779097323656202,0.0006082154920415249,0.00011909346183768328,1.611754738943159e-05,1.4621509112143496e-06,0.07167580905001791,0.7900950853835349,0.1306018392032378,0.00600236344677881,0.0006922232910142083
P13,23,C,beta,1799551287-β-8,P13-T23-Cβ,29,62,D4,8,8,R4,R,False,62,True,R4,True,0.5113110447471552,False,0.4984018802642822,valid,False,0.0018586704216862714,0.02099925399153667,0.004042964067992469,0.00048528356109443994,4.063921073291591e-05,0.0042325937523524345,0.07923040921222155,0.3427420430534439,0.5113110447471552,0.035057097981784094
P13,24,B,beta,1799551287-β-3,P13-T24-Bβ,0,62,D4,8,8,R3,R,False,62,True,R3,True,0.5301454530237159,False,0.6800246238708496,valid,False,0.0017457928218367728,0.003717871802828626,0.0004644745132545063,6.285978980748649e-05,8.173577434756279e-06,0.009554230888600999,0.3269572961703637,0.5301454530237159,0.11594911238995362,0.011394735022203846
P13,24,B,beta,1799551287-β-3,P13-T24-Bβ,1,64,E4,9,9,R3,R,False,64,True,R2,True,0.4757465201769072,False,0.9599511623382568,valid,False,0.0002927262893519187,0.0032915390712293766,0.0008894493690748611,0.00011134577735779951,1.320991365535061e-05,0.010642816864242276,0.4757465201769072,0.4757465201769072,0.03261868200125058,0.0006471903600232988
P13,24,B,beta,1799551287-β-3,P13-T24-Bβ,2,60,C4,7,7,L4,L,False,60,True,L4,True,0.6686011368475777,False,1.1845519542694092,valid,False,0.0026783144881201847,0.02172522569005386,0.19070977859719623,0.6686011368475777,0.05084568848280148,0.0067239216883850286,0.04025884105720868,0.01686410964951076,0.0014698901561995728,0.00012309334294636904
P13,24,B,beta,1799551287-β-3,P13-T24-Bβ,3,57,A3,5,5,L4,L,False,57,True,L4,True,0.6143750051254914,False,0.7006311416625977,valid,False,0.0016282598553107293,0.02168446119066052,0.3239552857240807,0.6143750051254914,0.037306862541059874,0.0002531554799331733,0.0006068980247769879,0.00017562671026884319,1.2532945012796228e-05,1.9124034049477885e-06
P13,24,B,beta,1799551287-β-3,P13-T24-Bβ,4,60,C4,7,7,R3,R,False,60,True,R2,True,0.41059977706657863,False,0.7032239437103271,valid,False,0.000769217866344123,0.041997872474831534,0.08031309770390825,0.007271485274487217,0.0005552605798119201,0.003965448492843437,0.41059977706657863,0.41059977706657863,0.041997872474831534,0.001930190999784611
P13,24,B,beta,1799551287-β-3,P13-T24-Bβ,5,65,F4,10,10,R2,R,False,65,True,R2,True,0.8325152789552971,False,0.6537883281707764,valid,False,0.0001758249001564981,0.0008682885379017188,0.00012056714935361032,1.390442109241927e-05,1.7301911999032922e-06,0.07256274056885258,0.8325152789552971,0.08862833147045736,0.004412544798249368,0.0007007890074394464
P13,24,B,beta,1799551287-β-3,P13-T24-Bβ,6,64,E4,9,9,R4,R,False,64,True,R4,True,0.5407085918280556,False,0.686621904373169,valid,False,0.00040038165617771416,0.003762729344826116,0.000555926318862829,6.672874138548473e-05,7.942449131615433e-06,0.006406975240822987,0.10188745307403399,0.33458149643008644,0.5407085918280556,0.011621774916617176
P13,24,B,beta,1799551287-β-3,P13-T24-Bβ,7,59,B3,6,6,L5,L,False,59,True,L5,True,0.7674225919103517,False,0.9251759052276611,valid,False,0.002959387702529189,0.006252414800058218,0.028724610706143863,0.18924408122529118,0.7674225919103517,0.0016590158046675535,0.002726551481018798,0.0009259246833945658,7.449953590561206e-05,1.0922150639242728e-05
P13,24,B,beta,1799551287-β-3,P13-T24-Bβ,8,52,E3,2,2,L3,L,False,52,True,L3,True,0.45870529004916744,False,0.8514399528503418,valid,False,0.01530849547704054,0.45870529004916744,0.45870529004916744,0.06207901035093665,0.005198696568358753,1.3420115547779718e-06,1.3648846141756816e-06,4.6587552848925985e-07,3.9013919480159584e-08,5.719712215784296e-09
P13,24,B,beta,1799551287-β-3,P13-T24-Bβ,9,57,A3,5,5,L2,L,False,57,True,L2,True,0.9085348949423797,False,0.5245349407196045,valid,False,0.019527686839994663,0.9085348949423797,0.05984951309214706,0.008099750805899086,0.0013935205244015511,0.0008588074836098162,0.0012789027615882542,0.00041972031613060406,3.244637009725605e-05,4.756863752115743e-06
P13,24,B,beta,1799551287-β-3,P13-T24-Bβ,10,60,C4,7,7,R5,R,False,60,True,R5,True,0.4862983876810165,False,1.107715129852295,valid,False,0.0030312682441187267,0.0067316642538681176,0.0010691055902152995,0.00017672196545407212,2.806652768997189e-05,0.002259296402779779,0.011624680114505098,0.09063336405366547,0.39814744516668704,0.4862983876810165
P13,24,B,beta,1799551287-β-3,P13-T24-Bβ,11,64,E4,9,9,R4,R,False,64,True,R4,True,0.386123092775187,True,0.6854128837585449,valid,False,0.0001047758011885364,0.00010189180253411465,1.0847248906288006e-05,1.5902822096226478e-06,2.2400464086627665e-07,0.007958981069077357,0.2130471413122564,0.386123092775187,0.386123092775187,0.006528362928812808
P13,24,B,beta,1799551287-β-3,P13-T24-Bβ,12,60,C4,7,7,L3,L,False,60,True,L3,True,0.6992981025236877,False,0.7813980579376221,valid,False,0.006071110532362791,0.17605596885564928,0.6992981025236877,0.10670597141967773,0.006753609625684688,0.0018853859810830944,0.002293495610835112,0.0008437298836431767,7.65414481732232e-05,1.6084119203138067e-05
P13,24,B,beta,1799551287-β-3,P13-T24-Bβ,13,59,B3,6,6,L4,L,False,59,True,L4,True,0.7007976820224239,False,0.8048040866851807,valid,False,0.002121703347755361,0.021412035855912167,0.21037476079745632,0.7007976820224239,0.056457570609293926,0.0030464720743843578,0.00435889782076293,0.0013128747939305057,9.751190869262484e-05,2.049076938795591e-05
P13,24,B,beta,1799551287-β-3,P13-T24-Bβ,14,62,D4,8,8,R4,R,False,62,True,R4,True,0.47237097227232383,False,0.810046911239624,valid,False,0.0009567907659786809,0.013650219550022531,0.0022205715886000174,0.00031278620751233485,3.5480889712880294e-05,0.006975222997932753,0.12796776774298144,0.35701030077905566,0.47237097227232383,0.01849988720587982
P13,24,B,beta,1799551287-β-3,P13-T24-Bβ,15,57,A3,5,5,L1,L,False,57,True,L1,True,0.7474289376203027,False,0.9691729545593262,valid,False,0.7474289376203027,0.23430864313573177,0.014248323262713697,0.0020889033889976536,0.0003593850990996102,0.0004297203145466068,0.0007595881782023711,0.00031874598904306516,5.062241756172436e-05,7.130593800950265e-06
P13,24,B,beta,1799551287-β-3,P13-T24-Bβ,16,60,C4,7,7,L2,L,False,60,True,R2,False,0.0012778862804147847,False,0.5904462337493896,valid,False,0.0023220031996132114,0.0012778862804147847,0.00011592722789584959,1.9944684136725194e-05,4.191097565831646e-06,0.0431726576256081,0.7389330855353813,0.1973951129370516,0.015259577970374617,0.0014996134419580389
P13,24,B,beta,1799551287-β-3,P13-T24-Bβ,17,64,E4,9,9,R2,R,False,64,True,R2,True,0.8110025306670702,False,0.722153902053833,valid,False,0.000518376520400019,0.0010173420747223068,0.00015540373206704707,2.278326906206865e-05,2.8463186385016343e-06,0.07068767111076343,0.8110025306670702,0.10975725719343762,0.005687502219612311,0.0011482868942265998
P13,24,B,beta,1799551287-β-3,P13-T24-Bβ,18,60,C4,7,7,R1,R,False,60,True,R1,True,0.5656090197722315,False,0.7786390781402588,valid,False,0.004022639173499233,0.06977057728057257,0.009953289123469631,0.0015807557598874558,0.0001751527307949812,0.5656090197722315,0.31041281153073697,0.035798395061547535,0.002358210483538799,0.00031914908372127277
P13,24,B,beta,1799551287-β-3,P13-T24-Bβ,19,57,A3,5,5,L5,L,False,57,True,L5,True,0.8097428893519307,False,1.1038169860839844,valid,False,0.0018345283541508527,0.002753738854511907,0.022718939217771433,0.16285999126990647,0.8097428893519307,5.4295245675616014e-05,2.5648165682503408e-05,8.040345506452291e-06,1.5596665613749976e-06,3.695283026780302e-07
P13,24,B,beta,1799551287-β-3,P13-T24-Bβ,20,62,D4,8,8,R3,R,False,62,True,R3,True,0.493872366899938,False,0.6713647842407227,valid,False,0.0004548566547629242,0.014735221833210877,0.014016780506465126,0.002484368792194755,0.00019543702527281278,0.021802414433339055,0.35862494366169456,0.493872366899938,0.08843582230070354,0.005377787892418433
P13,24,B,beta,1799551287-β-3,P13-T24-Bβ,21,65,F4,10,10,R2,R,False,65,True,R2,True,0.7368935043001379,False,0.9933059215545654,valid,False,6.145389680647168e-05,0.0009196323927280822,0.00029592970288039837,4.984236977805224e-05,4.010350330394901e-06,0.12677874259940772,0.7368935043001379,0.12677874259940772,0.006837645059688782,0.0013804967288345222
P13,24,B,beta,1799551287-β-3,P13-T24-Bβ,22,62,D4,8,8,R3,R,False,62,True,R4,False,0.12147331054389114,False,1.0550341606140137,valid,False,0.0003533068199971162,0.013620493786430064,0.007842391463283917,0.0009963907502777189,9.58420757951158e-05,0.0007694716122755791,0.015319177898513038,0.12147331054389114,0.41976480752476814,0.41976480752476814
P13,24,B,beta,1799551287-β-3,P13-T24-Bβ,23,64,E4,9,9,R4,R,False,64,True,R2,False,0.006468247696481703,False,1.032721996307373,valid,False,0.00019478632288725737,0.006018747481383132,0.0034191348481849527,0.0006356578937104088,4.467468813650724e-05,0.053887860863808264,0.8180350930038491,0.11070901100916475,0.006468247696481703,0.000586786192393777
P13,24,B,beta,1799551287-β-3,P13-T24-Bβ,24,59,B3,6,6,L3,L,False,59,True,L3,True,0.7357450824542828,False,0.7432827949523926,valid,False,0.0034586685517336993,0.15179487924324328,0.7357450824542828,0.09957226912389534,0.008243868172131637,0.0006931778083729103,0.00036820468116112627,0.00011090111876470898,9.66623593961835e-06,3.2826104749226957e-06
P13,24,B,beta,1799551287-β-3,P13-T24-Bβ,25,60,C4,7,7,L5,L,False,60,True,R1,False,4.479923807455546e-05,True,0.771726131439209,valid,False,0.004294119748736653,0.01807330256581172,0.0023500482339482444,0.0003884603603387478,4.479923807455546e-05,0.5415502462688595,0.36301198600955376,0.06500315798043164,0.004828017138438294,0.00045586245580691643
P13,24,B,beta,1799551287-β-3,P13-T24-Bβ,26,60,C4,7,7,R5,R,False,60,True,R5,True,0.3494605374967912,True,0.962752103805542,valid,False,0.0005910419763534358,0.03955367343612066,0.07696250256353625,0.015323546510407196,0.0010403642256560431,0.0014247349182424632,0.01267371456825885,0.07901428981009839,0.4239555944945356,0.3494605374967912
P13,24,B,beta,1799551287-β-3,P13-T24-Bβ,27,64,E4,9,9,R3,R,False,64,True,R3,True,0.46783772452651656,False,1.0456151962280273,valid,False,0.0001311820232871372,0.002718481138833125,0.0014024194821121256,0.00023324472934841743,2.0124585344803504e-05,0.01691365854300307,0.4494935449621309,0.46783772452651656,0.056155323954012064,0.0050942960554118955
P13,24,B,beta,1799551287-β-3,P13-T24-Bβ,28,59,B3,6,6,L3,L,False,59,True,L3,True,0.7842216177768717,False,0.6831910610198975,valid,False,0.0026769863248554643,0.11966445959340744,0.7842216177768717,0.0770682702873863,0.006966644406978961,0.003917028005553037,0.00415657599045921,0.001202847492303273,0.00010073032890096016,2.4839793283816265e-05
P13,24,B,beta,1799551287-β-3,P13-T24-Bβ,29,55,G3,4,4,L4,L,False,55,True,L3,False,0.06535770153538076,False,0.914564847946167,valid,False,0.004030649169969057,0.354847204611394,0.5667256270540549,0.06535770153538076,0.00899647580398109,2.3938565319786107e-05,1.3034902437336187e-05,4.426594544937681e-06,7.030203520459384e-07,2.387425659921306e-07
P13,25,A,alpha,1799551287-α-9,P13-T25-Aα,0,60,C4,7,7,L4,L,False,60,True,R2,False,0.00021776505656165995,False,1.193298101425171,valid,False,0.0036282012200150654,0.014521952651016638,0.0016090782193209114,0.00021776505656165995,2.8315709579080144e-05,0.01846101996861257,0.4528955298494266,0.4528955298494266,0.05018225511549912,0.005560352360541687
P13,25,A,alpha,1799551287-α-9,P13-T25-Aα,1,59,B3,6,6,L5,L,False,59,True,L3,False,0.007954566248883618,False,0.3014347553253174,valid,False,0.0028517549802785924,0.1274201887144508,0.7711898541763782,0.08209971846807129,0.007954566248883618,0.0026232514276472232,0.004427940543304221,0.0012813761112047068,0.0001259254249558596,2.5423904825585344e-05
P13,25,A,alpha,1799551287-α-9,P13-T25-Aα,2,60,C4,7,7,L4,L,False,60,True,L4,True,0.654679891688386,False,0.3812980651855469,valid,False,0.0020558208835442767,0.018618326683627305,0.24656408808870955,0.654679891688386,0.03379676313750988,0.012986915165909049,0.02274047556370948,0.007419757696557374,0.0009269519034929786,0.00021100918855411683
P13,25,A,alpha,1799551287-α-9,P13-T25-Aα,3,65,F4,10,10,R4,R,False,65,True,R2,False,0.03188481581414238,False,0.4656820297241211,valid,False,8.847783051390137e-05,0.0018585463210595492,0.000803314299783038,0.00016729177262243255,7.768710272097013e-06,0.06817854345030158,0.44680841599866183,0.44680841599866183,0.03188481581414238,0.003394409803981547
P13,25,A,alpha,1799551287-α-9,P13-T25-Aα,4,64,E4,9,9,R5,R,False,64,True,R2,False,0.0013262510913094928,False,0.28734493255615234,valid,False,0.0006051250754932037,0.00855326883166111,0.0019009547002666483,0.0002572662427805571,2.30586643769935e-05,0.08497492677002681,0.7668998612129179,0.12676769443578434,0.008691592975383076,0.0013262510913094928
P13,25,A,alpha,1799551287-α-9,P13-T25-Aα,5,59,B3,6,6,L3,L,False,59,True,L3,True,0.731610640584165,False,0.3181731700897217,valid,False,0.0022149912666680287,0.09991546638723708,0.731610640584165,0.09901273326237763,0.00914944456246167,0.0383778527714519,0.016366694728051526,0.00305032597109021,0.0002658690088768178,3.598145762018163e-05
P13,25,A,alpha,1799551287-α-9,P13-T25-Aα,6,57,A3,5,5,L4,L,False,57,True,L4,True,0.7376186614847771,False,0.5779361724853516,valid,False,0.0028129280522486396,0.006825685176495062,0.19597432389970515,0.7376186614847771,0.056227327057148904,0.000262883570399621,0.000187013770126216,6.610089264187404e-05,2.0721716387232197e-05,4.354380070149484e-06
P13,25,A,alpha,1799551287-α-9,P13-T25-Aα,7,62,D4,8,8,R5,R,False,62,True,R2,False,0.002550665539313476,False,0.3377809524536133,valid,False,0.0008007126618191387,0.0400726608836916,0.012633529120006901,0.001192860639268037,0.00012846884705405566,0.015430627312473254,0.44423527508524796,0.44423527508524796,0.038719924825877695,0.002550665539313476
P13,25,A,alpha,1799551287-α-9,P13-T25-Aα,8,64,E4,9,9,R4,R,False,64,True,R3,False,0.041163383795562475,False,0.3847782611846924,valid,False,0.00033061333883436557,0.005609821077866266,0.0015489063765117808,0.00020962168317221732,1.9396399133030567e-05,0.03799859245427047,0.4188651868395405,0.49154285023621647,0.041163383795562475,0.0027116277988924525
P13,25,A,alpha,1799551287-α-9,P13-T25-Aα,9,62,D4,8,8,R3,R,False,62,True,R2,False,0.0791770137415036,False,0.35796618461608887,valid,False,0.0009242940495722212,0.05299360835387069,0.03837341322915045,0.0034962327307519105,0.0002900221344225484,0.07607243862645506,0.743735920424353,0.0791770137415036,0.004444582888294251,0.0004924738216261872
P13,25,A,alpha,1799551287-α-9,P13-T25-Aα,10,64,E4,9,9,R1,R,False,64,True,R1,True,0.7728557689054922,False,0.2974839210510254,valid,False,0.0005197372345032192,0.010420239337747352,0.004263508637123748,0.0004538867529162206,3.8432129859221264e-05,0.7728557689054922,0.19058388617685024,0.01872936185301258,0.0016990893737221001,0.0004360895987730447
P13,25,A,alpha,1799551287-α-9,P13-T25-Aα,11,59,B3,6,6,L1,L,False,59,True,L3,False,0.0012757949480911692,False,0.341472864151001,valid,False,0.0012757949480911692,0.1113598145469303,0.7678308588509409,0.09984005674906245,0.008891089000176369,0.006511019819960726,0.003756807294996767,0.000488492809587096,3.9303939359351954e-05,6.7620408947891435e-06
P13,25,A,alpha,1799551287-α-9,P13-T25-Aα,12,64,E4,9,9,R1,R,False,64,True,R2,False,0.10030058202951647,False,0.3001439571380615,valid,False,0.000286109710069354,0.006996977442927315,0.0020712897851155663,0.00020355307400899414,1.76612291511011e-05,0.10030058202951647,0.56013145532729,0.3074066604258981,0.020250338264596688,0.0023353727114263207
P13,25,A,alpha,1799551287-α-9,P13-T25-Aα,13,65,F4,10,10,R2,R,False,65,True,R3,False,0.3642121365872921,False,0.30943822860717773,valid,False,7.87954703006245e-05,0.000996114876426512,0.00027191561241462115,2.567433281474776e-05,2.3350294362047462e-06,0.0370731300548438,0.3642121365872921,0.5220359685104342,0.07064988565805903,0.004654043867978089
P13,25,A,alpha,1799551287-α-9,P13-T25-Aα,14,64,E4,9,9,R3,R,False,64,True,R2,True,0.4512032480642051,False,0.25722718238830566,valid,False,0.00020143736097400283,0.0048785292370958555,0.00154020865711701,0.0001513618273137672,1.3088145129924411e-05,0.0183920388332945,0.4512032480642051,0.4512032480642051,0.06884915133996657,0.0035676884706981934
P13,25,A,alpha,1799551287-α-9,P13-T25-Aα,15,62,D4,8,8,R1,R,False,62,True,R4,False,0.009585691113085253,False,0.43435001373291016,valid,False,0.000651082138418591,0.022387156486942145,0.012183181437733713,0.0011975424248278062,9.414039904412534e-05,0.009585691113085253,0.0619588902709888,0.35727697728178465,0.5028397231664952,0.03182561528067968
P13,25,A,alpha,1799551287-α-9,P13-T25-Aα,16,57,A3,5,5,L2,L,False,57,True,L4,False,0.01707748701548105,False,0.5037498474121094,valid,False,0.001385126440136353,0.01707748701548105,0.2579705220698842,0.6239312706846337,0.09351487347746577,0.0006467946858844491,0.0036604986657843585,0.0016753803584494006,0.00012951484375373334,8.531758526851143e-06
P13,25,A,alpha,1799551287-α-9,P13-T25-Aα,17,59,B3,6,6,L1,L,False,59,True,L3,False,0.0015350600655196396,False,0.3410160541534424,valid,False,0.0015350600655196396,0.0975214920061231,0.7579623266522314,0.08066272470734892,0.007924284113678046,0.0036118966602767615,0.03411257526781296,0.015652547502019346,0.0009518323938419956,6.526063114802414e-05
P13,25,A,alpha,1799551287-α-9,P13-T25-Aα,18,64,E4,9,9,R2,R,False,64,True,R2,True,0.45223277601394696,False,0.34725189208984375,valid,False,0.00023725879619346384,0.007359154011586462,0.0022126635995176284,0.000192857643332889,1.765069299543628e-05,0.02251534413759528,0.45223277601394696,0.45223277601394696,0.05880324488206545,0.004196274208819253
P13,25,A,alpha,1799551287-α-9,P13-T25-Aα,19,65,F4,10,10,R1,R,False,65,True,R2,False,0.09261501336739016,False,0.3334968090057373,valid,False,0.00010628776076862703,0.0012541911176882962,0.00028010400883594645,3.370282132664976e-05,3.3004533531150276e-06,0.09261501336739016,0.8370680126530767,0.06470932545153484,0.0033531671758760453,0.0005768951901495168
P13,25,A,alpha,1799551287-α-9,P13-T25-Aα,20,60,C4,7,7,L2,L,False,60,True,R2,False,0.09378094721520867,False,0.4309220314025879,valid,False,0.0013753202658562224,0.09378094721520867,0.046529556866584436,0.003596955316513064,0.0004158856350327636,0.022627553009757734,0.7351596909441852,0.09184365618950131,0.004221066166399869,0.0004493683909607962
P13,25,A,alpha,1799551287-α-9,P13-T25-Aα,21,59,B3,6,6,L3,L,False,59,True,R2,False,0.0011289669859259664,False,0.402418851852417,valid,False,0.014248783184547285,0.009405579178809603,0.0011289669859259664,0.00021041006598425082,4.9851985337805917e-05,0.037522311051917,0.8637669882168802,0.06949835219515821,0.0039012735178383007,0.00026748361760154965
P13,25,A,alpha,1799551287-α-9,P13-T25-Aα,22,57,A3,5,5,L2,L,False,57,True,L4,False,0.014652717462951796,False,0.7982120513916016,valid,False,0.0014516225719541167,0.014652717462951796,0.28855759944839593,0.5954548269307961,0.09953119837640405,0.00022132632219602202,0.00010962668350528523,1.8121168902843373e-05,2.356272232046946e-06,6.047626617912577e-07
P13,25,A,alpha,1799551287-α-9,P13-T25-Aα,23,59,B3,6,6,L1,L,False,59,True,L3,False,0.001749186394150665,False,0.40854692459106445,valid,False,0.001749186394150665,0.08683336532119047,0.7406780060705329,0.14773437192158625,0.013121316393434286,0.004460087973988604,0.004426308722104855,0.0008586155531064439,0.00011620097907102143,2.254067083443977e-05
P13,25,A,alpha,1799551287-α-9,P13-T25-Aα,24,60,C4,7,7,L2,L,False,60,True,L3,False,0.08117002633459118,False,0.3898897171020508,valid,False,0.0020322326594485393,0.08117002633459118,0.7419165087683766,0.04001429298688546,0.003155898827005098,0.03605578806860151,0.0822066924126923,0.012052073441408922,0.0011844004710543513,0.0002120860299362608
P13,25,A,alpha,1799551287-α-9,P13-T25-Aα,25,59,B3,6,6,L3,L,False,59,True,L3,True,0.7275159299593768,False,0.27315616607666016,valid,False,0.002105823220326116,0.15606699704096638,0.7275159299593768,0.07441338976881137,0.007101726281404257,0.009013615032619188,0.020689698008891644,0.0028000461401133337,0.00025401445494700113,3.876009254414012e-05
P13,25,A,alpha,1799551287-α-9,P13-T25-Aα,26,60,C4,7,7,L4,L,False,60,True,R2,False,0.009391434327608472,False,0.3795931339263916,valid,False,0.0009997980524931716,0.13697494585030706,0.11672234935032229,0.009391434327608472,0.0008950039756949024,0.01640884546859608,0.6262802985200069,0.08821685390348885,0.0037426654026467177,0.0003678051488354843
P13,25,A,alpha,1799551287-α-9,P13-T25-Aα,27,64,E4,9,9,R2,R,False,64,True,R2,True,0.8007428884494789,False,0.3203592300415039,valid,False,0.00045531964507542627,0.004239610127720418,0.0005518604389490496,5.210678581877862e-05,5.262558758584066e-06,0.10411956553015295,0.8007428884494789,0.0852458902966544,0.0037642171349160296,0.0008232790324753448
P13,25,A,alpha,1799551287-α-9,P13-T25-Aα,28,59,B3,6,6,L4,L,False,59,True,L3,False,0.04238851352880851,False,0.3282320499420166,valid,False,0.0016600992972442506,0.16481563458253326,0.7859376143290077,0.04238851352880851,0.004067849598309331,0.0004515211629182604,0.000586769869127461,8.602454798240026e-05,4.828967598905591e-06,1.1441164699572894e-06
P13,25,A,alpha,1799551287-α-9,P13-T25-Aα,29,57,A3,5,5,L4,L,False,57,True,L3,False,0.13552656437659114,False,0.41326284408569336,valid,False,0.001807576733531798,0.14741852364053604,0.6986624127721134,0.13552656437659114,0.015679072731278425,0.00026158968656862216,0.0005428988090065521,9.340295166522861e-05,6.665353211144473e-06,1.2929454977815384e-06
P13,26,B,beta,1799551287-β-4,P13-T26-Bβ,0,62,D4,8,8,R4,R,False,62,True,R2,False,0.019316245141399197,False,0.6633400917053223,valid,False,0.0007362876302558953,0.015283659174099075,0.00345888560958445,0.0004321193131760084,4.740006948513626e-05,0.03968393552342915,0.7069404682564837,0.21292637720535476,0.019316245141399197,0.0011746220767325471
P13,26,B,beta,1799551287-β-4,P13-T26-Bβ,1,65,F4,10,10,R2,R,False,65,True,R2,True,0.8410544848301624,False,0.573350191116333,valid,False,6.79391236869525e-05,0.0011744133014962798,0.0006231954087103615,9.972453376998556e-05,6.38364463371997e-06,0.09319149327398762,0.8410544848301624,0.060018715803572625,0.0031101048630387024,0.0006535452169413452
P13,26,B,beta,1799551287-β-4,P13-T26-Bβ,2,60,C4,7,7,R3,R,False,60,True,R3,True,0.40579064614668364,False,0.6068382263183594,valid,False,0.0005212688131670132,0.02782228662611911,0.13090430064736883,0.01898312923001193,0.0008171768612496001,0.013011549377682707,0.35129113555984315,0.40579064614668364,0.04870771209170272,0.0021507946461712273
P13,26,B,beta,1799551287-β-4,P13-T26-Bβ,3,57,A3,5,5,L5,L,False,57,True,L4,False,0.03677284923102156,False,0.7009539604187012,valid,False,0.0009248998095736587,0.02614537487443513,0.4105943399352293,0.521769388694427,0.03677284923102156,0.0007291751113283594,0.0021643359800104555,0.0008340662538528607,5.718621313779479e-05,8.383896983870798e-06
P13,26,B,beta,1799551287-β-4,P13-T26-Bβ,4,60,C4,7,7,R3,R,False,60,True,R2,False,0.20370551038966683,False,0.5390641689300537,valid,False,0.0009076590652889788,0.03203900528303347,0.04172071295054166,0.005823423464128223,0.000558370224581452,0.026487564914800164,0.6763261122994183,0.20370551038966683,0.011434960513730108,0.0009966808948108517
P13,26,B,beta,1799551287-β-4,P13-T26-Bβ,5,57,A3,5,5,L5,L,False,57,True,L5,True,0.892302827274125,False,0.9178388118743896,valid,False,0.0011489891750592295,0.001963484436349338,0.011777838062674783,0.09126848683776514,0.892302827274125,0.0003183970127749939,0.0008525490200112868,0.00033749842593567165,2.5067215735947663e-05,4.862539568574045e-06
P13,26,B,beta,1799551287-β-4,P13-T26-Bβ,6,62,D4,8,8,R5,R,False,62,True,R5,True,0.4511855100145198,False,0.8941211700439453,valid,False,0.0004282186220372574,0.02025557433784243,0.00858173564021127,0.001304106631241815,0.00014853327497745846,0.004057700031022827,0.013452664468177737,0.08408923743277508,0.41649671954719436,0.4511855100145198
P13,26,B,beta,1799551287-β-4,P13-T26-Bβ,7,65,F4,10,10,R3,R,False,65,True,R3,True,0.489510263895575,False,0.6132040023803711,valid,False,4.450459682717437e-05,0.0005587351041750585,0.00017674335323335317,2.2159828517189885e-05,2.312446901804546e-06,0.021615387166005202,0.4518749263260411,0.489510263895575,0.0349320738924698,0.0012628933902543783
P13,26,B,beta,1799551287-β-4,P13-T26-Bβ,8,69,A4,12,12,R5,R,False,69,True,R4,True,0.4381641935748742,False,1.0104880332946777,valid,False,1.7772515239012985e-06,4.054673389088108e-06,5.435405263428324e-07,6.524205453890446e-08,8.772346519951716e-09,0.002691686538658384,0.017160216513298635,0.10381326031845428,0.4381641935748742,0.4381641935748742
P13,26,B,beta,1799551287-β-4,P13-T26-Bβ,9,64,E4,9,9,R4,R,False,64,True,R3,True,0.4079189454519546,False,1.0386521816253662,valid,False,0.000106759161630302,0.0016194559925477678,0.0004907075056741876,5.89904711722858e-05,5.729576345449354e-06,0.01079398675657993,0.11804530501213614,0.4079189454519546,0.4079189454519546,0.0530411746200046
P13,26,B,beta,1799551287-β-4,P13-T26-Bβ,10,60,C4,7,7,R3,R,False,60,True,R3,True,0.4261254882026263,False,0.7701129913330078,valid,False,0.0007854089490945142,0.03040885582847422,0.08014247516151018,0.009128505483827378,0.0008016678618415409,0.005445196675600836,0.3933634037718298,0.4261254882026263,0.05114853629920078,0.0026504617659944456
P13,26,B,beta,1799551287-β-4,P13-T26-Bβ,11,57,A3,5,5,L5,L,False,57,True,L5,True,0.7885343166242336,False,1.1364009380340576,valid,False,0.0011028098880279656,0.003911620020382748,0.023683700235055234,0.17950012904765003,0.7885343166242336,0.0012714068906044254,0.0016002756999277403,0.0003499993179749724,3.7260403925374064e-05,8.481872217819306e-06
P13,26,B,beta,1799551287-β-4,P13-T26-Bβ,12,55,G3,4,4,L4,L,False,55,True,L4,True,0.6864509360183498,False,0.6328299045562744,valid,False,0.00036932418913887435,0.009862423527958013,0.22259286246679114,0.6864509360183498,0.08029943446382318,0.00011312785477932224,0.0002396764842940227,6.151555267640057e-05,9.018608301656619e-06,1.680833887521775e-06
P13,26,B,beta,1799551287-β-4,P13-T26-Bβ,13,62,D4,8,8,R1,R,False,62,True,R1,True,0.5213058940001376,False,1.0591049194335938,valid,False,0.0004238578283973113,0.0178437860011296,0.003804476008009154,0.00043296650160508924,4.6463641588617065e-05,0.5213058940001376,0.3939945190103458,0.05776233952811528,0.003805079931509103,0.0005806175491623706
P13,26,B,beta,1799551287-β-4,P13-T26-Bβ,14,64,E4,9,9,R2,R,False,64,True,R2,True,0.7972171918636781,False,0.5724849700927734,valid,False,0.0002801195876959399,0.002481291715364354,0.00031383972711470964,4.080817513916263e-05,5.387745808072071e-06,0.059212173453698516,0.7972171918636781,0.13177911548620125,0.007397389394309828,0.0012726828509901115
P13,26,B,beta,1799551287-β-4,P13-T26-Bβ,15,59,B3,6,6,L3,L,False,59,True,L3,True,0.7400865882524754,False,0.5811457633972168,valid,False,0.0025263288221729547,0.14757191862462413,0.7400865882524754,0.06713914054320874,0.00662828224441077,0.008432788837090248,0.022800151724120414,0.004422774395683629,0.000341901426697595,5.0125129516166996e-05
P13,26,B,beta,1799551287-β-4,P13-T26-Bβ,16,62,D4,8,8,R5,R,False,62,True,R5,True,0.48693082116425507,False,0.8835349082946777,valid,False,0.0015373657842149648,0.018656786982188013,0.0032809140652259147,0.00033558569246348174,4.615123396390493e-05,0.0012683146930924257,0.011945722766469468,0.07733309970943629,0.39866523790869063,0.48693082116425507
P13,26,B,beta,1799551287-β-4,P13-T26-Bβ,17,60,C4,7,7,R5,R,False,60,True,R3,False,0.003114323128281367,False,0.8805649280548096,valid,False,0.0012396287682026163,0.07448896369766415,0.016710075056953357,0.0018515290927820888,0.00023924472259442486,0.015425343434421238,0.3098263051049182,0.5007023608060638,0.0764022261881187,0.003114323128281367
P13,26,B,beta,1799551287-β-4,P13-T26-Bβ,18,57,A3,5,5,L5,L,False,57,True,L5,True,0.8241686019542181,False,0.8191978931427002,valid,False,0.002288282570376183,0.0038016587985564335,0.023960817676511228,0.1417939748904474,0.8241686019542181,0.00036826394395727603,0.0023095675324938864,0.001114615424717628,0.0001710798492143315,2.313735950747759e-05
P13,26,B,beta,1799551287-β-4,P13-T26-Bβ,19,60,C4,7,7,L3,L,False,60,True,L3,True,0.6535287782750907,False,0.9181838035583496,valid,False,0.002714853924232653,0.07961121624548771,0.6535287782750907,0.17458060752788962,0.01037443087146011,0.007284946485285921,0.048975736927377556,0.020955194628092075,0.001619935881663487,0.00035429923342022106
P13,26,B,beta,1799551287-β-4,P13-T26-Bβ,20,57,A3,5,5,L5,L,False,57,True,L5,True,0.8770624256319761,False,1.069483995437622,valid,False,0.001593838271802389,0.0024658266485833393,0.013793592070481269,0.10114733039394436,0.8770624256319761,0.0009970809912806936,0.002174020396607537,0.0007093389285114059,4.6727527720776686e-05,9.819139092168832e-06
P13,26,B,beta,1799551287-β-4,P13-T26-Bβ,21,53,F3,3,3,L4,L,False,53,True,L4,True,0.5295455373573847,False,0.8161978721618652,valid,False,0.0010241053695690364,0.025211141115663315,0.327673983721808,0.5295455373573847,0.11649166245778371,1.2985870173070009e-05,3.056252059196837e-05,9.205254303748352e-06,6.83707175512287e-07,1.3262554682045986e-07
P13,26,B,beta,1799551287-β-4,P13-T26-Bβ,22,50,D3,1,1,L3,L,False,50,True,L3,True,0.6863311624968438,False,0.7718830108642578,valid,False,0.0007645984794532263,0.06744822425057455,0.6863311624968438,0.21515533495185438,0.030298671167207268,5.559118448476783e-07,1.0823293611084972e-06,3.3929529787101294e-07,2.6229134935550765e-08,4.888428166012773e-09
P13,26,B,beta,1799551287-β-4,P13-T26-Bβ,23,55,G3,4,4,L2,L,False,55,True,L2,True,0.9387863472189979,False,0.5643939971923828,valid,False,0.012529775774106442,0.9387863472189979,0.03982870649703227,0.006852324385530165,0.001406078194684949,0.0001482395608847345,0.00034115714266117164,9.872549292332426e-05,7.332695620389194e-06,1.313037558550569e-06
P13,26,B,beta,1799551287-β-4,P13-T26-Bβ,24,64,E4,9,9,R4,R,False,64,True,R2,False,0.011178772115708413,False,0.7510051727294922,valid,False,0.00021126358776053536,0.0004354920361368765,4.302459427320538e-05,4.58033395784961e-06,8.397588588186645e-07,0.07936175943626701,0.7162409502511532,0.1913332425256494,0.011178772115708413,0.0011900753602348134
P13,26,B,beta,1799551287-β-4,P13-T26-Bβ,25,60,C4,7,7,R5,R,False,60,True,R5,True,0.3957381613872308,True,0.9238259792327881,valid,False,0.0014810771236727304,0.02542699173012465,0.0024033840221148453,0.0002361891654374581,4.03470011250238e-05,0.0014697742096642784,0.0167411883304107,0.08451066618502359,0.47195222084519606,0.3957381613872308
P13,26,B,beta,1799551287-β-4,P13-T26-Bβ,26,57,A3,5,5,L1,L,False,57,True,L1,True,0.7123687620306267,False,0.9566428661346436,valid,False,0.7123687620306267,0.2517900742209051,0.02108571298735702,0.0030913123254288815,0.0007036991918330195,0.0012481855591324757,0.0058548041903323435,0.003217471174700106,0.0005761401692698152,6.383815041450517e-05
P13,26,B,beta,1799551287-β-4,P13-T26-Bβ,27,50,D3,1,1,L3,L,False,50,True,L2,True,0.4633408689269696,False,2.105055093765259,valid,False,0.009550636243522247,0.4633408689269696,0.4633408689269696,0.06024761588386356,0.003520007080788167,1.5580625109288356e-09,8.81591536454313e-10,4.466292526934416e-10,3.892858595258886e-11,1.2674900078553221e-11
P13,26,B,beta,1799551287-β-4,P13-T26-Bβ,28,53,F3,3,3,L1,L,False,53,True,L1,True,0.35824645912093617,True,0.7942321300506592,valid,False,0.35824645912093617,0.5134851875201263,0.10790175992526728,0.01646474095835043,0.003900954172543697,4.098384727814846e-07,3.4957975770452135e-07,1.2356060207867892e-07,1.1666619626538347e-08,3.6573240305335533e-09
P13,26,B,beta,1799551287-β-4,P13-T26-Bβ,29,62,D4,8,8,R4,R,False,62,True,R4,True,0.5999883944501134,False,0.7287640571594238,valid,False,0.0001966252659970983,0.00018579902734852573,1.379995858991789e-05,2.8998690808185896e-06,5.625167269352395e-07,0.009947779499081912,0.06564225651052209,0.2695921637606244,0.5999883944501134,0.054429719141914995
P13,27,A,gamma,1799551287-γ-8,P13-T27-Aγ,0,71,B4,13,13,R4,R,False,71,True,R2,False,0.07295575250148478,False,0.6934189796447754,valid,False,8.3688507544425e-12,4.276431773983113e-12,2.4427365902302237e-12,1.1423858932793358e-12,4.20260284021741e-13,0.05513877158629007,0.42405074397641035,0.42405074397641035,0.07295575250148478,0.023803987942753756
P13,27,A,gamma,1799551287-γ-8,P13-T27-Aγ,1,65,F4,10,10,R2,R,False,65,True,R2,True,0.7461324306586522,False,0.2749650478363037,valid,False,4.0861208143385194e-10,1.7040346392472386e-10,1.0130836074854613e-10,3.4403866020629575e-11,8.483888908541065e-12,0.08267382987354374,0.7461324306586522,0.1567893375740862,0.011645305127482488,0.0027590960430238474
P13,27,A,gamma,1799551287-γ-8,P13-T27-Aγ,2,57,A3,5,5,R4,R,False,57,True,L3,False,7.758736915693783e-07,False,0.4960148334503174,valid,False,0.00784544538512138,0.1542352725412272,0.7339780917188191,0.0954382250792051,0.00831847695992373,0.00014501685200007486,3.201595778742158e-05,6.463910397544281e-06,7.758736915693783e-07,2.1572182669660425e-07
P13,27,A,gamma,1799551287-γ-8,P13-T27-Aγ,3,64,E4,9,9,R2,R,False,64,True,R2,True,0.538510912059553,False,0.3282167911529541,valid,False,1.6677145700502515e-05,3.107995380520458e-05,7.977005091324438e-06,1.6762565098394141e-06,2.88391322967824e-07,0.10446036949541887,0.538510912059553,0.33322160868882866,0.020263226892443552,0.003486184111326025
P13,27,A,gamma,1799551287-γ-8,P13-T27-Aγ,4,53,F3,3,3,L4,L,False,53,True,L2,False,0.11761363567022383,False,0.4073598384857178,valid,False,0.021060620681332774,0.42301387432015924,0.42301387432015924,0.11761363567022383,0.015293149427924058,1.6143669232423104e-06,2.599087072227149e-06,5.916501730300398e-07,3.321214214381549e-08,7.263890277999066e-09
P13,27,A,gamma,1799551287-γ-8,P13-T27-Aγ,5,72,C5,14,14,R5,R,False,72,True,R1,False,0.006876855473769484,False,1.124189853668213,valid,False,2.4814479439874523e-11,9.128736829301285e-12,1.3383363746313083e-12,3.1708903760415197e-13,1.0345974606669983e-13,0.771364862341782,0.1827577479607818,0.027887024089225627,0.011113510098738939,0.006876855473769484
P13,27,A,gamma,1799551287-γ-8,P13-T27-Aγ,6,57,A3,5,5,L2,L,False,57,True,L2,True,0.8569819306938982,False,0.4957771301269531,valid,False,0.0257672018481443,0.8569819306938982,0.10706293445193955,0.008965795472371266,0.0007213843779037302,0.0002611691383310746,0.00019270723362476002,4.214736269541257e-05,3.823522480274363e-06,9.058986115221124e-07
P13,27,A,gamma,1799551287-γ-8,P13-T27-Aγ,7,67,G4,11,11,R3,R,False,67,True,R2,True,0.4579250069933971,False,0.5618870258331299,valid,False,6.286570882515904e-08,5.1532670670319894e-08,1.0404266771302877e-08,2.186311743046255e-09,3.3360954008894546e-10,0.05496548432553766,0.4579250069933971,0.4579250069933971,0.025705511663393375,0.0034788627017073932
P13,27,A,gamma,1799551287-γ-8,P13-T27-Aγ,8,62,D4,8,8,L4,L,False,62,True,R2,False,6.801428172904807e-05,False,0.3387291431427002,valid,False,0.0008616010972223107,0.002995994922144035,0.0004828556310962192,6.801428172904807e-05,6.95678685198276e-06,0.06885221730824616,0.7006177385796981,0.21102200762322143,0.013355956025275268,0.0017366577445154883
P13,27,A,gamma,1799551287-γ-8,P13-T27-Aγ,9,60,C4,7,7,L1,L,False,60,True,R2,False,0.0006115052001349788,False,0.37690281867980957,valid,False,0.0006115052001349788,0.023052274652517708,0.08843087376843009,0.014762516362496963,0.0008666476606901415,0.022832660645256755,0.4275359625365577,0.39466543568564066,0.025998488656380915,0.001243634831894151
P13,27,A,gamma,1799551287-γ-8,P13-T27-Aγ,10,52,E3,2,2,L5,L,False,52,True,L4,False,0.14759572986146927,False,0.4915492534637451,valid,False,0.00041107345234996974,0.01562511738975351,0.21202357926930634,0.6243414982180465,0.14759572986146927,4.796517635223818e-07,1.4216803035644076e-06,9.088754348510538e-07,1.834987855873061e-07,8.102786779987778e-09
P13,27,A,gamma,1799551287-γ-8,P13-T27-Aγ,11,59,B3,6,6,R1,R,False,59,True,R2,False,0.024790359114817966,False,0.38332700729370117,valid,False,0.00207749250425846,0.1662606640153621,0.022151746167105347,0.0017823207854207586,0.0003042348608002606,0.024790359114817966,0.6908455810685239,0.08630748503934366,0.005248363570267552,0.00023175287410008482
P13,27,A,gamma,1799551287-γ-8,P13-T27-Aγ,12,67,G4,11,11,R5,R,False,67,True,R2,False,0.0029178160669413753,False,0.490875244140625,valid,False,4.568326520517027e-07,7.695483732475658e-07,1.3246864449898835e-07,2.1896919659903343e-08,2.525264910139084e-09,0.06348701610259956,0.45071509170322,0.45071509170322,0.03216360115216474,0.0029178160669413753
P13,27,A,gamma,1799551287-γ-8,P13-T27-Aγ,13,55,G3,4,4,L2,L,False,55,True,L3,False,0.2843593796753675,False,0.4271581172943115,valid,False,0.012782267031940006,0.2843593796753675,0.5724658522725321,0.12029572509314726,0.01007395204425222,5.54410629105812e-06,7.126471358806577e-06,6.670590361268487e-06,3.2415540187995655e-06,2.411607310311033e-07
P13,27,A,gamma,1799551287-γ-8,P13-T27-Aγ,14,59,B3,6,6,R2,R,False,59,True,L2,False,0.0019457681335750337,False,0.5395121574401855,valid,False,0.011485147030739003,0.8503574805250046,0.11978001192515042,0.01327200362998468,0.001304287384872696,0.000779692780430842,0.0019457681335750337,0.0009857591996725906,7.620385907028447e-05,1.3645531499706159e-05
P13,27,A,gamma,1799551287-γ-8,P13-T27-Aγ,15,59,B3,6,6,L3,L,False,59,True,L2,False,0.12258780340622892,False,0.442629337310791,valid,False,0.019941824044138422,0.8361663158754664,0.12258780340622892,0.013050514205765001,0.0010928921552275372,0.0015299667149690104,0.003930739341254387,0.0015664744730298733,0.00011178560712308264,2.1684176797248585e-05
P13,27,A,gamma,1799551287-γ-8,P13-T27-Aγ,16,53,F3,3,3,L5,L,False,53,True,L2,False,0.008090748228889354,False,0.3659090995788574,valid,False,0.11337730227033667,0.5844792120434554,0.2523258265646962,0.04170917860073715,0.008090748228889354,4.2572183206517385e-06,9.34579341637899e-06,3.7377225941089808e-06,3.2578308383122436e-07,6.577447024708515e-08
P13,27,A,gamma,1799551287-γ-8,P13-T27-Aγ,17,57,A3,5,5,R5,R,False,57,True,L2,False,5.5875375326585246e-06,False,0.41416501998901367,valid,False,0.014994107165695688,0.49908848176024295,0.44265177420329777,0.03858190554071612,0.003362831737954551,0.0002495437388762726,0.0006929990359126549,0.00034396457663451335,2.8804703136828236e-05,5.5875375326585246e-06
P13,27,A,gamma,1799551287-γ-8,P13-T27-Aγ,18,55,G3,4,4,L2,L,False,55,True,L2,True,0.713165420546251,False,0.26271724700927734,valid,False,0.06469690730873903,0.713165420546251,0.19051165996922542,0.02793033571849837,0.003352523681163067,6.965941807907867e-05,0.00018513350533547754,8.124495109122381e-05,6.034353229393745e-06,1.0805483879248163e-06
P13,27,A,gamma,1799551287-γ-8,P13-T27-Aγ,19,60,C4,7,7,L1,L,False,60,True,R3,False,0.0007320952641630995,False,0.4048881530761719,valid,False,0.0007320952641630995,0.014778467047548434,0.028841165267530066,0.0053710770873639626,0.00040546326798446665,0.015494596701034776,0.4126433869590547,0.4842415004393309,0.035966348957507034,0.0015258990084825147
P13,27,A,gamma,1799551287-γ-8,P13-T27-Aγ,20,55,G3,4,4,L3,L,False,55,True,L4,False,0.38051906219989406,False,0.44525718688964844,valid,False,0.006969449733533038,0.07062428874042075,0.38051906219989406,0.48373453450271303,0.05806344394359209,1.1131911685437775e-05,4.6094588035592925e-05,2.3759948194389336e-05,7.76239990736269e-06,4.72032024488711e-07
P13,27,A,gamma,1799551287-γ-8,P13-T27-Aγ,21,50,D3,1,1,L5,L,False,50,True,L3,False,0.03832569275369853,False,0.8016860485076904,valid,False,0.024401152219414836,0.27208662785720944,0.3458898944772937,0.31929661564193834,0.03832569275369853,4.7053325631512725e-09,7.068066002013465e-09,3.981390214074096e-09,1.1991716878430014e-09,9.6484882429021e-11
P13,27,A,gamma,1799551287-γ-8,P13-T27-Aγ,22,67,G4,11,11,R3,R,False,67,True,R4,False,0.26844448918278707,False,0.5463869571685791,valid,False,1.2713642484844425e-09,3.1287834405850796e-08,4.506719987156855e-08,2.7886834795734498e-08,1.2530362591275463e-08,0.007103669124603659,0.1113461868481112,0.26844448918278707,0.3551869065954402,0.2579186302054619
P13,27,A,gamma,1799551287-γ-8,P13-T27-Aγ,23,52,E3,2,2,L1,L,False,52,True,L2,False,0.06600951675005187,False,0.5539169311523438,valid,False,0.06600951675005187,0.41563144780858163,0.41563144780858163,0.09090353822689584,0.011820069889930979,1.7620734173331343e-06,1.7118149874411412e-06,4.5728621357975743e-07,4.148406936342073e-08,6.8572705446806215e-09
P13,27,A,gamma,1799551287-γ-8,P13-T27-Aγ,24,50,D3,1,1,L2,L,False,50,True,L3,False,0.37235887446133553,False,1.4912238121032715,valid,False,0.059137078030019316,0.37235887446133553,0.4548001562924917,0.10352965625501954,0.01017423053656779,2.754667912234908e-09,1.1359292683864091e-09,4.383965834919524e-10,7.542388050736371e-11,2.0148381094770815e-11
P13,27,A,gamma,1799551287-γ-8,P13-T27-Aγ,25,52,E3,2,2,L4,L,False,52,True,L2,False,0.10892208710390608,False,0.4152088165283203,valid,False,0.03117384375949166,0.42438150619179377,0.42438150619179377,0.10892208710390608,0.011141009273223704,2.8227166408420565e-08,1.2248531789150402e-08,5.732452143239207e-09,9.862389483557454e-10,2.8540198677095856e-10
P13,27,A,gamma,1799551287-γ-8,P13-T27-Aγ,26,65,F4,10,10,R5,R,False,65,True,R2,False,0.0017103977129186265,False,0.47804808616638184,valid,False,1.045114217182911e-06,2.730490335407204e-06,2.792860379015678e-07,5.4175917443401735e-08,6.768208862257073e-09,0.0734588895675312,0.7779995331594173,0.13931337947979688,0.007513684245619202,0.0017103977129186265
P13,27,A,gamma,1799551287-γ-8,P13-T27-Aγ,27,57,A3,5,5,R4,R,False,57,True,L2,False,3.676689721189176e-05,False,0.3427999019622803,valid,False,0.03209179991979291,0.8772944028007872,0.07346746308451715,0.01121040796175643,0.0012421486086928672,0.0019050508253523216,0.00235571108564127,0.0003893964234277686,3.676689721189176e-05,6.852392820012566e-06
P13,27,A,gamma,1799551287-γ-8,P13-T27-Aγ,28,62,D4,8,8,R2,R,False,62,True,R2,True,0.8059274759730481,False,0.3742818832397461,valid,False,0.0003037166098223271,0.0007649030067743915,6.154379512660246e-05,9.022748841483835e-06,1.376782199939821e-06,0.07609585216140781,0.8059274759730481,0.10907042322898085,0.006903259961896634,0.0008624257319017244
P13,27,A,gamma,1799551287-γ-8,P13-T27-Aγ,29,53,F3,3,3,L3,L,False,53,True,L2,False,0.3630235234095019,False,0.4156479835510254,valid,False,0.04906333880421825,0.5203322942801734,0.3630235234095019,0.057654461604162564,0.009919153995479445,5.536259097284508e-06,1.380192405779573e-06,2.786560408895624e-07,2.63107655757904e-08,6.488154909969255e-09
