participant,trial_index,condition,level,sequence,quiz_name,event_index,target_note,target_note_name,target_finger,target_hand,timed_out,actual_note,key_correct,actual_finger,finger_correct,target_finger_probability,manually_corrected,rt_s,p_L1,p_L2,p_L3,p_L4,p_L5,p_R1,p_R2,p_R3,p_R4,p_R5
P02,1,A,alpha,1799551287-α-9,P02-T01-Aα,0,60,C4,L4,L,False,60,True,R2,False,0.0001829535872391909,False,0.5894641876220703,0.07009779788682985,0.03186401192251581,0.0015242114891553624,0.0001829535872391909,4.092812960395025e-06,0.016634684491015586,0.8468107381588539,0.030614606144176906,0.0021846971614172006,8.220634583571531e-05
P02,1,A,alpha,1799551287-α-9,P02-T01-Aα,1,59,B3,L5,L,False,59,True,L2,False,3.244052528474615e-05,False,0.4472520351409912,0.04174806665814948,0.8385323343339612,0.03853832276217667,0.0016350169031852854,3.244052528474615e-05,0.012836275659185102,0.06482252445900112,0.0017017432088219182,0.00014832538705056257,4.950103184008286e-06
P02,1,A,alpha,1799551287-α-9,P02-T01-Aα,2,60,C4,L4,L,False,60,True,R2,False,1.911677825718612e-05,False,0.42987918853759766,0.03441381873583193,0.006571953424893812,0.00015301965730114272,1.911677825718612e-05,8.110434846329279e-07,0.017849845838688108,0.9003747929502169,0.03819906784112495,0.002322887707643758,9.468602255781436e-05
P02,1,A,alpha,1799551287-α-9,P02-T01-Aα,3,65,F4,R4,R,False,65,True,R3,False,0.1165909956687553,False,0.7723269462585449,1.2515280225173722e-07,5.999028334085206e-08,6.647112865217714e-09,1.5131334070644622e-09,7.365210994570232e-10,0.026610133875134237,0.07815328158402107,0.7640796570028949,0.1165909956687553,0.014565737829341603
P02,1,A,alpha,1799551287-α-9,P02-T01-Aα,4,64,E4,R5,R,False,64,True,R2,False,0.0010780565671336395,False,0.47153306007385254,0.0005632876638179428,0.00033795583600613663,3.456754459077395e-05,3.0129366194818647e-06,1.906940866025252e-07,0.012873358525541478,0.8935121612079591,0.08105759450398566,0.01053981452025943,0.0010780565671336395
P02,1,A,alpha,1799551287-α-9,P02-T01-Aα,5,59,B3,L3,L,False,59,True,R2,False,0.013098213689619683,False,0.46495795249938965,0.010706055500888309,0.18354793533024436,0.013098213689619683,0.0011416514578182306,5.0395433582591415e-05,0.010044703069149568,0.7443235812656154,0.03420855850132213,0.002752407164484754,0.00012649858727522284
P02,1,A,alpha,1799551287-α-9,P02-T01-Aα,6,57,A3,L4,L,False,57,True,L2,False,0.003288124422222498,False,0.5106678009033203,0.0144445519789258,0.9254844385637039,0.05627876666772352,0.003288124422222498,0.0002254225054815237,8.664908667639031e-05,0.0001845780846105829,6.673020438410547e-06,7.103997755653727e-07,8.527044195528513e-08
P02,1,A,alpha,1799551287-α-9,P02-T01-Aα,7,62,D4,R5,R,False,62,True,R2,False,0.00020366778849355733,False,0.3854711055755615,0.0021807432919228415,0.0020724570823486685,0.00013652260135897814,1.2385050973032858e-05,1.2171233670127255e-06,0.012694390157401484,0.9426875576259041,0.03691931661798123,0.003091742660249313,0.00020366778849355733
P02,1,A,alpha,1799551287-α-9,P02-T01-Aα,8,64,E4,R4,R,False,64,True,R2,False,0.003735772803918485,False,0.32251811027526855,0.0004180331891895049,0.0003005788107088795,2.3236166944605647e-05,1.7962658545499201e-06,7.931801386590426e-08,0.01977946821104251,0.9325797828384372,0.04286067358518165,0.003735772803918485,0.0003005788107088795
P02,1,A,alpha,1799551287-α-9,P02-T01-Aα,9,62,D4,R3,R,False,62,True,R2,False,0.02924637950309724,False,0.34033203125,0.002819932531451492,0.0028741465797152716,0.00026073669516553486,1.650248651327526e-05,7.287030763104064e-07,0.013124976526809877,0.9493293503957759,0.02924637950309724,0.002172233255509384,0.00015501332288575108
P02,1,A,alpha,1799551287-α-9,P02-T01-Aα,10,64,E4,R1,R,False,64,True,R2,False,0.018117952127001603,False,0.46542882919311523,0.00046593908435188687,0.00033184186856153474,2.6699866247491103e-05,1.8306270454253351e-06,9.486111124104716e-08,0.018117952127001603,0.9504193202562956,0.028131875052238204,0.002263479603830068,0.00024096665331669288
P02,1,A,alpha,1799551287-α-9,P02-T01-Aα,11,59,B3,L1,L,False,59,True,R2,False,0.01963399484285553,False,0.41326904296875,0.01963399484285553,0.19283737941752463,0.013221538971710722,0.0012483806607075359,0.00010440413461541305,0.018442513500277483,0.7218715684465257,0.03062593625629495,0.0019383696633305427,7.591410615773625e-05
P02,1,A,alpha,1799551287-α-9,P02-T01-Aα,12,64,E4,R1,R,False,64,True,R2,False,0.038286994287440694,False,0.36182689666748047,0.0006562905545065284,0.0003856423568662508,3.3612916184267656e-05,3.049294960325329e-06,1.2936859846487063e-07,0.038286994287440694,0.9411994988235443,0.017942193617280815,0.0013326309209698293,0.00015995785964873098
P02,1,A,alpha,1799551287-α-9,P02-T01-Aα,13,65,F4,R2,R,False,65,True,R2,True,0.9287374238935676,False,0.3397669792175293,7.706472577932011e-05,3.4521466019998805e-05,3.1317167418842915e-06,2.956973937563112e-07,1.472190635914465e-08,0.04623911361918289,0.9287374238935676,0.022506992867726713,0.0021251152900483416,0.0002763260016330183
P02,1,A,alpha,1799551287-α-9,P02-T01-Aα,14,64,E4,R3,R,False,64,True,R2,False,0.044259229193723486,False,0.3421199321746826,0.0004284230777341329,0.0002982163405276853,2.599279016026918e-05,2.176720090162032e-06,1.0004043727688766e-07,0.026313021192990907,0.9252499516925077,0.044259229193723486,0.0031583947848511738,0.000264494166977007
P02,1,A,alpha,1799551287-α-9,P02-T01-Aα,15,62,D4,R1,R,False,62,True,R2,False,0.022791171046543397,False,0.3298931121826172,0.00246264871221269,0.0024268142918744827,0.000229140347094765,1.7019073492002646e-05,6.937349452038178e-07,0.022791171046543397,0.9406577891754966,0.02897923115228843,0.002240231942474043,0.0001952605235783658
P02,1,A,alpha,1799551287-α-9,P02-T01-Aα,16,57,A3,L2,L,False,57,True,L2,True,0.9279918121403572,False,0.35735392570495605,0.019163796682571167,0.9279918121403572,0.04620199179584992,0.0043624023774778775,0.0004833168144872671,0.001151628612583604,0.0006144811103137464,2.713374587884399e-05,3.1292025276937128e-06,3.075179524786925e-07
P02,1,A,alpha,1799551287-α-9,P02-T01-Aα,17,59,B3,L1,L,False,59,True,L2,False,0.01942929259387124,False,0.38471174240112305,0.01942929259387124,0.9408482432497148,0.023730991563255286,0.0013864989860811413,9.133528022055182e-05,0.00668747941885977,0.00743933791372223,0.000341906440475725,4.103958684885675e-05,3.874966950153084e-06
P02,1,A,alpha,1799551287-α-9,P02-T01-Aα,18,64,E4,R2,R,False,64,True,R2,True,0.9013546204806056,False,0.3521432876586914,0.00029005256419100555,6.613208596544072e-05,4.911866659431216e-06,5.229099782733639e-07,8.294475657089182e-08,0.04487580411355797,0.9013546204806056,0.048613378247732056,0.004410106177118297,0.00038438860943537423
P02,1,A,alpha,1799551287-α-9,P02-T01-Aα,19,65,F4,R1,R,False,65,True,R2,False,0.048706574438519716,False,0.3400840759277344,4.85817942254627e-05,0.00011879987834373412,2.2501214796236113e-05,2.124569723248552e-06,1.1773078762584249e-07,0.048706574438519716,0.903082597844153,0.043198856272008646,0.004245306499857751,0.0005745397575844815
P02,1,A,alpha,1799551287-α-9,P02-T01-Aα,20,60,C4,L2,L,False,60,True,R2,False,0.055391832236164604,False,0.488400936126709,0.027616818939768216,0.055391832236164604,0.002757796938563178,0.0002820790721434724,2.0951022027474916e-05,0.037962796262628766,0.8078950409942379,0.06245411644948856,0.005230109162990797,0.00038845892198690143
P02,1,A,alpha,1799551287-α-9,P02-T01-Aα,21,59,B3,L3,L,False,59,True,R2,False,0.005465976035152134,False,0.4622170925140381,0.04951450455481254,0.1097870634753071,0.005465976035152134,0.000516098677224704,5.071886753653968e-05,0.018518476312355644,0.7794142711343169,0.03441672723919019,0.002178295528119763,0.0001378681759845972
P02,1,A,alpha,1799551287-α-9,P02-T01-Aα,22,57,A3,L2,L,False,57,True,L2,True,0.9206389194194723,False,0.3875713348388672,0.0223107339707033,0.9206389194194723,0.051679847397485226,0.003838447187781956,0.00032144394877015465,0.0005022522095267611,0.0006873359518778192,1.8780576777155157e-05,1.999352115075669e-06,2.3998549034035776e-07
P02,1,A,alpha,1799551287-α-9,P02-T01-Aα,23,59,B3,L1,L,False,59,True,R2,False,0.0699623290688682,False,0.4303300380706787,0.0699623290688682,0.19036292956490777,0.00840588794166376,0.0006498149855257804,4.826408415229526e-05,0.0204860013313882,0.6846668747488944,0.02378208118528773,0.0015666387578296072,6.917833148230045e-05
P02,1,A,alpha,1799551287-α-9,P02-T01-Aα,24,60,C4,L2,L,False,60,True,R2,False,0.007532447536519458,False,0.3589649200439453,0.022080103699644214,0.007532447536519458,0.0006060577666498397,4.685113834451175e-05,5.191254101442553e-06,0.026395811862369993,0.9152708451004452,0.026029227129815077,0.0019332838370849815,0.00010018067502527632
P02,1,A,alpha,1799551287-α-9,P02-T01-Aα,25,59,B3,L3,L,False,59,True,R2,False,0.002257557413025368,False,0.385983943939209,0.03835390625365679,0.03712473422267382,0.002257557413025368,0.0001967706263435988,2.180280687180542e-05,0.007011310924184762,0.8750521093366919,0.03712473422267382,0.002757386850974123,9.968734290408731e-05
P02,1,A,alpha,1799551287-α-9,P02-T01-Aα,26,60,C4,L4,L,False,60,True,R2,False,5.222622928868493e-05,False,0.32403993606567383,0.022251271274863094,0.009095952792371506,0.0006755889611580933,5.222622928868493e-05,6.7909092684487875e-06,0.031909609638174685,0.9049046386604157,0.029015482490367783,0.001989392998847838,9.904604524418728e-05
P02,1,A,alpha,1799551287-α-9,P02-T01-Aα,27,64,E4,R2,R,False,64,True,R2,True,0.9190353397764437,False,0.29122400283813477,0.00040788131152143963,0.00010469798321692609,9.12556536353951e-06,6.512119297619627e-07,8.467624773560013e-08,0.03458169777997848,0.9190353397764437,0.04223818105032712,0.0033984674371248746,0.000223873207846728
P02,1,A,alpha,1799551287-α-9,P02-T01-Aα,28,59,B3,L4,L,False,59,True,R2,False,0.0002911080451604198,False,0.37769389152526855,0.05754763346347871,0.04871267233659591,0.004079356308682273,0.0002911080451604198,4.267846615267388e-05,0.014315799060492723,0.8337546784009875,0.0383187452469723,0.002846070322176132,9.125834930154105e-05
P02,1,A,alpha,1799551287-α-9,P02-T01-Aα,29,57,A3,L4,L,False,57,True,L2,False,0.001734838535807094,False,0.3855710029602051,0.039287812101497996,0.926037143981562,0.02335741157913262,0.001734838535807094,0.00024436661670676507,0.003185337685415574,0.0059949314035241605,0.00014528097487012846,1.2166297452803315e-05,7.108240310022438e-07
P02,2,A,gamma,1799551287-γ-8,P02-T02-Aγ,0,71,B4,R4,R,False,71,True,R5,False,0.18029510108920185,False,0.7757422924041748,,,,,,7.861112503399627e-05,0.0011671851074720394,0.026432517057672265,0.18029510108920185,0.7920265856206199
P02,2,A,gamma,1799551287-γ-8,P02-T02-Aγ,1,65,F4,R2,R,False,65,True,R4,False,0.014972965172700633,False,0.4164087772369385,,,,,,0.0010956916596657226,0.014972965172700633,0.3641859936828027,0.5654742212720115,0.05427112821281937
P02,2,A,gamma,1799551287-γ-8,P02-T02-Aγ,2,57,A3,R4,R,False,57,True,R2,False,0.0032553408880555256,False,0.41607189178466797,,,,,,0.38617590167856264,0.5850427419953155,0.025035554579166754,0.0032553408880555256,0.0004904608588995026
P02,2,A,gamma,1799551287-γ-8,P02-T02-Aγ,3,64,E4,R2,R,False,64,True,R2,True,0.9430861808754653,False,0.34459900856018066,,,,,,0.012051120806146894,0.9430861808754653,0.040011130126430816,0.004433359587654861,0.00041820860430211284
P02,2,A,gamma,1799551287-γ-8,P02-T02-Aγ,4,53,F3,L4,L,False,53,True,R1,False,0.0,False,0.4457111358642578,,,,,,0.6781380892685621,0.3116995859978529,0.008864369889676819,0.0011074276113240496,0.0001905272325841321
P02,2,A,gamma,1799551287-γ-8,P02-T02-Aγ,5,72,C5,R5,R,False,71,False,R3,False,0.020229674516449112,False,0.8540849685668945,,,,,,0.018862419541713204,0.4207188548032351,0.4608945167649809,0.07929453437362181,0.020229674516449112
P02,2,A,gamma,1799551287-γ-8,P02-T02-Aγ,6,57,A3,L2,L,False,72,False,L1,False,0.1267687744552937,True,0.08479690551757812,0.16773154475527963,0.1267687744552937,0.10378949417655545,0.10802522378693705,0.14293139407691963,0.0014913081199186156,0.08164370780528331,0.16773154475527963,0.061704986951395036,0.038182021117137886
P02,2,A,gamma,1799551287-γ-8,P02-T02-Aγ,7,67,G4,R3,R,False,67,True,R2,False,0.06453386526697806,False,0.4563298225402832,,,,,,0.019437226690735693,0.9043261935802119,0.06453386526697806,0.009461113941320976,0.002241600520753353
P02,2,A,gamma,1799551287-γ-8,P02-T02-Aγ,8,62,D4,L4,L,False,62,True,R2,False,0.0,False,0.37688708305358887,,,,,,0.009491462527112186,0.9266459862514843,0.05634940045535963,0.006763710302301038,0.000749440463742811
P02,2,A,gamma,1799551287-γ-8,P02-T02-Aγ,9,60,C4,L1,L,False,60,True,R2,False,0.0,False,0.47205400466918945,,,,,,0.011332671100197906,0.9508282213161308,0.034375132712241296,0.0031184416837064617,0.00034553318772343014
P02,2,A,gamma,1799551287-γ-8,P02-T02-Aγ,10,52,E3,L5,L,False,52,True,R2,False,0.0,False,0.5121469497680664,,,,,,0.2610757028165242,0.7175983399019661,0.01835137381405128,0.002584945537179078,0.0003896379302793708
P02,2,A,gamma,1799551287-γ-8,P02-T02-Aγ,11,59,B3,R1,R,False,59,True,R2,False,0.008916117952498559,False,0.4410512447357178,,,,,,0.008916117952498559,0.9552984096743964,0.0331825376295371,0.002464585803977501,0.0001383489395906498
P02,2,A,gamma,1799551287-γ-8,P02-T02-Aγ,12,67,G4,R5,R,False,67,True,R2,False,0.0005063566993924863,False,0.3584921360015869,,,,,,0.03376707048047755,0.9340090068241516,0.028774399381523243,0.0029431666144551574,0.0005063566993924863
P02,2,A,gamma,1799551287-γ-8,P02-T02-Aγ,13,55,G3,L2,L,False,55,True,R1,False,0.0,False,0.4507749080657959,,,,,,0.7212980179497668,0.2620765905778754,0.01413475688497056,0.002072253767356586,0.00041838082003060114
P02,2,A,gamma,1799551287-γ-8,P02-T02-Aγ,14,59,B3,R2,R,False,59,True,R2,True,0.9405170670000551,False,0.42276620864868164,,,,,,0.01050571198490197,0.9405170670000551,0.044989529967355196,0.0037675683573430885,0.00022012269034455038
P02,2,A,gamma,1799551287-γ-8,P02-T02-Aγ,15,59,B3,L3,L,False,59,True,R2,False,0.0,False,0.39129090309143066,,,,,,0.02138400941197334,0.9431621389113403,0.03276098112195888,0.0025325791423008747,0.00016029141242696456
P02,2,A,gamma,1799551287-γ-8,P02-T02-Aγ,16,53,F3,L5,L,False,53,True,R2,False,0.0,False,0.3578910827636719,,,,,,0.27904726568015936,0.7018058630162188,0.01700754071825255,0.001961396691892253,0.00017793389347708967
P02,2,A,gamma,1799551287-γ-8,P02-T02-Aγ,17,57,A3,R5,R,False,57,True,R2,False,0.00012089357009790954,False,0.4565238952636719,,,,,,0.010570403921941324,0.941199658091264,0.0450221816367729,0.003086862779923962,0.00012089357009790954
P02,2,A,gamma,1799551287-γ-8,P02-T02-Aγ,18,55,G3,L2,L,False,55,True,R2,False,0.0,False,0.4301619529724121,,,,,,0.08000555210127737,0.894927122597273,0.022572724292633316,0.0023088331976805405,0.00018576781113564168
P02,2,A,gamma,1799551287-γ-8,P02-T02-Aγ,19,60,C4,L1,L,False,60,True,R2,False,0.0,False,0.3844118118286133,,,,,,0.010409829449558204,0.9525622765274651,0.03443782371854889,0.0024575268213146723,0.00013254348311302332
P02,2,A,gamma,1799551287-γ-8,P02-T02-Aγ,20,55,G3,L3,L,False,55,True,R2,False,0.0,False,0.4726738929748535,,,,,,0.1471535149003341,0.8303156877598977,0.020121843678946264,0.0022295638317004107,0.00017938982912159583
P02,2,A,gamma,1799551287-γ-8,P02-T02-Aγ,21,50,D3,L5,L,False,48,False,R2,False,0.0,False,0.49474310874938965,,,,,,0.21572426824219426,0.7650846779326433,0.017115534780679103,0.0018964553107596197,0.00017906373372373629
P02,2,A,gamma,1799551287-γ-8,P02-T02-Aγ,22,67,G4,R3,R,False,67,True,R2,False,0.05067602372994154,False,1.036072015762329,,,,,,0.03986317215404181,0.9027565303816888,0.05067602372994154,0.005615063482522101,0.0010892102518056802
P02,2,A,gamma,1799551287-γ-8,P02-T02-Aγ,23,52,E3,L1,L,False,52,True,R1,False,0.0,False,0.5300822257995605,,,,,,0.7425307505158953,0.23879217518279638,0.015730375899113306,0.002400299722041237,0.0005463986801537752
P02,2,A,gamma,1799551287-γ-8,P02-T02-Aγ,24,50,D3,L2,L,False,50,True,R1,False,0.0,False,0.7432711124420166,,,,,,0.699691919940873,0.2841503298705071,0.013592299629095717,0.0020740504378829695,0.0004914001216412854
P02,2,A,gamma,1799551287-γ-8,P02-T02-Aγ,25,52,E3,L4,L,False,52,True,R1,False,0.0,False,0.6444978713989258,,,,,,0.7414558964245936,0.24296670856018737,0.013104090483881874,0.001999554552783311,0.0004737499785535824
P02,2,A,gamma,1799551287-γ-8,P02-T02-Aγ,26,65,F4,R5,R,False,65,True,R2,False,0.0012135384681147994,False,0.4544529914855957,,,,,,0.024374571709028393,0.892066289871262,0.07470450855588237,0.007641091395712511,0.0012135384681147994
P02,2,A,gamma,1799551287-γ-8,P02-T02-Aγ,27,57,A3,R4,R,False,57,True,R1,False,0.002847085806583934,False,0.4283030033111572,,,,,,0.60000346854885,0.3747637948605676,0.021895824294112232,0.002847085806583934,0.0004898264898862729
P02,2,A,gamma,1799551287-γ-8,P02-T02-Aγ,28,62,D4,R2,R,False,62,True,R2,True,0.9393682897178621,False,0.39108920097351074,,,,,,0.010984290826577484,0.9393682897178621,0.04493457833300805,0.00424273291543435,0.0004701082071179591
P02,2,A,gamma,1799551287-γ-8,P02-T02-Aγ,29,53,F3,L3,L,False,53,True,R1,False,0.0,False,0.664405107498169,,,,,,0.5355522066582981,0.44390977047361724,0.018094740612035313,0.0021719411831549913,0.0002713410728943933
P02,3,C,beta,1799551287-β-6,P02-T03-Cβ,0,64,E4,R4,R,False,64,True,R4,True,0.5510074979784355,False,0.8115670680999756,7.753131372069351e-05,1.8906460631123443e-05,3.2527594446575e-06,4.7687718072204e-07,5.7240344602018866e-08,0.005992505761060049,0.09739492408874534,0.3023993264656211,0.5510074979784355,0.04310552105481613
P02,3,C,beta,1799551287-β-6,P02-T03-Cβ,1,62,D4,R2,R,False,62,True,R2,True,0.7794043330333335,False,0.5836391448974609,0.0005071012562810051,0.0003459468779446921,3.399744012425933e-05,4.247307408932319e-06,4.173981282397491e-07,0.01609534262734065,0.7794043330333335,0.17742180068803537,0.02499135468188504,0.0011954586895182872
P02,3,C,beta,1799551287-β-6,P02-T03-Cβ,2,60,C4,L2,L,False,60,True,L2,True,0.7442512626137847,False,0.6846160888671875,0.0034755814236393503,0.7442512626137847,0.04177836811582938,0.0028644566934397805,0.0002124370548568284,0.04176830261719537,0.1563940363118693,0.008104169613953036,0.0010967800901018842,5.460546533041448e-05
P02,3,C,beta,1799551287-β-6,P02-T03-Cβ,3,59,B3,L3,L,False,59,True,L3,True,0.5860222523039699,False,0.6781580448150635,0.0007972059413261483,0.3145376537178373,0.5860222523039699,0.08254616908413143,0.0020820599455534583,0.004936124977485633,0.008443169422177004,0.0005561917122664249,7.527236291343314e-05,3.900532339206555e-06
P02,3,C,beta,1799551287-β-6,P02-T03-Cβ,4,57,A3,L4,L,False,57,True,L3,False,0.3907212680871517,False,0.6437408924102783,0.0005715270852659709,0.11084334497231824,0.4772280345134862,0.3907212680871517,0.017957259038257418,0.0015001461002276237,0.0010919820466936943,7.48697334011637e-05,1.0976424169453818e-05,5.919990288313922e-07
P02,3,C,beta,1799551287-β-6,P02-T03-Cβ,5,60,C4,R4,R,False,60,True,R3,False,0.2576426104797912,False,0.7122750282287598,,,,,,0.0041852791068006335,0.14639223209133115,0.5733941745464176,0.2576426104797912,0.018385703775659356
P02,3,C,beta,1799551287-β-6,P02-T03-Cβ,6,59,B3,L2,L,False,59,True,L2,True,0.7474052182125551,False,0.6648969650268555,0.008597005431283843,0.7474052182125551,0.04031031932573031,0.0025513113932672717,9.600140030093535e-05,0.006353922461887849,0.17708104317842283,0.01543453450120721,0.002088837098346148,8.180699699850115e-05
P02,3,C,beta,1799551287-β-6,P02-T03-Cβ,7,64,E4,R2,R,False,64,True,R2,True,0.7985820976327783,False,0.7630763053894043,4.19763499658506e-05,1.695551341523227e-05,8.441653056164033e-07,9.735346604634474e-08,4.474292931697969e-09,0.05054367313952981,0.7985820976327783,0.1268287532811035,0.022710736294464358,0.0012748617956783094
P02,3,C,beta,1799551287-β-6,P02-T03-Cβ,8,57,A3,L1,L,False,57,True,L1,True,0.7535928587636199,False,0.5838189125061035,0.7535928587636199,0.2181121567417901,0.0118422325293744,0.002450315863170441,0.00037855370045443686,0.005868726639232251,0.007108473624307524,0.0005719449924012072,7.145320926659949e-05,3.2839363830815095e-06
P02,3,C,beta,1799551287-β-6,P02-T03-Cβ,9,59,B3,L3,L,False,59,True,L3,True,0.5388122725152972,False,0.6435561180114746,0.004171440202745578,0.3804099790627288,0.5388122725152972,0.03315685767974191,0.0008363145868713407,0.01030532920494908,0.030607637318985016,0.0015238645317790908,0.00016884900303746234,7.455893864622463e-06
P02,3,C,beta,1799551287-β-6,P02-T03-Cβ,10,57,A3,L2,L,False,57,True,L2,True,0.8624616873958942,False,0.684323787689209,0.05681445185938564,0.8624616873958942,0.06405811559566532,0.004219812633882586,0.00014657628453619096,0.0037108760912665925,0.008002793974407795,0.0005271820877892104,5.61230166015713e-05,2.3810605709955054e-06
P02,3,C,beta,1799551287-β-6,P02-T03-Cβ,11,62,D4,R4,R,False,62,True,R3,True,0.4132993430057556,False,0.6298422813415527,0.00010059216514879379,5.100519094949371e-05,4.2713392120564815e-06,3.8748715112257575e-07,1.579483029305446e-08,0.003911336978673152,0.0952226156167084,0.4659937079988139,0.4132993430057556,0.02141672442275725
P02,3,C,beta,1799551287-β-6,P02-T03-Cβ,12,60,C4,R5,R,False,60,True,R4,False,0.33994277096727443,False,0.654228925704956,0.0015351628082694905,0.0014173334905816738,7.956167935067717e-05,8.815685356666302e-06,4.7546241736476783e-07,0.002618073595769033,0.028067455594540318,0.1941783919663889,0.43215195875005147,0.33994277096727443
P02,3,C,beta,1799551287-β-6,P02-T03-Cβ,13,62,D4,R4,R,False,62,True,R3,False,0.3245274793719859,False,0.7329940795898438,0.00036981496024636077,0.0003762017218217264,3.0269042596273084e-05,2.745945592363943e-06,9.538113119892496e-08,0.0014608125175600989,0.0979279189535024,0.5458641933907653,0.3245274793719859,0.0294404687147986
P02,3,C,beta,1799551287-β-6,P02-T03-Cβ,14,64,E4,R2,R,False,64,True,R2,True,0.80296771708524,False,0.5257730484008789,9.923513388864469e-05,8.78885723845781e-05,7.07147997184096e-06,6.16356215442006e-07,3.601102235855849e-08,0.02574690717676895,0.80296771708524,0.1557597117184158,0.014706866745444525,0.0006239497206478125
P02,3,C,beta,1799551287-β-6,P02-T03-Cβ,15,60,C4,L3,L,False,60,True,L2,True,0.4009608741669565,False,0.6271820068359375,0.005085030944760392,0.4897347176218335,0.4009608741669565,0.03099617630539515,0.0010344437595778148,0.016037183447426745,0.0521364255806161,0.0035746377841368213,0.0004122455351228105,2.8264854174038052e-05
P02,3,C,beta,1799551287-β-6,P02-T03-Cβ,16,59,B3,L2,L,False,59,True,L2,True,0.8969842673196404,False,0.5607049465179443,0.011239667934894018,0.8969842673196404,0.06662223113579228,0.004216638820649008,0.00020170245202269223,0.007454976150202317,0.011929786294755466,0.0011723828746793912,0.00017187949171039237,6.467525653965563e-06
P02,3,C,beta,1799551287-β-6,P02-T03-Cβ,17,57,A3,L1,L,False,57,True,L1,True,0.9515150860669107,False,0.5470128059387207,0.9515150860669107,0.04036873267567526,0.0024548251621084954,0.000374582031100795,6.444491453129796e-05,0.002050776312020504,0.0028807640141185527,0.00025108984433160807,3.831382590103962e-05,1.385153301654111e-06
P02,3,C,beta,1799551287-β-6,P02-T03-Cβ,18,59,B3,L2,L,False,59,True,L2,True,0.8093401724116768,False,0.5904028415679932,0.0417630383882377,0.8093401724116768,0.043650699778467604,0.0021732403741756704,5.266623734873089e-05,0.011487336622376703,0.08616114428899371,0.004836635400180238,0.000514900970930937,2.016552761190582e-05
P02,3,C,beta,1799551287-β-6,P02-T03-Cβ,19,62,D4,R3,R,False,62,True,R3,True,0.5268709812172312,False,0.6171681880950928,0.002679398263651924,0.0005868158050003581,3.428510420564055e-05,3.649940916219323e-06,3.311151695467005e-07,0.008759402193266668,0.209968118209948,0.5268709812172312,0.2463998692810675,0.004697148869543158
P02,3,C,beta,1799551287-β-6,P02-T03-Cβ,20,57,A3,L2,L,False,57,True,L2,True,0.7972582377521071,False,0.533729076385498,0.09194390276735417,0.7972582377521071,0.09569620462155956,0.004958873701028818,0.00033999602199523367,0.002937645317684848,0.005591114485289759,0.0011288265462894827,0.0001410245399633379,4.174246727726616e-06
P02,3,C,beta,1799551287-β-6,P02-T03-Cβ,21,60,C4,R3,R,False,60,True,R3,True,0.4356334286969502,False,0.5304980278015137,0.005481700881065378,0.0027096002907981364,0.00017849425375003736,1.7541270325790934e-05,5.404011249632405e-07,0.005138705142057801,0.3863721908284918,0.4356334286969502,0.16026058230463341,0.0042072159308026835
P02,3,C,beta,1799551287-β-6,P02-T03-Cβ,22,62,D4,R4,R,False,62,True,R4,True,0.5860757846075481,False,0.6685581207275391,0.0015390935549291285,0.0012379404935206108,0.0001168866177019568,1.1486867030737528e-05,5.952370112399026e-07,0.002398731887979399,0.05133496534361142,0.32164521022555864,0.5860757846075481,0.035639305165108756
P02,3,C,beta,1799551287-β-6,P02-T03-Cβ,23,64,E4,R2,R,False,64,True,R2,True,0.773291539254324,False,0.683743953704834,0.0003189648560372118,0.0002924844226763048,2.9916537150097784e-05,3.0599892700736603e-06,1.7177177195057873e-07,0.025807267297570647,0.773291539254324,0.1760302984426147,0.022888992782037775,0.0013373046465472089
P02,3,C,beta,1799551287-β-6,P02-T03-Cβ,24,67,G4,R4,R,False,67,True,R4,True,0.46798697714771315,False,0.6472828388214111,1.3540740239506304e-05,1.120315850484636e-05,1.2920056105800057e-06,1.3215176895019958e-07,1.2987028178695265e-08,0.004466294657016923,0.019076180621714088,0.21886179748983903,0.46798697714771315,0.28958256904056484
P02,3,C,beta,1799551287-β-6,P02-T03-Cβ,25,60,C4,R3,R,False,60,True,R3,True,0.5939642703437696,False,0.6913247108459473,0.006730440527177233,0.009270331751790725,0.001112733017008906,0.00010094486186060104,6.649717985674261e-06,0.004693403699516212,0.28224518882946115,0.5939642703437696,0.09818163353117099,0.0036944037202589646
P02,3,C,beta,1799551287-β-6,P02-T03-Cβ,26,60,C4,L3,L,False,60,True,L3,True,0.6132990080114238,False,0.6127028465270996,0.001060085399469986,0.22799124863131662,0.6132990080114238,0.10551494431613738,0.001520216251055635,0.00613484985708968,0.03583240297843516,0.007234437392727376,0.0013483108612907838,6.449630105367206e-05
P02,3,C,beta,1799551287-β-6,P02-T03-Cβ,27,59,B3,L2,L,False,59,True,L2,True,0.831530524244497,False,0.5629949569702148,0.014491708547335395,0.831530524244497,0.1268833306345449,0.008030670371221323,0.00016583996992805027,0.004101053580216267,0.012469279854880453,0.001980338931958991,0.00032734782375474543,1.990604166275487e-05
P02,3,C,beta,1799551287-β-6,P02-T03-Cβ,28,62,D4,R2,R,False,62,True,R2,True,0.6917486184848738,False,0.692237138748169,0.00028786179479773375,0.00012735492842460913,9.459106237326103e-06,1.0070023027901982e-06,3.640598482871128e-08,0.016706257522445575,0.6917486184848738,0.2648656249009701,0.02500867142017769,0.0012451084337858312
P02,3,C,beta,1799551287-β-6,P02-T03-Cβ,29,60,C4,R1,R,False,60,True,R1,True,0.5200561144983735,False,0.627802848815918,0.009207135295803552,0.003504110536040364,0.00030542125793817765,3.815634256417455e-05,3.325739306568488e-06,0.5200561144983735,0.44316258788368984,0.021153803635732497,0.002432110193102675,0.00013723461744874016
P02,4,A,gamma,1799551287-γ-5,P02-T04-Aγ,0,52,E3,L1,L,False,52,True,L5,False,0.00010028378572311187,False,1.1228821277618408,0.00010028378572311187,0.0016684928866174623,0.00889362782942283,0.06839741599636545,0.9208848912460985,1.2043632385998142e-05,3.5034472020478954e-05,7.188468149437752e-06,9.352796767202434e-07,8.64035400672036e-08
P02,4,A,gamma,1799551287-γ-5,P02-T04-Aγ,1,59,B3,L4,L,False,59,True,L2,False,0.012166471284516353,False,0.6936390399932861,0.003122655972667096,0.8113373316791674,0.12380204924543213,0.012166471284516353,0.0007700374822938297,0.0018005693597831626,0.03702816694954171,0.00882061215745139,0.0010599290826881066,9.217678645878019e-05
P02,4,A,gamma,1799551287-γ-5,P02-T04-Aγ,2,72,C5,R1,R,False,72,True,R5,False,5.9795478173263856e-05,False,0.7081830501556396,6.27676841288467e-08,2.0345841680348176e-07,1.921058912575107e-08,2.045130586571793e-09,1.0182105633485955e-10,5.9795478173263856e-05,0.0004770905785446265,0.005697064749665989,0.04044532596925355,0.9533204356407211
P02,4,A,gamma,1799551287-γ-5,P02-T04-Aγ,3,64,E4,R2,R,False,64,True,R3,False,0.2836758383203512,False,0.49614477157592773,0.00010274195959131835,0.0012172902538175995,0.00011495155374279054,1.223757048752878e-05,6.600172999904426e-07,0.004052345347124971,0.2836758383203512,0.6243777094291051,0.08118702865829093,0.005259196890188456
P02,4,A,gamma,1799551287-γ-5,P02-T04-Aγ,4,67,G4,R4,R,False,67,True,R2,False,0.007096874101089941,False,0.9847362041473389,4.9916015543663715e-06,1.1329497226444029e-05,1.0277888001810776e-06,9.323889636620845e-08,7.501964935385516e-09,0.035151047534548396,0.8975370668750857,0.059125033868990276,0.007096874101089941,0.0010725279918432605
P02,4,A,gamma,1799551287-γ-5,P02-T04-Aγ,5,62,D4,R3,R,False,62,True,R2,False,0.06551751049634048,False,0.4819018840789795,0.0007955198271741983,0.034546886926881244,0.0033950464497730644,0.0003205610435493865,2.0288875313452474e-05,0.005472843858126166,0.8821105980282018,0.06551751049634048,0.0072595470910318885,0.0005611974036081315
P02,4,A,gamma,1799551287-γ-5,P02-T04-Aγ,6,72,C5,R5,R,False,72,True,R3,False,0.08357320218547175,False,1.578321933746338,7.79486744679166e-12,2.3304118986205384e-12,3.7011001950785616e-13,9.12680071350062e-14,1.2351781596057253e-14,0.01682864072181381,0.16122149994558094,0.4561306107253166,0.28224604641121787,0.08357320218547175
P02,4,A,gamma,1799551287-γ-5,P02-T04-Aγ,7,55,G3,L5,L,False,55,True,L2,False,0.0003706882483414972,False,0.4291799068450928,0.014120196231848467,0.9416240802798709,0.03994909942512847,0.003925941242172511,0.0003706882483414972,4.226891349468303e-06,5.131312161220345e-06,5.042724449383888e-07,1.0596583039415694e-07,2.613085205675034e-08
P02,4,A,gamma,1799551287-γ-5,P02-T04-Aγ,8,64,E4,R2,R,False,64,True,R2,True,0.8542147238089058,False,0.5072939395904541,7.493902673604474e-06,2.7674819797524432e-06,1.751588284019716e-07,2.370516965317411e-08,2.1504844733142427e-09,0.018360150736654715,0.8542147238089058,0.11107243935024266,0.015032020039246577,0.0013102036658142965
P02,4,A,gamma,1799551287-γ-5,P02-T04-Aγ,9,59,B3,L3,L,False,59,True,R2,False,0.0006055828560626598,False,0.5189468860626221,0.00559763558932208,0.008153408932515784,0.0006055828560626598,6.983891617400183e-05,5.619211731173749e-06,0.015162558670240018,0.8628933922233447,0.09736201197002381,0.009568114017949006,0.0005818376126367049
P02,4,A,gamma,1799551287-γ-5,P02-T04-Aγ,10,71,B4,R4,R,False,72,False,R3,False,0.3938830034045317,False,0.4237220287322998,5.793837060856544e-10,2.9866416748422927e-10,2.709420199505562e-11,4.134307147823901e-12,4.58094289618861e-13,0.0069258578243297595,0.041932195442854585,0.3938830034045317,0.3938830034045317,0.16337593901401787
P02,4,A,gamma,1799551287-γ-5,P02-T04-Aγ,11,57,A3,L1,L,False,57,True,L2,False,0.008621769029835814,False,0.5499401092529297,0.008621769029835814,0.9522630176123946,0.03583199737469576,0.0030006870395681198,0.00026154243733968944,1.483406580644164e-05,4.790316836393138e-06,1.0904566512625925e-06,2.4822903137616985e-07,2.3437840546339907e-08
P02,4,A,gamma,1799551287-γ-5,P02-T04-Aγ,12,65,F4,R1,R,False,65,True,R2,False,0.03782717946268378,False,0.522799015045166,1.507048320157736e-06,7.41398624627798e-07,5.506632873429244e-08,5.862278998709036e-09,6.760680350850114e-10,0.03782717946268378,0.8566486669424646,0.09119753586117545,0.013370193686380597,0.0009541139956748972
P02,4,A,gamma,1799551287-γ-5,P02-T04-Aγ,13,69,A4,R5,R,False,69,True,R3,False,0.022246816397936478,False,0.496035099029541,4.018291440387322e-08,2.085741401109207e-08,1.612376976445918e-09,1.8594756996761076e-10,3.465578794973e-11,0.010581196491479372,0.16438297438696295,0.46507510800531215,0.33771384184500025,0.022246816397936478
P02,4,A,gamma,1799551287-γ-5,P02-T04-Aγ,14,52,E3,L1,L,False,52,True,L2,False,0.0284582877685651,False,0.6384570598602295,0.0284582877685651,0.6811743561670746,0.26731812488351275,0.02238608203700282,0.0006626153839173765,3.661029707108424e-07,1.3162673194771514e-07,2.8903132668600034e-08,6.8479544420634095e-09,2.7913771580194694e-10
P02,4,A,gamma,1799551287-γ-5,P02-T04-Aγ,15,53,F3,L5,L,False,53,True,L3,False,0.0013652380072032978,False,0.4749288558959961,0.007639605852433046,0.026346324502548122,0.8900955154417038,0.07453946954823655,0.0013652380072032978,6.3364626163995956e-06,6.38283494902002e-06,8.685623170861574e-07,2.5134822686130737e-07,7.439765545545867e-09
P02,4,A,gamma,1799551287-γ-5,P02-T04-Aγ,16,60,C4,R1,R,False,60,True,R2,False,0.0048100605766733745,False,0.5654349327087402,0.001229687386082537,0.000579469701446488,3.125293767784558e-05,2.9509093510823025e-06,3.5403248133817235e-07,0.0048100605766733745,0.840803597715504,0.13353426325061513,0.018071897338814404,0.0009364661513540279
P02,4,A,gamma,1799551287-γ-5,P02-T04-Aγ,17,52,E3,L3,L,False,52,True,L2,False,0.041699842155184186,False,0.6121819019317627,0.048935218087751205,0.9073219454703996,0.041699842155184186,0.0019164937478347427,0.00012624855499835023,2.0224997621412217e-07,4.587901860303847e-08,3.273985013513877e-09,4.799889968915637e-10,1.0086300202638905e-10
P02,4,A,gamma,1799551287-γ-5,P02-T04-Aγ,18,62,D4,L1,L,False,62,True,R2,False,9.668629652629045e-05,False,0.35822629928588867,9.668629652629045e-05,5.593944235246771e-05,7.273733576349391e-06,8.059526533456673e-07,1.2298040060905645e-07,0.022256355277403883,0.8947232388066234,0.07492701002996328,0.007363345934258452,0.0005692215462420758
P02,4,A,gamma,1799551287-γ-5,P02-T04-Aγ,19,62,D4,R2,R,False,62,True,R2,True,0.9140011735549576,False,0.3285088539123535,0.00021351360447175268,0.00028235029266429634,3.98685237616051e-05,4.980783133581551e-06,5.978515107861895e-07,0.031050160984582617,0.9140011735549576,0.04929545348667151,0.004654487720774463,0.0004574131974719791
P02,4,A,gamma,1799551287-γ-5,P02-T04-Aγ,20,57,A3,R4,R,False,57,True,L2,False,2.183267043377411e-05,False,0.3869800567626953,0.035025306313310474,0.9120111471192934,0.04362595243992849,0.004119172166529317,0.0006038993178267561,0.0022800106297238957,0.0021720082767399005,0.00013747024472664414,2.183267043377411e-05,3.2008214874887364e-06
P02,4,A,gamma,1799551287-γ-5,P02-T04-Aγ,21,64,E4,R1,R,False,64,True,R2,False,0.024797740778056365,False,0.3463630676269531,5.108011648475986e-05,3.373405395786591e-05,3.3151664394104852e-06,4.6696910974580457e-07,5.174165221748249e-08,0.024797740778056365,0.8049277737650241,0.1500175896211382,0.018006855587588633,0.0021613922005488877
P02,4,A,gamma,1799551287-γ-5,P02-T04-Aγ,22,53,F3,L2,L,False,53,True,L3,True,0.42035307405206174,False,0.5170481204986572,0.01436691054288716,0.42035307405206174,0.48605526700763824,0.07329303531440323,0.005922078225143161,7.603232427817719e-06,1.7312614239687405e-06,2.538149780215212e-07,3.8729654338985046e-08,7.819382354177695e-09
P02,4,A,gamma,1799551287-γ-5,P02-T04-Aγ,23,57,A3,R3,R,False,57,True,L2,False,0.0004873273145021578,False,0.41884875297546387,0.02097617042625579,0.7829351058260927,0.15886101258270685,0.02180671301095904,0.0020366170406385404,0.006973153994079783,0.005819304320510573,0.0004873273145021578,9.453177307663537e-05,1.0063711178057518e-05
P02,4,A,gamma,1799551287-γ-5,P02-T04-Aγ,24,60,C4,L5,L,False,60,True,R2,False,9.5044061258641e-07,False,0.345844030380249,0.0013087639306769159,0.00048744155731065647,5.4010064067075267e-05,8.577739359002781e-06,9.5044061258641e-07,0.02195601409634326,0.8991187543776374,0.06950614193486623,0.007109380589665346,0.00044996526946162514
P02,4,A,gamma,1799551287-γ-5,P02-T04-Aγ,25,53,F3,L3,L,False,53,True,L2,False,0.19586084381935073,False,0.39972615242004395,0.022480200197123892,0.7631117077729129,0.19586084381935073,0.01707139791535675,0.0014296139267998634,3.065235238318049e-05,1.4370244370432835e-05,1.025478882109598e-06,1.6951051910743185e-07,1.878230089274221e-08
P02,4,A,gamma,1799551287-γ-5,P02-T04-Aγ,26,60,C4,L2,L,False,60,True,R2,False,0.0015556462274532727,False,0.3311800956726074,0.004211283068584555,0.0015556462274532727,0.00017940508947345414,2.0689913658370533e-05,2.9143485669108323e-06,0.029087012629851344,0.8995467628625015,0.05693390534375811,0.007705166205464002,0.0007572143106884999
P02,4,A,gamma,1799551287-γ-5,P02-T04-Aγ,27,60,C4,R1,R,False,60,True,R2,False,0.01259291430064974,False,0.32990312576293945,0.00304948089775476,0.0011217019766693198,0.00010591135099685067,1.3771516437512994e-05,2.4660123993652605e-06,0.01259291430064974,0.9296862409269111,0.048175334315214445,0.004927575853687518,0.0003246028492791383
P02,4,A,gamma,1799551287-γ-5,P02-T04-Aγ,28,59,B3,L4,L,False,59,True,R2,False,0.0004948689173786386,False,0.4163341522216797,0.012307332158823429,0.1570458239634968,0.007512269634819204,0.0004948689173786386,3.392977386839223e-05,0.00795994361995434,0.7473530035376682,0.06258575117226017,0.004466198659792563,0.0002408785619385214
P02,4,A,gamma,1799551287-γ-5,P02-T04-Aγ,29,64,E4,R5,R,False,64,True,R3,False,0.04692311963198644,False,0.43804502487182617,2.6882111488512986e-05,1.0150833049484386e-05,2.2201078503896356e-06,2.560342065637375e-07,3.3291797820263374e-08,0.0017785097926980695,0.05087986098373458,0.5390457770953297,0.3613331901178584,0.04692311963198644
P02,5,C,alpha,1799551287-α-3,P02-T05-Cα,0,60,C4,L3,L,False,60,True,L3,True,0.7579180376786733,False,0.7213819026947021,0.00042000954971386725,0.14817570848004735,0.7579180376786733,0.07752304523935993,0.0031600101830709,0.002421389868309085,0.009857431677048105,0.00046327949324099626,5.133283105560394e-05,9.754999480878762e-06
P02,5,C,alpha,1799551287-α-3,P02-T05-Cα,1,59,B3,L2,L,False,59,True,L2,True,0.9381658843241102,False,0.47699403762817383,0.0035592749656164235,0.9381658843241102,0.05059874544099854,0.002840348575035158,0.00020269088029718101,0.0028434847811350094,0.001688645591256262,8.407271350096754e-05,1.5054576951084864e-05,1.798151099402757e-06
P02,5,C,alpha,1799551287-α-3,P02-T05-Cα,2,64,E4,R3,R,False,64,True,R3,True,0.6376270898534375,False,0.6283693313598633,4.4532742183469135e-05,4.149234252654923e-05,2.7332978745126297e-06,3.414714834647971e-07,8.090407323117348e-08,0.004088100174146774,0.26838467549202355,0.6376270898534375,0.08629344280465207,0.003517510917598705
P02,5,C,alpha,1799551287-α-3,P02-T05-Cα,3,60,C4,L2,L,False,60,True,L2,True,0.9026568196002579,False,0.5228989124298096,0.0031776124152160614,0.9026568196002579,0.06441473662040414,0.003337901901635673,0.00010702877413121599,0.007114983829384304,0.017474206017981293,0.00149981600378686,0.00020297802367529928,1.3916813527180222e-05
P02,5,C,alpha,1799551287-α-3,P02-T05-Cα,4,59,B3,L1,L,False,59,True,L2,True,0.45173852228583455,False,0.5380268096923828,0.45173852228583455,0.5050334688954774,0.02834993399974748,0.0021056510403014467,0.00018353033755448087,0.008024982416728851,0.004156297700298905,0.0003480617759444563,5.5278275381702334e-05,4.273272730535743e-06
P02,5,C,alpha,1799551287-α-3,P02-T05-Cα,5,64,E4,R3,R,False,64,True,R3,True,0.5200534698853698,False,0.45390892028808594,3.479978378242169e-05,4.302093733575139e-05,6.832474536371164e-06,6.988542378568346e-07,2.6296666732860347e-08,0.007335049909720059,0.39304795722699726,0.5200534698853698,0.0762434593652416,0.003234685266112231
P02,5,C,alpha,1799551287-α-3,P02-T05-Cα,6,65,F4,R2,R,False,65,True,R2,True,0.8403894267807958,False,0.6173679828643799,1.3493396155121087e-05,9.403946571647885e-06,2.0577654616387636e-06,1.942946741735743e-07,9.673362226591575e-09,0.03291292335274096,0.8403894267807958,0.11373434110243359,0.012107987850324856,0.0008301618374799475
P02,5,C,alpha,1799551287-α-3,P02-T05-Cα,7,64,E4,R1,R,False,64,True,R1,True,0.8573765403355118,False,0.6176891326904297,7.403507041950988e-05,9.767371367075953e-05,1.3758165073157484e-05,1.2990490169790995e-06,8.55745349813583e-08,0.8573765403355118,0.13616633534054243,0.005550439936137808,0.0006662283444896469,5.3604470603029036e-05
P02,5,C,alpha,1799551287-α-3,P02-T05-Cα,8,64,E4,R1,R,False,64,True,R1,True,0.8115755548083934,False,0.4571700096130371,0.00010222623112184725,0.0001373234689282147,1.7934617194833423e-05,1.693390558476415e-06,1.1155168718762311e-07,0.8115755548083934,0.17750122099643428,0.009197921068871929,0.0013484792658220567,0.00011753460098787793
P02,5,C,alpha,1799551287-α-3,P02-T05-Cα,9,62,D4,R2,R,False,62,True,R2,True,0.9063172798981224,False,0.4186379909515381,0.0004525187892683654,0.0006437543042223392,0.0001118484379525996,1.014666136967768e-05,5.695804295451235e-07,0.036713536716890406,0.9063172798981224,0.05087590555955829,0.004615358024108569,0.0002590820280779506
P02,5,C,alpha,1799551287-α-3,P02-T05-Cα,10,57,A3,L2,L,False,57,True,L2,True,0.9119867674301557,False,0.4261949062347412,0.011653720445469544,0.9119867674301557,0.07050090034391215,0.00464422949699552,0.0002607027213611317,0.00053101144580166,0.0003889227584688268,2.88866849204689e-05,4.407822306980129e-06,4.50850608012513e-07
P02,5,C,alpha,1799551287-α-3,P02-T05-Cα,11,59,B3,L1,L,False,59,True,L1,True,0.685801749796998,False,0.6388068199157715,0.685801749796998,0.28445884661712223,0.016619697553099153,0.0017693081447384639,0.00014235783754440156,0.00639501211208637,0.004265624486711541,0.0004541120030988286,8.463465958474957e-05,8.656789016265673e-06
P02,5,C,alpha,1799551287-α-3,P02-T05-Cα,12,64,E4,R2,R,False,64,True,R2,True,0.8133534218473158,False,0.452394962310791,3.26704405719177e-05,6.882080519276242e-06,7.936767688792246e-07,9.91542071531668e-08,7.364537760271e-09,0.03315407808784243,0.8133534218473158,0.13444641636258436,0.017481894201850957,0.0015237367838016028
P02,5,C,alpha,1799551287-α-3,P02-T05-Cα,13,65,F4,R3,R,False,65,True,R3,True,0.4717761149845723,False,0.48929476737976074,3.791636982689825e-06,2.022349227084373e-06,2.8486491867800035e-07,3.558823473837457e-08,3.4973834330697652e-09,0.018032066015281886,0.45327750892148916,0.4717761149845723,0.054407637563462695,0.0025005345784473603
P02,5,C,alpha,1799551287-α-3,P02-T05-Cα,14,67,G4,R4,R,False,67,True,R3,False,0.17921794990995274,False,0.4908030033111572,4.5800939515301564e-07,2.7395623229203096e-07,6.696119151128642e-08,8.037460864167248e-09,4.3289808021950856e-10,0.017707707775726174,0.22783066654537154,0.5277394322837232,0.17921794990995274,0.04750343608804836
P02,5,C,alpha,1799551287-α-3,P02-T05-Cα,15,65,F4,R5,R,False,65,True,R3,False,0.1124022015388789,False,0.588890790939331,0.00031029393161680324,0.00021424245142148633,3.622823556906243e-05,5.988487061795763e-06,8.934164138165638e-07,0.02094884521638395,0.08923957054290022,0.6416294661247759,0.13521227005497807,0.1124022015388789
P02,5,C,alpha,1799551287-α-3,P02-T05-Cα,16,60,C4,L1,L,False,60,True,L1,True,0.5865184425661996,False,0.7179462909698486,0.5865184425661996,0.04686116941577208,0.008108935135172439,0.0015101643604200788,0.00022250779307423542,0.07909950903329176,0.25260232273289923,0.02225780766941836,0.0025668843635175873,0.0002522569302346426
P02,5,C,alpha,1799551287-α-3,P02-T05-Cα,17,59,B3,L2,L,False,59,True,L2,True,0.9151810665050073,False,0.4913909435272217,0.008764884548383346,0.9151810665050073,0.060287328011710904,0.004302180265077966,0.00037498169504712807,0.004549948638096085,0.005924651890217096,0.0005163977033671587,9.246934753229915e-05,6.091395560659914e-06
P02,5,C,alpha,1799551287-α-3,P02-T05-Cα,18,60,C4,L1,L,False,60,True,R2,False,0.13131296175577897,False,0.4851200580596924,0.13131296175577897,0.04364685913475685,0.009183488102711508,0.0018516761912933625,0.0003152275746597842,0.2802453861222882,0.4889318654748508,0.0363147191518265,0.007631032409323987,0.0005667840825100421
P02,5,C,alpha,1799551287-α-3,P02-T05-Cα,19,59,B3,L2,L,False,59,True,L2,True,0.8840503347344939,False,0.43945908546447754,0.02415554597572139,0.8840503347344939,0.08019923697193332,0.003992884894172163,0.00011818713755790433,0.003924959663321408,0.003269097656359276,0.0002332869590616041,5.310490409087269e-05,3.3611032884804514e-06
P02,5,C,alpha,1799551287-α-3,P02-T05-Cα,20,60,C4,L4,L,False,59,False,L3,False,0.31684121849347263,False,0.6549460887908936,0.0018426278692654156,0.07032794156437343,0.5773223409555935,0.31684121849347263,0.0304645770069462,0.0019690589786034896,0.0011256951549741378,8.360940713846836e-05,2.1459255396785483e-05,1.471314235805821e-06
P02,5,C,alpha,1799551287-α-3,P02-T05-Cα,21,59,B3,L3,L,False,59,True,L3,True,0.5791398389712733,False,1.3032469749450684,0.0037492055585946773,0.35836211388870676,0.5791398389712733,0.05468251285753823,0.0016185714941441235,0.0014718635546578564,0.0008882908698363889,6.866909513085509e-05,1.7624663308982887e-05,1.3090468087810415e-06
P02,5,C,alpha,1799551287-α-3,P02-T05-Cα,22,64,E4,R4,R,False,64,True,R3,True,0.437834191345237,False,1.0205581188201904,8.614958487098153e-05,0.0001468770084142444,1.834937582828453e-05,1.418493735702093e-06,1.1878924091001731e-07,0.003029235709379593,0.08852995629226627,0.437834191345237,0.437834191345237,0.03251951205579008
P02,5,C,alpha,1799551287-α-3,P02-T05-Cα,23,62,D4,R2,R,False,62,True,R2,True,0.8599784487338639,False,0.5747110843658447,0.0010774878508705674,0.0016110841368764985,0.00010612977187701275,7.276591909561976e-06,7.150967779323431e-07,0.00795796318088286,0.8599784487338639,0.11638542693678028,0.01239021848323043,0.0004852492169307672
P02,5,C,alpha,1799551287-α-3,P02-T05-Cα,24,64,E4,R1,R,False,64,True,R1,True,0.6599020722622447,False,0.6189019680023193,0.0001090673127896571,6.93972143482988e-05,4.392272415336863e-06,2.368914469867578e-07,1.277642922591264e-08,0.6599020722622447,0.3212088223863079,0.01599204560050817,0.002539815520457214,0.00017413776305253548
P02,5,C,alpha,1799551287-α-3,P02-T05-Cα,25,65,F4,R2,R,False,65,True,R2,True,0.8380143936709685,False,0.7760777473449707,1.7292591045302564e-05,1.0163374832371175e-05,5.266550786340087e-07,3.3332931242332056e-08,4.001006020077527e-09,0.08559545616010678,0.8380143936709685,0.06742630856521399,0.008423583036819284,0.0005122386119977039
P02,5,C,alpha,1799551287-α-3,P02-T05-Cα,26,64,E4,R1,R,False,64,True,R1,True,0.7868172658546537,False,0.5924010276794434,0.00013294141059650924,0.00010518821924367718,6.929248111227863e-06,4.564625176867526e-07,9.983377856622823e-08,0.7868172658546537,0.20194513077472795,0.009281248094300514,0.0015967910644918797,0.0001139490375784337
P02,5,C,alpha,1799551287-α-3,P02-T05-Cα,27,65,F4,R2,R,False,65,True,R2,True,0.8263439464994888,False,0.6051719188690186,1.640426597444693e-05,1.1299589142122592e-05,8.735118057477144e-07,5.528610686879584e-08,1.1617605289394387e-08,0.0743431971603161,0.8263439464994888,0.08797134064718488,0.010559343280217707,0.0007535281421580299
P02,5,C,alpha,1799551287-α-3,P02-T05-Cα,28,60,C4,L4,L,False,60,True,L4,True,0.5547756583405945,False,0.5734131336212158,0.0006966750514579055,0.05736687672560254,0.37187724483831947,0.5547756583405945,0.01192412683633255,0.0024124022278411263,0.0007105140837615209,0.00019370165060044614,3.91076887860474e-05,3.6925567038701283e-06
P02,5,C,alpha,1799551287-α-3,P02-T05-Cα,29,64,E4,R2,R,False,64,True,R2,True,0.8049708785474923,False,0.8794059753417969,0.0004069430992209422,0.0016166616007123932,0.0004542107875404727,3.654562134690188e-05,8.856454126216224e-07,0.021132372385990795,0.8049708785474923,0.15002562323083313,0.020303760212694137,0.0010521188687564844
P02,6,C,alpha,1799551287-α-4,P02-T06-Cα,0,60,C4,R1,R,False,60,True,R1,True,0.5882677330718604,False,0.6430683135986328,0.008232033782010597,0.023038855788145265,0.00299571271824649,0.00014329958683368546,9.069684255909845e-06,0.5882677330718604,0.36401030316031524,0.01214821411570934,0.0011020611206987011,5.271697192447478e-05
P02,6,C,alpha,1799551287-α-4,P02-T06-Cα,1,62,D4,R2,R,False,62,True,R2,True,0.8666961277975538,False,0.42114686965942383,0.000965304607874239,0.0008561483843809044,8.413677154249261e-05,8.957074861712641e-06,1.3667610004210594e-06,0.04865178158317774,0.8666961277975538,0.07554197245763696,0.006853013128801995,0.00034119143316953417
P02,6,C,alpha,1799551287-α-4,P02-T06-Cα,2,59,B3,L2,L,False,59,True,L2,True,0.9110483309032988,False,0.4181067943572998,0.016808926264896055,0.9110483309032988,0.04720953799942816,0.002446347139355021,0.00019683212880534869,0.00918391835200195,0.012114673218002981,0.0008646728501015005,0.00012179645227859681,4.964691831621514e-06
P02,6,C,alpha,1799551287-α-4,P02-T06-Cα,3,57,A3,L4,L,False,59,False,L3,False,0.13510431179658372,False,0.48125481605529785,0.00074522974228847,0.11982677522099704,0.7249097468844847,0.13510431179658372,0.007893559391390971,0.006404447470484955,0.004692883254805031,0.0003627821219434108,5.7616122844659546e-05,2.647994176940567e-06
P02,6,C,alpha,1799551287-α-4,P02-T06-Cα,4,55,G3,L5,L,False,55,True,L3,False,0.006748635530935816,True,0.5127911567687988,0.012816126253084936,0.43239535393908957,0.43239535393908957,0.11550806344314941,0.006748635530935816,8.860434755191786e-05,4.36889679191439e-05,3.515197178067252e-06,6.294528178258548e-07,2.892918360292253e-08
P02,6,C,alpha,1799551287-α-4,P02-T06-Cα,5,57,A3,L4,L,False,57,True,L3,False,0.1486582782673598,False,0.5092349052429199,0.003195201769726075,0.1266782285039414,0.7074381728843269,0.1486582782673598,0.011041382258098958,0.001222035929851324,0.0015552716696614615,0.00017936189355077776,3.085829255098805e-05,1.20853093240075e-06
P02,6,C,alpha,1799551287-α-4,P02-T06-Cα,6,59,B3,L5,L,False,59,True,L4,False,0.23551129957662217,False,0.6527218818664551,0.000891708897237557,0.02374283845312055,0.1440104869455926,0.5930214699382271,0.23551129957662217,0.0010385460267751455,0.0016573676719640615,0.00010917868838489176,1.6006355833485126e-05,1.0974462424594668e-06
P02,6,C,alpha,1799551287-α-4,P02-T06-Cα,7,62,D4,R2,R,False,62,True,R2,True,0.869141202569752,False,0.4882519245147705,0.0004616758456978275,0.0006488884873140174,6.126819580170049e-05,1.1884807212700525e-05,1.8135039894861478e-06,0.014694975029799042,0.869141202569752,0.10432443395085322,0.010252336190495733,0.00040152141908412386
P02,6,C,alpha,1799551287-α-4,P02-T06-Cα,8,64,E4,R3,R,False,64,True,R3,True,0.5159335001942924,False,0.4862229824066162,5.789271755233837e-05,3.636959635223798e-05,4.02986614419119e-06,7.510621761995183e-07,3.592697620177607e-08,0.012976666744516613,0.38993415111919055,0.5159335001942924,0.07872634735816635,0.0023302554146329892
P02,6,C,alpha,1799551287-α-4,P02-T06-Cα,9,65,F4,R2,R,False,65,True,R3,False,0.18049961515131294,False,0.6477878093719482,1.1815621024118868e-05,5.2977640226210145e-06,9.486501960748414e-07,1.2838584297825683e-07,6.924321908981901e-09,0.007473984672942794,0.18049961515131294,0.41969555107539813,0.3722365614480402,0.020076090306898355
P02,6,C,alpha,1799551287-α-4,P02-T06-Cα,10,64,E4,R3,R,False,64,True,R3,True,0.4440273234246428,False,0.5412509441375732,5.1325642438061605e-05,3.257813568212009e-05,5.385129608586445e-06,8.901559372284879e-07,3.77655253141357e-08,0.007902578036239515,0.3938169076061347,0.4440273234246428,0.15078969229910694,0.003373281804684732
P02,6,C,alpha,1799551287-α-4,P02-T06-Cα,11,59,B3,L5,L,False,59,True,L4,False,0.31538454231062096,False,0.7241809368133545,0.0005151397914271143,0.005012070254202647,0.0766071807122862,0.600776794027809,0.31538454231062096,0.0008858829595080048,0.0007544422643667622,5.8321963426327864e-05,5.290849153856433e-06,3.3486719907168253e-07
P02,6,C,alpha,1799551287-α-4,P02-T06-Cα,12,57,A3,L4,L,False,57,True,L2,False,0.0070481216401554365,False,0.7540416717529297,0.019158780979203486,0.8913713747454513,0.08086338673767726,0.0070481216401554365,0.0006926441853537681,0.0003121022923707565,0.0005029629082293297,4.383867533506275e-05,6.42705501469226e-06,3.6078120897167953e-07
P02,6,C,alpha,1799551287-α-4,P02-T06-Cα,13,59,B3,L5,L,False,59,True,L5,True,0.603871024753478,False,0.7035832405090332,0.0018750909864784114,0.007882910995363916,0.05478194341641568,0.3314114450847326,0.603871024753478,9.819825598776958e-05,7.160149251555875e-05,6.760628904507421e-06,8.790758611805255e-07,1.453102625155745e-07
P02,6,C,alpha,1799551287-α-4,P02-T06-Cα,14,64,E4,R3,R,False,64,True,R3,True,0.4905022357729895,False,0.580542802810669,0.0001690561372855908,0.00025549047168439985,2.9464469571075075e-05,4.870444062137482e-06,5.396605847119075e-07,0.005325991360680629,0.38456750374184695,0.4905022357729895,0.11621359535026406,0.002931252591030988
P02,6,C,alpha,1799551287-α-4,P02-T06-Cα,15,62,D4,R5,R,False,62,True,R5,True,0.5320595528005326,False,0.9344139099121094,0.0012277488839396093,0.0004851755107998066,5.375897895667724e-05,6.9902107318771616e-06,5.624296065831979e-07,0.0008686236136519142,0.01337354906532314,0.09527385457950312,0.3566501839269547,0.5320595528005326
P02,6,C,alpha,1799551287-α-4,P02-T06-Cα,16,64,E4,R3,R,False,64,True,R3,True,0.5417294803314334,False,1.1271159648895264,0.0001596008155611284,7.84547513005834e-05,8.02468199984496e-06,1.043439055649148e-06,9.465865551072806e-08,0.010669900033076676,0.38581404631552496,0.5417294803314334,0.060025337398708654,0.0015140175746836517
P02,6,C,alpha,1799551287-α-4,P02-T06-Cα,17,59,B3,L5,L,False,59,True,L5,True,0.8222843615359299,False,0.7428112030029297,0.0008350795521823258,0.004750698003632764,0.024339152648854223,0.1472432931081006,0.8222843615359299,0.00030821919260254886,0.0002169878915822608,1.8912849387249945e-05,2.6640340998055783e-06,6.311836283196799e-07
P02,6,C,alpha,1799551287-α-4,P02-T06-Cα,18,62,D4,R4,R,False,62,True,R4,True,0.551182806462935,False,0.8330059051513672,0.0006263136624662469,0.0008799119144760369,9.749701920459269e-05,1.1243855540619957e-05,1.0200195617268647e-06,0.0016650581528243928,0.04504537844222787,0.3505552010372369,0.551182806462935,0.04993556943352662
P02,6,C,alpha,1799551287-α-4,P02-T06-Cα,19,64,E4,R5,R,False,64,True,R5,True,0.47871571446427225,False,0.6235949993133545,0.00034153489679671924,0.0011400896768708564,0.00013684682056390937,2.1733659812875716e-05,2.506436948519967e-06,0.0049724844521932075,0.02498166888187196,0.12788186693921116,0.36180555377145845,0.47871571446427225
P02,6,C,alpha,1799551287-α-4,P02-T06-Cα,20,59,B3,L5,L,False,59,True,L5,True,0.9137197322610071,False,0.6647870540618896,0.0005722887083459971,0.0019187664383764386,0.009863682953198219,0.07351753033700871,0.9137197322610071,0.0003236504326554904,7.86713591467408e-05,4.596426550480754e-06,8.230643965527008e-07,2.5801931429575233e-07
P02,6,C,alpha,1799551287-α-4,P02-T06-Cα,21,64,E4,R5,R,False,64,True,L1,False,0.0,False,0.6085319519042969,0.5958763958161941,0.342009383351702,0.052187247975482846,0.007963257687739648,0.0019637151688812558,,,,,
P02,6,C,alpha,1799551287-α-4,P02-T06-Cα,22,65,F4,R3,R,False,65,True,R3,True,0.5606780078556122,False,0.6713769435882568,0.00015417261849260045,0.00021206695678202124,2.987141666184701e-05,3.7318424222368172e-06,2.558668872752969e-07,0.019341423627906543,0.27291128519086194,0.5606780078556122,0.13826149448602215,0.008407690138351234
P02,6,C,alpha,1799551287-α-4,P02-T06-Cα,23,57,A3,L4,L,False,57,True,L4,True,0.6696571505466614,False,0.7836060523986816,0.0008227404757450939,0.04973783274791542,0.24635309831956625,0.6696571505466614,0.033340266337295595,5.964098079671197e-05,2.489136969492364e-05,3.6492480942362154e-06,6.032166528219894e-07,1.2675757750688847e-07
P02,6,C,alpha,1799551287-α-4,P02-T06-Cα,24,59,B3,L3,L,False,59,True,L3,True,0.6161727198128506,False,0.6638050079345703,0.0008971699514435399,0.09535212895307617,0.6161727198128506,0.27686424991079917,0.010417919096369766,0.0001695435313923922,0.00010471921155759041,1.8016402492082864e-05,2.978091301693917e-06,5.550387169050774e-07
P02,6,C,alpha,1799551287-α-4,P02-T06-Cα,25,57,A3,L2,L,False,57,True,L2,True,0.8238809246012075,False,0.540722131729126,0.03495375878830315,0.8238809246012075,0.13084664786375377,0.008971258888053073,0.0006663274987028477,0.000327230191373614,0.0002994002447549699,4.5685515010797735e-05,7.85995820871863e-06,9.064506317745887e-07
P02,6,C,alpha,1799551287-α-4,P02-T06-Cα,26,59,B3,L3,L,False,59,True,L3,True,0.6399775817437675,False,0.7364017963409424,0.0017539560587979057,0.23543459513414824,0.6399775817437675,0.11459832031256922,0.00313125269714657,0.00225577923157932,0.0024631306116152845,0.00032027769815352414,5.969142804162231e-05,5.415084180858219e-06
P02,6,C,alpha,1799551287-α-4,P02-T06-Cα,27,57,A3,L4,L,False,57,True,L4,True,0.7271632900110289,False,0.645672082901001,0.001253111956135939,0.04777513368137732,0.18663429498633455,0.7271632900110289,0.036203328434379976,0.0004554430919066149,0.0004444805688113054,5.779523537304357e-05,1.2144863695414836e-05,9.771709569597513e-07
P02,6,C,alpha,1799551287-α-4,P02-T06-Cα,28,55,G3,L5,L,False,55,True,L5,True,0.9381279801816057,False,0.6975781917572021,0.00013012173114434586,0.00103123368410065,0.007720555976502692,0.052661591675559345,0.9381279801816057,0.00016320477944457908,0.00014140691528588168,1.913734493183049e-05,4.356380962085574e-06,4.113304627682417e-07
P02,6,C,alpha,1799551287-α-4,P02-T06-Cα,29,53,F3,L4,L,False,53,True,L4,True,0.6028750924091222,False,2.0471608638763428,0.0013114467799004161,0.03815703069855517,0.2934508112922166,0.6028750924091222,0.06418118066537898,1.285749876108893e-05,9.604399842924554e-06,1.5364357880314891e-06,3.9434280309541114e-07,4.547763149746722e-08
P02,7,C,beta,1799551287-β-1,P02-T07-Cβ,0,64,E4,R2,R,False,64,True,R2,True,0.8389125731495304,False,0.6440789699554443,5.036030988082049e-05,0.00025901656705329537,8.822247740298802e-05,1.1471455007211602e-05,9.229887587251989e-07,0.051014326110305694,0.8389125731495304,0.09674769403882207,0.012086709945993566,0.0008287029572452012
P02,7,C,beta,1799551287-β-1,P02-T07-Cβ,1,60,C4,L3,L,False,60,True,L3,True,0.7901915386696555,False,0.5580480098724365,0.0005200437730086501,0.11130513236217855,0.7901915386696555,0.06108555179734937,0.002489981722494611,0.007401528567922064,0.01993098129487419,0.006003096203746475,0.0009923051283665192,7.984048040391447e-05
P02,7,C,beta,1799551287-β-1,P02-T07-Cβ,2,57,A3,L5,L,False,57,True,L5,True,0.9456841901020642,False,0.6280958652496338,0.0004978801330968469,0.0010086719917417428,0.004963676901320205,0.04708284342701951,0.9456841901020642,0.0003805560652443511,0.00029285100232793115,6.938453160936957e-05,1.7808287791419334e-05,2.1375577846047572e-06
P02,7,C,beta,1799551287-β-1,P02-T07-Cβ,3,60,C4,L4,L,False,60,True,L4,True,0.7234517474771197,False,0.704207181930542,0.0010656053821234165,0.019295898744763552,0.1818204625203568,0.7234517474771197,0.058208643104271096,0.005660243279237464,0.007877683201335434,0.002104407280780047,0.0004422118781894035,7.309713182308814e-05
P02,7,C,beta,1799551287-β-1,P02-T07-Cβ,4,64,E4,R2,R,False,64,True,R2,True,0.7520590305705316,False,0.5635640621185303,3.2306967902177466e-05,5.0830013173369736e-05,1.4740076813127227e-05,1.5076770637568069e-06,6.65747500268174e-08,0.030655583607888358,0.7520590305705316,0.1854554736435609,0.029453560981510203,0.002276899886806548
P02,7,C,beta,1799551287-β-1,P02-T07-Cβ,5,69,A4,R3,R,False,69,True,R2,True,0.46367461570217305,False,1.0673329830169678,4.636891062413236e-08,3.640454410609791e-08,8.625247040902212e-09,1.1215297537364733e-09,3.7429115239985407e-11,0.015474338123579071,0.46367461570217305,0.46367461570217305,0.0556556192221557,0.0015207186922583835
P02,7,C,beta,1799551287-β-1,P02-T07-Cβ,6,64,E4,R1,R,False,64,True,R1,True,0.9219207387359849,False,0.5384759902954102,3.9141656123296384e-05,4.185513678519186e-05,7.200961308503489e-06,9.363317160301308e-07,5.4705804072744266e-08,0.9219207387359849,0.07126884341728046,0.005734263114848389,0.0009107009085200751,7.626503162921443e-05
P02,7,C,beta,1799551287-β-1,P02-T07-Cβ,7,59,B3,L2,L,False,59,True,L2,True,0.8191047802475755,False,0.5285496711730957,0.0031275361815446567,0.8191047802475755,0.15265981468762782,0.011338590686387238,0.0004621859463857199,0.009409123783873059,0.0035544914908666124,0.00029766458278518383,4.363970021593392e-05,2.172692738203789e-06
P02,7,C,beta,1799551287-β-1,P02-T07-Cβ,8,60,C4,L1,L,False,60,True,L1,False,0.3202567822622239,False,0.6275839805603027,0.3202567822622239,0.18666388882789792,0.034763362383559065,0.006147184264612037,0.0007369043829848124,0.26260164814673503,0.17411433655041333,0.012932094794013973,0.0016815436150232398,0.00010225477253659863
P02,7,C,beta,1799551287-β-1,P02-T07-Cβ,9,57,A3,L3,L,False,57,True,L3,True,0.6968410570751791,False,0.569890022277832,0.000807798482936062,0.20988449301382442,0.6968410570751791,0.0870565011290866,0.0038441685823862592,0.0010397307485569402,0.0004802527967246391,3.864095116482758e-05,6.91928627672181e-06,4.379338642403178e-07
P02,7,C,beta,1799551287-β-1,P02-T07-Cβ,10,62,D4,R2,R,False,62,True,R2,True,0.8227366460930265,False,0.43647003173828125,0.0004600857417937508,0.0009809261733430708,0.00022596755699635696,2.049931428051816e-05,1.1976860886548756e-06,0.03353655898852084,0.8227366460930265,0.1255414718373989,0.0156839227163686,0.0008127238921829377
P02,7,C,beta,1799551287-β-1,P02-T07-Cβ,11,59,B3,L5,L,False,59,True,L5,True,0.4939319248802319,False,0.5943830013275146,0.0017704298829295554,0.009538402595779526,0.055475519479376754,0.433976604608451,0.4939319248802319,0.0031147110176714394,0.0020400832711521197,0.00012912047783213807,2.134347143229242e-05,1.8603151431930852e-06
P02,7,C,beta,1799551287-β-1,P02-T07-Cβ,12,60,C4,R3,R,False,60,True,R3,True,0.7099988794376729,False,0.42670702934265137,0.00140167483127268,0.0022372857038786076,0.0003280016604633048,4.4390197620880625e-05,7.337650314668077e-06,0.0039024906255746383,0.1822288640326272,0.7099988794376729,0.0960878994463751,0.0037631764141998515
P02,7,C,beta,1799551287-β-1,P02-T07-Cβ,13,65,F4,R4,R,False,65,True,R3,False,0.39174385952996166,False,0.5593259334564209,3.65931310601434e-06,1.430985668692992e-06,1.6502859544575212e-07,2.620941676273465e-08,2.4746989805823146e-09,0.0056558148141368485,0.114248335711598,0.39174385952996166,0.39174385952996166,0.09660284640285571
P02,7,C,beta,1799551287-β-1,P02-T07-Cβ,14,60,C4,R5,R,False,60,True,R4,False,0.27269886325858306,False,0.8447055816650391,0.002269532503574077,0.0021562446515937038,0.0002803737123852299,4.1104738234007126e-05,4.0395100115845705e-06,0.007630013394285938,0.03141206029822918,0.20610136716429517,0.47740640076880814,0.27269886325858306
P02,7,C,beta,1799551287-β-1,P02-T07-Cβ,15,64,E4,R4,R,False,64,True,R3,False,0.381098385898019,False,0.5565569400787354,3.50347832962976e-05,3.0289855409132292e-05,3.356211645670277e-06,5.121246899553134e-07,5.452002854833121e-08,0.006980060417187582,0.18227089525303325,0.381098385898019,0.381098385898019,0.04848302503867161
P02,7,C,beta,1799551287-β-1,P02-T07-Cβ,16,60,C4,L1,L,False,60,True,L2,False,0.28729906510058717,False,0.5243880748748779,0.28729906510058717,0.3565869622349319,0.019889082032547224,0.003481301513436588,0.0007135070545597123,0.21201652284270894,0.10075652006274627,0.015374448052070042,0.0036426335179516674,0.00023995758846045049
P02,7,C,beta,1799551287-β-1,P02-T07-Cβ,17,60,C4,R5,R,False,60,True,R4,True,0.43047716075693754,False,0.905250072479248,0.004601837628818762,0.0006095064605464116,5.989838532691911e-05,8.437191972870125e-06,1.0970771956661044e-06,0.0031956712856316774,0.015573584128426394,0.11499564632820641,0.43047716075693754,0.43047716075693754
P02,7,C,beta,1799551287-β-1,P02-T07-Cβ,18,67,G4,R4,R,False,67,True,R3,False,0.37357422512019867,False,0.7798728942871094,1.4538674014750256e-06,1.0734438080853894e-06,1.3410556272736206e-07,1.8149214315312876e-08,1.5819009730886482e-09,0.013846458017778705,0.2133889834089551,0.37357422512019867,0.37357422512019867,0.0256134271849811
P02,7,C,beta,1799551287-β-1,P02-T07-Cβ,19,62,D4,R5,R,False,62,True,R5,True,0.6228877681437717,False,1.0431170463562012,0.0024367110278568,0.011408587429530902,0.0018118824910738688,0.0002552189065871546,2.4097826123875363e-05,0.004433668422602681,0.029414826519842726,0.10716464124733907,0.22016259798527119,0.6228877681437717
P02,7,C,beta,1799551287-β-1,P02-T07-Cβ,20,60,C4,R1,R,False,60,True,R1,True,0.45654545895130466,False,0.5456068515777588,0.013060126307357091,0.03257966356096804,0.004971334308291811,0.0005733197308244258,3.628641959935114e-05,0.45654545895130466,0.438644055453364,0.04669739009841518,0.006577720630396801,0.00031464453947873983
P02,7,C,beta,1799551287-β-1,P02-T07-Cβ,21,57,A3,L3,L,False,57,True,L3,True,0.6256172476706366,False,0.5549221038818359,0.0020518437078795664,0.20693265947279635,0.6256172476706366,0.1605714088626908,0.0042153758565184754,0.0004588059330246908,0.00013516470037792656,1.4389431847103888e-05,2.9051761858516786e-06,1.991880426758855e-07
P02,7,C,beta,1799551287-β-1,P02-T07-Cβ,22,60,C4,L2,L,False,60,True,L2,True,0.8325170994850085,False,0.498244047164917,0.0019659643345286727,0.8325170994850085,0.1220528028770676,0.007422038586537866,0.0003411113762578031,0.024929798564181482,0.009435260246788934,0.0010881225299865544,0.00022865379343641094,1.9148206206256728e-05
P02,7,C,beta,1799551287-β-1,P02-T07-Cβ,23,64,E4,R1,R,False,64,True,R1,True,0.7058484137593645,False,0.4462411403656006,6.823452866102053e-05,4.240031460046131e-05,2.68359089006829e-06,3.9343310799359447e-07,4.722441666279501e-08,0.7058484137593645,0.27026433620527807,0.020073499313687744,0.0034535424558755057,0.00024644917411815553
P02,7,C,beta,1799551287-β-1,P02-T07-Cβ,24,60,C4,R3,R,False,60,True,R3,True,0.7989033759815046,False,0.5291550159454346,0.008403782069347387,0.03527731092427651,0.0030748004574489966,0.0002789396042731222,1.629723214353147e-05,0.0026187067631546356,0.050564007414356356,0.7989033759815046,0.0958936732423606,0.00496910631113432
P02,7,C,beta,1799551287-β-1,P02-T07-Cβ,25,57,A3,L1,L,False,57,True,L2,False,0.24633455364124587,False,0.5125100612640381,0.24633455364124587,0.6902702695908568,0.051268842857485834,0.008820541087781525,0.0006551331483760869,0.0014006973538652609,0.0009773438109909297,0.00024101001651748248,3.0109432505512964e-05,1.4990603746695592e-06
P02,7,C,beta,1799551287-β-1,P02-T07-Cβ,26,60,C4,L3,L,False,60,True,L3,True,0.7154822892084679,False,0.6262331008911133,0.0007122418561965853,0.19113057737892192,0.7154822892084679,0.05531017265903853,0.0008984868985464926,0.007618318898344226,0.0238779835895863,0.004450234741394981,0.0004931000648003479,2.659470470272728e-05
P02,7,C,beta,1799551287-β-1,P02-T07-Cβ,27,64,E4,R5,R,False,64,True,L2,False,0.0,False,0.493100643157959,0.431008212002106,0.44020047048081884,0.1129821947689278,0.01411488956714372,0.001694233181003632,,,,,
P02,7,C,beta,1799551287-β-1,P02-T07-Cβ,28,59,B3,L3,L,False,59,True,L3,True,0.6044822384888409,False,0.6504349708557129,0.0011786530311792475,0.2716113780474501,0.6044822384888409,0.11725749018615836,0.00252028574878708,0.0005580682823466624,0.0019384699042831182,0.0003694914373300886,6.88635882877251e-05,1.5061285336708798e-05
P02,7,C,beta,1799551287-β-1,P02-T07-Cβ,29,60,C4,L4,L,False,60,True,L4,True,0.5741827879576292,False,0.7020959854125977,0.0005671949492822404,0.04322943746091038,0.3332486710474401,0.5741827879576292,0.033547011771778254,0.0006700374063329895,0.010276037043817281,0.0029239861100333006,0.001119573480221792,0.00023526277255437458
P02,8,B,beta,1799551287-β-8,P02-T08-Bβ,0,62,D4,R3,R,False,62,True,R1,False,0.008774289169872409,False,1.092033863067627,0.0013872555080653966,0.004815431994879771,0.0006015929409481729,6.937877873049202e-05,4.7568279011342634e-06,0.8386770918916681,0.14429008606601407,0.008774289169872409,0.0013388697123723106,4.124710954835499e-05
P02,8,B,beta,1799551287-β-8,P02-T08-Bβ,1,59,B3,L3,L,False,59,True,L2,False,0.11949338787168645,False,0.45713305473327637,0.00476350407018826,0.8483226426247229,0.11949338787168645,0.007871597581626266,0.00033395836088805547,0.011577677925932558,0.006981480764757687,0.0005617271968618282,8.921206757985111e-05,4.811535756269918e-06
P02,8,B,beta,1799551287-β-8,P02-T08-Bβ,2,60,C4,R4,R,False,60,True,R2,False,0.011296622122064327,False,0.49469614028930664,0.0013119326743516336,0.021054724846434177,0.0026764833600595767,0.00023328456858661746,1.3438402065289742e-05,0.0074626030982869514,0.84937752169134,0.10611291402160514,0.011296622122064327,0.0004604752152061106
P02,8,B,beta,1799551287-β-8,P02-T08-Bβ,3,64,E4,R4,R,False,64,True,R2,False,0.04575214811808341,False,0.47341108322143555,0.00018727168732905517,0.00030827554911395374,3.55519150146419e-05,3.7848037002770785e-06,4.193682037721487e-07,0.01683127468207358,0.5043339984988731,0.42976508438530925,0.04575214811808341,0.0027821909922988997
P02,8,B,beta,1799551287-β-8,P02-T08-Bβ,4,60,C4,L5,L,False,60,True,R2,False,3.0577810675906296e-05,False,0.40526723861694336,0.003349903691730108,0.04436803712495702,0.004189239968120267,0.00038003927574607456,3.0577810675906296e-05,0.00875580404507294,0.7815779821097869,0.14153107802085862,0.015067186889283954,0.0007501510637681632
P02,8,B,beta,1799551287-β-8,P02-T08-Bβ,5,60,C4,R2,R,False,60,True,R2,True,0.8264429874540982,False,0.36234426498413086,0.0038153013920026384,0.044700006483292996,0.004758695835954277,0.0004867394285811144,3.916286301312857e-05,0.008658021843085823,0.8264429874540982,0.0994816939324472,0.011022885886950176,0.0005945048805742782
P02,8,B,beta,1799551287-β-8,P02-T08-Bβ,6,57,A3,L2,L,False,57,True,L3,False,0.31248953647146654,False,0.4638791084289551,0.0010064910853862105,0.31248953647146654,0.6342730940901264,0.04710973226315056,0.0023744038050200434,0.0010131792256832704,0.0015105587408976928,0.0001887144240387724,3.246734738519596e-05,1.8225468453214087e-06
P02,8,B,beta,1799551287-β-8,P02-T08-Bβ,7,55,G3,L3,L,False,55,True,L2,False,0.09655294479035251,False,0.42603325843811035,0.02111727674589101,0.8713916301430488,0.09655294479035251,0.009488604085207904,0.0010942744146088558,0.00019112570591360152,0.00014809393783966806,1.3434778935384163e-05,2.4057141120017123e-06,2.0968409037617357e-07
P02,8,B,beta,1799551287-β-8,P02-T08-Bβ,8,50,D3,L2,L,False,50,True,L5,False,0.0008594217121653088,False,0.9734640121459961,7.611195939020528e-05,0.0008594217121653088,0.007756292553998698,0.04883779282996896,0.9424703466338361,2.4142390754097393e-08,8.881895703408554e-09,1.024305697043039e-09,2.068037535950784e-10,5.524458316429257e-11
P02,8,B,beta,1799551287-β-8,P02-T08-Bβ,9,55,G3,L3,L,False,55,True,L4,False,0.1273407912571195,False,0.5114171504974365,0.0003064907654776824,0.016354701572202673,0.1273407912571195,0.8018061643398618,0.05406582478941585,6.848340303035884e-05,5.2175976429005245e-05,4.1980585452506374e-06,1.035228491707924e-06,1.346094262413987e-07
P02,8,B,beta,1799551287-β-8,P02-T08-Bβ,10,60,C4,R2,R,False,60,True,R2,True,0.7687287860530084,False,0.4803202152252197,0.0010850691283991489,0.08346990401032546,0.014079758848721896,0.0009275006565425293,3.0485522019634872e-05,0.004776316439302498,0.7687287860530084,0.11270099202538345,0.013527683607663472,0.0006735037086335736
P02,8,B,beta,1799551287-β-8,P02-T08-Bβ,11,64,E4,R4,R,False,64,True,R2,False,0.011197951653182749,False,0.39946818351745605,0.00046663145332956037,0.0013904240903401175,0.00022217961969367683,2.6668581573888175e-05,8.837801610406321e-07,0.03432008919252898,0.8419586244832035,0.10947879455452363,0.011197951653182749,0.0009377525914629871
P02,8,B,beta,1799551287-β-8,P02-T08-Bβ,12,60,C4,R3,R,False,62,False,R2,False,0.10689544333362586,False,0.42054104804992676,0.0010406360589233557,0.005113331719297337,0.00037978544338906515,3.732287728218572e-05,2.8845026831382508e-06,0.018295340055224832,0.8556412532439355,0.10689544333362586,0.01184435273590763,0.0007496500297309428
P02,8,B,beta,1799551287-β-8,P02-T08-Bβ,13,57,A3,L5,L,False,57,True,L2,False,0.0006884750658233336,False,0.9119386672973633,0.006726552214642927,0.8512652935675415,0.12989466117263598,0.00964774127623017,0.0006884750658233336,0.0004985936402104692,0.0011580340968431082,0.00010093523790285187,1.8074084239793818e-05,1.639643929814522e-06
P02,8,B,beta,1799551287-β-8,P02-T08-Bβ,14,60,C4,L3,L,False,60,True,L3,True,0.6754886693905158,False,1.5124878883361816,0.00033804927286937444,0.0927108703663506,0.6754886693905158,0.20345327743269845,0.0076926121666117155,0.0029416390941861964,0.013148391375492828,0.0037263767601867547,0.00046553703938199736,3.457710170620819e-05
P02,8,B,beta,1799551287-β-8,P02-T08-Bβ,15,57,A3,L4,L,False,57,True,L4,True,0.807914506559979,False,0.6070241928100586,0.00011491822406930197,0.012256928980504374,0.09317283825743612,0.807914506559979,0.08573355261076954,0.00039009923427803776,0.00034450494038582567,6.169553260546768e-05,1.019820294792246e-05,7.574570242981681e-07
P02,8,B,beta,1799551287-β-8,P02-T08-Bβ,16,60,C4,L2,L,False,60,True,L2,True,0.8464055941017672,False,0.7733078002929688,0.004141254123604953,0.8464055941017672,0.09010707364630706,0.004310261910516692,0.00011777240011809498,0.011629309051129055,0.03737487437012193,0.004859806733590075,0.0009811780576388165,7.287560520622487e-05
P02,8,B,beta,1799551287-β-8,P02-T08-Bβ,17,64,E4,R2,R,False,64,True,R2,True,0.733615392379744,False,0.7777307033538818,0.00014167004243001094,0.01015329203062823,0.0007246872494272771,5.602175971954446e-05,2.9029869267774257e-06,0.0073741814239361055,0.733615392379744,0.22096070995447797,0.025482320620156398,0.0014888215525535686
P02,8,B,beta,1799551287-β-8,P02-T08-Bβ,18,59,B3,L1,L,False,59,True,L1,True,0.6226295851582703,False,0.7931451797485352,0.6226295851582703,0.15907960727659548,0.03298130893090243,0.005984608889694634,0.0009395699285966396,0.13736382116534854,0.037269035106886624,0.003248400833082713,0.00047623817791995517,2.7824532702693815e-05
P02,8,B,beta,1799551287-β-8,P02-T08-Bβ,19,55,G3,L2,L,False,57,False,L2,True,0.9230262450478587,False,0.6822068691253662,0.015606034534692198,0.9230262450478587,0.05612928376608008,0.0041689227479144875,0.00032227749095569753,0.0005911149404750572,0.00013913058430989458,1.4811633919042937e-05,2.004536671630696e-06,1.7471712308609723e-07
P02,8,B,beta,1799551287-β-8,P02-T08-Bβ,20,60,C4,L3,L,False,60,True,L3,True,0.6297453850757209,False,0.9933838844299316,0.0008916474918855581,0.2739565467077828,0.6297453850757209,0.07262546275701878,0.0026256161361142634,0.004356307542029806,0.011983105974624477,0.003337812282105428,0.0004517237705893827,2.6392262128680077e-05
P02,8,B,beta,1799551287-β-8,P02-T08-Bβ,21,64,E4,R2,R,False,64,True,R2,True,0.7709246473021089,False,0.9327709674835205,8.59214946960686e-05,0.00687293087809109,0.0009301500470521186,8.4381308520619e-05,4.2010979762858785e-06,0.008737207538991036,0.7709246473021089,0.1826534487980939,0.027871109068960724,0.0018360024655092798
P02,8,B,beta,1799551287-β-8,P02-T08-Bβ,22,60,C4,R3,R,False,60,True,R3,True,0.6442538214932083,False,0.663334846496582,0.0006666374761981383,0.10630537839849895,0.013304373040306497,0.0014163636555746823,6.009027772725812e-05,0.001474166552896646,0.13538096690466156,0.6442538214932083,0.09445209560998816,0.0026861065909398476
P02,8,B,beta,1799551287-β-8,P02-T08-Bβ,23,57,A3,L2,L,False,57,True,L2,True,0.8077156004795107,False,0.702265739440918,0.004455815143698691,0.8077156004795107,0.16973018293233091,0.013656423772261547,0.0008996135623406212,0.001236438425455897,0.0016392027850271244,0.0005566659314199345,0.00010374804296441464,6.308924989909866e-06
P02,8,B,beta,1799551287-β-8,P02-T08-Bβ,24,62,D4,R4,R,False,62,True,R4,True,0.43767074243139514,False,0.7497968673706055,0.000939739718954937,0.001591880522632255,0.0001135986150771211,1.1163743223318372e-05,1.3400022793786421e-06,0.0018680890986290744,0.07046172282007454,0.4136069124775739,0.43767074243139514,0.07373481057016029
P02,8,B,beta,1799551287-β-8,P02-T08-Bβ,25,59,B3,L1,L,False,59,True,L2,False,0.32283214312936725,False,0.7330670356750488,0.32283214312936725,0.37407854048752726,0.028918044477796688,0.006324720074706988,0.0010132143939519016,0.05842527984569654,0.16808432309574275,0.03009821226106549,0.009435373613115423,0.000790148621029778
P02,8,B,beta,1799551287-β-8,P02-T08-Bβ,26,60,C4,L2,L,False,60,True,L2,True,0.8119194390342662,False,1.0803520679473877,0.007513240606425129,0.8119194390342662,0.07076758962476086,0.00413464355252915,0.00011297385284779415,0.012553364202502188,0.08643572915602991,0.0054706701477400905,0.0010195905470344272,7.275927586406685e-05
P02,8,B,beta,1799551287-β-8,P02-T08-Bβ,27,60,C4,R2,R,False,60,True,R2,True,0.7759439181743198,False,0.7648272514343262,0.004909227945273167,0.0329199957654612,0.0031083133477961765,0.0002500936696180031,1.295958315135835e-05,0.016023882205030957,0.7759439181743198,0.14461575321374656,0.021201676254859803,0.0010141798407429887
P02,8,B,beta,1799551287-β-8,P02-T08-Bβ,28,65,F4,R2,R,False,60,False,R2,True,0.8460188078451162,False,0.49747610092163086,0.013851667685014326,0.04046921618328458,0.0036712844633743453,0.0004233913251038051,2.0252877249142718e-05,0.03448559121491684,0.8460188078451162,0.055731281206915215,0.005055827765288048,0.00027267943373750355
P02,8,B,beta,1799551287-β-8,P02-T08-Bβ,29,62,D4,R4,R,False,62,True,R3,False,0.3171266270846148,False,0.8647916316986084,0.00043355988335485945,0.013454332170427756,0.0014323280802854056,0.00016518340922513027,9.272531500986337e-06,0.004217747208433372,0.11949555461271771,0.5125002242852175,0.3171266270846148,0.031165170734222335
P02,9,C,gamma,1799551287-γ-4,P02-T09-Cγ,0,53,F3,L2,L,False,53,True,L2,True,0.5088282259860207,False,1.0858349800109863,0.41419600309018256,0.5088282259860207,0.0615546454411918,0.013388521934787354,0.002026952041943445,2.457566763016386e-06,2.8845760052662093e-06,2.616828313055e-07,4.325588108147618e-08,4.42439348220041e-09
P02,9,C,gamma,1799551287-γ-4,P02-T09-Cγ,1,48,C3,L2,L,False,48,True,L2,True,0.6167687880743032,False,0.9813480377197266,0.053396973686742615,0.6167687880743032,0.27739621660892455,0.0476126818902702,0.004825308667186142,1.383910368478312e-08,1.4585162953587023e-08,2.225551557569223e-09,3.9852094439234506e-10,2.423408358595949e-11
P02,9,C,gamma,1799551287-γ-4,P02-T09-Cγ,2,60,C4,R4,R,False,60,True,R3,False,0.3386967182740646,False,0.8849887847900391,0.001411946173716485,0.008542938801800773,0.0010254228566538596,0.0001333344121559743,1.8044850434316036e-05,0.002024059342869189,0.1134829601016064,0.505276129331297,0.3386967182740646,0.02938844585540157
P02,9,C,gamma,1799551287-γ-4,P02-T09-Cγ,3,57,A3,L5,L,False,57,True,L5,True,0.4987405204616372,False,1.0387928485870361,0.0011966891880664063,0.01007664478951894,0.06485058693846188,0.42499863681715977,0.4987405204616372,8.473121795695088e-05,3.659242458426753e-05,1.193936877811386e-05,3.064367666925732e-06,5.944261696250949e-07
P02,9,C,gamma,1799551287-γ-4,P02-T09-Cγ,4,48,C3,L2,L,False,48,True,L2,True,0.8250591497860633,False,0.8993539810180664,0.054350568879413724,0.8250591497860633,0.10728137764513192,0.01142101501184655,0.001887881083820285,5.17943249423634e-09,1.56982733944894e-09,6.777109824067791e-10,1.3682748755466618e-10,2.9925797990011734e-11
P02,9,C,gamma,1799551287-γ-4,P02-T09-Cγ,5,57,A3,L5,L,False,57,True,L5,True,0.760280907821232,False,0.8284471035003662,0.0022834031861505657,0.009903275320950786,0.032255480943679735,0.19513428850435222,0.760280907821232,9.314940442555111e-05,3.59253530568521e-05,9.98858818175507e-06,2.7772000933938602e-06,8.036778770870404e-07
P02,9,C,gamma,1799551287-γ-4,P02-T09-Cγ,6,57,A3,R4,R,False,57,True,R3,False,0.2492133799071555,False,0.788646936416626,0.03494011483557911,0.009475604942272588,0.0006242031486138173,0.0001539266013309588,3.3665577429235303e-05,0.038732128869316235,0.11776847197090799,0.4807726030143437,0.2492133799071555,0.068285901133051
P02,9,C,gamma,1799551287-γ-4,P02-T09-Cγ,7,52,E3,L2,L,False,52,True,L2,True,0.5227390905034848,False,0.9185168743133545,0.11899511819006996,0.5227390905034848,0.32346226745140355,0.03308508142867583,0.0017144330942054427,2.0973186142068855e-06,1.0868702846327833e-06,5.75128231145192e-07,2.2021250822894406e-07,2.980252217340905e-08
P02,9,C,gamma,1799551287-γ-4,P02-T09-Cγ,8,57,A3,L4,L,False,57,True,L4,True,0.5576797206019855,False,1.102829933166504,0.0008901730453064469,0.0691116642090177,0.3450829490555975,0.5576797206019855,0.026676547808151395,0.0002285008885983079,0.00020247796390825853,8.749136468328367e-05,3.6289922990327456e-05,4.185139761321481e-06
P02,9,C,gamma,1799551287-γ-4,P02-T09-Cγ,9,67,G4,R5,R,False,67,True,L1,False,0.0,False,0.7780289649963379,0.46966312584384967,0.4185533645909031,0.09154259615987471,0.017061157623285875,0.003179755782086879,,,,,
P02,9,C,gamma,1799551287-γ-4,P02-T09-Cγ,10,55,G3,L1,L,False,55,True,L1,True,0.8354898887687613,False,0.473618745803833,0.8354898887687613,0.14960795600082402,0.013039956830518454,0.0016955687765826393,0.00016662962331357662,,,,,
P02,9,C,gamma,1799551287-γ-4,P02-T09-Cγ,11,62,D4,R4,R,False,62,True,R3,True,0.4033433878700961,False,0.5591681003570557,0.00018771119399728603,0.00010226255321310631,6.7365205799303505e-06,5.641379626315779e-07,2.2093839989859362e-08,0.005811206905050497,0.1278046311068937,0.41980414379445546,0.4033433878700961,0.0429393338239113
P02,9,C,gamma,1799551287-γ-4,P02-T09-Cγ,12,67,G4,R5,R,False,67,True,R5,True,0.4289348638008223,False,0.7649569511413574,1.1957983886555416e-06,7.626625245596336e-07,1.074274389051278e-07,1.0143322758829306e-08,7.841269331039128e-10,0.019344382031838213,0.04209488236194158,0.12919269826415644,0.3804310967254398,0.4289348638008223
P02,9,C,gamma,1799551287-γ-4,P02-T09-Cγ,13,57,A3,L3,L,False,57,True,L3,True,0.616242798066644,False,0.6834521293640137,0.000945199784731407,0.1766200986238615,0.616242798066644,0.20106757359111177,0.004872665113218136,3.9878516853241826e-05,0.0001542024933971293,4.521352725256698e-05,1.0292302827452863e-05,2.0779801030092807e-06
P02,9,C,gamma,1799551287-γ-4,P02-T09-Cγ,14,64,E4,R1,R,False,64,True,R1,True,0.7582842028891431,False,0.5579319000244141,2.4197015854369015e-05,1.2168048395205623e-05,3.383171327586789e-06,2.948800935542263e-07,9.841112968111401e-09,0.7582842028891431,0.20256447951472537,0.03217076925721675,0.0064951662942415705,0.0004453290878897545
P02,9,C,gamma,1799551287-γ-4,P02-T09-Cγ,15,57,A3,R2,R,False,57,True,R2,True,0.7795407513081473,False,0.6158218383789062,0.02337382976703026,0.04204350711893821,0.004848672547356192,0.000390122286417533,2.4691529383871915e-05,0.003582657532046391,0.7795407513081473,0.1341159824033287,0.011689663220934225,0.000390122286417533
P02,9,C,gamma,1799551287-γ-4,P02-T09-Cγ,16,59,B3,L5,L,False,59,True,L5,True,0.7794447308801216,False,0.7472279071807861,0.0021930560250253777,0.006594117326856308,0.027074214560233085,0.1846720931040168,0.7794447308801216,1.777793239857505e-05,3.4775814330629573e-06,4.521854307159257e-07,6.899902269466525e-08,1.1405461739804176e-08
P02,9,C,gamma,1799551287-γ-4,P02-T09-Cγ,17,52,E3,L2,L,False,52,True,L2,True,0.7217779847075126,False,0.7131409645080566,0.10166850718147441,0.7217779847075126,0.1578614249959469,0.017491544473129596,0.001199275460107592,7.166031432590396e-07,4.5360562320088493e-07,7.804051767296625e-08,1.397441488071684e-08,9.581299616824243e-10
P02,9,C,gamma,1799551287-γ-4,P02-T09-Cγ,18,53,F3,L4,L,False,53,True,L4,True,0.5520600046272867,False,0.6375718116760254,0.001539534774742929,0.07058820928483632,0.2687164526776042,0.5520600046272867,0.10708862304471105,3.985631929768769e-06,2.6682211739152976e-06,4.410539935774956e-07,7.588107426365271e-08,4.802647375175812e-09
P02,9,C,gamma,1799551287-γ-4,P02-T09-Cγ,19,62,D4,R5,R,False,62,True,R5,True,0.5168629814016469,False,0.567957878112793,6.138258437289765e-05,4.450195372150378e-05,5.341641977133576e-06,6.673324656921531e-07,3.746054969314666e-08,0.00852788335233663,0.023680750560331105,0.10435283622532883,0.3464636174872697,0.5168629814016469
P02,9,C,gamma,1799551287-γ-4,P02-T09-Cγ,20,62,D4,L4,L,False,62,True,L4,True,0.5491578040847355,False,0.9870171546936035,0.0017304575258276901,0.05678595947064898,0.3681114845149105,0.5491578040847355,0.023298426808441183,0.000339141873396021,0.0003224775728342745,0.00017699847528421705,6.511410017575512e-05,1.2135573745983906e-05
P02,9,C,gamma,1799551287-γ-4,P02-T09-Cγ,21,65,F4,R1,R,False,65,True,R1,True,0.6842995638979019,False,0.5449349880218506,4.850741783891212e-07,3.814219866119817e-07,6.562169374577581e-08,9.620597169916407e-09,9.45450579542858e-10,0.6842995638979019,0.2838357655760081,0.026799836336780028,0.004610774193041362,0.0004531173123622312
P02,9,C,gamma,1799551287-γ-4,P02-T09-Cγ,22,67,G4,R4,R,False,67,True,R4,True,0.3183603338277738,True,0.6809241771697998,4.786657884496018e-08,3.72888526154066e-08,7.835732988185914e-09,1.0188702592413715e-09,4.4990425635137325e-11,0.02774855776814937,0.3183603338277738,0.3183603338277738,0.3183603338277738,0.017170346693504108
P02,9,C,gamma,1799551287-γ-4,P02-T09-Cγ,23,71,B4,R5,R,False,69,False,L1,False,0.0,False,0.5963058471679688,0.7698421931904221,0.1695749241871973,0.041816661465190946,0.013108945499983524,0.005657275657206109,,,,,
P02,9,C,gamma,1799551287-γ-4,P02-T09-Cγ,24,65,F4,R2,R,False,65,True,R2,True,0.8053597517792741,False,0.542726993560791,8.865383845416755e-07,6.970099123960248e-07,1.2481088006888366e-07,1.3287179622391623e-08,7.166265908577336e-10,0.03448126659384162,0.8053597517792741,0.13855800882343097,0.020313568752433463,0.0012856816880366544
P02,9,C,gamma,1799551287-γ-4,P02-T09-Cγ,25,52,E3,L2,L,False,52,True,L2,True,0.6527652585164839,False,0.8707849979400635,0.24993917369766663,0.6527652585164839,0.09194748354674964,0.005161450182092205,0.00018660104004007168,1.8198268455737774e-08,1.3690855675195592e-08,9.7699684229521e-10,1.3222214437329845e-10,1.862460246721724e-11
P02,9,C,gamma,1799551287-γ-4,P02-T09-Cγ,26,71,B4,R2,R,False,71,True,R3,False,0.0597498706730767,False,0.7768259048461914,3.5025952256768233e-10,1.3885536659171789e-10,1.3645814755376186e-11,1.7047745330116972e-12,5.2519689756657595e-14,0.010846363973933104,0.0597498706730767,0.36146565361637994,0.36146565361637994,0.20647245761571237
P02,9,C,gamma,1799551287-γ-4,P02-T09-Cγ,27,62,D4,L4,L,False,62,True,L4,True,0.5444278169032463,False,1.20408296585083,0.0022698990653798067,0.07194325357007775,0.35063134273647456,0.5444278169032463,0.02604264445913445,0.0024849788509037018,0.0017855658466366876,0.00031973439799955547,7.884553181438769e-05,1.5918638332761705e-05
P02,9,C,gamma,1799551287-γ-4,P02-T09-Cγ,28,60,C4,L2,L,False,60,True,L2,True,0.8180445299728872,False,0.7344069480895996,0.008888811736864165,0.8180445299728872,0.1352218513202686,0.010043410750322992,0.00032203880532756095,0.010807661082927592,0.014983008205887686,0.0014146989789519445,0.00026366307360616774,1.032607295618846e-05
P02,9,C,gamma,1799551287-γ-4,P02-T09-Cγ,29,65,F4,R4,R,False,65,True,R3,True,0.4204151259170592,False,0.6968340873718262,1.7853533383696895e-06,9.890581989414587e-07,8.282692387776571e-08,8.817630438361159e-09,4.755673227926711e-10,0.011577097766480282,0.11508970168028705,0.4204151259170592,0.4204151259170592,0.03250008218745544
P02,10,B,beta,1799551287-β-5,P02-T10-Bβ,0,62,D4,R2,R,False,62,True,R2,True,0.8483856525055085,False,0.6759207248687744,0.00018598945297862007,0.005906256331316331,0.0018593204544067941,0.0002061832472740994,1.4488889583423967e-05,0.020971923361850085,0.8483856525055085,0.11031449272304347,0.011283430377403428,0.0008722626566352161
P02,10,B,beta,1799551287-β-5,P02-T10-Bβ,1,64,E4,R3,R,False,64,True,R3,True,0.6500751674489491,False,0.5091598033905029,1.985048507237079e-05,0.0005726644468460552,0.00015178290982458245,1.7512979793389232e-05,1.2044890526049846e-06,0.0033104628002861105,0.1881214939338115,0.6500751674489491,0.14798160839379876,0.009748252112565622
P02,10,B,beta,1799551287-β-5,P02-T10-Bβ,2,57,A3,L4,L,False,59,False,L4,True,0.5441336448132033,False,0.8248071670532227,0.0001201472657100062,0.02056924643256812,0.41207536855301147,0.5441336448132033,0.02017019752171489,0.000337399595920718,0.0016169280659690105,0.0007633856562595668,0.00020392725780129815,9.754837841780018e-06
P02,10,B,beta,1799551287-β-5,P02-T10-Bβ,3,60,C4,R1,R,False,60,True,R1,True,0.7557400872225322,False,0.74888014793396,0.0010045708231875914,0.022240069402514533,0.003552663191769919,0.0003782112099590485,1.7867575369292517e-05,0.7557400872225322,0.2018848564078892,0.013299115338279327,0.0017998395411024128,8.271928739662381e-05
P02,10,B,beta,1799551287-β-5,P02-T10-Bβ,4,59,B3,L5,L,False,59,True,L2,False,0.0002327950369201579,False,0.8787720203399658,0.008519887338528617,0.882186175951002,0.0902337131825618,0.0038282321522164924,0.0002327950369201579,0.008041848567536435,0.006439192329494419,0.00045950893955046485,5.515560632981482e-05,3.4908958595621743e-06
P02,10,B,beta,1799551287-β-5,P02-T10-Bβ,5,64,E4,R1,R,False,64,True,R1,True,0.8772380200397832,False,1.0203077793121338,8.141300145941251e-05,5.923627488609783e-05,6.051006695971899e-06,8.55224571758235e-07,8.688182298838172e-08,0.8772380200397832,0.11406612887931576,0.007514078228295359,0.000977045905464892,5.708455770467499e-05
P02,10,B,beta,1799551287-β-5,P02-T10-Bβ,6,59,B3,L5,L,False,59,True,L5,True,0.9715991181918189,False,0.8749959468841553,5.6049916381547635e-05,0.00037704769439263853,0.0022218046166927164,0.02560798124010337,0.9715991181918189,0.00012116865298210571,1.0920692117916863e-05,4.529716474247648e-06,1.1626005496597238e-06,2.1667848698568628e-07
P02,10,B,beta,1799551287-β-5,P02-T10-Bβ,7,57,A3,L3,L,False,57,True,L3,True,0.6910498088315714,False,0.7390151023864746,0.0003949287233327195,0.09259515136305191,0.6910498088315714,0.2081402025631031,0.006745758253585723,0.0005720713505585829,0.0004224061037263611,6.708545016567364e-05,1.2012733142075618e-05,5.74627762374482e-07
P02,10,B,beta,1799551287-β-5,P02-T10-Bβ,8,55,G3,L1,L,False,55,True,L1,True,0.9410711704022702,False,0.705502986907959,0.9410711704022702,0.050665968123762964,0.00651829632862391,0.0009296182782941291,0.0001414410329261697,0.0004309534682900582,0.00020331856779097815,3.360833321065394e-05,5.337588976259801e-06,2.8787585478342353e-07
P02,10,B,beta,1799551287-β-5,P02-T10-Bβ,9,57,A3,L3,L,False,57,True,L3,True,0.7400835805984946,False,0.7934329509735107,0.000499202443427683,0.15480318708162785,0.7400835805984946,0.10015942099906375,0.003216780498586855,0.0008076094090838184,0.000355853242452998,6.372126934787302e-05,1.0120047986095015e-05,5.244099283754679e-07
P02,10,B,beta,1799551287-β-5,P02-T10-Bβ,10,59,B3,L1,L,False,59,True,L1,True,0.7484949779699567,False,0.6802051067352295,0.7484949779699567,0.09737148693910105,0.0124858198856517,0.002129631984725658,0.0003247099910764474,0.0856574362947373,0.04393442958377011,0.008188234326550714,0.0013535060306766645,5.9766993753659504e-05
P02,10,B,beta,1799551287-β-5,P02-T10-Bβ,11,60,C4,R2,R,False,60,True,R2,True,0.8364493194878108,False,0.6383419036865234,0.006100431742553447,0.014142238139468865,0.0012326495178142129,0.00015399516582700993,1.9238648744324236e-05,0.03776068745480991,0.8364493194878108,0.09646361901213679,0.007457095029954593,0.0002207258008799505
P02,10,B,beta,1799551287-β-5,P02-T10-Bβ,12,62,D4,R3,R,False,62,True,R3,True,0.581007515755775,False,0.6388473510742188,0.0018425604048251851,0.002148486611517166,0.00016608819984923902,2.434968642559541e-05,1.541134712878673e-06,0.00713322675717104,0.2508270587431549,0.581007515755775,0.1491218404097326,0.00772733229683637
P02,10,B,beta,1799551287-β-5,P02-T10-Bβ,13,57,A3,L3,L,False,57,True,L3,True,0.6001836953080825,False,0.6870269775390625,0.004415891366271427,0.32938779577898736,0.6001836953080825,0.06138931315818706,0.0018912458034825433,0.0007631524152358826,0.0014877066411445679,0.00039741896281875503,8.023750477815409e-05,3.5430610120648637e-06
P02,10,B,beta,1799551287-β-5,P02-T10-Bβ,14,53,F3,L2,L,False,53,True,L2,True,0.6219463597747106,False,1.092362880706787,0.0039658650898382495,0.6219463597747106,0.34133139927068284,0.02975073539114222,0.0029722123994215983,1.3977982787120484e-05,1.3744092971002607e-05,4.857914009877637e-06,8.030077849088422e-07,4.507665155982088e-08
P02,10,B,beta,1799551287-β-5,P02-T10-Bβ,15,59,B3,L3,L,False,59,True,L3,True,0.6528243417356558,False,0.9302310943603516,0.0007764047847403061,0.29187441357398614,0.6528243417356558,0.050466416292942885,0.0009243246568300733,0.000996747100971067,0.0016181897580580396,0.0004499171119514646,6.596098099366492e-05,3.28400387034297e-06
P02,10,B,beta,1799551287-β-5,P02-T10-Bβ,16,64,E4,R5,R,False,64,True,R5,True,0.7858857510997981,False,1.0075058937072754,0.0002283673949283854,0.0008409790139802179,7.629189490763356e-05,9.531162619842611e-06,5.350295531984261e-07,0.0014208330588186837,0.0075585195133411765,0.0388362476832792,0.16514294414877362,0.7858857510997981
P02,10,B,beta,1799551287-β-5,P02-T10-Bβ,17,62,D4,R4,R,False,62,True,R3,True,0.44777771487526485,False,0.6526427268981934,0.0003342302067471393,0.002669250034980173,0.0003086019368353802,3.5589555718120766e-05,2.2525259165338273e-06,0.0020224242935322693,0.08081981514502849,0.44777771487526485,0.44777771487526485,0.018252406550712252
P02,10,B,beta,1799551287-β-5,P02-T10-Bβ,18,64,E4,R3,R,False,64,True,R2,True,0.4639019016731846,False,0.6809241771697998,0.0001885051103724442,0.0003605173642751923,4.6872370656148706e-05,4.9899624767635675e-06,4.6981705845956554e-07,0.009869787376377798,0.4639019016731846,0.4639019016731846,0.06032056624861449,0.001404488403799515
P02,10,B,beta,1799551287-β-5,P02-T10-Bβ,19,62,D4,R5,R,False,62,True,L2,False,0.0,False,1.0504519939422607,0.129158076247023,0.7598441232879785,0.09120532753311615,0.01443185739637401,0.005360615535508355,,,,,
P02,10,B,beta,1799551287-β-5,P02-T10-Bβ,20,64,E4,R3,R,False,64,True,R3,True,0.5156744557284356,False,0.6421451568603516,0.0003297880539919768,0.0013846891397725602,0.0001307426576348211,8.964128989956206e-06,4.462977028813008e-07,0.014340306911532324,0.3597738597212935,0.5156744557284356,0.10411287703036022,0.004243870330286103
P02,10,B,beta,1799551287-β-5,P02-T10-Bβ,21,60,C4,L1,L,False,60,True,L1,False,0.35905385595574074,False,0.7775239944458008,0.35905385595574074,0.19542125666181973,0.01456464169092004,0.0011718653428992704,7.126120489002723e-05,0.29702383226478546,0.11658222166283409,0.01399355392167361,0.00197110990848044,0.0001464013859565704
P02,10,B,beta,1799551287-β-5,P02-T10-Bβ,22,62,D4,R3,R,False,62,True,R3,True,0.5240972952337201,False,0.7117478847503662,0.024523991212336085,0.043889598027017154,0.0038254547343589095,0.0003612002898455196,4.33554590089679e-05,0.00246373217613207,0.1688301473620417,0.5240972952337201,0.22625831765311424,0.005706907852425348
P02,10,B,beta,1799551287-β-5,P02-T10-Bβ,23,57,A3,L3,L,False,57,True,L3,True,0.6726451899052289,False,0.7571866512298584,0.00042418690631396545,0.12278006358861572,0.6726451899052289,0.19465290223118883,0.00697707364647288,0.001377303512863072,0.0009150450169574066,0.00020013122230497585,2.7084815655133404e-05,1.0191543990463852e-06
P02,10,B,beta,1799551287-β-5,P02-T10-Bβ,24,55,G3,L2,L,False,55,True,L2,True,0.8932303435497921,False,0.623553991317749,0.0275181143406639,0.8932303435497921,0.07186896217876602,0.006264159937190178,0.0006668730981057004,0.0002460721334339475,0.00017116016748923392,2.9447227707615775e-05,4.676732910507937e-06,1.9063394085046296e-07
P02,10,B,beta,1799551287-β-5,P02-T10-Bβ,25,57,A3,L4,L,False,57,True,L4,True,0.5939026863998729,False,0.7770569324493408,0.0003359754335331584,0.05094274978989877,0.3131603871574674,0.5939026863998729,0.0399638394454218,0.0009623660448317846,0.0006106175104353042,0.00010093439560358882,1.9579258327789763e-05,8.645646075128873e-07
P02,10,B,beta,1799551287-β-5,P02-T10-Bβ,26,60,C4,R4,R,False,60,True,R4,True,0.5321338666214745,False,0.9998829364776611,0.003000988766138801,0.0005694382597350077,3.462757623568093e-05,4.156404366973404e-06,5.192604795491019e-07,0.0027487788867237356,0.05227667488634627,0.37125720104244236,0.5321338666214745,0.03797374829605703
P02,10,B,beta,1799551287-β-5,P02-T10-Bβ,27,62,D4,R5,R,False,62,True,R5,True,0.4935361599419623,False,0.7060329914093018,0.0004692758355653645,0.002141691909572861,0.00030167534048181066,3.6210582399779953e-05,2.482711743092297e-06,0.0014794547116308574,0.052823686224696395,0.18897148461325244,0.26023787812869503,0.4935361599419623
P02,10,B,beta,1799551287-β-5,P02-T10-Bβ,28,59,B3,L2,L,False,59,True,L2,True,0.8776637390119073,False,0.6303269863128662,0.006622639200157572,0.8776637390119073,0.040336773032808,0.0020082496767234222,0.00010406532366028456,0.008677310309006599,0.05554889006719781,0.00722295056616513,0.001711317488713266,0.00010406532366028456
P02,10,B,beta,1799551287-β-5,P02-T10-Bβ,29,57,A3,L5,L,False,57,True,L5,True,0.8200394617829987,False,0.7617809772491455,0.00026315174004221397,0.0034708851420439052,0.02240653064958583,0.15283401500171526,0.8200394617829987,0.0003976170289072439,0.0005012513852500663,6.78369981955622e-05,1.5442257456134647e-05,3.8080138050874454e-06
P02,11,A,gamma,1799551287-γ-9,P02-T11-Aγ,0,62,D4,R2,R,False,62,True,R2,True,0.84091600729689,False,0.5039329528808594,0.00012795869060051502,0.015480434006923892,0.007000020855606173,0.0007811889307950333,4.278981193015755e-05,0.006808259768810329,0.84091600729689,0.11139269495477412,0.016330944610832215,0.0011197010728374638
P02,11,A,gamma,1799551287-γ-9,P02-T11-Aγ,1,60,C4,L5,L,False,60,True,R2,False,0.00010522439793140672,False,0.35760998725891113,0.00025535369243659184,0.04400638283515931,0.008418889204214032,0.001010532981439333,0.00010522439793140672,0.003191485374545492,0.8604845693051277,0.07300134722109172,0.008762470590477944,0.000763744397576628
P02,11,A,gamma,1799551287-γ-9,P02-T11-Aγ,2,72,C5,R4,R,False,72,True,R2,False,0.012351177430255784,False,0.8319249153137207,1.4906624338635853e-08,6.229784130964139e-07,4.5861152372601996e-07,8.38412994311169e-08,5.305823547276774e-09,0.1417055618788126,0.7913587438584607,0.05008649430566596,0.012351177430255784,0.004496836883120684
P02,11,A,gamma,1799551287-γ-9,P02-T11-Aγ,3,53,F3,L1,L,False,53,True,R2,False,0.0024040501615312892,False,0.5756847858428955,0.0024040501615312892,0.0034531342647237317,0.015169431253850691,0.036743252150234336,0.058286030074784397,0.0680497783857128,0.3838369054855331,0.3655928621919069,0.06151507711766786,0.004949478914054718
P02,11,A,gamma,1799551287-γ-9,P02-T11-Aγ,4,55,G3,L5,L,False,55,True,R1,False,0.13871018731579823,False,0.45605897903442383,0.008511077427861913,0.016221659674619558,0.055814446187787324,0.0950643341823803,0.13871018731579823,0.422363636205619,0.13680880050582192,0.08422082353264732,0.030878791194268666,0.011406243773195815
P02,11,A,gamma,1799551287-γ-9,P02-T11-Aγ,5,64,E4,R1,R,False,64,True,R2,False,0.022836476307348346,False,0.6637940406799316,1.959434996439207e-05,6.0942233489687986e-05,9.709161704507909e-06,1.6596586376077148e-06,1.201967377015234e-07,0.022836476307348346,0.9087288598236388,0.06230531690052935,0.005882881928064331,0.00015443943988507444
P02,11,A,gamma,1799551287-γ-9,P02-T11-Aγ,6,57,A3,R3,R,False,57,True,L2,False,2.111345844338468e-06,False,0.44883203506469727,0.0029434145120062066,0.9340876766977199,0.059120060861147065,0.0035950946033730517,0.00020112245518419177,2.293741778724344e-05,2.7311984132293483e-05,2.111345844338468e-06,2.534282800468431e-07,1.669452571279146e-08
P02,11,A,gamma,1799551287-γ-9,P02-T11-Aγ,7,60,C4,L4,L,False,60,True,R2,False,0.00016271364318958705,False,0.44599294662475586,0.000514183258101147,0.019876662505548405,0.002104833963046957,0.00016271364318958705,8.489029280318692e-06,0.013126297565649186,0.8838051206763339,0.0740126916003362,0.006198061529372582,0.00019094622914166294
P02,11,A,gamma,1799551287-γ-9,P02-T11-Aγ,8,55,G3,L3,L,False,55,True,L2,False,0.0821293455262623,False,0.41243815422058105,0.006608094843639536,0.9053262617626475,0.0821293455262623,0.005631046977907077,0.0002609142956363737,3.335708299689894e-05,1.0135566441163238e-05,7.528047868143157e-07,8.68173031573938e-08,4.3223790078107355e-09
P02,11,A,gamma,1799551287-γ-9,P02-T11-Aγ,9,57,A3,R3,R,False,57,True,L2,False,1.2434923140216899e-05,False,0.3840141296386719,0.006377356165380161,0.9093714234086235,0.07926158755948955,0.004274869678363296,0.00025995509285591743,0.0003143367871804627,0.00012653372789590164,1.2434923140216899e-05,1.434059016244518e-06,6.85980545702154e-08
P02,11,A,gamma,1799551287-γ-9,P02-T11-Aγ,10,60,C4,R2,R,False,60,True,R2,True,0.8370484193935945,False,0.39332103729248047,0.0020860721163831336,0.061916211720877974,0.009873771693222063,0.0009322837270633596,4.382819027693652e-05,0.011883072489179282,0.8370484193935945,0.07009713461686885,0.005870160157586977,0.0002490458949469192
P02,11,A,gamma,1799551287-γ-9,P02-T11-Aγ,11,69,A4,R1,R,False,67,False,R2,False,0.05939482152977731,False,0.757983922958374,9.79629493413513e-06,0.00014998524090311833,3.423057946726931e-05,3.3917010686883592e-06,1.814736440160081e-07,0.05939482152977731,0.8940118168793606,0.04276495646693172,0.0033059338597451705,0.0003248859741680243
P02,11,A,gamma,1799551287-γ-9,P02-T11-Aγ,12,60,C4,R4,R,False,60,True,L2,False,0.006901199157955807,False,0.4796609878540039,0.009559691812702258,0.6817185891998017,0.23439707870126664,0.034335732377183924,0.0029448967500694616,0.004821433476981422,0.01020554967565634,0.013392615288769,0.006901199157955807,0.001723213559613499
P02,11,A,gamma,1799551287-γ-9,P02-T11-Aγ,13,53,F3,L5,L,False,53,True,L2,False,0.0011993223206648073,False,0.5548977851867676,0.005365036103418892,0.7515436749359488,0.22636060488993331,0.015519997047524093,0.0011993223206648073,6.637283803636255e-06,4.2626225950596e-06,4.024777768271291e-07,5.900604418560244e-08,3.3122902961392115e-09
P02,11,A,gamma,1799551287-γ-9,P02-T11-Aγ,14,59,B3,R2,R,False,59,True,R2,True,0.7428494627054602,False,0.42029809951782227,0.001683260857026709,0.13791333289844251,0.01873687330418188,0.0019164862222477747,0.00010503514973344523,0.006311024457208734,0.7428494627054602,0.08231006665552773,0.007771734864917455,0.00040272288525354316
P02,11,A,gamma,1799551287-γ-9,P02-T11-Aγ,15,62,D4,R4,R,False,62,True,R2,False,0.007367367079214346,False,0.3505868911743164,0.0004662936905980773,0.0004173444105523159,4.76944802392846e-05,7.277705783732038e-06,6.9155389260036e-07,0.02114675377076629,0.8952118498091174,0.07496792789137197,0.007367367079214346,0.00036679960846399475
P02,11,A,gamma,1799551287-γ-9,P02-T11-Aγ,16,62,D4,L1,L,False,62,True,R2,False,0.00019273057423665083,False,0.36954593658447266,0.00019273057423665083,0.0006320042993467939,6.56149838732992e-05,8.880022427058721e-06,9.288859227028036e-07,0.03290992735561071,0.894306720006764,0.06642336011602677,0.005134840613141277,0.00032499314265061336
P02,11,A,gamma,1799551287-γ-9,P02-T11-Aγ,17,55,G3,L3,L,False,55,True,L2,False,0.07301390337252905,False,0.500518798828125,0.008090171098038482,0.9074603558505876,0.07301390337252905,0.010284623134336198,0.0011201096417668126,1.0977648767270592e-05,1.851174062467735e-05,1.219456367655889e-06,1.1984034973761473e-07,8.21663237296266e-09
P02,11,A,gamma,1799551287-γ-9,P02-T11-Aγ,18,50,D3,L1,L,False,50,True,L4,False,0.00029539870723145986,False,0.696892261505127,0.00029539870723145986,0.014591989125521876,0.16249829158032586,0.6858558595421674,0.13675841002816583,3.3347595360985095e-08,1.621891325812338e-08,1.3049673826533855e-09,1.334775535243526e-10,1.1634017216244742e-11
P02,11,A,gamma,1799551287-γ-9,P02-T11-Aγ,19,59,B3,R2,R,False,59,True,R2,True,0.808995190522984,False,0.447084903717041,0.000838806635902568,0.06976051504416303,0.007506677607431357,0.0005356860442167959,2.8186539540133034e-05,0.00978971892374207,0.808995190522984,0.09329746826627357,0.00880916777735149,0.0004385826383949827
P02,11,A,gamma,1799551287-γ-9,P02-T11-Aγ,20,64,E4,R4,R,False,64,True,R2,False,0.010773880990140384,False,0.4368901252746582,7.37076148864494e-05,0.0004644502605620464,8.18493250135478e-05,6.8543264891784965e-06,4.6969323555411016e-07,0.04732907396236991,0.8431330529037284,0.09723442137731364,0.010773880990140384,0.0009022395462607981
P02,11,A,gamma,1799551287-γ-9,P02-T11-Aγ,21,60,C4,R1,R,False,60,True,R2,False,0.0189362584653813,False,0.42219114303588867,0.002139472082114973,0.12460829319392401,0.02143821683377141,0.0017953054286049322,8.838361614045945e-05,0.0189362584653813,0.7538362449654474,0.06838648125864158,0.008208540713642968,0.0005628034423311689
P02,11,A,gamma,1799551287-γ-9,P02-T11-Aγ,22,52,E3,L4,L,False,52,True,L4,True,0.7429818165570135,False,0.8418891429901123,0.00016993166269763584,0.015863338334935206,0.10892630704351283,0.7429818165570135,0.1320585970167194,6.523765145307966e-09,2.6809792762808654e-09,1.50496135837254e-10,2.2964221283408968e-11,6.916690531633788e-12
P02,11,A,gamma,1799551287-γ-9,P02-T11-Aγ,23,59,B3,L4,L,False,59,True,L2,False,0.004437060402792839,False,0.4777538776397705,0.03045926217482912,0.703183793993434,0.05973941890868184,0.004437060402792839,0.0002732628636012922,0.019949403662467627,0.11020657169037323,0.057160984039028966,0.012971233533732533,0.001619008731058414
P02,11,A,gamma,1799551287-γ-9,P02-T11-Aγ,24,62,D4,L3,L,False,62,True,R2,False,0.0009190730300022638,False,0.35100698471069336,0.00032052135991890505,0.007584195668372454,0.0009190730300022638,0.00011031783251213065,7.563738556495028e-06,0.032931544511389306,0.893914655553999,0.05888640841278226,0.00513258949679608,0.00019313039567125836
P02,11,A,gamma,1799551287-γ-9,P02-T11-Aγ,25,64,E4,R3,R,False,64,True,R2,False,0.06517031182261462,False,0.3377499580383301,0.0001416284845201519,0.00031886228594511616,3.133574015382977e-05,3.914780666817593e-06,3.412156162067244e-07,0.04903640614166138,0.877436006039057,0.06517031182261462,0.007515774099031311,0.00034541939073361904
P02,11,A,gamma,1799551287-γ-9,P02-T11-Aγ,26,53,F3,L5,L,False,53,True,L2,False,0.0005224213799098792,False,0.6224269866943359,0.013835985161891995,0.9113012869400934,0.06768560741236815,0.006651707334222569,0.0005224213799098792,1.9065975214327713e-06,1.0026323011225023e-06,7.15491139063426e-08,1.0078295203147393e-08,9.142823134760366e-10
P02,11,A,gamma,1799551287-γ-9,P02-T11-Aγ,27,65,F4,R5,R,False,65,True,R2,False,0.0005705893809343327,False,0.37593603134155273,1.3117792644541786e-05,2.84057704437658e-05,3.409855204110843e-06,4.433790764726243e-07,4.535067711126995e-08,0.036558530415817955,0.8617063481917919,0.09173596904260582,0.009383140820804046,0.0005705893809343327
P02,11,A,gamma,1799551287-γ-9,P02-T11-Aγ,28,64,E4,R3,R,False,64,True,R2,False,0.14014532668074434,False,0.3332560062408447,5.271543557351899e-05,0.0006406673284220253,0.00012779599595691695,1.3604970595230417e-05,7.635382479884788e-07,0.028067132093715075,0.8145859374499252,0.14014532668074434,0.015528544825947533,0.0008375116808722156
P02,11,A,gamma,1799551287-γ-9,P02-T11-Aγ,29,57,A3,L5,L,False,57,True,L2,False,0.00034308693313006214,False,0.5114691257476807,0.00808676346935191,0.4415223251822257,0.03279344295279659,0.0034911408902010745,0.00034308693313006214,0.0035064838858710097,0.42916084333738574,0.0729831494776317,0.007769676938276118,0.00034308693313006214
P02,12,C,gamma,1799551287-γ-6,P02-T12-Cγ,0,62,D4,L2,L,False,62,True,L2,True,0.8248934792357605,False,0.9796767234802246,0.008982284619434426,0.8248934792357605,0.14771049776405695,0.005130762388690744,4.056921553326039e-05,0.009422668294531778,0.0035796114532851845,0.00020914118305234174,2.9459296794312055e-05,1.5265488605512053e-06
P02,12,C,gamma,1799551287-γ-6,P02-T12-Cγ,1,57,A3,R2,R,False,57,True,R2,True,0.8033950103919778,False,0.5690648555755615,0.009919341019723091,0.010266092878491503,0.000826005795857602,6.64601015075372e-05,1.9671814658238695e-06,0.011738004672858083,0.8033950103919778,0.149731922416976,0.013583373543757164,0.00047182199738551596
P02,12,C,gamma,1799551287-γ-6,P02-T12-Cγ,2,62,D4,R4,R,False,62,True,R4,True,0.49547336788317126,False,0.6633200645446777,0.00014158167172369644,0.00025345727021043065,7.175581404496279e-05,7.639016643742522e-06,3.803242439052594e-07,0.0014286830157329146,0.06792164956707515,0.3897531555933806,0.49547336788317126,0.04494832984377343
P02,12,C,gamma,1799551287-γ-6,P02-T12-Cγ,3,55,G3,L5,L,False,55,True,L5,True,0.9650575664106023,False,0.811028003692627,6.585104095641322e-05,0.00036541055712654497,0.003520482365445031,0.03094426719022706,0.9650575664106023,3.3862737339648934e-05,8.845802324249192e-06,2.6643044597833583e-06,8.352226298059778e-07,2.1436888909519457e-07
P02,12,C,gamma,1799551287-γ-6,P02-T12-Cγ,4,48,C3,L1,L,False,48,True,L1,True,0.9100244612458852,False,0.8145449161529541,0.9100244612458852,0.07133380530131006,0.014493348578454657,0.0034041853895476174,0.000744148098133557,3.552143657380754e-08,1.1347325048491796e-08,3.5572295926852166e-09,8.097595215293541e-10,1.5091810166319598e-10
P02,12,C,gamma,1799551287-γ-6,P02-T12-Cγ,5,55,G3,L5,L,False,55,True,L5,True,0.7374844169326725,False,1.1933197975158691,0.00027567768480246424,0.004797850464539646,0.03527748558766771,0.22212603775556622,0.7374844169326725,2.5204741501605916e-05,8.944154920162818e-06,3.2903707137803044e-06,9.148457907497258e-07,1.7746182517927614e-07
P02,12,C,gamma,1799551287-γ-6,P02-T12-Cγ,6,62,D4,R4,R,False,62,True,R4,True,0.5736123649697294,False,0.7511627674102783,0.000589687565553455,0.0011641065068276188,0.00010560535971028913,1.8168859730340965e-05,2.458887777691981e-06,0.002027593805236288,0.06312112944374153,0.2682592452140974,0.5736123649697294,0.09109963938759602
P02,12,C,gamma,1799551287-γ-6,P02-T12-Cγ,7,59,B3,L3,L,False,59,True,L3,True,0.6973474863670706,False,1.0425479412078857,0.000945779545719452,0.2065890028720227,0.6973474863670706,0.09067519468662087,0.00290747158466901,0.0006578321587904658,0.0006888607259875857,0.0001447544865635377,4.0247146672614215e-05,3.37042588324693e-06
P02,12,C,gamma,1799551287-γ-6,P02-T12-Cγ,8,59,B3,R2,R,False,59,True,R2,True,0.8284590392624525,False,0.5259170532226562,0.007002789370292984,0.00832753418382312,0.0008517752278888682,0.00012487617857867355,1.8307717183866435e-05,0.02193643472196191,0.8284590392624525,0.12145786299569664,0.011468078532999583,0.00035330180912198733
P02,12,C,gamma,1799551287-γ-6,P02-T12-Cγ,9,69,A4,R5,R,False,69,True,R3,False,0.12094410669278798,False,0.7252810001373291,1.3496096361471607e-07,4.341647896445704e-08,2.6401588047950896e-09,3.1690256086841545e-10,3.654682618942212e-11,0.012310447000867355,0.09513800395635283,0.3858036304894705,0.3858036304894705,0.12094410669278798
P02,12,C,gamma,1799551287-γ-6,P02-T12-Cγ,10,50,D3,L2,L,False,50,True,L2,True,0.9108145037901423,False,0.7654788494110107,0.07948073878973165,0.9108145037901423,0.007155196602789842,0.002229453362030329,0.00032004343915631857,3.1416054388241984e-08,2.4313342430978375e-08,6.240281358672771e-09,1.6669994451009171e-09,3.7947190021987114e-10
P02,12,C,gamma,1799551287-γ-6,P02-T12-Cγ,11,60,C4,L3,L,False,60,True,L3,True,0.7367552389170936,False,1.0918948650360107,0.0008540681669797422,0.19032664631702356,0.7367552389170936,0.0616982601788664,0.001900763661335955,0.0029440686344050305,0.004769567988930443,0.0005958631409526462,0.00014693804148363214,8.584952929200658e-06
P02,12,C,gamma,1799551287-γ-6,P02-T12-Cγ,12,59,B3,R2,R,False,59,True,R2,True,0.8025495921873741,False,0.5024340152740479,0.007977911407952322,0.014122844310687119,0.0014445439268856732,0.00021178019678455519,1.999633344895454e-05,0.013569079664500657,0.8025495921873741,0.1437094639809329,0.015923462495645427,0.00047132549578821634
P02,12,C,gamma,1799551287-γ-6,P02-T12-Cγ,13,69,A4,R3,R,False,69,True,R3,True,0.4402644218576022,False,0.7030367851257324,6.314761673206992e-08,1.6825339659961015e-08,1.8643007748427117e-09,2.1500071251008946e-10,2.9097182323626492e-11,0.03993988725706816,0.3904795133049714,0.4402644218576022,0.12740557540565048,0.001910520093352596
P02,12,C,gamma,1799551287-γ-6,P02-T12-Cγ,14,53,F3,L1,L,False,53,True,L1,True,0.9031020877281631,False,0.6000189781188965,0.9031020877281631,0.08850948624901805,0.007432301741444679,0.0008571310979235104,9.884874761351633e-05,5.994137802239418e-08,6.042156991296208e-08,2.051889479488476e-08,3.3917504971301595e-09,1.6224401022211312e-10
P02,12,C,gamma,1799551287-γ-6,P02-T12-Cγ,15,67,G4,R5,R,False,67,True,R4,False,0.19979762937740184,False,0.6469120979309082,6.410196464575913e-07,4.0054077002010147e-07,4.096899491873664e-08,5.7708279309755546e-09,1.0755321465351962e-09,0.01765646733814837,0.06756729310689816,0.33606513695708035,0.3789123838446998,0.19979762937740184
P02,12,C,gamma,1799551287-γ-6,P02-T12-Cγ,16,65,F4,R4,R,False,65,True,R3,False,0.29932454872302505,False,0.4929349422454834,2.1615970606035314e-06,1.1380129450864768e-06,1.365975470658489e-07,1.9240914781383585e-08,3.3103005633940536e-09,0.006969395080300121,0.1850561471786971,0.46476338747988905,0.29932454872302505,0.04388306277932068
P02,12,C,gamma,1799551287-γ-6,P02-T12-Cγ,17,60,C4,R3,R,False,60,True,R3,True,0.8184305358343271,False,0.4833841323852539,0.0018883126601473236,0.0024778432525256883,0.00034902508784063465,4.7235409119595905e-05,5.0286110086142985e-06,0.0025629063634093198,0.045942404025272936,0.8184305358343271,0.12488440201762313,0.0034123067387256353
P02,12,C,gamma,1799551287-γ-6,P02-T12-Cγ,18,59,B3,L5,L,False,59,True,L5,True,0.831741626584303,False,0.8305940628051758,0.0011990553161217922,0.00452431446669122,0.019366056092383448,0.14309687488165895,0.831741626584303,3.472786520216567e-05,3.349101274612643e-05,3.2912819080832178e-06,5.022170544301363e-07,6.028193090947612e-08
P02,12,C,gamma,1799551287-γ-6,P02-T12-Cγ,19,69,A4,R1,R,False,69,True,R1,True,0.5785719730750464,False,0.5371739864349365,4.29330839582191e-08,2.3952519343653408e-08,2.7623271924733627e-09,3.890970463990611e-10,3.5298087680278445e-11,0.5785719730750464,0.38782839162659577,0.028805402379217273,0.004395419395414358,0.0003987434514005774
P02,12,C,gamma,1799551287-γ-6,P02-T12-Cγ,20,55,G3,L1,L,False,55,True,L1,True,0.6369923846371045,False,0.5468180179595947,0.6369923846371045,0.33576343525646557,0.022126095426196334,0.004362488846041316,0.0007540747921053871,1.1301030707419163e-06,3.2775561629915393e-07,5.2053303372719144e-08,1.009730198962068e-08,1.0327945239755717e-09
P02,12,C,gamma,1799551287-γ-6,P02-T12-Cγ,21,60,C4,R4,R,False,60,True,R3,False,0.26267020960745885,False,0.5370128154754639,0.0015824702596794425,0.001633784804956959,0.00015426232593876332,2.3538904629298805e-05,1.6797661183134548e-06,0.007774889839812579,0.16362620330396788,0.5396384020643546,0.26267020960745885,0.022894559123083212
P02,12,C,gamma,1799551287-γ-6,P02-T12-Cγ,22,52,E3,L4,L,False,52,True,L4,True,0.7072089505719877,False,0.9070322513580322,0.00020989738445482018,0.027263860892018953,0.20465510908077136,0.7072089505719877,0.06066173708786472,2.004790799700844e-07,1.632900195911619e-07,6.014971628146317e-08,1.7406378605367024e-08,3.657708013964878e-09
P02,12,C,gamma,1799551287-γ-6,P02-T12-Cγ,23,59,B3,L2,L,False,59,True,L2,True,0.9157584304886681,False,0.5298659801483154,0.0039739183891436825,0.9157584304886681,0.07368156319468727,0.0033863498731674033,0.0001130135684973317,0.0007349182687522227,0.0016134847580023981,0.0005167234852764239,0.00019784974652860846,2.3748227276407784e-05
P02,12,C,gamma,1799551287-γ-6,P02-T12-Cγ,24,60,C4,L4,L,False,60,True,L4,True,0.7635271385019753,False,0.917539119720459,0.0011301691865133235,0.018923071680140707,0.1738075528268969,0.7635271385019753,0.04117983393330116,0.000617515363201332,0.00044840818636685757,0.0002774675384737244,8.029472662469217e-05,8.548056506005697e-06
P02,12,C,gamma,1799551287-γ-6,P02-T12-Cγ,25,62,D4,R5,R,False,62,True,R4,False,0.20731428875038413,False,0.5509870052337646,0.0028697816448704067,0.0028697816448704067,0.00025013261167687,3.9725417571922356e-05,2.4157051303615355e-06,0.0035051592163621442,0.021931263076620258,0.24100569947469577,0.5202117524578176,0.20731428875038413
P02,12,C,gamma,1799551287-γ-6,P02-T12-Cγ,26,65,F4,R3,R,False,65,True,R2,True,0.45257316542927106,False,0.6350047588348389,5.9626365249468475e-05,4.055685109757861e-05,4.148325341396006e-06,5.843265570557958e-07,5.5172243936735166e-08,0.017724527975488492,0.45257316542927106,0.45257316542927106,0.07480984108438267,0.0022143290410974875
P02,12,C,gamma,1799551287-γ-6,P02-T12-Cγ,27,69,A4,R5,R,False,69,True,R4,False,0.09674238073328947,True,0.659196138381958,7.221361376666393e-07,4.492421871605951e-07,5.3923271320934904e-08,7.59554684916397e-09,5.00354783422914e-10,0.01073865430406364,0.13866369993961936,0.3769270158127649,0.3769270158127649,0.09674238073328947
P02,12,C,gamma,1799551287-γ-6,P02-T12-Cγ,28,62,D4,R3,R,False,62,True,R3,True,0.7283106892084585,False,0.5288379192352295,0.00728135481436939,0.01281642726334951,0.0018789774664442688,0.00026466979886956553,1.371490238574401e-05,0.0037864545655337577,0.13573815893978342,0.7283106892084585,0.10258869362182144,0.0073208594189843055
P02,12,C,gamma,1799551287-γ-6,P02-T12-Cγ,29,55,G3,L2,L,False,55,True,L2,True,0.8129801042802635,False,0.5141119956970215,0.1100248926785004,0.8129801042802635,0.07086003811071812,0.005701370800645261,0.00039090396509534,1.4925190388297753e-05,2.1082892217921336e-05,5.631984778947891e-06,9.689540543475835e-07,8.114333796170255e-08
P02,13,B,gamma,1799551287-γ-7,P02-T13-Bγ,0,69,A4,R3,R,False,69,True,R2,True,0.4811331517269427,False,1.033905267715454,2.6401188262728016e-09,4.2812272342759615e-10,6.532729164474212e-11,1.1239224994948345e-11,1.1045189396677357e-12,0.012630872992431236,0.4811331517269427,0.4811331517269427,0.023014951144853683,0.0020878692629169465
P02,13,B,gamma,1799551287-γ-7,P02-T13-Bγ,1,72,C5,R4,R,False,72,True,R2,False,0.06822629567056551,False,1.0959141254425049,1.6513589043703425e-07,8.53039904126828e-07,2.4732500766482824e-07,2.3531515681519258e-08,9.44445362389015e-10,0.013234539719527198,0.6157432394432376,0.27667127194121227,0.06822629567056551,0.026123363248694124
P02,13,B,gamma,1799551287-γ-7,P02-T13-Bγ,2,57,A3,L4,L,False,57,True,L4,True,0.7369326617909479,False,0.8812270164489746,0.00017662302114407398,0.007670728841401353,0.09206515381360929,0.7369326617909479,0.16314679429509932,2.7272498911737876e-06,3.56174929438672e-06,1.2095541238427492e-06,4.631296692212487e-07,7.655481942470362e-08
P02,13,B,gamma,1799551287-γ-7,P02-T13-Bγ,3,71,B4,R2,R,False,71,True,R2,True,0.8012733808458529,False,1.0020620822906494,2.627510646146991e-07,9.017143991137951e-08,7.859419480228712e-09,8.708485013037944e-10,7.292766250130937e-11,0.14933650588278202,0.8012733808458529,0.04321562796463931,0.0047884280690936335,0.0013856955119320592
P02,13,B,gamma,1799551287-γ-7,P02-T13-Bγ,4,48,C3,L1,L,False,48,True,L1,True,0.9625184905200915,False,1.0420169830322266,0.9625184905200915,0.032122389425932575,0.0034197015353727087,0.0011613153404537004,0.0007781031756259443,1.8061355966911636e-12,5.029920640989045e-13,1.3985055565143973e-13,4.943083366953818e-14,2.5042500283785164e-14
P02,13,B,gamma,1799551287-γ-7,P02-T13-Bγ,5,64,E4,R5,R,False,64,True,R3,False,0.2110918805508429,False,1.034726858139038,0.0002660396038735337,9.986581447816869e-05,3.733938883919651e-05,6.686220524804317e-06,6.838947623047546e-07,0.005126429506728719,0.12784330161909746,0.32776388670042644,0.32776388670042644,0.2110918805508429
P02,13,B,gamma,1799551287-γ-7,P02-T13-Bγ,6,72,C5,R2,R,False,72,True,R2,True,0.8253969373737314,False,0.9826231002807617,8.705632214369972e-11,2.1739486117903637e-11,5.5796733975921925e-12,1.2203408973644642e-12,2.777955809162742e-13,0.12100893754005763,0.8253969373737314,0.04109409375165148,0.008296754438604363,0.004203276780081595
P02,13,B,gamma,1799551287-γ-7,P02-T13-Bγ,7,50,D3,L5,L,False,50,True,L5,True,0.9373282648823413,False,0.9658401012420654,6.309546890823474e-05,0.0010029297329239542,0.006841681651769517,0.05476402810310083,0.9373282648823413,8.824115634255934e-11,6.447640828592547e-11,6.3363278291486604e-12,1.5012519508353444e-12,4.0103739321322156e-13
P02,13,B,gamma,1799551287-γ-7,P02-T13-Bγ,8,60,C4,L3,L,False,60,True,L3,True,0.6937053025342418,False,0.7338979244232178,0.0004240292815842806,0.1958083099365179,0.6937053025342418,0.10170202701826069,0.0039334005799900205,0.0014871629783714797,0.0024646436526021393,0.0003914283611770311,7.592929005497509e-05,7.766367199747066e-06
P02,13,B,gamma,1799551287-γ-7,P02-T13-Bγ,9,71,B4,R5,R,False,71,True,R4,False,0.32283878396576265,False,0.9368767738342285,2.6611365894906577e-07,2.1639002016250103e-05,6.58575087476817e-06,6.472053523605296e-07,2.4234719915551624e-08,0.01668852978077168,0.05127242471693064,0.28633231526415026,0.32283878396576265,0.32283878396576265
P02,13,B,gamma,1799551287-γ-7,P02-T13-Bγ,10,52,E3,L5,L,False,52,True,L5,True,0.9890702267427196,False,0.7377641201019287,2.2412629949345375e-05,0.0001327857409617632,0.0008325727587327044,0.009941971459125315,0.9890702267427196,1.4642710555084792e-08,1.1376794259389305e-08,3.5689659175934474e-09,9.160135653302953e-10,1.640270205783691e-10
P02,13,B,gamma,1799551287-γ-7,P02-T13-Bγ,11,62,D4,L3,L,False,62,True,L3,True,0.5832674172894604,False,0.8298928737640381,0.0002588894280749695,0.0679177194215236,0.5832674172894604,0.05083808472098012,0.001445775380184815,0.008521829960493759,0.22925533227977474,0.05083808472098012,0.007453217161468261,0.00020364963705935655
P02,13,B,gamma,1799551287-γ-7,P02-T13-Bγ,12,57,A3,L4,L,False,57,True,L4,True,0.8368240646489201,False,0.8792691230773926,8.623960108712614e-05,0.005478856002493434,0.09861301255772986,0.8368240646489201,0.05898119750902506,5.4293858688905595e-06,7.983437872862882e-06,2.604834469543498e-06,5.697082620320301e-07,4.231427115938814e-08
P02,13,B,gamma,1799551287-γ-7,P02-T13-Bγ,13,67,G4,R2,R,False,67,True,R2,True,0.8253281322858744,False,0.8416569232940674,5.954072449000452e-05,0.00046990271372634627,6.055404804484552e-05,4.321213745258571e-06,7.594862162803285e-08,0.09891611288848987,0.8253281322858744,0.06911563996960174,0.005561017212196421,0.0004847029952097733
P02,13,B,gamma,1799551287-γ-7,P02-T13-Bγ,14,62,D4,R2,R,False,62,True,R2,True,0.8075209748636742,False,0.7974710464477539,0.00048189202143006816,0.06983731141979416,0.007492998339856094,0.0004935994255554648,1.2450045889468104e-05,0.03291633469420223,0.8075209748636742,0.07325665007790366,0.0077987934031279,0.0001889957085665896
P02,13,B,gamma,1799551287-γ-7,P02-T13-Bγ,15,55,G3,L1,L,False,55,True,L1,True,0.9537095654325103,False,0.8713748455047607,0.9537095654325103,0.04397635227895316,0.0020144761498676047,0.0002516689328719432,1.5304003568764656e-05,2.8961787210053097e-05,3.215923183582686e-06,3.7087673039578455e-07,7.487872047215151e-08,9.736383495219869e-09
P02,13,B,gamma,1799551287-γ-7,P02-T13-Bγ,16,57,A3,R3,R,False,57,True,R3,False,0.3621193961934315,False,0.824397087097168,0.08452211096695587,0.10126862599998515,0.020920561629012884,0.005550097416560753,0.0014536802924560303,0.08414204522056495,0.12543623045123867,0.3621193961934315,0.18994608475530436,0.02464116707448987
P02,13,B,gamma,1799551287-γ-7,P02-T13-Bγ,17,62,D4,L1,L,False,62,True,L1,True,0.9270623811562082,False,0.9466822147369385,0.9270623811562082,0.029644940432868985,0.001732025387268327,0.0001997460374277171,1.962975930828475e-05,0.03536304251496756,0.0049002756949484,0.0009132838649568164,0.00014504539273742215,1.962975930828475e-05
P02,13,B,gamma,1799551287-γ-7,P02-T13-Bγ,18,55,G3,L3,L,False,55,True,L3,True,0.6567163243464653,False,0.8448989391326904,0.0010296972721207808,0.12398478696383752,0.6567163243464653,0.20587149244263572,0.012395896653189454,1.4505618340442841e-06,2.766526391587388e-07,6.297656726337634e-08,1.0409956552648065e-08,1.7207542445877438e-09
P02,13,B,gamma,1799551287-γ-7,P02-T13-Bγ,19,53,F3,L5,L,False,53,True,L5,True,0.9729810834235926,False,0.7512991428375244,4.994947055835289e-05,0.0003756466362732101,0.0020509717300476,0.024541477382345384,0.9729810834235926,7.145482142595389e-07,1.1861408006715937e-07,3.1686008096142216e-08,5.451414947996856e-09,1.0574657021576298e-09
P02,13,B,gamma,1799551287-γ-7,P02-T13-Bγ,20,62,D4,R5,R,False,62,True,R4,False,0.11264982334628998,False,1.1266942024230957,0.00102730658865019,0.001982352158961185,0.00012546657365220516,1.233005006629591e-05,1.0325581642648887e-06,0.0025200634977172094,0.019703235601936764,0.4051608297256284,0.4568175598989335,0.11264982334628998
P02,13,B,gamma,1799551287-γ-7,P02-T13-Bγ,21,67,G4,R1,R,False,67,True,R1,True,0.9827325199081804,False,1.0535757541656494,6.590392006006941e-08,6.4614098382073615e-09,1.5933640488843644e-09,3.9291873690858885e-10,6.759965058496332e-11,0.9827325199081804,0.013603634194483431,0.0027465263759392346,0.0007049255935719979,0.00021231950861265932
P02,13,B,gamma,1799551287-γ-7,P02-T13-Bγ,22,57,A3,R3,R,False,57,True,R3,True,0.5279283634239808,False,1.0070810317993164,0.033961940373011375,0.011347081782200796,0.002201107403989518,0.00024388965225675635,3.0469186009475044e-05,0.011267064082955783,0.3024225065871887,0.5279283634239808,0.1065868983259187,0.0040106791824880495
P02,13,B,gamma,1799551287-γ-7,P02-T13-Bγ,23,48,C3,L1,L,False,48,True,L1,True,0.9320650157340791,False,1.2397167682647705,0.9320650157340791,0.05445651926647651,0.010149278016959964,0.002604921581350588,0.0007242653643709829,2.0591580925010172e-11,1.1030546829166982e-11,4.223517909303363e-12,7.87153825630524e-13,1.301156522360941e-13
P02,13,B,gamma,1799551287-γ-7,P02-T13-Bγ,24,65,F4,R3,R,False,65,True,R2,True,0.44892623305610474,False,1.106928825378418,0.0002533099560470135,0.00019144754632919735,9.531612077951548e-06,1.3515908096209062e-06,1.7745064783790708e-07,0.026228814135237623,0.44892623305610474,0.44892623305610474,0.07129730884584616,0.004165592750795259
P02,13,B,gamma,1799551287-γ-7,P02-T13-Bγ,25,67,G4,R1,R,False,67,True,R1,True,0.9292205337116715,False,0.8932781219482422,2.6029491151435576e-07,3.8781474679810075e-08,1.0782696527568283e-08,2.454548112079807e-09,5.157890968457039e-10,0.9292205337116715,0.05696471937914989,0.010200452866083561,0.0027249010565696553,0.0008890801571056503
P02,13,B,gamma,1799551287-γ-7,P02-T13-Bγ,26,59,B3,R4,R,False,59,True,R3,True,0.41304969222412924,False,1.0484228134155273,0.005688950153671636,0.004151907660608403,0.00047881925349852297,6.744572395439544e-05,8.426008605509636e-06,0.0035380223253486825,0.053708319008634105,0.48471830408483707,0.41304969222412924,0.03459011355671236
P02,13,B,gamma,1799551287-γ-7,P02-T13-Bγ,27,57,A3,L5,L,False,57,True,L5,True,0.9681922188552026,False,1.3192389011383057,5.840299327552375e-05,0.0005285129765269384,0.002957897600625554,0.027892077427491457,0.9681922188552026,0.00013212457418355206,0.00015809338768921845,5.815930711600986e-05,1.897620678122999e-05,3.5366711079638484e-06
P02,13,B,gamma,1799551287-γ-7,P02-T13-Bγ,28,60,C4,L2,L,False,60,True,L2,True,0.8763826178298568,False,0.8504409790039062,0.003653928075244971,0.8763826178298568,0.0600875565243981,0.002653296353375663,9.983891657036357e-05,0.013495629903231932,0.03168371333457358,0.009168766604730648,0.002353262760475984,0.0004213896975420015
P02,13,B,gamma,1799551287-γ-7,P02-T13-Bγ,29,57,A3,R3,R,False,57,True,R3,True,0.6774399912201307,False,1.2649672031402588,0.026524638899423744,0.024491374026044073,0.0011256053445506942,0.00016502158012226336,3.6089246984102644e-05,0.0037735731295657376,0.08489372475921783,0.6774399912201307,0.17387227448596881,0.0076777073079919884
P02,14,B,alpha,1799551287-α-7,P02-T14-Bα,0,60,C4,L3,L,False,60,True,R2,False,0.18016933061262022,False,1.5883588790893555,0.0019374720852686769,0.08489019766274326,0.18016933061262022,0.04537391967916875,0.004982186094310929,0.01644859161596894,0.45884075029271915,0.18151869101551854,0.024565883461324392,0.001272977480357204
P02,14,B,alpha,1799551287-α-7,P02-T14-Bα,1,59,B3,L4,L,False,59,True,L4,True,0.7163429649223014,False,0.7132577896118164,0.00018687986454827237,0.017811406899108824,0.13895623863041093,0.7163429649223014,0.12661927277955987,3.93995527357538e-05,3.252192029332264e-05,9.79541415261877e-06,1.3256651487645858e-06,1.943517402624546e-07
P02,14,B,alpha,1799551287-α-7,P02-T14-Bα,2,64,E4,R1,R,False,64,True,R1,True,0.8387977847905207,False,0.7827777862548828,0.00029125501302281257,0.005788462806731307,0.0007961001042771554,6.938876293776893e-05,2.0538681899567195e-06,0.8387977847905207,0.14431085065936158,0.008775551866094258,0.0010963315567908216,7.222057207351144e-05
P02,14,B,alpha,1799551287-α-7,P02-T14-Bα,3,65,F4,R2,R,False,65,True,R2,True,0.8778633241456663,False,0.5078699588775635,2.762468579315298e-05,1.790797587545224e-05,1.9842602868765905e-06,3.1513511148792025e-07,5.2485300959169594e-08,0.07238384039964611,0.8778633241456663,0.04548992688287805,0.003809473209125354,0.0004055508203163181
P02,14,B,alpha,1799551287-α-7,P02-T14-Bα,4,64,E4,R3,R,False,64,True,R3,True,0.4751022863799059,False,0.6549780368804932,9.654327760808237e-05,0.0001156328470568108,1.276133127936228e-05,1.7754496346114149e-06,2.1853216737753189e-07,0.020979171676258655,0.38898085271689137,0.4751022863799059,0.11256491985674266,0.0021458379324551884
P02,14,B,alpha,1799551287-α-7,P02-T14-Bα,5,62,D4,R2,R,False,62,True,R2,True,0.6448965085085131,False,0.6111741065979004,0.0008799597167386081,0.002482062460849012,0.0003227393821039305,3.8738933618716036e-05,3.2441232572332453e-06,0.02311372175592758,0.6448965085085131,0.28977068013094315,0.03620111255768629,0.002291232430362362
P02,14,B,alpha,1799551287-α-7,P02-T14-Bα,6,64,E4,R4,R,False,64,True,R3,False,0.33616092323139485,False,0.5775630474090576,0.00010639576668603837,0.00029439286987428744,4.3178611240965854e-05,5.39431306477396e-06,5.512385351179982e-07,0.009931918669784106,0.11471638562889745,0.5014931676584858,0.33616092323139485,0.03724769201203661
P02,14,B,alpha,1799551287-α-7,P02-T14-Bα,7,60,C4,L3,L,False,60,True,L3,True,0.6963340111216861,False,0.7224152088165283,0.0004256360869665609,0.22558775078120719,0.6963340111216861,0.06069306531130292,0.0016583604710414409,0.003352188977508256,0.008898025927669051,0.002283774247948425,0.0006878595847962076,7.932748987381407e-05
P02,14,B,alpha,1799551287-α-7,P02-T14-Bα,8,59,B3,L2,L,False,59,True,L2,True,0.9445716043207437,False,0.6531970500946045,0.0068945517340981205,0.9445716043207437,0.043411808786376495,0.0016335106894778029,0.00010338778017142622,0.0010324493077038116,0.001700175525366934,0.000532981532277357,0.00010760711552225448,1.1923208262126327e-05
P02,14,B,alpha,1799551287-α-7,P02-T14-Bα,9,62,D4,R5,R,False,62,True,R4,True,0.4207661580918506,False,0.7437009811401367,0.0005387592118025618,0.0030712272438129483,0.00016564260979614183,1.0911666242869325e-05,4.629355267769304e-07,0.010818689874155643,0.02209890468033272,0.12176308559462912,0.4207661580918506,0.4207661580918506
P02,14,B,alpha,1799551287-α-7,P02-T14-Bα,10,64,E4,R4,R,False,64,True,R3,False,0.3080029697389177,False,0.6310267448425293,0.00019110087568502927,0.00013671038415219474,1.1915793486399832e-05,1.6784398545155555e-06,1.1507913048383385e-07,0.029081709147872562,0.19836513031363165,0.4241594411253912,0.3080029697389177,0.0400492291018783
P02,14,B,alpha,1799551287-α-7,P02-T14-Bα,11,60,C4,L2,L,False,60,True,R2,False,0.05925398848858917,False,0.8303530216217041,0.0075317038244729064,0.05925398848858917,0.0037502897138046026,0.0004685244897517699,3.086393570515363e-05,0.026572506528259716,0.7664987703056819,0.12173336181406821,0.01348844096706349,0.0006715499326030868
P02,14,B,alpha,1799551287-α-7,P02-T14-Bα,12,59,B3,L3,L,False,59,True,L3,True,0.6711280608114105,False,0.5775101184844971,0.001114978331031008,0.25654260367980747,0.6711280608114105,0.06336806129511495,0.001731451318850743,0.002118033258612025,0.0035571510920601253,0.0003638403776186779,7.05777718376052e-05,5.242063656773782e-06
P02,14,B,alpha,1799551287-α-7,P02-T14-Bα,13,62,D4,R1,R,False,60,False,R1,True,0.5941559257476579,False,0.5440390110015869,0.0004048954605347821,0.27114179374165986,0.06325295122316604,0.005738178274480667,0.00019150177263472148,0.5941559257476579,0.05838983323130114,0.005972357772316166,0.0007168718294641652,3.569094678452807e-05
P02,14,B,alpha,1799551287-α-7,P02-T14-Bα,14,64,E4,R2,R,False,64,True,R2,True,0.6856082331945698,False,0.5734238624572754,0.00015764994081925447,0.0005298473181949658,6.927344577656578e-05,7.085579447707822e-06,4.3087452995107047e-07,0.04339335748081326,0.6856082331945698,0.24233144001210785,0.02685108892383399,0.0010515932299066078
P02,14,B,alpha,1799551287-α-7,P02-T14-Bα,15,62,D4,R1,R,False,62,True,R1,True,0.8659206235678302,False,0.7109131813049316,0.0009472587482941812,0.004369108119085245,0.0005292963720748772,5.41386595350908e-05,3.426531498596423e-06,0.8659206235678302,0.11718961285097658,0.009813836186041433,0.001131781846002947,4.0917118660828574e-05
P02,14,B,alpha,1799551287-α-7,P02-T14-Bα,16,64,E4,R2,R,False,64,True,R2,True,0.8297554385888838,False,0.7183010578155518,0.0002488550267385973,0.0006183834446798027,9.082061379831902e-05,1.0901346176622298e-05,5.879497958428787e-07,0.07705957936678705,0.8297554385888838,0.08487087680396685,0.007107360982402068,0.0002371958767711925
P02,14,B,alpha,1799551287-α-7,P02-T14-Bα,17,65,F4,R1,R,False,65,True,R1,True,0.7854272266962077,False,0.7431662082672119,4.275082452935655e-05,8.940621239387713e-05,1.1634596153787144e-05,1.3965195234122004e-06,9.574978336316947e-08,0.7854272266962077,0.20158836224432533,0.011316114904706636,0.0014137246363085413,0.00010928761606813006
P02,14,B,alpha,1799551287-α-7,P02-T14-Bα,18,64,E4,R2,R,False,64,True,R2,True,0.8313412753793996,False,0.5366408824920654,0.0001774469474227408,0.0006181905729472094,8.39982251868209e-05,1.0082443761246165e-05,6.13114036536618e-07,0.05819021239772317,0.8313412753793996,0.09978724713258073,0.00942193414640285,0.0003689996405392858
P02,14,B,alpha,1799551287-α-7,P02-T14-Bα,19,62,D4,R1,R,False,62,True,R1,True,0.7722469205430424,False,0.8313770294189453,0.0007136048255621298,0.0038178613973190076,0.0005113527285086521,5.665949735595574e-05,4.043293663747698e-06,0.7722469205430424,0.20629441431146367,0.014721431307657148,0.0015672215593350877,6.64905360921458e-05
P02,14,B,alpha,1799551287-α-7,P02-T14-Bα,20,57,A3,L3,L,False,57,True,L3,True,0.739146340420731,False,0.6686172485351562,0.0007195202473307045,0.14330972453661117,0.739146340420731,0.11278641825461304,0.0027422605679226705,0.0010784931542403252,0.0001874010935661898,2.5361980076631254e-05,4.192307109765171e-06,2.8743779862890486e-07
P02,14,B,alpha,1799551287-α-7,P02-T14-Bα,21,59,B3,L2,L,False,59,True,L2,True,0.9281267756431281,False,0.5837650299072266,0.008963567759182925,0.9281267756431281,0.05005729929262416,0.002699774727148724,0.00011453994354972003,0.007817706139167054,0.0018097131193881874,0.0003510482274333026,5.5752575920353986e-05,3.822572457325315e-06
P02,14,B,alpha,1799551287-α-7,P02-T14-Bα,22,64,E4,R5,R,False,64,True,R3,False,0.1598333882242124,False,0.750342845916748,0.00038060837143244367,0.0015436225342542991,9.018717456161792e-05,6.435871274420456e-06,1.5596669752331265e-07,0.013401102598613787,0.0842789347197586,0.3702327822695974,0.3702327822695974,0.1598333882242124
P02,14,B,alpha,1799551287-α-7,P02-T14-Bα,23,65,F4,R4,R,False,65,True,R3,False,0.30448704221857675,False,0.7358119487762451,2.9188217750444407e-05,3.911021988364059e-05,4.00035781526842e-06,2.8547061237736517e-07,2.296885321043098e-08,0.015714447181390173,0.25946674184725277,0.37190131318980174,0.30448704221857675,0.048357848328063655
P02,14,B,alpha,1799551287-α-7,P02-T14-Bα,24,60,C4,L2,L,False,60,True,L2,True,0.8658230602955475,False,1.0551979541778564,0.00803398420022328,0.8658230602955475,0.08175120660161114,0.003201695679561119,7.758979015017228e-05,0.015080411178053562,0.02365750898798099,0.0019034738698464795,0.00043330239163084314,3.776700539505718e-05
P02,14,B,alpha,1799551287-α-7,P02-T14-Bα,25,59,B3,L1,L,False,59,True,L1,True,0.7220472779244813,False,0.7131209373474121,0.7220472779244813,0.2552109909780005,0.018955433499562174,0.0024647505820898,0.00023272230008413515,0.000409181527808187,0.0006078000104166518,5.738861264225518e-05,1.3063811121437015e-05,1.3907537934812342e-06
P02,14,B,alpha,1799551287-α-7,P02-T14-Bα,26,60,C4,L2,L,False,60,True,R2,False,0.0361031361098271,False,0.6524908542633057,0.008480685900104168,0.0361031361098271,0.005508981357153691,0.0006104125337318454,3.29217987185114e-05,0.011116975532127435,0.8176053266523792,0.10631216663194318,0.013281601536619714,0.0009477919473952311
P02,14,B,alpha,1799551287-α-7,P02-T14-Bα,27,59,B3,L2,L,False,59,True,L2,True,0.9292666695742747,False,0.6534106731414795,0.012359138485212426,0.9292666695742747,0.05429302402849074,0.003722500975967327,0.00024521883764389284,9.230730719613575e-05,1.6153730710519408e-05,4.1460290748604305e-06,7.13303007590771e-07,1.277284218629619e-07
P02,14,B,alpha,1799551287-α-7,P02-T14-Bα,28,64,E4,R4,R,False,64,True,R3,False,0.34120275022514857,False,0.7349598407745361,0.0025287997393276043,0.02376286141675603,0.0015039935203515669,0.00012101072720133202,1.0977845497768274e-05,0.034060008242757414,0.09258470148345277,0.3943791691740584,0.34120275022514857,0.10984572762544853
P02,14,B,alpha,1799551287-α-7,P02-T14-Bα,29,59,B3,L2,L,False,59,True,L2,True,0.890812781367258,False,0.79538893699646,0.0023006879933004116,0.890812781367258,0.0987048696850274,0.0043585275545255904,0.00013975481452867367,0.0021316671625378246,0.0011643165744046739,0.00029883439660660616,8.308710891505998e-05,5.473342895779369e-06
P02,15,C,beta,1799551287-β-3,P02-T15-Cβ,0,62,D4,R3,R,False,62,True,R3,True,0.523547285036331,False,0.8706800937652588,0.0010685551108493962,0.00367159932690582,0.00020610435743782324,1.4707868607866236e-05,1.0084178626419982e-06,0.008504771432816324,0.1938428856516704,0.523547285036331,0.2548378220931524,0.014305260704366272
P02,15,C,beta,1799551287-β-3,P02-T15-Cβ,1,64,E4,R3,R,False,64,True,R3,True,0.5027397149497935,False,0.7853598594665527,0.0026809154878866632,0.00753367381410702,0.0005595529112733568,4.5021407196610335e-05,2.1535940381231643e-06,0.03055055380118539,0.22573975589035783,0.5027397149497935,0.20200327878350288,0.028145379360658546
P02,15,C,beta,1799551287-β-3,P02-T15-Cβ,2,60,C4,L4,L,False,60,True,L4,True,0.711209205394836,False,0.6950819492340088,0.0006112728876617433,0.021546756341439585,0.22295425760777957,0.711209205394836,0.04324867631969149,0.0002178999262545698,0.00015365685570712585,5.0135127322542985e-05,7.06195486732895e-06,1.0775844400560644e-06
P02,15,C,beta,1799551287-β-3,P02-T15-Cβ,3,57,A3,L4,L,False,57,True,L4,True,0.7914526737459948,False,0.5360801219940186,0.00020535689997180378,0.015858066102812096,0.15979153898687634,0.7914526737459948,0.03264336882289493,3.4754908819131794e-05,1.082247903751016e-05,2.777705878330926e-06,5.176920888125764e-07,1.2265562628982972e-07
P02,15,C,beta,1799551287-β-3,P02-T15-Cβ,4,60,C4,R3,R,False,60,True,R3,True,0.47968045777172674,False,0.5566399097442627,0.006164262772109718,0.034230606447978845,0.002754181133602387,0.0001317459501728763,5.814015317260026e-06,0.004478034657313686,0.39272914242823687,0.47968045777172674,0.0761816156570951,0.0036441391664466367
P02,15,C,beta,1799551287-β-3,P02-T15-Cβ,5,65,F4,R2,R,False,65,True,R2,True,0.82266617698753,False,0.6312661170959473,5.604614269923775e-05,9.754421672810474e-05,1.124929860073168e-05,8.696241084987371e-07,2.193450700477052e-08,0.08254197269032605,0.82266617698753,0.08757981080549013,0.006770334542391714,0.00027597375761874974
P02,15,C,beta,1799551287-β-3,P02-T15-Cβ,6,64,E4,R4,R,False,64,True,R3,False,0.30801617220252253,False,0.5707151889801025,0.00016781423106591208,0.00045391391600020506,4.11781414291209e-05,3.7355967107118105e-06,1.4630051771043846e-07,0.011590111628399926,0.25789177711917327,0.39156529719770816,0.30801617220252253,0.030269853666472356
P02,15,C,beta,1799551287-β-3,P02-T15-Cβ,7,59,B3,L5,L,False,59,True,L5,True,0.8141320970547857,False,0.7547769546508789,0.0003514151917427933,0.0025931692470704225,0.018212763403994282,0.16437043558304806,0.8141320970547857,0.00014301364157468497,0.0001383626190610959,4.167402000621497e-05,1.4729877487240565e-05,2.3393612293938236e-06
P02,15,C,beta,1799551287-β-3,P02-T15-Cβ,8,52,E3,L3,L,False,52,True,L3,True,0.6644950160548775,False,0.7044391632080078,0.0006268412799394394,0.13389134680122042,0.6644950160548775,0.1922943705454376,0.008691910260214479,1.5836178626951627e-07,2.2918692473190652e-07,9.894240723911246e-08,2.5394635115645798e-08,3.1725571537031966e-09
P02,15,C,beta,1799551287-β-3,P02-T15-Cβ,9,57,A3,L2,L,False,57,True,L2,True,0.9535800035928212,False,0.5240259170532227,0.00325510107271732,0.9535800035928212,0.04045633833198215,0.002271006957403291,0.00018265603281584182,9.448434396001815e-05,0.0001086333668479421,3.996398228859323e-05,1.0675790476421245e-05,1.1365286871860764e-06
P02,15,C,beta,1799551287-β-3,P02-T15-Cβ,10,60,C4,R5,R,False,60,True,R4,False,0.17418472421763187,False,0.5632100105285645,0.00038788181564957693,0.005813113824279979,0.0006188554035192052,8.717099491817128e-05,7.013743971081554e-06,0.005524828016212377,0.039651007972673645,0.23987461984330263,0.5338507841678415,0.17418472421763187
P02,15,C,beta,1799551287-β-3,P02-T15-Cβ,11,64,E4,R4,R,False,64,True,R2,False,0.18575175094993515,False,0.4378817081451416,5.205384945395334e-05,4.0131693707781396e-05,3.94388543703967e-06,4.92710444536265e-07,3.6595367739283506e-08,0.021421843161333318,0.38161456608679906,0.38161456608679906,0.18575175094993515,0.029500614980722456
P02,15,C,beta,1799551287-β-3,P02-T15-Cβ,12,60,C4,L3,L,False,60,True,L3,True,0.7824706624284262,False,0.5453109741210938,0.00037607660972424904,0.13952941854103978,0.7824706624284262,0.06295728179203731,0.0032580951619695714,0.002977550905222952,0.006439535625065089,0.0016527762167493074,0.0003206056004224111,1.7997119343007086e-05
P02,15,C,beta,1799551287-β-3,P02-T15-Cβ,13,59,B3,L4,L,False,59,True,L4,True,0.7088789561095395,False,0.5979099273681641,0.00027429772183795953,0.023001645788162713,0.2254862320988166,0.7088789561095395,0.03951770087803028,0.0012637352817472902,0.0011316591012787052,0.0003692374991485096,7.162470570021108e-05,4.9108157381783536e-06
P02,15,C,beta,1799551287-β-3,P02-T15-Cβ,14,62,D4,R4,R,False,62,True,R4,True,0.44623573096198843,False,0.5768311023712158,0.00015180774847238707,0.00148749605570685,0.0001903001640058129,2.194638944753352e-05,2.838244713883723e-06,0.008173092507550116,0.09439879705714048,0.39577558938360674,0.44623573096198843,0.05356240148736774
P02,15,C,beta,1799551287-β-3,P02-T15-Cβ,15,57,A3,L1,L,False,57,True,L1,True,0.6827549144000034,False,0.5215051174163818,0.6827549144000034,0.23434436375236692,0.04493638965577224,0.009137433408431032,0.0014293439985122729,0.004345236572647622,0.015478677915271516,0.00570081901125888,0.0017170536893502159,0.00015576759638588636
P02,15,C,beta,1799551287-β-3,P02-T15-Cβ,16,60,C4,L2,L,False,60,True,L2,True,0.6936866386614022,False,0.48926496505737305,0.003682759634392842,0.6936866386614022,0.05152258881285602,0.0032609557564322986,0.00011789278481968613,0.02176955136255486,0.1776578916852155,0.03893993494246523,0.008864196776118837,0.0004975895837425237
P02,15,C,beta,1799551287-β-3,P02-T15-Cβ,17,64,E4,R2,R,False,64,True,R2,True,0.6479238605982698,False,0.4782578945159912,0.00012451499570368584,9.383411313309248e-05,4.8623821364199e-06,6.580518636370332e-07,1.13214443267938e-07,0.07179201013260482,0.6479238605982698,0.23835786775853499,0.03940029053935379,0.0023019882139565665
P02,15,C,beta,1799551287-β-3,P02-T15-Cβ,18,60,C4,R1,R,False,60,True,R1,True,0.8074319379135979,False,0.5479001998901367,0.005503512362641461,0.007198399892212285,0.0006028172260763722,8.491188256912239e-05,1.582536516739881e-05,0.8074319379135979,0.1630176967824322,0.01420876125492788,0.0017751035586571363,0.00016103376171812807
P02,15,C,beta,1799551287-β-3,P02-T15-Cβ,19,57,A3,L5,L,False,57,True,L5,True,0.8625070130162971,False,0.6595790386199951,0.00015966131586435481,0.00227970642362377,0.013540955022977277,0.12149137588680281,0.8625070130162971,1.880507941601092e-05,1.9495499652481273e-06,4.263897516070428e-07,8.608660615806784e-08,2.1228695714616366e-08
P02,15,C,beta,1799551287-β-3,P02-T15-Cβ,20,62,D4,R3,R,False,62,True,R3,True,0.40575062153446123,False,0.5031201839447021,0.0007200586505648519,0.0008570480778437481,0.00015346829787442958,2.4373440057427095e-05,3.7191457960218736e-06,0.012500126174406368,0.22478532054046327,0.40575062153446123,0.34575787200977104,0.009447392128761492
P02,15,C,beta,1799551287-β-3,P02-T15-Cβ,21,65,F4,R2,R,False,65,True,R2,True,0.46264788096487214,False,0.9645388126373291,9.099238396005133e-06,6.078278579114799e-06,5.090146542630227e-07,7.16990004251611e-08,8.2686959023398e-09,0.07347654564866202,0.46264788096487214,0.42707782153981194,0.035764874354632076,0.0010171109926962144
P02,15,C,beta,1799551287-β-3,P02-T15-Cβ,22,62,D4,R3,R,False,62,True,R3,True,0.4621520897269968,False,0.6166431903839111,0.0003322773887629154,0.00034503619150180146,3.25783942124022e-05,3.7571072557709988e-06,3.146322804941075e-07,0.01809967596184576,0.34928703549545176,0.4621520897269968,0.16334981989104128,0.006397415210651171
P02,15,C,beta,1799551287-β-3,P02-T15-Cβ,23,64,E4,R4,R,False,64,True,R3,True,0.41152246431536194,False,0.523517370223999,5.4451529745280165e-05,4.5043058548045185e-05,3.925991335499488e-06,5.755776630476563e-07,5.615325842178766e-08,0.011661232961248253,0.11377819730607594,0.41152246431536194,0.41152246431536194,0.05141158879140172
P02,15,C,beta,1799551287-β-3,P02-T15-Cβ,24,59,B3,L3,L,False,59,True,L3,True,0.6546687173046669,False,0.520470142364502,0.000729153747405373,0.2529875268844262,0.6546687173046669,0.07858095227358565,0.0028409239466196928,0.0032258668432419784,0.0058364885048490045,0.0008221185545168615,0.00029058165221916934,1.7670288469187e-05
P02,15,C,beta,1799551287-β-3,P02-T15-Cβ,25,60,C4,L5,L,False,60,True,L5,True,0.866443233355496,False,0.7108550071716309,0.0010169765629997553,0.003812881368388512,0.014031305898877515,0.10400059231239231,0.866443233355496,0.005974437341677683,0.003612487504377132,0.000890828450856392,0.0002027861292994821,1.4471075635236492e-05
P02,15,C,beta,1799551287-β-3,P02-T15-Cβ,26,60,C4,R5,R,False,60,True,R4,False,0.30431491668014504,False,0.5330758094787598,0.0014210558955412601,0.0007851056968095596,8.358117826197682e-05,1.044181433607631e-05,1.2042035021649767e-06,0.012298420601063662,0.03784321789126127,0.13137595196726218,0.5118661040718168,0.30431491668014504
P02,15,C,beta,1799551287-β-3,P02-T15-Cβ,27,64,E4,R3,R,False,64,True,R3,True,0.5499501270381864,False,1.086216926574707,0.0010413702198190911,0.0009137736334632274,0.0001236658134988946,1.5449596322127217e-05,2.5538010955199443e-06,0.009182484548746615,0.19438244724547288,0.5499501270381864,0.22810991497255448,0.016278213130840765
P02,15,C,beta,1799551287-β-3,P02-T15-Cβ,28,59,B3,L3,L,False,59,True,L3,True,0.6550333753595361,False,0.6057698726654053,0.000647061580227381,0.15485135842443662,0.6550333753595361,0.17498253852437987,0.008711867608695684,0.001543368281138696,0.0033357121309265884,0.0007295598944843478,0.00015330684993258538,1.1851346242218411e-05
P02,15,C,beta,1799551287-β-3,P02-T15-Cβ,29,55,G3,L4,L,False,55,True,L4,True,0.708656771010984,False,0.6967551708221436,0.0008524811126304543,0.04270189624503293,0.19703301555977137,0.708656771010984,0.050570646859072976,9.027195695466582e-05,8.073131848870691e-05,1.1371686041193228e-05,2.5886243234436965e-06,2.2562670014654756e-07
P02,16,C,gamma,1799551287-γ-2,P02-T16-Cγ,0,65,F4,R1,R,False,65,True,R1,True,0.881326587616674,False,0.6217951774597168,1.9107788995849837e-05,1.899287131394534e-05,2.882018052201514e-06,4.2052333453854353e-07,4.73774108283245e-08,0.881326587616674,0.11010431760720361,0.007253094883661216,0.0011519178607323501,0.0001226314526213143
P02,16,C,gamma,1799551287-γ-2,P02-T16-Cγ,1,48,C3,L4,L,False,48,True,L2,False,0.06491643974597858,False,0.7766590118408203,0.010564775448841263,0.45654649913466977,0.45654649913466977,0.06491643974597858,0.011425786469777252,4.1350231244883475e-11,1.655944099243535e-11,6.09187789840859e-12,1.6273556419304682e-12,4.3472414081292576e-13
P02,16,C,gamma,1799551287-γ-2,P02-T16-Cγ,2,53,F3,L1,L,False,53,True,L1,True,0.8039500646784328,False,0.5779168605804443,0.8039500646784328,0.14208478275639289,0.042092757165928786,0.009909535879581214,0.001961783647385107,5.329490174334e-07,4.086394643422361e-07,1.0916202670222655e-07,2.1175254556257367e-08,3.946516385296318e-09
P02,16,C,gamma,1799551287-γ-2,P02-T16-Cγ,3,55,G3,L4,L,False,55,True,L4,True,0.49385086360935804,False,0.5825619697570801,0.0007868687201048129,0.08548711111528011,0.3732444534198218,0.49385086360935804,0.04662950876768225,5.178696219508944e-07,5.433448134969391e-07,1.096994259154875e-07,1.96434536267886e-08,3.810437965263624e-09
P02,16,C,gamma,1799551287-γ-2,P02-T16-Cγ,4,62,D4,L2,L,False,62,True,L2,True,0.8439110151006044,False,0.5239717960357666,0.0042657927052947376,0.8439110151006044,0.13949755255408045,0.008150237408390104,0.00014342357797492673,0.0014876465563790776,0.002009823800312306,0.0004395723558077759,8.192484770890537e-05,1.3011093447329813e-05
P02,16,C,gamma,1799551287-γ-2,P02-T16-Cγ,5,55,G3,L5,L,False,55,True,L5,True,0.9261705168656238,False,0.676750659942627,0.0003196620135358769,0.001738407527352337,0.008256975524157583,0.06350117192100502,0.9261705168656238,5.145398999646261e-06,6.1645407464496434e-06,1.5821958175456195e-06,3.3247641296931833e-07,4.1536348823280384e-08
P02,16,C,gamma,1799551287-γ-2,P02-T16-Cγ,6,59,B3,L2,L,False,59,True,L2,True,0.8287306619610174,False,0.4436490535736084,0.006535515986072156,0.8287306619610174,0.15445382853544704,0.009392346985945207,0.00015880078406315854,0.0002659407575913548,0.00035341764440925395,9.07084472031747e-05,1.690569396561654e-05,1.8732042856973632e-06
P02,16,C,gamma,1799551287-γ-2,P02-T16-Cγ,7,59,B3,R4,R,False,59,True,L1,False,0.1501698729521489,False,0.6083698272705078,0.3433913503346277,0.042396946846353915,0.005113964072889856,0.0006920997762664101,0.00012347407350663108,0.12371747297517241,0.053628693293219835,0.10816121561853252,0.1501698729521489,0.1726049100572819
P02,16,C,gamma,1799551287-γ-2,P02-T16-Cγ,8,52,E3,L5,L,False,52,True,L5,True,0.8876583688292171,False,0.6389336585998535,0.00018647095090504377,0.0026476553687712974,0.015008053382316382,0.09449878234528561,0.8876583688292171,2.8725576999405923e-07,2.8261838002433904e-07,7.549734628890124e-08,2.1847740512287407e-08,1.9042676655713915e-09
P02,16,C,gamma,1799551287-γ-2,P02-T16-Cγ,9,60,C4,R1,R,False,60,True,R2,False,0.18683647327982525,False,0.4694709777832031,0.00024065300725346325,0.00020809382065003896,2.816243615746191e-05,3.811371274003129e-06,5.158130108871029e-07,0.18683647327982525,0.6719834819834831,0.12032949357893462,0.019110420454955635,0.0012588942544555103
P02,16,C,gamma,1799551287-γ-2,P02-T16-Cγ,10,57,A3,L1,L,False,57,True,L1,True,0.8165808010107738,False,0.4958949089050293,0.8165808010107738,0.16298178563701357,0.017053012239252437,0.002500090319568479,0.0003461089512756915,0.0003005600262468164,0.00016469283584540103,5.821145391462575e-05,1.3791909305619908e-05,9.456168038030382e-07
P02,16,C,gamma,1799551287-γ-2,P02-T16-Cγ,11,50,D3,L3,L,False,50,True,L3,False,0.3966612868050814,False,0.522711992263794,0.04483124030053324,0.3444808032986562,0.3966612868050814,0.20915649144348628,0.004869945444494499,1.2181998128062667e-07,7.814712692792754e-08,2.6538414646731333e-08,5.8042667441069065e-09,3.979588355287507e-10
P02,16,C,gamma,1799551287-γ-2,P02-T16-Cγ,12,55,G3,L3,L,False,55,True,L1,False,0.006537098359397919,False,0.4545309543609619,0.9344464736642609,0.0576389320688604,0.006537098359397919,0.0011274453793742663,0.0001338948893489732,4.442270136530625e-05,5.8422998730567564e-05,1.0461581332120786e-05,2.6850775928649388e-06,1.632797365756863e-07
P02,16,C,gamma,1799551287-γ-2,P02-T16-Cγ,13,69,A4,R5,R,False,69,True,R4,False,0.16661811999955986,True,0.9543397426605225,7.586144992535927e-09,3.637203238621919e-09,8.969232758827418e-10,1.3686161752275843e-10,1.0580051819247018e-11,0.0414621315963204,0.10730813769211792,0.3423057992221443,0.3423057992221443,0.16661811999955986
P02,16,C,gamma,1799551287-γ-2,P02-T16-Cγ,14,50,D3,L5,L,False,50,True,L5,True,0.9547432223148495,False,0.6754930019378662,8.777056827094662e-05,0.0008387607520605633,0.0038245561723347166,0.040505688748302925,0.9547432223148495,4.6352061243170575e-10,7.239398176341678e-10,1.8580695606160118e-10,5.596397969877917e-11,1.4949954616044086e-11
P02,16,C,gamma,1799551287-γ-2,P02-T16-Cγ,15,65,F4,R3,R,False,65,True,R3,True,0.49114594135561407,False,0.5231499671936035,8.252082375378214e-07,4.792641345233621e-07,1.1355097720934715e-07,2.3861156231779774e-08,2.252975697126488e-09,0.09153682190606467,0.28054701337488525,0.49114594135561407,0.13120241935333377,0.005566359872621213
P02,16,C,gamma,1799551287-γ-2,P02-T16-Cγ,16,57,A3,L2,L,False,57,True,L2,True,0.900088680226544,False,0.4496428966522217,0.015839285721901474,0.900088680226544,0.07845249575983658,0.005168038892317654,0.0004158183769421678,1.2403336578023878e-05,1.9110703505274094e-05,3.707095074161763e-06,3.9465179718695654e-07,6.523550330965492e-08
P02,16,C,gamma,1799551287-γ-2,P02-T16-Cγ,17,67,G4,R3,R,False,67,True,R3,True,0.4984077851865207,False,0.8619179725646973,2.668555606638252e-07,9.064303911533565e-08,1.559466932110534e-08,1.727938614394666e-09,1.2330789323870592e-10,0.08574849953076318,0.2846950443913537,0.4984077851865207,0.12792172938567337,0.003226566561173585
P02,16,C,gamma,1799551287-γ-2,P02-T16-Cγ,18,62,D4,R5,R,False,62,True,R5,True,0.5373182249778928,False,0.9582951068878174,0.00024509550708964607,8.099162835576087e-05,1.011830131679393e-05,1.2640815305962615e-06,1.1935486025722257e-07,0.01273420599114187,0.018221976068975652,0.08533549749132828,0.3460525065975083,0.5373182249778928
P02,16,C,gamma,1799551287-γ-2,P02-T16-Cγ,19,64,E4,R3,R,False,64,True,R3,True,0.475435062490981,False,1.4096019268035889,2.3108912612641808e-05,1.0506410396738168e-05,1.5403129111605098e-06,1.57549684211753e-07,1.4875876347780648e-08,0.01861988891377714,0.27157281696637603,0.475435062490981,0.22234501695039,0.01199188661699469
P02,16,C,gamma,1799551287-γ-2,P02-T16-Cγ,20,59,B3,L4,L,False,59,True,L4,True,0.5916649167374114,False,0.6945810317993164,0.0009445378257634926,0.05569506690501012,0.3119804281676981,0.5916649167374114,0.03897578109279512,0.0002880895962341478,0.000333851316803273,0.00010465777428728678,1.2069670487255574e-05,6.00913509726583e-07
P02,16,C,gamma,1799551287-γ-2,P02-T16-Cγ,21,65,F4,R1,R,False,65,True,R1,True,0.46574051219622187,False,0.5410308837890625,1.0010204579485859e-06,4.5447331372442834e-07,8.815875261634635e-08,1.6430497247783208e-08,7.859510201824409e-10,0.46574051219622187,0.46574051219622187,0.060559638404732524,0.007565728476572655,0.00039204785727885166
P02,16,C,gamma,1799551287-γ-2,P02-T16-Cγ,22,60,C4,R3,R,False,60,True,R3,True,0.5687586962687651,False,0.6860318183898926,0.001270018713600017,0.0021031921463664028,0.00033402356329420183,3.8521307866468795e-05,2.1623844811448737e-06,0.009239208855522534,0.2881428200854556,0.5687586962687651,0.12439428768142319,0.005717068993225569
P02,16,C,gamma,1799551287-γ-2,P02-T16-Cγ,23,65,F4,R1,R,False,65,True,R1,True,0.49302715932525143,False,0.5473349094390869,4.763538840951408e-06,3.850948730375865e-06,6.115977654280091e-07,6.510978338915892e-08,4.464132115462549e-09,0.49302715932525143,0.4372758634621716,0.061593987634167964,0.0076949499452934654,0.00039874397386343327
P02,16,C,gamma,1799551287-γ-2,P02-T16-Cγ,24,53,F3,L5,L,False,53,True,L5,True,0.9448227937691036,False,0.6096720695495605,0.00016623192747274596,0.0016046568008133283,0.0063661659079440784,0.04703995702889858,0.9448227937691036,1.3694917078360516e-07,4.41021241541206e-08,1.0875449919781908e-08,2.1957154704292263e-09,4.4330730798665697e-10
P02,16,C,gamma,1799551287-γ-2,P02-T16-Cγ,25,52,E3,L5,L,False,52,True,L5,True,0.908528142278864,False,0.8832437992095947,0.00015541941880987405,0.0018314716303668855,0.010296724799088802,0.07918808645819789,0.908528142278864,9.346510266229215e-08,4.24079744821301e-08,1.6900385324955005e-08,2.197535317152568e-09,4.436747287033837e-10
P02,16,C,gamma,1799551287-γ-2,P02-T16-Cγ,26,57,A3,R3,R,False,57,True,R3,True,0.6089660470515518,False,0.81905198097229,0.017751460773374562,0.00748522290390801,0.0016957417857406214,0.0002567793757911434,4.176258655217615e-05,0.03298370600911396,0.1343546652797551,0.6089660470515518,0.1795147878942048,0.016949826340007686
P02,16,C,gamma,1799551287-γ-2,P02-T16-Cγ,27,62,D4,R5,R,False,62,True,R5,True,0.5697351493386803,False,0.5494279861450195,0.00019019554689677729,7.616689211105445e-05,1.419552652530199e-05,2.166096893770479e-06,2.215575024483034e-07,0.025440198622236194,0.020597538998407824,0.08352713946342528,0.300417027957321,0.5697351493386803
P02,16,C,gamma,1799551287-γ-2,P02-T16-Cγ,28,59,B3,L3,L,False,59,True,L3,True,0.5936003581297368,False,0.662851095199585,0.000986300992409116,0.2839058697241013,0.5936003581297368,0.11514662257389492,0.004885180795615434,0.0011427057620868482,0.0002531447790217871,6.762390698506354e-05,1.0739854850661607e-05,1.4534812981343973e-06
P02,16,C,gamma,1799551287-γ-2,P02-T16-Cγ,29,69,A4,R4,R,False,69,True,R3,False,0.257805599266296,False,0.7076249122619629,1.8734508202735133e-08,4.607642637004392e-09,1.3877952928255994e-09,1.3103594129937096e-10,6.02231445642687e-12,0.12817152264345089,0.27927747165937117,0.30253767334155657,0.257805599266296,0.03220770822232105
P02,17,A,alpha,1799551287-α-5,P02-T17-Aα,0,60,C4,R5,R,False,60,True,R2,False,0.00021516013626342732,False,0.6958630084991455,0.000762729092125623,0.009916136981001423,0.006123006778848432,0.0009451867913043136,5.933038876641874e-05,0.10325896784619877,0.7833873642539964,0.08680179418048689,0.008530323551008254,0.00021516013626342732
P02,17,A,alpha,1799551287-α-5,P02-T17-Aα,1,62,D4,R4,R,False,62,True,R2,False,0.009093663015353663,False,0.3951411247253418,0.00015086801035427673,6.637583622566841e-05,1.1419621704586228e-05,1.674196046787198e-06,1.5187963876976003e-07,0.10575781261480664,0.8023763795824087,0.08207043147287166,0.009093663015353663,0.00047122377058929176
P02,17,A,alpha,1799551287-α-5,P02-T17-Aα,2,59,B3,L1,L,False,59,True,R2,False,0.005950187725879962,False,0.3562471866607666,0.005950187725879962,0.003061601314659622,0.00036748899165141123,6.32245935251372e-05,8.905716407325744e-06,0.010534227735331221,0.8617266289115884,0.1076556906070938,0.010164874335473865,0.00046717006838932636
P02,17,A,alpha,1799551287-α-5,P02-T17-Aα,3,57,A3,L2,L,False,57,True,R2,False,0.05738092659910139,False,0.36979103088378906,0.07066341032861236,0.05738092659910139,0.00586916255779157,0.0007332357237728756,0.00010749746198778974,0.007464509623817978,0.7725617639359617,0.07902086716294617,0.00586916255779157,0.0003294640482166075
P02,17,A,alpha,1799551287-α-5,P02-T17-Aα,4,59,B3,L3,L,False,59,True,R2,False,0.0007143402008526023,False,0.31884098052978516,0.009910692914386498,0.006446929955883218,0.0007143402008526023,9.667543340968572e-05,1.4173291604828983e-05,0.03425890474546128,0.848613670118354,0.09034214211658859,0.009240574339377616,0.00036189688408177665
P02,17,A,alpha,1799551287-α-5,P02-T17-Aα,5,57,A3,L4,L,False,57,True,R2,False,0.0004172343522292041,False,0.3132591247558594,0.043202258790905806,0.031371278620424645,0.0032087863473422374,0.0004172343522292041,5.008131876899411e-05,0.007859964228833649,0.8010254991525607,0.10415631303555511,0.008380375987321968,0.00032820816605754773
P02,17,A,alpha,1799551287-α-5,P02-T17-Aα,6,59,B3,L3,L,False,59,True,R2,False,0.0007894204174011652,False,0.3018648624420166,0.012354012004110165,0.0071245299237744355,0.0007894204174011652,0.00010683643578175162,2.1569904379295268e-05,0.033523836058385194,0.8317598425461062,0.10391193362754456,0.00981138796587211,0.000596631116644993
P02,17,A,alpha,1799551287-α-5,P02-T17-Aα,7,57,A3,L2,L,False,57,True,R2,False,0.12671224124763997,False,0.3774559497833252,0.17674613567069697,0.12671224124763997,0.013489595689766818,0.001619178138603839,0.00020228426844308333,0.010273685371324857,0.5566399929083555,0.10797704936516458,0.006061266057643065,0.000278571282361358
P02,17,A,alpha,1799551287-α-5,P02-T17-Aα,8,60,C4,R3,R,False,62,False,R2,False,0.2912715581635677,False,0.3847649097442627,0.0001666728375870903,7.384817530654402e-05,7.553502028619803e-06,1.0222553364715895e-06,1.9829713340084876e-07,0.033590927700158514,0.6482367739987942,0.2912715581635677,0.025387477016194565,0.0012639680538928532
P02,17,A,alpha,1799551287-α-5,P02-T17-Aα,9,62,D4,R2,R,False,62,True,R2,True,0.8361692379541968,False,0.3436598777770996,0.00020290564013656926,9.152263413834551e-05,9.361320029357028e-06,1.3186207570717828e-06,2.6622493940826896e-07,0.06634718119400158,0.8361692379541968,0.08901732648054335,0.007758825970913337,0.0004020539603443523
P02,17,A,alpha,1799551287-α-5,P02-T17-Aα,10,64,E4,R1,R,False,64,True,R2,False,0.0559338607483897,False,0.37647581100463867,3.1322576271259847e-05,1.3091003173993715e-05,1.3936486187274224e-06,1.7410881766787816e-07,3.658654290613826e-08,0.0559338607483897,0.7838125792338042,0.14608226686150916,0.013252284261553879,0.0008729909713187468
P02,17,A,alpha,1799551287-α-5,P02-T17-Aα,11,59,B3,L1,L,False,59,True,L1,True,0.4159219910933356,False,0.3839411735534668,0.4159219910933356,0.282861661005965,0.0289322806062344,0.0037620271500015427,0.0007595401821866682,0.06658091920465314,0.10639066133569784,0.0704500195355373,0.020836164816270698,0.0035047350701177455
P02,17,A,alpha,1799551287-α-5,P02-T17-Aα,12,62,D4,R2,R,False,62,True,R2,True,0.8157050936209165,False,0.2980523109436035,0.000213566409356629,9.6718835250697e-05,1.0296542546092555e-05,1.3388461537732793e-06,2.495260809837974e-07,0.0515676071989973,0.8157050936209165,0.11958804577001542,0.01223196839424741,0.0005851148564353519
P02,17,A,alpha,1799551287-α-5,P02-T17-Aα,13,60,C4,R3,R,False,60,True,R2,False,0.07397673830000426,False,0.3049039840698242,0.0018220163431255088,0.0009453034390457139,0.00010063559030537087,1.30855160758968e-05,2.2512958313320002e-06,0.0330315812822863,0.8833757928103758,0.07397673830000426,0.006447875498608534,0.00028471992434126836
P02,17,A,alpha,1799551287-α-5,P02-T17-Aα,14,57,A3,L3,L,False,57,True,R2,False,0.0012166542536990069,False,0.38350725173950195,0.05867135583859676,0.0105497765165792,0.0012166542536990069,0.00023600664358592696,5.3724006789122774e-05,0.005046001822672998,0.8124338588478532,0.10314179339454799,0.008298748135966849,0.0003520805397089063
P02,17,A,alpha,1799551287-α-5,P02-T17-Aα,15,55,G3,L4,L,False,55,True,L2,False,0.007491816806632589,False,0.3150060176849365,0.04354571615888504,0.8746390897559353,0.07324509860518422,0.007491816806632589,0.0009359542634055154,5.097450413179538e-05,8.490785514864801e-05,5.593284106789779e-06,7.878611670451864e-07,6.090540302378333e-08
P02,17,A,alpha,1799551287-α-5,P02-T17-Aα,16,60,C4,R3,R,False,60,True,R2,False,0.09634529133867861,False,0.35512590408325195,0.0006916139340614141,0.000328880282730539,3.644097404964105e-05,5.342500502488798e-06,6.674397214469586e-07,0.024966032581393495,0.8695175549384878,0.09634529133867861,0.0077519042532792175,0.00035627175709527695
P02,17,A,alpha,1799551287-α-5,P02-T17-Aα,17,55,G3,L4,L,False,55,True,L2,False,0.008885562334970593,False,0.3333010673522949,0.03195816647797737,0.8493129682234579,0.10194441869176074,0.008885562334970593,0.0008732160707686227,0.0005862999784778995,0.005956170553430028,0.0004423860994580976,3.855874910371252e-05,2.2528205951425032e-06
P02,17,A,alpha,1799551287-α-5,P02-T17-Aα,18,57,A3,L3,L,False,57,True,R2,False,0.007753836659164861,False,0.40262508392333984,0.06867329637034227,0.08212050762731633,0.007753836659164861,0.0011367664374551023,0.00031360074393817943,0.007043384845393515,0.7411386899169127,0.08547190912065904,0.006099383946258283,0.0002486243325597524
P02,17,A,alpha,1799551287-α-5,P02-T17-Aα,19,62,D4,R1,R,False,60,False,R2,False,0.03402208931376387,False,0.3129098415374756,0.0017418445606855795,0.0006651605506290849,0.00010071981706224452,1.5434743661686256e-05,1.6418734555177284e-06,0.03402208931376387,0.8879059020643194,0.06863933529715613,0.006480941358803316,0.0004269304204630869
P02,17,A,alpha,1799551287-α-5,P02-T17-Aα,20,64,E4,R2,R,False,64,True,R2,True,0.7649639999046998,False,0.3904871940612793,2.5899082454675815e-05,4.735337698942888e-06,4.691555683885985e-07,7.979169699555998e-08,1.3654087545680443e-08,0.05681661347807141,0.7649639999046998,0.16074652954999577,0.016441831257297024,0.0009998287884294985
P02,17,A,alpha,1799551287-α-5,P02-T17-Aα,21,62,D4,R3,R,False,62,True,R2,False,0.1073359179571417,False,0.34247398376464844,0.00033181004489192013,0.0002092895324283837,2.7213648102011225e-05,3.5385555810036452e-06,4.57006544539696e-07,0.05715873683204019,0.8254785980113155,0.1073359179571417,0.00898865599163036,0.00046578242032441897
P02,17,A,alpha,1799551287-α-5,P02-T17-Aα,22,59,B3,L3,L,False,59,True,R2,False,0.004407339036480731,False,0.3894340991973877,0.026155184705689217,0.03671814746777398,0.004407339036480731,0.0006208108171423558,0.00012891237028202468,0.00797087383504912,0.8315331073493089,0.08505270424292993,0.007122587798642004,0.0002903323767020677
P02,17,A,alpha,1799551287-α-5,P02-T17-Aα,23,57,A3,L4,L,False,57,True,R2,False,0.0002865733149232133,False,0.3940589427947998,0.0448432809382094,0.0014660419124738618,0.0007030440437077446,0.0002865733149232133,6.011557765134641e-05,0.008001636299514262,0.8628845795430331,0.07520975466638449,0.006298307451760749,0.00024666625234192653
P02,17,A,alpha,1799551287-α-5,P02-T17-Aα,24,55,G3,L5,L,False,55,True,L2,False,0.002157502761689301,False,0.3914659023284912,0.02681473162559098,0.8362699135017507,0.1177956594796355,0.015316817749211033,0.002157502761689301,0.0004799737548449791,0.0010501693364921366,0.00010320390618883551,1.1435318761052999e-05,5.925658357227226e-07
P02,17,A,alpha,1799551287-α-5,P02-T17-Aα,25,57,A3,L4,L,False,57,True,R2,False,0.00013329152815534304,False,0.41356492042541504,0.058938482912734756,0.0011180469444207527,0.000624495707831074,0.00013329152815534304,2.8907941673979546e-05,0.02442652262163778,0.8158251380557374,0.09039600196796277,0.008200540284079292,0.00030857203576692925
P02,17,A,alpha,1799551287-α-5,P02-T17-Aα,26,55,G3,L5,L,False,55,True,L2,False,0.0014518641826211346,False,0.39668989181518555,0.04350380362329198,0.8395351735792272,0.10488330738342658,0.010307258686613733,0.0014518641826211346,9.700861338580557e-05,0.00020450729615583674,1.5189488656432487e-05,1.7517296178093542e-06,1.3541700343159273e-07
P02,17,A,alpha,1799551287-α-5,P02-T17-Aα,27,53,F3,L4,L,False,53,True,L2,False,0.008167310479728915,False,0.40206289291381836,0.07087092907214335,0.6928824238647363,0.22607353495649996,0.008167310479728915,0.0013187395801677276,0.00014028167202756431,0.0004970127110112214,4.5087975901760245e-05,4.430957059509024e-06,2.487307236637698e-07
P02,17,A,alpha,1799551287-α-5,P02-T17-Aα,28,64,E4,R2,R,False,64,True,R2,True,0.729802200350249,False,0.4143548011779785,2.1154939029742904e-05,9.125750425307016e-06,8.005126716335298e-07,1.374019198897983e-07,2.328661052322329e-08,0.17291039961026528,0.729802200350249,0.09117434375274897,0.005770585445141245,0.0003112289509382337
P02,17,A,alpha,1799551287-α-5,P02-T17-Aα,29,65,F4,R1,R,False,65,True,R2,False,0.09580406422859825,False,0.4261929988861084,7.426613974691343e-06,3.857658476692201e-06,6.376666573358006e-07,1.0970727322583749e-07,2.0584936242572946e-08,0.09580406422859825,0.8646329729637529,0.03817974380838018,0.0012242214711140516,0.00014694529683651088
P02,18,B,alpha,1799551287-α-2,P02-T18-Bα,0,57,A3,L5,L,False,57,True,L2,False,0.0002121276515876599,False,0.6547749042510986,0.03791263658281152,0.880294265881391,0.07801364567368554,0.00226228417399653,0.0002121276515876599,0.0006540196384105322,0.0005169837918367556,0.00011768499530561736,1.5302428229323014e-05,1.0491827456218484e-06
P02,18,B,alpha,1799551287-α-2,P02-T18-Bα,1,59,B3,L4,L,False,59,True,L3,False,0.067148257598108,False,0.9253449440002441,0.0006721445892111305,0.24150809078011454,0.6564870545934228,0.067148257598108,0.0030860840044875768,0.0035883065710202344,0.020224666528539673,0.006340153469656162,0.0008930640061328517,5.2177859307236904e-05
P02,18,B,alpha,1799551287-α-2,P02-T18-Bα,2,60,C4,L2,L,False,60,True,L2,True,0.8291164378614014,False,1.0410428047180176,0.00800735585488663,0.8291164378614014,0.10780894158323055,0.006298809208928211,0.00046783509843649577,0.013320543486687283,0.027670326709292474,0.006298809208928211,0.0009611359633327898,4.980502487566985e-05
P02,18,B,alpha,1799551287-α-2,P02-T18-Bα,3,59,B3,L4,L,False,59,True,L4,True,0.7148974534355,False,0.7810039520263672,0.00032286023788959405,0.013337526805872373,0.16937905133002953,0.7148974534355,0.09923590586525226,0.001490580675299401,0.0009343904481894539,0.0003437430359158698,5.45923842063372e-05,3.8957818450742265e-06
P02,18,B,alpha,1799551287-α-2,P02-T18-Bα,4,57,A3,L2,L,False,57,True,L2,True,0.8820779070246072,False,0.7910799980163574,0.0104049367608934,0.8820779070246072,0.10172574139261369,0.005271317767557976,0.00023276646645577695,0.00010985879707609282,0.00011792344715939166,5.0908793097742395e-05,8.085203485993219e-06,5.543470529788584e-07
P02,18,B,alpha,1799551287-α-2,P02-T18-Bα,5,59,B3,L1,L,False,59,True,L1,True,0.7941583170041968,False,0.49856090545654297,0.7941583170041968,0.131726062335398,0.012054253475363368,0.002189611883239515,0.0003647345315822996,0.02287917449035764,0.026338789686347532,0.008593814889480907,0.0016016634502992381,9.357825373473325e-05
P02,18,B,alpha,1799551287-α-2,P02-T18-Bα,6,64,E4,R2,R,False,64,True,R2,True,0.7161921571792033,False,0.7567160129547119,7.525766759633695e-05,2.2593705168523008e-06,4.158375768600553e-07,9.48874751982274e-08,2.252543304158987e-08,0.10088169633629944,0.7161921571792033,0.1630323270988901,0.0188017228557965,0.0010140462412124855
P02,18,B,alpha,1799551287-α-2,P02-T18-Bα,7,65,F4,R3,R,False,65,True,R2,True,0.45198511427563176,False,0.658595085144043,9.344109074367525e-06,1.3823033455355995e-06,1.237761686490732e-07,2.39230148026287e-08,5.3690609093275876e-09,0.058771041745498416,0.45198511427563176,0.45198511427563176,0.03636654455125981,0.0008813056713141235
P02,18,B,alpha,1799551287-α-2,P02-T18-Bα,8,67,G4,R2,R,False,67,True,R2,True,0.8071588921058596,False,0.7574539184570312,4.988791152879557e-06,1.036853897054463e-06,1.21947681762845e-07,2.7181783647720088e-08,3.457955575646302e-09,0.15436780873133193,0.8071588921058596,0.03564185114017114,0.0025434477467023396,0.00028182204346418054
P02,18,B,alpha,1799551287-α-2,P02-T18-Bα,9,69,A4,R1,R,False,69,True,R2,True,0.41103405861131226,False,0.8884940147399902,4.808846890181717e-07,6.740675294845039e-08,5.898109113869616e-09,9.856976688092518e-10,2.1350936922497155e-10,0.41103405861131226,0.5438514168346806,0.03728816852945867,0.00667704870124473,0.0011487519345455264
P02,18,B,alpha,1799551287-α-2,P02-T18-Bα,10,67,G4,R3,R,False,67,True,R2,True,0.44626138044065256,False,0.7444710731506348,2.960739513654159e-06,1.6494185440393525e-06,1.6019877583424672e-07,2.421664075129351e-08,3.145626765542631e-09,0.07677697842739863,0.44626138044065256,0.44626138044065256,0.029397358846515568,0.0012981041256797364
P02,18,B,alpha,1799551287-α-2,P02-T18-Bα,11,65,F4,R4,R,False,65,True,R3,False,0.2640847056580793,False,0.5976672172546387,2.166862403533819e-05,7.418858359463222e-06,7.588320420326298e-07,1.0269674933750314e-07,1.2770536957598755e-08,0.022914420644584137,0.2977546741797505,0.39396808617004797,0.2640847056580793,0.021248151565815082
P02,18,B,alpha,1799551287-α-2,P02-T18-Bα,12,60,C4,L1,L,False,60,True,R1,False,0.1920638570883346,False,0.8044259548187256,0.1920638570883346,0.0821014442785751,0.010599243560194227,0.002138871352772662,0.00041299048982419104,0.41084394064087165,0.24863160740528165,0.04277579103814784,0.009737382190712988,0.0006948719552850229
P02,18,B,alpha,1799551287-α-2,P02-T18-Bα,13,64,E4,R5,R,False,64,True,R4,False,0.13643302827001652,False,0.7984218597412109,0.0008045740680334257,6.827810456637315e-05,8.878113917987858e-06,8.382734976986124e-07,6.226157219632114e-08,0.007930651066401338,0.06700349650429417,0.3859986449010381,0.40175154843666216,0.13643302827001652
P02,18,B,alpha,1799551287-α-2,P02-T18-Bα,14,62,D4,R4,R,False,62,True,R3,False,0.31098895917712177,False,0.585076093673706,0.004720973273438345,0.0007406385277647071,8.206508808115872e-05,7.152862952456291e-06,5.104373812501206e-07,0.009580764692017036,0.15654557525695909,0.48287480179164416,0.31098895917712177,0.034458558892640004
P02,18,B,alpha,1799551287-α-2,P02-T18-Bα,15,57,A3,L2,L,False,57,True,L2,True,0.8420183039330176,False,0.6371481418609619,0.05120318579374662,0.8420183039330176,0.09329828747467392,0.009168757240882704,0.0006809964080589412,0.0013111190722058352,0.0016418140402604756,0.0005575527020134976,0.00011256794913503689,7.415386005554369e-06
P02,18,B,alpha,1799551287-α-2,P02-T18-Bα,16,59,B3,L1,L,False,59,True,L1,True,0.6006090995995146,False,0.5463790893554688,0.6006090995995146,0.12889060791113624,0.03666248008897202,0.007913638939759654,0.001209335789294416,0.08241359806960684,0.10669618861696015,0.029665520251704422,0.00552888096058779,0.0004106497724639588
P02,18,B,alpha,1799551287-α-2,P02-T18-Bα,17,64,E4,R3,R,False,64,True,R3,True,0.4656755831918703,False,0.6379799842834473,0.0006148465371793949,0.0002846454860166546,3.0302932719638567e-05,3.3576606529772635e-06,2.7015605573692906e-07,0.016702307960213138,0.3812629209167084,0.4656755831918703,0.12947518203763445,0.005950583120949359
P02,18,B,alpha,1799551287-α-2,P02-T18-Bα,18,62,D4,R4,R,False,62,True,R3,False,0.3072949307175449,False,0.6356980800628662,0.0015383796210519463,0.002070536956262459,0.00021178323004650905,2.3466250777329924e-05,1.742922412507188e-06,0.00744697547015286,0.12124853605462209,0.5168785700792141,0.3072949307175449,0.04328507869791529
P02,18,B,alpha,1799551287-α-2,P02-T18-Bα,19,64,E4,R3,R,False,64,True,R3,True,0.4526241101055653,False,0.7004468441009521,0.00026314799973367343,0.00017585592426338714,1.4865149746506745e-05,2.466542274445563e-06,2.2375966683951375e-07,0.028614192189373118,0.4348764648951455,0.4526241101055653,0.07787165338614141,0.005557020048089899
P02,18,B,alpha,1799551287-α-2,P02-T18-Bα,20,65,F4,R1,R,False,65,True,R1,True,0.7976861447629502,False,0.7835018634796143,0.00028836951791347726,5.815973844467735e-05,1.1816188484866442e-05,1.5991472153766016e-06,1.2866675608381104e-07,0.7976861447629502,0.18158343004963337,0.017844854757316245,0.0021419469770710847,0.00038355019421478675
P02,18,B,alpha,1799551287-α-2,P02-T18-Bα,21,64,E4,R2,R,False,64,True,R2,True,0.8248313855064819,False,0.6114308834075928,0.0007251250914859617,0.0004654172258691153,4.2221698156482334e-05,5.490032982385415e-06,4.2440557472845904e-07,0.04980150551099296,0.8248313855064819,0.11162878917996741,0.011883833941766246,0.0006158074067228131
P02,18,B,alpha,1799551287-α-2,P02-T18-Bα,22,59,B3,L1,L,False,59,True,L1,True,0.7306402251703089,False,0.6940248012542725,0.7306402251703089,0.0691391552047173,0.014671872138136895,0.0029946827905066643,0.0005243065626915836,0.10634669850818819,0.06352691699980992,0.010089181446417798,0.001957099843656607,0.00010986133556638375
P02,18,B,alpha,1799551287-α-2,P02-T18-Bα,23,60,C4,L2,L,False,60,True,R2,False,0.02640046186667077,False,0.5214142799377441,0.02247677922824162,0.02640046186667077,0.0023949958664395555,0.00027620318818280114,2.0514599100543647e-05,0.03612173743482298,0.7910660806704127,0.11142831896743434,0.009331366852649018,0.00048354132604573873
P02,18,B,alpha,1799551287-α-2,P02-T18-Bα,24,59,B3,L3,L,False,59,True,L3,True,0.5978645073998332,False,0.7310819625854492,0.001542437800290962,0.2716299969992581,0.5978645073998332,0.1159737824296429,0.003718662839888287,0.005597172158335236,0.0031688354422702565,0.000428855242109862,7.088929472875959e-05,4.860393642375977e-06
P02,18,B,alpha,1799551287-α-2,P02-T18-Bα,25,62,D4,R1,R,False,62,True,R1,True,0.7683755600301649,False,0.81044602394104,0.0024916898851266404,0.0094336079237009,0.0012266398772513324,0.00018717310859539188,1.9458281370493808e-05,0.7683755600301649,0.19721186822946576,0.01862078861518592,0.0023262990730001255,0.00010691497613844629
P02,18,B,alpha,1799551287-α-2,P02-T18-Bα,26,64,E4,R2,R,False,64,True,R2,True,0.8030521409745717,False,0.5815560817718506,0.0005693993282471684,0.005410922763388774,0.0009309214699842662,0.00010735863120286658,7.973909691629938e-06,0.06725017660392951,0.8030521409745717,0.11311665649494258,0.00910132169840502,0.0004531281256364143
P02,18,B,alpha,1799551287-α-2,P02-T18-Bα,27,59,B3,L3,L,False,59,True,L3,True,0.7259720267177343,False,0.8736758232116699,0.0004198086323613845,0.16174896475151368,0.7259720267177343,0.10643255342870042,0.004671514589660938,0.0006325130044903515,0.00010942799602045952,1.1649540793556967e-05,1.3983133528612895e-06,1.430253720371605e-07
P02,18,B,alpha,1799551287-α-2,P02-T18-Bα,28,62,D4,R2,R,False,62,True,R2,True,0.7936052723271203,False,0.7143778800964355,0.001382141530200638,0.02168425019377426,0.0023084728442147313,0.00020941993165134916,1.3254557803968987e-05,0.074932386942889,0.7936052723271203,0.09525773323270235,0.010140995810511338,0.0004660726291321726
P02,18,B,alpha,1799551287-α-2,P02-T18-Bα,29,65,F4,R2,R,False,65,True,R2,True,0.870808608427954,False,0.880037784576416,0.0005501683139019075,0.00047209370524749103,5.666617625086394e-05,5.350433009287583e-06,3.9739580459587526e-07,0.07590041977100355,0.870808608427954,0.04888263470802522,0.003093868392749267,0.00022979267605371804
P02,19,B,alpha,1799551287-α-8,P02-T19-Bα,0,59,B3,L2,L,False,59,True,L2,True,0.9023886452694782,False,0.5808091163635254,0.022760926091226825,0.9023886452694782,0.057113773106765825,0.0036148316976185014,0.00019496120242277137,0.009894777450455064,0.0034730921193849205,0.0004892142716498853,6.620795201713041e-05,3.570838980888888e-06
P02,19,B,alpha,1799551287-α-8,P02-T19-Bα,1,64,E4,R4,R,False,64,True,R3,False,0.39286425044214973,False,0.731395959854126,0.00014044282282554032,6.949254026255972e-05,4.764627750594248e-06,5.95245955928994e-07,9.453543062119636e-08,0.004998018422494905,0.09373573688071422,0.46103046871791176,0.39286425044214973,0.047156135764504024
P02,19,B,alpha,1799551287-α-8,P02-T19-Bα,2,65,F4,R5,R,False,65,True,R5,True,0.4094357871809027,False,0.7617039680480957,4.0691874615307364e-05,6.958404914464264e-05,9.047924207978909e-06,1.0025385788670821e-06,1.1561788295317343e-07,0.007307228314433914,0.032984911990616435,0.15677005017518764,0.39338158033442944,0.4094357871809027
P02,19,B,alpha,1799551287-α-8,P02-T19-Bα,3,64,E4,R3,R,False,64,True,R3,True,0.5055025283787311,False,0.6154680252075195,0.00029178481205385174,0.0004993505325467481,5.99378576196494e-05,7.793642359097644e-06,7.971665261249129e-07,0.010439044342462872,0.3458757895847795,0.5055025283787311,0.12974267168567205,0.007580301997248973
P02,19,B,alpha,1799551287-α-8,P02-T19-Bα,4,60,C4,L2,L,False,60,True,L2,True,0.9155662135396981,False,1.2302179336547852,0.006370294794928534,0.9155662135396981,0.06031269947803922,0.003973084266909275,9.250826255830365e-05,0.004365534334233213,0.007534878344060774,0.0015212657011792045,0.00024160350308602126,2.1917775307516098e-05
P02,19,B,alpha,1799551287-α-8,P02-T19-Bα,5,59,B3,L1,L,False,59,True,L2,False,0.336029315085995,False,0.5810348987579346,0.336029315085995,0.4494326895679372,0.04682393053476972,0.008091337332585198,0.0010461212165573067,0.09709934009214581,0.052249223358761455,0.007660099910298144,0.001427643277141393,0.00014029962380864602
P02,19,B,alpha,1799551287-α-8,P02-T19-Bα,6,60,C4,L2,L,False,60,True,L2,True,0.8829982814852226,False,0.6173548698425293,0.010791730487893336,0.8829982814852226,0.045756014811942004,0.002568503039703474,7.602623920223656e-05,0.026345218781323093,0.02720289099892809,0.003681510958194633,0.0005397351376305097,4.008805995982394e-05
P02,19,B,alpha,1799551287-α-8,P02-T19-Bα,7,65,F4,R4,R,False,65,True,R3,False,0.314338825342152,False,0.7915031909942627,0.00011104392358242874,0.00019214047492061693,1.60904631366689e-05,1.5812675064752544e-06,1.3242044151636635e-07,0.007468676280048899,0.20244565208083826,0.4328847237874287,0.314338825342152,0.04254113395994428
P02,19,B,alpha,1799551287-α-8,P02-T19-Bα,8,60,C4,L2,L,False,60,True,L2,True,0.8452696178223046,False,0.5755503177642822,0.005927814828864885,0.8452696178223046,0.09748082098515412,0.005051350588559015,0.00027243796308781153,0.01382739656219617,0.026040568549748153,0.004662984299628581,0.0013493940648100884,0.00011761433564659121
P02,19,B,alpha,1799551287-α-8,P02-T19-Bα,9,65,F4,R4,R,False,65,True,R3,False,0.3161605792901332,False,0.675163984298706,5.5033851900232465e-05,0.0006164674516347793,3.9017315150126443e-05,3.539570973267456e-06,1.9869297711895272e-07,0.012598728230162977,0.19563491560854293,0.4353935117289822,0.3161605792901332,0.03949800825954309
P02,19,B,alpha,1799551287-α-8,P02-T19-Bα,10,64,E4,R2,R,False,64,True,R2,True,0.8166716909022759,False,0.6558921337127686,0.0008066394901257568,0.004505221993474033,0.00036248838991426543,4.713389804894814e-05,3.643673754754887e-06,0.03606190939876715,0.8166716909022759,0.12461601968343147,0.015568305782393816,0.0013569467878139312
P02,19,B,alpha,1799551287-α-8,P02-T19-Bα,11,65,F4,R3,R,False,65,True,R2,True,0.43749756137038887,False,0.6189031600952148,7.761007553102082e-05,0.00038330323443980295,4.0805889062191556e-05,3.7018267378768415e-06,1.8430310088466106e-07,0.0465088685350445,0.43749756137038887,0.43749756137038887,0.07526920836888525,0.002721195026420571
P02,19,B,alpha,1799551287-α-8,P02-T19-Bα,12,64,E4,R2,R,False,64,True,R2,True,0.7453360631983283,False,0.5180997848510742,0.0007141815948740693,0.003795572319140357,0.00045558872659942363,4.477233772385051e-05,2.14167982741732e-06,0.04532393267992377,0.7453360631983283,0.1765908029185362,0.025889441156045963,0.001847503389000791
P02,19,B,alpha,1799551287-α-8,P02-T19-Bα,13,59,B3,L2,L,False,59,True,L2,True,0.8814642194825613,False,0.514397144317627,0.007858410900747945,0.8814642194825613,0.09766901950205725,0.00851291490125617,0.0006580886768575066,0.001427089434407081,0.0020992589689430314,0.0002729639375316359,3.410144263838787e-05,3.932752999844627e-06
P02,19,B,alpha,1799551287-α-8,P02-T19-Bα,14,60,C4,L3,L,False,60,True,L3,True,0.6803923335735447,False,0.6526858806610107,0.0005727359967648307,0.20493023270178795,0.6803923335735447,0.0448206778877645,0.001826989614509705,0.01671754204149129,0.0430632339702122,0.006571023425748114,0.0010026731594658662,0.00010255762871092761
P02,19,B,alpha,1799551287-α-8,P02-T19-Bα,15,65,F4,R3,R,False,65,True,R3,True,0.46934334844159453,False,0.643718957901001,6.959207356546014e-05,0.0008116667632264675,9.360556771166488e-05,7.23615411599797e-06,4.227771232489451e-07,0.008213620656194215,0.13582055783366617,0.46934334844159453,0.35472207191254657,0.03091787782025571
P02,19,B,alpha,1799551287-α-8,P02-T19-Bα,16,60,C4,L3,L,False,60,True,L3,True,0.6801779026287472,False,0.7114269733428955,0.0005959219275541453,0.1963259759034547,0.6801779026287472,0.0884426558468075,0.00360511757801601,0.009740777523636099,0.017856264257670083,0.002515205186884305,0.0006993208602471836,4.085828698280928e-05
P02,19,B,alpha,1799551287-α-8,P02-T19-Bα,17,59,B3,L1,L,False,59,True,L2,False,0.3408268233790022,False,0.9422421455383301,0.3408268233790022,0.564442800076341,0.045414845726747345,0.003510782861178704,0.00028247620839343693,0.019394786897201272,0.022105778611568344,0.0032408610477681044,0.000737742117287073,4.310307451255808e-05
P02,19,B,alpha,1799551287-α-8,P02-T19-Bα,18,60,C4,L2,L,False,60,True,L2,True,0.736823908416946,False,0.9127891063690186,0.006311345794237443,0.736823908416946,0.054726548191997224,0.003605097922752523,0.000141189676868256,0.01491548918762503,0.16115214736137612,0.01785616690451272,0.00423062160334008,0.00023748494034445813
P02,19,B,alpha,1799551287-α-8,P02-T19-Bα,19,59,B3,L1,L,False,59,True,L1,True,0.5064350315111947,False,0.6468849182128906,0.5064350315111947,0.19706406334896398,0.06645547070416262,0.015292892256979742,0.002708695516648986,0.08041901235410384,0.11493322507028533,0.013254688092525536,0.003140403541792683,0.00029651760334252345
P02,19,B,alpha,1799551287-α-8,P02-T19-Bα,20,60,C4,L3,L,False,60,True,L3,True,0.6502767046842354,False,1.2208421230316162,0.0006154048110019238,0.18080117951800376,0.6502767046842354,0.024468778839582702,0.00046645112759513313,0.010259264779478527,0.09893089780708614,0.027588471103621535,0.006280175788072023,0.00031267154132294566
P02,19,B,alpha,1799551287-α-8,P02-T19-Bα,21,59,B3,L4,L,False,59,True,L4,True,0.7222148285655365,False,0.8900911808013916,0.0003802288530718887,0.020387350163366593,0.12425335183154552,0.7222148285655365,0.1284269152390563,0.002911178689021181,0.0010225736555665094,0.0003336451223251714,6.472049493878652e-05,5.207385571409869e-06
P02,19,B,alpha,1799551287-α-8,P02-T19-Bα,22,57,A3,L5,L,False,57,True,L5,True,0.949253131528268,False,0.8820281028747559,0.0001327034179648594,0.0008129152018004233,0.003957749272109286,0.045407418648676444,0.949253131528268,0.00020933369471961145,0.00016791044588009094,4.859063306480739e-05,9.425613056852559e-06,8.215444595864363e-07
P02,19,B,alpha,1799551287-α-8,P02-T19-Bα,23,62,D4,R4,R,False,62,True,R3,False,0.2957354308489098,False,0.8781161308288574,0.0006746478906099265,0.0009318953462189632,9.158069708095547e-05,1.639900264933602e-05,1.563027486647384e-06,0.001839447472670796,0.17302480008883597,0.4974351716834793,0.2957354308489098,0.030249063942058427
P02,19,B,alpha,1799551287-α-8,P02-T19-Bα,24,64,E4,R5,R,False,64,True,R4,False,0.3317216053723163,False,0.7384192943572998,0.00018211509673205707,0.00017278557210023316,1.3357143803555582e-05,2.489423999198822e-06,1.5756004710622204e-07,0.00838410311861467,0.03255875763191738,0.20526382010766006,0.4217008089728094,0.3317216053723163
P02,19,B,alpha,1799551287-α-8,P02-T19-Bα,25,65,F4,R4,R,False,65,True,R2,False,0.17745258153428425,False,0.9246158599853516,5.050562789392288e-05,3.0158255679955064e-05,1.2293169696580506e-06,2.688662340962909e-07,2.80716669495372e-08,0.013717925756501331,0.3949279830711963,0.3949279830711963,0.17745258153428425,0.018891336428377318
P02,19,B,alpha,1799551287-α-8,P02-T19-Bα,26,64,E4,R5,R,False,64,True,R4,False,0.34026935327257746,False,0.7711150646209717,0.0003061568362847367,0.00032294847761224135,1.96385171483192e-05,3.6601085244503855e-06,4.759191931094209e-07,0.01030956775283166,0.03890538943941813,0.21055302454568747,0.39930978513072235,0.34026935327257746
P02,19,B,alpha,1799551287-α-8,P02-T19-Bα,27,59,B3,L2,L,False,59,True,L2,True,0.7913637751567202,False,0.6434271335601807,0.006012001700782343,0.7913637751567202,0.18749604555010427,0.007954658682128496,0.00013998188673445522,0.0025128101680554258,0.003871948058917618,0.0005034644146892813,0.00013449311844708137,1.0821263420770459e-05
P02,19,B,alpha,1799551287-α-8,P02-T19-Bα,28,60,C4,L3,L,False,60,True,L3,True,0.7571292735340583,False,0.6677191257476807,0.0005217452278108644,0.11696973252001858,0.7571292735340583,0.08731602511177562,0.0023857988353549854,0.018570913709070727,0.0150222736499255,0.0015992487851469279,0.0004446508149753019,4.033781186302867e-05
P02,19,B,alpha,1799551287-α-8,P02-T19-Bα,29,57,A3,L3,L,False,57,True,L1,False,0.10672714685589794,False,1.152698040008545,0.48994908987296953,0.3235995923033807,0.10672714685589794,0.04823229814005981,0.021440535513174853,0.004944438648301599,0.003961932068534711,0.0009386916850487513,0.00017494770161766938,3.132721101464535e-05
P02,20,A,beta,1799551287-β-4,P02-T20-Aβ,0,62,D4,R4,R,False,62,True,R2,False,0.005987329970012001,False,2.1488027572631836,0.00158312493997482,0.0032859163566770853,0.00036408991043427425,3.724064766190082e-05,3.964583652200679e-06,0.04369083276011792,0.8885985554390162,0.05624097393555759,0.005987329970012001,0.00020797145689596073
P02,20,A,beta,1799551287-β-4,P02-T20-Aβ,1,65,F4,R2,R,False,65,True,R2,True,0.8684112001303613,False,0.6523172855377197,8.798828177546315e-05,0.0001664043407584414,1.9190600739226252e-05,2.1263791727768096e-06,2.174950068639169e-07,0.04500012805142263,0.8684112001303613,0.07878048668942877,0.0071468045116087845,0.00038545351972588175
P02,20,A,beta,1799551287-β-4,P02-T20-Aβ,2,60,C4,R3,R,False,60,True,R2,False,0.0709233140402239,False,0.39794015884399414,0.01004065593775149,0.07683030889642437,0.01039785161565403,0.0011521147991973635,0.00010451749653762718,0.010316418867461496,0.8137060715975215,0.0709233140402239,0.0061817364402514076,0.0003470103089766349
P02,20,A,beta,1799551287-β-4,P02-T20-Aβ,3,57,A3,L5,L,False,57,True,L2,False,0.0004432578802619568,False,0.3519909381866455,0.009644583324025,0.8857160768119945,0.09059476629191292,0.006728797459991692,0.0004432578802619568,0.00142083252973533,0.004886109796236863,0.0004997718644331039,6.243660507450882e-05,3.367436334184381e-06
P02,20,A,beta,1799551287-β-4,P02-T20-Aβ,4,60,C4,R3,R,False,60,True,R2,False,0.09250762795933888,False,0.3687007427215576,0.0015722869945726339,0.0006487493188425051,5.219811507309498e-05,8.628290388845046e-06,1.1677121236220876e-06,0.02735211861090656,0.8689547960375748,0.09250762795933888,0.008392102672129658,0.0005103242890494632
P02,20,A,beta,1799551287-β-4,P02-T20-Aβ,5,57,A3,L5,L,False,57,True,L2,False,0.00016610582503848986,False,0.39248204231262207,0.039452809884510096,0.9022302977515743,0.041465833810908174,0.0027315516193796136,0.00016610582503848986,0.0023818853187659358,0.010225348725077165,0.0011792395793759234,0.00015959272247866447,7.334762891716626e-06
P02,20,A,beta,1799551287-β-4,P02-T20-Aβ,6,62,D4,R5,R,False,62,True,R2,False,0.00044647885853305903,False,0.3299100399017334,7.081213939426044e-05,7.380245892995768e-05,6.695208021851685e-06,1.404793944066854e-06,2.2462341581126111e-07,0.04484048408421255,0.8571704333708414,0.08767499779735,0.009714666665357039,0.00044647885853305903
P02,20,A,beta,1799551287-β-4,P02-T20-Aβ,7,65,F4,R3,R,False,65,True,R2,False,0.03912163097507813,False,0.4291667938232422,5.836951958653378e-07,3.1804284100692554e-07,1.4617012555228428e-08,2.1429558061432302e-09,3.6856166642824323e-10,0.07247472637483486,0.8859633073218294,0.03912163097507813,0.0021960834764705103,0.00024333298522026688
P02,20,A,beta,1799551287-β-4,P02-T20-Aβ,8,69,A4,R5,R,False,69,True,R2,False,0.0006868681435616621,False,0.726097822189331,9.979931121222131e-10,2.276143844887457e-10,1.4994041682112948e-11,2.1982309010704284e-12,7.172383269352777e-13,0.11493733468385234,0.8492784138405524,0.03195686625678359,0.0031405158317331545,0.0006868681435616621
P02,20,A,beta,1799551287-β-4,P02-T20-Aβ,9,64,E4,R4,R,False,64,True,R2,False,0.004921445908581895,False,0.38207101821899414,1.3990797463021375e-05,6.18024336515434e-06,1.0632791281512902e-06,1.6886725436619862e-07,2.026941154383324e-08,0.07875191866166836,0.8571409474581656,0.05876828691251803,0.004921445908581895,0.00039597760244359473
P02,20,A,beta,1799551287-β-4,P02-T20-Aβ,10,60,C4,R3,R,False,60,True,R2,False,0.09760613735965815,False,0.41731977462768555,0.0023933853504392896,0.0011983437249901108,0.00010444865941426047,1.726524727741239e-05,3.34911339703516e-06,0.009580230056310226,0.880896707298536,0.09760613735965815,0.007853351428298945,0.00034678176167843197
P02,20,A,beta,1799551287-β-4,P02-T20-Aβ,11,57,A3,L5,L,False,57,True,L2,False,0.00024107676424568579,False,0.41800594329833984,0.05767304339008358,0.8777485188710186,0.06018120700804276,0.0036596229670202854,0.00024107676424568579,8.913954009112734e-05,0.0003743216320596317,3.011777131336115e-05,2.7322225711867035e-06,2.198335536298787e-07
P02,20,A,beta,1799551287-β-4,P02-T20-Aβ,12,55,G3,L4,L,False,55,True,L2,False,0.010738334147092613,False,0.45148277282714844,0.07934615342192997,0.7757419837316575,0.13346242395293612,0.010738334147092613,0.0006529987719752185,1.6013523928580476e-05,3.815188812665336e-05,3.6023097922789696e-06,3.1398038872486754e-07,2.4272172454662228e-08
P02,20,A,beta,1799551287-β-4,P02-T20-Aβ,13,62,D4,R1,R,False,62,True,R2,False,0.10254721998813535,False,0.4654269218444824,0.0003611006498430238,9.082458641176411e-05,1.0063651031376166e-05,1.2572540588423072e-06,1.2859723404857514e-07,0.10254721998813535,0.8297917331862623,0.06163160119641752,0.005371862837245016,0.00019420805336073363
P02,20,A,beta,1799551287-β-4,P02-T20-Aβ,14,64,E4,R2,R,False,64,True,R2,True,0.8675616529484113,False,0.31314992904663086,0.00022776122753047291,3.22475431182202e-05,3.870725115973386e-06,4.835705101009376e-07,4.565883549488026e-08,0.059287886245886226,0.8675616529484113,0.06706662839973702,0.005616375791787154,0.00020304788906798032
P02,20,A,beta,1799551287-β-4,P02-T20-Aβ,15,59,B3,L3,L,False,59,True,R2,False,0.0006435102333727023,False,0.3923189640045166,0.022483458449838845,0.009385656790594887,0.0006435102333727023,6.324005800663496e-05,5.088270198031471e-06,0.014537436813257858,0.861937403782029,0.08470567923617436,0.006044704808929413,0.0001938215575981283
P02,20,A,beta,1799551287-β-4,P02-T20-Aβ,16,62,D4,R5,R,False,62,True,R2,False,0.00018703903954484072,False,0.3001892566680908,0.0002899594718539034,0.00011573665128971943,8.596175221832065e-06,8.792529633528525e-07,8.993369185883195e-08,0.03672883288134047,0.901051201766068,0.057029123942353876,0.004588540885672136,0.00018703903954484072
P02,20,A,beta,1799551287-β-4,P02-T20-Aβ,17,60,C4,R5,R,False,60,True,R2,False,0.0002553273401799364,False,0.3187429904937744,0.002825730048282043,0.0009557978234287306,9.024664381868076e-05,1.2213555102354863e-05,7.135850906492099e-07,0.02186107369774253,0.8931826809919767,0.0747979987493535,0.006018217565025002,0.0002553273401799364
P02,20,A,beta,1799551287-β-4,P02-T20-Aβ,18,57,A3,L5,L,False,57,True,R2,False,8.593421953811216e-05,False,0.39934682846069336,0.0946095912181878,0.04407209587135037,0.0031450407133903216,0.00044300546862055757,8.593421953811216e-05,0.007211456290023801,0.7800326120233843,0.0657478410976943,0.0045078793644921815,0.00014454373331839886
P02,20,A,beta,1799551287-β-4,P02-T20-Aβ,19,60,C4,L3,L,False,60,True,R2,False,0.00011104195403601986,False,0.2755308151245117,0.004219606945986671,0.0010430538610653288,0.00011104195403601986,1.0073498799404736e-05,1.116175482733224e-06,0.028124718280409775,0.899782273035837,0.06169191069144267,0.004769077143453203,0.00024712841348694173
P02,20,A,beta,1799551287-β-4,P02-T20-Aβ,20,57,A3,L5,L,False,57,True,R2,False,0.0002675995381555859,False,0.4184842109680176,0.06934741417121518,0.2819518533032717,0.022685735239083096,0.002415089444296497,0.0002675995381555859,0.0030697627256388335,0.5792512512288349,0.03815803392588614,0.002723005744726885,0.00013025467889107788
P02,20,A,beta,1799551287-β-4,P02-T20-Aβ,21,53,F3,L4,L,False,53,True,L2,False,0.008777974748065161,False,0.37585997581481934,0.07026302600136597,0.7441522972815593,0.1763103359130718,0.008777974748065161,0.00034377968221478163,2.7703804258102738e-05,0.0001167460418877789,7.3890634400662164e-06,6.97677019222689e-07,4.97871178320463e-08
P02,20,A,beta,1799551287-β-4,P02-T20-Aβ,22,50,D3,L3,L,False,50,True,L3,False,0.3679139020329319,False,0.480104923248291,0.2192249032786531,0.3419742983171374,0.3679139020329319,0.06655789030726443,0.004261418520900423,1.617804883011579e-05,4.7363573298795725e-05,3.6614287403306036e-06,3.598217307471491e-07,2.4670512793275875e-08
P02,20,A,beta,1799551287-β-4,P02-T20-Aβ,23,55,G3,L2,L,False,55,True,L2,True,0.8929194454900269,False,0.3594191074371338,0.013999241673759882,0.8929194454900269,0.05651445070777363,0.00548721269825337,0.0003075005129027557,0.001917293995715563,0.026429911236932124,0.002213326019096122,0.00020078840641460325,1.082925912510201e-05
P02,20,A,beta,1799551287-β-4,P02-T20-Aβ,24,64,E4,R4,R,False,64,True,R2,False,0.014663472265691108,False,0.3897531032562256,3.2854901260448014e-05,3.634711379606858e-05,3.4319025971661973e-06,6.9288918446467e-07,1.3988470297400646e-07,0.046775498123734854,0.7692065441869324,0.16823461473511614,0.014663472265691108,0.0010464039969845745
P02,20,A,beta,1799551287-β-4,P02-T20-Aβ,25,60,C4,R5,R,False,60,True,R2,False,0.0002501978267121701,False,0.32567787170410156,0.0019031068601805614,0.0035060730879300905,0.000474495394403284,8.163449551477759e-05,9.928768344016334e-06,0.013856514159110347,0.9109578540615623,0.06500710897819413,0.003953086368048353,0.0002501978267121701
P02,20,A,beta,1799551287-β-4,P02-T20-Aβ,26,57,A3,L1,L,False,57,True,L2,False,0.02416858606504648,False,0.3557100296020508,0.02416858606504648,0.9389829061541811,0.031336930015215016,0.0023275059224821793,0.0002028673979863511,0.0008480551489548718,0.001983369715625261,0.00013598608355734116,1.283983636107518e-05,9.536605902235642e-07
P02,20,A,beta,1799551287-β-4,P02-T20-Aβ,27,50,D3,L3,L,False,48,False,L3,True,0.4562263477816357,False,0.8187158107757568,0.3058176664476576,0.15489838007455617,0.4562263477816357,0.06900431195778788,0.014053291154149447,9.49434815738644e-10,1.58169905580652e-09,4.4981662198672814e-11,6.336045907708909e-12,1.7616570997268908e-12
P02,20,A,beta,1799551287-β-4,P02-T20-Aβ,28,53,F3,L1,L,False,53,True,L2,False,0.08368695793562163,False,0.3329589366912842,0.08368695793562163,0.6387075400370243,0.2549528533965614,0.0213505743173623,0.001295151953678159,2.4236838802082716e-06,4.258146273048738e-06,2.20652529032464e-07,1.705748648501228e-08,2.8195835518272657e-09
P02,20,A,beta,1799551287-β-4,P02-T20-Aβ,29,62,D4,R4,R,False,62,True,R2,False,0.007588625181147699,False,0.34926605224609375,8.2206768586709e-05,0.00037781540071189437,4.186313967680862e-05,6.133758698968623e-06,6.220037273290394e-07,0.025049365862606626,0.8859410730734779,0.08037076088425177,0.007588625181147699,0.0005415339271142596
P02,21,B,gamma,1799551287-γ-3,P02-T21-Bγ,0,60,C4,R3,R,False,60,True,R3,True,0.6457555688235268,False,1.252976894378662,0.001697932554892618,0.051411061274700784,0.007617292988629521,0.0007485786945915865,4.373263861618568e-05,0.0032879855167044715,0.2024354470541618,0.6457555688235268,0.08396676415668783,0.0030356362974884297
P02,21,B,gamma,1799551287-γ-3,P02-T21-Bγ,1,59,B3,L5,L,False,59,True,L5,True,0.6568100973009606,False,0.7208871841430664,0.00041385027570794416,0.003662525996912431,0.029156029616007956,0.30836652318631563,0.6568100973009606,0.0008421350924862501,0.0005754487726047919,0.00015372268163565915,1.8451583815876353e-05,1.2154935526490474e-06
P02,21,B,gamma,1799551287-γ-3,P02-T21-Bγ,2,62,D4,L2,L,False,60,False,L2,True,0.8787125389106288,False,0.588655948638916,0.006675591484312346,0.8787125389106288,0.10547329703887956,0.005688563821032497,0.0003193261809604928,0.0011718795014045418,0.0014600312100560887,0.00043975294968006274,5.493842931848278e-05,4.080473726958986e-06
P02,21,B,gamma,1799551287-γ-3,P02-T21-Bγ,3,53,F3,L2,L,False,53,True,L2,True,0.8461296480376006,False,0.7717938423156738,0.03313773277588744,0.8461296480376006,0.1145111955720641,0.005933846158698599,0.00028384487527692093,1.4824451784888993e-06,1.7654892988640158e-06,4.353643009712616e-07,4.634823234151947e-08,2.933461585238254e-09
P02,21,B,gamma,1799551287-γ-3,P02-T21-Bγ,4,69,A4,R3,R,False,69,True,R2,True,0.4479527211205117,False,0.6633427143096924,1.9198300227793187e-08,4.884442915488152e-09,3.820309274605805e-10,8.822327691264933e-11,1.3666741866781757e-11,0.037513005779433055,0.4479527211205117,0.4479527211205117,0.06062380838945583,0.005957719023423597
P02,21,B,gamma,1799551287-γ-3,P02-T21-Bγ,5,62,D4,L2,L,False,60,False,L2,True,0.9101260635145828,False,0.6395289897918701,0.007467677631963905,0.9101260635145828,0.062401113592576475,0.003645826618572747,0.00013180695634568444,0.003951219698235873,0.010314834700641819,0.0017746143314291984,0.0001743977134144341,1.2445242236984812e-05
P02,21,B,gamma,1799551287-γ-3,P02-T21-Bγ,6,60,C4,R2,R,False,60,True,R2,True,0.8525259056654397,False,0.7727088928222656,0.003805287357453877,0.014414052468079882,0.0015971225382636445,0.00015080066653469818,1.1200505100638591e-05,0.010243550722856345,0.8525259056654397,0.10650624229957203,0.010056343169725047,0.0006894946069741784
P02,21,B,gamma,1799551287-γ-3,P02-T21-Bγ,7,57,A3,L4,L,False,57,True,L3,False,0.391072933477264,False,0.7020292282104492,0.001008933743013782,0.09338557356885503,0.497151134396671,0.391072933477264,0.01726867338793889,5.2120572452908585e-05,5.441551700248313e-05,5.565847989614822e-06,5.692983463170215e-07,8.019046609517779e-08
P02,21,B,gamma,1799551287-γ-3,P02-T21-Bγ,8,57,A3,R4,R,False,59,False,R4,True,0.6384457759056059,False,1.3593981266021729,0.0006192040558534721,0.0001034310993845647,1.5090913959736917e-05,3.937158434844962e-06,7.027998177688156e-07,0.00753106712077761,0.038812837215104715,0.20014392798928007,0.6384457759056059,0.11432402574178128
P02,21,B,gamma,1799551287-γ-3,P02-T21-Bγ,9,52,E3,L2,L,False,52,True,L2,True,0.8277755472678567,False,0.8198041915893555,0.11202723814583747,0.8277755472678567,0.05675490245246782,0.0033159429725357153,0.000124773153728525,7.30560199963541e-07,7.456472233637621e-07,9.695554722406761e-08,2.1205330683860404e-08,1.6392725845301706e-09
P02,21,B,gamma,1799551287-γ-3,P02-T21-Bγ,10,64,E4,R2,R,False,64,True,R2,True,0.7514766234682247,False,0.671004056930542,3.0030372665952146e-05,1.4151142759193092e-05,1.3361540578057502e-06,1.8820855068976484e-07,2.8718762654101084e-08,0.12928769335079654,0.7514766234682247,0.10585181054081284,0.012705565200099947,0.0006325728432697289
P02,21,B,gamma,1799551287-γ-3,P02-T21-Bγ,11,55,G3,L5,L,False,55,True,L5,True,0.9607177574719497,False,0.9716081619262695,0.00020244115225087844,0.0008963496140407124,0.0034133037678179268,0.03473266744900817,0.9607177574719497,2.876226310141698e-05,7.810241990852246e-06,7.675404848787983e-07,1.2189880424130844e-07,1.8600551430818925e-08
P02,21,B,gamma,1799551287-γ-3,P02-T21-Bγ,12,52,E3,L2,L,False,52,True,L3,False,0.2797259849374297,False,0.6330978870391846,0.001225142040573016,0.2797259849374297,0.6424597010867462,0.07226770687750983,0.00432109295727355,2.5244549127653097e-07,1.052376623125689e-07,1.1660665362901396e-08,2.26193636023555e-09,4.947123695129419e-10
P02,21,B,gamma,1799551287-γ-3,P02-T21-Bγ,13,55,G3,L5,L,False,55,True,L5,True,0.9325570795466304,False,0.9640581607818604,0.00019784940624440367,0.0016606017064948917,0.006539955498627144,0.059023186660808385,0.9325570795466304,1.5432152394692013e-05,5.081902198048585e-06,6.60793191622496e-07,1.2315465446245633e-07,2.9178756253060908e-08
P02,21,B,gamma,1799551287-γ-3,P02-T21-Bγ,14,59,B3,L3,L,False,59,True,L2,False,0.16437320247105144,False,0.7170321941375732,0.14359037437452077,0.28267537342405236,0.16437320247105144,0.07362679789947559,0.03354597733757244,0.2166099351055531,0.07211748313705224,0.011004414378803088,0.0019705180928341164,0.000485923779084898
P02,21,B,gamma,1799551287-γ-3,P02-T21-Bγ,15,55,G3,L5,L,False,55,True,L5,True,0.936288069034775,False,0.7003269195556641,0.0002348079129903196,0.001340974573623603,0.005165093449220045,0.05693573611324908,0.936288069034775,2.438017192640361e-05,9.676289136983177e-06,1.03012326946444e-06,1.9198816954080424e-07,4.034363966433091e-08
P02,21,B,gamma,1799551287-γ-3,P02-T21-Bγ,16,50,D3,L3,L,False,50,True,L3,False,0.3200456034918659,False,0.9332709312438965,0.1991173345690036,0.16964518191845152,0.3200456034918659,0.2868473713218734,0.024343505294765904,6.245053952495044e-07,3.2681845390215135e-07,4.249578225217704e-08,7.92010790324323e-09,1.6643003582736551e-09
P02,21,B,gamma,1799551287-γ-3,P02-T21-Bγ,17,71,B4,R5,R,False,69,False,R2,False,0.06258701315778413,False,0.9840807914733887,1.83264354291984e-09,1.9358391400235919e-10,2.8258760631208487e-11,6.783136430148743e-12,1.9294901261309705e-12,0.0473022469709288,0.6118932254306358,0.17707224250344775,0.10114526987400473,0.06258701315778413
P02,21,B,gamma,1799551287-γ-3,P02-T21-Bγ,18,64,E4,R1,R,False,64,True,R2,True,0.4391130823724292,False,0.6682722568511963,2.7656029019418105e-06,1.3668546846475691e-06,3.238458168777071e-07,5.353135348509654e-08,7.519020614363461e-09,0.4391130823724292,0.5153039757587679,0.03827347014767605,0.006853482866549879,0.00045147150079953357
P02,21,B,gamma,1799551287-γ-3,P02-T21-Bγ,19,69,A4,R5,R,False,69,True,R2,False,0.14078517068845364,False,0.7592391967773438,7.473073019932704e-09,4.232300397049796e-09,1.0436724284013368e-09,1.4701005022344457e-10,1.62755412986127e-11,0.021482424084352088,0.38269377119892856,0.22751931055796717,0.22751931055796717,0.14078517068845364
P02,21,B,gamma,1799551287-γ-3,P02-T21-Bγ,20,59,B3,L3,L,False,59,True,R2,False,0.042843862472549336,False,0.8066596984863281,0.018530820289453437,0.08511255778966727,0.042843862472549336,0.012662757949048335,0.003635295844619423,0.06796556721806993,0.6368742555582767,0.11618887505178899,0.015107889641398623,0.00107811818512798
P02,21,B,gamma,1799551287-γ-3,P02-T21-Bγ,21,64,E4,R3,R,False,64,True,R3,True,0.4980460373851499,False,0.6384401321411133,7.636671111201211e-06,7.678681066531634e-06,2.824828899689392e-06,2.3656028380604334e-07,1.9810321212923416e-08,0.0209967933606953,0.25231858551966463,0.4980460373851499,0.2150117154913221,0.01360847169148573
P02,21,B,gamma,1799551287-γ-3,P02-T21-Bγ,22,53,F3,L5,L,False,53,True,L5,True,0.7238304731739957,False,0.6780951023101807,0.0004129541861831675,0.007620769746902191,0.03196230411125011,0.23617125812910883,0.7238304731739957,9.01878896868953e-07,9.72692276775049e-07,3.049255870202162e-07,5.460185026736099e-08,6.5539490073300525e-09
P02,21,B,gamma,1799551287-γ-3,P02-T21-Bγ,23,65,F4,R5,R,False,65,True,R4,False,0.2203288042093154,False,0.6646890640258789,7.20715617540301e-07,7.794665595883378e-07,2.7950590253373152e-08,6.951849026538457e-09,1.5663996815565e-09,0.010342319412613677,0.054332414186901816,0.28009280514242335,0.4349021203977298,0.2203288042093154
P02,21,B,gamma,1799551287-γ-3,P02-T21-Bγ,24,71,B4,R2,R,False,71,True,R2,True,0.802862372386355,False,0.9151721000671387,5.625892242550447e-10,2.963227240669591e-10,6.745421992219693e-11,9.501494902701547e-12,1.235467133616218e-12,0.12750853550049698,0.802862372386355,0.059631461210783596,0.007753802029035052,0.002243827936226532
P02,21,B,gamma,1799551287-γ-3,P02-T21-Bγ,25,67,G4,R5,R,False,67,True,R4,False,0.23107494729010214,False,0.9884698390960693,5.296049197061297e-08,4.037669099955809e-08,9.191256603726897e-09,1.0599827803166957e-09,1.5540085533271278e-10,0.017206844868042998,0.04482392804769963,0.31821972555566747,0.38867445049466454,0.23107494729010214
P02,21,B,gamma,1799551287-γ-3,P02-T21-Bγ,26,69,A4,R5,R,False,69,True,R3,False,0.08278247369037332,False,0.8587150573730469,1.752626014452154e-08,1.3897749583254062e-08,3.864092776502459e-09,5.665029033528545e-10,4.937687541191941e-11,0.021610263641143268,0.2977387334556906,0.36365891025389613,0.23420958305491457,0.08278247369037332
P02,21,B,gamma,1799551287-γ-3,P02-T21-Bγ,27,60,C4,L1,L,False,60,True,L1,True,0.5421105319543859,False,0.7633039951324463,0.5421105319543859,0.20222913961681804,0.027615734797340547,0.005453253114020835,0.0010190669068452444,0.05968315669755166,0.13494218872048175,0.023216110482399663,0.0032701846624793385,0.00046063304767705973
P02,21,B,gamma,1799551287-γ-3,P02-T21-Bγ,28,59,B3,L1,L,False,59,True,L1,True,0.5310007192778806,False,0.5508642196655273,0.5310007192778806,0.35844603151271215,0.028826614766906882,0.006176377575951035,0.0011694298849337448,0.020238281829444763,0.046608275397085605,0.006565168074286669,0.0008884988808295535,8.06027999687907e-05
P02,21,B,gamma,1799551287-γ-3,P02-T21-Bγ,29,71,B4,R5,R,False,71,True,R2,False,0.05334610499117328,False,0.8382430076599121,1.9975883188532913e-10,3.057145723099652e-11,7.538828536434425e-12,1.7161215011558537e-12,3.0729926656006825e-13,0.04367609671320038,0.6630172225081535,0.16349803411150723,0.07646254143607283,0.05334610499117328
P02,22,A,alpha,1799551287-α-1,P02-T22-Aα,0,57,A3,L5,L,False,57,True,L4,False,0.0774728399106906,False,0.6608881950378418,0.00026388575263825933,0.02548105936902293,0.3769832149060652,0.5197646527699513,0.0774728399106906,1.9290569594448227e-05,1.060294080718721e-05,3.7476590708321304e-06,5.951935675558131e-07,1.1092859169845807e-07
P02,22,A,alpha,1799551287-α-1,P02-T22-Aα,1,59,B3,L4,L,False,59,True,L2,False,0.007573121949357236,False,0.42104601860046387,0.00912196768100954,0.473976004526343,0.10196253003326718,0.007573121949357236,0.00046052202000882635,0.06002743468566579,0.3002469771638662,0.04063400969540862,0.005723642441385688,0.00027378980368798815
P02,22,A,alpha,1799551287-α-1,P02-T22-Aα,2,57,A3,L3,L,False,57,True,R2,False,0.0,False,0.3745138645172119,,,,,,0.0559221272271609,0.5146600507453472,0.2964021352026347,0.11349026895692216,0.019525417867935047
P02,22,A,alpha,1799551287-α-1,P02-T22-Aα,3,62,D4,R3,R,False,62,True,R2,False,0.24304350928830445,False,0.29770374298095703,1.3800595410552703e-05,1.646102979639996e-05,1.6176844208324568e-06,2.0209765796494005e-07,7.914931476289867e-09,0.04017482187482957,0.6876228317061822,0.24304350928830445,0.02802902212618918,0.0010977256822772604
P02,22,A,alpha,1799551287-α-1,P02-T22-Aα,4,59,B3,L4,L,False,59,True,R2,False,0.0011851883293953704,False,0.3345789909362793,0.0633593673465928,0.0891126847549523,0.00948680314023207,0.0011851883293953704,0.00012122604808071855,0.0017732170332702517,0.6894866792741439,0.12772783226971596,0.01660828537332698,0.0011387164302896569
P02,22,A,alpha,1799551287-α-1,P02-T22-Aα,5,60,C4,L2,L,False,60,True,R2,False,0.00043204510430615604,False,0.30928516387939453,0.0004331171331180265,0.00043204510430615604,6.861629142799973e-05,7.913182114117039e-06,4.6233293491566457e-07,0.046323070533299676,0.8985431341606599,0.050439505732347845,0.003599427164856956,0.00015270836493438034
P02,22,A,alpha,1799551287-α-1,P02-T22-Aα,6,59,B3,L3,L,False,59,True,R2,False,0.001362429897378813,False,0.30220580101013184,0.004137532135548305,0.007310193871115994,0.001362429897378813,0.0001393550612589231,8.820028256943304e-06,0.007860668391818917,0.888264709422201,0.08387015212104287,0.006748159457682573,0.0002979796136958326
P02,22,A,alpha,1799551287-α-1,P02-T22-Aα,7,57,A3,L4,L,False,57,True,R2,False,0.00020419424853453265,False,0.34391236305236816,0.00887248454416756,0.010291480947263282,0.002641419495927313,0.00020419424853453265,1.1012948748992664e-05,0.007813230946688093,0.8724596970415572,0.08923884800317385,0.008095565644752908,0.00037206617918638394
P02,22,A,alpha,1799551287-α-1,P02-T22-Aα,8,59,B3,L3,L,False,59,True,R2,False,0.0021978010695688334,False,0.2933628559112549,0.01138602907628604,0.012273682631823503,0.0021978010695688334,0.00017683420977121,1.422801097805589e-05,0.027343858315089297,0.8518899456255088,0.08713488729724751,0.0072969565238839695,0.0002857772398432611
P02,22,A,alpha,1799551287-α-1,P02-T22-Aα,9,64,E4,R2,R,False,64,True,R2,True,0.9065338672168338,False,0.44638514518737793,8.866889583813791e-06,9.001431937929382e-06,1.6118517428125012e-06,1.3498166411952144e-07,1.224526030052191e-08,0.04120170900070661,0.9065338672168338,0.048892714121655176,0.00322079553600436,0.00013128672461122103
P02,22,A,alpha,1799551287-α-1,P02-T22-Aα,10,65,F4,R3,R,False,65,True,R2,False,0.040175981069354945,False,0.37610387802124023,2.7762562587280167e-06,2.318741566329182e-06,4.681458483713353e-07,3.340748207732988e-08,4.173603824941168e-09,0.04718519853790521,0.90984051983364,0.040175981069354945,0.0025428088874629245,0.0002498909468776192
P02,22,A,alpha,1799551287-α-1,P02-T22-Aα,11,67,G4,R2,R,False,67,True,R2,True,0.8937494943997732,False,0.48087406158447266,3.201296302346477e-07,2.845577117556964e-07,6.477605971585399e-08,4.8111497377218536e-09,5.121878054225019e-10,0.044497167181425344,0.8937494943997732,0.058875528462306856,0.002705875522947269,0.00017125964680840016
P02,22,A,alpha,1799551287-α-1,P02-T22-Aα,12,69,A4,R1,R,False,69,True,R2,False,0.026221520421746435,False,0.3342902660369873,5.8695333804184106e-08,4.479475343414927e-08,9.797145049141994e-09,6.717231662761434e-10,8.391851770158241e-11,0.026221520421746435,0.8858790809018626,0.08364490054368905,0.0040011445742605765,0.0002532395155675338
P02,22,A,alpha,1799551287-α-1,P02-T22-Aα,13,67,G4,R2,R,False,67,True,R2,True,0.9036498795638875,False,0.35281991958618164,3.1800708837336905e-07,3.243919613791252e-07,6.549360746790203e-08,4.4904483049415354e-09,5.609926596031117e-10,0.045583109016257686,0.9036498795638875,0.04873717003340309,0.0018338947500719039,0.00019523369228161867
P02,22,A,alpha,1799551287-α-1,P02-T22-Aα,14,57,A3,L4,L,False,57,True,R2,False,0.001131802006564014,False,0.49657607078552246,0.04759922234016561,0.07855594598240093,0.015238285723867156,0.001131802006564014,0.00012048994887224218,0.005869444487917703,0.7069483095245838,0.13213327319065052,0.011986860105286613,0.00041636668969148653
P02,22,A,alpha,1799551287-α-1,P02-T22-Aα,15,59,B3,L3,L,False,59,True,R2,False,0.000763712820848601,False,0.3425416946411133,0.002900840568514076,0.0036343727970384807,0.000763712820848601,4.644142446348531e-05,6.038718554344781e-06,0.012452911720576441,0.8716923487402425,0.10052802562642146,0.0077712929283279,0.00020401465501258253
P02,22,A,alpha,1799551287-α-1,P02-T22-Aα,16,57,A3,L2,L,False,57,True,R2,False,0.03354797502494623,False,0.4173712730407715,0.020865378393345305,0.03354797502494623,0.005771756794705976,0.0003239961988071198,4.047691386850758e-05,0.007395815216141657,0.759740178674699,0.15964881628006825,0.012341610304610723,0.0003239961988071198
P02,22,A,alpha,1799551287-α-1,P02-T22-Aα,17,65,F4,R1,R,False,65,True,R2,False,0.05770192420171139,False,0.47821784019470215,2.3101676376947476e-06,4.062641593035112e-06,7.274815804098094e-07,6.340791397142683e-08,1.0070281691751066e-08,0.05770192420171139,0.8076090736775099,0.12323315396267027,0.01074110662773177,0.0007075677613696398
P02,22,A,alpha,1799551287-α-1,P02-T22-Aα,18,64,E4,R3,R,False,64,True,R2,False,0.08940896344051152,False,0.34866786003112793,2.0624399614770976e-05,3.968511650703542e-05,6.827620465254805e-06,6.709747442663085e-07,1.2014886280166706e-07,0.028028474485638437,0.874122861305135,0.08940896344051152,0.0077929613818081426,0.0005788111267130101
P02,22,A,alpha,1799551287-α-1,P02-T22-Aα,19,65,F4,R4,R,False,65,True,R2,False,0.005630470958111771,False,0.44083404541015625,1.5264266711676055e-05,1.2378342452598616e-05,2.60113625096671e-06,2.092863998547347e-07,2.721324077749791e-08,0.027887905220142627,0.8697389335023672,0.09636982078275017,0.005630470958111771,0.00034238929157224786
P02,22,A,alpha,1799551287-α-1,P02-T22-Aα,20,64,E4,R5,R,False,64,True,R2,False,0.00024067146548523638,False,0.3288578987121582,3.667735216616877e-05,6.964652381969033e-05,9.425632027583283e-06,7.000754176202364e-07,1.3047583910933394e-07,0.027434126975614048,0.8089017882446701,0.1569108030928792,0.006396030162081199,0.00024067146548523638
P02,22,A,alpha,1799551287-α-1,P02-T22-Aα,21,65,F4,R4,R,False,65,True,R2,False,0.006464519769883935,False,0.4970078468322754,8.17137817826746e-06,6.917704582790232e-06,7.977851183158432e-07,6.953563019610642e-08,1.1494162363203763e-08,0.033195974137371465,0.8856561014696902,0.07416769870248106,0.006464519769883935,0.0004997380229014571
P02,22,A,alpha,1799551287-α-1,P02-T22-Aα,22,64,E4,R5,R,False,64,True,R2,False,0.0006532051233723172,False,0.3194160461425781,2.4334522171205087e-05,1.5829751956445435e-05,2.4154635251392464e-06,2.3737626151198495e-07,4.250605275458229e-08,0.026329431234634798,0.8076557579356743,0.15052601487759487,0.014792731208756715,0.0006532051233723172
P02,22,A,alpha,1799551287-α-1,P02-T22-Aα,23,59,B3,L2,L,False,59,True,R2,False,0.012390345814247746,False,0.4980349540710449,0.010312036284629417,0.012390345814247746,0.0013190576841265503,0.00010613086254477118,1.97800308329611e-05,0.00838686732021103,0.8262667026804666,0.131225550997564,0.009746591225736626,0.00022693709964030103
P02,22,A,alpha,1799551287-α-1,P02-T22-Aα,24,57,A3,L3,L,False,57,True,R2,False,0.004000251529289967,False,0.4599640369415283,0.03347818407892399,0.029558082959756687,0.004000251529289967,0.0003349939662428567,2.488120055306875e-05,0.014291948715385102,0.6693835682311235,0.22731966471153336,0.020621974725065797,0.0009864498821256747
P02,22,A,alpha,1799551287-α-1,P02-T22-Aα,25,59,B3,L4,L,False,59,True,R2,False,4.9165255034073085e-05,False,0.4398219585418701,0.0065674198557909794,0.0104586762443015,0.00039354175558369025,4.9165255034073085e-05,8.803832830037612e-06,0.00803641761116468,0.7863735205593977,0.17198923653080211,0.015602511525883026,0.0005207068292123933
P02,22,A,alpha,1799551287-α-1,P02-T22-Aα,26,60,C4,L5,L,False,60,True,R2,False,6.259766623741595e-07,False,0.43428516387939453,0.003126068551973132,0.0030156112075977906,8.576043853900386e-05,3.9414860051486605e-06,6.259766623741595e-07,0.014973462277286421,0.8487821283549961,0.1195581103060885,0.010012181802739413,0.0004421095981121487
P02,22,A,alpha,1799551287-α-1,P02-T22-Aα,27,65,F4,R5,R,False,65,True,R2,False,0.00027157707194411327,False,0.633338212966919,3.4682605534088194e-05,1.71885931292763e-05,7.292388016409333e-07,4.093564717956172e-08,5.54003740552003e-09,0.051238473974726764,0.8769857070325743,0.06779515245463685,0.0036564425529683462,0.00027157707194411327
P02,22,A,alpha,1799551287-α-1,P02-T22-Aα,28,60,C4,L5,L,False,60,True,R2,False,4.1113327492294045e-06,False,0.4497220516204834,0.0027473528932580983,0.001658630010668787,0.00010086139482083489,1.2600635457611905e-05,4.1113327492294045e-06,0.011390535918100164,0.8853578971758683,0.09055813017197009,0.007583629924198739,0.0005862505429082242
P02,22,A,alpha,1799551287-α-1,P02-T22-Aα,29,59,B3,L4,L,False,59,True,R2,False,6.182494386847239e-05,False,0.4265470504760742,0.023175007989376235,0.012636022031835736,0.0005360925990103003,6.182494386847239e-05,1.5868038128392114e-05,0.011777432639168561,0.8096091711860607,0.1285800447203275,0.013151707873667028,0.00045682797855738105
P02,23,A,beta,1799551287-β-9,P02-T23-Aβ,0,62,D4,R4,R,False,62,True,R2,False,0.016928160721836217,False,1.4374690055847168,0.002139462375006001,0.002201146916203167,0.00020783278311575575,1.5436484472250755e-05,7.384025289090244e-07,0.01104125775180993,0.756708835559049,0.21039328186791798,0.016928160721836217,0.0003638471380607573
P02,23,A,beta,1799551287-β-9,P02-T23-Aβ,1,67,G4,R2,R,False,67,True,R2,True,0.7758755765020456,False,0.46036195755004883,1.1575817805475931e-08,4.7091278721405185e-09,1.0299422428151211e-09,2.2526061137789142e-10,1.963390668854353e-11,0.1816137258393498,0.7758755765020456,0.04020503223510041,0.0021684056364686395,0.00013724222725311236
P02,23,A,beta,1799551287-β-9,P02-T23-Aβ,2,64,E4,R3,R,False,64,True,R2,False,0.09454170073342343,False,0.34161901473999023,1.865086264226031e-05,1.4832137714667259e-05,2.8771387011554916e-06,2.8274673644362565e-07,1.4077131098109174e-08,0.04179315943732485,0.8532401253786073,0.09454170073342343,0.009670122861055957,0.0007182346266628581
P02,23,A,beta,1799551287-β-9,P02-T23-Aβ,3,62,D4,R2,R,False,62,True,R2,True,0.8807130310470238,False,0.43430399894714355,6.516123069865038e-05,3.841650254001807e-05,6.609361948055273e-06,5.760776150129172e-07,3.1069989948841556e-08,0.021343171275674734,0.8807130310470238,0.09008303372468136,0.0075438438152353885,0.0002061258945932164
P02,23,A,beta,1799551287-β-9,P02-T23-Aβ,4,59,B3,L4,L,False,59,True,R2,False,0.000662738084897807,False,0.4075629711151123,0.014254608218747725,0.0334022942502128,0.0047049944232250744,0.000662738084897807,7.343347297368156e-05,0.011860200214828387,0.7737627812706874,0.14673446425924974,0.013854700865948205,0.0006897849392292671
P02,23,A,beta,1799551287-β-9,P02-T23-Aβ,5,59,B3,L4,L,False,59,True,R2,False,2.1857313291204832e-05,False,0.3563098907470703,0.0042510453620142625,0.007219460960892275,0.00022241290125710826,2.1857313291204832e-05,2.520697300875049e-06,0.010698014389108527,0.8428426543709799,0.12356660111121005,0.010770170165116067,0.0004052627288299751
P02,23,A,beta,1799551287-β-9,P02-T23-Aβ,6,60,C4,R4,R,False,60,True,R2,False,0.006780081472104354,False,0.3107008934020996,0.0003272880041648713,0.00020887675674665895,1.749201336120169e-05,1.199307608552761e-06,1.0879873161232635e-07,0.015705156821867856,0.8924666253731132,0.0842668979629801,0.006780081472104354,0.0002262734893215438
P02,23,A,beta,1799551287-β-9,P02-T23-Aβ,7,64,E4,R5,R,False,64,True,R2,False,0.0008929708886396482,False,0.2999732494354248,9.408828121489668e-06,6.262340398629529e-06,5.038654458054422e-07,4.219531769619752e-08,4.146685165720497e-09,0.015841519238371946,0.7401099097477097,0.22291682099487248,0.020222557754437168,0.0008929708886396482
P02,23,A,beta,1799551287-β-9,P02-T23-Aβ,8,60,C4,L2,L,False,60,True,R2,False,0.00047916739758497,False,0.33155083656311035,0.0006289378513290571,0.00047916739758497,3.855362037688357e-05,3.6402414410108583e-06,3.8753465938939194e-07,0.007795530476798518,0.849200000497389,0.12957951788464245,0.01175518865072358,0.0005190758450552632
P02,23,A,beta,1799551287-β-9,P02-T23-Aβ,9,59,B3,L1,L,False,59,True,R2,False,0.004337382259366959,False,0.4164092540740967,0.004337382259366959,0.004749451332009711,0.00035275874498319563,2.620065423629963e-05,2.6799131339879954e-06,0.010022554945435764,0.7947511941392903,0.17382153332773012,0.011450450821985038,0.00048579386182866593
P02,23,A,beta,1799551287-β-9,P02-T23-Aβ,10,60,C4,R4,R,False,60,True,R2,False,0.008552059585016574,False,0.2998049259185791,0.0007677168796937926,0.0007454047951836426,4.910335783098567e-05,2.756405346201981e-06,2.4025063694932216e-07,0.008901075757620535,0.850795795144414,0.12982302035859825,0.008552059585016574,0.0003628274656590188
P02,23,A,beta,1799551287-β-9,P02-T23-Aβ,11,64,E4,R5,R,False,64,True,R2,False,0.00032739780921738434,False,0.3041861057281494,6.79086692538844e-05,1.1372247681105964e-05,1.0316670339302e-06,7.073434588324288e-08,1.0370147568219695e-08,0.014225068133724959,0.8316574975583133,0.143082400914839,0.010627241895442967,0.00032739780921738434
P02,23,A,beta,1799551287-β-9,P02-T23-Aβ,12,62,D4,R4,R,False,62,True,R2,False,0.009077752062196588,False,0.3170480728149414,0.0003154454987486075,6.625970009667772e-05,6.511578309570179e-06,4.121293060249767e-07,3.891334106061545e-08,0.014095091154828801,0.8676831311393098,0.10839983769436438,0.009077752062196588,0.0003555201294984807
P02,23,A,beta,1799551287-β-9,P02-T23-Aβ,13,57,A3,L2,L,False,57,True,R2,False,0.04569587959564298,False,0.4046461582183838,0.07067393769010138,0.04569587959564298,0.0038267203536117523,0.00021481203948254827,2.3801852428920688e-05,0.004114172833108052,0.7821199611726735,0.08666136191615816,0.00643664944244047,0.00023270310435232714
P02,23,A,beta,1799551287-β-9,P02-T23-Aβ,14,60,C4,L1,L,False,60,True,R2,False,0.003086712827768913,False,0.3115520477294922,0.003086712827768913,0.0013225794616716093,0.00010641422338110605,7.2960948018865415e-06,1.4152967782283071e-06,0.013447790369047436,0.862283383144857,0.11212159672221356,0.007385982649972008,0.00023682920950839176
P02,23,A,beta,1799551287-β-9,P02-T23-Aβ,15,64,E4,R5,R,False,64,True,R2,False,0.00023318538809478437,False,0.3472158908843994,8.637308875361781e-05,3.703390314295705e-05,2.539161210125162e-06,1.7409290147237443e-07,3.244638624764362e-08,0.036020150402819535,0.8836654274615907,0.07400099323994028,0.005954090815160401,0.00023318538809478437
P02,23,A,beta,1799551287-β-9,P02-T23-Aβ,16,59,B3,L2,L,False,59,True,R2,False,0.010752713967211235,False,0.344728946685791,0.02895547805450832,0.010752713967211235,0.0008312357622963089,6.425846485150459e-05,9.420738323038969e-06,0.007471727859738891,0.875817893135291,0.07046796326586954,0.005447507609836025,0.00018180114207398828
P02,23,A,beta,1799551287-β-9,P02-T23-Aβ,17,57,A3,L1,L,False,57,True,R2,False,0.10743855578665389,False,0.41974520683288574,0.10743855578665389,0.19720861729736053,0.014073057297799126,0.0008557834956074456,9.86933352133049e-05,0.0065000665208739825,0.6290823306537121,0.041440644045802506,0.0032035582317639375,9.86933352133049e-05
P02,23,A,beta,1799551287-β-9,P02-T23-Aβ,18,52,E3,L3,L,False,52,True,L3,True,0.6230581588667413,False,0.46595096588134766,0.10188678836586972,0.19199441590819832,0.6230581588667413,0.07963600285700705,0.003367876346635345,1.8993981067777458e-05,3.534728432052214e-05,2.2371921313568447e-06,1.7294555703633364e-07,6.252471626144407e-09
P02,23,A,beta,1799551287-β-9,P02-T23-Aβ,19,55,G3,L2,L,False,55,True,L2,True,0.8199252113759321,False,0.3821580410003662,0.0362055756502793,0.8199252113759321,0.12020674441391062,0.011246579418139984,0.0006533024805643017,0.0009205516600895772,0.010066500515157553,0.0007183582567516576,5.553249858348819e-05,1.6437305915330136e-06
P02,23,A,beta,1799551287-β-9,P02-T23-Aβ,20,60,C4,R4,R,False,60,True,R2,False,0.008939327167377088,False,0.2934560775756836,0.0011472667489193728,0.00037925757983712155,2.816881751941141e-05,3.12119394848303e-06,2.7204592212776394e-07,0.019114750709243608,0.854451997997351,0.11563750316106114,0.008939327167377088,0.0002983345788205525
P02,23,A,beta,1799551287-β-9,P02-T23-Aβ,21,57,A3,L1,L,False,57,True,R2,False,0.04201853830427753,False,0.3514211177825928,0.04201853830427753,0.03894533316872802,0.0023682681489503297,0.000232738202669953,6.144766249500888e-05,0.01622935731169412,0.8141616627639849,0.08001058586142581,0.005709656985021579,0.0002624115907526149
P02,23,A,beta,1799551287-β-9,P02-T23-Aβ,22,60,C4,L2,L,False,60,True,R2,False,0.0007114701741108589,False,0.27936625480651855,0.0033955191347162217,0.0007114701741108589,4.1568118736306254e-05,3.770974653848989e-06,8.247569821922861e-07,0.01560058456543145,0.8796976051772415,0.09365129135317958,0.0066830750465578966,0.00021429069839035733
P02,23,A,beta,1799551287-β-9,P02-T23-Aβ,23,64,E4,R2,R,False,64,True,R2,True,0.7292504570865334,False,0.321491003036499,0.00010076975741635932,1.2676786857851986e-05,8.023362573517059e-07,6.993231134959407e-08,8.736658496442137e-09,0.03529065925620292,0.7292504570865334,0.2196460167087916,0.015059623702977983,0.0006389156959924759
P02,23,A,beta,1799551287-β-9,P02-T23-Aβ,24,59,B3,L1,L,False,59,True,R2,False,0.03142189388470192,False,0.30623483657836914,0.03142189388470192,0.0075672572562925,0.0004081300865822297,4.522210261600383e-05,1.064024607137523e-05,0.02191487090894625,0.8488060239261295,0.08341521145380223,0.006195546232179179,0.00021520390267884323
P02,23,A,beta,1799551287-β-9,P02-T23-Aβ,25,62,D4,R1,R,False,62,True,R2,False,0.0180076858318215,False,0.28196191787719727,0.000643840732330584,0.00010761434281703942,6.287439646417623e-06,7.854911692127337e-07,2.1018521075402062e-07,0.0180076858318215,0.8720080516573395,0.10056443410354775,0.008421590091684927,0.00023950012443214077
P02,23,A,beta,1799551287-β-9,P02-T23-Aβ,26,60,C4,L3,L,False,60,True,R2,False,5.502922269711343e-05,False,0.2644212245941162,0.005158281114847297,0.0008353613334315126,5.502922269711343e-05,5.858328745487528e-06,1.5411729910466238e-06,0.013455816540195708,0.880164733326132,0.0937010211172639,0.006424437555276217,0.0001979202884196368
P02,23,A,beta,1799551287-β-9,P02-T23-Aβ,27,64,E4,R3,R,False,64,True,R2,False,0.31670841750472845,False,0.2911491394042969,9.239118747725313e-05,1.1310560094586601e-05,8.071359277434974e-07,1.0083566272609482e-07,3.2215740652325787e-08,0.029267527737156924,0.6251436929225272,0.31670841750472845,0.027604575334888793,0.0011711445657954628
P02,23,A,beta,1799551287-β-9,P02-T23-Aβ,28,62,D4,R4,R,False,62,True,R2,False,0.017980976906162398,False,0.3644721508026123,0.0005484392814408414,8.797649174107117e-05,6.800999859155607e-06,7.240242732892149e-07,1.9341244287571976e-07,0.015322377790131174,0.7419741175137146,0.2234783095837949,0.017980976906162398,0.0006000839964397465
P02,23,A,beta,1799551287-β-9,P02-T23-Aβ,29,64,E4,R5,R,False,64,True,R2,False,0.00040558746421514213,False,0.36356186866760254,0.00013568683454536794,1.5261549261258758e-05,1.0053508097518717e-06,1.0283151004629346e-07,3.355184397868162e-08,0.036771157031917585,0.7786652734539997,0.17030335126128657,0.013702540670610606,0.00040558746421514213
P02,24,B,gamma,1799551287-γ-1,P02-T24-Bγ,0,55,G3,L3,L,False,55,True,L3,True,0.5330697199731734,False,0.8669061660766602,0.006732354103002284,0.3126191447612917,0.5330697199731734,0.14240174061388497,0.005148226169897145,2.4066216893491638e-05,3.843592596758635e-06,7.760079618756043e-07,1.1376816987954692e-07,1.4793128468435263e-08
P02,24,B,gamma,1799551287-γ-1,P02-T24-Bγ,1,60,C4,L5,L,False,60,True,L5,True,0.5794108548176256,False,0.8519017696380615,0.00048547218578824837,0.006448498681770814,0.03732302358566218,0.37292859695974806,0.5794108548176256,0.0020451515821597187,0.001042906805568501,0.0002676732710073626,4.2511179939009575e-05,5.310930730592586e-06
P02,24,B,gamma,1799551287-γ-1,P02-T24-Bγ,2,57,A3,L2,L,False,57,True,L2,True,0.8690444755704914,False,0.5089747905731201,0.03923956465156995,0.8690444755704914,0.08205537335087931,0.007443895526790374,0.0005103769565116679,0.0009031768042800813,0.0007028542770895035,8.7807733981473e-05,1.188348454874779e-05,5.916438576769609e-07
P02,24,B,gamma,1799551287-γ-1,P02-T24-Bγ,3,48,C3,L4,L,False,48,True,L2,False,0.08563516501941283,False,1.1808969974517822,0.013374563609586436,0.44146379188326285,0.44146379188326285,0.08563516501941283,0.01806268494402433,1.8913887750163207e-09,6.099407626474715e-10,1.2817055552793753e-10,2.91764489792488e-11,1.7742216896096012e-12
P02,24,B,gamma,1799551287-γ-1,P02-T24-Bγ,4,64,E4,R2,R,False,64,True,R2,True,0.7002372811575104,False,0.6424961090087891,9.45495365329753e-06,4.6607413789062355e-06,1.1042590087012765e-06,1.899820907773879e-07,1.590971308644781e-08,0.16590564957031168,0.7002372811575104,0.12047222768056703,0.012825293178109987,0.0005441225676561433
P02,24,B,gamma,1799551287-γ-1,P02-T24-Bγ,5,69,A4,R5,R,False,69,True,R4,False,0.28467232065329484,False,0.8105511665344238,1.019074102197189e-08,5.7365003235968604e-09,1.72780069409985e-09,3.220170851630414e-10,2.297954801608151e-11,0.007966219158770653,0.0400984935671525,0.24258174993530293,0.42468119868544035,0.28467232065329484
P02,24,B,gamma,1799551287-γ-1,P02-T24-Bγ,6,53,F3,L2,L,False,53,True,L2,True,0.73397242773304,False,0.564410924911499,0.031139324179236306,0.73397242773304,0.21240003698835208,0.020873313217344376,0.001613606060458505,7.698930697949331e-07,4.612692927022808e-07,4.910603901716061e-08,9.914338290074404e-09,1.6388290968020028e-09
P02,24,B,gamma,1799551287-γ-1,P02-T24-Bγ,7,53,F3,L2,L,False,53,True,L2,True,0.7765537026152629,False,0.4213738441467285,0.03164612821417876,0.7765537026152629,0.1767728897692292,0.014223077194810625,0.0007984090651022705,3.265499390402354e-06,2.2313818986037584e-06,2.3754957962429366e-07,5.1954916804334676e-08,6.755630855863511e-09
P02,24,B,gamma,1799551287-γ-1,P02-T24-Bγ,8,65,F4,R2,R,False,65,True,R2,True,0.8700154721837245,False,0.5595803260803223,2.5353150229618772e-06,6.416362495130999e-07,7.109532296581392e-08,9.621705670376881e-09,1.1096243710288261e-09,0.039985264374731176,0.8700154721837245,0.07583128934063114,0.01253482782041577,0.001629887502571692
P02,24,B,gamma,1799551287-γ-1,P02-T24-Bγ,9,50,D3,L4,L,False,50,True,L2,False,0.04198596329949943,False,0.8455097675323486,0.16469646450934147,0.6001101590101602,0.1773503858475549,0.04198596329949943,0.01585664245228728,2.848447095090929e-07,8.767509808934525e-08,1.0111141299177743e-08,2.04140422125594e-09,2.0880341135691383e-10
P02,24,B,gamma,1799551287-γ-1,P02-T24-Bγ,10,60,C4,L2,L,False,60,True,R2,False,0.00013852744938917566,False,0.5287802219390869,0.0004500981213902705,0.00013852744938917566,4.1723665946980185e-05,7.776205517478833e-06,8.967918425200958e-07,0.023845091424952412,0.8151019663848722,0.14023410680858606,0.018978622564373396,0.0012011905831293718
P02,24,B,gamma,1799551287-γ-1,P02-T24-Bγ,11,55,G3,L4,L,False,55,True,L4,True,0.5783715154137463,False,0.8665421009063721,0.0007639191168810566,0.07758977846516796,0.28152363991062856,0.5783715154137463,0.06157256650650939,9.119462630794731e-05,7.13767154065264e-05,1.3845658273142937e-05,2.029869898120436e-06,1.3371718105623145e-07
P02,24,B,gamma,1799551287-γ-1,P02-T24-Bγ,12,65,F4,R2,R,False,65,True,R2,True,0.8685554369054913,False,0.5904271602630615,7.876101571961486e-06,7.061000061613153e-06,8.821322360315348e-07,1.0588376885331793e-07,9.228919449258811e-09,0.06714345261059582,0.8685554369054913,0.05721587611186636,0.0065984278378997795,0.000470872187588728
P02,24,B,gamma,1799551287-γ-1,P02-T24-Bγ,13,67,G4,R5,R,False,67,True,R3,False,0.1213711477387965,False,0.7541561126708984,5.409009614001753e-07,5.866120776448868e-07,7.041200298420493e-08,8.796586474143925e-09,6.800178341707383e-10,0.004925627804632192,0.09937029119012385,0.3871658629324005,0.3871658629324005,0.1213711477387965
P02,24,B,gamma,1799551287-γ-1,P02-T24-Bγ,14,48,C3,L3,L,False,48,True,L3,True,0.46336353977498074,False,1.168501853942871,0.0920987079302564,0.25522380080530194,0.46336353977498074,0.18533051719305751,0.0039834202536269125,1.0602765851416996e-08,3.057664436314915e-09,3.127507812707818e-10,5.828860661486745e-11,1.1306826376229182e-11
P02,24,B,gamma,1799551287-γ-1,P02-T24-Bγ,15,50,D3,L5,L,False,50,True,L5,True,0.5831298610179719,False,0.8536388874053955,0.0010991394298591262,0.009443288543008384,0.05964497524636488,0.34668268451018797,0.5831298610179719,3.544991147398787e-08,1.3789679715480442e-08,1.5279400652802382e-09,3.921622842932931e-10,9.291413105727117e-11
P02,24,B,gamma,1799551287-γ-1,P02-T24-Bγ,16,62,D4,R3,R,False,62,True,R3,True,0.5059623883902408,False,0.6929190158843994,0.002170587449969592,0.000662028266068358,0.00010943253635236419,1.6043571712839222e-05,1.514837621992163e-06,0.008913375146110776,0.0982537063824062,0.5059623883902408,0.31786276771152244,0.06604815570799458
P02,24,B,gamma,1799551287-γ-1,P02-T24-Bγ,17,53,F3,L4,L,False,53,True,L3,False,0.31686761943930364,False,0.6790671348571777,0.009883582050864217,0.1796504740985122,0.47271094056234825,0.31686761943930364,0.020873576616243034,7.76703020415244e-06,5.084716935313394e-06,7.758774949032886e-07,1.696936309540557e-07,9.914463398424938e-09
P02,24,B,gamma,1799551287-γ-1,P02-T24-Bγ,18,71,B4,R1,R,False,71,True,R1,True,0.7186532358932666,False,1.2106082439422607,4.250351644433056e-10,4.943431366520473e-11,5.47747808557895e-12,1.1510157249918482e-12,1.3815829191306644e-13,0.7186532358932666,0.24405142339961028,0.0304893961126794,0.005459618714045157,0.001346325399162313
P02,24,B,gamma,1799551287-γ-1,P02-T24-Bγ,19,62,D4,L2,L,False,62,True,R2,False,0.285922514312345,False,0.935168981552124,0.014170927623242605,0.285922514312345,0.1464243210268808,0.018233465637205137,0.0008714519392511254,0.16623278706740982,0.3382399490770656,0.02512229131298774,0.00432216118786598,0.0004601308157462673
P02,24,B,gamma,1799551287-γ-1,P02-T24-Bγ,20,72,C5,R3,R,False,72,True,R2,False,0.3098925536336172,False,1.8936901092529297,6.4447351768170306e-12,1.4615411675191364e-12,3.751202916050689e-13,1.0020787237143791e-13,3.0182031146313684e-14,0.07054322455651331,0.5877053026051391,0.3098925536336172,0.025951402028281684,0.005907517168037035
P02,24,B,gamma,1799551287-γ-1,P02-T24-Bγ,21,60,C4,L4,L,False,60,True,L4,True,0.5143998309567767,False,1.100783109664917,0.0013271062822941457,0.07563504467576086,0.3735309419201328,0.5143998309567767,0.025610459552262696,0.0027198008625129023,0.004967918027037096,0.0015573736492337066,0.00023763980983955546,1.3884264149553365e-05
P02,24,B,gamma,1799551287-γ-1,P02-T24-Bγ,22,62,D4,R5,R,False,62,True,R5,True,0.38238929543973177,True,1.0520009994506836,4.798580776245735e-05,2.390755377828605e-05,5.664363132261608e-06,9.745245837342565e-07,9.577002510316321e-08,0.008358726477547623,0.03057766112816075,0.12985769378585363,0.4487379951494243,0.38238929543973177
P02,24,B,gamma,1799551287-γ-1,P02-T24-Bγ,23,57,A3,R3,R,False,57,True,R3,True,0.7322260935588735,False,1.1270883083343506,0.022883867694715013,0.025434062965861835,0.002707672303633395,0.0002556590232515112,1.9763654434445617e-05,0.008944218334376157,0.08444406286690477,0.7322260935588735,0.11629026350734557,0.0067943360906039555
P02,24,B,gamma,1799551287-γ-1,P02-T24-Bγ,24,57,A3,L1,L,False,57,True,L1,True,0.9700662640680103,False,0.9530360698699951,0.9700662640680103,0.015613996277370973,0.0031990502058520964,0.0008555593964679947,0.00018268114144096698,0.005825775572443952,0.003487255366872177,0.0006499336481887391,0.00011181774599664998,7.666577355952207e-06
P02,24,B,gamma,1799551287-γ-1,P02-T24-Bγ,25,59,B3,R5,R,False,59,True,R5,True,0.28343304232747324,True,1.4698128700256348,0.011645771972288568,0.003923467829082055,0.0005752076994378799,5.0135592850493056e-05,4.927004475818344e-06,0.011985269393828947,0.0172355810539897,0.08885234197517741,0.5822942551513958,0.28343304232747324
P02,24,B,gamma,1799551287-γ-1,P02-T24-Bγ,26,69,A4,R1,R,False,69,True,R1,True,0.8754552289854318,False,0.8862042427062988,6.066181047447397e-07,1.4697383396994003e-07,1.9890745448692686e-08,2.1175390114562565e-09,2.1659079797600634e-10,0.8754552289854318,0.10096198024614966,0.019584609197920308,0.003369431422483863,0.0006279743312004422
P02,24,B,gamma,1799551287-γ-1,P02-T24-Bγ,27,71,B4,R1,R,False,71,True,R1,True,0.8978833049714258,False,0.7024331092834473,4.903041938403232e-08,1.3138550144661316e-08,1.5152048856977197e-09,1.6788948690134656e-10,2.3648648014168126e-11,0.8978833049714258,0.07826027337480729,0.01929874581146762,0.003596783989457131,0.0009608279771295664
P02,24,B,gamma,1799551287-γ-1,P02-T24-Bγ,28,62,D4,L3,L,False,62,True,L3,True,0.8128353415536738,False,0.8185651302337646,0.0006547411984052718,0.09697947852995466,0.8128353415536738,0.06540041193353047,0.0015227662118716388,0.01512212792063318,0.005932991514894353,0.0012467355274073722,0.00027267587972963116,3.2729729899741767e-05
P02,24,B,gamma,1799551287-γ-1,P02-T24-Bγ,29,65,F4,R4,R,False,65,True,R4,True,0.23021365677287364,True,1.2500698566436768,1.76476712957923e-05,8.221585709780653e-06,1.5322896180806155e-06,1.9142926713649608e-07,1.2115896832858876e-08,0.011461663068967022,0.34343841890808335,0.3872257360302627,0.23021365677287364,0.027632920128025568
P02,25,B,beta,1799551287-β-7,P02-T25-Bβ,0,62,D4,R1,R,False,62,True,R1,True,0.9195979535849336,False,1.5213220119476318,0.0037518619394714854,0.002021695604660506,0.00016930331109983585,2.0321752143695065e-05,1.7712612200438067e-06,0.9195979535849336,0.0710892811140729,0.003016015434145346,0.00032108049230385633,1.0715505948651002e-05
P02,25,B,beta,1799551287-β-7,P02-T25-Bβ,1,64,E4,R2,R,False,64,True,R2,True,0.7345449682988642,False,0.6002049446105957,0.000562796946402967,0.00033934133738043907,4.592485600827267e-05,3.1487529820082164e-06,1.9929014435899202e-07,0.1955704067594709,0.7345449682988642,0.061513164987864216,0.007094013197659752,0.00032603557322295133
P02,25,B,beta,1799551287-β-7,P02-T25-Bβ,2,60,C4,L3,L,False,60,True,L3,True,0.7009947416095871,False,1.33036208152771,0.0008103092982314626,0.21255178961845647,0.7009947416095871,0.05870356078555477,0.0016694602752788672,0.013781504571332176,0.008268890874695822,0.0028080783430929706,0.0003955414812306599,1.6123142539829283e-05
P02,25,B,beta,1799551287-β-7,P02-T25-Bβ,3,59,B3,L5,L,False,59,True,L5,True,0.8431401164122324,False,0.8583559989929199,0.0007706306832693222,0.002771202090973266,0.015148951970149874,0.13593646887507646,0.8431401164122324,0.0017017712746048345,0.00040540575704281663,0.00010829818932632687,1.5877268541350294e-05,1.2774787830937675e-06
P02,25,B,beta,1799551287-β-7,P02-T25-Bβ,4,62,D4,R5,R,False,62,True,R5,True,0.6686135055003883,False,1.208169937133789,0.000507859239528196,0.0008396301123650963,0.00011826897178550696,1.3104575610099934e-05,6.524384018318877e-07,0.004385913996006616,0.007533179423289084,0.04065842914154514,0.2773294566010801,0.6686135055003883
P02,25,B,beta,1799551287-β-7,P02-T25-Bβ,5,60,C4,L3,L,False,60,True,L3,True,0.5864606956394671,False,0.8272638320922852,0.0010142056048514855,0.1928650166820124,0.5864606956394671,0.20728727865857283,0.012110897301596178,0.0001932685530483573,4.1341255740958524e-05,2.094418264410108e-05,5.594930555059863e-06,7.571915113582052e-07
P02,25,B,beta,1799551287-β-7,P02-T25-Bβ,6,59,B3,L1,L,False,59,True,L1,True,0.7357347598746763,False,0.6689350605010986,0.7357347598746763,0.24005538634894064,0.020923431872208544,0.0024129973131941066,0.00022783574488386535,0.0004620618483419403,0.00011542545982643764,5.3980612383005926e-05,1.3311455125357944e-05,8.094704198057946e-07
P02,25,B,beta,1799551287-β-7,P02-T25-Bβ,7,60,C4,L2,L,False,60,True,L2,True,0.8194447849370812,False,0.6179089546203613,0.010681385351371505,0.8194447849370812,0.09450256900687799,0.005096872005897274,0.0002748931009760019,0.01331148264329092,0.04983048868993218,0.005521375529583042,0.0012075904606468916,0.000128558274343121
P02,25,B,beta,1799551287-β-7,P02-T25-Bβ,8,64,E4,R1,R,False,64,True,R2,True,0.45743533579378187,False,0.6762559413909912,0.000330556938904073,0.00015345245984085002,1.5080323448369618e-05,9.93412603832076e-07,9.762621856314318e-08,0.45743533579378187,0.495533783562956,0.03987045335658336,0.006332122779808604,0.0003281237458544325
P02,25,B,beta,1799551287-β-7,P02-T25-Bβ,9,59,B3,L2,L,False,59,True,L2,True,0.7845431634830293,False,0.5719411373138428,0.004222993317358705,0.7845431634830293,0.20136145789315493,0.00889155180942293,0.000263184911324967,0.0005625133654269962,0.0001281058493220527,2.203995340154879e-05,4.6313892172494e-06,3.5802834133136183e-07
P02,25,B,beta,1799551287-β-7,P02-T25-Bβ,10,57,A3,L3,L,False,57,True,L3,True,0.5706422540141678,False,0.574429988861084,0.0017276506640525452,0.38251294198065794,0.5706422540141678,0.044113351332544765,0.0008409378582383196,0.00012657242301543454,2.9210194262341842e-05,5.897436511514282e-06,1.0991286910909048e-06,8.496785817856612e-08
P02,25,B,beta,1799551287-β-7,P02-T25-Bβ,11,62,D4,R1,R,False,62,True,R1,True,0.6289393162412918,False,0.7211542129516602,0.00024051011821606006,9.10847192747956e-05,2.433194398794723e-05,2.806084385501372e-06,2.002457442317292e-07,0.6289393162412918,0.3316349366368483,0.03392101641305756,0.004973057168692115,0.00017274042850150913
P02,25,B,beta,1799551287-β-7,P02-T25-Bβ,12,64,E4,R3,R,False,64,True,R3,True,0.4662344400988326,False,0.7202932834625244,1.859629101028664e-05,6.125398876113058e-06,1.4512770267514553e-06,1.7419914494224197e-07,1.0177701053697094e-08,0.018259556703565646,0.4303886329036531,0.4662344400988326,0.08021324075641986,0.004877772193769579
P02,25,B,beta,1799551287-β-7,P02-T25-Bβ,13,59,B3,L2,L,False,59,True,L2,True,0.8877595326694407,False,0.6217029094696045,0.013789342240567638,0.8877595326694407,0.07737787676095906,0.0038524176404580173,0.00012352655939278616,0.012955890756872087,0.0034167879360919094,0.0006627886683421173,6.0126831455412156e-05,1.7099364203797809e-06
P02,25,B,beta,1799551287-β-7,P02-T25-Bβ,14,60,C4,R2,R,False,60,True,R2,True,0.6997265644964167,False,0.9943130016326904,0.007303907689720808,0.005532775766808952,0.0009145616830328559,0.00011425638512998724,9.193023816181903e-06,0.01388334106132613,0.6997265644964167,0.23762401047788803,0.03347134288884116,0.001420046527018991
P02,25,B,beta,1799551287-β-7,P02-T25-Bβ,15,62,D4,R4,R,False,62,True,R3,False,0.1972319773057927,False,0.6512739658355713,0.003933155085228983,0.002364616534987805,0.0003755423118166286,3.690588952837127e-05,2.1562511737073888e-06,0.009213003104933696,0.3106778139356443,0.44903548773389235,0.1972319773057927,0.027129341847001425
P02,25,B,beta,1799551287-β-7,P02-T25-Bβ,16,57,A3,L3,L,False,57,True,L2,True,0.4678469021470794,False,0.7106890678405762,0.008232922955268087,0.4678469021470794,0.4678469021470794,0.05395450061739453,0.0016621984775868955,7.486872208294692e-05,0.0002859727107233191,7.339797812176161e-05,2.0407375695697215e-05,1.926868968038525e-06
P02,25,B,beta,1799551287-β-7,P02-T25-Bβ,17,60,C4,R3,R,False,60,True,R2,True,0.4516658845082051,False,0.6660928726196289,0.005220686061311017,0.0073370929838296,0.0014813335256382133,9.007998446289468e-05,4.30896610242167e-06,0.006507417713452541,0.4516658845082051,0.4516658845082051,0.07465986855682581,0.0013674431919671814
P02,25,B,beta,1799551287-β-7,P02-T25-Bβ,18,62,D4,R1,R,False,62,True,R1,True,0.7433843762618021,False,0.6329739093780518,0.0014903273977546413,0.001842665640758705,0.00035744035892234713,3.960552069476229e-05,1.8945257057941387e-06,0.7433843762618021,0.22390307135601742,0.025821648804926656,0.0029778847738305106,0.00018108535958731624
P02,25,B,beta,1799551287-β-7,P02-T25-Bβ,19,59,B3,L5,L,False,59,True,L5,True,0.5722142818976297,False,0.7273759841918945,0.0003999459614174408,0.004948724920368112,0.041442886618782614,0.380059083869298,0.5722142818976297,0.0008890898242373856,3.1440032569397426e-05,1.2529451631222158e-05,1.8369048408126406e-06,1.805192251206671e-07
P02,25,B,beta,1799551287-β-7,P02-T25-Bβ,20,52,E3,L4,L,False,52,True,L3,False,0.15812592805441647,False,0.9629068374633789,0.01907287813534606,0.38122575352334154,0.4298308368385427,0.15812592805441647,0.011744578485063833,1.813305015910071e-08,4.388126131075787e-09,1.9717121688919928e-09,4.1432784870970117e-10,5.607317675794383e-11
P02,25,B,beta,1799551287-β-7,P02-T25-Bβ,21,50,D3,L2,L,False,50,True,L1,False,0.14032110561061442,False,0.8712770938873291,0.5609321114009991,0.14032110561061442,0.24522631238079165,0.050466650672216895,0.0030533456959025906,3.3638740108183143e-07,8.927741075839601e-08,4.0114926495137816e-08,7.78149513802285e-09,6.782417418773384e-10
P02,25,B,beta,1799551287-β-7,P02-T25-Bβ,22,52,E3,L4,L,False,52,True,L3,False,0.30411560189475206,False,0.8272879123687744,0.022845286754702078,0.18080297428475348,0.47220249032390127,0.30411560189475206,0.02003354059205452,7.377218431109804e-08,2.1177058647571846e-08,9.142359073431561e-09,1.9211394171975747e-09,1.3709494780603447e-10
P02,25,B,beta,1799551287-β-7,P02-T25-Bβ,23,55,G3,L2,L,False,55,True,L2,True,0.7865020927042496,False,0.73934006690979,0.05181063221274445,0.7865020927042496,0.14658352218060763,0.014405288315204769,0.0006890753746898871,6.186438475169236e-06,2.2599680189069057e-06,7.674750273214422e-07,1.6127418698602738e-07,1.4056795456540937e-08
P02,25,B,beta,1799551287-β-7,P02-T25-Bβ,24,57,A3,L1,L,False,57,True,L1,True,0.9123503294441189,False,0.6612699031829834,0.9123503294441189,0.08276655457009169,0.004120704110953694,0.0005576766579901926,7.855345342902427e-05,8.043584146460543e-05,3.258263013593417e-05,1.1064915407907197e-05,1.9036618645669679e-06,1.9471454367185334e-07
P02,25,B,beta,1799551287-β-7,P02-T25-Bβ,25,64,E4,R3,R,False,64,True,R2,True,0.45154476186232395,False,0.7396609783172607,0.0001638274583083631,2.8639597362837498e-06,4.7430440280382504e-07,1.1882914731508869e-07,2.9197404992788067e-08,0.021599593785368385,0.45154476186232395,0.45154476186232395,0.07171317685103673,0.003430391889947247
P02,25,B,beta,1799551287-β-7,P02-T25-Bβ,26,60,C4,L2,L,False,60,True,L2,True,0.8694029340256366,False,1.0243959426879883,0.0028883584522212354,0.8694029340256366,0.1130473427452747,0.004991850553001839,0.00013639593900858618,0.005765155991508548,0.0028513902812533705,0.0008251473465795161,8.784395240936432e-05,3.580713106376399e-06
P02,25,B,beta,1799551287-β-7,P02-T25-Bβ,27,60,C4,R1,R,False,60,True,R1,True,0.8941473326625087,False,0.7870171070098877,0.009677875675629279,0.003581818252471749,0.00032493522091889715,2.0565724734287523e-05,1.2015661636433554e-06,0.8941473326625087,0.08111521595833025,0.009736391468536887,0.0013176772970969791,7.698617360919441e-05
P02,25,B,beta,1799551287-β-7,P02-T25-Bβ,28,62,D4,R2,R,False,62,True,R2,True,0.665814058934048,False,0.7149398326873779,0.0005252720739684052,0.00033320760019845563,3.2745505622126794e-05,3.930496366254945e-06,3.2915244388859413e-07,0.254935466548061,0.665814058934048,0.07088156890879843,0.007250065046589156,0.00022335573390445363
P02,25,B,beta,1799551287-β-7,P02-T25-Bβ,29,64,E4,R3,R,False,64,True,R2,True,0.43163250057159874,False,0.7574388980865479,8.799368975819292e-06,1.1916391687779012e-06,1.4303439002645024e-07,1.0623675954969094e-08,4.1606453066604006e-10,0.01624157857783175,0.5271971267097219,0.43163250057159874,0.02422958805109078,0.0006890610074818705
P02,26,C,alpha,1799551287-α-6,P02-T26-Cα,0,64,E4,R3,R,False,64,True,R2,True,0.46702627956374976,False,0.8984200954437256,1.0000775989091242e-05,1.2387970753287447e-06,2.709396458960348e-07,2.662621048457942e-08,3.4024003921008954e-10,0.008553884688038657,0.48608598360093713,0.46702627956374976,0.0375767507953965,0.0007455638727170532
P02,26,C,alpha,1799551287-α-6,P02-T26-Cα,1,65,F4,R4,R,False,65,True,R2,False,0.15268883542111725,False,0.47449326515197754,2.2155814771607466e-06,1.0162886102948425e-06,1.6140434126880628e-07,3.5301048041179805e-08,4.7774773352023405e-09,0.0021998784197476127,0.41505128673379676,0.41505128673379676,0.15268883542111725,0.015005279338587437
P02,26,C,alpha,1799551287-α-6,P02-T26-Cα,2,67,G4,R5,R,False,67,True,R4,False,0.17151261040726473,False,0.45875120162963867,2.9599468034920323e-07,1.3108069819474484e-07,1.4587534343769604e-08,2.0874227672233416e-09,2.392591938217164e-10,0.003286653035408361,0.10494703587416526,0.338544922479616,0.38170833421395084,0.17151261040726473
P02,26,C,alpha,1799551287-α-6,P02-T26-Cα,3,65,F4,R3,R,False,65,True,R2,True,0.46975690376841317,False,0.360637903213501,1.6125625070493018e-06,1.2649648624748652e-07,1.4784217270258407e-08,3.327514513800807e-09,6.413170111421932e-10,0.008266534156113304,0.46975690376841317,0.46975690376841317,0.05000961739701385,0.0022082830980043426
P02,26,C,alpha,1799551287-α-6,P02-T26-Cα,4,60,C4,L3,L,False,60,True,L3,True,0.7945272901624265,False,0.5439889430999756,0.00040766221603067787,0.14227294125994294,0.7945272901624265,0.0395571845154504,0.0008849247500673875,0.007024620709062788,0.013981672072093304,0.0012186544426658562,0.00011976154169345849,5.28833056676012e-06
P02,26,C,alpha,1799551287-α-6,P02-T26-Cα,5,59,B3,L4,L,False,59,True,L4,True,0.5957265042319652,False,0.48002099990844727,0.0013631274785105227,0.03137597765711087,0.3541716477363563,0.5957265042319652,0.016941761631446752,0.00023299315155300587,0.00015720284144953497,2.7045941449781858e-05,3.5167489012085234e-06,2.2258125683431054e-07
P02,26,C,alpha,1799551287-α-6,P02-T26-Cα,6,60,C4,L5,L,False,60,True,L5,True,0.7466623288135728,False,0.8622078895568848,0.0021145143597732547,0.00755775989712062,0.026993957550681586,0.216072294088266,0.7466623288135728,0.0003172070862650214,0.00022215344249409383,5.0570496115861777e-05,8.359246784766006e-06,8.550189261191986e-07
P02,26,C,alpha,1799551287-α-6,P02-T26-Cα,7,59,B3,L4,L,False,59,True,L2,False,0.010703982674222713,False,0.7844851016998291,0.0066663098723165025,0.837663010999012,0.1441156186569315,0.010703982674222713,0.00038697928471940183,0.00016948246893154755,0.00024922875356399765,3.9581869152870084e-05,5.356823472838216e-06,4.4859767654346187e-07
P02,26,C,alpha,1799551287-α-6,P02-T26-Cα,8,60,C4,L5,L,False,60,True,L5,True,0.7038844269609129,False,0.7642569541931152,0.001107078492625692,0.007895310519720068,0.03796308257930016,0.2487912462672077,0.7038844269609129,0.0002105225577957593,0.00011962590982833684,2.4152054656283844e-05,3.992307782950709e-06,5.623501701372354e-07
P02,26,C,alpha,1799551287-α-6,P02-T26-Cα,9,59,B3,L3,L,False,59,True,L3,True,0.6395171159873052,False,1.3063158988952637,0.0011510946800446656,0.2873535632618089,0.6395171159873052,0.0708605162781644,0.0010209293963280115,3.9963750639147726e-05,4.331368623009504e-05,1.1116924360538714e-05,2.156461457601949e-06,2.2957366152780693e-07
P02,26,C,alpha,1799551287-α-6,P02-T26-Cα,10,57,A3,L4,L,False,57,True,L4,True,0.6758410100535073,False,0.9297888278961182,0.0006067236791800833,0.04767788717088782,0.2295125830615274,0.6758410100535073,0.04633779135608151,9.124891946271915e-06,1.1748353876214422e-05,2.674368118696461e-06,4.0808211406473114e-07,4.898276071758768e-08
P02,26,C,alpha,1799551287-α-6,P02-T26-Cα,11,62,D4,R2,R,False,62,True,R2,True,0.7931875491055445,False,0.6448578834533691,0.0018111369562197825,0.0034420240999018955,0.00044756195652271777,5.5914010200395847e-05,5.0724045655832434e-06,0.018658212039265737,0.7931875491055445,0.16014180428112415,0.02082303236841976,0.0014276927782354827
P02,26,C,alpha,1799551287-α-6,P02-T26-Cα,12,64,E4,R1,R,False,64,True,R1,True,0.7735201299570043,False,0.4694037437438965,0.00023953677956093584,0.00025948709553086916,2.3540138211574697e-05,1.6798541483107678e-06,1.298606889177642e-07,0.7735201299570043,0.20663453349272815,0.01730424235341971,0.001917364705826169,9.9355762881114e-05
P02,26,C,alpha,1799551287-α-6,P02-T26-Cα,13,65,F4,R2,R,False,65,True,R2,True,0.8744931730678788,False,0.5249960422515869,2.8693544507965736e-05,1.9325003329074418e-05,2.9488043017356014e-06,3.6839474714792133e-07,2.6289116854379484e-08,0.06760246776344997,0.8744931730678788,0.053177984619583285,0.004453295962536088,0.00022171655054911688
P02,26,C,alpha,1799551287-α-6,P02-T26-Cα,14,64,E4,R1,R,False,64,True,R1,True,0.8270792110795867,False,0.4220302104949951,0.0003160379374037061,0.00017869058784843213,3.1997435234059e-05,4.5071082005929626e-06,4.4292968357909226e-07,0.8270792110795867,0.16043686034313576,0.01056873877604717,0.0013203547779629594,6.315902489699498e-05
P02,26,C,alpha,1799551287-α-6,P02-T26-Cα,15,62,D4,R2,R,False,62,True,R2,True,0.7699603944014741,False,0.620002031326294,0.004126975528033763,0.004789083599056428,0.0006745827534219634,7.181507100934057e-05,4.367078965512472e-06,0.08879577567886435,0.7699603944014741,0.12228312804311162,0.009082405475003453,0.00021147237105952372
P02,26,C,alpha,1799551287-α-6,P02-T26-Cα,16,59,B3,L5,L,False,59,True,L5,True,0.8721101584790334,False,0.687701940536499,0.0006880971255801972,0.0032902057763481056,0.01494062424472722,0.10895290715932499,0.8721101584790334,1.5189429540189968e-05,2.2225852012537475e-06,5.05944157449475e-07,8.035274883996027e-08,8.903338354562963e-09
P02,26,C,alpha,1799551287-α-6,P02-T26-Cα,17,64,E4,R3,R,False,64,True,R3,True,0.49234021552225316,False,0.4688687324523926,0.00027685767741050603,0.00044895616345196635,9.434188432916453e-05,1.178615162845664e-05,6.616128263905531e-07,0.017799492977526976,0.3575123734141376,0.49234021552225316,0.12636442224142266,0.005150892355013269
P02,26,C,alpha,1799551287-α-6,P02-T26-Cα,18,60,C4,L4,L,False,60,True,L4,True,0.5773442082892883,False,0.838921070098877,0.0008855367123202375,0.06604298378728747,0.31685321954065465,0.5773442082892883,0.036541135894825806,0.0012009740986205538,0.0008508143211789541,0.0002462122369457158,3.332120282336844e-05,1.5939160548695986e-06
P02,26,C,alpha,1799551287-α-6,P02-T26-Cα,19,59,B3,L3,L,False,59,True,L3,True,0.5641412738320967,False,0.6412270069122314,0.0017776721111335415,0.2974674197816595,0.5641412738320967,0.1336607275891158,0.0026519751596971127,0.00015351479149535658,0.00010810035240513402,3.388796662754921e-05,5.1709684115834905e-06,2.574473578355721e-07
P02,26,C,alpha,1799551287-α-6,P02-T26-Cα,20,62,D4,R4,R,False,62,True,R4,True,0.5309562148364354,False,0.6202230453491211,0.003062334839560603,0.012867175837816039,0.0014257237220335272,0.00015178041510571086,8.520157604825454e-06,0.0018124500702281921,0.05926176632840243,0.31566437979273787,0.5309562148364354,0.07478965400007542
P02,26,C,alpha,1799551287-α-6,P02-T26-Cα,21,57,A3,L1,L,False,57,True,L1,True,0.49653425890853664,False,0.524569034576416,0.49653425890853664,0.45835889093944415,0.03995095120945138,0.003482158924131854,0.0002691873918123329,0.0002925017129523272,0.0009681700670146192,0.00011621102981981102,2.6454010192884105e-05,1.2158066438511918e-06
P02,26,C,alpha,1799551287-α-6,P02-T26-Cα,22,55,G3,L2,L,False,55,True,L2,True,0.7068163764861839,False,0.6480979919433594,0.21064015142000173,0.7068163764861839,0.07524661431148201,0.006826218842295466,0.0004496754898970983,8.798341166632462e-06,1.0059587793797484e-05,1.801331635812791e-06,2.8608285396475656e-07,1.81066897248023e-08
P02,26,C,alpha,1799551287-α-6,P02-T26-Cα,23,53,F3,L3,L,False,53,True,L4,False,0.3583934166111799,False,0.8022818565368652,0.08775549660587344,0.08836031861502675,0.3583934166111799,0.4371180062913875,0.02835276743860572,8.130426098292348e-06,9.673465203974125e-06,1.8764591893663712e-06,2.98014418649846e-07,1.6073016466458152e-08
P02,26,C,alpha,1799551287-α-6,P02-T26-Cα,24,55,G3,L2,L,False,55,True,L2,True,0.8682598786213789,False,0.7981288433074951,0.05279893759393021,0.8682598786213789,0.06985984839027291,0.008269272244411017,0.0007738874129722609,1.4715101158106128e-05,1.9187256758101062e-05,3.7219448773826505e-06,5.242672781832921e-07,2.71669626645504e-08
P02,26,C,alpha,1799551287-α-6,P02-T26-Cα,25,53,F3,L3,L,False,53,True,L1,False,0.07554831175259376,False,0.7232961654663086,0.5555932634972853,0.17471049675766853,0.07554831175259376,0.16595904055469077,0.028080945001945374,4.208695226191249e-05,5.410278042944969e-05,1.0083350303423718e-05,1.601411741724193e-06,6.794107991768138e-08
P02,26,C,alpha,1799551287-α-6,P02-T26-Cα,26,55,G3,L4,L,False,55,True,L4,True,0.6333888788076938,False,0.7088179588317871,0.0008595560694344525,0.03282152584906157,0.2627188833785875,0.6333888788076938,0.07018148824347,1.2487717019438043e-05,1.3996955686476583e-05,2.715130056006471e-06,4.488079796348833e-07,1.9041011138856985e-08
P02,26,C,alpha,1799551287-α-6,P02-T26-Cα,27,62,D4,R4,R,False,62,True,R3,False,0.27329150673115316,False,0.6261348724365234,0.0009483740318140324,0.0006253392451441468,8.13120559077813e-05,9.760018488225614e-06,4.309747801638942e-07,0.003223729811370954,0.1958965497613681,0.49796959240188354,0.27329150673115316,0.02795340496808997
P02,26,C,alpha,1799551287-α-6,P02-T26-Cα,28,57,A3,L4,L,False,57,True,L4,True,0.6950340164609833,False,0.7757182121276855,0.00048805173642222835,0.034064932983796245,0.19324538165995267,0.6950340164609833,0.07701196419313529,5.576867711723769e-05,7.607472400909807e-05,1.952539777070242e-05,4.102990376167582e-06,1.8117643706481073e-07
P02,26,C,alpha,1799551287-α-6,P02-T26-Cα,29,62,D4,R4,R,False,62,True,R3,False,0.3723154873504051,False,0.594052791595459,0.001079835767541469,0.003454720577493686,0.00033950777841147494,3.614349031480839e-05,2.19788790953746e-06,0.001973367706929404,0.1409451389536497,0.43691627184431414,0.3723154873504051,0.04293732864303071
P02,27,A,beta,1799551287-β-2,P02-T27-Aβ,0,57,A3,L1,L,False,57,True,L2,False,0.033242531578839905,False,0.5219693183898926,0.033242531578839905,0.919500076923275,0.04398418456953176,0.002783836821262488,0.0001939895581016104,0.00022797712723958627,6.227657841325638e-05,4.4441356991977995e-06,6.515412341544288e-07,3.1166402936690754e-08
P02,27,A,beta,1799551287-β-2,P02-T27-Aβ,1,60,C4,R5,R,False,60,True,R2,False,0.00013716323957979046,False,0.3893439769744873,0.0026581640245187574,0.0010979188874006166,6.414664217138476e-05,5.591075950084936e-06,3.3999367866701475e-07,0.004633284878344645,0.909974400063883,0.07620419146767293,0.005224799726800167,0.00013716323957979046
P02,27,A,beta,1799551287-β-2,P02-T27-Aβ,2,60,C4,R5,R,False,60,True,R2,False,7.740900773977325e-05,False,0.37818408012390137,0.010616214179766008,0.005372792940187231,0.0004153423636967674,3.084896353575817e-05,4.0112509604902e-06,0.02882802124182359,0.899058292543889,0.05252807948278372,0.003068988025617871,7.740900773977325e-05
P02,27,A,beta,1799551287-β-2,P02-T27-Aβ,3,60,C4,L2,L,False,60,True,R2,False,0.003441993028045564,False,0.3596961498260498,0.009166784403448059,0.003441993028045564,0.0003000070430506545,2.83267319653055e-05,4.873468743523038e-06,0.032331780801500315,0.8943083911506201,0.05660235953478803,0.003728666534309127,8.681730352942073e-05
P02,27,A,beta,1799551287-β-2,P02-T27-Aβ,4,64,E4,R3,R,False,64,True,R2,False,0.07743224009133617,False,0.5958700180053711,0.0001946676159752063,5.554305642912332e-05,5.244387785042643e-06,3.742461703866462e-07,4.866274708656339e-08,0.0284857292134537,0.8883832453737714,0.07743224009133617,0.00530899861389334,0.0001339087384384878
P02,27,A,beta,1799551287-β-2,P02-T27-Aβ,5,59,B3,L5,L,False,59,True,R2,False,1.4508940424877519e-05,False,0.4204249382019043,0.04048407247458422,0.014111777909885936,0.001386815014456913,9.135609851219765e-05,1.4508940424877519e-05,0.001625553836013506,0.8019207291018233,0.1273589861377368,0.012516024226691569,0.0004901762598705293
P02,27,A,beta,1799551287-β-2,P02-T27-Aβ,6,57,A3,L4,L,False,57,True,L2,False,0.001916557428867799,False,0.4343600273132324,0.04006609922450532,0.907352093859283,0.04701800299819354,0.001916557428867799,0.00013676797130172914,0.002054474417146601,0.0013371367456766284,0.00010758549672749111,1.1004297186868468e-05,2.775611110237451e-07
P02,27,A,beta,1799551287-β-2,P02-T27-Aβ,7,60,C4,R3,R,False,60,True,R2,False,0.10399239519543849,False,0.38541603088378906,0.006089563182237753,0.0028414593429493228,0.000187180436429395,1.283368111757363e-05,1.1642452841552594e-06,0.013519397014478811,0.866374942047151,0.10399239519543849,0.006850473495712959,0.00013059135920043233
P02,27,A,beta,1799551287-β-2,P02-T27-Aβ,8,60,C4,R3,R,False,60,True,R2,False,0.08967055968065166,False,0.40506577491760254,0.012097808922937395,0.005675408291987143,0.000475276996923699,2.273482262697958e-05,1.1319001684606924e-06,0.009546193670452709,0.8766804041413194,0.08967055968065166,0.005675408291987143,0.00015507328094531932
P02,27,A,beta,1799551287-β-2,P02-T27-Aβ,9,65,F4,R1,R,False,65,True,R2,False,0.009995255407844515,False,0.43458104133605957,4.3221250776202164e-05,1.0276562327575845e-05,7.632770558116819e-07,5.900493468584815e-08,4.941263556449768e-09,0.009995255407844515,0.917920257323806,0.06817722202686119,0.0036770489738036775,0.00017589123132665427
P02,27,A,beta,1799551287-β-2,P02-T27-Aβ,10,60,C4,L5,L,False,60,True,R2,False,9.037693638194156e-06,False,0.454556941986084,0.023902837285839102,0.007349775450489775,0.0006154939036023487,8.003187883894361e-05,9.037693638194156e-06,0.010989720531898128,0.8580563401170943,0.09134739464200133,0.007349775450489775,0.0002995930461080526
P02,27,A,beta,1799551287-β-2,P02-T27-Aβ,11,57,A3,L4,L,False,57,True,L2,False,0.006442269683398151,False,0.47846293449401855,0.04954497848880111,0.8826077814775128,0.060514373379207946,0.006442269683398151,0.0006082805413972252,0.00015820920567558125,0.00011799428514496041,5.644243590856108e-06,4.5413361971885145e-07,1.4561651613087342e-08
P02,27,A,beta,1799551287-β-2,P02-T27-Aβ,12,52,E3,L3,L,False,52,True,L2,False,0.05843201761063567,False,0.6991879940032959,0.1526066943286947,0.7867133779662041,0.05843201761063567,0.002198694964414442,4.725787304458065e-05,1.2900207958296996e-06,6.285242079565162e-07,3.528205734915069e-08,3.3313397297315493e-09,9.86057743524119e-11
P02,27,A,beta,1799551287-β-2,P02-T27-Aβ,13,55,G3,L4,L,False,55,True,L2,False,0.005829753353298797,False,0.38358092308044434,0.03388507639085781,0.7986914436345156,0.16125302142193326,0.005829753353298797,0.0002376335953307302,6.211949874579925e-05,3.774035596696008e-05,2.917508422263591e-06,2.867140136867667e-07,7.526914907087961e-09
P02,27,A,beta,1799551287-β-2,P02-T27-Aβ,14,60,C4,R2,R,False,60,True,R2,True,0.8644868303150116,False,0.4466719627380371,0.006102855229893499,0.004402339354579085,0.00043263367342167766,3.623013931213198e-05,2.800761515748951e-06,0.02936599324015329,0.8644868303150116,0.08842334965480042,0.006567518576559211,0.0001794490547533417
P02,27,A,beta,1799551287-β-2,P02-T27-Aβ,15,57,A3,L5,L,False,57,True,L2,False,0.0004274835859042877,False,0.43935608863830566,0.03481890941191974,0.854195946578336,0.10253053053568296,0.006489338588455517,0.0004274835859042877,0.0007557384962503627,0.0007190392112834408,5.7853612177359637e-05,5.0425700975299174e-06,1.1740989297310549e-07
P02,27,A,beta,1799551287-β-2,P02-T27-Aβ,16,62,D4,R1,R,False,62,True,R2,False,0.028613217741799892,False,0.41829919815063477,0.0009633851792779104,0.0008814991599412348,9.767289101523292e-05,7.55057748827928e-06,8.366278331608829e-07,0.028613217741799892,0.8573693190932472,0.10291143560652125,0.008969848352639255,0.0001852347702368257
P02,27,A,beta,1799551287-β-2,P02-T27-Aβ,17,67,G4,R2,R,False,67,True,R2,True,0.8018826887276846,False,0.4180788993835449,7.158246189193529e-06,1.4257779616387304e-06,1.34622273366298e-07,1.1733791972354146e-08,8.715107158093675e-10,0.025563186139237568,0.8018826887276846,0.16189732269431162,0.010246767846014374,0.0004013033410249809
P02,27,A,beta,1799551287-β-2,P02-T27-Aβ,18,60,C4,R1,R,False,60,True,R2,False,0.0031826543632835803,False,0.37612390518188477,0.005767234313124128,0.006848037856171781,0.0008555268225154659,6.613627895683904e-05,7.627174375704527e-06,0.0031826543632835803,0.86606690829333,0.10819792263125592,0.008705562306027191,0.0003023899609594098
P02,27,A,beta,1799551287-β-2,P02-T27-Aβ,19,59,B3,L3,L,False,59,True,R2,False,0.0037877097537463438,False,0.40334630012512207,0.021254235854268645,0.03418413165949905,0.0037877097537463438,0.0003047576372677993,2.452067964848377e-05,0.005908849825852556,0.8057403545321172,0.11812714564378501,0.01029606259508577,0.00037223181872926667
P02,27,A,beta,1799551287-β-2,P02-T27-Aβ,20,64,E4,R4,R,False,64,True,R2,False,0.007668991306620518,False,0.3654651641845703,4.591585446452904e-05,1.0432650653759203e-05,1.155970642527388e-06,8.249153262066567e-08,4.819622729794736e-09,0.036495358758723215,0.8602173545882422,0.09531479976646891,0.007668991306620518,0.0002459037930288866
P02,27,A,beta,1799551287-β-2,P02-T27-Aβ,21,60,C4,R3,R,False,60,True,R2,False,0.11659289837479464,False,0.3189413547515869,0.004187377903497108,0.0012198017751820724,0.00011987429417370742,9.64503856859427e-06,7.760360103131686e-07,0.006688136095841425,0.8615114668282777,0.11659289837479464,0.009381018753024179,0.0002890049006303617
P02,27,A,beta,1799551287-β-2,P02-T27-Aβ,22,65,F4,R4,R,False,65,True,R2,False,0.005985238426466872,False,0.3735940456390381,1.845962430418377e-05,4.29328191036285e-06,4.219162073417002e-07,3.261612289737156e-08,1.8308983234129126e-09,0.021508238761384007,0.8882881428540831,0.08387236471091143,0.005985238426466872,0.0003228059777111392
P02,27,A,beta,1799551287-β-2,P02-T27-Aβ,23,62,D4,R3,R,False,62,True,R2,False,0.15854152962018214,False,0.3966641426086426,0.0010478782113457715,0.00021567482951924836,2.2060128845885115e-05,2.0012497381994265e-06,2.5001655445561183e-07,0.007893317974345736,0.8173084599210145,0.15854152962018214,0.014382563078515691,0.0005862649699381752
P02,27,A,beta,1799551287-β-2,P02-T27-Aβ,24,62,D4,R3,R,False,62,True,R2,False,0.13419053388981464,False,0.3356468677520752,0.0012102855202400123,0.00022296525757571484,2.785509694184564e-05,2.0688977213780256e-06,1.4763916797985008e-07,0.0072373902934810925,0.8449358309048123,0.13419053388981464,0.0116961611919741,0.0004767613082710991
P02,27,A,beta,1799551287-β-2,P02-T27-Aβ,25,57,A3,L4,L,False,57,True,L2,False,0.003910380268717003,False,0.44919824600219727,0.03823053816697391,0.8657832812921981,0.08174745065923636,0.003910380268717003,0.000210901226638465,0.002996951015680367,0.00631946545511372,0.0007287931185068445,6.881280891334552e-05,3.425988021953491e-06
P02,27,A,beta,1799551287-β-2,P02-T27-Aβ,26,52,E3,L2,L,False,52,True,L2,True,0.7227220259338354,False,0.4451577663421631,0.20914434826218922,0.7227220259338354,0.06556386298989526,0.002467053873854295,8.233365493880761e-05,1.0307368221483091e-05,8.765117764862938e-06,1.1862296953099914e-06,1.1200407259325117e-07,4.565532853453844e-09
P02,27,A,beta,1799551287-β-2,P02-T27-Aβ,27,55,G3,L4,L,False,55,True,L2,False,0.009433063199212123,False,0.37764787673950195,0.0325970202051547,0.7996873825187414,0.1551233922804781,0.009433063199212123,0.0006214007217368379,0.0008446220614331403,0.0014981348176027844,0.0001798235618865764,1.446853307369415e-05,6.921006807233135e-07
P02,27,A,beta,1799551287-β-2,P02-T27-Aβ,28,59,B3,L2,L,False,59,True,R2,False,0.07824578663928637,False,0.35309386253356934,0.025445970879492043,0.07824578663928637,0.006295625222804801,0.0005065435296693116,3.762280046985837e-05,0.003701334051860143,0.7649840493644895,0.11215198755550163,0.008329929419596552,0.00030115053682975564
P02,27,A,beta,1799551287-β-2,P02-T27-Aβ,29,64,E4,R1,R,False,64,True,R2,False,0.032541941378014715,False,0.3616800308227539,7.430595431025338e-05,6.788344371525212e-05,8.480693028116973e-06,6.051930212044189e-07,6.442794389818399e-08,0.032541941378014715,0.6992699711547453,0.24716024525782587,0.019886416137562656,0.0009900863598326251
