ISO-10303-21;
HEADER;
FILE_DESCRIPTION (( 'STEP AP203' ),
    '1' );
FILE_NAME ('×°ÅäÌå2.STEP',
    '2026-04-09T09:50:13',
    ( '' ),
    ( '' ),
    'SwSTEP 2.0',
    'SolidWorks 2025',
    '' );
FILE_SCHEMA (( 'CONFIG_CONTROL_DESIGN' ));
ENDSEC;

DATA;
#1 = CARTESIAN_POINT ( 'NONE',  ( 1.999999999999946265, 69.99999999999998579, -88.00000000000000000 ) ) ;
#2 = EDGE_CURVE ( 'NONE', #1380, #1066, #2198, .T. ) ;
#3 = ORIENTED_EDGE ( 'NONE', *, *, #303, .F. ) ;
#4 = FACE_OUTER_BOUND ( 'NONE', #2159, .T. ) ;
#5 = LINE ( 'NONE', #1050, #1226 ) ;
#6 = DIRECTION ( 'NONE',  ( 0.000000000000000000, -1.000000000000000000, 0.000000000000000000 ) ) ;
#7 = ORIENTED_EDGE ( 'NONE', *, *, #2595, .T. ) ;
#8 = LINE ( 'NONE', #26, #3240 ) ;
#9 = ORIENTED_EDGE ( 'NONE', *, *, #2148, .F. ) ;
#10 = DIRECTION ( 'NONE',  ( 1.000000000000000000, 0.000000000000000000, -1.734723475976807341E-16 ) ) ;
#11 = ORIENTED_EDGE ( 'NONE', *, *, #123, .T. ) ;
#12 = CARTESIAN_POINT ( 'NONE',  ( 74.99999999999995737, 32.00000000000000000, 0.002000000000002000178 ) ) ;
#13 = CC_DESIGN_SECURITY_CLASSIFICATION ( #2140, ( #1634 ) ) ;
#14 = PERSON_AND_ORGANIZATION ( #2708, #331 ) ;
#15 = DIRECTION ( 'NONE',  ( -0.000000000000000000, -0.000000000000000000, -1.000000000000000000 ) ) ;
#16 = DIRECTION ( 'NONE',  ( -0.000000000000000000, -1.000000000000000000, -0.000000000000000000 ) ) ;
#17 = CARTESIAN_POINT ( 'NONE',  ( 13.00000000000001066, 25.00000000000000000, -73.99999999999998579 ) ) ;
#18 = ORIENTED_EDGE ( 'NONE', *, *, #3107, .T. ) ;
#19 = ORIENTED_EDGE ( 'NONE', *, *, #1161, .T. ) ;
#20 = CARTESIAN_POINT ( 'NONE',  ( 5.000000000000000888, 69.99999999999998579, -84.99999999999998579 ) ) ;
#21 = CARTESIAN_POINT ( 'NONE',  ( 13.00000000000001066, 31.00000000000000000, -77.99999999999998579 ) ) ;
#22 = DIRECTION ( 'NONE',  ( 0.000000000000000000, 0.000000000000000000, -1.000000000000000000 ) ) ;
#23 = EDGE_CURVE ( 'NONE', #1636, #2920, #374, .T. ) ;
#24 = ORIENTED_EDGE ( 'NONE', *, *, #165, .F. ) ;
#25 = VECTOR ( 'NONE', #2975, 1000.000000000000000 ) ;
#26 = CARTESIAN_POINT ( 'NONE',  ( 146.0000000000000000, 5.000000000000000000, 0.000000000000000000 ) ) ;
#27 = EDGE_CURVE ( 'NONE', #164, #2164, #146, .T. ) ;
#28 = EDGE_CURVE ( 'NONE', #1326, #2061, #1727, .T. ) ;
#29 = ORIENTED_EDGE ( 'NONE', *, *, #695, .T. ) ;
#30 = DIRECTION ( 'NONE',  ( -1.000000000000000000, 0.000000000000000000, 0.000000000000000000 ) ) ;
#31 = SHAPE_DEFINITION_REPRESENTATION ( #623, #1543 ) ;
#32 = CARTESIAN_POINT ( 'NONE',  ( 147.9999999999999432, 73.00000000000000000, -88.00000000000000000 ) ) ;
#33 = FACE_BOUND ( 'NONE', #1200, .T. ) ;
#34 = DIRECTION ( 'NONE',  ( -0.000000000000000000, 1.000000000000000000, -0.000000000000000000 ) ) ;
#35 = AXIS2_PLACEMENT_3D ( 'NONE', #1940, #860, #841 ) ;
#36 = ORIENTED_EDGE ( 'NONE', *, *, #1223, .T. ) ;
#37 = ORIENTED_EDGE ( 'NONE', *, *, #2795, .T. ) ;
#38 = DIRECTION ( 'NONE',  ( -1.192622389734055124E-16, 0.000000000000000000, -1.000000000000000000 ) ) ;
#39 = CARTESIAN_POINT ( 'NONE',  ( 1.999999999999998668, 73.00000000000000000, 0.000000000000000000 ) ) ;
#40 = DIRECTION ( 'NONE',  ( -9.637352644315597708E-17, 1.000000000000000000, 0.000000000000000000 ) ) ;
#41 = ORIENTED_EDGE ( 'NONE', *, *, #2064, .F. ) ;
#42 = CARTESIAN_POINT ( 'NONE',  ( 2.999999999999950262, 9.000000000000001776, -80.99999999999998579 ) ) ;
#43 = PRODUCT_RELATED_PRODUCT_CATEGORY ( 'detail', '', ( #86 ) ) ;
#44 = ORIENTED_EDGE ( 'NONE', *, *, #2694, .T. ) ;
#45 = LINE ( 'NONE', #337, #3255 ) ;
#46 =( BOUNDED_CURVE ( )  B_SPLINE_CURVE ( 3, ( #552, #1596, #1308, #2108 ),
 .UNSPECIFIED., .F., .F. ) 
 B_SPLINE_CURVE_WITH_KNOTS ( ( 4, 4 ),
 ( 3.141592653589793116, 4.327992205889045430 ),
 .UNSPECIFIED. ) 
 CURVE ( )  GEOMETRIC_REPRESENTATION_ITEM ( )  RATIONAL_B_SPLINE_CURVE ( ( 1.000000000000000000, 0.8861041317259008565, 0.8861041317259008565, 1.000000000000000000 ) ) 
 REPRESENTATION_ITEM ( '' )  );
#47 = EDGE_CURVE ( 'NONE', #362, #569, #2966, .T. ) ;
#48 = APPROVAL_DATE_TIME ( #2147, #618 ) ;
#49 = DIRECTION ( 'NONE',  ( 0.000000000000000000, 0.000000000000000000, 1.000000000000000000 ) ) ;
#50 = DIRECTION ( 'NONE',  ( -1.000000000000000000, 0.000000000000000000, 0.000000000000000000 ) ) ;
#51 = ADVANCED_FACE ( 'NONE', ( #3203 ), #914, .T. ) ;
#52 = ORIENTED_EDGE ( 'NONE', *, *, #1681, .T. ) ;
#53 = ORIENTED_EDGE ( 'NONE', *, *, #1301, .F. ) ;
#54 = DIRECTION ( 'NONE',  ( -0.000000000000000000, 1.000000000000000000, -0.000000000000000000 ) ) ;
#55 = ORIENTED_EDGE ( 'NONE', *, *, #900, .T. ) ;
#56 = AXIS2_PLACEMENT_3D ( 'NONE', #2495, #220, #188 ) ;
#57 = CARTESIAN_POINT ( 'NONE',  ( 147.9999999999999432, 73.00000000000000000, -88.00000000000000000 ) ) ;
#58 = VECTOR ( 'NONE', #1963, 1000.000000000000000 ) ;
#59 = VERTEX_POINT ( 'NONE', #2724 ) ;
#60 = CARTESIAN_POINT ( 'NONE',  ( 147.4999999999999716, 30.50000000000000355, -88.00000000000000000 ) ) ;
#61 = DATE_AND_TIME ( #1079, #1206 ) ;
#62 = CARTESIAN_POINT ( 'NONE',  ( 5.000000000000000888, 3.000000000000002665, -84.99999999999998579 ) ) ;
#63 = LINE ( 'NONE', #1, #2145 ) ;
#64 = APPLICATION_CONTEXT ( 'configuration controlled 3d designs of mechanical parts and assemblies' ) ;
#65 = LINE ( 'NONE', #2907, #869 ) ;
#66 = LOCAL_TIME ( 17, 50, 13.00000000000000000, #731 ) ;
#67 = CARTESIAN_POINT ( 'NONE',  ( 105.9999999999999716, 40.00000000000000000, -90.00000000000000000 ) ) ;
#68 = ORIENTED_EDGE ( 'NONE', *, *, #743, .T. ) ;
#69 = EDGE_CURVE ( 'NONE', #2328, #1869, #410, .T. ) ;
#70 = CARTESIAN_POINT ( 'NONE',  ( 74.99999999999995737, 53.00000000000000711, -84.99999999999998579 ) ) ;
#71 = ORIENTED_EDGE ( 'NONE', *, *, #2285, .F. ) ;
#72 = CARTESIAN_POINT ( 'NONE',  ( 147.4999999999999716, 30.50000000000000355, -84.99999999999998579 ) ) ;
#73 = VECTOR ( 'NONE', #604, 1000.000000000000000 ) ;
#74 = CARTESIAN_POINT ( 'NONE',  ( 144.9999999999999716, 3.000000000000002665, -84.99999999999998579 ) ) ;
#75 = ORIENTED_EDGE ( 'NONE', *, *, #2435, .T. ) ;
#76 = VECTOR ( 'NONE', #887, 1000.000000000000000 ) ;
#77 = PERSON_AND_ORGANIZATION ( #2708, #331 ) ;
#78 = EDGE_CURVE ( 'NONE', #2480, #1883, #180, .T. ) ;
#79 = DIRECTION ( 'NONE',  ( 0.000000000000000000, -1.000000000000000000, 0.000000000000000000 ) ) ;
#80 = CARTESIAN_POINT ( 'NONE',  ( 13.00000000000001066, 25.00000000000000000, -21.99999999999998579 ) ) ;
#81 = EDGE_CURVE ( 'NONE', #172, #1181, #3059, .T. ) ;
#82 = CARTESIAN_POINT ( 'NONE',  ( 74.99999999999995737, 28.00000000000000355, -84.99999999999998579 ) ) ;
#83 = ORIENTED_EDGE ( 'NONE', *, *, #529, .T. ) ;
#84 = APPROVAL ( #2836, 'UNKNOWN' ) ;
#85 = EDGE_CURVE ( 'NONE', #1210, #3000, #1803, .T. ) ;
#86 = PRODUCT ( '\X2\75356c6076d65b50\X0\', '\X2\75356c6076d65b50\X0\', '', ( #339 ) ) ;
#87 = DIRECTION ( 'NONE',  ( 0.000000000000000000, 1.000000000000000000, 0.000000000000000000 ) ) ;
#88 = EDGE_CURVE ( 'NONE', #1531, #1480, #1508, .T. ) ;
#89 = ORIENTED_EDGE ( 'NONE', *, *, #78, .F. ) ;
#90 = VERTEX_POINT ( 'NONE', #3295 ) ;
#91 = CARTESIAN_POINT ( 'NONE',  ( -0.001000000000063450134, 9.000000000000001776, -80.99999999999998579 ) ) ;
#92 = FACE_OUTER_BOUND ( 'NONE', #2169, .T. ) ;
#93 = ORIENTED_EDGE ( 'NONE', *, *, #1598, .F. ) ;
#94 = VERTEX_POINT ( 'NONE', #3242 ) ;
#95 = APPROVAL_DATE_TIME ( #927, #702 ) ;
#96 = LINE ( 'NONE', #371, #273 ) ;
#97 = CARTESIAN_POINT ( 'NONE',  ( 13.00000000000001066, 25.00000000000000000, -17.99999999999998579 ) ) ;
#98 = ORIENTED_EDGE ( 'NONE', *, *, #2157, .F. ) ;
#99 = CARTESIAN_POINT ( 'NONE',  ( 0.000000000000000000, 5.000000000000000000, 0.000000000000000000 ) ) ;
#100 = ORIENTED_EDGE ( 'NONE', *, *, #952, .T. ) ;
#101 = ORIENTED_EDGE ( 'NONE', *, *, #3182, .T. ) ;
#102 = LINE ( 'NONE', #1124, #800 ) ;
#103 = LINE ( 'NONE', #1353, #954 ) ;
#104 = ORIENTED_EDGE ( 'NONE', *, *, #3284, .F. ) ;
#105 = EDGE_CURVE ( 'NONE', #1725, #1468, #3277, .T. ) ;
#106 = ORIENTED_EDGE ( 'NONE', *, *, #1582, .T. ) ;
#107 = VECTOR ( 'NONE', #1173, 1000.000000000000000 ) ;
#108 = APPROVAL_STATUS ( 'not_yet_approved' ) ;
#109 = CARTESIAN_POINT ( 'NONE',  ( 144.9999999999999716, 28.00000000000000355, -5.000000000000000000 ) ) ;
#110 = EDGE_LOOP ( 'NONE', ( #2015, #3263, #2402, #280 ) ) ;
#111 = VECTOR ( 'NONE', #376, 1000.000000000000000 ) ;
#112 = DIRECTION ( 'NONE',  ( -0.000000000000000000, 1.000000000000000000, -0.000000000000000000 ) ) ;
#113 = APPROVAL_PERSON_ORGANIZATION ( #1483, #1186, #3069 ) ;
#114 = FACE_OUTER_BOUND ( 'NONE', #2444, .T. ) ;
#115 = ORIENTED_EDGE ( 'NONE', *, *, #3126, .T. ) ;
#116 = APPROVAL_PERSON_ORGANIZATION ( #193, #84, #3022 ) ;
#117 = CARTESIAN_POINT ( 'NONE',  ( 0.000000000000000000, 5.000000000000000000, 0.000000000000000000 ) ) ;
#118 = DIRECTION ( 'NONE',  ( -0.000000000000000000, 0.000000000000000000, -1.000000000000000000 ) ) ;
#119 = LINE ( 'NONE', #1738, #1965 ) ;
#120 = EDGE_CURVE ( 'NONE', #1417, #472, #2509, .T. ) ;
#121 = VECTOR ( 'NONE', #1595, 1000.000000000000000 ) ;
#122 = EDGE_LOOP ( 'NONE', ( #1138, #7, #3116, #424 ) ) ;
#123 = EDGE_CURVE ( 'NONE', #1005, #2706, #214, .T. ) ;
#124 = DATE_AND_TIME ( #2929, #1750 ) ;
#125 = CIRCLE ( 'NONE', #534, 1.999999999999999556 ) ;
#126 = CARTESIAN_POINT ( 'NONE',  ( 149.9999999999999716, 2.000000000000001776, 0.000000000000000000 ) ) ;
#127 = ORIENTED_EDGE ( 'NONE', *, *, #1811, .T. ) ;
#128 = DIRECTION ( 'NONE',  ( -1.000000000000000000, -0.000000000000000000, 1.734723475976807341E-16 ) ) ;
#129 = SHAPE_REPRESENTATION ( '\X2\96f64ef6\X0\1', ( #2065 ), #2703 ) ;
#130 = AXIS2_PLACEMENT_3D ( 'NONE', #3141, #1277, #2828 ) ;
#131 = DIRECTION ( 'NONE',  ( -0.000000000000000000, 1.000000000000000000, -0.000000000000000000 ) ) ;
#132 = ORIENTED_EDGE ( 'NONE', *, *, #1688, .F. ) ;
#133 = EDGE_LOOP ( 'NONE', ( #2809, #2733, #1553, #1455 ) ) ;
#134 = CARTESIAN_POINT ( 'NONE',  ( 1.999999999999998668, 2.000000000000000000, -2.000000000000000000 ) ) ;
#135 = CARTESIAN_POINT ( 'NONE',  ( 122.9999999999999716, 50.00000000000000000, -90.00000000000000000 ) ) ;
#136 = CC_DESIGN_PERSON_AND_ORGANIZATION_ASSIGNMENT ( #2054, #2019, ( #2140 ) ) ;
#137 = VECTOR ( 'NONE', #1337, 1000.000000000000000 ) ;
#138 = VERTEX_POINT ( 'NONE', #3045 ) ;
#139 = VERTEX_POINT ( 'NONE', #965 ) ;
#140 = AXIS2_PLACEMENT_3D ( 'NONE', #834, #799, #22 ) ;
#141 = CC_DESIGN_DATE_AND_TIME_ASSIGNMENT ( #2274, #2571, ( #2876 ) ) ;
#142 = APPROVAL_ROLE ( '' ) ;
#143 = ORIENTED_EDGE ( 'NONE', *, *, #2497, .T. ) ;
#144 = DIRECTION ( 'NONE',  ( 0.000000000000000000, -1.000000000000000000, -4.336808689942021680E-16 ) ) ;
#145 = DIRECTION ( 'NONE',  ( 0.000000000000000000, -0.000000000000000000, 1.000000000000000000 ) ) ;
#146 = LINE ( 'NONE', #930, #2223 ) ;
#147 = EDGE_CURVE ( 'NONE', #1670, #1170, #1526, .T. ) ;
#148 =( BOUNDED_CURVE ( )  B_SPLINE_CURVE ( 3, ( #67, #1414, #2443, #1118 ),
 .UNSPECIFIED., .F., .T. ) 
 B_SPLINE_CURVE_WITH_KNOTS ( ( 4, 4 ),
 ( 4.712388980384689674, 6.283185307179586232 ),
 .UNSPECIFIED. ) 
 CURVE ( )  GEOMETRIC_REPRESENTATION_ITEM ( )  RATIONAL_B_SPLINE_CURVE ( ( 1.000000000000000000, 0.8047378541243649375, 0.8047378541243649375, 1.000000000000000000 ) ) 
 REPRESENTATION_ITEM ( '' )  );
#149 = ORIENTED_EDGE ( 'NONE', *, *, #2801, .T. ) ;
#150 = CARTESIAN_POINT ( 'NONE',  ( 149.9999999999999716, 2.000000000000001776, -2.000000000000000444 ) ) ;
#151 = ADVANCED_FACE ( 'NONE', ( #1259 ), #458, .F. ) ;
#152 = ORIENTED_EDGE ( 'NONE', *, *, #2040, .F. ) ;
#153 = SHAPE_REPRESENTATION_RELATIONSHIP ( 'NONE' , 'NONE' ,  #1543, #2867 ) ;
#154 = CARTESIAN_POINT ( 'NONE',  ( 1.999999999999998668, 73.00000000000000000, -2.000000000000000000 ) ) ;
#155 = ORIENTED_EDGE ( 'NONE', *, *, #161, .T. ) ;
#156 = LINE ( 'NONE', #1213, #25 ) ;
#157 = PERSON_AND_ORGANIZATION_ROLE ( 'classification_officer' ) ;
#158 = LINE ( 'NONE', #2458, #1523 ) ;
#159 = AXIS2_PLACEMENT_3D ( 'NONE', #2075, #233, #2094 ) ;
#160 = ORIENTED_EDGE ( 'NONE', *, *, #1681, .F. ) ;
#161 = EDGE_CURVE ( 'NONE', #1423, #1636, #997, .T. ) ;
#162 = VERTEX_POINT ( 'NONE', #496 ) ;
#163 = PRODUCT_DEFINITION_SHAPE ( 'NONE', 'NONE',  #3325 ) ;
#164 = VERTEX_POINT ( 'NONE', #1472 ) ;
#165 = EDGE_CURVE ( 'NONE', #2614, #90, #1291, .T. ) ;
#166 = CARTESIAN_POINT ( 'NONE',  ( 69.99999999999997158, 3.000000000000002665, -5.000000000000000000 ) ) ;
#167 = DIRECTION ( 'NONE',  ( -0.000000000000000000, 0.000000000000000000, -1.000000000000000000 ) ) ;
#168 = LOCAL_TIME ( 17, 50, 13.00000000000000000, #591 ) ;
#169 = ORIENTED_EDGE ( 'NONE', *, *, #1410, .F. ) ;
#170 = AXIS2_PLACEMENT_3D ( 'NONE', #97, #2908, #912 ) ;
#171 = CARTESIAN_POINT ( 'NONE',  ( 0.000000000000000000, 73.00000000000000000, -2.000000000000000000 ) ) ;
#172 = VERTEX_POINT ( 'NONE', #1016 ) ;
#173 = ORIENTED_EDGE ( 'NONE', *, *, #1153, .T. ) ;
#174 = PERSON_AND_ORGANIZATION ( #1948, #3292 ) ;
#175 = CARTESIAN_POINT ( 'NONE',  ( 148.7499999999999432, 2.000000000000001776, -89.85404962177391042 ) ) ;
#176 = ORIENTED_EDGE ( 'NONE', *, *, #2676, .T. ) ;
#177 = AXIS2_PLACEMENT_3D ( 'NONE', #2681, #899, #838 ) ;
#178 = EDGE_CURVE ( 'NONE', #2164, #1721, #3030, .T. ) ;
#179 = DIRECTION ( 'NONE',  ( 0.000000000000000000, 1.000000000000000000, 0.000000000000000000 ) ) ;
#180 = LINE ( 'NONE', #2020, #230 ) ;
#181 = EDGE_LOOP ( 'NONE', ( #3320, #1094, #2850, #2225 ) ) ;
#182 = PRODUCT_DEFINITION ( 'æœ', '', #726, #1881 ) ;
#183 = AXIS2_PLACEMENT_3D ( 'NONE', #2160, #872, #1641 ) ;
#184 = CARTESIAN_POINT ( 'NONE',  ( 13.00000000000001066, -0.001000000000001000089, -17.99999999999998579 ) ) ;
#185 = EDGE_CURVE ( 'NONE', #2414, #1914, #3190, .T. ) ;
#186 = DIRECTION ( 'NONE',  ( -0.000000000000000000, -0.000000000000000000, 1.000000000000000000 ) ) ;
#187 = ORIENTED_EDGE ( 'NONE', *, *, #1582, .F. ) ;
#188 = DIRECTION ( 'NONE',  ( 0.000000000000000000, 0.000000000000000000, 1.000000000000000000 ) ) ;
#189 = ORIENTED_EDGE ( 'NONE', *, *, #1998, .F. ) ;
#190 = DIRECTION ( 'NONE',  ( -1.000000000000000000, 0.000000000000000000, 1.734723475976807341E-16 ) ) ;
#191 = EDGE_CURVE ( 'NONE', #1914, #1154, #2994, .T. ) ;
#192 = VECTOR ( 'NONE', #1225, 1000.000000000000000 ) ;
#193 = PERSON_AND_ORGANIZATION ( #1388, #574 ) ;
#194 = CARTESIAN_POINT ( 'NONE',  ( 2.999999999999984457, 47.99999999999999289, -25.00000000000000711 ) ) ;
#195 = DIRECTION ( 'NONE',  ( 6.167905692361981547E-16, 0.000000000000000000, 1.000000000000000000 ) ) ;
#196 = EDGE_LOOP ( 'NONE', ( #19, #1244, #1148, #3218 ) ) ;
#197 = CARTESIAN_POINT ( 'NONE',  ( 13.00000000000001066, 25.00000000000000000, -77.99999999999998579 ) ) ;
#198 = VECTOR ( 'NONE', #40, 1000.000000000000000 ) ;
#199 = EDGE_CURVE ( 'NONE', #2937, #2142, #1275, .T. ) ;
#200 = CARTESIAN_POINT ( 'NONE',  ( -0.001000000000062582772, 48.00000000000000000, -75.00000000000001421 ) ) ;
#201 = DIRECTION ( 'NONE',  ( -0.000000000000000000, 1.000000000000000000, -0.000000000000000000 ) ) ;
#202 = ORIENTED_EDGE ( 'NONE', *, *, #1488, .F. ) ;
#203 = CARTESIAN_POINT ( 'NONE',  ( 147.4999999999999716, 1.500000000000002665, -88.00000000000000000 ) ) ;
#204 = EDGE_LOOP ( 'NONE', ( #1023, #1048, #1397, #2636 ) ) ;
#205 = DIRECTION ( 'NONE',  ( 0.000000000000000000, 0.000000000000000000, -1.000000000000000000 ) ) ;
#206 = ORIENTED_EDGE ( 'NONE', *, *, #1987, .F. ) ;
#207 = PLANE ( 'NONE',  #2251 ) ;
#208 = ORIENTED_EDGE ( 'NONE', *, *, #787, .F. ) ;
#209 = CALENDAR_DATE ( 2026, 9, 4 ) ;
#210 = CARTESIAN_POINT ( 'NONE',  ( 105.9999999999999716, 40.00000000000000000, -90.00000000000000000 ) ) ;
#211 = FACE_OUTER_BOUND ( 'NONE', #1234, .T. ) ;
#212 = ORIENTED_EDGE ( 'NONE', *, *, #81, .F. ) ;
#213 = AXIS2_PLACEMENT_3D ( 'NONE', #1038, #1644, #1924 ) ;
#214 = LINE ( 'NONE', #1545, #737 ) ;
#215 = VECTOR ( 'NONE', #2036, 1000.000000000000000 ) ;
#216 = ORIENTED_EDGE ( 'NONE', *, *, #622, .F. ) ;
#217 = DIRECTION ( 'NONE',  ( 0.000000000000000000, 1.000000000000000000, 0.000000000000000000 ) ) ;
#218 = EDGE_CURVE ( 'NONE', #735, #1276, #3011, .T. ) ;
#219 = ORIENTED_EDGE ( 'NONE', *, *, #23, .F. ) ;
#220 = DIRECTION ( 'NONE',  ( -1.000000000000000000, 0.000000000000000000, 0.000000000000000000 ) ) ;
#221 = DIRECTION ( 'NONE',  ( -1.000000000000000000, 0.000000000000000000, 0.000000000000000000 ) ) ;
#222 = VECTOR ( 'NONE', #2651, 1000.000000000000000 ) ;
#223 = PRODUCT_DEFINITION_FORMATION_WITH_SPECIFIED_SOURCE ( 'ä»', '', #3189, .NOT_KNOWN. ) ;
#224 = CYLINDRICAL_SURFACE ( 'NONE', #3066, 2.000000000000001776 ) ;
#225 = CARTESIAN_POINT ( 'NONE',  ( 45.00000000000000000, 25.00000000000000000, 0.002000000000002000178 ) ) ;
#226 = VERTEX_POINT ( 'NONE', #2790 ) ;
#227 = EDGE_CURVE ( 'NONE', #569, #586, #2055, .T. ) ;
#228 = ADVANCED_FACE ( 'NONE', ( #2522 ), #360, .F. ) ;
#229 = CARTESIAN_POINT ( 'NONE',  ( -1.110227259789892812E-14, 4.000000000000002665, -17.99999999999998934 ) ) ;
#230 = VECTOR ( 'NONE', #777, 1000.000000000000000 ) ;
#231 = LINE ( 'NONE', #3315, #2301 ) ;
#232 = ORIENTED_EDGE ( 'NONE', *, *, #199, .F. ) ;
#233 = DIRECTION ( 'NONE',  ( 0.000000000000000000, -1.000000000000000000, 0.000000000000000000 ) ) ;
#234 = DIRECTION ( 'NONE',  ( 0.000000000000000000, 0.000000000000000000, 1.000000000000000000 ) ) ;
#235 = CARTESIAN_POINT ( 'NONE',  ( 0.000000000000000000, 0.000000000000000000, 0.000000000000000000 ) ) ;
#236 = AXIS2_PLACEMENT_3D ( 'NONE', #2839, #1238, #2014 ) ;
#237 = ORIENTED_EDGE ( 'NONE', *, *, #2736, .T. ) ;
#238 = SHAPE_REPRESENTATION_RELATIONSHIP ( 'NONE' , 'NONE' ,  #1418, #3294 ) ;
#239 = FACE_OUTER_BOUND ( 'NONE', #252, .T. ) ;
#240 = CC_DESIGN_DATE_AND_TIME_ASSIGNMENT ( #3276, #1544, ( #758 ) ) ;
#241 = PERSON_AND_ORGANIZATION_ROLE ( 'classification_officer' ) ;
#242 = DIRECTION ( 'NONE',  ( 0.000000000000000000, 0.000000000000000000, -1.000000000000000000 ) ) ;
#243 = EDGE_CURVE ( 'NONE', #1005, #364, #1482, .T. ) ;
#244 = CARTESIAN_POINT ( 'NONE',  ( 31.00000000000000711, 63.00000000000000000, -84.99999999999998579 ) ) ;
#245 = FACE_OUTER_BOUND ( 'NONE', #1944, .T. ) ;
#246 = ORIENTED_EDGE ( 'NONE', *, *, #2426, .F. ) ;
#247 = EDGE_CURVE ( 'NONE', #2063, #2206, #2716, .T. ) ;
#248 = PERSON_AND_ORGANIZATION ( #2708, #331 ) ;
#249 = DIRECTION ( 'NONE',  ( 0.000000000000000000, 9.912705577010325549E-17, 1.000000000000000000 ) ) ;
#250 = AXIS2_PLACEMENT_3D ( 'NONE', #2234, #3231, #2249 ) ;
#251 = CARTESIAN_POINT ( 'NONE',  ( 147.9999999999999716, 75.00000000000000000, -4.564250212347864866E-14 ) ) ;
#252 = EDGE_LOOP ( 'NONE', ( #176, #2648, #2779, #1464, #382 ) ) ;
#253 = CARTESIAN_POINT ( 'NONE',  ( 69.99999999999995737, 53.00000000000000711, -84.99999999999998579 ) ) ;
#254 = CARTESIAN_POINT ( 'NONE',  ( 124.9999999999999716, 75.00000000000000000, -90.00000000000000000 ) ) ;
#255 = DIRECTION ( 'NONE',  ( -0.000000000000000000, 1.000000000000000000, 0.000000000000000000 ) ) ;
#256 = ORIENTED_EDGE ( 'NONE', *, *, #3049, .F. ) ;
#257 = FACE_OUTER_BOUND ( 'NONE', #2865, .T. ) ;
#258 = DIRECTION ( 'NONE',  ( 6.167905692361981547E-16, 1.334402673828312846E-16, 1.000000000000000000 ) ) ;
#259 = CYLINDRICAL_SURFACE ( 'NONE', #236, 2.000000000000001776 ) ;
#260 = ORIENTED_EDGE ( 'NONE', *, *, #314, .F. ) ;
#261 = FACE_OUTER_BOUND ( 'NONE', #2827, .T. ) ;
#262 = LINE ( 'NONE', #1043, #3226 ) ;
#263 = EDGE_CURVE ( 'NONE', #1636, #364, #1273, .T. ) ;
#264 = APPROVAL_DATE_TIME ( #2591, #3082 ) ;
#265 = ORIENTED_EDGE ( 'NONE', *, *, #1902, .F. ) ;
#266 = LINE ( 'NONE', #1575, #3282 ) ;
#267 = CARTESIAN_POINT ( 'NONE',  ( 74.99999999999995737, 53.00000000000000711, -84.99999999999998579 ) ) ;
#268 = LINE ( 'NONE', #1065, #2243 ) ;
#269 = EDGE_LOOP ( 'NONE', ( #270, #1601, #2688, #542 ) ) ;
#270 = ORIENTED_EDGE ( 'NONE', *, *, #297, .F. ) ;
#271 = DIRECTION ( 'NONE',  ( 0.000000000000000000, 1.000000000000000000, 0.000000000000000000 ) ) ;
#272 = DIRECTION ( 'NONE',  ( 0.000000000000000000, 0.000000000000000000, 1.000000000000000000 ) ) ;
#273 = VECTOR ( 'NONE', #892, 1000.000000000000000 ) ;
#274 = ADVANCED_FACE ( 'NONE', ( #1422 ), #3127, .T. ) ;
#275 = FACE_OUTER_BOUND ( 'NONE', #2491, .T. ) ;
#276 = EDGE_CURVE ( 'NONE', #2069, #1280, #156, .T. ) ;
#277 = EDGE_LOOP ( 'NONE', ( #1028, #636, #1910, #1086, #2521, #431, #2267, #3139, #2936, #755, #1437, #2793 ) ) ;
#278 = LINE ( 'NONE', #2027, #1165 ) ;
#279 = DIRECTION ( 'NONE',  ( 0.000000000000000000, 1.000000000000000000, -0.000000000000000000 ) ) ;
#280 = ORIENTED_EDGE ( 'NONE', *, *, #943, .F. ) ;
#281 = CARTESIAN_POINT ( 'NONE',  ( 0.000000000000000000, 0.000000000000000000, 0.000000000000000000 ) ) ;
#282 = CC_DESIGN_APPROVAL ( #1913, ( #500 ) ) ;
#283 = PERSON_AND_ORGANIZATION_ROLE ( 'design_supplier' ) ;
#284 = CARTESIAN_POINT ( 'NONE',  ( 5.000000000000010658, 3.000000000000002665, -5.000000000000000000 ) ) ;
#285 = DIRECTION ( 'NONE',  ( -1.000000000000000000, 0.000000000000000000, 3.083952846180976475E-16 ) ) ;
#286 = EDGE_CURVE ( 'NONE', #2833, #2164, #401, .T. ) ;
#287 = DIRECTION ( 'NONE',  ( 1.000000000000000000, -0.000000000000000000, -1.192622389734055124E-16 ) ) ;
#288 = VECTOR ( 'NONE', #1836, 1000.000000000000000 ) ;
#289 = ORIENTED_EDGE ( 'NONE', *, *, #931, .T. ) ;
#290 = ORIENTED_EDGE ( 'NONE', *, *, #2456, .F. ) ;
#291 = CARTESIAN_POINT ( 'NONE',  ( 149.9999999999999716, 73.00000000000000000, -2.000000000000000444 ) ) ;
#292 = LINE ( 'NONE', #1068, #1338 ) ;
#293 = DIRECTION ( 'NONE',  ( 0.000000000000000000, 1.000000000000000000, 0.000000000000000000 ) ) ;
#294 = ORIENTED_EDGE ( 'NONE', *, *, #852, .T. ) ;
#295 = VECTOR ( 'NONE', #2315, 1000.000000000000000 ) ;
#296 = CARTESIAN_POINT ( 'NONE',  ( 144.9999999999999716, 69.99999999999998579, -84.99999999999998579 ) ) ;
#297 = EDGE_CURVE ( 'NONE', #936, #1570, #2750, .T. ) ;
#298 = EDGE_CURVE ( 'NONE', #1883, #1170, #2810, .T. ) ;
#299 = ORIENTED_EDGE ( 'NONE', *, *, #1937, .T. ) ;
#300 = CARTESIAN_POINT ( 'NONE',  ( 0.000000000000000000, 3.000000000000002665, -84.99999999999998579 ) ) ;
#301 = PERSON_AND_ORGANIZATION ( #2708, #331 ) ;
#302 = CYLINDRICAL_SURFACE ( 'NONE', #1164, 2.000000000000001776 ) ;
#303 = EDGE_CURVE ( 'NONE', #615, #735, #2468, .T. ) ;
#304 = DIRECTION ( 'NONE',  ( 0.000000000000000000, -0.000000000000000000, -1.000000000000000000 ) ) ;
#305 = DIRECTION ( 'NONE',  ( 0.000000000000000000, 1.000000000000000000, 0.000000000000000000 ) ) ;
#306 = VECTOR ( 'NONE', #547, 1000.000000000000000 ) ;
#307 = DIRECTION ( 'NONE',  ( -0.000000000000000000, -0.000000000000000000, 1.000000000000000000 ) ) ;
#308 = ORIENTED_EDGE ( 'NONE', *, *, #1362, .F. ) ;
#309 = ORIENTED_EDGE ( 'NONE', *, *, #1399, .T. ) ;
#310 = DIRECTION ( 'NONE',  ( -0.000000000000000000, -0.000000000000000000, -1.000000000000000000 ) ) ;
#311 = LINE ( 'NONE', #1329, #1983 ) ;
#312 = VECTOR ( 'NONE', #343, 1000.000000000000000 ) ;
#313 = LINE ( 'NONE', #1051, #3047 ) ;
#314 = EDGE_CURVE ( 'NONE', #1578, #335, #2257, .T. ) ;
#315 = ORIENTED_EDGE ( 'NONE', *, *, #298, .F. ) ;
#316 = CARTESIAN_POINT ( 'NONE',  ( 149.9999999999999432, 2.000000000000001776, -88.00000000000000000 ) ) ;
#317 = CARTESIAN_POINT ( 'NONE',  ( 1.999999999999945821, 2.000000000000000000, -88.00000000000000000 ) ) ;
#318 = VECTOR ( 'NONE', #1748, 1000.000000000000000 ) ;
#319 = LINE ( 'NONE', #1916, #1211 ) ;
#320 = ORIENTED_EDGE ( 'NONE', *, *, #247, .T. ) ;
#321 = CARTESIAN_POINT ( 'NONE',  ( 147.4999999999999716, 1.500000000000002665, -88.00000000000000000 ) ) ;
#322 = ADVANCED_FACE ( 'NONE', ( #1724 ), #2533, .T. ) ;
#323 = APPROVAL_DATE_TIME ( #2127, #1913 ) ;
#324 = CARTESIAN_POINT ( 'NONE',  ( 147.9999999999999716, 69.99999999999998579, -88.00000000000000000 ) ) ;
#325 = CYLINDRICAL_SURFACE ( 'NONE', #2713, 2.000000000000001776 ) ;
#326 = CARTESIAN_POINT ( 'NONE',  ( 13.00000000000001066, -0.001000000000001000089, -17.99999999999998579 ) ) ;
#327 = DIRECTION ( 'NONE',  ( 1.000000000000000000, 0.000000000000000000, -0.000000000000000000 ) ) ;
#328 = EDGE_LOOP ( 'NONE', ( #835, #521, #1979, #2287 ) ) ;
#329 = CARTESIAN_POINT ( 'NONE',  ( 74.99999999999995737, 3.000000000000002665, -84.99999999999998579 ) ) ;
#330 = ORIENTED_EDGE ( 'NONE', *, *, #695, .F. ) ;
#331 = ORGANIZATION ( 'æœª', 'æœª', '' ) ;
#332 = PLANE ( 'NONE',  #676 ) ;
#333 = EDGE_CURVE ( 'NONE', #2607, #3239, #3210, .T. ) ;
#334 = AXIS2_PLACEMENT_3D ( 'NONE', #3291, #3094, #3057 ) ;
#335 = VERTEX_POINT ( 'NONE', #2226 ) ;
#336 = VERTEX_POINT ( 'NONE', #1960 ) ;
#337 = CARTESIAN_POINT ( 'NONE',  ( 5.000000000000001776, 9.000000000000001776, -80.99999999999998579 ) ) ;
#338 = CC_DESIGN_PERSON_AND_ORGANIZATION_ASSIGNMENT ( #1483, #241, ( #3138 ) ) ;
#339 = MECHANICAL_CONTEXT ( 'NONE', #1351, 'mechanical' ) ;
#340 = FACE_OUTER_BOUND ( 'NONE', #2348, .T. ) ;
#341 = EDGE_LOOP ( 'NONE', ( #953, #37, #1509, #299 ) ) ;
#342 = EDGE_CURVE ( 'NONE', #1380, #999, #2482, .T. ) ;
#343 = DIRECTION ( 'NONE',  ( 0.000000000000000000, 0.000000000000000000, -1.000000000000000000 ) ) ;
#344 = VECTOR ( 'NONE', #725, 1000.000000000000000 ) ;
#345 = LOCAL_TIME ( 17, 50, 13.00000000000000000, #3058 ) ;
#346 = CARTESIAN_POINT ( 'NONE',  ( 74.99999999999995737, 28.00000000000000355, -84.99999999999998579 ) ) ;
#347 = ORIENTED_EDGE ( 'NONE', *, *, #562, .T. ) ;
#348 = DESIGN_CONTEXT ( 'detailed design', #1216, 'design' ) ;
#349 = LINE ( 'NONE', #1401, #111 ) ;
#350 = VERTEX_POINT ( 'NONE', #1481 ) ;
#351 = EDGE_LOOP ( 'NONE', ( #246, #2882, #1662, #3018 ) ) ;
#352 = FACE_OUTER_BOUND ( 'NONE', #2132, .T. ) ;
#353 = AXIS2_PLACEMENT_3D ( 'NONE', #621, #638, #2638 ) ;
#354 = DIRECTION ( 'NONE',  ( 0.000000000000000000, -1.000000000000000000, 0.000000000000000000 ) ) ;
#355 = VECTOR ( 'NONE', #729, 1000.000000000000000 ) ;
#356 = CC_DESIGN_PERSON_AND_ORGANIZATION_ASSIGNMENT ( #77, #1904, ( #86 ) ) ;
#357 = AXIS2_PLACEMENT_3D ( 'NONE', #3269, #3024, #3305 ) ;
#358 = APPLICATION_PROTOCOL_DEFINITION ( 'international standard', 'config_control_design', 1994, #2390 ) ;
#359 = LINE ( 'NONE', #1393, #3278 ) ;
#360 = PLANE ( 'NONE',  #2306 ) ;
#361 = PLANE ( 'NONE',  #537 ) ;
#362 = VERTEX_POINT ( 'NONE', #972 ) ;
#363 = CARTESIAN_POINT ( 'NONE',  ( 147.9999999999999432, 73.00000000000000000, -90.00000000000000000 ) ) ;
#364 = VERTEX_POINT ( 'NONE', #716 ) ;
#365 = CARTESIAN_POINT ( 'NONE',  ( 1.999999999999945821, 73.00000000000000000, -90.00000000000000000 ) ) ;
#366 = VECTOR ( 'NONE', #1433, 1000.000000000000000 ) ;
#367 = DIRECTION ( 'NONE',  ( -1.000000000000000000, -0.000000000000000000, 6.167905692361981547E-16 ) ) ;
#368 = ORIENTED_EDGE ( 'NONE', *, *, #2676, .F. ) ;
#369 = ORIENTED_EDGE ( 'NONE', *, *, #1652, .T. ) ;
#370 = PERSON_AND_ORGANIZATION ( #2708, #331 ) ;
#371 = CARTESIAN_POINT ( 'NONE',  ( 2.999999999999947597, 56.00000000000000711, -85.39999999999999147 ) ) ;
#372 =( BOUNDED_CURVE ( )  B_SPLINE_CURVE ( 3, ( #464, #746, #1496, #727 ),
 .UNSPECIFIED., .F., .F. ) 
 B_SPLINE_CURVE_WITH_KNOTS ( ( 4, 4 ),
 ( 3.141592653589793116, 4.712388980384689674 ),
 .UNSPECIFIED. ) 
 CURVE ( )  GEOMETRIC_REPRESENTATION_ITEM ( )  RATIONAL_B_SPLINE_CURVE ( ( 1.000000000000000000, 0.8047378541243649375, 0.8047378541243649375, 1.000000000000000000 ) ) 
 REPRESENTATION_ITEM ( '' )  );
#373 = LINE ( 'NONE', #2413, #1344 ) ;
#374 = LINE ( 'NONE', #1203, #3321 ) ;
#375 = EDGE_CURVE ( 'NONE', #2749, #2968, #2834, .T. ) ;
#376 = DIRECTION ( 'NONE',  ( -3.083952846180990774E-16, 0.000000000000000000, -1.000000000000000000 ) ) ;
#377 = EDGE_LOOP ( 'NONE', ( #1013, #44, #2623, #2787 ) ) ;
#378 = DIRECTION ( 'NONE',  ( -0.000000000000000000, -1.000000000000000000, -0.000000000000000000 ) ) ;
#379 = ADVANCED_FACE ( 'NONE', ( #2513 ), #924, .F. ) ;
#380 = AXIS2_PLACEMENT_3D ( 'NONE', #982, #3246, #1708 ) ;
#381 = DIRECTION ( 'NONE',  ( 0.000000000000000000, 0.000000000000000000, -1.000000000000000000 ) ) ;
#382 = ORIENTED_EDGE ( 'NONE', *, *, #2697, .T. ) ;
#383 = AXIS2_PLACEMENT_3D ( 'NONE', #3040, #1780, #2803 ) ;
#384 = COORDINATED_UNIVERSAL_TIME_OFFSET ( 8, 0, .AHEAD. ) ;
#385 = CARTESIAN_POINT ( 'NONE',  ( 0.000000000000000000, 0.000000000000000000, 0.000000000000000000 ) ) ;
#386 = DIRECTION ( 'NONE',  ( 0.000000000000000000, -0.000000000000000000, 1.000000000000000000 ) ) ;
#387 = VECTOR ( 'NONE', #2107, 1000.000000000000000 ) ;
#388 = CARTESIAN_POINT ( 'NONE',  ( 45.00000000000000000, 31.00000000000000000, -5.000000000000000000 ) ) ;
#389 = FACE_OUTER_BOUND ( 'NONE', #122, .T. ) ;
#390 = ORIENTED_EDGE ( 'NONE', *, *, #2602, .T. ) ;
#391 = EDGE_CURVE ( 'NONE', #615, #1840, #2272, .T. ) ;
#392 = APPROVAL_PERSON_ORGANIZATION ( #2905, #2407, #1339 ) ;
#393 = ORIENTED_EDGE ( 'NONE', *, *, #227, .T. ) ;
#394 = CARTESIAN_POINT ( 'NONE',  ( 147.9999999999999432, 32.50000000000000000, -90.00000000000000000 ) ) ;
#395 = LINE ( 'NONE', #1370, #76 ) ;
#396 = DIRECTION ( 'NONE',  ( 1.000000000000000000, 0.000000000000000000, -0.000000000000000000 ) ) ;
#397 = LINE ( 'NONE', #3016, #498 ) ;
#398 = CC_DESIGN_PERSON_AND_ORGANIZATION_ASSIGNMENT ( #1850, #572, ( #182 ) ) ;
#399 = CIRCLE ( 'NONE', #2619, 4.000000000000000000 ) ;
#400 = EDGE_LOOP ( 'NONE', ( #3183, #546, #1561, #2296, #598, #1830, #1538, #526, #1774, #3211, #402, #1271 ) ) ;
#401 = LINE ( 'NONE', #684, #1972 ) ;
#402 = ORIENTED_EDGE ( 'NONE', *, *, #3180, .T. ) ;
#403 = VECTOR ( 'NONE', #2302, 1000.000000000000000 ) ;
#404 = COORDINATED_UNIVERSAL_TIME_OFFSET ( 8, 0, .AHEAD. ) ;
#405 = ADVANCED_FACE ( 'NONE', ( #466 ), #207, .F. ) ;
#406 = DIRECTION ( 'NONE',  ( 1.000000000000000000, -0.000000000000000000, 0.000000000000000000 ) ) ;
#407 = FACE_OUTER_BOUND ( 'NONE', #1404, .T. ) ;
#408 = VECTOR ( 'NONE', #2261, 1000.000000000000000 ) ;
#409 = CYLINDRICAL_SURFACE ( 'NONE', #1932, 2.000000000000001776 ) ;
#410 = LINE ( 'NONE', #1445, #3201 ) ;
#411 = CARTESIAN_POINT ( 'NONE',  ( 2.999999999999989342, 4.000000000000003553, -17.99999999999998934 ) ) ;
#412 = ORIENTED_EDGE ( 'NONE', *, *, #1058, .T. ) ;
#413 =( LENGTH_UNIT ( ) NAMED_UNIT ( * ) SI_UNIT ( .MILLI., .METRE. ) );
#414 = AXIS2_PLACEMENT_3D ( 'NONE', #1460, #697, #3034 ) ;
#415 = ORIENTED_EDGE ( 'NONE', *, *, #2842, .F. ) ;
#416 = CARTESIAN_POINT ( 'NONE',  ( 122.9999999999999716, 42.00000000000000000, -88.00000000000000000 ) ) ;
#417 = VECTOR ( 'NONE', #2812, 1000.000000000000000 ) ;
#418 = COORDINATED_UNIVERSAL_TIME_OFFSET ( 8, 0, .AHEAD. ) ;
#419 = CARTESIAN_POINT ( 'NONE',  ( 146.0000000000000000, 5.000000000000000000, 0.000000000000000000 ) ) ;
#420 = ORIENTED_EDGE ( 'NONE', *, *, #1958, .T. ) ;
#421 = CARTESIAN_POINT ( 'NONE',  ( 45.00000000000000000, 31.00000000000000000, -84.99999999999998579 ) ) ;
#422 = ORIENTED_EDGE ( 'NONE', *, *, #2183, .F. ) ;
#423 = VECTOR ( 'NONE', #131, 1000.000000000000000 ) ;
#424 = ORIENTED_EDGE ( 'NONE', *, *, #1407, .T. ) ;
#425 = DIRECTION ( 'NONE',  ( 0.000000000000000000, 0.000000000000000000, 1.000000000000000000 ) ) ;
#426 = CARTESIAN_POINT ( 'NONE',  ( 149.9999999999999432, 75.00000000000000000, -88.00000000000000000 ) ) ;
#427 = CARTESIAN_POINT ( 'NONE',  ( 144.9999999999999716, 3.000000000000002665, -84.99999999999998579 ) ) ;
#428 = DIRECTION ( 'NONE',  ( -1.000000000000000000, -0.000000000000000000, -0.000000000000000000 ) ) ;
#429 = EDGE_LOOP ( 'NONE', ( #1254, #815, #2446, #260, #3281 ) ) ;
#430 = FACE_OUTER_BOUND ( 'NONE', #1176, .T. ) ;
#431 = ORIENTED_EDGE ( 'NONE', *, *, #648, .F. ) ;
#432 = ADVANCED_FACE ( 'NONE', ( #1690, #2717 ), #3038, .F. ) ;
#433 = PERSON_AND_ORGANIZATION_ROLE ( 'classification_officer' ) ;
#434 = CARTESIAN_POINT ( 'NONE',  ( -2.775557561562891351E-14, 5.000000000000000000, -86.00000000000000000 ) ) ;
#435 = AXIS2_PLACEMENT_3D ( 'NONE', #1775, #2761, #205 ) ;
#436 = CARTESIAN_POINT ( 'NONE',  ( 147.9999999999999432, 0.000000000000000000, -88.00000000000000000 ) ) ;
#437 = VERTEX_POINT ( 'NONE', #565 ) ;
#438 = CC_DESIGN_PERSON_AND_ORGANIZATION_ASSIGNMENT ( #2471, #433, ( #2876 ) ) ;
#439 = EDGE_CURVE ( 'NONE', #2063, #1953, #1515, .T. ) ;
#440 = DIRECTION ( 'NONE',  ( -1.000000000000000000, 0.000000000000000000, 0.000000000000000000 ) ) ;
#441 = EDGE_CURVE ( 'NONE', #1721, #2659, #1827, .T. ) ;
#442 = ORIENTED_EDGE ( 'NONE', *, *, #1402, .F. ) ;
#443 = EDGE_CURVE ( 'NONE', #2974, #94, #2848, .T. ) ;
#444 = CARTESIAN_POINT ( 'NONE',  ( 1.999999999999945821, 2.000000000000000000, -88.00000000000000000 ) ) ;
#445 = LINE ( 'NONE', #1580, #2369 ) ;
#446 = APPROVAL_PERSON_ORGANIZATION ( #1411, #702, #142 ) ;
#447 = LOCAL_TIME ( 17, 50, 13.00000000000000000, #1794 ) ;
#448 = CYLINDRICAL_SURFACE ( 'NONE', #1793, 2.000000000000000000 ) ;
#449 = ORIENTED_EDGE ( 'NONE', *, *, #1093, .F. ) ;
#450 = EDGE_CURVE ( 'NONE', #1953, #2074, #3085, .T. ) ;
#451 = DIRECTION ( 'NONE',  ( -1.000000000000000000, -0.000000000000000000, -0.000000000000000000 ) ) ;
#452 = ORIENTED_EDGE ( 'NONE', *, *, #85, .T. ) ;
#453 = CALENDAR_DATE ( 2026, 9, 4 ) ;
#454 = DIRECTION ( 'NONE',  ( 1.000000000000000000, -0.000000000000000000, -0.000000000000000000 ) ) ;
#455 = FACE_OUTER_BOUND ( 'NONE', #2709, .T. ) ;
#456 = LINE ( 'NONE', #2214, #3184 ) ;
#457 = COORDINATED_UNIVERSAL_TIME_OFFSET ( 8, 0, .AHEAD. ) ;
#458 = PLANE ( 'NONE',  #1597 ) ;
#459 = VECTOR ( 'NONE', #451, 1000.000000000000000 ) ;
#460 = ORIENTED_EDGE ( 'NONE', *, *, #2300, .T. ) ;
#461 = DIRECTION ( 'NONE',  ( 1.000000000000000000, 0.000000000000000000, -0.000000000000000000 ) ) ;
#462 = ADVANCED_FACE ( 'NONE', ( #2835 ), #1022, .F. ) ;
#463 = EDGE_LOOP ( 'NONE', ( #1109, #2941, #1331, #830 ) ) ;
#464 = CARTESIAN_POINT ( 'NONE',  ( 122.9999999999999716, 50.00000000000000000, -88.00000000000000000 ) ) ;
#465 = ORIENTED_EDGE ( 'NONE', *, *, #1501, .T. ) ;
#466 = FACE_OUTER_BOUND ( 'NONE', #3065, .T. ) ;
#467 = EDGE_LOOP ( 'NONE', ( #216, #859, #412, #1264 ) ) ;
#468 = AXIS2_PLACEMENT_3D ( 'NONE', #21, #2319, #2829 ) ;
#469 = COORDINATED_UNIVERSAL_TIME_OFFSET ( 8, 0, .AHEAD. ) ;
#470 = DIRECTION ( 'NONE',  ( 0.000000000000000000, -1.000000000000000000, 0.000000000000000000 ) ) ;
#471 = CARTESIAN_POINT ( 'NONE',  ( 2.999999999999947597, 56.00000000000000711, -85.39999999999999147 ) ) ;
#472 = VERTEX_POINT ( 'NONE', #2800 ) ;
#473 = LINE ( 'NONE', #961, #2758 ) ;
#474 = AXIS2_PLACEMENT_3D ( 'NONE', #1349, #3103, #2831 ) ;
#475 = APPROVAL_STATUS ( 'not_yet_approved' ) ;
#476 = ORIENTED_EDGE ( 'NONE', *, *, #1975, .T. ) ;
#477 = EDGE_CURVE ( 'NONE', #1843, #1298, #278, .T. ) ;
#478 = EDGE_CURVE ( 'NONE', #2547, #1531, #2570, .T. ) ;
#479 = ORIENTED_EDGE ( 'NONE', *, *, #1078, .F. ) ;
#480 = ADVANCED_FACE ( 'NONE', ( #239 ), #3089, .T. ) ;
#481 = PLANE ( 'NONE',  #963 ) ;
#482 = CARTESIAN_POINT ( 'NONE',  ( 1.999999999999998668, 0.000000000000000000, -2.000000000000000000 ) ) ;
#483 =( BOUNDED_CURVE ( )  B_SPLINE_CURVE ( 3, ( #1059, #3178, #2942, #1939 ),
 .UNSPECIFIED., .F., .F. ) 
 B_SPLINE_CURVE_WITH_KNOTS ( ( 4, 4 ),
 ( 1.570796326794896780, 2.245927859731929210 ),
 .UNSPECIFIED. ) 
 CURVE ( )  GEOMETRIC_REPRESENTATION_ITEM ( )  RATIONAL_B_SPLINE_CURVE ( ( 1.000000000000000000, 0.9623757713646634571, 0.9623757713646634571, 1.000000000000000000 ) ) 
 REPRESENTATION_ITEM ( '' )  );
#484 = ORIENTED_EDGE ( 'NONE', *, *, #742, .T. ) ;
#485 = LINE ( 'NONE', #3262, #3275 ) ;
#486 = ORIENTED_EDGE ( 'NONE', *, *, #1689, .T. ) ;
#487 = EDGE_CURVE ( 'NONE', #2597, #2659, #785, .T. ) ;
#488 = DIRECTION ( 'NONE',  ( 1.000000000000000000, 0.000000000000000000, -6.167905692361981547E-16 ) ) ;
#489 = DATE_TIME_ROLE ( 'classification_date' ) ;
#490 = CARTESIAN_POINT ( 'NONE',  ( -5.551115123125782702E-14, 2.000000000000001776, -88.00000000000000000 ) ) ;
#491 = CARTESIAN_POINT ( 'NONE',  ( 69.99999999999995737, 53.00000000000000711, -84.99999999999998579 ) ) ;
#492 = LINE ( 'NONE', #1557, #642 ) ;
#493 = VERTEX_POINT ( 'NONE', #2550 ) ;
#494 =( GEOMETRIC_REPRESENTATION_CONTEXT ( 3 ) GLOBAL_UNCERTAINTY_ASSIGNED_CONTEXT ( ( #2181 ) ) GLOBAL_UNIT_ASSIGNED_CONTEXT ( ( #1790, #2569, #1757 ) ) REPRESENTATION_CONTEXT ( 'NONE', 'WORKASPACE' ) );
#495 = DIRECTION ( 'NONE',  ( -1.000000000000000000, 0.000000000000000000, 0.000000000000000000 ) ) ;
#496 = CARTESIAN_POINT ( 'NONE',  ( 107.9999999999999716, 50.00000000000000000, -88.00000000000000000 ) ) ;
#497 = VECTOR ( 'NONE', #1467, 1000.000000000000000 ) ;
#498 = VECTOR ( 'NONE', #2493, 1000.000000000000000 ) ;
#499 = ORIENTED_EDGE ( 'NONE', *, *, #2497, .F. ) ;
#500 = PRODUCT_DEFINITION ( 'æœ', '', #2021, #3204 ) ;
#501 = CARTESIAN_POINT ( 'NONE',  ( 74.99999999999995737, 13.00000000000000355, -77.00000000000000000 ) ) ;
#502 = CYLINDRICAL_SURFACE ( 'NONE', #2639, 2.000000000000001776 ) ;
#503 = EDGE_CURVE ( 'NONE', #1725, #2009, #1815, .T. ) ;
#504 = ORIENTED_EDGE ( 'NONE', *, *, #994, .T. ) ;
#505 = DIRECTION ( 'NONE',  ( -0.000000000000000000, -0.000000000000000000, 1.000000000000000000 ) ) ;
#506 = EDGE_CURVE ( 'NONE', #335, #1423, #1317, .T. ) ;
#507 = VECTOR ( 'NONE', #2970, 1000.000000000000000 ) ;
#508 = CC_DESIGN_APPROVAL ( #618, ( #2140 ) ) ;
#509 = APPROVAL_DATE_TIME ( #2766, #1250 ) ;
#510 = CARTESIAN_POINT ( 'NONE',  ( 148.2386127875258239, 0.7613872124741745129, -89.55206388406102747 ) ) ;
#511 = DIRECTION ( 'NONE',  ( 0.000000000000000000, 1.000000000000000000, 0.000000000000000000 ) ) ;
#512 = ORIENTED_EDGE ( 'NONE', *, *, #1183, .T. ) ;
#513 = DIRECTION ( 'NONE',  ( 0.000000000000000000, 1.000000000000000000, 0.000000000000000000 ) ) ;
#514 = CARTESIAN_POINT ( 'NONE',  ( 107.9999999999999716, 50.00000000000000000, -89.17157287525380127 ) ) ;
#515 = ADVANCED_FACE ( 'NONE', ( #3051, #1037 ), #2621, .F. ) ;
#516 = MECHANICAL_CONTEXT ( 'NONE', #1281, 'mechanical' ) ;
#517 = DIRECTION ( 'NONE',  ( -1.000000000000000000, 0.000000000000000000, 0.000000000000000000 ) ) ;
#518 = AXIS2_PLACEMENT_3D ( 'NONE', #2370, #354, #2388 ) ;
#519 = DIRECTION ( 'NONE',  ( -0.000000000000000000, 1.000000000000000000, 0.000000000000000000 ) ) ;
#520 = ADVANCED_FACE ( 'NONE', ( #3322 ), #2354, .T. ) ;
#521 = ORIENTED_EDGE ( 'NONE', *, *, #2317, .T. ) ;
#522 = LINE ( 'NONE', #831, #620 ) ;
#523 = DIRECTION ( 'NONE',  ( -6.167905692361981547E-16, -9.912705577010325549E-17, -1.000000000000000000 ) ) ;
#524 = LINE ( 'NONE', #2367, #198 ) ;
#525 = VECTOR ( 'NONE', #1867, 1000.000000000000000 ) ;
#526 = ORIENTED_EDGE ( 'NONE', *, *, #2465, .T. ) ;
#527 = LINE ( 'NONE', #2120, #1260 ) ;
#528 = CARTESIAN_POINT ( 'NONE',  ( 147.9999999999999432, 73.00000000000000000, -88.00000000000000000 ) ) ;
#529 = EDGE_CURVE ( 'NONE', #2381, #2158, #8, .T. ) ;
#530 = DIRECTION ( 'NONE',  ( -0.000000000000000000, 1.000000000000000000, -0.000000000000000000 ) ) ;
#531 = VERTEX_POINT ( 'NONE', #1844 ) ;
#532 = PLANE ( 'NONE',  #3046 ) ;
#533 = PERSON_AND_ORGANIZATION_ROLE ( 'design_owner' ) ;
#534 = AXIS2_PLACEMENT_3D ( 'NONE', #770, #3227, #1519 ) ;
#535 = DIRECTION ( 'NONE',  ( -6.505213034913025618E-16, 0.000000000000000000, -1.000000000000000000 ) ) ;
#536 = EDGE_CURVE ( 'NONE', #350, #3198, #1248, .T. ) ;
#537 = AXIS2_PLACEMENT_3D ( 'NONE', #1396, #632, #327 ) ;
#538 = ORIENTED_EDGE ( 'NONE', *, *, #2535, .F. ) ;
#539 = DIRECTION ( 'NONE',  ( -1.000000000000000000, 0.000000000000000000, 0.000000000000000000 ) ) ;
#540 = CARTESIAN_POINT ( 'NONE',  ( 144.9999999999999716, 3.000000000000002665, -5.000000000000000000 ) ) ;
#541 = CARTESIAN_POINT ( 'NONE',  ( 72.49999999999995737, 1.500000000000001998, -88.61797697405792462 ) ) ;
#542 = ORIENTED_EDGE ( 'NONE', *, *, #3297, .F. ) ;
#543 = DIRECTION ( 'NONE',  ( -0.000000000000000000, -0.000000000000000000, 1.000000000000000000 ) ) ;
#544 = EDGE_CURVE ( 'NONE', #1066, #1123, #1006, .T. ) ;
#545 = LINE ( 'NONE', #1658, #2573 ) ;
#546 = ORIENTED_EDGE ( 'NONE', *, *, #1533, .F. ) ;
#547 = DIRECTION ( 'NONE',  ( -0.000000000000000000, 1.000000000000000000, -0.000000000000000000 ) ) ;
#548 = LINE ( 'NONE', #2016, #1196 ) ;
#549 = ADVANCED_FACE ( 'NONE', ( #1333 ), #3124, .T. ) ;
#550 = APPLICATION_PROTOCOL_DEFINITION ( 'international standard', 'config_control_design', 1994, #2224 ) ;
#551 = DIRECTION ( 'NONE',  ( -1.000000000000000000, 0.000000000000000000, -0.000000000000000000 ) ) ;
#552 = CARTESIAN_POINT ( 'NONE',  ( 147.4999999999999716, 30.50000000000000355, -88.00000000000000000 ) ) ;
#553 = CC_DESIGN_PERSON_AND_ORGANIZATION_ASSIGNMENT ( #2949, #3199, ( #726 ) ) ;
#554 = FACE_OUTER_BOUND ( 'NONE', #1858, .T. ) ;
#555 = EDGE_CURVE ( 'NONE', #493, #2373, #1968, .T. ) ;
#556 = ORIENTED_EDGE ( 'NONE', *, *, #1047, .F. ) ;
#557 = ORIENTED_EDGE ( 'NONE', *, *, #3165, .F. ) ;
#558 = LINE ( 'NONE', #2058, #2463 ) ;
#559 = FACE_OUTER_BOUND ( 'NONE', #603, .T. ) ;
#560 = VECTOR ( 'NONE', #2753, 1000.000000000000000 ) ;
#561 = PLANE ( 'NONE',  #654 ) ;
#562 = EDGE_CURVE ( 'NONE', #138, #364, #103, .T. ) ;
#563 = ORIENTED_EDGE ( 'NONE', *, *, #3090, .F. ) ;
#564 = CARTESIAN_POINT ( 'NONE',  ( 10.00000000000000533, 45.00000000000000711, -90.00100000000000477 ) ) ;
#565 = CARTESIAN_POINT ( 'NONE',  ( 5.000000000000001776, 9.000000000000001776, -80.99999999999998579 ) ) ;
#566 = ORIENTED_EDGE ( 'NONE', *, *, #1562, .T. ) ;
#567 = AXIS2_PLACEMENT_3D ( 'NONE', #32, #551, #612 ) ;
#568 = DIRECTION ( 'NONE',  ( -0.000000000000000000, -0.000000000000000000, 1.000000000000000000 ) ) ;
#569 = VERTEX_POINT ( 'NONE', #1151 ) ;
#570 = CARTESIAN_POINT ( 'NONE',  ( 144.9999999999999716, 69.99999999999998579, -5.000000000000004441 ) ) ;
#571 = CC_DESIGN_APPROVAL ( #1108, ( #1634 ) ) ;
#572 = PERSON_AND_ORGANIZATION_ROLE ( 'creator' ) ;
#573 = FACE_OUTER_BOUND ( 'NONE', #700, .T. ) ;
#574 = ORGANIZATION ( 'NAUO-ORG2', 'UNSPECIFIED', 'UNSPECIFIED' ) ;
#575 = CARTESIAN_POINT ( 'NONE',  ( 107.9999999999999716, 42.00000000000000000, -90.00000000000000000 ) ) ;
#576 = DIRECTION ( 'NONE',  ( 0.000000000000000000, 0.000000000000000000, 1.000000000000000000 ) ) ;
#577 = VECTOR ( 'NONE', #2891, 1000.000000000000000 ) ;
#578 = AXIS2_PLACEMENT_3D ( 'NONE', #2863, #2062, #2339 ) ;
#579 = ORIENTED_EDGE ( 'NONE', *, *, #297, .T. ) ;
#580 = ORIENTED_EDGE ( 'NONE', *, *, #2175, .T. ) ;
#581 = EDGE_CURVE ( 'NONE', #2009, #1967, #2247, .T. ) ;
#582 = LINE ( 'NONE', #1313, #1665 ) ;
#583 = MANIFOLD_SOLID_BREP ( '\X2\51f853f0\X0\-\X2\62c94f38\X0\1', #1621 ) ;
#584 = AXIS2_PLACEMENT_3D ( 'NONE', #978, #517, #2542 ) ;
#585 = CARTESIAN_POINT ( 'NONE',  ( 31.00000000000001421, 45.00000000000000711, -90.00000000000000000 ) ) ;
#586 = VERTEX_POINT ( 'NONE', #888 ) ;
#587 = FACE_OUTER_BOUND ( 'NONE', #1822, .T. ) ;
#588 = AXIS2_PLACEMENT_3D ( 'NONE', #2318, #3118, #1087 ) ;
#589 = VERTEX_POINT ( 'NONE', #2406 ) ;
#590 = FACE_OUTER_BOUND ( 'NONE', #1847, .T. ) ;
#591 = COORDINATED_UNIVERSAL_TIME_OFFSET ( 8, 0, .AHEAD. ) ;
#592 = MANIFOLD_SOLID_BREP ( '\X2\51f853f0\X0\-\X2\62c94f38\X0\1', #926 ) ;
#593 = CARTESIAN_POINT ( 'NONE',  ( 5.000000000000009770, 9.000000000000001776, -17.99999999999998934 ) ) ;
#594 = CARTESIAN_POINT ( 'NONE',  ( 13.00000000000001066, 25.00000000000000000, -17.99999999999998579 ) ) ;
#595 = DIRECTION ( 'NONE',  ( 1.000000000000000000, 0.000000000000000000, -0.000000000000000000 ) ) ;
#596 = VECTOR ( 'NONE', #3279, 1000.000000000000000 ) ;
#597 = DIRECTION ( 'NONE',  ( 0.000000000000000000, 0.000000000000000000, -1.000000000000000000 ) ) ;
#598 = ORIENTED_EDGE ( 'NONE', *, *, #2596, .F. ) ;
#599 = LINE ( 'NONE', #2350, #1952 ) ;
#600 = EDGE_CURVE ( 'NONE', #3220, #1417, #1872, .T. ) ;
#601 = AXIS2_PLACEMENT_3D ( 'NONE', #2131, #3136, #576 ) ;
#602 = LINE ( 'NONE', #651, #1429 ) ;
#603 = EDGE_LOOP ( 'NONE', ( #1942, #3316, #2431, #18 ) ) ;
#604 = DIRECTION ( 'NONE',  ( 0.000000000000000000, -0.000000000000000000, 1.000000000000000000 ) ) ;
#605 = CC_DESIGN_PERSON_AND_ORGANIZATION_ASSIGNMENT ( #3237, #672, ( #223 ) ) ;
#606 = EDGE_CURVE ( 'NONE', #2481, #531, #319, .T. ) ;
#607 = ORIENTED_EDGE ( 'NONE', *, *, #807, .T. ) ;
#608 = EDGE_CURVE ( 'NONE', #2418, #3081, #2943, .T. ) ;
#609 = ORIENTED_EDGE ( 'NONE', *, *, #2774, .T. ) ;
#610 = DIRECTION ( 'NONE',  ( 1.000000000000000000, 0.000000000000000000, -0.000000000000000000 ) ) ;
#611 = PERSON_AND_ORGANIZATION ( #2708, #331 ) ;
#612 = DIRECTION ( 'NONE',  ( 0.000000000000000000, 0.000000000000000000, -1.000000000000000000 ) ) ;
#613 = CARTESIAN_POINT ( 'NONE',  ( 74.99999999999995737, 3.000000000000002665, -5.000000000000000000 ) ) ;
#614 = DIRECTION ( 'NONE',  ( -1.000000000000000000, -0.000000000000000000, -0.000000000000000000 ) ) ;
#615 = VERTEX_POINT ( 'NONE', #2885 ) ;
#616 = EDGE_LOOP ( 'NONE', ( #2503, #2277, #173, #3037 ) ) ;
#617 = CARTESIAN_POINT ( 'NONE',  ( 72.49999999999997158, 30.50000000000000355, -88.00000000000000000 ) ) ;
#618 = APPROVAL ( #2789, 'æœª' ) ;
#619 = ORIENTED_EDGE ( 'NONE', *, *, #3186, .T. ) ;
#620 = VECTOR ( 'NONE', #310, 1000.000000000000000 ) ;
#621 = CARTESIAN_POINT ( 'NONE',  ( 147.9999999999999432, 2.000000000000001776, -88.00000000000000000 ) ) ;
#622 = EDGE_CURVE ( 'NONE', #1280, #1814, #655, .T. ) ;
#623 = PRODUCT_DEFINITION_SHAPE ( 'NONE', 'NONE',  #500 ) ;
#624 = FACE_OUTER_BOUND ( 'NONE', #2312, .T. ) ;
#625 = ORIENTED_EDGE ( 'NONE', *, *, #47, .T. ) ;
#626 = EDGE_CURVE ( 'NONE', #2112, #2706, #1378, .T. ) ;
#627 = CALENDAR_DATE ( 2026, 9, 4 ) ;
#628 = CARTESIAN_POINT ( 'NONE',  ( 105.9999999999999716, 75.00000000000000000, -90.00000000000000000 ) ) ;
#629 = APPROVAL_PERSON_ORGANIZATION ( #611, #2594, #2360 ) ;
#630 = DIRECTION ( 'NONE',  ( -1.000000000000000000, -0.000000000000000000, -0.000000000000000000 ) ) ;
#631 = AXIS2_PLACEMENT_3D ( 'NONE', #2151, #597, #2705 ) ;
#632 = DIRECTION ( 'NONE',  ( 0.000000000000000000, 0.000000000000000000, 1.000000000000000000 ) ) ;
#633 = DIRECTION ( 'NONE',  ( -0.000000000000000000, 1.000000000000000000, -0.000000000000000000 ) ) ;
#634 = DIRECTION ( 'NONE',  ( 0.000000000000000000, 0.000000000000000000, 1.000000000000000000 ) ) ;
#635 = ORIENTED_EDGE ( 'NONE', *, *, #2939, .T. ) ;
#636 = ORIENTED_EDGE ( 'NONE', *, *, #3107, .F. ) ;
#637 = CARTESIAN_POINT ( 'NONE',  ( 13.00000000000001066, 31.00000000000000000, -81.99999999999998579 ) ) ;
#638 = DIRECTION ( 'NONE',  ( 0.000000000000000000, 0.000000000000000000, -1.000000000000000000 ) ) ;
#639 = AXIS2_PLACEMENT_3D ( 'NONE', #1936, #2954, #662 ) ;
#640 = CARTESIAN_POINT ( 'NONE',  ( 1.999999999999945821, 2.000000000000001776, -88.00000000000000000 ) ) ;
#641 = ORIENTED_EDGE ( 'NONE', *, *, #600, .T. ) ;
#642 = VECTOR ( 'NONE', #2340, 1000.000000000000000 ) ;
#643 = PERSON_AND_ORGANIZATION ( #2708, #331 ) ;
#644 = DIRECTION ( 'NONE',  ( -0.000000000000000000, -1.000000000000000000, -0.000000000000000000 ) ) ;
#645 = EDGE_LOOP ( 'NONE', ( #1363, #3301, #2650, #2775 ) ) ;
#646 = DIRECTION ( 'NONE',  ( 0.000000000000000000, -1.000000000000000000, 0.000000000000000000 ) ) ;
#647 = CARTESIAN_POINT ( 'NONE',  ( 144.9999999999999716, 3.000000000000002665, -84.99999999999998579 ) ) ;
#648 = EDGE_CURVE ( 'NONE', #2162, #1673, #1625, .T. ) ;
#649 = PRODUCT_DEFINITION_SHAPE ( 'NONE', 'NONE',  #2734 ) ;
#650 = VECTOR ( 'NONE', #1611, 1000.000000000000000 ) ;
#651 = CARTESIAN_POINT ( 'NONE',  ( 0.000000000000000000, 0.000000000000000000, 0.000000000000000000 ) ) ;
#652 = ORIENTED_EDGE ( 'NONE', *, *, #1896, .T. ) ;
#653 = PLANE ( 'NONE',  #2985 ) ;
#654 = AXIS2_PLACEMENT_3D ( 'NONE', #1583, #293, #2182 ) ;
#655 = LINE ( 'NONE', #74, #2884 ) ;
#656 = VERTEX_POINT ( 'NONE', #2121 ) ;
#657 = ORIENTED_EDGE ( 'NONE', *, *, #1811, .F. ) ;
#658 = CALENDAR_DATE ( 2026, 9, 4 ) ;
#659 = DIRECTION ( 'NONE',  ( 0.000000000000000000, -1.000000000000000000, 0.000000000000000000 ) ) ;
#660 = LINE ( 'NONE', #1635, #2077 ) ;
#661 = CARTESIAN_POINT ( 'NONE',  ( 1.999999999999945821, 0.000000000000000000, -88.00000000000000000 ) ) ;
#662 = DIRECTION ( 'NONE',  ( 0.000000000000000000, -0.000000000000000000, 1.000000000000000000 ) ) ;
#663 = ADVANCED_FACE ( 'NONE', ( #587 ), #1659, .F. ) ;
#664 = ORIENTED_EDGE ( 'NONE', *, *, #1251, .F. ) ;
#665 = CARTESIAN_POINT ( 'NONE',  ( 13.00000000000001066, 31.00000000000000000, -21.99999999999998579 ) ) ;
#666 = DIRECTION ( 'NONE',  ( 1.000000000000000000, 0.000000000000000000, 0.000000000000000000 ) ) ;
#667 = EDGE_CURVE ( 'NONE', #2870, #164, #3148, .T. ) ;
#668 =( GEOMETRIC_REPRESENTATION_CONTEXT ( 3 ) GLOBAL_UNCERTAINTY_ASSIGNED_CONTEXT ( ( #1398 ) ) GLOBAL_UNIT_ASSIGNED_CONTEXT ( ( #1021, #2044, #2816 ) ) REPRESENTATION_CONTEXT ( 'NONE', 'WORKASPACE' ) );
#669 = DIRECTION ( 'NONE',  ( -1.734723475976807341E-16, 0.000000000000000000, -1.000000000000000000 ) ) ;
#670 = VERTEX_POINT ( 'NONE', #1884 ) ;
#671 = VECTOR ( 'NONE', #1272, 1000.000000000000000 ) ;
#672 = PERSON_AND_ORGANIZATION_ROLE ( 'creator' ) ;
#673 = FACE_OUTER_BOUND ( 'NONE', #1336, .T. ) ;
#674 = CARTESIAN_POINT ( 'NONE',  ( 74.99999999999995737, 32.00000000000000000, -84.99999999999998579 ) ) ;
#675 = CARTESIAN_POINT ( 'NONE',  ( 69.99999999999995737, 13.00000000000000355, -56.99999999999999289 ) ) ;
#676 = AXIS2_PLACEMENT_3D ( 'NONE', #1140, #1371, #2174 ) ;
#677 = CC_DESIGN_SECURITY_CLASSIFICATION ( #2876, ( #223 ) ) ;
#678 = ORIENTED_EDGE ( 'NONE', *, *, #2029, .T. ) ;
#679 = PLANE ( 'NONE',  #35 ) ;
#680 = AXIS2_PLACEMENT_3D ( 'NONE', #1624, #3123, #1091 ) ;
#681 = DIRECTION ( 'NONE',  ( -0.000000000000000000, 1.000000000000000000, -0.000000000000000000 ) ) ;
#682 = AXIS2_PLACEMENT_3D ( 'NONE', #528, #1567, #221 ) ;
#683 = ORIENTED_EDGE ( 'NONE', *, *, #3284, .T. ) ;
#684 = CARTESIAN_POINT ( 'NONE',  ( 2.999999999999947597, 4.000000000000001776, -85.39999999999999147 ) ) ;
#685 = EDGE_LOOP ( 'NONE', ( #3228, #1989, #932, #1352 ) ) ;
#686 = EDGE_CURVE ( 'NONE', #942, #1468, #1406, .T. ) ;
#687 = VECTOR ( 'NONE', #2773, 1000.000000000000000 ) ;
#688 = PERSON_AND_ORGANIZATION ( #2708, #331 ) ;
#689 = LINE ( 'NONE', #2240, #2178 ) ;
#690 = VERTEX_POINT ( 'NONE', #1927 ) ;
#691 = VECTOR ( 'NONE', #1270, 1000.000000000000000 ) ;
#692 = LINE ( 'NONE', #2230, #3143 ) ;
#693 = VERTEX_POINT ( 'NONE', #42 ) ;
#694 = ORIENTED_EDGE ( 'NONE', *, *, #1439, .T. ) ;
#695 = EDGE_CURVE ( 'NONE', #2206, #1725, #1866, .T. ) ;
#696 = LINE ( 'NONE', #426, #1387 ) ;
#697 = DIRECTION ( 'NONE',  ( 0.000000000000000000, -1.000000000000000000, 0.000000000000000000 ) ) ;
#698 = LINE ( 'NONE', #2479, #947 ) ;
#699 = PRODUCT ( '\X2\88c5914d4f53\X0\2', '\X2\88c5914d4f53\X0\2', '', ( #516 ) ) ;
#700 = EDGE_LOOP ( 'NONE', ( #1627, #2814, #2124, #1895 ) ) ;
#701 = DIRECTION ( 'NONE',  ( -0.000000000000000000, 1.000000000000000000, 0.000000000000000000 ) ) ;
#702 = APPROVAL ( #1453, 'æœª' ) ;
#703 = ADVANCED_FACE ( 'NONE', ( #92 ), #332, .F. ) ;
#704 = EDGE_CURVE ( 'NONE', #2112, #172, #1002, .T. ) ;
#705 = SHAPE_DEFINITION_REPRESENTATION ( #1469, #1418 ) ;
#706 = PLANE ( 'NONE',  #2964 ) ;
#707 = ORIENTED_EDGE ( 'NONE', *, *, #2776, .F. ) ;
#708 = CYLINDRICAL_SURFACE ( 'NONE', #2474, 4.000000000000003553 ) ;
#709 = DIRECTION ( 'NONE',  ( 0.000000000000000000, -1.000000000000000000, -0.000000000000000000 ) ) ;
#710 = AXIS2_PLACEMENT_3D ( 'NONE', #1950, #2246, #2231 ) ;
#711 = ORIENTED_EDGE ( 'NONE', *, *, #28, .T. ) ;
#712 = DIRECTION ( 'NONE',  ( 0.000000000000000000, 0.000000000000000000, -1.000000000000000000 ) ) ;
#713 = LINE ( 'NONE', #1169, #2875 ) ;
#714 = EDGE_LOOP ( 'NONE', ( #955, #24, #104, #1674 ) ) ;
#715 = ORIENTED_EDGE ( 'NONE', *, *, #1126, .F. ) ;
#716 = CARTESIAN_POINT ( 'NONE',  ( -5.427757009278543367E-14, 2.000000000000001776, -88.00000000000000000 ) ) ;
#717 = DATE_AND_TIME ( #453, #1589 ) ;
#718 = LINE ( 'NONE', #2516, #560 ) ;
#719 = LINE ( 'NONE', #1286, #3153 ) ;
#720 = VERTEX_POINT ( 'NONE', #2729 ) ;
#721 = AXIS2_PLACEMENT_3D ( 'NONE', #2425, #1185, #3200 ) ;
#722 = CARTESIAN_POINT ( 'NONE',  ( 69.99999999999995737, 13.00000000000000355, -77.00000000000000000 ) ) ;
#723 = EDGE_CURVE ( 'NONE', #1789, #59, #119, .T. ) ;
#724 = PLANE ( 'NONE',  #414 ) ;
#725 = DIRECTION ( 'NONE',  ( -0.000000000000000000, 1.000000000000000000, -0.000000000000000000 ) ) ;
#726 = PRODUCT_DEFINITION_FORMATION_WITH_SPECIFIED_SOURCE ( 'ä»', '', #86, .NOT_KNOWN. ) ;
#727 = CARTESIAN_POINT ( 'NONE',  ( 124.9999999999999716, 52.00000000000000711, -90.00000000000000000 ) ) ;
#728 = ORIENTED_EDGE ( 'NONE', *, *, #375, .T. ) ;
#729 = DIRECTION ( 'NONE',  ( 1.000000000000000000, -0.000000000000000000, -1.192622389734055124E-16 ) ) ;
#730 = VECTOR ( 'NONE', #2897, 1000.000000000000000 ) ;
#731 = COORDINATED_UNIVERSAL_TIME_OFFSET ( 8, 0, .AHEAD. ) ;
#732 = EDGE_CURVE ( 'NONE', #889, #1812, #2508, .T. ) ;
#733 = LINE ( 'NONE', #1284, #2288 ) ;
#734 = LINE ( 'NONE', #2033, #2258 ) ;
#735 = VERTEX_POINT ( 'NONE', #411 ) ;
#736 = CARTESIAN_POINT ( 'NONE',  ( -9.498574766237441110E-15, 56.00000000000001421, -15.39999999999998259 ) ) ;
#737 = VECTOR ( 'NONE', #2808, 1000.000000000000000 ) ;
#738 = APPROVAL_ROLE ( '' ) ;
#739 = DIRECTION ( 'NONE',  ( -6.167905692361982533E-16, 0.000000000000000000, -1.000000000000000000 ) ) ;
#740 = AXIS2_PLACEMENT_3D ( 'NONE', #803, #488, #1055 ) ;
#741 = VECTOR ( 'NONE', #1487, 1000.000000000000000 ) ;
#742 = EDGE_CURVE ( 'NONE', #693, #615, #713, .T. ) ;
#743 = EDGE_CURVE ( 'NONE', #1805, #1730, #2997, .T. ) ;
#744 = LINE ( 'NONE', #951, #2740 ) ;
#745 = ORIENTED_EDGE ( 'NONE', *, *, #1837, .T. ) ;
#746 = CARTESIAN_POINT ( 'NONE',  ( 122.9999999999999716, 50.00000000000000000, -89.17157287525380127 ) ) ;
#747 = ORIENTED_EDGE ( 'NONE', *, *, #2692, .F. ) ;
#748 = CARTESIAN_POINT ( 'NONE',  ( -9.498574766237441110E-15, 56.00000000000001421, -15.39999999999998259 ) ) ;
#749 = ORIENTED_EDGE ( 'NONE', *, *, #2843, .T. ) ;
#750 =( BOUNDED_CURVE ( )  B_SPLINE_CURVE ( 3, ( #3155, #2872, #1376, #1131 ),
 .UNSPECIFIED., .F., .F. ) 
 B_SPLINE_CURVE_WITH_KNOTS ( ( 4, 4 ),
 ( 1.186399552299245874, 1.570796326794896558 ),
 .UNSPECIFIED. ) 
 CURVE ( )  GEOMETRIC_REPRESENTATION_ITEM ( )  RATIONAL_B_SPLINE_CURVE ( ( 1.000000000000000000, 0.9877244516659833273, 0.9877244516659833273, 1.000000000000000000 ) ) 
 REPRESENTATION_ITEM ( '' )  );
#751 = CIRCLE ( 'NONE', #2944, 4.000000000000003553 ) ;
#752 = APPROVAL_DATE_TIME ( #3039, #1649 ) ;
#753 = DIRECTION ( 'NONE',  ( 0.000000000000000000, -0.000000000000000000, -1.000000000000000000 ) ) ;
#754 = CARTESIAN_POINT ( 'NONE',  ( 0.000000000000000000, 5.000000000000000000, 0.000000000000000000 ) ) ;
#755 = ORIENTED_EDGE ( 'NONE', *, *, #2355, .T. ) ;
#756 = LINE ( 'NONE', #993, #1955 ) ;
#757 = AXIS2_PLACEMENT_3D ( 'NONE', #2137, #2386, #3144 ) ;
#758 = PRODUCT_DEFINITION ( 'æœ', '', #1634, #3173 ) ;
#759 = APPLICATION_PROTOCOL_DEFINITION ( 'international standard', 'config_control_design', 1994, #64 ) ;
#760 = DIRECTION ( 'NONE',  ( -0.000000000000000000, 0.000000000000000000, -1.000000000000000000 ) ) ;
#761 = DIRECTION ( 'NONE',  ( 1.000000000000000000, 0.000000000000000000, 0.000000000000000000 ) ) ;
#762 = EDGE_CURVE ( 'NONE', #1060, #59, #698, .T. ) ;
#763 = APPROVAL ( #3214, 'æœª' ) ;
#764 = EDGE_CURVE ( 'NONE', #925, #2932, #397, .T. ) ;
#765 = CARTESIAN_POINT ( 'NONE',  ( 72.49999999999997158, 1.500000000000002665, -84.99999999999998579 ) ) ;
#766 = ORIENTED_EDGE ( 'NONE', *, *, #1128, .T. ) ;
#767 = DIRECTION ( 'NONE',  ( 0.000000000000000000, 0.000000000000000000, -1.000000000000000000 ) ) ;
#768 = EDGE_CURVE ( 'NONE', #2547, #162, #3260, .T. ) ;
#769 = ITEM_DEFINED_TRANSFORMATION ( 'NONE', 'NONE', #2757,  #2065 ) ;
#770 = CARTESIAN_POINT ( 'NONE',  ( 1.999999999999998668, 2.000000000000001776, -2.000000000000000000 ) ) ;
#771 = DIRECTION ( 'NONE',  ( 0.000000000000000000, -1.000000000000000000, 0.000000000000000000 ) ) ;
#772 = CARTESIAN_POINT ( 'NONE',  ( 1.999999999999946265, 69.99999999999998579, -2.000000000000000000 ) ) ;
#773 = ORIENTED_EDGE ( 'NONE', *, *, #1688, .T. ) ;
#774 = CARTESIAN_POINT ( 'NONE',  ( 2.000000000000000000, 73.00000000000000000, -1.233581138472396309E-15 ) ) ;
#775 = CC_DESIGN_APPROVAL ( #3082, ( #758 ) ) ;
#776 =( LENGTH_UNIT ( ) NAMED_UNIT ( * ) SI_UNIT ( .MILLI., .METRE. ) );
#777 = DIRECTION ( 'NONE',  ( 1.000000000000000000, 0.000000000000000000, -0.000000000000000000 ) ) ;
#778 = AXIS2_PLACEMENT_3D ( 'NONE', #2852, #2070, #1832 ) ;
#779 = ORIENTED_EDGE ( 'NONE', *, *, #1754, .F. ) ;
#780 = EDGE_CURVE ( 'NONE', #1967, #1578, #2712, .T. ) ;
#781 = CARTESIAN_POINT ( 'NONE',  ( 72.49999999999997158, 30.50000000000000355, -88.00000000000000000 ) ) ;
#782 = CARTESIAN_POINT ( 'NONE',  ( 5.000000000000010658, 25.00000000000000000, -5.000000000000000000 ) ) ;
#783 = DIRECTION ( 'NONE',  ( 0.000000000000000000, -0.000000000000000000, 1.000000000000000000 ) ) ;
#784 = ORIENTED_EDGE ( 'NONE', *, *, #1908, .F. ) ;
#785 = LINE ( 'NONE', #2046, #2980 ) ;
#786 = CC_DESIGN_SECURITY_CLASSIFICATION ( #2921, ( #726 ) ) ;
#787 = EDGE_CURVE ( 'NONE', #1670, #1805, #1687, .T. ) ;
#788 = FACE_OUTER_BOUND ( 'NONE', #990, .T. ) ;
#789 = LINE ( 'NONE', #2767, #3125 ) ;
#790 = DIRECTION ( 'NONE',  ( 1.000000000000000000, 0.000000000000000000, -1.192622389734055124E-16 ) ) ;
#791 = ORIENTED_EDGE ( 'NONE', *, *, #2868, .F. ) ;
#792 = CARTESIAN_POINT ( 'NONE',  ( 107.9999999999999716, 42.00000000000000000, -88.00000000000000000 ) ) ;
#793 = PERSON_AND_ORGANIZATION_ROLE ( 'creator' ) ;
#794 = AXIS2_PLACEMENT_3D ( 'NONE', #1791, #2604, #1532 ) ;
#795 = FACE_OUTER_BOUND ( 'NONE', #1610, .T. ) ;
#796 = ORIENTED_EDGE ( 'NONE', *, *, #1366, .F. ) ;
#797 = CARTESIAN_POINT ( 'NONE',  ( -1.233581138472395718E-15, 73.00000000000000000, -1.999999999999998668 ) ) ;
#798 = LINE ( 'NONE', #540, #2523 ) ;
#799 = DIRECTION ( 'NONE',  ( 1.000000000000000000, 0.000000000000000000, 0.000000000000000000 ) ) ;
#800 = VECTOR ( 'NONE', #1405, 1000.000000000000000 ) ;
#801 = EDGE_CURVE ( 'NONE', #586, #59, #268, .T. ) ;
#802 = EDGE_LOOP ( 'NONE', ( #3092, #330, #1167, #2093 ) ) ;
#803 = CARTESIAN_POINT ( 'NONE',  ( 0.000000000000000000, 75.00000000000000000, 0.000000000000000000 ) ) ;
#804 = CARTESIAN_POINT ( 'NONE',  ( 72.49999999999997158, 30.50000000000000355, -88.00000000000000000 ) ) ;
#805 = VERTEX_POINT ( 'NONE', #2111 ) ;
#806 = DIRECTION ( 'NONE',  ( -0.000000000000000000, -1.000000000000000000, -0.000000000000000000 ) ) ;
#807 = EDGE_CURVE ( 'NONE', #364, #493, #231, .T. ) ;
#808 = ADVANCED_FACE ( 'NONE', ( #3080 ), #2197, .F. ) ;
#809 = CALENDAR_DATE ( 2026, 9, 4 ) ;
#810 = CARTESIAN_POINT ( 'NONE',  ( 0.000000000000000000, 5.000000000000000000, -29.00000000000000000 ) ) ;
#811 = AXIS2_PLACEMENT_3D ( 'NONE', #2284, #1476, #1245 ) ;
#812 = CARTESIAN_POINT ( 'NONE',  ( 149.9999999999999432, 73.00000000000000000, -88.00000000000000000 ) ) ;
#813 = ADVANCED_FACE ( 'NONE', ( #1174 ), #3202, .F. ) ;
#814 = DIRECTION ( 'NONE',  ( 0.000000000000000000, -1.000000000000000000, 0.000000000000000000 ) ) ;
#815 = ORIENTED_EDGE ( 'NONE', *, *, #1439, .F. ) ;
#816 = ORIENTED_EDGE ( 'NONE', *, *, #218, .F. ) ;
#817 = CARTESIAN_POINT ( 'NONE',  ( 75.00000000000000000, 5.000000000000000000, 0.000000000000000000 ) ) ;
#818 = FACE_OUTER_BOUND ( 'NONE', #909, .T. ) ;
#819 = ORIENTED_EDGE ( 'NONE', *, *, #2510, .F. ) ;
#820 = DIRECTION ( 'NONE',  ( -0.000000000000000000, -1.000000000000000000, -0.000000000000000000 ) ) ;
#821 = VERTEX_POINT ( 'NONE', #346 ) ;
#822 = EDGE_LOOP ( 'NONE', ( #208, #3265, #2531, #1590 ) ) ;
#823 = DIRECTION ( 'NONE',  ( -1.000000000000000000, -0.000000000000000000, -0.000000000000000000 ) ) ;
#824 = PERSON_AND_ORGANIZATION ( #2708, #331 ) ;
#825 = PLANE ( 'NONE',  #1149 ) ;
#826 = LINE ( 'NONE', #2379, #1755 ) ;
#827 = PLANE ( 'NONE',  #1933 ) ;
#828 = AXIS2_PLACEMENT_3D ( 'NONE', #154, #2549, #1479 ) ;
#829 = ORIENTED_EDGE ( 'NONE', *, *, #1058, .F. ) ;
#830 = ORIENTED_EDGE ( 'NONE', *, *, #477, .F. ) ;
#831 = CARTESIAN_POINT ( 'NONE',  ( 72.49999999999997158, 30.50000000000000355, -84.99999999999998579 ) ) ;
#832 = DIRECTION ( 'NONE',  ( 0.000000000000000000, 1.000000000000000000, 0.000000000000000000 ) ) ;
#833 = EDGE_CURVE ( 'NONE', #1814, #821, #1909, .T. ) ;
#834 = CARTESIAN_POINT ( 'NONE',  ( 147.9999999999999716, 2.000000000000000000, -2.000000000000000000 ) ) ;
#835 = ORIENTED_EDGE ( 'NONE', *, *, #3244, .T. ) ;
#836 = DIRECTION ( 'NONE',  ( -0.000000000000000000, 1.000000000000000000, -0.000000000000000000 ) ) ;
#837 = DIRECTION ( 'NONE',  ( 1.000000000000000000, -3.304235192336774033E-16, 0.000000000000000000 ) ) ;
#838 = DIRECTION ( 'NONE',  ( -1.000000000000000000, 0.000000000000000000, -0.000000000000000000 ) ) ;
#839 = ORIENTED_EDGE ( 'NONE', *, *, #2371, .F. ) ;
#840 = ORIENTED_EDGE ( 'NONE', *, *, #2602, .F. ) ;
#841 = DIRECTION ( 'NONE',  ( 0.000000000000000000, -0.000000000000000000, -1.000000000000000000 ) ) ;
#842 = AXIS2_PLACEMENT_3D ( 'NONE', #1920, #646, #2216 ) ;
#843 = LOCAL_TIME ( 17, 50, 13.00000000000000000, #1172 ) ;
#844 = EDGE_CURVE ( 'NONE', #2862, #923, #2674, .T. ) ;
#845 = PERSON_AND_ORGANIZATION ( #2708, #331 ) ;
#846 = ADVANCED_FACE ( 'NONE', ( #1935 ), #3158, .F. ) ;
#847 = FACE_OUTER_BOUND ( 'NONE', #1193, .T. ) ;
#848 = FACE_BOUND ( 'NONE', #133, .T. ) ;
#849 = CARTESIAN_POINT ( 'NONE',  ( 147.9999999999999716, 75.00000000000000000, 0.000000000000000000 ) ) ;
#850 = EDGE_LOOP ( 'NONE', ( #2982, #1182, #460, #876 ) ) ;
#851 = ORIENTED_EDGE ( 'NONE', *, *, #243, .F. ) ;
#852 = EDGE_CURVE ( 'NONE', #1700, #2292, #3075, .T. ) ;
#853 = VECTOR ( 'NONE', #633, 1000.000000000000000 ) ;
#854 = PLANE ( 'NONE',  #2450 ) ;
#855 = EDGE_CURVE ( 'NONE', #2447, #1753, #660, .T. ) ;
#856 = EDGE_LOOP ( 'NONE', ( #1408, #1129, #2084, #1074 ) ) ;
#857 = CARTESIAN_POINT ( 'NONE',  ( 2.999999999999947597, 56.00000000000000711, -85.39999999999999147 ) ) ;
#858 = VECTOR ( 'NONE', #989, 1000.000000000000000 ) ;
#859 = ORIENTED_EDGE ( 'NONE', *, *, #276, .F. ) ;
#860 = DIRECTION ( 'NONE',  ( 0.000000000000000000, -1.000000000000000000, 0.000000000000000000 ) ) ;
#861 = APPROVAL_STATUS ( 'not_yet_approved' ) ;
#862 = CARTESIAN_POINT ( 'NONE',  ( 13.00000000000001066, 25.00000000000000000, -77.99999999999998579 ) ) ;
#863 = DIRECTION ( 'NONE',  ( 0.000000000000000000, 0.000000000000000000, -1.000000000000000000 ) ) ;
#864 = PRODUCT_RELATED_PRODUCT_CATEGORY ( 'detail', '', ( #1132 ) ) ;
#865 = LINE ( 'NONE', #2110, #2792 ) ;
#866 = AXIS2_PLACEMENT_3D ( 'NONE', #1886, #396, #118 ) ;
#867 = DIRECTION ( 'NONE',  ( -1.000000000000000000, 0.000000000000000000, 0.000000000000000000 ) ) ;
#868 = ORIENTED_EDGE ( 'NONE', *, *, #855, .T. ) ;
#869 = VECTOR ( 'NONE', #630, 1000.000000000000000 ) ;
#870 = LINE ( 'NONE', #2201, #2720 ) ;
#871 = EDGE_LOOP ( 'NONE', ( #3249, #1122, #1655, #1345 ) ) ;
#872 = DIRECTION ( 'NONE',  ( -0.000000000000000000, 1.000000000000000000, 0.000000000000000000 ) ) ;
#873 = DIRECTION ( 'NONE',  ( -0.000000000000000000, 1.000000000000000000, -0.000000000000000000 ) ) ;
#874 = ORIENTED_EDGE ( 'NONE', *, *, #1608, .F. ) ;
#875 = ADVANCED_FACE ( 'NONE', ( #894, #1379, #929 ), #1949, .F. ) ;
#876 = ORIENTED_EDGE ( 'NONE', *, *, #2801, .F. ) ;
#877 = PERSON_AND_ORGANIZATION_ROLE ( 'creator' ) ;
#878 = EDGE_LOOP ( 'NONE', ( #1090, #946, #816, #773, #2739, #2744, #2976, #2630 ) ) ;
#879 = DIRECTION ( 'NONE',  ( 1.655096045957781085E-32, 1.000000000000000000, 1.387778780781445676E-16 ) ) ;
#880 = CARTESIAN_POINT ( 'NONE',  ( 1.999999999999945821, 73.00000000000000000, -88.00000000000000000 ) ) ;
#881 = ORIENTED_EDGE ( 'NONE', *, *, #391, .T. ) ;
#882 = DIRECTION ( 'NONE',  ( -3.227392513445222811E-16, 0.000000000000000000, -1.000000000000000000 ) ) ;
#883 = ADVANCED_FACE ( 'NONE', ( #2647 ), #361, .F. ) ;
#884 = ORIENTED_EDGE ( 'NONE', *, *, #443, .F. ) ;
#885 = ORIENTED_EDGE ( 'NONE', *, *, #27, .F. ) ;
#886 = VECTOR ( 'NONE', #454, 1000.000000000000000 ) ;
#887 = DIRECTION ( 'NONE',  ( 0.000000000000000000, -1.000000000000000000, 0.000000000000000000 ) ) ;
#888 = CARTESIAN_POINT ( 'NONE',  ( 69.99999999999995737, 13.00000000000000355, -77.00000000000000000 ) ) ;
#889 = VERTEX_POINT ( 'NONE', #1145 ) ;
#890 = EDGE_CURVE ( 'NONE', #1682, #2069, #373, .T. ) ;
#891 = DATE_AND_TIME ( #1930, #1160 ) ;
#892 = DIRECTION ( 'NONE',  ( 0.000000000000000000, -1.000000000000000000, 0.000000000000000000 ) ) ;
#893 = CC_DESIGN_APPROVAL ( #2407, ( #2021 ) ) ;
#894 = FACE_BOUND ( 'NONE', #3171, .T. ) ;
#895 = ORIENTED_EDGE ( 'NONE', *, *, #1754, .T. ) ;
#896 = CYLINDRICAL_SURFACE ( 'NONE', #1319, 2.000000000000001776 ) ;
#897 = VERTEX_POINT ( 'NONE', #2179 ) ;
#898 = CARTESIAN_POINT ( 'NONE',  ( 145.9999999999999716, 5.000000000000000000, -86.00000000000000000 ) ) ;
#899 = DIRECTION ( 'NONE',  ( 0.000000000000000000, 0.000000000000000000, -1.000000000000000000 ) ) ;
#900 = EDGE_CURVE ( 'NONE', #2480, #2547, #148, .T. ) ;
#901 = ORIENTED_EDGE ( 'NONE', *, *, #801, .T. ) ;
#902 = AXIS2_PLACEMENT_3D ( 'NONE', #937, #701, #1465 ) ;
#903 = ORIENTED_EDGE ( 'NONE', *, *, #3049, .T. ) ;
#904 = ADVANCED_FACE ( 'NONE', ( #2399 ), #944, .T. ) ;
#905 = CC_DESIGN_PERSON_AND_ORGANIZATION_ASSIGNMENT ( #174, #1268, ( #1752 ) ) ;
#906 = CALENDAR_DATE ( 2026, 9, 4 ) ;
#907 = CARTESIAN_POINT ( 'NONE',  ( 13.00000000000001066, 25.00000000000000000, -13.99999999999998401 ) ) ;
#908 = DIRECTION ( 'NONE',  ( 3.083952846180990774E-16, 0.000000000000000000, 1.000000000000000000 ) ) ;
#909 = EDGE_LOOP ( 'NONE', ( #678, #1020, #393, #779 ) ) ;
#910 = EDGE_CURVE ( 'NONE', #985, #3239, #2168, .T. ) ;
#911 = DIRECTION ( 'NONE',  ( 1.000000000000000000, 0.000000000000000000, 0.000000000000000000 ) ) ;
#912 = DIRECTION ( 'NONE',  ( 0.000000000000000000, 0.000000000000000000, 1.000000000000000000 ) ) ;
#913 = CARTESIAN_POINT ( 'NONE',  ( 13.00000000000001066, 25.00000000000000000, -81.99999999999998579 ) ) ;
#914 = PLANE ( 'NONE',  #639 ) ;
#915 = EDGE_CURVE ( 'NONE', #2349, #1682, #3009, .T. ) ;
#916 = VECTOR ( 'NONE', #2116, 1000.000000000000000 ) ;
#917 = LINE ( 'NONE', #2416, #2771 ) ;
#918 = ORIENTED_EDGE ( 'NONE', *, *, #2795, .F. ) ;
#919 = DIRECTION ( 'NONE',  ( -0.000000000000000000, -1.000000000000000000, -0.000000000000000000 ) ) ;
#920 = VECTOR ( 'NONE', #882, 1000.000000000000000 ) ;
#921 = LINE ( 'NONE', #3109, #3310 ) ;
#922 = EDGE_CURVE ( 'NONE', #2662, #1390, #1490, .T. ) ;
#923 = VERTEX_POINT ( 'NONE', #1372 ) ;
#924 = PLANE ( 'NONE',  #2200 ) ;
#925 = VERTEX_POINT ( 'NONE', #913 ) ;
#926 = CLOSED_SHELL ( 'NONE', ( #1706, #1934, #2356, #883, #703, #549 ) ) ;
#927 = DATE_AND_TIME ( #906, #1204 ) ;
#928 = CARTESIAN_POINT ( 'NONE',  ( -0.001000000000056511240, 47.99999999999999289, -25.00000000000000711 ) ) ;
#929 = FACE_OUTER_BOUND ( 'NONE', #277, .T. ) ;
#930 = CARTESIAN_POINT ( 'NONE',  ( -5.267391461277131726E-14, 56.00000000000000711, -85.39999999999999147 ) ) ;
#931 = EDGE_CURVE ( 'NONE', #1700, #2968, #1025, .T. ) ;
#932 = ORIENTED_EDGE ( 'NONE', *, *, #1440, .F. ) ;
#933 = CARTESIAN_POINT ( 'NONE',  ( 0.000000000000000000, 2.000000000000001776, -2.000000000000000000 ) ) ;
#934 = ORIENTED_EDGE ( 'NONE', *, *, #1128, .F. ) ;
#935 = LINE ( 'NONE', #300, #1395 ) ;
#936 = VERTEX_POINT ( 'NONE', #1202 ) ;
#937 = CARTESIAN_POINT ( 'NONE',  ( 147.9999999999999432, 73.00000000000000000, -88.00000000000000000 ) ) ;
#938 = AXIS2_PLACEMENT_3D ( 'NONE', #197, #1029, #1767 ) ;
#939 = CALENDAR_DATE ( 2026, 9, 4 ) ;
#940 = DIRECTION ( 'NONE',  ( 3.227392513445222811E-16, 0.000000000000000000, 1.000000000000000000 ) ) ;
#941 = PLANE ( 'NONE',  #2889 ) ;
#942 = VERTEX_POINT ( 'NONE', #1444 ) ;
#943 = EDGE_CURVE ( 'NONE', #1723, #2043, #692, .T. ) ;
#944 = SPHERICAL_SURFACE ( 'NONE', #1400, 2.000000000000000000 ) ;
#945 = DIRECTION ( 'NONE',  ( -0.000000000000000000, 0.000000000000000000, 1.000000000000000000 ) ) ;
#946 = ORIENTED_EDGE ( 'NONE', *, *, #1896, .F. ) ;
#947 = VECTOR ( 'NONE', #1450, 1000.000000000000000 ) ;
#948 = LOCAL_TIME ( 17, 50, 13.00000000000000000, #1613 ) ;
#949 = CC_DESIGN_PERSON_AND_ORGANIZATION_ASSIGNMENT ( #2438, #157, ( #2921 ) ) ;
#950 = DIRECTION ( 'NONE',  ( 1.000000000000000000, 0.000000000000000000, 0.000000000000000000 ) ) ;
#951 = CARTESIAN_POINT ( 'NONE',  ( -0.001000000000056511240, 40.00000000000000000, -25.00000000000001066 ) ) ;
#952 = EDGE_CURVE ( 'NONE', #1287, #493, #125, .T. ) ;
#953 = ORIENTED_EDGE ( 'NONE', *, *, #3090, .T. ) ;
#954 = VECTOR ( 'NONE', #2912, 1000.000000000000000 ) ;
#955 = ORIENTED_EDGE ( 'NONE', *, *, #2551, .T. ) ;
#956 = VECTOR ( 'NONE', #3223, 1000.000000000000000 ) ;
#957 = PERSON_AND_ORGANIZATION_ROLE ( 'design_supplier' ) ;
#958 = DIRECTION ( 'NONE',  ( 0.000000000000000000, -1.000000000000000000, 0.000000000000000000 ) ) ;
#959 = ORIENTED_EDGE ( 'NONE', *, *, #2510, .T. ) ;
#960 = VECTOR ( 'NONE', #1554, 1000.000000000000000 ) ;
#961 = CARTESIAN_POINT ( 'NONE',  ( 150.0009999999999764, 13.00000000000000355, -57.00000000000000711 ) ) ;
#962 = EDGE_CURVE ( 'NONE', #1753, #1869, #1795, .T. ) ;
#963 = AXIS2_PLACEMENT_3D ( 'NONE', #2564, #1970, #2986 ) ;
#964 = DIRECTION ( 'NONE',  ( -6.167905692361981547E-16, 0.000000000000000000, -1.000000000000000000 ) ) ;
#965 = CARTESIAN_POINT ( 'NONE',  ( 74.99999999999995737, 3.000000000000002665, -84.99999999999998579 ) ) ;
#966 = PRODUCT_RELATED_PRODUCT_CATEGORY ( 'detail', '', ( #699 ) ) ;
#967 = ORIENTED_EDGE ( 'NONE', *, *, #2971, .T. ) ;
#968 = PLANE ( 'NONE',  #811 ) ;
#969 = SHAPE_REPRESENTATION_RELATIONSHIP ( 'NONE' , 'NONE' ,  #129, #1548 ) ;
#970 = VECTOR ( 'NONE', #1421, 1000.000000000000000 ) ;
#971 = EDGE_LOOP ( 'NONE', ( #479, #609, #1409, #1741 ) ) ;
#972 = CARTESIAN_POINT ( 'NONE',  ( 69.99999999999995737, 3.000000000000002665, -56.99999999999999289 ) ) ;
#973 = APPROVAL_ROLE ( '' ) ;
#974 = CARTESIAN_POINT ( 'NONE',  ( 146.0000000000000000, 5.000000000000000000, 0.000000000000000000 ) ) ;
#975 = CARTESIAN_POINT ( 'NONE',  ( 2.999999999999947597, 4.000000000000001776, -85.39999999999999147 ) ) ;
#976 = ORIENTED_EDGE ( 'NONE', *, *, #2134, .T. ) ;
#977 = SECURITY_CLASSIFICATION_LEVEL ( 'unclassified' ) ;
#978 = CARTESIAN_POINT ( 'NONE',  ( 1.999999999999998668, 73.00000000000000000, -2.000000000000000000 ) ) ;
#979 = DIRECTION ( 'NONE',  ( -0.000000000000000000, 1.000000000000000000, -0.000000000000000000 ) ) ;
#980 = CARTESIAN_POINT ( 'NONE',  ( 74.99999999999995737, 28.00000000000000355, 0.002000000000002000178 ) ) ;
#981 = ORIENTED_EDGE ( 'NONE', *, *, #1100, .T. ) ;
#982 = CARTESIAN_POINT ( 'NONE',  ( 147.4999999999999716, -0.4999999999999973910, -88.00000000000000000 ) ) ;
#983 = ORIENTED_EDGE ( 'NONE', *, *, #732, .T. ) ;
#984 = CARTESIAN_POINT ( 'NONE',  ( 74.99999999999995737, 53.00000000000000711, -84.99999999999998579 ) ) ;
#985 = VERTEX_POINT ( 'NONE', #421 ) ;
#986 = ADVANCED_FACE ( 'NONE', ( #389 ), #708, .F. ) ;
#987 = CALENDAR_DATE ( 2026, 9, 4 ) ;
#988 = CARTESIAN_POINT ( 'NONE',  ( 10.00000000000000533, 45.00000000000000711, -84.99999999999998579 ) ) ;
#989 = DIRECTION ( 'NONE',  ( 3.083952846180990774E-16, -0.000000000000000000, 1.000000000000000000 ) ) ;
#990 = EDGE_LOOP ( 'NONE', ( #1227, #308, #1802, #3036 ) ) ;
#991 = FACE_OUTER_BOUND ( 'NONE', #822, .T. ) ;
#992 = AXIS2_PLACEMENT_3D ( 'NONE', #1217, #2309, #1995 ) ;
#993 = CARTESIAN_POINT ( 'NONE',  ( 75.00000000000000000, 5.000000000000000000, 0.000000000000000000 ) ) ;
#994 = EDGE_CURVE ( 'NONE', #3088, #3306, #1457, .T. ) ;
#995 = ADVANCED_FACE ( 'NONE', ( #2217 ), #1733, .T. ) ;
#996 = PERSON_AND_ORGANIZATION ( #2708, #331 ) ;
#997 = LINE ( 'NONE', #1734, #3149 ) ;
#998 = AXIS2_PLACEMENT_3D ( 'NONE', #284, #2149, #1322 ) ;
#999 = VERTEX_POINT ( 'NONE', #674 ) ;
#1000 = DIRECTION ( 'NONE',  ( 1.192622389734055124E-16, 0.000000000000000000, 1.000000000000000000 ) ) ;
#1001 = CARTESIAN_POINT ( 'NONE',  ( 0.000000000000000000, 5.000000000000000000, 0.000000000000000000 ) ) ;
#1002 = CIRCLE ( 'NONE', #1648, 2.000000000000001776 ) ;
#1003 = CC_DESIGN_APPROVAL ( #1705, ( #223 ) ) ;
#1004 = VERTEX_POINT ( 'NONE', #2755 ) ;
#1005 = VERTEX_POINT ( 'NONE', #661 ) ;
#1006 = LINE ( 'NONE', #296, #73 ) ;
#1007 = ADVANCED_FACE ( 'NONE', ( #1699 ), #1679, .F. ) ;
#1008 = VECTOR ( 'NONE', #2156, 1000.000000000000000 ) ;
#1009 = VECTOR ( 'NONE', #543, 1000.000000000000000 ) ;
#1010 = SECURITY_CLASSIFICATION_LEVEL ( 'unclassified' ) ;
#1011 = CARTESIAN_POINT ( 'NONE',  ( 148.7358361357513843, 1.764633104219475612, -89.84848086044681281 ) ) ;
#1012 = CARTESIAN_POINT ( 'NONE',  ( 45.00000000000000000, 25.00000000000000000, -5.000000000000000000 ) ) ;
#1013 = ORIENTED_EDGE ( 'NONE', *, *, #1786, .T. ) ;
#1014 = CARTESIAN_POINT ( 'NONE',  ( 148.1595719304585259, 0.7538431487808721077, -89.55819506562549748 ) ) ;
#1015 = ADVANCED_FACE ( 'NONE', ( #2723 ), #409, .T. ) ;
#1016 = CARTESIAN_POINT ( 'NONE',  ( 148.7499999999999432, 2.000000000000001776, -89.85404962177391042 ) ) ;
#1017 = AXIS2_PLACEMENT_3D ( 'NONE', #1537, #1781, #790 ) ;
#1018 = ADVANCED_FACE ( 'NONE', ( #261 ), #2085, .T. ) ;
#1019 = DIRECTION ( 'NONE',  ( 0.000000000000000000, -0.000000000000000000, 1.000000000000000000 ) ) ;
#1020 = ORIENTED_EDGE ( 'NONE', *, *, #2686, .T. ) ;
#1021 =( LENGTH_UNIT ( ) NAMED_UNIT ( * ) SI_UNIT ( .MILLI., .METRE. ) );
#1022 = PLANE ( 'NONE',  #2620 ) ;
#1023 = ORIENTED_EDGE ( 'NONE', *, *, #3180, .F. ) ;
#1024 = ITEM_DEFINED_TRANSFORMATION ( 'NONE', 'NONE', #2811,  #2065 ) ;
#1025 = LINE ( 'NONE', #1175, #1082 ) ;
#1026 = LINE ( 'NONE', #3054, #2548 ) ;
#1027 = CARTESIAN_POINT ( 'NONE',  ( 3.000000000000000000, 0.000000000000000000, -1.850371707708594760E-15 ) ) ;
#1028 = ORIENTED_EDGE ( 'NONE', *, *, #2317, .F. ) ;
#1029 = DIRECTION ( 'NONE',  ( -0.000000000000000000, -1.000000000000000000, -0.000000000000000000 ) ) ;
#1030 = CARTESIAN_POINT ( 'NONE',  ( -83.72632303265956466, 81.40981347669504942, 1088.000000000007276 ) ) ;
#1031 = DIRECTION ( 'NONE',  ( -0.000000000000000000, -0.000000000000000000, 1.000000000000000000 ) ) ;
#1032 = VERTEX_POINT ( 'NONE', #1240 ) ;
#1033 = LINE ( 'NONE', #3083, #1516 ) ;
#1034 = CARTESIAN_POINT ( 'NONE',  ( 70.49999999999997158, 2.000000000000001776, -90.00000000000000000 ) ) ;
#1035 = CARTESIAN_POINT ( 'NONE',  ( 149.4999999999999716, 30.50000000000000355, -88.00000000000000000 ) ) ;
#1036 = ORIENTED_EDGE ( 'NONE', *, *, #2029, .F. ) ;
#1037 = FACE_OUTER_BOUND ( 'NONE', #3108, .T. ) ;
#1038 = CARTESIAN_POINT ( 'NONE',  ( 0.000000000000000000, 0.000000000000000000, 0.000000000000000000 ) ) ;
#1039 = DATE_AND_TIME ( #987, #2347 ) ;
#1040 = CARTESIAN_POINT ( 'NONE',  ( 148.3714503336962878, 0.9222577615774725235, -89.66002308844470292 ) ) ;
#1041 = CARTESIAN_POINT ( 'NONE',  ( -0.001000000000056511240, 47.99999999999999289, -25.00000000000000711 ) ) ;
#1042 = ORIENTED_EDGE ( 'NONE', *, *, #27, .T. ) ;
#1043 = CARTESIAN_POINT ( 'NONE',  ( 0.000000000000000000, 0.000000000000000000, 0.000000000000000000 ) ) ;
#1044 = VECTOR ( 'NONE', #271, 1000.000000000000000 ) ;
#1045 = COORDINATED_UNIVERSAL_TIME_OFFSET ( 8, 0, .AHEAD. ) ;
#1046 = DIRECTION ( 'NONE',  ( 1.000000000000000000, 3.854941057726237604E-16, 0.000000000000000000 ) ) ;
#1047 = EDGE_CURVE ( 'NONE', #2932, #2043, #751, .T. ) ;
#1048 = ORIENTED_EDGE ( 'NONE', *, *, #3176, .T. ) ;
#1049 = CYLINDRICAL_SURFACE ( 'NONE', #159, 2.000000000000000000 ) ;
#1050 = CARTESIAN_POINT ( 'NONE',  ( 2.999999999999953815, 48.00000000000000000, -75.00000000000001421 ) ) ;
#1051 = CARTESIAN_POINT ( 'NONE',  ( 150.0009999999999764, 13.00000000000000355, -77.00000000000001421 ) ) ;
#1052 = CC_DESIGN_DATE_AND_TIME_ASSIGNMENT ( #2293, #489, ( #1752 ) ) ;
#1053 = ORIENTED_EDGE ( 'NONE', *, *, #2934, .T. ) ;
#1054 = CC_DESIGN_APPROVAL ( #2308, ( #2073 ) ) ;
#1055 = DIRECTION ( 'NONE',  ( -6.167905692361981547E-16, 0.000000000000000000, -1.000000000000000000 ) ) ;
#1056 = ORIENTED_EDGE ( 'NONE', *, *, #2081, .T. ) ;
#1057 = ADVANCED_FACE ( 'NONE', ( #2329 ), #532, .F. ) ;
#1058 = EDGE_CURVE ( 'NONE', #2069, #2382, #1831, .T. ) ;
#1059 = CARTESIAN_POINT ( 'NONE',  ( 70.49999999999997158, 2.000000000000001776, -90.00000000000000000 ) ) ;
#1060 = VERTEX_POINT ( 'NONE', #3271 ) ;
#1061 = CARTESIAN_POINT ( 'NONE',  ( -5.267391461277131726E-14, 56.00000000000000711, -85.39999999999999147 ) ) ;
#1062 = DATE_TIME_ROLE ( 'classification_date' ) ;
#1063 = DIRECTION ( 'NONE',  ( -0.000000000000000000, 0.000000000000000000, 1.000000000000000000 ) ) ;
#1064 = CARTESIAN_POINT ( 'NONE',  ( 147.9999999999999432, 75.00000000000000000, -88.00000000000000000 ) ) ;
#1065 = CARTESIAN_POINT ( 'NONE',  ( 69.99999999999995737, 13.00000000000000355, -77.00000000000000000 ) ) ;
#1066 = VERTEX_POINT ( 'NONE', #1783 ) ;
#1067 = ORIENTED_EDGE ( 'NONE', *, *, #2396, .T. ) ;
#1068 = CARTESIAN_POINT ( 'NONE',  ( 0.000000000000000000, 0.000000000000000000, -29.00000000000000000 ) ) ;
#1069 = FACE_BOUND ( 'NONE', #3128, .T. ) ;
#1070 = VECTOR ( 'NONE', #979, 1000.000000000000000 ) ;
#1071 = ADVANCED_FACE ( 'NONE', ( #991 ), #3026, .F. ) ;
#1072 = ORIENTED_EDGE ( 'NONE', *, *, #1562, .F. ) ;
#1073 = CARTESIAN_POINT ( 'NONE',  ( 2.999999999999990674, 56.00000000000001421, -15.39999999999998437 ) ) ;
#1074 = ORIENTED_EDGE ( 'NONE', *, *, #2213, .T. ) ;
#1075 = LINE ( 'NONE', #2122, #525 ) ;
#1076 = ORIENTED_EDGE ( 'NONE', *, *, #503, .T. ) ;
#1077 = DIRECTION ( 'NONE',  ( -0.000000000000000000, 1.000000000000000000, -0.000000000000000000 ) ) ;
#1078 = EDGE_CURVE ( 'NONE', #1170, #1480, #2103, .T. ) ;
#1079 = CALENDAR_DATE ( 2026, 9, 4 ) ;
#1080 = CARTESIAN_POINT ( 'NONE',  ( 69.99999999999995737, 53.00000000000000711, -84.99999999999998579 ) ) ;
#1081 = VECTOR ( 'NONE', #1324, 1000.000000000000000 ) ;
#1082 = VECTOR ( 'NONE', #3217, 1000.000000000000000 ) ;
#1083 = FACE_OUTER_BOUND ( 'NONE', #971, .T. ) ;
#1084 = CARTESIAN_POINT ( 'NONE',  ( 1.999999999999998668, 2.000000000000000000, -2.000000000000000000 ) ) ;
#1085 = VERTEX_POINT ( 'NONE', #2655 ) ;
#1086 = ORIENTED_EDGE ( 'NONE', *, *, #2435, .F. ) ;
#1087 = DIRECTION ( 'NONE',  ( -1.000000000000000000, 0.000000000000000000, -0.000000000000000000 ) ) ;
#1088 = CARTESIAN_POINT ( 'NONE',  ( 0.000000000000000000, 73.00000000000000000, -88.00000000000000000 ) ) ;
#1089 = FACE_OUTER_BOUND ( 'NONE', #1585, .T. ) ;
#1090 = ORIENTED_EDGE ( 'NONE', *, *, #178, .T. ) ;
#1091 = DIRECTION ( 'NONE',  ( 0.000000000000000000, 0.000000000000000000, 1.000000000000000000 ) ) ;
#1092 = DIRECTION ( 'NONE',  ( 0.000000000000000000, 0.000000000000000000, 1.000000000000000000 ) ) ;
#1093 = EDGE_CURVE ( 'NONE', #2061, #1287, #921, .T. ) ;
#1094 = ORIENTED_EDGE ( 'NONE', *, *, #1975, .F. ) ;
#1095 = CARTESIAN_POINT ( 'NONE',  ( 2.999999999999953815, 40.00000000000000000, -75.00000000000001421 ) ) ;
#1096 = APPROVAL_ROLE ( '' ) ;
#1097 = CARTESIAN_POINT ( 'NONE',  ( 31.00000000000000711, 63.00000000000000000, -84.99999999999998579 ) ) ;
#1098 = EDGE_CURVE ( 'NONE', #2074, #1417, #1168, .T. ) ;
#1099 = LINE ( 'NONE', #3113, #3293 ) ;
#1100 = EDGE_CURVE ( 'NONE', #2262, #1032, #1848, .T. ) ;
#1101 = EDGE_LOOP ( 'NONE', ( #2979, #3222, #320, #52 ) ) ;
#1102 = ORIENTED_EDGE ( 'NONE', *, *, #2586, .F. ) ;
#1103 = CARTESIAN_POINT ( 'NONE',  ( 107.9999999999999716, 42.00000000000000000, -84.99999999999998579 ) ) ;
#1104 = VECTOR ( 'NONE', #3307, 1000.000000000000000 ) ;
#1105 = FACE_OUTER_BOUND ( 'NONE', #714, .T. ) ;
#1106 = ORIENTED_EDGE ( 'NONE', *, *, #23, .T. ) ;
#1107 = DIRECTION ( 'NONE',  ( -0.000000000000000000, 1.000000000000000000, 0.000000000000000000 ) ) ;
#1108 = APPROVAL ( #1290, 'æœª' ) ;
#1109 = ORIENTED_EDGE ( 'NONE', *, *, #1251, .T. ) ;
#1110 = DIRECTION ( 'NONE',  ( -0.000000000000000000, -0.000000000000000000, 1.000000000000000000 ) ) ;
#1111 = CC_DESIGN_APPROVAL ( #84, ( #1697 ) ) ;
#1112 = SHAPE_DEFINITION_REPRESENTATION ( #2918, #2239 ) ;
#1113 = CARTESIAN_POINT ( 'NONE',  ( 5.000000000000001776, 25.00000000000000000, -5.000000000000000000 ) ) ;
#1114 = DIRECTION ( 'NONE',  ( 0.000000000000000000, 0.000000000000000000, 1.000000000000000000 ) ) ;
#1115 = PRODUCT_RELATED_PRODUCT_CATEGORY ( 'detail', '', ( #3189 ) ) ;
#1116 = CYLINDRICAL_SURFACE ( 'NONE', #1891, 4.000000000000000000 ) ;
#1117 = VECTOR ( 'NONE', #3133, 1000.000000000000000 ) ;
#1118 = CARTESIAN_POINT ( 'NONE',  ( 107.9999999999999716, 42.00000000000000000, -88.00000000000000000 ) ) ;
#1119 = ORIENTED_EDGE ( 'NONE', *, *, #1732, .T. ) ;
#1120 = LINE ( 'NONE', #329, #1008 ) ;
#1121 = ADVANCED_FACE ( 'NONE', ( #1180 ), #2448, .F. ) ;
#1122 = ORIENTED_EDGE ( 'NONE', *, *, #768, .T. ) ;
#1123 = VERTEX_POINT ( 'NONE', #570 ) ;
#1124 = CARTESIAN_POINT ( 'NONE',  ( -1.233581138472395718E-15, 75.00000000000000000, -1.999999999999998668 ) ) ;
#1125 = CARTESIAN_POINT ( 'NONE',  ( 147.9999999999999432, 2.000000000000001776, -88.00000000000000000 ) ) ;
#1126 = EDGE_CURVE ( 'NONE', #2322, #94, #1628, .T. ) ;
#1127 = VECTOR ( 'NONE', #1915, 1000.000000000000000 ) ;
#1128 = EDGE_CURVE ( 'NONE', #1280, #139, #935, .T. ) ;
#1129 = ORIENTED_EDGE ( 'NONE', *, *, #2596, .T. ) ;
#1130 = PERSON_AND_ORGANIZATION_ROLE ( 'creator' ) ;
#1131 = CARTESIAN_POINT ( 'NONE',  ( 147.9999999999999432, 32.50000000000000000, -90.00000000000000000 ) ) ;
#1132 = PRODUCT ( '\X2\987676d6\X0\', '\X2\987676d6\X0\', '', ( #1650 ) ) ;
#1133 = FACE_OUTER_BOUND ( 'NONE', #2947, .T. ) ;
#1134 = AXIS2_PLACEMENT_3D ( 'NONE', #1088, #2633, #234 ) ;
#1135 = ORIENTED_EDGE ( 'NONE', *, *, #732, .F. ) ;
#1136 = DIRECTION ( 'NONE',  ( 1.734723475976807341E-16, 0.000000000000000000, 1.000000000000000000 ) ) ;
#1137 = ORIENTED_EDGE ( 'NONE', *, *, #2692, .T. ) ;
#1138 = ORIENTED_EDGE ( 'NONE', *, *, #764, .F. ) ;
#1139 = LINE ( 'NONE', #2957, #2625 ) ;
#1140 = CARTESIAN_POINT ( 'NONE',  ( 0.000000000000000000, 5.000000000000000000, 0.000000000000000000 ) ) ;
#1141 = EDGE_CURVE ( 'NONE', #1154, #1570, #2624, .T. ) ;
#1142 = ORIENTED_EDGE ( 'NONE', *, *, #477, .T. ) ;
#1143 = PERSON_AND_ORGANIZATION ( #2708, #331 ) ;
#1144 = LINE ( 'NONE', #1412, #2605 ) ;
#1145 = CARTESIAN_POINT ( 'NONE',  ( -2.775557561562891351E-14, 0.000000000000000000, -86.00000000000000000 ) ) ;
#1146 = ORIENTED_EDGE ( 'NONE', *, *, #227, .F. ) ;
#1147 = DIRECTION ( 'NONE',  ( 1.000000000000000000, -0.000000000000000000, 0.000000000000000000 ) ) ;
#1148 = ORIENTED_EDGE ( 'NONE', *, *, #3087, .F. ) ;
#1149 = AXIS2_PLACEMENT_3D ( 'NONE', #1307, #1063, #1852 ) ;
#1150 = DIRECTION ( 'NONE',  ( 0.000000000000000000, 1.000000000000000000, -0.000000000000000000 ) ) ;
#1151 = CARTESIAN_POINT ( 'NONE',  ( 69.99999999999995737, 13.00000000000000355, -56.99999999999999289 ) ) ;
#1152 = CC_DESIGN_DATE_AND_TIME_ASSIGNMENT ( #1663, #1713, ( #2734 ) ) ;
#1153 = EDGE_CURVE ( 'NONE', #2877, #437, #45, .T. ) ;
#1154 = VERTEX_POINT ( 'NONE', #1095 ) ;
#1155 = EDGE_CURVE ( 'NONE', #1447, #2877, #2203, .T. ) ;
#1156 = ORIENTED_EDGE ( 'NONE', *, *, #375, .F. ) ;
#1157 = COORDINATED_UNIVERSAL_TIME_OFFSET ( 8, 0, .AHEAD. ) ;
#1158 = ADVANCED_FACE ( 'NONE', ( #2125, #3151, #3129 ), #679, .F. ) ;
#1159 = FACE_OUTER_BOUND ( 'NONE', #2113, .T. ) ;
#1160 = LOCAL_TIME ( 17, 50, 13.00000000000000000, #418 ) ;
#1161 = EDGE_CURVE ( 'NONE', #472, #1953, #2958, .T. ) ;
#1162 = DIRECTION ( 'NONE',  ( -1.000000000000000000, 0.000000000000000000, -0.000000000000000000 ) ) ;
#1163 = ORIENTED_EDGE ( 'NONE', *, *, #1183, .F. ) ;
#1164 = AXIS2_PLACEMENT_3D ( 'NONE', #1890, #79, #2627 ) ;
#1165 = VECTOR ( 'NONE', #505, 1000.000000000000000 ) ;
#1166 = DIRECTION ( 'NONE',  ( -1.000000000000000000, -0.000000000000000000, 6.167905692361981547E-16 ) ) ;
#1167 = ORIENTED_EDGE ( 'NONE', *, *, #247, .F. ) ;
#1168 = LINE ( 'NONE', #1591, #137 ) ;
#1169 = CARTESIAN_POINT ( 'NONE',  ( 2.999999999999988898, 9.000000000000001776, -17.99999999999999289 ) ) ;
#1170 = VERTEX_POINT ( 'NONE', #1870 ) ;
#1171 = VECTOR ( 'NONE', #568, 1000.000000000000000 ) ;
#1172 = COORDINATED_UNIVERSAL_TIME_OFFSET ( 8, 0, .AHEAD. ) ;
#1173 = DIRECTION ( 'NONE',  ( 1.000000000000000000, 0.000000000000000000, 0.000000000000000000 ) ) ;
#1174 = FACE_OUTER_BOUND ( 'NONE', #110, .T. ) ;
#1175 = CARTESIAN_POINT ( 'NONE',  ( 13.00000000000001066, -0.001000000000001000089, -21.99999999999998579 ) ) ;
#1176 = EDGE_LOOP ( 'NONE', ( #749, #169, #152, #2476 ) ) ;
#1177 = VECTOR ( 'NONE', #3241, 1000.000000000000000 ) ;
#1178 = ORIENTED_EDGE ( 'NONE', *, *, #2640, .F. ) ;
#1179 = AXIS2_PLACEMENT_3D ( 'NONE', #1084, #595, #1617 ) ;
#1180 = FACE_OUTER_BOUND ( 'NONE', #467, .T. ) ;
#1181 = VERTEX_POINT ( 'NONE', #1686 ) ;
#1182 = ORIENTED_EDGE ( 'NONE', *, *, #2205, .T. ) ;
#1183 = EDGE_CURVE ( 'NONE', #94, #656, #2711, .T. ) ;
#1184 = DATE_AND_TIME ( #658, #1374 ) ;
#1185 = DIRECTION ( 'NONE',  ( 1.000000000000000000, 0.000000000000000000, -0.000000000000000000 ) ) ;
#1186 = APPROVAL ( #2259, 'UNKNOWN' ) ;
#1187 = ORIENTED_EDGE ( 'NONE', *, *, #443, .T. ) ;
#1188 = ADVANCED_FACE ( 'NONE', ( #590 ), #2464, .T. ) ;
#1189 = CARTESIAN_POINT ( 'NONE',  ( 149.9999999999999716, 75.00000000000000000, -2.000000000000000444 ) ) ;
#1190 = CARTESIAN_POINT ( 'NONE',  ( 147.9999999999999432, 75.00000000000000000, -90.00000000000000000 ) ) ;
#1191 = APPROVAL_PERSON_ORGANIZATION ( #1747, #3082, #1784 ) ;
#1192 = ORIENTED_EDGE ( 'NONE', *, *, #931, .F. ) ;
#1193 = EDGE_LOOP ( 'NONE', ( #290, #1961, #2923, #791 ) ) ;
#1194 = CARTESIAN_POINT ( 'NONE',  ( 74.99999999999995737, 32.00000000000000000, -84.99999999999998579 ) ) ;
#1195 = ORIENTED_EDGE ( 'NONE', *, *, #2963, .T. ) ;
#1196 = VECTOR ( 'NONE', #3027, 1000.000000000000000 ) ;
#1197 = MECHANICAL_CONTEXT ( 'NONE', #1632, 'mechanical' ) ;
#1198 = CC_DESIGN_DATE_AND_TIME_ASSIGNMENT ( #2280, #3029, ( #2140 ) ) ;
#1199 = DIRECTION ( 'NONE',  ( 1.000000000000000000, 0.000000000000000000, 0.000000000000000000 ) ) ;
#1200 = EDGE_LOOP ( 'NONE', ( #2579, #2691, #664, #2496 ) ) ;
#1201 = EDGE_CURVE ( 'NONE', #1287, #2373, #2212, .T. ) ;
#1202 = CARTESIAN_POINT ( 'NONE',  ( 5.000000000000007994, 40.00000000000000000, -25.00000000000000711 ) ) ;
#1203 = CARTESIAN_POINT ( 'NONE',  ( 1.999999999999945821, 75.00000000000000000, -90.00000000000000000 ) ) ;
#1204 = LOCAL_TIME ( 17, 50, 13.00000000000000000, #404 ) ;
#1205 = AXIS2_PLACEMENT_3D ( 'NONE', #2952, #1618, #1894 ) ;
#1206 = LOCAL_TIME ( 17, 50, 13.00000000000000000, #1873 ) ;
#1207 = EDGE_LOOP ( 'NONE', ( #3193, #1195, #1997, #68 ) ) ;
#1208 = APPROVAL_PERSON_ORGANIZATION ( #174, #1649, #2802 ) ;
#1209 = DIRECTION ( 'NONE',  ( 0.000000000000000000, -1.000000000000000000, 0.000000000000000000 ) ) ;
#1210 = VERTEX_POINT ( 'NONE', #3221 ) ;
#1211 = VECTOR ( 'NONE', #2433, 1000.000000000000000 ) ;
#1212 = ORIENTED_EDGE ( 'NONE', *, *, #606, .F. ) ;
#1213 = CARTESIAN_POINT ( 'NONE',  ( 144.9999999999999716, 3.000000000000002665, -84.99999999999998579 ) ) ;
#1214 = ORIENTED_EDGE ( 'NONE', *, *, #952, .F. ) ;
#1215 = COORDINATED_UNIVERSAL_TIME_OFFSET ( 8, 0, .AHEAD. ) ;
#1216 = APPLICATION_CONTEXT ( 'configuration controlled 3d designs of mechanical parts and assemblies' ) ;
#1217 = CARTESIAN_POINT ( 'NONE',  ( 150.0009999999999764, 13.00000000000000355, -77.00000000000001421 ) ) ;
#1218 = VERTEX_POINT ( 'NONE', #1318 ) ;
#1219 = VECTOR ( 'NONE', #378, 1000.000000000000000 ) ;
#1220 = CARTESIAN_POINT ( 'NONE',  ( 2.999999999999984457, 47.99999999999999289, -25.00000000000000711 ) ) ;
#1221 = EDGE_CURVE ( 'NONE', #1903, #1326, #2042, .T. ) ;
#1222 = ORIENTED_EDGE ( 'NONE', *, *, #263, .T. ) ;
#1223 = EDGE_CURVE ( 'NONE', #3198, #2322, #1971, .T. ) ;
#1224 = DIRECTION ( 'NONE',  ( -0.000000000000000000, 1.000000000000000000, -0.000000000000000000 ) ) ;
#1225 = DIRECTION ( 'NONE',  ( -0.000000000000000000, -1.000000000000000000, -0.000000000000000000 ) ) ;
#1226 = VECTOR ( 'NONE', #832, 1000.000000000000000 ) ;
#1227 = ORIENTED_EDGE ( 'NONE', *, *, #1221, .T. ) ;
#1228 = DIRECTION ( 'NONE',  ( 1.000000000000000000, 0.000000000000000000, 0.000000000000000000 ) ) ;
#1229 = VECTOR ( 'NONE', #54, 1000.000000000000000 ) ;
#1230 = VERTEX_POINT ( 'NONE', #1001 ) ;
#1231 = ADVANCED_FACE ( 'NONE', ( #2024 ), #968, .F. ) ;
#1232 = DIRECTION ( 'NONE',  ( -0.000000000000000000, -0.000000000000000000, -1.000000000000000000 ) ) ;
#1233 = DIRECTION ( 'NONE',  ( 1.734723475976807341E-16, 0.000000000000000000, 1.000000000000000000 ) ) ;
#1234 = EDGE_LOOP ( 'NONE', ( #1691, #2914, #465, #2783, #1355, #3050, #3209, #484 ) ) ;
#1235 = ADVANCED_FACE ( 'NONE', ( #2492 ), #2728, .F. ) ;
#1236 = CONTEXT_DEPENDENT_SHAPE_REPRESENTATION ( #2331, #1394 ) ;
#1237 = FACE_OUTER_BOUND ( 'NONE', #1600, .T. ) ;
#1238 = DIRECTION ( 'NONE',  ( 3.083952846180990774E-16, 0.000000000000000000, 1.000000000000000000 ) ) ;
#1239 = EDGE_LOOP ( 'NONE', ( #1222, #1746, #93, #219 ) ) ;
#1240 = CARTESIAN_POINT ( 'NONE',  ( 31.00000000000000711, 63.00000000000000000, -90.00000000000000000 ) ) ;
#1241 = CARTESIAN_POINT ( 'NONE',  ( 2.999999999999990674, 56.00000000000001421, -15.39999999999998437 ) ) ;
#1242 = CALENDAR_DATE ( 2026, 9, 4 ) ;
#1243 = DIRECTION ( 'NONE',  ( 1.000000000000000000, -0.000000000000000000, -1.192622389734055124E-16 ) ) ;
#1244 = ORIENTED_EDGE ( 'NONE', *, *, #439, .F. ) ;
#1245 = DIRECTION ( 'NONE',  ( -1.000000000000000000, 0.000000000000000000, 1.192622389734055124E-16 ) ) ;
#1246 = FACE_OUTER_BOUND ( 'NONE', #2988, .T. ) ;
#1247 = VERTEX_POINT ( 'NONE', #2478 ) ;
#1248 = LINE ( 'NONE', #2291, #2567 ) ;
#1249 = ORIENTED_EDGE ( 'NONE', *, *, #600, .F. ) ;
#1250 = APPROVAL ( #2325, 'æœª' ) ;
#1251 = EDGE_CURVE ( 'NONE', #1843, #2328, #2507, .T. ) ;
#1252 = LINE ( 'NONE', #988, #2442 ) ;
#1253 = LINE ( 'NONE', #225, #1821 ) ;
#1254 = ORIENTED_EDGE ( 'NONE', *, *, #2039, .F. ) ;
#1255 = AXIS2_PLACEMENT_3D ( 'NONE', #1536, #3268, #2519 ) ;
#1256 = CARTESIAN_POINT ( 'NONE',  ( 105.9999999999999716, 52.00000000000000711, -90.00000000000000000 ) ) ;
#1257 = EDGE_CURVE ( 'NONE', #3104, #94, #2701, .T. ) ;
#1258 = DIRECTION ( 'NONE',  ( 0.000000000000000000, -1.000000000000000000, 0.000000000000000000 ) ) ;
#1259 = FACE_OUTER_BOUND ( 'NONE', #685, .T. ) ;
#1260 = VECTOR ( 'NONE', #836, 1000.000000000000000 ) ;
#1261 = FACE_OUTER_BOUND ( 'NONE', #802, .T. ) ;
#1262 = AXIS2_PLACEMENT_3D ( 'NONE', #2935, #1667, #3216 ) ;
#1263 = LOCAL_TIME ( 17, 50, 13.00000000000000000, #2228 ) ;
#1264 = ORIENTED_EDGE ( 'NONE', *, *, #2483, .T. ) ;
#1265 = DIRECTION ( 'NONE',  ( -0.000000000000000000, -0.000000000000000000, -1.000000000000000000 ) ) ;
#1266 = EDGE_LOOP ( 'NONE', ( #1959, #2518, #2781, #83 ) ) ;
#1267 = AXIS2_PLACEMENT_3D ( 'NONE', #862, #3169, #49 ) ;
#1268 = PERSON_AND_ORGANIZATION_ROLE ( 'classification_officer' ) ;
#1269 = CARTESIAN_POINT ( 'NONE',  ( -5.551115123125782702E-14, 73.00000000000000000, -90.00000000000000000 ) ) ;
#1270 = DIRECTION ( 'NONE',  ( 1.000000000000000000, -0.000000000000000000, -1.192622389734055124E-16 ) ) ;
#1271 = ORIENTED_EDGE ( 'NONE', *, *, #2109, .T. ) ;
#1272 = DIRECTION ( 'NONE',  ( 1.000000000000000000, 0.000000000000000000, 0.000000000000000000 ) ) ;
#1273 = CIRCLE ( 'NONE', #1541, 2.000000000000001776 ) ;
#1274 = DIRECTION ( 'NONE',  ( 1.000000000000000000, 0.000000000000000000, 0.000000000000000000 ) ) ;
#1275 = LINE ( 'NONE', #3256, #295 ) ;
#1276 = VERTEX_POINT ( 'NONE', #2041 ) ;
#1277 = DIRECTION ( 'NONE',  ( -1.000000000000000000, 0.000000000000000000, 0.000000000000000000 ) ) ;
#1278 = DIRECTION ( 'NONE',  ( -1.000000000000000000, -0.000000000000000000, -0.000000000000000000 ) ) ;
#1279 = FACE_OUTER_BOUND ( 'NONE', #1101, .T. ) ;
#1280 = VERTEX_POINT ( 'NONE', #427 ) ;
#1281 = APPLICATION_CONTEXT ( 'configuration controlled 3d designs of mechanical parts and assemblies' ) ;
#1282 = AXIS2_PLACEMENT_3D ( 'NONE', #2760, #461, #167 ) ;
#1283 = PERSON_AND_ORGANIZATION ( #2708, #331 ) ;
#1284 = CARTESIAN_POINT ( 'NONE',  ( 2.999999999999984457, 47.99999999999999289, -25.00000000000001066 ) ) ;
#1285 = ADVANCED_FACE ( 'NONE', ( #1737 ), #724, .F. ) ;
#1286 = CARTESIAN_POINT ( 'NONE',  ( 2.000000000000000000, 75.00000000000000000, -1.233581138472396309E-15 ) ) ;
#1287 = VERTEX_POINT ( 'NONE', #482 ) ;
#1288 = DIRECTION ( 'NONE',  ( 0.000000000000000000, 0.000000000000000000, 1.000000000000000000 ) ) ;
#1289 = CARTESIAN_POINT ( 'NONE',  ( 69.99999999999997158, 53.00000000000000711, -5.000000000000000000 ) ) ;
#1290 = APPROVAL_STATUS ( 'not_yet_approved' ) ;
#1291 = LINE ( 'NONE', #2561, #403 ) ;
#1292 = CARTESIAN_POINT ( 'NONE',  ( -5.551115123125782702E-14, 75.00000000000000000, -90.00000000000000000 ) ) ;
#1293 = CC_DESIGN_PERSON_AND_ORGANIZATION_ASSIGNMENT ( #370, #2176, ( #3189 ) ) ;
#1294 = EDGE_CURVE ( 'NONE', #1914, #936, #744, .T. ) ;
#1295 = ORIENTED_EDGE ( 'NONE', *, *, #2535, .T. ) ;
#1296 = DIRECTION ( 'NONE',  ( 0.000000000000000000, 0.000000000000000000, 1.000000000000000000 ) ) ;
#1297 = DIRECTION ( 'NONE',  ( 0.000000000000000000, 1.000000000000000000, 0.000000000000000000 ) ) ;
#1298 = VERTEX_POINT ( 'NONE', #1756 ) ;
#1299 = FACE_BOUND ( 'NONE', #3100, .T. ) ;
#1300 = DIRECTION ( 'NONE',  ( 1.192622389734055124E-16, 0.000000000000000000, 1.000000000000000000 ) ) ;
#1301 = EDGE_CURVE ( 'NONE', #531, #3081, #2777, .T. ) ;
#1302 = PLANE ( 'NONE',  #1017 ) ;
#1303 = ORIENTED_EDGE ( 'NONE', *, *, #2453, .T. ) ;
#1304 = DIRECTION ( 'NONE',  ( -1.000000000000000000, -9.637352644315597708E-17, 0.000000000000000000 ) ) ;
#1305 = PERSON_AND_ORGANIZATION ( #2708, #331 ) ;
#1306 = AXIS2_PLACEMENT_3D ( 'NONE', #2018, #1456, #386 ) ;
#1307 = CARTESIAN_POINT ( 'NONE',  ( 5.000000000000010658, 3.000000000000002665, -5.000000000000000000 ) ) ;
#1308 = CARTESIAN_POINT ( 'NONE',  ( 147.9702231394126102, 30.97022313941264215, -89.53861435047788575 ) ) ;
#1309 = CARTESIAN_POINT ( 'NONE',  ( 1.999999999999945821, 2.000000000000001776, -90.00000000000000000 ) ) ;
#1310 = EDGE_LOOP ( 'NONE', ( #2530, #3235, #796 ) ) ;
#1311 = ORIENTED_EDGE ( 'NONE', *, *, #890, .T. ) ;
#1312 = CARTESIAN_POINT ( 'NONE',  ( 5.000000000000000888, 31.00000000000000000, -84.99999999999998579 ) ) ;
#1313 = CARTESIAN_POINT ( 'NONE',  ( 2.999999999999990674, 56.00000000000001421, -15.39999999999998437 ) ) ;
#1314 = DIRECTION ( 'NONE',  ( -0.000000000000000000, 1.000000000000000000, -0.000000000000000000 ) ) ;
#1315 = ORIENTED_EDGE ( 'NONE', *, *, #1732, .F. ) ;
#1316 = ORGANIZATION ( 'NAUO-ORG1', 'UNSPECIFIED', 'UNSPECIFIED' ) ;
#1317 = LINE ( 'NONE', #2324, #2671 ) ;
#1318 = CARTESIAN_POINT ( 'NONE',  ( 5.000000000000010658, 69.99999999999998579, -5.000000000000000000 ) ) ;
#1319 = AXIS2_PLACEMENT_3D ( 'NONE', #2171, #2922, #634 ) ;
#1320 = COORDINATED_UNIVERSAL_TIME_OFFSET ( 8, 0, .AHEAD. ) ;
#1321 = DIRECTION ( 'NONE',  ( 0.000000000000000000, 0.000000000000000000, 1.000000000000000000 ) ) ;
#1322 = DIRECTION ( 'NONE',  ( 1.000000000000000000, 0.000000000000000000, 0.000000000000000000 ) ) ;
#1323 = DIRECTION ( 'NONE',  ( 0.000000000000000000, 0.000000000000000000, 1.000000000000000000 ) ) ;
#1324 = DIRECTION ( 'NONE',  ( -1.000000000000000000, 0.000000000000000000, -0.000000000000000000 ) ) ;
#1325 = VECTOR ( 'NONE', #3236, 1000.000000000000000 ) ;
#1326 = VERTEX_POINT ( 'NONE', #150 ) ;
#1327 = VERTEX_POINT ( 'NONE', #765 ) ;
#1328 = LINE ( 'NONE', #20, #1461 ) ;
#1329 = CARTESIAN_POINT ( 'NONE',  ( 147.4999999999999716, 30.50000000000000355, -88.00000000000000000 ) ) ;
#1330 = PLANE ( 'NONE',  #757 ) ;
#1331 = ORIENTED_EDGE ( 'NONE', *, *, #2426, .T. ) ;
#1332 = VECTOR ( 'NONE', #1243, 1000.000000000000000 ) ;
#1333 = FACE_OUTER_BOUND ( 'NONE', #2454, .T. ) ;
#1334 = ADVANCED_FACE ( 'NONE', ( #1261 ), #2304, .F. ) ;
#1335 = ADVANCED_FACE ( 'NONE', ( #2269 ), #3299, .F. ) ;
#1336 = EDGE_LOOP ( 'NONE', ( #265, #442, #874, #840 ) ) ;
#1337 = DIRECTION ( 'NONE',  ( -1.000000000000000000, -0.000000000000000000, -0.000000000000000000 ) ) ;
#1338 = VECTOR ( 'NONE', #1278, 1000.000000000000000 ) ;
#1339 = APPROVAL_ROLE ( '' ) ;
#1340 = LINE ( 'NONE', #810, #2023 ) ;
#1341 = CIRCLE ( 'NONE', #3312, 2.000000000000001776 ) ;
#1342 = CARTESIAN_POINT ( 'NONE',  ( 1.999999999999998668, 73.00000000000000000, -2.000000000000000000 ) ) ;
#1343 = FACE_OUTER_BOUND ( 'NONE', #3101, .T. ) ;
#1344 = VECTOR ( 'NONE', #2661, 1000.000000000000000 ) ;
#1345 = ORIENTED_EDGE ( 'NONE', *, *, #2187, .T. ) ;
#1346 = ORIENTED_EDGE ( 'NONE', *, *, #2868, .T. ) ;
#1347 = CARTESIAN_POINT ( 'NONE',  ( 147.4999999999999716, 30.50000000000000355, -84.99999999999998579 ) ) ;
#1348 = DIRECTION ( 'NONE',  ( 1.192622389734055124E-16, 0.000000000000000000, 1.000000000000000000 ) ) ;
#1349 = CARTESIAN_POINT ( 'NONE',  ( -5.551115123125782702E-14, 52.00000000000000711, -88.00000000000000000 ) ) ;
#1350 = CC_DESIGN_PERSON_AND_ORGANIZATION_ASSIGNMENT ( #824, #1130, ( #500 ) ) ;
#1351 = APPLICATION_CONTEXT ( 'configuration controlled 3d designs of mechanical parts and assemblies' ) ;
#1352 = ORIENTED_EDGE ( 'NONE', *, *, #487, .T. ) ;
#1353 = CARTESIAN_POINT ( 'NONE',  ( -5.427757009278543367E-14, 75.00000000000000000, -88.00000000000000000 ) ) ;
#1354 = FACE_OUTER_BOUND ( 'NONE', #645, .T. ) ;
#1355 = ORIENTED_EDGE ( 'NONE', *, *, #2245, .T. ) ;
#1356 = DIRECTION ( 'NONE',  ( 0.000000000000000000, 0.000000000000000000, -1.000000000000000000 ) ) ;
#1357 = DATE_AND_TIME ( #2105, #2188 ) ;
#1358 = LINE ( 'NONE', #628, #2298 ) ;
#1359 = DIRECTION ( 'NONE',  ( 1.000000000000000000, 0.000000000000000000, -0.000000000000000000 ) ) ;
#1360 = ADVANCED_FACE ( 'NONE', ( #3048 ), #2529, .T. ) ;
#1361 = SPHERICAL_SURFACE ( 'NONE', #1179, 2.000000000000000000 ) ;
#1362 = EDGE_CURVE ( 'NONE', #3243, #1326, #2746, .T. ) ;
#1363 = ORIENTED_EDGE ( 'NONE', *, *, #544, .F. ) ;
#1364 = EDGE_LOOP ( 'NONE', ( #127, #2190, #2271, #2002 ) ) ;
#1365 = VECTOR ( 'NONE', #3191, 1000.000000000000000 ) ;
#1366 = EDGE_CURVE ( 'NONE', #1953, #3243, #1719, .T. ) ;
#1367 = DIRECTION ( 'NONE',  ( -0.000000000000000000, -0.000000000000000000, 1.000000000000000000 ) ) ;
#1368 = ORIENTED_EDGE ( 'NONE', *, *, #1221, .F. ) ;
#1369 = ORIENTED_EDGE ( 'NONE', *, *, #2558, .T. ) ;
#1370 = CARTESIAN_POINT ( 'NONE',  ( 74.99999999999995737, 53.00000000000000711, -84.99999999999998579 ) ) ;
#1371 = DIRECTION ( 'NONE',  ( 0.000000000000000000, -1.000000000000000000, 0.000000000000000000 ) ) ;
#1372 = CARTESIAN_POINT ( 'NONE',  ( 45.00000000000000000, 31.00000000000000000, -5.000000000000000000 ) ) ;
#1373 = ORIENTED_EDGE ( 'NONE', *, *, #667, .T. ) ;
#1374 = LOCAL_TIME ( 17, 50, 13.00000000000000000, #1157 ) ;
#1375 = SECURITY_CLASSIFICATION_LEVEL ( 'unclassified' ) ;
#1376 = CARTESIAN_POINT ( 'NONE',  ( 148.2578549947266993, 32.24214500527322258, -90.00000000000000000 ) ) ;
#1377 = DIRECTION ( 'NONE',  ( 0.000000000000000000, 0.000000000000000000, -1.000000000000000000 ) ) ;
#1378 = CIRCLE ( 'NONE', #353, 2.000000000000001776 ) ;
#1379 = FACE_BOUND ( 'NONE', #351, .T. ) ;
#1380 = VERTEX_POINT ( 'NONE', #1986 ) ;
#1381 = EDGE_CURVE ( 'NONE', #1060, #2162, #445, .T. ) ;
#1382 = AXIS2_PLACEMENT_3D ( 'NONE', #1742, #2782, #2763 ) ;
#1383 = CARTESIAN_POINT ( 'NONE',  ( 146.0000000000000000, 0.000000000000000000, 0.000000000000000000 ) ) ;
#1384 = ORIENTED_EDGE ( 'NONE', *, *, #2532, .T. ) ;
#1385 = CARTESIAN_POINT ( 'NONE',  ( 0.000000000000000000, 5.000000000000000000, 0.000000000000000000 ) ) ;
#1386 = DIRECTION ( 'NONE',  ( 1.000000000000000000, 0.000000000000000000, 0.000000000000000000 ) ) ;
#1387 = VECTOR ( 'NONE', #1224, 1000.000000000000000 ) ;
#1388 = PERSON ( 'NAUO-PER2', 'UNSPECIFIED', 'UNSPECIFIED', ('UNSPECIFIED'), ('UNSPECIFIED'), ('UNSPECIFIED') ) ;
#1389 = ORIENTED_EDGE ( 'NONE', *, *, #2544, .F. ) ;
#1390 = VERTEX_POINT ( 'NONE', #2566 ) ;
#1391 = PERSON_AND_ORGANIZATION_ROLE ( 'classification_officer' ) ;
#1392 = ADVANCED_FACE ( 'NONE', ( #3318 ), #2059, .T. ) ;
#1393 = CARTESIAN_POINT ( 'NONE',  ( 72.49999999999997158, 30.50000000000000355, -84.99999999999998579 ) ) ;
#1394 = PRODUCT_DEFINITION_SHAPE ( 'NONE', 'NONE',  #3326 ) ;
#1395 = VECTOR ( 'NONE', #30, 1000.000000000000000 ) ;
#1396 = CARTESIAN_POINT ( 'NONE',  ( -2.775557561562891351E-14, 5.000000000000000000, -86.00000000000000000 ) ) ;
#1397 = ORIENTED_EDGE ( 'NONE', *, *, #910, .T. ) ;
#1399 = EDGE_CURVE ( 'NONE', #2937, #336, #3063, .T. ) ;
#1398 = UNCERTAINTY_MEASURE_WITH_UNIT (LENGTH_MEASURE( 1.000000000000000082E-05 ), #1021, 'distance_accuracy_value', 'NONE');
#1400 = AXIS2_PLACEMENT_3D ( 'NONE', #1717, #179, #2000 ) ;
#1401 = CARTESIAN_POINT ( 'NONE',  ( 149.9999999999999432, 2.000000000000001776, -90.00000000000000000 ) ) ;
#1402 = EDGE_CURVE ( 'NONE', #2732, #805, #292, .T. ) ;
#1403 = EDGE_LOOP ( 'NONE', ( #3167, #452, #2857, #2498, #2282, #1474 ) ) ;
#1404 = EDGE_LOOP ( 'NONE', ( #2967, #2436, #683, #2316 ) ) ;
#1405 = DIRECTION ( 'NONE',  ( -0.000000000000000000, 1.000000000000000000, -0.000000000000000000 ) ) ;
#1406 = LINE ( 'NONE', #2901, #2139 ) ;
#1407 = EDGE_CURVE ( 'NONE', #2043, #2932, #2582, .T. ) ;
#1408 = ORIENTED_EDGE ( 'NONE', *, *, #606, .T. ) ;
#1409 = ORIENTED_EDGE ( 'NONE', *, *, #478, .T. ) ;
#1410 = EDGE_CURVE ( 'NONE', #2909, #472, #2095, .T. ) ;
#1411 = PERSON_AND_ORGANIZATION ( #2708, #331 ) ;
#1412 = CARTESIAN_POINT ( 'NONE',  ( 74.99999999999995737, 53.00000000000000711, -84.99999999999998579 ) ) ;
#1413 = CARTESIAN_POINT ( 'NONE',  ( 10.00000000000000355, 63.00000000000000000, -90.00100000000000477 ) ) ;
#1414 = CARTESIAN_POINT ( 'NONE',  ( 107.1715728752537728, 41.17157287525381548, -90.00000000000000000 ) ) ;
#1415 = EDGE_LOOP ( 'NONE', ( #2695, #2477, #2887, #563, #3042, #1762 ) ) ;
#1416 = FACE_OUTER_BOUND ( 'NONE', #1514, .T. ) ;
#1417 = VERTEX_POINT ( 'NONE', #39 ) ;
#1418 = SHAPE_REPRESENTATION ( '\X2\75356c6076d65b50\X0\', ( #2065 ), #668 ) ;
#1419 = VECTOR ( 'NONE', #1694, 1000.000000000000000 ) ;
#1420 = DIRECTION ( 'NONE',  ( 0.000000000000000000, -1.000000000000000000, -4.336808689942021187E-16 ) ) ;
#1421 = DIRECTION ( 'NONE',  ( -1.239088197126290817E-16, 0.000000000000000000, -1.000000000000000000 ) ) ;
#1422 = FACE_OUTER_BOUND ( 'NONE', #1415, .T. ) ;
#1423 = VERTEX_POINT ( 'NONE', #1034 ) ;
#1424 = VECTOR ( 'NONE', #1614, 1000.000000000000000 ) ;
#1425 = CALENDAR_DATE ( 2026, 9, 4 ) ;
#1426 = CARTESIAN_POINT ( 'NONE',  ( 5.000000000000009770, 9.000000000000001776, -17.99999999999998934 ) ) ;
#1427 = ORIENTED_EDGE ( 'NONE', *, *, #3112, .F. ) ;
#1428 = VERTEX_POINT ( 'NONE', #782 ) ;
#1429 = VECTOR ( 'NONE', #1367, 1000.000000000000000 ) ;
#1430 = ORIENTED_EDGE ( 'NONE', *, *, #1726, .F. ) ;
#1431 = CYLINDRICAL_SURFACE ( 'NONE', #1448, 2.000000000000000000 ) ;
#1432 = LINE ( 'NONE', #91, #2677 ) ;
#1433 = DIRECTION ( 'NONE',  ( -1.000000000000000000, 0.000000000000000000, 0.000000000000000000 ) ) ;
#1434 = VECTOR ( 'NONE', #709, 1000.000000000000000 ) ;
#1435 =( BOUNDED_CURVE ( )  B_SPLINE_CURVE ( 3, ( #781, #3317, #2383, #1807 ),
 .UNSPECIFIED., .F., .F. ) 
 B_SPLINE_CURVE_WITH_KNOTS ( ( 4, 4 ),
 ( 3.141592653589793116, 4.712388980384689674 ),
 .UNSPECIFIED. ) 
 CURVE ( )  GEOMETRIC_REPRESENTATION_ITEM ( )  RATIONAL_B_SPLINE_CURVE ( ( 1.000000000000000000, 0.8047378541243649375, 0.8047378541243649375, 1.000000000000000000 ) ) 
 REPRESENTATION_ITEM ( '' )  );
#1436 = EDGE_LOOP ( 'NONE', ( #1964, #2584, #579, #1558 ) ) ;
#1437 = ORIENTED_EDGE ( 'NONE', *, *, #342, .F. ) ;
#1438 = VECTOR ( 'NONE', #279, 1000.000000000000000 ) ;
#1439 = EDGE_CURVE ( 'NONE', #1925, #2322, #311, .T. ) ;
#1440 = EDGE_CURVE ( 'NONE', #2597, #2870, #2076, .T. ) ;
#1441 = COORDINATED_UNIVERSAL_TIME_OFFSET ( 8, 0, .AHEAD. ) ;
#1442 = FACE_OUTER_BOUND ( 'NONE', #1619, .T. ) ;
#1443 = CARTESIAN_POINT ( 'NONE',  ( 148.2386127875258239, 0.7613872124741745129, -89.55206388406102747 ) ) ;
#1444 = CARTESIAN_POINT ( 'NONE',  ( 1.999999999999946265, 69.99999999999998579, -88.00000000000000000 ) ) ;
#1445 = CARTESIAN_POINT ( 'NONE',  ( 10.00000000000000533, 45.00000000000000711, -90.00100000000000477 ) ) ;
#1446 = VECTOR ( 'NONE', #1492, 1000.000000000000000 ) ;
#1447 = VERTEX_POINT ( 'NONE', #2600 ) ;
#1448 = AXIS2_PLACEMENT_3D ( 'NONE', #933, #3230, #425 ) ;
#1449 = DIRECTION ( 'NONE',  ( 1.000000000000000000, -0.000000000000000000, -1.192622389734055124E-16 ) ) ;
#1450 = DIRECTION ( 'NONE',  ( 1.734723475976807341E-16, 0.000000000000000000, 1.000000000000000000 ) ) ;
#1451 = CC_DESIGN_DATE_AND_TIME_ASSIGNMENT ( #2853, #1629, ( #500 ) ) ;
#1452 =( NAMED_UNIT ( * ) PLANE_ANGLE_UNIT ( ) SI_UNIT ( $, .RADIAN. ) );
#1453 = APPROVAL_STATUS ( 'not_yet_approved' ) ;
#1454 = DIRECTION ( 'NONE',  ( 0.000000000000000000, -0.000000000000000000, -1.000000000000000000 ) ) ;
#1455 = ORIENTED_EDGE ( 'NONE', *, *, #2219, .T. ) ;
#1456 = DIRECTION ( 'NONE',  ( 0.000000000000000000, 1.000000000000000000, 0.000000000000000000 ) ) ;
#1457 = LINE ( 'NONE', #3053, #1177 ) ;
#1458 = ORIENTED_EDGE ( 'NONE', *, *, #2578, .T. ) ;
#1459 = EDGE_CURVE ( 'NONE', #1883, #2614, #2581, .T. ) ;
#1460 = CARTESIAN_POINT ( 'NONE',  ( -0.001000000000056511240, 40.00000000000000000, -25.00000000000001066 ) ) ;
#1461 = VECTOR ( 'NONE', #38, 1000.000000000000000 ) ;
#1462 = ORIENTED_EDGE ( 'NONE', *, *, #622, .T. ) ;
#1463 = DIRECTION ( 'NONE',  ( 0.000000000000000000, 0.000000000000000000, -1.000000000000000000 ) ) ;
#1464 = ORIENTED_EDGE ( 'NONE', *, *, #626, .T. ) ;
#1465 = DIRECTION ( 'NONE',  ( 0.000000000000000000, 0.000000000000000000, -1.000000000000000000 ) ) ;
#1466 = ORIENTED_EDGE ( 'NONE', *, *, #2971, .F. ) ;
#1467 = DIRECTION ( 'NONE',  ( -0.000000000000000000, -0.000000000000000000, -1.000000000000000000 ) ) ;
#1468 = VERTEX_POINT ( 'NONE', #2336 ) ;
#1469 = PRODUCT_DEFINITION_SHAPE ( 'NONE', 'NONE',  #182 ) ;
#1470 = DIRECTION ( 'NONE',  ( 0.000000000000000000, 0.000000000000000000, -1.000000000000000000 ) ) ;
#1471 = CARTESIAN_POINT ( 'NONE',  ( 5.000000000000000888, 31.00000000000000000, -84.99999999999998579 ) ) ;
#1472 = CARTESIAN_POINT ( 'NONE',  ( -5.267391461277131726E-14, 56.00000000000000711, -85.39999999999999147 ) ) ;
#1473 = CC_DESIGN_APPROVAL ( #1186, ( #3138 ) ) ;
#1474 = ORIENTED_EDGE ( 'NONE', *, *, #161, .F. ) ;
#1475 = DIRECTION ( 'NONE',  ( 1.000000000000000000, 0.000000000000000000, 0.000000000000000000 ) ) ;
#1476 = DIRECTION ( 'NONE',  ( -1.192622389734055124E-16, 0.000000000000000000, -1.000000000000000000 ) ) ;
#1477 = CARTESIAN_POINT ( 'NONE',  ( 107.9999999999999716, 50.00000000000000000, -84.99999999999998579 ) ) ;
#1478 = ORIENTED_EDGE ( 'NONE', *, *, #2927, .T. ) ;
#1479 = DIRECTION ( 'NONE',  ( 1.000000000000000000, 0.000000000000000000, 0.000000000000000000 ) ) ;
#1480 = VERTEX_POINT ( 'NONE', #3084 ) ;
#1481 = CARTESIAN_POINT ( 'NONE',  ( 72.49999999999997158, 30.50000000000000355, -84.99999999999998579 ) ) ;
#1482 = CIRCLE ( 'NONE', #1704, 2.000000000000000000 ) ;
#1483 = PERSON_AND_ORGANIZATION ( #1833, #1316 ) ;
#1484 = FACE_OUTER_BOUND ( 'NONE', #2731, .T. ) ;
#1485 = CARTESIAN_POINT ( 'NONE',  ( 107.9999999999999716, 42.00000000000000000, -88.00000000000000000 ) ) ;
#1486 = ORIENTED_EDGE ( 'NONE', *, *, #2409, .T. ) ;
#1487 = DIRECTION ( 'NONE',  ( -0.000000000000000000, -0.000000000000000000, 1.000000000000000000 ) ) ;
#1488 = EDGE_CURVE ( 'NONE', #1154, #2662, #5, .T. ) ;
#1489 = CALENDAR_DATE ( 2026, 9, 4 ) ;
#1490 = LINE ( 'NONE', #200, #1332 ) ;
#1491 = DIRECTION ( 'NONE',  ( -0.000000000000000000, -0.000000000000000000, -1.000000000000000000 ) ) ;
#1492 = DIRECTION ( 'NONE',  ( -1.000000000000000000, 3.304235192336774033E-16, 0.000000000000000000 ) ) ;
#1493 = VECTOR ( 'NONE', #666, 1000.000000000000000 ) ;
#1494 = ADVANCED_FACE ( 'NONE', ( #2351 ), #2879, .F. ) ;
#1495 = ORIENTED_EDGE ( 'NONE', *, *, #1885, .F. ) ;
#1496 = CARTESIAN_POINT ( 'NONE',  ( 123.8284271247461419, 50.82842712474619162, -90.00000000000000000 ) ) ;
#1497 = VECTOR ( 'NONE', #1552, 1000.000000000000000 ) ;
#1498 = ORIENTED_EDGE ( 'NONE', *, *, #1501, .F. ) ;
#1499 = CARTESIAN_POINT ( 'NONE',  ( 2.999999999999988898, 9.000000000000001776, -17.99999999999998934 ) ) ;
#1500 = ORIENTED_EDGE ( 'NONE', *, *, #1540, .T. ) ;
#1501 = EDGE_CURVE ( 'NONE', #1276, #2597, #582, .T. ) ;
#1502 = APPROVAL_STATUS ( 'not_yet_approved' ) ;
#1503 = CARTESIAN_POINT ( 'NONE',  ( 148.6436184720455458, 1.425407347478639064, -89.80816227932075435 ) ) ;
#1504 = CARTESIAN_POINT ( 'NONE',  ( 5.000000000000001776, 4.000000000000002665, -80.99999999999998579 ) ) ;
#1505 = ORIENTED_EDGE ( 'NONE', *, *, #88, .F. ) ;
#1506 = CARTESIAN_POINT ( 'NONE',  ( 147.9999999999999432, 0.7500000000000006661, -89.56124949959959736 ) ) ;
#1507 =( NAMED_UNIT ( * ) SI_UNIT ( $, .STERADIAN. ) SOLID_ANGLE_UNIT ( ) );
#1508 = LINE ( 'NONE', #2824, #2199 ) ;
#1509 = ORIENTED_EDGE ( 'NONE', *, *, #1362, .T. ) ;
#1510 = CARTESIAN_POINT ( 'NONE',  ( 1.999999999999946265, 69.99999999999998579, -2.000000000000000000 ) ) ;
#1511 = CARTESIAN_POINT ( 'NONE',  ( 0.000000000000000000, 53.00000000000000711, 0.000000000000000000 ) ) ;
#1512 = ORIENTED_EDGE ( 'NONE', *, *, #2707, .F. ) ;
#1513 = CARTESIAN_POINT ( 'NONE',  ( 74.99999999999995737, 3.000000000000002665, -56.99999999999999289 ) ) ;
#1514 = EDGE_LOOP ( 'NONE', ( #1818, #1605, #3150, #2364, #2675 ) ) ;
#1515 = LINE ( 'NONE', #2080, #960 ) ;
#1516 = VECTOR ( 'NONE', #539, 1000.000000000000000 ) ;
#1517 = CONTEXT_DEPENDENT_SHAPE_REPRESENTATION ( #3052, #1911 ) ;
#1518 =( BOUNDED_CURVE ( )  B_SPLINE_CURVE ( 3, ( #2583, #3064, #541, #3120 ),
 .UNSPECIFIED., .F., .T. ) 
 B_SPLINE_CURVE_WITH_KNOTS ( ( 4, 4 ),
 ( 5.387520513321721438, 6.283185307179586232 ),
 .UNSPECIFIED. ) 
 CURVE ( )  GEOMETRIC_REPRESENTATION_ITEM ( )  RATIONAL_B_SPLINE_CURVE ( ( 1.000000000000000000, 0.9342585459106649282, 0.9342585459106649282, 1.000000000000000000 ) ) 
 REPRESENTATION_ITEM ( '' )  );
#1519 = DIRECTION ( 'NONE',  ( 1.000000000000000000, 0.000000000000000000, -6.505213034913027590E-16 ) ) ;
#1520 = LINE ( 'NONE', #1269, #886 ) ;
#1521 = DIRECTION ( 'NONE',  ( 3.227392513445222811E-16, -0.000000000000000000, 1.000000000000000000 ) ) ;
#1522 = ORIENTED_EDGE ( 'NONE', *, *, #2081, .F. ) ;
#1523 = VECTOR ( 'NONE', #1199, 1000.000000000000000 ) ;
#1524 = LINE ( 'NONE', #12, #215 ) ;
#1525 = DIRECTION ( 'NONE',  ( 0.000000000000000000, 0.000000000000000000, 1.000000000000000000 ) ) ;
#1526 = LINE ( 'NONE', #1749, #1434 ) ;
#1527 = ORIENTED_EDGE ( 'NONE', *, *, #3229, .F. ) ;
#1528 = CARTESIAN_POINT ( 'NONE',  ( 5.000000000000002665, 40.00000000000000000, -75.00000000000001421 ) ) ;
#1529 = CC_DESIGN_SECURITY_CLASSIFICATION ( #3138, ( #3325 ) ) ;
#1530 = PLANE ( 'NONE',  #2101 ) ;
#1531 = VERTEX_POINT ( 'NONE', #1103 ) ;
#1532 = DIRECTION ( 'NONE',  ( 0.000000000000000000, 0.000000000000000000, -1.000000000000000000 ) ) ;
#1533 = EDGE_CURVE ( 'NONE', #2173, #1123, #798, .T. ) ;
#1534 = DATE_TIME_ROLE ( 'classification_date' ) ;
#1535 = CARTESIAN_POINT ( 'NONE',  ( 13.00000000000001066, -0.001000000000001000089, -77.99999999999998579 ) ) ;
#1536 = CARTESIAN_POINT ( 'NONE',  ( 2.999999999999947597, 56.00000000000000711, -85.39999999999999147 ) ) ;
#1537 = CARTESIAN_POINT ( 'NONE',  ( -0.001000000000055643878, 9.000000000000001776, -17.99999999999998934 ) ) ;
#1538 = ORIENTED_EDGE ( 'NONE', *, *, #608, .F. ) ;
#1539 = CARTESIAN_POINT ( 'NONE',  ( 107.1715728752537728, 50.82842712474619162, -90.00000000000000000 ) ) ;
#1540 = EDGE_CURVE ( 'NONE', #2920, #1468, #2215, .T. ) ;
#1541 = AXIS2_PLACEMENT_3D ( 'NONE', #640, #2946, #381 ) ;
#1542 = ADVANCED_FACE ( 'NONE', ( #1564, #559 ), #3142, .F. ) ;
#1543 = SHAPE_REPRESENTATION ( '\X2\987676d6\X0\', ( #2065 ), #494 ) ;
#1544 = DATE_TIME_ROLE ( 'creation_date' ) ;
#1545 = CARTESIAN_POINT ( 'NONE',  ( 149.9999999999999432, 0.000000000000000000, -88.00000000000000000 ) ) ;
#1546 = FACE_OUTER_BOUND ( 'NONE', #1984, .T. ) ;
#1547 = CIRCLE ( 'NONE', #2154, 2.000000000000001776 ) ;
#1548 = ADVANCED_BREP_SHAPE_REPRESENTATION ( '', ( #1684, #2065 ), #2703 ) ;
#1549 = ORIENTED_EDGE ( 'NONE', *, *, #450, .F. ) ;
#1550 = LINE ( 'NONE', #253, #1849 ) ;
#1551 = CARTESIAN_POINT ( 'NONE',  ( 0.000000000000000000, 5.000000000000000000, 0.000000000000000000 ) ) ;
#1552 = DIRECTION ( 'NONE',  ( 1.214306433183764966E-16, -1.387778780781445676E-16, 1.000000000000000000 ) ) ;
#1553 = ORIENTED_EDGE ( 'NONE', *, *, #165, .T. ) ;
#1554 = DIRECTION ( 'NONE',  ( -0.000000000000000000, 1.000000000000000000, -0.000000000000000000 ) ) ;
#1555 = CC_DESIGN_PERSON_AND_ORGANIZATION_ASSIGNMENT ( #2037, #533, ( #699 ) ) ;
#1556 = AXIS2_PLACEMENT_3D ( 'NONE', #1511, #217, #1019 ) ;
#1557 = CARTESIAN_POINT ( 'NONE',  ( 2.999999999999947597, 4.000000000000001776, -85.39999999999999147 ) ) ;
#1558 = ORIENTED_EDGE ( 'NONE', *, *, #1141, .F. ) ;
#1559 = PERSON_AND_ORGANIZATION ( #2708, #331 ) ;
#1560 = DIRECTION ( 'NONE',  ( 1.000000000000000000, -0.000000000000000000, -1.192622389734055124E-16 ) ) ;
#1561 = ORIENTED_EDGE ( 'NONE', *, *, #1987, .T. ) ;
#1562 = EDGE_CURVE ( 'NONE', #3220, #138, #2384, .T. ) ;
#1563 = CARTESIAN_POINT ( 'NONE',  ( 0.000000000000000000, 5.000000000000000000, -29.00000000000000000 ) ) ;
#1564 = FACE_BOUND ( 'NONE', #269, .T. ) ;
#1565 = LINE ( 'NONE', #2601, #2902 ) ;
#1566 = VERTEX_POINT ( 'NONE', #501 ) ;
#1567 = DIRECTION ( 'NONE',  ( 0.000000000000000000, 0.000000000000000000, -1.000000000000000000 ) ) ;
#1568 = CARTESIAN_POINT ( 'NONE',  ( 107.9999999999999716, 50.00000000000000000, -90.00000000000000000 ) ) ;
#1569 = PLANE ( 'NONE',  #183 ) ;
#1570 = VERTEX_POINT ( 'NONE', #1528 ) ;
#1571 = ADVANCED_FACE ( 'NONE', ( #2428 ), #1431, .T. ) ;
#1572 = APPROVAL_STATUS ( 'not_yet_approved' ) ;
#1573 = AXIS2_PLACEMENT_3D ( 'NONE', #2950, #659, #753 ) ;
#1574 = CARTESIAN_POINT ( 'NONE',  ( 146.0000000000000000, 0.000000000000000000, 0.000000000000000000 ) ) ;
#1575 = CARTESIAN_POINT ( 'NONE',  ( 74.99999999999995737, 32.00000000000000000, -5.000000000000000000 ) ) ;
#1576 = CARTESIAN_POINT ( 'NONE',  ( 0.000000000000000000, 5.000000000000000000, 0.000000000000000000 ) ) ;
#1577 = ORIENTED_EDGE ( 'NONE', *, *, #2456, .T. ) ;
#1578 = VERTEX_POINT ( 'NONE', #394 ) ;
#1579 = DIRECTION ( 'NONE',  ( -0.000000000000000000, -0.000000000000000000, -1.000000000000000000 ) ) ;
#1580 = CARTESIAN_POINT ( 'NONE',  ( 5.000000000000000888, 3.000000000000002665, -84.99999999999998579 ) ) ;
#1581 = CIRCLE ( 'NONE', #1267, 4.000000000000003553 ) ;
#1582 = EDGE_CURVE ( 'NONE', #2142, #3177, #1954, .T. ) ;
#1583 = CARTESIAN_POINT ( 'NONE',  ( 5.000000000000001776, 25.00000000000000000, 0.002000000000002000178 ) ) ;
#1584 = ADVANCED_FACE ( 'NONE', ( #2392 ), #2611, .F. ) ;
#1585 = EDGE_LOOP ( 'NONE', ( #2575, #2822, #715, #2506, #212 ) ) ;
#1586 = DIRECTION ( 'NONE',  ( -3.304235192336774033E-16, -1.000000000000000000, 0.000000000000000000 ) ) ;
#1587 = APPROVAL_PERSON_ORGANIZATION ( #688, #1901, #1945 ) ;
#1588 = DIRECTION ( 'NONE',  ( 1.000000000000000000, 0.000000000000000000, 0.000000000000000000 ) ) ;
#1589 = LOCAL_TIME ( 17, 50, 13.00000000000000000, #2500 ) ;
#1590 = ORIENTED_EDGE ( 'NONE', *, *, #1863, .T. ) ;
#1591 = CARTESIAN_POINT ( 'NONE',  ( 0.000000000000000000, 73.00000000000000000, 0.000000000000000000 ) ) ;
#1592 = AXIS2_PLACEMENT_3D ( 'NONE', #1342, #535, #2150 ) ;
#1593 = VECTOR ( 'NONE', #1386, 1000.000000000000000 ) ;
#1594 = CALENDAR_DATE ( 2026, 9, 4 ) ;
#1595 = DIRECTION ( 'NONE',  ( -0.000000000000000000, -0.000000000000000000, 1.000000000000000000 ) ) ;
#1596 = CARTESIAN_POINT ( 'NONE',  ( 147.4999999999999716, 30.50000000000000355, -88.84116072345601367 ) ) ;
#1597 = AXIS2_PLACEMENT_3D ( 'NONE', #2505, #2576, #249 ) ;
#1598 = EDGE_CURVE ( 'NONE', #2920, #138, #1341, .T. ) ;
#1599 = LINE ( 'NONE', #1633, #2045 ) ;
#1600 = EDGE_LOOP ( 'NONE', ( #2613, #895, #901, #1845 ) ) ;
#1601 = ORIENTED_EDGE ( 'NONE', *, *, #2939, .F. ) ;
#1602 = VECTOR ( 'NONE', #1000, 1000.000000000000000 ) ;
#1603 = CARTESIAN_POINT ( 'NONE',  ( 5.000000000000000888, 3.000000000000002665, -84.99999999999998579 ) ) ;
#1604 = CARTESIAN_POINT ( 'NONE',  ( 150.0009999999999764, 13.00000000000000355, -77.00000000000001421 ) ) ;
#1605 = ORIENTED_EDGE ( 'NONE', *, *, #2927, .F. ) ;
#1606 = DIRECTION ( 'NONE',  ( 0.000000000000000000, 1.000000000000000000, 0.000000000000000000 ) ) ;
#1607 = EDGE_CURVE ( 'NONE', #1123, #1218, #2856, .T. ) ;
#1608 = EDGE_CURVE ( 'NONE', #720, #2732, #2398, .T. ) ;
#1609 = DIRECTION ( 'NONE',  ( 0.000000000000000000, 0.000000000000000000, -1.000000000000000000 ) ) ;
#1610 = EDGE_LOOP ( 'NONE', ( #3060, #2437, #3161 ) ) ;
#1611 = DIRECTION ( 'NONE',  ( 1.000000000000000000, -0.000000000000000000, -1.192622389734055124E-16 ) ) ;
#1612 = AXIS2_PLACEMENT_3D ( 'NONE', #2806, #2144, #3207 ) ;
#1613 = COORDINATED_UNIVERSAL_TIME_OFFSET ( 8, 0, .AHEAD. ) ;
#1614 = DIRECTION ( 'NONE',  ( 1.239088197126290817E-16, -0.000000000000000000, 1.000000000000000000 ) ) ;
#1615 = AXIS2_PLACEMENT_3D ( 'NONE', #1576, #2167, #1653 ) ;
#1616 = CARTESIAN_POINT ( 'NONE',  ( 147.9999999999999716, 73.00000000000000000, 0.000000000000000000 ) ) ;
#1617 = DIRECTION ( 'NONE',  ( 0.000000000000000000, -1.000000000000000000, 8.673617379884035472E-16 ) ) ;
#1618 = DIRECTION ( 'NONE',  ( -1.192622389734055124E-16, 0.000000000000000000, -1.000000000000000000 ) ) ;
#1619 = EDGE_LOOP ( 'NONE', ( #36, #2466, #884, #1430 ) ) ;
#1620 = PLANE ( 'NONE',  #588 ) ;
#1621 = CLOSED_SHELL ( 'NONE', ( #1969, #3145, #1494, #3212, #3007, #2263 ) ) ;
#1622 = LINE ( 'NONE', #1383, #920 ) ;
#1623 = ORIENTED_EDGE ( 'NONE', *, *, #2465, .F. ) ;
#1624 = CARTESIAN_POINT ( 'NONE',  ( 1.999999999999945821, 73.00000000000000000, -88.00000000000000000 ) ) ;
#1625 = LINE ( 'NONE', #2421, #1654 ) ;
#1626 = SPHERICAL_SURFACE ( 'NONE', #2415, 2.000000000000000000 ) ;
#1627 = ORIENTED_EDGE ( 'NONE', *, *, #2551, .F. ) ;
#1628 = LINE ( 'NONE', #60, #2637 ) ;
#1629 = DATE_TIME_ROLE ( 'creation_date' ) ;
#1630 = CARTESIAN_POINT ( 'NONE',  ( 144.9999999999999716, 32.00000000000000000, -5.000000000000000000 ) ) ;
#1631 = ORIENTED_EDGE ( 'NONE', *, *, #922, .F. ) ;
#1632 = APPLICATION_CONTEXT ( 'configuration controlled 3d designs of mechanical parts and assemblies' ) ;
#1633 = CARTESIAN_POINT ( 'NONE',  ( 0.000000000000000000, 5.000000000000000000, 0.000000000000000000 ) ) ;
#1634 = PRODUCT_DEFINITION_FORMATION_WITH_SPECIFIED_SOURCE ( 'ä»', '', #699, .NOT_KNOWN. ) ;
#1635 = CARTESIAN_POINT ( 'NONE',  ( 10.00000000000000355, 63.00000000000000000, -84.99999999999998579 ) ) ;
#1636 = VERTEX_POINT ( 'NONE', #1309 ) ;
#1637 = ORIENTED_EDGE ( 'NONE', *, *, #1155, .F. ) ;
#1638 = UNCERTAINTY_MEASURE_WITH_UNIT (LENGTH_MEASURE( 1.000000000000000082E-05 ), #776, 'distance_accuracy_value', 'NONE');
#1639 = PLANE ( 'NONE',  #3134 ) ;
#1640 = EDGE_LOOP ( 'NONE', ( #2960, #1709, #3257, #1577 ) ) ;
#1641 = DIRECTION ( 'NONE',  ( 0.000000000000000000, -0.000000000000000000, 1.000000000000000000 ) ) ;
#1642 = CARTESIAN_POINT ( 'NONE',  ( 147.9999999999999716, 69.99999999999998579, -88.00000000000000000 ) ) ;
#1643 = ADVANCED_FACE ( 'NONE', ( #1343 ), #1116, .F. ) ;
#1644 = DIRECTION ( 'NONE',  ( 0.000000000000000000, 0.000000000000000000, 1.000000000000000000 ) ) ;
#1645 = LOCAL_TIME ( 17, 50, 13.00000000000000000, #2643 ) ;
#1646 = ORIENTED_EDGE ( 'NONE', *, *, #2770, .F. ) ;
#1647 = ORIENTED_EDGE ( 'NONE', *, *, #2694, .F. ) ;
#1648 = AXIS2_PLACEMENT_3D ( 'NONE', #1125, #2161, #3164 ) ;
#1649 = APPROVAL ( #1502, 'UNKNOWN' ) ;
#1650 = MECHANICAL_CONTEXT ( 'NONE', #2390, 'mechanical' ) ;
#1651 = DIRECTION ( 'NONE',  ( 0.000000000000000000, -1.000000000000000000, 0.000000000000000000 ) ) ;
#1652 = EDGE_CURVE ( 'NONE', #1903, #2074, #3098, .T. ) ;
#1653 = DIRECTION ( 'NONE',  ( -3.227392513445222811E-16, 0.000000000000000000, -1.000000000000000000 ) ) ;
#1654 = VECTOR ( 'NONE', #3195, 1000.000000000000000 ) ;
#1655 = ORIENTED_EDGE ( 'NONE', *, *, #3043, .T. ) ;
#1656 = CARTESIAN_POINT ( 'NONE',  ( 147.9999999999999716, 75.00000000000000000, -2.000000000000000000 ) ) ;
#1657 = ORIENTED_EDGE ( 'NONE', *, *, #743, .F. ) ;
#1658 = CARTESIAN_POINT ( 'NONE',  ( 5.000000000000008882, 47.99999999999999289, -25.00000000000000711 ) ) ;
#1659 = PLANE ( 'NONE',  #177 ) ;
#1660 = ADVANCED_FACE ( 'NONE', ( #1893 ), #827, .F. ) ;
#1661 = CIRCLE ( 'NONE', #2514, 2.000000000000000000 ) ;
#1662 = ORIENTED_EDGE ( 'NONE', *, *, #855, .F. ) ;
#1663 = DATE_AND_TIME ( #2238, #3074 ) ;
#1664 = PLANE ( 'NONE',  #1851 ) ;
#1665 = VECTOR ( 'NONE', #1841, 1000.000000000000000 ) ;
#1666 = VECTOR ( 'NONE', #814, 1000.000000000000000 ) ;
#1667 = DIRECTION ( 'NONE',  ( -0.000000000000000000, 1.000000000000000000, -0.000000000000000000 ) ) ;
#1668 = ORIENTED_EDGE ( 'NONE', *, *, #2192, .T. ) ;
#1669 = DIRECTION ( 'NONE',  ( -0.000000000000000000, -0.000000000000000000, -1.000000000000000000 ) ) ;
#1670 = VERTEX_POINT ( 'NONE', #1907 ) ;
#1671 = DIRECTION ( 'NONE',  ( 1.734723475976807341E-16, 0.000000000000000000, 1.000000000000000000 ) ) ;
#1672 = DIRECTION ( 'NONE',  ( -0.000000000000000000, 1.000000000000000000, -0.000000000000000000 ) ) ;
#1673 = VERTEX_POINT ( 'NONE', #2380 ) ;
#1674 = ORIENTED_EDGE ( 'NONE', *, *, #2963, .F. ) ;
#1675 = APPROVAL_DATE_TIME ( #1184, #1901 ) ;
#1676 = CARTESIAN_POINT ( 'NONE',  ( 10.00000000000000355, 63.00000000000000000, -90.00000000000000000 ) ) ;
#1677 = CARTESIAN_POINT ( 'NONE',  ( 150.0009999999999764, 3.000000000000002665, -57.00000000000000711 ) ) ;
#1678 = ADVANCED_FACE ( 'NONE', ( #554 ), #1361, .T. ) ;
#1679 = PLANE ( 'NONE',  #1772 ) ;
#1680 = ORIENTED_EDGE ( 'NONE', *, *, #2355, .F. ) ;
#1681 = EDGE_CURVE ( 'NONE', #2206, #942, #65, .T. ) ;
#1682 = VERTEX_POINT ( 'NONE', #613 ) ;
#1683 = VECTOR ( 'NONE', #1796, 1000.000000000000000 ) ;
#1684 = MANIFOLD_SOLID_BREP ( '\X2\52079664\X0\-\X2\62c94f38\X0\12', #2378 ) ;
#1685 = FACE_OUTER_BOUND ( 'NONE', #1207, .T. ) ;
#1686 = CARTESIAN_POINT ( 'NONE',  ( 148.7499999999999716, 31.74999999999998579, -89.85404962177389621 ) ) ;
#1687 = LINE ( 'NONE', #135, #2666 ) ;
#1688 = EDGE_CURVE ( 'NONE', #735, #1447, #865, .T. ) ;
#1689 = EDGE_CURVE ( 'NONE', #1230, #1812, #1599, .T. ) ;
#1690 = FACE_BOUND ( 'NONE', #2539, .T. ) ;
#1691 = ORIENTED_EDGE ( 'NONE', *, *, #303, .T. ) ;
#1692 = CIRCLE ( 'NONE', #3019, 2.000000000000000000 ) ;
#1693 = DATE_AND_TIME ( #939, #843 ) ;
#1694 = DIRECTION ( 'NONE',  ( 0.000000000000000000, -1.000000000000000000, 0.000000000000000000 ) ) ;
#1695 = DIRECTION ( 'NONE',  ( -0.000000000000000000, 1.000000000000000000, 0.000000000000000000 ) ) ;
#1696 = VECTOR ( 'NONE', #367, 1000.000000000000000 ) ;
#1697 = SECURITY_CLASSIFICATION ( '', '', #1816 ) ;
#1698 = DIRECTION ( 'NONE',  ( -1.000000000000000000, -0.000000000000000000, -0.000000000000000000 ) ) ;
#1699 = FACE_OUTER_BOUND ( 'NONE', #871, .T. ) ;
#1700 = VERTEX_POINT ( 'NONE', #80 ) ;
#1701 = AXIS2_PLACEMENT_3D ( 'NONE', #2577, #1046, #3078 ) ;
#1702 = ORIENTED_EDGE ( 'NONE', *, *, #2192, .F. ) ;
#1703 = DIRECTION ( 'NONE',  ( 0.000000000000000000, 0.000000000000000000, 1.000000000000000000 ) ) ;
#1704 = AXIS2_PLACEMENT_3D ( 'NONE', #317, #1232, #1990 ) ;
#1705 = APPROVAL ( #2455, 'æœª' ) ;
#1706 = ADVANCED_FACE ( 'NONE', ( #1133 ), #1855, .F. ) ;
#1707 = VERTEX_POINT ( 'NONE', #267 ) ;
#1708 = DIRECTION ( 'NONE',  ( 0.000000000000000000, 0.000000000000000000, 1.000000000000000000 ) ) ;
#1709 = ORIENTED_EDGE ( 'NONE', *, *, #191, .T. ) ;
#1710 = CARTESIAN_POINT ( 'NONE',  ( 123.8284271247461419, 41.17157287525381548, -90.00000000000000000 ) ) ;
#1711 = EDGE_LOOP ( 'NONE', ( #981, #3117, #868, #1647 ) ) ;
#1712 = VECTOR ( 'NONE', #1817, 1000.000000000000000 ) ;
#1713 = DATE_TIME_ROLE ( 'creation_date' ) ;
#1714 = LINE ( 'NONE', #2687, #3012 ) ;
#1715 = ORIENTED_EDGE ( 'NONE', *, *, #185, .F. ) ;
#1716 = LINE ( 'NONE', #2741, #741 ) ;
#1717 = CARTESIAN_POINT ( 'NONE',  ( 147.9999999999999716, 73.00000000000000000, -2.000000000000000000 ) ) ;
#1718 = EDGE_LOOP ( 'NONE', ( #202, #2007, #2290, #1631 ) ) ;
#1719 = CIRCLE ( 'NONE', #250, 2.000000000000001776 ) ;
#1720 = DIRECTION ( 'NONE',  ( 0.000000000000000000, 1.000000000000000000, 0.000000000000000000 ) ) ;
#1721 = VERTEX_POINT ( 'NONE', #2346 ) ;
#1722 = CYLINDRICAL_SURFACE ( 'NONE', #435, 2.000000000000000000 ) ;
#1723 = VERTEX_POINT ( 'NONE', #17 ) ;
#1724 = FACE_OUTER_BOUND ( 'NONE', #2727, .T. ) ;
#1725 = VERTEX_POINT ( 'NONE', #1064 ) ;
#1726 = EDGE_CURVE ( 'NONE', #3198, #2974, #2091, .T. ) ;
#1727 = CIRCLE ( 'NONE', #710, 2.000000000000001776 ) ;
#1728 = APPROVAL_ROLE ( '' ) ;
#1729 = DIRECTION ( 'NONE',  ( 0.000000000000000000, -1.000000000000000000, 0.000000000000000000 ) ) ;
#1730 = VERTEX_POINT ( 'NONE', #3115 ) ;
#1731 = FACE_OUTER_BOUND ( 'NONE', #2563, .T. ) ;
#1732 = EDGE_CURVE ( 'NONE', #589, #2937, #2253, .T. ) ;
#1733 = CYLINDRICAL_SURFACE ( 'NONE', #2266, 2.000000000000000000 ) ;
#1734 = CARTESIAN_POINT ( 'NONE',  ( -5.551115123125782702E-14, 2.000000000000001776, -90.00000000000000000 ) ) ;
#1735 = ORIENTED_EDGE ( 'NONE', *, *, #780, .T. ) ;
#1736 = UNCERTAINTY_MEASURE_WITH_UNIT (LENGTH_MEASURE( 1.000000000000000082E-05 ), #413, 'distance_accuracy_value', 'NONE');
#1737 = FACE_OUTER_BOUND ( 'NONE', #1436, .T. ) ;
#1738 = CARTESIAN_POINT ( 'NONE',  ( 150.0009999999999764, 3.000000000000002665, -77.00000000000001421 ) ) ;
#1739 = ORIENTED_EDGE ( 'NONE', *, *, #608, .T. ) ;
#1740 = AXIS2_PLACEMENT_3D ( 'NONE', #385, #958, #1454 ) ;
#1741 = ORIENTED_EDGE ( 'NONE', *, *, #88, .T. ) ;
#1742 = CARTESIAN_POINT ( 'NONE',  ( 13.00000000000001066, 31.00000000000000000, -17.99999999999998579 ) ) ;
#1743 = DATE_TIME_ROLE ( 'classification_date' ) ;
#1744 = DIRECTION ( 'NONE',  ( 1.000000000000000000, -3.304235192336774033E-16, 0.000000000000000000 ) ) ;
#1745 = LINE ( 'NONE', #1041, #691 ) ;
#1746 = ORIENTED_EDGE ( 'NONE', *, *, #562, .F. ) ;
#1747 = PERSON_AND_ORGANIZATION ( #2708, #331 ) ;
#1748 = DIRECTION ( 'NONE',  ( -0.000000000000000000, -1.000000000000000000, -0.000000000000000000 ) ) ;
#1749 = CARTESIAN_POINT ( 'NONE',  ( 122.9999999999999716, 50.00000000000000000, -88.00000000000000000 ) ) ;
#1750 = LOCAL_TIME ( 17, 50, 13.00000000000000000, #2961 ) ;
#1751 = ADVANCED_FACE ( 'NONE', ( #1105 ), #1825, .T. ) ;
#1752 = SECURITY_CLASSIFICATION ( '', '', #2784 ) ;
#1753 = VERTEX_POINT ( 'NONE', #2617 ) ;
#1754 = EDGE_CURVE ( 'NONE', #1566, #586, #313, .T. ) ;
#1755 = VECTOR ( 'NONE', #1560, 1000.000000000000000 ) ;
#1756 = CARTESIAN_POINT ( 'NONE',  ( 31.00000000000001421, 45.00000000000000000, -84.99999999999998579 ) ) ;
#1757 =( NAMED_UNIT ( * ) SI_UNIT ( $, .STERADIAN. ) SOLID_ANGLE_UNIT ( ) );
#1758 = FACE_OUTER_BOUND ( 'NONE', #2543, .T. ) ;
#1759 = ORIENTED_EDGE ( 'NONE', *, *, #2776, .T. ) ;
#1760 = EDGE_CURVE ( 'NONE', #1390, #670, #2321, .T. ) ;
#1761 = DIRECTION ( 'NONE',  ( -1.000000000000000000, -0.000000000000000000, 6.167905692361981547E-16 ) ) ;
#1762 = ORIENTED_EDGE ( 'NONE', *, *, #81, .T. ) ;
#1763 = VECTOR ( 'NONE', #1982, 1000.000000000000000 ) ;
#1764 = CARTESIAN_POINT ( 'NONE',  ( 148.5010001857725968, 1.110591223027786345, -89.73590321455250773 ) ) ;
#1765 = LINE ( 'NONE', #2804, #2938 ) ;
#1766 = ORIENTED_EDGE ( 'NONE', *, *, #626, .F. ) ;
#1767 = DIRECTION ( 'NONE',  ( 0.000000000000000000, 0.000000000000000000, 1.000000000000000000 ) ) ;
#1768 = PERSON_AND_ORGANIZATION ( #2708, #331 ) ;
#1769 = CARTESIAN_POINT ( 'NONE',  ( 2.999999999999947597, 4.000000000000001776, -85.39999999999999147 ) ) ;
#1770 = LINE ( 'NONE', #1510, #2838 ) ;
#1771 = DIRECTION ( 'NONE',  ( 0.000000000000000000, 0.000000000000000000, 1.000000000000000000 ) ) ;
#1772 = AXIS2_PLACEMENT_3D ( 'NONE', #1981, #1162, #945 ) ;
#1773 = ADVANCED_FACE ( 'NONE', ( #1279, #2096 ), #1330, .T. ) ;
#1774 = ORIENTED_EDGE ( 'NONE', *, *, #2126, .T. ) ;
#1775 = CARTESIAN_POINT ( 'NONE',  ( 147.9999999999999716, 75.00000000000000000, -2.000000000000000000 ) ) ;
#1776 = AXIS2_PLACEMENT_3D ( 'NONE', #1603, #2616, #1348 ) ;
#1777 = ORIENTED_EDGE ( 'NONE', *, *, #2745, .F. ) ;
#1778 = DIRECTION ( 'NONE',  ( -5.925938290422262816E-32, 1.000000000000000000, -1.334402673828312846E-16 ) ) ;
#1779 = ORIENTED_EDGE ( 'NONE', *, *, #2252, .T. ) ;
#1780 = DIRECTION ( 'NONE',  ( -1.000000000000000000, -0.000000000000000000, -0.000000000000000000 ) ) ;
#1781 = DIRECTION ( 'NONE',  ( 1.192622389734055124E-16, 0.000000000000000000, 1.000000000000000000 ) ) ;
#1782 = ORIENTED_EDGE ( 'NONE', *, *, #2323, .T. ) ;
#1783 = CARTESIAN_POINT ( 'NONE',  ( 144.9999999999999716, 69.99999999999998579, -84.99999999999998579 ) ) ;
#1784 = APPROVAL_ROLE ( '' ) ;
#1785 = CARTESIAN_POINT ( 'NONE',  ( 0.000000000000000000, 75.00000000000000000, -88.00000000000000000 ) ) ;
#1786 = EDGE_CURVE ( 'NONE', #2328, #2262, #524, .T. ) ;
#1787 = CARTESIAN_POINT ( 'NONE',  ( 0.000000000000000000, 73.00000000000000000, 0.000000000000000000 ) ) ;
#1788 = CARTESIAN_POINT ( 'NONE',  ( 74.99999999999995737, 3.000000000000002665, -77.00000000000001421 ) ) ;
#1789 = VERTEX_POINT ( 'NONE', #1788 ) ;
#1790 =( LENGTH_UNIT ( ) NAMED_UNIT ( * ) SI_UNIT ( .MILLI., .METRE. ) );
#1791 = CARTESIAN_POINT ( 'NONE',  ( 147.9999999999999716, 73.00000000000000000, -2.000000000000000000 ) ) ;
#1792 = ADVANCED_FACE ( 'NONE', ( #1089 ), #502, .T. ) ;
#1793 = AXIS2_PLACEMENT_3D ( 'NONE', #171, #1228, #1463 ) ;
#1794 = COORDINATED_UNIVERSAL_TIME_OFFSET ( 8, 0, .AHEAD. ) ;
#1795 = LINE ( 'NONE', #3303, #3208 ) ;
#1796 = DIRECTION ( 'NONE',  ( -1.000000000000000000, 0.000000000000000000, 0.000000000000000000 ) ) ;
#1797 = PLANE ( 'NONE',  #1976 ) ;
#1798 = ORIENTED_EDGE ( 'NONE', *, *, #2707, .T. ) ;
#1799 = CARTESIAN_POINT ( 'NONE',  ( 13.00000000000001066, 31.00000000000000000, -77.99999999999998579 ) ) ;
#1800 = CIRCLE ( 'NONE', #778, 2.000000000000000000 ) ;
#1801 = CARTESIAN_POINT ( 'NONE',  ( -13.22632303265956821, -41.67557869203101717, 931.5062419887651686 ) ) ;
#1802 = ORIENTED_EDGE ( 'NONE', *, *, #2032, .F. ) ;
#1803 = LINE ( 'NONE', #2281, #687 ) ;
#1804 = DIRECTION ( 'NONE',  ( 6.167905692361981547E-16, 0.000000000000000000, 1.000000000000000000 ) ) ;
#1805 = VERTEX_POINT ( 'NONE', #2635 ) ;
#1806 = CC_DESIGN_PERSON_AND_ORGANIZATION_ASSIGNMENT ( #2890, #283, ( #2021 ) ) ;
#1807 = CARTESIAN_POINT ( 'NONE',  ( 70.49999999999997158, 32.50000000000000000, -90.00000000000000000 ) ) ;
#1808 = CARTESIAN_POINT ( 'NONE',  ( 2.999999999999947597, 56.00000000000000711, -85.39999999999999147 ) ) ;
#1809 = APPROVAL_PERSON_ORGANIZATION ( #643, #1705, #1728 ) ;
#1810 = CARTESIAN_POINT ( 'NONE',  ( -2.775557561562891351E-14, 0.000000000000000000, -86.00000000000000000 ) ) ;
#1811 = EDGE_CURVE ( 'NONE', #690, #889, #3086, .T. ) ;
#1812 = VERTEX_POINT ( 'NONE', #235 ) ;
#1813 = DIRECTION ( 'NONE',  ( 1.000000000000000000, 0.000000000000000000, -6.167905692361981547E-16 ) ) ;
#1814 = VERTEX_POINT ( 'NONE', #1862 ) ;
#1815 = CIRCLE ( 'NONE', #682, 2.000000000000001776 ) ;
#1816 = SECURITY_CLASSIFICATION_LEVEL ( 'unclassified' ) ;
#1817 = DIRECTION ( 'NONE',  ( -1.000000000000000000, -0.000000000000000000, -0.000000000000000000 ) ) ;
#1818 = ORIENTED_EDGE ( 'NONE', *, *, #3172, .F. ) ;
#1819 = CARTESIAN_POINT ( 'NONE',  ( 74.99999999999995737, 53.00000000000000711, -84.99999999999998579 ) ) ;
#1820 = CARTESIAN_POINT ( 'NONE',  ( 13.00000000000001066, 31.00000000000000000, -73.99999999999998579 ) ) ;
#1821 = VECTOR ( 'NONE', #2295, 1000.000000000000000 ) ;
#1822 = EDGE_LOOP ( 'NONE', ( #2764, #3121, #160, #29 ) ) ;
#1823 = CARTESIAN_POINT ( 'NONE',  ( 74.99999999999995737, 13.00000000000000355, -77.00000000000000000 ) ) ;
#1824 = DIRECTION ( 'NONE',  ( -0.000000000000000000, 1.000000000000000000, -0.000000000000000000 ) ) ;
#1825 = CYLINDRICAL_SURFACE ( 'NONE', #474, 2.000000000000001776 ) ;
#1826 = ORIENTED_EDGE ( 'NONE', *, *, #2252, .F. ) ;
#1827 = LINE ( 'NONE', #748, #2461 ) ;
#1828 = VECTOR ( 'NONE', #1110, 1000.000000000000000 ) ;
#1829 = DIRECTION ( 'NONE',  ( 1.000000000000000000, 0.000000000000000000, -0.000000000000000000 ) ) ;
#1830 = ORIENTED_EDGE ( 'NONE', *, *, #1301, .T. ) ;
#1831 = LINE ( 'NONE', #2851, #306 ) ;
#1832 = DIRECTION ( 'NONE',  ( -1.000000000000000000, 0.000000000000000000, 0.000000000000000000 ) ) ;
#1833 = PERSON ( 'NAUO-PER1', 'UNSPECIFIED', 'UNSPECIFIED', ('UNSPECIFIED'), ('UNSPECIFIED'), ('UNSPECIFIED') ) ;
#1834 = APPLICATION_PROTOCOL_DEFINITION ( 'international standard', 'config_control_design', 1994, #1351 ) ;
#1835 = CARTESIAN_POINT ( 'NONE',  ( -0.001000000000056511240, 47.99999999999999289, -25.00000000000000711 ) ) ;
#1836 = DIRECTION ( 'NONE',  ( -3.083952846180990774E-16, 0.000000000000000000, -1.000000000000000000 ) ) ;
#1837 = EDGE_CURVE ( 'NONE', #1210, #656, #1518, .T. ) ;
#1838 = CARTESIAN_POINT ( 'NONE',  ( 147.4999999999999716, 30.50000000000000355, -84.99999999999998579 ) ) ;
#1839 = ORIENTED_EDGE ( 'NONE', *, *, #2774, .F. ) ;
#1840 = VERTEX_POINT ( 'NONE', #3319 ) ;
#1841 = DIRECTION ( 'NONE',  ( -5.925938290422262816E-32, 1.000000000000000000, -1.334402673828312846E-16 ) ) ;
#1842 = FACE_BOUND ( 'NONE', #2220, .T. ) ;
#1843 = VERTEX_POINT ( 'NONE', #585 ) ;
#1844 = CARTESIAN_POINT ( 'NONE',  ( 69.99999999999997158, 53.00000000000000711, -5.000000000000000000 ) ) ;
#1845 = ORIENTED_EDGE ( 'NONE', *, *, #723, .F. ) ;
#1846 = ADVANCED_FACE ( 'NONE', ( #818 ), #1530, .F. ) ;
#1847 = EDGE_LOOP ( 'NONE', ( #1486, #11, #2079, #2754 ) ) ;
#1848 = LINE ( 'NONE', #2866, #2993 ) ;
#1849 = VECTOR ( 'NONE', #2580, 1000.000000000000000 ) ;
#1850 = PERSON_AND_ORGANIZATION ( #2708, #331 ) ;
#1851 = AXIS2_PLACEMENT_3D ( 'NONE', #3225, #1931, #940 ) ;
#1852 = DIRECTION ( 'NONE',  ( 1.000000000000000000, 0.000000000000000000, 0.000000000000000000 ) ) ;
#1853 = PLANE ( 'NONE',  #2883 ) ;
#1854 = CC_DESIGN_PERSON_AND_ORGANIZATION_ASSIGNMENT ( #193, #2515, ( #1697 ) ) ;
#1855 = PLANE ( 'NONE',  #1615 ) ;
#1856 = ADVANCED_FACE ( 'NONE', ( #275 ), #2078, .T. ) ;
#1857 = ORIENTED_EDGE ( 'NONE', *, *, #391, .F. ) ;
#1858 = EDGE_LOOP ( 'NONE', ( #1214, #2138, #2236 ) ) ;
#1859 = CARTESIAN_POINT ( 'NONE',  ( -2.775557561562891351E-14, 5.000000000000000000, -86.00000000000000000 ) ) ;
#1860 = DIRECTION ( 'NONE',  ( -1.000000000000000000, 0.000000000000000000, 0.000000000000000000 ) ) ;
#1861 = VECTOR ( 'NONE', #15, 1000.000000000000000 ) ;
#1862 = CARTESIAN_POINT ( 'NONE',  ( 144.9999999999999716, 28.00000000000000355, -84.99999999999998579 ) ) ;
#1863 = EDGE_CURVE ( 'NONE', #1480, #1805, #1565, .T. ) ;
#1864 = ORIENTED_EDGE ( 'NONE', *, *, #47, .F. ) ;
#1865 = APPROVAL_PERSON_ORGANIZATION ( #1768, #618, #2393 ) ;
#1866 = LINE ( 'NONE', #1642, #222 ) ;
#1867 = DIRECTION ( 'NONE',  ( -0.000000000000000000, -0.000000000000000000, -1.000000000000000000 ) ) ;
#1868 = CARTESIAN_POINT ( 'NONE',  ( 147.9999999999999432, 75.00000000000000000, -88.00000000000000000 ) ) ;
#1869 = VERTEX_POINT ( 'NONE', #2352 ) ;
#1870 = CARTESIAN_POINT ( 'NONE',  ( 122.9999999999999716, 42.00000000000000000, -88.00000000000000000 ) ) ;
#1871 = CIRCLE ( 'NONE', #1592, 1.999999999999999556 ) ;
#1872 = CIRCLE ( 'NONE', #2830, 2.000000000000000000 ) ;
#1873 = COORDINATED_UNIVERSAL_TIME_OFFSET ( 8, 0, .AHEAD. ) ;
#1874 = LINE ( 'NONE', #2344, #577 ) ;
#1875 = CARTESIAN_POINT ( 'NONE',  ( 147.9999999999999716, 0.000000000000000000, -2.000000000000000000 ) ) ;
#1876 = ADVANCED_FACE ( 'NONE', ( #1069, #1842, #2861 ), #561, .F. ) ;
#1877 = CARTESIAN_POINT ( 'NONE',  ( 0.000000000000000000, 75.00000000000000000, 0.000000000000000000 ) ) ;
#1878 = ORIENTED_EDGE ( 'NONE', *, *, #105, .F. ) ;
#1879 = FACE_OUTER_BOUND ( 'NONE', #3181, .T. ) ;
#1880 = AXIS2_PLACEMENT_3D ( 'NONE', #72, #1150, #3162 ) ;
#1881 = DESIGN_CONTEXT ( 'detailed design', #2224, 'design' ) ;
#1882 = CARTESIAN_POINT ( 'NONE',  ( 0.000000000000000000, 5.000000000000000000, -29.00000000000000000 ) ) ;
#1883 = VERTEX_POINT ( 'NONE', #3174 ) ;
#1884 = CARTESIAN_POINT ( 'NONE',  ( 5.000000000000008882, 47.99999999999999289, -25.00000000000000711 ) ) ;
#1885 = EDGE_CURVE ( 'NONE', #2158, #690, #1622, .T. ) ;
#1886 = CARTESIAN_POINT ( 'NONE',  ( 144.9999999999999716, 3.000000000000002665, -84.99999999999998579 ) ) ;
#1887 = DIRECTION ( 'NONE',  ( 0.000000000000000000, 0.000000000000000000, -1.000000000000000000 ) ) ;
#1888 = AXIS2_PLACEMENT_3D ( 'NONE', #2358, #1077, #712 ) ;
#1889 = CALENDAR_DATE ( 2026, 9, 4 ) ;
#1890 = CARTESIAN_POINT ( 'NONE',  ( 105.9999999999999716, 75.00000000000000000, -88.00000000000000000 ) ) ;
#1891 = AXIS2_PLACEMENT_3D ( 'NONE', #326, #34, #2629 ) ;
#1892 = PLANE ( 'NONE',  #1701 ) ;
#1893 = FACE_OUTER_BOUND ( 'NONE', #2400, .T. ) ;
#1894 = DIRECTION ( 'NONE',  ( -1.000000000000000000, 0.000000000000000000, 1.192622389734055124E-16 ) ) ;
#1895 = ORIENTED_EDGE ( 'NONE', *, *, #2219, .F. ) ;
#1896 = EDGE_CURVE ( 'NONE', #1276, #1721, #870, .T. ) ;
#1897 = FACE_OUTER_BOUND ( 'NONE', #3146, .T. ) ;
#1898 = ORIENTED_EDGE ( 'NONE', *, *, #2527, .F. ) ;
#1899 = LINE ( 'NONE', #2849, #1127 ) ;
#1900 = CARTESIAN_POINT ( 'NONE',  ( 1.999999999999998668, 2.000000000000001776, -2.000000000000000000 ) ) ;
#1901 = APPROVAL ( #108, 'æœª' ) ;
#1902 = EDGE_CURVE ( 'NONE', #805, #336, #602, .T. ) ;
#1903 = VERTEX_POINT ( 'NONE', #2940 ) ;
#1904 = PERSON_AND_ORGANIZATION_ROLE ( 'design_owner' ) ;
#1905 = CARTESIAN_POINT ( 'NONE',  ( -5.267391461277131726E-14, 4.000000000000001776, -85.39999999999999147 ) ) ;
#1906 = CARTESIAN_POINT ( 'NONE',  ( -85.72632303265953624, -43.17557869203101717, 1090.000000000007276 ) ) ;
#1907 = CARTESIAN_POINT ( 'NONE',  ( 122.9999999999999716, 50.00000000000000000, -88.00000000000000000 ) ) ;
#1908 = EDGE_CURVE ( 'NONE', #1789, #139, #1120, .T. ) ;
#1909 = LINE ( 'NONE', #82, #3137 ) ;
#1910 = ORIENTED_EDGE ( 'NONE', *, *, #910, .F. ) ;
#1911 = PRODUCT_DEFINITION_SHAPE ( 'NONE', 'NONE',  #3327 ) ;
#1912 = CARTESIAN_POINT ( 'NONE',  ( 2.999999999999968914, 40.00000000000000000, -25.00000000000001066 ) ) ;
#1913 = APPROVAL ( #2672, 'æœª' ) ;
#1914 = VERTEX_POINT ( 'NONE', #1912 ) ;
#1915 = DIRECTION ( 'NONE',  ( -1.734723475976807341E-16, -0.000000000000000000, -1.000000000000000000 ) ) ;
#1916 = CARTESIAN_POINT ( 'NONE',  ( 69.99999999999995737, 53.00000000000000711, -84.99999999999998579 ) ) ;
#1917 = CC_DESIGN_APPROVAL ( #1250, ( #2876 ) ) ;
#1918 = APPLICATION_PROTOCOL_DEFINITION ( 'international standard', 'config_control_design', 1994, #1632 ) ;
#1919 = CARTESIAN_POINT ( 'NONE',  ( -0.001000000000055643878, 4.000000000000002665, -17.99999999999998934 ) ) ;
#1920 = CARTESIAN_POINT ( 'NONE',  ( 74.99999999999995737, 32.00000000000000000, 0.002000000000002000178 ) ) ;
#1921 = ORIENTED_EDGE ( 'NONE', *, *, #2842, .T. ) ;
#1922 = AXIS2_PLACEMENT_3D ( 'NONE', #1868, #2886, #1609 ) ;
#1923 = DIRECTION ( 'NONE',  ( 0.000000000000000000, 0.000000000000000000, -1.000000000000000000 ) ) ;
#1924 = DIRECTION ( 'NONE',  ( 1.000000000000000000, 0.000000000000000000, 0.000000000000000000 ) ) ;
#1925 = VERTEX_POINT ( 'NONE', #617 ) ;
#1926 = LINE ( 'NONE', #2680, #3300 ) ;
#1927 = CARTESIAN_POINT ( 'NONE',  ( 145.9999999999999716, 0.000000000000000000, -86.00000000000000000 ) ) ;
#1928 = ORIENTED_EDGE ( 'NONE', *, *, #833, .T. ) ;
#1929 = ADVANCED_FACE ( 'NONE', ( #2401 ), #3160, .F. ) ;
#1930 = CALENDAR_DATE ( 2026, 9, 4 ) ;
#1931 = DIRECTION ( 'NONE',  ( -1.000000000000000000, 0.000000000000000000, 3.227392513445222811E-16 ) ) ;
#1932 = AXIS2_PLACEMENT_3D ( 'NONE', #490, #2553, #242 ) ;
#1933 = AXIS2_PLACEMENT_3D ( 'NONE', #1877, #1377, #3157 ) ;
#1934 = ADVANCED_FACE ( 'NONE', ( #1897 ), #1639, .F. ) ;
#1935 = FACE_OUTER_BOUND ( 'NONE', #616, .T. ) ;
#1936 = CARTESIAN_POINT ( 'NONE',  ( 0.000000000000000000, 3.000000000000002665, 0.000000000000000000 ) ) ;
#1937 = EDGE_CURVE ( 'NONE', #1326, #2112, #349, .T. ) ;
#1938 = ORIENTED_EDGE ( 'NONE', *, *, #342, .T. ) ;
#1939 = CARTESIAN_POINT ( 'NONE',  ( 71.74999999999997158, 0.7500000000000023315, -89.56124949959959736 ) ) ;
#1940 = CARTESIAN_POINT ( 'NONE',  ( 5.000000000000000888, 31.00000000000000000, 0.002000000000002000178 ) ) ;
#1941 = DIRECTION ( 'NONE',  ( -1.000000000000000000, -0.000000000000000000, 1.734723475976807341E-16 ) ) ;
#1942 = ORIENTED_EDGE ( 'NONE', *, *, #3244, .F. ) ;
#1943 = CARTESIAN_POINT ( 'NONE',  ( 69.99999999999995737, 53.00000000000000711, -84.99999999999998579 ) ) ;
#1944 = EDGE_LOOP ( 'NONE', ( #711, #1646, #1766, #2654 ) ) ;
#1945 = APPROVAL_ROLE ( '' ) ;
#1946 = EDGE_CURVE ( 'NONE', #897, #693, #917, .T. ) ;
#1947 = FACE_OUTER_BOUND ( 'NONE', #3056, .T. ) ;
#1948 = PERSON ( 'NAUO-PER3', 'UNSPECIFIED', 'UNSPECIFIED', ('UNSPECIFIED'), ('UNSPECIFIED'), ('UNSPECIFIED') ) ;
#1949 = PLANE ( 'NONE',  #631 ) ;
#1950 = CARTESIAN_POINT ( 'NONE',  ( 147.9999999999999716, 2.000000000000000000, -2.000000000000000000 ) ) ;
#1951 = ADVANCED_FACE ( 'NONE', ( #1416 ), #896, .T. ) ;
#1952 = VECTOR ( 'NONE', #1579, 1000.000000000000000 ) ;
#1953 = VERTEX_POINT ( 'NONE', #1656 ) ;
#1954 = LINE ( 'NONE', #3130, #2525 ) ;
#1955 = VECTOR ( 'NONE', #806, 1000.000000000000000 ) ;
#1956 = CARTESIAN_POINT ( 'NONE',  ( -0.001000000000062582772, 40.00000000000000000, -75.00000000000001421 ) ) ;
#1957 = DIRECTION ( 'NONE',  ( 6.167905692361982533E-16, -0.000000000000000000, 1.000000000000000000 ) ) ;
#1958 = EDGE_CURVE ( 'NONE', #2173, #1380, #2678, .T. ) ;
#1959 = ORIENTED_EDGE ( 'NONE', *, *, #1885, .T. ) ;
#1960 = CARTESIAN_POINT ( 'NONE',  ( 0.000000000000000000, 0.000000000000000000, 0.000000000000000000 ) ) ;
#1961 = ORIENTED_EDGE ( 'NONE', *, *, #922, .T. ) ;
#1962 = APPROVAL_ROLE ( '' ) ;
#1963 = DIRECTION ( 'NONE',  ( -0.000000000000000000, -0.000000000000000000, -1.000000000000000000 ) ) ;
#1964 = ORIENTED_EDGE ( 'NONE', *, *, #191, .F. ) ;
#1965 = VECTOR ( 'NONE', #1941, 1000.000000000000000 ) ;
#1966 = LOCAL_TIME ( 17, 50, 13.00000000000000000, #1045 ) ;
#1967 = VERTEX_POINT ( 'NONE', #363 ) ;
#1968 = CIRCLE ( 'NONE', #2408, 2.000000000000000000 ) ;
#1969 = ADVANCED_FACE ( 'NONE', ( #114 ), #854, .F. ) ;
#1970 = DIRECTION ( 'NONE',  ( 1.000000000000000000, 0.000000000000000000, -0.000000000000000000 ) ) ;
#1971 = LINE ( 'NONE', #2996, #596 ) ;
#1972 = VECTOR ( 'NONE', #1761, 1000.000000000000000 ) ;
#1973 = ORIENTED_EDGE ( 'NONE', *, *, #536, .F. ) ;
#1974 = ORIENTED_EDGE ( 'NONE', *, *, #648, .T. ) ;
#1975 = EDGE_CURVE ( 'NONE', #589, #805, #2693, .T. ) ;
#1976 = AXIS2_PLACEMENT_3D ( 'NONE', #1027, #2050, #3055 ) ;
#1977 = PERSON_AND_ORGANIZATION_ROLE ( 'creator' ) ;
#1978 = CARTESIAN_POINT ( 'NONE',  ( 147.4999999999999716, 30.50000000000000355, -88.00000000000000000 ) ) ;
#1979 = ORIENTED_EDGE ( 'NONE', *, *, #544, .T. ) ;
#1980 = DIRECTION ( 'NONE',  ( 1.000000000000000000, 0.000000000000000000, 0.000000000000000000 ) ) ;
#1981 = CARTESIAN_POINT ( 'NONE',  ( 107.9999999999999716, 50.00000000000000000, -90.00000000000000000 ) ) ;
#1982 = DIRECTION ( 'NONE',  ( 6.167905692361981547E-16, 0.000000000000000000, 1.000000000000000000 ) ) ;
#1983 = VECTOR ( 'NONE', #3102, 1000.000000000000000 ) ;
#1984 = EDGE_LOOP ( 'NONE', ( #237, #1142, #580, #422 ) ) ;
#1985 = ADVANCED_FACE ( 'NONE', ( #2610 ), #2892, .T. ) ;
#1986 = CARTESIAN_POINT ( 'NONE',  ( 144.9999999999999716, 32.00000000000000000, -84.99999999999998579 ) ) ;
#1987 = EDGE_CURVE ( 'NONE', #2173, #1004, #266, .T. ) ;
#1988 = DIRECTION ( 'NONE',  ( 0.000000000000000000, 0.000000000000000000, 1.000000000000000000 ) ) ;
#1989 = ORIENTED_EDGE ( 'NONE', *, *, #667, .F. ) ;
#1990 = DIRECTION ( 'NONE',  ( -1.000000000000000000, 0.000000000000000000, 0.000000000000000000 ) ) ;
#1991 = DIRECTION ( 'NONE',  ( -0.000000000000000000, -0.000000000000000000, -1.000000000000000000 ) ) ;
#1992 = EDGE_CURVE ( 'NONE', #897, #2877, #826, .T. ) ;
#1993 = ADVANCED_FACE ( 'NONE', ( #33, #848, #2593 ), #1853, .F. ) ;
#1994 = COORDINATED_UNIVERSAL_TIME_OFFSET ( 8, 0, .AHEAD. ) ;
#1995 = DIRECTION ( 'NONE',  ( -1.000000000000000000, 0.000000000000000000, 1.734723475976807341E-16 ) ) ;
#1996 = CARTESIAN_POINT ( 'NONE',  ( 13.00000000000001066, 31.00000000000000000, -13.99999999999998401 ) ) ;
#1997 = ORIENTED_EDGE ( 'NONE', *, *, #787, .T. ) ;
#1998 = EDGE_CURVE ( 'NONE', #1953, #1725, #3135, .T. ) ;
#1999 = CALENDAR_DATE ( 2026, 9, 4 ) ;
#2000 = DIRECTION ( 'NONE',  ( 1.000000000000000000, 0.000000000000000000, 0.000000000000000000 ) ) ;
#2001 = CARTESIAN_POINT ( 'NONE',  ( 2.999999999999984457, 40.00000000000000000, -25.00000000000001421 ) ) ;
#2002 = ORIENTED_EDGE ( 'NONE', *, *, #3033, .T. ) ;
#2003 = DIRECTION ( 'NONE',  ( 0.000000000000000000, 0.000000000000000000, -1.000000000000000000 ) ) ;
#2004 = DIRECTION ( 'NONE',  ( 0.000000000000000000, -0.000000000000000000, 1.000000000000000000 ) ) ;
#2005 = CARTESIAN_POINT ( 'NONE',  ( 107.9999999999999716, 50.00000000000000000, -88.00000000000000000 ) ) ;
#2006 = CARTESIAN_POINT ( 'NONE',  ( 0.000000000000000000, 5.000000000000000000, 0.000000000000000000 ) ) ;
#2007 = ORIENTED_EDGE ( 'NONE', *, *, #1141, .T. ) ;
#2008 = VECTOR ( 'NONE', #2260, 1000.000000000000000 ) ;
#2009 = VERTEX_POINT ( 'NONE', #812 ) ;
#2010 = CARTESIAN_POINT ( 'NONE',  ( 5.000000000000008882, 40.00000000000000000, -25.00000000000001066 ) ) ;
#2011 = ORIENTED_EDGE ( 'NONE', *, *, #441, .T. ) ;
#2012 = CONTEXT_DEPENDENT_SHAPE_REPRESENTATION ( #2265, #163 ) ;
#2013 = CARTESIAN_POINT ( 'NONE',  ( 144.9999999999999716, 28.00000000000000355, 0.002000000000002000178 ) ) ;
#2014 = DIRECTION ( 'NONE',  ( 1.000000000000000000, 0.000000000000000000, -3.083952846180987815E-16 ) ) ;
#2015 = ORIENTED_EDGE ( 'NONE', *, *, #2148, .T. ) ;
#2016 = CARTESIAN_POINT ( 'NONE',  ( 74.99999999999997158, 53.00000000000000711, -5.000000000000000000 ) ) ;
#2017 = AXIS2_PLACEMENT_3D ( 'NONE', #70, #3192, #1136 ) ;
#2018 = CARTESIAN_POINT ( 'NONE',  ( -0.001000000000055643878, 9.000000000000001776, -17.99999999999998934 ) ) ;
#2019 = PERSON_AND_ORGANIZATION_ROLE ( 'classification_officer' ) ;
#2020 = CARTESIAN_POINT ( 'NONE',  ( -5.551115123125782702E-14, 40.00000000000000000, -90.00000000000000000 ) ) ;
#2021 = PRODUCT_DEFINITION_FORMATION_WITH_SPECIFIED_SOURCE ( 'ä»', '', #1132, .NOT_KNOWN. ) ;
#2022 = LOCAL_TIME ( 17, 50, 13.00000000000000000, #2818 ) ;
#2023 = VECTOR ( 'NONE', #2906, 1000.000000000000000 ) ;
#2024 = FACE_OUTER_BOUND ( 'NONE', #1718, .T. ) ;
#2025 = ORIENTED_EDGE ( 'NONE', *, *, #2843, .F. ) ;
#2026 = VECTOR ( 'NONE', #739, 1000.000000000000000 ) ;
#2027 = CARTESIAN_POINT ( 'NONE',  ( 31.00000000000001421, 45.00000000000000000, -90.00100000000000477 ) ) ;
#2028 = SHAPE_DEFINITION_REPRESENTATION ( #649, #129 ) ;
#2029 = EDGE_CURVE ( 'NONE', #1566, #3088, #1099, .T. ) ;
#2030 = LINE ( 'NONE', #2572, #1365 ) ;
#2031 = VECTOR ( 'NONE', #2135, 1000.000000000000000 ) ;
#2032 = EDGE_CURVE ( 'NONE', #2074, #3243, #1692, .T. ) ;
#2033 = CARTESIAN_POINT ( 'NONE',  ( 31.00000000000000711, 63.00000000000000000, -90.00000000000000000 ) ) ;
#2034 = ORIENTED_EDGE ( 'NONE', *, *, #85, .F. ) ;
#2035 = DIRECTION ( 'NONE',  ( 6.167905692361981547E-16, 0.000000000000000000, 1.000000000000000000 ) ) ;
#2036 = DIRECTION ( 'NONE',  ( -0.000000000000000000, -0.000000000000000000, -1.000000000000000000 ) ) ;
#2037 = PERSON_AND_ORGANIZATION ( #2708, #331 ) ;
#2038 = DIRECTION ( 'NONE',  ( -1.000000000000000000, 0.000000000000000000, 0.000000000000000000 ) ) ;
#2039 = EDGE_CURVE ( 'NONE', #2322, #1181, #46, .T. ) ;
#2040 = EDGE_CURVE ( 'NONE', #942, #2909, #63, .T. ) ;
#2041 = CARTESIAN_POINT ( 'NONE',  ( 2.999999999999990674, 4.000000000000003553, -15.39999999999997726 ) ) ;
#2042 = CIRCLE ( 'NONE', #1888, 2.000000000000000000 ) ;
#2043 = VERTEX_POINT ( 'NONE', #1820 ) ;
#2044 =( NAMED_UNIT ( * ) PLANE_ANGLE_UNIT ( ) SI_UNIT ( $, .RADIAN. ) );
#2045 = VECTOR ( 'NONE', #2660, 1000.000000000000000 ) ;
#2046 = CARTESIAN_POINT ( 'NONE',  ( 2.999999999999990674, 56.00000000000001421, -15.39999999999998437 ) ) ;
#2047 = DATE_AND_TIME ( #2536, #66 ) ;
#2048 = DIRECTION ( 'NONE',  ( -0.000000000000000000, 1.000000000000000000, -0.000000000000000000 ) ) ;
#2049 = DIRECTION ( 'NONE',  ( 0.000000000000000000, 0.000000000000000000, -1.000000000000000000 ) ) ;
#2050 = DIRECTION ( 'NONE',  ( -1.000000000000000000, 0.000000000000000000, 6.167905692361982533E-16 ) ) ;
#2051 = ORIENTED_EDGE ( 'NONE', *, *, #3165, .T. ) ;
#2052 = LINE ( 'NONE', #1289, #2815 ) ;
#2053 = CC_DESIGN_PERSON_AND_ORGANIZATION_ASSIGNMENT ( #1559, #3308, ( #1634 ) ) ;
#2054 = PERSON_AND_ORGANIZATION ( #2708, #331 ) ;
#2055 = LINE ( 'NONE', #722, #2933 ) ;
#2056 = ADVANCED_FACE ( 'NONE', ( #1083 ), #2874, .F. ) ;
#2057 = EDGE_LOOP ( 'NONE', ( #3072, #499, #1500, #1878 ) ) ;
#2058 = CARTESIAN_POINT ( 'NONE',  ( 69.99999999999995737, 3.000000000000002665, -84.99999999999998579 ) ) ;
#2059 = CYLINDRICAL_SURFACE ( 'NONE', #1134, 2.000000000000001776 ) ;
#2060 = DIRECTION ( 'NONE',  ( 0.000000000000000000, 0.000000000000000000, -1.000000000000000000 ) ) ;
#2061 = VERTEX_POINT ( 'NONE', #1875 ) ;
#2062 = DIRECTION ( 'NONE',  ( 1.000000000000000000, -0.000000000000000000, 0.000000000000000000 ) ) ;
#2063 = VERTEX_POINT ( 'NONE', #2397 ) ;
#2064 = EDGE_CURVE ( 'NONE', #3220, #472, #1871, .T. ) ;
#2065 = AXIS2_PLACEMENT_3D ( 'NONE', #2305, #1988, #2235 ) ;
#2066 = DATE_AND_TIME ( #3002, #2612 ) ;
#2067 = CARTESIAN_POINT ( 'NONE',  ( 5.000000000000010658, 3.000000000000002665, -5.000000000000000000 ) ) ;
#2068 = LINE ( 'NONE', #1485, #1712 ) ;
#2069 = VERTEX_POINT ( 'NONE', #2130 ) ;
#2070 = DIRECTION ( 'NONE',  ( 0.000000000000000000, 0.000000000000000000, -1.000000000000000000 ) ) ;
#2071 = APPROVAL_DATE_TIME ( #3008, #1108 ) ;
#2072 = CARTESIAN_POINT ( 'NONE',  ( -5.551115123125782702E-14, 40.00000000000000000, -88.00000000000000000 ) ) ;
#2073 = SECURITY_CLASSIFICATION ( '', '', #1375 ) ;
#2074 = VERTEX_POINT ( 'NONE', #1616 ) ;
#2075 = CARTESIAN_POINT ( 'NONE',  ( 1.999999999999998668, 75.00000000000000000, -2.000000000000000000 ) ) ;
#2076 = LINE ( 'NONE', #1808, #2423 ) ;
#2077 = VECTOR ( 'NONE', #614, 1000.000000000000000 ) ;
#2078 = SPHERICAL_SURFACE ( 'NONE', #140, 2.000000000000000000 ) ;
#2079 = ORIENTED_EDGE ( 'NONE', *, *, #2770, .T. ) ;
#2080 = CARTESIAN_POINT ( 'NONE',  ( 147.9999999999999716, 69.99999999999998579, -2.000000000000000000 ) ) ;
#2081 = EDGE_CURVE ( 'NONE', #2292, #1700, #399, .T. ) ;
#2082 = ADVANCED_FACE ( 'NONE', ( #2645 ), #325, .T. ) ;
#2083 = PLANE ( 'NONE',  #1880 ) ;
#2084 = ORIENTED_EDGE ( 'NONE', *, *, #2586, .T. ) ;
#2085 = CYLINDRICAL_SURFACE ( 'NONE', #2320, 2.000000000000000000 ) ;
#2086 = CARTESIAN_POINT ( 'NONE',  ( 0.000000000000000000, 0.000000000000000000, 0.000000000000000000 ) ) ;
#2087 = APPROVAL_STATUS ( 'not_yet_approved' ) ;
#2088 = CARTESIAN_POINT ( 'NONE',  ( 31.00000000000000711, 63.00000000000000000, -90.00100000000000477 ) ) ;
#2089 = DIRECTION ( 'NONE',  ( 1.000000000000000000, 0.000000000000000000, -0.000000000000000000 ) ) ;
#2090 = AXIS2_PLACEMENT_3D ( 'NONE', #2441, #2196, #908 ) ;
#2091 = LINE ( 'NONE', #1838, #1666 ) ;
#2092 = ORIENTED_EDGE ( 'NONE', *, *, #2578, .F. ) ;
#2093 = ORIENTED_EDGE ( 'NONE', *, *, #439, .T. ) ;
#2094 = DIRECTION ( 'NONE',  ( 0.000000000000000000, 0.000000000000000000, -1.000000000000000000 ) ) ;
#2095 = LINE ( 'NONE', #3119, #1229 ) ;
#2096 = FACE_BOUND ( 'NONE', #328, .T. ) ;
#2097 = ADVANCED_FACE ( 'NONE', ( #1546 ), #1892, .F. ) ;
#2098 = ORIENTED_EDGE ( 'NONE', *, *, #2972, .F. ) ;
#2099 = AXIS2_PLACEMENT_3D ( 'NONE', #134, #2969, #1703 ) ;
#2100 = CARTESIAN_POINT ( 'NONE',  ( 147.9999999999999432, 2.000000000000000000, -88.00000000000000000 ) ) ;
#2101 = AXIS2_PLACEMENT_3D ( 'NONE', #1604, #255, #783 ) ;
#2102 = ORIENTED_EDGE ( 'NONE', *, *, #581, .T. ) ;
#2103 = LINE ( 'NONE', #2642, #1828 ) ;
#2104 = ADVANCED_FACE ( 'NONE', ( #795 ), #3105, .T. ) ;
#2105 = CALENDAR_DATE ( 2026, 9, 4 ) ;
#2106 = ORIENTED_EDGE ( 'NONE', *, *, #2527, .T. ) ;
#2107 = DIRECTION ( 'NONE',  ( -1.000000000000000000, -0.000000000000000000, -0.000000000000000000 ) ) ;
#2108 = CARTESIAN_POINT ( 'NONE',  ( 148.7499999999999716, 31.74999999999998579, -89.85404962177389621 ) ) ;
#2109 = EDGE_CURVE ( 'NONE', #2607, #1218, #527, .T. ) ;
#2110 = CARTESIAN_POINT ( 'NONE',  ( -0.001000000000055643878, 4.000000000000002665, -17.99999999999998934 ) ) ;
#2111 = CARTESIAN_POINT ( 'NONE',  ( 0.000000000000000000, 0.000000000000000000, -29.00000000000000000 ) ) ;
#2112 = VERTEX_POINT ( 'NONE', #316 ) ;
#2113 = EDGE_LOOP ( 'NONE', ( #1187, #512, #1826, #819 ) ) ;
#2114 = DIRECTION ( 'NONE',  ( 1.734723475976807341E-16, 0.000000000000000000, 1.000000000000000000 ) ) ;
#2115 =( BOUNDED_CURVE ( )  B_SPLINE_CURVE ( 3, ( #2557, #514, #1539, #1256 ),
 .UNSPECIFIED., .F., .F. ) 
 B_SPLINE_CURVE_WITH_KNOTS ( ( 4, 4 ),
 ( 0.000000000000000000, 1.570796326794896558 ),
 .UNSPECIFIED. ) 
 CURVE ( )  GEOMETRIC_REPRESENTATION_ITEM ( )  RATIONAL_B_SPLINE_CURVE ( ( 1.000000000000000000, 0.8047378541243649375, 0.8047378541243649375, 1.000000000000000000 ) ) 
 REPRESENTATION_ITEM ( '' )  );
#2116 = DIRECTION ( 'NONE',  ( -0.000000000000000000, -1.000000000000000000, -0.000000000000000000 ) ) ;
#2117 = ADVANCED_FACE ( 'NONE', ( #257, #1299 ), #3044, .T. ) ;
#2118 = DIRECTION ( 'NONE',  ( -1.000000000000000000, -0.000000000000000000, -0.000000000000000000 ) ) ;
#2119 = EDGE_LOOP ( 'NONE', ( #415, #2805, #2430, #449 ) ) ;
#2120 = CARTESIAN_POINT ( 'NONE',  ( 5.000000000000010658, 3.000000000000002665, -5.000000000000000000 ) ) ;
#2121 = CARTESIAN_POINT ( 'NONE',  ( 72.49999999999997158, 1.500000000000002665, -88.00000000000000000 ) ) ;
#2122 = CARTESIAN_POINT ( 'NONE',  ( 74.99999999999995737, 28.00000000000000355, 0.002000000000002000178 ) ) ;
#2123 = ADVANCED_FACE ( 'NONE', ( #573 ), #302, .T. ) ;
#2124 = ORIENTED_EDGE ( 'NONE', *, *, #900, .F. ) ;
#2125 = FACE_BOUND ( 'NONE', #2368, .T. ) ;
#2126 = EDGE_CURVE ( 'NONE', #1428, #2862, #2395, .T. ) ;
#2127 = DATE_AND_TIME ( #1594, #948 ) ;
#2128 = CIRCLE ( 'NONE', #334, 4.000000000000000000 ) ;
#2129 = DIRECTION ( 'NONE',  ( 0.000000000000000000, -1.387778780781445676E-16, 1.000000000000000000 ) ) ;
#2130 = CARTESIAN_POINT ( 'NONE',  ( 144.9999999999999716, 3.000000000000002665, -5.000000000000000000 ) ) ;
#2131 = CARTESIAN_POINT ( 'NONE',  ( 72.49999999999997158, 30.50000000000000355, -84.99999999999998579 ) ) ;
#2132 = EDGE_LOOP ( 'NONE', ( #1119, #2248, #106, #976 ) ) ;
#2133 = EDGE_LOOP ( 'NONE', ( #100, #2878, #851, #2218 ) ) ;
#2134 = EDGE_CURVE ( 'NONE', #3177, #589, #1340, .T. ) ;
#2135 = DIRECTION ( 'NONE',  ( -0.000000000000000000, -1.000000000000000000, -0.000000000000000000 ) ) ;
#2136 = DIRECTION ( 'NONE',  ( -1.000000000000000000, -0.000000000000000000, -0.000000000000000000 ) ) ;
#2137 = CARTESIAN_POINT ( 'NONE',  ( 0.000000000000000000, 69.99999999999998579, 0.000000000000000000 ) ) ;
#2138 = ORIENTED_EDGE ( 'NONE', *, *, #1201, .T. ) ;
#2139 = VECTOR ( 'NONE', #1672, 1000.000000000000000 ) ;
#2140 = SECURITY_CLASSIFICATION ( '', '', #977 ) ;
#2141 = CARTESIAN_POINT ( 'NONE',  ( 5.000000000000010658, 3.000000000000002665, -5.000000000000000000 ) ) ;
#2142 = VERTEX_POINT ( 'NONE', #2377 ) ;
#2143 = EDGE_LOOP ( 'NONE', ( #2603, #256, #3166, #967, #2722, #1036, #1527, #3197 ) ) ;
#2144 = DIRECTION ( 'NONE',  ( 1.000000000000000000, 0.000000000000000000, 0.000000000000000000 ) ) ;
#2145 = VECTOR ( 'NONE', #1114, 1000.000000000000000 ) ;
#2146 = AXIS2_PLACEMENT_3D ( 'NONE', #2100, #1588, #767 ) ;
#2147 = DATE_AND_TIME ( #627, #2404 ) ;
#2148 = EDGE_CURVE ( 'NONE', #1723, #925, #1581, .T. ) ;
#2149 = DIRECTION ( 'NONE',  ( -0.000000000000000000, 0.000000000000000000, 1.000000000000000000 ) ) ;
#2150 = DIRECTION ( 'NONE',  ( 1.000000000000000000, 0.000000000000000000, -6.505213034913027590E-16 ) ) ;
#2151 = CARTESIAN_POINT ( 'NONE',  ( 5.000000000000000888, 3.000000000000002665, -84.99999999999998579 ) ) ;
#2152 = ORIENTED_EDGE ( 'NONE', *, *, #1257, .F. ) ;
#2153 = CC_DESIGN_PERSON_AND_ORGANIZATION_ASSIGNMENT ( #1143, #1977, ( #2734 ) ) ;
#2154 = AXIS2_PLACEMENT_3D ( 'NONE', #2487, #1980, #1470 ) ;
#2155 = ADVANCED_FACE ( 'NONE', ( #847 ), #2361, .F. ) ;
#2156 = DIRECTION ( 'NONE',  ( -1.734723475976807341E-16, -0.000000000000000000, -1.000000000000000000 ) ) ;
#2157 = EDGE_CURVE ( 'NONE', #1725, #1967, #2873, .T. ) ;
#2158 = VERTEX_POINT ( 'NONE', #1574 ) ;
#2159 = EDGE_LOOP ( 'NONE', ( #3254, #1898, #1249, #2098 ) ) ;
#2160 = CARTESIAN_POINT ( 'NONE',  ( 107.9999999999999716, 50.00000000000000000, -90.00000000000000000 ) ) ;
#2161 = DIRECTION ( 'NONE',  ( -0.000000000000000000, 1.000000000000000000, -0.000000000000000000 ) ) ;
#2162 = VERTEX_POINT ( 'NONE', #62 ) ;
#2163 = LINE ( 'NONE', #1568, #1171 ) ;
#2164 = VERTEX_POINT ( 'NONE', #1905 ) ;
#2165 = DATE_AND_TIME ( #2656, #1645 ) ;
#2166 = LINE ( 'NONE', #1080, #387 ) ;
#2167 = DIRECTION ( 'NONE',  ( 1.000000000000000000, 0.000000000000000000, -3.227392513445222811E-16 ) ) ;
#2168 = LINE ( 'NONE', #1471, #2375 ) ;
#2169 = EDGE_LOOP ( 'NONE', ( #2945, #2665, #1384, #1067 ) ) ;
#2170 = ORIENTED_EDGE ( 'NONE', *, *, #2483, .F. ) ;
#2171 = CARTESIAN_POINT ( 'NONE',  ( 70.49999999999997158, 30.50000000000000355, -88.00000000000000000 ) ) ;
#2172 = EDGE_LOOP ( 'NONE', ( #1779, #1478, #3013, #2588 ) ) ;
#2173 = VERTEX_POINT ( 'NONE', #1630 ) ;
#2174 = DIRECTION ( 'NONE',  ( 0.000000000000000000, 0.000000000000000000, -1.000000000000000000 ) ) ;
#2175 = EDGE_CURVE ( 'NONE', #1298, #2447, #2854, .T. ) ;
#2176 = PERSON_AND_ORGANIZATION_ROLE ( 'design_owner' ) ;
#2177 = FACE_OUTER_BOUND ( 'NONE', #1266, .T. ) ;
#2178 = VECTOR ( 'NONE', #406, 1000.000000000000000 ) ;
#2179 = CARTESIAN_POINT ( 'NONE',  ( 2.999999999999969358, 4.000000000000002665, -80.99999999999998579 ) ) ;
#2180 = ORIENTED_EDGE ( 'NONE', *, *, #2686, .F. ) ;
#2181 = UNCERTAINTY_MEASURE_WITH_UNIT (LENGTH_MEASURE( 1.000000000000000082E-05 ), #1790, 'distance_accuracy_value', 'NONE');
#2182 = DIRECTION ( 'NONE',  ( 0.000000000000000000, -0.000000000000000000, 1.000000000000000000 ) ) ;
#2183 = EDGE_CURVE ( 'NONE', #1032, #2447, #2658, .T. ) ;
#2184 = ORIENTED_EDGE ( 'NONE', *, *, #3112, .T. ) ;
#2185 = DIRECTION ( 'NONE',  ( 1.000000000000000000, -0.000000000000000000, -1.192622389734055124E-16 ) ) ;
#2186 = DIRECTION ( 'NONE',  ( 0.000000000000000000, 1.000000000000000000, -0.000000000000000000 ) ) ;
#2187 = EDGE_CURVE ( 'NONE', #1730, #1531, #1874, .T. ) ;
#2188 = LOCAL_TIME ( 17, 50, 13.00000000000000000, #1320 ) ;
#2189 = ORIENTED_EDGE ( 'NONE', *, *, #1689, .F. ) ;
#2190 = ORIENTED_EDGE ( 'NONE', *, *, #3126, .F. ) ;
#2191 = ADVANCED_FACE ( 'NONE', ( #340 ), #3111, .F. ) ;
#2192 = EDGE_CURVE ( 'NONE', #437, #1840, #3096, .T. ) ;
#2193 = PERSON_AND_ORGANIZATION_ROLE ( 'design_supplier' ) ;
#2194 = VECTOR ( 'NONE', #1669, 1000.000000000000000 ) ;
#2195 = PLANE ( 'NONE',  #1573 ) ;
#2196 = DIRECTION ( 'NONE',  ( -1.000000000000000000, 0.000000000000000000, 3.083952846180990774E-16 ) ) ;
#2197 = PLANE ( 'NONE',  #842 ) ;
#2198 = LINE ( 'NONE', #647, #423 ) ;
#2199 = VECTOR ( 'NONE', #761, 1000.000000000000000 ) ;
#2200 = AXIS2_PLACEMENT_3D ( 'NONE', #984, #190, #1233 ) ;
#2201 = CARTESIAN_POINT ( 'NONE',  ( 2.999999999999990674, 4.000000000000003553, -15.39999999999997726 ) ) ;
#2202 = ORIENTED_EDGE ( 'NONE', *, *, #487, .F. ) ;
#2203 = LINE ( 'NONE', #2374, #970 ) ;
#2204 = CARTESIAN_POINT ( 'NONE',  ( 0.000000000000000000, 0.000000000000000000, 0.000000000000000000 ) ) ;
#2205 = EDGE_CURVE ( 'NONE', #1428, #1673, #2609, .T. ) ;
#2206 = VERTEX_POINT ( 'NONE', #324 ) ;
#2207 = CARTESIAN_POINT ( 'NONE',  ( -5.551115123125782702E-14, 32.50000000000000000, -90.00000000000000000 ) ) ;
#2208 = ORIENTED_EDGE ( 'NONE', *, *, #441, .F. ) ;
#2209 = APPROVAL_DATE_TIME ( #124, #1705 ) ;
#2210 = DIRECTION ( 'NONE',  ( -0.000000000000000000, 1.000000000000000000, -0.000000000000000000 ) ) ;
#2211 = EDGE_CURVE ( 'NONE', #1181, #1578, #750, .T. ) ;
#2212 = CIRCLE ( 'NONE', #2099, 2.000000000000000000 ) ;
#2213 = EDGE_CURVE ( 'NONE', #1707, #2481, #2166, .T. ) ;
#2214 = CARTESIAN_POINT ( 'NONE',  ( 74.99999999999995737, 28.00000000000000355, -5.000000000000000000 ) ) ;
#2215 = CIRCLE ( 'NONE', #3213, 2.000000000000001776 ) ;
#2216 = DIRECTION ( 'NONE',  ( 0.000000000000000000, -0.000000000000000000, -1.000000000000000000 ) ) ;
#2217 = FACE_OUTER_BOUND ( 'NONE', #2133, .T. ) ;
#2218 = ORIENTED_EDGE ( 'NONE', *, *, #2409, .F. ) ;
#2219 = EDGE_CURVE ( 'NONE', #90, #2480, #1358, .T. ) ;
#2220 = EDGE_LOOP ( 'NONE', ( #1522, #2387 ) ) ;
#2221 = DIRECTION ( 'NONE',  ( 0.000000000000000000, -1.000000000000000000, 0.000000000000000000 ) ) ;
#2222 = ADVANCED_FACE ( 'NONE', ( #2673 ), #825, .F. ) ;
#2223 = VECTOR ( 'NONE', #2489, 1000.000000000000000 ) ;
#2224 = APPLICATION_CONTEXT ( 'configuration controlled 3d designs of mechanical parts and assemblies' ) ;
#2225 = ORIENTED_EDGE ( 'NONE', *, *, #2913, .T. ) ;
#2226 = CARTESIAN_POINT ( 'NONE',  ( 70.49999999999997158, 32.50000000000000000, -90.00000000000000000 ) ) ;
#2227 = ORIENTED_EDGE ( 'NONE', *, *, #2250, .T. ) ;
#2228 = COORDINATED_UNIVERSAL_TIME_OFFSET ( 8, 0, .AHEAD. ) ;
#2229 = CARTESIAN_POINT ( 'NONE',  ( 74.99999999999997158, 28.00000000000000355, -5.000000000000000000 ) ) ;
#2230 = CARTESIAN_POINT ( 'NONE',  ( 13.00000000000001066, -0.001000000000001000089, -73.99999999999998579 ) ) ;
#2231 = DIRECTION ( 'NONE',  ( 1.000000000000000000, 0.000000000000000000, -2.168404344971006896E-16 ) ) ;
#2232 = AXIS2_PLACEMENT_3D ( 'NONE', #1030, #1525, #1274 ) ;
#2233 = AXIS2_PLACEMENT_3D ( 'NONE', #928, #2721, #144 ) ;
#2234 = CARTESIAN_POINT ( 'NONE',  ( 147.9999999999999716, 73.00000000000000000, -2.000000000000000000 ) ) ;
#2235 = DIRECTION ( 'NONE',  ( 1.000000000000000000, 0.000000000000000000, 0.000000000000000000 ) ) ;
#2236 = ORIENTED_EDGE ( 'NONE', *, *, #555, .F. ) ;
#2237 = CARTESIAN_POINT ( 'NONE',  ( 122.9999999999999716, 42.00000000000000000, -89.17157287525380127 ) ) ;
#2238 = CALENDAR_DATE ( 2026, 9, 4 ) ;
#2239 = SHAPE_REPRESENTATION ( '\X2\88c5914d4f53\X0\2', ( #3122, #2757, #2811, #2232 ), #2440 ) ;
#2240 = CARTESIAN_POINT ( 'NONE',  ( 5.000000000000000888, 69.99999999999998579, -84.99999999999998579 ) ) ;
#2241 = LINE ( 'NONE', #1677, #408 ) ;
#2242 = EDGE_LOOP ( 'NONE', ( #206, #420, #1938, #538 ) ) ;
#2243 = VECTOR ( 'NONE', #2894, 1000.000000000000000 ) ;
#2244 = CC_DESIGN_APPROVAL ( #702, ( #2921 ) ) ;
#2245 = EDGE_CURVE ( 'NONE', #2870, #2833, #96, .T. ) ;
#2246 = DIRECTION ( 'NONE',  ( -2.168404344971006649E-16, -0.000000000000000000, -1.000000000000000000 ) ) ;
#2247 = CIRCLE ( 'NONE', #3296, 2.000000000000001776 ) ;
#2248 = ORIENTED_EDGE ( 'NONE', *, *, #199, .T. ) ;
#2249 = DIRECTION ( 'NONE',  ( 1.000000000000000000, 0.000000000000000000, -2.168404344971006896E-16 ) ) ;
#2250 = EDGE_CURVE ( 'NONE', #2373, #1903, #3187, .T. ) ;
#2251 = AXIS2_PLACEMENT_3D ( 'NONE', #1943, #2959, #669 ) ;
#2252 = EDGE_CURVE ( 'NONE', #1327, #656, #2930, .T. ) ;
#2253 = LINE ( 'NONE', #2006, #2948 ) ;
#2254 = EDGE_LOOP ( 'NONE', ( #1192, #294, #1759, #728 ) ) ;
#2255 = CYLINDRICAL_SURFACE ( 'NONE', #380, 2.000000000000001776 ) ;
#2256 = ORIENTED_EDGE ( 'NONE', *, *, #915, .F. ) ;
#2257 = LINE ( 'NONE', #2207, #459 ) ;
#2258 = VECTOR ( 'NONE', #2327, 1000.000000000000000 ) ;
#2259 = APPROVAL_STATUS ( 'not_yet_approved' ) ;
#2260 = DIRECTION ( 'NONE',  ( -1.000000000000000000, -0.000000000000000000, -0.000000000000000000 ) ) ;
#2261 = DIRECTION ( 'NONE',  ( -1.000000000000000000, -0.000000000000000000, 1.734723475976807341E-16 ) ) ;
#2262 = VERTEX_POINT ( 'NONE', #1676 ) ;
#2263 = ADVANCED_FACE ( 'NONE', ( #673 ), #3238, .T. ) ;
#2264 = DIRECTION ( 'NONE',  ( -2.674902700537830250E-31, -1.000000000000000000, -4.336808689942021680E-16 ) ) ;
#2265 =( REPRESENTATION_RELATIONSHIP ('NONE','NONE', #2239, #129 ) REPRESENTATION_RELATIONSHIP_WITH_TRANSFORMATION ( #769 )SHAPE_REPRESENTATION_RELATIONSHIP( ) );
#2266 = AXIS2_PLACEMENT_3D ( 'NONE', #2459, #964, #2965 ) ;
#2267 = ORIENTED_EDGE ( 'NONE', *, *, #1381, .F. ) ;
#2268 = CARTESIAN_POINT ( 'NONE',  ( 148.2386127875258239, 0.7613872124741745129, -89.55206388406102747 ) ) ;
#2269 = FACE_OUTER_BOUND ( 'NONE', #2847, .T. ) ;
#2270 = ORIENTED_EDGE ( 'NONE', *, *, #2634, .F. ) ;
#2271 = ORIENTED_EDGE ( 'NONE', *, *, #2396, .F. ) ;
#2272 = LINE ( 'NONE', #3264, #355 ) ;
#2273 = ORIENTED_EDGE ( 'NONE', *, *, #1608, .T. ) ;
#2274 = DATE_AND_TIME ( #2737, #1263 ) ;
#2275 = DIRECTION ( 'NONE',  ( 6.167905692361982533E-16, -1.387778780781445676E-16, 1.000000000000000000 ) ) ;
#2276 = FACE_OUTER_BOUND ( 'NONE', #196, .T. ) ;
#2277 = ORIENTED_EDGE ( 'NONE', *, *, #1992, .T. ) ;
#2278 = DIRECTION ( 'NONE',  ( 9.637352644315597708E-17, -1.000000000000000000, 0.000000000000000000 ) ) ;
#2279 = CARTESIAN_POINT ( 'NONE',  ( 124.9999999999999716, 52.00000000000000711, -90.00000000000000000 ) ) ;
#2280 = DATE_AND_TIME ( #1242, #345 ) ;
#2281 = CARTESIAN_POINT ( 'NONE',  ( 74.99999999999994316, 0.7500000000000019984, -89.56124949959959736 ) ) ;
#2282 = ORIENTED_EDGE ( 'NONE', *, *, #2453, .F. ) ;
#2283 = CARTESIAN_POINT ( 'NONE',  ( 5.000000000000000888, 3.000000000000002665, -84.99999999999998579 ) ) ;
#2284 = CARTESIAN_POINT ( 'NONE',  ( -0.001000000000062582772, 48.00000000000000000, -75.00000000000001421 ) ) ;
#2285 = EDGE_CURVE ( 'NONE', #1840, #1447, #2978, .T. ) ;
#2286 = ADVANCED_FACE ( 'NONE', ( #1947 ), #2962, .F. ) ;
#2287 = ORIENTED_EDGE ( 'NONE', *, *, #1607, .T. ) ;
#2288 = VECTOR ( 'NONE', #2275, 1000.000000000000000 ) ;
#2289 =( NAMED_UNIT ( * ) SI_UNIT ( $, .STERADIAN. ) SOLID_ANGLE_UNIT ( ) );
#2290 = ORIENTED_EDGE ( 'NONE', *, *, #3297, .T. ) ;
#2291 = CARTESIAN_POINT ( 'NONE',  ( 147.4999999999999716, 30.50000000000000355, -84.99999999999998579 ) ) ;
#2292 = VERTEX_POINT ( 'NONE', #907 ) ;
#2293 = DATE_AND_TIME ( #209, #2022 ) ;
#2294 = LINE ( 'NONE', #2785, #1683 ) ;
#2295 = DIRECTION ( 'NONE',  ( -0.000000000000000000, -0.000000000000000000, -1.000000000000000000 ) ) ;
#2296 = ORIENTED_EDGE ( 'NONE', *, *, #2652, .F. ) ;
#2297 = LINE ( 'NONE', #2086, #671 ) ;
#2298 = VECTOR ( 'NONE', #1651, 1000.000000000000000 ) ;
#2299 = ADVANCED_FACE ( 'NONE', ( #2991 ), #706, .F. ) ;
#2300 = EDGE_CURVE ( 'NONE', #1673, #1247, #158, .T. ) ;
#2301 = VECTOR ( 'NONE', #1804, 1000.000000000000000 ) ;
#2302 = DIRECTION ( 'NONE',  ( -1.000000000000000000, -0.000000000000000000, 0.000000000000000000 ) ) ;
#2303 = LOCAL_TIME ( 17, 50, 13.00000000000000000, #1441 ) ;
#2304 = PLANE ( 'NONE',  #1282 ) ;
#2305 = CARTESIAN_POINT ( 'NONE',  ( 0.000000000000000000, 0.000000000000000000, 0.000000000000000000 ) ) ;
#2306 = AXIS2_PLACEMENT_3D ( 'NONE', #564, #1586, #837 ) ;
#2307 = CARTESIAN_POINT ( 'NONE',  ( 147.4999999999999716, 1.500000000000002665, -84.99999999999998579 ) ) ;
#2308 = APPROVAL ( #2087, 'æœª' ) ;
#2309 = DIRECTION ( 'NONE',  ( -1.734723475976807341E-16, 0.000000000000000000, -1.000000000000000000 ) ) ;
#2310 = VECTOR ( 'NONE', #1521, 1000.000000000000000 ) ;
#2311 = PLANE ( 'NONE',  #357 ) ;
#2312 = EDGE_LOOP ( 'NONE', ( #1303, #2592, #2992 ) ) ;
#2313 = CC_DESIGN_PERSON_AND_ORGANIZATION_ASSIGNMENT ( #3224, #2193, ( #726 ) ) ;
#2314 = COORDINATED_UNIVERSAL_TIME_OFFSET ( 8, 0, .AHEAD. ) ;
#2315 = DIRECTION ( 'NONE',  ( 1.000000000000000000, 0.000000000000000000, 0.000000000000000000 ) ) ;
#2316 = ORIENTED_EDGE ( 'NONE', *, *, #1459, .F. ) ;
#2317 = EDGE_CURVE ( 'NONE', #3132, #1066, #689, .T. ) ;
#2318 = CARTESIAN_POINT ( 'NONE',  ( 0.000000000000000000, 5.000000000000000000, 0.000000000000000000 ) ) ;
#2319 = DIRECTION ( 'NONE',  ( 0.000000000000000000, 1.000000000000000000, 0.000000000000000000 ) ) ;
#2320 = AXIS2_PLACEMENT_3D ( 'NONE', #774, #2035, #3093 ) ;
#2321 = LINE ( 'NONE', #2813, #1497 ) ;
#2322 = VERTEX_POINT ( 'NONE', #1978 ) ;
#2323 = EDGE_CURVE ( 'NONE', #1327, #350, #359, .T. ) ;
#2324 = CARTESIAN_POINT ( 'NONE',  ( 70.49999999999997158, 75.00000000000000000, -90.00000000000000000 ) ) ;
#2325 = APPROVAL_STATUS ( 'not_yet_approved' ) ;
#2326 = LINE ( 'NONE', #2013, #497 ) ;
#2327 = DIRECTION ( 'NONE',  ( 3.854941057726237604E-16, -1.000000000000000000, 0.000000000000000000 ) ) ;
#2328 = VERTEX_POINT ( 'NONE', #3215 ) ;
#2329 = FACE_OUTER_BOUND ( 'NONE', #377, .T. ) ;
#2330 = DIRECTION ( 'NONE',  ( 1.000000000000000000, 0.000000000000000000, 0.000000000000000000 ) ) ;
#2331 =( REPRESENTATION_RELATIONSHIP ('NONE','NONE', #2239, #1418 ) REPRESENTATION_RELATIONSHIP_WITH_TRANSFORMATION ( #1024 )SHAPE_REPRESENTATION_RELATIONSHIP( ) );
#2332 =( NAMED_UNIT ( * ) PLANE_ANGLE_UNIT ( ) SI_UNIT ( $, .RADIAN. ) );
#2333 = DIRECTION ( 'NONE',  ( 1.734723475976807341E-16, 0.000000000000000000, 1.000000000000000000 ) ) ;
#2334 = ORIENTED_EDGE ( 'NONE', *, *, #120, .F. ) ;
#2335 = DIRECTION ( 'NONE',  ( 1.000000000000000000, 0.000000000000000000, -0.000000000000000000 ) ) ;
#2336 = CARTESIAN_POINT ( 'NONE',  ( 1.999999999999946265, 75.00000000000000000, -88.00000000000000000 ) ) ;
#2337 = ADVANCED_FACE ( 'NONE', ( #1442 ), #2472, .F. ) ;
#2338 = ORIENTED_EDGE ( 'NONE', *, *, #2544, .T. ) ;
#2339 = DIRECTION ( 'NONE',  ( 0.000000000000000000, 0.000000000000000000, -1.000000000000000000 ) ) ;
#2340 = DIRECTION ( 'NONE',  ( 6.167905692361982533E-16, 2.478176394252581387E-17, 1.000000000000000000 ) ) ;
#2341 = ORIENTED_EDGE ( 'NONE', *, *, #723, .T. ) ;
#2342 = CARTESIAN_POINT ( 'NONE',  ( 5.000000000000010658, 31.00000000000000000, -5.000000000000000000 ) ) ;
#2343 = PERSON_AND_ORGANIZATION_ROLE ( 'design_supplier' ) ;
#2344 = CARTESIAN_POINT ( 'NONE',  ( 107.9999999999999716, 50.00000000000000000, -84.99999999999998579 ) ) ;
#2345 = CARTESIAN_POINT ( 'NONE',  ( 147.9999999999999716, 73.00000000000000000, -2.000000000000000000 ) ) ;
#2346 = CARTESIAN_POINT ( 'NONE',  ( -9.498574766237437955E-15, 4.000000000000003553, -15.39999999999997549 ) ) ;
#2347 = LOCAL_TIME ( 17, 50, 13.00000000000000000, #1215 ) ;
#2348 = EDGE_LOOP ( 'NONE', ( #1137, #829, #3140, #2256 ) ) ;
#2349 = VERTEX_POINT ( 'NONE', #2229 ) ;
#2350 = CARTESIAN_POINT ( 'NONE',  ( 45.00000000000000000, 31.00000000000000000, 0.002000000000002000178 ) ) ;
#2351 = FACE_OUTER_BOUND ( 'NONE', #3290, .T. ) ;
#2352 = CARTESIAN_POINT ( 'NONE',  ( 10.00000000000000533, 45.00000000000000711, -84.99999999999998579 ) ) ;
#2353 = ORIENTED_EDGE ( 'NONE', *, *, #1098, .F. ) ;
#2354 = CYLINDRICAL_SURFACE ( 'NONE', #578, 2.000000000000001776 ) ;
#2355 = EDGE_CURVE ( 'NONE', #1707, #999, #1144, .T. ) ;
#2356 = ADVANCED_FACE ( 'NONE', ( #2177 ), #1664, .F. ) ;
#2357 = EDGE_LOOP ( 'NONE', ( #101, #694, #3247, #1973 ) ) ;
#2358 = CARTESIAN_POINT ( 'NONE',  ( 147.9999999999999716, 2.000000000000001776, -2.000000000000000000 ) ) ;
#2359 = VECTOR ( 'NONE', #2038, 1000.000000000000000 ) ;
#2360 = APPROVAL_ROLE ( '' ) ;
#2361 = PLANE ( 'NONE',  #2565 ) ;
#2362 = DIRECTION ( 'NONE',  ( 0.000000000000000000, 0.000000000000000000, 1.000000000000000000 ) ) ;
#2363 = ORIENTED_EDGE ( 'NONE', *, *, #2652, .T. ) ;
#2364 = ORIENTED_EDGE ( 'NONE', *, *, #2915, .F. ) ;
#2365 = FACE_OUTER_BOUND ( 'NONE', #181, .T. ) ;
#2366 = DIRECTION ( 'NONE',  ( 1.000000000000000000, -0.000000000000000000, -0.000000000000000000 ) ) ;
#2367 = CARTESIAN_POINT ( 'NONE',  ( 10.00000000000000355, 63.00000000000000000, -90.00000000000000000 ) ) ;
#2368 = EDGE_LOOP ( 'NONE', ( #2422, #556 ) ) ;
#2369 = VECTOR ( 'NONE', #2136, 1000.000000000000000 ) ;
#2370 = CARTESIAN_POINT ( 'NONE',  ( 0.000000000000000000, 0.000000000000000000, 0.000000000000000000 ) ) ;
#2371 = EDGE_CURVE ( 'NONE', #1230, #2381, #1714, .T. ) ;
#2372 = VECTOR ( 'NONE', #2118, 1000.000000000000000 ) ;
#2373 = VERTEX_POINT ( 'NONE', #2439 ) ;
#2374 = CARTESIAN_POINT ( 'NONE',  ( 5.000000000000009770, 4.000000000000002665, -17.99999999999998934 ) ) ;
#2375 = VECTOR ( 'NONE', #1698, 1000.000000000000000 ) ;
#2376 = COORDINATED_UNIVERSAL_TIME_OFFSET ( 8, 0, .AHEAD. ) ;
#2377 = CARTESIAN_POINT ( 'NONE',  ( 75.00000000000000000, 5.000000000000000000, 0.000000000000000000 ) ) ;
#2378 = CLOSED_SHELL ( 'NONE', ( #813, #1643, #875, #2222, #1542, #3077, #2751, #2689, #846, #2286, #2155, #1231, #1285, #515, #379, #1335, #51, #1121, #1929, #432, #1660, #2730, #1993, #1188, #405, #1360, #808, #2434, #1846, #2990, #2191, #2117, #2337, #3001, #1584, #2389, #1007, #3006, #1071, #2056, #1571, #1856, #1951, #1678, #2832, #3250, #3266, #3219, #995, #3313, #1015, #520, #1792, #480, #904, #3274, #3068, #274, #1985, #1018, #2524, #322, #2104, #1392, #2123, #2082, #1751, #2735, #1876, #3114, #1158, #1235, #986, #2299, #2880, #2534, #151, #462, #1057, #2699, #2097, #228, #1773, #3314, #663, #1334, #2871 ) ) ;
#2379 = CARTESIAN_POINT ( 'NONE',  ( -0.001000000000063450134, 4.000000000000002665, -80.99999999999998579 ) ) ;
#2380 = CARTESIAN_POINT ( 'NONE',  ( 5.000000000000001776, 25.00000000000000000, -84.99999999999998579 ) ) ;
#2381 = VERTEX_POINT ( 'NONE', #419 ) ;
#2382 = VERTEX_POINT ( 'NONE', #109 ) ;
#2383 = CARTESIAN_POINT ( 'NONE',  ( 71.67157287525377285, 31.32842712474619162, -90.00000000000000000 ) ) ;
#2384 = LINE ( 'NONE', #1787, #417 ) ;
#2385 = B_SPLINE_CURVE_WITH_KNOTS ( 'NONE', 3,
 ( #510, #1040, #1764, #1503, #3288, #1011, #3023, #175 ),
 .UNSPECIFIED., .F., .F.,
 ( 4, 2, 2, 4 ),
 ( 0.0004244310858516485603, 0.001136407784197965981, 0.001492396133371120138, 0.001848384482544274511 ),
 .UNSPECIFIED. ) ;
#2386 = DIRECTION ( 'NONE',  ( 0.000000000000000000, 1.000000000000000000, 0.000000000000000000 ) ) ;
#2387 = ORIENTED_EDGE ( 'NONE', *, *, #852, .F. ) ;
#2388 = DIRECTION ( 'NONE',  ( 0.000000000000000000, 0.000000000000000000, -1.000000000000000000 ) ) ;
#2389 = ADVANCED_FACE ( 'NONE', ( #1159 ), #2195, .F. ) ;
#2390 = APPLICATION_CONTEXT ( 'configuration controlled 3d designs of mechanical parts and assemblies' ) ;
#2391 = DIRECTION ( 'NONE',  ( 0.000000000000000000, -1.000000000000000000, 0.000000000000000000 ) ) ;
#2392 = FACE_OUTER_BOUND ( 'NONE', #2172, .T. ) ;
#2393 = APPROVAL_ROLE ( '' ) ;
#2394 = CIRCLE ( 'NONE', #938, 4.000000000000003553 ) ;
#2395 = LINE ( 'NONE', #1113, #3028 ) ;
#2396 = EDGE_CURVE ( 'NONE', #2910, #226, #3252, .T. ) ;
#2397 = CARTESIAN_POINT ( 'NONE',  ( 147.9999999999999716, 69.99999999999998579, -2.000000000000000000 ) ) ;
#2398 = LINE ( 'NONE', #2646, #312 ) ;
#2399 = FACE_OUTER_BOUND ( 'NONE', #1310, .T. ) ;
#2400 = EDGE_LOOP ( 'NONE', ( #369, #3261, #2106, #2227 ) ) ;
#2401 = FACE_OUTER_BOUND ( 'NONE', #2858, .T. ) ;
#2402 = ORIENTED_EDGE ( 'NONE', *, *, #1047, .T. ) ;
#2403 = VECTOR ( 'NONE', #428, 1000.000000000000000 ) ;
#2404 = LOCAL_TIME ( 17, 50, 13.00000000000000000, #2376 ) ;
#2405 = FACE_OUTER_BOUND ( 'NONE', #2357, .T. ) ;
#2406 = CARTESIAN_POINT ( 'NONE',  ( 0.000000000000000000, 5.000000000000000000, -29.00000000000000000 ) ) ;
#2407 = APPROVAL ( #861, 'æœª' ) ;
#2408 = AXIS2_PLACEMENT_3D ( 'NONE', #1900, #873, #2669 ) ;
#2409 = EDGE_CURVE ( 'NONE', #1287, #1005, #718, .T. ) ;
#2410 = PERSON_AND_ORGANIZATION ( #2708, #331 ) ;
#2411 = VECTOR ( 'NONE', #2999, 1000.000000000000000 ) ;
#2412 = DIRECTION ( 'NONE',  ( -0.000000000000000000, 1.000000000000000000, -0.000000000000000000 ) ) ;
#2413 = CARTESIAN_POINT ( 'NONE',  ( 5.000000000000010658, 3.000000000000002665, -5.000000000000000000 ) ) ;
#2414 = VERTEX_POINT ( 'NONE', #194 ) ;
#2415 = AXIS2_PLACEMENT_3D ( 'NONE', #444, #950, #2003 ) ;
#2416 = CARTESIAN_POINT ( 'NONE',  ( 2.999999999999950262, 9.000000000000001776, -80.99999999999998579 ) ) ;
#2417 = EDGE_CURVE ( 'NONE', #3104, #172, #2385, .T. ) ;
#2418 = VERTEX_POINT ( 'NONE', #2067 ) ;
#2419 = ORIENTED_EDGE ( 'NONE', *, *, #3032, .T. ) ;
#2420 = DIRECTION ( 'NONE',  ( 0.000000000000000000, -1.000000000000000000, 0.000000000000000000 ) ) ;
#2421 = CARTESIAN_POINT ( 'NONE',  ( 5.000000000000000888, 3.000000000000002665, -84.99999999999998579 ) ) ;
#2422 = ORIENTED_EDGE ( 'NONE', *, *, #1407, .F. ) ;
#2423 = VECTOR ( 'NONE', #523, 1000.000000000000000 ) ;
#2424 = APPROVAL_DATE_TIME ( #1693, #763 ) ;
#2425 = CARTESIAN_POINT ( 'NONE',  ( 147.4999999999999716, 30.50000000000000355, -84.99999999999998579 ) ) ;
#2426 = EDGE_CURVE ( 'NONE', #1869, #1298, #1252, .T. ) ;
#2427 = ORIENTED_EDGE ( 'NONE', *, *, #503, .F. ) ;
#2428 = FACE_OUTER_BOUND ( 'NONE', #2119, .T. ) ;
#2429 = CARTESIAN_POINT ( 'NONE',  ( 0.000000000000000000, 5.000000000000000000, 0.000000000000000000 ) ) ;
#2430 = ORIENTED_EDGE ( 'NONE', *, *, #1201, .F. ) ;
#2431 = ORIENTED_EDGE ( 'NONE', *, *, #333, .T. ) ;
#2432 = FACE_OUTER_BOUND ( 'NONE', #2618, .T. ) ;
#2433 = DIRECTION ( 'NONE',  ( 1.734723475976807341E-16, 0.000000000000000000, 1.000000000000000000 ) ) ;
#2434 = ADVANCED_FACE ( 'NONE', ( #1237 ), #3070, .F. ) ;
#2435 = EDGE_CURVE ( 'NONE', #1247, #985, #2030, .T. ) ;
#2436 = ORIENTED_EDGE ( 'NONE', *, *, #147, .F. ) ;
#2437 = ORIENTED_EDGE ( 'NONE', *, *, #2634, .T. ) ;
#2438 = PERSON_AND_ORGANIZATION ( #2708, #331 ) ;
#2439 = CARTESIAN_POINT ( 'NONE',  ( 1.999999999999998668, 2.000000000000001776, 0.000000000000000000 ) ) ;
#2440 =( GEOMETRIC_REPRESENTATION_CONTEXT ( 3 ) GLOBAL_UNCERTAINTY_ASSIGNED_CONTEXT ( ( #1638 ) ) GLOBAL_UNIT_ASSIGNED_CONTEXT ( ( #776, #2332, #1507 ) ) REPRESENTATION_CONTEXT ( 'NONE', 'WORKASPACE' ) );
#2441 = CARTESIAN_POINT ( 'NONE',  ( 149.9999999999999716, 75.00000000000000000, 0.000000000000000000 ) ) ;
#2442 = VECTOR ( 'NONE', #1744, 1000.000000000000000 ) ;
#2443 = CARTESIAN_POINT ( 'NONE',  ( 107.9999999999999716, 42.00000000000000000, -89.17157287525380127 ) ) ;
#2444 = EDGE_LOOP ( 'NONE', ( #2798, #2903, #1315, #476 ) ) ;
#2445 = CARTESIAN_POINT ( 'NONE',  ( 144.9999999999999716, 32.00000000000000000, 0.002000000000002000178 ) ) ;
#2446 = ORIENTED_EDGE ( 'NONE', *, *, #3172, .T. ) ;
#2447 = VERTEX_POINT ( 'NONE', #244 ) ;
#2448 = PLANE ( 'NONE',  #866 ) ;
#2449 = DIRECTION ( 'NONE',  ( 0.000000000000000000, -1.000000000000000000, 0.000000000000000000 ) ) ;
#2450 = AXIS2_PLACEMENT_3D ( 'NONE', #2429, #1147, #1923 ) ;
#2451 = CC_DESIGN_DATE_AND_TIME_ASSIGNMENT ( #2484, #2989, ( #182 ) ) ;
#2452 = APPROVAL_PERSON_ORGANIZATION ( #845, #1913, #2916 ) ;
#2453 = EDGE_CURVE ( 'NONE', #1636, #1005, #2864, .T. ) ;
#2454 = EDGE_LOOP ( 'NONE', ( #1135, #657, #1495, #2462 ) ) ;
#2455 = APPROVAL_STATUS ( 'not_yet_approved' ) ;
#2456 = EDGE_CURVE ( 'NONE', #2662, #2414, #733, .T. ) ;
#2457 = AXIS2_PLACEMENT_3D ( 'NONE', #575, #2628, #304 ) ;
#2458 = CARTESIAN_POINT ( 'NONE',  ( 5.000000000000001776, 25.00000000000000000, -84.99999999999998579 ) ) ;
#2459 = CARTESIAN_POINT ( 'NONE',  ( 2.000000000000000000, 2.000000000000001776, -1.233581138472396309E-15 ) ) ;
#2460 = ORIENTED_EDGE ( 'NONE', *, *, #844, .F. ) ;
#2461 = VECTOR ( 'NONE', #1778, 1000.000000000000000 ) ;
#2462 = ORIENTED_EDGE ( 'NONE', *, *, #2558, .F. ) ;
#2463 = VECTOR ( 'NONE', #2114, 1000.000000000000000 ) ;
#2464 = PLANE ( 'NONE',  #2791 ) ;
#2465 = EDGE_CURVE ( 'NONE', #2418, #1428, #789, .T. ) ;
#2466 = ORIENTED_EDGE ( 'NONE', *, *, #1126, .T. ) ;
#2467 = CARTESIAN_POINT ( 'NONE',  ( 147.9999999999999716, 69.99999999999998579, -88.00000000000000000 ) ) ;
#2468 = LINE ( 'NONE', #1499, #956 ) ;
#2469 = ORIENTED_EDGE ( 'NONE', *, *, #2187, .F. ) ;
#2470 = B_SPLINE_CURVE_WITH_KNOTS ( 'NONE', 3,
 ( #1506, #2540, #1014, #1443 ),
 .UNSPECIFIED., .F., .F.,
 ( 4, 4 ),
 ( 1.989558592781778122E-07, 0.0002390594995800495999 ),
 .UNSPECIFIED. ) ;
#2471 = PERSON_AND_ORGANIZATION ( #2708, #331 ) ;
#2472 = PLANE ( 'NONE',  #721 ) ;
#2473 = CYLINDRICAL_SURFACE ( 'NONE', #3091, 2.000000000000001776 ) ;
#2474 = AXIS2_PLACEMENT_3D ( 'NONE', #1535, #2048, #2819 ) ;
#2475 = VECTOR ( 'NONE', #2412, 1000.000000000000000 ) ;
#2476 = ORIENTED_EDGE ( 'NONE', *, *, #686, .T. ) ;
#2477 = ORIENTED_EDGE ( 'NONE', *, *, #780, .F. ) ;
#2478 = CARTESIAN_POINT ( 'NONE',  ( 45.00000000000000000, 25.00000000000000000, -84.99999999999998579 ) ) ;
#2479 = CARTESIAN_POINT ( 'NONE',  ( 69.99999999999995737, 3.000000000000002665, -84.99999999999998579 ) ) ;
#2480 = VERTEX_POINT ( 'NONE', #210 ) ;
#2481 = VERTEX_POINT ( 'NONE', #491 ) ;
#2482 = LINE ( 'NONE', #1194, #1325 ) ;
#2483 = EDGE_CURVE ( 'NONE', #2382, #1814, #2326, .T. ) ;
#2484 = DATE_AND_TIME ( #1425, #2303 ) ;
#2485 = DIRECTION ( 'NONE',  ( 0.000000000000000000, -0.000000000000000000, -1.000000000000000000 ) ) ;
#2486 = ORIENTED_EDGE ( 'NONE', *, *, #1863, .F. ) ;
#2487 = CARTESIAN_POINT ( 'NONE',  ( 147.9999999999999432, 2.000000000000000000, -88.00000000000000000 ) ) ;
#2488 = CC_DESIGN_DATE_AND_TIME_ASSIGNMENT ( #891, #2977, ( #2921 ) ) ;
#2489 = DIRECTION ( 'NONE',  ( 0.000000000000000000, -1.000000000000000000, 0.000000000000000000 ) ) ;
#2490 = AXIS2_PLACEMENT_3D ( 'NONE', #1563, #1296, #2335 ) ;
#2491 = EDGE_LOOP ( 'NONE', ( #1368, #1921, #3206 ) ) ;
#2492 = FACE_OUTER_BOUND ( 'NONE', #2254, .T. ) ;
#2493 = DIRECTION ( 'NONE',  ( -0.000000000000000000, 1.000000000000000000, -0.000000000000000000 ) ) ;
#2494 = EDGE_LOOP ( 'NONE', ( #566, #347, #607, #3159 ) ) ;
#2495 = CARTESIAN_POINT ( 'NONE',  ( 1.999999999999946265, 69.99999999999998579, -88.00000000000000000 ) ) ;
#2496 = ORIENTED_EDGE ( 'NONE', *, *, #2736, .F. ) ;
#2497 = EDGE_CURVE ( 'NONE', #2920, #1967, #1520, .T. ) ;
#2498 = ORIENTED_EDGE ( 'NONE', *, *, #123, .F. ) ;
#2499 = APPROVAL_PERSON_ORGANIZATION ( #3095, #2308, #1096 ) ;
#2500 = COORDINATED_UNIVERSAL_TIME_OFFSET ( 8, 0, .AHEAD. ) ;
#2501 = CC_DESIGN_PERSON_AND_ORGANIZATION_ASSIGNMENT ( #1305, #2343, ( #1634 ) ) ;
#2502 = LINE ( 'NONE', #974, #2704 ) ;
#2503 = ORIENTED_EDGE ( 'NONE', *, *, #1946, .F. ) ;
#2504 = FACE_OUTER_BOUND ( 'NONE', #1711, .T. ) ;
#2505 = CARTESIAN_POINT ( 'NONE',  ( 2.999999999999947597, 56.00000000000000711, -85.39999999999999147 ) ) ;
#2506 = ORIENTED_EDGE ( 'NONE', *, *, #2039, .T. ) ;
#2507 = LINE ( 'NONE', #2546, #1446 ) ;
#2508 = LINE ( 'NONE', #2204, #507 ) ;
#2509 = CIRCLE ( 'NONE', #584, 2.000000000000000000 ) ;
#2510 = EDGE_CURVE ( 'NONE', #2974, #1327, #2294, .T. ) ;
#2511 = FACE_OUTER_BOUND ( 'NONE', #3025, .T. ) ;
#2512 = ORIENTED_EDGE ( 'NONE', *, *, #742, .F. ) ;
#2513 = FACE_OUTER_BOUND ( 'NONE', #2143, .T. ) ;
#2514 = AXIS2_PLACEMENT_3D ( 'NONE', #2786, #2587, #3004 ) ;
#2515 = PERSON_AND_ORGANIZATION_ROLE ( 'classification_officer' ) ;
#2516 = CARTESIAN_POINT ( 'NONE',  ( 1.999999999999944489, 0.000000000000000000, -90.00000000000000000 ) ) ;
#2517 = LINE ( 'NONE', #2555, #2726 ) ;
#2518 = ORIENTED_EDGE ( 'NONE', *, *, #3033, .F. ) ;
#2519 = DIRECTION ( 'NONE',  ( -1.000000000000000000, 0.000000000000000000, 6.167905692361981547E-16 ) ) ;
#2520 = CALENDAR_DATE ( 2026, 9, 4 ) ;
#2521 = ORIENTED_EDGE ( 'NONE', *, *, #2300, .F. ) ;
#2522 = FACE_OUTER_BOUND ( 'NONE', #463, .T. ) ;
#2523 = VECTOR ( 'NONE', #1824, 1000.000000000000000 ) ;
#2524 = ADVANCED_FACE ( 'NONE', ( #2554 ), #224, .T. ) ;
#2525 = VECTOR ( 'NONE', #1887, 1000.000000000000000 ) ;
#2526 = ORIENTED_EDGE ( 'NONE', *, *, #1161, .F. ) ;
#2527 = EDGE_CURVE ( 'NONE', #1417, #2373, #1026, .T. ) ;
#2528 = CARTESIAN_POINT ( 'NONE',  ( 74.99999999999995737, 13.00000000000000355, -56.99999999999999289 ) ) ;
#2529 = PLANE ( 'NONE',  #1556 ) ;
#2530 = ORIENTED_EDGE ( 'NONE', *, *, #450, .T. ) ;
#2531 = ORIENTED_EDGE ( 'NONE', *, *, #1078, .T. ) ;
#2532 = EDGE_CURVE ( 'NONE', #2381, #2910, #2502, .T. ) ;
#2533 = SPHERICAL_SURFACE ( 'NONE', #902, 2.000000000000000000 ) ;
#2534 = ADVANCED_FACE ( 'NONE', ( #1484 ), #2820, .F. ) ;
#2535 = EDGE_CURVE ( 'NONE', #1004, #999, #1524, .T. ) ;
#2536 = CALENDAR_DATE ( 2026, 9, 4 ) ;
#2537 = DIRECTION ( 'NONE',  ( -0.000000000000000000, 1.000000000000000000, -0.000000000000000000 ) ) ;
#2538 = FACE_BOUND ( 'NONE', #1640, .T. ) ;
#2539 = EDGE_LOOP ( 'NONE', ( #2208, #2568, #885, #1178 ) ) ;
#2540 = CARTESIAN_POINT ( 'NONE',  ( 148.0800376156034304, 0.7499999999999996669, -89.56124949959959736 ) ) ;
#2541 = DIRECTION ( 'NONE',  ( 0.000000000000000000, 0.000000000000000000, 1.000000000000000000 ) ) ;
#2542 = DIRECTION ( 'NONE',  ( 0.000000000000000000, 0.000000000000000000, 1.000000000000000000 ) ) ;
#2543 = EDGE_LOOP ( 'NONE', ( #2334, #2353, #1549, #2526 ) ) ;
#2544 = EDGE_CURVE ( 'NONE', #2968, #2749, #2128, .T. ) ;
#2545 = LOCAL_TIME ( 17, 50, 13.00000000000000000, #457 ) ;
#2546 = CARTESIAN_POINT ( 'NONE',  ( 10.00000000000000533, 45.00000000000000711, -90.00000000000000000 ) ) ;
#2547 = VERTEX_POINT ( 'NONE', #792 ) ;
#2548 = VECTOR ( 'NONE', #771, 1000.000000000000000 ) ;
#2549 = DIRECTION ( 'NONE',  ( 0.000000000000000000, 1.000000000000000000, 0.000000000000000000 ) ) ;
#2550 = CARTESIAN_POINT ( 'NONE',  ( -1.233581138472395718E-15, 2.000000000000001776, -1.999999999999998668 ) ) ;
#2551 = EDGE_CURVE ( 'NONE', #162, #90, #2115, .T. ) ;
#2552 = APPROVAL_DATE_TIME ( #717, #84 ) ;
#2553 = DIRECTION ( 'NONE',  ( 1.000000000000000000, 0.000000000000000000, 0.000000000000000000 ) ) ;
#2554 = FACE_OUTER_BOUND ( 'NONE', #1239, .T. ) ;
#2555 = CARTESIAN_POINT ( 'NONE',  ( 149.9999999999999716, 73.00000000000000000, 0.000000000000000000 ) ) ;
#2556 = ORIENTED_EDGE ( 'NONE', *, *, #276, .T. ) ;
#2557 = CARTESIAN_POINT ( 'NONE',  ( 107.9999999999999716, 50.00000000000000000, -88.00000000000000000 ) ) ;
#2558 = EDGE_CURVE ( 'NONE', #1812, #2158, #2297, .T. ) ;
#2559 = APPLICATION_CONTEXT ( 'configuration controlled 3d designs of mechanical parts and assemblies' ) ;
#2560 = DIRECTION ( 'NONE',  ( 1.000000000000000000, 0.000000000000000000, 0.000000000000000000 ) ) ;
#2561 = CARTESIAN_POINT ( 'NONE',  ( -5.551115123125782702E-14, 52.00000000000000711, -90.00000000000000000 ) ) ;
#2562 = CC_DESIGN_SECURITY_CLASSIFICATION ( #1697, ( #3326 ) ) ;
#2563 = EDGE_LOOP ( 'NONE', ( #2512, #2419, #1668, #1857 ) ) ;
#2564 = CARTESIAN_POINT ( 'NONE',  ( 144.9999999999999716, 3.000000000000002665, -84.99999999999998579 ) ) ;
#2565 = AXIS2_PLACEMENT_3D ( 'NONE', #1835, #879, #2129 ) ;
#2566 = CARTESIAN_POINT ( 'NONE',  ( 5.000000000000002665, 48.00000000000000000, -75.00000000000001421 ) ) ;
#2567 = VECTOR ( 'NONE', #3283, 1000.000000000000000 ) ;
#2568 = ORIENTED_EDGE ( 'NONE', *, *, #178, .F. ) ;
#2569 =( NAMED_UNIT ( * ) PLANE_ANGLE_UNIT ( ) SI_UNIT ( $, .RADIAN. ) );
#2570 = LINE ( 'NONE', #3302, #1009 ) ;
#2571 = DATE_TIME_ROLE ( 'classification_date' ) ;
#2572 = CARTESIAN_POINT ( 'NONE',  ( 45.00000000000000000, 31.00000000000000000, -84.99999999999998579 ) ) ;
#2573 = VECTOR ( 'NONE', #1420, 1000.000000000000000 ) ;
#2574 = CARTESIAN_POINT ( 'NONE',  ( 147.9999999999999716, 0.000000000000000000, 6.167905692361986477E-16 ) ) ;
#2575 = ORIENTED_EDGE ( 'NONE', *, *, #2417, .F. ) ;
#2576 = DIRECTION ( 'NONE',  ( -6.114063315515035723E-32, 1.000000000000000000, -9.912705577010325549E-17 ) ) ;
#2577 = CARTESIAN_POINT ( 'NONE',  ( 31.00000000000000711, 63.00000000000000000, -90.00100000000000477 ) ) ;
#2578 = EDGE_CURVE ( 'NONE', #2142, #720, #756, .T. ) ;
#2579 = ORIENTED_EDGE ( 'NONE', *, *, #1100, .F. ) ;
#2580 = DIRECTION ( 'NONE',  ( -0.000000000000000000, -1.000000000000000000, -0.000000000000000000 ) ) ;
#2581 = LINE ( 'NONE', #254, #2682 ) ;
#2582 = CIRCLE ( 'NONE', #468, 4.000000000000003553 ) ;
#2583 = CARTESIAN_POINT ( 'NONE',  ( 71.74999999999997158, 0.7500000000000023315, -89.56124949959959736 ) ) ;
#2584 = ORIENTED_EDGE ( 'NONE', *, *, #1294, .T. ) ;
#2585 = DIRECTION ( 'NONE',  ( -0.000000000000000000, -1.000000000000000000, 0.000000000000000000 ) ) ;
#2586 = EDGE_CURVE ( 'NONE', #1085, #1707, #3272, .T. ) ;
#2587 = DIRECTION ( 'NONE',  ( 1.000000000000000000, 0.000000000000000000, -0.000000000000000000 ) ) ;
#2588 = ORIENTED_EDGE ( 'NONE', *, *, #2323, .F. ) ;
#2589 = CARTESIAN_POINT ( 'NONE',  ( 10.00000000000000355, 63.00000000000000000, -90.00100000000000477 ) ) ;
#2590 = DIRECTION ( 'NONE',  ( -6.167905692361981547E-16, -9.912705577010325549E-17, -1.000000000000000000 ) ) ;
#2591 = DATE_AND_TIME ( #1489, #2545 ) ;
#2592 = ORIENTED_EDGE ( 'NONE', *, *, #243, .T. ) ;
#2593 = FACE_OUTER_BOUND ( 'NONE', #3017, .T. ) ;
#2594 = APPROVAL ( #1572, 'æœª' ) ;
#2595 = EDGE_CURVE ( 'NONE', #925, #1723, #2394, .T. ) ;
#2596 = EDGE_CURVE ( 'NONE', #531, #1085, #2052, .T. ) ;
#2597 = VERTEX_POINT ( 'NONE', #1241 ) ;
#2598 = ORIENTED_EDGE ( 'NONE', *, *, #529, .F. ) ;
#2599 = PLANE ( 'NONE',  #130 ) ;
#2600 = CARTESIAN_POINT ( 'NONE',  ( 5.000000000000008882, 4.000000000000002665, -17.99999999999998934 ) ) ;
#2601 = CARTESIAN_POINT ( 'NONE',  ( 122.9999999999999716, 50.00000000000000000, -84.99999999999998579 ) ) ;
#2602 = EDGE_CURVE ( 'NONE', #336, #720, #262, .T. ) ;
#2603 = ORIENTED_EDGE ( 'NONE', *, *, #2934, .F. ) ;
#2604 = DIRECTION ( 'NONE',  ( 1.000000000000000000, 0.000000000000000000, 0.000000000000000000 ) ) ;
#2605 = VECTOR ( 'NONE', #644, 1000.000000000000000 ) ;
#2606 = PLANE ( 'NONE',  #3035 ) ;
#2607 = VERTEX_POINT ( 'NONE', #2342 ) ;
#2608 = PERSON_AND_ORGANIZATION_ROLE ( 'design_owner' ) ;
#2609 = LINE ( 'NONE', #2644, #1861 ) ;
#2610 = FACE_OUTER_BOUND ( 'NONE', #3175, .T. ) ;
#2611 = PLANE ( 'NONE',  #601 ) ;
#2612 = LOCAL_TIME ( 17, 50, 13.00000000000000000, #469 ) ;
#2613 = ORIENTED_EDGE ( 'NONE', *, *, #3229, .T. ) ;
#2614 = VERTEX_POINT ( 'NONE', #2279 ) ;
#2615 = LINE ( 'NONE', #1823, #1044 ) ;
#2616 = DIRECTION ( 'NONE',  ( -1.000000000000000000, 0.000000000000000000, 1.192622389734055124E-16 ) ) ;
#2617 = CARTESIAN_POINT ( 'NONE',  ( 10.00000000000000355, 63.00000000000000000, -84.99999999999998579 ) ) ;
#2618 = EDGE_LOOP ( 'NONE', ( #504, #1798, #625, #2180 ) ) ;
#2619 = AXIS2_PLACEMENT_3D ( 'NONE', #594, #16, #3156 ) ;
#2620 = AXIS2_PLACEMENT_3D ( 'NONE', #1073, #258, #1813 ) ;
#2621 = PLANE ( 'NONE',  #3031 ) ;
#2622 = VECTOR ( 'NONE', #2264, 1000.000000000000000 ) ;
#2623 = ORIENTED_EDGE ( 'NONE', *, *, #962, .T. ) ;
#2624 = LINE ( 'NONE', #1956, #650 ) ;
#2625 = VECTOR ( 'NONE', #919, 1000.000000000000000 ) ;
#2626 = APPROVAL_DATE_TIME ( #2165, #2308 ) ;
#2627 = DIRECTION ( 'NONE',  ( 0.000000000000000000, 0.000000000000000000, -1.000000000000000000 ) ) ;
#2628 = DIRECTION ( 'NONE',  ( 0.000000000000000000, -1.000000000000000000, 0.000000000000000000 ) ) ;
#2629 = DIRECTION ( 'NONE',  ( 0.000000000000000000, 0.000000000000000000, 1.000000000000000000 ) ) ;
#2630 = ORIENTED_EDGE ( 'NONE', *, *, #286, .T. ) ;
#2631 = ORIENTED_EDGE ( 'NONE', *, *, #833, .F. ) ;
#2632 = CARTESIAN_POINT ( 'NONE',  ( 75.00000000000000000, 5.000000000000000000, -29.00000000000000000 ) ) ;
#2633 = DIRECTION ( 'NONE',  ( -1.000000000000000000, 0.000000000000000000, 0.000000000000000000 ) ) ;
#2634 = EDGE_CURVE ( 'NONE', #138, #1468, #1800, .T. ) ;
#2635 = CARTESIAN_POINT ( 'NONE',  ( 122.9999999999999716, 50.00000000000000000, -84.99999999999998579 ) ) ;
#2636 = ORIENTED_EDGE ( 'NONE', *, *, #333, .F. ) ;
#2637 = VECTOR ( 'NONE', #2391, 1000.000000000000000 ) ;
#2638 = DIRECTION ( 'NONE',  ( -1.000000000000000000, 0.000000000000000000, 0.000000000000000000 ) ) ;
#2639 = AXIS2_PLACEMENT_3D ( 'NONE', #1035, #6, #2060 ) ;
#2640 = EDGE_CURVE ( 'NONE', #2659, #164, #3073, .T. ) ;
#2641 = EDGE_LOOP ( 'NONE', ( #1156, #1389 ) ) ;
#2642 = CARTESIAN_POINT ( 'NONE',  ( 122.9999999999999716, 42.00000000000000000, -90.00000000000000000 ) ) ;
#2643 = COORDINATED_UNIVERSAL_TIME_OFFSET ( 8, 0, .AHEAD. ) ;
#2644 = CARTESIAN_POINT ( 'NONE',  ( 5.000000000000001776, 25.00000000000000000, 0.002000000000002000178 ) ) ;
#2645 = FACE_OUTER_BOUND ( 'NONE', #2718, .T. ) ;
#2646 = CARTESIAN_POINT ( 'NONE',  ( 75.00000000000000000, 0.000000000000000000, 0.000000000000000000 ) ) ;
#2647 = FACE_OUTER_BOUND ( 'NONE', #1364, .T. ) ;
#2648 = ORIENTED_EDGE ( 'NONE', *, *, #2417, .T. ) ;
#2649 = CC_DESIGN_PERSON_AND_ORGANIZATION_ASSIGNMENT ( #248, #793, ( #758 ) ) ;
#2650 = ORIENTED_EDGE ( 'NONE', *, *, #1958, .F. ) ;
#2651 = DIRECTION ( 'NONE',  ( -0.000000000000000000, 1.000000000000000000, -0.000000000000000000 ) ) ;
#2652 = EDGE_CURVE ( 'NONE', #1085, #1004, #548, .T. ) ;
#2653 = ORIENTED_EDGE ( 'NONE', *, *, #286, .F. ) ;
#2654 = ORIENTED_EDGE ( 'NONE', *, *, #1937, .F. ) ;
#2655 = CARTESIAN_POINT ( 'NONE',  ( 74.99999999999997158, 53.00000000000000711, -5.000000000000000000 ) ) ;
#2656 = CALENDAR_DATE ( 2026, 9, 4 ) ;
#2657 = VECTOR ( 'NONE', #2590, 1000.000000000000000 ) ;
#2658 = LINE ( 'NONE', #2088, #121 ) ;
#2659 = VERTEX_POINT ( 'NONE', #736 ) ;
#2660 = DIRECTION ( 'NONE',  ( -0.000000000000000000, -1.000000000000000000, -0.000000000000000000 ) ) ;
#2661 = DIRECTION ( 'NONE',  ( 1.000000000000000000, 0.000000000000000000, 0.000000000000000000 ) ) ;
#2662 = VERTEX_POINT ( 'NONE', #2788 ) ;
#2663 = DIRECTION ( 'NONE',  ( 0.000000000000000000, 0.000000000000000000, -1.000000000000000000 ) ) ;
#2664 = ORIENTED_EDGE ( 'NONE', *, *, #2595, .F. ) ;
#2665 = ORIENTED_EDGE ( 'NONE', *, *, #2371, .T. ) ;
#2666 = VECTOR ( 'NONE', #307, 1000.000000000000000 ) ;
#2667 = LOCAL_TIME ( 17, 50, 13.00000000000000000, #1994 ) ;
#2668 = CARTESIAN_POINT ( 'NONE',  ( 147.4999999999999716, 1.500000000000002665, -84.99999999999998579 ) ) ;
#2669 = DIRECTION ( 'NONE',  ( 0.000000000000000000, 0.000000000000000000, -1.000000000000000000 ) ) ;
#2670 = ORIENTED_EDGE ( 'NONE', *, *, #762, .F. ) ;
#2671 = VECTOR ( 'NONE', #2585, 1000.000000000000000 ) ;
#2672 = APPROVAL_STATUS ( 'not_yet_approved' ) ;
#2673 = FACE_OUTER_BOUND ( 'NONE', #400, .T. ) ;
#2674 = LINE ( 'NONE', #388, #3233 ) ;
#2675 = ORIENTED_EDGE ( 'NONE', *, *, #506, .F. ) ;
#2676 = EDGE_CURVE ( 'NONE', #3000, #3104, #2470, .T. ) ;
#2677 = VECTOR ( 'NONE', #2185, 1000.000000000000000 ) ;
#2678 = LINE ( 'NONE', #2445, #2194 ) ;
#2679 = ORIENTED_EDGE ( 'NONE', *, *, #120, .T. ) ;
#2680 = CARTESIAN_POINT ( 'NONE',  ( 107.9999999999999716, 50.00000000000000000, -88.00000000000000000 ) ) ;
#2681 = CARTESIAN_POINT ( 'NONE',  ( 1.999999999999946265, 69.99999999999998579, -88.00000000000000000 ) ) ;
#2682 = VECTOR ( 'NONE', #1297, 1000.000000000000000 ) ;
#2683 = ORIENTED_EDGE ( 'NONE', *, *, #314, .T. ) ;
#2684 = VECTOR ( 'NONE', #1209, 1000.000000000000000 ) ;
#2685 = SECURITY_CLASSIFICATION_LEVEL ( 'unclassified' ) ;
#2686 = EDGE_CURVE ( 'NONE', #3088, #569, #473, .T. ) ;
#2687 = CARTESIAN_POINT ( 'NONE',  ( 0.000000000000000000, 5.000000000000000000, 0.000000000000000000 ) ) ;
#2688 = ORIENTED_EDGE ( 'NONE', *, *, #1760, .F. ) ;
#2689 = ADVANCED_FACE ( 'NONE', ( #1731 ), #3273, .F. ) ;
#2690 = DIRECTION ( 'NONE',  ( 0.000000000000000000, 1.000000000000000000, 0.000000000000000000 ) ) ;
#2691 = ORIENTED_EDGE ( 'NONE', *, *, #1786, .F. ) ;
#2692 = EDGE_CURVE ( 'NONE', #2349, #2382, #456, .T. ) ;
#2693 = LINE ( 'NONE', #1882, #730 ) ;
#2694 = EDGE_CURVE ( 'NONE', #2262, #1753, #1716, .T. ) ;
#2695 = ORIENTED_EDGE ( 'NONE', *, *, #2211, .T. ) ;
#2696 = CARTESIAN_POINT ( 'NONE',  ( 147.9999999999999432, 0.7500000000000006661, -89.56124949959959736 ) ) ;
#2697 = EDGE_CURVE ( 'NONE', #2706, #3000, #1547, .T. ) ;
#2698 = ORIENTED_EDGE ( 'NONE', *, *, #1294, .F. ) ;
#2699 = ADVANCED_FACE ( 'NONE', ( #2504 ), #941, .F. ) ;
#2700 = APPLICATION_PROTOCOL_DEFINITION ( 'international standard', 'config_control_design', 1994, #1216 ) ;
#2701 =( BOUNDED_CURVE ( )  B_SPLINE_CURVE ( 3, ( #3245, #3259, #2796, #203 ),
 .UNSPECIFIED., .F., .F. ) 
 B_SPLINE_CURVE_WITH_KNOTS ( ( 4, 4 ),
 ( 2.253242999772241628, 3.141592653589793116 ),
 .UNSPECIFIED. ) 
 CURVE ( )  GEOMETRIC_REPRESENTATION_ITEM ( )  RATIONAL_B_SPLINE_CURVE ( ( 1.000000000000000000, 0.9353103735446470779, 0.9353103735446470779, 1.000000000000000000 ) ) 
 REPRESENTATION_ITEM ( '' )  );
#2702 = CARTESIAN_POINT ( 'NONE',  ( 72.49999999999997158, 1.500000000000002665, -84.99999999999998579 ) ) ;
#2703 =( GEOMETRIC_REPRESENTATION_CONTEXT ( 3 ) GLOBAL_UNCERTAINTY_ASSIGNED_CONTEXT ( ( #1736 ) ) GLOBAL_UNIT_ASSIGNED_CONTEXT ( ( #413, #1452, #2289 ) ) REPRESENTATION_CONTEXT ( 'NONE', 'WORKASPACE' ) );
#2704 = VECTOR ( 'NONE', #3003, 1000.000000000000000 ) ;
#2705 = DIRECTION ( 'NONE',  ( -1.000000000000000000, 0.000000000000000000, -0.000000000000000000 ) ) ;
#2706 = VERTEX_POINT ( 'NONE', #436 ) ;
#2707 = EDGE_CURVE ( 'NONE', #3306, #362, #2241, .T. ) ;
#2708 = PERSON ( 'æœª', 'æœª', 'æœª', ('æœª'), ('æœª'), ('æœª') ) ;
#2709 = EDGE_LOOP ( 'NONE', ( #3, #881, #2899, #132 ) ) ;
#2710 = DIRECTION ( 'NONE',  ( 0.000000000000000000, -0.000000000000000000, -1.000000000000000000 ) ) ;
#2711 = LINE ( 'NONE', #321, #366 ) ;
#2712 = LINE ( 'NONE', #1190, #3285 ) ;
#2713 = AXIS2_PLACEMENT_3D ( 'NONE', #2072, #1359, #863 ) ;
#2714 = CC_DESIGN_APPROVAL ( #1901, ( #2734 ) ) ;
#2715 = ORIENTED_EDGE ( 'NONE', *, *, #1366, .T. ) ;
#2716 = LINE ( 'NONE', #2467, #2725 ) ;
#2717 = FACE_OUTER_BOUND ( 'NONE', #2494, .T. ) ;
#2718 = EDGE_LOOP ( 'NONE', ( #55, #1839, #315, #89 ) ) ;
#2719 = PERSON_AND_ORGANIZATION ( #2708, #331 ) ;
#2720 = VECTOR ( 'NONE', #1166, 1000.000000000000000 ) ;
#2721 = DIRECTION ( 'NONE',  ( 1.192622389734055124E-16, -4.336808689942021680E-16, 1.000000000000000000 ) ) ;
#2722 = ORIENTED_EDGE ( 'NONE', *, *, #994, .F. ) ;
#2723 = FACE_OUTER_BOUND ( 'NONE', #1403, .T. ) ;
#2724 = CARTESIAN_POINT ( 'NONE',  ( 69.99999999999995737, 3.000000000000002665, -77.00000000000000000 ) ) ;
#2725 = VECTOR ( 'NONE', #2928, 1000.000000000000000 ) ;
#2726 = VECTOR ( 'NONE', #2826, 1000.000000000000000 ) ;
#2727 = EDGE_LOOP ( 'NONE', ( #1076, #2102, #98 ) ) ;
#2728 = CYLINDRICAL_SURFACE ( 'NONE', #2900, 4.000000000000000000 ) ;
#2729 = CARTESIAN_POINT ( 'NONE',  ( 75.00000000000000000, 0.000000000000000000, 0.000000000000000000 ) ) ;
#2730 = ADVANCED_FACE ( 'NONE', ( #3253 ), #2931, .F. ) ;
#2731 = EDGE_LOOP ( 'NONE', ( #1042, #2653, #2844, #1373 ) ) ;
#2732 = VERTEX_POINT ( 'NONE', #2951 ) ;
#2733 = ORIENTED_EDGE ( 'NONE', *, *, #1459, .T. ) ;
#2734 = PRODUCT_DEFINITION ( 'æœ', '', #223, #348 ) ;
#2735 = ADVANCED_FACE ( 'NONE', ( #407 ), #2473, .T. ) ;
#2736 = EDGE_CURVE ( 'NONE', #1032, #1843, #734, .T. ) ;
#2737 = CALENDAR_DATE ( 2026, 9, 4 ) ;
#2738 = DIRECTION ( 'NONE',  ( 1.000000000000000000, 0.000000000000000000, 0.000000000000000000 ) ) ;
#2739 = ORIENTED_EDGE ( 'NONE', *, *, #1155, .T. ) ;
#2740 = VECTOR ( 'NONE', #1449, 1000.000000000000000 ) ;
#2741 = CARTESIAN_POINT ( 'NONE',  ( 10.00000000000000355, 63.00000000000000000, -90.00100000000000477 ) ) ;
#2742 = CARTESIAN_POINT ( 'NONE',  ( 74.99999999999997158, 53.00000000000000711, -5.000000000000000000 ) ) ;
#2743 = DIRECTION ( 'NONE',  ( -0.000000000000000000, 1.000000000000000000, -0.000000000000000000 ) ) ;
#2744 = ORIENTED_EDGE ( 'NONE', *, *, #1992, .F. ) ;
#2745 = EDGE_CURVE ( 'NONE', #226, #1230, #2768, .T. ) ;
#2746 = LINE ( 'NONE', #1189, #2684 ) ;
#2747 = CC_DESIGN_DATE_AND_TIME_ASSIGNMENT ( #2869, #1062, ( #2073 ) ) ;
#2748 = SPHERICAL_SURFACE ( 'NONE', #828, 2.000000000000000000 ) ;
#2749 = VERTEX_POINT ( 'NONE', #1996 ) ;
#2750 = LINE ( 'NONE', #2010, #2411 ) ;
#2751 = ADVANCED_FACE ( 'NONE', ( #455 ), #1302, .F. ) ;
#2752 = SECURITY_CLASSIFICATION_LEVEL ( 'unclassified' ) ;
#2753 = DIRECTION ( 'NONE',  ( -6.167905692361981547E-16, -0.000000000000000000, -1.000000000000000000 ) ) ;
#2754 = ORIENTED_EDGE ( 'NONE', *, *, #1093, .T. ) ;
#2755 = CARTESIAN_POINT ( 'NONE',  ( 74.99999999999995737, 32.00000000000000000, -5.000000000000000000 ) ) ;
#2756 = CARTESIAN_POINT ( 'NONE',  ( 148.7499999999999432, 37.50000000000000000, -89.85404962177391042 ) ) ;
#2757 = AXIS2_PLACEMENT_3D ( 'NONE', #1906, #1321, #911 ) ;
#2758 = VECTOR ( 'NONE', #128, 1000.000000000000000 ) ;
#2759 = EDGE_LOOP ( 'NONE', ( #2011, #2202, #1498, #652 ) ) ;
#2760 = CARTESIAN_POINT ( 'NONE',  ( 147.9999999999999716, 69.99999999999998579, -88.00000000000000000 ) ) ;
#2761 = DIRECTION ( 'NONE',  ( 0.000000000000000000, -1.000000000000000000, 0.000000000000000000 ) ) ;
#2762 = EDGE_LOOP ( 'NONE', ( #2460, #149, #75, #2895 ) ) ;
#2763 = DIRECTION ( 'NONE',  ( 0.000000000000000000, 0.000000000000000000, 1.000000000000000000 ) ) ;
#2764 = ORIENTED_EDGE ( 'NONE', *, *, #105, .T. ) ;
#2765 = CC_DESIGN_APPROVAL ( #763, ( #726 ) ) ;
#2766 = DATE_AND_TIME ( #3323, #2667 ) ;
#2767 = CARTESIAN_POINT ( 'NONE',  ( 5.000000000000010658, 3.000000000000002665, -5.000000000000000000 ) ) ;
#2768 = LINE ( 'NONE', #754, #2310 ) ;
#2769 = ORIENTED_EDGE ( 'NONE', *, *, #801, .F. ) ;
#2770 = EDGE_CURVE ( 'NONE', #2706, #2061, #3289, .T. ) ;
#2771 = VECTOR ( 'NONE', #87, 1000.000000000000000 ) ;
#2772 = CARTESIAN_POINT ( 'NONE',  ( 0.000000000000000000, 0.000000000000000000, 0.000000000000000000 ) ) ;
#2773 = DIRECTION ( 'NONE',  ( 1.000000000000000000, 0.000000000000000000, 0.000000000000000000 ) ) ;
#2774 = EDGE_CURVE ( 'NONE', #1170, #2547, #2068, .T. ) ;
#2775 = ORIENTED_EDGE ( 'NONE', *, *, #1533, .T. ) ;
#2776 = EDGE_CURVE ( 'NONE', #2292, #2749, #1765, .T. ) ;
#2777 = LINE ( 'NONE', #3015, #192 ) ;
#2778 = VECTOR ( 'NONE', #1991, 1000.000000000000000 ) ;
#2779 = ORIENTED_EDGE ( 'NONE', *, *, #704, .F. ) ;
#2780 = PLANE ( 'NONE',  #56 ) ;
#2781 = ORIENTED_EDGE ( 'NONE', *, *, #2532, .F. ) ;
#2782 = DIRECTION ( 'NONE',  ( 0.000000000000000000, 1.000000000000000000, 0.000000000000000000 ) ) ;
#2783 = ORIENTED_EDGE ( 'NONE', *, *, #1440, .T. ) ;
#2784 = SECURITY_CLASSIFICATION_LEVEL ( 'unclassified' ) ;
#2785 = CARTESIAN_POINT ( 'NONE',  ( 147.4999999999999716, 1.500000000000002665, -84.99999999999998579 ) ) ;
#2786 = CARTESIAN_POINT ( 'NONE',  ( 147.9999999999999716, 2.000000000000001776, -2.000000000000000000 ) ) ;
#2787 = ORIENTED_EDGE ( 'NONE', *, *, #69, .F. ) ;
#2788 = CARTESIAN_POINT ( 'NONE',  ( 2.999999999999953815, 48.00000000000000000, -75.00000000000001421 ) ) ;
#2789 = APPROVAL_STATUS ( 'not_yet_approved' ) ;
#2790 = CARTESIAN_POINT ( 'NONE',  ( -2.775557561562891351E-14, 5.000000000000000000, -86.00000000000000000 ) ) ;
#2791 = AXIS2_PLACEMENT_3D ( 'NONE', #281, #2221, #1356 ) ;
#2792 = VECTOR ( 'NONE', #287, 1000.000000000000000 ) ;
#2793 = ORIENTED_EDGE ( 'NONE', *, *, #2, .T. ) ;
#2794 = CARTESIAN_POINT ( 'NONE',  ( 5.000000000000000888, 3.000000000000002665, -84.99999999999998579 ) ) ;
#2795 = EDGE_CURVE ( 'NONE', #2009, #3243, #2517, .T. ) ;
#2796 = CARTESIAN_POINT ( 'NONE',  ( 147.4999999999999716, 1.500000000000002442, -88.61257800755100789 ) ) ;
#2797 = EDGE_CURVE ( 'NONE', #2833, #897, #492, .T. ) ;
#2798 = ORIENTED_EDGE ( 'NONE', *, *, #1902, .T. ) ;
#2799 = ORIENTED_EDGE ( 'NONE', *, *, #1153, .F. ) ;
#2800 = CARTESIAN_POINT ( 'NONE',  ( 1.999999999999946265, 75.00000000000000000, -2.000000000000000000 ) ) ;
#2801 = EDGE_CURVE ( 'NONE', #2862, #1247, #1253, .T. ) ;
#2802 = APPROVAL_ROLE ( '' ) ;
#2803 = DIRECTION ( 'NONE',  ( 0.000000000000000000, 0.000000000000000000, 1.000000000000000000 ) ) ;
#2804 = CARTESIAN_POINT ( 'NONE',  ( 13.00000000000001066, -0.001000000000001000089, -13.99999999999998401 ) ) ;
#2805 = ORIENTED_EDGE ( 'NONE', *, *, #2250, .F. ) ;
#2806 = CARTESIAN_POINT ( 'NONE',  ( 122.9999999999999716, 50.00000000000000000, -90.00000000000000000 ) ) ;
#2807 = DIRECTION ( 'NONE',  ( 1.000000000000000000, 0.000000000000000000, 0.000000000000000000 ) ) ;
#2808 = DIRECTION ( 'NONE',  ( 1.000000000000000000, -0.000000000000000000, -0.000000000000000000 ) ) ;
#2809 = ORIENTED_EDGE ( 'NONE', *, *, #78, .T. ) ;
#2810 =( BOUNDED_CURVE ( )  B_SPLINE_CURVE ( 3, ( #3248, #1710, #2237, #416 ),
 .UNSPECIFIED., .F., .T. ) 
 B_SPLINE_CURVE_WITH_KNOTS ( ( 4, 4 ),
 ( 4.712388980384689674, 6.283185307179586232 ),
 .UNSPECIFIED. ) 
 CURVE ( )  GEOMETRIC_REPRESENTATION_ITEM ( )  RATIONAL_B_SPLINE_CURVE ( ( 1.000000000000000000, 0.8047378541243649375, 0.8047378541243649375, 1.000000000000000000 ) ) 
 REPRESENTATION_ITEM ( '' )  );
#2811 = AXIS2_PLACEMENT_3D ( 'NONE', #1801, #1258, #2807 ) ;
#2812 = DIRECTION ( 'NONE',  ( -6.167905692361981547E-16, -0.000000000000000000, -1.000000000000000000 ) ) ;
#2813 = CARTESIAN_POINT ( 'NONE',  ( 5.000000000000008882, 47.99999999999999289, -25.00000000000000711 ) ) ;
#2814 = ORIENTED_EDGE ( 'NONE', *, *, #768, .F. ) ;
#2815 = VECTOR ( 'NONE', #2330, 1000.000000000000000 ) ;
#2816 =( NAMED_UNIT ( * ) SI_UNIT ( $, .STERADIAN. ) SOLID_ANGLE_UNIT ( ) );
#2817 = CARTESIAN_POINT ( 'NONE',  ( 5.000000000000000888, 3.000000000000002665, -84.99999999999998579 ) ) ;
#2818 = COORDINATED_UNIVERSAL_TIME_OFFSET ( 8, 0, .AHEAD. ) ;
#2819 = DIRECTION ( 'NONE',  ( 0.000000000000000000, 0.000000000000000000, 1.000000000000000000 ) ) ;
#2820 = PLANE ( 'NONE',  #1255 ) ;
#2821 = CARTESIAN_POINT ( 'NONE',  ( 145.9999999999999716, 5.000000000000000000, -86.00000000000000000 ) ) ;
#2822 = ORIENTED_EDGE ( 'NONE', *, *, #1257, .T. ) ;
#2823 = APPLICATION_PROTOCOL_DEFINITION ( 'international standard', 'config_control_design', 1994, #1281 ) ;
#2824 = CARTESIAN_POINT ( 'NONE',  ( 107.9999999999999716, 42.00000000000000000, -84.99999999999998579 ) ) ;
#2825 = CC_DESIGN_SECURITY_CLASSIFICATION ( #2073, ( #2021 ) ) ;
#2826 = DIRECTION ( 'NONE',  ( 3.083952846180990774E-16, -0.000000000000000000, 1.000000000000000000 ) ) ;
#2827 = EDGE_LOOP ( 'NONE', ( #3005, #2025, #2270, #1072 ) ) ;
#2828 = DIRECTION ( 'NONE',  ( 0.000000000000000000, 0.000000000000000000, 1.000000000000000000 ) ) ;
#2829 = DIRECTION ( 'NONE',  ( 0.000000000000000000, 0.000000000000000000, 1.000000000000000000 ) ) ;
#2830 = AXIS2_PLACEMENT_3D ( 'NONE', #2926, #2186, #1092 ) ;
#2831 = DIRECTION ( 'NONE',  ( 0.000000000000000000, 0.000000000000000000, 1.000000000000000000 ) ) ;
#2832 = ADVANCED_FACE ( 'NONE', ( #245 ), #259, .T. ) ;
#2833 = VERTEX_POINT ( 'NONE', #975 ) ;
#2834 = CIRCLE ( 'NONE', #1382, 4.000000000000000000 ) ;
#2835 = FACE_OUTER_BOUND ( 'NONE', #2759, .T. ) ;
#2836 = APPROVAL_STATUS ( 'not_yet_approved' ) ;
#2837 = CC_DESIGN_PERSON_AND_ORGANIZATION_ASSIGNMENT ( #2719, #957, ( #223 ) ) ;
#2838 = VECTOR ( 'NONE', #1475, 1000.000000000000000 ) ;
#2839 = CARTESIAN_POINT ( 'NONE',  ( 147.9999999999999716, 2.000000000000001776, 6.167905692361981547E-16 ) ) ;
#2840 = ORIENTED_EDGE ( 'NONE', *, *, #762, .T. ) ;
#2841 = DIRECTION ( 'NONE',  ( 1.000000000000000000, 0.000000000000000000, 0.000000000000000000 ) ) ;
#2842 = EDGE_CURVE ( 'NONE', #1903, #2061, #1661, .T. ) ;
#2843 = EDGE_CURVE ( 'NONE', #1468, #472, #719, .T. ) ;
#2844 = ORIENTED_EDGE ( 'NONE', *, *, #2245, .F. ) ;
#2845 = CARTESIAN_POINT ( 'NONE',  ( 5.000000000000000888, 69.99999999999998579, -84.99999999999998579 ) ) ;
#2846 = DIRECTION ( 'NONE',  ( 0.000000000000000000, 0.000000000000000000, 1.000000000000000000 ) ) ;
#2847 = EDGE_LOOP ( 'NONE', ( #2631, #2170, #747, #903 ) ) ;
#2848 = LINE ( 'NONE', #2307, #3152 ) ;
#2849 = CARTESIAN_POINT ( 'NONE',  ( 74.99999999999995737, 3.000000000000002665, -84.99999999999998579 ) ) ;
#2850 = ORIENTED_EDGE ( 'NONE', *, *, #2134, .F. ) ;
#2851 = CARTESIAN_POINT ( 'NONE',  ( 144.9999999999999716, 3.000000000000002665, -5.000000000000000000 ) ) ;
#2852 = CARTESIAN_POINT ( 'NONE',  ( 1.999999999999945821, 73.00000000000000000, -88.00000000000000000 ) ) ;
#2853 = DATE_AND_TIME ( #1889, #3234 ) ;
#2854 = LINE ( 'NONE', #1097, #1117 ) ;
#2855 = DIRECTION ( 'NONE',  ( -3.083952846180990774E-16, 0.000000000000000000, -1.000000000000000000 ) ) ;
#2856 = LINE ( 'NONE', #2919, #1081 ) ;
#2857 = ORIENTED_EDGE ( 'NONE', *, *, #2697, .F. ) ;
#2858 = EDGE_LOOP ( 'NONE', ( #1295, #1680, #1102, #2363 ) ) ;
#2859 = FACE_OUTER_BOUND ( 'NONE', #2762, .T. ) ;
#2860 = CARTESIAN_POINT ( 'NONE',  ( 1.999999999999945821, 73.00000000000000000, -88.00000000000000000 ) ) ;
#2861 = FACE_OUTER_BOUND ( 'NONE', #850, .T. ) ;
#2862 = VERTEX_POINT ( 'NONE', #1012 ) ;
#2863 = CARTESIAN_POINT ( 'NONE',  ( 147.4999999999999716, 32.50000000000000000, -88.00000000000000000 ) ) ;
#2864 = CIRCLE ( 'NONE', #383, 2.000000000000001776 ) ;
#2865 = EDGE_LOOP ( 'NONE', ( #3280, #959, #1782, #3188 ) ) ;
#2866 = CARTESIAN_POINT ( 'NONE',  ( 10.00000000000000355, 63.00000000000000000, -90.00000000000000000 ) ) ;
#2867 = ADVANCED_BREP_SHAPE_REPRESENTATION ( '', ( #592, #2065 ), #494 ) ;
#2868 = EDGE_CURVE ( 'NONE', #2414, #670, #1745, .T. ) ;
#2869 = DATE_AND_TIME ( #809, #168 ) ;
#2870 = VERTEX_POINT ( 'NONE', #471 ) ;
#2871 = ADVANCED_FACE ( 'NONE', ( #2276 ), #2311, .F. ) ;
#2872 = CARTESIAN_POINT ( 'NONE',  ( 148.5109620222771127, 31.98903797772283042, -89.95074524479645106 ) ) ;
#2873 = CIRCLE ( 'NONE', #567, 2.000000000000001776 ) ;
#2874 = PLANE ( 'NONE',  #2457 ) ;
#2875 = VECTOR ( 'NONE', #1957, 1000.000000000000000 ) ;
#2876 = SECURITY_CLASSIFICATION ( '', '', #2752 ) ;
#2877 = VERTEX_POINT ( 'NONE', #1504 ) ;
#2878 = ORIENTED_EDGE ( 'NONE', *, *, #807, .F. ) ;
#2879 = PLANE ( 'NONE',  #3099 ) ;
#2880 = ADVANCED_FACE ( 'NONE', ( #2538, #211 ), #1797, .T. ) ;
#2881 = DIRECTION ( 'NONE',  ( -1.000000000000000000, -0.000000000000000000, 1.734723475976807341E-16 ) ) ;
#2882 = ORIENTED_EDGE ( 'NONE', *, *, #962, .F. ) ;
#2883 = AXIS2_PLACEMENT_3D ( 'NONE', #1292, #1323, #2089 ) ;
#2884 = VECTOR ( 'NONE', #1606, 1000.000000000000000 ) ;
#2885 = CARTESIAN_POINT ( 'NONE',  ( 2.999999999999988898, 9.000000000000001776, -17.99999999999998934 ) ) ;
#2886 = DIRECTION ( 'NONE',  ( 0.000000000000000000, -1.000000000000000000, 0.000000000000000000 ) ) ;
#2887 = ORIENTED_EDGE ( 'NONE', *, *, #581, .F. ) ;
#2888 = DIRECTION ( 'NONE',  ( -0.000000000000000000, 1.000000000000000000, -0.000000000000000000 ) ) ;
#2889 = AXIS2_PLACEMENT_3D ( 'NONE', #1413, #1695, #145 ) ;
#2890 = PERSON_AND_ORGANIZATION ( #2708, #331 ) ;
#2891 = DIRECTION ( 'NONE',  ( 0.000000000000000000, -1.000000000000000000, 0.000000000000000000 ) ) ;
#2892 = CYLINDRICAL_SURFACE ( 'NONE', #3196, 2.000000000000001776 ) ;
#2893 = CC_DESIGN_PERSON_AND_ORGANIZATION_ASSIGNMENT ( #14, #877, ( #2021 ) ) ;
#2894 = DIRECTION ( 'NONE',  ( 0.000000000000000000, -1.000000000000000000, 0.000000000000000000 ) ) ;
#2895 = ORIENTED_EDGE ( 'NONE', *, *, #3176, .F. ) ;
#2896 = PLANE ( 'NONE',  #2490 ) ;
#2897 = DIRECTION ( 'NONE',  ( -0.000000000000000000, -1.000000000000000000, -0.000000000000000000 ) ) ;
#2898 = CC_DESIGN_DATE_AND_TIME_ASSIGNMENT ( #1039, #1534, ( #3138 ) ) ;
#2899 = ORIENTED_EDGE ( 'NONE', *, *, #2285, .T. ) ;
#2900 = AXIS2_PLACEMENT_3D ( 'NONE', #184, #2987, #1771 ) ;
#2901 = CARTESIAN_POINT ( 'NONE',  ( 1.999999999999946265, 69.99999999999998579, -88.00000000000000000 ) ) ;
#2902 = VECTOR ( 'NONE', #1314, 1000.000000000000000 ) ;
#2903 = ORIENTED_EDGE ( 'NONE', *, *, #1399, .F. ) ;
#2904 = CARTESIAN_POINT ( 'NONE',  ( 0.000000000000000000, 75.00000000000000000, -2.000000000000000000 ) ) ;
#2905 = PERSON_AND_ORGANIZATION ( #2708, #331 ) ;
#2906 = DIRECTION ( 'NONE',  ( -1.000000000000000000, -0.000000000000000000, -0.000000000000000000 ) ) ;
#2907 = CARTESIAN_POINT ( 'NONE',  ( 1.999999999999946265, 69.99999999999998579, -88.00000000000000000 ) ) ;
#2908 = DIRECTION ( 'NONE',  ( -0.000000000000000000, -1.000000000000000000, -0.000000000000000000 ) ) ;
#2909 = VERTEX_POINT ( 'NONE', #772 ) ;
#2910 = VERTEX_POINT ( 'NONE', #2821 ) ;
#2911 = LINE ( 'NONE', #804, #1438 ) ;
#2912 = DIRECTION ( 'NONE',  ( 0.000000000000000000, -1.000000000000000000, 0.000000000000000000 ) ) ;
#2913 = EDGE_CURVE ( 'NONE', #3177, #2732, #1139, .T. ) ;
#2914 = ORIENTED_EDGE ( 'NONE', *, *, #218, .T. ) ;
#2915 = EDGE_CURVE ( 'NONE', #1423, #1210, #483, .T. ) ;
#2916 = APPROVAL_ROLE ( '' ) ;
#2917 = DIRECTION ( 'NONE',  ( 1.000000000000000000, -0.000000000000000000, 0.000000000000000000 ) ) ;
#2918 = PRODUCT_DEFINITION_SHAPE ( 'NONE', 'NONE',  #758 ) ;
#2919 = CARTESIAN_POINT ( 'NONE',  ( 5.000000000000010658, 69.99999999999998579, -5.000000000000000000 ) ) ;
#2920 = VERTEX_POINT ( 'NONE', #365 ) ;
#2921 = SECURITY_CLASSIFICATION ( '', '', #2685 ) ;
#2922 = DIRECTION ( 'NONE',  ( 0.000000000000000000, 1.000000000000000000, -0.000000000000000000 ) ) ;
#2923 = ORIENTED_EDGE ( 'NONE', *, *, #1760, .T. ) ;
#2924 = CC_DESIGN_APPROVAL ( #1649, ( #1752 ) ) ;
#2925 = CARTESIAN_POINT ( 'NONE',  ( 150.0009999999999764, 13.00000000000000355, -57.00000000000000711 ) ) ;
#2926 = CARTESIAN_POINT ( 'NONE',  ( 1.999999999999998668, 73.00000000000000000, -2.000000000000000000 ) ) ;
#2927 = EDGE_CURVE ( 'NONE', #656, #1925, #2911, .T. ) ;
#2928 = DIRECTION ( 'NONE',  ( -0.000000000000000000, -0.000000000000000000, -1.000000000000000000 ) ) ;
#2929 = CALENDAR_DATE ( 2026, 9, 4 ) ;
#2930 = LINE ( 'NONE', #2702, #58 ) ;
#2931 = PLANE ( 'NONE',  #2090 ) ;
#2932 = VERTEX_POINT ( 'NONE', #637 ) ;
#2933 = VECTOR ( 'NONE', #1491, 1000.000000000000000 ) ;
#2934 = EDGE_CURVE ( 'NONE', #821, #139, #395, .T. ) ;
#2935 = CARTESIAN_POINT ( 'NONE',  ( 13.00000000000001066, -0.001000000000001000089, -77.99999999999998579 ) ) ;
#2936 = ORIENTED_EDGE ( 'NONE', *, *, #2213, .F. ) ;
#2937 = VERTEX_POINT ( 'NONE', #117 ) ;
#2938 = VECTOR ( 'NONE', #530, 1000.000000000000000 ) ;
#2939 = EDGE_CURVE ( 'NONE', #670, #936, #545, .T. ) ;
#2940 = CARTESIAN_POINT ( 'NONE',  ( 147.9999999999999716, 2.000000000000001776, 0.000000000000000000 ) ) ;
#2941 = ORIENTED_EDGE ( 'NONE', *, *, #69, .T. ) ;
#2942 = CARTESIAN_POINT ( 'NONE',  ( 71.39180857139051284, 1.108191428609448526, -89.84803216045979468 ) ) ;
#2943 = LINE ( 'NONE', #2141, #1593 ) ;
#2944 = AXIS2_PLACEMENT_3D ( 'NONE', #1799, #513, #1288 ) ;
#2945 = ORIENTED_EDGE ( 'NONE', *, *, #2745, .T. ) ;
#2946 = DIRECTION ( 'NONE',  ( 0.000000000000000000, 1.000000000000000000, 0.000000000000000000 ) ) ;
#2947 = EDGE_LOOP ( 'NONE', ( #983, #2189, #1777, #115 ) ) ;
#2948 = VECTOR ( 'NONE', #186, 1000.000000000000000 ) ;
#2949 = PERSON_AND_ORGANIZATION ( #2708, #331 ) ;
#2950 = CARTESIAN_POINT ( 'NONE',  ( 147.4999999999999716, 1.500000000000002665, -84.99999999999998579 ) ) ;
#2951 = CARTESIAN_POINT ( 'NONE',  ( 75.00000000000000000, 0.000000000000000000, -29.00000000000000000 ) ) ;
#2952 = CARTESIAN_POINT ( 'NONE',  ( -0.001000000000063450134, 9.000000000000001776, -80.99999999999998579 ) ) ;
#2953 = DIRECTION ( 'NONE',  ( 9.637352644315597708E-17, -1.000000000000000000, 0.000000000000000000 ) ) ;
#2954 = DIRECTION ( 'NONE',  ( 0.000000000000000000, 1.000000000000000000, 0.000000000000000000 ) ) ;
#2955 = ORIENTED_EDGE ( 'NONE', *, *, #506, .T. ) ;
#2956 = EDGE_LOOP ( 'NONE', ( #1637, #71, #1702, #2799 ) ) ;
#2957 = CARTESIAN_POINT ( 'NONE',  ( 75.00000000000000000, 5.000000000000000000, -29.00000000000000000 ) ) ;
#2958 = LINE ( 'NONE', #2904, #1493 ) ;
#2959 = DIRECTION ( 'NONE',  ( 1.000000000000000000, 0.000000000000000000, -1.734723475976807341E-16 ) ) ;
#2960 = ORIENTED_EDGE ( 'NONE', *, *, #185, .T. ) ;
#2961 = COORDINATED_UNIVERSAL_TIME_OFFSET ( 8, 0, .AHEAD. ) ;
#2962 = PLANE ( 'NONE',  #2233 ) ;
#2963 = EDGE_CURVE ( 'NONE', #162, #1670, #1926, .T. ) ;
#2964 = AXIS2_PLACEMENT_3D ( 'NONE', #1919, #1729, #2485 ) ;
#2965 = DIRECTION ( 'NONE',  ( -1.000000000000000000, 0.000000000000000000, 6.167905692361981547E-16 ) ) ;
#2966 = LINE ( 'NONE', #675, #853 ) ;
#2967 = ORIENTED_EDGE ( 'NONE', *, *, #298, .T. ) ;
#2968 = VERTEX_POINT ( 'NONE', #665 ) ;
#2969 = DIRECTION ( 'NONE',  ( -1.000000000000000000, 0.000000000000000000, 0.000000000000000000 ) ) ;
#2970 = DIRECTION ( 'NONE',  ( 3.227392513445222811E-16, -0.000000000000000000, 1.000000000000000000 ) ) ;
#2971 = EDGE_CURVE ( 'NONE', #1682, #3306, #1899, .T. ) ;
#2972 = EDGE_CURVE ( 'NONE', #493, #3220, #102, .T. ) ;
#2973 = APPROVAL_PERSON_ORGANIZATION ( #1283, #1250, #973 ) ;
#2974 = VERTEX_POINT ( 'NONE', #2668 ) ;
#2975 = DIRECTION ( 'NONE',  ( -0.000000000000000000, -0.000000000000000000, -1.000000000000000000 ) ) ;
#2976 = ORIENTED_EDGE ( 'NONE', *, *, #2797, .F. ) ;
#2977 = DATE_TIME_ROLE ( 'classification_date' ) ;
#2978 = LINE ( 'NONE', #1426, #1419 ) ;
#2979 = ORIENTED_EDGE ( 'NONE', *, *, #2040, .T. ) ;
#2980 = VECTOR ( 'NONE', #3106, 1000.000000000000000 ) ;
#2981 = DIRECTION ( 'NONE',  ( 1.000000000000000000, -0.000000000000000000, 0.000000000000000000 ) ) ;
#2982 = ORIENTED_EDGE ( 'NONE', *, *, #2126, .F. ) ;
#2983 = VECTOR ( 'NONE', #3309, 1000.000000000000000 ) ;
#2984 = CC_DESIGN_PERSON_AND_ORGANIZATION_ASSIGNMENT ( #301, #2608, ( #1132 ) ) ;
#2985 = AXIS2_PLACEMENT_3D ( 'NONE', #2925, #1671, #10 ) ;
#2986 = DIRECTION ( 'NONE',  ( -0.000000000000000000, 0.000000000000000000, -1.000000000000000000 ) ) ;
#2987 = DIRECTION ( 'NONE',  ( -0.000000000000000000, 1.000000000000000000, -0.000000000000000000 ) ) ;
#2988 = EDGE_LOOP ( 'NONE', ( #641, #2679, #41 ) ) ;
#2989 = DATE_TIME_ROLE ( 'creation_date' ) ;
#2990 = ADVANCED_FACE ( 'NONE', ( #2432 ), #653, .F. ) ;
#2991 = FACE_OUTER_BOUND ( 'NONE', #878, .T. ) ;
#2992 = ORIENTED_EDGE ( 'NONE', *, *, #263, .F. ) ;
#2993 = VECTOR ( 'NONE', #610, 1000.000000000000000 ) ;
#2994 = LINE ( 'NONE', #2001, #2026 ) ;
#2995 = ORIENTED_EDGE ( 'NONE', *, *, #2913, .F. ) ;
#2996 = CARTESIAN_POINT ( 'NONE',  ( 147.4999999999999716, 30.50000000000000355, -84.99999999999998579 ) ) ;
#2997 = LINE ( 'NONE', #1477, #2403 ) ;
#2998 = EDGE_LOOP ( 'NONE', ( #2556, #766, #784, #2341, #2670, #3232, #2184, #1739, #557, #1512, #1466, #1311 ) ) ;
#2999 = DIRECTION ( 'NONE',  ( -1.214306433183764966E-16, 0.000000000000000000, -1.000000000000000000 ) ) ;
#3000 = VERTEX_POINT ( 'NONE', #2696 ) ;
#3001 = ADVANCED_FACE ( 'NONE', ( #2405 ), #2083, .F. ) ;
#3002 = CALENDAR_DATE ( 2026, 9, 4 ) ;
#3003 = DIRECTION ( 'NONE',  ( -3.227392513445222811E-16, 0.000000000000000000, -1.000000000000000000 ) ) ;
#3004 = DIRECTION ( 'NONE',  ( 0.000000000000000000, 0.000000000000000000, -1.000000000000000000 ) ) ;
#3005 = ORIENTED_EDGE ( 'NONE', *, *, #2064, .T. ) ;
#3006 = ADVANCED_FACE ( 'NONE', ( #1685 ), #1569, .F. ) ;
#3007 = ADVANCED_FACE ( 'NONE', ( #352 ), #2606, .F. ) ;
#3008 = DATE_AND_TIME ( #2520, #1966 ) ;
#3009 = LINE ( 'NONE', #2742, #318 ) ;
#3010 = CARTESIAN_POINT ( 'NONE',  ( 0.000000000000000000, 0.000000000000000000, -84.99999999999998579 ) ) ;
#3011 = LINE ( 'NONE', #1769, #2983 ) ;
#3012 = VECTOR ( 'NONE', #2738, 1000.000000000000000 ) ;
#3013 = ORIENTED_EDGE ( 'NONE', *, *, #3182, .F. ) ;
#3014 = LINE ( 'NONE', #2283, #1602 ) ;
#3015 = CARTESIAN_POINT ( 'NONE',  ( 69.99999999999997158, 53.00000000000000711, -5.000000000000000000 ) ) ;
#3016 = CARTESIAN_POINT ( 'NONE',  ( 13.00000000000001066, -0.001000000000001000089, -81.99999999999998579 ) ) ;
#3017 = EDGE_LOOP ( 'NONE', ( #1735, #2683, #2955, #155, #1106, #143 ) ) ;
#3018 = ORIENTED_EDGE ( 'NONE', *, *, #2175, .F. ) ;
#3019 = AXIS2_PLACEMENT_3D ( 'NONE', #2345, #519, #2362 ) ;
#3020 = CARTESIAN_POINT ( 'NONE',  ( 5.000000000000000888, 31.00000000000000000, 0.002000000000002000178 ) ) ;
#3021 = APPROVAL_PERSON_ORGANIZATION ( #3185, #763, #1962 ) ;
#3022 = APPROVAL_ROLE ( '' ) ;
#3023 = CARTESIAN_POINT ( 'NONE',  ( 148.7499999999999716, 1.880851154479434850, -89.85404962177391042 ) ) ;
#3024 = DIRECTION ( 'NONE',  ( -0.000000000000000000, 0.000000000000000000, 1.000000000000000000 ) ) ;
#3025 = EDGE_LOOP ( 'NONE', ( #2034, #745, #1163, #2152, #368 ) ) ;
#3026 = PLANE ( 'NONE',  #1612 ) ;
#3027 = DIRECTION ( 'NONE',  ( -0.000000000000000000, -1.000000000000000000, -0.000000000000000000 ) ) ;
#3028 = VECTOR ( 'NONE', #2917, 1000.000000000000000 ) ;
#3029 = DATE_TIME_ROLE ( 'classification_date' ) ;
#3030 = LINE ( 'NONE', #229, #1763 ) ;
#3031 = AXIS2_PLACEMENT_3D ( 'NONE', #2817, #3067, #1300 ) ;
#3032 = EDGE_CURVE ( 'NONE', #693, #437, #1432, .T. ) ;
#3033 = EDGE_CURVE ( 'NONE', #2910, #690, #3194, .T. ) ;
#3034 = DIRECTION ( 'NONE',  ( 0.000000000000000000, -0.000000000000000000, -1.000000000000000000 ) ) ;
#3035 = AXIS2_PLACEMENT_3D ( 'NONE', #1385, #2420, #2710 ) ;
#3036 = ORIENTED_EDGE ( 'NONE', *, *, #1652, .F. ) ;
#3037 = ORIENTED_EDGE ( 'NONE', *, *, #3032, .F. ) ;
#3038 = PLANE ( 'NONE',  #740 ) ;
#3039 = DATE_AND_TIME ( #3287, #447 ) ;
#3040 = CARTESIAN_POINT ( 'NONE',  ( 1.999999999999945821, 2.000000000000001776, -88.00000000000000000 ) ) ;
#3041 = CARTESIAN_POINT ( 'NONE',  ( 124.9999999999999716, 75.00000000000000000, -88.00000000000000000 ) ) ;
#3042 = ORIENTED_EDGE ( 'NONE', *, *, #704, .T. ) ;
#3043 = EDGE_CURVE ( 'NONE', #162, #1730, #2163, .T. ) ;
#3044 = PLANE ( 'NONE',  #3147 ) ;
#3045 = CARTESIAN_POINT ( 'NONE',  ( -5.427757009278543367E-14, 73.00000000000000000, -88.00000000000000000 ) ) ;
#3046 = AXIS2_PLACEMENT_3D ( 'NONE', #2589, #1304, #2278 ) ;
#3047 = VECTOR ( 'NONE', #2881, 1000.000000000000000 ) ;
#3048 = FACE_OUTER_BOUND ( 'NONE', #856, .T. ) ;
#3049 = EDGE_CURVE ( 'NONE', #2349, #821, #1075, .T. ) ;
#3050 = ORIENTED_EDGE ( 'NONE', *, *, #2797, .T. ) ;
#3051 = FACE_BOUND ( 'NONE', #2956, .T. ) ;
#3052 =( REPRESENTATION_RELATIONSHIP ('NONE','NONE', #2239, #1543 ) REPRESENTATION_RELATIONSHIP_WITH_TRANSFORMATION ( #3267 )SHAPE_REPRESENTATION_RELATIONSHIP( ) );
#3053 = CARTESIAN_POINT ( 'NONE',  ( 74.99999999999995737, 13.00000000000000355, -56.99999999999999289 ) ) ;
#3054 = CARTESIAN_POINT ( 'NONE',  ( 1.999999999999998668, 75.00000000000000000, 0.000000000000000000 ) ) ;
#3055 = DIRECTION ( 'NONE',  ( 6.167905692361982533E-16, 0.000000000000000000, 1.000000000000000000 ) ) ;
#3056 = EDGE_LOOP ( 'NONE', ( #1715, #1346, #635, #2698 ) ) ;
#3057 = DIRECTION ( 'NONE',  ( 0.000000000000000000, 0.000000000000000000, 1.000000000000000000 ) ) ;
#3058 = COORDINATED_UNIVERSAL_TIME_OFFSET ( 8, 0, .AHEAD. ) ;
#3059 = LINE ( 'NONE', #2756, #3298 ) ;
#3060 = ORIENTED_EDGE ( 'NONE', *, *, #1598, .T. ) ;
#3061 = LINE ( 'NONE', #1859, #2031 ) ;
#3062 = LOCAL_TIME ( 17, 50, 13.00000000000000000, #2314 ) ;
#3063 = LINE ( 'NONE', #1551, #916 ) ;
#3064 = CARTESIAN_POINT ( 'NONE',  ( 72.23240812075597717, 1.232408120756004255, -89.17501389081338914 ) ) ;
#3065 = EDGE_LOOP ( 'NONE', ( #2840, #2769, #1146, #1864, #2051, #53, #1212, #619 ) ) ;
#3066 = AXIS2_PLACEMENT_3D ( 'NONE', #3304, #470, #2049 ) ;
#3067 = DIRECTION ( 'NONE',  ( -1.000000000000000000, 0.000000000000000000, 1.192622389734055124E-16 ) ) ;
#3068 = ADVANCED_FACE ( 'NONE', ( #624 ), #1626, .T. ) ;
#3069 = APPROVAL_ROLE ( '' ) ;
#3070 = PLANE ( 'NONE',  #992 ) ;
#3071 = DIRECTION ( 'NONE',  ( 0.000000000000000000, 0.000000000000000000, 1.000000000000000000 ) ) ;
#3072 = ORIENTED_EDGE ( 'NONE', *, *, #2157, .T. ) ;
#3073 = LINE ( 'NONE', #1061, #2657 ) ;
#3074 = LOCAL_TIME ( 17, 50, 13.00000000000000000, #384 ) ;
#3075 = CIRCLE ( 'NONE', #170, 4.000000000000000000 ) ;
#3076 = APPROVAL_PERSON_ORGANIZATION ( #996, #1108, #738 ) ;
#3077 = ADVANCED_FACE ( 'NONE', ( #1354 ), #481, .F. ) ;
#3078 = DIRECTION ( 'NONE',  ( -3.854941057726237604E-16, 1.000000000000000000, 0.000000000000000000 ) ) ;
#3079 = CC_DESIGN_SECURITY_CLASSIFICATION ( #1752, ( #3327 ) ) ;
#3080 = FACE_OUTER_BOUND ( 'NONE', #2242, .T. ) ;
#3081 = VERTEX_POINT ( 'NONE', #166 ) ;
#3082 = APPROVAL ( #475, 'æœª' ) ;
#3083 = CARTESIAN_POINT ( 'NONE',  ( 5.000000000000000888, 31.00000000000000000, -5.000000000000000000 ) ) ;
#3084 = CARTESIAN_POINT ( 'NONE',  ( 122.9999999999999716, 42.00000000000000000, -84.99999999999998579 ) ) ;
#3085 = CIRCLE ( 'NONE', #794, 2.000000000000000000 ) ;
#3086 = LINE ( 'NONE', #1810, #2372 ) ;
#3087 = EDGE_CURVE ( 'NONE', #2909, #2063, #1770, .T. ) ;
#3088 = VERTEX_POINT ( 'NONE', #2528 ) ;
#3089 = SPHERICAL_SURFACE ( 'NONE', #2146, 2.000000000000000000 ) ;
#3090 = EDGE_CURVE ( 'NONE', #2112, #2009, #696, .T. ) ;
#3091 = AXIS2_PLACEMENT_3D ( 'NONE', #3041, #511, #3071 ) ;
#3092 = ORIENTED_EDGE ( 'NONE', *, *, #1998, .T. ) ;
#3093 = DIRECTION ( 'NONE',  ( 1.000000000000000000, 0.000000000000000000, -6.167905692361981547E-16 ) ) ;
#3094 = DIRECTION ( 'NONE',  ( 0.000000000000000000, 1.000000000000000000, 0.000000000000000000 ) ) ;
#3095 = PERSON_AND_ORGANIZATION ( #2708, #331 ) ;
#3096 = LINE ( 'NONE', #593, #1424 ) ;
#3097 = CARTESIAN_POINT ( 'NONE',  ( 147.9999999999999716, 73.00000000000000000, -4.564250212347864866E-14 ) ) ;
#3098 = LINE ( 'NONE', #849, #2475 ) ;
#3099 = AXIS2_PLACEMENT_3D ( 'NONE', #817, #1860, #272 ) ;
#3100 = EDGE_LOOP ( 'NONE', ( #1053, #934, #1462, #1928 ) ) ;
#3101 = EDGE_LOOP ( 'NONE', ( #1056, #289, #2338, #707 ) ) ;
#3102 = DIRECTION ( 'NONE',  ( 1.000000000000000000, -0.000000000000000000, 0.000000000000000000 ) ) ;
#3103 = DIRECTION ( 'NONE',  ( -1.000000000000000000, -0.000000000000000000, 0.000000000000000000 ) ) ;
#3104 = VERTEX_POINT ( 'NONE', #2268 ) ;
#3105 = SPHERICAL_SURFACE ( 'NONE', #680, 2.000000000000000000 ) ;
#3106 = DIRECTION ( 'NONE',  ( -1.000000000000000000, -0.000000000000000000, 6.167905692361981547E-16 ) ) ;
#3107 = EDGE_CURVE ( 'NONE', #3239, #3132, #3258, .T. ) ;
#3108 = EDGE_LOOP ( 'NONE', ( #3270, #1623, #1427, #1974 ) ) ;
#3109 = CARTESIAN_POINT ( 'NONE',  ( 0.000000000000000000, 0.000000000000000000, -2.000000000000000000 ) ) ;
#3110 = APPROVAL_DATE_TIME ( #1357, #2594 ) ;
#3111 = PLANE ( 'NONE',  #998 ) ;
#3112 = EDGE_CURVE ( 'NONE', #2162, #2418, #3014, .T. ) ;
#3113 = CARTESIAN_POINT ( 'NONE',  ( 74.99999999999995737, 13.00000000000000355, -77.00000000000000000 ) ) ;
#3114 = ADVANCED_FACE ( 'NONE', ( #2859 ), #2599, .F. ) ;
#3115 = CARTESIAN_POINT ( 'NONE',  ( 107.9999999999999716, 50.00000000000000000, -84.99999999999998579 ) ) ;
#3116 = ORIENTED_EDGE ( 'NONE', *, *, #943, .T. ) ;
#3117 = ORIENTED_EDGE ( 'NONE', *, *, #2183, .T. ) ;
#3118 = DIRECTION ( 'NONE',  ( 0.000000000000000000, 0.000000000000000000, -1.000000000000000000 ) ) ;
#3119 = CARTESIAN_POINT ( 'NONE',  ( 1.999999999999946265, 69.99999999999998579, -2.000000000000000000 ) ) ;
#3120 = CARTESIAN_POINT ( 'NONE',  ( 72.49999999999997158, 1.500000000000002665, -88.00000000000000000 ) ) ;
#3121 = ORIENTED_EDGE ( 'NONE', *, *, #686, .F. ) ;
#3122 = AXIS2_PLACEMENT_3D ( 'NONE', #2772, #2541, #2560 ) ;
#3123 = DIRECTION ( 'NONE',  ( 0.000000000000000000, 1.000000000000000000, -0.000000000000000000 ) ) ;
#3124 = PLANE ( 'NONE',  #518 ) ;
#3125 = VECTOR ( 'NONE', #2537, 1000.000000000000000 ) ;
#3126 = EDGE_CURVE ( 'NONE', #226, #889, #3061, .T. ) ;
#3127 = CYLINDRICAL_SURFACE ( 'NONE', #1922, 2.000000000000001776 ) ;
#3128 = EDGE_LOOP ( 'NONE', ( #9, #2664 ) ) ;
#3129 = FACE_OUTER_BOUND ( 'NONE', #204, .T. ) ;
#3130 = CARTESIAN_POINT ( 'NONE',  ( 75.00000000000000000, 5.000000000000000000, 0.000000000000000000 ) ) ;
#3131 = APPLICATION_PROTOCOL_DEFINITION ( 'international standard', 'config_control_design', 1994, #2559 ) ;
#3132 = VERTEX_POINT ( 'NONE', #2845 ) ;
#3133 = DIRECTION ( 'NONE',  ( -3.854941057726237604E-16, 1.000000000000000000, -0.000000000000000000 ) ) ;
#3134 = AXIS2_PLACEMENT_3D ( 'NONE', #99, #2663, #3205 ) ;
#3135 = LINE ( 'NONE', #251, #288 ) ;
#3136 = DIRECTION ( 'NONE',  ( -1.000000000000000000, 0.000000000000000000, 0.000000000000000000 ) ) ;
#3137 = VECTOR ( 'NONE', #867, 1000.000000000000000 ) ;
#3138 = SECURITY_CLASSIFICATION ( '', '', #1010 ) ;
#3139 = ORIENTED_EDGE ( 'NONE', *, *, #3186, .F. ) ;
#3140 = ORIENTED_EDGE ( 'NONE', *, *, #890, .F. ) ;
#3141 = CARTESIAN_POINT ( 'NONE',  ( 45.00000000000000000, 31.00000000000000000, 0.002000000000002000178 ) ) ;
#3142 = PLANE ( 'NONE',  #1776 ) ;
#3143 = VECTOR ( 'NONE', #2743, 1000.000000000000000 ) ;
#3144 = DIRECTION ( 'NONE',  ( 0.000000000000000000, -0.000000000000000000, 1.000000000000000000 ) ) ;
#3145 = ADVANCED_FACE ( 'NONE', ( #1879 ), #1620, .F. ) ;
#3146 = EDGE_LOOP ( 'NONE', ( #1369, #2598, #839, #486 ) ) ;
#3147 = AXIS2_PLACEMENT_3D ( 'NONE', #3010, #760, #495 ) ;
#3148 = LINE ( 'NONE', #857, #1696 ) ;
#3149 = VECTOR ( 'NONE', #440, 1000.000000000000000 ) ;
#3150 = ORIENTED_EDGE ( 'NONE', *, *, #1837, .F. ) ;
#3151 = FACE_BOUND ( 'NONE', #2641, .T. ) ;
#3152 = VECTOR ( 'NONE', #1265, 1000.000000000000000 ) ;
#3153 = VECTOR ( 'NONE', #195, 1000.000000000000000 ) ;
#3154 = APPROVAL_DATE_TIME ( #61, #2407 ) ;
#3155 = CARTESIAN_POINT ( 'NONE',  ( 148.7499999999999716, 31.74999999999998579, -89.85404962177389621 ) ) ;
#3156 = DIRECTION ( 'NONE',  ( 0.000000000000000000, 0.000000000000000000, 1.000000000000000000 ) ) ;
#3157 = DIRECTION ( 'NONE',  ( -1.000000000000000000, 0.000000000000000000, -0.000000000000000000 ) ) ;
#3158 = PLANE ( 'NONE',  #1205 ) ;
#3159 = ORIENTED_EDGE ( 'NONE', *, *, #2972, .T. ) ;
#3160 = PLANE ( 'NONE',  #2017 ) ;
#3161 = ORIENTED_EDGE ( 'NONE', *, *, #1540, .F. ) ;
#3162 = DIRECTION ( 'NONE',  ( 0.000000000000000000, 0.000000000000000000, 1.000000000000000000 ) ) ;
#3163 = AXIS2_PLACEMENT_3D ( 'NONE', #980, #1720, #2004 ) ;
#3164 = DIRECTION ( 'NONE',  ( 0.000000000000000000, 0.000000000000000000, -1.000000000000000000 ) ) ;
#3165 = EDGE_CURVE ( 'NONE', #362, #3081, #558, .T. ) ;
#3166 = ORIENTED_EDGE ( 'NONE', *, *, #915, .T. ) ;
#3167 = ORIENTED_EDGE ( 'NONE', *, *, #2915, .T. ) ;
#3168 = COORDINATED_UNIVERSAL_TIME_OFFSET ( 8, 0, .AHEAD. ) ;
#3169 = DIRECTION ( 'NONE',  ( -0.000000000000000000, -1.000000000000000000, -0.000000000000000000 ) ) ;
#3170 = DIRECTION ( 'NONE',  ( 0.000000000000000000, 0.000000000000000000, 1.000000000000000000 ) ) ;
#3171 = EDGE_LOOP ( 'NONE', ( #1505, #2469, #1657, #2486 ) ) ;
#3172 = EDGE_CURVE ( 'NONE', #1925, #335, #1435, .T. ) ;
#3173 = DESIGN_CONTEXT ( 'detailed design', #64, 'design' ) ;
#3174 = CARTESIAN_POINT ( 'NONE',  ( 124.9999999999999716, 40.00000000000000000, -90.00000000000000000 ) ) ;
#3175 = EDGE_LOOP ( 'NONE', ( #2715, #918, #2427, #189 ) ) ;
#3176 = EDGE_CURVE ( 'NONE', #923, #985, #599, .T. ) ;
#3177 = VERTEX_POINT ( 'NONE', #2632 ) ;
#3178 = CARTESIAN_POINT ( 'NONE',  ( 70.95885225737627877, 1.541147742623700356, -90.00000000000000000 ) ) ;
#3179 = DIRECTION ( 'NONE',  ( 0.000000000000000000, 0.000000000000000000, 1.000000000000000000 ) ) ;
#3180 = EDGE_CURVE ( 'NONE', #923, #2607, #1033, .T. ) ;
#3181 = EDGE_LOOP ( 'NONE', ( #390, #2092, #232, #309 ) ) ;
#3182 = EDGE_CURVE ( 'NONE', #350, #1925, #522, .T. ) ;
#3183 = ORIENTED_EDGE ( 'NONE', *, *, #1607, .F. ) ;
#3184 = VECTOR ( 'NONE', #2981, 1000.000000000000000 ) ;
#3185 = PERSON_AND_ORGANIZATION ( #2708, #331 ) ;
#3186 = EDGE_CURVE ( 'NONE', #2481, #1060, #1550, .T. ) ;
#3187 = LINE ( 'NONE', #126, #107 ) ;
#3188 = ORIENTED_EDGE ( 'NONE', *, *, #536, .T. ) ;
#3189 = PRODUCT ( '\X2\96f64ef6\X0\1', '\X2\96f64ef6\X0\1', '', ( #1197 ) ) ;
#3190 = LINE ( 'NONE', #1220, #2622 ) ;
#3191 = DIRECTION ( 'NONE',  ( -0.000000000000000000, 1.000000000000000000, -0.000000000000000000 ) ) ;
#3192 = DIRECTION ( 'NONE',  ( -1.000000000000000000, 0.000000000000000000, 1.734723475976807341E-16 ) ) ;
#3193 = ORIENTED_EDGE ( 'NONE', *, *, #3043, .F. ) ;
#3194 = LINE ( 'NONE', #898, #1219 ) ;
#3195 = DIRECTION ( 'NONE',  ( -0.000000000000000000, 1.000000000000000000, -0.000000000000000000 ) ) ;
#3196 = AXIS2_PLACEMENT_3D ( 'NONE', #3097, #2855, #285 ) ;
#3197 = ORIENTED_EDGE ( 'NONE', *, *, #1908, .T. ) ;
#3198 = VERTEX_POINT ( 'NONE', #1347 ) ;
#3199 = PERSON_AND_ORGANIZATION_ROLE ( 'creator' ) ;
#3200 = DIRECTION ( 'NONE',  ( -0.000000000000000000, 0.000000000000000000, -1.000000000000000000 ) ) ;
#3201 = VECTOR ( 'NONE', #1031, 1000.000000000000000 ) ;
#3202 = CYLINDRICAL_SURFACE ( 'NONE', #1262, 4.000000000000003553 ) ;
#3203 = FACE_OUTER_BOUND ( 'NONE', #2998, .T. ) ;
#3204 = DESIGN_CONTEXT ( 'detailed design', #2559, 'design' ) ;
#3205 = DIRECTION ( 'NONE',  ( -1.000000000000000000, 0.000000000000000000, -0.000000000000000000 ) ) ;
#3206 = ORIENTED_EDGE ( 'NONE', *, *, #28, .F. ) ;
#3207 = DIRECTION ( 'NONE',  ( 0.000000000000000000, 0.000000000000000000, -1.000000000000000000 ) ) ;
#3208 = VECTOR ( 'NONE', #2953, 1000.000000000000000 ) ;
#3209 = ORIENTED_EDGE ( 'NONE', *, *, #1946, .T. ) ;
#3210 = LINE ( 'NONE', #3020, #2778 ) ;
#3211 = ORIENTED_EDGE ( 'NONE', *, *, #844, .T. ) ;
#3212 = ADVANCED_FACE ( 'NONE', ( #2365 ), #2896, .F. ) ;
#3213 = AXIS2_PLACEMENT_3D ( 'NONE', #2860, #2366, #2846 ) ;
#3214 = APPROVAL_STATUS ( 'not_yet_approved' ) ;
#3215 = CARTESIAN_POINT ( 'NONE',  ( 10.00000000000000533, 45.00000000000000711, -90.00000000000000000 ) ) ;
#3216 = DIRECTION ( 'NONE',  ( 0.000000000000000000, 0.000000000000000000, 1.000000000000000000 ) ) ;
#3217 = DIRECTION ( 'NONE',  ( -0.000000000000000000, 1.000000000000000000, -0.000000000000000000 ) ) ;
#3218 = ORIENTED_EDGE ( 'NONE', *, *, #1410, .T. ) ;
#3219 = ADVANCED_FACE ( 'NONE', ( #4 ), #1049, .T. ) ;
#3220 = VERTEX_POINT ( 'NONE', #797 ) ;
#3221 = CARTESIAN_POINT ( 'NONE',  ( 71.74999999999997158, 0.7500000000000023315, -89.56124949959959736 ) ) ;
#3222 = ORIENTED_EDGE ( 'NONE', *, *, #3087, .T. ) ;
#3223 = DIRECTION ( 'NONE',  ( 0.000000000000000000, -1.000000000000000000, 0.000000000000000000 ) ) ;
#3224 = PERSON_AND_ORGANIZATION ( #2708, #331 ) ;
#3225 = CARTESIAN_POINT ( 'NONE',  ( 146.0000000000000000, 5.000000000000000000, 0.000000000000000000 ) ) ;
#3226 = VECTOR ( 'NONE', #2841, 1000.000000000000000 ) ;
#3227 = DIRECTION ( 'NONE',  ( -6.505213034913025618E-16, -0.000000000000000000, -1.000000000000000000 ) ) ;
#3228 = ORIENTED_EDGE ( 'NONE', *, *, #2640, .T. ) ;
#3229 = EDGE_CURVE ( 'NONE', #1789, #1566, #2615, .T. ) ;
#3230 = DIRECTION ( 'NONE',  ( -1.000000000000000000, 0.000000000000000000, 0.000000000000000000 ) ) ;
#3231 = DIRECTION ( 'NONE',  ( -2.168404344971006649E-16, 0.000000000000000000, -1.000000000000000000 ) ) ;
#3232 = ORIENTED_EDGE ( 'NONE', *, *, #1381, .T. ) ;
#3233 = VECTOR ( 'NONE', #2690, 1000.000000000000000 ) ;
#3234 = LOCAL_TIME ( 17, 50, 13.00000000000000000, #3168 ) ;
#3235 = ORIENTED_EDGE ( 'NONE', *, *, #2032, .T. ) ;
#3236 = DIRECTION ( 'NONE',  ( -1.000000000000000000, -0.000000000000000000, -0.000000000000000000 ) ) ;
#3237 = PERSON_AND_ORGANIZATION ( #2708, #331 ) ;
#3238 = PLANE ( 'NONE',  #1740 ) ;
#3239 = VERTEX_POINT ( 'NONE', #1312 ) ;
#3240 = VECTOR ( 'NONE', #820, 1000.000000000000000 ) ;
#3241 = DIRECTION ( 'NONE',  ( 0.000000000000000000, -1.000000000000000000, 0.000000000000000000 ) ) ;
#3242 = CARTESIAN_POINT ( 'NONE',  ( 147.4999999999999716, 1.500000000000002665, -88.00000000000000000 ) ) ;
#3243 = VERTEX_POINT ( 'NONE', #291 ) ;
#3244 = EDGE_CURVE ( 'NONE', #1218, #3132, #1328, .T. ) ;
#3245 = CARTESIAN_POINT ( 'NONE',  ( 148.2386127875258239, 0.7613872124741745129, -89.55206388406102747 ) ) ;
#3246 = DIRECTION ( 'NONE',  ( -1.000000000000000000, 0.000000000000000000, 0.000000000000000000 ) ) ;
#3247 = ORIENTED_EDGE ( 'NONE', *, *, #1223, .F. ) ;
#3248 = CARTESIAN_POINT ( 'NONE',  ( 124.9999999999999716, 40.00000000000000000, -90.00000000000000000 ) ) ;
#3249 = ORIENTED_EDGE ( 'NONE', *, *, #478, .F. ) ;
#3250 = ADVANCED_FACE ( 'NONE', ( #788 ), #1722, .T. ) ;
#3251 = APPROVAL_DATE_TIME ( #2066, #1186 ) ;
#3252 = LINE ( 'NONE', #434, #2008 ) ;
#3253 = FACE_OUTER_BOUND ( 'NONE', #341, .T. ) ;
#3254 = ORIENTED_EDGE ( 'NONE', *, *, #555, .T. ) ;
#3255 = VECTOR ( 'NONE', #2888, 1000.000000000000000 ) ;
#3256 = CARTESIAN_POINT ( 'NONE',  ( 0.000000000000000000, 5.000000000000000000, 0.000000000000000000 ) ) ;
#3257 = ORIENTED_EDGE ( 'NONE', *, *, #1488, .T. ) ;
#3258 = LINE ( 'NONE', #2794, #1070 ) ;
#3259 = CARTESIAN_POINT ( 'NONE',  ( 147.7632326866808228, 1.236767313319167672, -89.16571485137717445 ) ) ;
#3260 = LINE ( 'NONE', #2005, #344 ) ;
#3261 = ORIENTED_EDGE ( 'NONE', *, *, #1098, .T. ) ;
#3262 = CARTESIAN_POINT ( 'NONE',  ( 5.000000000000002665, 48.00000000000000000, -75.00000000000001421 ) ) ;
#3263 = ORIENTED_EDGE ( 'NONE', *, *, #764, .T. ) ;
#3264 = CARTESIAN_POINT ( 'NONE',  ( -0.001000000000055643878, 9.000000000000001776, -17.99999999999998934 ) ) ;
#3265 = ORIENTED_EDGE ( 'NONE', *, *, #147, .T. ) ;
#3266 = ADVANCED_FACE ( 'NONE', ( #1758 ), #448, .T. ) ;
#3267 = ITEM_DEFINED_TRANSFORMATION ( 'NONE', 'NONE', #2232,  #2065 ) ;
#3268 = DIRECTION ( 'NONE',  ( -6.167905692361981547E-16, 0.000000000000000000, -1.000000000000000000 ) ) ;
#3269 = CARTESIAN_POINT ( 'NONE',  ( 1.999999999999946265, 69.99999999999998579, -2.000000000000000000 ) ) ;
#3270 = ORIENTED_EDGE ( 'NONE', *, *, #2205, .F. ) ;
#3271 = CARTESIAN_POINT ( 'NONE',  ( 69.99999999999995737, 3.000000000000002665, -84.99999999999998579 ) ) ;
#3272 = LINE ( 'NONE', #1819, #1104 ) ;
#3273 = PLANE ( 'NONE',  #1306 ) ;
#3274 = ADVANCED_FACE ( 'NONE', ( #1246 ), #2748, .T. ) ;
#3275 = VECTOR ( 'NONE', #681, 1000.000000000000000 ) ;
#3276 = DATE_AND_TIME ( #1999, #3062 ) ;
#3277 = LINE ( 'NONE', #1785, #2359 ) ;
#3278 = VECTOR ( 'NONE', #2210, 1000.000000000000000 ) ;
#3279 = DIRECTION ( 'NONE',  ( -0.000000000000000000, -0.000000000000000000, -1.000000000000000000 ) ) ;
#3280 = ORIENTED_EDGE ( 'NONE', *, *, #1726, .T. ) ;
#3281 = ORIENTED_EDGE ( 'NONE', *, *, #2211, .F. ) ;
#3282 = VECTOR ( 'NONE', #50, 1000.000000000000000 ) ;
#3283 = DIRECTION ( 'NONE',  ( 1.000000000000000000, -0.000000000000000000, -0.000000000000000000 ) ) ;
#3284 = EDGE_CURVE ( 'NONE', #1670, #2614, #372, .T. ) ;
#3285 = VECTOR ( 'NONE', #2449, 1000.000000000000000 ) ;
#3286 = CC_DESIGN_APPROVAL ( #2594, ( #182 ) ) ;
#3287 = CALENDAR_DATE ( 2026, 9, 4 ) ;
#3288 = CARTESIAN_POINT ( 'NONE',  ( 148.6829765065846516, 1.537424100142073646, -89.82573287040276000 ) ) ;
#3289 = LINE ( 'NONE', #2574, #858 ) ;
#3290 = EDGE_LOOP ( 'NONE', ( #2273, #2995, #187, #1458 ) ) ;
#3291 = CARTESIAN_POINT ( 'NONE',  ( 13.00000000000001066, 31.00000000000000000, -17.99999999999998579 ) ) ;
#3292 = ORGANIZATION ( 'NAUO-ORG3', 'UNSPECIFIED', 'UNSPECIFIED' ) ;
#3293 = VECTOR ( 'NONE', #2333, 1000.000000000000000 ) ;
#3294 = ADVANCED_BREP_SHAPE_REPRESENTATION ( '', ( #583, #2065 ), #668 ) ;
#3295 = CARTESIAN_POINT ( 'NONE',  ( 105.9999999999999716, 52.00000000000000711, -90.00000000000000000 ) ) ;
#3296 = AXIS2_PLACEMENT_3D ( 'NONE', #57, #1107, #3179 ) ;
#3297 = EDGE_CURVE ( 'NONE', #1570, #1390, #485, .T. ) ;
#3298 = VECTOR ( 'NONE', #201, 1000.000000000000000 ) ;
#3299 = PLANE ( 'NONE',  #3163 ) ;
#3300 = VECTOR ( 'NONE', #1829, 1000.000000000000000 ) ;
#3301 = ORIENTED_EDGE ( 'NONE', *, *, #2, .F. ) ;
#3302 = CARTESIAN_POINT ( 'NONE',  ( 107.9999999999999716, 42.00000000000000000, -90.00000000000000000 ) ) ;
#3303 = CARTESIAN_POINT ( 'NONE',  ( 10.00000000000000355, 63.00000000000000000, -84.99999999999998579 ) ) ;
#3304 = CARTESIAN_POINT ( 'NONE',  ( 1.999999999999945821, 75.00000000000000000, -88.00000000000000000 ) ) ;
#3305 = DIRECTION ( 'NONE',  ( 1.000000000000000000, 0.000000000000000000, 0.000000000000000000 ) ) ;
#3306 = VERTEX_POINT ( 'NONE', #1513 ) ;
#3307 = DIRECTION ( 'NONE',  ( -1.734723475976807341E-16, -0.000000000000000000, -1.000000000000000000 ) ) ;
#3308 = PERSON_AND_ORGANIZATION_ROLE ( 'creator' ) ;
#3309 = DIRECTION ( 'NONE',  ( 6.167905692361982533E-16, 2.478176394252581387E-17, 1.000000000000000000 ) ) ;
#3310 = VECTOR ( 'NONE', #823, 1000.000000000000000 ) ;
#3311 = CC_DESIGN_DATE_AND_TIME_ASSIGNMENT ( #2047, #1743, ( #1697 ) ) ;
#3312 = AXIS2_PLACEMENT_3D ( 'NONE', #880, #305, #3170 ) ;
#3313 = ADVANCED_FACE ( 'NONE', ( #2511 ), #2255, .T. ) ;
#3314 = ADVANCED_FACE ( 'NONE', ( #430 ), #2780, .F. ) ;
#3315 = CARTESIAN_POINT ( 'NONE',  ( 0.000000000000000000, 2.000000000000001776, 0.000000000000000000 ) ) ;
#3316 = ORIENTED_EDGE ( 'NONE', *, *, #2109, .F. ) ;
#3317 = CARTESIAN_POINT ( 'NONE',  ( 72.49999999999997158, 30.50000000000000000, -89.17157287525380127 ) ) ;
#3318 = FACE_OUTER_BOUND ( 'NONE', #2057, .T. ) ;
#3319 = CARTESIAN_POINT ( 'NONE',  ( 5.000000000000009770, 9.000000000000001776, -17.99999999999998934 ) ) ;
#3320 = ORIENTED_EDGE ( 'NONE', *, *, #1402, .T. ) ;
#3321 = VECTOR ( 'NONE', #112, 1000.000000000000000 ) ;
#3322 = FACE_OUTER_BOUND ( 'NONE', #429, .T. ) ;
#3323 = CALENDAR_DATE ( 2026, 9, 4 ) ;
#3324 = CC_DESIGN_PERSON_AND_ORGANIZATION_ASSIGNMENT ( #2410, #1391, ( #2073 ) ) ;
#3325 = NEXT_ASSEMBLY_USAGE_OCCURRENCE ( 'NAUO1', ' ', ' ', #758, #2734, $ ) ;
#3326 = NEXT_ASSEMBLY_USAGE_OCCURRENCE ( 'NAUO2', ' ', ' ', #758, #182, $ ) ;
#3327 = NEXT_ASSEMBLY_USAGE_OCCURRENCE ( 'NAUO3', ' ', ' ', #758, #500, $ ) ;
ENDSEC;
END-ISO-10303-21;
