participant,trial_index,condition,level,sequence,quiz_name,event_index,target_note,target_note_name,target_key_id,actual_key_id,target_finger,target_hand,timed_out,actual_note,key_correct,actual_finger,finger_correct,target_finger_probability,manually_corrected,rt_s,validity,suspected_carryover,p_L1,p_L2,p_L3,p_L4,p_L5,p_R1,p_R2,p_R3,p_R4,p_R5
P11,1,C,gamma,1799551287-γ-1,P11-T01-Cγ,0,55,G3,4,4,L3,L,False,55,True,L2,False,0.23439984017503027,False,1.0382080078125,valid,False,0.08975003127672235,0.6371648261414892,0.23439984017503027,0.033017191351200084,0.0052437053476772815,0.00020503727105333208,0.00018940678499517494,2.2754971632929644e-05,6.584929670220625e-06,6.217505291941853e-07
P11,1,C,gamma,1799551287-γ-1,P11-T01-Cγ,1,60,C4,7,7,L5,L,False,60,True,L5,True,0.4828933536089568,False,1.5764150619506836,valid,False,0.004686653876273428,0.013194443965653436,0.0786728522517053,0.4080089103052442,0.4828933536089568,0.008362761102350331,0.003818263848141246,0.0002835961185678822,6.455716486541441e-05,1.4607758241968767e-05
P11,1,C,gamma,1799551287-γ-1,P11-T01-Cγ,2,57,A3,5,5,L2,L,False,57,True,L2,True,0.855693906199616,False,1.0709021091461182,valid,False,0.025328056300115795,0.855693906199616,0.10271033306846962,0.013355292202786863,0.001953633373023838,0.0006719070656921828,0.0002545934616595959,2.6040890260814342e-05,5.257565069139352e-06,9.798733062214166e-07
P11,1,C,gamma,1799551287-γ-1,P11-T01-Cγ,3,48,C3,0,0,L4,L,False,48,True,L4,True,0.48694475156395384,False,1.6156980991363525,valid,False,0.00030146202905222076,0.012282195214843574,0.4318812517142297,0.48694475156395384,0.0685902687810891,5.1197741101802805e-08,1.7879614840078887e-08,1.2258827884994443e-09,3.2747656888053766e-10,6.611637898181762e-11
P11,1,C,gamma,1799551287-γ-1,P11-T01-Cγ,4,64,E4,9,9,R2,R,False,64,True,R2,True,0.8383761445772921,False,0.5796051025390625,valid,False,0.00010939336384927992,2.3373229499316044e-05,1.2204530455627679e-06,3.5316060382334746e-07,7.69971077156231e-08,0.1047385096442705,0.8383761445772921,0.041740290428055826,0.012571933880464705,0.002438704265810841
P11,1,C,gamma,1799551287-γ-1,P11-T01-Cγ,5,69,A4,12,12,R5,R,False,69,True,R5,True,0.6249047637039737,False,0.9063470363616943,valid,False,5.090592293231012e-07,5.7576230523872864e-08,3.2320280453410167e-09,9.734681399946197e-10,2.401242596534121e-10,0.0004383629410413609,0.004339839477553083,0.07806948473344245,0.29224697806290906,0.6249047637039737
P11,1,C,gamma,1799551287-γ-1,P11-T01-Cγ,6,53,F3,3,3,L2,L,False,53,True,L2,True,0.8471155997375058,False,0.5734529495239258,valid,False,0.018102829636303545,0.8471155997375058,0.09769370907295878,0.030625627753538186,0.00643136500856561,2.5031426531230194e-05,5.417272422557341e-06,3.040973026481496e-07,9.53303020238702e-08,2.066456936527965e-08
P11,1,C,gamma,1799551287-γ-1,P11-T01-Cγ,7,53,F3,3,3,L2,L,False,53,True,L2,True,0.8422704712404717,False,0.4295840263366699,valid,False,0.016262290780341075,0.8422704712404717,0.10522502870067214,0.02925648292004476,0.00695366528243068,2.5530076694166634e-05,6.073022770625954e-06,3.4090769291538135e-07,9.47850546419192e-08,2.2283827118475634e-08
P11,1,C,gamma,1799551287-γ-1,P11-T01-Cγ,8,65,F4,10,10,R2,R,False,65,True,R2,True,0.7925687038161328,False,0.838629961013794,valid,False,1.3136580702090949e-05,2.1023052347325115e-06,1.0893918083039186e-07,3.4150927746999063e-08,9.804871790406855e-09,0.06336666703026164,0.7925687038161328,0.10726251001543133,0.031040077574995176,0.0057466497822618616
P11,1,C,gamma,1799551287-γ-1,P11-T01-Cγ,9,50,D3,1,1,L4,L,False,50,True,L4,True,0.4781397644813093,False,0.8696498870849609,valid,False,0.0010418736107140438,0.04004096616155773,0.4074438305605148,0.4781397644813093,0.07333341863027272,1.2739967841999675e-07,1.7556313732090913e-08,1.1111701419806798e-09,3.773484084468899e-10,1.111207245973871e-10
P11,1,C,gamma,1799551287-γ-1,P11-T01-Cγ,10,60,C4,7,7,L2,L,False,60,True,L2,True,0.8595532745402219,False,0.9521737098693848,valid,False,0.017775821958733284,0.8595532745402219,0.012195215836888491,0.0014638116169504345,0.000188237629023975,0.05454457497734202,0.04751491825763186,0.0050583671334099465,0.0014638116169504345,0.00024196643284774957
P11,1,C,gamma,1799551287-γ-1,P11-T01-Cγ,11,55,G3,4,4,L4,L,False,55,True,L4,True,0.4939892383948339,False,0.7441060543060303,valid,False,0.0024166174311919322,0.04755859886452265,0.4209498613143068,0.4939892383948339,0.03500462474882272,5.521511860743223e-05,2.2547038787658662e-05,2.4849909341360062e-06,6.909201709778355e-07,1.211778219073802e-07
P11,1,C,gamma,1799551287-γ-1,P11-T01-Cγ,12,65,F4,10,10,R2,R,False,65,True,R2,True,0.7869375857670299,False,0.49279117584228516,valid,False,1.788612085002379e-05,3.6527154041152905e-05,8.385635881374305e-06,1.7024110878320304e-06,2.107522649180818e-07,0.07527344434065858,0.7869375857670299,0.10414260888255228,0.027820167271352062,0.005761481664281842
P11,1,C,gamma,1799551287-γ-1,P11-T01-Cγ,13,67,G4,11,11,R5,R,False,67,True,R5,True,0.2699620039678108,True,0.8413889408111572,valid,False,9.372199757627535e-07,3.269815335386381e-07,4.44110663772617e-08,1.1398578801723937e-08,2.154529756789634e-09,0.0014939539106256586,0.02181994770078935,0.18456064767453942,0.5221621245805504,0.2699620039678108
P11,1,C,gamma,1799551287-γ-1,P11-T01-Cγ,14,48,C3,0,0,L3,L,False,48,True,L3,True,0.5373204347752696,False,1.373424768447876,valid,False,0.0029149490785282815,0.1847976613730134,0.5373204347752696,0.24815816692040293,0.0268087605887712,2.123550353255172e-08,4.725282313065188e-09,9.822643486728518e-10,2.731061278364154e-10,4.785828622807296e-11
P11,1,C,gamma,1799551287-γ-1,P11-T01-Cγ,15,50,D3,1,1,L5,L,False,50,True,L5,True,0.33682805997841553,True,1.134376049041748,valid,False,0.001527496278071287,0.012933902088123462,0.18485515867913108,0.463855273203693,0.33682805997841553,8.187674311585656e-08,2.1927508080528694e-08,4.54979942847403e-09,1.2154120442094632e-09,2.0310298324867182e-10
P11,1,C,gamma,1799551287-γ-1,P11-T01-Cγ,16,62,D4,8,8,R3,R,False,62,True,R3,True,0.7097901451321684,False,0.6212718486785889,valid,False,0.0005656787763957895,0.0007362200085706792,0.00013991747610120442,2.5054483470941075e-05,2.767574776131007e-06,0.009330583129695645,0.15343814373620213,0.7097901451321684,0.11901248233412015,0.006959007348498925
P11,1,C,gamma,1799551287-γ-1,P11-T01-Cγ,17,53,F3,3,3,L4,L,False,53,True,L3,True,0.4593012727942789,False,0.6491258144378662,valid,False,0.0031792935149304704,0.041157433597308626,0.4593012727942789,0.4593012727942789,0.03704922100738829,6.34916972143876e-06,4.083201084888571e-06,8.499834854839871e-07,2.0134066876172613e-07,2.2596854229691734e-08
P11,1,C,gamma,1799551287-γ-1,P11-T01-Cγ,18,71,B4,13,13,R1,R,False,71,True,R1,True,0.5470467884333106,False,0.8018918037414551,valid,False,4.477117744472581e-08,5.866641558462888e-08,1.24088335939946e-08,2.717948940556089e-09,3.48680551488664e-10,0.5470467884333106,0.3816615935431087,0.04768106386938969,0.014361260455276198,0.009249174785858929
P11,1,C,gamma,1799551287-γ-1,P11-T01-Cγ,19,62,D4,8,8,L2,L,False,62,True,L2,True,0.8580748629807247,False,0.7769660949707031,valid,False,0.012182491772593996,0.8580748629807247,0.09134936655836022,0.01919579699525235,0.0008143959131546345,0.013206068974719003,0.004514144841340646,0.0005245006292528473,0.0001102165015735222,2.8154833028288157e-05
P11,1,C,gamma,1799551287-γ-1,P11-T01-Cγ,20,72,C5,14,14,R3,R,False,72,True,R3,True,0.6345014949080224,False,1.0136559009552002,valid,False,3.980311051092717e-09,9.478312099683323e-10,9.713536101730789e-11,2.8109440482221033e-11,6.347228773595651e-12,0.0036777666901901124,0.10395650541050436,0.6345014949080224,0.22830559399441502,0.029558633937133715
P11,1,C,gamma,1799551287-γ-1,P11-T01-Cγ,21,60,C4,7,7,L4,L,False,60,True,L4,True,0.5572892192478002,False,0.8380873203277588,valid,False,0.0022324158720729774,0.024382537388524746,0.37506695335440043,0.5572892192478002,0.04019376166214989,0.0004611324304080882,0.0002701026016709124,8.338588668798535e-05,1.6542723606964348e-05,3.9488326778658295e-06
P11,1,C,gamma,1799551287-γ-1,P11-T01-Cγ,22,62,D4,8,8,R5,R,False,62,True,R5,True,0.8080730316479822,False,0.9189469814300537,valid,False,0.001011423879765196,0.0022211139682767286,0.00047331573383167645,9.972413452340669e-05,1.7286231298479166e-05,0.004633390918385406,0.004735781497192412,0.02819806003521331,0.15053687195353108,0.8080730316479822
P11,1,C,gamma,1799551287-γ-1,P11-T01-Cγ,23,57,A3,5,5,R3,R,False,57,True,R3,True,0.5916247148519056,False,0.6840460300445557,valid,False,0.011847290017519189,0.05551000439662973,0.013713356493095866,0.0024510393363001166,0.00039042211791407463,0.00320269055953976,0.0769281989960096,0.5916247148519056,0.23755286003071327,0.006779423200372668
P11,1,C,gamma,1799551287-γ-1,P11-T01-Cγ,24,57,A3,5,5,L1,L,False,57,True,L1,True,0.8272303861944532,False,0.6923599243164062,valid,False,0.8272303861944532,0.1541742161756769,0.007675882241300263,0.0017473200897159505,0.0003389452248988252,0.0012321576708556096,0.005495136658127451,0.001678806689017775,0.00039775590608953545,2.9393149864190645e-05
P11,1,C,gamma,1799551287-γ-1,P11-T01-Cγ,25,59,B3,6,6,R5,R,False,59,True,R5,True,0.8062571175047745,False,0.9938781261444092,valid,False,7.57407184326614e-05,3.3522759257745476e-05,9.39481531585062e-06,2.2258925360169544e-06,1.0628988620236743e-06,0.005551396704870392,0.007410069485819019,0.03628611296232762,0.14437335625780412,0.8062571175047745
P11,1,C,gamma,1799551287-γ-1,P11-T01-Cγ,26,69,A4,12,12,R1,R,False,69,True,R1,True,0.8746578533182421,False,0.6480472087860107,valid,False,2.319947572542938e-07,2.8429127098070524e-07,6.090670962251398e-08,1.5629559667584068e-08,2.5422685615061565e-09,0.8746578533182421,0.11373063312666236,0.008115962367370206,0.002256540267203326,0.0012384155559559092
P11,1,C,gamma,1799551287-γ-1,P11-T01-Cγ,27,71,B4,13,13,R1,R,False,71,True,R1,True,0.781029443516493,False,0.43796300888061523,valid,False,3.1510516442308854e-08,3.2362988803953433e-08,7.660853548542645e-09,1.7438989928371757e-09,3.0723463093590397e-10,0.781029443516493,0.1925994895201696,0.016128902499829345,0.005933491638345898,0.00430859923966967
P11,1,C,gamma,1799551287-γ-1,P11-T01-Cγ,28,62,D4,8,8,L3,L,False,62,True,L3,True,0.6523644812999353,False,0.6020991802215576,valid,False,0.003629225631374922,0.15832695755483892,0.6523644812999353,0.17151354558347906,0.007496473506427855,0.0047145379721480665,0.001790822435417445,0.0001280495790769922,2.6907835466150775e-05,8.998601835276494e-06
P11,1,C,gamma,1799551287-γ-1,P11-T01-Cγ,29,65,F4,10,10,R4,R,False,65,True,R4,True,0.46778456600848056,False,0.6004748344421387,valid,False,4.9986833478082645e-05,0.0005697367955968277,0.0004016434851917795,8.328321716734022e-05,6.523579656671529e-06,0.0031233188273991305,0.04142135830850865,0.449442470819401,0.46778456600848056,0.037117112125119985
P11,2,B,beta,1799551287-β-5,P11-T02-Bβ,0,62,D4,8,8,R2,R,False,62,True,R2,True,0.839417680643638,False,1.0394752025604248,valid,False,0.00048640176137833247,0.0002215091046356665,2.176849395655864e-05,4.7610283893468255e-06,7.550487106656933e-07,0.05990191137880703,0.839417680643638,0.07925800476129474,0.01804210898977436,0.0026450987894155
P11,2,B,beta,1799551287-β-5,P11-T02-Bβ,1,64,E4,9,9,R3,R,False,64,True,R3,True,0.49304701704787424,False,0.6758010387420654,valid,False,4.4883993189179964e-05,2.0663313180336602e-05,2.1997854166987362e-06,4.441290159668971e-07,7.341029658430426e-08,0.01745222256079918,0.33735345868752503,0.49304701704787424,0.14268002543558084,0.009399011637121818
P11,2,B,beta,1799551287-β-5,P11-T02-Bβ,2,57,A3,5,5,L4,L,False,57,True,L4,True,0.4822011194816422,False,1.4542489051818848,valid,False,0.0032267841248747394,0.04136140741687616,0.4276740274761603,0.4822011194816422,0.038297279239076755,0.002339873878046042,0.004061629026350104,0.0006559709906126391,0.0001683620241096336,1.3546342251416412e-05
P11,2,B,beta,1799551287-β-5,P11-T02-Bβ,3,60,C4,7,7,R1,R,False,60,True,R1,True,0.7086699273752362,False,0.9464147090911865,valid,False,0.004543586211466021,0.07520200467867759,0.048458349193910004,0.010608716085012156,0.000753137672387329,0.7086699273752362,0.13746782248253162,0.011060606937659024,0.0027275120901781866,0.00050833727294207
P11,2,B,beta,1799551287-β-5,P11-T02-Bβ,4,59,B3,6,6,L5,L,False,59,True,L5,True,0.45506400692665355,False,1.1802120208740234,valid,False,0.0035656301670120524,0.016172378920463512,0.09776222063437896,0.42007702344619513,0.45506400692665355,0.005748399614309207,0.0014339574702611796,0.00013539458439606572,3.33878934462054e-05,7.600342884099246e-06
P11,2,B,beta,1799551287-β-5,P11-T02-Bβ,5,64,E4,9,8,R1,R,False,62,False,R1,True,0.7637768551691533,False,0.7986538410186768,valid,False,0.00843622132262151,0.05029983075395503,0.009377148061008367,0.0024067461069469396,0.0005478661203121416,0.7637768551691533,0.1481574666665168,0.013440542140530759,0.002939606333216243,0.0006177173257389471
P11,2,B,beta,1799551287-β-5,P11-T02-Bβ,6,59,B3,6,6,L5,L,False,59,True,L4,False,0.28337599011667475,False,0.9683899879455566,valid,False,0.0032436705350816233,0.023510287809801286,0.16551429911494542,0.5163447191708681,0.28337599011667475,0.006332428608150445,0.0015019655287374493,0.00013625523867831163,3.360012817921059e-05,6.783748883556721e-06
P11,2,B,beta,1799551287-β-5,P11-T02-Bβ,7,57,A3,5,6,L3,L,False,59,False,L3,True,0.7241718881947792,False,0.844688892364502,valid,False,0.004879431800884068,0.1770030841041056,0.7241718881947792,0.07709425613071567,0.0043688281966880555,0.009505187709487058,0.0026778889498524083,0.00023340708098976696,5.5300616559441884e-05,1.0727215938912946e-05
P11,2,B,beta,1799551287-β-5,P11-T02-Bβ,8,55,G3,4,4,L1,L,False,55,True,L1,True,0.3409144386467046,True,1.0475282669067383,valid,False,0.3409144386467046,0.550943097634899,0.08749936469774856,0.01697313046449544,0.003426815940250638,0.00017956528106401957,5.79387728079306e-05,4.478941793520386e-06,9.79597811209981e-07,1.9002242484657715e-07
P11,2,B,beta,1799551287-β-5,P11-T02-Bβ,9,57,A3,5,5,L3,L,False,57,True,L2,False,0.04907506083290874,False,0.9824600219726562,valid,False,0.06493267603029483,0.8742365399835231,0.04907506083290874,0.008112052995086542,0.0011892834462500462,0.0017707723332651424,0.0006271001512474572,4.4750662932020236e-05,9.787501932224682e-06,1.9760625599821256e-06
P11,2,B,beta,1799551287-β-5,P11-T02-Bβ,10,59,B3,6,6,L1,L,False,59,True,L1,True,0.7639752914864393,False,0.7671091556549072,valid,False,0.7639752914864393,0.19608249188622884,0.0208746488211649,0.0034505562421546085,0.00048603990356915316,0.010914076365740015,0.003890491299226883,0.00025628515893462846,5.834016114695684e-05,1.1778675394817674e-05
P11,2,B,beta,1799551287-β-5,P11-T02-Bβ,11,60,C4,7,7,R2,R,False,60,True,R2,True,0.7300144989719715,False,0.7298722267150879,valid,False,0.051749000599707794,0.02859021125847789,0.003167885705685706,0.0005904114546070573,7.990350143538667e-05,0.08762482914858089,0.7300144989719715,0.08088791213639117,0.015690640617039113,0.0016047066061035315
P11,2,B,beta,1799551287-β-5,P11-T02-Bβ,12,62,D4,8,8,R3,R,False,62,True,R3,True,0.5296434845848416,False,0.6031830310821533,valid,False,0.004781542490624036,0.002298379040811774,0.000265060841072964,4.5602356307221346e-05,5.259097260751155e-06,0.009913155829880907,0.2630883433968487,0.5296434845848416,0.17986455755200648,0.010094614810345497
P11,2,B,beta,1799551287-β-5,P11-T02-Bβ,13,57,A3,5,5,L3,L,False,57,True,L3,True,0.5580748522854715,False,0.8251371383666992,valid,False,0.01727212343329957,0.34532744997891507,0.5580748522854715,0.06698663335111579,0.0065076375952560364,0.0025382136727758837,0.0026234574815974074,0.0005296669306415445,0.00012549279872493992,1.4472472202358915e-05
P11,2,B,beta,1799551287-β-5,P11-T02-Bβ,14,53,F3,3,3,L2,L,False,53,True,L2,True,0.5978010360046304,False,1.362933874130249,valid,False,0.017210541353734458,0.5978010360046304,0.32808016462840517,0.05084559197187529,0.0058244567921493864,0.0001045569024279604,0.00011005863418893357,1.893502273158601e-05,4.14131455110825e-06,5.173753056510309e-07
P11,2,B,beta,1799551287-β-5,P11-T02-Bβ,15,59,B3,6,6,L3,L,False,59,True,L3,True,0.6523415854838887,False,0.7795331478118896,valid,False,0.0033265039395866023,0.14326216905372727,0.6523415854838887,0.1395140193389034,0.010104250525508054,0.016170515745342607,0.02998113435009845,0.004223095241976569,0.0009613356387082249,0.00011539068226024951
P11,2,B,beta,1799551287-β-5,P11-T02-Bβ,16,64,E4,9,9,R5,R,False,64,True,R5,True,0.6173931874797379,False,0.88922119140625,valid,False,0.0008147708571054488,0.0014132624520343724,0.00019899135006722904,3.701058531610068e-05,6.966575033729527e-06,0.004018488334632648,0.009873040192959854,0.06572675535303253,0.30051752682008015,0.6173931874797379
P11,2,B,beta,1799551287-β-5,P11-T02-Bβ,17,62,D4,8,8,R4,R,False,62,True,R4,True,0.5128677878197879,False,0.6721429824829102,valid,False,0.0024413962248434565,0.006680164417696818,0.0010408296009706977,0.00020157084028433778,3.7968968751067775e-05,0.018866975317863723,0.06817639342764474,0.3049104382508817,0.5128677878197879,0.0847764751312755
P11,2,B,beta,1799551287-β-5,P11-T02-Bβ,18,64,E4,9,9,R3,R,False,64,True,R3,True,0.46981176186354157,False,0.5682661533355713,valid,False,0.0006133913427070349,0.0008770127409807048,0.00013430151535030188,2.822159279202162e-05,5.391458604845195e-06,0.03303359740852135,0.2793127461059552,0.46981176186354157,0.20282268162724768,0.01336089434429945
P11,2,B,beta,1799551287-β-5,P11-T02-Bβ,19,62,D4,8,8,R5,R,False,62,True,R5,True,0.30995643028239017,True,0.6852269172668457,valid,False,0.002348777610232279,0.003388113293324627,0.0004754144828924187,9.584112020577702e-05,2.10647345824347e-05,0.014064384957263436,0.02946491900439358,0.1392724017402582,0.500912652774457,0.30995643028239017
P11,2,B,beta,1799551287-β-5,P11-T02-Bβ,20,64,E4,9,9,R3,R,False,64,True,R3,True,0.4570814321680719,False,0.6062526702880859,valid,False,0.0005193854787735537,0.0004016920270926067,5.8710397613537525e-05,1.2337172293143545e-05,3.003982837612175e-06,0.0389145458153608,0.331909241833109,0.4570814321680719,0.15522280921965795,0.015876841905189933
P11,2,B,beta,1799551287-β-5,P11-T02-Bβ,21,60,C4,7,7,L1,L,False,60,True,R1,False,0.020497238555464092,False,0.7490839958190918,valid,False,0.020497238555464092,0.2562360836176818,0.022333755223400586,0.004162430760876108,0.0007553052390125883,0.6429707421767626,0.045883208449345556,0.0057321989679285324,0.0012045417704615797,0.00022449523906647496
P11,2,B,beta,1799551287-β-5,P11-T02-Bβ,22,62,D4,8,8,R3,R,False,62,True,R3,True,0.4426452421772715,False,1.0680301189422607,valid,False,0.006154952093225783,0.004107311349206039,0.00043725822325640576,0.00010359861080146708,2.2658247654016932e-05,0.022364420742573807,0.42528887397494497,0.4426452421772715,0.09301573212684286,0.005859952454223353
P11,2,B,beta,1799551287-β-5,P11-T02-Bβ,23,57,A3,5,5,L3,L,False,57,True,L3,True,0.5660591237775067,False,0.8066630363464355,valid,False,0.008486766431295142,0.2418425432580997,0.5660591237775067,0.163808576841618,0.01330125811381435,0.0028887392755282924,0.002882616912412897,0.0005819903173286688,0.00013248293049845984,1.590214189770026e-05
P11,2,B,beta,1799551287-β-5,P11-T02-Bβ,24,55,G3,4,4,L2,L,False,55,True,L2,True,0.7968339907577398,False,0.8418402671813965,valid,False,0.08124673644652758,0.7968339907577398,0.09564528156393456,0.020918760008924005,0.003996286066729097,0.0005961623707626181,0.0006191143025695595,0.0001153996871916635,2.5239283339384063e-05,3.0295122816883442e-06
P11,2,B,beta,1799551287-β-5,P11-T02-Bβ,25,57,A3,5,5,L4,L,False,57,True,L4,True,0.5402469812502517,False,1.1278152465820312,valid,False,0.0032798823972131986,0.03541129157908557,0.3394091913507937,0.5402469812502517,0.07429260979381559,0.002951999287643498,0.0036401555260801156,0.0006262700617791785,0.00012644174479751392,1.5177008539875593e-05
P11,2,B,beta,1799551287-β-5,P11-T02-Bβ,26,60,C4,7,7,R4,R,False,60,True,R4,True,0.5095070267681949,False,0.8126490116119385,valid,False,0.004069887526132974,0.006814364069574846,0.0009545107667080365,0.00018515603889313664,5.236802264906293e-05,0.007340769282873871,0.06139790208458264,0.3733926173527732,0.5095070267681949,0.036285398087617445
P11,2,B,beta,1799551287-β-5,P11-T02-Bβ,27,62,D4,8,8,R5,R,False,62,True,R5,True,0.6880574290202203,False,0.874708890914917,valid,False,0.0017667422403378728,0.0008292942478234649,0.00010794562043688619,2.0939296017463736e-05,4.520449183683316e-06,0.0031951154537207043,0.007460063768480421,0.055360830160061256,0.24319711974371794,0.6880574290202203
P11,2,B,beta,1799551287-β-5,P11-T02-Bβ,28,59,B3,6,6,L2,L,False,59,True,L2,True,0.642404369889985,False,0.745171070098877,valid,False,0.02050256215850369,0.642404369889985,0.0521435109567461,0.007344852614646461,0.0010636466445493845,0.03634338619337426,0.20146222390244234,0.02978484607939336,0.007956583851425118,0.0009940177089343548
P11,2,B,beta,1799551287-β-5,P11-T02-Bβ,29,57,A3,5,5,L5,L,False,57,True,L5,True,0.39655638902415136,True,1.0964281558990479,valid,False,0.001895022134582083,0.015114684652858364,0.12016064313316033,0.45236532323131423,0.39655638902415136,0.00358775577688869,0.00887127250696414,0.001153520127931769,0.00026258465542658774,3.280475672253528e-05
P11,3,C,beta,1799551287-β-9,P11-T03-Cβ,0,62,D4,8,8,R4,R,False,62,True,R4,True,0.5252520395675944,False,0.9970359802246094,valid,False,0.00038116982966848484,0.00046837498613429735,5.099020226112023e-05,9.130619100126705e-06,1.4558233364382788e-06,0.008082261413936396,0.03182227121539938,0.33828144372973407,0.5252520395675944,0.09565086261283541
P11,3,C,beta,1799551287-β-9,P11-T03-Cβ,1,67,G4,11,11,R2,R,False,67,True,R2,True,0.8353162055910849,False,0.7791800498962402,valid,False,2.7296575157361394e-06,2.21073010826568e-06,2.4550588058753203e-07,4.956678243783432e-08,8.751356150681035e-09,0.07280687171931038,0.8353162055910849,0.06995207344563137,0.017953953520067952,0.003965651512262295
P11,3,C,beta,1799551287-β-9,P11-T03-Cβ,2,64,E4,9,9,R3,R,False,64,True,R3,True,0.6441279562859762,False,0.5178980827331543,valid,False,9.459973703952392e-05,7.034973516180688e-05,8.462568013359851e-06,1.708563015190303e-06,3.6467132032890905e-07,0.007340002915669017,0.13535451808451296,0.6441279562859762,0.20192521301580843,0.011076824423483326
P11,3,C,beta,1799551287-β-9,P11-T03-Cβ,3,62,D4,8,8,R2,R,False,62,True,R2,True,0.8004331133488836,False,0.47489190101623535,valid,False,0.001350761819907998,0.0012548642048221827,0.00015103768526371824,2.929829657497452e-05,6.748309918406676e-06,0.03212948350958798,0.8004331133488836,0.1302914804628177,0.03212948350958798,0.0022237288526354977
P11,3,C,beta,1799551287-β-9,P11-T03-Cβ,4,59,B3,6,6,L4,L,False,59,True,L4,True,0.5141156356891036,False,0.6493070125579834,valid,False,0.0018265851991842278,0.03508158472843752,0.4100069219377405,0.5141156356891036,0.035985820653601494,0.0015436940010812574,0.001148755158353435,0.00023750851875953795,4.5973163107738885e-05,7.52095063064869e-06
P11,3,C,beta,1799551287-β-9,P11-T03-Cβ,5,59,B3,6,6,L4,L,False,59,True,L4,True,0.5660269032520011,False,0.39740633964538574,valid,False,0.001690546536966514,0.030593136968024275,0.3579869908877109,0.5660269032520011,0.04184070787336166,0.0009274707482693224,0.0007876628141566409,0.00011749513028037739,2.4689965062340544e-05,4.395824166963825e-06
P11,3,C,beta,1799551287-β-9,P11-T03-Cβ,6,60,C4,7,7,R4,R,False,60,True,R4,True,0.5432957750196883,False,0.6115870475769043,valid,False,0.0011768764150435595,0.0019132461616993466,0.0004136056729230768,9.4726235695969e-05,3.523970792364168e-05,0.006703153598736899,0.051420642555087354,0.3511615053715595,0.5432957750196883,0.04378522926164235
P11,3,C,beta,1799551287-β-9,P11-T03-Cβ,7,64,E4,9,9,R5,R,False,64,True,R5,True,0.5517289609329195,False,0.5397789478302002,valid,False,0.0002932245726997452,0.00038148020231601237,7.375967638770504e-05,1.542654880041409e-05,4.2428899625614146e-06,0.002784271315069652,0.006046348578730135,0.06883730279136419,0.36983498249175006,0.5517289609329195
P11,3,C,beta,1799551287-β-9,P11-T03-Cβ,8,60,C4,7,7,L2,L,False,60,True,L2,True,0.7166511584757778,False,0.5642330646514893,valid,False,0.015403414303775228,0.7166511584757778,0.06501312631940896,0.010566307098419,0.001556300277442959,0.021347418174727423,0.1333710546032133,0.028066850793112916,0.007175586007743443,0.0008487839463790807
P11,3,C,beta,1799551287-β-9,P11-T03-Cβ,9,59,B3,6,6,L1,L,False,59,True,L1,True,0.7693224175345073,False,0.5870089530944824,valid,False,0.7693224175345073,0.20551317631717858,0.010649470261483676,0.00273330131145619,0.0008198165989139064,0.004424701123071361,0.005389164025727608,0.00089182099054481,0.00022889546833672087,2.72363687798728e-05
P11,3,C,beta,1799551287-β-9,P11-T03-Cβ,10,60,C4,7,7,R4,R,False,60,True,R4,True,0.6057196956498727,False,0.6147229671478271,valid,False,0.001976612616026308,0.001134755637762697,0.0001417652626192316,3.1005748091728374e-05,4.924253106447868e-06,0.005188358317308215,0.024758491306979408,0.27519887378384356,0.6057196956498727,0.08584551742438974
P11,3,C,beta,1799551287-β-9,P11-T03-Cβ,11,64,E4,9,9,R5,R,False,64,True,R5,True,0.6502428069237369,False,0.5369288921356201,valid,False,4.8292971093230505e-05,2.618275848978759e-05,2.2821115235933027e-06,6.345121273530081e-07,1.1361964244822991e-07,0.0017895258558562146,0.005450382973451346,0.05026685141436215,0.2921729268597172,0.6502428069237369
P11,3,C,beta,1799551287-β-9,P11-T03-Cβ,12,62,D4,8,8,R4,R,False,62,True,R4,True,0.5049715652730588,False,0.6284458637237549,valid,False,0.00017458489947600925,0.00010071123880328047,8.103186669370201e-06,2.3449343371298363e-06,4.0307042535548197e-07,0.005854107602100432,0.03400579029249406,0.3972247022901757,0.5049715652730588,0.05765768721246001
P11,3,C,beta,1799551287-β-9,P11-T03-Cβ,13,57,A3,5,5,L2,L,False,57,True,L2,True,0.9128885769954422,False,0.49425792694091797,valid,False,0.029086359008592147,0.9128885769954422,0.030975060326857328,0.004726487731101022,0.000709780233951041,0.002947772439742729,0.01276262329992539,0.004689699765625741,0.0011005480162549922,0.00011309218250759569
P11,3,C,beta,1799551287-β-9,P11-T03-Cβ,14,60,C4,7,7,L1,L,False,60,True,L1,True,0.6421542801989298,False,0.6337141990661621,valid,False,0.6421542801989298,0.30031399780975365,0.027243871225461957,0.004503381624420935,0.0005626084219501041,0.01175920435634772,0.010765499227321975,0.002192031165135572,0.0004252102981159511,7.991567256230855e-05
P11,3,C,beta,1799551287-β-9,P11-T03-Cβ,15,64,E4,9,9,R5,R,False,64,True,R4,True,0.4465942527388302,False,0.6499578952789307,valid,False,0.00011814709739826287,4.427289935886005e-05,5.756748030482856e-06,1.6005906817846963e-06,2.746509178468678e-07,0.004584208479733428,0.0067248763495658835,0.08647676442191443,0.4554498460235688,0.4465942527388302
P11,3,C,beta,1799551287-β-9,P11-T03-Cβ,16,59,B3,6,6,L2,L,False,59,True,L2,True,0.8532349431495251,False,0.4004189968109131,valid,False,0.024264998988246522,0.8532349431495251,0.05400274837817097,0.008240285086187498,0.0009372736428260763,0.00632015395908864,0.034837082172386,0.014170020126396583,0.0035750053034723237,0.000417489193700264
P11,3,C,beta,1799551287-β-9,P11-T03-Cβ,17,57,A3,5,5,L1,L,False,57,True,L1,True,0.804519902511345,False,0.5751941204071045,valid,False,0.804519902511345,0.16905865151655627,0.014735296013197419,0.0030964172121935992,0.0006251558534006055,0.0016887947180212243,0.004709878354643894,0.0012442371311853126,0.00028580399030349725,3.586269915328906e-05
P11,3,C,beta,1799551287-β-9,P11-T03-Cβ,18,52,E3,2,2,L3,L,False,52,True,L3,True,0.5394532092405478,False,0.6680371761322021,valid,False,0.00931082877252893,0.32645825471911827,0.5394532092405478,0.11390043889331933,0.010850841133269047,9.064413461737451e-06,1.3811616497983352e-05,2.793531285147282e-06,6.604710827763541e-07,9.720888885572023e-08
P11,3,C,beta,1799551287-β-9,P11-T03-Cβ,19,55,G3,4,4,L2,L,False,55,True,L2,True,0.8603717268476512,False,0.47105908393859863,valid,False,0.03759493627838465,0.8603717268476512,0.0812364904807433,0.016578159250798863,0.00293651555490016,0.0003719043666701284,0.0007016532124464064,0.00016266167562099782,3.99274434203334e-05,6.024889364245731e-06
P11,3,C,beta,1799551287-β-9,P11-T03-Cβ,20,60,C4,7,7,R4,R,False,60,True,R4,True,0.5426055822176514,False,0.4321627616882324,valid,False,0.004273291129992807,0.0019278062301004413,0.00013757070003867804,3.5168077539619974e-05,9.104769875909376e-06,0.004830294801023374,0.030773786167068544,0.3404552369949485,0.5426055822176514,0.07495215891176081
P11,3,C,beta,1799551287-β-9,P11-T03-Cβ,21,57,A3,5,5,L1,L,False,57,True,L1,True,0.8024579008954333,False,0.49115896224975586,valid,False,0.8024579008954333,0.14955726959412072,0.011561485907382105,0.0026318299262384913,0.0008538642723437839,0.0036413442735789467,0.01855246346067006,0.008376570273411193,0.002146447118316612,0.00022082427850489623
P11,3,C,beta,1799551287-β-9,P11-T03-Cβ,22,60,C4,7,7,L2,L,False,60,True,L2,True,0.7457243312674601,False,0.4501330852508545,valid,False,0.021753096053217846,0.7457243312674601,0.04155517888758092,0.007441125809172123,0.0008310896008087788,0.0198784023493927,0.12089374679932398,0.0339915914007925,0.007094440663773678,0.0008369971684772452
P11,3,C,beta,1799551287-β-9,P11-T03-Cβ,23,64,E4,9,9,R2,R,False,64,True,R3,False,0.21104649824867203,False,0.3877255916595459,valid,False,0.0002457468720940724,0.00024863661635899314,3.412401105942721e-05,7.979521069305846e-06,1.9222245652452326e-06,0.013421040334172843,0.21104649824867203,0.5970963436644595,0.166015055502939,0.011882653004609393
P11,3,C,beta,1799551287-β-9,P11-T03-Cβ,24,59,B3,6,6,L1,L,False,59,True,L1,True,0.7744297362722959,False,0.5634849071502686,valid,False,0.7744297362722959,0.19876573780758486,0.014184175394261018,0.0029806068905725703,0.0006518941572999,0.004221289915959405,0.0036465042790265684,0.0008625405940120885,0.00023032425817434774,2.7190430813273313e-05
P11,3,C,beta,1799551287-β-9,P11-T03-Cβ,25,62,D4,8,8,R1,R,False,62,True,R1,True,0.7513741964734608,False,0.40912413597106934,valid,False,0.0014300649840119357,0.0003612820918069438,5.0889624958978116e-05,1.2057164781704452e-05,3.4377411833267694e-06,0.7513741964734608,0.22630955895798818,0.01614973743998784,0.0036762888988443434,0.0006324866229758676
P11,3,C,beta,1799551287-β-9,P11-T03-Cβ,26,60,C4,7,7,L3,L,False,60,True,L3,True,0.6904637348124819,False,0.524240255355835,valid,False,0.004294621609341538,0.18444723829560117,0.6904637348124819,0.07486244769920777,0.007891326025489446,0.023387915015419796,0.012646284432592138,0.0015799029976873652,0.0003596454662642082,6.688364591465781e-05
P11,3,C,beta,1799551287-β-9,P11-T03-Cβ,27,64,E4,9,9,R3,R,False,64,True,R3,True,0.6409291555772498,False,0.41309475898742676,valid,False,0.00037743997262847166,0.0011983332800867962,0.0003880996271484276,7.788463666920737e-05,1.5054153297161957e-05,0.017419731138861166,0.1712148035138461,0.6409291555772498,0.15805118386700737,0.01032831423320555
P11,3,C,beta,1799551287-β-9,P11-T03-Cβ,28,62,D4,8,8,R4,R,False,62,True,R4,True,0.5164430967654657,False,0.41323399543762207,valid,False,0.0011438936026945373,0.0043824988623565745,0.0012786488443774432,0.00029699110282966517,5.7452453549765864e-05,0.006506337221203299,0.03803119570755051,0.39031929592238496,0.5164430967654657,0.0415405895175877
P11,3,C,beta,1799551287-β-9,P11-T03-Cβ,29,64,E4,9,9,R5,R,False,64,True,R5,True,0.27598723011775594,True,0.7358789443969727,valid,False,0.00034491524163969594,0.0006859867068263272,0.0001707775335151098,3.981436985776593e-05,8.843013786127945e-06,0.0014790450979940532,0.007998646969927643,0.14412819478940664,0.5691565461592908,0.27598723011775594
P11,4,C,alpha,1799551287-α-6,P11-T04-Cα,0,64,E4,9,9,R3,R,False,64,True,R3,True,0.6240159458882056,False,0.7228908538818359,valid,False,0.00015598822102166435,6.305019790935235e-05,5.072994129266675e-06,1.0660190555486449e-06,1.7487814887457986e-07,0.017711221779374255,0.18058036648235531,0.6240159458882056,0.16669668813635152,0.010770425403448705
P11,4,C,alpha,1799551287-α-6,P11-T04-Cα,1,65,F4,10,10,R4,R,False,65,True,R4,True,0.32916334586639084,True,0.5166079998016357,valid,False,1.7686179349969087e-05,6.9888037099559086e-06,5.852649657024135e-07,1.0907815869452775e-07,1.7207357043152022e-08,0.015305339364544856,0.13759579638282338,0.4717995058253968,0.32916334586639084,0.046110626027302974
P11,4,C,alpha,1799551287-α-6,P11-T04-Cα,2,67,G4,11,11,R5,R,False,67,True,R5,True,0.22964129550075355,True,0.5188767910003662,valid,False,2.2168598766959854e-06,8.730816370431022e-07,7.609853888049733e-08,1.25790038722334e-08,1.839207033939551e-09,0.019144491710569148,0.09290778505246734,0.3291516236389732,0.3291516236389732,0.22964129550075355
P11,4,C,alpha,1799551287-α-6,P11-T04-Cα,3,65,F4,10,10,R3,R,False,65,True,R3,True,0.4895861188363628,False,0.41084814071655273,valid,False,2.0772013100350564e-05,8.510627338989946e-06,6.579118374502694e-07,1.276217660522816e-07,2.0173860625905147e-08,0.030986771225486615,0.41719777033048,0.4895861188363628,0.05876581914053221,0.003433432119235004
P11,4,C,alpha,1799551287-α-6,P11-T04-Cα,4,60,C4,7,7,L3,L,False,60,True,L3,True,0.7131518554368375,False,0.6150319576263428,valid,False,0.004030084685042933,0.1801495590297304,0.7131518554368375,0.08531925035330822,0.00643797067106365,0.0066627822094372175,0.0035136321543970477,0.0005908384728021934,0.0001146108719412555,2.941611543976715e-05
P11,4,C,alpha,1799551287-α-6,P11-T04-Cα,5,59,B3,6,6,L4,L,False,59,True,L4,True,0.5330553337411109,False,0.45512890815734863,valid,False,0.0022357761601719296,0.034901622938402585,0.3671141852929112,0.5330553337411109,0.060864102408852115,0.0010203846497128597,0.0006693991462689695,0.00011065093465473976,2.3251752683039588e-05,5.292975231639246e-06
P11,4,C,alpha,1799551287-α-6,P11-T04-Cα,6,60,C4,7,7,L5,L,False,60,True,L5,True,0.7524979094737769,False,0.6663258075714111,valid,False,0.004662228056063101,0.01157614933966444,0.044198057541730514,0.18261429311682398,0.7524979094737769,0.0021256625402596785,0.0017806069065683413,0.0004246025256235132,9.665553741486512e-05,2.3834962074650122e-05
P11,4,C,alpha,1799551287-α-6,P11-T04-Cα,7,59,B3,6,6,L4,L,False,59,True,L4,True,0.49100209257109867,False,0.6976630687713623,valid,False,0.0022176506940895643,0.04408663068472476,0.4184043835538745,0.49100209257109867,0.04363701731098389,0.0002878427734551711,0.0002770515717949429,6.56412079447348e-05,1.75350839057199e-05,4.154548128085163e-06
P11,4,C,alpha,1799551287-α-6,P11-T04-Cα,8,60,C4,7,7,L5,L,False,60,True,L5,True,0.5941763678134286,False,0.5539119243621826,valid,False,0.004698184656480246,0.018362956447400124,0.07821107771436715,0.2951171181070087,0.5941763678134286,0.004233196368464052,0.004166915987303308,0.0008082985394396895,0.00018399921104206296,4.18851550660605e-05
P11,4,C,alpha,1799551287-α-6,P11-T04-Cα,9,59,B3,6,6,L3,L,False,59,True,L3,True,0.6832104212627619,False,0.504723072052002,valid,False,0.006339518986684521,0.1618715138180544,0.6832104212627619,0.1379378051106133,0.009557087412047886,0.0004894255368168401,0.0004708587592987672,9.50647439697046e-05,2.2523476718431875e-05,5.780893034248055e-06
P11,4,C,alpha,1799551287-α-6,P11-T04-Cα,10,57,A3,5,5,L4,L,False,57,True,L4,True,0.4808398819532651,False,0.4362809658050537,valid,False,0.0024992996188853834,0.04476874510422145,0.4106591092825608,0.4808398819532651,0.061073962690483624,7.770982229901374e-05,6.69060641432016e-05,1.1510844694453406e-05,2.323999462987397e-06,5.506199839440588e-07
P11,4,C,alpha,1799551287-α-6,P11-T04-Cα,11,62,D4,8,8,R2,R,False,62,True,R2,True,0.8074497603151932,False,0.4467458724975586,valid,False,0.003454351651402345,0.03303716159027139,0.012680168548564377,0.00277929356909323,0.0004561946800771461,0.047175789979291734,0.8074497603151932,0.07935098314155635,0.012602318901595631,0.0010139776229545845
P11,4,C,alpha,1799551287-α-6,P11-T04-Cα,12,64,E4,9,9,R1,R,False,64,True,R1,True,0.5150970448098565,False,0.37845301628112793,valid,False,0.0013032986503492558,0.0054256457792830675,0.0014534982215972379,0.00028684038834340725,5.554695847526267e-05,0.5150970448098565,0.43893674744956945,0.03132308355295208,0.005388975644385676,0.0007293185451881429
P11,4,C,alpha,1799551287-α-6,P11-T04-Cα,13,65,F4,10,10,R2,R,False,65,True,R2,True,0.838863812773011,False,0.40162014961242676,valid,False,0.0003196473341555558,0.0008680089063730031,0.00022159949627984605,4.876132148238806e-05,1.0059343184029497e-05,0.0598623866643926,0.838863812773011,0.08580251963185859,0.012086007426390558,0.0019171971028724049
P11,4,C,alpha,1799551287-α-6,P11-T04-Cα,14,64,E4,9,9,R1,R,False,64,True,R1,True,0.5475785652223164,False,0.4128592014312744,valid,False,0.0020071944595654563,0.007910186035579612,0.0021775275043227926,0.0005184417912982965,0.00010133988852692901,0.5475785652223164,0.4138509767646803,0.020604426874290416,0.004506433081244981,0.000744908378174774
P11,4,C,alpha,1799551287-α-6,P11-T04-Cα,15,62,D4,8,8,R2,R,False,62,True,R2,True,0.7239066220852222,False,0.604874849319458,valid,False,0.0041148184382815926,0.026527552763581385,0.008661773844709302,0.0021700275476283313,0.00041570605358632457,0.024159131124917868,0.7239066220852222,0.17851317518343968,0.02950802939072789,0.0020231635679054403
P11,4,C,alpha,1799551287-α-6,P11-T04-Cα,16,59,B3,6,6,L5,L,False,59,True,L5,True,0.8370099412587991,False,0.7642478942871094,valid,False,0.0019508886584052765,0.007639132281358267,0.026938564715473654,0.11950425028459458,0.8370099412587991,0.0012562660391424994,0.004165580549469986,0.0012838147866034875,0.0002122131569079901,3.934826924525004e-05
P11,4,C,alpha,1799551287-α-6,P11-T04-Cα,17,64,E4,9,9,R3,R,False,64,True,R3,True,0.491681668941151,False,0.4004509449005127,valid,False,0.0008916373967594359,0.01566338802553222,0.026151123712844872,0.008118736892836965,0.0008662992905262094,0.026518205383989208,0.3430346603833352,0.491681668941151,0.08127443323490643,0.005799846738118658
P11,4,C,alpha,1799551287-α-6,P11-T04-Cα,18,60,C4,7,7,L4,L,False,60,True,L4,True,0.5393619101193536,False,0.4781157970428467,valid,False,0.0018373222655702019,0.0303563846297809,0.33374819215469254,0.5393619101193536,0.07769451595344336,0.005218772058483425,0.007173450591817426,0.003936873155734985,0.0005771730136548311,9.54060574686461e-05
P11,4,C,alpha,1799551287-α-6,P11-T04-Cα,19,59,B3,6,6,L3,L,False,59,True,L3,True,0.6644252444698477,False,0.6216340065002441,valid,False,0.009061676350550638,0.19265479232803212,0.6644252444698477,0.1181118677077169,0.012918283451643824,0.0009299330102308073,0.0012987635322776214,0.000497287317073009,8.555572874675602e-05,1.6596103880523797e-05
P11,4,C,alpha,1799551287-α-6,P11-T04-Cα,20,62,D4,8,8,R4,R,False,62,True,R3,True,0.40259912866461534,False,0.48170900344848633,valid,False,0.0070536125276440785,0.03926668423628946,0.007986500460321105,0.0012671334884844373,0.00022728607476210782,0.0067075827550802615,0.07705488248953977,0.4190295107945992,0.40259912866461534,0.0388076785086641
P11,4,C,alpha,1799551287-α-6,P11-T04-Cα,21,57,A3,5,5,L1,L,False,57,True,L1,True,0.7068838038055906,False,0.5629119873046875,valid,False,0.7068838038055906,0.27066077968818747,0.01581353630375339,0.003192697916909881,0.001272350912319452,0.0004846120939156399,0.0010326831934072316,0.0005338287714137319,0.00011025311633385978,1.5454198168819277e-05
P11,4,C,alpha,1799551287-α-6,P11-T04-Cα,22,55,G3,4,4,L2,L,False,55,True,L2,True,0.7035215675234443,False,0.40300798416137695,valid,False,0.18391206707435578,0.7035215675234443,0.08789109871698322,0.020007326541447552,0.004542872360690656,3.4689421808062585e-05,6.218600728485451e-05,2.2283663076680013e-05,5.072601551499156e-06,8.360893571473248e-07
P11,4,C,alpha,1799551287-α-6,P11-T04-Cα,23,53,F3,3,3,L3,L,False,53,True,L3,True,0.5336800733827507,False,0.506868839263916,valid,False,0.0074160862695033716,0.24769836652111665,0.5336800733827507,0.1862355676675644,0.024954617765108624,4.603824856102803e-06,7.422492626397382e-06,2.5793871317627822e-06,5.641426267680993e-07,1.1854671518592771e-07
P11,4,C,alpha,1799551287-α-6,P11-T04-Cα,24,55,G3,4,4,L2,L,False,55,True,L2,True,0.7958356986802841,False,0.41600823402404785,valid,False,0.02904376076203418,0.7958356986802841,0.13691944440497178,0.031974076317074884,0.0060877762414273135,3.9642356854009685e-05,7.0129193199713e-05,2.326960575169065e-05,5.089339382586366e-06,1.113099019705684e-06
P11,4,C,alpha,1799551287-α-6,P11-T04-Cα,25,53,F3,3,3,L3,L,False,53,True,L3,True,0.5139024817664878,False,0.34532833099365234,valid,False,0.00551970611026618,0.2521169792527347,0.5139024817664878,0.2029147593517788,0.025528215067911943,5.087843241510117e-06,8.841627722389485e-06,3.1575259768756796e-06,6.374935002088728e-07,1.3396037954991636e-07
P11,4,C,alpha,1799551287-α-6,P11-T04-Cα,26,55,G3,4,4,L4,L,False,55,True,L4,True,0.26994211095546133,True,0.7101352214813232,valid,False,0.0026066387306374126,0.04509786848483731,0.5772107967667767,0.26994211095546133,0.10503349323290133,2.8832259256952997e-05,5.7478172315487184e-05,1.828283810068729e-05,3.6912413515887774e-06,8.073183612020255e-07
P11,4,C,alpha,1799551287-α-6,P11-T04-Cα,27,62,D4,8,8,R4,R,False,62,True,R4,True,0.5469571004273276,False,0.5334751605987549,valid,False,0.0026745172655357166,0.010666005702561364,0.0018409896578820276,0.000353930919362645,8.110028382521342e-05,0.009839557013607489,0.047532863492005105,0.23612713611873334,0.5469571004273276,0.14392679911915954
P11,4,C,alpha,1799551287-α-6,P11-T04-Cα,28,57,A3,5,5,L4,L,False,57,True,L4,True,0.39402933665848744,True,0.44464778900146484,valid,False,0.002374175774875096,0.03539947332935245,0.4597762417232987,0.39402933665848744,0.10480654170428051,0.0007626721135475079,0.0017955667649425088,0.0008184864026182606,0.00021309835441269662,2.4407174184945244e-05
P11,4,C,alpha,1799551287-α-6,P11-T04-Cα,29,62,D4,8,8,R4,R,False,62,True,R4,True,0.473223149639029,False,0.412675142288208,valid,False,0.002135888235457045,0.015746762333997914,0.0041838446888768565,0.0009799337207951238,0.0002490458558051588,0.007158827371152542,0.06839834273105269,0.3740880798850971,0.473223149639029,0.05383612553873648
P11,5,A,alpha,1799551287-α-9,P11-T05-Aα,0,60,C4,7,7,L4,L,False,60,True,R2,False,0.0005319758355770817,False,2.3151707649230957,valid,False,0.020364524678001,0.021086530248787958,0.0032182662648278498,0.0005319758355770817,0.00013603403892832022,0.03408450177179713,0.7911093454520732,0.10446402852244019,0.022847524796772874,0.002157268390794348
P11,5,A,alpha,1799551287-α-9,P11-T05-Aα,1,59,B3,6,6,L5,L,False,59,True,L2,False,0.0015254803937389265,False,0.4930548667907715,valid,False,0.033146403697637924,0.8131651496378794,0.030597987077220005,0.0059353988272553,0.0015254803937389265,0.013380305468151128,0.08078392461059893,0.017477847554036974,0.0035287165632014676,0.0004587861702799853
P11,5,A,alpha,1799551287-α-9,P11-T05-Aα,2,60,C4,7,7,L4,L,False,60,True,R2,False,0.0009471578241157185,False,0.3177468776702881,valid,False,0.017046209368769192,0.10624103813170431,0.005289429828936006,0.0009471578241157185,0.00020881534335826012,0.027267907391235597,0.7176663947215534,0.10624103813170431,0.01756152548667791,0.001530483771945379
P11,5,A,alpha,1799551287-α-9,P11-T05-Aα,3,65,F4,10,10,R4,R,False,65,True,R4,True,0.5556091427113743,False,0.7519059181213379,valid,False,0.0002903849183057111,0.00021014974442409723,1.0889732200181796e-05,1.9499823968743032e-06,5.574368126615069e-07,0.0043990453920760755,0.04357487200434121,0.27044400364674726,0.5556091427113743,0.12545900443132169
P11,5,A,alpha,1799551287-α-9,P11-T05-Aα,4,64,E4,9,9,R5,R,False,64,True,R3,False,0.010416569612007348,False,0.3145310878753662,valid,False,0.0013608887000851016,0.0013654313010654513,6.798082153776704e-05,1.1695751184044232e-05,3.4520740158878055e-06,0.010640032170699245,0.2598068787757152,0.5508543023860505,0.16547276840763944,0.010416569612007348
P11,5,A,alpha,1799551287-α-9,P11-T05-Aα,5,59,B3,6,6,L3,L,False,59,True,L2,False,0.04884039976920784,False,0.2777531147003174,valid,False,0.030221628226358287,0.9055638917698372,0.04884039976920784,0.008402739927356715,0.002066329071700855,0.0029261193245540655,0.0016890093131999983,0.0002205916188271882,5.8927808706536673e-05,1.0363170251127045e-05
P11,5,A,alpha,1799551287-α-9,P11-T05-Aα,6,57,A3,5,5,L4,L,False,57,True,L2,False,0.03466793586532942,False,0.45264482498168945,valid,False,0.017144567034528428,0.7543188988033904,0.186012750288692,0.03466793586532942,0.007234143095395563,0.0003870011603637594,0.000198879871316998,2.8038273857981565e-05,6.64304538248709e-06,1.1425617432211488e-06
P11,5,A,alpha,1799551287-α-9,P11-T05-Aα,7,62,D4,8,8,R5,R,False,62,True,R2,False,0.0014222361588139068,False,0.5903260707855225,valid,False,0.008644020770195743,0.004410095072430685,0.0005088962102708349,0.0001158439569333355,2.9133228912380066e-05,0.04145003838686979,0.8325462764870193,0.0922487569175626,0.018624702810991278,0.0014222361588139068
P11,5,A,alpha,1799551287-α-9,P11-T05-Aα,8,64,E4,9,9,R4,R,False,64,True,R3,False,0.11580837768939901,False,0.30361294746398926,valid,False,0.0012892421146967696,0.0003798179988906439,4.2085033879944756e-05,8.843583675882679e-06,2.238320132792336e-06,0.021438679901918566,0.25554761983858426,0.5970118179257488,0.11580837768939901,0.008471277593073374
P11,5,A,alpha,1799551287-α-9,P11-T05-Aα,9,62,D4,8,8,R3,R,False,62,True,R2,False,0.1510735127318723,False,0.3361210823059082,valid,False,0.007444227303341032,0.0035175564479726098,0.0004056626231206588,8.524434985557179e-05,2.3029652307050175e-05,0.03579350876779748,0.7788095669415459,0.1510735127318723,0.021279976446406917,0.0015677147357804472
P11,5,A,alpha,1799551287-α-9,P11-T05-Aα,10,64,E4,9,9,R1,R,False,64,True,R3,False,0.019324125805077797,False,0.27390313148498535,valid,False,0.001241917914394679,0.0003410168855978565,3.932781360759596e-05,8.264192240416185e-06,2.3393826592240693e-06,0.019324125805077797,0.26707171060913565,0.5806665773678916,0.12201899324568362,0.009285726783711515
P11,5,A,alpha,1799551287-α-9,P11-T05-Aα,11,59,B3,6,6,L1,L,False,59,True,L2,False,0.024590914972591166,False,0.3600809574127197,valid,False,0.024590914972591166,0.8999840713514428,0.02772617920905267,0.005597819039603543,0.0013675126858547664,0.01086002908797766,0.02635095702130878,0.003072148225683113,0.0004157700502676812,3.459835621763798e-05
P11,5,A,alpha,1799551287-α-9,P11-T05-Aα,12,64,E4,9,9,R1,R,False,64,True,R3,False,0.020450372456643825,False,0.2664318084716797,valid,False,0.0012540129052738456,0.0012242813483729935,4.426123760734591e-05,9.680458795942959e-06,2.640695234639518e-06,0.020450372456643825,0.317607970484514,0.5350466917881959,0.11702107156853638,0.007339017056825246
P11,5,A,alpha,1799551287-α-9,P11-T05-Aα,13,65,F4,10,10,R2,R,False,65,True,R4,False,0.04977680666986682,False,0.4158620834350586,valid,False,0.0002108749120022307,0.0001520508907696292,5.2815270636612225e-06,1.1551327500825365e-06,3.295168639978274e-07,0.005646741505073457,0.04977680666986682,0.40200317778415184,0.47175509930295556,0.07044848275850278
P11,5,A,alpha,1799551287-α-9,P11-T05-Aα,14,64,E4,9,9,R3,R,False,64,True,R3,True,0.5062503706666648,False,0.2954990863800049,valid,False,0.0011666551056390968,0.001112969146184621,4.023698628945731e-05,8.800307196637591e-06,2.419315521864257e-06,0.014233367968016195,0.3501107637621206,0.5062503706666648,0.11994476565404624,0.007129651088320684
P11,5,A,alpha,1799551287-α-9,P11-T05-Aα,15,62,D4,8,8,R1,R,False,62,True,R2,False,0.040752603310989066,False,0.27710413932800293,valid,False,0.007856725503535934,0.012274448237623947,0.00044375606200857,9.705472566837842e-05,2.726143513558019e-05,0.040752603310989066,0.7864425876586751,0.12999808539008662,0.020645961320481247,0.0014615163557955221
P11,5,A,alpha,1799551287-α-9,P11-T05-Aα,16,57,A3,5,5,L2,L,False,57,True,L2,True,0.8216228795202818,False,0.513861894607544,valid,False,0.022904591029447183,0.8216228795202818,0.1204556343832592,0.02531207376329384,0.005397338155606918,0.0016198230336424528,0.002288464636768396,0.00033664763326955456,5.7918496222212724e-05,4.629348208463771e-06
P11,5,A,alpha,1799551287-α-9,P11-T05-Aα,17,59,B3,6,6,L1,L,False,59,True,L2,False,0.02324515236276526,False,0.3088240623474121,valid,False,0.02324515236276526,0.9215864708511835,0.02324515236276526,0.003274275455888214,0.0008357824252097205,0.007731490751987017,0.017441118465349324,0.0021948124743243506,0.00040905592750072473,3.668892302648652e-05
P11,5,A,alpha,1799551287-α-9,P11-T05-Aα,18,64,E4,9,9,R2,R,False,64,True,R3,False,0.3540021742464781,False,0.27173709869384766,valid,False,0.001029736614078489,0.0008764909326015051,3.17235191253894e-05,5.6806083679800585e-06,1.8643981794591109e-06,0.01785323798721372,0.3540021742464781,0.5074017291657921,0.110974789628667,0.007822572899496323
P11,5,A,alpha,1799551287-α-9,P11-T05-Aα,19,65,F4,10,10,R1,R,False,65,True,R4,False,0.006829157928733139,False,0.3922271728515625,valid,False,0.0001778509662590945,0.00011726907957751357,5.852466064991908e-06,8.243691284087614e-07,2.762151875083378e-07,0.006829157928733139,0.06467193699227358,0.3647119423667576,0.5022549418181573,0.06122994779786087
P11,5,A,alpha,1799551287-α-9,P11-T05-Aα,20,60,C4,7,7,L2,L,False,60,True,R2,False,0.09722779621367955,False,0.3557898998260498,valid,False,0.027008614638815202,0.09722779621367955,0.004958620836162238,0.0006984635009280047,0.00022206833114914344,0.04425115394653515,0.7766801444781896,0.04299688386648796,0.005590829380948815,0.0003654248071045523
P11,5,A,alpha,1799551287-α-9,P11-T05-Aα,21,59,B3,6,5,L3,L,False,57,False,L2,False,0.09824349417541199,False,0.3099558353424072,valid,False,0.020137542986405313,0.8518828620434501,0.09824349417541199,0.01831003062947615,0.005026924600074457,0.0021294312382307986,0.003811321042598069,0.00039354849896634623,6.0051607077737626e-05,4.793178309186637e-06
P11,5,A,alpha,1799551287-α-9,P11-T05-Aα,22,57,A3,5,5,L2,L,False,57,True,L2,True,0.8302881447774827,False,0.4783749580383301,valid,False,0.018878393253604266,0.8302881447774827,0.12172602259867109,0.018574186661696062,0.004406119276299759,0.0020754514393924845,0.0035692988139057495,0.0004155188922226366,6.091796249652914e-05,5.946324228892563e-06
P11,5,A,alpha,1799551287-α-9,P11-T05-Aα,23,59,B3,6,6,L1,L,False,59,True,L2,False,0.027770676452921025,False,0.3081212043762207,valid,False,0.027770676452921025,0.9014284395205515,0.019374943520181237,0.0034693965021616014,0.0008868441927198824,0.010791805522919256,0.03211422204952082,0.00361098525939518,0.0005086376816075747,4.4049298022146964e-05
P11,5,A,alpha,1799551287-α-9,P11-T05-Aα,24,60,C4,7,7,L2,L,False,60,True,R2,False,0.0698144654180866,False,0.2938570976257324,valid,False,0.023177909447576014,0.0698144654180866,0.002734206400025805,0.0005095849180852105,0.00015581264938519383,0.031173071997103195,0.8313064644068177,0.036812638703572466,0.00391901845863612,0.00039682760071144157
P11,5,A,alpha,1799551287-α-9,P11-T05-Aα,25,59,B3,6,6,L3,L,False,59,True,L2,False,0.019714540700143005,False,0.3003361225128174,valid,False,0.02222808256974469,0.9172283594366872,0.019714540700143005,0.0031310126108768425,0.0008190250495186571,0.009357357274853586,0.02451297121581846,0.002563456312799855,0.0004071215335364104,3.8073296021235566e-05
P11,5,A,alpha,1799551287-α-9,P11-T05-Aα,26,60,C4,7,7,L4,L,False,60,True,R2,False,0.0005251545172283829,False,0.2628610134124756,valid,False,0.025732250227233633,0.07488377604404589,0.002817745955676427,0.0005251545172283829,0.00015528206459315463,0.03869690987687191,0.8173674989069535,0.03502062798352918,0.004375134485309912,0.0004256199385580393
P11,5,A,alpha,1799551287-α-9,P11-T05-Aα,27,64,E4,9,9,R2,R,False,64,True,R3,False,0.2156163996582967,False,0.29900598526000977,valid,False,0.0010088762248880024,0.000862397739682459,3.808104223592079e-05,6.55164772571883e-06,2.1861827972253803e-06,0.015510837624554769,0.2156163996582967,0.6090871130207435,0.1501990328468735,0.0076685240122020834
P11,5,A,alpha,1799551287-α-9,P11-T05-Aα,28,59,B3,6,6,L4,L,False,59,True,L2,False,0.003121845728516337,False,0.26648974418640137,valid,False,0.02129398006174266,0.9145429264750101,0.01888606609580724,0.003121845728516337,0.000810051026908404,0.009242559726639822,0.028363340140297556,0.0032492506696062892,0.00045768431849738995,3.229575697418729e-05
P11,5,A,alpha,1799551287-α-9,P11-T05-Aα,29,57,A3,5,5,L4,L,False,57,True,L2,False,0.01901372402182791,False,0.44116997718811035,valid,False,0.019353287014021694,0.8166095187321042,0.13498464555758166,0.01901372402182791,0.004086195875269186,0.001997392308393662,0.0034812656666816763,0.0004086734042107289,5.991436629480361e-05,5.383053614380528e-06
P11,6,B,alpha,1799551287-α-5,P11-T06-Bα,0,60,C4,7,7,R5,R,False,60,True,R5,True,0.35417457220082704,True,0.9526116847991943,valid,False,0.0016820625577886152,0.0044333983542978565,0.0007612063349093326,0.00016449392803972684,4.7740066850493376e-05,0.003079138311118841,0.011953020647892129,0.10716620194534612,0.5165381656529298,0.35417457220082704
P11,6,B,alpha,1799551287-α-5,P11-T06-Bα,1,62,D4,8,8,R4,R,False,62,True,R4,True,0.5887898382627015,False,0.5172929763793945,valid,False,0.001326002858150257,0.0010126160429421815,0.00011742790700334801,2.767931411899996e-05,8.384010594701385e-06,0.004525475103620446,0.03243512562412542,0.25394493881880387,0.5887898382627015,0.1178125120579392
P11,6,B,alpha,1799551287-α-5,P11-T06-Bα,2,59,B3,6,6,L1,L,False,59,True,L1,True,0.6766294980323566,False,0.773327112197876,valid,False,0.6766294980323566,0.21211399721067778,0.020845203062766847,0.004380329074991972,0.001217282272170265,0.017040941649013708,0.05552801362192945,0.009748601636660185,0.0022191491415439793,0.00027698429788916985
P11,6,B,alpha,1799551287-α-5,P11-T06-Bα,3,57,A3,5,5,L2,L,False,57,True,L2,True,0.7864227158181119,False,0.6093540191650391,valid,False,0.0906942948888056,0.7864227158181119,0.0906942948888056,0.01824931462998622,0.005187590369978511,0.003909808775294265,0.003989781163313062,0.0006619895254506209,0.0001632446071372679,2.6965333116965893e-05
P11,6,B,alpha,1799551287-α-5,P11-T06-Bα,4,59,B3,6,6,L3,L,False,59,True,L3,True,0.5378207261150203,False,0.5720641613006592,valid,False,0.011189161200938404,0.31088019827876406,0.5378207261150203,0.0687292947638061,0.00805071057386252,0.022405697434351682,0.03437279639839809,0.005050097870655625,0.0012961620431739703,0.00020515532102928098
P11,6,B,alpha,1799551287-α-5,P11-T06-Bα,5,57,A3,5,5,L4,L,False,57,True,L4,True,0.48917619481824476,False,0.8076286315917969,valid,False,0.0024275523892889903,0.048972077714927516,0.39983779726344815,0.48917619481824476,0.05214315425485061,0.0029267952598335937,0.0038655260517877254,0.0005029435917436118,0.0001290858930207274,1.88727628543447e-05
P11,6,B,alpha,1799551287-α-5,P11-T06-Bα,6,59,B3,6,6,L3,L,False,59,True,L3,True,0.6206342874952427,False,0.4875509738922119,valid,False,0.0068384917646256635,0.18915507950107568,0.6206342874952427,0.10978811486750864,0.011334651036037263,0.01889557707475717,0.03661089026625841,0.005168420891782949,0.0013806676756130472,0.0001938194270984982
P11,6,B,alpha,1799551287-α-5,P11-T06-Bα,7,57,A3,5,5,L2,L,False,57,True,L2,True,0.8800171022417909,False,0.6387100219726562,valid,False,0.03950826474787165,0.8800171022417909,0.05440792830502958,0.012158528868350213,0.0028980074602115457,0.0047415229006692325,0.00533940767170718,0.0007236191102425237,0.0001784422756359329,2.7176418491521973e-05
P11,6,B,alpha,1799551287-α-5,P11-T06-Bα,8,60,C4,7,7,R3,R,False,60,True,R3,True,0.6022494809750055,False,0.6453921794891357,valid,False,0.016505877300533402,0.01782624446701628,0.0013240189626887704,0.0003536922054063765,0.00011373853147818858,0.008676964709614135,0.2305970418475332,0.6022494809750055,0.11682437978919927,0.005528561211524846
P11,6,B,alpha,1799551287-α-5,P11-T06-Bα,9,62,D4,8,8,R2,R,False,62,True,R2,True,0.6971552189125887,False,0.5460548400878906,valid,False,0.005001012349972833,0.002476900751506874,0.00021588877848816037,5.5410181622325394e-05,1.7650700207348353e-05,0.030776508316321803,0.6971552189125887,0.20997911674085593,0.04974988149946257,0.0045724117689733305
P11,6,B,alpha,1799551287-α-5,P11-T06-Bα,10,64,E4,9,9,R1,R,False,64,True,R1,True,0.5158606825417278,False,0.6422710418701172,valid,False,0.0008740362150887141,0.0002796648754452141,2.537062510732829e-05,6.256319124767848e-06,2.1164108299963534e-06,0.5158606825417278,0.43958747659980385,0.03398219578067293,0.008051325481411893,0.001330875150787516
P11,6,B,alpha,1799551287-α-5,P11-T06-Bα,11,59,B3,6,6,L1,L,False,59,True,L1,True,0.7058349043154102,False,0.723487138748169,valid,False,0.7058349043154102,0.18116013494253194,0.020892314489519236,0.00421808554828322,0.0013747287823023672,0.019837461614764434,0.051464516267280595,0.012420910258674606,0.0025077385315504987,0.0002892052496828744
P11,6,B,alpha,1799551287-α-5,P11-T06-Bα,12,62,D4,8,8,R2,R,False,62,True,R2,True,0.7458913347915812,False,0.5213897228240967,valid,False,0.013063606608071224,0.003109866893555878,0.00040437198317256614,7.536441430281256e-05,2.710433470921131e-05,0.0554000183940364,0.7458913347915812,0.15059286329680602,0.028066590695785074,0.0033688785879795796
P11,6,B,alpha,1799551287-α-5,P11-T06-Bα,13,60,C4,7,7,R3,R,False,60,True,R3,True,0.6262402339843515,False,0.6220548152923584,valid,False,0.03832951929501895,0.018536357205345327,0.0019733528647206504,0.00044920948449058345,0.00015492021743308522,0.012425291815220134,0.1741181440921857,0.6262402339843515,0.12147810707254253,0.006294863968691604
P11,6,B,alpha,1799551287-α-5,P11-T06-Bα,14,57,A3,5,5,L3,L,False,57,True,L3,True,0.3491516692313151,True,0.6959819793701172,valid,False,0.02625875031746187,0.5642550751276484,0.3491516692313151,0.0357127015107308,0.006258566237502077,0.002931142688042618,0.010859201336938767,0.0036528453436938755,0.0008315252700620482,8.852293660435992e-05
P11,6,B,alpha,1799551287-α-5,P11-T06-Bα,15,55,G3,4,4,L4,L,False,55,True,L4,True,0.5744729879067696,False,0.6726489067077637,valid,False,0.004329391024953186,0.058186280268324904,0.2796260228516856,0.5744729879067696,0.08013250022282586,0.00066068951360588,0.0019615496034374965,0.0005033110440049785,0.0001145725625953368,1.2695001797229501e-05
P11,6,B,alpha,1799551287-α-5,P11-T06-Bα,16,60,C4,7,7,R3,R,False,60,True,R3,True,0.6018666512637513,False,0.7220978736877441,valid,False,0.012699197398374808,0.06824236361452785,0.01518086739898807,0.002410986286377751,0.0006232852465903885,0.011473452761350453,0.15447556233578927,0.6018666512637513,0.12647389348332547,0.006553740210924595
P11,6,B,alpha,1799551287-α-5,P11-T06-Bα,17,55,G3,4,4,L4,L,False,55,True,L4,True,0.5789456578749687,False,0.6184868812561035,valid,False,0.003543481437862042,0.04686962280093178,0.29330370793573424,0.5789456578749687,0.07585087713400271,0.00046198479601478867,0.0007849432677877931,0.00019421463180348554,4.081149969688752e-05,4.698621197612033e-06
P11,6,B,alpha,1799551287-α-5,P11-T06-Bα,18,57,A3,5,5,L3,L,False,57,True,L3,True,0.5856523624890577,False,0.9052369594573975,valid,False,0.008455375182330124,0.27740116505384527,0.5856523624890577,0.10482175351551848,0.015041518937648516,0.002354894147330145,0.0048133496143273535,0.0011885408466542683,0.00023996225843391655,3.1077954854079784e-05
P11,6,B,alpha,1799551287-α-5,P11-T06-Bα,19,62,D4,8,8,R1,R,False,62,True,R2,True,0.4580416289203686,False,0.6375939846038818,valid,False,0.0037299435356815563,0.006419789629362999,0.0013867461072175301,0.0001731765027841748,4.224101880988012e-05,0.4580416289203686,0.47673466240895146,0.0432483928358591,0.00908804735627473,0.001135371684690168
P11,6,B,alpha,1799551287-α-5,P11-T06-Bα,20,64,E4,9,9,R2,R,False,64,True,R2,True,0.7333661585030302,False,0.6625080108642578,valid,False,0.001163793742237449,0.0013243703088712403,0.00028870355206678797,4.2325950724753154e-05,9.907223212541209e-06,0.05900635271656909,0.7333661585030302,0.16039589635309476,0.03800224022474865,0.006400251425444527
P11,6,B,alpha,1799551287-α-5,P11-T06-Bα,21,62,D4,8,8,R3,R,False,62,True,R3,True,0.5492682734940475,False,0.5339460372924805,valid,False,0.0035750769434787183,0.006882610126143588,0.0013614999284971428,0.00019960536845765506,4.934053741168532e-05,0.010066237734212422,0.21533845243640448,0.5492682734940475,0.20206450550619315,0.01119439792515366
P11,6,B,alpha,1799551287-α-5,P11-T06-Bα,22,59,B3,6,6,L3,L,False,59,True,L3,True,0.6291621503959753,False,0.6204309463500977,valid,False,0.0053750440426268455,0.24090171151142248,0.6291621503959753,0.0643319053952911,0.007818091558991788,0.01005813234112387,0.030004653865941984,0.009819684703366133,0.002326555887733655,0.00020207029752685062
P11,6,B,alpha,1799551287-α-5,P11-T06-Bα,23,57,A3,5,5,L4,L,False,57,True,L4,True,0.39028041101744115,True,0.7511889934539795,valid,False,0.003617685057087096,0.06320051969145701,0.48112510596258484,0.39028041101744115,0.051515936153599895,0.0023536974470542674,0.005899066886913784,0.0016423486677881027,0.00033158447735957884,3.3644638714223565e-05
P11,6,B,alpha,1799551287-α-5,P11-T06-Bα,24,55,G3,4,4,L5,L,False,55,True,L5,True,0.5541505349734344,False,0.7368929386138916,valid,False,0.0005301575079190542,0.005597261418926339,0.0663228739953434,0.3714582121140667,0.5541505349734344,0.0006638635183435661,0.0009509466931023102,0.00026645134393860005,5.379559855619965e-05,5.9028363694519714e-06
P11,6,B,alpha,1799551287-α-5,P11-T06-Bα,25,57,A3,5,5,L4,L,False,57,True,L4,True,0.48289869933327706,False,1.6641108989715576,valid,False,0.0020909749312325305,0.044092653429648916,0.40244278270451966,0.48289869933327706,0.06081010309719242,0.002126588776820779,0.004197305959839148,0.0011049575295408868,0.00020593532813521895,2.99989097935903e-05
P11,6,B,alpha,1799551287-α-5,P11-T06-Bα,26,55,G3,4,4,L5,L,False,55,True,L5,True,0.6187617403342545,False,0.8265950679779053,valid,False,0.0005446267297530521,0.005340518725104251,0.06016871792381762,0.31347521187903793,0.6187617403342545,0.0005917523381207865,0.000853378616376987,0.00021604259060257257,4.190795086172089e-05,6.102912070620303e-06
P11,6,B,alpha,1799551287-α-5,P11-T06-Bα,27,53,F3,3,3,L4,L,False,53,True,L4,True,0.4825524392220579,False,0.7471420764923096,valid,False,0.0017894837858287668,0.03570008743896545,0.41120406393357184,0.4825524392220579,0.06860125678865597,5.030745765346505e-05,8.059455336962755e-05,1.7936627947686588e-05,3.342920667349946e-06,4.872712818621234e-07
P11,6,B,alpha,1799551287-α-5,P11-T06-Bα,28,64,E4,9,9,R2,R,False,64,True,R2,True,0.7207334783321837,False,0.7153892517089844,valid,False,0.0010927252968400906,0.0006591047128995539,7.282247953465157e-05,1.3572215055921554e-05,4.043466941210886e-06,0.06035654626782014,0.7207334783321837,0.17076176762841386,0.03887181404726591,0.007434125553045026
P11,6,B,alpha,1799551287-α-5,P11-T06-Bα,29,65,F4,10,10,R1,R,False,65,True,R1,True,0.5777005718904579,False,1.0138218402862549,valid,False,0.00014852239041036075,7.525852886767836e-05,8.906763854180245e-06,1.6599889931476721e-06,4.6235488409064003e-07,0.5777005718904579,0.3872442739444269,0.028762017868864325,0.004567909647574293,0.0014904166216671408
P11,7,C,beta,1799551287-β-8,P11-T07-Cβ,0,62,D4,8,8,R3,R,False,62,True,R3,True,0.5902878690559078,False,0.6874032020568848,valid,False,0.0002738027946579038,0.00027637125264023656,4.330922282280803e-05,7.755215699920755e-06,1.991215712648286e-06,0.012257333535737268,0.2171547713985689,0.5902878690559078,0.1708199933456526,0.008876802962599885
P11,7,C,beta,1799551287-β-8,P11-T07-Cβ,1,59,B3,6,6,L3,L,False,59,True,L3,True,0.7046117100554408,False,0.5988211631774902,valid,False,0.00305765072815231,0.18084618895340307,0.7046117100554408,0.04990866126037249,0.003701974431358067,0.014269205654005855,0.03491490194033413,0.006804926840537766,0.001678074298721361,0.00020670583767406066
P11,7,C,beta,1799551287-β-8,P11-T07-Cβ,2,60,C4,7,7,R4,R,False,60,True,R4,True,0.4815011520948021,False,0.48006606101989746,valid,False,0.0040636743675085095,0.018716983199880643,0.004498518025208222,0.0007355667497290033,0.0001345451077024785,0.005847566000717218,0.06007426392936042,0.38995272210748694,0.4815011520948021,0.034475008417604515
P11,7,C,beta,1799551287-β-8,P11-T07-Cβ,3,64,E4,9,9,R4,R,False,64,True,R3,True,0.4371104973594749,False,0.6209630966186523,valid,False,0.00012970746344061643,0.00011865763442555736,1.5610461468979313e-05,3.1516978148766572e-06,8.844519115203453e-07,0.0037041056542852723,0.06323757475370213,0.4371104973594749,0.4371104973594749,0.05856931316400121
P11,7,C,beta,1799551287-β-8,P11-T07-Cβ,4,60,C4,7,7,L5,L,False,60,True,L5,True,0.7020696294291818,False,0.991879940032959,valid,False,0.004903758568886882,0.011257598842926557,0.05025271777303775,0.22489027771618708,0.7020696294291818,0.0019833567296464465,0.003373221113143305,0.000881643575842192,0.0002876624848565125,0.0001001337662914449
P11,7,C,beta,1799551287-β-8,P11-T07-Cβ,5,60,C4,7,7,R2,R,False,60,True,R2,True,0.7706748525238617,False,0.4868018627166748,valid,False,0.008357588442893853,0.08701545399199698,0.021633153577578532,0.0046055705632879265,0.0006520213604900408,0.030149116617499076,0.7706748525238617,0.06717267634631666,0.009090833179090076,0.000648733396985185
P11,7,C,beta,1799551287-β-8,P11-T07-Cβ,6,57,A3,5,5,L2,L,False,57,True,L2,True,0.7936105784326118,False,0.4695751667022705,valid,False,0.04112404083119855,0.7936105784326118,0.13118294629580093,0.02444908728971281,0.003710707063764886,0.0015183850265005638,0.003494433392055136,0.0007236791741459867,0.000164736654334099,2.1405839875056755e-05
P11,7,C,beta,1799551287-β-8,P11-T07-Cβ,7,55,G3,4,4,L3,L,False,55,True,L3,True,0.5466130919807095,False,0.3782069683074951,valid,False,0.013226681999669596,0.31912927229177174,0.5466130919807095,0.10603203069917322,0.014346721529898892,0.00020488854434928399,0.0003555247604433202,7.307574484690125e-05,1.6634793633873907e-05,2.077655503548232e-06
P11,7,C,beta,1799551287-β-8,P11-T07-Cβ,8,50,D3,1,1,L2,L,False,50,True,L2,True,0.7247813673385749,False,0.776820182800293,valid,False,0.0188113302427324,0.7247813673385749,0.19361468942321208,0.0517213185240941,0.01106740646984479,1.4713676175036282e-06,1.8548196901313812e-06,4.554931166946436e-07,9.57155340012038e-08,1.0605583471670749e-08
P11,7,C,beta,1799551287-β-8,P11-T07-Cβ,9,55,G3,4,4,L3,L,False,55,True,L3,True,0.6625328738624193,False,0.576725959777832,valid,False,0.00507223316840361,0.2249931995563604,0.6625328738624193,0.09713193194845976,0.009549106146033414,0.00022196629857858678,0.00038489599552338135,9.218758389082022e-05,1.9371936692307897e-05,2.2335036384443867e-06
P11,7,C,beta,1799551287-β-8,P11-T07-Cβ,10,60,C4,7,7,R2,R,False,60,True,R2,True,0.7974878074366757,False,0.4070119857788086,valid,False,0.004520878208605065,0.016684393736545355,0.004483888996456856,0.0006862382256225636,0.00013465763444638792,0.038302835551841045,0.7974878074366757,0.11526101188773563,0.020639345403117654,0.0017989429189536634
P11,7,C,beta,1799551287-β-8,P11-T07-Cβ,11,64,E4,9,9,R4,R,False,64,True,R4,True,0.4621335385054025,False,0.47884106636047363,valid,False,9.849156427999308e-05,0.00012510868486975666,3.129972065301829e-05,3.9102807429379275e-06,8.543442271306356e-07,0.004009410355281648,0.061725502031425024,0.4098756797928569,0.4621335385054025,0.061996204720261246
P11,7,C,beta,1799551287-β-8,P11-T07-Cβ,12,60,C4,7,7,R3,R,False,60,True,R3,True,0.7187625987783818,False,0.41252779960632324,valid,False,0.0027940510408561822,0.009736369255173488,0.002893466735606717,0.00034730752431860284,8.077072769016996e-05,0.0059444341555238,0.12934139037358477,0.7187625987783818,0.12426984191621826,0.00582976949264618
P11,7,C,beta,1799551287-β-8,P11-T07-Cβ,13,57,A3,5,5,L5,L,False,57,True,L5,True,0.7877067247956739,False,0.7212347984313965,valid,False,0.0038592752222015993,0.009313535800809175,0.03285018225977599,0.16359195163552584,0.7877067247956739,0.0005544077784767643,0.0014834210603450711,0.0005089410140193568,0.00011283625199583119,1.8724181176305938e-05
P11,7,C,beta,1799551287-β-8,P11-T07-Cβ,14,60,C4,7,7,L3,L,False,60,True,L3,True,0.6616604302046452,False,0.4050917625427246,valid,False,0.0033369739638759396,0.12331628516518622,0.6616604302046452,0.13358693695316357,0.006130119660764783,0.011151972960349752,0.047274208816264054,0.011187000997439236,0.0020849658558495963,0.00027110542246165697
P11,7,C,beta,1799551287-β-8,P11-T07-Cβ,15,57,A3,5,5,L4,L,False,57,True,L4,True,0.4930920501602039,False,0.4117717742919922,valid,False,0.0029185483774149213,0.05108015885649398,0.4201853279326333,0.4930920501602039,0.031823544290521893,0.0003504499187953215,0.0004424332991779908,9.07811032459181e-05,1.441762115666334e-05,2.2884403561464078e-06
P11,7,C,beta,1799551287-β-8,P11-T07-Cβ,16,60,C4,7,7,L2,L,False,60,True,L2,True,0.7773069338021056,False,0.3868978023529053,valid,False,0.019605993230538136,0.7773069338021056,0.08275093361619504,0.01670712535791666,0.0025266422321420703,0.02086558600280852,0.06358627594506637,0.013678637326055352,0.0026533826469899904,0.0003184898401822483
P11,7,C,beta,1799551287-β-8,P11-T07-Cβ,17,64,E4,9,9,R2,R,False,64,True,R2,True,0.7262432434260784,False,0.3362553119659424,valid,False,0.0008417844683518838,0.0015851985110274247,0.00027400344361195824,5.292737199326275e-05,1.0004074846483758e-05,0.047841095314527286,0.7262432434260784,0.179089378911976,0.039168975994938446,0.004893388482648841
P11,7,C,beta,1799551287-β-8,P11-T07-Cβ,18,59,B3,6,6,L1,L,False,59,True,L1,True,0.47610351054756406,False,0.5889396667480469,valid,False,0.47610351054756406,0.45743522487744626,0.04869786989084012,0.009831930364717389,0.0015002552941465444,0.0022579777322334193,0.003168155692272891,0.0008233575625392895,0.00015971493480189711,2.200310343812629e-05
P11,7,C,beta,1799551287-β-8,P11-T07-Cβ,19,55,G3,4,4,L2,L,False,55,True,L2,True,0.7229659384920651,False,0.53597092628479,valid,False,0.07802075661086952,0.7229659384920651,0.16457429501856743,0.030672365716493274,0.003598013240777863,6.709561790640441e-05,7.978749066770308e-05,1.801342635901364e-05,3.2255948687959256e-06,5.087914251768639e-07
P11,7,C,beta,1799551287-β-8,P11-T07-Cβ,20,60,C4,7,7,L3,L,False,60,True,L3,True,0.6219496405777807,False,0.4768218994140625,valid,False,0.0038684701768919804,0.1729251990840805,0.6219496405777807,0.159630077976678,0.007028707917431207,0.009047538315467672,0.019951897936793438,0.0047249601439162256,0.0007504060085145606,0.00012310186244577915
P11,7,C,beta,1799551287-β-8,P11-T07-Cβ,21,64,E4,9,9,R2,R,False,64,True,R2,True,0.786612476741833,False,0.3185157775878906,valid,False,0.0012153398754180303,0.00821084293382494,0.004595738120044327,0.0009760615703649847,9.899485190764437e-05,0.04415630482427333,0.786612476741833,0.12492776889972793,0.025222481541696075,0.003983990640909554
P11,7,C,beta,1799551287-β-8,P11-T07-Cβ,22,60,C4,7,7,R3,R,False,60,True,R3,True,0.6408060003334717,False,0.404217004776001,valid,False,0.007195760405871039,0.046424824858738875,0.016819226779855666,0.0030908904486463638,0.00047918487757724775,0.013454292868487717,0.16446976592208942,0.6408060003334717,0.10177115960683253,0.00548889389842953
P11,7,C,beta,1799551287-β-8,P11-T07-Cβ,23,57,A3,5,5,L2,L,False,57,True,L2,True,0.8634511557687535,False,0.4022409915924072,valid,False,0.042988701724570075,0.8634511557687535,0.0752591379326364,0.012440251828779825,0.0021870997502153964,0.0009437818625201797,0.0019280568953053616,0.000644568756946321,0.0001409905137236683,1.6254966549385356e-05
P11,7,C,beta,1799551287-β-8,P11-T07-Cβ,24,62,D4,8,8,R4,R,False,62,True,R4,True,0.4959386841237117,False,0.3959970474243164,valid,False,0.002795404105957397,0.0019866549572000016,0.00023846142980307454,5.010934799173505e-05,7.912501131985458e-06,0.007626394252303338,0.054933259688068066,0.39011918631239645,0.4959386841237117,0.04630393328143631
P11,7,C,beta,1799551287-β-8,P11-T07-Cβ,25,59,B3,6,6,L1,L,False,59,True,L1,True,0.6435486101155873,False,0.4911470413208008,valid,False,0.6435486101155873,0.2891650303423145,0.027303026705486875,0.005296242274999696,0.0009483777025901993,0.004767336813624358,0.016567690505470228,0.00958175138822922,0.002453256640183657,0.000368677511514053
P11,7,C,beta,1799551287-β-8,P11-T07-Cβ,26,60,C4,7,7,L2,L,False,60,True,L2,True,0.7548366706729335,False,0.3574998378753662,valid,False,0.025219850062132586,0.7548366706729335,0.06908123796786594,0.011885072178909243,0.001214368796558456,0.01624314582608335,0.06810949511240412,0.04142277693301147,0.010192093165503091,0.0017952892845980646
P11,7,C,beta,1799551287-β-8,P11-T07-Cβ,27,60,C4,7,7,R2,R,False,60,True,R2,True,0.5902794138575579,False,0.35260486602783203,valid,False,0.03115385595364385,0.2345772132784123,0.03387623790638573,0.005828232737441395,0.0009107857310955282,0.023153588055498255,0.5902794138575579,0.06959646820655221,0.009803248613256653,0.0008209556601563344
P11,7,C,beta,1799551287-β-8,P11-T07-Cβ,28,65,F4,10,10,R2,R,False,65,True,R2,True,0.8049773055105857,False,0.5672190189361572,valid,False,0.0003801553830307748,0.0003039749102706332,4.835498718215781e-05,9.379902458570517e-06,1.314827380326382e-06,0.05302768231933737,0.8049773055105857,0.11338783213149871,0.02382687356608497,0.004037126462170613
P11,7,C,beta,1799551287-β-8,P11-T07-Cβ,29,62,D4,8,8,R4,R,False,62,True,R4,True,0.559960983784476,False,0.5073249340057373,valid,False,0.006473601387798651,0.014687372261027284,0.0018365101434049786,0.0003159621375317603,4.432153866570937e-05,0.004745149473062093,0.033761083399891326,0.29939628860165074,0.559960983784476,0.07877872727249133
P11,8,B,beta,1799551287-β-3,P11-T08-Bβ,0,62,D4,8,8,R3,R,False,62,True,R3,True,0.6139848888960591,False,0.6389811038970947,valid,False,0.0023414474278022758,0.001999948180647174,0.0004965705638317642,6.994614549721528e-05,1.0950400704800153e-05,0.008499185343192805,0.2258724178147923,0.6139848888960591,0.13976610081089097,0.006958544416581589
P11,8,B,beta,1799551287-β-3,P11-T08-Bβ,1,64,E4,9,9,R3,R,False,64,True,R3,True,0.49629411722714384,False,0.5822217464447021,valid,False,0.0003800073382504777,0.00026802900324866813,6.12475597763734e-05,8.97931867671113e-06,1.5331006227399169e-06,0.016099953041493323,0.3462526563576993,0.49629411722714384,0.13257767886934818,0.008055798183740475
P11,8,B,beta,1799551287-β-3,P11-T08-Bβ,2,60,C4,7,7,L4,L,False,60,True,L4,True,0.4557553263058454,False,0.8078877925872803,valid,False,0.0024156202837369027,0.05745672938533281,0.40421871304335105,0.4557553263058454,0.03303354971506923,0.00898627504543374,0.028148429126939344,0.008347449978235078,0.0014361358947751804,0.00020177122128117264
P11,8,B,beta,1799551287-β-3,P11-T08-Bβ,3,57,A3,5,5,L4,L,False,57,True,L4,True,0.4805348166438166,False,1.0497419834136963,valid,False,0.00368621815526549,0.062398681296197925,0.37963183408507156,0.4805348166438166,0.0726889700423691,0.00017713978907173822,0.0005831548767866768,0.0002453735019067028,4.645831340243391e-05,7.35329611180167e-06
P11,8,B,beta,1799551287-β-3,P11-T08-Bβ,4,60,C4,7,7,R3,R,False,60,True,R3,True,0.5983292103900845,False,0.6664259433746338,valid,False,0.011118855334545963,0.01494013399089263,0.0019623468345069815,0.00046493443725669544,8.163597496982487e-05,0.010116230573680624,0.25830501660041133,0.5983292103900845,0.0989031532679807,0.00577848259567087
P11,8,B,beta,1799551287-β-3,P11-T08-Bβ,5,65,F4,10,10,R2,R,False,65,True,R2,True,0.7976321163010061,False,0.8236591815948486,valid,False,6.035798291290328e-05,2.427392582628739e-05,2.2919494943685447e-06,4.27159740146981e-07,7.343259699503115e-08,0.06417716640837627,0.7976321163010061,0.11693842146849263,0.017843646098920352,0.003321225272633875
P11,8,B,beta,1799551287-β-3,P11-T08-Bβ,6,64,E4,9,9,R4,R,False,64,True,R4,True,0.5077948409476581,False,0.6665229797363281,valid,False,0.00038570609124477084,0.0001572493541764979,1.88748960641799e-05,4.128164134223711e-06,6.531538992985845e-07,0.00900524943056728,0.06235483610662217,0.35427643903018563,0.5077948409476581,0.0660020228254477
P11,8,B,beta,1799551287-β-3,P11-T08-Bβ,7,59,B3,6,6,L5,L,False,59,True,L5,True,0.5735251349390769,False,0.7230699062347412,valid,False,0.0020150421010387788,0.012506240711145051,0.06809817355517736,0.33977426248918036,0.5735251349390769,0.0008058860122835871,0.0024728637131391116,0.000613731196677069,0.00015134424977681412,3.73210325049825e-05
P11,8,B,beta,1799551287-β-3,P11-T08-Bβ,8,52,E3,2,2,L3,L,False,52,True,L3,True,0.5089498454967407,False,0.7295088768005371,valid,False,0.003920187373754397,0.3489714909500082,0.5089498454967407,0.12436692640200127,0.01378960314179024,5.798861079444552e-07,1.0596123203826024e-06,2.417393390495847e-07,5.2871266994116006e-08,1.252667078759993e-08
P11,8,B,beta,1799551287-β-3,P11-T08-Bβ,9,57,A3,5,5,L2,L,False,57,True,L2,True,0.9054328896112787,False,0.48023295402526855,valid,False,0.021081864328601797,0.9054328896112787,0.05730644871447721,0.013045107514849105,0.001814193933795881,0.00036226131770124515,0.0007553445912377954,0.00016669544075461408,2.9849510450337264e-05,5.345036853385761e-06
P11,8,B,beta,1799551287-β-3,P11-T08-Bβ,10,60,C4,7,7,R5,R,False,60,True,R5,True,0.4803531371290041,False,0.7927467823028564,valid,False,0.004057662006238992,0.003798178219131512,0.00030559992587596074,6.956606069666825e-05,1.687644853618948e-05,0.004759471706392893,0.014066107618792621,0.08324345857041555,0.40932994231491565,0.4803531371290041
P11,8,B,beta,1799551287-β-3,P11-T08-Bβ,11,64,E4,9,9,R4,R,False,64,True,R4,True,0.45781465754991396,False,0.780297040939331,valid,False,0.00010641351484528411,6.627798029731811e-05,4.924485013419562e-06,1.1209983849355576e-06,3.427291277513154e-07,0.0035026460717370385,0.03529189970976928,0.45781465754991396,0.45781465754991396,0.04539705941099716
P11,8,B,beta,1799551287-β-3,P11-T08-Bβ,12,60,C4,7,7,L3,L,False,60,True,R3,False,0.0013004469246913402,False,0.6503570079803467,valid,False,0.005427403144088172,0.012784353953841521,0.0013004469246913402,0.0002423694639829483,6.745841726226882e-05,0.007867245440562578,0.15182188030558455,0.6407939751343321,0.1711786920454074,0.008516175170247239
P11,8,B,beta,1799551287-β-3,P11-T08-Bβ,13,59,B3,6,6,L4,L,False,59,True,L4,True,0.5089097863186922,False,0.9280457496643066,valid,False,0.0014240508335807299,0.03699739805467796,0.40422691506338587,0.5089097863186922,0.04121057170541483,0.0020363147000938098,0.004063222553777105,0.0009249425895307927,0.0001794204026338303,2.7377778212838855e-05
P11,8,B,beta,1799551287-β-3,P11-T08-Bβ,14,62,D4,8,8,R4,R,False,62,True,R4,True,0.5167345495203025,False,0.7010259628295898,valid,False,0.0010453004238883126,0.0009666954088718034,0.00018778253747604842,2.1656043863259793e-05,3.784203128146527e-06,0.006565606785972733,0.046674588375527855,0.3573613734970469,0.5167345495203025,0.07043866320392259
P11,8,B,beta,1799551287-β-3,P11-T08-Bβ,15,57,A3,5,5,L1,L,False,57,True,L1,True,0.6618173151228385,False,0.6583948135375977,valid,False,0.6618173151228385,0.2973736886389858,0.028078090054000755,0.005233025282956733,0.0009003151221888718,0.0016134035861196181,0.003836097623225716,0.0009370576793425142,0.0001891886826194059,2.1818207722114578e-05
P11,8,B,beta,1799551287-β-3,P11-T08-Bβ,16,60,C4,7,7,L2,L,False,60,True,L2,True,0.7637975778148326,False,0.7805271148681641,valid,False,0.017086741357587514,0.7637975778148326,0.0993156144153269,0.01398944061934632,0.0014427913785395963,0.019396893099729903,0.06529918670004632,0.016416760645897314,0.0028244193497390184,0.00043057461895446535
P11,8,B,beta,1799551287-β-3,P11-T08-Bβ,17,64,E4,9,9,R2,R,False,64,True,R2,True,0.7769646947562802,False,0.556027889251709,valid,False,0.0021170159800677733,0.0025467944710972803,0.0003589381862169491,6.962684454217977e-05,9.3990282535366e-06,0.060063054061741845,0.7769646947562802,0.12843140023063745,0.025929852507743684,0.0035092239334190817
P11,8,B,beta,1799551287-β-3,P11-T08-Bβ,18,60,C4,7,7,R1,R,False,60,True,R1,True,0.6888317393712454,False,0.6539421081542969,valid,False,0.037230604463202976,0.09702775108813046,0.010329429264124787,0.00217058568330939,0.00026030339095882833,0.6888317393712454,0.14474839542986265,0.0160385793815088,0.002989173809355494,0.00037343811830122713
P11,8,B,beta,1799551287-β-3,P11-T08-Bβ,19,57,A3,5,5,L5,L,False,57,True,L5,True,0.567972442121243,False,0.6946721076965332,valid,False,0.0020816496693594707,0.010746743555770776,0.08036983149602292,0.3376712875218909,0.567972442121243,0.0005870161290823857,0.0004593572267424251,9.274262459497699e-05,1.5955892219035116e-05,2.9737630741178594e-06
P11,8,B,beta,1799551287-β-3,P11-T08-Bβ,20,62,D4,8,8,R3,R,False,62,True,R3,True,0.5984164940482932,False,0.505774974822998,valid,False,0.002577049908208689,0.0028063914088089065,0.0005679550446499936,9.38823374404855e-05,1.432551579874713e-05,0.010960380410050884,0.18643760228332257,0.5984164940482932,0.18759530129635776,0.0105306177470689
P11,8,B,beta,1799551287-β-3,P11-T08-Bβ,21,65,F4,10,10,R2,R,False,65,True,R2,True,0.8263250992198289,False,0.8822367191314697,valid,False,0.0001225236860921414,0.00010197661860662513,2.2303498680461325e-05,3.4032932224001107e-06,4.425258304499708e-07,0.084520007262838,0.8263250992198289,0.07802180030104292,0.00899787356332532,0.001884570030532741
P11,8,B,beta,1799551287-β-3,P11-T08-Bβ,22,62,D4,8,8,R3,R,False,62,True,R3,True,0.5661781235327351,False,0.7299540042877197,valid,False,0.002910459712512345,0.003250320796712739,0.0006563301984257043,0.00010423667279021489,1.4106899635705851e-05,0.015470093903137373,0.24442505406441123,0.5661781235327351,0.15741863704269674,0.009572637176942846
P11,8,B,beta,1799551287-β-3,P11-T08-Bβ,23,64,E4,9,9,R4,R,False,64,True,R4,True,0.4273776672147863,False,0.5074002742767334,valid,False,0.000509336453697861,0.00042217645558915794,9.233500922870267e-05,1.408940882327058e-05,1.8320276663289948e-06,0.016488158666715554,0.08485377692916599,0.39451931068655705,0.4273776672147863,0.0757213171477698
P11,8,B,beta,1799551287-β-3,P11-T08-Bβ,24,59,B3,6,6,L3,L,False,59,True,L3,True,0.6203118368883301,False,0.6260180473327637,valid,False,0.006235272694853435,0.2787240750986843,0.6203118368883301,0.08395007814030565,0.0036925510228590238,0.0017242335856795204,0.003870458198598179,0.001209518461042912,0.00023462244222471865,4.735346742235852e-05
P11,8,B,beta,1799551287-β-3,P11-T08-Bβ,25,60,C4,7,7,L5,L,False,60,True,L5,True,0.5738643139877835,False,0.9049358367919922,valid,False,0.004157038695035555,0.013671442566905242,0.07225384899819509,0.3332075557212738,0.5738643139877835,0.0011141552320338968,0.0011104917870820483,0.0004085270980572202,0.0001502887205366812,6.233719309710406e-05
P11,8,B,beta,1799551287-β-3,P11-T08-Bβ,26,60,C4,7,7,R5,R,False,60,True,R5,True,0.5606116806859899,False,0.7654991149902344,valid,False,0.003918239843659288,0.000859872182790207,9.916486355754364e-05,1.8481749904625e-05,4.207142825576585e-06,0.008667808978928854,0.016776087722666446,0.07574929322975132,0.33329516359992634,0.5606116806859899
P11,8,B,beta,1799551287-β-3,P11-T08-Bβ,27,64,E4,9,9,R3,R,False,64,True,R3,True,0.6534758583360017,False,0.7889268398284912,valid,False,0.00015068476497394923,7.152598922086069e-05,7.925305510661606e-06,1.310044189728778e-06,1.845307559019854e-07,0.012457284974268217,0.15482657046842463,0.6534758583360017,0.16772162152091002,0.011287034065744292
P11,8,B,beta,1799551287-β-3,P11-T08-Bβ,28,59,B3,6,6,L3,L,False,59,True,L3,True,0.6579640037349379,False,0.6700160503387451,valid,False,0.003932007950409765,0.1420314898495267,0.6579640037349379,0.1757654128203925,0.012381977272798186,0.0038585009488108046,0.0030911810743174443,0.0007938587139150335,0.0001539927468982313,2.757488799337581e-05
P11,8,B,beta,1799551287-β-3,P11-T08-Bβ,29,55,G3,4,4,L4,L,False,55,True,L4,True,0.5097028526010899,False,0.859097957611084,valid,False,0.003376529531749902,0.04499531993347998,0.3701202356099949,0.5097028526010899,0.07168344935780026,4.932808411175779e-05,5.360182912388308e-05,1.551152340111753e-05,2.564037572827853e-06,6.074916753068501e-07
P11,9,C,gamma,1799551287-γ-3,P11-T09-Cγ,0,60,C4,7,7,R3,R,False,60,True,R3,True,0.6358313841847483,False,0.5727579593658447,valid,False,0.01619236947276674,0.041120062957915544,0.005013172459136902,0.0011877597146302465,0.00017059636312493666,0.008432294688977226,0.1762791715030497,0.6358313841847483,0.10907862364743351,0.006694565008216902
P11,9,C,gamma,1799551287-γ-3,P11-T09-Cγ,1,59,B3,6,6,L5,L,False,59,True,L5,True,0.5750190895479291,False,0.6495301723480225,valid,False,0.003279989081109771,0.013129420167723636,0.07181205718055758,0.33124936831923746,0.5750190895479291,0.0006260639279980366,0.00274273241503849,0.0016806377508380476,0.0003846261031354355,7.601550643231828e-05
P11,9,C,gamma,1799551287-γ-3,P11-T09-Cγ,2,62,D4,8,8,L2,L,False,62,True,L2,True,0.5597128155197528,False,0.47463083267211914,valid,False,0.013993718446863791,0.5597128155197528,0.05566247182039391,0.007533096389462979,0.0005595100238788949,0.02666938387347576,0.2546468566951369,0.06532051578750753,0.013726196556394366,0.0021754348871329274
P11,9,C,gamma,1799551287-γ-3,P11-T09-Cγ,3,53,F3,3,3,L2,L,False,53,True,L2,True,0.7161424148787587,False,0.5895578861236572,valid,False,0.011962063242622915,0.7161424148787587,0.21569795026630906,0.04910098278774919,0.007085710106616711,3.9935979536515215e-06,5.593662886888378e-06,1.0850589633595993e-06,1.655692619714962e-07,4.082887732422343e-08
P11,9,C,gamma,1799551287-γ-3,P11-T09-Cγ,4,69,A4,12,12,R3,R,False,69,True,R2,True,0.452344171397672,False,0.6999878883361816,valid,False,1.4273701590436867e-06,3.334336794580904e-07,4.337806459215218e-08,8.08454237093375e-09,1.3846738262594473e-09,0.031014143154327697,0.452344171397672,0.452344171397672,0.05216664631729862,0.012129054081910198
P11,9,C,gamma,1799551287-γ-3,P11-T09-Cγ,5,62,D4,8,8,L2,L,False,62,True,L2,True,0.8107751722810362,False,0.5720028877258301,valid,False,0.02566229447271984,0.8107751722810362,0.043728094612697686,0.007228205423527277,0.0007938916442874034,0.01614583405732399,0.0740304927930215,0.017426478333505194,0.0035183452964440017,0.0006911910854369809
P11,9,C,gamma,1799551287-γ-3,P11-T09-Cγ,6,60,C4,7,7,R2,R,False,60,True,R2,True,0.6979347025327769,False,0.4578070640563965,valid,False,0.02482332678389054,0.13670510887855014,0.01817897831882433,0.0031275998493043187,0.0004760783808390957,0.02431110856704238,0.6979347025327769,0.08311838269127164,0.010807776151645722,0.0005169378458550333
P11,9,C,gamma,1799551287-γ-3,P11-T09-Cγ,7,57,A3,5,5,L4,L,False,57,True,L4,True,0.4665728196316963,False,0.3816680908203125,valid,False,0.003756240229011196,0.06559974848648406,0.4100287546342103,0.4665728196316963,0.05356237051463234,0.0001607867117112397,0.00024594562347970446,5.933602603657068e-05,1.2368513488687108e-05,1.6296292496248373e-06
P11,9,C,gamma,1799551287-γ-3,P11-T09-Cγ,8,57,A3,5,5,R4,R,False,57,True,R4,True,0.5594870175802062,False,0.6947660446166992,valid,False,0.0018165910543733272,0.0022409086628238013,0.0007909591817169695,0.00021823510014876165,7.557870160217036e-05,0.004716400214872645,0.04144993208759188,0.33262652827399397,0.5594870175802062,0.05657784914267034
P11,9,C,gamma,1799551287-γ-3,P11-T09-Cγ,9,52,E3,2,2,L2,L,False,52,True,L2,True,0.8514713431717595,False,0.4975111484527588,valid,False,0.02744870107428885,0.8514713431717595,0.09064636571585903,0.02420940352263058,0.006182763510349366,7.24172357160729e-06,2.252586485623904e-05,9.059529884134914e-06,2.35277657950998e-06,2.4311022123227646e-07
P11,9,C,gamma,1799551287-γ-3,P11-T09-Cγ,10,64,E4,9,9,R2,R,False,64,True,R2,True,0.7052737625932272,False,0.36083412170410156,valid,False,2.0390607233269397e-05,6.728426565248801e-06,6.612266040426381e-07,1.50520095642145e-07,6.109003580746637e-08,0.026538222258221385,0.7052737625932272,0.22109357831205606,0.042887741671217255,0.004178703294744049
P11,9,C,gamma,1799551287-γ-3,P11-T09-Cγ,11,55,G3,4,4,L5,L,False,55,True,L5,True,0.55488715579756,False,0.5101068019866943,valid,False,0.001792689440891441,0.009485723501860527,0.06869180511220456,0.3651085849388342,0.55488715579756,1.3874464073867755e-05,1.5422369966116376e-05,3.7442924739161064e-06,8.874559135234549e-07,1.1262622184012709e-07
P11,9,C,gamma,1799551287-γ-3,P11-T09-Cγ,12,52,E3,2,2,L2,L,False,52,True,L2,True,0.8737246816692398,False,0.4946129322052002,valid,False,0.044441559033447084,0.8737246816692398,0.059905320037685485,0.017303849858292402,0.004623195793788868,6.3826953764482e-07,6.222621913978751e-07,1.0192285875062685e-07,2.7015967612233506e-08,4.136990943343784e-09
P11,9,C,gamma,1799551287-γ-3,P11-T09-Cγ,13,55,G3,4,4,L5,L,False,55,True,L4,True,0.43470019988151776,False,0.498507022857666,valid,False,0.0021022628745814326,0.011416137973707812,0.11462365607162013,0.4371066365433663,0.43470019988151776,2.1545660207175175e-05,2.3755666719855166e-05,4.574827197419154e-06,1.074090395177315e-06,1.5641068684740936e-07
P11,9,C,gamma,1799551287-γ-3,P11-T09-Cγ,14,59,B3,6,6,L3,L,False,59,True,L3,True,0.6865016200338087,False,0.34252119064331055,valid,False,0.0034959619890980466,0.10064591701072062,0.6865016200338087,0.19767360988282642,0.009709343324784698,0.0006041941997920138,0.0010570077303278596,0.000248593203668496,5.599659278702608e-05,7.756032186197848e-06
P11,9,C,gamma,1799551287-γ-3,P11-T09-Cγ,15,55,G3,4,4,L5,L,False,55,True,L5,True,0.5217945848933874,False,0.6484808921813965,valid,False,0.0020455569893327854,0.009555231577755138,0.10421656117615367,0.36234046619142324,0.5217945848933874,2.043345921957441e-05,2.1650619686294135e-05,4.4077428055290215e-06,9.560290009962859e-07,1.513212353357455e-07
P11,9,C,gamma,1799551287-γ-3,P11-T09-Cγ,16,50,D3,1,1,L3,L,False,50,True,L3,True,0.6046230321799326,False,0.8036649227142334,valid,False,0.007246288782022337,0.23073678690392194,0.6046230321799326,0.13944015472859855,0.017953560181537296,8.437852419767275e-08,7.424374715137345e-08,1.48705858247467e-08,3.2317255408622356e-09,4.994046463159341e-10
P11,9,C,gamma,1799551287-γ-3,P11-T09-Cγ,17,71,B4,13,13,R5,R,False,71,True,R5,True,0.3518672601766713,True,0.530595064163208,valid,False,1.0257347565058682e-08,3.423281623684719e-09,3.9802699899438107e-10,7.72092940978468e-11,2.3627063508804954e-11,0.0008110921524659815,0.013535208419070478,0.12944473104032034,0.5043416940319793,0.3518672601766713
P11,9,C,gamma,1799551287-γ-3,P11-T09-Cγ,18,64,E4,9,9,R1,R,False,64,True,R1,True,0.6005071723184793,False,0.5704271793365479,valid,False,1.8979000348800296e-05,6.61952084722707e-06,5.630031050572481e-07,1.1830726057056166e-07,4.8601342237751206e-08,0.6005071723184793,0.37158386489114326,0.02259603809455096,0.0045620614117644264,0.0007245348511581312
P11,9,C,gamma,1799551287-γ-3,P11-T09-Cγ,19,69,A4,12,12,R5,R,False,69,True,R4,True,0.43013681624915856,False,0.6383979320526123,valid,False,6.484421776067988e-08,1.8411003684748902e-08,1.4912488054165435e-09,3.533182371047327e-10,1.7359017428072036e-10,0.0008585052517078696,0.009313057592007176,0.129554719384589,0.43013681624915856,0.43013681624915856
P11,9,C,gamma,1799551287-γ-3,P11-T09-Cγ,20,59,B3,6,6,L3,L,False,59,True,L3,True,0.7148656953536947,False,0.4858119487762451,valid,False,0.004272053762288023,0.10480428792700555,0.7148656953536947,0.15403083764143652,0.01707070335091076,0.0010004952794746011,0.00246056209739957,0.0012045537036173603,0.0002622700368638631,2.854084730914817e-05
P11,9,C,gamma,1799551287-γ-3,P11-T09-Cγ,21,64,E4,9,9,R3,R,False,64,True,R3,True,0.6680298462696125,False,0.34995102882385254,valid,False,0.0003089781256625579,0.0011172671948643405,0.0004206656996498819,0.00010054610588289869,1.9986430047367625e-05,0.008466973471228385,0.12958445783095746,0.6680298462696125,0.18266783329216651,0.009283445579928053
P11,9,C,gamma,1799551287-γ-3,P11-T09-Cγ,22,53,F3,3,3,L5,L,False,53,True,L5,True,0.526032663582113,False,0.5934340953826904,valid,False,0.001078736672668618,0.007286589655618414,0.08397687820412028,0.3815965631428599,0.526032663582113,7.579871924213138e-06,1.2124129428818838e-05,7.098666020185109e-06,1.6011242873418514e-06,1.6495095929983213e-07
P11,9,C,gamma,1799551287-γ-3,P11-T09-Cγ,23,65,F4,10,10,R5,R,False,65,True,R5,True,0.36929308462886334,True,0.5258128643035889,valid,False,1.4479943140951303e-05,5.819854046983233e-05,3.5550215541407425e-05,1.3494208120903498e-05,3.18875524577527e-06,0.001365409717878963,0.010065534451166072,0.13052836977707177,0.4886226897625012,0.36929308462886334
P11,9,C,gamma,1799551287-γ-3,P11-T09-Cγ,24,71,B4,13,13,R2,R,False,71,True,R2,True,0.641946814799886,False,0.4611489772796631,valid,False,1.4206102024801533e-07,3.764030945107685e-07,1.3173538555970624e-07,3.939566511925889e-08,9.10661022767302e-09,0.01977217368508435,0.641946814799886,0.25582802906130875,0.06751807471749005,0.014934209034455085
P11,9,C,gamma,1799551287-γ-3,P11-T09-Cγ,25,67,G4,11,11,R5,R,False,67,True,R5,True,0.289490931783154,True,0.5462520122528076,valid,False,3.1200400753709653e-06,8.747835713723028e-06,4.184248776794634e-06,1.0838338349375467e-06,2.458551590856532e-07,0.0013468723113994848,0.019545479163920777,0.2079381865022971,0.4816611484256687,0.289490931783154
P11,9,C,gamma,1799551287-γ-3,P11-T09-Cγ,26,69,A4,12,12,R5,R,False,69,True,R5,True,0.25917229162204025,True,0.38954615592956543,valid,False,6.771112619230047e-07,1.911954946477943e-06,8.143674458810291e-07,2.27287575587809e-07,5.184303731509348e-08,0.0006510040058974064,0.012262691169471398,0.1737283824512482,0.5541819481870756,0.25917229162204025
P11,9,C,gamma,1799551287-γ-3,P11-T09-Cγ,27,60,C4,7,7,L1,L,False,60,True,L1,True,0.48965074170599926,False,0.5940589904785156,valid,False,0.48965074170599926,0.4704512615042261,0.029775692267626247,0.004921888827866711,0.0008135827511966144,0.0009618069627730136,0.002109738359627559,0.0009969078275224254,0.00026545561296927896,5.2924180192938394e-05
P11,9,C,gamma,1799551287-γ-3,P11-T09-Cγ,28,59,B3,6,6,L1,L,False,59,True,L2,False,0.027241778247109997,False,0.3392200469970703,valid,False,0.027241778247109997,0.8842605507535025,0.07114725617775178,0.012740065098222198,0.0026365244915365514,0.00047603388421582144,0.0008943803919583224,0.000466282723472476,0.0001173599163008732,1.9768315929516636e-05
P11,9,C,gamma,1799551287-γ-3,P11-T09-Cγ,29,71,B4,13,14,R5,R,False,72,False,R5,True,0.5682639159445236,False,0.4255070686340332,valid,False,1.3370787241844694e-07,1.0520337736447878e-07,2.5485164779629472e-08,5.573908478240889e-09,1.2509320056936814e-09,0.0002608660558561997,0.006918921047542672,0.08671145103179584,0.3378445746990267,0.5682639159445236
P11,10,B,gamma,1799551287-γ-2,P11-T10-Bγ,0,65,F4,10,10,R1,R,False,65,True,R1,True,0.8618883875460599,False,0.7930319309234619,valid,False,4.822832373832719e-05,4.072658447642325e-05,4.002347485917048e-06,7.166849469064146e-07,8.602486130682378e-08,0.8618883875460599,0.12635883819355376,0.009017127113161962,0.0019721528858076287,0.0006697342959080254
P11,10,B,gamma,1799551287-γ-2,P11-T10-Bγ,1,48,C3,0,0,L4,L,False,48,True,L3,False,0.3791423070873908,False,1.6051268577575684,valid,False,0.0013828338022458414,0.07671791172031953,0.4630854596117492,0.3791423070873908,0.07967147483733816,8.030672593001274e-09,4.364144472796408e-09,4.288801254371589e-10,9.012318457545585e-11,2.7136287416574475e-11
P11,10,B,gamma,1799551287-γ-2,P11-T10-Bγ,2,53,F3,3,3,L1,L,False,53,True,L1,True,0.4807721445386311,False,0.6496360301971436,valid,False,0.4807721445386311,0.461920799111331,0.04026141015854243,0.011651016691853146,0.0053886532529017145,2.787073879129908e-06,2.764978323129167e-06,3.4066650374615335e-07,6.608250280376908e-08,1.7445531773917185e-08
P11,10,B,gamma,1799551287-γ-2,P11-T10-Bγ,3,55,G3,4,4,L4,L,False,55,True,L4,True,0.5011926489245837,False,0.7648220062255859,valid,False,0.003116920921295689,0.03979641395112658,0.3605300081053011,0.5011926489245837,0.09530533557312633,2.2271590525581336e-05,3.0263549910684387e-05,4.781459501530546e-06,1.0884403880292326e-06,2.6748424073348197e-07
P11,10,B,gamma,1799551287-γ-2,P11-T10-Bγ,4,62,D4,8,8,L2,L,False,62,True,L2,True,0.589055836903537,False,0.6311280727386475,valid,False,0.010017743401506369,0.589055836903537,0.08988409244982046,0.015855983394054887,0.0019261829567419346,0.04023584861081408,0.21710529169845946,0.029327363224405708,0.005251537960995522,0.00134011939966463
P11,10,B,gamma,1799551287-γ-2,P11-T10-Bγ,5,55,G3,4,4,L5,L,False,55,True,L5,True,0.636951692721267,False,0.7344341278076172,valid,False,0.0012939758623954363,0.007719423934947382,0.06780892456893949,0.2862008442831577,0.636951692721267,1.1047396414661455e-05,1.186870063522887e-05,1.7584787629775396e-06,3.6951981854208146e-07,9.453366163664447e-08
P11,10,B,gamma,1799551287-γ-2,P11-T10-Bγ,6,59,B3,6,6,L2,L,False,59,True,L2,True,0.8039509688496354,False,0.5711820125579834,valid,False,0.030251273516252206,0.8039509688496354,0.13831563495614504,0.02196693313407938,0.0038873441870601352,0.0006408545308720987,0.0008250760923151254,0.0001261275330707305,2.871138006977398e-05,7.075820500215515e-06
P11,10,B,gamma,1799551287-γ-2,P11-T10-Bγ,7,59,B3,6,6,R4,R,False,59,True,R4,True,0.4678100245299012,False,1.2731599807739258,valid,False,0.0027169867583177612,0.0014586089262398152,0.00028595016917799506,7.950481310238396e-05,3.71969115045641e-05,0.007565513470306391,0.06177167421081695,0.41422052449157837,0.4678100245299012,0.0440540157190546
P11,10,B,gamma,1799551287-γ-2,P11-T10-Bγ,8,52,E3,2,2,L5,L,False,52,True,L5,True,0.557899883097568,False,1.1006231307983398,valid,False,0.0008084455932077021,0.006432588347270385,0.07550353869668247,0.35930784403286065,0.557899883097568,9.238567073018544e-06,2.5265870228914502e-05,1.0379145188530622e-05,2.4562864731024512e-06,3.6036344719678147e-07
P11,10,B,gamma,1799551287-γ-2,P11-T10-Bγ,9,60,C4,7,7,R1,R,False,60,True,R1,True,0.7733354945395983,False,0.6115000247955322,valid,False,0.017946864192243842,0.06072045177203927,0.0061148055553403476,0.0011861502402255007,0.00015873240420049737,0.7733354945395983,0.1278314974696864,0.010285272016614814,0.0021613066528026045,0.00025942515724854223
P11,10,B,gamma,1799551287-γ-2,P11-T10-Bγ,10,57,A3,5,5,L1,L,False,57,True,L2,True,0.4297844982833535,False,0.6886110305786133,valid,False,0.4297844982833535,0.5043567809192764,0.05158773323793031,0.01000699067518497,0.0024676935186925793,0.001280432921737378,0.00045991385272541827,4.5197383376443094e-05,9.125194326173386e-06,1.6340133969316812e-06
P11,10,B,gamma,1799551287-γ-2,P11-T10-Bγ,11,50,D3,1,1,L3,L,False,50,True,L3,True,0.4293695305666705,False,0.7777070999145508,valid,False,0.0008661977478100259,0.058088099231812386,0.4293695305666705,0.4293695305666705,0.0823057153263694,6.005045231623495e-07,2.923139753769773e-07,2.7600350798492634e-08,5.1439871183975776e-09,9.978308387705648e-10
P11,10,B,gamma,1799551287-γ-2,P11-T10-Bγ,12,55,G3,4,4,L3,L,False,55,True,L3,True,0.6217217534697956,False,0.7041788101196289,valid,False,0.007483871679905137,0.2093172996041709,0.6217217534697956,0.14168152778117954,0.019429787828301157,0.00020036759316510272,0.00014809592271923354,1.4553917339005531e-05,2.311415691553743e-06,4.3078773271475365e-07
P11,10,B,gamma,1799551287-γ-2,P11-T10-Bγ,13,69,A4,12,12,R5,R,False,69,True,R5,True,0.6564753800042102,False,0.9312102794647217,valid,False,2.2716542107647864e-06,9.581602618864582e-07,9.77283985832028e-08,2.399207312825584e-08,6.970277401310654e-09,0.00015631655222453076,0.003923111900912887,0.06714706347201166,0.27229476956541887,0.6564753800042102
P11,10,B,gamma,1799551287-γ-2,P11-T10-Bγ,14,50,D3,1,1,L5,L,False,50,True,L5,True,0.39163105005861465,True,0.9130768775939941,valid,False,0.0004117205098151479,0.006845959794175379,0.12277092219791952,0.47833924472275546,0.39163105005861465,6.03850907028017e-07,3.912786104764765e-07,9.054353237030996e-08,1.4966745236467458e-08,2.076924708149521e-09
P11,10,B,gamma,1799551287-γ-2,P11-T10-Bγ,15,65,F4,10,10,R3,R,False,65,True,R3,True,0.5969618588366044,False,0.8151340484619141,valid,False,6.577178411208051e-05,6.58002838851323e-05,1.037717312783362e-05,1.8582004182118301e-06,3.4407027049094253e-07,0.004717165568034262,0.12285808309579226,0.5969618588366044,0.2555851822366827,0.01973355875107275
P11,10,B,gamma,1799551287-γ-2,P11-T10-Bγ,16,57,A3,5,5,L2,L,False,57,True,L2,True,0.8715218643879917,False,0.7299129962921143,valid,False,0.03848393774722527,0.8715218643879917,0.0729840520979748,0.013066575361877575,0.0022207283461204296,0.0009525771640369108,0.000668477207059204,7.81004822695168e-05,1.986719775550782e-05,3.820007689102778e-06
P11,10,B,gamma,1799551287-γ-2,P11-T10-Bγ,17,67,G4,11,11,R3,R,False,67,True,R3,True,0.5562099364441664,False,0.7155258655548096,valid,False,1.270806076801364e-05,3.702103181165834e-06,1.9966807532665134e-07,5.124696334615948e-08,1.5095817253319963e-08,0.005377267817788547,0.2807951800362124,0.5562099364441664,0.14068432973497555,0.016916609792051802
P11,10,B,gamma,1799551287-γ-2,P11-T10-Bγ,18,62,D4,8,8,R5,R,False,62,True,R5,True,0.3932024177146238,True,0.8548290729522705,valid,False,0.0018246057072810328,0.0013104816050715964,5.341811849582521e-05,1.168317749365892e-05,4.618256234893337e-06,0.0029035059754746457,0.010096033770333909,0.10255453512706711,0.48803870054792337,0.3932024177146238
P11,10,B,gamma,1799551287-γ-2,P11-T10-Bγ,19,64,E4,9,9,R3,R,False,64,True,R3,True,0.5914376036794706,False,0.6135430335998535,valid,False,0.0005773641422568476,0.00027322932709548584,1.1591956686955434e-05,2.7464563165805867e-06,1.0308507801600711e-06,0.006707368103353788,0.1672321022101549,0.5914376036794706,0.21842666827182008,0.015330295002064731
P11,10,B,gamma,1799551287-γ-2,P11-T10-Bγ,20,59,B3,6,6,L4,L,False,59,True,L4,True,0.459383168668232,False,0.8986167907714844,valid,False,0.002561420210656706,0.04148257072826907,0.4204983476458918,0.459383168668232,0.07105043915476399,0.0015931101938090567,0.0027814809024608944,0.0005325303711209481,9.924061330569164e-05,1.7691511490095223e-05
P11,10,B,gamma,1799551287-γ-2,P11-T10-Bγ,21,65,F4,10,10,R1,R,False,65,True,R1,True,0.8950027990180506,False,0.6688230037689209,valid,False,0.00017356516368312997,0.0002585727894866491,4.21692371616342e-05,1.3735203686833847e-05,3.7212871822066567e-06,0.8950027990180506,0.09528065939870665,0.007365646644083469,0.0014287884475190765,0.0004303428104397673
P11,10,B,gamma,1799551287-γ-2,P11-T10-Bγ,22,60,C4,7,7,R3,R,False,60,True,R3,True,0.671998982995708,False,0.5554978847503662,valid,False,0.013197109823854242,0.031176834328677416,0.0036988712425382346,0.0006623426250219205,0.00019750993202055512,0.007014838586484714,0.13006413871573747,0.671998982995708,0.1353721569113929,0.006617214838564475
P11,10,B,gamma,1799551287-γ-2,P11-T10-Bγ,23,65,F4,10,10,R1,R,False,65,True,R1,True,0.9437320909774708,False,0.8172180652618408,valid,False,0.00011257473433393842,0.00010592379534126894,1.5761931009658612e-05,1.969141385696067e-06,7.029797433525533e-07,0.9437320909774708,0.05297617710598143,0.0023392779747002995,0.000511627899952458,0.00020389346008113735
P11,10,B,gamma,1799551287-γ-2,P11-T10-Bγ,24,53,F3,3,3,L5,L,False,53,True,L5,True,0.5923817049184787,False,0.6507670879364014,valid,False,0.001099145902146035,0.007552135504168413,0.060591292760384205,0.33837379910764914,0.5923817049184787,1.0997578745617314e-06,7.348465904077425e-07,6.666377866349361e-08,1.5175188473887815e-08,5.363741415702568e-09
P11,10,B,gamma,1799551287-γ-2,P11-T10-Bγ,25,52,E3,2,2,L5,L,False,52,True,L5,True,0.29081263029059273,True,0.7231791019439697,valid,False,0.0009044853625737852,0.012272534348823994,0.166114810303701,0.5298951610435034,0.29081263029059273,1.7908866420475393e-07,1.7559667318252042e-07,1.8693759200983572e-08,4.088547349077445e-09,1.183161077119553e-09
P11,10,B,gamma,1799551287-γ-2,P11-T10-Bγ,26,57,A3,5,5,R3,R,False,57,True,R3,True,0.5691203539738029,False,1.1727921962738037,valid,False,0.02071451691255236,0.04607320506468094,0.007569234429485952,0.0013858843728839986,0.00043988299017822164,0.00451634111279859,0.08684213500125777,0.5691203539738029,0.2550843734782858,0.008254072664073447
P11,10,B,gamma,1799551287-γ-2,P11-T10-Bγ,27,62,D4,8,8,R5,R,False,62,True,R5,True,0.7404717869800954,False,0.7667698860168457,valid,False,8.001745306269304e-05,1.7026027297426854e-05,3.4385257277339875e-06,8.47930004894304e-07,2.857151328341665e-07,0.0077075675799582076,0.010650318094364251,0.04326255728223607,0.19780615441212057,0.7404717869800954
P11,10,B,gamma,1799551287-γ-2,P11-T10-Bγ,28,59,B3,6,6,L3,L,False,59,True,L3,True,0.5784913515375022,False,0.5238769054412842,valid,False,0.006265549829631877,0.15370979039693738,0.5784913515375022,0.15136756467159576,0.012785915439292665,0.010493128069366824,0.06041859425881911,0.021651318355417403,0.004371325785952545,0.00044546165548414675
P11,10,B,gamma,1799551287-γ-2,P11-T10-Bγ,29,69,A4,12,12,R4,R,False,69,True,R4,True,0.6051264440995198,False,0.720707893371582,valid,False,3.378532330650659e-06,2.1963668579712946e-06,4.6449369882882245e-07,7.678029200233676e-08,1.2811164161788775e-08,0.0013961697118475577,0.0179358469881993,0.21388477484404333,0.6051264440995198,0.16165063537204646
P11,11,B,gamma,1799551287-γ-7,P11-T11-Bγ,0,69,A4,12,12,R3,R,False,69,True,R3,True,0.5791268672297559,False,0.7742922306060791,valid,False,2.3390846157041278e-07,2.247138888894759e-07,7.348138625550849e-08,1.4835636022407497e-08,2.0025473699325942e-09,0.0025736200289655496,0.13275919826032442,0.5791268672297559,0.2599924035048587,0.02554736203417537
P11,11,B,gamma,1799551287-γ-7,P11-T11-Bγ,1,72,C5,14,14,R4,R,False,72,True,R4,True,0.6196508466161453,False,0.6332559585571289,valid,False,1.0146447776204046e-08,1.0412680517963298e-08,2.958453680964767e-09,4.698539988673694e-10,5.636612622067792e-11,0.0003458148460879322,0.010065927126822437,0.2675097913359285,0.6196508466161453,0.10242759603121367
P11,11,B,gamma,1799551287-γ-7,P11-T11-Bγ,2,57,A3,5,5,L4,L,False,57,True,L4,True,0.3560359632202926,True,0.7740652561187744,valid,False,0.004166243785822085,0.0854867377492837,0.5271511281244862,0.3560359632202926,0.0268705152791584,0.00022007553700101188,6.215023785100229e-05,5.670303008970874e-06,1.1754538915149365e-06,3.403092046149215e-07
P11,11,B,gamma,1799551287-γ-7,P11-T11-Bγ,3,71,B4,13,13,R2,R,False,71,True,R2,True,0.7397870245734928,False,0.8764801025390625,valid,False,1.7607423848297158e-07,1.2845135536777144e-07,2.3147178593830797e-08,5.9409728421753335e-09,1.6369566261439609e-09,0.018036342079865878,0.7397870245734928,0.17527608163431338,0.05597414524685305,0.010926071214772749
P11,11,B,gamma,1799551287-γ-7,P11-T11-Bγ,4,48,C3,0,0,L1,L,False,48,True,L1,True,0.31558785579813625,True,0.7644510269165039,valid,False,0.31558785579813625,0.5750385652247131,0.07782300709666193,0.019190917274842925,0.012359649678992472,4.1029086491293215e-09,7.326927207105548e-10,6.924860119066765e-11,1.568910566115253e-11,6.114222634511844e-12
P11,11,B,gamma,1799551287-γ-7,P11-T11-Bγ,5,64,E4,9,9,R5,R,False,64,True,R4,False,0.06870070542693495,False,0.6169781684875488,valid,False,7.704380461261182e-05,0.00010043959951928063,2.1155657394650394e-05,4.627393522251374e-06,9.037978949464039e-07,0.002808878608825989,0.03661509225799834,0.42536776604174464,0.46630338741155236,0.06870070542693495
P11,11,B,gamma,1799551287-γ-7,P11-T11-Bγ,6,72,C5,14,14,R2,R,False,72,True,R2,True,0.5967967161026401,False,0.9819321632385254,valid,False,1.0576280237586448e-08,8.563775466783214e-09,2.6302715829296213e-09,4.709926003162717e-10,8.747115572125777e-11,0.02439376895580096,0.5967967161026401,0.27910178787096884,0.08073535523670697,0.018972349505092155
P11,11,B,gamma,1799551287-γ-7,P11-T11-Bγ,7,50,D3,1,1,L5,L,False,50,True,L5,True,0.3282060504302926,True,0.8248672485351562,valid,False,0.000482773417571748,0.008624714268185278,0.17306056391698402,0.48962589194720674,0.3282060504302926,5.21982573472869e-09,7.328253826276767e-10,4.8274692118033044e-11,1.2868799458006262e-11,5.965080741253041e-12
P11,11,B,gamma,1799551287-γ-7,P11-T11-Bγ,8,60,C4,7,7,L3,L,False,60,True,L3,True,0.6650034156451639,False,0.6707258224487305,valid,False,0.0027726184900570537,0.11441042208653569,0.6650034156451639,0.19338152746223047,0.007212100721732528,0.006259635698443267,0.008496193733910435,0.0019535898322223287,0.00043350453992517437,7.699178977917181e-05
P11,11,B,gamma,1799551287-γ-7,P11-T11-Bγ,9,71,B4,13,14,R5,R,False,72,False,R4,False,0.2792080797590948,False,0.639552116394043,valid,False,1.1169133391759619e-07,8.53165477589871e-08,1.6567912907318117e-08,3.4815161263402727e-09,5.277294554571575e-10,0.0003276664046420244,0.02338178521042972,0.3276537168660461,0.3694285341747472,0.2792080797590948
P11,11,B,gamma,1799551287-γ-7,P11-T11-Bγ,10,52,E3,2,2,L5,L,False,52,True,L5,True,0.3811892571609457,True,0.7452688217163086,valid,False,0.0007442960826821,0.010835505853586551,0.1163122287781161,0.49091853746934067,0.3811892571609457,1.253773054390333e-07,4.338073542430439e-08,4.815253830744917e-09,8.613939941717875e-10,2.2064015084785653e-10
P11,11,B,gamma,1799551287-γ-7,P11-T11-Bγ,11,62,D4,8,8,L3,L,False,62,True,L3,True,0.6857433740265241,False,0.7883870601654053,valid,False,0.0030967789041157906,0.11431383098045972,0.6857433740265241,0.15735321928014756,0.006217915815433335,0.012212591650496669,0.015147352613178912,0.0048491086274407525,0.0009097591262582215,0.0001560689759449893
P11,11,B,gamma,1799551287-γ-7,P11-T11-Bγ,12,57,A3,5,5,L4,L,False,57,True,L4,True,0.4822668731629289,False,0.7800781726837158,valid,False,0.002472225471374599,0.0435810473144687,0.42103656835330366,0.4822668731629289,0.050537704962322294,6.661798196217896e-05,3.318997918392719e-05,4.713708519175917e-06,8.771985174462174e-07,1.818674191443537e-07
P11,11,B,gamma,1799551287-γ-7,P11-T11-Bγ,13,67,G4,11,11,R2,R,False,67,True,R2,True,0.8944290064458891,False,0.7217659950256348,valid,False,4.763727838882002e-05,0.0001105384193162064,2.511927483053333e-05,5.495561750579909e-06,1.0459767086161341e-06,0.05015281458656067,0.8944290064458891,0.0445309980941221,0.008990653458029893,0.0017066909044033177
P11,11,B,gamma,1799551287-γ-7,P11-T11-Bγ,14,62,D4,8,8,R2,R,False,62,True,R2,True,0.7281504628444353,False,0.5425541400909424,valid,False,0.008635722891372224,0.011387598822860378,0.0016661368888951083,0.00035011545991508325,9.76237259165267e-05,0.027399032610174637,0.7281504628444353,0.1945146937685219,0.0263247011748459,0.0014739118130630985
P11,11,B,gamma,1799551287-γ-7,P11-T11-Bγ,15,55,G3,4,4,L1,L,False,55,True,L1,True,0.4953575894721002,False,0.7075009346008301,valid,False,0.4953575894721002,0.4572726881483761,0.036791980665719926,0.008046843516109006,0.002328629517787125,0.00011842740960092646,7.065599697379038e-05,1.0105048836186008e-05,2.8095804993608503e-06,2.7064399724490945e-07
P11,11,B,gamma,1799551287-γ-7,P11-T11-Bγ,16,57,A3,5,5,R3,R,False,57,True,L3,False,0.00013299616500296927,False,0.7429258823394775,valid,False,0.012193633249543595,0.21746209780855452,0.6445875804867602,0.11129854721767747,0.012745246585598585,0.0008154820525081041,0.0007308797493580027,0.00013299616500296927,3.0274939565188044e-05,3.2617454314471853e-06
P11,11,B,gamma,1799551287-γ-7,P11-T11-Bγ,17,62,D4,8,8,L1,L,False,62,True,L1,True,0.604874227244479,False,0.8867800235748291,valid,False,0.604874227244479,0.2828793686458054,0.025662237351348673,0.004241939303456408,0.0006736938818767308,0.06740644767085378,0.012491151923749217,0.0013840590847351555,0.0003027101740757813,8.416471961974661e-05
P11,11,B,gamma,1799551287-γ-7,P11-T11-Bγ,18,55,G3,4,4,L3,L,False,55,True,L3,True,0.6901018855457994,False,0.6828298568725586,valid,False,0.005987234025591875,0.15181152562187722,0.6901018855457994,0.13822173174978386,0.013861335277919795,1.2726148149604712e-05,3.078968153888145e-06,3.846561448179235e-07,7.461561523923234e-08,2.3390964255552864e-08
P11,11,B,gamma,1799551287-γ-7,P11-T11-Bγ,19,53,F3,3,3,L5,L,False,53,True,L5,True,0.13027316004842765,True,0.7180008888244629,valid,False,0.002003283963879917,0.023895023201742676,0.4244048060080142,0.419421225900534,0.13027316004842765,1.762456839294176e-06,6.614181786716629e-07,6.245125205627022e-08,1.1182905137966003e-08,3.368226299918588e-09
P11,11,B,gamma,1799551287-γ-7,P11-T11-Bγ,20,62,D4,8,8,R5,R,False,62,True,R5,True,0.31435788540985027,True,0.7034130096435547,valid,False,0.0010315352740987156,0.0014535083892548448,0.00018195424529526765,4.836746373805378e-05,1.2562835518025124e-05,0.006122837080218411,0.021750988491665246,0.14701462907201515,0.5080257317383459,0.31435788540985027
P11,11,B,gamma,1799551287-γ-7,P11-T11-Bγ,21,67,G4,11,11,R1,R,False,67,True,R1,True,0.8074175570345072,False,0.6327757835388184,valid,False,1.3182439599838292e-05,1.2864887655781579e-05,1.824918369233559e-06,3.9880685239027384e-07,1.1039623207181668e-07,0.8074175570345072,0.17659181745736455,0.012107692002713392,0.002756167019160854,0.0010983850375447474
P11,11,B,gamma,1799551287-γ-7,P11-T11-Bγ,22,57,A3,5,5,R3,R,False,57,True,R3,True,0.6395056710869927,False,0.7718842029571533,valid,False,0.010885479649385996,0.01705701575134365,0.003006256115046986,0.0006282557174511593,0.00022186757731656973,0.005752570055661342,0.12405133712272007,0.6395056710869927,0.19261540661643073,0.006276140307650605
P11,11,B,gamma,1799551287-γ-7,P11-T11-Bγ,23,48,C3,0,0,L1,L,False,48,True,L1,True,0.37196770288515685,True,0.7262799739837646,valid,False,0.37196770288515685,0.5122470510794176,0.08467386803821397,0.01927496358673504,0.0118361125275598,1.3435599932565726e-07,1.2985619885818694e-07,3.0396199625157475e-08,6.6480101761943964e-09,6.265086773626515e-10
P11,11,B,gamma,1799551287-γ-7,P11-T11-Bγ,24,65,F4,10,10,R3,R,False,65,True,R3,True,0.6353563003022243,False,1.0427629947662354,valid,False,3.410364614306881e-05,4.4282999547950445e-05,9.40893280756539e-06,1.4914660843988566e-06,4.206499475085595e-07,0.009270918958359924,0.1791930159689884,0.6353563003022243,0.162908103021558,0.013181954054339143
P11,11,B,gamma,1799551287-γ-7,P11-T11-Bγ,25,67,G4,11,11,R1,R,False,67,True,R1,True,0.7443180894207965,False,0.6283700466156006,valid,False,7.742047586248465e-06,9.6372027618296e-06,1.4336501750885964e-06,3.263528118082163e-07,9.893523966425562e-08,0.7443180894207965,0.233333435214363,0.016650970166849705,0.0041060786898274,0.0015721883195889202
P11,11,B,gamma,1799551287-γ-7,P11-T11-Bγ,26,59,B3,6,6,R4,R,False,59,True,R4,True,0.5841533456689775,False,0.7085511684417725,valid,False,0.0021940275127060424,0.004603794936750246,0.0014435375935928107,0.00024758093481698485,9.594816793122947e-05,0.005003629387242127,0.03521598613751153,0.25624646039076177,0.5841533456689775,0.1107956892697098
P11,11,B,gamma,1799551287-γ-7,P11-T11-Bγ,27,57,A3,5,5,L5,L,False,57,True,L5,True,0.3839787094899639,True,0.7798991203308105,valid,False,0.003342729539695571,0.019100559818828147,0.13323067202366298,0.45915532135384696,0.3839787094899639,0.0002633329721738434,0.0005925826025138275,0.0002516021996894944,6.660582762682885e-05,1.7884171998412078e-05
P11,11,B,gamma,1799551287-γ-7,P11-T11-Bγ,28,60,C4,7,7,L2,L,False,60,True,L2,True,0.5328821648501622,False,0.7935390472412109,valid,False,0.015395842468137808,0.5328821648501622,0.12720134826783153,0.02370702103424948,0.002941037031425502,0.024475205385252725,0.19113581665418683,0.06707230726968891,0.013520672164408512,0.0016685848746564233
P11,11,B,gamma,1799551287-γ-7,P11-T11-Bγ,29,57,A3,5,5,R3,R,False,57,True,R3,True,0.7299825638458173,False,0.860447883605957,valid,False,0.01784245296851859,0.016445396157027167,0.0029453694060078027,0.0006441873005592907,0.0002356238688445557,0.006057535629105508,0.0995076219968817,0.7299825638458173,0.1211491294316212,0.005190119395616949
P11,12,A,beta,1799551287-β-4,P11-T12-Aβ,0,62,D4,8,8,R4,R,False,62,True,R2,False,0.022036115083699924,False,1.2504000663757324,valid,False,0.001120196682962084,0.0027669613186403065,0.001564871201207348,0.0003626093769319996,7.064652170002276e-05,0.034215634958407404,0.8393960978304,0.09680345658116825,0.022036115083699924,0.0016634104448826404
P11,12,A,beta,1799551287-β-4,P11-T12-Aβ,1,65,F4,10,10,R2,R,False,65,True,R3,False,0.21002178285422704,False,0.5614547729492188,valid,False,2.1676536005447337e-05,3.488370949349511e-05,1.547416302378031e-05,3.468277256290069e-06,8.101100363414247e-07,0.008483138001424882,0.21002178285422704,0.6166146130938525,0.15101871703942624,0.01378543621525397
P11,12,A,beta,1799551287-β-4,P11-T12-Aβ,2,60,C4,7,7,R3,R,False,60,True,R2,False,0.1330965591207678,False,0.3872337341308594,valid,False,0.009417334979346898,0.048963487791189884,0.029677146022465548,0.0065529360383937,0.0012222674826335455,0.030201708082784134,0.7239552190680208,0.1330965591207678,0.015975796740537136,0.0009375446738603573
P11,12,A,beta,1799551287-β-4,P11-T12-Aβ,3,57,A3,5,5,L5,L,False,57,True,L3,False,0.025865018703279688,False,0.3449990749359131,valid,False,0.011403109273192932,0.18752010408987896,0.6156836261159307,0.15596523234927642,0.025865018703279688,0.0007749466806678008,0.002311419150871153,0.00037814423663581957,8.79953915891338e-05,1.0404008677316399e-05
P11,12,A,beta,1799551287-β-4,P11-T12-Aβ,4,60,C4,7,7,R3,R,False,60,True,R2,False,0.09562740497610851,False,0.36995816230773926,valid,False,0.013092122762155947,0.1002643063430918,0.042583614544984584,0.008733600887480895,0.0015988094625230395,0.03099413246818854,0.6918107531504964,0.09562740497610851,0.014017452975232632,0.0012778024297376235
P11,12,A,beta,1799551287-β-4,P11-T12-Aβ,5,57,A3,5,5,L5,L,False,57,True,L3,False,0.0203645139918849,False,0.4178791046142578,valid,False,0.007407754433688368,0.1487240561447585,0.680295558093113,0.13896605258479963,0.0203645139918849,0.0011595732086151266,0.0026720194191145502,0.0003271054601401038,7.395233131003413e-05,9.414332575516202e-06
P11,12,A,beta,1799551287-β-4,P11-T12-Aβ,6,62,D4,8,8,R5,R,False,62,True,R2,False,0.003648497710212061,False,0.31965088844299316,valid,False,0.0028796566230113296,0.01433478810721782,0.004921984036953731,0.0010989793627191643,0.00020662832522677806,0.03203154580384985,0.6969552629723831,0.20168785371376843,0.04223480334465773,0.003648497710212061
P11,12,A,beta,1799551287-β-4,P11-T12-Aβ,7,65,F4,10,10,R3,R,False,65,True,R3,True,0.6068180675805829,False,0.4081461429595947,valid,False,4.720821465466853e-05,0.00013592189868990545,4.175548054040912e-05,8.594399870754531e-06,1.8065048105393754e-06,0.007921381588178131,0.17128313682744642,0.6068180675805829,0.19799247446374227,0.015749653041484186
P11,12,A,beta,1799551287-β-4,P11-T12-Aβ,8,69,A4,12,12,R5,R,False,69,True,R4,False,0.09631532671889503,False,0.35503101348876953,valid,False,1.6544411677383848e-06,3.308619468482516e-06,8.456427106385261e-07,2.0711769480290467e-07,4.3631348664607654e-08,0.0016074898580187,0.02076619980441287,0.312284842170476,0.5690200819958071,0.09631532671889503
P11,12,A,beta,1799551287-β-4,P11-T12-Aβ,9,64,E4,9,9,R4,R,False,64,True,R2,False,0.02574143280372288,False,0.3057520389556885,valid,False,0.0006927952942294391,0.002435366320192369,0.0007406149685717778,0.00017323199547313658,3.900820529689558e-05,0.041973762691130796,0.8100084868856176,0.11409651639535308,0.02574143280372288,0.0040987844404120465
P11,12,A,beta,1799551287-β-4,P11-T12-Aβ,10,60,C4,7,7,R3,R,False,60,True,R2,False,0.07198357119518971,False,0.3443639278411865,valid,False,0.011404359974077249,0.09485392197599396,0.03915186338784004,0.009846490897429725,0.0020508969594132684,0.029305844407488534,0.7324813758702924,0.07198357119518971,0.00830151406083724,0.0006201612714377118
P11,12,A,beta,1799551287-β-4,P11-T12-Aβ,11,57,A3,5,5,L5,L,False,57,True,L3,False,0.03547931207281407,False,0.2786109447479248,valid,False,0.012243057324975163,0.1583739529396002,0.5921205498580803,0.19655468324301362,0.03547931207281407,0.001612090931815651,0.0032010908241911387,0.0003345259002539135,7.267479725001552e-05,8.062108006027082e-06
P11,12,A,beta,1799551287-β-4,P11-T12-Aβ,12,55,G3,4,4,L4,L,False,55,True,L3,False,0.21346354245194538,False,0.7077398300170898,valid,False,0.018660961935044674,0.2000034605562834,0.5179381581779643,0.21346354245194538,0.048724385328915154,0.0004680392417176911,0.0006552384680475855,6.924224327730265e-05,1.5039691154238753e-05,1.9319056503420646e-06
P11,12,A,beta,1799551287-β-4,P11-T12-Aβ,13,62,D4,8,8,R1,R,False,62,True,R2,False,0.03346520880155888,False,0.33714723587036133,valid,False,0.002368987164649012,0.003346672877741661,0.0006639863784718642,0.00012143423138393393,3.2689362560927954e-05,0.03346520880155888,0.7887949143434386,0.1412464668036558,0.027377725096948188,0.0025819149395912007
P11,12,A,beta,1799551287-β-4,P11-T12-Aβ,14,64,E4,9,9,R2,R,False,64,True,R2,True,0.7958383027816656,False,0.3141181468963623,valid,False,0.0003006213238988717,0.00018610337388063787,1.8304580095624957e-05,5.29705659567514e-06,1.395435410495152e-06,0.03095387973362546,0.7958383027816656,0.13155118665396368,0.03657613680868232,0.004568772252181573
P11,12,A,beta,1799551287-β-4,P11-T12-Aβ,15,59,B3,6,6,L3,L,False,59,True,L2,False,0.021826133145223085,False,0.31997227668762207,valid,False,0.021768573188928497,0.9342893445869976,0.021826133145223085,0.003908321586118461,0.0007559056008837545,0.010077692947246837,0.006821953511331159,0.0004160740706913205,0.00011567434948666551,2.032701309267786e-05
P11,12,A,beta,1799551287-β-4,P11-T12-Aβ,16,62,D4,8,8,R5,R,False,62,True,R2,False,0.0008677743948247961,False,0.31728291511535645,valid,False,0.005073710275051564,0.004804285653330536,0.00029214891144846585,6.389643969392949e-05,1.569968300436189e-05,0.03694788343954621,0.9192369634735957,0.026829669981537446,0.005867967747967251,0.0008677743948247961
P11,12,A,beta,1799551287-β-4,P11-T12-Aβ,17,60,C4,7,7,R5,R,False,60,True,R2,False,0.00033728549998152433,False,0.33434391021728516,valid,False,0.03542122411455491,0.05835440608731606,0.003548535088627091,0.0008077803247239188,0.00019590932118509428,0.02586030417080306,0.8371324997884314,0.03469289348350639,0.003649162120870457,0.00033728549998152433
P11,12,A,beta,1799551287-β-4,P11-T12-Aβ,18,57,A3,5,5,L5,L,False,57,True,L2,False,0.0034075914556478738,False,0.3785221576690674,valid,False,0.040200699116402755,0.8747029879831355,0.06241991570724084,0.0160207440627959,0.0034075914556478738,0.0016008452340786326,0.0015105101104044229,0.00010794692438103198,2.5568017953027695e-05,3.19138796001921e-06
P11,12,A,beta,1799551287-β-4,P11-T12-Aβ,19,60,C4,7,7,L3,L,False,60,True,R2,False,0.0013867098261366936,False,0.34720396995544434,valid,False,0.025403211032702062,0.023734600252211968,0.0013867098261366936,0.0003559140213853741,0.0001009750280794105,0.02569198973654699,0.8874604365987061,0.031403957177613295,0.00408341606828635,0.0003787902583316048
P11,12,A,beta,1799551287-β-4,P11-T12-Aβ,20,57,A3,5,5,L5,L,False,57,True,L2,False,0.0026183200704169474,False,0.2942650318145752,valid,False,0.042707286195111445,0.8928062058195237,0.046264250830657515,0.010953728916793014,0.0026183200704169474,0.0027246004605845733,0.0018029108794156536,9.389008800100673e-05,2.508135700974919e-05,3.725382486188122e-06
P11,12,A,beta,1799551287-β-4,P11-T12-Aβ,21,53,F3,3,3,L4,L,False,53,True,L3,False,0.15226344249351353,False,0.6336281299591064,valid,False,0.006400093918412056,0.19959699473310352,0.6121726590821085,0.15226344249351353,0.02949226281370859,4.861863838901107e-05,2.402726737000849e-05,1.4989571670888026e-06,3.551445619588529e-07,4.6951665743969755e-08
P11,12,A,beta,1799551287-β-4,P11-T12-Aβ,22,50,D3,1,1,L3,L,False,50,True,L3,True,0.5846005877956976,False,0.561997652053833,valid,False,0.001157432239208083,0.04430096139292807,0.5846005877956976,0.3082554610357844,0.06168359490081432,1.2782548281587263e-06,6.32448275950387e-07,4.0708601781762493e-08,9.644997779236004e-09,1.5788638563949437e-09
P11,12,A,beta,1799551287-β-4,P11-T12-Aβ,23,55,G3,4,4,L2,L,False,55,True,L2,True,0.8931358041129451,False,0.3121328353881836,valid,False,0.05425375293124279,0.8931358041129451,0.03789194837503014,0.010737508531476835,0.003342607146015505,0.00035437598979321677,0.0002661170786640195,1.37700221949162e-05,3.5342245952149028e-06,5.815880423040382e-07
P11,12,A,beta,1799551287-β-4,P11-T12-Aβ,24,64,E4,9,9,R4,R,False,64,True,R2,False,0.04976448323145935,False,0.4019656181335449,valid,False,0.00025413337485597994,7.333638133281516e-05,2.989352534923462e-06,7.367894702333338e-07,3.8662190305551515e-07,0.029252241077374445,0.6973598359560852,0.21861267167479329,0.04976448323145935,0.004679185540190625
P11,12,A,beta,1799551287-β-4,P11-T12-Aβ,25,60,C4,7,7,R5,R,False,60,True,R2,False,0.0004958143566590376,False,0.35409092903137207,valid,False,0.020222061992877426,0.007009222907822094,0.00036321034130560567,9.296006619758056e-05,4.154882152299147e-05,0.027189829350667428,0.8890859199179182,0.04976076589521727,0.005738666349812625,0.0004958143566590376
P11,12,A,beta,1799551287-β-4,P11-T12-Aβ,26,57,A3,5,5,L1,L,False,57,True,L2,False,0.037010581812640456,False,0.38770461082458496,valid,False,0.037010581812640456,0.9452402733303727,0.0116050361257463,0.0021584453294550944,0.0006810448699751268,0.0018836779778025846,0.0012925903913970362,9.9404206496997e-05,2.5239578966919742e-05,3.7063771468483307e-06
P11,12,A,beta,1799551287-β-4,P11-T12-Aβ,27,50,D3,1,1,L3,L,False,50,True,L3,True,0.47142177492052084,False,0.960716724395752,valid,False,0.0005535917860120059,0.01846271294036557,0.47142177492052084,0.43517714647173417,0.0743834456915118,9.281090558962832e-07,3.6145480880434325e-07,2.9115297968372973e-08,8.059244708794414e-09,1.451448403164103e-09
P11,12,A,beta,1799551287-β-4,P11-T12-Aβ,28,53,F3,3,3,L1,L,False,53,True,L2,False,0.02212728342646969,False,0.360034704208374,valid,False,0.02212728342646969,0.7338135394942786,0.18834115318564043,0.04376538704256372,0.011883332783329315,4.30768034177689e-05,2.3725690782514168e-05,1.8701342915257723e-06,5.361176126421333e-07,9.532161382069835e-08
P11,12,A,beta,1799551287-β-4,P11-T12-Aβ,29,62,D4,8,8,R4,R,False,62,True,R2,False,0.014825339382162664,False,0.336014986038208,valid,False,0.002178606293775929,0.00033711583765056824,2.6146850153964815e-05,6.910231480289378e-06,3.1740775892510624e-06,0.033648667324189155,0.8808357020179655,0.06641835515044726,0.014825339382162664,0.001719982834585159
P11,13,A,gamma,1799551287-γ-8,P11-T13-Aγ,0,71,B4,13,13,R4,R,False,71,True,R3,True,0.4391640910707742,False,2.6787776947021484,valid,False,9.253933215299487e-08,2.2205432275776207e-08,1.7166653945355458e-09,3.9077774214055734e-10,1.5963647894067315e-10,0.0013242181106850304,0.023785434092731993,0.45708671762486897,0.4391640910707742,0.07863942208909573
P11,13,A,gamma,1799551287-γ-8,P11-T13-Aγ,1,65,F4,10,10,R2,R,False,65,True,R2,True,0.8985519598507581,False,0.41030311584472656,valid,False,4.586814882928414e-05,1.381917775878806e-05,1.0289509757304509e-06,2.340368980225237e-07,8.887323540902037e-08,0.03967751022497502,0.8985519598507581,0.04846222042571284,0.010817323967101134,0.0024299463437558464
P11,13,A,gamma,1799551287-γ-8,P11-T13-Aγ,2,57,A3,5,5,R4,R,False,57,True,L2,False,1.0675789950388156e-06,False,0.36401987075805664,valid,False,0.035531388072249544,0.942392120758025,0.01729498330155669,0.0034750831102421877,0.001019899611288219,0.00021032027180035255,7.02437739419408e-05,4.563873687863171e-06,1.0675789950388156e-06,3.296482133876017e-07
P11,13,A,gamma,1799551287-γ-8,P11-T13-Aγ,3,64,E4,9,9,R2,R,False,64,True,R2,True,0.8636729519603267,False,0.4244418144226074,valid,False,0.0008387397002802342,0.0005494674015822332,1.9085892475651512e-05,4.0106344601936515e-06,9.090964629251819e-07,0.04131370021615032,0.8636729519603267,0.07232675885389146,0.01775821802379734,0.003516158220573088
P11,13,A,gamma,1799551287-γ-8,P11-T13-Aγ,4,53,F3,3,3,L4,L,False,53,True,L3,False,0.1287637116615133,False,0.4382591247558594,valid,False,0.005330500662017339,0.27347535416390734,0.5705509982401362,0.1287637116615133,0.02186629775952153,8.460743259818257e-06,4.359413963054353e-06,2.4035406702409347e-07,5.9164527840113415e-08,1.7837086521023946e-08
P11,13,A,gamma,1799551287-γ-8,P11-T13-Aγ,5,72,C5,14,14,R5,R,False,72,True,R4,False,0.09913052064501233,False,0.4581019878387451,valid,False,4.390807067428626e-08,9.894192116963281e-09,4.732875865493076e-10,1.0351362112525876e-10,2.976292256994297e-11,0.0005435015824579609,0.011898797828209415,0.35653676856821714,0.5318903569672762,0.09913052064501233
P11,13,A,gamma,1799551287-γ-8,P11-T13-Aγ,6,57,A3,5,5,L2,L,False,57,True,L2,True,0.9454907459371338,False,0.3254661560058594,valid,False,0.024821348278716522,0.9454907459371338,0.023848089291712532,0.004264737928835174,0.001029597682234507,0.0002980355508453718,0.0002191904448039196,2.2391430176500994e-05,5.054092535833976e-06,8.093630057325251e-07
P11,13,A,gamma,1799551287-γ-8,P11-T13-Aγ,7,67,G4,11,11,R3,R,False,67,True,R3,True,0.6046185635164608,False,0.5107319355010986,valid,False,8.856358723578336e-06,4.914965850052008e-06,1.5142770913401843e-07,2.9373953421829754e-08,8.82806212366542e-09,0.009791279671011758,0.24609301728363742,0.6046185635164608,0.1290986783545806,0.010384500220011163
P11,13,A,gamma,1799551287-γ-8,P11-T13-Aγ,8,62,D4,8,8,L4,L,False,62,True,R2,False,2.583857177297766e-05,False,0.36004090309143066,valid,False,0.0051176809952238065,0.004681285695516811,0.00010912613663211469,2.583857177297766e-05,8.92598754564003e-06,0.03604431490422766,0.871592466729049,0.06567702383418905,0.014864058148324632,0.0018792789975183104
P11,13,A,gamma,1799551287-γ-8,P11-T13-Aγ,9,60,C4,7,7,L1,L,False,60,True,R2,False,0.016247008061632134,False,0.37346887588500977,valid,False,0.016247008061632134,0.026352007390224915,0.0007235029693865422,0.00014602280033033588,5.2326235998930827e-05,0.025435832275603344,0.8771275941946288,0.04635593685417109,0.007073457307037394,0.00048631191098621535
P11,13,A,gamma,1799551287-γ-8,P11-T13-Aγ,10,52,E3,2,2,L5,L,False,52,True,L3,False,0.0709651476368603,False,0.4062621593475342,valid,False,0.0011904348964108069,0.02173664006282934,0.4621063349130126,0.443986886349809,0.0709651476368603,8.180994315399576e-06,5.951475166829815e-06,3.274402464078608e-07,8.397178624236803e-08,1.2259563193075906e-08
P11,13,A,gamma,1799551287-γ-8,P11-T13-Aγ,11,59,B3,6,6,R1,R,False,59,True,L2,False,0.008384946879432214,False,0.33649182319641113,valid,False,0.02747416730524122,0.9258904124319033,0.008275060169446116,0.0012109526391391396,0.00028697140591345054,0.008384946879432214,0.026566292646876096,0.0014817831482785448,0.00037896939418791093,5.044397958209743e-05
P11,13,A,gamma,1799551287-γ-8,P11-T13-Aγ,12,67,G4,11,11,R5,R,False,67,True,R4,False,0.06802447755663892,False,0.5174620151519775,valid,False,1.620034716480664e-05,1.0100333098141443e-05,2.759786981988195e-07,3.734965528800889e-08,1.1004963426418549e-08,0.0017551876945342902,0.03399667685921799,0.4391377408474736,0.4570592920285554,0.06802447755663892
P11,13,A,gamma,1799551287-γ-8,P11-T13-Aγ,13,55,G3,4,4,L2,L,False,55,True,L2,True,0.763117048999194,False,0.44137096405029297,valid,False,0.013221754716366087,0.763117048999194,0.18080361203149392,0.035072292308215194,0.007464822992414744,0.00020623751914740742,0.00010357667247653419,8.20847128703339e-06,2.0196912901101984e-06,4.265981151227107e-07
P11,13,A,gamma,1799551287-γ-8,P11-T13-Aγ,14,59,B3,6,6,R2,R,False,59,True,L2,False,0.006118103548384345,False,0.3136098384857178,valid,False,0.021788718936227587,0.9502845172822958,0.011489026424676117,0.0017531117571849637,0.00039541860163351154,0.007481339655331707,0.006118103548384345,0.0005280271140993409,0.00012965638406189234,3.208029610487761e-05
P11,13,A,gamma,1799551287-γ-8,P11-T13-Aγ,15,59,B3,6,6,L3,L,False,59,True,L2,False,0.007902973034430745,False,0.30569005012512207,valid,False,0.018306185755346836,0.9602935530529828,0.007902973034430745,0.0013063526562365807,0.00029725907546161495,0.006106084655632351,0.005140235199461499,0.0005001931386476778,0.00011800146833671028,2.9161963463341637e-05
P11,13,A,gamma,1799551287-γ-8,P11-T13-Aγ,16,53,F3,3,3,L5,L,False,53,True,L3,False,0.03350196192483418,False,0.42566418647766113,valid,False,0.0028314056851494094,0.28356175557996527,0.5076736009810778,0.1724036833812282,0.03350196192483418,1.8151731295921645e-05,8.673811931499837e-06,5.585528716632506e-07,1.61084200506543e-07,4.726744546935967e-08
P11,13,A,gamma,1799551287-γ-8,P11-T13-Aγ,17,57,A3,5,5,R5,R,False,57,True,L2,False,3.5070406394764804e-06,False,0.28153514862060547,valid,False,0.025616193365976946,0.9375074503626131,0.027749690996423892,0.006069187280168754,0.0014351217620303053,0.0009181078696224829,0.0006418724194461817,4.6107700903437365e-05,1.276120217526432e-05,3.5070406394764804e-06
P11,13,A,gamma,1799551287-γ-8,P11-T13-Aγ,18,55,G3,4,4,L2,L,False,55,True,L2,True,0.7939085291281077,False,0.43128204345703125,valid,False,0.01185582536173406,0.7939085291281077,0.15400241005537013,0.032329520110985055,0.007652927755146533,0.0001535507134150514,8.829822729036836e-05,6.717550176392408e-06,1.7189728502317636e-06,5.021249242895406e-07
P11,13,A,gamma,1799551287-γ-8,P11-T13-Aγ,19,60,C4,7,7,L1,L,False,60,True,R2,False,0.020859380252031687,False,0.422849178314209,valid,False,0.020859380252031687,0.035735684913113415,0.0012922046129002077,0.0002506619054588678,9.136590446305837e-05,0.03516961271930074,0.869049273720789,0.032994793026437964,0.004119905817714232,0.0004371171277909103
P11,13,A,gamma,1799551287-γ-8,P11-T13-Aγ,20,55,G3,4,4,L3,L,False,55,True,L2,False,0.1912310890147455,False,0.373737096786499,valid,False,0.01402890479537741,0.7450732881142558,0.1912310890147455,0.038608891004403116,0.010618554976110823,0.0002891351314603713,0.00014025156270860474,7.7001350358642e-06,1.8243757355969855e-06,3.608901668091784e-07
P11,13,A,gamma,1799551287-γ-8,P11-T13-Aγ,21,50,D3,1,1,L5,L,False,50,True,L3,False,0.05653722650358022,False,0.5288100242614746,valid,False,0.00043713628266415876,0.028507469479070457,0.5987830211546705,0.3157337507004663,0.05653722650358022,9.922974725197228e-07,3.7276388560760937e-07,2.3817243980490766e-08,5.642966234282926e-09,1.3579799762727883e-09
P11,13,A,gamma,1799551287-γ-8,P11-T13-Aγ,22,67,G4,11,11,R3,R,False,67,True,R4,True,0.4513732502524617,False,0.46170997619628906,valid,False,5.4001056244319515e-06,7.710900484268314e-07,2.901477436366277e-08,8.06718953733133e-09,4.37468744691269e-09,0.0019082389669691762,0.0251556220894535,0.4513732502524617,0.4513732502524617,0.07018342578632966
P11,13,A,gamma,1799551287-γ-8,P11-T13-Aγ,23,52,E3,2,2,L1,L,False,52,True,L3,False,0.0011656697199766916,False,0.6359701156616211,valid,False,0.0011656697199766916,0.1322982757638756,0.5525061193501747,0.2648261191954321,0.049198831628325904,3.1738384371342323e-06,1.677953620900866e-06,9.654170267259637e-08,2.774676683712304e-08,8.261687471364057e-09
P11,13,A,gamma,1799551287-γ-8,P11-T13-Aγ,24,50,D3,1,1,L2,L,False,50,True,L4,False,0.018958871882100083,False,0.46396899223327637,valid,False,0.0002987797824559219,0.018958871882100083,0.42649426941837865,0.48087094598586794,0.0733761485033964,6.368806487321237e-07,3.230539075277655e-07,1.7656597128108672e-08,5.295194144856761e-09,1.5414533668512766e-09
P11,13,A,gamma,1799551287-γ-8,P11-T13-Aγ,25,52,E3,2,2,L4,L,False,52,True,L3,False,0.2276247622358983,False,0.424468994140625,valid,False,0.0018218985675242832,0.09796294376352867,0.6192432535498148,0.2276247622358983,0.053341962291509636,3.1333130114262177e-06,1.8881099560110132e-06,1.1721486829996751e-07,3.123925760377812e-08,9.714631097144683e-09
P11,13,A,gamma,1799551287-γ-8,P11-T13-Aγ,26,65,F4,10,10,R5,R,False,65,True,R3,False,0.014841423714863477,False,0.438399076461792,valid,False,4.09565735393294e-05,4.781373959942199e-06,2.3830807162617947e-07,6.09713492638483e-08,3.275664586610786e-08,0.009568065783510368,0.17563220886776618,0.6638483250588869,0.13606390659140713,0.014841423714863477
P11,13,A,gamma,1799551287-γ-8,P11-T13-Aγ,27,57,A3,5,5,R4,R,False,57,True,L2,False,1.4111884892265632e-05,False,0.358551025390625,valid,False,0.02960560480392533,0.9609897038232743,0.005977268523038366,0.0014694350538545175,0.0005575645836915418,0.0006207647150454841,0.0007075748755776418,5.546315763198796e-05,1.4111884892265632e-05,2.508579068712859e-06
P11,13,A,gamma,1799551287-γ-8,P11-T13-Aγ,28,62,D4,8,8,R2,R,False,62,True,R2,True,0.8959278974555408,False,0.35449814796447754,valid,False,0.004404160440781732,0.001556671127891948,3.6245126390934187e-05,8.93735205217163e-06,3.818817990921049e-06,0.04481530223708728,0.8959278974555408,0.043058069101812944,0.008937814996869905,0.0012510833435813835
P11,13,A,gamma,1799551287-γ-8,P11-T13-Aγ,29,53,F3,3,3,L3,L,False,53,True,L2,False,0.2604763083156565,False,0.36118602752685547,valid,False,0.009047712018313885,0.653610697262561,0.2604763083156565,0.05745277814161174,0.019367782256150032,2.452017190583274e-05,1.9040260673186833e-05,8.783300797727291e-07,2.3252267869393428e-07,5.07203691609432e-08
P11,14,B,beta,1799551287-β-1,P11-T14-Bβ,0,64,E4,9,9,R2,R,False,64,True,R2,True,0.8165163416657192,False,0.5119130611419678,valid,False,0.00014489141489579265,8.179851551368005e-05,1.5375913175846444e-05,2.865670073819254e-06,8.435236418598844e-07,0.05378781349237417,0.8165163416657192,0.09800778619635328,0.02724982029742789,0.004192463310824693
P11,14,B,beta,1799551287-β-1,P11-T14-Bβ,1,60,C4,7,7,L3,L,False,60,True,L3,True,0.6590136196497866,False,0.6280019283294678,valid,False,0.00398265466022432,0.157897896114221,0.6590136196497866,0.1110996356109959,0.007521373511759916,0.022411297284017754,0.03313153370192393,0.003826492537334307,0.0009821105476392063,0.00013338638209718222
P11,14,B,beta,1799551287-β-1,P11-T14-Bβ,2,57,A3,5,5,L5,L,False,57,True,L5,True,0.6639525359003253,False,0.7788028717041016,valid,False,0.0018068846854741335,0.010464932919449632,0.057870668359414054,0.2645977279326291,0.6639525359003253,0.0007682173629765764,0.00046875103629164005,5.277121881153606e-05,1.5271157885466877e-05,2.23942674261621e-06
P11,14,B,beta,1799551287-β-1,P11-T14-Bβ,3,60,C4,7,7,L4,L,False,60,True,L4,True,0.5155160367486613,False,0.8043210506439209,valid,False,0.003080735638352725,0.058260958447071846,0.3062065242859224,0.5155160367486613,0.07555172808782307,0.010906822727129105,0.026998675395858058,0.0026252297396691304,0.0007299117898870471,0.00012337713962524914
P11,14,B,beta,1799551287-β-1,P11-T14-Bβ,4,64,E4,9,9,R2,R,False,64,True,R2,True,0.6260578437750843,False,0.5421650409698486,valid,False,0.0016346091139427055,0.009721674573156307,0.003159569631651311,0.0006663304418291565,9.498529597030743e-05,0.032441639551916424,0.6260578437750843,0.2596780953221221,0.05911252134303925,0.007432730951288192
P11,14,B,beta,1799551287-β-1,P11-T14-Bβ,5,69,A4,12,12,R3,R,False,69,True,R3,True,0.48293274925419355,False,0.7108259201049805,valid,False,4.840132054912088e-06,4.427519902383268e-06,8.586728214980359e-07,1.4773024864318418e-07,4.01098335691597e-08,0.005082718352281414,0.18353520072542237,0.48293274925419355,0.29637192940639745,0.03206708809684413
P11,14,B,beta,1799551287-β-1,P11-T14-Bβ,6,64,E4,9,9,R1,R,False,64,True,R1,True,0.7720379129448101,False,0.5948998928070068,valid,False,0.0013454267498961797,0.002130869146530789,0.00032924064851413216,6.647254051730553e-05,1.8547283929831293e-05,0.7720379129448101,0.2062385810035967,0.014140367621909134,0.00309266648478575,0.0005999155755103635
P11,14,B,beta,1799551287-β-1,P11-T14-Bβ,7,59,B3,6,6,L2,L,False,59,True,L2,True,0.8334099212564139,False,0.4896848201751709,valid,False,0.0218789639172403,0.8334099212564139,0.11278976774543988,0.023701198665673467,0.004567483868547091,0.0026572561758243553,0.0008918347900298636,8.090542682380214e-05,1.9168741442583863e-05,3.4994125648144435e-06
P11,14,B,beta,1799551287-β-1,P11-T14-Bβ,8,60,C4,7,7,L1,L,False,60,True,L1,True,0.709045988803034,False,0.6924688816070557,valid,False,0.709045988803034,0.24078884527400196,0.025634020339077575,0.005175419448663938,0.0016205025116565767,0.012204475325487803,0.0049724883494598505,0.0004334063184237024,0.00010268598762279783,2.216764257177452e-05
P11,14,B,beta,1799551287-β-1,P11-T14-Bβ,9,57,A3,5,5,L3,L,False,57,True,L3,True,0.5566986049348278,False,0.5972929000854492,valid,False,0.017146907028286584,0.3309687596600966,0.5566986049348278,0.0844717238092124,0.010306392879063604,0.00028560731070408443,0.00011102764986921089,8.582963655168907e-06,1.953806005944929e-06,4.3995827866004484e-07
P11,14,B,beta,1799551287-β-1,P11-T14-Bβ,10,62,D4,8,8,R2,R,False,62,True,R2,True,0.73280057574348,False,0.7964930534362793,valid,False,0.004879520215036792,0.008575459437621006,0.0025312134307955533,0.0004019601981742594,9.598914341359814e-05,0.031459430800788314,0.73280057574348,0.18285597199312253,0.03407959454290924,0.002320284494658846
P11,14,B,beta,1799551287-β-1,P11-T14-Bβ,11,59,B3,6,6,L5,L,False,59,True,L5,True,0.39329385757884305,True,0.8123047351837158,valid,False,0.005499628637138297,0.024916967111672673,0.1538788447954138,0.41651243077072103,0.39329385757884305,0.0022775101237522315,0.0029629280697625777,0.0005230471358602803,0.00011906524092300821,1.5720535913228774e-05
P11,14,B,beta,1799551287-β-1,P11-T14-Bβ,12,60,C4,7,7,R3,R,False,60,True,R3,True,0.6907542368187181,False,0.8041651248931885,valid,False,0.009514650612392862,0.00782860315420349,0.00101794317611986,0.00020551918277502,5.9453851076671114e-05,0.009952105107984659,0.17033789762929732,0.6907542368187181,0.10540226204818381,0.0049273284192482515
P11,14,B,beta,1799551287-β-1,P11-T14-Bβ,13,65,F4,10,10,R4,R,False,65,True,R3,True,0.43507567283779314,False,0.7116200923919678,valid,False,3.5007602332108736e-05,1.7518811658349964e-05,1.8650264876497547e-06,3.617779169479334e-07,8.921333594047902e-08,0.003723684333729599,0.045197984194914956,0.4528314478785777,0.43507567283779314,0.06311636832325365
P11,14,B,beta,1799551287-β-1,P11-T14-Bβ,14,60,C4,7,7,R5,R,False,60,True,R5,True,0.5318096713679429,False,0.8210721015930176,valid,False,0.0005329039838653497,0.00018568300465340303,3.601879709536701e-05,7.568848510997937e-06,2.675244943248965e-06,0.007949501905645773,0.016472346655763827,0.07197261250255046,0.37103101768902874,0.5318096713679429
P11,14,B,beta,1799551287-β-1,P11-T14-Bβ,15,64,E4,9,9,R4,R,False,64,True,R3,True,0.4197616195273524,False,0.6969609260559082,valid,False,9.859504162695128e-05,9.824282858414185e-05,1.623943034070257e-05,2.9079322353866353e-06,5.871013928889766e-07,0.0035837393925830952,0.04902927391303157,0.47327990443094964,0.4197616195273524,0.0541288904019033
P11,14,B,beta,1799551287-β-1,P11-T14-Bβ,16,60,C4,7,7,L1,L,False,60,True,L1,True,0.7543142770905009,False,0.7118620872497559,valid,False,0.7543142770905009,0.16497749889745922,0.017563257788853346,0.0025748958695359994,0.0004798935810928778,0.01418284048747057,0.03483716228289872,0.008897844837130393,0.0019460644341368109,0.0002262647309212204
P11,14,B,beta,1799551287-β-1,P11-T14-Bβ,17,60,C4,7,7,R5,R,False,60,True,R5,True,0.35353475003731233,True,0.7410099506378174,valid,False,0.0005816903214581594,0.00018373746878524018,3.86098698229035e-05,8.113326354157918e-06,3.1065349426014562e-06,0.007949164126832447,0.021515897835971548,0.11058148385957335,0.5056034466189474,0.35353475003731233
P11,14,B,beta,1799551287-β-1,P11-T14-Bβ,18,67,G4,11,11,R4,R,False,67,True,R4,True,0.43979811381434875,False,0.6385879516601562,valid,False,4.255436519533011e-06,4.36697726482476e-06,1.1665737903169652e-06,1.7800761803767444e-07,2.7162201261899715e-08,0.0020894968607347384,0.0342870331343614,0.42255338311193774,0.43979811381434875,0.1012619789212233
P11,14,B,beta,1799551287-β-1,P11-T14-Bβ,19,62,D4,8,8,R5,R,False,62,True,R5,True,0.4550926559893425,False,0.6168508529663086,valid,False,0.0003296217621086878,0.0003019700348144936,0.00010259063242525838,1.765019138512418e-05,5.095152239209756e-06,0.007895760346205032,0.016221316332843027,0.08169488131403185,0.4383384582446047,0.4550926559893425
P11,14,B,beta,1799551287-β-1,P11-T14-Bβ,20,60,C4,7,7,R1,R,False,60,True,R1,True,0.7441769156818036,False,0.6170051097869873,valid,False,0.022359598209498472,0.06700896867825795,0.018034359446138414,0.0026439626523651386,0.00037208429305034436,0.7441769156818036,0.12803181611873365,0.013630075656959898,0.0032293432760712557,0.000512875987121328
P11,14,B,beta,1799551287-β-1,P11-T14-Bβ,21,57,A3,5,5,L3,L,False,57,True,L3,True,0.6610870527044073,False,0.6527891159057617,valid,False,0.015392579300375275,0.2336643139607036,0.6610870527044073,0.07623994436983178,0.01011787998942378,0.002544017912041202,0.0008301785587323728,9.574044276901518e-05,2.4572816426972903e-05,3.719945288847473e-06
P11,14,B,beta,1799551287-β-1,P11-T14-Bβ,22,60,C4,7,7,L2,L,False,60,True,L2,True,0.7173126344764744,False,0.6139240264892578,valid,False,0.014807583382910414,0.7173126344764744,0.06050496164973233,0.00852263335586968,0.0009581062994135741,0.04521799280722503,0.12971237805165356,0.018223744240869137,0.004317710877785349,0.0004222548580663941
P11,14,B,beta,1799551287-β-1,P11-T14-Bβ,23,64,E4,9,9,R1,R,False,64,True,R1,True,0.5734382470783698,False,0.5609569549560547,valid,False,0.0015583224892839098,0.002037350630963699,0.00027572542469376377,5.566800316826845e-05,8.422339155893394e-06,0.5734382470783698,0.3843871521801691,0.030927639103989088,0.005999344741349247,0.00131212800885734
P11,14,B,beta,1799551287-β-1,P11-T14-Bβ,24,60,C4,7,7,R3,R,False,60,True,R3,True,0.648582301695171,False,0.5883090496063232,valid,False,0.021609699103891024,0.01891574679770923,0.00236314826133247,0.0005598954209910548,0.00010077415098888789,0.009583038751004485,0.16402104439557602,0.648582301695171,0.1277677628209216,0.006496588602414153
P11,14,B,beta,1799551287-β-1,P11-T14-Bβ,25,57,A3,5,5,L1,L,False,57,True,L1,True,0.47825899966101854,False,0.6524417400360107,valid,False,0.47825899966101854,0.44222385325286856,0.06483309570698083,0.009892888930474377,0.0011874595690078028,0.0007958854035498122,0.0017217312209327085,0.0008457191679855957,0.00021444722921700338,2.5919857964597337e-05
P11,14,B,beta,1799551287-β-1,P11-T14-Bβ,26,60,C4,7,7,L3,L,False,60,True,L3,True,0.6945654109997285,False,0.8996758460998535,valid,False,0.00415073879821359,0.12437315262028446,0.6945654109997285,0.11929327824829686,0.00815149591170829,0.007992005605499213,0.030639769997385057,0.008835911577632282,0.0016895997593479855,0.0003086364819037561
P11,14,B,beta,1799551287-β-1,P11-T14-Bβ,27,64,E4,9,9,R5,R,False,64,True,R5,True,0.3304732513828443,True,0.8199779987335205,valid,False,0.00030227759607417406,0.00016717289514850197,4.875710688489006e-05,8.730747313186203e-06,2.122550593259489e-06,0.0036659799861624366,0.013678128842240981,0.12890757698344496,0.5227460019092933,0.3304732513828443
P11,14,B,beta,1799551287-β-1,P11-T14-Bβ,28,59,B3,6,6,L3,L,False,59,True,L3,True,0.5850043427752102,False,0.5731790065765381,valid,False,0.009890940832155292,0.2847521835922141,0.5850043427752102,0.0751470807830654,0.007763074331951634,0.005604452101885641,0.0229110487129002,0.007182297161022412,0.0015708537647387477,0.0001737259448566867
P11,14,B,beta,1799551287-β-1,P11-T14-Bβ,29,60,C4,7,7,L4,L,False,60,True,L4,True,0.5152464782059423,False,0.8741371631622314,valid,False,0.001383539934453429,0.034130526424254584,0.3738206847769718,0.5152464782059423,0.05410225935513679,0.007245702599960499,0.011684964673343037,0.001830602933834716,0.00043372065015037545,0.0001215204459525113
P11,15,B,alpha,1799551287-α-4,P11-T15-Bα,0,60,C4,7,7,R1,R,False,60,True,R1,True,0.7262558279299495,False,0.628242015838623,valid,False,0.016949617943188368,0.017600060381800176,0.0023819091567524133,0.0003782886814959242,6.482804998419343e-05,0.7262558279299495,0.21874405174000502,0.013844697852777662,0.0032801932318897936,0.0005005250321570784
P11,15,B,alpha,1799551287-α-4,P11-T15-Bα,1,62,D4,8,8,R2,R,False,62,True,R2,True,0.6854837235893038,False,0.47177720069885254,valid,False,0.0018706754418891486,0.0015070057796935032,0.00022093753927374438,3.652072960836304e-05,6.268042915821436e-06,0.04334043222745808,0.6854837235893038,0.22365948855015438,0.04004984305853088,0.003825105041172321
P11,15,B,alpha,1799551287-α-4,P11-T15-Bα,2,59,B3,6,6,L2,L,False,59,True,L2,True,0.7740748073717226,False,0.5709760189056396,valid,False,0.019524469386920314,0.7740748073717226,0.16266103883658256,0.020321278098296116,0.0025119240330104195,0.009058899608518398,0.009364873342761593,0.0019970448627829405,0.0004367774502674835,4.8887009137466975e-05
P11,15,B,alpha,1799551287-α-4,P11-T15-Bα,3,57,A3,5,5,L4,L,False,57,True,L3,True,0.42591779807133473,False,0.6871449947357178,valid,False,0.0026326966944607883,0.04236047279970146,0.4517133521194476,0.42591779807133473,0.07437513209266644,0.001465881686528802,0.0012203518216544638,0.0002501352181786773,5.694020284957478e-05,7.239293177418857e-06
P11,15,B,alpha,1799551287-α-4,P11-T15-Bα,4,55,G3,4,4,L5,L,False,55,True,L4,True,0.4035349879056428,False,0.602370023727417,valid,False,0.0012858035433288785,0.009280901290554311,0.11179495440694798,0.4735526951328205,0.4035349879056428,0.0002841628366987621,0.00020775009570850743,4.784748105456364e-05,9.660239819731628e-06,1.2370674239216056e-06
P11,15,B,alpha,1799551287-α-4,P11-T15-Bα,5,57,A3,5,5,L4,L,False,57,True,L4,True,0.4634006136423397,False,0.558905839920044,valid,False,0.003150692142876699,0.04221234461692754,0.4277726813788416,0.4634006136423397,0.060914085599874476,0.0011473475480188497,0.0010924374638489112,0.0002512245636883514,5.279134280259644e-05,5.781700781245055e-06
P11,15,B,alpha,1799551287-α-4,P11-T15-Bα,6,59,B3,6,6,L5,L,False,59,True,L5,True,0.30740336824078174,True,0.6315782070159912,valid,False,0.0014396739916890495,0.01512870605395133,0.14232988039411423,0.5218721511445114,0.30740336824078174,0.0033480167076139276,0.006761996960213772,0.001401331192600513,0.00028292388834334146,3.195142618059873e-05
P11,15,B,alpha,1799551287-α-4,P11-T15-Bα,7,62,D4,8,8,R2,R,False,62,True,R2,True,0.7616720435990515,False,0.5313730239868164,valid,False,0.008304840759218115,0.01178437618873391,0.0014269168590810705,0.00023586777039073928,4.012257286443778e-05,0.044501196393816896,0.7616720435990515,0.14195584720361804,0.027536601243997223,0.0025421874092282294
P11,15,B,alpha,1799551287-α-4,P11-T15-Bα,8,64,E4,9,9,R3,R,False,64,True,R3,True,0.6134788811553442,False,0.4299938678741455,valid,False,0.0005340165458901273,0.0002141980638511548,1.7234291983975146e-05,3.621546407439375e-06,5.309439170087692e-07,0.010609581601134357,0.22568626796990973,0.6134788811553442,0.13965091437849034,0.009804753503071709
P11,15,B,alpha,1799551287-α-4,P11-T15-Bα,9,65,F4,10,10,R2,R,False,65,True,R2,True,0.6541465966741806,False,0.7310390472412109,valid,False,0.000157834414838462,4.799451623401116e-05,5.109424416678598e-06,1.0315749986842825e-06,1.4530602537629698e-07,0.028776402181752866,0.6541465966741806,0.24064708442869845,0.06690886571648721,0.00930893576236765
P11,15,B,alpha,1799551287-α-4,P11-T15-Bα,10,64,E4,9,9,R3,R,False,64,True,R3,True,0.5901153609656927,False,0.6324689388275146,valid,False,0.0007691478332396113,0.0002417909050209274,2.193477602749328e-05,5.19695732138831e-06,7.930042672846549e-07,0.007763659390369128,0.13816590403513584,0.5901153609656927,0.24582305545883476,0.017093156674090944
P11,15,B,alpha,1799551287-α-4,P11-T15-Bα,11,59,B3,6,6,L5,L,False,59,True,L5,True,0.31655210867457195,True,1.001729965209961,valid,False,0.0028856879237520966,0.019465107902474882,0.15657858717789044,0.49947524556601164,0.31655210867457195,0.0008261818431106833,0.0028355972748930437,0.0011214697497862241,0.00023813466782383243,2.1879219685270255e-05
P11,15,B,alpha,1799551287-α-4,P11-T15-Bα,12,57,A3,5,5,L4,L,False,57,True,L3,True,0.44568903744724675,False,0.5556230545043945,valid,False,0.0030495838817785432,0.04308299556256005,0.44568903744724675,0.44568903744724675,0.06176657688529022,0.00017685673361963924,0.0003926165447861409,0.00012122234988947575,2.8884676501031805e-05,3.188471081361185e-06
P11,15,B,alpha,1799551287-α-4,P11-T15-Bα,13,59,B3,6,6,L5,L,False,59,True,L5,True,0.35345907012501515,True,0.6356501579284668,valid,False,0.002179126511764614,0.017734562138291218,0.12267969501527991,0.4986281884357343,0.35345907012501515,0.0009347255517141219,0.0029150199153069804,0.0011818657966951463,0.0002579708328753903,2.9775677323005112e-05
P11,15,B,alpha,1799551287-α-4,P11-T15-Bα,14,64,E4,9,9,R3,R,False,64,True,R3,True,0.6359987478132707,False,0.5460958480834961,valid,False,0.00201261826384601,0.006496663260952466,0.0013982152396176681,0.00027122585131280486,3.914298891560613e-05,0.010329612600594451,0.1768313749336136,0.6359987478132707,0.15653707942667455,0.010085319621202253
P11,15,B,alpha,1799551287-α-4,P11-T15-Bα,15,62,D4,8,8,R5,R,False,62,True,R5,True,0.3482082355482491,True,0.6793241500854492,valid,False,0.0032441322902613994,0.00194601344278014,0.00025303761931678905,5.760089873541704e-05,1.0251996605512116e-05,0.011150261239211952,0.03439744458604837,0.15228943558077443,0.44844358679801694,0.3482082355482491
P11,15,B,alpha,1799551287-α-4,P11-T15-Bα,16,64,E4,9,9,R3,R,False,64,True,R3,True,0.5265335192018064,False,0.725182056427002,valid,False,0.0005628525662275599,0.0002971004427571961,3.4263144521435604e-05,6.646366223287027e-06,1.0969584560939011e-06,0.014332636306454746,0.30076071858828585,0.5265335192018064,0.1463959582769903,0.011075208148277163
P11,15,B,alpha,1799551287-α-4,P11-T15-Bα,17,59,B3,6,6,L5,L,False,59,True,L5,True,0.37422327304939745,True,0.9495968818664551,valid,False,0.0054304039033529665,0.022261001176673588,0.15014467419180508,0.4434381058168897,0.37422327304939745,0.001214156723228914,0.002574300255956776,0.0005795856852578778,0.00012179185882429346,1.2707338613537907e-05
P11,15,B,alpha,1799551287-α-4,P11-T15-Bα,18,62,D4,8,8,R4,R,False,62,True,R4,True,0.5391286553133261,False,0.6446571350097656,valid,False,0.004190295981363849,0.010275415936796237,0.002159667414408863,0.0003429928200034038,4.610025230137147e-05,0.007428523246605279,0.05211235759867331,0.32567352244746006,0.5391286553133261,0.05864246898906165
P11,15,B,alpha,1799551287-α-4,P11-T15-Bα,19,64,E4,9,9,R5,R,False,64,True,R5,True,0.3570388909284973,True,0.5732600688934326,valid,False,0.000860174534588048,0.0008404421734500981,0.00013892415688583515,2.5891847486735835e-05,4.098253632758595e-06,0.00760713424136759,0.025921768838623394,0.1406357017394363,0.46692697328603205,0.3570388909284973
P11,15,B,alpha,1799551287-α-4,P11-T15-Bα,20,59,B3,6,6,L5,L,False,59,True,L5,True,0.524353408845692,False,0.632178783416748,valid,False,0.0018185756829826709,0.015660391786968257,0.08408406670022846,0.3645433964078337,0.524353408845692,0.0034746726588828483,0.0047360271239390486,0.00106413887215755,0.00023273982070877948,3.2582100606789644e-05
P11,15,B,alpha,1799551287-α-4,P11-T15-Bα,21,64,E4,9,9,R5,R,False,64,True,R4,True,0.4187632967467319,False,0.6516783237457275,valid,False,0.0006566805607072045,0.0005258737237721449,9.047387319449918e-05,1.978771152624429e-05,3.5314389862305856e-06,0.00753639828322154,0.02236415432418624,0.13127650659094214,0.4187632967467319,0.4187632967467319
P11,15,B,alpha,1799551287-α-4,P11-T15-Bα,22,65,F4,10,10,R3,R,False,65,True,R3,True,0.6167703535397006,False,0.6331689357757568,valid,False,0.00017894790620563014,0.00012300832489158474,2.292555059599218e-05,3.7895680253852353e-06,6.779524230551343e-07,0.013212973506954181,0.20811410872585084,0.6167703535397006,0.14684383027588876,0.014729384649464033
P11,15,B,alpha,1799551287-α-4,P11-T15-Bα,23,57,A3,5,5,L4,L,False,57,True,L3,True,0.43142677439731525,False,0.6894900798797607,valid,False,0.004647612371572106,0.056433927633718045,0.4490336350677945,0.43142677439731525,0.05820002667968381,0.00013131031614608255,0.00010520188034081027,1.6690723315361787e-05,4.069015201991489e-06,7.519149121323837e-07
P11,15,B,alpha,1799551287-α-4,P11-T15-Bα,24,59,B3,6,6,L3,L,False,59,True,L3,True,0.6780925564928806,False,0.647719144821167,valid,False,0.005808275974268902,0.17843390475468446,0.6780925564928806,0.12631864834143475,0.009400655125353109,0.0008976879031535627,0.0008555216195819686,0.00015248085872414851,3.430825599321586e-05,5.9606739252855515e-06
P11,15,B,alpha,1799551287-α-4,P11-T15-Bα,25,57,A3,5,5,L2,L,False,57,True,L2,True,0.7247382272693892,False,0.8191092014312744,valid,False,0.026745052138826136,0.7247382272693892,0.2097278051088861,0.033308430190447186,0.005139021742925062,0.0001697986778248059,0.00014254416441505311,2.295568923652541e-05,5.157100347102702e-06,1.0079177027940504e-06
P11,15,B,alpha,1799551287-α-4,P11-T15-Bα,26,59,B3,6,6,L3,L,False,59,True,L3,True,0.6822951737250655,False,0.560394287109375,valid,False,0.007127240704144477,0.16165466627030867,0.6822951737250655,0.13673387790952746,0.010020037944497661,0.0009912987668830994,0.000981816990351224,0.00015342589001569786,3.578350738012549e-05,6.678291826218181e-06
P11,15,B,alpha,1799551287-α-4,P11-T15-Bα,27,57,A3,5,8,L4,L,False,62,False,R2,False,0.002169417641321455,False,0.5144951343536377,valid,False,0.015706705847333285,0.051349355097868185,0.012620712651083658,0.002169417641321455,0.00037856114229981074,0.058498212815093216,0.7546538742753661,0.086098601569821,0.01670141037370053,0.001823148586112736
P11,15,B,alpha,1799551287-α-4,P11-T15-Bα,28,55,G3,4,4,L5,L,False,55,True,L5,True,0.5168918110044426,False,0.9509351253509521,valid,False,0.0013765617436056804,0.009533417871865879,0.09658541437741061,0.37534049083215226,0.5168918110044426,0.00011361610353127026,0.0001390559338588995,1.5113507321041655e-05,4.037351341969552e-06,4.81274469655563e-07
P11,15,B,alpha,1799551287-α-4,P11-T15-Bα,29,53,F3,3,3,L4,L,False,53,True,L4,True,0.47343624323887257,False,0.8801290988922119,valid,False,0.0015826014238514534,0.03718868971030736,0.3876168119613727,0.47343624323887257,0.10015292085341392,8.931080476625404e-06,1.2011941049594919e-05,1.4159101396681037e-06,3.3546841588685397e-07,3.8412100125085e-08
P11,16,C,alpha,1799551287-α-2,P11-T16-Cα,0,57,A3,5,5,L5,L,False,57,True,L5,True,0.5486755117622338,False,0.7264158725738525,valid,False,0.003935262020293251,0.012602746428102593,0.09644781728331464,0.3367177320033524,0.5486755117622338,0.0011361768976389185,0.0004263508046538305,4.724101572596689e-05,9.163814228387742e-06,1.9979704562969263e-06
P11,16,C,alpha,1799551287-α-2,P11-T16-Cα,1,59,B3,6,6,L4,L,False,59,True,L4,True,0.5296928628081857,False,0.560230016708374,valid,False,0.002288229866816818,0.02938157593604584,0.3649531604450977,0.5296928628081857,0.06615329992239326,0.003418527747566984,0.003480994649605365,0.0005232464691676267,9.369572964213678e-05,1.4406425478636599e-05
P11,16,C,alpha,1799551287-α-2,P11-T16-Cα,2,60,C4,7,7,L2,L,False,60,True,L2,True,0.6554438442886451,False,0.4189891815185547,valid,False,0.014662784705109412,0.6554438442886451,0.22258579683194207,0.024799579894832103,0.004426382200441615,0.02636407705194334,0.04489600949771585,0.005614275952171074,0.0010463549317885667,0.0001608946454108862
P11,16,C,alpha,1799551287-α-2,P11-T16-Cα,3,59,B3,6,6,L4,L,False,59,True,L4,True,0.43807591965760545,False,0.437924861907959,valid,False,0.002579569947157922,0.045163558546639615,0.42487682589662623,0.43807591965760545,0.082085040747585,0.003081114986396163,0.0035287461483455716,0.0005078303864521801,8.736960968237247e-05,1.4024073509557956e-05
P11,16,C,alpha,1799551287-α-2,P11-T16-Cα,4,57,A3,5,5,L2,L,False,57,True,L2,True,0.7848069583126404,False,0.40929412841796875,valid,False,0.02994093990333827,0.7848069583126404,0.14940731514512165,0.028805738656419947,0.00547129369952953,0.0007572123819806542,0.0006787569105855637,0.00010920130934147424,1.9554257810669178e-05,3.029423231920342e-06
P11,16,C,alpha,1799551287-α-2,P11-T16-Cα,5,59,B3,6,6,L1,L,False,59,True,L1,True,0.6431722162506396,False,0.44270801544189453,valid,False,0.6431722162506396,0.3130655272307736,0.02621711707202643,0.005733995145270027,0.0016916581380636276,0.004259506901215057,0.004961043455760724,0.0007455839969226141,0.00013350885427338704,1.9842955054957967e-05
P11,16,C,alpha,1799551287-α-2,P11-T16-Cα,6,64,E4,9,9,R2,R,False,64,True,R2,True,0.7814711635838094,False,0.31153321266174316,valid,False,0.0018067213161842657,0.003948613244049432,0.0011172634576970064,0.00022284910151546377,4.385157411982774e-05,0.04565797316443743,0.7814711635838094,0.13444809992041734,0.02714460322492977,0.004138861412839998
P11,16,C,alpha,1799551287-α-2,P11-T16-Cα,7,65,F4,10,10,R3,R,False,65,True,R3,True,0.5632394229851364,False,0.28769898414611816,valid,False,0.00025748113174224303,0.0002850690968095542,5.6416887249094246e-05,1.2239668145115307e-05,3.1119928826178536e-06,0.013779462118731694,0.3091123492411281,0.5632394229851364,0.10492320247853812,0.008331244399637042
P11,16,C,alpha,1799551287-α-2,P11-T16-Cα,8,67,G4,11,11,R2,R,False,67,True,R2,True,0.6198932456266728,False,0.5474948883056641,valid,False,8.269632297994831e-05,7.639124284066443e-05,1.606511905018602e-05,3.3607385276361547e-06,9.359855648121132e-07,0.031965814010426585,0.6198932456266728,0.2571211253527771,0.07296128703809907,0.017879078563061302
P11,16,C,alpha,1799551287-α-2,P11-T16-Cα,9,69,A4,12,12,R1,R,False,69,True,R1,True,0.1684093082831386,True,0.43735718727111816,valid,False,1.4379048592230514e-05,1.185193693781858e-05,2.0821964859086567e-06,4.54184702783905e-07,1.3200437027421131e-07,0.1684093082831386,0.754255040067135,0.05602122071198188,0.014965245711390832,0.006320285855264749
P11,16,C,alpha,1799551287-α-2,P11-T16-Cα,10,67,G4,11,11,R3,R,False,67,True,R3,True,0.6413505796279761,False,0.36359500885009766,valid,False,9.272589079926957e-05,8.908718549028475e-05,1.583376518845255e-05,3.600678768814986e-06,1.002553755421071e-06,0.020271950836234565,0.24332291222351715,0.6413505796279761,0.08725706642533798,0.0075952408129319835
P11,16,C,alpha,1799551287-α-2,P11-T16-Cα,11,65,F4,10,10,R4,R,False,65,True,R4,True,0.4723169302559651,False,0.35709500312805176,valid,False,0.0005464354753906,0.0006700425630682155,0.00011973945402503938,2.7185916920281226e-05,7.4118303559383025e-06,0.006920950556421494,0.049757193900329705,0.4024819385412079,0.4723169302559651,0.06715217150631585
P11,16,C,alpha,1799551287-α-2,P11-T16-Cα,12,60,C4,7,7,L1,L,False,60,True,L1,True,0.49392956701400953,False,0.5562732219696045,valid,False,0.49392956701400953,0.42089901271775826,0.044808279388636664,0.009800103336170755,0.0021215523666598137,0.0017842148211261405,0.011317905818341417,0.011554216555484092,0.003357656055197347,0.0004274919266159132
P11,16,C,alpha,1799551287-α-2,P11-T16-Cα,13,64,E4,9,9,R5,R,False,64,True,R5,True,0.3614539161672205,True,0.4601578712463379,valid,False,0.0015971574632060125,0.001369170745686659,0.0003037659033139191,6.080312337766716e-05,1.5167341307778984e-05,0.0032375215381245334,0.011158600366580899,0.10680917741582578,0.5139947199353563,0.3614539161672205
P11,16,C,alpha,1799551287-α-2,P11-T16-Cα,14,62,D4,8,8,R4,R,False,62,True,R4,True,0.4827330343870028,False,0.5936501026153564,valid,False,0.006681223824768528,0.020415760851727402,0.005793045988252313,0.0010754414565191319,0.0002579387437932049,0.00367744452114255,0.037882872576095725,0.3952283807792901,0.4827330343870028,0.04625485687140826
P11,16,C,alpha,1799551287-α-2,P11-T16-Cα,15,57,A3,5,5,L2,L,False,57,True,L2,True,0.7738474044965538,False,0.39584994316101074,valid,False,0.03961858960067439,0.7738474044965538,0.14422501762380033,0.028994541749819427,0.006270198430585706,0.0006041092595291397,0.003258426040207912,0.0023134877113764486,0.00077590826384693,9.231682360606577e-05
P11,16,C,alpha,1799551287-α-2,P11-T16-Cα,16,59,B3,6,6,L1,L,False,59,True,L1,True,0.5987613634569281,False,0.3716709613800049,valid,False,0.5987613634569281,0.3157223307605244,0.04447214896043934,0.007351196779985406,0.0016599160802062024,0.0014266898533724943,0.011741572858905643,0.01356284811154295,0.0047158312600796256,0.0005861018780158708
P11,16,C,alpha,1799551287-α-2,P11-T16-Cα,17,64,E4,9,9,R3,R,False,64,True,R3,True,0.5726785765415155,False,0.3443942070007324,valid,False,0.002047057679215161,0.0007790536313155028,0.00010973626431990762,2.2155369663930496e-05,5.3819805051812195e-06,0.004303995150614964,0.10085818448718897,0.5726785765415155,0.29906561569281664,0.020130243202844206
P11,16,C,alpha,1799551287-α-2,P11-T16-Cα,18,62,D4,8,8,R4,R,False,62,True,R4,True,0.48235486002670397,False,0.36085009574890137,valid,False,0.008841467133925418,0.004633898664085633,0.0007972384646324287,0.0001371607830821841,3.586808407396507e-05,0.0038568519675070876,0.053164908171037036,0.4088705318377347,0.48235486002670397,0.03730721486721752
P11,16,C,alpha,1799551287-α-2,P11-T16-Cα,19,64,E4,9,9,R3,R,False,64,True,R3,True,0.6280597064685838,False,0.6352629661560059,valid,False,0.0016083135217481199,0.0006457358472198631,0.00011109553590060344,1.9893449663884084e-05,4.901177667012665e-06,0.006914961870606721,0.13730919434992422,0.6280597064685838,0.21405417116557815,0.011272026613107736
P11,16,C,alpha,1799551287-α-2,P11-T16-Cα,20,65,F4,10,10,R1,R,False,65,True,R2,True,0.46321222805726947,False,0.4361889362335205,valid,False,0.0002737506150772339,9.615299338311159e-05,1.792041568490159e-05,2.9622247891829123e-06,7.315971767150665e-07,0.46321222805726947,0.48211627769966775,0.043736601960423886,0.00848402789794293,0.0020593465385848595
P11,16,C,alpha,1799551287-α-2,P11-T16-Cα,21,64,E4,9,9,R2,R,False,64,True,R2,True,0.858623893980449,False,0.3630211353302002,valid,False,0.0019501023851917646,0.0009558866604037338,0.00015187932079765155,2.613005706416937e-05,6.223505252013745e-06,0.03230852038347398,0.858623893980449,0.0843800487470379,0.019208079242489146,0.00238923571784041
P11,16,C,alpha,1799551287-α-2,P11-T16-Cα,22,59,B3,6,6,L1,L,False,59,True,L1,True,0.7490009221888335,False,0.40625500679016113,valid,False,0.7490009221888335,0.21674904610324328,0.024016478880262475,0.0046587175888716265,0.0012926934074429816,0.002176041647178975,0.001765938653048259,0.0002615160069625161,6.665601535960143e-05,1.1989508796847862e-05
P11,16,C,alpha,1799551287-α-2,P11-T16-Cα,23,60,C4,7,7,L2,L,False,60,True,L2,True,0.8278484784363257,False,0.3267052173614502,valid,False,0.05818287944584182,0.8278484784363257,0.05343826384020371,0.00956898405694332,0.0017142829580688666,0.018588067811657304,0.025845183248256146,0.0036638959214128635,0.000970227653138426,0.0001797366281518599
P11,16,C,alpha,1799551287-α-2,P11-T16-Cα,24,59,B3,6,6,L3,L,False,59,True,L3,True,0.6534362841484814,False,0.36818504333496094,valid,False,0.011498826985670351,0.22190403839087933,0.6534362841484814,0.09620488246594497,0.013198818982983892,0.001724438249507238,0.0017412760970314238,0.00021920345304730202,6.04326506261009e-05,1.1798575828123608e-05
P11,16,C,alpha,1799551287-α-2,P11-T16-Cα,25,62,D4,8,8,R1,R,False,62,True,R1,True,0.7452090078852196,False,0.3991532325744629,valid,False,0.007213276636525439,0.044888961916638895,0.015551452074184964,0.0032401171912393306,0.0005644181897257651,0.7452090078852196,0.16298606828836426,0.016017225334254884,0.0037949252987515064,0.0005345471850954622
P11,16,C,alpha,1799551287-α-2,P11-T16-Cα,26,64,E4,9,9,R2,R,False,64,True,R2,True,0.7961954520044777,False,0.29841113090515137,valid,False,0.0016250274689427354,0.005310971836852131,0.001464519881539013,0.0003118429187982739,6.396166947510931e-05,0.08707697585788596,0.7961954520044777,0.08476177701395986,0.020082417849831297,0.0031070534982380648
P11,16,C,alpha,1799551287-α-2,P11-T16-Cα,27,59,B3,6,6,L3,L,False,59,True,L3,True,0.676496369049968,False,0.3660857677459717,valid,False,0.011982151730026563,0.19704225275797624,0.676496369049968,0.09885337688019168,0.011510132275290385,0.0024968569598487703,0.0014487245315194833,0.00013047393378846968,3.339163266203575e-05,6.270248728428082e-06
P11,16,C,alpha,1799551287-α-2,P11-T16-Cα,28,62,D4,8,8,R2,R,False,62,True,R2,True,0.8007875629581759,False,0.3270149230957031,valid,False,0.010419326412523912,0.04829240714488914,0.014559764237595117,0.0022191466105534515,0.0004435063263714728,0.04462355462254851,0.8007875629581759,0.06657052088246213,0.011004033090202902,0.0010801777146776856
P11,16,C,alpha,1799551287-α-2,P11-T16-Cα,29,65,F4,10,10,R2,R,False,65,True,R2,True,0.8198155791729218,False,0.4628899097442627,valid,False,0.00044176289591223763,0.000749029087095729,0.00020785374648835342,3.1706437461131065e-05,7.09208213850205e-06,0.04845581185013807,0.8198155791729218,0.09840379904718888,0.027359926641418997,0.004527439039236352
P11,17,C,gamma,1799551287-γ-9,P11-T17-Cγ,0,62,D4,8,8,R2,R,False,62,True,R2,True,0.8289706823833339,False,0.48969197273254395,valid,False,0.004233822611833212,0.0033207305020785697,0.00048684221096333103,7.137445758615707e-05,1.132835083415267e-05,0.03379067204739489,0.8289706823833339,0.10778998918631397,0.019301538147014758,0.002023020102646766
P11,17,C,gamma,1799551287-γ-9,P11-T17-Cγ,1,60,C4,7,7,L5,L,False,60,True,L5,True,0.3287074455731401,True,0.5340540409088135,valid,False,0.0027870662604985432,0.03245058696250509,0.1824356294009277,0.4385309349890397,0.3287074455731401,0.003384488792621057,0.009585938155777504,0.0017564425729889807,0.00029596830187659644,6.549899062482035e-05
P11,17,C,gamma,1799551287-γ-9,P11-T17-Cγ,2,72,C5,14,14,R4,R,False,72,True,R3,True,0.41688252026231076,False,0.6752650737762451,valid,False,4.0705604018569104e-07,1.6209555741298834e-06,6.447920638068744e-07,1.68283862529228e-07,2.8229782265061116e-08,0.002764417585200574,0.034911086939769895,0.41688252026231076,0.41688252026231076,0.12855658563308522
P11,17,C,gamma,1799551287-γ-9,P11-T17-Cγ,3,53,F3,3,3,L1,L,False,53,True,L2,True,0.45381761318605224,False,0.4531130790710449,valid,False,0.45381761318605224,0.47233826132231677,0.056695530714787695,0.012399986504388467,0.004747866618717744,5.084156049989786e-07,1.7869808404204803e-07,4.0618232288173885e-08,1.1129588830350321e-08,2.792227141414054e-09
P11,17,C,gamma,1799551287-γ-9,P11-T17-Cγ,4,55,G3,4,4,L5,L,False,55,True,L5,True,0.3068057241455708,True,0.6759898662567139,valid,False,0.00180827741270001,0.013714556231898106,0.1818204807121097,0.4958208772379111,0.3068057241455708,1.1709139321652728e-05,1.3358395573766222e-05,3.870399675064828e-06,9.789594559789218e-07,1.6736578402412668e-07
P11,17,C,gamma,1799551287-γ-9,P11-T17-Cγ,5,64,E4,9,9,R1,R,False,64,True,R1,True,0.6349396697198659,False,0.4214210510253906,valid,False,0.0024500567033758553,0.006845674735835077,0.002537863510200842,0.0006483818735359978,0.00015693797683179222,0.6349396697198659,0.3216712258070793,0.023891672949282766,0.005891614012778938,0.000966902711213655
P11,17,C,gamma,1799551287-γ-9,P11-T17-Cγ,6,57,A3,5,5,R3,R,False,57,True,R3,True,0.6380541303904731,False,0.5096430778503418,valid,False,0.011628589987868851,0.0203627225656233,0.0057528995397422835,0.0011600417564540967,0.00037765541402119977,0.009389298013828642,0.20241204879257976,0.6380541303904731,0.1067303398633592,0.0041322736760495676
P11,17,C,gamma,1799551287-γ-9,P11-T17-Cγ,7,60,C4,7,7,L4,L,False,60,True,L4,True,0.38467183601384536,True,0.4293031692504883,valid,False,0.0044196677518002075,0.06650187945574501,0.4721185927039544,0.38467183601384536,0.034998150916261093,0.0055046199085304085,0.01758205447629289,0.010981880664174815,0.002679549096049156,0.0005417690133465639
P11,17,C,gamma,1799551287-γ-9,P11-T17-Cγ,8,55,G3,4,4,L3,L,False,55,True,L3,True,0.5969744949868442,False,0.5014209747314453,valid,False,0.011034323515535986,0.23341505176805113,0.5969744949868442,0.13922024036172914,0.019090270013014766,6.1021414822884495e-05,0.00013105615876215596,5.685498542167543e-05,1.4701060695300254e-05,1.985735122845085e-06
P11,17,C,gamma,1799551287-γ-9,P11-T17-Cγ,9,57,A3,5,5,R3,R,False,57,True,R3,True,0.47967223775102485,False,0.5036249160766602,valid,False,0.030879475468520153,0.14400872975837123,0.04171766462753169,0.00774495605548165,0.002110015414809988,0.008738766394447584,0.18590227308877066,0.47967223775102485,0.09506957835792552,0.004156303083116695
P11,17,C,gamma,1799551287-γ-9,P11-T17-Cγ,10,60,C4,7,7,R2,R,False,60,True,R2,True,0.6276717139170616,False,0.33310699462890625,valid,False,0.008960848926242135,0.012908947042004397,0.003326821292371397,0.000572362516209662,0.000118586273940278,0.020126095995949625,0.6276717139170616,0.28203108102003427,0.041347720014685875,0.0029358230015009796
P11,17,C,gamma,1799551287-γ-9,P11-T17-Cγ,11,69,A4,12,12,R1,R,False,69,True,R2,False,0.2412419254280596,False,0.4695560932159424,valid,False,5.278203492188762e-07,4.6466226408360177e-07,9.764230260978024e-08,1.7484431001541677e-08,3.963358960220894e-09,0.2412419254280596,0.6825257599959963,0.05715690869182972,0.013011066569772772,0.00606322774163572
P11,17,C,gamma,1799551287-γ-9,P11-T17-Cγ,12,60,C4,7,7,R4,R,False,60,True,R4,True,0.5044795818848605,False,0.43652915954589844,valid,False,0.009659937242868902,0.016309956562872478,0.0030671761826457904,0.00046802073808491657,0.00011152411612522032,0.008677707041955337,0.0694794700214325,0.3440397930316993,0.5044795818848605,0.0437068331774549
P11,17,C,gamma,1799551287-γ-9,P11-T17-Cγ,13,53,F3,3,4,L5,L,False,55,False,L5,True,0.45490712092491936,False,0.649224042892456,valid,False,0.001153863395884038,0.008285534737583627,0.08753440941308752,0.44765511271078,0.45490712092491936,7.535293735965931e-05,0.00023785219472606298,0.00011740915824494976,2.9115622069541916e-05,4.228905345245649e-06
P11,17,C,gamma,1799551287-γ-9,P11-T17-Cγ,14,59,B3,6,6,R2,R,False,59,True,R2,True,0.739170029224436,False,0.47940611839294434,valid,False,0.010356141291950685,0.07066616291415129,0.030613272664939895,0.006171135519011033,0.001377315235456998,0.018656273907430028,0.739170029224436,0.10975392530099508,0.012657384719739732,0.0005783592218893649
P11,17,C,gamma,1799551287-γ-9,P11-T17-Cγ,15,62,D4,8,8,R4,R,False,62,True,R4,True,0.540548104270671,False,0.37465810775756836,valid,False,0.0015105103590481435,0.0029545933936324913,0.0005339696016959659,9.951803775225724e-05,2.1724526077142807e-05,0.002597161594182508,0.03193143280641437,0.3698547324240059,0.540548104270671,0.049948252986520225
P11,17,C,gamma,1799551287-γ-9,P11-T17-Cγ,16,62,D4,8,8,L1,L,False,62,True,L1,True,0.6428516757926521,False,0.5527570247650146,valid,False,0.6428516757926521,0.19424279917241058,0.023315279511288284,0.005307436331972134,0.0010715529149035003,0.03344549443334732,0.08090434819125596,0.015628699235340555,0.0027111850025474398,0.0005215294142819761
P11,17,C,gamma,1799551287-γ-9,P11-T17-Cγ,17,55,G3,4,4,L3,L,False,55,True,L3,True,0.5776077992618881,False,0.6193253993988037,valid,False,0.026485257325970315,0.2811518993507985,0.5776077992618881,0.10343000361746134,0.01124982579553289,3.633958079889025e-05,2.9459663851997276e-05,7.483931194839603e-06,1.6758852582439976e-06,2.555872448189346e-07
P11,17,C,gamma,1799551287-γ-9,P11-T17-Cγ,18,50,D3,1,1,L1,L,False,50,True,L1,True,0.6858409315304865,False,0.5216982364654541,valid,False,0.6858409315304865,0.2626036135935672,0.038499518033405206,0.00912160451799662,0.003932402500481513,7.722174046175353e-07,8.687493861208882e-07,2.2539346360308108e-07,5.5973693449069995e-08,7.490115179328488e-09
P11,17,C,gamma,1799551287-γ-9,P11-T17-Cγ,19,59,B3,6,6,R2,R,False,59,True,R2,True,0.7970830389287801,False,0.3644561767578125,valid,False,0.005710883392514642,0.0025619348286165817,0.0005172457212269218,0.00011774462030651445,3.391637950688347e-05,0.0293225260690722,0.7970830389287801,0.14558538681623645,0.01818801326796512,0.0008793099757746651
P11,17,C,gamma,1799551287-γ-9,P11-T17-Cγ,20,64,E4,9,9,R4,R,False,64,True,R3,True,0.4234765796603699,False,0.3275020122528076,valid,False,7.174677573268852e-05,7.466045196001051e-05,1.9225806972638123e-05,3.307701342495776e-06,7.151442279709965e-07,0.00176975923597471,0.029823135794465147,0.49215444666344127,0.4234765796603699,0.052606422765512945
P11,17,C,gamma,1799551287-γ-9,P11-T17-Cγ,21,60,C4,7,7,R1,R,False,60,True,R1,True,0.35074911588933005,True,0.4019787311553955,valid,False,0.005473543827333073,0.008716106048671799,0.0023633289528383933,0.00039065564840607244,7.440151543826807e-05,0.35074911588933005,0.5899697110332921,0.0344693732660042,0.006959246439864309,0.0008345173788218276
P11,17,C,gamma,1799551287-γ-9,P11-T17-Cγ,22,52,E3,2,2,L4,L,False,52,True,L3,True,0.42134109982535245,False,0.44791102409362793,valid,False,0.007379405174975625,0.07530776565193437,0.42134109982535245,0.42134109982535245,0.07461308681717749,1.0425522375154135e-05,5.923189391668537e-06,9.15026729084325e-07,2.4409575500075516e-07,3.487095674075213e-08
P11,17,C,gamma,1799551287-γ-9,P11-T17-Cγ,23,59,B3,6,6,L4,L,False,59,True,L4,True,0.48490989745912444,False,0.3448300361633301,valid,False,0.0030173730585220135,0.05181937010576303,0.3985225244154966,0.48490989745912444,0.02744180510046962,0.0038569514388023325,0.01883327429231371,0.008992282470799697,0.0023284618839381657,0.0002780597747702255
P11,17,C,gamma,1799551287-γ-9,P11-T17-Cγ,24,62,D4,8,8,L3,L,False,62,True,L3,True,0.5495399073942092,False,0.4148130416870117,valid,False,0.002858458320012046,0.10085688393837311,0.5495399073942092,0.07081695945543513,0.005204983090526943,0.006905499272326888,0.09946171208047314,0.133589839449577,0.026339268858386194,0.0044264881406802965
P11,17,C,gamma,1799551287-γ-9,P11-T17-Cγ,25,64,E4,9,9,R3,R,False,64,True,R3,True,0.6689491426755041,False,0.2999601364135742,valid,False,0.00026373291867171344,0.0028199395327075604,0.002491393268913036,0.0005876304426384267,7.530070531932711e-05,0.015024298911453128,0.2105385597096432,0.6689491426755041,0.09404289411466506,0.005207107720484529
P11,17,C,gamma,1799551287-γ-9,P11-T17-Cγ,26,53,F3,3,3,L5,L,False,53,True,L4,True,0.421275756459933,False,0.6720190048217773,valid,False,0.001700895755960022,0.012251450898473588,0.12627104246628731,0.43846834622954683,0.421275756459933,1.1478255390586657e-05,1.3753750074602107e-05,5.755792247876726e-06,1.3701831534913e-06,1.5020893275929654e-07
P11,17,C,gamma,1799551287-γ-9,P11-T17-Cγ,27,65,F4,10,10,R5,R,False,65,True,R5,True,0.3699617479272157,True,0.4007608890533447,valid,False,5.4963957395245394e-05,0.00013098572657787905,5.033133139094325e-05,1.4273081423977333e-05,3.047279836872012e-06,0.002174359178736845,0.016021612338968136,0.15971637984639556,0.4518722993320588,0.3699617479272157
P11,17,C,gamma,1799551287-γ-9,P11-T17-Cγ,28,64,E4,9,9,R3,R,False,64,True,R3,True,0.6500292914589049,False,0.3132798671722412,valid,False,0.00045449302652225205,0.001213894176288021,0.0006032189988409872,0.0001458227859499571,2.7466048040441106e-05,0.0051645252936604125,0.1881082181463104,0.6500292914589049,0.14583766073135176,0.00841540933413075
P11,17,C,gamma,1799551287-γ-9,P11-T17-Cγ,29,57,A3,5,5,L5,L,False,57,True,L5,True,0.4908493646546866,False,0.41924619674682617,valid,False,0.0027272840515700615,0.015651801345259602,0.10281019790145059,0.38611578582419287,0.4908493646546866,0.0004079261745643744,0.0009527896427590495,0.00038158351473714414,9.216213141879203e-05,1.1104759361027413e-05
P11,18,A,beta,1799551287-β-6,P11-T18-Aβ,0,64,E4,9,9,R4,R,False,64,True,R2,False,0.030154549195046464,False,0.6397528648376465,valid,False,9.444209943767392e-05,8.097100083450148e-05,1.0115724316185864e-05,1.6065532991038296e-06,2.2629656083726054e-07,0.05952139318154977,0.801380445274722,0.10420246622225103,0.030154549195046464,0.004553784451982483
P11,18,A,beta,1799551287-β-6,P11-T18-Aβ,1,62,D4,8,8,R2,R,False,62,True,R2,True,0.8642233225094462,False,0.3094520568847656,valid,False,0.0015049288098623204,0.001233932370682298,0.0001541554329080395,2.5481721673016284e-05,3.7357978043320208e-06,0.03697367300684617,0.8642233225094462,0.07905992577496426,0.015336047745342345,0.0014847968304712088
P11,18,A,beta,1799551287-β-6,P11-T18-Aβ,2,60,C4,7,7,L2,L,False,60,True,R2,False,0.1857590399650158,False,0.3225138187408447,valid,False,0.01770793564808868,0.1857590399650158,0.03951459542701726,0.006797249699274289,0.0007657057774205374,0.024417686261945563,0.659513729219292,0.056843654485947706,0.008006907410272074,0.0006734961057260969
P11,18,A,beta,1799551287-β-6,P11-T18-Aβ,3,59,B3,6,6,L3,L,False,59,True,L2,False,0.10233781386945051,False,0.2655060291290283,valid,False,0.025236194196627725,0.8191598498750629,0.10233781386945051,0.016253028192155263,0.002209920057870957,0.006257313348621693,0.024226044517078216,0.003415347489414773,0.0008019048451935897,0.00010258360852439747
P11,18,A,beta,1799551287-β-6,P11-T18-Aβ,4,57,A3,5,5,L4,L,False,57,True,L3,False,0.059832144255552666,False,0.4300382137298584,valid,False,0.01398451425931859,0.37673538554435365,0.5399859096064525,0.059832144255552666,0.0056658103631183,0.0012141198647019345,0.002210021646068039,0.00029274394669542126,6.886613607361964e-05,1.0484377665207653e-05
P11,18,A,beta,1799551287-β-6,P11-T18-Aβ,5,60,C4,7,7,R4,R,False,60,True,R2,False,0.00925448758478973,False,0.2993919849395752,valid,False,0.03311795794654323,0.2722504042634965,0.03102971916034511,0.004199415831317851,0.0005062531496577585,0.03914581966155027,0.5648628794281734,0.04447580919806922,0.00925448758478973,0.0011572537760568104
P11,18,A,beta,1799551287-β-6,P11-T18-Aβ,6,59,B3,6,6,L2,L,False,59,True,L2,True,0.7501131158093735,False,0.2577228546142578,valid,False,0.02049588258044914,0.7501131158093735,0.10997180516294376,0.016780609380089018,0.002080477055128856,0.011444746232062139,0.08491519195137873,0.0033879466036684236,0.0007055197240660338,0.00010470550084044195
P11,18,A,beta,1799551287-β-6,P11-T18-Aβ,7,64,E4,9,9,R2,R,False,64,True,R3,False,0.09098486564940336,False,0.27907299995422363,valid,False,0.0012536336601767103,0.002208525624765421,0.00021703973204481057,3.446969160629258e-05,4.414694202174778e-06,0.009199398619312921,0.09098486564940336,0.6469863227443746,0.2271078394917517,0.022003490092362056
P11,18,A,beta,1799551287-β-6,P11-T18-Aβ,8,57,A3,5,5,L1,L,False,57,True,L3,False,0.014226953297838834,False,0.3952603340148926,valid,False,0.014226953297838834,0.41074204152154614,0.48774395553988864,0.0687028433911331,0.008462193984048513,0.0025548116424681925,0.007132320335118612,0.00034986447523099623,7.299424219275641e-05,1.2021570534378214e-05
P11,18,A,beta,1799551287-β-6,P11-T18-Aβ,9,59,B3,6,6,L3,L,False,59,True,L2,False,0.09828980388177172,False,0.3083350658416748,valid,False,0.01624719530517465,0.7867576797639267,0.09828980388177172,0.013844946567425563,0.0016083127472804495,0.01227704946448285,0.06703171631538239,0.0031516316324061598,0.0006855161685802265,0.00010614815356932426
P11,18,A,beta,1799551287-β-6,P11-T18-Aβ,10,57,A3,5,5,L2,L,False,57,True,L3,False,0.3767137154569635,False,0.4912130832672119,valid,False,0.01232296140271502,0.3767137154569635,0.4947990282474278,0.09989820091029479,0.006503766198276034,0.0025428283298993336,0.006848101770408408,0.0002905881450498549,6.85505693707258e-05,1.225896959448842e-05
P11,18,A,beta,1799551287-β-6,P11-T18-Aβ,11,62,D4,8,8,R4,R,False,62,True,R2,False,0.044504436556097524,False,0.4115619659423828,valid,False,0.009679909000864337,0.02668062899688318,0.002738020910974691,0.0004525918125115717,4.734015241113029e-05,0.028998246543881452,0.683505951937326,0.1977958353580694,0.044504436556097524,0.005597038730980761
P11,18,A,beta,1799551287-β-6,P11-T18-Aβ,12,60,C4,7,7,R5,R,False,60,True,R2,False,0.0015109566697014873,False,0.2973611354827881,valid,False,0.0303591997699464,0.20860305660970796,0.020705685401852508,0.00356230682532464,0.0004353431237755116,0.03919120336830918,0.6475136223144334,0.03926793645751692,0.008850689459431925,0.0015109566697014873
P11,18,A,beta,1799551287-β-6,P11-T18-Aβ,13,62,D4,8,8,R4,R,False,62,True,R2,False,0.047942800241666535,False,0.3058602809906006,valid,False,0.009867891234239852,0.025741180455241427,0.002534375583135603,0.00043602630207702876,4.939907055001177e-05,0.030263648972362733,0.6853620840159215,0.19055622367276204,0.047942800241666535,0.007246370452043214
P11,18,A,beta,1799551287-β-6,P11-T18-Aβ,14,64,E4,9,9,R2,R,False,64,True,R3,False,0.24296851175147877,False,0.272860050201416,valid,False,0.0011099077128984166,0.0017376873970447707,0.0001786285049302133,3.073211680563361e-05,3.6472423702684567e-06,0.010783420956908246,0.24296851175147877,0.5542151555650289,0.1707905345055611,0.018181774246973714
P11,18,A,beta,1799551287-β-6,P11-T18-Aβ,15,60,C4,7,7,L3,L,False,60,True,R2,False,0.01792324441618113,False,0.3258371353149414,valid,False,0.02566916440145461,0.2136544802370252,0.01792324441618113,0.003209446335681734,0.00035985706311744665,0.028965296505237027,0.6559591011347393,0.04497462497000271,0.008298125777424547,0.000986659159135965
P11,18,A,beta,1799551287-β-6,P11-T18-Aβ,16,59,B3,6,6,L2,L,False,59,True,L2,True,0.8179495010983736,False,0.32010388374328613,valid,False,0.023261522486791312,0.8179495010983736,0.08707768054468885,0.016229013547403238,0.001803733474844195,0.008665587147771213,0.04109669502160497,0.003024665782026992,0.0007692842713161053,0.00012231662517951167
P11,18,A,beta,1799551287-β-6,P11-T18-Aβ,17,57,A3,5,5,L1,L,False,57,True,L3,False,0.008654324012195212,False,0.25244808197021484,valid,False,0.008654324012195212,0.4257313867586861,0.48572071854056337,0.06573515101757818,0.007153732512080365,0.0020589278044575786,0.00451282929959332,0.00033475170720464667,8.218848047966195e-05,1.598986716150271e-05
P11,18,A,beta,1799551287-β-6,P11-T18-Aβ,18,59,B3,6,6,L2,L,False,59,True,L2,True,0.7971629915487636,False,0.33542871475219727,valid,False,0.011953918878211301,0.7971629915487636,0.09958974169104379,0.01460054948867021,0.0016288946397666135,0.00808722623515793,0.06351251900051673,0.0026144641543272974,0.0006955651788161412,0.0001541291847264477
P11,18,A,beta,1799551287-β-6,P11-T18-Aβ,19,62,D4,8,8,R3,R,False,62,True,R2,False,0.1548715051800057,False,0.35076093673706055,valid,False,0.007467570527884175,0.02362683197604687,0.0022313254347619835,0.0003838880805685345,5.344487198205247e-05,0.03004198112447159,0.7370058091170885,0.1548715051800057,0.03878361213811246,0.005534031549078231
P11,18,A,beta,1799551287-β-6,P11-T18-Aβ,20,57,A3,5,5,L2,L,False,57,True,L3,True,0.40154881190573855,False,0.3603231906890869,valid,False,0.009841364326295033,0.40154881190573855,0.4983981571325691,0.07605062750589475,0.009854608072571958,0.002022210564834333,0.0019430153541398854,0.0002596032616482678,6.874381944860766e-05,1.2858056859596747e-05
P11,18,A,beta,1799551287-β-6,P11-T18-Aβ,21,60,C4,7,7,R3,R,False,60,True,R2,False,0.03741897716426913,False,0.30394816398620605,valid,False,0.01812646579901135,0.20077361635702104,0.017499599352779123,0.002779241327110715,0.0003838904467178087,0.0372022386359945,0.6773032916658226,0.03741897716426913,0.007496274778073133,0.001016404473200436
P11,18,A,beta,1799551287-β-6,P11-T18-Aβ,22,62,D4,8,8,R4,R,False,62,True,R2,False,0.04570565194775433,False,0.27112603187561035,valid,False,0.009394652296930501,0.029100390822813058,0.0025385741673031865,0.0004545726973266079,6.841359960546632e-05,0.029125164850075914,0.6864974920486374,0.19087190945709126,0.04570565194775433,0.006243178112462306
P11,18,A,beta,1799551287-β-6,P11-T18-Aβ,23,64,E4,9,9,R2,R,False,64,True,R3,False,0.20472248283396235,False,0.27373623847961426,valid,False,0.0011573757961948308,0.0020258986006356883,0.00016967934952331955,3.0383827499268676e-05,4.411075930492023e-06,0.009816233780557838,0.20472248283396235,0.5702958137595469,0.19238700245479964,0.019390718521349694
P11,18,A,beta,1799551287-β-6,P11-T18-Aβ,24,67,G4,11,11,R4,R,False,67,True,R4,True,0.5632647295902966,False,0.41338181495666504,valid,False,4.9245435258280766e-05,4.4768510829955656e-05,4.061307674308473e-06,6.987271257699116e-07,9.386686228646661e-08,0.0016617585430964371,0.022016122440505024,0.28535948321065313,0.5632647295902966,0.12759903836769812
P11,18,A,beta,1799551287-β-6,P11-T18-Aβ,25,60,C4,7,7,R3,R,False,60,True,R2,False,0.026312593401588015,False,0.34279298782348633,valid,False,0.02256600763740869,0.20197501018848651,0.013874431157582467,0.0025858329001237183,0.0003422173168493493,0.03054049176036363,0.6992775013848063,0.026312593401588015,0.002203501445144912,0.00032241280764646436
P11,18,A,beta,1799551287-β-6,P11-T18-Aβ,26,60,C4,7,7,L3,L,False,60,True,R2,False,0.014890066921026736,False,0.3001220226287842,valid,False,0.014414343370774898,0.2548548942527052,0.014890066921026736,0.002775120975564646,0.00035388454953543956,0.021342370902679535,0.6656036285544117,0.023119914392395073,0.002272076886206548,0.00037369919470021663
P11,18,A,beta,1799551287-β-6,P11-T18-Aβ,27,59,B3,6,6,L2,L,False,59,True,L2,True,0.823968854851088,False,0.283099889755249,valid,False,0.01771005808693955,0.823968854851088,0.07779932318184138,0.013384973962345396,0.001690426614953659,0.007455124142115038,0.05569233206952149,0.0020424145924674213,0.00021743240283644277,3.906009589180228e-05
P11,18,A,beta,1799551287-β-6,P11-T18-Aβ,28,62,D4,8,8,R2,R,False,62,True,R2,True,0.8589314859793089,False,0.2763519287109375,valid,False,0.010731682637349738,0.027541367816118392,0.0022159676238291148,0.00042985349338561904,5.750574641803132e-05,0.021664807256040423,0.8589314859793089,0.06379591490463822,0.012880173081529793,0.00175124146138189
P11,18,A,beta,1799551287-β-6,P11-T18-Aβ,29,60,C4,7,7,R1,R,False,60,True,R2,False,0.021796804385060105,False,0.2873220443725586,valid,False,0.0303485410492606,0.24099619986831586,0.01939045946953642,0.0036138770285685283,0.0004595693439418111,0.021796804385060105,0.6678407747942977,0.01299781368427185,0.002236207085307931,0.0003197532914391581
P11,19,A,gamma,1799551287-γ-6,P11-T19-Aγ,0,62,D4,8,8,L2,L,False,62,True,R2,False,0.004597113205678315,False,0.4314429759979248,valid,False,0.002644174872116092,0.004597113205678315,0.0022520433765768825,0.000593961263800053,0.00010581675387302781,0.025812740896594324,0.7431279247884878,0.18325309007306756,0.03404116867244727,0.0035719660973588113
P11,19,A,gamma,1799551287-γ-6,P11-T19-Aγ,1,57,A3,5,5,R2,R,False,57,True,L2,False,0.004145336330649389,False,0.3254048824310303,valid,False,0.0307975725577198,0.6701059765369439,0.2465182121740546,0.04014846518916995,0.005427236153617781,0.0022315005576026264,0.004145336330649389,0.00048067489748948556,0.0001268084808569251,1.8217121895518316e-05
P11,19,A,gamma,1799551287-γ-6,P11-T19-Aγ,2,62,D4,8,8,R4,R,False,62,True,R2,False,0.03443934706058742,False,0.2530648708343506,valid,False,0.006822117986677019,0.005283126437608977,0.0006106514902595314,0.00014468028892308823,2.4846451820639136e-05,0.03470109092015866,0.7550402998278329,0.15866120220406824,0.03443934706058742,0.004272637332063503
P11,19,A,gamma,1799551287-γ-6,P11-T19-Aγ,3,55,G3,4,4,L5,L,False,55,True,L3,False,0.010809121946005699,False,0.3122279644012451,valid,False,0.014106394017789948,0.3443193986828388,0.5346272158083263,0.09573363610344357,0.010809121946005699,0.00017529279187100672,0.00020653504588036454,1.6934026330755285e-05,4.676052007345057e-06,7.955255063496062e-07
P11,19,A,gamma,1799551287-γ-6,P11-T19-Aγ,4,48,C3,0,0,L1,L,False,48,True,L4,False,0.00021235175647640555,False,0.8543319702148438,valid,False,0.00021235175647640555,0.006629230849674448,0.26282509866424836,0.6336449532087105,0.09668795042243289,2.117756058568541e-07,1.8191875066591607e-07,1.6232239298803597e-08,4.324411828822313e-09,8.474497364610916e-10
P11,19,A,gamma,1799551287-γ-6,P11-T19-Aγ,5,55,G3,4,4,L5,L,False,55,True,L2,False,0.004617786176319457,False,0.2969021797180176,valid,False,0.025322093723888967,0.837580080296848,0.10463905716479092,0.02719745677854295,0.004617786176319457,0.0002655020271128851,0.0003369755520603653,3.11331185081103e-05,8.28879784372945e-06,1.6263640847276053e-06
P11,19,A,gamma,1799551287-γ-6,P11-T19-Aγ,6,62,D4,8,8,R4,R,False,62,True,R2,False,0.02762884002259014,False,0.3069140911102295,valid,False,0.0049215629224568375,0.0012355637975355273,9.178005606022073e-05,2.3513861836558984e-05,5.5573123512348074e-06,0.03853780628119523,0.8056422140552717,0.11811275756661267,0.02762884002259014,0.003800404124089779
P11,19,A,gamma,1799551287-γ-6,P11-T19-Aγ,7,59,B3,6,6,L3,L,False,59,True,L2,False,0.017635133515775805,False,0.2932777404785156,valid,False,0.02849375119859044,0.917003561798785,0.017635133515775805,0.003697720936599561,0.0005796533500854989,0.009875897775304412,0.020093219572201004,0.0019540284916894097,0.0005596692444319093,0.0001073641165369297
P11,19,A,gamma,1799551287-γ-6,P11-T19-Aγ,8,59,B3,6,6,R2,R,False,59,True,L2,False,0.015939554819571662,False,0.2660088539123535,valid,False,0.025311104791553855,0.9263417471897893,0.017658958599770166,0.00401984451491713,0.0007947468520108544,0.0077537992972889665,0.015939554819571662,0.0016673628124045613,0.00042636981021988517,8.65113124734019e-05
P11,19,A,gamma,1799551287-γ-6,P11-T19-Aγ,9,69,A4,12,12,R5,R,False,69,True,R4,False,0.12486271938044605,False,0.42363595962524414,valid,False,5.418677768427732e-06,2.4472627811775417e-06,1.3198990558182913e-07,3.1272072498167665e-08,6.446923503319988e-09,0.0013429116658225206,0.009953178057026585,0.19387524570497383,0.6699579095422797,0.12486271938044605
P11,19,A,gamma,1799551287-γ-6,P11-T19-Aγ,10,50,D3,1,1,L2,L,False,50,True,L4,False,0.011701755240375648,False,0.8996350765228271,valid,False,0.0002934040211651404,0.011701755240375648,0.4114711264611134,0.4828658400013625,0.09366633606429134,8.52301424025079e-07,6.089103742509428e-07,6.126749302524434e-08,1.2872148210317055e-08,2.8602524354397707e-09
P11,19,A,gamma,1799551287-γ-6,P11-T19-Aγ,11,60,C4,7,7,L3,L,False,60,True,R2,False,0.0003211181183137592,False,0.3068199157714844,valid,False,0.03394953250476532,0.01001469732293745,0.0003211181183137592,7.023234959094678e-05,2.440650886114068e-05,0.05658369082649958,0.8617429862217023,0.03194621624066984,0.004683537714603862,0.0006635821920557272
P11,19,A,gamma,1799551287-γ-6,P11-T19-Aγ,12,59,B3,6,6,R2,R,False,59,True,L2,False,0.10007743631355692,False,0.30342817306518555,valid,False,0.02175421702242702,0.828658082907186,0.02657066067280728,0.004054419922093937,0.0006673309178780335,0.014503013509971723,0.10007743631355692,0.0031893196711823783,0.00043162748103156757,9.389158186532414e-05
P11,19,A,gamma,1799551287-γ-6,P11-T19-Aγ,13,69,A4,12,12,R3,R,False,69,True,R4,False,0.21861678638365648,False,0.3797760009765625,valid,False,6.510094888515517e-06,3.111408887775326e-06,1.2682788374359948e-07,2.4602078252247777e-08,5.053802188223656e-09,0.0011000788759553668,0.011641086477389706,0.21861678638365648,0.6437563803836132,0.12487588989184478
P11,19,A,gamma,1799551287-γ-6,P11-T19-Aγ,14,53,F3,3,3,L1,L,False,53,True,L4,False,0.002080195899742028,False,0.40808606147766113,valid,False,0.002080195899742028,0.039586940921078444,0.3485446231946126,0.5199674771117934,0.08978396479406338,2.190253076233563e-05,1.3528243659802963e-05,1.0423956195914885e-06,2.6466162951579597e-07,6.02470389969551e-08
P11,19,A,gamma,1799551287-γ-6,P11-T19-Aγ,15,67,G4,11,11,R5,R,False,67,True,R3,False,0.04617927023616851,False,0.49762511253356934,valid,False,2.5296969503287045e-05,9.116637928670787e-06,9.324880784468727e-07,2.3933311471410286e-07,4.7075558524994345e-08,0.0031616792623211524,0.06028088430974082,0.5244477525042271,0.36589478118335855,0.04617927023616851
P11,19,A,gamma,1799551287-γ-6,P11-T19-Aγ,16,65,F4,10,10,R4,R,False,65,True,R3,False,0.1344016922614681,False,0.30248093605041504,valid,False,0.0001522032214555686,6.583371175446596e-05,6.739066968325131e-06,1.534065626533241e-06,3.130612831465679e-07,0.010807236498554158,0.2367995259683495,0.6019450754546801,0.1344016922614681,0.015819846689860202
P11,19,A,gamma,1799551287-γ-6,P11-T19-Aγ,17,60,C4,7,8,R3,R,False,62,False,R2,False,0.02826734427900579,False,0.344829797744751,valid,False,0.007467336689993604,0.006178658644835628,0.0006075670290173585,0.00014394949443423844,2.9165803984453126e-05,0.033172035805481455,0.9175501391192864,0.02826734427900579,0.005483300638692744,0.0011005024952683894
P11,19,A,gamma,1799551287-γ-6,P11-T19-Aγ,18,59,B3,6,6,L5,L,False,59,True,L2,False,0.0013277862700372227,False,0.32781481742858887,valid,False,0.02157075623488679,0.8901041864971422,0.03628260841199423,0.007325332302145231,0.0013277862700372227,0.01014697266671263,0.0320739222050142,0.000991375921913133,0.00013964364689982912,3.741584325461873e-05
P11,19,A,gamma,1799551287-γ-6,P11-T19-Aγ,19,69,A4,12,12,R1,R,False,69,True,R4,False,0.0006126487178097293,False,0.48798704147338867,valid,False,6.452297619243606e-06,5.042523539792961e-06,2.2266356120690337e-07,4.495499769196364e-08,8.960973283579679e-09,0.0006126487178097293,0.009327644464507949,0.2192365711030211,0.6455814477727891,0.12522991654118085
P11,19,A,gamma,1799551287-γ-6,P11-T19-Aγ,20,55,G3,4,4,L1,L,False,55,True,L3,False,0.007182780905406189,False,0.35313987731933594,valid,False,0.007182780905406189,0.2928862173886188,0.5449811379987273,0.13439069403592782,0.020327657929284967,0.00016112871077782846,6.609552684812023e-05,3.348479840422646e-06,7.323523443202882e-07,2.066722241857805e-07
P11,19,A,gamma,1799551287-γ-6,P11-T19-Aγ,21,60,C4,7,7,R4,R,False,60,True,R2,False,0.004431148952333786,False,0.3067293167114258,valid,False,0.03561266649445985,0.09224012865227915,0.007161066394170492,0.0016301286003319753,0.000313428343726068,0.03617266031899931,0.7904651149019474,0.031458175687043705,0.004431148952333786,0.0005154816547082789
P11,19,A,gamma,1799551287-γ-6,P11-T19-Aγ,22,52,E3,2,2,L4,L,False,52,True,L4,True,0.457164326960691,False,0.5292351245880127,valid,False,0.001233900472788869,0.03984683199593744,0.4054683845194814,0.457164326960691,0.09626410773760156,9.119827895667015e-06,1.2589881318522546e-05,5.671100983264595e-07,1.4555491845467638e-07,2.5939268741167816e-08
P11,19,A,gamma,1799551287-γ-6,P11-T19-Aγ,23,59,B3,6,6,L2,L,False,59,True,L2,True,0.9089304561392056,False,0.34927797317504883,valid,False,0.0230991748981914,0.9089304561392056,0.012203359765650729,0.00277794460756876,0.0005488289198556755,0.007674996904635465,0.04196789130941526,0.002185208624813179,0.0005172437650225698,9.489506564123205e-05
P11,19,A,gamma,1799551287-γ-6,P11-T19-Aγ,24,60,C4,7,7,L4,L,False,60,True,R2,False,0.0007660919394747795,False,0.3311588764190674,valid,False,0.030920804268835183,0.18214294462528482,0.004278262242249357,0.0007660919394747795,0.0001532377413427307,0.03618621167012019,0.7006852083288871,0.03709740084155071,0.006913990095567555,0.0008558482466873801
P11,19,A,gamma,1799551287-γ-6,P11-T19-Aγ,25,62,D4,8,8,R5,R,False,62,True,R2,False,0.003787973316052459,False,0.3073098659515381,valid,False,0.007284800652793998,0.006072335783069251,0.0003843288697839767,7.759466057420619e-05,1.6344806851039345e-05,0.02365899400424581,0.7993055904630882,0.1269436565502201,0.03246838089332091,0.003787973316052459
P11,19,A,gamma,1799551287-γ-6,P11-T19-Aγ,26,65,F4,10,10,R3,R,False,65,True,R3,True,0.45221783754011974,False,0.3609919548034668,valid,False,0.00010988338418463405,5.1517382973202204e-05,3.1327752848877613e-06,6.851751939550647e-07,1.4093509417354594e-07,0.002423020578641599,0.0369338721818527,0.45221783754011974,0.45221783754011974,0.056042072506535395
P11,19,A,gamma,1799551287-γ-6,P11-T19-Aγ,27,69,A4,12,12,R5,R,False,69,True,R4,False,0.14063927110188856,False,0.4076039791107178,valid,False,5.534341826954552e-06,1.9231289675816804e-06,1.1236009066658261e-07,2.179561513931213e-08,5.076502750576677e-09,0.0008813922028858429,0.009528166489365067,0.15235270359190842,0.696590869910949,0.14063927110188856
P11,19,A,gamma,1799551287-γ-6,P11-T19-Aγ,28,62,D4,8,8,R3,R,False,62,True,R2,False,0.06725548216324567,False,0.252183198928833,valid,False,0.008940086553320329,0.008072785050377602,0.0004716578427565783,9.911232602789547e-05,2.275016335332534e-05,0.035463306220041804,0.8653972900109496,0.06725548216324567,0.012526387539632254,0.0017511421302947752
P11,19,A,gamma,1799551287-γ-6,P11-T19-Aγ,29,55,G3,4,4,L2,L,False,55,True,L3,False,0.28051554152500485,False,0.3639087677001953,valid,False,0.011787511485854205,0.28051554152500485,0.5998197119227058,0.0915265532773493,0.015814586249942055,0.0002257574760434531,0.0002912957323389718,1.4945113779413585e-05,3.402071153378774e-06,6.951458286309103e-07
P11,20,A,beta,1799551287-β-7,P11-T20-Aβ,0,62,D4,8,8,R1,R,False,62,True,R2,False,0.027667387620312397,False,0.41573095321655273,valid,False,0.002087524387761972,0.0035099695194085573,0.0007748150915981957,0.00014881351062345313,3.781862182745099e-05,0.027667387620312397,0.7352822045967288,0.18871810191191984,0.03810152765857714,0.0036718370812421513
P11,20,A,beta,1799551287-β-7,P11-T20-Aβ,1,64,E4,9,9,R2,R,False,64,True,R3,False,0.20740688827120507,False,0.28287696838378906,valid,False,0.00022113730795733936,0.00024291241567750627,4.1240703138872374e-05,7.94193375148439e-06,2.268929566591139e-06,0.010066551594230245,0.20740688827120507,0.5867990971906063,0.18344724985497632,0.011764711798890274
P11,20,A,beta,1799551287-β-7,P11-T20-Aβ,2,60,C4,7,7,L3,L,False,60,True,R2,False,0.005764915533225352,False,0.3164799213409424,valid,False,0.01254899207151843,0.03280870752010748,0.005764915533225352,0.0011552650617694775,0.00030291202550226676,0.03785780394324494,0.7794987028661591,0.11164347533220541,0.017035689708007277,0.0013835359382603051
P11,20,A,beta,1799551287-β-7,P11-T20-Aβ,3,59,B3,6,6,L5,L,False,59,True,L2,False,0.0013854828232469979,False,0.31562185287475586,valid,False,0.02352585978420374,0.8052592986533011,0.03232963525550667,0.0075664637075223235,0.0013854828232469979,0.01173545200826256,0.09905648153508267,0.015561034934857497,0.003234688184812993,0.0003456031132034391
P11,20,A,beta,1799551287-β-7,P11-T20-Aβ,4,62,D4,8,8,R5,R,False,62,True,R2,False,0.007087615398241597,False,0.2763650417327881,valid,False,0.0042021657174243,0.022313102637505633,0.0004888794183550286,0.00010692374008052957,2.6115343489010807e-05,0.02463974012793539,0.5807733583528105,0.2942296520547636,0.06613244720939447,0.007087615398241597
P11,20,A,beta,1799551287-β-7,P11-T20-Aβ,5,60,C4,7,7,L3,L,False,60,True,R2,False,0.004117493196029203,False,0.2799060344696045,valid,False,0.020210049213789445,0.1354218499338052,0.004117493196029203,0.0007987115042982049,0.00018814705889736536,0.034865220383060405,0.7333924595101801,0.060054022409240314,0.009826629711547803,0.0011254170791519804
P11,20,A,beta,1799551287-β-7,P11-T20-Aβ,6,59,B3,6,6,L1,L,False,59,True,L2,False,0.014814072893854505,False,0.5155010223388672,valid,False,0.014814072893854505,0.9204848905363345,0.01826342792389273,0.003994428783450347,0.0007057760813898235,0.008404719427222226,0.029448076447469076,0.0030189243309345468,0.0007662368955559885,9.944667989594461e-05
P11,20,A,beta,1799551287-β-7,P11-T20-Aβ,7,60,C4,7,7,L2,L,False,60,True,R2,False,0.157682684258353,False,0.28035879135131836,valid,False,0.016974002431767544,0.157682684258353,0.003497319420181642,0.0006784101690315921,0.0001673528577236666,0.030306987233855068,0.7361911024150571,0.04524068511357076,0.008326589096979612,0.0009348670034799679
P11,20,A,beta,1799551287-β-7,P11-T20-Aβ,8,64,E4,9,9,R1,R,False,64,True,R3,False,0.008741882092294165,False,0.2894461154937744,valid,False,0.0005246041996548097,0.0013412131071490812,3.193404137998453e-05,6.194566697408499e-06,1.5242341215085585e-06,0.008741882092294165,0.22405317050984563,0.5758903567613622,0.17461832263188667,0.014790797855608473
P11,20,A,beta,1799551287-β-7,P11-T20-Aβ,9,59,B3,6,6,L2,L,False,59,True,L2,True,0.8872881714301818,False,0.2598559856414795,valid,False,0.026991347752310275,0.8872881714301818,0.029611707677743543,0.0057440803076342205,0.0012456227449409874,0.01088651310664893,0.032966188292571634,0.004170494772239559,0.0009775637831513169,0.00011831013257767903
P11,20,A,beta,1799551287-β-7,P11-T20-Aβ,10,57,A3,5,5,L3,L,False,57,True,L2,False,0.11161472889469107,False,0.3712728023529053,valid,False,0.027517870657242687,0.8247274932698081,0.11161472889469107,0.02441146796821777,0.005602658335226908,0.0018074712756157075,0.003718659043496969,0.00048435024880656897,0.00010072390108028906,1.4576405814103839e-05
P11,20,A,beta,1799551287-β-7,P11-T20-Aβ,11,62,D4,8,8,R1,R,False,62,True,R2,False,0.03925793456590808,False,0.2785990238189697,valid,False,0.006880586941107094,0.0037062487499843265,0.00048198300655807294,0.00010541541284321779,2.47463095345747e-05,0.03925793456590808,0.6993515708244269,0.20238130738747334,0.04306713464933624,0.004743072152828264
P11,20,A,beta,1799551287-β-7,P11-T20-Aβ,12,64,E4,9,9,R3,R,False,64,True,R3,True,0.5553132245050195,False,0.2892012596130371,valid,False,0.0006109076858260431,0.00020178173482573132,2.6240069219484704e-05,5.5139850538186395e-06,1.315969426762338e-06,0.010915194203026822,0.28133111561957036,0.5553132245050195,0.14177601736088685,0.009818688867144817
P11,20,A,beta,1799551287-β-7,P11-T20-Aβ,13,59,B3,6,6,L2,L,False,59,True,L2,True,0.8762747627609427,False,0.551854133605957,valid,False,0.02170124259965915,0.8762747627609427,0.04027293671681049,0.007812145967505316,0.0015713094003628556,0.012279766982041805,0.034670774381386195,0.004285110709525349,0.0010002119281656413,0.0001317385536005207
P11,20,A,beta,1799551287-β-7,P11-T20-Aβ,14,60,C4,7,7,R2,R,False,60,True,R2,True,0.7095904239652164,False,0.277742862701416,valid,False,0.012242916472730842,0.2039329332740532,0.004094598048334422,0.0008955372654620768,0.00020760235076003485,0.0207707542625415,0.7095904239652164,0.04166529615413459,0.0060000768957151306,0.0005998613110515951
P11,20,A,beta,1799551287-β-7,P11-T20-Aβ,15,62,D4,8,8,R4,R,False,62,True,R2,False,0.025020861538766676,False,0.27339792251586914,valid,False,0.005593169659880443,0.023110333310238936,0.0005761972504054098,0.00012602118789284492,2.748690357572572e-05,0.03547026612980421,0.7983738042840167,0.10871119423985186,0.025020861538766676,0.0029906654955671875
P11,20,A,beta,1799551287-β-7,P11-T20-Aβ,16,57,A3,5,5,L3,L,False,57,True,L2,False,0.09436100841731941,False,0.37283992767333984,valid,False,0.02520142841401775,0.8516093747865245,0.09436100841731941,0.02063787420566575,0.0044077529691709605,0.0011317615537476439,0.002332699655661705,0.00025337819649972726,5.6990848996180814e-05,7.730952396448121e-06
P11,20,A,beta,1799551287-β-7,P11-T20-Aβ,17,60,C4,7,7,R3,R,False,60,True,R2,False,0.04533528978186986,False,0.2881462574005127,valid,False,0.03365831867218229,0.03843962675277447,0.004637084151557569,0.001055575117101779,0.0002264390077959206,0.0372647594135106,0.8318977071460327,0.04533528978186986,0.006780027950420851,0.0007051720067539417
P11,20,A,beta,1799551287-β-7,P11-T20-Aβ,18,62,D4,8,8,R1,R,False,62,True,R2,False,0.033960149769373255,False,0.26516199111938477,valid,False,0.0071009436087421844,0.004071304276925532,0.00047009887766366864,0.00010281621258793929,2.344218948955804e-05,0.033960149769373255,0.800460967904533,0.12214242374681034,0.028355824467906837,0.003312028945967611
P11,20,A,beta,1799551287-β-7,P11-T20-Aβ,19,59,B3,6,6,L5,L,False,59,True,L2,False,0.001112621546118128,False,0.29628586769104004,valid,False,0.02886550235204177,0.8957388554381356,0.028959871754427817,0.005617637147662713,0.001112621546118128,0.009500181057321354,0.026494078135135258,0.002961755326328228,0.0006565808818106213,9.291636101829131e-05
P11,20,A,beta,1799551287-β-7,P11-T20-Aβ,20,52,E3,2,2,L4,L,False,52,True,L3,True,0.44575902340333523,False,0.44475388526916504,valid,False,0.001214571243935711,0.027696047177618983,0.44575902340333523,0.44575902340333523,0.07956113830987324,4.030484669381234e-06,5.453733522914746e-06,5.529618753781468e-07,1.3531576168933918e-07,2.3966072200494513e-08
P11,20,A,beta,1799551287-β-7,P11-T20-Aβ,21,50,D3,1,1,L2,L,False,50,True,L4,False,0.014594136273033891,False,0.7583198547363281,valid,False,0.00033580706930600595,0.014594136273033891,0.3726426147385772,0.5341196208234793,0.07830565502314482,8.974112861801717e-07,1.129017624743143e-06,1.0952254088150681e-07,2.5825966955879816e-08,4.2950401370648616e-09
P11,20,A,beta,1799551287-β-7,P11-T20-Aβ,22,52,E3,2,2,L4,L,False,52,True,L3,False,0.20610760368464973,False,0.43731117248535156,valid,False,0.0022086748552731074,0.11306165925150119,0.631689755483547,0.20610760368464973,0.04691785846110067,5.649454787934988e-06,7.79278490661311e-06,7.836080337363994e-07,1.9199263129411846e-07,3.042356870924107e-08
P11,20,A,beta,1799551287-β-7,P11-T20-Aβ,23,55,G3,4,4,L2,L,False,55,True,L2,True,0.9222591631572029,False,0.2802560329437256,valid,False,0.03639712019343225,0.9222591631572029,0.029571949857371913,0.00822210510748091,0.0028033851030448845,0.0002461279182981362,0.0004425671840331662,4.5357772499684595e-05,1.0619440920425225e-05,1.6042657158061673e-06
P11,20,A,beta,1799551287-β-7,P11-T20-Aβ,24,57,A3,5,5,L1,L,False,57,True,L2,False,0.04018030851258197,False,0.266268253326416,valid,False,0.04018030851258197,0.9470738162553658,0.006131117525279103,0.0012883689488323066,0.0005179958827061242,0.001360572164506324,0.003056638158924922,0.00030525036740247977,7.436138620183078e-05,1.1570798199096633e-05
P11,20,A,beta,1799551287-β-7,P11-T20-Aβ,25,64,E4,9,9,R3,R,False,64,True,R3,True,0.5649903521797801,False,0.3320610523223877,valid,False,0.00026526432327109243,9.602071353610416e-05,2.421928041181718e-06,3.6956225593948057e-07,1.7398817932340234e-07,0.015711724640049902,0.2946109968396424,0.5649903521797801,0.11656570234440712,0.007756973480836957
P11,20,A,beta,1799551287-β-7,P11-T20-Aβ,26,60,C4,7,7,L2,L,False,60,True,R2,False,0.01686839412414536,False,0.29073095321655273,valid,False,0.022815545993922763,0.01686839412414536,0.00037735899653114016,5.9931184547366103e-05,2.610155097535858e-05,0.038448240349342105,0.8556218496391415,0.05829064986432031,0.006806668726257118,0.0006852595708171088
P11,20,A,beta,1799551287-β-7,P11-T20-Aβ,27,60,C4,7,7,R1,R,False,60,True,R2,False,0.04180299325565586,False,0.29168200492858887,valid,False,0.020035824203515552,0.013998680693022122,0.0003008820621730246,4.973547036301921e-05,2.2823843673356798e-05,0.04180299325565586,0.86995449387727,0.046477256664888125,0.006789254141069993,0.0005680557883691549
P11,20,A,beta,1799551287-β-7,P11-T20-Aβ,28,62,D4,8,8,R2,R,False,62,True,R2,True,0.8103624361999552,False,0.2920713424682617,valid,False,0.00429045704703099,0.0018542524069178684,4.1481057558905536e-05,6.587914793698405e-06,3.19259463051154e-06,0.023986270392795588,0.8103624361999552,0.1286996763310106,0.028148149060494627,0.0026074969948121003
P11,20,A,beta,1799551287-β-7,P11-T20-Aβ,29,64,E4,9,9,R3,R,False,64,True,R3,True,0.589541004485194,False,0.32637906074523926,valid,False,0.0003392728511443545,0.00010428208202835701,2.63030433076635e-06,4.0135841600442735e-07,1.8415468618713517e-07,0.0065390309966807105,0.24976184741233537,0.589541004485194,0.14537902182513385,0.008332324530050237
P11,21,B,alpha,1799551287-α-1,P11-T21-Bα,0,57,A3,5,5,L5,L,False,57,True,L5,True,0.35349939015668375,True,0.700836181640625,valid,False,0.001880476487343606,0.014151114643488925,0.12267450182797253,0.5054093273838067,0.35349939015668375,0.0014275926046647504,0.0008407740003816843,8.80367951198135e-05,2.5476459105607655e-05,3.309641432495398e-06
P11,21,B,alpha,1799551287-α-1,P11-T21-Bα,1,59,B3,6,6,L4,L,False,59,True,L4,True,0.5285392527004587,False,0.5547661781311035,valid,False,0.0023004602442396067,0.038952631988334374,0.38685062458789765,0.5285392527004587,0.03697606152071641,0.0032302207050430615,0.0028092978090479338,0.00026661186577151935,6.316775179530475e-05,1.1670826695417644e-05
P11,21,B,alpha,1799551287-α-1,P11-T21-Bα,2,57,A3,5,5,L3,L,False,57,True,L3,True,0.6034923852215618,False,0.5625758171081543,valid,False,0.012942170614231724,0.2711666083042356,0.6034923852215618,0.09943671780942516,0.011877756973876654,0.0005867719295530922,0.000430017078821664,5.628841277215674e-05,9.684132310201367e-06,1.5995232119492837e-06
P11,21,B,alpha,1799551287-α-1,P11-T21-Bα,3,62,D4,8,8,R3,R,False,62,True,R3,True,0.6948545275713335,False,0.6666350364685059,valid,False,0.004102991431475285,0.007028909527103282,0.001154540594083987,0.00025251175189503996,3.855888531845762e-05,0.005051595376475706,0.17134901688017012,0.6948545275713335,0.11030904089868039,0.005858307083464122
P11,21,B,alpha,1799551287-α-1,P11-T21-Bα,4,59,B3,6,6,L4,L,False,59,True,L4,True,0.49304242425540756,False,0.6940770149230957,valid,False,0.0028102874496371078,0.05477661522417938,0.40366899531002365,0.49304242425540756,0.029258244355827974,0.003431522047870803,0.010235814342909766,0.0022268660172915225,0.00048682322940759887,6.24077674446219e-05
P11,21,B,alpha,1799551287-α-1,P11-T21-Bα,5,60,C4,7,7,L2,L,False,60,True,L2,True,0.5616161739606871,False,0.5239827632904053,valid,False,0.012554896425549893,0.5616161739606871,0.28452429691583303,0.04167306248666966,0.003915906847240266,0.016261500001128665,0.06405415466157255,0.012563787298407144,0.0025365849083738793,0.0002996364945377834
P11,21,B,alpha,1799551287-α-1,P11-T21-Bα,6,59,B3,6,6,L3,L,False,59,True,L3,True,0.6550579185590427,False,0.5116760730743408,valid,False,0.007424042031266093,0.205351605145983,0.6550579185590427,0.11435245996375219,0.0118641750414003,0.0021129394333637957,0.003288244176806243,0.0004514564608535416,8.413973561795474e-05,1.3019451914323153e-05
P11,21,B,alpha,1799551287-α-1,P11-T21-Bα,7,57,A3,5,4,L4,L,False,55,False,L4,True,0.6123451819142512,False,0.5800108909606934,valid,False,0.0028013926898937122,0.03195996139278829,0.2424147081814314,0.6123451819142512,0.11035362670830526,6.179700623606683e-05,5.441372170711813e-05,7.426475795157517e-06,1.2776870168630562e-06,2.1422257479852548e-07
P11,21,B,alpha,1799551287-α-1,P11-T21-Bα,8,59,B3,6,6,L3,L,False,59,True,L3,True,0.7276215342375907,False,0.5082721710205078,valid,False,0.004800242707338397,0.15581454417689639,0.7276215342375907,0.09610066002291404,0.009375120801975311,0.0021497124150326326,0.0035754367406645327,0.0004717370626213319,7.79776119842232e-05,1.30342229824877e-05
P11,21,B,alpha,1799551287-α-1,P11-T21-Bα,9,64,E4,9,9,R2,R,False,64,True,R2,True,0.7782578721093268,False,0.5177922248840332,valid,False,0.0010582039600537517,0.005696334677751342,0.0020011122758093777,0.00023153121022479915,3.77213841557889e-05,0.03436566393268333,0.7782578721093268,0.1393596392404127,0.03436566393268333,0.004626257276898745
P11,21,B,alpha,1799551287-α-1,P11-T21-Bα,10,65,F4,10,10,R3,R,False,65,True,R3,True,0.4836665020080849,False,0.4055039882659912,valid,False,0.00013067059843268358,0.00051156005027513,0.00014321181394989584,1.797662803499498e-05,3.490917025268245e-06,0.020421518076468602,0.3512139646979713,0.4836665020080849,0.12920439706469633,0.014686708145060989
P11,21,B,alpha,1799551287-α-1,P11-T21-Bα,11,67,G4,11,11,R2,R,False,67,True,R2,True,0.8325715896461261,False,1.1189708709716797,valid,False,4.954981486297969e-05,0.00013982522101850815,3.777148740819251e-05,4.722198573932152e-06,1.0063782628063514e-06,0.07552919057960919,0.8325715896461261,0.06972223045338874,0.01789496183910163,0.004049152381648163
P11,21,B,alpha,1799551287-α-1,P11-T21-Bα,12,69,A4,12,12,R1,R,False,69,True,R2,True,0.4516967039970174,False,0.694025993347168,valid,False,6.185264810663773e-06,1.467210048171826e-05,3.6711235931361316e-06,4.969659455421694e-07,9.82894429235294e-08,0.4516967039970174,0.4893171979513727,0.0426493036084325,0.011393134598071848,0.004918536100831556
P11,21,B,alpha,1799551287-α-1,P11-T21-Bα,13,67,G4,11,11,R2,R,False,67,True,R2,True,0.8105956495645845,False,0.8304538726806641,valid,False,4.7114290094503666e-05,5.940819928401688e-05,9.445369545461586e-06,1.98481284732265e-06,3.936411177086808e-07,0.07343762335603422,0.8105956495645845,0.09729711588153918,0.01545247751193285,0.0030987873730201287
P11,21,B,alpha,1799551287-α-1,P11-T21-Bα,14,57,A3,5,5,L4,L,False,57,True,L4,True,0.49636740042110883,False,0.725182056427002,valid,False,0.0029692923685108114,0.034875033229087804,0.3890843194154996,0.49636740042110883,0.07668940497258002,4.7528236078038015e-06,7.609884777156184e-06,1.8131608680765476e-06,2.8796154218570734e-07,8.576241779022654e-08
P11,21,B,alpha,1799551287-α-1,P11-T21-Bα,15,59,B3,6,6,L3,L,False,59,True,L3,True,0.6983886849691424,False,0.4752352237701416,valid,False,0.005522197081072273,0.13547346664579465,0.6983886849691424,0.14771981409691098,0.01273345388010577,4.859143623245066e-05,9.32382264489888e-05,1.740105927106288e-05,2.4510857312754256e-06,7.015192900811928e-07
P11,21,B,alpha,1799551287-α-1,P11-T21-Bα,16,57,A3,5,5,L2,L,False,57,True,L2,True,0.7401106534160036,False,0.6729238033294678,valid,False,0.019323255946602336,0.7401106534160036,0.1977096828884269,0.036847939701407026,0.005990422088351128,5.785202178452987e-06,1.0113914479335853e-05,1.8122242996610151e-06,2.5526705320499705e-07,7.935119847076272e-08
P11,21,B,alpha,1799551287-α-1,P11-T21-Bα,17,65,F4,10,10,R1,R,False,65,True,R1,True,0.5537971687444566,False,0.6331391334533691,valid,False,0.0002081736338644102,8.688225205479838e-05,1.2238096830503106e-05,2.373946540741026e-06,5.522866760671922e-07,0.5537971687444566,0.41855089620127317,0.022573993155003233,0.0038837395782950067,0.0008839821050055303
P11,21,B,alpha,1799551287-α-1,P11-T21-Bα,18,64,E4,9,9,R3,R,False,64,True,R3,True,0.6155543462844105,False,0.5723598003387451,valid,False,0.0006728221087404281,0.00042423116912757025,5.975653258879832e-05,1.2557002986790535e-05,2.9257706363975606e-06,0.011734382855918005,0.17813171309849768,0.6155543462844105,0.18540140621826381,0.008005858958829904
P11,21,B,alpha,1799551287-α-1,P11-T21-Bα,19,65,F4,10,10,R4,R,False,65,True,R4,True,0.46383970968633215,False,0.8166561126708984,valid,False,0.00010588013033123502,5.07694257592193e-05,6.870894614884124e-06,1.5640745672610087e-06,3.37185889404547e-07,0.004460690842292694,0.05082246496852454,0.4260747559210078,0.46383970968633215,0.05463695687068088
P11,21,B,alpha,1799551287-α-1,P11-T21-Bα,20,64,E4,9,9,R5,R,False,64,True,R4,True,0.43271301025578557,False,0.6902508735656738,valid,False,0.0008418105018176163,0.0005016135454165829,6.266668667057697e-05,1.4847477616894606e-05,3.2060069840006275e-06,0.0027395242726804036,0.01264379346663478,0.10796979728734746,0.44250973049904624,0.43271301025578557
P11,21,B,alpha,1799551287-α-1,P11-T21-Bα,21,65,F4,10,10,R4,R,False,65,True,R4,True,0.4774698478313872,False,0.47797513008117676,valid,False,0.00010296300082566673,5.225674404660668e-05,7.072798938350341e-06,1.6100356007295558e-06,3.482576049795958e-07,0.004160763064038887,0.05206468186766687,0.390919248087021,0.4774698478313872,0.07522120831286969
P11,21,B,alpha,1799551287-α-1,P11-T21-Bα,22,64,E4,9,9,R5,R,False,64,True,R5,True,0.4720554880395414,False,0.7616281509399414,valid,False,0.0006753824460123179,0.00039736363437641725,4.964272316264573e-05,1.043172680910557e-05,2.4445155790627697e-06,0.0038899547419334398,0.01741599345700006,0.10324414653527673,0.4022591521803089,0.4720554880395414
P11,21,B,alpha,1799551287-α-1,P11-T21-Bα,23,59,B3,6,6,L2,L,False,59,True,L2,True,0.8642211503242684,False,0.5895190238952637,valid,False,0.02361373884454021,0.8642211503242684,0.04851284930969504,0.007704685860478672,0.0019682386096768513,0.006529804252182916,0.034017910215579504,0.010566238144973747,0.00261512680967329,0.00025025762893137073
P11,21,B,alpha,1799551287-α-1,P11-T21-Bα,24,57,A3,5,5,L3,L,False,57,True,L3,True,0.39271954724492536,True,0.8888099193572998,valid,False,0.011168482365932335,0.5408249921084334,0.39271954724492536,0.043514566185363535,0.007485108851278608,0.0007642894080833777,0.0025908048482302607,0.0007335480352157332,0.00018126657006784115,1.739438246964061e-05
P11,21,B,alpha,1799551287-α-1,P11-T21-Bα,25,59,B3,6,5,L4,L,False,57,False,L3,True,0.4150473704060109,False,2.076003074645996,valid,False,0.0012434486387055343,0.021141952947664633,0.42690753906500667,0.4150473704060109,0.13168833074090108,0.0006839254218977862,0.0024523269477539824,0.0006613529920528558,0.00015624694447871466,1.7505895527938198e-05
P11,21,B,alpha,1799551287-α-1,P11-T21-Bα,26,60,C4,7,6,L5,L,False,59,False,L5,True,0.7340847997635285,False,1.244326114654541,valid,False,0.0027141577862899746,0.010386946469838336,0.04646152510296649,0.204102956029975,0.7340847997635285,0.000754393964868609,0.0012045869597627375,0.0002366021011101132,4.409647432317023e-05,9.935347337114063e-06
P11,21,B,alpha,1799551287-α-1,P11-T21-Bα,27,65,F4,10,11,R5,R,False,67,False,R5,True,0.6624786039222169,False,0.9452967643737793,valid,False,4.505467057885521e-05,2.098364952375121e-05,2.518701624449509e-06,5.7335141551824e-07,8.07613750227453e-08,0.0025138656201039665,0.013518876302419809,0.06776109846820072,0.2536583445525408,0.6624786039222169
P11,21,B,alpha,1799551287-α-1,P11-T21-Bα,28,60,C4,7,6,L5,L,False,59,False,L5,True,0.32582281746081493,True,1.152090072631836,valid,False,0.002690803177794255,0.021788646925577134,0.11986351600838945,0.5265539149487907,0.32582281746081493,0.0007917635948054528,0.001866536700246061,0.00052014572249035,8.597950964086868e-05,1.5875951450914755e-05
P11,21,B,alpha,1799551287-α-1,P11-T21-Bα,29,59,B3,6,5,L4,L,False,57,False,L4,True,0.49673768595975076,False,0.8891098499298096,valid,False,0.0038909360417497827,0.051166778738526084,0.3907477034176681,0.49673768595975076,0.057011478883280536,0.0001083018035940821,0.00025461428428488026,6.911815081594843e-05,1.1425153485808234e-05,1.9575668439080034e-06
P11,22,A,alpha,1799551287-α-8,P11-T22-Aα,0,59,B3,6,6,L2,L,False,59,True,R2,False,0.232855297041386,False,0.505695104598999,valid,False,0.01822455694908811,0.232855297041386,0.05785926076216315,0.015308537924423124,0.003408845777518152,0.02371260543902624,0.5986548468486437,0.037248082138694814,0.010326989261729976,0.002400977857326602
P11,22,A,alpha,1799551287-α-8,P11-T22-Aα,1,64,E4,9,9,R4,R,False,64,True,R3,False,0.2778836030510417,False,0.3543863296508789,valid,False,0.0002008246641648948,0.00022847491041147217,3.894812759241686e-05,8.096844669938127e-06,1.7150356601506578e-06,0.010007903099746002,0.2217613198065603,0.464416472559677,0.2778836030510417,0.02545264190047632
P11,22,A,alpha,1799551287-α-8,P11-T22-Aα,2,65,F4,10,10,R5,R,False,65,True,R4,False,0.06533114679406171,False,0.35892677307128906,valid,False,2.68586435863448e-05,2.357410953020657e-05,2.3487407046239384e-06,5.345364865265883e-07,1.1710983296072364e-07,0.003544733295981783,0.051467217867985464,0.43100687237890367,0.44859659652292666,0.06533114679406171
P11,22,A,alpha,1799551287-α-8,P11-T22-Aα,3,64,E4,9,9,R3,R,False,64,True,R3,True,0.592707461115224,False,0.3045499324798584,valid,False,0.00024263342489444154,0.00023052639616334962,2.5853764941289847e-05,5.885291287253678e-06,1.3381676750514559e-06,0.008837610981638742,0.21275335254400174,0.592707461115224,0.17035091671584254,0.014844421598331587
P11,22,A,alpha,1799551287-α-8,P11-T22-Aα,4,60,C4,7,7,L2,L,False,60,True,R2,False,0.03372635016021172,False,0.30595874786376953,valid,False,0.01640941775781169,0.03372635016021172,0.0037097530591689706,0.0008441350046112888,0.0001788968135419184,0.04300805102008505,0.7974506591853391,0.08744109035429622,0.01559424523214352,0.0016374014127906395
P11,22,A,alpha,1799551287-α-8,P11-T22-Aα,5,59,B3,6,6,L1,L,False,59,True,L2,False,0.02901444812125277,False,0.3116300106048584,valid,False,0.02901444812125277,0.8597317062451099,0.02786005303545563,0.00561209912360598,0.0009507399821074202,0.01212655272872822,0.053487675386345135,0.008950534202937087,0.0020065599792106707,0.00025963119524726174
P11,22,A,alpha,1799551287-α-8,P11-T22-Aα,6,60,C4,7,7,L2,L,False,60,True,R2,False,0.07348784534074324,False,0.2879788875579834,valid,False,0.021144100469371433,0.07348784534074324,0.0028847171758836308,0.0006817196208987017,0.00015275543874364422,0.040782560080242,0.7727932126562557,0.07358207059640134,0.012880099531495931,0.0016109190899646737
P11,22,A,alpha,1799551287-α-8,P11-T22-Aα,7,65,F4,10,10,R4,R,False,65,True,R3,True,0.4198826336412124,False,0.33174705505371094,valid,False,4.872458834587569e-05,6.584938932695049e-05,2.685133661380006e-06,6.361827001526844e-07,1.3494653084301776e-07,0.00348319219225363,0.0436131128591596,0.47341634746332345,0.4198826336412124,0.0594866836034857
P11,22,A,alpha,1799551287-α-8,P11-T22-Aα,8,60,C4,7,7,L2,L,False,60,True,R2,False,0.13339665220030533,False,0.2857382297515869,valid,False,0.02035546321064371,0.13339665220030533,0.00373934869107018,0.0007850357716178119,0.00017467760083950573,0.03719752493203497,0.7266898603145197,0.06661377909654945,0.010164603597208185,0.0008830545852112116
P11,22,A,alpha,1799551287-α-8,P11-T22-Aα,9,65,F4,10,10,R4,R,False,65,True,R3,False,0.33931544058994256,False,0.5513947010040283,valid,False,7.364381683565489e-05,0.0001746378021744515,4.115191857290207e-06,7.982177172394992e-07,1.8290487762013308e-07,0.002657501606342191,0.04297008054762464,0.5707379530420431,0.33931544058994256,0.04406564628058538
P11,22,A,alpha,1799551287-α-8,P11-T22-Aα,10,64,E4,9,9,R2,R,False,64,True,R3,False,0.22324842517911,False,0.28978395462036133,valid,False,0.0004971178987048469,0.0015506573500490345,3.5241727596866644e-05,7.114687998701552e-06,1.6220776549522367e-06,0.009373072068948511,0.22324842517911,0.5866776639934955,0.1651675871930096,0.013441497823431982
P11,22,A,alpha,1799551287-α-8,P11-T22-Aα,11,65,F4,10,10,R3,R,False,65,True,R4,True,0.4143660665536503,False,0.35364413261413574,valid,False,6.190408607319139e-05,0.000155476490194776,3.249385369528788e-06,6.828130753700255e-07,1.6283649964557074e-07,0.0038595347716503243,0.044418817113985265,0.4143660665536503,0.469050567473261,0.06808353847624052
P11,22,A,alpha,1799551287-α-8,P11-T22-Aα,12,64,E4,9,9,R2,R,False,64,True,R3,False,0.21149152260639126,False,0.2478179931640625,valid,False,0.0003755796820721899,0.0012068877994853427,2.742608455388838e-05,5.320113041636851e-06,1.2131341311840617e-06,0.011734813818601664,0.21149152260639126,0.5804126247448272,0.17996399068177954,0.01478062133511607
P11,22,A,alpha,1799551287-α-8,P11-T22-Aα,13,59,B3,6,6,L2,L,False,59,True,L2,True,0.9022605335384136,False,0.3621401786804199,valid,False,0.027502881414577497,0.9022605335384136,0.021777626069289166,0.004560184483564234,0.001026838008857481,0.009327678625210736,0.02869487992742202,0.0038996356108845255,0.0008469868400365362,0.00010275548174405318
P11,22,A,alpha,1799551287-α-8,P11-T22-Aα,14,60,C4,7,7,L3,L,False,60,True,R2,False,0.00323918706627909,False,0.31420111656188965,valid,False,0.011176462764301292,0.19310912592536675,0.00323918706627909,0.0006800221361919078,0.00018253690852361324,0.02775061525371366,0.708705489190089,0.04724384556449095,0.007138377739620986,0.0007743374514226299
P11,22,A,alpha,1799551287-α-8,P11-T22-Aα,15,65,F4,10,10,R3,R,False,65,True,R4,True,0.4118660728761469,False,0.2884087562561035,valid,False,6.367955245064363e-05,0.0002466730829419211,4.430238896825671e-06,8.256319451848303e-07,2.2893308603291549e-07,0.004306119363347246,0.02743039101625647,0.4118660728761469,0.46437770044021737,0.0917038788647115
P11,22,A,alpha,1799551287-α-8,P11-T22-Aα,16,60,C4,7,7,L3,L,False,60,True,R2,False,0.004209207234497289,False,0.2981560230255127,valid,False,0.011219335912696398,0.21214591678171424,0.004209207234497289,0.0007841564567573103,0.00020120320074096495,0.04004976642922234,0.6760874847312239,0.04639883376853625,0.007885422703428173,0.001018672781183213
P11,22,A,alpha,1799551287-α-8,P11-T22-Aα,17,59,B3,6,6,L1,L,False,59,True,L2,False,0.019042697972229312,False,0.3323171138763428,valid,False,0.019042697972229312,0.8831587497856775,0.023184987275680555,0.0050679356730323494,0.0011439316954149601,0.0128115560256756,0.05102443216708995,0.003537799660368105,0.00089385129489464,0.00013405844993705704
P11,22,A,alpha,1799551287-α-8,P11-T22-Aα,18,60,C4,7,7,L2,L,False,60,True,R2,False,0.09876784555396514,False,0.30765700340270996,valid,False,0.018365492171434447,0.09876784555396514,0.003554201830565401,0.0007456158996515747,0.00018513930550077986,0.038822942823481546,0.7786981273562812,0.05183836529118666,0.008108278029514233,0.0009139917384190778
P11,22,A,alpha,1799551287-α-8,P11-T22-Aα,19,59,B3,6,6,L1,L,False,59,True,L2,False,0.021087769313392672,False,0.29811978340148926,valid,False,0.021087769313392672,0.9006855687968928,0.021178884401031755,0.00463207377089248,0.0010167396440627508,0.009898107276091278,0.037195505126620815,0.0033635759083878733,0.0008185609219640578,0.00012321484066379242
P11,22,A,alpha,1799551287-α-8,P11-T22-Aα,20,60,C4,7,7,L3,L,False,60,True,R2,False,0.0028337746267778296,False,0.30649900436401367,valid,False,0.024285885486094946,0.05911089319347097,0.0028337746267778296,0.0007569219781749563,0.0001895229874261674,0.036994516811800035,0.8209455531112116,0.046600422766258795,0.0073121230645233825,0.0009703859742610389
P11,22,A,alpha,1799551287-α-8,P11-T22-Aα,21,59,B3,6,6,L4,L,False,59,True,L2,False,0.004354936075638886,False,0.28040385246276855,valid,False,0.019834607494249937,0.8813558688389745,0.01913099762415513,0.004354936075638886,0.000929491448112336,0.010579085382597199,0.057884082163069096,0.00471696719092873,0.0010592629471442869,0.00015470083512969857
P11,22,A,alpha,1799551287-α-8,P11-T22-Aα,22,57,A3,5,5,L5,L,False,57,True,L2,False,0.004015101725668263,False,0.3527543544769287,valid,False,0.032786801900271036,0.8713345948573984,0.06735829469471892,0.016607062195821233,0.004015101725668263,0.002031991536005046,0.005283887180320215,0.00045385661960179607,0.00011072832758385203,1.7680962611326726e-05
P11,22,A,alpha,1799551287-α-8,P11-T22-Aα,23,62,D4,8,8,R4,R,False,62,True,R2,False,0.040956356323352254,False,0.3329479694366455,valid,False,0.00453811086845549,0.002762087711772591,0.00029420354807458316,6.434581314742867e-05,1.4583278465557675e-05,0.02926863863962867,0.7180337612549719,0.1996401686135857,0.040956356323352254,0.004427743948545961
P11,22,A,alpha,1799551287-α-8,P11-T22-Aα,24,64,E4,9,9,R5,R,False,64,True,R3,False,0.013155069127312916,False,0.2821781635284424,valid,False,0.00041112715931297466,0.000227661901814349,2.239381184824155e-05,4.5212326367874215e-06,1.0699690249439577e-06,0.010584742241407168,0.274062763608054,0.5561451853746505,0.1453854655739382,0.013155069127312916
P11,22,A,alpha,1799551287-α-8,P11-T22-Aα,25,65,F4,10,10,R4,R,False,65,True,R3,True,0.43490898411824,False,0.29440999031066895,valid,False,6.218066658795327e-05,3.065541785430825e-05,3.012866816648718e-06,6.082873194630183e-07,1.4546837779792384e-07,0.003634996898092972,0.043206050580408994,0.4526579564633305,0.43490898411824,0.06549540923297117
P11,22,A,alpha,1799551287-α-8,P11-T22-Aα,26,64,E4,9,9,R5,R,False,64,True,R3,False,0.014257542856055879,False,0.2676379680633545,valid,False,0.0004131024096461563,0.0002202020148520881,2.2543881255558728e-05,4.55153112758228e-06,1.073675185335194e-06,0.01047893494140501,0.2543687769953609,0.5598721247147266,0.16036114698038487,0.014257542856055879
P11,22,A,alpha,1799551287-α-8,P11-T22-Aα,27,59,B3,6,6,L2,L,False,59,True,L2,True,0.8816022975922285,False,0.2864398956298828,valid,False,0.03267501431789557,0.8816022975922285,0.026903684005999923,0.005653434457847675,0.001154339972838015,0.011214260961139859,0.035181782198912284,0.004447149055256666,0.001044472159607679,0.00012356527827351983
P11,22,A,alpha,1799551287-α-8,P11-T22-Aα,28,60,C4,7,7,L3,L,False,60,True,R2,False,0.0036951746164213908,False,0.2911369800567627,valid,False,0.025967645099731488,0.06809718710930975,0.0036951746164213908,0.0008081786129754484,0.0001735016455673226,0.04520430459010059,0.7898185930641757,0.056093941428650596,0.009182869424175961,0.0009586044088917893
P11,22,A,alpha,1799551287-α-8,P11-T22-Aα,29,57,A3,5,5,L3,L,False,57,True,L2,False,0.09974255154465855,False,0.28731870651245117,valid,False,0.03525447183397452,0.8289021147098025,0.09974255154465855,0.022705163867129362,0.004830108381588688,0.002493556335672663,0.005476044867853706,0.00046888036974222503,0.00011013354827380855,1.697454130410233e-05
P11,23,C,beta,1799551287-β-2,P11-T23-Cβ,0,57,A3,5,5,L1,L,False,57,True,L1,True,0.5232174621663608,False,0.5236721038818359,valid,False,0.5232174621663608,0.428374226823015,0.030569328671325644,0.005929839668467919,0.001197213981330255,0.0011920651085984605,0.006700993198776651,0.0022695914500917946,0.0004949055661521821,5.4373365881347676e-05
P11,23,C,beta,1799551287-β-2,P11-T23-Cβ,1,60,C4,7,7,R5,R,False,60,True,R5,True,0.4423835712852534,False,0.5690000057220459,valid,False,0.0031961526143163945,0.003799322134296595,0.0005128239418899672,9.939318788472605e-05,2.2701315270186214e-05,0.004419504158860029,0.018529483160373374,0.0990725563840864,0.42796449181776886,0.4423835712852534
P11,23,C,beta,1799551287-β-2,P11-T23-Cβ,2,60,C4,7,7,R5,R,False,60,True,R4,False,0.10209961086833416,False,0.3449568748474121,valid,False,0.0028444099612435093,0.0069200182363988415,0.0015411363189528947,0.00028519782411995094,6.240117250547423e-05,0.005549394008189845,0.039919669256036835,0.26616978029363214,0.5746083820605863,0.10209961086833416
P11,23,C,beta,1799551287-β-2,P11-T23-Cβ,3,60,C4,7,7,L2,L,False,60,True,L2,True,0.5557665228923078,False,0.500885009765625,valid,False,0.024392504466902505,0.5557665228923078,0.044306767433646886,0.008257628412062209,0.0011260762330056356,0.017605815951763207,0.19050012031934752,0.12597209677839888,0.02852934916900047,0.0035431183435648337
P11,23,C,beta,1799551287-β-2,P11-T23-Cβ,4,64,E4,9,9,R3,R,False,64,True,R3,True,0.5544261968816983,False,0.3589811325073242,valid,False,0.0008405819193600005,0.0025815499056232706,0.00023643870016472015,4.773615028243937e-05,7.408070265197279e-06,0.011592109125949277,0.20331140188767635,0.5544261968816983,0.21228584658423913,0.01467073077474135
P11,23,C,beta,1799551287-β-2,P11-T23-Cβ,5,59,B3,6,6,L5,L,False,59,True,L5,True,0.4319505234274988,False,0.577301025390625,valid,False,0.002945816516907593,0.020642160032531172,0.11119816394208341,0.43052291504964424,0.4319505234274988,0.0005799040745436584,0.0016076170054130788,0.00044380807531433785,9.210199451074622e-05,1.6989881553037013e-05
P11,23,C,beta,1799551287-β-2,P11-T23-Cβ,6,57,A3,5,5,L4,L,False,57,True,L4,True,0.4627398527505616,False,0.4784200191497803,valid,False,0.0040512059429511724,0.05213254047118501,0.41338469262698724,0.4627398527505616,0.06723292884743319,0.00014987112151313318,0.00023716782675873581,5.682284158065124e-05,1.2850662883065102e-05,2.0669081460101917e-06
P11,23,C,beta,1799551287-β-2,P11-T23-Cβ,7,60,C4,7,7,R3,R,False,60,True,R3,True,0.6239611798108776,False,0.4270780086517334,valid,False,0.006368079078432404,0.04101737542098513,0.019226290419745957,0.004065837039247698,0.0007925087166375971,0.008637283767203054,0.11173032491504442,0.6239611798108776,0.17537341018109662,0.008827710650729527
P11,23,C,beta,1799551287-β-2,P11-T23-Cβ,8,60,C4,7,7,R3,R,False,60,True,R3,True,0.6402550242144878,False,0.3697018623352051,valid,False,0.008982681035574905,0.05096805498329395,0.015178785589604058,0.0028133126809799782,0.0006636571038436298,0.010621004108518408,0.12682821844288,0.6402550242144878,0.13673217695178544,0.006957084889031853
P11,23,C,beta,1799551287-β-2,P11-T23-Cβ,9,65,F4,10,10,R1,R,False,65,True,R1,True,0.17199016767913086,True,0.4317772388458252,valid,False,9.834456997769549e-05,0.00011502547866618638,2.808379134649606e-05,6.141846781010309e-06,1.8966596688044914e-06,0.17199016767913086,0.7555434642665306,0.05840709139875566,0.011329810059618611,0.002479974249524012
P11,23,C,beta,1799551287-β-2,P11-T23-Cβ,10,60,C4,7,7,L5,L,False,60,True,L5,True,0.271367705683406,True,0.5343482494354248,valid,False,0.005173113588495194,0.03988542993135281,0.22393585444887865,0.45644798419483856,0.271367705683406,0.001117380304812647,0.0016975920808329607,0.00027900509065112243,7.453210914109704e-05,2.1402567590992025e-05
P11,23,C,beta,1799551287-β-2,P11-T23-Cβ,11,57,A3,5,5,L4,L,False,57,True,L4,True,0.48669387856873203,False,0.41516900062561035,valid,False,0.004197552794287959,0.05292475868180014,0.40321122049469793,0.48669387856873203,0.0523496801783596,0.00018491126880144972,0.00032505813941088743,9.368954443630191e-05,1.6772284840661885e-05,2.478044633063882e-06
P11,23,C,beta,1799551287-β-2,P11-T23-Cβ,12,52,E3,2,2,L3,L,False,52,True,L3,True,0.5411528965490083,False,0.46129393577575684,valid,False,0.012791444249403216,0.20863282232071556,0.5411528965490083,0.21007906948629226,0.027340916519966514,9.702730686500298e-07,1.3876959191532551e-06,4.153877474715693e-07,6.585478684908034e-08,1.1663091974246115e-08
P11,23,C,beta,1799551287-β-2,P11-T23-Cβ,13,55,G3,4,4,L4,L,False,55,True,L4,True,0.4793389743584355,False,0.513667106628418,valid,False,0.004064678472545341,0.04581644663487823,0.42513553247353797,0.4793389743584355,0.04556762312784325,2.384226990687278e-05,3.9761022405975534e-05,1.1474914408981603e-05,1.427805680303582e-06,2.38920357555595e-07
P11,23,C,beta,1799551287-β-2,P11-T23-Cβ,14,60,C4,7,7,R2,R,False,60,True,R2,True,0.7654826232475603,False,0.3683459758758545,valid,False,0.009573617134257478,0.0355976991369539,0.012039365879056583,0.002865583575460977,0.0005035483580386682,0.03413115623692284,0.7654826232475603,0.12027635035515163,0.018352981020744605,0.0011770750558531661
P11,23,C,beta,1799551287-β-2,P11-T23-Cβ,15,57,A3,5,5,L5,L,False,57,True,L5,True,0.5323178679059043,False,0.483173131942749,valid,False,0.00337694891727764,0.015960059560506622,0.09120216644219385,0.3548004014887172,0.5323178679059043,0.0006430839493910766,0.0013085697129837886,0.0003126224042103796,7.116464143144078e-05,7.1149773836920465e-06
P11,23,C,beta,1799551287-β-2,P11-T23-Cβ,16,62,D4,8,8,R1,R,False,62,True,R1,True,0.5088480156957739,False,0.37847280502319336,valid,False,0.0019814461789125055,0.013111451247461334,0.010122481221748436,0.0035387968038430146,0.000618476789175044,0.5088480156957739,0.4166095190928376,0.03631204041129828,0.007941874877440122,0.00091589768150993
P11,23,C,beta,1799551287-β-2,P11-T23-Cβ,17,67,G4,11,11,R2,R,False,67,True,R2,True,0.7920291001389441,False,0.708611011505127,valid,False,1.637907473372445e-05,2.3978784773993087e-05,7.1656147196902185e-06,1.4553372012677029e-06,3.4453140483469415e-07,0.0747835644130856,0.7920291001389441,0.1071894825989435,0.021602272955106284,0.004346256551086828
P11,23,C,beta,1799551287-β-2,P11-T23-Cβ,18,60,C4,7,7,R1,R,False,60,True,R1,True,0.7362040569389716,False,0.44587111473083496,valid,False,0.007227965480720103,0.03982555290830817,0.01453774140311016,0.0033628409427441767,0.0007212927425046015,0.7362040569389716,0.18154568528264398,0.0134840476553153,0.0027223822700821578,0.0003684343755999014
P11,23,C,beta,1799551287-β-2,P11-T23-Cβ,19,59,B3,6,6,L3,L,False,59,True,L3,True,0.6790244260262109,False,0.34712719917297363,valid,False,0.010278686329555265,0.1831073262022429,0.6790244260262109,0.09201654691241291,0.01334265658411301,0.008757550261207107,0.010691212040524025,0.002238105035579769,0.00047927213678784075,6.421847136623023e-05
P11,23,C,beta,1799551287-β-2,P11-T23-Cβ,20,64,E4,9,9,R4,R,False,64,True,R4,True,0.46909096199525724,False,0.39737796783447266,valid,False,0.0003520574794957815,0.0015907779008170115,0.0005670770041408507,0.00012574388570327468,2.184628803758123e-05,0.0027818007840089793,0.04175252102072768,0.4330255349600541,0.46909096199525724,0.05069167868175754
P11,23,C,beta,1799551287-β-2,P11-T23-Cβ,21,60,C4,7,7,R3,R,False,60,True,R3,True,0.6442509300522516,False,0.35063982009887695,valid,False,0.00527001689208706,0.05513545411614387,0.029156947473331897,0.006082946723936047,0.001101382672988244,0.009142265920096735,0.15034133374342937,0.6442509300522516,0.09437949682892992,0.005139225576805066
P11,23,C,beta,1799551287-β-2,P11-T23-Cβ,22,65,F4,10,10,R4,R,False,65,True,R3,True,0.40195623752770104,False,0.4206881523132324,valid,False,4.917974297398213e-05,0.00012781090102842487,3.7974331024005854e-05,8.952706166270067e-06,2.0457625902357276e-06,0.002368572468728731,0.03556581098388575,0.5109865254234786,0.40195623752770104,0.048896890152422885
P11,23,C,beta,1799551287-β-2,P11-T23-Cβ,23,62,D4,8,8,R3,R,False,62,True,R3,True,0.674497121685053,False,0.31057214736938477,valid,False,0.0020120492431135928,0.009545218805944305,0.0032935931229009304,0.0007143470358396184,0.00016402026587367693,0.008531130564283704,0.1588438621011721,0.674497121685053,0.13530368361896353,0.0070949735568554
P11,23,C,beta,1799551287-β-2,P11-T23-Cβ,24,62,D4,8,8,R3,R,False,62,True,R3,True,0.6422274717171603,False,0.31310009956359863,valid,False,0.0016593623698788233,0.008262474912074092,0.003223656195396136,0.0007346101821786759,0.0001518968717692242,0.007515604953583188,0.1583713446853457,0.6422274717171603,0.17004710884509674,0.007806469267517012
P11,23,C,beta,1799551287-β-2,P11-T23-Cβ,25,57,A3,5,5,L4,L,False,57,True,L4,True,0.48601720995428244,False,0.38086581230163574,valid,False,0.003720854109862196,0.0426607554987464,0.38231467830787125,0.48601720995428244,0.07656364963013441,0.0010429687018939666,0.004896065885877307,0.00219869912462333,0.0005312462036567748,5.387258305205318e-05
P11,23,C,beta,1799551287-β-2,P11-T23-Cβ,26,52,E3,2,2,L2,L,False,52,True,L2,True,0.6392404253476685,False,0.4317057132720947,valid,False,0.048910339893133155,0.6392404253476685,0.24476061129332696,0.05269519304098425,0.014360673989465769,9.734694103662264e-06,1.617828783503766e-05,5.48462273652198e-06,1.2217909982785352e-06,1.3703974784779279e-07
P11,23,C,beta,1799551287-β-2,P11-T23-Cβ,27,55,G3,4,4,L4,L,False,55,True,L4,True,0.44922876680632634,False,0.3643491268157959,valid,False,0.00373173649674688,0.05335483248105943,0.4070606913152575,0.44922876680632634,0.08512183343462591,0.00027668817589927207,0.0008183753743671981,0.00032259900108080625,7.569187708230417e-05,8.785037554412606e-06
P11,23,C,beta,1799551287-β-2,P11-T23-Cβ,28,59,B3,6,6,L2,L,False,59,True,L2,True,0.8031358247923385,False,0.33622074127197266,valid,False,0.01593509399230276,0.8031358247923385,0.08550063872078997,0.016567336437590372,0.0026431895358548316,0.004810465258029358,0.038117265681509555,0.025966710572486385,0.006569002544448494,0.0007544724646497627
P11,23,C,beta,1799551287-β-2,P11-T23-Cβ,29,64,E4,9,9,R1,R,False,64,True,R1,True,0.2679734822410827,True,0.3762218952178955,valid,False,0.00034773857000080784,0.0011158742192032857,0.000333204029545511,6.880990700777645e-05,1.2350196382357194e-05,0.2679734822410827,0.672423283745314,0.04610346126035572,0.010083375007280732,0.001538420823827334
P11,24,C,alpha,1799551287-α-7,P11-T24-Cα,0,60,C4,7,7,L3,L,False,60,True,L3,True,0.6486837947546019,False,0.5129380226135254,valid,False,0.005640923040911582,0.1499118885527481,0.6486837947546019,0.07216932540758135,0.010749817568210552,0.011841029588872141,0.0675327637437319,0.027052458262101807,0.005512137499047917,0.0009058615821927747
P11,24,C,alpha,1799551287-α-7,P11-T24-Cα,1,59,B3,6,6,L4,L,False,59,True,L4,True,0.5347271826931064,False,0.3273789882659912,valid,False,0.0019132664192261528,0.0399553393267418,0.32990270190940246,0.5347271826931064,0.0694456779600045,0.0021543973170763484,0.01344714838881394,0.006709767059092953,0.0015546645559276898,0.0001898543706078411
P11,24,C,alpha,1799551287-α-7,P11-T24-Cα,2,64,E4,9,9,R1,R,False,64,True,R1,True,0.24592726448962413,True,0.3603358268737793,valid,False,0.0004680002030936267,0.005500716417770366,0.0033403491677202993,0.0007001192294446116,0.00011536165109451966,0.24592726448962413,0.6684996141847867,0.06064491677360576,0.01274368454910287,0.0020599733337569996
P11,24,C,alpha,1799551287-α-7,P11-T24-Cα,3,65,F4,10,10,R2,R,False,65,True,R2,True,0.7028225402814451,False,0.6725749969482422,valid,False,0.0003027934538254647,0.0012524621860320378,0.00047141927760571906,9.848570735996776e-05,1.8259363797118914e-05,0.036351297044684205,0.7028225402814451,0.20878479978287978,0.04363304950517826,0.0062648933971923395
P11,24,C,alpha,1799551287-α-7,P11-T24-Cα,4,64,E4,9,9,R3,R,False,64,True,R3,True,0.5771078608475423,False,0.31364893913269043,valid,False,0.0010222006817849044,0.00643250187888035,0.0026737063137257187,0.0005816159218176143,0.00010388338169390159,0.009600313950106748,0.16045751170036826,0.5771078608475423,0.22729538240865435,0.014725022915425942
P11,24,C,alpha,1799551287-α-7,P11-T24-Cα,5,62,D4,8,8,R2,R,False,62,True,R2,True,0.5190105065505559,False,0.3113679885864258,valid,False,0.004972402391377332,0.050391170080732066,0.026220532506344096,0.005295776435972571,0.0009237582625024144,0.018763699521904657,0.5190105065505559,0.3127612491173344,0.057318814180746594,0.004342090952530032
P11,24,C,alpha,1799551287-α-7,P11-T24-Cα,6,64,E4,9,9,R4,R,False,64,True,R3,True,0.43556728532684175,False,0.2980070114135742,valid,False,0.0005912612679191491,0.0033704256484659583,0.00132679586968101,0.00027855356495487044,5.027298640271214e-05,0.003641626582820429,0.05017101365052781,0.45334312345390704,0.43556728532684175,0.05165964164847918
P11,24,C,alpha,1799551287-α-7,P11-T24-Cα,7,60,C4,7,7,L3,L,False,60,True,L3,True,0.5531434804264707,False,0.31502294540405273,valid,False,0.007240313848930651,0.20213426147081281,0.5531434804264707,0.06544631757740234,0.007739460821417547,0.008456375046909244,0.06881158168792438,0.06330598606981162,0.0208383738239265,0.0028838492263942453
P11,24,C,alpha,1799551287-α-7,P11-T24-Cα,8,59,B3,6,6,L2,L,False,59,True,L2,True,0.6606235845198388,False,0.3196570873260498,valid,False,0.01666289204790149,0.6606235845198388,0.2493899507458369,0.031685702466517696,0.004983117945888982,0.003908390247453777,0.018037691697244982,0.011583468916941645,0.0027581958059083598,0.00036700560646734303
P11,24,C,alpha,1799551287-α-7,P11-T24-Cα,9,62,D4,8,8,R5,R,False,62,True,R5,True,0.3692861224514065,True,0.41921567916870117,valid,False,0.00208724206066765,0.00451133450078183,0.0011385377611472106,0.00022488186502824713,4.692589418844777e-05,0.004573969216249253,0.0183807983473292,0.1171232433526559,0.48262694455054583,0.3692861224514065
P11,24,C,alpha,1799551287-α-7,P11-T24-Cα,10,64,E4,9,9,R4,R,False,64,True,R4,True,0.49596240810689407,False,0.3138618469238281,valid,False,0.00027126342315340093,0.0006157052036901141,0.00019363877886912587,4.0819112525304805e-05,9.109192507835451e-06,0.0031959969044374694,0.03559709386717567,0.39985162526654666,0.49596240810689407,0.06426234014420025
P11,24,C,alpha,1799551287-α-7,P11-T24-Cα,11,60,C4,7,7,L2,L,False,60,True,L2,True,0.6809982630019216,False,0.30653905868530273,valid,False,0.025865944021344827,0.6809982630019216,0.062371853793689605,0.011493574678998076,0.0020881767680450587,0.01354428700809855,0.10121293831471213,0.07873072122765656,0.02122665031407557,0.0024675908714580064
P11,24,C,alpha,1799551287-α-7,P11-T24-Cα,12,59,B3,6,6,L3,L,False,59,True,L3,True,0.6517783853142859,False,0.29636383056640625,valid,False,0.009073789921459411,0.23168762704846727,0.6517783853142859,0.06629700265329765,0.009403280805027616,0.004997414040288401,0.019501497500592883,0.00561893397702946,0.0014572295352402655,0.00018483920431105775
P11,24,C,alpha,1799551287-α-7,P11-T24-Cα,13,62,D4,8,8,R1,R,False,62,True,R1,True,0.2321815002501065,True,0.36810302734375,valid,False,0.002844456835219419,0.034031600417255795,0.03219697014551601,0.0057283558665593625,0.0008590553492861653,0.2321815002501065,0.6311347530342237,0.04878970826805675,0.010670889159154767,0.0015627106746213754
P11,24,C,alpha,1799551287-α-7,P11-T24-Cα,14,64,E4,9,9,R2,R,False,64,True,R3,False,0.2798021334063968,False,0.3066999912261963,valid,False,0.000470111670954848,0.0030790701388344476,0.0014344092062090717,0.0003026367865485572,5.022258265199356e-05,0.011496584224100234,0.2798021334063968,0.5748347952791132,0.12079352546944873,0.00773651123574206
P11,24,C,alpha,1799551287-α-7,P11-T24-Cα,15,62,D4,8,8,R1,R,False,62,True,R1,True,0.36567222973258423,True,0.5221660137176514,valid,False,0.0027839907588097417,0.03222245059553682,0.02076080268629145,0.0043701455286364555,0.0006611140883992083,0.36567222973258423,0.5241287629635792,0.038928918670357464,0.009223341448486397,0.001248243527318896
P11,24,C,alpha,1799551287-α-7,P11-T24-Cα,16,64,E4,9,9,R2,R,False,64,True,R2,True,0.816203225672794,False,0.47989988327026367,valid,False,0.0006325362882757497,0.0044578784632017705,0.0020964291437081278,0.00047708228180893186,7.910481765285725e-05,0.04963336926806752,0.816203225672794,0.1019684421804696,0.021427247826266222,0.0030246840577551537
P11,24,C,alpha,1799551287-α-7,P11-T24-Cα,17,65,F4,10,10,R1,R,False,65,True,R1,True,0.31431245096859406,True,0.5307698249816895,valid,False,0.00017889991731685913,0.0007931355740361919,0.00031740981668378467,7.856525736828942e-05,1.3945891882155745e-05,0.31431245096859406,0.6204143479296822,0.049918294456189824,0.011363285158069544,0.0026096650301771196
P11,24,C,alpha,1799551287-α-7,P11-T24-Cα,18,64,E4,9,9,R2,R,False,64,True,R2,True,0.7922630304114296,False,0.3397238254547119,valid,False,0.0008804444575552851,0.006388324368547788,0.0030850959569332687,0.0007882032596141904,0.00013809893878335486,0.04628849517084135,0.7922630304114296,0.1258251752896123,0.02164757514821281,0.002695556998470013
P11,24,C,alpha,1799551287-α-7,P11-T24-Cα,19,62,D4,8,8,R1,R,False,62,True,R1,True,0.34481125137665686,True,0.3808619976043701,valid,False,0.0024998881129108365,0.027500840054050606,0.01798736005517139,0.0044834689068153615,0.0007651257306458405,0.34481125137665686,0.5572406369379143,0.03526874531365313,0.008356144778694419,0.001086538733487125
P11,24,C,alpha,1799551287-α-7,P11-T24-Cα,20,57,A3,5,5,L3,L,False,57,True,L3,True,0.6198000178963516,False,0.33783602714538574,valid,False,0.012243243810011944,0.16557046493918132,0.6198000178963516,0.16688916839554283,0.030335730320055335,0.0018455796679829127,0.0024455063904901104,0.0006963175886352171,0.00015717067789612605,1.6800313852614902e-05
P11,24,C,alpha,1799551287-α-7,P11-T24-Cα,21,59,B3,6,6,L2,L,False,59,True,L2,True,0.7618500008782122,False,0.3150012493133545,valid,False,0.018462648424522343,0.7618500008782122,0.1538148624115362,0.026577187941941246,0.004477151433471623,0.00655638467750788,0.020951696442983617,0.005732433744324702,0.0014084782619869902,0.00016915578351311787
P11,24,C,alpha,1799551287-α-7,P11-T24-Cα,22,64,E4,9,9,R5,R,False,64,True,R5,True,0.35242627220443484,True,0.4140281677246094,valid,False,0.0004990677038658973,0.001244972349217229,0.00022601966027173504,5.321536957762943e-05,1.1457555484636672e-05,0.0031685863610677084,0.018674189640210385,0.1534363074204737,0.4702599117353961,0.35242627220443484
P11,24,C,alpha,1799551287-α-7,P11-T24-Cα,23,65,F4,10,10,R4,R,False,65,True,R3,True,0.42079685913573495,False,0.3791389465332031,valid,False,0.00010082593869898894,0.0001611907905949138,3.34451062808993e-05,8.384351270897166e-06,2.0677143137596156e-06,0.0036318299668854884,0.054540209275702495,0.4558437956199829,0.42079685913573495,0.06488139210053463
P11,24,C,alpha,1799551287-α-7,P11-T24-Cα,24,60,C4,7,7,L2,L,False,60,True,L2,True,0.7744912365503744,False,0.3203399181365967,valid,False,0.017644448501560658,0.7744912365503744,0.07874073790530776,0.014353804997644177,0.0021580795441845384,0.009885184334400308,0.06214374572948923,0.03241925817209477,0.007116261620757506,0.0010472426441866807
P11,24,C,alpha,1799551287-α-7,P11-T24-Cα,25,59,B3,6,6,L1,L,False,59,True,L1,True,0.3755360701654486,True,0.39359116554260254,valid,False,0.3755360701654486,0.49688297004394855,0.08213420252450458,0.01786949389946982,0.004043676422380954,0.0035572289900738926,0.01332149696914509,0.005341843765467246,0.001163797900063799,0.00014921931949760876
P11,24,C,alpha,1799551287-α-7,P11-T24-Cα,26,60,C4,7,7,L2,L,False,60,True,L2,True,0.7447849582582721,False,0.3133890628814697,valid,False,0.01945489386826915,0.7447849582582721,0.08589241545846356,0.016786958465210337,0.0024120500893756018,0.011501627035770866,0.07215418379764985,0.036904629168901366,0.008836867090325641,0.0012714167677616722
P11,24,C,alpha,1799551287-α-7,P11-T24-Cα,27,59,B3,6,6,L2,L,False,59,True,L3,False,0.28117639241705955,False,0.30548596382141113,valid,False,0.013450041659647395,0.28117639241705955,0.5969113488124173,0.07747585455118505,0.011343339500160804,0.003946655100764547,0.010654175815399947,0.004029694873567838,0.0008876493651026034,0.00012484790469497262
P11,24,C,alpha,1799551287-α-7,P11-T24-Cα,28,64,E4,9,9,R4,R,False,64,True,R4,True,0.4963035845801934,False,0.3983418941497803,valid,False,0.0010315963992336876,0.0019858936879819994,0.0004697263695525123,0.0001123527380084563,2.4147909195996496e-05,0.00534602227162707,0.07040303286095351,0.3750981800519067,0.4963035845801934,0.049225463131346604
P11,24,C,alpha,1799551287-α-7,P11-T24-Cα,29,59,B3,6,6,L2,L,False,59,True,L2,True,0.7852026655373276,False,0.34021592140197754,valid,False,0.03075159482454893,0.7852026655373276,0.11981415777492796,0.028896312584471746,0.00472071513136994,0.0041319140127084476,0.016714063835535007,0.007704739987830871,0.001816027868517752,0.00024780844276178185
P11,25,A,gamma,1799551287-γ-5,P11-T25-Aγ,0,52,E3,2,2,L1,L,False,52,True,L2,False,0.020355428181744337,False,0.5792219638824463,valid,False,0.020355428181744337,0.5417532859077452,0.3631480875496386,0.06284961333957416,0.011867648337607213,8.661980492222107e-06,1.1644577767655671e-05,4.39972543866726e-06,1.045326232353484e-06,1.850737596909167e-07
P11,25,A,gamma,1799551287-γ-5,P11-T25-Aγ,1,59,B3,6,6,L4,L,False,59,True,L2,False,0.007907007293261775,False,0.32349610328674316,valid,False,0.024167502827794635,0.8333155526349317,0.036312860391888545,0.007907007293261775,0.0016827022400237553,0.01015026410329057,0.05268097128231728,0.026089516150249306,0.0064328539057091055,0.001260769170533229
P11,25,A,gamma,1799551287-γ-5,P11-T25-Aγ,2,72,C5,14,14,R1,R,False,72,True,R2,False,0.0453628564680632,False,0.5223660469055176,valid,False,7.475996070265773e-08,3.44051336365238e-08,4.300070050707553e-09,1.139872304595756e-09,3.5615470867397405e-10,0.0453628564680632,0.7674863969531733,0.13743083267687595,0.03821089771651321,0.011508901224182955
P11,25,A,gamma,1799551287-γ-5,P11-T25-Aγ,3,64,E4,9,9,R2,R,False,64,True,R2,True,0.6470560891434651,False,0.28817009925842285,valid,False,0.0007955313639244749,0.000581171243068156,7.077087516300374e-05,1.9282349058872626e-05,5.920094036982013e-06,0.036322340104450505,0.6470560891434651,0.2418974296743209,0.06094681191768167,0.012304653234830263
P11,25,A,gamma,1799551287-γ-5,P11-T25-Aγ,4,67,G4,11,11,R4,R,False,67,True,R2,False,0.0663875159035312,False,0.3324472904205322,valid,False,1.96882440448158e-05,1.0371858521386643e-05,1.3563252508465596e-06,3.5995444832801185e-07,1.199469726390107e-07,0.041342843977159024,0.65003339746196,0.22347471562836652,0.0663875159035312,0.01872963069974535
P11,25,A,gamma,1799551287-γ-5,P11-T25-Aγ,5,62,D4,8,8,R3,R,False,62,True,R2,False,0.11737711954466619,False,0.31667399406433105,valid,False,0.006450772357892488,0.007395865949883545,0.0009063165266311509,0.00027917776552936866,9.29147101451653e-05,0.05343042726138539,0.7821578714059281,0.11737711954466619,0.026934600877138226,0.004974933600800321
P11,25,A,gamma,1799551287-γ-5,P11-T25-Aγ,6,72,C5,14,14,R5,R,False,72,True,R2,False,0.014451267369387974,False,0.4190378189086914,valid,False,9.95690482298126e-08,5.0689548333574896e-08,7.14557061904879e-09,2.0610459378112017e-09,6.7517771109803e-10,0.04868176173092382,0.7891702783313737,0.10680258313989294,0.040893949288030446,0.014451267369387974
P11,25,A,gamma,1799551287-γ-5,P11-T25-Aγ,7,55,G3,4,4,L5,L,False,55,True,L2,False,0.014871526750541837,False,0.4115900993347168,valid,False,0.03968415065483272,0.7026326939896779,0.18769799688001151,0.05477783942993278,0.014871526750541837,0.00012133422438865279,0.00015925362153139597,4.198891889772456e-05,1.0946191037004683e-05,2.2693391485716394e-06
P11,25,A,gamma,1799551287-γ-5,P11-T25-Aγ,8,64,E4,9,9,R2,R,False,64,True,R2,True,0.7155227371668696,False,0.3053770065307617,valid,False,0.0006827517566205342,0.0002306193822025406,4.12961244047373e-05,1.339956209945485e-05,4.7180757466814555e-06,0.035623779434088086,0.7155227371668696,0.1501534593712235,0.0721136679073094,0.025613571219435468
P11,25,A,gamma,1799551287-γ-5,P11-T25-Aγ,9,59,B3,6,6,L3,L,False,59,True,L2,False,0.06533631326376489,False,0.2766702175140381,valid,False,0.02403588641167612,0.8656000892544383,0.06533631326376489,0.017493971107721572,0.003642604451048907,0.005422370396387047,0.014477489934918675,0.002941070469646127,0.0008416024129469094,0.00020860229745161974
P11,25,A,gamma,1799551287-γ-5,P11-T25-Aγ,10,71,B4,13,13,R4,R,False,71,True,R2,False,0.042651865199609,False,0.4458310604095459,valid,False,8.305825538906106e-07,5.842620199240044e-07,9.305114298015105e-08,2.548310716068452e-08,7.453011919644321e-09,0.0659909155951533,0.7046059487138513,0.17375368772803104,0.042651865199609,0.012996041931519481
P11,25,A,gamma,1799551287-γ-5,P11-T25-Aγ,11,57,A3,5,5,L1,L,False,57,True,L2,False,0.039039839998974396,False,0.38891124725341797,valid,False,0.039039839998974396,0.8452719738584062,0.08020474383211665,0.024572081095530225,0.006334718170801559,0.000895704516154874,0.003113354064573898,0.00045683455113904525,9.921673930533617e-05,1.1533172997659571e-05
P11,25,A,gamma,1799551287-γ-5,P11-T25-Aγ,12,65,F4,10,10,R1,R,False,65,True,R3,False,0.006860648584918971,False,0.3434181213378906,valid,False,9.072196649388918e-05,3.985817444321058e-05,3.0812258298761614e-06,1.087429904925936e-06,3.679283451505248e-07,0.006860648584918971,0.2198778923624516,0.6125142672008272,0.15095788996764478,0.009654185159140327
P11,25,A,gamma,1799551287-γ-5,P11-T25-Aγ,13,69,A4,12,12,R5,R,False,69,True,R4,False,0.08387385925539732,False,0.7426490783691406,valid,False,3.006174391364397e-06,2.1683260606919045e-06,1.9670610229006393e-07,5.9234861677474434e-08,1.976991030154493e-08,0.0014456450342848592,0.02654735892225647,0.3822979163110725,0.5058297702656626,0.08387385925539732
P11,25,A,gamma,1799551287-γ-5,P11-T25-Aγ,14,52,E3,2,2,L1,L,False,52,True,L3,False,0.005660224561017048,False,0.4914259910583496,valid,False,0.005660224561017048,0.09936246470807523,0.677747245180149,0.1671304129812123,0.05009173372102546,4.0254802162302854e-06,3.344110544424718e-06,4.369899576443983e-07,1.0120367929135793e-07,1.1064123383850338e-08
P11,25,A,gamma,1799551287-γ-5,P11-T25-Aγ,15,53,F3,3,3,L5,L,False,53,True,L3,False,0.04625941955406516,False,0.4129621982574463,valid,False,0.0077773659124331,0.226047384085965,0.5322539016606903,0.18759157504861257,0.04625941955406516,2.1956461055101918e-05,3.9165373333717065e-05,7.4559712213423885e-06,1.5968992979199068e-06,1.790333258490334e-07
P11,25,A,gamma,1799551287-γ-5,P11-T25-Aγ,16,60,C4,7,7,R1,R,False,60,True,R2,False,0.02643097494523951,False,0.33554506301879883,valid,False,0.024692308738127996,0.0158211486803106,0.001992467370898789,0.000673945953309321,0.00024369440160389286,0.02643097494523951,0.8230342062804954,0.09648366849104063,0.009868755492610987,0.0007588296463627291
P11,25,A,gamma,1799551287-γ-5,P11-T25-Aγ,17,52,E3,2,2,L3,L,False,52,True,L3,True,0.679828968977143,False,0.46228575706481934,valid,False,0.006005631213271275,0.1169610823906374,0.679828968977143,0.15475469499430755,0.04242232296940033,9.85201191368589e-06,1.5212860911207675e-05,1.8032607057558181e-06,3.9430667473087386e-07,3.7015035192017365e-08
P11,25,A,gamma,1799551287-γ-5,P11-T25-Aγ,18,62,D4,8,8,L1,L,False,62,True,R2,False,0.002865189412404759,False,0.333467960357666,valid,False,0.002865189412404759,0.0009900622541069556,6.02057476751084e-05,2.9548228106976493e-05,1.311043901632256e-05,0.02527997410892264,0.7884054950309166,0.15293493126846877,0.027385469023353683,0.0020360144870281306
P11,25,A,gamma,1799551287-γ-5,P11-T25-Aγ,19,62,D4,8,8,R2,R,False,62,True,R2,True,0.8585522744430857,False,0.31716084480285645,valid,False,0.00251399849164657,0.0009178163644816405,6.556243192975698e-05,2.7752385543282617e-05,1.1322701617643322e-05,0.028652696830041062,0.8585522744430857,0.09140019106861669,0.016366680133031664,0.001491705150006154
P11,25,A,gamma,1799551287-γ-5,P11-T25-Aγ,20,57,A3,5,5,R4,R,False,57,True,L2,False,6.584977946119314e-05,False,0.3641059398651123,valid,False,0.027649863744578597,0.7648049240702666,0.1544114511149536,0.03990006425478499,0.008923545868184939,0.0016399051741721412,0.002308447476130747,0.0002892745042735009,6.584977946119314e-05,6.674013193840441e-06
P11,25,A,gamma,1799551287-γ-5,P11-T25-Aγ,21,64,E4,9,9,R1,R,False,64,True,R2,False,0.04042948407462268,False,0.3832519054412842,valid,False,0.0006991023555905037,0.0003282789786969094,2.7491140570190963e-05,9.953994062688444e-06,3.831972439084131e-06,0.04042948407462268,0.8338958485296236,0.10009387670795378,0.021891720647158906,0.0026204115992817406
P11,25,A,gamma,1799551287-γ-5,P11-T25-Aγ,22,53,F3,3,3,L2,L,False,53,True,L2,True,0.707112459871482,False,0.5379059314727783,valid,False,0.04184173105095492,0.707112459871482,0.1743717857695885,0.06083163842802974,0.01580866477305812,2.264622928980592e-05,9.960499166598785e-06,8.771695274466623e-07,1.9967684354867952e-07,3.653205931767532e-08
P11,25,A,gamma,1799551287-γ-5,P11-T25-Aγ,23,57,A3,5,5,R3,R,False,57,True,L2,False,5.816475430350421e-05,False,0.29368114471435547,valid,False,0.031047686481409566,0.8587898921067099,0.07790766131755612,0.023849650120452707,0.006751827751004052,0.000995763185731712,0.0005842620360850918,5.816475430350421e-05,1.2721323167831363e-05,2.3709235792709897e-06
P11,25,A,gamma,1799551287-γ-5,P11-T25-Aγ,24,60,C4,7,7,L5,L,False,60,True,R2,False,0.0005618654012713918,False,0.3583717346191406,valid,False,0.023358818018874506,0.11229893899709775,0.006733441459129713,0.0023620706439555724,0.0005618654012713918,0.023885406949903192,0.7679772129226399,0.05616990903910776,0.006223803326458144,0.0004285332415620828
P11,25,A,gamma,1799551287-γ-5,P11-T25-Aγ,25,53,F3,3,3,L3,L,False,53,True,L2,False,0.23335054044144762,False,0.5317223072052002,valid,False,0.030468715628006612,0.6601993193250753,0.23335054044144762,0.0593957617401399,0.016522515153216656,3.408037521917371e-05,2.4671082179319212e-05,3.4566401673191753e-06,8.523969706995151e-07,8.721757734585443e-08
P11,25,A,gamma,1799551287-γ-5,P11-T25-Aγ,26,60,C4,7,7,L2,L,False,60,True,R2,False,0.030496998799702742,False,0.3425881862640381,valid,False,0.013132357868847842,0.030496998799702742,0.003689280562571023,0.001318745878605787,0.00041451968150207024,0.028648952374252187,0.8794037409498366,0.037309355418770875,0.005255336889870099,0.00033071157604072545
P11,25,A,gamma,1799551287-γ-5,P11-T25-Aγ,27,60,C4,7,7,R1,R,False,60,True,R2,False,0.01721532746279676,False,0.30849313735961914,valid,False,0.01711748711772054,0.03945860081878596,0.00544106189405343,0.0020112567945821027,0.0006129181662412146,0.01721532746279676,0.8489061750304772,0.062460951799416076,0.006388768905500697,0.000387452010426022
P11,25,A,gamma,1799551287-γ-5,P11-T25-Aγ,28,59,B3,6,6,L4,L,False,59,True,L2,False,0.00736185896434342,False,0.295259952545166,valid,False,0.028718593354378243,0.8914875925404615,0.024736950859662193,0.00736185896434342,0.0015667914410683178,0.004090743342247632,0.03460387134659369,0.006066383307587261,0.0012525011900987213,0.00011471365355907079
P11,25,A,gamma,1799551287-γ-5,P11-T25-Aγ,29,64,E4,9,9,R5,R,False,64,True,R2,False,0.0032677367409227995,False,0.2953982353210449,valid,False,0.0006140641655714515,0.0005862132240710523,3.564766286749163e-05,1.4365654634271786e-05,5.142753637599424e-06,0.03200615755924453,0.8505883682908352,0.09055236553063138,0.022329938417584277,0.0032677367409227995
P11,26,A,alpha,1799551287-α-3,P11-T26-Aα,0,60,C4,7,7,L3,L,False,60,True,R2,False,0.004596031186378159,False,0.39533019065856934,valid,False,0.0032892382294840475,0.023399506656908053,0.004596031186378159,0.0008798568090086435,8.885620796364482e-05,0.02599964729402426,0.8439413252345117,0.08632186896607144,0.010784209407309528,0.0006994600083407327
P11,26,A,alpha,1799551287-α-3,P11-T26-Aα,1,59,B3,6,6,L2,L,False,59,True,L2,True,0.7877292143086045,False,0.34010791778564453,valid,False,0.018733275779065955,0.7877292143086045,0.0701111347487161,0.011901791364942028,0.0012657385017702401,0.015165088113833223,0.0774711754731382,0.013899606944737653,0.0033581133967466054,0.0003648613684455457
P11,26,A,alpha,1799551287-α-3,P11-T26-Aα,2,64,E4,9,9,R3,R,False,64,True,R2,False,0.2801361885878744,False,0.3316926956176758,valid,False,0.0010635546405128329,0.0008484985054256278,0.00010180214266828895,2.575225970457264e-05,5.415780881224726e-06,0.027199850885433866,0.6234545532541991,0.2801361885878744,0.06097980326280917,0.006184580680491207
P11,26,A,alpha,1799551287-α-3,P11-T26-Aα,3,60,C4,7,7,L2,L,False,60,True,R2,False,0.055110971260234995,False,0.2997620105743408,valid,False,0.01946996359289178,0.055110971260234995,0.00859335016649853,0.0021073319868648703,0.000400163453185844,0.037569169363470094,0.8244353633322284,0.04430017678629004,0.00732276997079348,0.0006907400875420778
P11,26,A,alpha,1799551287-α-3,P11-T26-Aα,4,59,B3,6,6,L1,L,False,59,True,L2,False,0.016543258612580065,False,0.3099222183227539,valid,False,0.016543258612580065,0.8678151093003524,0.04151183985477804,0.009055925902447913,0.0015815670532604363,0.00964406856756177,0.045192152586610634,0.0067140704802140985,0.0017465992800815581,0.00019540836211308273
P11,26,A,alpha,1799551287-α-3,P11-T26-Aα,5,64,E4,9,9,R3,R,False,64,True,R2,False,0.14658772577326745,False,0.32159996032714844,valid,False,0.0008933219799702772,0.000775549383482485,4.724653599431644e-05,1.1643418201879116e-05,2.409097979249039e-06,0.022503040799411476,0.7865246473159457,0.14658772577326745,0.037623319588821605,0.005031096106925727
P11,26,A,alpha,1799551287-α-3,P11-T26-Aα,6,65,F4,10,10,R2,R,False,65,True,R2,True,0.7682707886317881,False,0.3773951530456543,valid,False,0.00018089360663826716,0.00012540358123706833,6.76591521572146e-06,1.538693560279676e-06,3.208853402105676e-07,0.01437576012681595,0.7682707886317881,0.16802995387192451,0.04285545827970166,0.006153116407778219
P11,26,A,alpha,1799551287-α-3,P11-T26-Aα,7,64,E4,9,9,R1,R,False,64,True,R2,False,0.04429073288326673,False,0.25978612899780273,valid,False,0.0013840270251856512,0.0012776246452733237,6.89383355807477e-05,1.5683090041301227e-05,3.258941331351974e-06,0.04429073288326673,0.8333528474075428,0.09233812752299982,0.023607760015911805,0.003661000132866517
P11,26,A,alpha,1799551287-α-3,P11-T26-Aα,8,64,E4,9,9,R1,R,False,64,True,R2,False,0.041898594286774414,False,0.26627397537231445,valid,False,0.00155582178579315,0.001402090428681883,7.562845178415607e-05,1.7917226580930465e-05,3.7341772726574165e-06,0.041898594286774414,0.7790515979038739,0.13950176866094025,0.03242534332538064,0.004067503752918079
P11,26,A,alpha,1799551287-α-3,P11-T26-Aα,9,62,D4,8,8,R2,R,False,62,True,R2,True,0.8595803031655418,False,0.29500699043273926,valid,False,0.009034438166173142,0.013217885255886684,0.000685041882666916,0.00016225134600592124,3.3133898597199616e-05,0.029421470590072496,0.8595803031655418,0.07382701340946232,0.012509391734370096,0.0015290705512233862
P11,26,A,alpha,1799551287-α-3,P11-T26-Aα,10,57,A3,5,5,L2,L,False,57,True,L2,True,0.8879847454426837,False,0.35837388038635254,valid,False,0.014385553120004297,0.8879847454426837,0.0721247517866254,0.017658261574691875,0.00366512797423808,0.0018719813963409423,0.0019745352801174318,0.0002616618064806047,6.574186286858216e-05,7.639755949092204e-06
P11,26,A,alpha,1799551287-α-3,P11-T26-Aα,11,59,B3,6,6,L1,L,False,59,True,L2,False,0.019876085914811915,False,0.3075850009918213,valid,False,0.019876085914811915,0.9005819312777326,0.0224102242906716,0.0045220334342043695,0.0008677727892591969,0.011672081191208694,0.034647262028928344,0.00434713625565285,0.0009654450107810587,0.00011002780674946698
P11,26,A,alpha,1799551287-α-3,P11-T26-Aα,12,64,E4,9,9,R2,R,False,64,True,R2,True,0.753864598026506,False,0.3025798797607422,valid,False,0.0012520033562793199,0.001252589205839285,4.5284646815642275e-05,1.0729189872741612e-05,2.3360387036501982e-06,0.030221319719648223,0.753864598026506,0.16487914874084997,0.04318597621456475,0.005286014860920506
P11,26,A,alpha,1799551287-α-3,P11-T26-Aα,13,65,F4,10,10,R3,R,False,65,True,R2,False,0.08789658281311011,False,0.34602808952331543,valid,False,0.0001720953467260929,0.00010605058604034482,4.153354026870167e-06,9.454599097163243e-07,2.0653382176834883e-07,0.027657138628799045,0.8593367992534685,0.08789658281311011,0.02129759510783126,0.0035284329162664544
P11,26,A,alpha,1799551287-α-3,P11-T26-Aα,14,67,G4,11,11,R4,R,False,67,True,R2,False,0.06712091171691643,False,0.6690719127655029,valid,False,2.7333753420652e-05,2.0909172716819507e-05,1.2635014518271816e-06,3.209385241713357e-07,7.41549567534742e-08,0.03371419654132036,0.6064222521693898,0.2730429644262276,0.06712091171691643,0.01964977362507556
P11,26,A,alpha,1799551287-α-3,P11-T26-Aα,15,65,F4,10,10,R5,R,False,65,True,R2,False,0.0038699599487351313,False,0.2990849018096924,valid,False,0.0001926909065620432,0.0002250200834036905,3.581420163083337e-05,8.053348302761216e-06,1.8727946553544313e-06,0.04111810203342507,0.7934959716809177,0.1350606117888173,0.025991903213549997,0.0038699599487351313
P11,26,A,alpha,1799551287-α-3,P11-T26-Aα,16,60,C4,7,7,L1,L,False,60,True,R2,False,0.013469289017323615,False,0.3840198516845703,valid,False,0.013469289017323615,0.07067129183853892,0.016928329620825185,0.003998719205803637,0.0008691532478083238,0.022944876427473344,0.7424995594940847,0.10194481024754766,0.022811338684366817,0.0038626322162277817
P11,26,A,alpha,1799551287-α-3,P11-T26-Aα,17,59,B3,6,6,L2,L,False,59,True,L2,True,0.8602713318189799,False,0.3300619125366211,valid,False,0.022584138906732342,0.8602713318189799,0.07537913135229654,0.017920769202868628,0.003445653614532377,0.0045899605160503384,0.012042566357351885,0.002995614787356109,0.0006642708369070836,0.00010656260692490228
P11,26,A,alpha,1799551287-α-3,P11-T26-Aα,18,60,C4,7,7,L1,L,False,60,True,R2,False,0.017334378279771013,False,0.6141791343688965,valid,False,0.017334378279771013,0.1393731100289587,0.014918124787914615,0.003720891282736884,0.0008416167958567203,0.025076382148823302,0.693621520975784,0.0827382942092449,0.019095522320390076,0.003280159170519834
P11,26,A,alpha,1799551287-α-3,P11-T26-Aα,19,59,B3,6,6,L2,L,False,59,True,L2,True,0.8601616829585189,False,0.29340314865112305,valid,False,0.019242480768880472,0.8601616829585189,0.05374511991046802,0.012210271076881553,0.002182510690352329,0.008461519748303776,0.03561574543113999,0.006406502106715629,0.0016525021840699586,0.0003216651246692045
P11,26,A,alpha,1799551287-α-3,P11-T26-Aα,20,60,C4,7,7,L4,L,False,60,True,R2,False,0.002353298987852092,False,0.25552988052368164,valid,False,0.017511985595054454,0.22058709505065568,0.010786893192154017,0.002353298987852092,0.000561263604208724,0.02178871276558461,0.6370008229836377,0.07098851549773583,0.015721431982589705,0.002699980340527262
P11,26,A,alpha,1799551287-α-3,P11-T26-Aα,21,59,B3,6,6,L3,L,False,59,True,L2,False,0.04599190154421209,False,0.2579967975616455,valid,False,0.01986027940649005,0.8529677400071894,0.04599190154421209,0.010421330724387081,0.002140398300858004,0.009951271521631389,0.05051006065042071,0.006109532497175615,0.0016873307171923599,0.0003601546304431883
P11,26,A,alpha,1799551287-α-3,P11-T26-Aα,22,64,E4,9,9,R4,R,False,64,True,R2,False,0.053790951597925164,False,0.3147759437561035,valid,False,0.0013033172361900194,0.004175793154997506,0.00023669073725855028,5.101075290916999e-05,1.2101615109430737e-05,0.03931672809978987,0.74258294895367,0.14312878044685043,0.053790951597925164,0.015401677405299768
P11,26,A,alpha,1799551287-α-3,P11-T26-Aα,23,62,D4,8,8,R2,R,False,62,True,R2,True,0.793166595634691,False,0.2713949680328369,valid,False,0.0076429077110556735,0.01638529314470432,0.0020147784941519386,0.0004809545309657767,0.00011696479182972955,0.03645334713422343,0.793166595634691,0.11805541996306906,0.02256523973958723,0.0031184988557217915
P11,26,A,alpha,1799551287-α-3,P11-T26-Aα,24,64,E4,9,9,R1,R,False,64,True,R2,False,0.036805045555081385,False,0.3019399642944336,valid,False,0.001356278809476197,0.0015332481986479233,0.00019097209498080642,5.116396623467172e-05,1.2979677405491397e-05,0.036805045555081385,0.7385695548585026,0.16683002192721574,0.04486867172445382,0.009782063188001367
P11,26,A,alpha,1799551287-α-3,P11-T26-Aα,25,65,F4,10,10,R2,R,False,65,True,R2,True,0.7297777525318294,False,0.3210911750793457,valid,False,0.00021764016059106303,0.00017312636183052,2.6036982194271e-05,7.0849036421814234e-06,1.8147354643354268e-06,0.029793669289099586,0.7297777525318294,0.1702305812711815,0.05620235560759793,0.013569938156569197
P11,26,A,alpha,1799551287-α-3,P11-T26-Aα,26,64,E4,9,9,R1,R,False,64,True,R2,False,0.03788126157942997,False,0.25678110122680664,valid,False,0.001573511011453085,0.0017709497987307484,0.00027063940643162553,6.969465641771423e-05,1.8378153550219803e-05,0.03788126157942997,0.7311887394620821,0.15986357091998615,0.053679175761570094,0.013684079250348327
P11,26,A,alpha,1799551287-α-3,P11-T26-Aα,27,65,F4,10,10,R2,R,False,65,True,R2,True,0.7399500790675241,False,0.31627321243286133,valid,False,0.00023500433568552907,0.0002156839409617664,2.8478632269108316e-05,7.44764737977882e-06,1.9075547181740716e-06,0.04186902431023179,0.7399500790675241,0.1480680367207774,0.054059296815185426,0.015565040975266708
P11,26,A,alpha,1799551287-α-3,P11-T26-Aα,28,60,C4,7,7,L4,L,False,60,True,R2,False,0.0031108740811234435,False,0.3360867500305176,valid,False,0.021236274481277642,0.0848917789753586,0.011734186295154712,0.0031108740811234435,0.000772806824206751,0.03201648692721748,0.7755621490339029,0.05374212441837233,0.013623305000299199,0.003310013963087014
P11,26,A,alpha,1799551287-α-3,P11-T26-Aα,29,64,E4,9,9,R2,R,False,64,True,R2,True,0.7927759851566085,False,0.27913498878479004,valid,False,0.001441385882785415,0.001582200866818446,0.00023898400643417324,6.303506979977556e-05,1.5553228437182875e-05,0.03207654563338774,0.7927759851566085,0.10677980535968895,0.04947085832150936,0.015555646474530532
P11,27,B,gamma,1799551287-γ-4,P11-T27-Bγ,0,53,F3,3,3,L2,L,False,53,True,L2,True,0.7027726951994925,False,0.8155150413513184,valid,False,0.058549794099975724,0.7027726951994925,0.1953970230054823,0.03790312278611784,0.004867739489898466,0.00010292675658578192,0.00032912800925623595,6.292957745009464e-05,1.3186405839481806e-05,1.4546699016134505e-06
P11,27,B,gamma,1799551287-γ-4,P11-T27-Bγ,1,48,C3,0,0,L2,L,False,48,True,L2,True,0.5917729649461159,False,1.8312439918518066,valid,False,0.07599080897712933,0.5917729649461159,0.2554746164480661,0.06035946464104517,0.016401511302996722,2.8851755937638156e-07,2.2343573159897823e-07,9.653851522477426e-08,2.1036962420904664e-08,4.155878266182796e-09
P11,27,B,gamma,1799551287-γ-4,P11-T27-Bγ,2,60,C4,7,7,R4,R,False,60,True,R4,True,0.5369911300889592,False,0.7601978778839111,valid,False,0.001486542077631858,0.00192824836595047,0.0003973977895341429,7.642665051168754e-05,1.5502321754889562e-05,0.005186097963068971,0.03934590270751932,0.3491105570577468,0.5369911300889592,0.06546219497732263
P11,27,B,gamma,1799551287-γ-4,P11-T27-Bγ,3,57,A3,5,5,L5,L,False,57,True,L5,True,0.4308108888841542,False,0.6923871040344238,valid,False,0.0029350429987625897,0.01952566202798054,0.11078942929068648,0.42506525242673127,0.4308108888841542,0.0016198253166092432,0.0065470658428968915,0.0021654106332390914,0.0004730734447710598,6.834913416870583e-05
P11,27,B,gamma,1799551287-γ-4,P11-T27-Bγ,4,48,C3,0,0,L2,L,False,48,True,L2,True,0.7292325531853251,False,1.1350619792938232,valid,False,0.02661953301946284,0.7292325531853251,0.17982653362288725,0.053045663813712826,0.011274913973416498,3.011715734790692e-07,3.936801268847708e-07,8.889920875619547e-08,1.6568499002649655e-08,2.065787424237363e-09
P11,27,B,gamma,1799551287-γ-4,P11-T27-Bγ,5,57,A3,5,5,L5,L,False,57,True,L5,True,0.5099763306749673,False,0.6622047424316406,valid,False,0.001686729094805501,0.013385396767096486,0.08072868929175685,0.3883506940988863,0.5099763306749673,0.0016004956576747247,0.0033048842527667287,0.0008141296212436385,0.0001345747212598348,1.8075819542631538e-05
P11,27,B,gamma,1799551287-γ-4,P11-T27-Bγ,6,57,A3,5,5,R4,R,False,57,True,R4,True,0.5613382745465331,False,1.2801549434661865,valid,False,0.025400745462227745,0.028315771785419216,0.004808204399631129,0.0008272268711679304,0.00014639958650428827,0.004323709370880416,0.046273401314434665,0.29451887386586806,0.5613382745465331,0.03404739279733348
P11,27,B,gamma,1799551287-γ-4,P11-T27-Bγ,7,52,E3,2,2,L2,L,False,52,True,L2,True,0.7620904202679636,False,1.1183180809020996,valid,False,0.06129803396582165,0.7620904202679636,0.14203382172688533,0.026471408087312354,0.008101572415167353,2.27718496741334e-06,2.010410225401225e-06,3.473059075798099e-07,8.826128429178847e-08,2.0374464986050145e-08
P11,27,B,gamma,1799551287-γ-4,P11-T27-Bγ,8,57,A3,5,5,L4,L,False,57,True,L4,True,0.5324903715732036,False,0.7466208934783936,valid,False,0.0018137881371279134,0.034421826470926974,0.3887444030048788,0.5324903715732036,0.041268568613998684,0.0005888697525095769,0.000544853655415441,9.799924178969858e-05,2.3698628628387398e-05,5.620921521080552e-06
P11,27,B,gamma,1799551287-γ-4,P11-T27-Bγ,9,67,G4,11,11,R5,R,False,67,True,R5,True,0.5685744328842752,False,0.7758548259735107,valid,False,4.475938996395421e-06,1.7742693563033188e-05,8.322397240954983e-06,2.0757478263931054e-06,3.816208533826279e-07,0.0006250033252341378,0.005979549147336839,0.08675883284447183,0.33802918340020177,0.5685744328842752
P11,27,B,gamma,1799551287-γ-4,P11-T27-Bγ,10,55,G3,4,4,L1,L,False,55,True,L1,True,0.4970648759246091,False,0.6152760982513428,valid,False,0.4970648759246091,0.44085699683181395,0.050841886520105704,0.008747085442858573,0.0019911663103080253,0.0001913717905424262,0.0002588820983993169,3.6361601722798e-05,9.27889819828378e-06,2.094581441751809e-06
P11,27,B,gamma,1799551287-γ-4,P11-T27-Bγ,11,62,D4,8,8,R4,R,False,62,True,R4,True,0.5595378921385278,False,0.700160026550293,valid,False,0.0005606091823002804,0.0003705048479155037,5.653537392686494e-05,8.288479424321073e-06,1.370076433887768e-06,0.004649724323869757,0.034253373454991846,0.3204873360521129,0.5595378921385278,0.08007436607049677
P11,27,B,gamma,1799551287-γ-4,P11-T27-Bγ,12,67,G4,11,11,R5,R,False,67,True,R5,True,0.5511103485112222,False,0.5899438858032227,valid,False,1.3659733610544078e-06,1.1499176574729165e-06,1.6858593446215282e-07,2.3746748517837606e-08,3.925311128876162e-09,0.0007889095364691418,0.009068906963205087,0.08409398636304054,0.35493513647705033,0.5511103485112222
P11,27,B,gamma,1799551287-γ-4,P11-T27-Bγ,13,57,A3,5,5,L3,L,False,57,True,L3,True,0.5704232387183596,False,0.5595250129699707,valid,False,0.013823618425535714,0.3391283364577722,0.5704232387183596,0.06846883028414415,0.0040003370071615045,0.0016069816485398747,0.0021653929970366346,0.00029711934358510436,7.326872805640969e-05,1.2876389808758148e-05
P11,27,B,gamma,1799551287-γ-4,P11-T27-Bγ,14,64,E4,9,9,R1,R,False,64,True,R1,True,0.3628522020003978,True,0.5942978858947754,valid,False,0.00026223849926813403,0.0009403726252403312,0.0002217944103546886,3.5224817377433804e-05,3.460770097342665e-06,0.3628522020003978,0.5634032332987511,0.057627252778931645,0.012109564493058049,0.002544656306523497
P11,27,B,gamma,1799551287-γ-4,P11-T27-Bγ,15,57,A3,5,5,R2,R,False,57,True,R2,True,0.6322447315987075,False,1.1242618560791016,valid,False,0.05899079139217217,0.1788657989315535,0.025194753994279756,0.004887279445319004,0.0007085542291153467,0.015107455509562264,0.6322447315987075,0.07419047688108203,0.009268632019867606,0.0005415259983406608
P11,27,B,gamma,1799551287-γ-4,P11-T27-Bγ,16,59,B3,6,6,L5,L,False,59,True,L5,True,0.42132500485216934,False,0.6620810031890869,valid,False,0.002781861810383886,0.024966711579384848,0.15243857540161754,0.38307258682159273,0.42132500485216934,0.0021449324656563403,0.011035762989058256,0.001800788263037349,0.00034931698342092685,8.445883367872994e-05
P11,27,B,gamma,1799551287-γ-4,P11-T27-Bγ,17,52,E3,2,2,L2,L,False,52,True,L2,True,0.7410748206261999,False,0.9317939281463623,valid,False,0.11188742423106451,0.7410748206261999,0.117695595564501,0.021935396107682397,0.007386010458848949,7.591355048488323e-06,1.1891892574697648e-05,9.958654426010648e-07,2.4557739463978667e-07,2.8321242761045495e-08
P11,27,B,gamma,1799551287-γ-4,P11-T27-Bγ,18,53,F3,3,3,L4,L,False,53,True,L4,True,0.5799942427826695,False,0.7340431213378906,valid,False,0.004222457222180133,0.030316117383572067,0.21319739997938408,0.5799942427826695,0.17216271743377465,3.641229782828189e-05,6.348308270036206e-05,5.759055331079354e-06,1.259573858522578e-06,1.511887014689241e-07
P11,27,B,gamma,1799551287-γ-4,P11-T27-Bγ,19,62,D4,8,8,R5,R,False,62,True,R4,True,0.4212669069981068,False,0.7549102306365967,valid,False,0.00023984940662721518,0.0006146732391948824,0.00015302753385709874,2.7413124502415888e-05,3.9964949610573505e-06,0.0118334284556392,0.017710643691018758,0.12688315405798573,0.4212669069981068,0.4212669069981068
P11,27,B,gamma,1799551287-γ-4,P11-T27-Bγ,20,62,D4,8,8,L4,L,False,62,True,R2,False,5.2521806601011244e-05,False,0.755389928817749,valid,False,0.0003669495113948192,0.0009327469307881677,0.0003047817553018185,5.2521806601011244e-05,6.283230219600607e-06,0.04530752657311398,0.7754730018934253,0.13886096325841774,0.03424269194953278,0.0044525330912048005
P11,27,B,gamma,1799551287-γ-4,P11-T27-Bγ,21,65,F4,10,10,R1,R,False,65,True,R1,True,0.6082739615541469,False,0.8583199977874756,valid,False,9.810510232859006e-06,1.9065569057270453e-05,5.801426530398222e-06,9.592348477851055e-07,1.019878750846616e-07,0.6082739615541469,0.3474516001429543,0.03553881129266621,0.006623509564328486,0.0020763787173607457
P11,27,B,gamma,1799551287-γ-4,P11-T27-Bγ,22,67,G4,11,11,R4,R,False,67,True,R4,True,0.5622928806248207,False,0.6578657627105713,valid,False,1.6463189991083419e-06,2.9711881328105637e-06,8.865119524560179e-07,1.5255625480802475e-07,1.5601232643458385e-08,0.0015577548362448496,0.02149289951689181,0.2964927760468103,0.5622928806248207,0.11815801679866043
P11,27,B,gamma,1799551287-γ-4,P11-T27-Bγ,23,71,B4,13,13,R5,R,False,71,True,R5,True,0.7060037587398733,False,0.5800900459289551,valid,False,5.8809832145081723e-08,8.635772911194194e-08,2.4906557430874467e-08,4.459921296883073e-09,4.747965509153486e-10,0.00013228719037694636,0.0019731289090468623,0.06153588874712658,0.2303547614047398,0.7060037587398733
P11,27,B,gamma,1799551287-γ-4,P11-T27-Bγ,24,65,F4,10,10,R2,R,False,65,True,R2,True,0.7952252501263024,False,0.5987899303436279,valid,False,1.2015319860139937e-05,2.3495463256712404e-05,6.995597919408139e-06,1.254052976081359e-06,1.2816488167522057e-07,0.045595747991957716,0.7952252501263024,0.11658555813036504,0.035114895301419514,0.007434659851061298
P11,27,B,gamma,1799551287-γ-4,P11-T27-Bγ,25,52,E3,2,2,L2,L,False,52,True,L2,True,0.7158458936493045,False,0.779163122177124,valid,False,0.0833556257605851,0.7158458936493045,0.16295350446937235,0.029179456334008796,0.008660411194266462,2.9088087780577756e-06,1.7703779939771725e-06,3.266781611024399e-07,8.698708973621583e-08,1.5740440022716843e-08
P11,27,B,gamma,1799551287-γ-4,P11-T27-Bγ,26,71,B4,13,13,R2,R,False,71,True,R2,True,0.7224692752851395,False,0.7108280658721924,valid,False,1.106154985261924e-08,3.889129880442121e-09,7.248325991516735e-10,1.3508993346687726e-10,3.429618566191797e-11,0.018139874102050136,0.7224692752851395,0.17117302611000493,0.06554093396835299,0.022676874689554344
P11,27,B,gamma,1799551287-γ-4,P11-T27-Bγ,27,62,D4,8,8,L4,L,False,62,True,L4,True,0.6302675326260986,False,0.9219818115234375,valid,False,0.003184424130466816,0.049585805387820925,0.23467868047581977,0.6302675326260986,0.03703205119267113,0.010664588567270721,0.025691093725846614,0.006862998080287002,0.001562277018379077,0.00047054879533923083
P11,27,B,gamma,1799551287-γ-4,P11-T27-Bγ,28,60,C4,7,7,L2,L,False,60,True,L2,True,0.7814487473927213,False,0.5067379474639893,valid,False,0.01085673804583424,0.7814487473927213,0.044547505435949014,0.006797508565676816,0.0007643878071669359,0.017006352517012168,0.10736052371473194,0.025445938876868426,0.005137446456344569,0.0006348511876945067
P11,27,B,gamma,1799551287-γ-4,P11-T27-Bγ,29,65,F4,10,10,R4,R,False,65,True,R4,True,0.5045928099039875,False,0.6559898853302002,valid,False,0.00020683416422807537,0.0001229167216105952,1.115075340955769e-05,2.4388023191432065e-06,5.554547437406943e-07,0.005833500563540929,0.05853857063969027,0.3382386755640935,0.5045928099039875,0.09245254743237663
