participant,trial_index,condition,level,sequence,quiz_name,event_index,target_note,target_note_name,target_key_id,actual_key_id,target_finger,target_hand,timed_out,actual_note,key_correct,actual_finger,finger_correct,target_finger_probability,manually_corrected,rt_s,validity,suspected_carryover,p_L1,p_L2,p_L3,p_L4,p_L5,p_R1,p_R2,p_R3,p_R4,p_R5
P18,1,C,alpha,1799551287-α-1,P18-T01-Cα,0,57,A3,5,5,L5,L,False,57,True,L5,True,0.9526347045344932,False,1.25394606590271,valid,False,3.468521547360399e-06,0.0002977928825247715,0.0033045840667372812,0.04360092975976868,0.9526347045344932,4.6486748770582594e-05,0.00010249458738636113,8.73193328235749e-06,7.892518028835327e-07,1.7713686462775718e-08
P18,1,C,alpha,1799551287-α-1,P18-T01-Cα,1,59,B3,6,6,L4,L,False,59,True,L4,True,0.8269226159939898,False,0.7979247570037842,valid,False,6.509897623668728e-06,0.006413226512202425,0.14340180474838507,0.8269226159939898,0.022431025276378556,0.0002054140318091105,0.000565092494653563,4.967324199489492e-05,4.499039531050731e-06,1.3876343200882988e-07
P18,1,C,alpha,1799551287-α-1,P18-T01-Cα,2,57,A3,5,5,L3,L,False,57,True,L3,True,0.8429441435420004,False,0.7178428173065186,valid,False,6.555491135696331e-06,0.03519807445266213,0.8429441435420004,0.11873578098396886,0.0030312356717144277,3.721734230057802e-05,4.313488620077481e-05,3.4717402306754416e-06,3.6957607662286193e-07,1.6313709922864177e-08
P18,1,C,alpha,1799551287-α-1,P18-T01-Cα,3,62,D4,8,8,R3,R,False,62,True,R3,True,0.7666261982271595,False,0.799185037612915,valid,False,0.00024837269021562626,0.0001528954884435068,6.48670440508254e-06,4.6289946158369173e-07,1.3696034002016698e-08,0.00019109433389144487,0.13993471562666068,0.7666261982271595,0.09201939103275279,0.0008203693009756687
P18,1,C,alpha,1799551287-α-1,P18-T01-Cα,4,59,B3,6,6,L4,L,False,59,True,L4,True,0.7593030061776063,False,0.9198341369628906,valid,False,6.891361321380037e-05,0.013532055150079738,0.21306958670202036,0.7593030061776063,0.007045583138812015,0.0003005849068177988,0.006100062430044107,0.0005233006703261459,5.570980670358198e-05,1.1974043762988092e-06
P18,1,C,alpha,1799551287-α-1,P18-T01-Cα,5,60,C4,7,7,L2,L,False,60,True,L2,True,0.8560458335966878,False,0.7940342426300049,valid,False,0.00037996502066876505,0.8560458335966878,0.11585320535332998,0.00576799145556242,5.57055173960433e-05,0.00046502945419065915,0.019211001824207576,0.0020387235854667763,0.00017769688360490756,4.847308885161102e-06
P18,1,C,alpha,1799551287-α-1,P18-T01-Cα,6,59,B3,6,6,L3,L,False,59,True,L3,True,0.6956348186629921,False,0.5314123630523682,valid,False,0.00013915969012108433,0.2678839259690295,0.6956348186629921,0.03327561467906095,0.00022420932806950324,0.0005419068963506156,0.002013806586699008,0.0002631120838673311,2.29330732598128e-05,5.130305498560045e-07
P18,1,C,alpha,1799551287-α-1,P18-T01-Cα,7,57,A3,5,5,L4,L,False,57,True,L4,True,0.7682204296329908,False,0.6790289878845215,valid,False,4.188587143752746e-05,0.014632845757738221,0.2118709440169987,0.7682204296329908,0.004778261176505516,0.00019530017712210233,0.0002267517055713236,3.093326025575017e-05,2.590450991899394e-06,5.7950388144359273e-08
P18,1,C,alpha,1799551287-α-1,P18-T01-Cα,8,59,B3,6,6,L3,L,False,59,True,L3,True,0.8074786197900883,False,0.5141909122467041,valid,False,9.307952736020274e-05,0.1265654863102532,0.8074786197900883,0.06242192511638669,0.0005565026077499106,0.0006884900749342577,0.0019141490340631344,0.0002602575861880979,2.0940223038276876e-05,5.497299379190687e-07
P18,1,C,alpha,1799551287-α-1,P18-T01-Cα,9,64,E4,9,9,R2,R,False,64,True,R2,True,0.8251937865494469,False,0.5602927207946777,valid,False,0.00019005479089384975,0.0008793335573384896,5.159235644070947e-05,5.716596040985901e-06,7.603006160430772e-08,0.0027755494331351926,0.8251937865494469,0.16007112561304296,0.0105446460905171,0.000288118983082218
P18,1,C,alpha,1799551287-α-1,P18-T01-Cα,10,65,F4,10,10,R3,R,False,65,True,R3,True,0.5853874300143926,False,0.7113223075866699,valid,False,4.747983967604155e-05,2.2647040486325764e-05,8.869463179089752e-07,7.730699627001546e-08,1.949912421505605e-09,0.0006703048922706673,0.3324829154282619,0.5853874300143926,0.07922357364415061,0.002164682937535414
P18,1,C,alpha,1799551287-α-1,P18-T01-Cα,11,67,G4,11,11,R2,R,False,67,True,R2,True,0.8955415324009298,False,0.4457700252532959,valid,False,1.915040365064865e-05,6.45712310239516e-06,3.0887577005350755e-07,2.586625329155416e-08,6.268419505560263e-10,0.009475130530380304,0.8955415324009298,0.08800807744666389,0.0065366748237279445,0.00041264190267964793
P18,1,C,alpha,1799551287-α-1,P18-T01-Cα,12,69,A4,12,12,R1,R,False,69,True,R1,True,0.9674408841592586,False,0.4464759826660156,valid,False,4.530427866397851e-06,1.1078371493202631e-06,5.974974239115678e-08,5.003636156138251e-09,1.313571774500941e-10,0.9674408841592586,0.029804348968182397,0.0019633541691178318,0.0005681637107675381,0.0002175458429221115
P18,1,C,alpha,1799551287-α-1,P18-T01-Cα,13,67,G4,11,11,R2,R,False,67,True,R2,True,0.8636039920201646,False,0.5739083290100098,valid,False,1.8727735383581414e-05,6.745459420874644e-06,3.6380749910269365e-07,2.812404428945977e-08,6.815571850015594e-10,0.0831107735461749,0.8636039920201646,0.04847820527466305,0.004397843561661432,0.00038331978943100306
P18,1,C,alpha,1799551287-α-1,P18-T01-Cα,14,57,A3,5,5,L4,L,False,57,True,L4,True,0.7675676914062203,False,0.6344609260559082,valid,False,5.395880279954736e-05,0.015285457176992352,0.2107741369462496,0.7675676914062203,0.006316887943273459,1.7111115076525528e-06,1.512202269327429e-07,4.131899509126863e-09,9.036955383380665e-10,3.571351406857306e-10
P18,1,C,alpha,1799551287-α-1,P18-T01-Cα,15,59,B3,6,6,L3,L,False,59,True,L3,True,0.7755234971643368,False,0.45255613327026367,valid,False,5.2945562785430036e-05,0.05243629216649765,0.7755234971643368,0.1693082533643086,0.0026415781273378017,3.522522063100035e-05,2.141043999941669e-06,4.985151262587292e-08,1.1811207153361551e-08,5.687383081068561e-09
P18,1,C,alpha,1799551287-α-1,P18-T01-Cα,16,57,A3,5,5,L2,L,False,57,True,L2,True,0.686739467428953,False,0.6058268547058105,valid,False,0.00021422788348446172,0.686739467428953,0.2964726549431607,0.015989863464810784,0.0005780788436134778,5.420885703326745e-06,2.77956755542367e-07,6.218107164118291e-09,1.6610759349427566e-09,7.143354820282847e-10
P18,1,C,alpha,1799551287-α-1,P18-T01-Cα,17,65,F4,10,10,R1,R,False,65,True,R1,True,0.9902684112446171,False,0.5058939456939697,valid,False,2.7540559566507812e-05,0.0010914569875448113,0.00025106988026980115,2.1025401622839575e-05,3.69274684216459e-07,0.9902684112446171,0.00783010585329675,0.00038983801544569696,9.236344724863537e-05,2.7819335703546954e-05
P18,1,C,alpha,1799551287-α-1,P18-T01-Cα,18,64,E4,9,9,R3,R,False,64,True,R2,True,0.46809614171372227,False,0.5454161167144775,valid,False,1.9461074605449526e-05,0.003976672933622711,0.0024947107098144904,0.00030243911537523887,6.02476441041588e-06,0.00622562417145976,0.46809614171372227,0.46809614171372227,0.04983281515254165,0.0009499686507256575
P18,1,C,alpha,1799551287-α-1,P18-T01-Cα,19,65,F4,10,10,R4,R,False,65,True,R4,True,0.38203011339491844,True,0.49198484420776367,valid,False,8.901550430400534e-06,0.0007594004230024536,0.00035899849106510006,3.950287752079817e-05,9.242577596827866e-07,0.005800387424832339,0.1664525511046427,0.4307377500612824,0.38203011339491844,0.013811470414545762
P18,1,C,alpha,1799551287-α-1,P18-T01-Cα,20,64,E4,9,9,R5,R,False,64,True,R5,True,0.8696983109313278,False,1.2894830703735352,valid,False,0.00021982514649624563,6.912397706855108e-05,5.134085117286853e-06,3.663748319801368e-07,2.0562683868292255e-08,0.0008017836384859092,0.002087201080484875,0.011856395294666497,0.1152618389088369,0.8696983109313278
P18,1,C,alpha,1799551287-α-1,P18-T01-Cα,21,65,F4,10,10,R4,R,False,65,True,R4,True,0.3769117947583323,True,0.897454023361206,valid,False,2.6567343969283356e-05,1.517197949470902e-05,1.896038051328492e-06,1.3530368247001738e-07,5.299019226762426e-09,0.0008179808700569364,0.2149884788635455,0.3769117947583323,0.3769117947583323,0.030326174785515896
P18,1,C,alpha,1799551287-α-1,P18-T01-Cα,22,64,E4,9,9,R5,R,False,64,True,R5,True,0.9331101846010237,False,0.6147110462188721,valid,False,3.348063270156062e-05,3.2748712978996817e-06,3.4863790040894257e-07,3.29184683713026e-08,1.978727658884277e-09,8.4290134043127e-05,0.0006304384675554937,0.005546757618986741,0.06059119013929515,0.9331101846010237
P18,1,C,alpha,1799551287-α-1,P18-T01-Cα,23,59,B3,6,6,L2,L,False,59,True,L2,True,0.9576779601844537,False,0.4389371871948242,valid,False,0.0015135491141266323,0.9576779601844537,0.03603575222439331,0.0019435409921035366,4.9021885535060004e-05,0.001405082303869142,0.0012517111847827403,0.00010910021265014899,1.3629912717293579e-05,6.519853686473079e-07
P18,1,C,alpha,1799551287-α-1,P18-T01-Cα,24,57,A3,5,5,L3,L,False,57,True,L3,True,0.7425061055434437,False,0.5075821876525879,valid,False,0.00047500813968188375,0.20735112163727815,0.7425061055434437,0.04891240736277918,0.0004916594846852626,0.00023607889939920637,2.447828437773392e-05,2.712271220344297e-06,3.976378440882549e-07,3.073929032767583e-08
P18,1,C,alpha,1799551287-α-1,P18-T01-Cα,25,59,B3,6,6,L4,L,False,59,True,L4,True,0.7761626684275365,False,0.6253368854522705,valid,False,0.0003098753974205258,0.017833021110602008,0.20043424867140475,0.7761626684275365,0.004113861489080463,0.0010047373599039835,0.00012176797643572484,1.7152044879487202e-05,2.5146091941050466e-06,1.5291354257147695e-07
P18,1,C,alpha,1799551287-α-1,P18-T01-Cα,26,60,C4,7,7,L5,L,False,60,True,L5,True,0.9325063321236474,False,0.8452491760253906,valid,False,1.3187285098218658e-05,0.001058240500777423,0.004827192395634152,0.06141056201999187,0.9325063321236474,0.00015566051322291692,2.6196641642265668e-05,2.2833215909842726e-06,2.8525585087927e-07,5.994254379080108e-08
P18,1,C,alpha,1799551287-α-1,P18-T01-Cα,27,65,F4,10,10,R5,R,False,65,True,R5,True,0.9554396729441844,False,0.630760908126831,valid,False,8.66397191272073e-06,9.925399622766236e-08,3.88717309641542e-09,2.3637923942808395e-10,4.967180468684253e-11,7.404746875481817e-05,0.0005477245774952547,0.003394551428053864,0.04053523618237845,0.9554396729441844
P18,1,C,alpha,1799551287-α-1,P18-T01-Cα,28,60,C4,7,7,L5,L,False,60,True,L5,True,0.9267269229563497,False,0.741055965423584,valid,False,9.340013830726798e-05,0.0012967230077316047,0.005269316858730815,0.06621263728577849,0.9267269229563497,0.0003614905567006175,3.731570261352527e-05,1.784992510916349e-06,3.196317329806544e-07,8.886954417711738e-08
P18,1,C,alpha,1799551287-α-1,P18-T01-Cα,29,59,B3,6,6,L4,L,False,59,True,L4,True,0.8163771960830519,False,1.3542206287384033,valid,False,0.00011531754558757382,0.008064872851744518,0.15186209130060727,0.8163771960830519,0.023216807980063345,0.00033108730480440636,3.034500054486086e-05,1.8452813834952606e-06,3.7255588604805366e-07,6.409632668161334e-08
P18,2,B,beta,1799551287-β-7,P18-T02-Bβ,0,62,D4,8,8,R1,R,False,62,True,R1,True,0.9834300078975808,False,0.90301513671875,valid,False,0.0016450981239879054,0.00041939019851166783,1.8519083629248122e-05,7.54878664387835e-07,1.0633101665265803e-07,0.9834300078975808,0.014168858160057099,0.00025951168952530044,5.239450649406827e-05,5.3591305329978525e-06
P18,2,B,beta,1799551287-β-7,P18-T02-Bβ,1,64,E4,9,9,R2,R,False,64,True,R2,True,0.9024897861242633,False,0.7061600685119629,valid,False,0.0003663484376106259,5.004450211179369e-05,1.9599376309873283e-06,9.75795488307154e-08,1.3744901162482563e-08,0.01808287868652076,0.9024897861242633,0.07261397328702786,0.006080928346121265,0.0003139693542634023
P18,2,B,beta,1799551287-β-7,P18-T02-Bβ,2,60,C4,7,7,L3,L,False,60,True,L3,True,0.843656972883249,False,1.0532200336456299,valid,False,0.00012458394356415874,0.10065681092555566,0.843656972883249,0.0533965417027223,0.0006214586307621236,0.0014873863783366056,5.489933638457802e-05,8.568445723909223e-07,4.007174396728962e-07,8.863741332359735e-08
P18,2,B,beta,1799551287-β-7,P18-T02-Bβ,3,59,B3,6,6,L5,L,False,59,True,L5,True,0.9288272357940203,False,1.1707861423492432,valid,False,8.858710562135746e-06,0.00048053908939007384,0.004306218252032851,0.06628229074481003,0.9288272357940203,9.354673992715663e-05,1.2481694432585525e-06,3.8452869076986283e-08,1.7277987829697376e-08,6.7689575344587245e-09
P18,2,B,beta,1799551287-β-7,P18-T02-Bβ,4,62,D4,8,8,R5,R,False,62,True,R5,True,0.899415513879617,False,1.093564748764038,valid,False,6.23561410999353e-05,5.013255454080404e-07,2.7038335201717688e-08,3.659240752770939e-09,3.4550632860563763e-10,0.00010838715921871672,0.0021096720162670874,0.006307536090345489,0.09199600234482412,0.899415513879617
P18,2,B,beta,1799551287-β-7,P18-T02-Bβ,5,60,C4,7,7,L3,L,False,60,True,L3,True,0.7820980264222336,False,1.2495222091674805,valid,False,0.0003471425023190185,0.16948049321546735,0.7820980264222336,0.03741157266753818,0.00025207719378630695,0.009793011174546836,0.0005839032872862487,2.578351579751119e-05,6.358136715406705e-06,1.6318843093532158e-06
P18,2,B,beta,1799551287-β-7,P18-T02-Bβ,6,59,B3,6,6,L1,L,False,59,True,L1,True,0.9835810270360833,False,0.8507671356201172,valid,False,0.9835810270360833,0.012568579648195586,0.0003154755413060586,2.3545984581461468e-05,1.1722855441458924e-06,0.0033274061869213553,0.0001739826009769749,6.813836333711169e-06,1.6143869705729942e-06,3.8249308658348013e-07
P18,2,B,beta,1799551287-β-7,P18-T02-Bβ,7,60,C4,7,7,L2,L,False,60,True,L2,True,0.9043661557677032,False,0.7577390670776367,valid,False,0.004251340385140004,0.9043661557677032,0.057238933243148236,0.0017633833434978667,1.998515198192008e-05,0.02788681453208101,0.004251340385140004,0.0001732940039605428,4.2733775245954575e-05,6.019412101140008e-06
P18,2,B,beta,1799551287-β-7,P18-T02-Bβ,8,64,E4,9,9,R1,R,False,64,True,R1,True,0.9299770107072873,False,0.6626830101013184,valid,False,0.000873360534259695,0.00011476828069650223,5.4899280245563284e-06,3.338428669812092e-07,2.112950540549301e-08,0.9299770107072873,0.06636434014232485,0.0018873238365800947,0.0006670834464116421,0.00011026815204286886
P18,2,B,beta,1799551287-β-7,P18-T02-Bβ,9,59,B3,6,6,L2,L,False,59,True,L2,True,0.9599448862407648,False,0.656810998916626,valid,False,0.009270857450414454,0.9599448862407648,0.028413826425032977,0.0015950034075794674,4.3581430411187236e-05,0.0007068055783957842,2.391799612728163e-05,7.669230194942784e-07,2.821352118330703e-07,7.241304267503193e-08
P18,2,B,beta,1799551287-β-7,P18-T02-Bβ,10,57,A3,5,5,L3,L,False,57,True,L3,True,0.7700149029316287,False,0.8104372024536133,valid,False,0.0005015388021079837,0.12773642271090993,0.7700149029316287,0.10012404518537593,0.0015012253360069793,0.0001187491150131412,2.927547811177216e-06,1.2927222175485565e-07,4.949741406413139e-08,9.601510473449989e-09
P18,2,B,beta,1799551287-β-7,P18-T02-Bβ,11,62,D4,8,8,R1,R,False,62,True,R1,True,0.9888858021369622,False,0.679995059967041,valid,False,0.003231942732060402,0.0005361071972408046,3.009425037078469e-05,2.4213715502553077e-06,1.7984392922385057e-07,0.9888858021369622,0.006934984765054865,0.00026095138769333896,0.00010399409679322275,1.3522218344989011e-05
P18,2,B,beta,1799551287-β-7,P18-T02-Bβ,12,64,E4,9,9,R3,R,False,64,True,R3,True,0.5686960718114502,False,0.8153810501098633,valid,False,0.00044146374989120774,0.00013310009324424808,6.3668282520061e-06,4.029678189115864e-07,2.7628744687248255e-08,0.0024042364140673656,0.14752179439899255,0.5686960718114502,0.27681409590979744,0.0039824401977412395
P18,2,B,beta,1799551287-β-7,P18-T02-Bβ,13,59,B3,6,6,L2,L,False,59,True,L2,True,0.9622870740485718,False,1.7422080039978027,valid,False,0.00824257520456136,0.9622870740485718,0.025262291261658548,0.0016641472331100219,4.368776557315222e-05,0.0019488679146654447,0.0005216871605340158,2.597327432814386e-05,3.377271378180257e-06,3.188656195423506e-07
P18,2,B,beta,1799551287-β-7,P18-T02-Bβ,14,60,C4,7,7,R2,R,False,60,True,R2,True,0.8352272552745896,False,1.0212750434875488,valid,False,0.011061476230957384,0.002070321377022957,9.51504315126007e-05,7.968204051354508e-06,7.830639829538073e-07,0.004810140309406813,0.8352272552745896,0.1380621367092569,0.00839556717946132,0.0002692012197583429
P18,2,B,beta,1799551287-β-7,P18-T02-Bβ,15,62,D4,8,8,R4,R,False,62,True,R4,True,0.8343297346436354,False,1.2311160564422607,valid,False,0.00017937103772274545,4.1970586918178825e-06,2.0895924803347452e-07,1.6153540432454805e-08,1.5874663385023675e-09,5.974760773513484e-05,0.00666622104095021,0.061968654802598486,0.8343297346436354,0.09679184710841147
P18,2,B,beta,1799551287-β-7,P18-T02-Bβ,16,57,A3,5,5,L3,L,False,57,True,L3,True,0.8168341548274094,False,1.824558973312378,valid,False,0.00044566923455979617,0.1062118921536766,0.8168341548274094,0.07410152270282967,0.0013732729254016778,0.00022119777266617666,0.0007621062208129294,4.714327459299783e-05,2.866785480358043e-06,1.7410257050597077e-07
P18,2,B,beta,1799551287-β-7,P18-T02-Bβ,17,60,C4,7,7,R3,R,False,60,True,R3,True,0.8101325130036628,False,1.1462647914886475,valid,False,0.0011762931198466245,5.065070296986313e-05,3.4727719557452696e-06,2.197978781888861e-07,1.7684850843459386e-08,0.00021620411803622427,0.07317606614301349,0.8101325130036628,0.10963951310653954,0.005605049551246793
P18,2,B,beta,1799551287-β-7,P18-T02-Bβ,18,62,D4,8,8,R1,R,False,62,True,R1,True,0.9848309289337863,False,0.7842810153961182,valid,False,0.00044740879089476114,2.9970850510927812e-05,2.316888819612211e-06,1.7910648883610533e-07,1.0464415888812887e-08,0.9848309289337863,0.014189042058551178,0.00038769744700081326,9.950672797013883e-05,1.2938731561687348e-05
P18,2,B,beta,1799551287-β-7,P18-T02-Bβ,19,59,B3,6,6,L5,L,False,59,True,L5,True,0.8963524307163461,False,1.0314218997955322,valid,False,2.7771396947914804e-05,0.0004600370222986399,0.004267260051120496,0.09852223188013556,0.8963524307163461,0.00036128603704654655,8.551348180714408e-06,2.634448982874372e-07,1.3891249901975707e-07,2.919052678469187e-08
P18,2,B,beta,1799551287-β-7,P18-T02-Bβ,20,52,E3,2,2,L4,L,False,52,True,L4,True,0.8112077915140516,False,1.0078017711639404,valid,False,1.3473888562445656e-05,0.001394259847734646,0.04932959660403424,0.8112077915140516,0.13805452944565433,3.418092322339018e-07,6.5145282340204655e-09,2.35518643201527e-10,1.1931774666478204e-10,2.1365769272741963e-11
P18,2,B,beta,1799551287-β-7,P18-T02-Bβ,21,50,D3,1,1,L2,L,False,50,True,L2,True,0.8485015950358624,False,0.872589111328125,valid,False,0.0011014285756151762,0.8485015950358624,0.12947294812140692,0.01975629084650102,0.0011676546670761332,8.077418726646368e-08,1.8945522339613705e-09,5.6077676021324565e-11,2.4209322867852385e-11,4.5119877601034614e-12
P18,2,B,beta,1799551287-β-7,P18-T02-Bβ,22,52,E3,2,2,L4,L,False,52,True,L4,True,0.7474709547543947,False,0.9775407314300537,valid,False,2.883349576543663e-05,0.008802837585426956,0.19184647599747917,0.7474709547543947,0.051850399272112005,4.83842963693261e-07,1.4471859012513762e-08,3.799202206194537e-10,1.7070915917812532e-10,2.936963404414798e-11
P18,2,B,beta,1799551287-β-7,P18-T02-Bβ,23,55,G3,4,4,L2,L,False,55,True,L2,True,0.9326162290413905,False,1.4392578601837158,valid,False,0.0014622940703280813,0.9326162290413905,0.05902693033692933,0.006540370309765231,0.00033248021112416043,2.1005742160661296e-05,6.608351038917636e-07,1.87933736845578e-08,9.147717038057251e-09,1.5121074561565325e-09
P18,2,B,beta,1799551287-β-7,P18-T02-Bβ,24,57,A3,5,5,L1,L,False,57,True,L1,True,0.9886749500304869,False,0.9167170524597168,valid,False,0.9886749500304869,0.01076570493138886,0.0002408371288908969,3.1315741401344656e-05,2.840899965670505e-06,0.00027320162804406466,1.0634685662150623e-05,3.409978493175719e-07,1.5322021040006516e-07,2.073610057206621e-08
P18,2,B,beta,1799551287-β-7,P18-T02-Bβ,25,64,E4,9,9,R3,R,False,64,True,R3,True,0.6887297011750055,False,1.7755589485168457,valid,False,0.0002748676147852695,1.4049743888494945e-05,5.502426958166516e-07,3.92660173376046e-08,3.035449278525635e-09,0.00013348827415505477,0.04152478753823531,0.6887297011750055,0.2628336497891247,0.006488863320643202
P18,2,B,beta,1799551287-β-7,P18-T02-Bβ,26,60,C4,7,7,L2,L,False,60,True,L2,True,0.942206634765722,False,0.7531979084014893,valid,False,0.0033475361847912833,0.942206634765722,0.04507035025471883,0.0017651304694504132,3.5022120880540486e-05,0.00663219402806977,0.0008942450895658299,3.948733102844168e-05,8.297712604520782e-06,1.102043168523822e-06
P18,2,B,beta,1799551287-β-7,P18-T02-Bβ,27,60,C4,7,7,R1,R,False,60,True,R1,True,0.9899008825708114,False,0.8618049621582031,valid,False,0.0033239365271772866,0.0022650680882055807,5.71317553888856e-05,4.596798571500218e-06,3.696767218446703e-07,0.9899008825708114,0.004295658319605704,0.00012216347398329503,2.6718603911524264e-05,3.4741856230867647e-06
P18,2,B,beta,1799551287-β-7,P18-T02-Bβ,28,62,D4,8,8,R2,R,False,62,True,R2,True,0.7933488501493962,False,0.7536988258361816,valid,False,0.0008017769749267306,0.00018567880307974294,7.568677245595368e-06,5.850946299698594e-07,3.703167378852206e-08,0.006018197825400447,0.7933488501493962,0.1805960983299644,0.018472128653601615,0.0005690784600813634
P18,2,B,beta,1799551287-β-7,P18-T02-Bβ,29,64,E4,9,9,R3,R,False,64,True,R3,True,0.6433986948420393,False,0.7178900241851807,valid,False,0.00018710964887956084,3.8648959950951994e-05,1.5136438132040363e-06,1.0378019409937742e-07,6.310880102440412e-09,0.0010551184304650242,0.2767082388895322,0.6433986948420393,0.07722819312403577,0.001382372370209882
P18,3,C,alpha,1799551287-α-3,P18-T03-Cα,0,60,C4,7,7,L3,L,False,60,True,L3,True,0.8133321731313657,False,0.7946329116821289,valid,False,2.4581784920708217e-05,0.04453052571642725,0.8133321731313657,0.1385677155508502,0.0012970186180946647,9.483001806777892e-05,0.001246169689230535,0.0005880887328601265,0.0002889610453746788,2.993571280825572e-05
P18,3,C,alpha,1799551287-α-3,P18-T03-Cα,1,59,B3,6,6,L2,L,False,59,True,L2,True,0.9700109998906302,False,0.5219357013702393,valid,False,0.0008165292133397602,0.9700109998906302,0.026504311331832314,0.001319571960321087,2.4168803512940096e-05,0.0007729499990024754,0.0005232119494803977,2.5155151095606874e-05,2.7435970291871282e-06,3.5810375600536545e-07
P18,3,C,alpha,1799551287-α-3,P18-T03-Cα,2,64,E4,9,9,R3,R,False,64,True,R3,True,0.6670018471853426,False,0.5785269737243652,valid,False,7.205914723130502e-05,8.089347674725317e-06,2.699679837515439e-07,2.5490437281676564e-08,1.1715215491249357e-09,0.0005915331368767957,0.17384670587507928,0.6670018471853426,0.15586188580188365,0.0026175828759692293
P18,3,C,alpha,1799551287-α-3,P18-T03-Cα,3,60,C4,7,7,L2,L,False,60,True,L2,True,0.9526304846573781,False,0.532484769821167,valid,False,0.0007112204004721963,0.9526304846573781,0.04206546475274948,0.0018574918117398127,2.2805058339896088e-05,0.0023799962685853455,0.0003195719258032076,1.0665160151571738e-05,2.146776325355359e-06,1.531884548842163e-07
P18,3,C,alpha,1799551287-α-3,P18-T03-Cα,4,59,B3,6,6,L1,L,False,59,True,L1,True,0.8902299033187241,False,0.5912530422210693,valid,False,0.8902299033187241,0.10685574504494312,0.001570306456818386,5.565851226079948e-05,2.884163836799511e-06,0.0012021688607105363,7.97769827940712e-05,2.771074155182017e-06,6.833384735249373e-07,1.0224728350980931e-07
P18,3,C,alpha,1799551287-α-3,P18-T03-Cα,5,64,E4,9,9,R3,R,False,64,True,R3,True,0.6223589281092655,False,0.5312793254852295,valid,False,0.00011022995168701282,6.967609946298427e-06,2.2341422041533204e-07,1.7270978320549424e-08,9.695022719375045e-10,0.0005209935700875567,0.16376810604710146,0.6223589281092655,0.2113503073310869,0.0018842257261242128
P18,3,C,alpha,1799551287-α-3,P18-T03-Cα,6,65,F4,10,10,R2,R,False,65,True,R2,True,0.9646456010551799,False,0.5669498443603516,valid,False,5.128938186795963e-05,5.471298970925544e-06,1.8259513759035242e-07,1.6564657162795464e-08,7.027678558761986e-10,0.00873982384621529,0.9646456010551799,0.02337719047845861,0.0030397059418733868,0.00014071813487128874
P18,3,C,alpha,1799551287-α-3,P18-T03-Cα,7,64,E4,9,9,R1,R,False,64,True,R1,True,0.9917465573257672,False,0.45467710494995117,valid,False,0.00040237244832279514,4.877524292687342e-05,1.6942206931574772e-06,1.3631633071837067e-07,6.264997228941597e-09,0.9917465573257672,0.007534312507805613,0.00020586546379444524,5.283758988538648e-05,7.442619476529311e-06
P18,3,C,alpha,1799551287-α-3,P18-T03-Cα,8,64,E4,9,9,R1,R,False,64,True,R1,True,0.9376446178985878,False,0.5065557956695557,valid,False,0.0005016347079597829,6.609719326614355e-05,1.956439586860845e-06,1.6383856167999033e-07,9.572377076819397e-09,0.9376446178985878,0.059345185959701265,0.002061370401433886,0.00035464819000356,2.4315798521749713e-05
P18,3,C,alpha,1799551287-α-3,P18-T03-Cα,9,62,D4,8,8,R2,R,False,62,True,R2,True,0.8622037477305784,False,0.5946311950683594,valid,False,0.0016544795596778298,0.0003676924621115385,9.274297718942074e-06,8.08355685894901e-07,5.325023229751311e-08,0.029835060904507108,0.8622037477305784,0.09943375156650007,0.006293337971276986,0.00020179390171087434
P18,3,C,alpha,1799551287-α-3,P18-T03-Cα,10,57,A3,5,5,L2,L,False,57,True,L2,True,0.9655560941155462,False,0.4419419765472412,valid,False,0.013365866736382504,0.9655560941155462,0.01993953010271735,0.0010754123814759934,3.735472754294658e-05,2.528947718997812e-05,4.2335656052424697e-07,2.0251214289321275e-08,6.607562039186901e-09,2.2438082081109226e-09
P18,3,C,alpha,1799551287-α-3,P18-T03-Cα,11,59,B3,6,6,L1,L,False,59,True,L1,True,0.9020973141817232,False,0.5499169826507568,valid,False,0.9020973141817232,0.09603593087232717,0.0010879058188213333,3.780637277492645e-05,3.16602760411332e-06,0.0007286196362670936,8.606155304660966e-06,4.45961648907842e-07,1.514465805783424e-07,5.3526947929140774e-08
P18,3,C,alpha,1799551287-α-3,P18-T03-Cα,12,64,E4,9,9,R2,R,False,64,True,R2,True,0.8768935036687746,False,0.4360687732696533,valid,False,0.00026358966895710396,3.981090347574162e-05,1.4980148997109106e-06,8.079346717228244e-08,4.357489594381452e-09,0.04055364396053961,0.8768935036687746,0.07343389049806531,0.008468772309985212,0.00034520582434595685
P18,3,C,alpha,1799551287-α-3,P18-T03-Cα,13,65,F4,10,10,R3,R,False,65,True,R3,True,0.4782040322814113,False,0.5369410514831543,valid,False,2.6701880666904192e-05,3.887602976078216e-06,1.0622378470362976e-07,7.580264133535238e-09,5.197268183177206e-10,0.016559230383621292,0.45945338397603663,0.4782040322814113,0.045152131461382625,0.0006005180901295005
P18,3,C,alpha,1799551287-α-3,P18-T03-Cα,14,67,G4,11,11,R4,R,False,67,True,R4,True,0.26306505667178454,True,0.6029729843139648,valid,False,4.671944173927026e-06,6.441373136461886e-07,1.8318508154649636e-08,1.1594107748182766e-09,6.773934664517571e-11,0.009350098006014084,0.2940117072334251,0.42513270419869387,0.26306505667178454,0.008435098262936633
P18,3,C,alpha,1799551287-α-3,P18-T03-Cα,15,65,F4,10,10,R5,R,False,65,True,R5,True,0.8698783457094704,False,0.6598930358886719,valid,False,4.629206216044908e-05,8.29878109783307e-06,2.360075809826626e-07,1.55469414400023e-08,9.839934163215232e-10,0.00025487002474263034,0.0014088580251925252,0.010677850560833028,0.11772523229798727,0.8698783457094704
P18,3,C,alpha,1799551287-α-3,P18-T03-Cα,16,60,C4,7,7,L1,L,False,60,True,L1,True,0.7601322947998581,False,0.580683708190918,valid,False,0.7601322947998581,0.22894744748125698,0.002925579235287233,0.00011008444677513017,3.1306722855958996e-06,0.0075899904575880365,0.00026540256041126224,1.971239782899035e-05,5.0593993424062545e-06,1.2985493661402996e-06
P18,3,C,alpha,1799551287-α-3,P18-T03-Cα,17,59,B3,6,6,L2,L,False,59,True,L2,True,0.9657852962180993,False,0.4786360263824463,valid,False,0.01185727435505524,0.9657852962180993,0.02075820414186141,0.0008806821942190111,2.8238797431482564e-05,0.0006598976438777445,2.7131538346530174e-05,2.364807983756967e-06,7.122664769913639e-07,1.980366484659857e-07
P18,3,C,alpha,1799551287-α-3,P18-T03-Cα,18,60,C4,7,7,L1,L,False,60,True,L1,True,0.7811593880962631,False,0.5305790901184082,valid,False,0.7811593880962631,0.2086752490225541,0.0022722697256480854,8.214898509116843e-05,2.6340813569514425e-06,0.007429018285816329,0.00033313056161802997,3.27379347645985e-05,1.068172663137567e-05,2.7415802564143652e-06
P18,3,C,alpha,1799551287-α-3,P18-T03-Cα,19,59,B3,6,6,L2,L,False,59,True,L2,True,0.9632013966403354,False,0.43849897384643555,valid,False,0.017641648957988802,0.9632013966403354,0.017641648957988802,0.0008107970721725507,2.3999135372088076e-05,0.0006427124760717822,3.304987564095965e-05,3.3804803119827195e-06,1.0597338625523006e-06,3.0667025503822687e-07
P18,3,C,alpha,1799551287-α-3,P18-T03-Cα,20,60,C4,7,7,L4,L,False,60,True,L4,True,0.5500151812156888,False,0.695019006729126,valid,False,0.0004656277913620172,0.01983798200714142,0.42454167696404893,0.5500151812156888,0.0024983519762628074,0.002533855279198738,9.400862975753319e-05,9.61559811916394e-06,3.0143571312786657e-06,6.861812893275376e-07
P18,3,C,alpha,1799551287-α-3,P18-T03-Cα,21,59,B3,6,6,L3,L,False,59,True,L3,True,0.6150261950475214,False,0.44425201416015625,valid,False,0.0014098837368828312,0.35130853711559334,0.6150261950475214,0.03186999146022424,0.00019045579862994393,0.00018735424403582246,6.61553148293809e-06,7.042795873474495e-07,2.038073975949789e-07,5.8978644363216106e-08
P18,3,C,alpha,1799551287-α-3,P18-T03-Cα,22,64,E4,9,9,R4,R,False,64,True,R4,True,0.7421176205174999,False,0.7580878734588623,valid,False,0.00010551158178177013,7.3688601083764735e-06,3.253879968667359e-07,1.9786864466960423e-08,9.465024752137329e-10,0.000857844963153307,0.015274888125930423,0.1439560074128007,0.7421176205174999,0.09768041241736164
P18,3,C,alpha,1799551287-α-3,P18-T03-Cα,23,62,D4,8,8,R2,R,False,62,True,R2,True,0.8806563842902629,False,0.44737887382507324,valid,False,0.003769233580867479,0.004484681689146867,0.00011311701338935565,7.451555478471947e-06,2.693948315191391e-07,0.022170736773196174,0.8806563842902629,0.08315177236393524,0.0054776025845943935,0.00016875075429765906
P18,3,C,alpha,1799551287-α-3,P18-T03-Cα,24,64,E4,9,9,R1,R,False,64,True,R1,True,0.9500133637164137,False,0.464353084564209,valid,False,0.0010502295853065985,0.0009767505827414453,2.5641992266814597e-05,1.498150474845223e-06,4.999818023820022e-08,0.9500133637164137,0.04544378427138633,0.002006668835699796,0.0004388823275441063,4.3130539986147155e-05
P18,3,C,alpha,1799551287-α-3,P18-T03-Cα,25,65,F4,10,10,R2,R,False,65,True,R2,True,0.884302768031183,False,0.4138150215148926,valid,False,0.00014559307522626615,0.0001135853777205548,3.1035753349073285e-06,1.742184653628902e-07,5.586260270163887e-09,0.04722640147117617,0.884302768031183,0.06063058700357666,0.006992229784796261,0.0005855518762606648
P18,3,C,alpha,1799551287-α-3,P18-T03-Cα,26,64,E4,9,9,R1,R,False,64,True,R1,True,0.9420655356100569,False,0.4559440612792969,valid,False,0.0015922386516545538,0.0019898810097789747,5.22390407195081e-05,2.932426161472244e-06,9.034045807966786e-08,0.9420655356100569,0.050809068014035216,0.0027403203862914963,0.0006757546874867731,7.193983335711124e-05
P18,3,C,alpha,1799551287-α-3,P18-T03-Cα,27,65,F4,10,10,R2,R,False,65,True,R2,True,0.9182143306735842,False,0.40044379234313965,valid,False,0.00016532106641452038,0.00013840526965916406,4.437921419338813e-06,2.0396356949968304e-07,6.037206452017705e-09,0.04571519965759816,0.9182143306735842,0.031894412542716744,0.003534001643844253,0.0003336812239878736
P18,3,C,alpha,1799551287-α-3,P18-T03-Cα,28,60,C4,7,7,L4,L,False,60,True,L4,True,0.7858856874763748,False,0.6494901180267334,valid,False,0.0002657064682911821,0.00818804577668674,0.1967678627371705,0.7858856874763748,0.008557527851708432,0.0003074791880574425,2.5908384056125545e-05,1.2899024883031987e-06,3.310673748422242e-07,1.6114779157919808e-07
P18,3,C,alpha,1799551287-α-3,P18-T03-Cα,29,64,E4,9,9,R2,R,False,64,True,R2,True,0.8792824199434238,False,0.4142172336578369,valid,False,0.001078096337828791,0.002770717031792019,0.00013794587828983427,7.743559161746116e-06,1.4182823332009104e-07,0.0358414893563253,0.8792824199434238,0.07363394605257413,0.006952533621108535,0.00029496639126270097
P18,4,A,beta,1799551287-β-8,P18-T04-Aβ,0,62,D4,8,8,R3,R,False,62,True,R2,False,0.06825368953534262,False,0.6266689300537109,valid,False,0.0008541429555813123,0.0003918921877498164,1.801107363554923e-05,1.8422483789072856e-06,9.75872799148169e-08,0.007123771266103444,0.9189497958261894,0.06825368953534262,0.004319252004148528,8.75053155905419e-05
P18,4,A,beta,1799551287-β-8,P18-T04-Aβ,1,59,B3,6,6,L3,L,False,59,True,L2,False,0.10127617250652668,False,0.5445091724395752,valid,False,0.0024397960325344063,0.8880689271175408,0.10127617250652668,0.006943813827720232,0.0002719467963357312,0.0009697073796958765,2.781586233203207e-05,1.4413878662715155e-06,3.1524866006226987e-07,6.384078791412127e-08
P18,4,A,beta,1799551287-β-8,P18-T04-Aβ,2,60,C4,7,7,R4,R,False,60,True,R2,False,0.0027814326982159763,False,0.44931888580322266,valid,False,0.0012348836110973593,0.0009445620991966759,2.90995128359102e-05,2.7475824968703024e-06,1.2658030033232786e-07,0.01071821639591364,0.9187059961390435,0.06556002623354644,0.0027814326982159763,2.2909147353599585e-05
P18,4,A,beta,1799551287-β-8,P18-T04-Aβ,3,64,E4,9,9,R4,R,False,64,True,R2,False,0.005044610371493058,False,0.31688594818115234,valid,False,2.4659229983637653e-05,0.006390834915098005,0.00611047042815338,0.0004762549427949955,5.629598401799691e-06,0.012111997698979401,0.8974987963740315,0.07221240021443327,0.005044610371493058,0.00012434622663098997
P18,4,A,beta,1799551287-β-8,P18-T04-Aβ,4,60,C4,7,7,L5,L,False,60,True,R2,False,1.922560513991646e-05,False,0.40834498405456543,valid,False,0.00031048177192711954,0.04798451788921068,0.018114447573392863,0.0012512997342225309,1.922560513991646e-05,0.009319342209367074,0.8800723914843808,0.04096495764534743,0.0019406509231436665,2.2685163867846268e-05
P18,4,A,beta,1799551287-β-8,P18-T04-Aβ,5,60,C4,7,7,R2,R,False,60,True,R2,True,0.8763320198931913,False,0.4439089298248291,valid,False,0.00025011967146534083,0.045471177651625894,0.01757480991809078,0.0014788899212525395,1.8003883847036687e-05,0.007812656425062483,0.8763320198931913,0.04919269010066165,0.0018472182609487486,2.2414273854272856e-05
P18,4,A,beta,1799551287-β-8,P18-T04-Aβ,6,57,A3,5,5,L2,L,False,57,True,L3,False,0.1293820823077121,False,1.155517816543579,valid,False,0.00025291607350816435,0.1293820823077121,0.6773286344381577,0.1894260677164678,0.0031645991001122776,0.0003393323097638199,9.809259324616829e-05,7.281346834645057e-06,9.638716870160992e-07,3.0242510351854896e-08
P18,4,A,beta,1799551287-β-8,P18-T04-Aβ,7,55,G3,4,4,L3,L,False,55,True,L3,True,0.6725344503244841,False,0.48389410972595215,valid,False,0.00011958500865304992,0.06959037118077756,0.6725344503244841,0.2515271225550191,0.006163849389336599,5.322294227249484e-05,1.0368875892296889e-05,9.037600514762082e-07,1.2112409595914492e-07,4.8394174276474385e-09
P18,4,A,beta,1799551287-β-8,P18-T04-Aβ,8,50,D3,1,1,L2,L,False,50,True,L4,False,0.0020365228582479643,False,0.5775418281555176,valid,False,6.351803622456338e-06,0.0020365228582479643,0.06321071176920205,0.8510524642665347,0.08369368566099057,2.3070452924974027e-07,3.002361788522946e-08,2.514274605656659e-09,3.816054111157306e-10,1.737521587318748e-11
P18,4,A,beta,1799551287-β-8,P18-T04-Aβ,9,55,G3,4,4,L3,L,False,55,True,L3,True,0.7921469770047386,False,0.4860401153564453,valid,False,0.0001255530342868475,0.07009565416570428,0.7921469770047386,0.1351906020652606,0.0024209643790235155,1.8015549994259557e-05,1.9396396930718215e-06,2.3281811108487304e-07,5.4573402929943435e-08,6.769784665235143e-09
P18,4,A,beta,1799551287-β-8,P18-T04-Aβ,10,60,C4,7,7,R2,R,False,60,True,R2,True,0.9092125583808618,False,0.41736912727355957,valid,False,0.00026362019617973234,0.028294960777949327,0.0043379759229412234,0.00041579474098796997,1.0253295485216666e-05,0.0069679135306283555,0.9092125583808618,0.04801264158774593,0.002461610407383606,2.2671159836876655e-05
P18,4,A,beta,1799551287-β-8,P18-T04-Aβ,11,64,E4,9,9,R4,R,False,64,True,R2,False,0.005445363560417737,False,0.29207587242126465,valid,False,0.00010079158608262405,0.003259481415422323,0.0009075912738577552,7.840349623713381e-05,1.2955804338150325e-06,0.015078846967734746,0.9050549016155143,0.06996503425632351,0.005445363560417737,0.00010829024797588315
P18,4,A,beta,1799551287-β-8,P18-T04-Aβ,12,60,C4,7,7,R3,R,False,60,True,R2,False,0.05466836910362094,False,0.3365771770477295,valid,False,0.00021891245565451017,0.041049547153104,0.02600427148805009,0.00251703195267402,4.525953806408941e-05,0.00940541211786073,0.8637516460747418,0.05466836910362094,0.002312019802184683,2.7530314045438098e-05
P18,4,A,beta,1799551287-β-8,P18-T04-Aβ,13,57,A3,5,5,L5,L,False,57,True,L3,False,0.001538212455894438,False,0.36846113204956055,valid,False,0.0004759505678966261,0.12875699188116588,0.7508890208444223,0.11784273311466575,0.001538212455894438,0.0003873245003745832,0.00010038503522982396,7.760239092833036e-06,1.5675876923300642e-06,5.377356541441774e-08
P18,4,A,beta,1799551287-β-8,P18-T04-Aβ,14,60,C4,7,7,L3,L,False,60,True,R2,False,0.01613505659030368,False,0.41440296173095703,valid,False,0.00021597426025367415,0.04386555056838527,0.01613505659030368,0.001200308368839027,1.656289106925772e-05,0.0072993737923431595,0.8869499571329283,0.04242715318633761,0.0018615848779969238,2.847833154316062e-05
P18,4,A,beta,1799551287-β-8,P18-T04-Aβ,15,57,A3,5,5,L4,L,False,57,True,L2,False,0.0020094782377436658,False,0.4680190086364746,valid,False,0.001937054683118748,0.9349713245417305,0.06021220695881822,0.0020094782377436658,9.502811687260835e-05,0.0005892423147725721,0.00017514783419605938,8.378177293916685e-06,2.026481507561978e-06,1.1265394645169374e-07
P18,4,A,beta,1799551287-β-8,P18-T04-Aβ,16,60,C4,7,7,L2,L,False,60,True,R1,False,0.008575430822323232,False,0.5785269737243652,valid,False,0.0036501257435439926,0.008575430822323232,0.0002861901678594944,2.212385664380259e-05,1.0130082880211878e-06,0.9618910912136709,0.024261754787911663,0.001160558359215093,0.00014498880208558008,6.723238458516143e-06
P18,4,A,beta,1799551287-β-8,P18-T04-Aβ,17,64,E4,9,9,R2,R,False,64,True,R2,True,0.8795286793387237,False,0.34735608100891113,valid,False,0.00023841474059605732,0.0002277655007180109,9.460653408205974e-06,8.582511139729504e-07,3.7476972678856266e-08,0.008744795808600523,0.8795286793387237,0.10143175140118559,0.009471328391330813,0.0003469084373505212
P18,4,A,beta,1799551287-β-8,P18-T04-Aβ,18,59,B3,6,6,L1,L,False,59,True,L2,False,0.002763175597316018,False,0.7243211269378662,valid,False,0.002763175597316018,0.9295962164509698,0.028120826708565933,0.0011930469129075474,2.0135025034947507e-05,0.011389277667100196,0.025534093574661933,0.0011929105735928613,0.00018635059421188635,3.96689563888635e-06
P18,4,A,beta,1799551287-β-8,P18-T04-Aβ,19,55,G3,4,4,L2,L,False,55,True,L3,False,0.0789229196103019,False,0.4833369255065918,valid,False,7.317481555851901e-05,0.0789229196103019,0.8285744301618114,0.09032628834734101,0.0017361351144461728,0.00025419336740454927,0.00010509809493961,6.471849652705553e-06,1.2517231106088657e-06,3.6915433306266175e-08
P18,4,A,beta,1799551287-β-8,P18-T04-Aβ,20,60,C4,7,7,L3,L,False,60,True,R2,False,0.0036416458958323642,False,0.40073609352111816,valid,False,0.00013444716963052766,0.03145201038069915,0.0036416458958323642,0.0003036756585084858,6.741494957034408e-06,0.010959563752684956,0.898722581633179,0.05215460482371994,0.002579946142114818,4.478304867382092e-05
P18,4,A,beta,1799551287-β-8,P18-T04-Aβ,21,64,E4,9,9,R2,R,False,64,True,R2,True,0.872510867630102,False,0.6027858257293701,valid,False,8.362356920157558e-05,0.001083165725254415,7.387638447521753e-05,5.15925212974133e-06,1.373814071154922e-07,0.018597939575599538,0.872510867630102,0.09667695983887552,0.010436097686652494,0.0005321729563024722
P18,4,A,beta,1799551287-β-8,P18-T04-Aβ,22,60,C4,7,7,R3,R,False,60,True,R2,False,0.04325125322391656,False,0.3655581474304199,valid,False,0.000219219011596655,0.03589632908698368,0.0037418719385881945,0.00027254312142051783,6.527769721968925e-06,0.01024742248653544,0.9041779688685655,0.04325125322391656,0.002143113928002037,4.375056466947724e-05
P18,4,A,beta,1799551287-β-8,P18-T04-Aβ,23,57,A3,5,5,L2,L,False,57,True,L3,False,0.15625881674125827,False,0.4032120704650879,valid,False,0.00019771792419344964,0.15625881674125827,0.7725156301427996,0.06911159295579737,0.00046661385437860785,0.0010678247146460671,0.0003568828300424634,2.085111701652669e-05,3.940771352973517e-06,1.2894851485538748e-07
P18,4,A,beta,1799551287-β-8,P18-T04-Aβ,24,62,D4,8,8,R4,R,False,62,True,R2,False,0.003953695050747384,False,0.3701503276824951,valid,False,6.948518553342572e-05,0.010203992972050916,0.005293752722866179,0.0003865008662843696,4.3021438764871195e-06,0.014343373924415946,0.9123046368925349,0.053302005972948464,0.003953695050747384,0.00013825426874178003
P18,4,A,beta,1799551287-β-8,P18-T04-Aβ,25,59,B3,6,6,L1,L,False,59,True,R2,False,0.00040354351444053463,False,0.4890618324279785,valid,False,0.00040354351444053463,0.13458456639310554,0.03567061541914652,0.0026733108256662744,5.277302820289152e-05,0.006034618538161266,0.7584906577333853,0.05989116781347599,0.0021649629766922803,3.378375772335383e-05
P18,4,A,beta,1799551287-β-8,P18-T04-Aβ,26,60,C4,7,7,L2,L,False,60,True,L2,True,0.9301987318246003,False,0.9705536365509033,valid,False,0.0033048736858068,0.9301987318246003,0.03362931824948213,0.0013170550921731698,2.222776286019214e-05,0.016132366040147957,0.013948866541386731,0.0011681230775307837,0.00023581824665583594,4.261947935610046e-05
P18,4,A,beta,1799551287-β-8,P18-T04-Aβ,27,60,C4,7,7,R2,R,False,60,True,L3,False,0.009229080976531375,False,0.38008594512939453,valid,False,0.00022568231780643297,0.18835802669214907,0.7446721928259874,0.04671186831028327,0.0003146170111191752,0.009991448650171826,0.009229080976531375,0.0003915505999213936,8.519245523289918e-05,2.0340160797141246e-05
P18,4,A,beta,1799551287-β-8,P18-T04-Aβ,28,65,F4,10,10,R2,R,False,65,True,R2,True,0.939561918936665,False,0.6054337024688721,valid,False,2.3245316678606093e-05,9.542486538275676e-07,4.385655878826619e-08,3.129659713504954e-09,2.396390179565392e-10,0.03396782397782625,0.939561918936665,0.021876515786661336,0.003917343411642412,0.0006521510960149473
P18,4,A,beta,1799551287-β-8,P18-T04-Aβ,29,62,D4,8,8,R4,R,False,62,True,R1,False,0.00010895623940228193,False,0.47199201583862305,valid,False,0.0011579285841276956,0.00023297853578865788,8.092569769185062e-06,7.641022438381029e-07,4.209339227305907e-08,0.9954461705466826,0.002782058299535683,0.00023297853578865788,0.00010895623940228193,3.0030493269174786e-05
P18,5,B,gamma,1799551287-γ-2,P18-T05-Bγ,0,65,F4,10,10,R1,R,False,65,True,R1,True,0.9922065200389409,False,0.7336969375610352,valid,False,5.84523573768964e-06,3.287974241654567e-07,3.104512617607168e-08,3.580282933897389e-09,2.767728429185137e-10,0.9922065200389409,0.006958272720053817,0.00039060098887544356,0.00024169740473917956,0.0001966999120468653
P18,5,B,gamma,1799551287-γ-2,P18-T05-Bγ,1,48,C3,0,0,L4,L,False,48,True,L4,True,0.77129535919228,False,2.0553910732269287,valid,False,4.876987211358196e-06,0.0005315656268985668,0.030206930537742004,0.77129535919228,0.19796126615096254,1.4505053723400568e-09,4.897633503619301e-11,2.7492749517417714e-12,1.4496718536647531e-12,1.2248593709446274e-12
P18,5,B,gamma,1799551287-γ-2,P18-T05-Bγ,2,53,F3,3,3,L1,L,False,53,True,L1,True,0.9593867853277718,False,1.4621250629425049,valid,False,0.9593867853277718,0.03910671983767967,0.0013583820400411481,0.0001282587354065337,1.8066322938694442e-05,1.702884391929264e-06,7.839850615623096e-08,4.228320515845204e-09,1.3255200500598804e-09,8.994236493282409e-10
P18,5,B,gamma,1799551287-γ-2,P18-T05-Bγ,3,55,G3,4,4,L4,L,False,55,True,L4,True,0.8486712670591965,False,1.007397174835205,valid,False,0.0002439327142635065,0.007852181836781104,0.13053024557006926,0.8486712670591965,0.012692753296665252,9.200928999748353e-06,3.872933704907136e-07,2.0069123087004126e-08,6.548149359092199e-09,4.683381720578186e-09
P18,5,B,gamma,1799551287-γ-2,P18-T05-Bγ,4,62,D4,8,8,L2,L,False,62,True,R2,False,0.00088197110542139,False,0.8676328659057617,valid,False,0.0008515886287190841,0.00088197110542139,5.363271815430741e-05,3.133527275651784e-06,1.3779712097193218e-07,0.07782043179623885,0.8928369846201348,0.02539123450395306,0.002126343879128891,3.454142385306098e-05
P18,5,B,gamma,1799551287-γ-2,P18-T05-Bγ,5,55,G3,4,4,L5,L,False,55,True,L5,True,0.9366342371726422,False,0.9998660087585449,valid,False,4.5883848203264604e-05,0.0003204972090195759,0.0037085848584761808,0.05928123717683967,0.9366342371726422,8.373381238263517e-06,1.1163317979997217e-06,5.557888754823262e-08,1.035845825621137e-08,4.0844371194901685e-09
P18,5,B,gamma,1799551287-γ-2,P18-T05-Bγ,6,59,B3,6,6,L2,L,False,59,True,L2,True,0.9253069735517064,False,0.6593890190124512,valid,False,0.005755325187308795,0.9253069735517064,0.063441964667654,0.0035612996403502507,0.00011419195232605449,0.0016296827371698346,0.00017730666867256704,9.953067794844889e-06,2.8802607399055385e-06,4.2226627722086556e-07
P18,5,B,gamma,1799551287-γ-2,P18-T05-Bγ,7,59,B3,6,6,R4,R,False,59,True,R4,True,0.8316794046574231,False,1.1679151058197021,valid,False,0.0001434331515566289,9.150306789182458e-07,7.662762056843099e-08,1.3721412838812411e-08,4.296966911317726e-09,0.0009089475983349933,0.01119121951072807,0.08853934554285664,0.8316794046574231,0.0675366398624214
P18,5,B,gamma,1799551287-γ-2,P18-T05-Bγ,8,52,E3,2,2,L5,L,False,52,True,L5,True,0.924192971067326,False,0.9284689426422119,valid,False,2.9738457172335086e-05,0.0003370776673725123,0.0039893541431150715,0.07144449774788167,0.924192971067326,6.022406627580942e-06,3.062590924184123e-07,2.36752796478059e-08,6.851252285368644e-09,1.724880602648827e-09
P18,5,B,gamma,1799551287-γ-2,P18-T05-Bγ,9,60,C4,7,7,R1,R,False,60,True,R1,True,0.9909925255627494,False,0.6872129440307617,valid,False,0.0013573012658144679,0.00022284183750453427,1.15474227202655e-05,1.2794909083503894e-06,1.2897625388082958e-07,0.9909925255627494,0.006949759064403128,0.00040604430163057896,5.495212056778695e-05,3.6199574476130566e-06
P18,5,B,gamma,1799551287-γ-2,P18-T05-Bγ,10,57,A3,5,5,L1,L,False,57,True,L1,True,0.9383773453324894,False,1.4089679718017578,valid,False,0.9383773453324894,0.05939156157471852,0.0010451413665319073,7.458261478161315e-05,4.913111433217775e-06,0.001088270051538726,1.6312104412716736e-05,1.312465506304502e-06,4.6389707811272744e-07,9.748150943612294e-08
P18,5,B,gamma,1799551287-γ-2,P18-T05-Bγ,11,50,D3,1,1,L3,L,False,50,True,L3,True,0.7771889797929913,False,1.682662010192871,valid,False,0.00014097293945649866,0.02492032007734341,0.7771889797929913,0.18413764305479827,0.013611756322361352,3.222553815907871e-07,4.909607972722862e-09,4.453895867387989e-10,1.6384967227304899e-10,3.882053561245377e-11
P18,5,B,gamma,1799551287-γ-2,P18-T05-Bγ,12,55,G3,4,4,L3,L,False,55,True,L3,True,0.8077107937723869,False,1.3050651550292969,valid,False,0.00035847385147783686,0.11451955499767442,0.8077107937723869,0.07603206718274472,0.0012870348174151868,9.052937547968157e-05,1.3798286777882167e-06,1.1102047279656707e-07,4.424377235963739e-08,1.090989825395178e-08
P18,5,B,gamma,1799551287-γ-2,P18-T05-Bγ,13,69,A4,12,12,R5,R,False,69,True,R5,True,0.9689534788246467,False,0.9383158683776855,valid,False,2.135152842300027e-07,4.626160041201663e-09,1.425200138925882e-10,1.8531693680828614e-11,1.9880202849414048e-12,4.43545223081638e-06,0.00017838994924597345,0.003307579328899248,0.02755589814049341,0.9689534788246467
P18,5,B,gamma,1799551287-γ-2,P18-T05-Bγ,14,50,D3,1,1,L5,L,False,50,True,L5,True,0.9590548798809755,False,0.9421501159667969,valid,False,1.5387548628976637e-05,0.00011793678079004456,0.001718398889450293,0.039093190640155824,0.9590548798809755,1.9348649017040328e-07,1.1039269358500394e-08,1.1752241053456674e-09,4.323407871257724e-10,1.2667506356092665e-10
P18,5,B,gamma,1799551287-γ-2,P18-T05-Bγ,15,65,F4,10,10,R3,R,False,65,True,R3,True,0.7275139636047395,False,1.1190190315246582,valid,False,3.922644579748161e-06,1.2712155450350062e-07,4.242461956221631e-09,6.219744593552369e-10,4.957562137303517e-11,6.535788394894799e-05,0.039237510619700613,0.7275139636047395,0.2280655739892165,0.005113539222248385
P18,5,B,gamma,1799551287-γ-2,P18-T05-Bγ,16,57,A3,5,5,L2,L,False,57,True,L2,True,0.9678270129015051,False,0.8089191913604736,valid,False,0.0065211671172135475,0.9678270129015051,0.02345428871084635,0.00112193330864836,3.587302089573709e-05,0.0010019190937585734,3.597443850065538e-05,1.4663974001709037e-06,3.338073144269372e-07,3.120391706055284e-08
P18,5,B,gamma,1799551287-γ-2,P18-T05-Bγ,17,67,G4,11,11,R3,R,False,67,True,R3,True,0.6694648748247599,False,0.9036531448364258,valid,False,1.3247881967968602e-06,1.037505289002619e-07,3.7508754157244974e-09,3.686119762584964e-10,2.2850873884874028e-11,0.0003532051580201539,0.13516262714684685,0.6694648748247599,0.19373256923882756,0.0012852909504814589
P18,5,B,gamma,1799551287-γ-2,P18-T05-Bγ,18,62,D4,8,8,R5,R,False,62,True,R5,True,0.9531760801464284,False,1.5292332172393799,valid,False,2.11630651759972e-05,8.586060555711919e-07,3.104104027007078e-08,3.5798117262932853e-09,5.583334957957682e-10,9.311892494194401e-05,0.0008009089344597415,0.003818278439104384,0.0420895567046485,0.9531760801464284
P18,5,B,gamma,1799551287-γ-2,P18-T05-Bγ,19,64,E4,9,9,R3,R,False,64,True,R3,True,0.6018240046762243,False,0.9688329696655273,valid,False,2.0119374671266727e-05,1.8733351228815661e-06,7.94776308804013e-08,7.504295646840827e-09,4.922499309040194e-10,0.00024527715579160186,0.06406928343736329,0.6018240046762243,0.3302880166470176,0.0035513378996324153
P18,5,B,gamma,1799551287-γ-2,P18-T05-Bγ,20,59,B3,6,6,L4,L,False,59,True,L4,True,0.853320768883402,False,1.0449018478393555,valid,False,0.0001811758358398863,0.008982515947373097,0.11707117484679362,0.853320768883402,0.018279928175786414,0.0020802580367231625,7.646941092773214e-05,5.91144796362036e-06,1.5172368272633181e-06,2.8017836303222484e-07
P18,5,B,gamma,1799551287-γ-2,P18-T05-Bγ,21,65,F4,10,10,R1,R,False,65,True,R1,True,0.985907422648555,False,0.731342077255249,valid,False,1.1966276617303018e-05,1.001318605936826e-06,4.601985879771382e-08,4.7071047502852e-09,2.482002436628029e-10,0.985907422648555,0.013112453904856668,0.0006272327835365886,0.0002307460458918487,0.00010912604677301534
P18,5,B,gamma,1799551287-γ-2,P18-T05-Bγ,22,60,C4,7,7,R3,R,False,60,True,R3,True,0.6014779609240898,False,0.8241770267486572,valid,False,0.00042746368937347925,2.4219187079223426e-05,9.872274439135157e-07,1.2836791187587807e-07,9.0287812384878e-09,0.004741011060661045,0.30471895553754996,0.6014779609240898,0.08818085663943827,0.0004284083376713056
P18,5,B,gamma,1799551287-γ-2,P18-T05-Bγ,23,65,F4,10,10,R1,R,False,65,True,R1,True,0.9723406840577553,False,0.6444153785705566,valid,False,1.1609522378942972e-05,7.768263200140362e-07,3.166515291217575e-08,3.1118481153899012e-09,1.841001459636075e-10,0.9723406840577553,0.024525324605256377,0.002224887251947327,0.0006701231624437801,0.00022655961279701816
P18,5,B,gamma,1799551287-γ-2,P18-T05-Bγ,24,53,F3,3,3,L5,L,False,53,True,L5,True,0.9287023325359293,False,1.0588419437408447,valid,False,3.9061289959381956e-05,0.00047890374858877244,0.0036047436330792484,0.06717083029549875,0.9287023325359293,4.014891439209163e-06,9.64764395077901e-08,1.2052822059871895e-08,4.433985443924505e-09,6.42258233602854e-10
P18,5,B,gamma,1799551287-γ-2,P18-T05-Bγ,25,52,E3,2,2,L5,L,False,52,True,L5,True,0.9651062345640731,False,0.8058371543884277,valid,False,8.935810017687985e-06,0.00016033385894423374,0.0014865188945930388,0.03323746353560564,0.9651062345640731,4.97873315855338e-07,1.3036442969501205e-08,1.7642907016753937e-09,5.756524077979872e-10,8.706435733451372e-11
P18,5,B,gamma,1799551287-γ-2,P18-T05-Bγ,26,57,A3,5,5,R3,R,False,57,True,R3,True,0.6306940223518128,False,1.5969898700714111,valid,False,0.0019926398740253252,6.122625585818381e-05,3.1726782811113497e-06,5.681192783610666e-07,8.586834680180704e-08,0.0017275757786682003,0.11501436630251098,0.6306940223518128,0.24939244883092995,0.0011138939402882352
P18,5,B,gamma,1799551287-γ-2,P18-T05-Bγ,27,62,D4,8,8,R5,R,False,62,True,R5,True,0.9647990904250797,False,1.044208288192749,valid,False,2.3115473968013337e-05,4.96424020308006e-07,2.2815278956086023e-08,4.425708776780059e-09,5.672300784489055e-10,0.0002610630356965052,0.0004153682605366265,0.0025735903843033476,0.031927248188177694,0.9647990904250797
P18,5,B,gamma,1799551287-γ-2,P18-T05-Bγ,28,59,B3,6,6,L3,L,False,59,True,L3,True,0.8274150531775941,False,0.8688290119171143,valid,False,0.0005250096725161795,0.08559463340692848,0.8274150531775941,0.08246002496101601,0.0010836067282538585,0.0026783818345683013,0.00020978049584923476,2.839070282327324e-05,4.508938347758744e-06,6.100821030244227e-07
P18,5,B,gamma,1799551287-γ-2,P18-T05-Bγ,29,69,A4,12,12,R4,R,False,69,True,R4,True,0.8324978595182108,False,1.2310752868652344,valid,False,6.87235148618544e-08,5.598654503612818e-10,1.7248005052316295e-11,2.8510760591881992e-12,5.619615867518297e-13,0.00011717104045359178,0.006324497916688146,0.08181254966281064,0.8324978595182108,0.07924785255779553
P18,6,A,alpha,1799551287-α-4,P18-T06-Aα,0,60,C4,7,7,R1,R,False,60,True,R2,False,0.02103291705187117,False,1.3150930404663086,valid,False,0.00394713017986839,0.0019235359280593172,5.049732681377198e-05,6.0612763729323064e-06,4.1558022632904037e-07,0.02103291705187117,0.9106559112967597,0.059989234523626235,0.002349412087951832,4.488474845024738e-05
P18,6,A,alpha,1799551287-α-4,P18-T06-Aα,1,62,D4,8,8,R2,R,False,62,True,R2,True,0.8981867510121766,False,0.4439890384674072,valid,False,0.0013703407558076316,0.004294610895700523,0.0003613184339659436,2.111027012971077e-05,7.255870354168453e-07,0.028270509604302944,0.8981867510121766,0.06292882835176974,0.0044906810828781885,7.512400623352732e-05
P18,6,A,alpha,1799551287-α-4,P18-T06-Aα,2,59,B3,6,6,L2,L,False,59,True,R2,False,0.15950902586681512,False,0.37694787979125977,valid,False,0.0018135318325217312,0.15950902586681512,0.022661305311997303,0.001683136232529532,7.15387592731626e-05,0.0338066949452269,0.7351201907622107,0.042976732224294614,0.002317893636976239,3.995042815482858e-05
P18,6,A,alpha,1799551287-α-4,P18-T06-Aα,3,57,A3,5,5,L4,L,False,57,True,L2,False,0.0027019469591314264,False,0.36108899116516113,valid,False,0.0034348477760093297,0.9288735441219129,0.05879004918996264,0.0027019469591314264,0.00011703049629770332,0.0055098224776556825,0.0005241237854000606,4.051725319051147e-05,7.859538487406186e-06,2.5840195247800687e-07
P18,6,A,alpha,1799551287-α-4,P18-T06-Aα,4,55,G3,4,4,L5,L,False,55,True,L2,False,0.00027536719086911565,False,0.4566311836242676,valid,False,0.0021661951680665733,0.9412229281308256,0.05076362308573342,0.0047931126220079135,0.00027536719086911565,0.000729993847925616,4.273145482797981e-05,5.129126111666171e-06,8.824398034128577e-07,3.693382867807987e-08
P18,6,A,alpha,1799551287-α-4,P18-T06-Aα,5,57,A3,5,5,L4,L,False,57,True,L2,False,0.002613551231618666,False,0.45072412490844727,valid,False,0.00438644257843624,0.9351527843527127,0.05686669938063541,0.002613551231618666,0.00011294335213446313,0.0007562408712648518,9.834337692205882e-05,1.0469488822727507e-05,2.1988390071296373e-06,3.2652844580548696e-07
P18,6,A,alpha,1799551287-α-4,P18-T06-Aα,6,59,B3,6,6,L5,L,False,59,True,L2,False,2.383965719268363e-05,False,0.454395055770874,valid,False,0.005508010962351633,0.9592997307249548,0.026211639586091153,0.000986298305682584,2.383965719268363e-05,0.006970784887756407,0.0008747681240093899,0.00010088273978162177,2.0367873887670344e-05,3.6771382921190402e-06
P18,6,A,alpha,1799551287-α-4,P18-T06-Aα,7,62,D4,8,8,R2,R,False,62,True,R2,True,0.9056943866018378,False,0.40643882751464844,valid,False,0.0002294548013027574,0.005599572673422432,0.00036582006729484563,1.891784626464303e-05,4.402124512235073e-07,0.03145952904341099,0.9056943866018378,0.050840939592100384,0.005633336680913349,0.00015760248100145529
P18,6,A,alpha,1799551287-α-4,P18-T06-Aα,8,64,E4,9,9,R3,R,False,64,True,R2,False,0.04014575955904116,False,0.31889796257019043,valid,False,0.00011231441316206068,0.001039622513483291,0.00011219877767077786,3.740674150482276e-06,8.076976039858007e-08,0.04348938215229763,0.9091561120376838,0.04014575955904116,0.0056548682981624855,0.00028592080458797524
P18,6,A,alpha,1799551287-α-4,P18-T06-Aα,9,65,F4,10,10,R2,R,False,65,True,R2,True,0.917757387399611,False,0.3200533390045166,valid,False,2.591255837010029e-05,0.00010084138299574923,1.3061753121580452e-05,4.534784596789057e-07,9.102933072422371e-09,0.02626482987207085,0.917757387399611,0.047557194042317695,0.007828205052418628,0.00045210535770184135
P18,6,A,alpha,1799551287-α-4,P18-T06-Aα,10,64,E4,9,9,R3,R,False,64,True,R2,False,0.05366272332904659,False,0.28737902641296387,valid,False,8.419726469580033e-05,0.0006783776583839059,4.879107857896175e-05,2.738451148989662e-06,6.105884905114184e-08,0.021767539285384024,0.9184785905846896,0.05366272332904659,0.005066066870721228,0.00021091441850191282
P18,6,A,alpha,1799551287-α-4,P18-T06-Aα,11,59,B3,6,6,L5,L,False,59,True,R2,False,9.290161424784232e-06,False,0.5039680004119873,valid,False,0.0009052278435159804,0.08439872428642582,0.006687734293875346,0.0003724455189546393,9.290161424784232e-06,0.018181987274837774,0.8459255842200373,0.04046475684148068,0.0030054622821897186,4.8787277257928e-05
P18,6,A,alpha,1799551287-α-4,P18-T06-Aα,12,57,A3,5,5,L4,L,False,57,True,L2,False,0.002756556524652263,False,0.2694389820098877,valid,False,0.004280125214062088,0.9476471845506664,0.04355316016750824,0.002756556524652263,8.434889446188501e-05,0.0014281590743831561,0.000221791453956379,2.3611586472296018e-05,4.767097093086277e-06,2.9543674422640746e-07
P18,6,A,alpha,1799551287-α-4,P18-T06-Aα,13,59,B3,6,6,L5,L,False,59,True,L2,False,3.368450899775387e-05,False,0.4182748794555664,valid,False,0.003360371862517267,0.9087332903964734,0.03156508615362581,0.0012362117229110909,3.368450899775387e-05,0.022878472768512476,0.030327401422336905,0.0015099124080335412,0.0003437129702267917,1.1855786364878569e-05
P18,6,A,alpha,1799551287-α-4,P18-T06-Aα,14,64,E4,9,9,R3,R,False,64,True,R2,False,0.08276393827614116,False,0.3198390007019043,valid,False,0.00010832869225822441,0.00020078692523996938,1.0630717815874442e-05,8.902506002617497e-07,2.7375576404474598e-08,0.03076095464436497,0.8765488522948369,0.08276393827614116,0.008810925085414787,0.0007946657377514168
P18,6,A,alpha,1799551287-α-4,P18-T06-Aα,15,62,D4,8,8,R5,R,False,62,True,R2,False,0.0003195596841410189,False,0.27893495559692383,valid,False,0.0002659885121597743,0.002780649082869434,0.00027758100025995964,1.2753758962671166e-05,3.6803148334231553e-07,0.02946879427530488,0.8963737919005375,0.05904840341571152,0.011452110338569962,0.0003195596841410189
P18,6,A,alpha,1799551287-α-4,P18-T06-Aα,16,64,E4,9,9,R3,R,False,64,True,R2,False,0.10462581601136915,False,0.27752232551574707,valid,False,8.592395885115104e-05,0.00039836468069630836,3.372183691397005e-05,1.891919217424697e-06,5.3100521964248016e-08,0.03542273382326758,0.837474091895894,0.10462581601136915,0.021123587945044896,0.0008338148282235438
P18,6,A,alpha,1799551287-α-4,P18-T06-Aα,17,59,B3,6,6,L5,L,False,59,True,R2,False,1.1685022232928036e-05,False,0.4582540988922119,valid,False,0.0007225121481770698,0.07304517660484064,0.009347329484943295,0.0004835491830905393,1.1685022232928036e-05,0.010828013410504468,0.893450279289061,0.010539084564948625,0.0015451031717019807,2.7267120499605186e-05
P18,6,A,alpha,1799551287-α-4,P18-T06-Aα,18,62,D4,8,8,R4,R,False,62,True,R2,False,0.017970549690844637,False,0.32210397720336914,valid,False,0.0002869987252720891,0.0017552698643204761,0.00016021065910748513,1.013717998820885e-05,2.4646014105973915e-07,0.02352579522426606,0.8702097631797561,0.08551863365559695,0.017970549690844637,0.0005623953607070722
P18,6,A,alpha,1799551287-α-4,P18-T06-Aα,19,64,E4,9,9,R5,R,False,64,True,R2,False,0.002356612763111962,False,0.41689109802246094,valid,False,6.152572391207208e-05,0.00018639107173541424,1.5541453440536254e-05,9.450767570059181e-07,2.4330891833040972e-08,0.008797681083152476,0.6237537072754477,0.30361352417971993,0.06121404704183101,0.002356612763111962
P18,6,A,alpha,1799551287-α-4,P18-T06-Aα,20,59,B3,6,6,L5,L,False,59,True,R2,False,1.0336822379630449e-05,False,0.39704394340515137,valid,False,0.000717866667906299,0.06810462980136865,0.007935425759314212,0.0004823484448563645,1.0336822379630449e-05,0.00894716755956865,0.8901028415973979,0.020724923470711892,0.0029046248931606008,6.983498333575616e-05
P18,6,A,alpha,1799551287-α-4,P18-T06-Aα,21,64,E4,9,9,R5,R,False,64,True,R2,False,0.0008442751705187869,False,0.329984188079834,valid,False,8.139614361770172e-05,0.0002372051300893065,2.2381595489700984e-05,1.307581321382303e-06,3.22047606975256e-08,0.019614351086565347,0.8292185176277779,0.12653054130038913,0.02344999215947011,0.0008442751705187869
P18,6,A,alpha,1799551287-α-4,P18-T06-Aα,22,65,F4,10,10,R3,R,False,65,True,R4,False,0.13449793295454063,False,0.5510008335113525,valid,False,2.0406881699185658e-05,3.711217884570269e-05,3.351151806362398e-06,1.9578299846005943e-07,4.663113622934563e-09,0.000491215093024935,0.005938082273194795,0.13449793295454063,0.8136650790672192,0.04534661995355723
P18,6,A,alpha,1799551287-α-4,P18-T06-Aα,23,57,A3,5,5,L4,L,False,57,True,L2,False,0.0011052167205469004,False,0.4896509647369385,valid,False,0.004306137983626908,0.9100962257694419,0.02502915744149041,0.0011052167205469004,3.455711837229049e-05,0.002496179508656162,0.050822083031813,0.005453327855943316,0.0006258089545949773,3.1305615514034746e-05
P18,6,A,alpha,1799551287-α-4,P18-T06-Aα,24,59,B3,6,6,L3,L,False,59,True,R3,False,0.00013023233379769295,False,0.4615480899810791,valid,False,0.0006803900030460951,0.0033916027374439666,0.00013023233379769295,1.736641020880685e-05,9.16711345248939e-07,0.002317076256460837,0.23723346406892798,0.6796410284345015,0.07611952425897747,0.0004683987852903815
P18,6,A,alpha,1799551287-α-4,P18-T06-Aα,25,57,A3,5,5,L2,L,False,57,True,L3,False,0.1800944875118784,False,0.7119619846343994,valid,False,0.0008661684792141571,0.1800944875118784,0.7821811973248475,0.03318461695574836,0.0004956795745940568,0.0022437094405001485,0.0008370147583914955,8.561339057127142e-05,1.1132198809913598e-05,3.803654447504673e-07
P18,6,A,alpha,1799551287-α-4,P18-T06-Aα,26,59,B3,6,6,L3,L,False,59,True,R2,False,9.99299217718154e-05,False,0.35794997215270996,valid,False,0.002274546969097313,0.004291832848280392,9.99299217718154e-05,1.0638390014563199e-05,8.27461134208296e-07,0.013132339072027792,0.9502393298851705,0.02702368973912851,0.0028769015924365827,4.9964120938392796e-05
P18,6,A,alpha,1799551287-α-4,P18-T06-Aα,27,57,A3,5,5,L4,L,False,57,True,L2,False,0.0011990734726921553,False,0.6002187728881836,valid,False,0.007253971793716922,0.9548451230160451,0.031866304060715236,0.0011990734726921553,3.977040522275168e-05,0.0038244475247934872,0.0009062402354715866,5.2947689281253446e-05,1.1580289032462502e-05,5.415130292519828e-07
P18,6,A,alpha,1799551287-α-4,P18-T06-Aα,28,55,G3,4,4,L5,L,False,55,True,L2,False,4.5481970802520845e-05,False,0.40729331970214844,valid,False,0.006345282642343732,0.9801559051063606,0.011561858796406076,0.0010916732881207938,4.5481970802520845e-05,0.0006786749694495575,0.00011166093626797774,7.968266171937598e-06,1.4268467289423275e-06,6.717734776178642e-08
P18,6,A,alpha,1799551287-α-4,P18-T06-Aα,29,53,F3,3,3,L4,L,False,53,True,L2,False,0.002400167461847213,False,0.31406092643737793,valid,False,0.006479628883292686,0.9682966633135415,0.022545568114471563,0.002400167461847213,0.00014615351350984732,0.00011426454052323231,1.617220114685601e-05,1.154068805360887e-06,2.150883918781605e-07,1.2814469785534408e-08
P18,7,B,beta,1799551287-β-3,P18-T07-Bβ,0,62,D4,8,8,R3,R,False,62,True,R3,True,0.7522607324304637,False,0.9049050807952881,valid,False,0.00043999059927041527,4.099390325257679e-06,6.6592605341838e-08,1.4564594371377481e-08,3.73378337129949e-09,0.0003292304092826236,0.10275055351957502,0.7522607324304637,0.14250145854609458,0.0017138502140051702
P18,7,B,beta,1799551287-β-3,P18-T07-Bβ,1,64,E4,9,9,R3,R,False,64,True,R3,True,0.6581967732286944,False,1.2041380405426025,valid,False,0.00011495989476647877,2.4043009909596193e-06,6.837549444204081e-08,8.207221948154208e-09,1.3087164318464553e-09,0.00025136593671646836,0.10435156434771742,0.6581967732286944,0.235357850384993,0.0017250040146887032
P18,7,B,beta,1799551287-β-3,P18-T07-Bβ,2,60,C4,7,7,L4,L,False,60,True,L4,True,0.750511192367424,False,1.192307949066162,valid,False,0.00010099714754859969,0.008183149155863453,0.21151840224936946,0.750511192367424,0.02845483419407501,0.001121522213931206,9.640035104532407e-05,9.102142661901402e-06,3.3482792333400877e-06,1.0518988479021983e-06
P18,7,B,beta,1799551287-β-3,P18-T07-Bβ,3,57,A3,5,5,L4,L,False,57,True,L4,True,0.7643224264045374,False,0.7549769878387451,valid,False,6.379442567799239e-05,0.01300033619052101,0.20353441438796663,0.7643224264045374,0.018959867023668604,0.00010747256921650872,1.0451494716052653e-05,8.75241879782041e-07,2.8557374078076707e-07,7.668807522709049e-08
P18,7,B,beta,1799551287-β-3,P18-T07-Bβ,4,60,C4,7,7,R3,R,False,60,True,R3,True,0.5905269319165141,False,0.7027008533477783,valid,False,0.0011466793128999326,4.509496151714085e-05,1.3347853898251958e-06,3.291540246445068e-07,5.268111670552285e-08,0.0029111203024496193,0.3474440268587552,0.5905269319165141,0.057370205246135224,0.0005542247811976207
P18,7,B,beta,1799551287-β-3,P18-T07-Bβ,5,65,F4,10,10,R2,R,False,65,True,R2,True,0.899606837854241,False,1.2544639110565186,valid,False,3.679848114989429e-05,6.232098413180723e-06,2.0798550276240034e-07,2.929650949358138e-08,2.873544206577789e-09,0.012286744143223446,0.899606837854241,0.07238201240294263,0.015064805532427847,0.0006163293320454915
P18,7,B,beta,1799551287-β-3,P18-T07-Bβ,6,64,E4,9,9,R4,R,False,64,True,R4,True,0.8226779001719895,False,0.8035929203033447,valid,False,3.426136929009942e-05,9.80512416720845e-07,3.405835269332998e-08,6.098698021005636e-09,1.579192320881523e-09,0.00015455113987865356,0.004219525625786799,0.09844158985962123,0.8226779001719895,0.07447114958477394
P18,7,B,beta,1799551287-β-3,P18-T07-Bβ,7,59,B3,6,6,L5,L,False,59,True,L5,True,0.941663502737222,False,1.1498980522155762,valid,False,4.0233912254906414e-05,0.001220219546350538,0.004267513760106197,0.05234212952358949,0.941663502737222,0.0003886392449703611,7.190913254407587e-05,3.726253383264035e-06,1.512560586715936e-06,6.133289924671787e-07
P18,7,B,beta,1799551287-β-3,P18-T07-Bβ,8,52,E3,2,2,L3,L,False,52,True,L3,True,0.7676063878674759,False,0.8481688499450684,valid,False,2.613441967798212e-05,0.021518736002959053,0.7676063878674759,0.19701445190457895,0.013833729251890421,4.823797281550726e-07,7.072418855874073e-08,5.252938550562919e-09,1.7136524049159283e-09,4.829099057330438e-10
P18,7,B,beta,1799551287-β-3,P18-T07-Bβ,9,57,A3,5,5,L2,L,False,57,True,L2,True,0.9750941781324819,False,0.6418068408966064,valid,False,0.00767982018781276,0.9750941781324819,0.015218838862640766,0.0013264869535304607,7.060672160516739e-05,0.0005185394908510245,8.395570499493545e-05,5.756267943698842e-06,1.5377023753363343e-06,2.7997576391246003e-07
P18,7,B,beta,1799551287-β-3,P18-T07-Bβ,10,60,C4,7,7,R5,R,False,60,True,R5,True,0.8834501234891246,False,1.192511796951294,valid,False,7.175373786185945e-05,4.1961826066985735e-07,3.11665497040254e-08,1.2420463501961077e-08,8.892253623098247e-09,0.00036506751829728655,0.0020033659673832985,0.012511214122630574,0.10159800306717484,0.8834501234891246
P18,7,B,beta,1799551287-β-3,P18-T07-Bβ,11,64,E4,9,9,R4,R,False,64,True,R4,True,0.6298795942917679,False,0.7669918537139893,valid,False,9.84398891618475e-06,2.8744721371551525e-07,7.854127885810328e-09,1.52354405944756e-09,5.154949663683739e-10,0.00012902308465423206,0.0173367284658219,0.3191077056125532,0.6298795942917679,0.03353680721590609
P18,7,B,beta,1799551287-β-3,P18-T07-Bβ,12,60,C4,7,7,L3,L,False,60,True,L3,True,0.8419604625633045,False,0.9516472816467285,valid,False,0.0005618628550730687,0.10986644884300117,0.8419604625633045,0.043783772830582726,0.00046295201400606425,0.0029335668113533997,0.00037995654010731237,4.044960498894006e-05,8.846809433602804e-06,1.6811281494214053e-06
P18,7,B,beta,1799551287-β-3,P18-T07-Bβ,13,59,B3,6,6,L4,L,False,59,True,L4,True,0.822689531580309,False,1.3558101654052734,valid,False,0.00021858980042478607,0.012040894478182792,0.14185458523800154,0.822689531580309,0.022657696495544014,0.0004704785610537517,6.036045479672317e-05,6.173921235871881e-06,1.405417158397609e-06,2.840532930642109e-07
P18,7,B,beta,1799551287-β-3,P18-T07-Bβ,14,62,D4,8,8,R4,R,False,62,True,R4,True,0.863971634172516,False,1.0409457683563232,valid,False,0.000117281391638098,1.7320318799844878e-06,5.5537057209525734e-08,9.554865444745808e-09,2.2402525675015904e-09,0.00029029202929989497,0.004405675046201589,0.061196353982101416,0.863971634172516,0.07001696401418782
P18,7,B,beta,1799551287-β-3,P18-T07-Bβ,15,57,A3,5,5,L1,L,False,57,True,L1,True,0.9577342466707878,False,1.113424301147461,valid,False,0.9577342466707878,0.03903935871986155,0.0009846887625744763,9.297453274117279e-05,1.208935863685871e-05,0.0020199642726167603,0.00010910662489715027,6.634780692821868e-06,8.627119804486978e-07,7.356521111849664e-08
P18,7,B,beta,1799551287-β-3,P18-T07-Bβ,16,60,C4,7,7,L2,L,False,60,True,L2,True,0.9302793731403683,False,2.118917942047119,valid,False,0.007968409740869745,0.9302793731403683,0.03231349491697976,0.0010361220463563847,1.5537247741527726e-05,0.023741934112134152,0.004373155986954299,0.00022661220787139493,4.2234618200061166e-05,3.1259825242328637e-06
P18,7,B,beta,1799551287-β-3,P18-T07-Bβ,17,64,E4,9,9,R2,R,False,64,True,R2,True,0.8593238941286248,False,0.7408928871154785,valid,False,0.00013973862674815097,2.3194175460580945e-05,5.850261039660779e-07,6.482274004385257e-08,1.1589124718896839e-08,0.01187534019982172,0.8593238941286248,0.11173677818057402,0.016381389607286752,0.0005190036435153905
P18,7,B,beta,1799551287-β-3,P18-T07-Bβ,18,60,C4,7,7,R1,R,False,60,True,R1,True,0.9862926923524254,False,1.1636221408843994,valid,False,0.007938113615924674,0.0032347548960100455,6.418107836655091e-05,6.059991744349112e-06,8.773133560822949e-07,0.9862926923524254,0.0022568119115885677,0.00015473414299145764,4.302186340528344e-05,8.752834187522388e-06
P18,7,B,beta,1799551287-β-3,P18-T07-Bβ,19,57,A3,5,5,L5,L,False,57,True,L5,True,0.8921383397261944,False,1.2233459949493408,valid,False,0.00025022962475882793,0.0014016025398507115,0.010523609006523422,0.0949757133466404,0.8921383397261944,0.000642705856364449,6.0423402524703314e-05,6.180359794292875e-06,1.0632991591865745e-06,1.3283818958775302e-07
P18,7,B,beta,1799551287-β-3,P18-T07-Bβ,20,62,D4,8,8,R3,R,False,62,True,R3,True,0.6916756713929044,False,1.2048580646514893,valid,False,0.00033682150200280923,7.440011851411532e-06,4.176433007621301e-07,6.903597328917376e-08,5.42999204069016e-09,0.001087741586074625,0.04742346568247538,0.6916756713929044,0.25445325946390385,0.005015108251521341
P18,7,B,beta,1799551287-β-3,P18-T07-Bβ,21,65,F4,10,10,R2,R,False,65,True,R2,True,0.8742461884200314,False,0.6464838981628418,valid,False,1.8952868964433213e-05,7.875072476872886e-07,2.1517629461038758e-08,2.6882020145780356e-09,3.584603718947285e-10,0.05164375418440029,0.8742461884200314,0.06493339265419848,0.008787779086370141,0.00036912071449571337
P18,7,B,beta,1799551287-β-3,P18-T07-Bβ,22,62,D4,8,8,R3,R,False,62,True,R3,True,0.6547722711757836,False,0.8102729320526123,valid,False,0.0006003607004749013,2.8561017870774345e-05,9.158000506697864e-07,1.342626633475181e-07,1.590457294740791e-08,0.003014047541771289,0.14320647895284289,0.6547722711757836,0.19721361819875283,0.0011635964452167919
P18,7,B,beta,1799551287-β-3,P18-T07-Bβ,23,64,E4,9,9,R4,R,False,64,True,R4,True,0.8258952837175924,False,0.7683467864990234,valid,False,0.00013459858123962312,9.246298130427649e-06,1.8345667724050886e-07,3.558693400966039e-08,3.753188840086568e-09,0.00042710544365852864,0.007074296403560736,0.09524647355949632,0.8258952837175924,0.07121277319952186
P18,7,B,beta,1799551287-β-3,P18-T07-Bβ,24,59,B3,6,6,L3,L,False,59,True,L4,False,0.3113310113098024,False,0.9878370761871338,valid,False,0.0006519041879105375,0.016529220860541954,0.3113310113098024,0.6542374978384965,0.012689554113070255,0.0043365860027212095,0.0002043854127014024,1.7814406597462685e-05,1.8964950827697714e-06,1.2937307545892828e-07
P18,7,B,beta,1799551287-β-3,P18-T07-Bβ,25,60,C4,7,7,L5,L,False,60,True,L5,True,0.7900947444546108,False,0.9473390579223633,valid,False,0.0003470941403668242,0.0022507048250659,0.014563623883193324,0.17536981258327808,0.7900947444546108,0.015032856742890005,0.0021467993823193593,0.0001727306340715547,1.9920181281283332e-05,1.7131729230497688e-06
P18,7,B,beta,1799551287-β-3,P18-T07-Bβ,26,60,C4,7,7,R5,R,False,60,True,R5,True,0.919436738514545,False,1.0818560123443604,valid,False,0.00033689354791313544,3.226882564231391e-06,1.7403767517422684e-07,3.2436093502875976e-08,9.784063698757802e-09,0.0014356426309043641,0.001775048438494647,0.00900178361894371,0.06801045010880254,0.919436738514545
P18,7,B,beta,1799551287-β-3,P18-T07-Bβ,27,64,E4,9,9,R3,R,False,64,True,R3,True,0.6295257391293483,False,0.8146510124206543,valid,False,1.670996526083974e-05,1.3135350573874875e-06,9.756094882213913e-08,9.978944256687639e-09,6.803803206554136e-10,0.00358554689601535,0.12211542949951597,0.6295257391293483,0.2410409270508517,0.003714225703677149
P18,7,B,beta,1799551287-β-3,P18-T07-Bβ,28,59,B3,6,6,L3,L,False,59,True,L3,True,0.7829115481931146,False,0.8545961380004883,valid,False,0.0014667069596085783,0.13121676356174522,0.7829115481931146,0.07100046413628618,0.0007361772196926757,0.006860382061520957,0.00506837231848453,0.0006331928292496935,0.00010466607070485525,1.7266495927563212e-06
P18,7,B,beta,1799551287-β-3,P18-T07-Bβ,29,55,G3,4,4,L4,L,False,55,True,L4,True,0.7728101347150396,False,0.9727561473846436,valid,False,0.0009778319763738372,0.007059210628828192,0.1383841338903843,0.7728101347150396,0.0802803288603535,0.00035832320099085234,0.00011192048637365016,1.5764942979307683e-05,2.3112503983544906e-06,4.0048278550388455e-08
P18,8,B,beta,1799551287-β-4,P18-T08-Bβ,0,62,D4,8,8,R4,R,False,62,True,R4,True,0.6967174882233805,False,0.7687649726867676,valid,False,7.649147250172274e-05,2.756978358113201e-06,1.07974011207323e-07,2.2689234506894222e-08,4.470727008899949e-09,0.00024793404732713223,0.01948636238175507,0.2667681697751813,0.6967174882233805,0.016700661987523686
P18,8,B,beta,1799551287-β-4,P18-T08-Bβ,1,65,F4,10,10,R2,R,False,65,True,R2,True,0.9528238135123386,False,0.7462930679321289,valid,False,2.095788089944219e-05,7.1505214913677365e-06,4.1777398012663566e-07,3.4985740664294426e-08,3.0493869453279725e-09,0.021485076610361555,0.9528238135123386,0.022185302296840577,0.003124986649188996,0.00035225671977165234
P18,8,B,beta,1799551287-β-4,P18-T08-Bβ,2,60,C4,7,7,R3,R,False,60,True,R3,True,0.6461725510915424,False,0.7095091342926025,valid,False,0.002009222886577601,0.0015388979987866157,9.358048368003672e-05,7.2342150014436824e-06,6.56273178586535e-07,0.0014000277802571086,0.2967330194627686,0.6461725510915424,0.05161589594727979,0.00042891386092791935
P18,8,B,beta,1799551287-β-4,P18-T08-Bβ,3,57,A3,5,5,L5,L,False,57,True,L5,True,0.8308444346335606,False,1.0086579322814941,valid,False,0.0005946804851849741,0.004117523015963591,0.02084643721438456,0.14239667947794862,0.8308444346335606,0.0010514936938068936,0.00013034670392377668,1.6948813878460528e-05,1.4193483441440635e-06,3.661300424392714e-08
P18,8,B,beta,1799551287-β-4,P18-T08-Bβ,4,60,C4,7,7,R3,R,False,60,True,R3,True,0.6957308529893603,False,0.760451078414917,valid,False,0.002553689635374754,0.0001628318639705428,9.513560092719972e-06,7.354432936594517e-07,1.0922805905760562e-07,0.0013453243061135017,0.18940477709459871,0.6957308529893603,0.11030227711126449,0.0004898887678723267
P18,8,B,beta,1799551287-β-4,P18-T08-Bβ,5,57,A3,5,5,L5,L,False,57,True,L5,True,0.7233935706675818,False,0.8418838977813721,valid,False,0.0001743981851881285,0.004038032685484201,0.03353988105785548,0.23798193519426353,0.7233935706675818,0.0008147140904207157,5.572843331306848e-05,1.4630020000035767e-06,2.6197413252745114e-07,1.4709760554586812e-08
P18,8,B,beta,1799551287-β-4,P18-T08-Bβ,6,62,D4,8,8,R5,R,False,62,True,R5,True,0.85922806563529,False,1.1288878917694092,valid,False,7.106755745853633e-05,4.081133465652233e-07,3.0312038566425675e-08,8.097415575642621e-09,1.9308372360618084e-09,0.00022543944861455167,0.0021267551552517556,0.012379407269820208,0.12596881647992697,0.85922806563529
P18,8,B,beta,1799551287-β-4,P18-T08-Bβ,7,65,F4,10,10,R3,R,False,65,True,R3,True,0.7930044466713569,False,0.7435660362243652,valid,False,1.8960391478154083e-06,3.701559783751011e-08,2.0778618057722978e-09,3.300006637986348e-10,7.637339387865574e-11,0.0005940891407740668,0.04822265006416154,0.7930044466713569,0.15382703610217516,0.0043498424825507
P18,8,B,beta,1799551287-β-4,P18-T08-Bβ,8,69,A4,12,12,R5,R,False,69,True,R5,True,0.9919499962779623,False,1.2338647842407227,valid,False,3.4500369324031236e-08,2.0912633352661182e-10,1.041178706481014e-11,2.8948651683933042e-12,1.282547836486914e-12,1.1669864103711682e-07,1.757146539371941e-05,0.0004964227975387148,0.007535858036379195,0.9919499962779623
P18,8,B,beta,1799551287-β-4,P18-T08-Bβ,9,64,E4,9,9,R4,R,False,64,True,R4,True,0.8215385137866474,False,0.9259309768676758,valid,False,9.374259017471063e-06,1.0849340379484556e-07,5.1897699813758845e-09,1.2296005697631435e-09,3.7908704251728527e-10,1.9009299164165056e-05,0.005920080315556529,0.15311339928392512,0.8215385137866474,0.01939950776382782
P18,8,B,beta,1799551287-β-4,P18-T08-Bβ,10,60,C4,7,7,R3,R,False,60,True,R3,True,0.6862745172082472,False,0.7078490257263184,valid,False,0.00030300515882434004,6.0438002678852035e-06,2.1850049423991443e-07,6.075128756615465e-08,2.029081002303532e-08,0.00045264114089189336,0.26189670026918105,0.6862745172082472,0.05097206403037096,9.472884962505752e-05
P18,8,B,beta,1799551287-β-4,P18-T08-Bβ,11,57,A3,5,5,L5,L,False,57,True,L5,True,0.8755644689264328,False,1.0002880096435547,valid,False,8.991027421987334e-05,0.0006512198376709014,0.011623365397325627,0.11104363873924677,0.8755644689264328,0.0003991360297112917,0.0005797657048032292,4.481863732774035e-05,3.6060899344399055e-06,7.03633273507586e-08
P18,8,B,beta,1799551287-β-4,P18-T08-Bβ,12,55,G3,4,4,L4,L,False,55,True,L4,True,0.7338554845858508,False,0.8923969268798828,valid,False,6.744942599532221e-05,0.009936019905340706,0.2160246072722566,0.7338554845858508,0.03953734406473231,0.0004897305209402255,8.360199644499886e-05,5.291318193400376e-06,4.611957990930496e-07,9.714446611018618e-09
P18,8,B,beta,1799551287-β-4,P18-T08-Bβ,13,62,D4,8,8,R1,R,False,62,True,R1,True,0.9934929260754891,False,0.8773629665374756,valid,False,0.0004783003433753263,4.000411087638185e-05,1.5052849573992456e-06,2.1203206213546044e-07,2.6054375540354375e-08,0.9934929260754891,0.00570433802134731,0.00022340409587720948,5.293063171659311e-05,6.353349923082828e-06
P18,8,B,beta,1799551287-β-4,P18-T08-Bβ,14,64,E4,9,9,R2,R,False,64,True,R2,True,0.890364059827511,False,0.9272620677947998,valid,False,7.670631385114351e-05,5.049987227386623e-06,2.834798353247524e-07,3.141046108601689e-08,3.174822180542774e-09,0.003434217602434952,0.890364059827511,0.09478682616227638,0.010931302199978312,0.00040151984160231245
P18,8,B,beta,1799551287-β-4,P18-T08-Bβ,15,59,B3,6,6,L3,L,False,59,True,L3,True,0.8293154209786625,False,0.77748703956604,valid,False,0.0008874532513628164,0.1337964862716961,0.8293154209786625,0.029917171092953537,0.00030834433308984564,0.005621081455822244,0.00014669503579890563,5.97961297184873e-06,1.2565323772054203e-06,1.114352650512355e-07
P18,8,B,beta,1799551287-β-4,P18-T08-Bβ,16,62,D4,8,8,R5,R,False,62,True,R5,True,0.9329363031395753,False,1.0445988178253174,valid,False,0.00010002855317398345,5.863093113928167e-07,5.318878072408114e-08,1.1176881413317391e-08,3.884809227267775e-09,0.00017862813985339873,0.0011024029413945133,0.006859181137505423,0.058822801528714774,0.9329363031395753
P18,8,B,beta,1799551287-β-4,P18-T08-Bβ,17,60,C4,7,7,R5,R,False,60,True,R5,True,0.8675358790659822,False,0.8829622268676758,valid,False,0.0007232000313066348,1.0521409162024586e-05,7.508211153242659e-07,1.1007560282101193e-07,3.034970325540154e-08,0.00046813983622425375,0.002395134660429253,0.011497146672006025,0.11736908707846826,0.8675358790659822
P18,8,B,beta,1799551287-β-4,P18-T08-Bβ,18,57,A3,5,5,L5,L,False,57,True,L5,True,0.9111692245799091,False,1.0358808040618896,valid,False,0.00015641839263006623,0.0014393592010140059,0.010108946264073021,0.07657421042567655,0.9111692245799091,0.0003201622291217284,0.0002219570547173299,7.709735770217963e-06,1.8266504160691246e-06,1.8546667191273176e-07
P18,8,B,beta,1799551287-β-4,P18-T08-Bβ,19,60,C4,7,7,L3,L,False,60,True,L3,True,0.6763030379480505,False,1.165146827697754,valid,False,0.001079654687898626,0.26636131961047577,0.6763030379480505,0.03951345538592992,0.00028699034848142014,0.009856299075302706,0.005792947657404309,0.0007532495160784795,5.1645162687524006e-05,1.4006076906678795e-06
P18,8,B,beta,1799551287-β-4,P18-T08-Bβ,20,57,A3,5,5,L5,L,False,57,True,L5,True,0.7698204534412847,False,1.0528600215911865,valid,False,0.0013377034683064479,0.005474746010529148,0.03164706338279339,0.191053054500278,0.7698204534412847,0.0004342023151377238,0.00020314349257124405,2.749248210480404e-05,2.041965019917338e-06,9.894197456886973e-08
P18,8,B,beta,1799551287-β-4,P18-T08-Bβ,21,53,F3,3,3,L4,L,False,53,True,L4,True,0.7605954224336037,False,1.0731620788574219,valid,False,0.00021892352972157654,0.009382360576991782,0.10293539692352285,0.7605954224336037,0.12685091800273815,1.3792543976230252e-05,2.7783489713965385e-06,3.7600864497410207e-07,3.0253507709040824e-08,1.378321591499024e-09
P18,8,B,beta,1799551287-β-4,P18-T08-Bβ,22,50,D3,1,1,L3,L,False,50,True,L3,True,0.6353697711874189,False,1.1050617694854736,valid,False,8.697937861015337e-05,0.003836983921189933,0.6353697711874189,0.3350256668130912,0.025680152195435804,3.6973336030661833e-07,6.600415563473345e-08,1.0071581088697774e-08,6.634629309035709e-10,3.169389098923749e-11
P18,8,B,beta,1799551287-β-4,P18-T08-Bβ,23,55,G3,4,4,L2,L,False,55,True,L2,True,0.9777308182486403,False,0.8037629127502441,valid,False,0.012169002688602944,0.9777308182486403,0.008716644816998529,0.0011796695951814477,8.038792758841449e-05,9.42934689347801e-05,2.535534799775363e-05,3.5715142808671595e-06,2.448742842033002e-07,1.1517490548799958e-08
P18,8,B,beta,1799551287-β-4,P18-T08-Bβ,24,64,E4,9,9,R4,R,False,64,True,R4,True,0.7675610144471701,False,0.8512840270996094,valid,False,0.00013435917407076005,9.101035151274197e-05,1.0735525111052817e-06,1.1895300889827983e-07,1.1557215164349296e-08,0.00036404164402897615,0.011938373482848555,0.1892782158026117,0.7675610144471701,0.030631781035022086
P18,8,B,beta,1799551287-β-4,P18-T08-Bβ,25,60,C4,7,7,R5,R,False,60,True,R5,True,0.911008587194626,False,0.9019262790679932,valid,False,0.00046434535779368385,1.1968851925542855e-05,5.285106102665615e-07,8.736221629037477e-08,4.18734965255666e-08,0.0002494449831741149,0.0013598802079693244,0.007500831509127968,0.07940428414906023,0.911008587194626
P18,8,B,beta,1799551287-β-4,P18-T08-Bβ,26,57,A3,5,5,L1,L,False,57,True,L1,True,0.8597830692577704,False,0.7110047340393066,valid,False,0.8597830692577704,0.12605018387499017,0.002131189154383581,0.0002361424893732525,2.6165333646100214e-05,0.009203124327741745,0.0024029090616875994,0.00014612105052392668,1.977533375948701e-05,1.3201161236218992e-06
P18,8,B,beta,1799551287-β-4,P18-T08-Bβ,27,50,D3,1,1,L3,L,False,50,True,L3,True,0.7007818331416737,False,1.0208101272583008,valid,False,0.0004599942277941046,0.015677030510157893,0.7007818331416737,0.26832437853054486,0.014752602271532373,3.7094286291739064e-06,4.2314172669689093e-07,2.4722337179634654e-08,3.772384044797798e-09,2.532196603612853e-10
P18,8,B,beta,1799551287-β-4,P18-T08-Bβ,28,53,F3,3,3,L1,L,False,53,True,L1,True,0.7722283374954148,False,0.8678967952728271,valid,False,0.7722283374954148,0.22347069351648385,0.0034878317924772525,0.00041865013002507817,0.00011183622890229175,0.0002468315797771583,3.368442482745843e-05,1.8167252355364883e-06,3.0030266163828176e-07,1.7804194785571956e-08
P18,8,B,beta,1799551287-β-4,P18-T08-Bβ,29,62,D4,8,8,R4,R,False,62,True,R4,True,0.8055291200273121,False,0.8089220523834229,valid,False,0.00016669103284650262,1.7800999945583206e-05,3.5319132646484675e-07,5.178030742380001e-08,2.049335160971629e-08,0.0003604084728194725,0.010934445875875326,0.11809617719473844,0.8055291200273121,0.064894930931477
P18,9,A,beta,1799551287-β-5,P18-T09-Aβ,0,62,D4,8,8,R2,R,False,62,True,R2,True,0.9015472735316907,False,1.3664119243621826,valid,False,0.004401112363692795,0.0029568144219800094,9.867856592732442e-05,7.329210184481422e-06,3.2363716849947463e-07,0.01258297482718354,0.9015472735316907,0.07549847670939358,0.002840876070171674,6.614066260725524e-05
P18,9,A,beta,1799551287-β-5,P18-T09-Aβ,1,64,E4,9,9,R3,R,False,64,True,R2,False,0.03983268703012161,False,0.43573474884033203,valid,False,0.00019851394712755888,5.002101096039751e-05,1.6693647024697752e-06,2.259239448339507e-07,1.4882684384980703e-08,0.016249925045455,0.9388801707560293,0.03983268703012161,0.004593709453020037,0.0001930625859546202
P18,9,A,beta,1799551287-β-5,P18-T09-Aβ,2,57,A3,5,5,L4,L,False,57,True,L2,False,0.002758255654258398,False,0.6203069686889648,valid,False,0.02038090576450797,0.9482313102063679,0.028067111190618672,0.002758255654258398,9.971875260305107e-05,0.0004309998687813782,3.0034711103143838e-05,1.3262477966183407e-06,3.0190398264632395e-07,3.5699980066726737e-08
P18,9,A,beta,1799551287-β-5,P18-T09-Aβ,3,60,C4,7,7,R1,R,False,60,True,L2,False,0.009632739651450293,False,0.4300522804260254,valid,False,0.005478463967660222,0.9421004665386208,0.04048067759301161,0.0017174227463247695,2.1061470910651084e-05,0.009632739651450293,0.0005383882977062674,2.2841522519263396e-05,6.609976130774251e-06,1.3282356655602428e-06
P18,9,A,beta,1799551287-β-5,P18-T09-Aβ,4,59,B3,6,6,L5,L,False,59,True,L2,False,4.4095981851362255e-05,False,0.5548160076141357,valid,False,0.006041264744659745,0.9331942558829753,0.056747601141737415,0.002407559032979484,4.4095981851362255e-05,0.001475220081117991,8.362718643528671e-05,4.885974060219096e-06,1.30521615597394e-06,1.8475802712392718e-07
P18,9,A,beta,1799551287-β-5,P18-T09-Aβ,5,64,E4,9,9,R1,R,False,64,True,R2,False,0.03260931997080813,False,0.3403310775756836,valid,False,0.00011052601439781382,2.339104870422818e-05,2.5470568297265057e-07,4.940781915476515e-08,5.441524360887451e-09,0.03260931997080813,0.9387959370818956,0.024645593853864278,0.003613215644813472,0.00020170683048991594
P18,9,A,beta,1799551287-β-5,P18-T09-Aβ,6,59,B3,6,6,L5,L,False,59,True,L2,False,3.0144495823959487e-05,False,0.4045591354370117,valid,False,0.013197653367712966,0.9534042863477443,0.02502909726356224,0.0014623416761138884,3.0144495823959487e-05,0.0060517422990743605,0.0007710816871772672,4.328448763543959e-05,9.466831966506804e-06,9.015431891781467e-07
P18,9,A,beta,1799551287-β-5,P18-T09-Aβ,7,57,A3,5,5,L3,L,False,57,True,L2,False,0.027917465948021244,False,0.7047019004821777,valid,False,0.025771069166310685,0.9431756312128796,0.027917465948021244,0.0019922258128479728,6.900986982157965e-05,0.0009345541904761853,0.00013123738618330113,7.0781161485262274e-06,1.5480681389111147e-06,1.802291716907637e-07
P18,9,A,beta,1799551287-β-5,P18-T09-Aβ,8,55,G3,4,4,L1,L,False,55,True,L2,False,0.0198504345491081,False,0.35019707679748535,valid,False,0.0198504345491081,0.9612417118656713,0.017605756079320304,0.001207106168069054,7.802992081622924e-05,1.6080960216190558e-05,7.993000894165825e-07,5.9366877708006527e-08,1.861069576360764e-08,3.179135931017653e-09
P18,9,A,beta,1799551287-β-5,P18-T09-Aβ,9,57,A3,5,5,L3,L,False,57,True,L2,False,0.02619172445794488,False,0.3503110408782959,valid,False,0.014960950408208796,0.9570994533723964,0.02619172445794488,0.0015302689442141342,5.5168801577695154e-05,0.00015511997248117282,6.640576483148518e-06,4.738799684237593e-07,1.6091953070267005e-07,3.8667194759491576e-08
P18,9,A,beta,1799551287-β-5,P18-T09-Aβ,10,59,B3,6,6,L1,L,False,59,True,L2,False,0.00871806209739392,False,0.3515920639038086,valid,False,0.00871806209739392,0.9541070258312294,0.03396725514850093,0.0018319793176306577,3.4923231111861925e-05,0.0012652836246078469,6.89341882292418e-05,4.726345374061518e-06,1.4816439608467138e-06,3.2857196109893515e-07
P18,9,A,beta,1799551287-β-5,P18-T09-Aβ,11,60,C4,7,7,R2,R,False,60,True,R2,True,0.9334972449576702,False,0.39068007469177246,valid,False,0.003314275773134988,0.0017231324807684273,4.175833713280808e-05,5.6513763833585425e-06,5.122392973652239e-07,0.021866533568737908,0.9334972449576702,0.03749260989851679,0.002022114698340836,3.6166670017278644e-05
P18,9,A,beta,1799551287-β-5,P18-T09-Aβ,12,62,D4,8,8,R3,R,False,62,True,R2,False,0.06550663171653444,False,0.35367918014526367,valid,False,0.0002026410553050618,1.2552334498287904e-05,7.633082469335708e-07,1.2122665110417556e-07,1.763851876330191e-08,0.01172790692025327,0.9179577679006176,0.06550663171653444,0.004491341288508261,0.00010025661086639879
P18,9,A,beta,1799551287-β-5,P18-T09-Aβ,13,57,A3,5,5,L3,L,False,57,True,L2,False,0.02925097061339424,False,0.3752121925354004,valid,False,0.018100014809777843,0.9494783765600362,0.02925097061339424,0.001515753623437313,6.405238220033365e-05,0.0014604631188246796,0.00011717494043581264,1.1063684028962865e-05,1.9811312807762887e-06,1.4913658392911527e-07
P18,9,A,beta,1799551287-β-5,P18-T09-Aβ,14,53,F3,3,3,L2,L,False,53,True,L2,True,0.8893682492772559,False,0.3315088748931885,valid,False,0.02142823513677915,0.8893682492772559,0.08068166729502067,0.007928876737619833,0.000562810226683889,2.8327356418465263e-05,1.6458659472038148e-06,1.5540303008617756e-07,3.014508634824951e-08,2.556158563891312e-09
P18,9,A,beta,1799551287-β-5,P18-T09-Aβ,15,59,B3,6,6,L3,L,False,59,True,L2,False,0.025545829399614566,False,0.42435216903686523,valid,False,0.006556612421628066,0.9588181145874014,0.025545829399614566,0.0011740673296895853,2.7334683588586137e-05,0.006888779929658368,0.0008873409991537281,8.378293519132498e-05,1.6915482882500367e-05,1.2222311920946326e-06
P18,9,A,beta,1799551287-β-5,P18-T09-Aβ,16,64,E4,9,9,R5,R,False,64,True,R2,False,0.00024844327956542717,False,0.3297562599182129,valid,False,2.2995233815653754e-05,1.0794638410029958e-06,5.8219465252696695e-08,8.535378937551354e-09,1.0570875396269398e-09,0.016055048004350054,0.9426633268243898,0.036918367645412564,0.004090671736693511,0.00024844327956542717
P18,9,A,beta,1799551287-β-5,P18-T09-Aβ,17,62,D4,8,8,R4,R,False,62,True,R2,False,0.0030947949001290994,False,0.28703904151916504,valid,False,0.000284938322077106,3.6506010373163495e-05,2.0492562343179608e-06,2.36330723260723e-07,2.7175343223078657e-08,0.014108632494828674,0.9389830339021984,0.04336799105968467,0.0030947949001290994,0.00012179054840798127
P18,9,A,beta,1799551287-β-5,P18-T09-Aβ,18,64,E4,9,9,R3,R,False,64,True,R2,False,0.05411530474619964,False,0.2575409412384033,valid,False,5.242878855161237e-05,6.678359156819458e-06,3.9018758128729906e-07,4.6834850806860855e-08,4.231243031003727e-09,0.012777616619325229,0.9262248680071504,0.05411530474619964,0.006495548156080107,0.00032711406986090795
P18,9,A,beta,1799551287-β-5,P18-T09-Aβ,19,62,D4,8,8,R5,R,False,62,True,R2,False,0.00011607400761846014,False,0.30017781257629395,valid,False,0.0004302135055573942,6.062890692880535e-05,2.900177063093444e-06,3.924962842700788e-07,4.1629261892778936e-08,0.02002570127638747,0.9301563862177631,0.04638687312350691,0.0028207886596284914,0.00011607400761846014
P18,9,A,beta,1799551287-β-5,P18-T09-Aβ,20,64,E4,9,9,R3,R,False,64,True,R2,False,0.05607833755266621,False,0.2570192813873291,valid,False,6.0928264881472953e-05,7.497014518235605e-06,4.3801806597344655e-07,5.472168992887535e-08,5.588792945249735e-09,0.015067183676772575,0.9221884525639427,0.05607833755266621,0.0062136569165444884,0.00038344568212534736
P18,9,A,beta,1799551287-β-5,P18-T09-Aβ,21,60,C4,7,7,L1,L,False,60,True,R2,False,0.0016618307891319325,False,0.3558197021484375,valid,False,0.0016618307891319325,0.0003293095207112909,1.8485711844150564e-05,2.403673280764945e-06,2.6544141841961555e-07,0.014143325574370803,0.9431664912720743,0.03844554490279225,0.0021581315451472812,7.421156922885467e-05
P18,9,A,beta,1799551287-β-5,P18-T09-Aβ,22,62,D4,8,8,R3,R,False,62,True,R2,False,0.0401271298530083,False,0.3079533576965332,valid,False,0.00027549100123160515,4.2940178073484044e-05,2.137865581472802e-06,2.893286439904273e-07,3.0685950991000164e-08,0.011084756821558659,0.9458203635585055,0.0401271298530083,0.002539717007593826,0.00010714369985205851
P18,9,A,beta,1799551287-β-5,P18-T09-Aβ,23,57,A3,5,5,L3,L,False,57,True,L2,False,0.023310079406456005,False,0.4140129089355469,valid,False,0.012291228274866133,0.9618763033310133,0.023310079406456005,0.001160540517069563,3.396726652442913e-05,0.0012126876869053029,0.00010115369962391112,1.1665562652575367e-05,2.0889073674168547e-06,2.8534752134188405e-07
P18,9,A,beta,1799551287-β-5,P18-T09-Aβ,24,55,G3,4,4,L2,L,False,55,True,L2,True,0.9523180787285777,False,0.35878515243530273,valid,False,0.010519789382069081,0.9523180787285777,0.034428995276611,0.002268001608994537,0.00011069345898718728,0.00032293842621557693,2.8981403749503024e-05,2.0681497650907458e-06,4.1755223626328546e-07,3.6012793878297214e-08
P18,9,A,beta,1799551287-β-5,P18-T09-Aβ,25,57,A3,5,5,L4,L,False,57,True,L2,False,0.0010099033496685401,False,0.3578159809112549,valid,False,0.008413643655364947,0.9638823028494174,0.024775484421905337,0.0010099033496685401,3.48614281697087e-05,0.0016747049586076982,0.0001881506453676322,1.707490619707288e-05,3.588053704374484e-06,2.857315973865003e-07
P18,9,A,beta,1799551287-β-5,P18-T09-Aβ,26,60,C4,7,7,R4,R,False,60,True,R2,False,0.002690141980264118,False,0.4081001281738281,valid,False,0.0029138022382586217,0.004901758277959002,0.00010965611613029209,8.144552118083317e-06,5.765885309648502e-07,0.008244892955667445,0.9248152362703459,0.05623807243435549,0.002690141980264118,7.771858637005172e-05
P18,9,A,beta,1799551287-β-5,P18-T09-Aβ,27,62,D4,8,8,R5,R,False,62,True,R2,False,0.00012190651101508295,False,0.286088228225708,valid,False,0.0013851404169475654,0.000701814968051479,2.0773326646695938e-05,1.6058766245667138e-06,1.139263662907783e-07,0.013702734226533819,0.9400325591206367,0.041509176033084835,0.0025241755940930864,0.00012190651101508295
P18,9,A,beta,1799551287-β-5,P18-T09-Aβ,28,59,B3,6,6,L2,L,False,59,True,L2,True,0.9524589145333058,False,0.36324405670166016,valid,False,0.006952122243368822,0.9524589145333058,0.025004279037514135,0.0014608916547289704,2.2800951116001965e-05,0.011187662222741729,0.0025575428458460767,0.00030698603277473034,4.5006289681551244e-05,3.7941889223980922e-06
P18,9,A,beta,1799551287-β-5,P18-T09-Aβ,29,57,A3,5,5,L5,L,False,57,True,L2,False,2.934407485029461e-05,False,0.31447815895080566,valid,False,0.009337530254735832,0.9668484782657694,0.01918333226072137,0.0012141470218116,2.934407485029461e-05,0.0031103777224258636,0.0002355202906383745,3.452891433054923e-05,5.940522363957122e-06,8.00672352521331e-07
P18,10,C,gamma,1799551287-γ-9,P18-T10-Cγ,0,62,D4,8,8,R2,R,False,62,True,R2,True,0.9336424244924042,False,0.8401107788085938,valid,False,0.0005052435082082931,0.0003392878291750167,8.907100794874113e-06,2.027591835146767e-06,6.586909558808679e-07,0.004994123133965495,0.9336424244924042,0.05454868042367989,0.005807170933766787,0.00015147629521436234
P18,10,C,gamma,1799551287-γ-9,P18-T10-Cγ,1,60,C4,7,7,L5,L,False,60,True,L5,True,0.9682801196248695,False,0.8884642124176025,valid,False,0.00011956963817878078,0.0004921414488496699,0.002442152611369008,0.028634504784859464,0.9682801196248695,2.2564849712238962e-05,6.302514135597959e-06,1.0778861244333335e-06,7.316499091043676e-07,8.349919922596637e-07
P18,10,C,gamma,1799551287-γ-9,P18-T10-Cγ,2,72,C5,14,14,R4,R,False,72,True,R4,True,0.8600611601034875,False,1.292268991470337,valid,False,3.7206381948689663e-09,1.2154314955027911e-10,4.056292341769757e-12,8.871593520982788e-13,3.2374036278699376e-13,1.3626446731370147e-05,0.002309436379300993,0.06920018272247326,0.8600611601034875,0.06841559050055845
P18,10,C,gamma,1799551287-γ-9,P18-T10-Cγ,3,53,F3,3,3,L1,L,False,53,True,L1,True,0.9720436874631576,False,0.6215667724609375,valid,False,0.9720436874631576,0.02655985192288611,0.001082638101715886,0.00017895887455996492,8.369305744717336e-05,4.9356140105037685e-05,1.755819719534047e-06,5.541837998233639e-08,2.6039485050214283e-09,5.980803298295983e-10
P18,10,C,gamma,1799551287-γ-9,P18-T10-Cγ,4,55,G3,4,4,L5,L,False,55,True,L5,True,0.7961310082021299,False,0.8067960739135742,valid,False,0.0003024228985578983,0.0012402318442136082,0.01437258747283054,0.18792020109219817,0.7961310082021299,3.205469181137808e-05,1.4155512546016522e-06,6.771273783724383e-08,7.291961153023481e-09,3.2423048171121477e-09
P18,10,C,gamma,1799551287-γ-9,P18-T10-Cγ,5,64,E4,9,9,R1,R,False,64,True,R1,True,0.9464821206267663,False,0.4691650867462158,valid,False,7.21432873412087e-05,7.3928059576664846e-06,3.264453777667874e-07,2.8453257081981344e-08,8.200112286001593e-09,0.9464821206267663,0.05104727072926186,0.0019992099559304043,0.00031750937944819725,7.399011654730783e-05
P18,10,C,gamma,1799551287-γ-9,P18-T10-Cγ,6,57,A3,5,5,R3,R,False,57,True,R3,True,0.6880109155166007,False,1.1994049549102783,valid,False,0.004924235771542426,0.00045557482915665494,2.4570830377648146e-05,4.227285166341749e-06,1.9414860915435012e-06,0.002256476900551178,0.15361838664423969,0.6880109155166007,0.15047616557635654,0.00022750515991763526
P18,10,C,gamma,1799551287-γ-9,P18-T10-Cγ,7,60,C4,7,7,L4,L,False,60,True,L4,True,0.6865011151368597,False,0.7663390636444092,valid,False,0.0006515558567948829,0.02583184025878261,0.2751556086889526,0.6865011151368597,0.011587488484056515,0.00025341875861405617,1.71048684654378e-05,1.3222874170374516e-06,3.79642540681466e-07,1.660175162372362e-07
P18,10,C,gamma,1799551287-γ-9,P18-T10-Cγ,8,55,G3,4,4,L3,L,False,55,True,L3,True,0.7539191803433427,False,0.6287710666656494,valid,False,0.0012470574738227705,0.15336226003089692,0.7539191803433427,0.09049414698263405,0.000975830182858084,1.453556240895422e-06,6.412252667352134e-08,5.159273279937934e-09,1.4738319413072852e-09,6.745727825493623e-10
P18,10,C,gamma,1799551287-γ-9,P18-T10-Cγ,9,57,A3,5,5,R3,R,False,57,True,R3,True,0.7563938216474517,False,0.6379201412200928,valid,False,0.00838188953482574,0.0007178907851294763,4.543657727993539e-05,6.149172055482297e-06,1.1970345829155245e-06,0.0016628985076093691,0.09729141942642194,0.7563938216474517,0.13522366631660268,0.0002756309980407381
P18,10,C,gamma,1799551287-γ-9,P18-T10-Cγ,10,60,C4,7,7,R2,R,False,60,True,R2,True,0.8958164310232507,False,0.44140005111694336,valid,False,0.0006965151683301349,7.180362030901057e-05,4.366382647708302e-06,5.035536073454558e-07,7.920632693385488e-08,0.017924699426194502,0.8958164310232507,0.08195576233179669,0.003477033952744736,5.280533479216561e-05
P18,10,C,gamma,1799551287-γ-9,P18-T10-Cγ,11,69,A4,12,12,R1,R,False,69,True,R1,True,0.9638653065802244,False,0.4568488597869873,valid,False,7.963616043458125e-08,5.18859070243947e-09,3.031468672072432e-10,3.787220244753631e-11,6.911362775069369e-12,0.9638653065802244,0.032167337081894294,0.0024866876438679694,0.0011173407831022893,0.00036324273822935796
P18,10,C,gamma,1799551287-γ-9,P18-T10-Cγ,12,60,C4,7,7,R4,R,False,60,True,R4,True,0.7424044648437897,False,0.8053779602050781,valid,False,0.00045105888432031956,4.116751500117752e-05,2.7118999410478323e-06,3.255137662840945e-07,6.059002608324198e-08,0.0028573487817714644,0.0297163066870536,0.20173892228815632,0.7424044648437897,0.02278763299617383
P18,10,C,gamma,1799551287-γ-9,P18-T10-Cγ,13,53,F3,3,3,L5,L,False,53,True,L5,True,0.8660123963548715,False,0.5868861675262451,valid,False,0.00019163569757484804,0.0008474315581646341,0.008141154059839981,0.12480725415645763,0.8660123963548715,1.1808933903215826e-07,6.41994647809506e-09,1.1965109510827833e-09,1.1953588248328751e-09,1.2719361238689187e-09
P18,10,C,gamma,1799551287-γ-9,P18-T10-Cγ,14,59,B3,6,6,R2,R,False,59,True,R2,True,0.8399048984869789,False,0.5126512050628662,valid,False,0.005539138872560868,0.0008635432198924733,3.663646105898921e-05,4.763791802648013e-06,1.0989813150212123e-06,0.014713207506496346,0.8399048984869789,0.1333915341522965,0.005437332924103113,0.00010784560349514005
P18,10,C,gamma,1799551287-γ-9,P18-T10-Cγ,15,62,D4,8,8,R4,R,False,62,True,R4,True,0.7246562341151245,False,0.6674449443817139,valid,False,0.00026702649148478306,2.486478788702794e-05,1.1427671680239626e-06,1.4859254169234526e-07,3.971295395493545e-08,0.0030769318441371003,0.022647290954959137,0.2039230513173381,0.7246562341151245,0.045403269416405725
P18,10,C,gamma,1799551287-γ-9,P18-T10-Cγ,16,62,D4,8,8,L1,L,False,62,True,L1,True,0.9466528134552389,False,0.7264258861541748,valid,False,0.9466528134552389,0.046242504990021915,0.0005909046546480921,4.567973095430846e-05,3.009141058879231e-06,0.006094804306066909,0.00031157954772771304,3.5932949054683285e-05,1.4222578308548237e-05,8.548646919855806e-06
P18,10,C,gamma,1799551287-γ-9,P18-T10-Cγ,17,55,G3,4,4,L3,L,False,55,True,L3,True,0.7671759209389118,False,0.48905396461486816,valid,False,0.003418164342990964,0.15835977534052514,0.7671759209389118,0.06959662936049824,0.0014477078124027934,1.7132899478061946e-06,7.657163404255498e-08,7.832068844955197e-09,2.8801879859955484e-09,1.6308323192153117e-09
P18,10,C,gamma,1799551287-γ-9,P18-T10-Cγ,18,50,D3,1,1,L1,L,False,50,True,L1,True,0.9385019149775885,False,0.7731268405914307,valid,False,0.9385019149775885,0.057151843697577295,0.002845422749520756,0.0009284039503293565,0.0005724066474010995,7.684053768869466e-09,2.42009622398116e-10,2.9048809091888547e-11,1.530516109475902e-11,7.1657582379951635e-12
P18,10,C,gamma,1799551287-γ-9,P18-T10-Cγ,19,59,B3,6,6,R2,R,False,59,True,R2,True,0.8644123808261045,False,0.6862547397613525,valid,False,0.023460771256398946,0.005531052400092667,0.00016371602692675626,1.6088960986992536e-05,2.6009286603654614e-06,0.0214415540309809,0.8644123808261045,0.08067091527975692,0.004180279477129706,0.00012064081296223621
P18,10,C,gamma,1799551287-γ-9,P18-T10-Cγ,20,64,E4,9,9,R4,R,False,64,True,R4,True,0.590802683942227,False,0.7346780300140381,valid,False,3.5609499568821346e-05,6.884258114736232e-06,1.957802098121859e-07,3.2362251017743315e-08,4.6927030665641725e-09,0.002784781277340254,0.030881071217173067,0.3259810802530394,0.590802683942227,0.04950765671737275
P18,10,C,gamma,1799551287-γ-9,P18-T10-Cγ,21,60,C4,7,7,R1,R,False,60,True,R1,True,0.9885760605855017,False,0.6519417762756348,valid,False,0.002938035537279794,0.0007995274487588089,1.8615989539503862e-05,2.840615812601941e-06,6.10320857734634e-07,0.9885760605855017,0.00693281256990772,0.0006042698466194832,0.00011262017391519755,1.4606911807508639e-05
P18,10,C,gamma,1799551287-γ-9,P18-T10-Cγ,22,52,E3,2,2,L4,L,False,52,True,L4,True,0.7122224249051697,False,0.7453958988189697,valid,False,0.000588005975392809,0.008462150380482657,0.18279956093990646,0.7122224249051697,0.09592781709395924,3.843908776713599e-08,2.021623325414242e-09,1.6929725820261017e-10,5.0991354263231796e-11,2.408945764332667e-11
P18,10,C,gamma,1799551287-γ-9,P18-T10-Cγ,23,59,B3,6,6,L4,L,False,59,True,L4,True,0.645989019387697,False,1.1475861072540283,valid,False,0.000608614672895151,0.02063654608528964,0.31797752364466086,0.645989019387697,0.01471905112860049,6.482930082841306e-05,3.969093713036265e-06,3.068297592814011e-07,9.22466306853132e-08,4.760992529952537e-08
P18,10,C,gamma,1799551287-γ-9,P18-T10-Cγ,24,62,D4,8,8,L3,L,False,62,True,L3,True,0.7512586303941815,False,0.7182133197784424,valid,False,0.0011946689257440108,0.18053878133344226,0.7512586303941815,0.058041912201854215,0.0003906142511805454,0.007843819430146646,0.0006593929859077994,5.305450033954149e-05,1.409185200710835e-05,5.034125196577854e-06
P18,10,C,gamma,1799551287-γ-9,P18-T10-Cγ,25,64,E4,9,9,R3,R,False,64,True,R3,True,0.5514655096184208,False,0.5812668800354004,valid,False,0.0001057801279919892,3.4478452941291276e-05,9.805266796136414e-07,9.25815479390493e-08,5.2968058354037045e-09,0.007284383942313222,0.34950194525293515,0.5514655096184208,0.09115663563247559,0.0004501885678886968
P18,10,C,gamma,1799551287-γ-9,P18-T10-Cγ,26,53,F3,3,3,L5,L,False,53,True,L5,True,0.9586595503729785,False,0.7023060321807861,valid,False,5.9931924063913596e-05,0.0002747374583164771,0.002165308088298434,0.03883974598100866,0.9586595503729785,6.846542092662543e-07,3.520001698012117e-08,4.059446218774329e-09,1.6784071810171807e-09,5.832543919272958e-10
P18,10,C,gamma,1799551287-γ-9,P18-T10-Cγ,27,65,F4,10,10,R5,R,False,65,True,R5,True,0.9328350014883401,False,0.8735880851745605,valid,False,4.19468318457039e-06,6.6099012211706e-07,2.389666467598466e-08,2.544003181057853e-09,6.649061577896558e-10,0.0002073343879374881,0.0008558735619578104,0.006393239979134332,0.05970366780374967,0.9328350014883401
P18,10,C,gamma,1799551287-γ-9,P18-T10-Cγ,28,64,E4,9,9,R3,R,False,64,True,R3,True,0.5630077932068086,False,0.4286179542541504,valid,False,3.422051886275933e-05,1.3477865527802455e-05,5.278457116891092e-07,5.187329073357489e-08,9.24738028074294e-09,0.00775721300839208,0.32251767445384133,0.5630077932068086,0.10493000096112683,0.0017390310190580046
P18,10,C,gamma,1799551287-γ-9,P18-T10-Cγ,29,57,A3,5,5,L5,L,False,57,True,L5,True,0.8618353789769508,False,0.6888720989227295,valid,False,0.00032567693827439,0.001680454473481525,0.010261956902091713,0.12587859764654985,0.8618353789769508,1.709366613963376e-05,6.885409783684419e-07,1.0935230595361674e-07,3.0262625314556326e-08,1.3240602489604116e-08
P18,11,C,gamma,1799551287-γ-6,P18-T11-Cγ,0,62,D4,8,8,L2,L,False,62,True,L2,True,0.9419190839041381,False,0.9421877861022949,valid,False,0.0025292412907755722,0.9419190839041381,0.0468953898273311,0.0015650525046022497,1.3405628440998906e-05,6.733927054936381e-05,0.002886972148539972,0.002711171789096205,0.000998570061877351,0.00041377357464931726
P18,11,C,gamma,1799551287-γ-6,P18-T11-Cγ,1,57,A3,5,5,R2,R,False,57,True,R2,True,0.8879532951589549,False,0.5943994522094727,valid,False,0.012819854807800868,0.0027980399272523435,8.282040142387901e-05,1.1208522484470628e-05,1.8645818684297978e-06,0.005748386151254821,0.8879532951589549,0.08726235416447847,0.003283530272099759,3.8646012382090323e-05
P18,11,C,gamma,1799551287-γ-6,P18-T11-Cγ,2,62,D4,8,8,R4,R,False,62,True,R4,True,0.6814884301665226,False,0.8358991146087646,valid,False,0.00023877825524230164,5.204113965301885e-05,2.038133734202566e-06,2.2583165491446203e-07,4.6151057651706834e-08,0.0004954981437695144,0.017945224084403227,0.2601047352175496,0.6814884301665226,0.03967298287641299
P18,11,C,gamma,1799551287-γ-6,P18-T11-Cγ,3,55,G3,4,4,L5,L,False,55,True,L5,True,0.9231037861853802,False,0.6073598861694336,valid,False,0.0001867612963790621,0.0006231684577673442,0.004898015919446142,0.07118219012158886,0.9231037861853802,5.293650093653109e-06,6.80456865588947e-07,7.851205897844919e-08,1.7111289760016068e-08,8.289130302207125e-09
P18,11,C,gamma,1799551287-γ-6,P18-T11-Cγ,4,48,C3,0,0,L1,L,False,48,True,L1,True,0.9607305233238371,False,0.7941677570343018,valid,False,0.9607305233238371,0.029597620123747493,0.005092118523676517,0.002381412875878771,0.002198321153219302,3.5928923872644576e-09,3.5458914946956475e-10,3.774903052164112e-11,9.290022239418052e-12,5.1201241499709806e-12
P18,11,C,gamma,1799551287-γ-6,P18-T11-Cγ,5,55,G3,4,4,L5,L,False,55,True,L5,True,0.8481590277533078,False,0.8322498798370361,valid,False,0.00042575463740353005,0.0008686614543811002,0.008620022279731337,0.14192563970685432,0.8481590277533078,7.698571872997398e-07,9.929973270947244e-08,1.1924304460407302e-08,6.698738799245489e-09,6.388358695709064e-09
P18,11,C,gamma,1799551287-γ-6,P18-T11-Cγ,6,62,D4,8,8,R4,R,False,62,True,R4,True,0.5691856432365663,False,0.5808372497558594,valid,False,0.00013766303071775955,3.2641548476749554e-05,2.3442415627255703e-06,2.813831323981926e-07,6.166174907003282e-08,0.00294552108340752,0.038215418210735916,0.35029263261777727,0.5691856432365663,0.03918779298587439
P18,11,C,gamma,1799551287-γ-6,P18-T11-Cγ,7,59,B3,6,6,L3,L,False,59,True,L3,True,0.8560585253912599,False,0.5282950401306152,valid,False,0.0009534567106814548,0.09811748501023031,0.8560585253912599,0.044348198584702986,0.0004837573958417203,3.7567058976153925e-05,4.834681657631058e-07,1.8935643373061407e-07,1.7732004035623063e-07,1.5970366767408827e-07
P18,11,C,gamma,1799551287-γ-6,P18-T11-Cγ,8,59,B3,6,6,R2,R,False,59,True,R2,True,0.8249141911532346,False,0.49712705612182617,valid,False,0.01147912353970113,0.006788835130338077,0.00036614691105332553,3.321609837399828e-05,3.7035558209572305e-06,0.021624773472482248,0.8249141911532346,0.12712502015154228,0.007458651666667982,0.00020633832078559338
P18,11,C,gamma,1799551287-γ-6,P18-T11-Cγ,9,69,A4,12,12,R5,R,False,69,True,R5,True,0.2461213300376817,True,0.738955020904541,valid,False,2.867019308056885e-07,5.0467783582456045e-08,1.9765149821016865e-09,2.469264361276415e-10,4.599324066776549e-11,0.001093904359363176,0.01902282254052296,0.14092666884539806,0.5928349347778851,0.2461213300376817
P18,11,C,gamma,1799551287-γ-6,P18-T11-Cγ,10,50,D3,1,1,L2,L,False,50,True,L2,True,0.9283053350660629,False,0.5701229572296143,valid,False,0.014067258321179582,0.9283053350660629,0.04440538311975991,0.01094234408369611,0.002279678942095746,4.351520289868582e-10,9.942559501632697e-12,6.433721117162636e-12,6.8527259054016866e-12,8.82492465478576e-12
P18,11,C,gamma,1799551287-γ-6,P18-T11-Cγ,11,60,C4,7,7,L3,L,False,60,True,L3,True,0.7736684500990654,False,0.6857790946960449,valid,False,0.0008254397238237527,0.17231997228024354,0.7736684500990654,0.05282446612830847,0.00030782465777494063,4.849928293393142e-05,1.8061765147631404e-06,1.1363757303069545e-06,1.0943334023722658e-06,1.310942202514472e-06
P18,11,C,gamma,1799551287-γ-6,P18-T11-Cγ,12,59,B3,6,6,R2,R,False,59,True,R2,True,0.9074695530128182,False,0.6037108898162842,valid,False,0.0034681250617772702,0.0007638835026972746,1.926741436557858e-05,2.7139775627668544e-06,6.949903977383199e-07,0.012561794376125038,0.9074695530128182,0.07301464337258533,0.0026396861174307782,5.963817423995167e-05
P18,11,C,gamma,1799551287-γ-6,P18-T11-Cγ,13,69,A4,12,12,R3,R,False,69,True,R3,True,0.5119058955578226,False,0.5966839790344238,valid,False,7.874416323481254e-08,8.114490129515864e-09,2.818589158532588e-10,3.8145456209765364e-11,9.118687350595891e-12,0.006250676148677891,0.3043385735362098,0.5119058955578226,0.17384095168270206,0.0036638158868112745
P18,11,C,gamma,1799551287-γ-6,P18-T11-Cγ,14,53,F3,3,3,L1,L,False,53,True,L1,True,0.9737311159675445,False,0.6089069843292236,valid,False,0.9737311159675445,0.025562724186473172,0.0005071924325080202,0.00014101841474481878,5.7924313170786914e-05,2.238374427198023e-08,1.5130778906742715e-09,4.3700506091501576e-10,2.1440342799588006e-10,1.3732812822389322e-10
P18,11,C,gamma,1799551287-γ-6,P18-T11-Cγ,15,67,G4,11,11,R5,R,False,67,True,R5,True,0.9524578894265169,False,0.6895108222961426,valid,False,1.1550838520256279e-06,1.4181968878147505e-07,4.369097444827744e-09,4.841097960797172e-10,1.0216588816291578e-10,7.646944985098344e-05,0.0004568195698557004,0.0036400593999443287,0.043367460294918184,0.9524578894265169
P18,11,C,gamma,1799551287-γ-6,P18-T11-Cγ,16,65,F4,10,10,R4,R,False,65,True,R4,True,0.5992246540913532,False,0.6465179920196533,valid,False,4.519839788745858e-06,5.847282061121948e-07,1.8013962188141568e-08,2.7487523953890318e-09,5.140521630723906e-10,0.003595665425328838,0.03755438556294235,0.2893081676154712,0.5992246540913532,0.07031200146014287
P18,11,C,gamma,1799551287-γ-6,P18-T11-Cγ,17,60,C4,7,7,R3,R,False,60,True,R3,True,0.7657244969039524,False,0.5268909931182861,valid,False,0.0018542305553696165,0.0004680512129970936,1.441944610317918e-05,1.801424461456197e-06,3.4221958873861886e-07,0.005589123295493308,0.12161039370530248,0.7657244969039524,0.10362954166970917,0.0011075995670225666
P18,11,C,gamma,1799551287-γ-6,P18-T11-Cγ,18,59,B3,6,6,L5,L,False,59,True,L5,True,0.8681501667929835,False,0.987738847732544,valid,False,0.0005864241046774173,0.004203116467299657,0.011247598944051328,0.11568336701092943,0.8681501667929835,0.0001267858954779102,1.3985057045312396e-06,3.509216507875102e-07,3.70178509791636e-07,4.2117871558091167e-07
P18,11,C,gamma,1799551287-γ-6,P18-T11-Cγ,19,69,A4,12,12,R1,R,False,69,True,R1,True,0.9979889546898946,False,0.7291829586029053,valid,False,1.8076377152597664e-08,3.1387915205192847e-10,1.3316555635525581e-11,4.522242710826378e-12,2.9352333593150325e-12,0.9979889546898946,0.0010260764009145684,0.0004255989571791024,0.00028503835429955925,0.00027431318668182396
P18,11,C,gamma,1799551287-γ-6,P18-T11-Cγ,20,55,G3,4,4,L1,L,False,55,True,L1,True,0.9765131010094209,False,0.5102238655090332,valid,False,0.9765131010094209,0.022736877516588934,0.0006466100742421551,8.407787439471077e-05,1.913929297143651e-05,1.9128485937607818e-07,1.245452259359552e-09,4.5817628117890224e-10,4.17970465622494e-10,8.259233833833478e-10
P18,11,C,gamma,1799551287-γ-6,P18-T11-Cγ,21,60,C4,7,7,R4,R,False,60,True,R4,True,0.6494616548903703,False,0.5792341232299805,valid,False,0.0003423337758960399,2.41406966853954e-05,1.0241869470777446e-06,1.5628079456941294e-07,5.995773791315561e-08,0.0027044607786961194,0.0288323147658092,0.27228744644589503,0.6494616548903703,0.04634640822116829
P18,11,C,gamma,1799551287-γ-6,P18-T11-Cγ,22,52,E3,2,2,L4,L,False,52,True,L4,True,0.5002742941633481,False,0.858039140701294,valid,False,0.0016060822238446546,0.0166330871338646,0.461811378619223,0.5002742941633481,0.019675157310926335,4.050654771804964e-10,3.2014597550110895e-11,4.932457192828751e-11,3.577286084964683e-11,2.661587788399434e-11
P18,11,C,gamma,1799551287-γ-6,P18-T11-Cγ,23,59,B3,6,6,L2,L,False,59,True,L2,True,0.9280653453022735,False,0.4821028709411621,valid,False,0.00662762889423524,0.9280653453022735,0.062255513853779705,0.0029779856256000876,5.234818007304444e-05,1.783652322417966e-05,2.1356385786938347e-06,4.862669074097624e-07,3.7606397348743893e-07,3.4365135498777057e-07
P18,11,C,gamma,1799551287-γ-6,P18-T11-Cγ,24,60,C4,7,7,L4,L,False,60,True,L4,True,0.67485408064487,False,0.5643491744995117,valid,False,0.0005366169495060513,0.023534387163725076,0.29024040026942216,0.67485408064487,0.010762872823776509,6.309546245656986e-05,3.7793210293708953e-06,1.2828599405645837e-06,1.3446494088628958e-06,2.139855864978585e-06
P18,11,C,gamma,1799551287-γ-6,P18-T11-Cγ,25,62,D4,8,8,R5,R,False,62,True,R5,True,0.8250929840772913,False,0.7148721218109131,valid,False,9.576347217708645e-05,4.3199825674623065e-06,2.7341933597751037e-07,4.8960147258011106e-08,1.1655442142416312e-08,0.00021494956850927956,0.0017795163628373128,0.012977370348282469,0.15983476215340975,0.8250929840772913
P18,11,C,gamma,1799551287-γ-6,P18-T11-Cγ,26,65,F4,10,10,R3,R,False,65,True,R3,True,0.6848363288269462,False,0.4734346866607666,valid,False,5.8255171976662846e-06,9.202914668457482e-07,5.5962981732343614e-08,7.882857236851202e-09,1.2118149956211378e-09,0.017489122716713865,0.22344825672005236,0.6848363288269462,0.07271679747088994,0.0015026833990792147
P18,11,C,gamma,1799551287-γ-6,P18-T11-Cγ,27,69,A4,12,12,R5,R,False,69,True,R5,True,0.19002200000484276,True,0.9039301872253418,valid,False,1.192013149214614e-07,2.0545674104537368e-08,1.153326543125609e-09,1.7598621918775754e-10,2.954981476593648e-11,6.389738356632283e-05,0.026639133524496178,0.3603730896564697,0.4229017383247735,0.19002200000484276
P18,11,C,gamma,1799551287-γ-6,P18-T11-Cγ,28,62,D4,8,8,R3,R,False,62,True,R3,True,0.7315984715581683,False,1.1292033195495605,valid,False,0.00017433809460425722,4.39471205865148e-05,2.5676397874893515e-06,4.4174923758525194e-07,8.151160740270069e-08,0.0007313626103062971,0.136350916008651,0.7315984715581683,0.1290971958783759,0.0020006778286752107
P18,11,C,gamma,1799551287-γ-6,P18-T11-Cγ,29,55,G3,4,4,L2,L,False,55,True,L2,True,0.9396561562611564,False,0.41739702224731445,valid,False,0.011989681132617707,0.9396561562611564,0.044948348397295605,0.003207571206093766,0.00019817157410460803,5.749107068526554e-08,5.128057767450743e-09,5.264702164809969e-09,2.1377379432655184e-09,1.4071632011255371e-09
P18,12,A,gamma,1799551287-γ-4,P18-T12-Aγ,0,53,F3,3,3,L2,L,False,53,True,L4,False,0.006607167455221603,False,2.487401008605957,valid,False,5.332481157473499e-05,0.006607167455221603,0.14722958135319433,0.7589934490910631,0.08711104516219362,4.247140944936195e-06,1.0615694490046982e-06,1.1301309583574764e-07,9.850317659398262e-09,5.529452456512012e-10
P18,12,A,gamma,1799551287-γ-4,P18-T12-Aγ,1,48,C3,0,0,L2,L,False,48,True,L5,False,3.545874821418718e-05,False,0.5178990364074707,valid,False,3.4388595365849868e-06,3.545874821418718e-05,0.0006454294247157,0.024585592264038662,0.9747300794076691,1.1118467330605662e-09,1.6824587110456257e-10,1.300620339639509e-11,2.424017840163432e-12,3.028330631447664e-13
P18,12,A,gamma,1799551287-γ-4,P18-T12-Aγ,2,60,C4,7,7,R4,R,False,60,True,L2,False,2.3719652712838202e-06,False,0.49277281761169434,valid,False,0.00160936808932452,0.8912750337765372,0.10312723951568564,0.003177083256432698,3.45953347762637e-05,0.0005971624539515733,0.00016463301411593988,1.2227883050601801e-05,2.3719652712838202e-06,2.84710854284816e-07
P18,12,A,gamma,1799551287-γ-4,P18-T12-Aγ,3,57,A3,5,5,L5,L,False,57,True,L3,False,0.0013466839341511885,False,0.49448323249816895,valid,False,0.00022094478662440279,0.0782138612802293,0.8438863976851225,0.07632646695589825,0.0013466839341511885,4.647543619045537e-06,8.920555831630591e-07,8.766550071582366e-08,1.569792351791476e-08,2.39534780976209e-09
P18,12,A,gamma,1799551287-γ-4,P18-T12-Aγ,4,48,C3,0,0,L2,L,False,48,True,L4,False,0.0006272661673260857,False,0.48119091987609863,valid,False,6.373854155652869e-06,0.0006272661673260857,0.04617661627584225,0.8226028568479806,0.13058688589067055,7.615784708188652e-10,1.8786795812846522e-10,1.142426229906379e-11,2.7067248611138436e-12,4.4741861026384786e-13
P18,12,A,gamma,1799551287-γ-4,P18-T12-Aγ,5,57,A3,5,5,L5,L,False,57,True,L3,False,0.0003100677527900668,False,0.4147770404815674,valid,False,0.00043383505833418686,0.36997189218029086,0.6055554571195002,0.023715910399247263,0.0003100677527900668,1.0032689240397649e-05,2.494033867478997e-06,2.5510027565677325e-07,4.948436226031903e-08,6.18209187769319e-09
P18,12,A,gamma,1799551287-γ-4,P18-T12-Aγ,6,57,A3,5,5,R4,R,False,57,True,L3,False,5.195402831613249e-08,False,0.38594770431518555,valid,False,0.00017389658790327835,0.10256046878030056,0.808231638503798,0.08784074653917628,0.0011817979799387756,7.83406198817896e-06,3.328773699414825e-06,2.282312242976847e-07,5.195402831613249e-08,8.58794311928952e-09
P18,12,A,gamma,1799551287-γ-4,P18-T12-Aγ,7,52,E3,2,2,L2,L,False,52,True,L4,False,0.002400958811251262,False,0.41692113876342773,valid,False,1.8190485364672922e-05,0.002400958811251262,0.05732534252859284,0.8759515312172559,0.06430393818534953,2.9094735740279626e-08,8.591912189716792e-09,9.146821214751223e-10,1.5119593775599976e-10,1.965981287646739e-11
P18,12,A,gamma,1799551287-γ-4,P18-T12-Aγ,8,57,A3,5,5,L4,L,False,57,True,L3,False,0.06925836922013276,False,0.35387611389160156,valid,False,0.0002615444633439224,0.14079817205468317,0.7888762535068304,0.06925836922013276,0.0007933399630507144,8.458388946989756e-06,3.6095047709604177e-06,1.9467390162612236e-07,4.9965154843940695e-08,8.259184545522812e-09
P18,12,A,gamma,1799551287-γ-4,P18-T12-Aγ,9,67,G4,11,11,R5,R,False,67,True,R2,False,0.0005822690036501643,False,0.40776515007019043,valid,False,3.4079602795548657e-06,0.00020306906336652386,4.312184638769559e-05,2.996785416368645e-06,2.88715538424537e-08,0.05137631494624999,0.8793449607825781,0.06275117277945527,0.005692657961062477,0.0005822690036501643
P18,12,A,gamma,1799551287-γ-4,P18-T12-Aγ,10,55,G3,4,5,L1,L,False,57,False,L3,False,0.00031992031599179145,False,0.37650394439697266,valid,False,0.00031992031599179145,0.12718977388810712,0.7826482265290997,0.08885820277710092,0.0009717301905863169,9.978653439497076e-06,2.060293806956998e-06,8.740949160373885e-08,1.7647671994477916e-08,2.294704039447265e-09
P18,12,A,gamma,1799551287-γ-4,P18-T12-Aγ,11,62,D4,8,8,R4,R,False,62,True,R2,False,0.0026150483450137303,False,0.48881101608276367,valid,False,0.00016129483820140897,0.02882613915099126,0.008450856534943254,0.0007746194978785277,8.821608767247711e-06,0.01702291618346824,0.86374931750049,0.07835757023877139,0.0026150483450137303,3.341610147486238e-05
P18,12,A,gamma,1799551287-γ-4,P18-T12-Aγ,12,67,G4,11,11,R5,R,False,67,True,R2,False,9.76886664273429e-05,False,0.41715025901794434,valid,False,5.708674684791149e-06,0.00017578253729087797,2.6166453897320415e-05,2.136956609050136e-06,3.176234207168019e-08,0.056488115422573176,0.857507795124811,0.08096607740825376,0.004730496993110549,9.76886664273429e-05
P18,12,A,gamma,1799551287-γ-4,P18-T12-Aγ,13,57,A3,5,5,L3,L,False,57,True,L3,True,0.7666823217785022,False,0.36153101921081543,valid,False,0.00023104732132527426,0.07348220144351018,0.7666823217785022,0.1576474925085434,0.0019447328118312823,8.812480176176046e-06,3.157649152744197e-06,2.0800936250176356e-07,2.398870490756606e-08,2.0088915267389224e-09
P18,12,A,gamma,1799551287-γ-4,P18-T12-Aγ,14,64,E4,9,9,R1,R,False,64,True,R2,False,0.009853517528824953,False,0.4461669921875,valid,False,3.9818938918011554e-05,0.004757740038672243,0.0009413911053043114,0.00010812258658464784,1.3024813867414353e-06,0.009853517528824953,0.8353313737881776,0.14371447245050872,0.0051956851431247805,5.657593849784246e-05
P18,12,A,gamma,1799551287-γ-4,P18-T12-Aγ,15,57,A3,5,5,R2,R,False,57,True,L3,False,2.1788587338573053e-05,False,0.3108992576599121,valid,False,0.00022013767628880978,0.062127580251636345,0.7451839026791348,0.19013452211672718,0.00223869684133906,7.09860718699949e-05,2.1788587338573053e-05,2.228628371378146e-06,1.5280179057939722e-07,4.345503338301005e-09
P18,12,A,gamma,1799551287-γ-4,P18-T12-Aγ,16,59,B3,6,6,L5,L,False,59,True,L3,False,0.0009563841779584491,False,0.36631226539611816,valid,False,0.0003671122637502875,0.10935193627882922,0.7949598072649751,0.0933054730672505,0.0009563841779584491,0.0006593568251219154,0.00035285134013114417,4.4081792797137984e-05,2.9038772751870466e-06,9.311191105959829e-08
P18,12,A,gamma,1799551287-γ-4,P18-T12-Aγ,17,52,E3,2,2,L2,L,False,52,True,L4,False,0.0014635417474096533,False,0.4095730781555176,valid,False,1.6251349602766066e-05,0.0014635417474096533,0.029689345437699913,0.9066839612899591,0.06214655925964413,2.6443453448850193e-07,6.57135078541985e-08,1.0027231113127977e-08,7.155559423681062e-10,2.4855020947602606e-11
P18,12,A,gamma,1799551287-γ-4,P18-T12-Aγ,18,53,F3,3,3,L4,L,False,53,True,L4,True,0.9015902048721377,False,0.30147790908813477,valid,False,3.4321996550858875e-05,0.0020216835292523813,0.03036677205448075,0.9015902048721377,0.06598533888476886,1.1828337171663022e-06,4.2823437741030997e-07,6.278214115190739e-08,4.663054271309553e-09,1.4951936787627773e-10
P18,12,A,gamma,1799551287-γ-4,P18-T12-Aγ,19,62,D4,8,8,R5,R,False,62,True,R2,False,2.9835261789676845e-05,False,0.47993016242980957,valid,False,0.00016018375556788015,0.032230435922340095,0.009090906104304231,0.00030066237292653155,6.780358390597581e-06,0.011042295510402237,0.8354209224148251,0.10862870558246518,0.0030892727169884843,2.9835261789676845e-05
P18,12,A,gamma,1799551287-γ-4,P18-T12-Aγ,20,62,D4,8,8,L4,L,False,62,True,R2,False,0.00027589812146435074,False,0.3510010242462158,valid,False,8.95591884364518e-05,0.021620458853622328,0.005585095586152407,0.00027589812146435074,6.751829835994743e-06,0.012100242987863743,0.8104974128588159,0.14513264961285932,0.004653632740635007,3.8298220314463916e-05
P18,12,A,gamma,1799551287-γ-4,P18-T12-Aγ,21,65,F4,10,10,R1,R,False,65,True,R2,False,0.02035823087021245,False,0.375399112701416,valid,False,1.2387483160156862e-05,0.0006695946796518458,8.612399746746271e-05,4.369058787204415e-06,1.0301610552178644e-07,0.02035823087021245,0.7302810274157668,0.22893301025559393,0.01917158872333471,0.0004835644999199972
P18,12,A,gamma,1799551287-γ-4,P18-T12-Aγ,22,67,G4,11,11,R4,R,False,67,True,R2,False,0.005035661930900948,False,0.4357020854949951,valid,False,5.517861154555943e-06,0.00016909669493879163,1.925144161896566e-05,8.741794696852851e-07,2.08070207024849e-08,0.0619085526720802,0.8770333188067447,0.05550898965760343,0.005035661930900948,0.000318715948468044
P18,12,A,gamma,1799551287-γ-4,P18-T12-Aγ,23,71,B4,13,13,R5,R,False,71,True,R2,False,0.003715489429919099,False,0.4435129165649414,valid,False,2.849913701210123e-07,4.066906934855237e-06,3.976586115641931e-07,1.7212666255495805e-08,4.160461091510051e-10,0.005778897262295453,0.6819504874513851,0.27177025432624297,0.036780104344528365,0.003715489429919099
P18,12,A,gamma,1799551287-γ-4,P18-T12-Aγ,24,65,F4,10,10,R2,R,False,65,True,R2,True,0.9197014680691342,False,0.32065796852111816,valid,False,1.6401312578107496e-05,0.0009596973252657059,0.00013227329191970797,5.694956752658126e-06,1.4556046468931377e-07,0.012324369511415476,0.9197014680691342,0.06305763353113976,0.0036841842332022796,0.00011813220812749697
P18,12,A,gamma,1799551287-γ-4,P18-T12-Aγ,25,52,E3,2,2,L2,L,False,52,True,L4,False,0.0012715515918007914,False,0.49540209770202637,valid,False,1.8766907125108647e-05,0.0012715515918007914,0.03968185504523212,0.8838315764919096,0.07519399736215701,2.203836197371756e-06,4.293885290194022e-08,5.3643600046030995e-09,4.316142964332856e-10,3.0750776603314054e-11
P18,12,A,gamma,1799551287-γ-4,P18-T12-Aγ,26,71,B4,13,13,R2,R,False,71,True,R2,True,0.6612527698439368,False,0.5761170387268066,valid,False,1.3907568469174747e-07,7.2226101259375235e-06,1.40780151324824e-06,6.344927706071928e-08,1.4224951145537127e-09,0.003286418350491231,0.6612527698439368,0.29712002209361965,0.035663800115257174,0.0026681552375991315
P18,12,A,gamma,1799551287-γ-4,P18-T12-Aγ,27,62,D4,8,8,L4,L,False,62,True,R2,False,0.0007787686125151125,False,0.40402698516845703,valid,False,1.7853033474493336e-05,0.008315124963518944,0.014391006849290674,0.0007787686125151125,1.9710201770651727e-05,0.006146115650290569,0.9121644398694104,0.05546877671295572,0.0026533428044426006,4.486130233096596e-05
P18,12,A,gamma,1799551287-γ-4,P18-T12-Aγ,28,60,C4,7,7,L2,L,False,60,True,R2,False,0.015817800974929984,False,0.4133598804473877,valid,False,4.235873239864921e-05,0.015817800974929984,0.10292516598205084,0.009476679161992758,0.0002563692517657694,0.002614664915266255,0.7938837364232879,0.07232254814931907,0.002614664915266255,4.601149372249616e-05
P18,12,A,gamma,1799551287-γ-4,P18-T12-Aγ,29,65,F4,10,10,R4,R,False,65,True,R2,False,0.0059797907301705625,False,0.31322479248046875,valid,False,4.783404213574184e-06,0.0009275389299713282,0.0004475390256858341,1.961786206449677e-05,5.00245146518816e-07,0.004341561427880664,0.8526810588846484,0.13542061106218353,0.0059797907301705625,0.000176998428035245
P18,13,C,alpha,1799551287-α-9,P18-T13-Cα,0,60,C4,7,7,L4,L,False,60,True,L4,True,0.7466025080530464,False,0.9327948093414307,valid,False,0.0003449116180879331,0.034393633545747176,0.1918492496692856,0.7466025080530464,0.022099012533301713,0.0035344314347038,0.0010571038224613926,9.981197885846904e-05,1.6498809136501416e-05,2.8385353711318886e-06
P18,13,C,alpha,1799551287-α-9,P18-T13-Cα,1,59,B3,6,6,L5,L,False,59,True,L5,True,0.9353998590376957,False,0.5623769760131836,valid,False,0.00026249209101469916,0.0019400030457302664,0.0048208843676079026,0.05720802713928998,0.9353998590376957,0.00025488965823948083,9.836936001196644e-05,1.2790841072291787e-05,2.290406639363402e-06,3.940526983686874e-07
P18,13,C,alpha,1799551287-α-9,P18-T13-Cα,2,60,C4,7,7,L4,L,False,60,True,L4,True,0.7966780390503816,False,0.6381418704986572,valid,False,0.00041496986788820114,0.020225022247311344,0.1446764655196391,0.7966780390503816,0.03269178083636275,0.003317925131440574,0.001751461585575342,0.00020198751934999334,3.764521709159546e-05,4.703024959514731e-06
P18,13,C,alpha,1799551287-α-9,P18-T13-Cα,3,65,F4,10,10,R4,R,False,65,True,R4,True,0.7337923512160757,False,0.5807428359985352,valid,False,1.9184267488563568e-05,6.462274640318725e-06,1.912796792532268e-07,9.911905856048515e-09,8.991878124580647e-10,0.0032520849206382724,0.03501787303080883,0.18833571498569454,0.7337923512160757,0.039576127213880846
P18,13,C,alpha,1799551287-α-9,P18-T13-Cα,4,64,E4,9,9,R5,R,False,64,True,R5,True,0.8941145037567017,False,0.7443702220916748,valid,False,0.00013171743150297967,2.4133215454240668e-05,1.2015220477566707e-06,1.2289672950601906e-07,1.0291768543565635e-08,0.003569012197173138,0.002248130176942021,0.008457375782069497,0.09145379272961068,0.8941145037567017
P18,13,C,alpha,1799551287-α-9,P18-T13-Cα,5,59,B3,6,6,L3,L,False,59,True,L3,True,0.783632370314213,False,0.5459258556365967,valid,False,0.0005400681168629205,0.17138971438825823,0.783632370314213,0.0439890172567384,0.0003478235371255072,9.365926792046162e-05,6.3706103029930105e-06,8.283622452070002e-07,1.2639988260114584e-07,2.174645058936375e-08
P18,13,C,alpha,1799551287-α-9,P18-T13-Cα,6,57,A3,5,5,L4,L,False,57,True,L4,True,0.8403467580454607,False,0.35267090797424316,valid,False,0.0001973053021973541,0.01254947116281576,0.11996321947496394,0.8403467580454607,0.02692324282894337,1.850133546167178e-05,1.3252086156719176e-06,1.468373001054246e-07,2.332032205923305e-08,6.483919391048224e-09
P18,13,C,alpha,1799551287-α-9,P18-T13-Cα,7,62,D4,8,8,R5,R,False,62,True,R5,True,0.8940965821442644,False,0.744006872177124,valid,False,0.0006762914611914708,0.0001519526686720593,5.278115293668047e-06,6.086992850951163e-07,6.480121550794637e-08,0.0018486533983415375,0.0019656319625510044,0.007607629664879547,0.09364730708430571,0.8940965821442644
P18,13,C,alpha,1799551287-α-9,P18-T13-Cα,8,64,E4,9,9,R4,R,False,64,True,R4,True,0.5685464436312213,False,0.5076789855957031,valid,False,6.088182938796033e-05,0.00045118379025052015,3.415258517979124e-05,3.3562970032764684e-06,1.1658184550425803e-07,0.003808846238886892,0.02907472544685718,0.33749368954024467,0.5685464436312213,0.06052660405912298
P18,13,C,alpha,1799551287-α-9,P18-T13-Cα,9,62,D4,8,8,R3,R,False,62,True,R3,True,0.6349518851094283,False,0.3980269432067871,valid,False,0.00011688749738929348,0.013944039037242192,0.0019223515928483694,0.00019662620770284528,4.577885286444054e-06,0.005225493402749024,0.27312248106600373,0.6349518851094283,0.07035467427824241,0.0001609839231074183
P18,13,C,alpha,1799551287-α-9,P18-T13-Cα,10,64,E4,9,9,R1,R,False,64,True,R1,True,0.8439867135243468,False,0.3603839874267578,valid,False,0.00011432779168668411,0.010042702792098155,0.0021732929942914437,0.00019746131522312252,4.228951821689318e-06,0.8439867135243468,0.12878402187408494,0.013710154356660061,0.0009783740207052797,8.722379081742254e-06
P18,13,C,alpha,1799551287-α-9,P18-T13-Cα,11,59,B3,6,6,L1,L,False,59,True,L1,True,0.5551489556962055,False,0.6432161331176758,valid,False,0.5551489556962055,0.43669563559263697,0.007580108860470249,0.0003259976664368567,9.650326465115725e-06,0.00021058236536376876,2.623230706882149e-05,2.577942874327731e-06,2.5334368974339995e-07,5.8987886976037836e-09
P18,13,C,alpha,1799551287-α-9,P18-T13-Cα,12,64,E4,9,9,R1,R,False,64,True,R1,True,0.9177619389683187,False,0.3742358684539795,valid,False,0.00020767145432225555,0.00678068766645162,0.000583878731794716,5.0891367413769234e-05,1.4472906773453464e-06,0.9177619389683187,0.06816546315610214,0.005941359808986177,0.0004975486348083359,9.112921124732157e-06
P18,13,C,alpha,1799551287-α-9,P18-T13-Cα,13,65,F4,10,10,R2,R,False,65,True,R2,True,0.7803241058952819,False,0.3495171070098877,valid,False,1.2388209817769459e-05,0.0014929645224095818,0.0007187610822091878,6.124277896047207e-05,1.1289359834447781e-06,0.12898670715699365,0.7803241058952819,0.0830721372446894,0.005257782467631165,7.278170602363462e-05
P18,13,C,alpha,1799551287-α-9,P18-T13-Cα,14,64,E4,9,9,R3,R,False,64,True,R3,True,0.6239785678186356,False,0.6543219089508057,valid,False,2.7111762565549475e-05,0.0055206469534908355,0.002780146291215602,0.0003131599045357125,5.594334859961166e-06,0.011885367515397285,0.1725183015759395,0.6239785678186356,0.18056954985892473,0.0024015539844351942
P18,13,C,alpha,1799551287-α-9,P18-T13-Cα,15,62,D4,8,8,R1,R,False,62,True,R1,True,0.8995734881991728,False,0.3896300792694092,valid,False,0.00010114634545384977,0.027534290027914448,0.05662584415755404,0.0063188930790865055,0.00010503626001212513,0.8995734881991728,0.009102433100081802,0.0005761090872795039,6.13317117910724e-05,1.4280316540913396e-06
P18,13,C,alpha,1799551287-α-9,P18-T13-Cα,16,57,A3,5,5,L2,L,False,57,True,L2,True,0.8557012707031718,False,0.5502550601959229,valid,False,0.003963060903393482,0.8557012707031718,0.12545176378887243,0.01446773984339014,0.0003953125079204282,2.0141306293184605e-05,6.568343727118159e-07,4.50346363500686e-08,8.735820663741271e-09,3.4212876407832606e-10
P18,13,C,alpha,1799551287-α-9,P18-T13-Cα,17,59,B3,6,6,L1,L,False,59,True,L1,True,0.9472011257027964,False,0.6147382259368896,valid,False,0.9472011257027964,0.051072244779605605,0.001251895093138868,0.00012880975688189024,7.398421980297898e-06,0.0003200043260939005,1.7137460355453413e-05,1.1749983361637792e-06,2.021524287376084e-07,7.3083827448226124e-09
P18,13,C,alpha,1799551287-α-9,P18-T13-Cα,18,64,E4,9,9,R2,R,False,64,True,R2,True,0.8044505302554521,False,0.35362672805786133,valid,False,0.00010847598119234938,0.0029935163080758295,0.00032961152110449603,3.3714052960475e-05,7.944424325498525e-07,0.07595639861710356,0.8044505302554521,0.10887054036196488,0.00717182011061423,8.45983490995233e-05
P18,13,C,alpha,1799551287-α-9,P18-T13-Cα,19,65,F4,10,10,R1,R,False,65,True,R1,True,0.9378089637784658,False,0.3325808048248291,valid,False,1.251611998704768e-05,0.001619836196889823,0.0010860362670954097,9.422900492714294e-05,2.5133992932076067e-06,0.9378089637784658,0.05492873264177034,0.003919784096440034,0.0005096844729818532,1.7704022149137256e-05
P18,13,C,alpha,1799551287-α-9,P18-T13-Cα,20,60,C4,7,7,L2,L,False,60,True,L2,True,0.8699136455533996,False,0.45144009590148926,valid,False,0.003484741786836461,0.8699136455533996,0.11773000961236364,0.007755435471832517,0.000180575546020415,0.0008661126403258242,6.382527218817892e-05,4.9339961002301265e-06,6.949948995090103e-07,2.512603367186964e-08
P18,13,C,alpha,1799551287-α-9,P18-T13-Cα,21,59,B3,6,6,L3,L,False,59,True,L3,True,0.810917294168812,False,0.40593814849853516,valid,False,0.00045756609665087954,0.10766666732343642,0.810917294168812,0.07958379772380958,0.0012945537858350985,7.42789294402775e-05,5.397421544816481e-06,3.700642454128733e-07,7.178507797553625e-08,2.701147348986644e-09
P18,13,C,alpha,1799551287-α-9,P18-T13-Cα,22,57,A3,5,5,L2,L,False,57,True,L2,True,0.8437791831630788,False,0.42226099967956543,valid,False,0.0037307133796412968,0.8437791831630788,0.13947576088137534,0.012652955560641874,0.00034572584587690575,1.4686960442475979e-05,8.919422488170527e-07,6.89513640352153e-08,1.2850739868583856e-08,4.6459063638392857e-10
P18,13,C,alpha,1799551287-α-9,P18-T13-Cα,23,59,B3,6,6,L1,L,False,59,True,L1,True,0.8349263660824182,False,0.5578460693359375,valid,False,0.8349263660824182,0.16195905180244818,0.002752145308148025,0.00020026318409173578,1.0969281941836563e-05,0.0001406473078959646,9.728880330327321e-06,6.942652517343098e-07,1.2939297539172522e-07,4.494498505861763e-09
P18,13,C,alpha,1799551287-α-9,P18-T13-Cα,24,60,C4,7,7,L2,L,False,60,True,L2,True,0.6760397830636241,False,0.9046039581298828,valid,False,0.001966493337720562,0.6760397830636241,0.30376425542600943,0.016383126365171863,0.0002769971463030737,0.0014739499480042675,8.683477750993075e-05,7.271824362262284e-06,1.2510800321505563e-06,3.703126230148464e-08
P18,13,C,alpha,1799551287-α-9,P18-T13-Cα,25,59,B3,6,6,L3,L,False,59,True,L2,False,0.07931909929937501,False,0.8170170783996582,valid,False,0.004823399395770876,0.9100312579435187,0.07931909929937501,0.005438367632641526,0.0001609726101615351,0.00021280431353438398,1.2951792911042907e-05,9.619760037942007e-07,1.7928729268162778e-07,5.7487906231204725e-09
P18,13,C,alpha,1799551287-α-9,P18-T13-Cα,26,60,C4,7,7,L4,L,False,60,True,L4,True,0.7888006860356672,False,0.5502610206604004,valid,False,0.0005889073978320177,0.021034241557675304,0.17716142042960503,0.7888006860356672,0.01091910135037495,0.0014158491769620204,7.357232617646903e-05,5.250214600169362e-06,9.401357041610078e-07,3.137540265430661e-08
P18,13,C,alpha,1799551287-α-9,P18-T13-Cα,27,64,E4,9,9,R2,R,False,64,True,R2,True,0.7928952287931674,False,0.42020606994628906,valid,False,6.824502227672369e-05,0.009877512109533205,0.003485112381755516,0.00031673067690260264,6.969830107256716e-06,0.04821600851814904,0.7928952287931674,0.13641355166366698,0.008633854913012697,8.678609142860131e-05
P18,13,C,alpha,1799551287-α-9,P18-T13-Cα,28,59,B3,6,6,L4,L,False,59,True,L4,True,0.8117409871478222,False,1.4098448753356934,valid,False,0.0006805286742283662,0.013217108175215441,0.1448832969373777,0.8117409871478222,0.02709045110194585,0.0004842746040687975,0.0016003409606867537,0.00027230876472478753,3.0172671181252173e-05,5.309627488177594e-07
P18,13,C,alpha,1799551287-α-9,P18-T13-Cα,29,57,A3,5,5,L4,L,False,57,True,L4,True,0.7866549138732102,False,0.7997210025787354,valid,False,0.0001951490574938443,0.0066613869931297035,0.1710483765566517,0.7866549138732102,0.03526484480855215,8.231441913702577e-05,8.272691050818067e-05,8.806983164617205e-06,1.4557845256974556e-06,2.4613626865969528e-08
P18,14,C,beta,1799551287-β-1,P18-T14-Cβ,0,64,E4,9,9,R2,R,False,64,True,R2,True,0.7734866918625989,False,0.601085901260376,valid,False,1.9228906386546814e-07,6.320725082015292e-08,7.289383851317311e-09,1.4139949877530756e-09,4.801863711253159e-10,0.03415498212296786,0.7734866918625989,0.16917073390969528,0.02289476918901425,0.0002925582358438717
P18,14,C,beta,1799551287-β-1,P18-T14-Cβ,1,60,C4,7,7,L3,L,False,60,True,L3,True,0.724147271843398,False,0.7744178771972656,valid,False,0.00205831936255986,0.12960997291208237,0.724147271843398,0.14047011841701634,0.00120321216638046,0.0019816781415057643,0.000442637019378724,7.615342572205357e-05,1.0306245439532467e-05,3.304665169303088e-07
P18,14,C,beta,1799551287-β-1,P18-T14-Cβ,2,57,A3,5,5,L5,L,False,57,True,L5,True,0.9252900765569315,False,0.4561941623687744,valid,False,0.00021245391150937398,0.0013570959229389425,0.005410531191702114,0.06767528101194875,0.9252900765569315,4.5449318249832166e-05,7.522229451301504e-06,1.401947811519811e-06,1.8229346665075162e-07,5.615989755694793e-09
P18,14,C,beta,1799551287-β-1,P18-T14-Cβ,3,60,C4,7,7,L4,L,False,60,True,L4,True,0.7299288491034313,False,1.0464329719543457,valid,False,0.0004461710244426033,0.030198825948537948,0.2092507697236824,0.7299288491034313,0.028586856876011143,0.001324032112734027,0.00022603782248378575,3.313871848090719e-05,5.056640557649225e-06,2.620296382290716e-07
P18,14,C,beta,1799551287-β-1,P18-T14-Cβ,4,64,E4,9,9,R2,R,False,64,True,R2,True,0.7350678472540354,False,0.42415308952331543,valid,False,0.00022552172738696588,0.02632023936094752,0.003461163647058391,0.0004126002786458125,1.4977258684260045e-05,0.03516188924413507,0.7350678472540354,0.18126549942393766,0.01781361057475568,0.00025665123041322994
P18,14,C,beta,1799551287-β-1,P18-T14-Cβ,5,69,A4,12,12,R3,R,False,69,True,R3,True,0.483831040234856,False,0.5786843299865723,valid,False,2.5897219560985053e-06,0.00018120871062034347,8.647606200615935e-05,6.611276630114737e-06,1.590053158738432e-07,0.043126326639985016,0.33755746259017955,0.483831040234856,0.13452307630236013,0.0006850494560907618
P18,14,C,beta,1799551287-β-1,P18-T14-Cβ,6,64,E4,9,9,R1,R,False,64,True,R1,True,0.8925359682041901,False,0.384735107421875,valid,False,0.0001337978592854238,0.021674637393301617,0.04890684097353436,0.005503362655665813,0.00015545815551830746,0.8925359682041901,0.028618884964264898,0.0022123754739391517,0.0002551424693136736,3.5318509866191526e-06
P18,14,C,beta,1799551287-β-1,P18-T14-Cβ,7,59,B3,6,6,L2,L,False,59,True,L3,True,0.46948968086717535,False,0.39315199851989746,valid,False,0.00246430033040673,0.46948968086717535,0.48916420127610805,0.037814711613803564,0.0009164005053429979,0.00013963224954105464,1.0385945542198183e-05,6.068057849739675e-07,7.890217397373623e-08,1.5041211603179574e-09
P18,14,C,beta,1799551287-β-1,P18-T14-Cβ,8,60,C4,7,7,L1,L,False,60,True,L1,True,0.763657813826411,False,0.6140022277832031,valid,False,0.763657813826411,0.23000931340604103,0.00513233363931338,0.00030062843895779757,8.898431988555911e-06,0.0008404064549486855,4.7745034889818944e-05,2.4740960083644305e-06,3.7752257156901303e-07,9.148869860426098e-09
P18,14,C,beta,1799551287-β-1,P18-T14-Cβ,9,57,A3,5,5,L3,L,False,57,True,L3,True,0.8125698948259371,False,0.5628721714019775,valid,False,0.00014625946361077839,0.04070461801357353,0.8125698948259371,0.1347957957339193,0.011778124743991139,4.944921304628737e-06,3.42308539578706e-07,1.7042538662908695e-08,2.817112693452209e-09,1.294724052876505e-10
P18,14,C,beta,1799551287-β-1,P18-T14-Cβ,10,62,D4,8,8,R2,R,False,62,True,R2,True,0.8010053365460738,False,0.5436298847198486,valid,False,0.0032612919785277674,0.0007017820518586175,2.342076186998921e-05,2.3955740485453514e-06,2.9913401655469e-07,0.03398324501241161,0.8010053365460738,0.14928654940087746,0.011540557953110675,0.00019512158720527345
P18,14,C,beta,1799551287-β-1,P18-T14-Cβ,11,59,B3,6,6,L5,L,False,59,True,L5,True,0.8653798594470683,False,0.6445679664611816,valid,False,0.00030061465821817484,0.0025781849752764623,0.007570854464170609,0.1240239237006982,0.8653798594470683,0.00012907094786506713,1.6296067701277907e-05,1.0314069421223043e-06,1.573824943768268e-07,6.9495653105088985e-09
P18,14,C,beta,1799551287-β-1,P18-T14-Cβ,12,60,C4,7,7,R3,R,False,60,True,R3,True,0.6440240185842139,False,0.5872771739959717,valid,False,0.00961165873341273,0.007012792781481056,0.0005872738879308913,6.50718016064701e-05,7.504413396430955e-06,0.004435070794428089,0.25665583432157624,0.6440240185842139,0.07730325175115586,0.0002975229307983945
P18,14,C,beta,1799551287-β-1,P18-T14-Cβ,13,65,F4,10,10,R4,R,False,65,True,R4,True,0.22801800758467056,True,0.9594178199768066,valid,False,0.0001610324166381199,0.00011876893531084,5.681298895937621e-06,6.819355585397343e-07,5.943808392452495e-08,0.013445083417686557,0.3517545038600768,0.3991848554507905,0.22801800758467056,0.007311325662288231
P18,14,C,beta,1799551287-β-1,P18-T14-Cβ,14,60,C4,7,7,R5,R,False,60,True,R5,True,0.8853934088636075,False,0.7689938545227051,valid,False,0.0011531980766038114,9.311053679046636e-05,5.021794575625306e-06,6.796259912483362e-07,6.678928302989252e-08,0.0024744844617066862,0.0034003359017589665,0.01285068301696238,0.09462901093272016,0.8853934088636075
P18,14,C,beta,1799551287-β-1,P18-T14-Cβ,15,64,E4,9,9,R4,R,False,64,True,R3,True,0.4121584973718694,False,0.537808895111084,valid,False,0.00025335382139498496,7.004677664836017e-05,1.5055574927884077e-06,2.037550497155236e-07,2.0840923624437205e-08,0.008858770433502253,0.14336268457120677,0.4121584973718694,0.4121584973718694,0.023136419500042815
P18,14,C,beta,1799551287-β-1,P18-T14-Cβ,16,60,C4,7,7,L1,L,False,60,True,L1,True,0.5757283122429762,False,0.7061030864715576,valid,False,0.5757283122429762,0.4180645595512984,0.003485790314719726,0.00026502590546074084,1.272274260496063e-05,0.0018840317912927533,0.00044737230644467814,9.032291091841847e-05,2.0560898649565816e-05,1.3013356345943696e-06
P18,14,C,beta,1799551287-β-1,P18-T14-Cβ,17,60,C4,7,7,R5,R,False,60,True,R5,True,0.904279558416996,False,0.7038180828094482,valid,False,0.001136662925384261,0.0001732774102373692,6.520126891294156e-06,9.5589599623704e-07,3.0650504325502686e-08,0.0032127862734915497,0.002255583056792339,0.009257516520652195,0.07967710872305436,0.904279558416996
P18,14,C,beta,1799551287-β-1,P18-T14-Cβ,18,67,G4,11,11,R4,R,False,67,True,R4,True,0.3043260833880345,True,0.510526180267334,valid,False,8.112368647276122e-06,2.4740464479842103e-06,6.76001584664305e-08,9.522051575593802e-09,3.177819978084407e-10,0.024770975982304485,0.23939137604229116,0.41909589884528203,0.3043260833880345,0.012405001887000349
P18,14,C,beta,1799551287-β-1,P18-T14-Cβ,19,62,D4,8,8,R5,R,False,62,True,R5,True,0.805410054495986,False,0.8306868076324463,valid,False,0.0013916235539962155,0.009888293000396092,0.00033000467174902176,2.876348817607637e-05,1.4320497523205603e-06,0.006535218028540159,0.002936105352598486,0.014775225897134803,0.1587032794616709,0.805410054495986
P18,14,C,beta,1799551287-β-1,P18-T14-Cβ,20,60,C4,7,7,R1,R,False,60,True,R1,True,0.9409122958763703,False,0.4917328357696533,valid,False,0.014253897850555641,0.026758439853849,0.0009294613372806574,0.00011611780209685073,8.624484656116988e-06,0.9409122958763703,0.015284663378971906,0.0016271824032656856,0.00010719024122209126,2.126771731759418e-06
P18,14,C,beta,1799551287-β-1,P18-T14-Cβ,21,57,A3,5,5,L3,L,False,57,True,L3,True,0.5997078724502273,False,0.5003540515899658,valid,False,0.0007248120878324431,0.36161038555743297,0.5997078724502273,0.03646827328053455,0.00148444585324955,4.1545243132918556e-06,4.9006513378403847e-08,5.882331608478299e-09,1.2360900537057065e-09,1.2147500170754755e-10
P18,14,C,beta,1799551287-β-1,P18-T14-Cβ,22,60,C4,7,7,L2,L,False,60,True,L2,True,0.9458052165528424,False,0.42940592765808105,valid,False,0.0029799238856790073,0.9458052165528424,0.04901060217808376,0.0016356440574073342,4.651579464340473e-05,0.0005127518088399543,8.329404163836551e-06,8.519664973111168e-07,1.5255835882314917e-07,1.1793484331279347e-08
P18,14,C,beta,1799551287-β-1,P18-T14-Cβ,23,64,E4,9,9,R1,R,False,64,True,R1,True,0.9331640298000248,False,0.34960103034973145,valid,False,0.00015214669699077624,0.042926985299864336,0.00846512024023345,0.0005694639161661465,1.127340186648588e-05,0.9331640298000248,0.013444646464032687,0.0011258980618448094,0.0001351433779011253,5.292741075442438e-06
P18,14,C,beta,1799551287-β-1,P18-T14-Cβ,24,60,C4,7,7,R3,R,False,60,True,L3,False,6.194853325712808e-07,False,0.38308095932006836,valid,False,0.0006025277639632692,0.1966112349551976,0.7753995668236648,0.026933704739258112,0.0002490547936053044,0.00019659263508061482,6.560939082757227e-06,6.194853325712808e-07,1.2507193159490254e-07,1.2792883305564558e-08
P18,14,C,beta,1799551287-β-1,P18-T14-Cβ,25,57,A3,5,5,L1,L,False,57,True,L1,True,0.9832448587830003,False,0.7470231056213379,valid,False,0.9832448587830003,0.015972335308473407,0.0005686290080549403,0.00011201283483618007,7.679953262130689e-06,8.076126842721415e-05,1.0576276866082678e-05,2.825296914295433e-06,3.1305182141528983e-07,8.218344094879304e-09
P18,14,C,beta,1799551287-β-1,P18-T14-Cβ,26,60,C4,7,7,L3,L,False,60,True,L3,True,0.7919357150867816,False,0.5896821022033691,valid,False,0.0006938359155885044,0.1633878215522822,0.7919357150867816,0.02439748908619413,0.000299536266292608,0.01762698459956003,0.0013695472636018728,0.00025524796889137523,3.318956434928206e-05,6.326964584791633e-07
P18,14,C,beta,1799551287-β-1,P18-T14-Cβ,27,64,E4,9,9,R5,R,False,64,True,R5,True,0.8869207110405413,False,0.6487858295440674,valid,False,5.155053532946225e-05,1.5769788041302784e-06,5.056532912314359e-08,8.030655421586982e-09,8.214092192028537e-10,0.00668517955617735,0.002772378615960728,0.009148291455433735,0.09442025240035948,0.8869207110405413
P18,14,C,beta,1799551287-β-1,P18-T14-Cβ,28,59,B3,6,6,L3,L,False,59,True,L3,True,0.8341502630776579,False,0.5828878879547119,valid,False,0.0008239986047701123,0.11730549309853253,0.8341502630776579,0.046824827185894584,0.0006478906442525152,0.0002384521918242678,7.34609468519062e-06,1.483150937799031e-06,2.3555021446930779e-07,1.0401230491616006e-08
P18,14,C,beta,1799551287-β-1,P18-T14-Cβ,29,60,C4,7,7,L4,L,False,60,True,L4,True,0.8933819358514385,False,0.5349009037017822,valid,False,0.0003660498287070104,0.01285024819100528,0.08564596460195383,0.8933819358514385,0.0062652230430616,0.0014262008907315387,5.156120085008849e-05,1.1277047531444998e-05,1.466339953028527e-06,7.300476749196169e-08
P18,15,C,beta,1799551287-β-6,P18-T15-Cβ,0,64,E4,9,9,R4,R,False,64,True,R4,True,0.6352823849543299,False,1.1017401218414307,valid,False,0.0003920324105950619,0.0005137952705258904,3.971881002899895e-05,4.062606975501287e-06,1.5286881858078793e-07,0.0009631703723308262,0.04763775520274494,0.29710024311392513,0.6352823849543299,0.01806668438972527
P18,15,C,beta,1799551287-β-6,P18-T15-Cβ,1,62,D4,8,8,R2,R,False,62,True,R2,True,0.7887987681990118,False,0.49330878257751465,valid,False,0.0003330434479069975,0.0022744782585826023,0.00020815157091700227,1.546016198294044e-05,3.8995127664424325e-07,0.01764603728380455,0.7887987681990118,0.179560328192822,0.010919074802410193,0.00024426813128512493
P18,15,C,beta,1799551287-β-6,P18-T15-Cβ,2,60,C4,7,7,L2,L,False,60,True,L2,True,0.9497835128526595,False,0.5157358646392822,valid,False,0.006174097713783996,0.9497835128526595,0.035738697932841824,0.001516240745053354,3.1311622559486424e-05,0.006197691252297381,0.00047532052046537224,7.548918163611236e-05,7.418592553719683e-06,2.195861493308322e-07
P18,15,C,beta,1799551287-β-6,P18-T15-Cβ,3,59,B3,6,6,L3,L,False,59,True,L3,True,0.8263708432233674,False,0.7402710914611816,valid,False,0.0006683412620974552,0.14133662143111025,0.8263708432233674,0.029875646061503877,0.0003003050869750461,0.0013538253640415483,7.707653694612055e-05,1.556148442850813e-05,1.7242616234849803e-06,5.528790637995226e-08
P18,15,C,beta,1799551287-β-6,P18-T15-Cβ,4,57,A3,5,5,L4,L,False,57,True,L4,True,0.8234927671573193,False,0.4053032398223877,valid,False,0.0003622951444710946,0.010832310418787855,0.15564909967183546,0.8234927671573193,0.00933298376007421,0.00030309258586881866,2.3134153810075725e-05,3.824049904752701e-06,4.777393660587239e-07,1.531856244140465e-08
P18,15,C,beta,1799551287-β-6,P18-T15-Cβ,5,60,C4,7,7,R4,R,False,60,True,R4,True,0.7537750480898623,False,1.0336742401123047,valid,False,0.0017580663897920278,0.00032145232961456693,2.1175593273154724e-05,2.254321989203418e-06,9.954447574947246e-08,0.0007871224566210988,0.03271684961602642,0.18739607392560942,0.7537750480898623,0.023221857732736096
P18,15,C,beta,1799551287-β-6,P18-T15-Cβ,6,59,B3,6,6,L2,L,False,59,True,L2,True,0.9674859606016931,False,0.5476527214050293,valid,False,0.007178935974856991,0.9674859606016931,0.017720123484300715,0.0007824704771140214,2.3160684158125987e-05,0.0044634759322130565,0.0018864578435543282,0.00041259075461957327,4.5716358722947364e-05,1.1078887673139884e-06
P18,15,C,beta,1799551287-β-6,P18-T15-Cβ,7,64,E4,9,9,R2,R,False,64,True,R2,True,0.6160333460977137,False,0.47884392738342285,valid,False,0.0001376711922896351,0.0012501969455504733,3.851533117346336e-05,3.225398067217478e-06,7.509933120278638e-08,0.017331590387817616,0.6160333460977137,0.33808626856036383,0.026135671238502658,0.0009834397491903068
P18,15,C,beta,1799551287-β-6,P18-T15-Cβ,8,57,A3,5,5,L1,L,False,57,True,L1,True,0.9570432654903906,False,0.7116851806640625,valid,False,0.9570432654903906,0.04151069956031356,0.0006195638602790204,8.155418986772157e-05,4.102530091660296e-06,0.0006312990882996145,9.290745395329014e-05,1.4755322703008797e-05,1.771105413254217e-06,8.139868824026191e-08
P18,15,C,beta,1799551287-β-6,P18-T15-Cβ,9,59,B3,6,6,L3,L,False,59,True,L3,True,0.8401181577058048,False,0.49422216415405273,valid,False,0.001013634661512081,0.11530627994361109,0.8401181577058048,0.04018695923592669,0.0003582739169071484,0.0024545114856554685,0.00045545541245053397,9.570761097947904e-05,1.0604705575839868e-05,4.153215767278358e-07
P18,15,C,beta,1799551287-β-6,P18-T15-Cβ,10,57,A3,5,5,L2,L,False,57,True,L2,True,0.8678354675025617,False,0.6336462497711182,valid,False,0.0037637429949765222,0.8678354675025617,0.11284352709393418,0.01467289835899899,0.00035558254703507556,0.00043098664016849586,7.7770129829316e-05,1.8425902552877468e-05,1.5430445142254365e-06,5.578542871179658e-08
P18,15,C,beta,1799551287-β-6,P18-T15-Cβ,11,62,D4,8,7,R4,R,False,60,False,R3,True,0.41868525096806397,False,0.7014420032501221,valid,False,0.001944286154402961,0.00064218390921046,5.5973296321967365e-05,7.884310133658066e-06,4.956602137086141e-07,0.0034551772452055666,0.07127153609506605,0.4913316935349574,0.41868525096806397,0.012605518826424042
P18,15,C,beta,1799551287-β-6,P18-T15-Cβ,12,60,C4,7,7,R5,R,False,60,True,R5,True,0.7604892463130347,False,0.7679281234741211,valid,False,0.0013577689599087257,0.000413034733943872,2.720856166812723e-05,5.070967820402355e-06,3.205262821213984e-07,0.0017432939738311836,0.006066311229276557,0.01816785472260505,0.21172989001162912,0.7604892463130347
P18,15,C,beta,1799551287-β-6,P18-T15-Cβ,13,62,D4,8,8,R4,R,False,62,True,R4,True,0.7823047471722993,False,0.6840407848358154,valid,False,0.00042787650878043217,7.904360370860772e-05,3.7810420486244555e-06,6.004953661645745e-07,6.134615381232161e-08,0.005271127923579909,0.020519288621920827,0.10811047993338992,0.7823047471722993,0.08328299335275248
P18,15,C,beta,1799551287-β-6,P18-T15-Cβ,14,64,E4,9,9,R2,R,False,64,True,R2,True,0.7839827689247315,False,0.3756847381591797,valid,False,9.012717693895291e-05,1.3093845631289168e-05,4.369844450718495e-07,8.82256378778332e-08,9.775679325395482e-09,0.03902179697815316,0.7839827689247315,0.16474305895094005,0.011756273837341631,0.00039234530050112106
P18,15,C,beta,1799551287-β-6,P18-T15-Cβ,15,60,C4,7,7,L3,L,False,60,True,L3,True,0.8225367444103184,False,0.6431517601013184,valid,False,0.001174752414151676,0.10363467509359725,0.8225367444103184,0.05869726633789695,0.000350776207509534,0.011848537955059307,0.001540940825748068,0.00018496163675432947,3.0573952919135635e-05,7.711660450927786e-07
P18,15,C,beta,1799551287-β-6,P18-T15-Cβ,16,59,B3,6,6,L2,L,False,59,True,L2,True,0.8295578115686187,False,0.4648468494415283,valid,False,0.005159774111421241,0.8295578115686187,0.15460798769659512,0.008678882721611034,0.00018654044533909645,0.0015538961379810597,0.00022784101444559904,2.3304537419831384e-05,3.8522141260164925e-06,1.0955244229128844e-07
P18,15,C,beta,1799551287-β-6,P18-T15-Cβ,17,57,A3,5,5,L1,L,False,57,True,L1,True,0.6699332973107232,False,0.7727670669555664,valid,False,0.6699332973107232,0.3260915438086969,0.0033047242911695817,0.00021592549770599187,1.669206455525201e-05,0.00038216765923429756,4.915278116091623e-05,5.446283394922136e-06,1.015045490949055e-06,3.5257867968804665e-08
P18,15,C,beta,1799551287-β-6,P18-T15-Cβ,18,59,B3,6,6,L2,L,False,59,True,L2,True,0.9300164534897756,False,0.4199671745300293,valid,False,0.042565719966974655,0.9300164534897756,0.023457781602719868,0.001964430296649034,3.744815926292512e-05,0.001694463009040827,0.0002265481617318869,3.1911216324119127e-05,5.068057240537752e-06,1.7604028059683576e-07
P18,15,C,beta,1799551287-β-6,P18-T15-Cβ,19,62,D4,8,8,R3,R,False,62,True,R3,True,0.4956992987805808,False,0.46141600608825684,valid,False,0.0003283768694185967,0.03977004399383914,0.0015620038097282646,0.0001256782122720077,3.433996589792251e-06,0.00686179788952442,0.33227717677843305,0.4956992987805808,0.1222379421072745,0.0011342475623396155
P18,15,C,beta,1799551287-β-6,P18-T15-Cβ,20,57,A3,5,5,L2,L,False,57,True,L2,True,0.8135898782109648,False,0.7863559722900391,valid,False,0.0032025518300628866,0.8135898782109648,0.16426096348648953,0.01820063354994305,0.00045907412201540545,0.0002635093322919567,2.0271413322956904e-05,2.635865742067832e-06,4.534871626499043e-07,2.8702004452508465e-08
P18,15,C,beta,1799551287-β-6,P18-T15-Cβ,21,60,C4,7,7,R3,R,False,60,True,R3,True,0.5341190192513453,False,0.7094736099243164,valid,False,0.00014364253442163437,0.03685144024599728,0.006724661279056278,0.0008321993391565044,2.2624072909210372e-05,0.0029460487116295554,0.26932773557310885,0.5341190192513453,0.1485050102333517,0.0005276187590236551
P18,15,C,beta,1799551287-β-6,P18-T15-Cβ,22,62,D4,8,8,R4,R,False,62,True,R4,True,0.7036510540554791,False,0.6366291046142578,valid,False,0.00012888532974175384,0.009419376735472457,0.0013509242472369942,0.00018266363233163246,5.287755477819807e-06,0.004040153035880592,0.03233088101673092,0.21523170377842862,0.7036510540554791,0.03365907041322005
P18,15,C,beta,1799551287-β-6,P18-T15-Cβ,23,64,E4,9,9,R2,R,False,64,True,R2,True,0.7560377774798522,False,0.3646059036254883,valid,False,6.352503092198711e-05,0.0016069344068526065,0.0001824063315210912,2.6746345801500567e-05,8.831538442461898e-07,0.05615363099864096,0.7560377774798522,0.17210269199634898,0.013304353934370917,0.0005210503218454985
P18,15,C,beta,1799551287-β-6,P18-T15-Cβ,24,67,G4,11,11,R4,R,False,67,True,R4,True,0.404979859045436,False,0.8951311111450195,valid,False,3.388192883213096e-06,2.1481741658317412e-05,2.030698702694086e-06,3.355232413449788e-07,1.1222522135527335e-08,0.006516475960674795,0.1748340669267401,0.37384352784219765,0.404979859045436,0.03979882284594393
P18,15,C,beta,1799551287-β-6,P18-T15-Cβ,25,60,C4,7,7,R3,R,False,60,True,R3,True,0.6220392132540483,False,0.5319299697875977,valid,False,0.00018749904848750556,0.03955312554120538,0.00565400916379675,0.0009399599997316724,2.9668326968132217e-05,0.00370514700462073,0.22883543815862292,0.6220392132540483,0.09879066678658188,0.00026527271593671566
P18,15,C,beta,1799551287-β-6,P18-T15-Cβ,26,60,C4,7,7,L3,L,False,60,True,L3,True,0.7672705452658112,False,0.6574220657348633,valid,False,0.0008809630974134567,0.1746596932892968,0.7672705452658112,0.03127563847271726,0.00017957532358743532,0.021938362591284465,0.0031990038707038274,0.0005287917832438948,6.606206968952663e-05,1.3642362523005256e-06
P18,15,C,beta,1799551287-β-6,P18-T15-Cβ,27,59,B3,6,6,L2,L,False,59,True,L2,True,0.8569491223253483,False,0.4749329090118408,valid,False,0.0018839649080002255,0.8569491223253483,0.12563470752438913,0.010521055654424473,0.00016420798550579284,0.004242769129505692,0.0005238125171689327,7.089031537394055e-05,9.217776321838557e-06,2.5186396179914213e-07
P18,15,C,beta,1799551287-β-6,P18-T15-Cβ,28,62,D4,8,8,R2,R,False,62,True,R2,True,0.7674828587186182,False,0.4835197925567627,valid,False,0.0005403523420446252,0.028836820408371287,0.0030744196301876496,0.0002902873876814111,3.424212178149212e-06,0.027746678665368788,0.7674828587186182,0.161275832645062,0.01062400587040712,0.00012532012008080207
P18,15,C,beta,1799551287-β-6,P18-T15-Cβ,29,60,C4,7,7,R1,R,False,60,True,R1,True,0.6956216847710732,False,0.5304780006408691,valid,False,0.0013784962535873687,0.25747692125061333,0.03463296437786613,0.002900276148822128,3.5607676091851564e-05,0.6956216847710732,0.007277635068400828,0.0006094526353107667,6.488141604517847e-05,2.080402189114662e-06
P18,16,B,alpha,1799551287-α-7,P18-T16-Bα,0,60,C4,7,7,L3,L,False,60,True,R3,False,0.0002220325815237395,False,1.1340041160583496,valid,False,1.7372016817533937e-05,0.0003293554867150692,0.0002220325815237395,6.690013801667567e-05,1.3938370484394054e-05,0.000832971993793112,0.3194519533646221,0.5789694030460414,0.09960871210476904,0.0004873608972169153
P18,16,B,alpha,1799551287-α-7,P18-T16-Bα,1,59,B3,6,6,L4,L,False,59,True,L4,True,0.8378583252822586,False,1.9707162380218506,valid,False,0.0003491165965662275,0.020914578400334706,0.11730998324998439,0.8378583252822586,0.01662402641428471,0.0015543272644249198,0.004622099426890313,0.0007052866403680252,6.147338409923729e-05,7.833407887758909e-07
P18,16,B,alpha,1799551287-α-7,P18-T16-Bα,2,64,E4,9,9,R1,R,False,64,True,R1,True,0.8807992678540787,False,1.2343008518218994,valid,False,0.00035927434831712853,0.0005832319908364109,5.50688947499977e-05,3.7756971198497997e-06,9.912089950055425e-08,0.8807992678540787,0.11003843943736608,0.00696452741952613,0.0011512286394364246,4.508659766983769e-05
P18,16,B,alpha,1799551287-α-7,P18-T16-Bα,3,65,F4,10,10,R2,R,False,65,True,R2,True,0.845980839009262,False,0.898827075958252,valid,False,5.5009457795723084e-05,7.28390337508299e-05,7.450282785129887e-06,5.316616381009572e-07,1.4526975035343464e-08,0.002580770209184748,0.845980839009262,0.12908830569272067,0.02133815341341502,0.0008760867124727312
P18,16,B,alpha,1799551287-α-7,P18-T16-Bα,4,64,E4,9,9,R3,R,False,64,True,R3,True,0.5247930685707254,False,0.6895999908447266,valid,False,0.0001477293142862112,0.0003338725418011806,3.1524319915984246e-05,2.2496154911063043e-06,5.905767966306272e-08,0.0008885019615956879,0.4471991538750627,0.5247930685707254,0.026127908383911817,0.0004759323595301765
P18,16,B,alpha,1799551287-α-7,P18-T16-Bα,5,62,D4,8,8,R2,R,False,62,True,R2,True,0.9088345372397021,False,0.7030811309814453,valid,False,0.0007664170473683562,0.0037892308265944303,0.00035778002038935555,2.5531636476894088e-05,6.7026530279833e-07,0.004997477495131367,0.9088345372397021,0.0761087356780434,0.005013644272495121,0.00010597551849589497
P18,16,B,alpha,1799551287-α-7,P18-T16-Bα,6,64,E4,9,9,R4,R,False,64,True,R4,True,0.718957349730301,False,0.9007549285888672,valid,False,0.0001443072470860196,0.00042223300916350177,4.3187768391403035e-05,3.081933981717685e-06,8.090799096759491e-08,0.00024307283289563914,0.03864881885705036,0.19989696065999588,0.718957349730301,0.04164090705314345
P18,16,B,alpha,1799551287-α-7,P18-T16-Bα,7,60,C4,7,7,L3,L,False,60,True,L3,True,0.7814705147159328,False,1.0938291549682617,valid,False,0.0006772306328164295,0.17091689087104014,0.7814705147159328,0.02407508335682929,0.00022339303280026016,0.01118764700122532,0.010817632265759863,0.0005605579903844169,6.728468846095112e-05,3.7654447508045156e-06
P18,16,B,alpha,1799551287-α-7,P18-T16-Bα,8,59,B3,6,6,L2,L,False,59,True,L2,True,0.9164751404959249,False,0.7075610160827637,valid,False,0.003384646182520388,0.9164751404959249,0.06540082954265647,0.006689471968308706,0.00013814311617550964,0.006455236711569939,0.001350581097624382,9.637918176533323e-05,9.10014385375976e-06,4.715596006178667e-07
P18,16,B,alpha,1799551287-α-7,P18-T16-Bα,9,62,D4,8,8,R5,R,False,62,True,R5,True,0.8157708205424996,False,0.9789650440216064,valid,False,0.0010867593375969297,0.0003342498400073045,4.346207580746992e-05,6.121999368190959e-06,4.925736616855307e-07,5.900315241999356e-05,0.002436043414407421,0.01792845864644173,0.16233458841778947,0.8157708205424996
P18,16,B,alpha,1799551287-α-7,P18-T16-Bα,10,64,E4,9,9,R4,R,False,64,True,R4,True,0.8146345365555161,False,0.807811975479126,valid,False,0.0002017346978310454,2.3819268887777654e-05,2.639250222647437e-06,4.027234705926521e-07,2.9911713191811294e-08,4.067720102976949e-05,0.003406413838027647,0.03313169515352443,0.8146345365555161,0.14855805139977651
P18,16,B,alpha,1799551287-α-7,P18-T16-Bα,11,60,C4,7,7,L2,L,False,60,True,L2,True,0.8989038715305934,False,0.7920200824737549,valid,False,0.013141311633517583,0.8989038715305934,0.029999361572972765,0.0007566731420279744,7.916359012804621e-06,0.009035634066840735,0.04475378850803124,0.003193687165391111,0.00019420831653278834,1.3547705079584122e-05
P18,16,B,alpha,1799551287-α-7,P18-T16-Bα,12,59,B3,6,6,L3,L,False,59,True,L3,True,0.838595998960149,False,0.6141109466552734,valid,False,0.0009721249471142692,0.13691048829197958,0.838595998960149,0.01362258481606952,0.0002813176175597037,0.004293210235289345,0.00501146888944623,0.0002927984073262734,1.9288023179060168e-05,7.198118872720077e-07
P18,16,B,alpha,1799551287-α-7,P18-T16-Bα,13,62,D4,8,8,R1,R,False,62,True,R1,True,0.9055503081895088,False,0.8018271923065186,valid,False,0.000974165270977457,0.08175859673746043,0.007756590229735321,0.00037103563649116785,8.300353574451107e-06,0.9055503081895088,0.0032173010802105232,0.0003037782860831821,5.661636701176002e-05,3.307848947152675e-06
P18,16,B,alpha,1799551287-α-7,P18-T16-Bα,14,64,E4,9,9,R2,R,False,64,True,R2,True,0.9011176546501699,False,0.5260388851165771,valid,False,0.00025041180853102205,0.01062761343434961,0.000728793997931997,3.9306547590840666e-05,9.914280607434337e-07,0.007350810733488967,0.9011176546501699,0.07250357212821365,0.0071251860021640055,0.0002556592694990626
P18,16,B,alpha,1799551287-α-7,P18-T16-Bα,15,62,D4,8,8,R1,R,False,62,True,R1,True,0.8998832067522131,False,0.7071609497070312,valid,False,0.0009161115680065519,0.08236024625805508,0.007115425155910985,0.0003687136268028812,8.935394176209178e-06,0.8998832067522131,0.008350028772190139,0.0008540760690153814,0.00013564216298053955,7.614240649221507e-06
P18,16,B,alpha,1799551287-α-7,P18-T16-Bα,16,64,E4,9,9,R2,R,False,64,True,R2,True,0.9119408939362357,False,0.5893189907073975,valid,False,0.0002270535940596332,0.008977780945894192,0.0007989756403870619,4.140205253224275e-05,1.0033360098119845e-06,0.02883005048408768,0.9119408939362357,0.045402863633854325,0.003653096553282568,0.00012687982365673804
P18,16,B,alpha,1799551287-α-7,P18-T16-Bα,17,65,F4,10,10,R1,R,False,65,True,R1,True,0.9704679690173429,False,0.6445307731628418,valid,False,8.688873297420382e-05,0.002239334904793564,0.00019354957407510622,9.25842248753186e-06,2.243683128646709e-07,0.9704679690173429,0.024478089160918502,0.0020498741426686847,0.0004307524987964335,4.40591776301287e-05
P18,16,B,alpha,1799551287-α-7,P18-T16-Bα,18,64,E4,9,9,R2,R,False,64,True,R2,True,0.8739138017866629,False,0.509329080581665,valid,False,0.00022413366737099647,0.009303432056868679,0.0007656590948693793,3.9675625219580605e-05,1.0007372964853882e-06,0.042369660664729525,0.8739138017866629,0.06755767961693528,0.005657498004646309,0.0001674587454010067
P18,16,B,alpha,1799551287-α-7,P18-T16-Bα,19,62,D4,8,8,R1,R,False,62,True,R1,True,0.9323022699260307,False,0.7020690441131592,valid,False,0.0007132974013671589,0.060556443926016584,0.00535299965016899,0.0002887070092511295,7.282049629094953e-06,0.9323022699260307,0.0006687513821945494,9.050565772417557e-05,1.8272777153327142e-05,1.4702204639785432e-06
P18,16,B,alpha,1799551287-α-7,P18-T16-Bα,20,57,A3,5,5,L3,L,False,57,True,L3,True,0.8061920445307196,False,0.7216739654541016,valid,False,0.0015432455114442831,0.10941236897466566,0.8061920445307196,0.07922738290174493,0.001998350285191623,0.0016226642718313031,3.3203734507093465e-06,5.273331651554129e-07,9.072496258854125e-08,5.092824258043422e-09
P18,16,B,alpha,1799551287-α-7,P18-T16-Bα,21,59,B3,6,6,L2,L,False,59,True,L2,True,0.7861926721595237,False,0.7583310604095459,valid,False,0.0030258798005819384,0.7861926721595237,0.1862708677070641,0.012270547666995838,0.0003094997150190922,0.01189718969738439,2.8077180690188474e-05,4.459145569554669e-06,7.671730922811922e-07,3.975407892606302e-08
P18,16,B,alpha,1799551287-α-7,P18-T16-Bα,22,64,E4,9,9,R5,R,False,64,True,R5,True,0.8575667173076702,False,0.8940682411193848,valid,False,8.937618981097883e-05,0.002774088539342455,0.0006663761223717798,3.187602817522653e-05,8.709717465819658e-07,7.312703842334367e-05,0.004306336072705245,0.01843219714862849,0.11605903458112572,0.8575667173076702
P18,16,B,alpha,1799551287-α-7,P18-T16-Bα,23,65,F4,10,10,R4,R,False,65,True,R4,True,0.8468405674288564,False,0.9971268177032471,valid,False,4.6958663927982375e-05,0.0005585445342686688,8.220924158936526e-05,4.614796279393027e-06,1.2609341268893324e-07,5.4020912713207585e-05,0.012677116386746883,0.08322205899646581,0.8468405674288564,0.056513782945739804
P18,16,B,alpha,1799551287-α-7,P18-T16-Bα,24,60,C4,7,7,L2,L,False,60,True,L2,True,0.8148757224252671,False,1.266916036605835,valid,False,0.0032070959829169202,0.8148757224252671,0.04394925240193606,0.0016537337558634557,3.281188813205018e-05,0.005068452852785636,0.11478210750771889,0.013777483288128603,0.0025677643402250523,8.557555702629542e-05
P18,16,B,alpha,1799551287-α-7,P18-T16-Bα,25,59,B3,6,6,L1,L,False,59,True,L1,True,0.503108893103026,False,1.4855210781097412,valid,False,0.503108893103026,0.46520139395494975,0.009215285404880064,0.00045953986532556307,8.760260974253019e-06,0.005452501574549436,0.014331650556578904,0.0018635260466320284,0.0003473127587638141,1.1136474320112914e-05
P18,16,B,alpha,1799551287-α-7,P18-T16-Bα,26,60,C4,7,7,L2,L,False,60,True,L2,True,0.8513572211050026,False,0.7593429088592529,valid,False,0.005038305964430386,0.8513572211050026,0.003549588945478204,0.0003778839302967391,9.157627016214561e-06,0.006214167754203732,0.11521867065378102,0.014981735214237067,0.003148202977689926,0.00010506582786434829
P18,16,B,alpha,1799551287-α-7,P18-T16-Bα,27,59,B3,6,6,L2,L,False,59,True,L2,True,0.9395800231530091,False,0.7070610523223877,valid,False,0.0056149517300525965,0.9395800231530091,0.030127337782745376,0.002960721508624144,8.41994400112779e-05,0.0058156551508109335,0.013537085477530608,0.0018320452972998412,0.00043406238609337296,1.391807382274442e-05
P18,16,B,alpha,1799551287-α-7,P18-T16-Bα,28,64,E4,9,9,R4,R,False,64,True,R4,True,0.6837185682398487,False,0.9737389087677002,valid,False,0.00038782109613171245,0.004085917817542018,5.8868236219645853e-05,6.5227865003566925e-06,2.176867147699744e-07,0.0002669444830495633,0.03818912219512344,0.2059320753307404,0.6837185682398487,0.06735394212812938
P18,16,B,alpha,1799551287-α-7,P18-T16-Bα,29,59,B3,6,6,L2,L,False,59,True,L2,True,0.8167417467964101,False,0.7547919750213623,valid,False,0.005080059354595677,0.8167417467964101,0.02144138526803618,0.002573644391263941,8.589092905153055e-05,0.0017955707635103411,0.11351097452877955,0.033292193680562396,0.005287380509800011,0.0001911537779904241
P18,17,B,alpha,1799551287-α-5,P18-T17-Bα,0,60,C4,7,7,R5,R,False,60,True,R5,True,0.836314047689995,False,0.8985021114349365,valid,False,3.0503136216096947e-06,5.276989700268624e-07,2.987226529439248e-07,2.3361058271979121e-07,2.2151324837158206e-07,0.00012313044692647523,0.0030815672996086117,0.016593386256265,0.14388353644812937,0.836314047689995
P18,17,B,alpha,1799551287-α-5,P18-T17-Bα,1,62,D4,8,8,R4,R,False,62,True,R4,True,0.6122116888196242,False,0.9808399677276611,valid,False,4.004276584021489e-07,9.45238084935814e-08,5.487360352398205e-08,3.8549054827179925e-08,2.6532862282841873e-08,0.0005274026355671902,0.025020567549864602,0.3359888985769849,0.6122116888196242,0.026250827510971353
P18,17,B,alpha,1799551287-α-5,P18-T17-Bα,2,59,B3,6,6,L1,L,False,59,True,L1,True,0.8932938837771089,False,0.858025074005127,valid,False,0.8932938837771089,0.0843450078861264,0.0016078785252601115,9.025787968157314e-05,1.741105280446137e-05,0.011094693328419794,0.008627162222048191,0.0007519508049743586,0.00016440460341289806,7.349920163344877e-06
P18,17,B,alpha,1799551287-α-5,P18-T17-Bα,3,57,A3,5,5,L2,L,False,57,True,L2,True,0.9446211682548046,False,0.6613161563873291,valid,False,0.006766325623157928,0.9446211682548046,0.04341408670794253,0.002161460103056708,0.00023795185053626365,0.0020851433315250637,0.0006510192723198322,5.032687587027052e-05,1.1893432337457802e-05,6.245484495492094e-07
P18,17,B,alpha,1799551287-α-5,P18-T17-Bα,4,59,B3,6,6,L3,L,False,59,True,L3,True,0.8141958246317578,False,1.023082971572876,valid,False,0.0008770017899211593,0.1490381160619635,0.8141958246317578,0.02610086244341161,0.0003526721397349133,0.004712738828628956,0.004315446985241614,0.0003336045090909235,7.010234087522648e-05,3.630269374284128e-06
P18,17,B,alpha,1799551287-α-5,P18-T17-Bα,5,57,A3,5,5,L4,L,False,57,True,L4,True,0.746065885114113,False,1.0172207355499268,valid,False,0.0005177939512909957,0.00985670326345703,0.19634475232884818,0.746065885114113,0.04468125404974923,0.00122178712662982,0.0011910245631730596,9.974023867964822e-05,2.0124173013599547e-05,9.351910454582369e-07
P18,17,B,alpha,1799551287-α-5,P18-T17-Bα,6,59,B3,6,6,L3,L,False,59,True,L3,True,0.764979460471105,False,0.6857399940490723,valid,False,0.0011056847739818899,0.19866070895080265,0.764979460471105,0.024746316827518655,0.000817779793480278,0.0035275059183848714,0.0055836851770843295,0.0004675958074203734,0.00010643313286740665,4.829147354669934e-06
P18,17,B,alpha,1799551287-α-5,P18-T17-Bα,7,57,A3,5,5,L2,L,False,57,True,L2,True,0.9066975513284355,False,1.2923767566680908,valid,False,0.0038672738059416308,0.9066975513284355,0.04310181146732037,0.002164934520592093,0.00010392956865991426,0.004682337764570005,0.035045874287491084,0.0039345988556096665,0.00038666713745557973,1.5021263924212423e-05
P18,17,B,alpha,1799551287-α-5,P18-T17-Bα,8,60,C4,7,7,R3,R,False,60,True,R3,True,0.5924320759233364,False,0.7962887287139893,valid,False,0.0008765070706301104,0.00046035204206837247,1.309187103119933e-05,1.2334516486252114e-06,2.782296283750235e-07,0.00282855312187054,0.3555671221879912,0.5924320759233364,0.047158365536383036,0.000662420565412201
P18,17,B,alpha,1799551287-α-5,P18-T17-Bα,9,62,D4,8,8,R2,R,False,62,True,R2,True,0.9247582278227772,False,0.5687329769134521,valid,False,0.00028327094660132886,8.62532388424855e-05,2.264349694247566e-06,2.505654571847508e-07,5.592951578734457e-08,0.012053970182229388,0.9247582278227772,0.05852958354403109,0.004176745388308618,0.00010937803254276362
P18,17,B,alpha,1799551287-α-5,P18-T17-Bα,10,64,E4,9,9,R1,R,False,64,True,R1,True,0.9433725890841729,False,0.8933181762695312,valid,False,0.00015187909543066183,2.6501904383956002e-05,1.1702490553249428e-06,1.0195640684348898e-07,2.148320281896414e-08,0.9433725890841729,0.05087956222739303,0.004260818657640745,0.0011382150787305903,0.0001691402635832174
P18,17,B,alpha,1799551287-α-5,P18-T17-Bα,11,59,B3,6,6,L1,L,False,59,True,L1,True,0.9759683773221235,False,0.8438060283660889,valid,False,0.9759683773221235,0.019364281041957584,0.00017968143270134896,2.244763951552483e-05,5.26723536767787e-06,0.00432264685335554,0.0001253594818302562,9.690882204994518e-06,1.8061282478743934e-06,4.419826956959502e-07
P18,17,B,alpha,1799551287-α-5,P18-T17-Bα,12,62,D4,8,8,R2,R,False,62,True,R2,True,0.905965760177425,False,0.6281239986419678,valid,False,0.007105784031129426,0.00022969602216272038,2.047781049446979e-06,3.2522331550369815e-07,5.663965301346979e-08,0.04221597270520884,0.905965760177425,0.041637512887240706,0.002742860936373171,9.998359644187882e-05
P18,17,B,alpha,1799551287-α-5,P18-T17-Bα,13,60,C4,7,7,R3,R,False,60,True,R3,True,0.6240257397946256,False,0.9030177593231201,valid,False,0.025202796178448762,0.0009961988598821403,9.620987365639586e-06,1.4105037303708997e-06,2.3521867424558936e-07,0.0023075621413379656,0.2586001368071919,0.6240257397946256,0.08789928032155787,0.000957019187185485
P18,17,B,alpha,1799551287-α-5,P18-T17-Bα,14,57,A3,5,5,L3,L,False,57,True,L3,True,0.7794341412577481,False,1.0660068988800049,valid,False,0.0016916059934584593,0.19687051308251144,0.7794341412577481,0.018148142184376208,0.0007770248340150089,0.002278928920131111,0.0007107519367504117,7.875355940409145e-05,9.83869888774681e-06,2.9953271734297205e-07
P18,17,B,alpha,1799551287-α-5,P18-T17-Bα,15,55,G3,4,4,L4,L,False,55,True,L4,True,0.6941801875263328,False,0.8910272121429443,valid,False,0.0006136233016466748,0.020727006530056394,0.2553746194594744,0.6941801875263328,0.028506172425657842,0.0004679536160946929,0.00011335073281474883,1.5340353530561642e-05,1.6997596215810106e-06,4.629477025221149e-08
P18,17,B,alpha,1799551287-α-5,P18-T17-Bα,16,60,C4,7,7,R3,R,False,60,True,R3,True,0.5446757285355375,False,0.7610249519348145,valid,False,0.002844975840937891,0.000496679973926824,1.357114575270505e-05,2.1553344377664854e-06,7.96261808709748e-07,0.003387300007875638,0.39453202438504387,0.5446757285355375,0.053508783720000536,0.0005379847946784715
P18,17,B,alpha,1799551287-α-5,P18-T17-Bα,17,55,G3,4,4,L4,L,False,55,True,L4,True,0.6442288537812192,False,0.9381649494171143,valid,False,0.0011969132732842236,0.02497980944671302,0.26721511976066187,0.6442288537812192,0.06180492297046848,0.0004854747201141513,7.638675406085924e-05,1.0759717556296845e-05,1.7088306479285115e-06,5.074527393220496e-08
P18,17,B,alpha,1799551287-α-5,P18-T17-Bα,18,57,A3,5,5,L3,L,False,57,True,L3,True,0.753928234781116,False,0.7197613716125488,valid,False,0.0009932764632720023,0.20499621928471332,0.753928234781116,0.03461400601507068,0.002900031718538222,0.0020727113486210032,0.0004254095972848606,5.9922524118203183e-05,9.905126616170184e-06,2.831406493682685e-07
P18,17,B,alpha,1799551287-α-5,P18-T17-Bα,19,62,D4,8,8,R1,R,False,62,True,R1,True,0.9380668296773995,False,0.7794840335845947,valid,False,0.0018212750722164115,0.005804559607612444,0.00016593173559814053,1.389182605616938e-05,9.191657144908108e-07,0.9380668296773995,0.05059340305865719,0.0029559532671124596,0.000529311164948221,4.792542468506195e-05
P18,17,B,alpha,1799551287-α-5,P18-T17-Bα,20,64,E4,9,9,R2,R,False,64,True,R2,True,0.7209537444546021,False,2.7026219367980957,valid,False,0.0008843901422453673,0.0009053578315224488,4.507511225538921e-05,2.7410203990889457e-06,9.147681374555609e-08,0.009898255881836623,0.7209537444546021,0.23523263967335886,0.03131845859184133,0.0007592458151249586
P18,17,B,alpha,1799551287-α-5,P18-T17-Bα,21,62,D4,8,8,R3,R,False,62,True,R3,True,0.5899064427517393,False,0.7418818473815918,valid,False,0.002243171538644174,0.004481527520543347,0.00024170530392092474,1.4698114668278776e-05,5.105428190021228e-07,0.0029393564548117123,0.3158110142932993,0.5899064427517393,0.0836386288694658,0.0007229446100882583
P18,17,B,alpha,1799551287-α-5,P18-T17-Bα,22,59,B3,6,6,L3,L,False,59,True,L3,True,0.7610649326847957,False,1.2733211517333984,valid,False,0.002043611691918561,0.1786279239160068,0.7610649326847957,0.05013496554315781,0.0007496334761128479,0.003805384604911351,0.002929168749966298,0.0005682002779956211,7.385676761706361e-05,2.322287518092639e-06
P18,17,B,alpha,1799551287-α-5,P18-T17-Bα,23,57,A3,5,5,L4,L,False,57,True,L4,True,0.86576710770273,False,0.8910930156707764,valid,False,0.00032626738594521897,0.005763992109383004,0.07788995739064265,0.86576710770273,0.04980747215423229,0.00029974541078452724,0.0001204664417721136,2.1571461680736604e-05,3.2882174970463462e-06,1.3172533233752025e-07
P18,17,B,alpha,1799551287-α-5,P18-T17-Bα,24,55,G3,4,4,L5,L,False,55,True,L5,True,0.9394478825037241,False,0.9695878028869629,valid,False,7.960239963390621e-05,0.0003931906233205302,0.003869863057994723,0.05612431266356894,0.9394478825037241,5.720777244286312e-05,2.3407292582702872e-05,3.869199440198171e-06,6.394310609671757e-07,2.5056231003288404e-08
P18,17,B,alpha,1799551287-α-5,P18-T17-Bα,25,57,A3,5,5,L4,L,False,57,True,L4,True,0.7282324045144787,False,1.7634570598602295,valid,False,0.0001777872795068735,0.003362237384625667,0.1432612061205459,0.7282324045144787,0.12453553186275386,0.00030144210355162395,0.00010976870971664034,1.674961902445885e-05,2.730171604640124e-06,1.4223419154630005e-07
P18,17,B,alpha,1799551287-α-5,P18-T17-Bα,26,55,G3,4,4,L5,L,False,55,True,L5,True,0.9136001142244825,False,0.748568058013916,valid,False,0.00018025115373160138,0.0005228011149111006,0.009435222082444674,0.07617342797958947,0.9136001142244825,6.105473158599895e-05,2.2763269336719643e-05,3.762743113648287e-06,5.696826858079943e-07,3.3018118570297175e-08
P18,17,B,alpha,1799551287-α-5,P18-T17-Bα,27,53,F3,3,3,L4,L,False,53,True,L4,True,0.8118846641561371,False,1.3890190124511719,valid,False,6.78001990003851e-05,0.0013243012371283247,0.065323920803979,0.8118846641561371,0.12139413033002051,3.6105757396500944e-06,1.3312956534236294e-06,2.0333784338207581e-07,3.597301795627726e-08,2.091480336405953e-09
P18,17,B,alpha,1799551287-α-5,P18-T17-Bα,28,64,E4,9,9,R2,R,False,64,True,R2,True,0.8523860742866642,False,2.8290281295776367,valid,False,0.00030101489213292407,0.00024366512448754774,1.3141758630113722e-05,6.809917019578185e-07,4.117578632321773e-08,0.015095265836806392,0.8523860742866642,0.11083466241021712,0.020440471068101214,0.0006849824554722014
P18,17,B,alpha,1799551287-α-5,P18-T17-Bα,29,65,F4,10,10,R1,R,False,65,True,R1,True,0.963984480179094,False,1.1219799518585205,valid,False,0.00010326950460252765,5.790654825143536e-05,2.882997276741224e-06,2.6153961228491416e-07,1.16759733882832e-08,0.963984480179094,0.030909859017884084,0.003290617361617501,0.001117478932614858,0.0005332322430733003
P18,18,B,gamma,1799551287-γ-7,P18-T18-Bγ,0,69,A4,12,12,R3,R,False,69,True,R3,True,0.5713786544118633,False,0.8426151275634766,valid,False,1.6815516351104464e-06,2.316053859004149e-05,2.644853414218074e-06,2.1348417121587192e-07,6.312116371260498e-09,0.003137539187024193,0.25673697890557445,0.5713786544118633,0.16534796505404414,0.0033711557015668778
P18,18,B,gamma,1799551287-γ-7,P18-T18-Bγ,1,72,C5,14,14,R4,R,False,72,True,R4,True,0.8282525084840847,False,0.9291326999664307,valid,False,1.2274970838169982e-07,1.1410493290055926e-06,1.0937453823587161e-07,9.922735385530712e-09,6.74506605624995e-10,6.480117754223314e-05,0.007094487470172618,0.08139534379453789,0.8282525084840847,0.08319147530284504
P18,18,B,gamma,1799551287-γ-7,P18-T18-Bγ,2,57,A3,5,5,L4,L,False,57,True,L3,True,0.4352780506410628,False,0.8992977142333984,valid,False,0.0005370180795834213,0.024603298431176375,0.49541317003766533,0.4352780506410628,0.042843947280050185,0.0008487293110157342,0.000429575689320009,4.225574423335045e-05,3.833354631570447e-06,1.2143126134822135e-07
P18,18,B,gamma,1799551287-γ-7,P18-T18-Bγ,3,71,B4,13,13,R2,R,False,71,True,R2,True,0.6347187450184459,False,1.3423831462860107,valid,False,4.761342952323503e-07,7.093529337103798e-06,9.488648997394765e-07,1.0647093597524829e-07,7.732673208841191e-09,0.000935939450102872,0.6347187450184459,0.2968366476389902,0.06410902813816924,0.003391007022150499
P18,18,B,gamma,1799551287-γ-7,P18-T18-Bγ,4,48,C3,0,0,L1,L,False,48,True,L1,True,0.739292090837529,False,0.8337700366973877,valid,False,0.739292090837529,0.25106028619311677,0.008050169075104962,0.0011802108327368277,0.00041715104452930255,9.084871113920983e-08,1.1065019604805606e-09,5.085400758439674e-11,9.477863591042334e-12,1.4380981888066033e-12
P18,18,B,gamma,1799551287-γ-7,P18-T18-Bγ,5,64,E4,9,9,R5,R,False,64,True,R5,True,0.791191338112147,False,0.9529039859771729,valid,False,0.00014997216147998057,0.00039595283928401894,3.0609031468638646e-05,2.667909245233126e-06,5.968318905806526e-08,0.00022025008511342338,0.003529626142154558,0.024374556758773244,0.18010496727714473,0.791191338112147
P18,18,B,gamma,1799551287-γ-7,P18-T18-Bγ,6,72,C5,14,14,R2,R,False,72,True,R2,True,0.6497548462114405,False,0.7440388202667236,valid,False,2.6598700181433914e-08,2.7997233172831876e-08,2.079454687847276e-09,1.7414024303314378e-10,3.8956516478716865e-12,0.0005826405959859772,0.6497548462114405,0.29195367197833116,0.05361348119854149,0.004095303162276762
P18,18,B,gamma,1799551287-γ-7,P18-T18-Bγ,7,50,D3,1,1,L5,L,False,50,True,L4,False,0.36952483112742135,False,1.0767228603363037,valid,False,5.112581005177755e-05,0.0012530438043329478,0.030996730254182408,0.59817402495815,0.36952483112742135,2.420968695571232e-07,1.8393132738351516e-09,8.45334708101836e-11,2.1696426296722476e-11,3.448860962920803e-12
P18,18,B,gamma,1799551287-γ-7,P18-T18-Bγ,8,60,C4,7,7,L3,L,False,60,True,L3,True,0.7454414557632085,False,0.7478258609771729,valid,False,0.0018736609465440784,0.20823480468846578,0.7454414557632085,0.03582572861584662,0.0005819715658934975,0.007690003312320798,0.0003324274333406534,1.5278117726086124e-05,4.081324592227827e-06,5.882320617405353e-07
P18,18,B,gamma,1799551287-γ-7,P18-T18-Bγ,9,71,B4,13,13,R5,R,False,71,True,R4,False,0.07377017020668646,False,0.9752082824707031,valid,False,1.972166180827446e-07,7.549291828270034e-08,3.6111954036475214e-09,3.1475486617751077e-10,1.2323454048318626e-11,2.3665371225897144e-05,0.010897444326786057,0.1589402421928415,0.7563682012546501,0.07377017020668646
P18,18,B,gamma,1799551287-γ-7,P18-T18-Bγ,10,52,E3,2,2,L5,L,False,52,True,L5,True,0.7851992070138022,False,1.1904470920562744,valid,False,0.0002488305284681154,0.0033160663802276045,0.025177165492583375,0.1860354882367595,0.7851992070138022,1.5335658525127167e-05,7.038285828324939e-06,7.6620366105281e-07,9.931412680764047e-08,2.8860178850597753e-09
P18,18,B,gamma,1799551287-γ-7,P18-T18-Bγ,11,62,D4,8,8,L3,L,False,62,True,L3,True,0.5651412714220486,False,0.9298732280731201,valid,False,0.0011169177428209018,0.14330896022603484,0.5651412714220486,0.03678178907602034,0.00040051777182056316,0.0026247951650200255,0.2152831120433367,0.03134337310819598,0.003852735131414301,0.00014652831328775706
P18,18,B,gamma,1799551287-γ-7,P18-T18-Bγ,12,57,A3,5,5,L4,L,False,57,True,L4,True,0.489624537381357,False,0.8745889663696289,valid,False,0.00043576785061012806,0.028076346081187274,0.4629266772632885,0.489624537381357,0.018371744227692523,0.00034875917379477845,0.0001977429177653625,1.614150856788614e-05,2.1708230297571137e-06,1.1277270686124316e-07
P18,18,B,gamma,1799551287-γ-7,P18-T18-Bγ,13,67,G4,11,11,R2,R,False,67,True,R2,True,0.858163506454349,False,1.1645011901855469,valid,False,6.126074359536712e-06,5.2727388175322645e-06,5.393179071695091e-07,4.0057070760545406e-08,1.4481765397659298e-09,0.0032445655449190453,0.858163506454349,0.12581274469240125,0.011870389833996686,0.000896813838002631
P18,18,B,gamma,1799551287-γ-7,P18-T18-Bγ,14,62,D4,8,8,R2,R,False,62,True,R2,True,0.8961436727058641,False,0.6152570247650146,valid,False,0.0005095665848286417,0.00148899403719323,0.00016498524210369246,1.2254044283599418e-05,4.427987809513599e-07,0.0028062642102735275,0.8961436727058641,0.09166134466586758,0.00708585645807873,0.00012661925272589155
P18,18,B,gamma,1799551287-γ-7,P18-T18-Bγ,15,55,G3,4,4,L1,L,False,55,True,L1,True,0.8727240389230986,False,0.7205009460449219,valid,False,0.8727240389230986,0.12293053002254428,0.0028622825451934033,0.0002927662995308367,1.852969681341491e-05,0.0005641447513573995,0.0005402639951600629,5.9090100071405845e-05,8.234510381949436e-06,1.1915584868675284e-07
P18,18,B,gamma,1799551287-γ-7,P18-T18-Bγ,16,57,A3,5,6,R3,R,False,59,False,R3,True,0.5576294170024804,False,1.3198468685150146,valid,False,0.004699706010268309,0.0004885539441324506,5.413332004025074e-05,6.762887159642299e-06,5.894590031757232e-07,0.0007391397701827532,0.10892349074506057,0.5576294170024804,0.3265530059423377,0.0009052009193347115
P18,18,B,gamma,1799551287-γ-7,P18-T18-Bγ,17,62,D4,8,8,L1,L,False,62,True,L1,True,0.5744576098453315,False,0.9472579956054688,valid,False,0.5744576098453315,0.36087391862909085,0.004995455711406205,0.0002295874311194515,7.072994358450371e-06,0.05823685858795223,0.0010085651139294266,0.00015389705739719497,3.3659115819733765e-05,3.375513594921622e-06
P18,18,B,gamma,1799551287-γ-7,P18-T18-Bγ,18,55,G3,4,4,L3,L,False,55,True,L3,True,0.7725645983633048,False,0.6841130256652832,valid,False,0.000967269898320352,0.10438816085447562,0.7725645983633048,0.1178857137682812,0.003974412428867921,0.0002097197121471361,9.369604692576977e-06,6.424096509018012e-07,1.0618960107688519e-07,6.770658431994698e-09
P18,18,B,gamma,1799551287-γ-7,P18-T18-Bγ,19,53,F3,3,3,L5,L,False,53,True,L5,True,0.883923718628529,False,0.6881279945373535,valid,False,0.00010467272544996314,0.0006531187067720833,0.009173128174145841,0.106098803426885,0.883923718628529,4.421228774700754e-05,2.164362902428002e-06,1.5445168449800665e-07,2.5530691731471775e-08,1.7051920584674166e-09
P18,18,B,gamma,1799551287-γ-7,P18-T18-Bγ,20,62,D4,8,8,R5,R,False,62,True,R5,True,0.6917358180199892,False,0.765521764755249,valid,False,0.0016650525340282244,4.5589263460625176e-05,2.7722859660781814e-06,3.1971421459008887e-07,2.8982685591076142e-08,0.0008882843349576994,0.007008424981189506,0.04092256708748472,0.2577311427960237,0.6917358180199892
P18,18,B,gamma,1799551287-γ-7,P18-T18-Bγ,21,67,G4,11,11,R1,R,False,67,True,R1,True,0.9917670560821511,False,0.71185302734375,valid,False,1.4663890070961008e-05,3.033838438527944e-07,1.3943295942804156e-08,1.8130287968392057e-09,2.553803734071533e-10,0.9917670560821511,0.007239037511877931,0.0006835115375979192,0.00022301600410992698,7.239557864295027e-05
P18,18,B,gamma,1799551287-γ-7,P18-T18-Bγ,22,57,A3,5,5,R3,R,False,57,True,R3,True,0.7081482286167393,False,0.7550637722015381,valid,False,0.020658728313708772,0.012970187235040972,0.0005961001639214051,7.155087343143263e-05,1.0917167074900925e-05,0.0018033526049998677,0.14297266158180283,0.7081482286167393,0.11246627897108577,0.0003019944721944973
P18,18,B,gamma,1799551287-γ-7,P18-T18-Bγ,23,48,C3,0,0,L1,L,False,48,True,L1,True,0.9704963581298345,False,0.983954906463623,valid,False,0.9704963581298345,0.026517573125647835,0.002405619960161101,0.0004307650996050482,0.0001462859004298708,1.312633017827752e-06,1.468261915938425e-06,5.630217208776932e-07,5.3160636549638057e-08,7.070302751523657e-10
P18,18,B,gamma,1799551287-γ-7,P18-T18-Bγ,24,65,F4,10,10,R3,R,False,65,True,R3,True,0.5946775622890678,False,1.1775269508361816,valid,False,1.2336995970590723e-05,9.932126712024685e-06,6.03973247359821e-07,4.310029770968999e-08,2.620931802891794e-09,0.0008129136501858099,0.2369903318779157,0.5946775622890678,0.1653425440589386,0.002153729306732422
P18,18,B,gamma,1799551287-γ-7,P18-T18-Bγ,25,67,G4,11,11,R1,R,False,67,True,R1,True,0.9926334564931285,False,0.7823920249938965,valid,False,4.236410101081255e-06,2.740435220772709e-06,1.7344699119774723e-07,1.1892072795086853e-08,7.526703166626211e-10,0.9926334564931285,0.00668831161936971,0.0004967648361830944,0.0001327034245197871,4.160068974275113e-05
P18,18,B,gamma,1799551287-γ-7,P18-T18-Bγ,26,59,B3,6,6,R4,R,False,59,True,R4,True,0.7704253274566157,False,0.8256149291992188,valid,False,0.0017407642674793862,3.78904088208183e-05,2.929108219183873e-06,3.515856296349335e-07,6.295708435976445e-08,0.0004600226021224554,0.014190130122778763,0.16049278873742812,0.7704253274566157,0.052649732753821496
P18,18,B,gamma,1799551287-γ-7,P18-T18-Bγ,27,57,A3,5,5,L5,L,False,57,True,L5,True,0.9474660176068346,False,0.8323190212249756,valid,False,3.932843308569352e-05,0.00013157336293918647,0.0024509513115645444,0.049564046108962215,0.9474660176068346,0.0003237162396859779,2.1792074528894684e-05,2.22898505587386e-06,3.2678472767561536e-07,1.9092615341475907e-08
P18,18,B,gamma,1799551287-γ-7,P18-T18-Bγ,28,60,C4,7,7,L2,L,False,60,True,L2,True,0.9336954090967691,False,0.6622931957244873,valid,False,0.0034526783755456304,0.9336954090967691,0.04291194693871273,0.001375958075395683,1.6893104984004663e-05,0.01544141593290474,0.0029421784330191567,0.00014073878021568495,2.1475345357206222e-05,1.3059170960698934e-06
P18,18,B,gamma,1799551287-γ-7,P18-T18-Bγ,29,57,A3,5,5,R3,R,False,57,True,R3,True,0.6281080606980743,False,0.7540333271026611,valid,False,0.019912261263043057,0.0012747017412849725,9.467665948127696e-05,2.8023756442286457e-06,3.1051207229821425e-07,0.0009256234419902405,0.10865473074371731,0.6281080606980743,0.24049810806491656,0.0005287244997757628
P18,19,A,gamma,1799551287-γ-3,P18-T19-Aγ,0,60,C4,7,7,R3,R,False,60,True,R2,False,0.04460509752035892,False,0.8483669757843018,valid,False,0.0009833222477910078,0.000593242602420121,5.3817754695638065e-05,4.690801323043859e-06,3.928228334038329e-07,0.017775980691294678,0.932480413188136,0.04460509752035892,0.0034481854862594206,5.485688488782208e-05
P18,19,A,gamma,1799551287-γ-3,P18-T19-Aγ,1,59,B3,6,6,L5,L,False,59,True,R2,False,0.00042914400735061676,False,0.40298008918762207,valid,False,0.0022775207384328274,0.22891182983294414,0.0712512022956752,0.010036331844094745,0.00042914400735061676,0.018287388940082982,0.6430430625693802,0.024196589496433725,0.0015314449375015986,3.548533810398856e-05
P18,19,A,gamma,1799551287-γ-3,P18-T19-Aγ,2,62,D4,8,8,L2,L,False,62,True,R2,False,0.010689714463697942,False,0.31083202362060547,valid,False,0.0001473343886617623,0.010689714463697942,0.009808170675990676,0.001469045372865422,7.14982581104629e-05,0.014944345980691425,0.9206773589479986,0.03752883830370181,0.0045046475777364625,0.0001590460305455065
P18,19,A,gamma,1799551287-γ-3,P18-T19-Aγ,3,53,F3,3,3,L2,L,False,53,True,L3,False,0.15258849947222022,False,0.40229296684265137,valid,False,0.0010125232247245688,0.15258849947222022,0.6158331579981465,0.199564131901399,0.030833157123514008,0.0001461768096700911,2.1124390747429923e-05,1.052040233571749e-06,1.6708232205678884e-07,9.95702245479657e-09
P18,19,A,gamma,1799551287-γ-3,P18-T19-Aγ,4,69,A4,12,12,R3,R,False,69,True,R3,True,0.5554459801694039,False,0.43732404708862305,valid,False,1.4134634500179936e-06,1.4533955695195379e-06,1.9939383053341604e-07,2.393356619406333e-08,1.4201162763549902e-09,0.00014921268524548115,0.02322244010422307,0.5554459801694039,0.3875215107755125,0.033657764659082566
P18,19,A,gamma,1799551287-γ-3,P18-T19-Aγ,5,62,D4,8,8,L2,L,False,62,True,R2,False,0.015472195188833403,False,0.2849299907684326,valid,False,0.0006886031883223059,0.015472195188833403,0.011862315196708047,0.0014675936469919467,5.514488782238714e-05,0.00512960382527631,0.8199751950886282,0.13179443612791927,0.01317035730278692,0.0003845555467112288
P18,19,A,gamma,1799551287-γ-3,P18-T19-Aγ,6,60,C4,7,7,R2,R,False,60,True,R2,True,0.7975676977053469,False,0.3479421138763428,valid,False,0.0007502214762482427,0.04591590754642895,0.08210199464798966,0.016472514553324838,0.0006773968747845893,0.009765299224797375,0.7975676977053469,0.04464914715372073,0.0020520416131987926,4.7779204160205564e-05
P18,19,A,gamma,1799551287-γ-3,P18-T19-Aγ,7,57,A3,5,5,L4,L,False,57,True,L3,False,0.09944183286470822,False,1.1118028163909912,valid,False,0.0009919964765975758,0.1034389213506424,0.7913996716298016,0.09944183286470822,0.00353540479070356,0.0008878419371714916,0.00027365149152308593,2.6090164207364993e-05,4.310171788504276e-06,2.7912285616774335e-07
P18,19,A,gamma,1799551287-γ-3,P18-T19-Aγ,8,57,A3,5,5,R4,R,False,57,True,L3,False,5.01564410982137e-06,False,0.8568339347839355,valid,False,0.0006777573962225506,0.1066307546524236,0.7251796151321341,0.15910415332808223,0.007271190106899885,0.0008045163414034837,0.0002997441430058775,2.6955157397693798e-05,5.01564410982137e-06,2.9809832060254355e-07
P18,19,A,gamma,1799551287-γ-3,P18-T19-Aγ,9,52,E3,2,2,L2,L,False,52,True,L4,False,0.0020779392755615844,False,0.4231407642364502,valid,False,5.33710821383624e-05,0.0020779392755615844,0.053482294849856296,0.8410987540483458,0.10328300078884561,3.675311180582411e-06,8.706562573632246e-07,7.749548182252375e-08,1.5646067940285635e-08,8.46264750456958e-10
P18,19,A,gamma,1799551287-γ-3,P18-T19-Aγ,10,64,E4,9,9,R2,R,False,64,True,R2,True,0.8455911533092161,False,0.3254828453063965,valid,False,5.930734896629366e-05,0.0052120083036189925,0.0037779192239888364,0.0003796678645466206,1.091247357845419e-05,0.022945426754188984,0.8455911533092161,0.1056398822161644,0.015390101619226819,0.0009936208865044503
P18,19,A,gamma,1799551287-γ-3,P18-T19-Aγ,11,55,G3,4,5,L5,L,False,57,False,L3,False,0.0020308958745223846,False,0.3956289291381836,valid,False,0.0005844394405642815,0.10081420896563442,0.813375823749976,0.08246168629837311,0.0020308958745223846,0.0005544691606615199,0.00016517087503492873,1.0896284600320926e-05,2.199388675013716e-06,2.0996195800389515e-07
P18,19,A,gamma,1799551287-γ-3,P18-T19-Aγ,12,52,E3,2,2,L2,L,False,52,True,L4,False,0.0013113973817298911,False,0.36495113372802734,valid,False,2.4963699789360744e-05,0.0013113973817298911,0.0352656267090088,0.7963883574082995,0.1670072154676688,1.956799420357025e-06,4.436773103467866e-07,3.1677210511144765e-08,6.656524563411514e-09,5.230379193944272e-10
P18,19,A,gamma,1799551287-γ-3,P18-T19-Aγ,13,55,G3,4,3,L5,L,False,53,False,L3,False,0.04364179913583207,False,0.3551597595214844,valid,False,7.92840779942237e-05,0.011805275127479382,0.5110600018051947,0.4334021309561652,0.04364179913583207,9.20538814285861e-06,2.109847904216322e-06,1.5695487476894486e-07,3.4327896827064445e-08,2.37851574720781e-09
P18,19,A,gamma,1799551287-γ-3,P18-T19-Aγ,14,59,B3,6,6,L3,L,False,59,True,L3,True,0.8416174593213303,False,0.3807039260864258,valid,False,0.000791984153638694,0.09714868250347988,0.8416174593213303,0.056321804311383346,0.0005497972016467375,0.0023932766285432606,0.001089432915758051,6.915282717427453e-05,1.7052877229154743e-05,1.3572598164787956e-06
P18,19,A,gamma,1799551287-γ-3,P18-T19-Aγ,15,55,G3,4,4,L5,L,False,55,True,L3,False,0.0033566471081323337,False,0.3493497371673584,valid,False,0.00012572375837584555,0.016769672163256203,0.7203780206877519,0.2592811947429287,0.0033566471081323337,6.775680815040732e-05,1.935089070983955e-05,1.3331324277964384e-06,2.800791341652036e-07,2.06291327546048e-08
P18,19,A,gamma,1799551287-γ-3,P18-T19-Aγ,16,50,D3,1,1,L3,L,False,50,True,L4,False,0.05709255346764813,False,0.8761301040649414,valid,False,1.493981628684688e-05,0.0012590160846353087,0.05709255346764813,0.8336948599175028,0.10793814005352081,4.002527604874186e-07,8.317371513372616e-08,5.938033500117424e-09,1.1988682874093266e-09,9.702883254583836e-11
P18,19,A,gamma,1799551287-γ-3,P18-T19-Aγ,17,71,B4,13,13,R5,R,False,71,True,R2,False,0.004103109490565074,False,0.6143999099731445,valid,False,4.911610333451066e-07,3.343707639041775e-06,3.1255909524163456e-07,1.0751499723861848e-08,2.513677166035933e-10,0.04663113032365311,0.8337029808262322,0.09614689717357874,0.01941172375533573,0.004103109490565074
P18,19,A,gamma,1799551287-γ-3,P18-T19-Aγ,18,64,E4,9,9,R1,R,False,64,True,R2,False,0.04180529107474666,False,0.29409003257751465,valid,False,0.000170260533218728,0.007791418317085397,0.0018262617695055275,6.662274631020965e-05,1.4949552974768728e-06,0.04180529107474666,0.9096163454944841,0.03562411913526995,0.002983278645268178,0.00011490732881378612
P18,19,A,gamma,1799551287-γ-3,P18-T19-Aγ,19,69,A4,12,12,R5,R,False,69,True,R2,False,0.0008037643937278133,False,0.5418717861175537,valid,False,2.375089574666066e-06,3.226888928760826e-05,5.651477379467679e-06,2.437196610640802e-07,5.118654744727481e-09,0.04449244566314175,0.9215848884304088,0.028391644459447644,0.00468671275871652,0.0008037643937278133
P18,19,A,gamma,1799551287-γ-3,P18-T19-Aγ,20,59,B3,6,6,L3,L,False,59,True,L3,True,0.7381513076110389,False,0.4048037528991699,valid,False,0.0006316002545547041,0.08219387371035014,0.7381513076110389,0.17488853488056083,0.001399791651178022,0.0025783248376445383,0.0001413324147192179,1.184497949419702e-05,3.0281567197855543e-06,3.6150373973678543e-07
P18,19,A,gamma,1799551287-γ-3,P18-T19-Aγ,21,64,E4,9,9,R3,R,False,64,True,R2,False,0.04787222743678256,False,0.4007270336151123,valid,False,5.248271830102183e-05,0.005427792513124642,0.0023901472910864254,0.0001885431038734754,3.155022508536505e-06,0.017483707934302744,0.9238368929480341,0.04787222743678256,0.002687296133505499,5.775489848079781e-05
P18,19,A,gamma,1799551287-γ-3,P18-T19-Aγ,22,53,F3,3,3,L5,L,False,53,True,L4,False,0.12845616113877836,False,0.33957600593566895,valid,False,5.9032435273935974e-05,0.002390223547813225,0.05366289542912296,0.8154248829529992,0.12845616113877836,6.691780425960685e-06,1.034636004253119e-07,7.093790785317288e-09,1.6741768287303882e-09,4.840183130962558e-10
P18,19,A,gamma,1799551287-γ-3,P18-T19-Aγ,23,65,F4,10,10,R5,R,False,65,True,R2,False,0.00026228850048376907,False,0.6054091453552246,valid,False,1.4762442950268712e-05,0.001167055677247037,0.0007130475488070281,5.397906053599645e-05,1.1695706156971045e-06,0.024262347159337307,0.9153879532510257,0.05348215078457253,0.004655246004424907,0.00026228850048376907
P18,19,A,gamma,1799551287-γ-3,P18-T19-Aγ,24,71,B4,13,13,R2,R,False,71,True,R3,False,0.22371355997952005,False,0.6236710548400879,valid,False,2.3912063568113764e-07,8.145161824365886e-06,2.728605910984349e-06,1.816628574884968e-07,4.051615721897261e-09,0.0014604905489391023,0.22371355997952005,0.5842719156554436,0.17811458712555006,0.012428148087703022
P18,19,A,gamma,1799551287-γ-3,P18-T19-Aγ,25,67,G4,11,11,R5,R,False,67,True,R3,False,0.00019611090753621097,False,0.4576599597930908,valid,False,5.743589834373522e-06,0.00038459425966533804,0.0001800700002434774,1.3387537978904156e-05,2.8129791494780606e-07,0.01517292459898789,0.43848012336608977,0.4655029271144777,0.08006383732727135,0.00019611090753621097
P18,19,A,gamma,1799551287-γ-3,P18-T19-Aγ,26,69,A4,12,12,R5,R,False,69,True,R2,False,0.0009409257216578522,False,0.3435080051422119,valid,False,1.5962691702090582e-06,6.413813150562449e-05,2.1707782931356324e-05,1.2610285625365665e-06,3.237718870735913e-08,0.016140324733341746,0.8495897941820699,0.11497947543056593,0.01826074434300641,0.0009409257216578522
P18,19,A,gamma,1799551287-γ-3,P18-T19-Aγ,27,60,C4,7,7,L1,L,False,60,True,R2,False,0.00019332078651281405,False,0.4793689250946045,valid,False,0.00019332078651281405,0.01705759631935766,0.11501075942746389,0.03217702327355908,0.0008710551276256145,0.009765797335889122,0.7788038479009487,0.044549264152341554,0.0015474302261291417,2.390545017249029e-05
P18,19,A,gamma,1799551287-γ-3,P18-T19-Aγ,28,59,B3,6,6,L1,L,False,59,True,L3,False,0.0009090994280162224,False,0.8081068992614746,valid,False,0.0009090994280162224,0.0844071843159832,0.8426175431662652,0.06970408817137448,0.0008141088334293022,0.001008754549842067,0.0004989243444617267,3.286651866877034e-05,6.906441107101984e-06,5.242308518915946e-07
P18,19,A,gamma,1799551287-γ-3,P18-T19-Aγ,29,71,B4,13,13,R5,R,False,71,True,R2,False,0.005671297445039905,False,1.294734001159668,valid,False,2.5800695845658575e-07,9.594631492525077e-06,2.4692132711588606e-06,1.6600253203069796e-07,2.4398094151034543e-09,0.002770239867514234,0.7872698450356879,0.17218527334833297,0.032090854009361465,0.005671297445039905
P18,20,A,alpha,1799551287-α-6,P18-T20-Aα,0,64,E4,9,9,R3,R,False,64,True,R2,False,0.2769906785495896,False,0.7781901359558105,valid,False,0.00012895966233239468,0.001576982124892355,0.0001331849992015997,4.626215434822358e-06,1.1668691549486411e-07,0.029299784745572086,0.6677967455955093,0.2769906785495896,0.023196092880713715,0.0008728285398386078
P18,20,A,alpha,1799551287-α-6,P18-T20-Aα,1,65,F4,10,10,R4,R,False,65,True,R2,False,0.006070141978083792,False,0.429034948348999,valid,False,2.839178218782548e-05,0.00029525953257716827,2.4316065751103606e-05,8.790946340199789e-07,2.1303951094159793e-08,0.0768720724045849,0.8655645862886258,0.0505711873892006,0.006070141978083792,0.0005731441604039157
P18,20,A,alpha,1799551287-α-6,P18-T20-Aα,2,67,G4,11,11,R5,R,False,67,True,R1,False,0.0006339689839972725,False,0.3478679656982422,valid,False,1.0025763487579222e-05,6.459147575259866e-05,5.217404375221785e-06,1.6729442951969033e-07,4.7576569567699656e-09,0.9574224763394634,0.03461353370464312,0.005721578638797919,0.001528435637396641,0.0006339689839972725
P18,20,A,alpha,1799551287-α-6,P18-T20-Aα,3,65,F4,10,10,R3,R,False,65,True,R1,False,0.009755971189408281,False,0.6418349742889404,valid,False,4.862262389693136e-05,0.00045593591999957737,3.754855164956302e-05,1.3042586645474623e-06,3.563720174957133e-08,0.8959454480369786,0.09164106941285917,0.009755971189408281,0.0017469641800228488,0.0003671001893184671
P18,20,A,alpha,1799551287-α-6,P18-T20-Aα,4,60,C4,7,7,L3,L,False,60,True,R2,False,0.0248664068324861,False,0.4078691005706787,valid,False,0.00558955280409891,0.1970969306048963,0.0248664068324861,0.0007660696161960093,1.9322554651344106e-05,0.03748748178212085,0.657256561831949,0.07322359970809784,0.0036455883648081728,4.848590069563675e-05
P18,20,A,alpha,1799551287-α-6,P18-T20-Aα,5,59,B3,6,6,L4,L,False,59,True,L2,False,0.0028861768552274985,False,0.4107530117034912,valid,False,0.0021813255421467576,0.9133233923779941,0.07983266358947004,0.0028861768552274985,4.327988675004867e-05,0.001302926257928541,0.00036057068696620863,5.9601933680807955e-05,9.094665363669273e-06,9.68204472446024e-07
P18,20,A,alpha,1799551287-α-6,P18-T20-Aα,6,60,C4,7,7,L5,L,False,60,True,L3,False,0.0005406543124789967,False,0.4183008670806885,valid,False,0.0007445500646227948,0.1404743369385279,0.7918974447192605,0.053786624275833216,0.0005406543124789967,0.007614584406167588,0.004130160801212602,0.0006873063353565279,0.000113610973102087,1.0727173437848162e-05
P18,20,A,alpha,1799551287-α-6,P18-T20-Aα,7,59,B3,6,6,L4,L,False,59,True,L3,False,0.21499084442973257,False,0.37381720542907715,valid,False,0.00041010488534384246,0.04776460023875138,0.731143023365381,0.21499084442973257,0.0029808926962168495,0.0018956894406544009,0.0006939253389755403,0.00010173428589247733,1.6816564352043558e-05,2.36875469994599e-06
P18,20,A,alpha,1799551287-α-6,P18-T20-Aα,8,60,C4,7,7,L5,L,False,60,True,R2,False,0.00027397740210635305,False,0.439237117767334,valid,False,0.000699203430923788,0.09411319123451016,0.1902761598816785,0.019999506688346744,0.00027397740210635305,0.019002777090740098,0.592369012223381,0.08021853674412845,0.003018483701303966,2.915160288084476e-05
P18,20,A,alpha,1799551287-α-6,P18-T20-Aα,9,59,B3,6,6,L3,L,False,59,True,L3,True,0.7601400575456214,False,0.32748889923095703,valid,False,0.0005675097793421932,0.06612211945786088,0.7601400575456214,0.16789663509549674,0.0024694698507617685,0.0021234047027534884,0.0005675097793421932,0.00010576905401725269,7.251859955337048e-06,2.7287484872909996e-07
P18,20,A,alpha,1799551287-α-6,P18-T20-Aα,10,57,A3,5,5,L4,L,False,57,True,L4,True,0.6558610398418171,False,0.3224008083343506,valid,False,0.0002488294712703491,0.012842959818194876,0.3017686523848895,0.6558610398418171,0.028776127731868138,0.0004197818197193996,6.626260990259849e-05,1.5085050434771543e-05,1.2137372257785823e-06,4.753467738812789e-08
P18,20,A,alpha,1799551287-α-6,P18-T20-Aα,11,62,D4,8,8,R2,R,False,62,True,R2,True,0.8071476221050328,False,0.34467220306396484,valid,False,0.00012874592259255646,0.018479805425935438,0.04620399921604747,0.006559182213805492,0.00014189725789799396,0.017348509216162867,0.8071476221050328,0.10083712370516296,0.003106530717345324,4.6584220017125504e-05
P18,20,A,alpha,1799551287-α-6,P18-T20-Aα,12,64,E4,9,9,R1,R,False,64,True,R2,False,0.02214240482195046,False,0.29029107093811035,valid,False,4.745263336421991e-05,0.0055549476212240125,0.006761768822905454,0.0008280269381599544,1.9173704768963364e-05,0.02214240482195046,0.8778665072854797,0.08288835155445337,0.003809487022307323,8.187959538676735e-05
P18,20,A,alpha,1799551287-α-6,P18-T20-Aα,13,65,F4,10,10,R2,R,False,65,True,R2,True,0.8384680398672459,False,0.3302149772644043,valid,False,1.6451864451068167e-05,0.0015259218733119822,0.0011806804836573062,0.0001239637723642856,2.845339949314669e-06,0.03277289355858425,0.8384680398672459,0.1134743096602812,0.011606629746195108,0.0008282638339593982
P18,20,A,alpha,1799551287-α-6,P18-T20-Aα,14,64,E4,9,9,R1,R,False,64,True,R2,False,0.02873233518183249,False,0.30762505531311035,valid,False,6.18018166638702e-05,0.007250305835939008,0.009132259325457817,0.0011718705218009924,2.602905138159716e-05,0.02873233518183249,0.858797229524489,0.08806041825246272,0.006540562362661247,0.00022718812731124918
P18,20,A,alpha,1799551287-α-6,P18-T20-Aα,15,62,D4,8,8,R2,R,False,62,True,R2,True,0.8672551694653375,False,0.3309361934661865,valid,False,0.00012286108172716195,0.014480951089446753,0.04520239368138072,0.008099783516872534,0.00018088529456320164,0.021055202669274988,0.8672551694653375,0.04156039569648099,0.0019880369354763235,5.432056943992116e-05
P18,20,A,alpha,1799551287-α-6,P18-T20-Aα,16,59,B3,6,6,L5,L,False,59,True,R2,False,0.007411424581305885,False,0.4466390609741211,valid,False,0.00014072828051687122,0.005090552735190954,0.11215390600212329,0.24556145680257613,0.007411424581305885,0.005718212182601628,0.5775308342669997,0.0446954670738489,0.0016818125131714747,1.5605561665157398e-05
P18,20,A,alpha,1799551287-α-6,P18-T20-Aα,17,64,E4,9,9,R3,R,False,64,True,R2,False,0.11171589793976698,False,0.31800198554992676,valid,False,4.318583055998157e-05,0.005038394862170697,0.005720026216097824,0.0008698028078734209,1.972411121735554e-05,0.010693291510176868,0.8591633123565994,0.11171589793976698,0.006527075735953092,0.00020928862958445108
P18,20,A,alpha,1799551287-α-6,P18-T20-Aα,18,60,C4,7,7,L4,L,False,60,True,R2,False,0.04092931066026322,False,0.3355429172515869,valid,False,0.0001204757396702648,0.010690228927166682,0.0912536382934438,0.04092931066026322,0.0009876027032281768,0.012170115496051931,0.8257961299953004,0.017276205322776062,0.0007628683080910175,1.3424554008384956e-05
P18,20,A,alpha,1799551287-α-6,P18-T20-Aα,19,59,B3,6,6,L3,L,False,59,True,R2,False,0.06884327907882773,False,0.474977970123291,valid,False,9.739627037515166e-05,0.0034558696754428677,0.06884327907882773,0.13681970585740658,0.004817920642201958,0.005470821337776386,0.7588716079076518,0.020735197187599304,0.0008797061071344363,8.495935583802731e-06
P18,20,A,alpha,1799551287-α-6,P18-T20-Aα,20,62,D4,8,8,R4,R,False,62,True,R2,False,0.00273097923158293,False,0.3480191230773926,valid,False,8.377261570222652e-05,0.009023147746324069,0.029351473053700856,0.005211488519676292,0.00012581949273032943,0.012996241987287093,0.9020412383142321,0.038269768020663474,0.00273097923158293,0.00016607101810072765
P18,20,A,alpha,1799551287-α-6,P18-T20-Aα,21,57,A3,5,5,L1,L,False,57,True,L4,False,0.0002392675557919318,False,0.5575830936431885,valid,False,0.0002392675557919318,0.015564038302903755,0.15990590317762762,0.7664027231421913,0.05503999802364967,0.0021471565586497657,0.0005961321880915216,8.739712912421641e-05,1.5649867250796824e-05,1.7340547193395414e-06
P18,20,A,alpha,1799551287-α-6,P18-T20-Aα,22,55,G3,4,4,L2,L,False,55,True,L4,False,0.002178290005526298,False,0.4563450813293457,valid,False,0.00010558070028849343,0.002178290005526298,0.0203051440139763,0.7923199994210252,0.18473937099132978,0.00028884030297159134,5.366283245722013e-05,7.558861842074622e-06,1.4087751358400262e-06,1.440954472099707e-07
P18,20,A,alpha,1799551287-α-6,P18-T20-Aα,23,53,F3,3,3,L3,L,False,53,True,L4,False,0.014502000589850197,False,0.5829062461853027,valid,False,5.387536502998852e-05,0.000530886869793941,0.014502000589850197,0.7581491068850901,0.22668156386658259,6.998906375462667e-05,1.071132410351307e-05,1.5703546872096473e-06,2.7017145831487294e-07,2.550964939536081e-08
P18,20,A,alpha,1799551287-α-6,P18-T20-Aα,24,55,G3,4,4,L2,L,False,55,True,L4,False,0.002797014430160071,False,0.5412518978118896,valid,False,0.00014943600466702908,0.002797014430160071,0.11004114125201643,0.687432558132803,0.19901016862366486,0.00045875027163796604,9.565222968137403e-05,1.2945121596142285e-05,2.1398142077355717e-06,1.9411956534537676e-07
P18,20,A,alpha,1799551287-α-6,P18-T20-Aα,25,53,F3,3,3,L3,L,False,53,True,L4,False,0.034749162575502736,False,0.6413319110870361,valid,False,5.1462075490802014e-05,0.0005475812758979149,0.034749162575502736,0.8368656429392494,0.12769741696040268,7.477295855050138e-05,1.1910481543468757e-05,1.7461595165975585e-06,2.7732055999812913e-07,2.725328579282566e-08
P18,20,A,alpha,1799551287-α-6,P18-T20-Aα,26,55,G3,4,4,L4,L,False,55,True,L3,False,0.36161782912214685,False,0.5870521068572998,valid,False,9.644394115191848e-05,0.004444299444129875,0.557745432829615,0.36161782912214685,0.07559213933933451,0.0004129060910744515,7.760702284695868e-05,1.1377729859573291e-05,1.8069817712372864e-06,1.5749806975732108e-07
P18,20,A,alpha,1799551287-α-6,P18-T20-Aα,27,62,D4,8,8,R4,R,False,62,True,R2,False,0.003968934872025106,False,0.43691086769104004,valid,False,0.0001316111551941366,0.024005757278430573,0.003851132770772424,0.0006282056356259094,0.00010165499678074403,0.02932668242239566,0.9146100179225499,0.023069185466107187,0.003968934872025106,0.00030681748011826207
P18,20,A,alpha,1799551287-α-6,P18-T20-Aα,28,57,A3,5,5,L4,L,False,57,True,L3,False,0.20007943614813842,False,0.46080493927001953,valid,False,0.00018684124535901553,0.02232734307913107,0.7493003857622017,0.20007943614813842,0.024685886844860273,0.0024599945713745996,0.0008345521479324643,0.00010851573995647973,1.5909162978346547e-05,1.135298067714265e-06
P18,20,A,alpha,1799551287-α-6,P18-T20-Aα,29,62,D4,8,8,R4,R,False,62,True,R2,False,0.003390207202495674,False,0.7682480812072754,valid,False,9.48778735138559e-05,0.02026955079981028,0.005900407658623493,0.00046012075093464,7.080124609349273e-05,0.022217739385390838,0.9168015542011719,0.030596665768402233,0.003390207202495674,0.00019807511356345706
P18,21,C,beta,1799551287-β-9,P18-T21-Cβ,0,62,D4,8,8,R4,R,False,62,True,R4,True,0.7193731746943105,False,0.600956916809082,valid,False,0.0007841038727525229,0.009869001344567448,0.00045766410557384425,3.5379604891600975e-05,1.0061543819693445e-06,2.8123615366196975e-05,0.01673574747759878,0.23917473588892146,0.7193731746943105,0.013541063241635558
P18,21,C,beta,1799551287-β-9,P18-T21-Cβ,1,67,G4,11,11,R2,R,False,67,True,R2,True,0.7994429751995372,False,0.5311708450317383,valid,False,1.5891360566483593e-05,0.00032193715844174134,4.964901648607122e-05,3.847748573424601e-06,7.365384732357103e-08,0.024623107386074126,0.7994429751995372,0.1614047530280742,0.013516554644482693,0.0006212108039166106
P18,21,C,beta,1799551287-β-9,P18-T21-Cβ,2,64,E4,9,9,R3,R,False,64,True,R3,True,0.58474623993597,False,0.5144739151000977,valid,False,0.00012233547442253446,0.006672328079094135,0.001667766240486312,0.00013602124598072727,2.5059661711808615e-06,0.004140030895642801,0.2689481100838628,0.58474623993597,0.13311028235015052,0.0004543797282191059
P18,21,C,beta,1799551287-β-9,P18-T21-Cβ,3,62,D4,8,8,R2,R,False,62,True,R2,True,0.6634052909044658,False,0.375838041305542,valid,False,0.0012610986778175239,0.11770352318495356,0.045789656459806816,0.003916223070622603,7.86544928777604e-05,0.12048444808530552,0.6634052909044658,0.04548515922704647,0.001854075338401335,2.1870558702769716e-05
P18,21,C,beta,1799551287-β-9,P18-T21-Cβ,4,59,B3,6,6,L4,L,False,59,True,L4,True,0.6332750593430808,False,0.649407148361206,valid,False,0.0007619156425451112,0.01874458406246848,0.32788767510358496,0.6332750593430808,0.01925160811095325,7.35714285473497e-05,5.3583716895785814e-06,2.0162618600376535e-07,2.42015194565859e-08,2.1094250425097314e-09
P18,21,C,beta,1799551287-β-9,P18-T21-Cβ,5,59,B3,6,6,L4,L,False,59,True,L4,True,0.6304100260067038,False,0.365311861038208,valid,False,0.00040938355255223046,0.019301964468953874,0.32523183757179464,0.6304100260067038,0.02452534286206304,0.00011365480138593696,7.411817295124686e-06,3.272848645968129e-07,4.6100829218465056e-08,5.533557606820921e-09
P18,21,C,beta,1799551287-β-9,P18-T21-Cβ,6,60,C4,7,7,R4,R,False,60,True,R4,True,0.6045361599457573,False,0.7097189426422119,valid,False,4.0944470276158896e-05,0.0009267862503625152,0.015248200349296729,0.03239141862269209,0.005659631774883705,0.0007591631932773234,0.03391664796402864,0.2863456989627769,0.6045361599457573,0.02017534846664862
P18,21,C,beta,1799551287-β-9,P18-T21-Cβ,7,64,E4,9,9,R5,R,False,64,True,R5,True,0.5363500910218391,False,0.5365419387817383,valid,False,2.4953118651354353e-05,0.00154330237294061,0.007976197478958814,0.003966245090717298,0.00015494659183235525,0.0012873479445176816,0.009181461141363078,0.07316568285315796,0.3663497723860217,0.5363500910218391
P18,21,C,beta,1799551287-β-9,P18-T21-Cβ,8,60,C4,7,7,L2,L,False,60,True,L2,True,0.8151670946185235,False,0.5278668403625488,valid,False,0.002568682486522687,0.8151670946185235,0.16457939798729967,0.0075639467912435,0.00013310634501215044,0.004442283578196419,0.004650182811677476,0.0007433361724961036,0.0001441923821771438,7.776826851435502e-06
P18,21,C,beta,1799551287-β-9,P18-T21-Cβ,9,59,B3,6,6,L1,L,False,59,True,L1,True,0.8287941091436786,False,0.6110939979553223,valid,False,0.8287941091436786,0.16733064477059106,0.0023163015722720316,8.3740861033984e-05,4.339360741892758e-06,0.0007767613823168453,0.0005906936230385405,8.715839040431801e-05,1.4995153408147167e-05,1.2557425146480539e-06
P18,21,C,beta,1799551287-β-9,P18-T21-Cβ,10,60,C4,7,7,R4,R,False,60,True,R4,True,0.5667403578114077,False,0.5388932228088379,valid,False,0.004807318175492866,0.0012968020550128195,6.203238299738762e-05,6.873383956852482e-06,2.4849229377304957e-07,0.0036790537518401087,0.04760204600413282,0.365001431728238,0.5667403578114077,0.010803836214627738
P18,21,C,beta,1799551287-β-9,P18-T21-Cβ,11,64,E4,9,9,R5,R,False,64,True,R5,True,0.8752937239532782,False,1.0114972591400146,valid,False,0.00031805164780434795,0.00011242819975901997,5.8259075711913355e-06,7.5753525117887e-07,2.1543412223091642e-08,0.002350338862445911,0.0016356041723192037,0.012637081833512013,0.10764616634464669,0.8752937239532782
P18,21,C,beta,1799551287-β-9,P18-T21-Cβ,12,62,D4,8,8,R4,R,False,62,True,R4,True,0.4810297557132511,False,0.5680921077728271,valid,False,0.0007322763105477704,0.0006287189958131814,3.3909133719981936e-05,4.070168541822186e-06,1.1121215555045094e-07,0.0031140655720958226,0.04725622202874729,0.46216830920731355,0.4810297557132511,0.005032561657814229
P18,21,C,beta,1799551287-β-9,P18-T21-Cβ,13,57,A3,5,5,L2,L,False,57,True,L2,True,0.9552980423928096,False,0.4663228988647461,valid,False,0.0072574126285755635,0.9552980423928096,0.03318252487191608,0.0027788116660675214,7.59274786969276e-05,0.001087564783670222,0.00029582813392116803,2.111067120711113e-05,2.7449933628389665e-06,3.237977294517457e-08
P18,21,C,beta,1799551287-β-9,P18-T21-Cβ,14,60,C4,7,7,L1,L,False,60,True,L1,True,0.8008589411524526,False,0.6634559631347656,valid,False,0.8008589411524526,0.1622608341465131,0.0016975824110504185,6.648393946826412e-05,4.379613185771744e-06,0.02339392885267106,0.01068889260242485,0.0008951223445356183,0.0001312311676673635,2.603770031102502e-06
P18,21,C,beta,1799551287-β-9,P18-T21-Cβ,15,64,E4,9,9,R5,R,False,64,True,R5,True,0.8810472104695175,False,0.5825517177581787,valid,False,0.00023092042592384607,2.109142354623098e-05,1.1839620586019408e-06,1.0319514112642521e-07,3.730796574978726e-09,0.004935057637193152,0.001988361800477194,0.01016919116770119,0.10160687618764445,0.8810472104695175
P18,21,C,beta,1799551287-β-9,P18-T21-Cβ,16,59,B3,6,6,L2,L,False,59,True,L2,True,0.969619382757245,False,0.45461297035217285,valid,False,0.007366212052217892,0.969619382757245,0.02169113399897844,0.0006955193860817055,1.2738881915586607e-05,0.0005944699966697345,1.825901415822105e-05,1.943827338723818e-06,3.2131249798577214e-07,1.8772896677536038e-08
P18,21,C,beta,1799551287-β-9,P18-T21-Cβ,17,57,A3,5,5,L1,L,False,57,True,L1,True,0.9896221560566055,False,1.2208681106567383,valid,False,0.9896221560566055,0.009947519361931143,0.00026114569989475707,3.534222726128041e-05,2.064893164409044e-06,0.00012617756375701592,4.978250323856672e-06,5.299770839033121e-07,7.769833026976629e-08,8.27164803328453e-09
P18,21,C,beta,1799551287-β-9,P18-T21-Cβ,18,52,E3,2,2,L3,L,False,52,True,L3,True,0.7486616820812283,False,0.8613297939300537,valid,False,0.0002553562747609741,0.03879483769416077,0.7486616820812283,0.2081558730386122,0.004131947095641521,2.931495303394011e-07,9.335251764876377e-09,1.120525471902561e-09,1.852216147294618e-10,2.506701969095447e-11
P18,21,C,beta,1799551287-β-9,P18-T21-Cβ,19,55,G3,4,4,L2,L,False,55,True,L2,True,0.9355777017091819,False,0.4617912769317627,valid,False,0.0023474035092483354,0.9355777017091819,0.05689253863169284,0.004958802108972011,0.00020789292060029003,1.5046811159622613e-05,5.427640848093025e-07,6.013997484251239e-08,1.0346773782101715e-08,1.058311548367394e-09
P18,21,C,beta,1799551287-β-9,P18-T21-Cβ,20,60,C4,7,7,R4,R,False,60,True,R4,True,0.6681409825061555,False,0.7371199131011963,valid,False,0.0024009347942410865,0.0002630264196055397,1.5994653048299715e-05,1.7722580746613408e-06,8.11208428004753e-08,0.004325376561879455,0.038697700999053,0.2678980319254401,0.6681409825061555,0.018256098761659546
P18,21,C,beta,1799551287-β-9,P18-T21-Cβ,21,57,A3,5,5,L1,L,False,57,True,L1,True,0.9567702147031998,False,0.651313304901123,valid,False,0.9567702147031998,0.040591685402543244,0.0008382517990789942,5.5219631411819234e-05,2.5378532121214234e-06,0.0016387394267361436,9.288094684086106e-05,9.127743680379511e-06,1.2857195613903066e-06,5.6773735212805356e-08
P18,21,C,beta,1799551287-β-9,P18-T21-Cβ,22,60,C4,7,7,L2,L,False,60,True,L2,True,0.9262083782926193,False,0.5863230228424072,valid,False,0.009428112151169354,0.9262083782926193,0.02634027771907289,0.0006383294432905866,6.678240261030933e-06,0.03186948211053974,0.005109488185899597,0.000350322626139296,4.741101183275556e-05,1.5202191754927913e-06
P18,21,C,beta,1799551287-β-9,P18-T21-Cβ,23,64,E4,9,9,R2,R,False,64,True,R2,True,0.7495768941121187,False,0.6345069408416748,valid,False,0.00020758918727552112,0.00022302060920313975,5.4046742723553294e-06,3.286585809708317e-07,8.289747117208777e-09,0.03568661714874842,0.7495768941121187,0.20023844995526507,0.013728979711896504,0.0003327076528922457
P18,21,C,beta,1799551287-β-9,P18-T21-Cβ,24,59,B3,6,6,L1,L,False,59,True,L1,True,0.9440693919302034,False,0.7880237102508545,valid,False,0.9440693919302034,0.04700244736003678,0.0005974938496791168,4.1180092623273027e-05,2.5041640113335075e-06,0.006889800943505686,0.0012842818260091243,9.538820665333626e-05,1.708079872159838e-05,4.3082855632045734e-07
P18,21,C,beta,1799551287-β-9,P18-T21-Cβ,25,62,D4,8,8,R1,R,False,62,True,R1,True,0.8580166458756607,False,0.5476560592651367,valid,False,0.0029031464200718693,0.005336785471510828,0.00010173575139322351,1.0830635935222057e-05,5.392256117743446e-07,0.8580166458756607,0.12579121390910306,0.007061259959405284,0.0007517311743113898,2.6111576996538518e-05
P18,21,C,beta,1799551287-β-9,P18-T21-Cβ,26,60,C4,7,7,L3,L,False,60,True,L3,True,0.7092697997932813,False,0.6000158786773682,valid,False,0.001439413861099827,0.18733693814036687,0.7092697997932813,0.03981469199680936,0.0001871651287793481,0.010352681050521,0.04672297388344639,0.004238612562300931,0.0006214101114064789,1.6313471988399368e-05
P18,21,C,beta,1799551287-β-9,P18-T21-Cβ,27,64,E4,9,9,R3,R,False,64,True,R2,True,0.4623812574279283,False,0.718177080154419,valid,False,1.8789894168376805e-05,0.001628176507008003,0.009548554514444581,0.0023305325081497685,4.0318208636925556e-05,0.014163204860988682,0.4623812574279283,0.4623812574279283,0.047294300116148366,0.00021360853459879983
P18,21,C,beta,1799551287-β-9,P18-T21-Cβ,28,62,D4,8,8,R4,R,False,62,True,R4,True,0.5826212068328998,False,0.5228347778320312,valid,False,3.9338736099914694e-05,0.0007925792677730575,0.01165231094239701,0.018904844773204716,0.00038105861049040094,0.0007925792677730575,0.030954160968905332,0.33279851413348743,0.5826212068328998,0.02106340646696931
P18,21,C,beta,1799551287-β-9,P18-T21-Cβ,29,64,E4,9,9,R5,R,False,64,True,R5,True,0.5739244447962295,False,0.5792253017425537,valid,False,1.9631603046492837e-05,0.0008797482463160427,0.006148719183211255,0.003536217703441692,5.947715449133043e-05,0.002048067441261758,0.009677015940914607,0.07773440237897071,0.3259722755521166,0.5739244447962295
P18,22,A,beta,1799551287-β-2,P18-T22-Aβ,0,57,A3,5,5,L1,L,False,57,True,L2,False,0.006297838992392287,False,1.2976911067962646,valid,False,0.006297838992392287,0.9529183478722024,0.037319994213967,0.0031252966945596876,0.0003385222235088846,6.934921959229263e-13,8.20673688338461e-13,7.980320253979334e-13,5.393124129590807e-13,5.182979846843566e-13
P18,22,A,beta,1799551287-β-2,P18-T22-Aβ,1,60,C4,7,7,R5,R,False,60,True,L5,False,0.0,False,0.4691040515899658,valid,False,0.001068322044268899,0.0018387714629887301,0.031471981236909814,0.30769150240795745,0.657929422847875,,,,,
P18,22,A,beta,1799551287-β-2,P18-T22-Aβ,2,60,C4,7,7,R5,R,False,60,True,L3,False,8.173607989796595e-11,False,0.3704080581665039,valid,False,0.008714823673621117,0.38769916147477934,0.5783791843428867,0.024538165521288676,0.0006686647085824778,3.9783897339174545e-11,4.446197297167348e-11,5.583439399548195e-11,5.7025327930661165e-11,8.173607989796595e-11
P18,22,A,beta,1799551287-β-2,P18-T22-Aβ,3,60,C4,7,7,L2,L,False,60,True,L2,True,0.9717375545981043,False,0.45327162742614746,valid,False,0.003062053478938125,0.9717375545981043,0.024510111886073216,0.0006697074943271509,2.0572223739313313e-05,3.5011048313131006e-11,6.075322148290105e-11,8.08443817489681e-11,6.68433351093908e-11,7.536564988490308e-11
P18,22,A,beta,1799551287-β-2,P18-T22-Aβ,4,64,E4,9,9,R3,R,False,64,True,L2,False,3.728457499542659e-09,False,0.5528817176818848,valid,False,0.003134838035058301,0.957006569294636,0.03900969698622441,0.0008384588756146632,1.0420980881417732e-05,2.259010538541183e-09,3.040942931964635e-09,3.728457499542659e-09,3.0582946406450807e-09,3.740879760559764e-09
P18,22,A,beta,1799551287-β-2,P18-T22-Aβ,5,59,B3,6,6,L5,L,False,59,True,L2,False,2.205971080873716e-05,False,0.43451690673828125,valid,False,0.0038445422304578666,0.949039238061778,0.04410858964743846,0.001112549846694704,2.205971080873716e-05,0.0016523494829513154,0.000199220015407143,1.7364186171155625e-05,3.648841861605291e-06,4.379764308292589e-07
P18,22,A,beta,1799551287-β-2,P18-T22-Aβ,6,57,A3,5,5,L4,L,False,57,True,L3,False,0.07447415083464874,False,0.337723970413208,valid,False,0.0004581323662357196,0.10217881564607849,0.822115012949393,0.07447415083464874,0.0007506451176789617,1.7702300758144898e-05,4.853186903584599e-06,5.377484370398886e-07,1.3260713193838062e-07,1.7242734419232987e-08
P18,22,A,beta,1799551287-β-2,P18-T22-Aβ,7,60,C4,7,7,R3,R,False,60,True,R2,False,0.10038865258556626,False,0.44741296768188477,valid,False,0.002073108514772204,0.0025321004579081036,9.527852629173458e-05,6.2764495215776e-06,3.162699677807919e-07,0.01204981345391638,0.877115946542568,0.10038865258556626,0.005635293204129002,0.0001032139953589646
P18,22,A,beta,1799551287-β-2,P18-T22-Aβ,8,60,C4,7,7,R3,R,False,60,True,R2,False,0.08561716323361337,False,0.3804481029510498,valid,False,0.004582858963453202,0.006359093069921174,0.0003569661813202085,4.116716806724797e-05,2.711877086860421e-06,0.028268482844645212,0.8712123680751661,0.08561716323361337,0.003489944271777626,6.924431494891224e-05
P18,22,A,beta,1799551287-β-2,P18-T22-Aβ,9,65,F4,10,10,R1,R,False,65,True,R2,False,0.015531268004389526,False,0.4111011028289795,valid,False,2.5509364421905646e-05,9.1175613910407e-06,6.506407561229534e-07,8.460197876363201e-08,5.80057851172785e-09,0.015531268004389526,0.7824633607656735,0.18538729031709147,0.016158514074267213,0.00042419886945207303
P18,22,A,beta,1799551287-β-2,P18-T22-Aβ,10,60,C4,7,7,L5,L,False,60,True,R2,False,4.577287318642273e-06,False,0.3750011920928955,valid,False,0.004354445543553569,0.008112055229255087,0.0004932945865102288,7.834377654203226e-05,4.577287318642273e-06,0.02118257361959653,0.9099150606103071,0.05316239338728633,0.0026467997141721026,5.045624545826776e-05
P18,22,A,beta,1799551287-β-2,P18-T22-Aβ,11,57,A3,5,5,L4,L,False,57,True,L2,False,0.0013879608306174946,False,0.34682607650756836,valid,False,0.005628458714301768,0.9802774478722094,0.011563292507399549,0.0013879608306174946,0.00010307981435720912,0.000871245408940611,0.00015379044371562672,1.2373918623195432e-05,2.2157499424258923e-06,1.3473989276074152e-07
P18,22,A,beta,1799551287-β-2,P18-T22-Aβ,12,52,E3,2,2,L3,L,False,52,True,L3,True,0.7728320899786789,False,0.7084381580352783,valid,False,0.0006840606439080079,0.0673607029996842,0.7728320899786789,0.14991400149782252,0.009205593316588743,3.1623706418103608e-06,3.526839620580053e-07,3.0740234429960864e-08,5.288699446391258e-09,4.797799893394646e-10
P18,22,A,beta,1799551287-β-2,P18-T22-Aβ,13,55,G3,4,4,L4,L,False,55,True,L3,False,0.17143764929431257,False,0.4109680652618408,valid,False,0.000175554065835213,0.031336712035770035,0.7875675334141327,0.17143764929431257,0.009392896877764916,7.981794745023288e-05,8.817200382854656e-06,8.66497896615276e-07,1.432311389568485e-07,9.435316104996405e-09
P18,22,A,beta,1799551287-β-2,P18-T22-Aβ,14,60,C4,7,7,R2,R,False,60,True,R2,True,0.7505307944194001,False,0.3871779441833496,valid,False,0.0002509487930487199,0.04563982461079831,0.12578420853504083,0.019886939323726583,0.0008053470448657857,0.005913337493015523,0.7505307944194001,0.049441031771831095,0.0017173470410895995,3.022096718362671e-05
P18,22,A,beta,1799551287-β-2,P18-T22-Aβ,15,57,A3,5,5,L5,L,False,57,True,L3,False,0.0019858415073806313,False,0.5096530914306641,valid,False,0.0005087156153977167,0.1059624920968547,0.8143178554876107,0.07630959559517743,0.0019858415073806313,0.0007499413515770867,0.00015187962517152775,1.1741015002510581e-05,1.8646777825814716e-06,7.30280450704327e-08
P18,22,A,beta,1799551287-β-2,P18-T22-Aβ,16,62,D4,8,8,R1,R,False,62,True,R2,False,0.014367136586112637,False,0.35638904571533203,valid,False,6.0256905925270354e-05,0.006089647970684519,0.01881286304812303,0.006438801873939332,0.000164351275003143,0.014367136586112637,0.8844300417506424,0.06568978388107291,0.003837969370315815,0.0001091473381808206
P18,22,A,beta,1799551287-β-2,P18-T22-Aβ,17,67,G4,11,11,R2,R,False,67,True,R2,True,0.7789298496586006,False,0.46678900718688965,valid,False,4.571753938195219e-06,0.00034019784868943344,0.00014480038449204955,2.4603697071445743e-05,5.17525137882464e-07,0.031750897416622,0.7789298496586006,0.17036121722223746,0.017425261958669926,0.0010180825345411724
P18,22,A,beta,1799551287-β-2,P18-T22-Aβ,18,60,C4,7,7,R1,R,False,60,True,R2,False,0.020984290163892298,False,0.42750096321105957,valid,False,0.00013268955487592197,0.013218214507185473,0.08782910184836928,0.06064795446418558,0.0021531612312046277,0.020984290163892298,0.7817975076040147,0.031867789474733156,0.0013520145850632746,1.7276566475764763e-05
P18,22,A,beta,1799551287-β-2,P18-T22-Aβ,19,59,B3,6,6,L3,L,False,59,True,L3,True,0.7555594939767912,False,0.5262930393218994,valid,False,0.0010366420215900017,0.09026708749273239,0.7555594939767912,0.146397870070019,0.0032144072889393888,0.0029907268806251956,0.0004848026703253254,4.225581353659755e-05,6.194996454947095e-06,5.187889856694886e-07
P18,22,A,beta,1799551287-β-2,P18-T22-Aβ,20,64,E4,9,9,R4,R,False,64,True,R2,False,0.005946785552872395,False,0.3542969226837158,valid,False,2.339467310276943e-05,0.002889824847972294,0.013834876354810791,0.003485401659284957,0.00016283317068028992,0.05156539615431824,0.8479747253694495,0.07391019908144097,0.005946785552872395,0.0002065631360678528
P18,22,A,beta,1799551287-β-2,P18-T22-Aβ,21,60,C4,7,7,R3,R,False,60,True,R2,False,0.030743488815404636,False,0.3542001247406006,valid,False,8.21258377024582e-05,0.003696996045848007,0.02953801937653834,0.0509962919288232,0.010776470895927176,0.02241219569172513,0.850375678025931,0.030743488815404636,0.0013575454134307657,2.118796866912773e-05
P18,22,A,beta,1799551287-β-2,P18-T22-Aβ,22,65,F4,10,10,R4,R,False,65,True,R2,False,0.02296333155015384,False,0.2868931293487549,valid,False,7.887780376790238e-06,0.0007243524493585086,0.0022526186651136235,0.0005288861941755019,2.3745474657220735e-05,0.05762166717972202,0.7161564604596687,0.19911820896832097,0.02296333155015384,0.0006028412784527732
P18,22,A,beta,1799551287-β-2,P18-T22-Aβ,23,62,D4,8,8,R3,R,False,62,True,R2,False,0.05821431593946469,False,0.3324432373046875,valid,False,3.1314368814846304e-05,0.0020220893384481275,0.016172809122162363,0.013715932495225866,0.0010958915864342552,0.0222898474351286,0.8837120752306301,0.05821431593946469,0.002675486686910404,7.023779678039084e-05
P18,22,A,beta,1799551287-β-2,P18-T22-Aβ,24,62,D4,8,8,R3,R,False,62,True,R2,False,0.06733203919869962,False,0.2923719882965088,valid,False,3.7660467365681016e-05,0.00215898064938949,0.016361078340246516,0.016838039327594524,0.001286636987561204,0.021107663819438217,0.8709949585573638,0.06733203919869962,0.0037796680515575967,0.00010327460078365897
P18,22,A,beta,1799551287-β-2,P18-T22-Aβ,25,57,A3,5,5,L4,L,False,57,True,L4,True,0.6926634435316312,False,0.996453046798706,valid,False,0.0001684526385617985,0.009731173490894673,0.15224137106891494,0.6926634435316312,0.14309460488668274,0.00144861466995106,0.0005830654876283485,5.7299936111393284e-05,1.1115044030153487e-05,8.592455937668633e-07
P18,22,A,beta,1799551287-β-2,P18-T22-Aβ,26,52,E3,2,2,L2,L,False,52,True,L4,False,0.00188931040470633,False,0.5404970645904541,valid,False,4.485968723527416e-05,0.00188931040470633,0.04025160184622497,0.8987592664369267,0.05904910862696265,4.648477781166125e-06,1.0711903409585835e-06,1.0956585426629488e-07,2.2120964467474802e-08,1.643003184551488e-09
P18,22,A,beta,1799551287-β-2,P18-T22-Aβ,27,55,G3,4,4,L4,L,False,55,True,L3,False,0.14791780702542429,False,0.566072940826416,valid,False,0.00032220726642301313,0.036963368445358,0.8014617417601709,0.14791780702542429,0.01308933252379012,0.00018680495535849264,5.215356379962073e-05,5.334485900632382e-06,1.1667154772472935e-06,8.325829766745182e-08
P18,22,A,beta,1799551287-β-2,P18-T22-Aβ,28,59,B3,6,6,L2,L,False,59,True,L3,False,0.18572097814605268,False,0.511789083480835,valid,False,0.0012513781073664129,0.18572097814605268,0.7713332109483934,0.031833732878953996,0.002405849962208079,0.004893244974935213,0.0022801595758294353,0.00023322431339855033,4.5240862176314995e-05,2.9802306859034903e-06
P18,22,A,beta,1799551287-β-2,P18-T22-Aβ,29,64,E4,9,9,R1,R,False,64,True,R2,False,0.035295678903490724,False,0.3122532367706299,valid,False,7.7569127839115e-05,0.008414067743626859,0.003811254707274383,0.00024055588921989763,9.851664080794967e-06,0.035295678903490724,0.7993193442120677,0.13751878772609524,0.014640044465368048,0.0006728455609372693
P18,23,B,alpha,1799551287-α-8,P18-T23-Bα,0,59,B3,6,6,L2,L,False,59,True,L2,True,0.5485052573054374,False,1.3271980285644531,valid,False,0.0205510058871594,0.5485052573054374,0.2726119587921848,0.10797974339124668,0.0503520346239717,,,,,
P18,23,B,alpha,1799551287-α-8,P18-T23-Bα,1,64,E4,9,9,R4,R,False,64,True,R4,True,0.7312179485711757,False,0.9178330898284912,valid,False,0.00016541845527409777,0.00017812166811947963,8.18633945985904e-06,4.415194725626028e-07,1.533629320860641e-08,0.00022796709954598136,0.01855652987861337,0.2241702748993691,0.7312179485711757,0.025475096232676412
P18,23,B,alpha,1799551287-α-8,P18-T23-Bα,2,65,F4,10,10,R5,R,False,65,True,R5,True,0.9160317257415687,False,0.8603730201721191,valid,False,3.180558442530519e-05,6.995178913641173e-05,2.2429821067799124e-06,8.439950672781574e-08,5.559796779404393e-09,0.0001463094861464432,0.001514450929902779,0.008499871104147898,0.07370355242326217,0.9160317257415687
P18,23,B,alpha,1799551287-α-8,P18-T23-Bα,3,64,E4,9,9,R3,R,False,64,True,R4,False,0.23450528822414096,False,1.0413389205932617,valid,False,0.00012012171259987761,0.0005155495492613701,1.588274687184457e-05,5.516913253472578e-07,3.2232933090251635e-08,0.00013751377831719053,0.01314779205660693,0.23450528822414096,0.663466351399156,0.08809091660878736
P18,23,B,alpha,1799551287-α-8,P18-T23-Bα,4,60,C4,7,7,L2,L,False,60,True,L2,True,0.8385828034995858,False,0.8026890754699707,valid,False,0.012377390800076849,0.8385828034995858,0.023848309357054148,0.0006015253067756905,1.1017320301338593e-05,0.015375078608505273,0.10065645954575819,0.007182972742236321,0.0012862272595055124,7.821556020079276e-05
P18,23,B,alpha,1799551287-α-8,P18-T23-Bα,5,59,B3,6,6,L1,L,False,59,True,L1,True,0.8137911079962825,False,0.8936750888824463,valid,False,0.8137911079962825,0.14000858035562982,0.002099509422248873,7.900087970946673e-05,8.080542310912408e-06,0.04088180486008232,0.0028912927168638683,0.0001982361482514783,3.8453856421405255e-05,3.933222199216616e-06
P18,23,B,alpha,1799551287-α-8,P18-T23-Bα,6,60,C4,7,7,L2,L,False,60,True,R2,False,0.014672683879805935,False,1.576427936553955,valid,False,0.0032726460471158817,0.014672683879805935,0.0004704749915211528,2.5374451075339506e-05,1.6715357332927654e-06,0.011541941936477437,0.940101196806712,0.027826464426137947,0.0020667710819831362,2.0774843437853096e-05
P18,23,B,alpha,1799551287-α-8,P18-T23-Bα,7,65,F4,10,10,R4,R,False,65,True,R4,True,0.7907736230246017,False,0.7554299831390381,valid,False,3.37575055620371e-05,4.213029233821726e-05,1.3508945665957206e-06,7.583214610977057e-08,5.199291123573928e-09,0.00018428480116585683,0.007164753285529267,0.15841613586346537,0.7907736230246017,0.04338388330133369
P18,23,B,alpha,1799551287-α-8,P18-T23-Bα,8,60,C4,7,7,L2,L,False,60,True,L2,True,0.9345385178464132,False,0.6539559364318848,valid,False,0.00572345239934817,0.9345385178464132,0.03809384969009553,0.0013231997331874174,2.5224307744381764e-05,0.01310638987287667,0.006821318923124837,0.00030121012853286165,6.329511301577288e-05,3.541985661415702e-06
P18,23,B,alpha,1799551287-α-8,P18-T23-Bα,9,65,F4,10,10,R4,R,False,65,True,R4,True,0.7355271102797462,False,1.170241117477417,valid,False,4.012293949177652e-05,0.00043965838822542403,1.8326400637514585e-05,8.422677503527403e-07,2.8109229011398573e-08,0.0004682465066293368,0.016565632591359424,0.1813787522917286,0.7355271102797462,0.0655612802252025
P18,23,B,alpha,1799551287-α-8,P18-T23-Bα,10,64,E4,9,9,R2,R,False,64,True,R2,True,0.8395132827378204,False,0.6999721527099609,valid,False,0.00018868923463652193,0.003241812660801938,0.00013708176567980433,6.557291112963041e-06,2.2776920478480422e-07,0.007488217614819271,0.8395132827378204,0.13877061228381615,0.010306989925313016,0.0003465287167951792
P18,23,B,alpha,1799551287-α-8,P18-T23-Bα,11,65,F4,10,10,R3,R,False,65,True,R3,True,0.6683023114589245,False,0.654404878616333,valid,False,3.7058432074618234e-05,0.00039737157367054877,1.537120435826427e-05,7.652872022813117e-07,2.6582449138335893e-08,0.0005549271100179315,0.0904448826089765,0.6683023114589245,0.2362145809490318,0.004032704793294313
P18,23,B,alpha,1799551287-α-8,P18-T23-Bα,12,64,E4,9,9,R2,R,False,64,True,R2,True,0.8386265791828483,False,0.5469322204589844,valid,False,0.00019386953075100177,0.0031939929243144176,0.00013693697834713255,6.817690703057392e-06,2.2752863233914e-07,0.00403537770001459,0.8386265791828483,0.13862404117199714,0.01475770809417878,0.0004244491982132605
P18,23,B,alpha,1799551287-α-8,P18-T23-Bα,13,59,B3,6,6,L2,L,False,59,True,L2,True,0.8942741286826514,False,0.6283059120178223,valid,False,0.007618356232258958,0.8942741286826514,0.07794569449640133,0.003582326178048103,0.0001060348314573772,0.00901019439172053,0.007071073872435354,0.00035204803832115543,3.900803454124799e-05,1.1352421645488062e-06
P18,23,B,alpha,1799551287-α-8,P18-T23-Bα,14,60,C4,7,7,L3,L,False,60,True,L3,True,0.7654318282754592,False,1.402759075164795,valid,False,0.0011674739459188665,0.13168861466147996,0.7654318282754592,0.04128256087594842,0.00017212060706562615,0.009428087481855587,0.04844553397030667,0.002139217602708783,0.00023703206680443354,7.530512452385787e-06
P18,23,B,alpha,1799551287-α-8,P18-T23-Bα,15,65,F4,10,10,R3,R,False,65,True,R3,True,0.5932304040315624,False,0.6744551658630371,valid,False,2.6681822240522652e-05,0.001826055675637099,0.00042253393766378283,1.6633686045094372e-05,3.168343223649426e-07,0.0017501640705269222,0.23620822103611397,0.5932304040315624,0.16494018008369324,0.0015788088221946744
P18,23,B,alpha,1799551287-α-8,P18-T23-Bα,16,60,C4,7,7,L3,L,False,60,True,L3,True,0.7110850421433739,False,0.7525811195373535,valid,False,0.0011962702810714072,0.1389331563568447,0.7110850421433739,0.020477369478452516,0.0002057613269996481,0.005254997376881595,0.11227193197760112,0.00920107521559868,0.0013475628915698814,2.6832951606640167e-05
P18,23,B,alpha,1799551287-α-8,P18-T23-Bα,17,59,B3,6,6,L1,L,False,59,True,L1,True,0.9366556419025845,False,0.8623061180114746,valid,False,0.9366556419025845,0.03125926159707747,0.0008206288875598981,6.872211005840138e-05,9.300526229371421e-06,0.0070366894710129305,0.02204939810512676,0.001826343176367796,0.00026765944205288416,6.354781929911953e-06
P18,23,B,alpha,1799551287-α-8,P18-T23-Bα,18,60,C4,7,7,L2,L,False,60,True,L2,True,0.8417234181412137,False,0.7773540019989014,valid,False,0.004587684953616056,0.8417234181412137,0.08271917838789637,0.0018504918678450932,1.5229079988633717e-05,0.003371816022370295,0.058449080168662695,0.006394584614959338,0.000865412920046008,2.3103843401877795e-05
P18,23,B,alpha,1799551287-α-8,P18-T23-Bα,19,59,B3,6,6,L1,L,False,59,True,L1,True,0.9525924050389246,False,0.8396141529083252,valid,False,0.9525924050389246,0.027090608430965425,0.0005164313647487919,3.1404223632000795e-05,1.386721592007959e-06,0.004463149610707234,0.013581472754047662,0.0015207248793046271,0.00019773789565673047,4.679080421110893e-06
P18,23,B,alpha,1799551287-α-8,P18-T23-Bα,20,60,C4,7,7,L3,L,False,60,True,L3,True,0.7020048550458287,False,0.9745006561279297,valid,False,0.0014649630002252741,0.18209232176733,0.7020048550458287,0.03393727001402491,0.00013061696382931504,0.005752987428368483,0.06401933966123687,0.009435826939450623,0.0011325976738945317,2.92215058112941e-05
P18,23,B,alpha,1799551287-α-8,P18-T23-Bα,21,59,B3,6,6,L4,L,False,59,True,L4,True,0.6903262468673905,False,0.7966442108154297,valid,False,0.0008002463248807421,0.0259757732978603,0.26417819738234877,0.6903262468673905,0.00412540545630305,0.00279742261674337,0.010401109241955565,0.0012425482452294956,0.00014914508937894936,3.905477909257483e-06
P18,23,B,alpha,1799551287-α-8,P18-T23-Bα,22,57,A3,5,5,L5,L,False,57,True,L5,True,0.8804924932845705,False,1.6559388637542725,valid,False,0.00116761065151375,0.002264507203246777,0.00975489876337279,0.10308998988199153,0.8804924932845705,0.000680314094313133,0.0022687556841355723,0.0002516996927314686,2.9027297529499758e-05,7.034465949772071e-07
P18,23,B,alpha,1799551287-α-8,P18-T23-Bα,23,62,D4,8,8,R4,R,False,62,True,R4,True,0.6956595362733328,False,0.947171688079834,valid,False,0.0008974242825106863,0.00017637557100419975,5.2206172791387365e-06,7.065337181421952e-07,7.521652292693079e-08,0.0013032489886309572,0.016142047493622018,0.2559188414498184,0.6956595362733328,0.029896523573560724
P18,23,B,alpha,1799551287-α-8,P18-T23-Bα,24,64,E4,9,9,R5,R,False,64,True,R5,True,0.8940198253987762,False,0.7852880954742432,valid,False,0.00047915388932137713,8.011661253178733e-05,2.0207793017729218e-06,2.627593275793388e-07,3.282657855164357e-08,0.00011561748420077048,0.0013843733573838065,0.004374218831157808,0.09954437806142026,0.8940198253987762
P18,23,B,alpha,1799551287-α-8,P18-T23-Bα,25,65,F4,10,10,R4,R,False,65,True,R4,True,0.6724502487032614,False,0.8138511180877686,valid,False,4.2357541818920304e-05,5.466745179147573e-06,1.3788757608423896e-07,1.792934376438445e-08,2.0677037397606676e-09,6.273574275831419e-05,0.00795319297522026,0.2691253867758431,0.6724502487032614,0.05036045363129531
P18,23,B,alpha,1799551287-α-8,P18-T23-Bα,26,64,E4,9,9,R5,R,False,64,True,R5,True,0.711564028319828,False,0.7915151119232178,valid,False,0.0004131287430868833,7.189600379022802e-05,1.8134310943543192e-06,2.2655233142519263e-07,2.719344528403322e-08,0.00016562930602754126,0.004916439807196601,0.04893584438287809,0.23393096626032164,0.711564028319828
P18,23,B,alpha,1799551287-α-8,P18-T23-Bα,27,59,B3,6,6,L2,L,False,59,True,L2,True,0.9790568767812785,False,0.7962570190429688,valid,False,0.008373957066628928,0.9790568767812785,0.0029641482932919847,0.0005307786167182228,2.6425911278750415e-05,0.0033420678683010927,0.004690140692591265,0.0008531220573526827,0.00015576477827376517,6.71793428466641e-06
P18,23,B,alpha,1799551287-α-8,P18-T23-Bα,28,60,C4,7,7,L3,L,False,60,True,L3,True,0.786494519535065,False,0.7130520343780518,valid,False,0.0013070811813484407,0.1505148734013063,0.786494519535065,0.032919391975973405,0.00026029541169961316,0.007511282267754573,0.01697097491375067,0.003412535062448721,0.0005907692787973593,1.8276971855739276e-05
P18,23,B,alpha,1799551287-α-8,P18-T23-Bα,29,57,A3,5,5,L3,L,False,57,True,L3,True,0.7725425249127641,False,0.6110861301422119,valid,False,0.0006341523816057867,0.11139607637046424,0.7725425249127641,0.1132601126939707,0.0016318054757996378,0.00029315214357524135,0.00019869166887960752,3.6493021652641226e-05,6.725007251424675e-06,2.6632403671856594e-07
P18,24,B,gamma,1799551287-γ-5,P18-T24-Bγ,0,52,E3,2,2,L1,L,False,52,True,L1,True,0.8752534356620602,False,1.2617990970611572,valid,False,0.8752534356620602,0.11845267161914329,0.0050254423764086115,0.0009748355247061831,0.0002936148176078968,8.517683621200706e-15,1.5148080465689627e-14,1.5762994606110615e-14,1.6014678409263164e-14,1.84455473329966e-14
P18,24,B,gamma,1799551287-γ-5,P18-T24-Bγ,1,59,B3,6,6,L4,L,False,59,True,L4,True,0.5525014600961661,False,1.0642869472503662,valid,False,0.0007353571627962513,0.020579295169537624,0.40092108636611135,0.5525014600961661,0.020302143985490288,0.0024691819247078177,0.0019989080130562494,0.00042004267655536704,6.671009674558526e-05,5.814508833456362e-06
P18,24,B,gamma,1799551287-γ-5,P18-T24-Bγ,2,72,C5,14,14,R1,R,False,72,True,R1,True,0.9188902200212925,False,0.8214080333709717,valid,False,3.975682352891031e-08,1.9272461607793352e-08,1.4314346846091842e-09,1.8612760674639858e-10,4.69469194110548e-12,0.9188902200212925,0.05815818695352695,0.01377928888391495,0.005491308992844292,0.003680934496879308
P18,24,B,gamma,1799551287-γ-5,P18-T24-Bγ,3,64,E4,9,9,R2,R,False,64,True,R2,True,0.8434730891644389,False,0.5397191047668457,valid,False,0.0003281224752228622,0.0004953592597946645,5.0667428927293085e-05,4.243053930834866e-06,7.771424358259549e-08,0.042594007047873625,0.8434730891644389,0.09727363610023741,0.015448748513500948,0.00033204924182973994
P18,24,B,gamma,1799551287-γ-5,P18-T24-Bγ,4,67,G4,11,11,R4,R,False,67,True,R4,True,0.27544720626086555,True,0.663344144821167,valid,False,3.841092210286915e-06,3.6188317776377234e-06,4.009779905442392e-07,3.0997499482498296e-08,5.90908875389037e-10,0.007698362615107471,0.2542698186659363,0.4451431791937309,0.27544720626086555,0.01743354077397288
P18,24,B,gamma,1799551287-γ-5,P18-T24-Bγ,5,62,D4,8,8,R3,R,False,62,True,R3,True,0.66898388446802,False,0.5479187965393066,valid,False,0.0010147787316823894,0.0023768117073976703,0.0002530318195606542,2.0358840696968875e-05,3.8810290705103236e-07,0.005523253336074726,0.20149407386430898,0.66898388446802,0.11979236720655577,0.0005410519227955885
P18,24,B,gamma,1799551287-γ-5,P18-T24-Bγ,6,72,C5,14,14,R5,R,False,72,True,R5,True,0.9850191550258757,False,0.9296889305114746,valid,False,5.10940055471868e-08,3.918020503565366e-08,3.6994037043433097e-09,2.976525672592253e-10,6.1467711313582085e-12,5.819496437816653e-06,7.66114331797179e-05,0.0007065658238329996,0.014191753943260225,0.9850191550258757
P18,24,B,gamma,1799551287-γ-5,P18-T24-Bγ,7,55,G3,4,4,L5,L,False,55,True,L5,True,0.9553872370449223,False,1.1721138954162598,valid,False,0.00047807458632915763,0.00041161355144659056,0.0038774420370905186,0.03984305818098796,0.9553872370449223,2.3124284690555598e-06,2.2596197510784848e-07,3.234516493351947e-08,3.734549890491013e-09,1.29064557146652e-10
P18,24,B,gamma,1799551287-γ-5,P18-T24-Bγ,8,64,E4,9,9,R2,R,False,64,True,R2,True,0.8513063384258869,False,0.7531089782714844,valid,False,2.9312963534845488e-05,0.0031332153178826785,0.013700908832147807,0.004018076900583866,0.0003154006712239869,0.007291957572570441,0.8513063384258869,0.11521178443199107,0.004887945335735344,0.00010505954844288723
P18,24,B,gamma,1799551287-γ-5,P18-T24-Bγ,9,59,B3,6,6,L3,L,False,59,True,L3,True,0.7641302060806874,False,0.7766830921173096,valid,False,0.001264195512065901,0.10093870804319582,0.7641302060806874,0.12871497889935765,0.003672403025072146,0.0007401153060719854,0.0004583953451081257,7.38614647017834e-05,6.974015982748188e-06,1.6230775643607208e-07
P18,24,B,gamma,1799551287-γ-5,P18-T24-Bγ,10,71,B4,13,13,R4,R,False,71,True,R4,True,0.48834529788959796,False,0.780371904373169,valid,False,2.976843358405849e-07,9.768531906238068e-06,2.0922922258493245e-06,2.8104456377759887e-07,1.1823120990809927e-08,0.0009910629086281166,0.05198851003396728,0.3841460171408034,0.48834529788959796,0.07451666065085072
P18,24,B,gamma,1799551287-γ-5,P18-T24-Bγ,11,57,A3,5,5,L1,L,False,57,True,L1,True,0.7555278473700018,False,0.725836992263794,valid,False,0.7555278473700018,0.2368475394224778,0.0070105533878103785,0.0005419490100085767,6.250033517569726e-05,9.468807545796485e-06,1.1708816505725197e-07,1.6492854038507177e-08,6.067381927008186e-09,2.018578887454904e-09
P18,24,B,gamma,1799551287-γ-5,P18-T24-Bγ,12,65,F4,10,10,R1,R,False,65,True,R1,True,0.94537025760578,False,0.565946102142334,valid,False,0.0001245849072219749,5.0366785336678025e-05,3.3178996153010165e-06,3.132768222196478e-07,1.980662707744555e-08,0.94537025760578,0.048988063076432393,0.004269841289215093,0.0009719768008426829,0.000221258552106522
P18,24,B,gamma,1799551287-γ-5,P18-T24-Bγ,13,69,A4,12,12,R5,R,False,69,True,R5,True,0.9181164206414316,False,0.6938199996948242,valid,False,1.763148436124646e-06,5.543713452121476e-07,3.1119503985523615e-08,3.058225238886624e-09,2.2701393088164418e-10,0.00021636618541530153,0.0014629590305303244,0.009227150623681001,0.07097475159441728,0.9181164206414316
P18,24,B,gamma,1799551287-γ-5,P18-T24-Bγ,14,52,E3,2,2,L1,L,False,52,True,L1,True,0.9637641392882291,False,0.8642542362213135,valid,False,0.9637641392882291,0.03484280277827071,0.001162818263293628,0.0001846758036064135,4.5540492482817935e-05,2.3190466466484907e-08,1.4175673189919394e-10,2.5383831921710983e-11,1.0958467365557631e-11,5.551745777675274e-12
P18,24,B,gamma,1799551287-γ-5,P18-T24-Bγ,15,53,F3,3,3,L5,L,False,53,True,L5,True,0.8797720037497261,False,0.829988956451416,valid,False,0.00029686033140507783,0.0009440632718501834,0.00907676837811226,0.10991010311482531,0.8797720037497261,1.9895006336509988e-07,1.8133452524487763e-09,2.5542494884460814e-10,9.780039581315727e-11,3.744707580240815e-11
P18,24,B,gamma,1799551287-γ-5,P18-T24-Bγ,16,60,C4,7,7,R1,R,False,60,True,R1,True,0.9868211238704769,False,0.7718210220336914,valid,False,0.004030679239020827,0.007409900031278718,0.0003405534972812993,3.215513722358161e-05,2.2046576303123867e-06,0.9868211238704769,0.0012248482370034715,0.00012037022807151194,1.69551602520592e-05,1.2099417611189207e-06
P18,24,B,gamma,1799551287-γ-5,P18-T24-Bγ,17,52,E3,2,2,L3,L,False,52,True,L3,True,0.7499297965244422,False,0.7827630043029785,valid,False,0.0006006897049521654,0.04044647914296889,0.7499297965244422,0.2003327226477456,0.008683803845499483,6.434768381528958e-06,6.638626319452786e-08,5.786283225414231e-09,1.1224234647729302e-09,7.104016593383381e-11
P18,24,B,gamma,1799551287-γ-5,P18-T24-Bγ,18,62,D4,8,8,L1,L,False,62,True,L1,True,0.43477046227690513,False,1.4477267265319824,valid,False,0.43477046227690513,0.417722868611024,0.0053378247451877575,0.000200853040303625,5.712024406505825e-06,0.13629453177975182,0.004927433276429897,0.0006155852848187439,0.00011472907712302187,9.99988404948991e-06
P18,24,B,gamma,1799551287-γ-5,P18-T24-Bγ,19,62,D4,8,8,R2,R,False,62,True,R2,True,0.88529888749464,False,0.6412053108215332,valid,False,0.0009670947330111224,0.0006101352128145961,3.1616546057003004e-05,2.256196865615685e-06,2.499937385974163e-07,0.0331099357219075,0.88529888749464,0.0712308003436173,0.008549948965418818,0.00019907479192943087
P18,24,B,gamma,1799551287-γ-5,P18-T24-Bγ,20,57,A3,5,5,R4,R,False,57,True,R4,True,0.686416558669084,False,0.9743950366973877,valid,False,0.00419230072851619,0.0005551508900725881,2.994133450968931e-05,2.609712209772521e-06,5.482696957450165e-07,0.001976827365309448,0.03433006275709869,0.2409488054854778,0.686416558669084,0.03154719478802614
P18,24,B,gamma,1799551287-γ-5,P18-T24-Bγ,21,64,E4,9,9,R1,R,False,64,True,R1,True,0.9848524761702229,False,0.7274758815765381,valid,False,5.48402668959382e-05,1.9743656137996302e-06,7.137890785667247e-08,1.6248529583854084e-08,2.380623499071261e-09,0.9848524761702229,0.013632980032657,0.0012367560457980718,0.00020443439937174667,1.6448711379527607e-05
P18,24,B,gamma,1799551287-γ-5,P18-T24-Bγ,22,53,F3,3,3,L2,L,False,53,True,L2,True,0.9156000362224772,False,0.712162971496582,valid,False,0.013898596262958248,0.9156000362224772,0.06277642642718415,0.006683084467712227,0.0010335553397134748,8.164385175792823e-06,1.2091528610946903e-07,1.3397795595214419e-08,2.305021918707727e-09,2.7667553465709086e-10
P18,24,B,gamma,1799551287-γ-5,P18-T24-Bγ,23,57,A3,5,5,R3,R,False,57,True,R3,True,0.655190665190469,False,0.757969856262207,valid,False,0.01586529919385947,0.0019836256075233412,0.00019493800094794886,2.7458658991033228e-05,3.681774066161943e-06,0.0026777065133452515,0.23158020818725883,0.655190665190469,0.09228912250093854,0.00018729437260025467
P18,24,B,gamma,1799551287-γ-5,P18-T24-Bγ,24,60,C4,7,7,L5,L,False,60,True,L5,True,0.8965940599277233,False,1.0316250324249268,valid,False,0.0015185751447410291,0.003332225468272436,0.012230104553425037,0.08598180623547036,0.8965940599277233,0.0002800718043566886,5.174658737740267e-05,8.553653362745841e-06,2.1953873178737444e-06,6.61237953049026e-07
P18,24,B,gamma,1799551287-γ-5,P18-T24-Bγ,25,53,F3,3,3,L3,L,False,53,True,L3,True,0.5943818878228186,False,0.8039150238037109,valid,False,0.00019628990548162795,0.016718698475820415,0.5943818878228186,0.33951632171196355,0.04918629959630368,4.144215100653164e-07,8.169824981489726e-08,5.1708267026725476e-09,1.0439719064233712e-09,1.5305354975016093e-10
P18,24,B,gamma,1799551287-γ-5,P18-T24-Bγ,26,60,C4,7,7,L2,L,False,60,True,L2,True,0.9605391495933681,False,0.7553551197052002,valid,False,0.0041682435705501855,0.9605391495933681,0.03205633234684151,0.001069824633349075,3.534845985844536e-05,0.001783341147050321,0.0003222249873258352,2.039418925751493e-05,4.460451615371681e-06,6.806207837130277e-07
P18,24,B,gamma,1799551287-γ-5,P18-T24-Bγ,27,60,C4,7,7,R1,R,False,60,True,R1,True,0.9601237112780164,False,0.6481537818908691,valid,False,0.014804671768358214,0.022289040572187162,0.0008386977426358281,4.9001474156421775e-05,2.8587977897208953e-06,0.9601237112780164,0.001723048496163105,0.0001386358044116566,2.7990086180101566e-05,2.3439801013252548e-06
P18,24,B,gamma,1799551287-γ-5,P18-T24-Bγ,28,59,B3,6,6,L4,L,False,59,True,L4,True,0.6147276001537216,False,0.8762781620025635,valid,False,0.0003885868174539273,0.014546834580622834,0.35054500056519683,0.6147276001537216,0.014486493511701547,0.005113408805023321,0.0001702378789189068,1.8862894657119465e-05,2.5528151910836505e-06,4.219775129213042e-07
P18,24,B,gamma,1799551287-γ-5,P18-T24-Bγ,29,64,E4,9,9,R5,R,False,64,True,R5,True,0.8466725994066945,False,1.019909143447876,valid,False,0.00021968472161738975,8.077394498513232e-06,2.6956906717493465e-07,3.797107313142037e-08,5.794010064825811e-09,0.0047955512114166874,0.0052389436451755235,0.01893673256842459,0.12412809771802238,0.8466725994066945
P18,25,C,gamma,1799551287-γ-1,P18-T25-Cγ,0,55,G3,4,4,L3,L,False,55,True,L3,True,0.8324410483249165,False,1.1709489822387695,valid,False,8.509399400707785e-05,0.10798530156278949,0.8324410483249165,0.0583332360379804,0.001155320080306432,,,,,
P18,25,C,gamma,1799551287-γ-1,P18-T25-Cγ,1,60,C4,7,7,L5,L,False,60,True,L5,True,0.8837908289251719,False,0.7457070350646973,valid,False,0.0001902387422442142,0.001071929777134086,0.008828311746305129,0.10608285245937864,0.8837908289251719,2.9451843909638568e-05,5.882463841200196e-06,4.03320275151175e-07,8.14289591896686e-08,1.9292780792626117e-08
P18,25,C,gamma,1799551287-γ-1,P18-T25-Cγ,2,57,A3,5,5,L2,L,False,57,True,L2,True,0.937832693212424,False,0.48784708976745605,valid,False,0.002424728612474074,0.937832693212424,0.054793499664217274,0.004588584403366458,0.0003567062388582423,2.995449647789419e-06,7.198782680883683e-07,5.792112235792453e-08,1.1235541764526158e-08,3.3840801471730786e-09
P18,25,C,gamma,1799551287-γ-1,P18-T25-Cγ,3,48,C3,0,0,L4,L,False,48,True,L4,True,0.7994289050851835,False,0.626187801361084,valid,False,7.1284897810902155e-06,0.0010448753584566285,0.05059726908065265,0.7994289050851835,0.1489218216134389,3.126216430809432e-10,5.499066486201905e-11,3.7703334319808475e-12,8.246167393475484e-13,2.8003615505434697e-13
P18,25,C,gamma,1799551287-γ-1,P18-T25-Cγ,4,64,E4,9,9,R2,R,False,64,True,R2,True,0.8807270618312663,False,0.47026896476745605,valid,False,0.0003184231792433287,0.014337471351080043,0.0013097033903251899,8.073229393347733e-05,2.853197752906514e-06,0.0117983697892933,0.8807270618312663,0.0871788162490168,0.004170189041506743,7.637967658199402e-05
P18,25,C,gamma,1799551287-γ-1,P18-T25-Cγ,5,69,A4,12,12,R5,R,False,69,True,R5,True,0.3598994635868951,True,0.7335419654846191,valid,False,3.3651144027295996e-06,0.0002268685770674046,7.482354832606165e-05,6.4929905953550485e-06,1.3541438041891851e-07,0.0006049143758335661,0.020040070954355088,0.14295015572207137,0.4761937097160728,0.3598994635868951
P18,25,C,gamma,1799551287-γ-1,P18-T25-Cγ,6,53,F3,3,3,L2,L,False,53,True,L2,True,0.7486586062929861,False,0.6213648319244385,valid,False,0.0009415012159712117,0.7486586062929861,0.20815501785475254,0.040333701921068096,0.0019111181125361276,5.148915153947284e-08,2.394415742976895e-09,3.960533471528711e-10,2.1735868543148232e-10,1.0570657551245742e-10
P18,25,C,gamma,1799551287-γ-1,P18-T25-Cγ,7,53,F3,3,3,L2,L,False,53,True,L5,False,0.0004290028518124363,False,0.5308747291564941,valid,False,3.2095602207019166e-05,0.0004290028518124363,0.007184593743590695,0.11418695379330547,0.8781672372347663,1.1042954306253627e-07,4.920192268340893e-09,7.5077265857034e-10,4.2884814746524884e-10,2.449619488469236e-10
P18,25,C,gamma,1799551287-γ-1,P18-T25-Cγ,8,65,F4,10,10,R2,R,False,65,True,R2,True,0.8687819743039064,False,0.47829222679138184,valid,False,2.3732710354360636e-05,0.0027174654331555345,0.0073926416992950205,0.0010694256190806263,5.501702884238577e-05,0.015912296914391885,0.8687819743039064,0.09626378668113682,0.007441647043474459,0.0003420125663626437
P18,25,C,gamma,1799551287-γ-1,P18-T25-Cγ,9,50,D3,1,1,L4,L,False,50,True,L4,True,0.5478691036903354,False,1.5066070556640625,valid,False,3.7901160381965936e-05,0.01828418350037944,0.3528476567627521,0.5478691036903354,0.08096115340996694,1.1299201465999907e-09,3.139715050316198e-10,2.6292986575384212e-11,4.523573294863282e-12,1.4759505656102562e-12
P18,25,C,gamma,1799551287-γ-1,P18-T25-Cγ,10,60,C4,7,7,L2,L,False,60,True,L2,True,0.9669982526806553,False,0.49344897270202637,valid,False,0.0038833065659636757,0.9669982526806553,0.027568863406046393,0.0012173629445602972,4.401111771829896e-05,0.0002079929917328749,7.402791689633151e-05,4.8765708462439924e-06,9.845626736109124e-07,3.212429069392795e-07
P18,25,C,gamma,1799551287-γ-1,P18-T25-Cγ,11,55,G3,4,4,L4,L,False,55,True,L4,True,0.8247082809379775,False,0.62257981300354,valid,False,0.00013022600273897126,0.004216992600440959,0.10287265169324582,0.8247082809379775,0.06807131002342645,4.170025060987929e-07,1.1335679054300198e-07,6.363256552769994e-09,1.5076321129671173e-09,5.119851198822594e-10
P18,25,C,gamma,1799551287-γ-1,P18-T25-Cγ,12,65,F4,10,10,R2,R,False,65,True,R2,True,0.8946771001801824,False,0.4325449466705322,valid,False,9.436169902086537e-05,0.008305613759272886,0.0026021433843567503,0.00020543874352386084,5.134491767846785e-06,0.03503904009892261,0.8946771001801824,0.05440537049130531,0.004377434714793039,0.00028836243685460307
P18,25,C,gamma,1799551287-γ-1,P18-T25-Cγ,13,67,G4,11,11,R5,R,False,67,True,R5,True,0.2780233209989055,True,0.600013017654419,valid,False,1.1858217368118248e-05,0.0011183287761211997,0.000671986621567662,8.453912451387618e-05,1.8027777055474438e-06,0.0005806363407978828,0.014832675154460994,0.1774089397132722,0.5272659122752871,0.2780233209989055
P18,25,C,gamma,1799551287-γ-1,P18-T25-Cγ,14,48,C3,0,0,L3,L,False,48,True,L3,True,0.4876368204720887,False,0.7911312580108643,valid,False,2.8282562818484117e-05,0.009675248355830196,0.4876368204720887,0.4876368204720887,0.01502282796298748,1.556676022865531e-10,1.568706904666973e-11,2.2096557747932994e-12,5.030009326978892e-13,1.1917488359912791e-13
P18,25,C,gamma,1799551287-γ-1,P18-T25-Cγ,15,50,D3,1,1,L5,L,False,50,True,L5,True,0.8984227509625297,False,1.050868034362793,valid,False,1.3174835800460507e-06,5.264473067656464e-05,0.0019751428541866485,0.09954807835122483,0.8984227509625297,6.533895361287415e-08,2.7148491168282687e-10,5.835188462917626e-12,1.1319101048120891e-12,3.964899671396216e-13
P18,25,C,gamma,1799551287-γ-1,P18-T25-Cγ,16,62,D4,8,8,R3,R,False,62,True,R3,True,0.7034299532121167,False,0.8343429565429688,valid,False,0.00037033906498083584,2.468778716462366e-06,6.74562244324009e-08,7.779397247437343e-09,1.5253489985054526e-09,0.0002175517069490502,0.1537675548265349,0.7034299532121167,0.1420200582066697,0.00019199744306157128
P18,25,C,gamma,1799551287-γ-1,P18-T25-Cγ,17,53,F3,3,3,L4,L,False,53,True,L4,True,0.836148119139092,False,0.5036847591400146,valid,False,2.1761062717593618e-05,0.002248869436294184,0.08552474706283075,0.836148119139092,0.07605630514750493,1.9641717866650126e-07,1.6558530785733021e-09,6.749622094701064e-11,9.895415908320118e-12,1.1371539983222537e-12
P18,25,C,gamma,1799551287-γ-1,P18-T25-Cγ,18,71,B4,13,13,R1,R,False,71,True,R1,True,0.9595170627248153,False,0.49907398223876953,valid,False,1.8608795909656982e-06,0.00021945309007664402,5.0116959305869455e-05,1.8471751537075354e-06,2.3089478107254712e-08,0.9595170627248153,0.036104954447076766,0.0030235453452575082,0.0007760254974680991,0.0003051107917772343
P18,25,C,gamma,1799551287-γ-1,P18-T25-Cγ,19,62,D4,8,8,L2,L,False,62,True,L2,True,0.9704428768987641,False,0.5943808555603027,valid,False,0.0016143428923227848,0.9704428768987641,0.025506364163340456,0.000998928570449629,1.559083552121826e-05,0.0014112812950468328,9.647350084911094e-06,7.16543211092705e-07,1.8390853727984925e-07,6.754272187988078e-08
P18,25,C,gamma,1799551287-γ-1,P18-T25-Cγ,20,72,C5,14,14,R3,R,False,72,True,R3,True,0.4668969099168802,False,0.6417331695556641,valid,False,2.074074013411557e-07,8.122630909259376e-07,2.0939117108208463e-08,1.0850423751002637e-09,2.4648526674819168e-11,0.0020916777051276387,0.44858962022099214,0.4668969099168802,0.08032721528605276,0.002093535151647135
P18,25,C,gamma,1799551287-γ-1,P18-T25-Cγ,21,60,C4,7,7,L4,L,False,60,True,L4,True,0.8163462344536384,False,0.5110859870910645,valid,False,6.343899052284145e-05,0.009630753747389361,0.16681549491932926,0.8163462344536384,0.006410592171125744,0.0007270936525453789,5.705186247669507e-06,5.835504495072698e-07,9.267798039428118e-08,1.0650771368785328e-08
P18,25,C,gamma,1799551287-γ-1,P18-T25-Cγ,22,62,D4,8,8,R5,R,False,62,True,R5,True,0.9390546817066779,False,0.8081560134887695,valid,False,0.00025225093385300375,2.6517348428124e-07,1.2684544317384653e-08,3.670706937199592e-09,6.242735582144102e-10,5.2707468733846126e-05,0.0009700450234558361,0.004572859466910134,0.05509717324736019,0.9390546817066779
P18,25,C,gamma,1799551287-γ-1,P18-T25-Cγ,23,57,A3,5,5,R3,R,False,57,True,R3,True,0.7144385741172067,False,0.8712940216064453,valid,False,0.005279705425613404,0.0008281980380794637,2.655590948016967e-05,6.548606652517963e-06,5.211113494532011e-07,0.00034352239368357323,0.1344305866991872,0.7144385741172067,0.14424266043533057,0.0004031272634168012
P18,25,C,gamma,1799551287-γ-1,P18-T25-Cγ,24,57,A3,5,5,L1,L,False,57,True,L1,True,0.9090308731179503,False,1.4398880004882812,valid,False,0.9090308731179503,0.0893337233263644,0.0011881281166535396,6.15675124674565e-05,3.8967167375695496e-06,0.0002690116783657312,9.184793567128846e-05,1.930056434986512e-05,1.6162915144074491e-06,3.473992546812544e-08
P18,25,C,gamma,1799551287-γ-1,P18-T25-Cγ,25,59,B3,6,6,R5,R,False,59,True,R5,True,0.9231022094271017,False,0.8573310375213623,valid,False,0.0034370072334966926,0.00020317449911028666,7.345333483046846e-06,1.0346520755604573e-06,9.379003398010791e-08,0.00012040116873510678,0.0024947782073832642,0.009048073491693938,0.06158588219688629,0.9231022094271017
P18,25,C,gamma,1799551287-γ-1,P18-T25-Cγ,26,69,A4,12,12,R1,R,False,69,True,R1,True,0.986674296441688,False,0.7121820449829102,valid,False,5.079096625884565e-06,1.3259050335817838e-06,3.213193995026098e-08,2.203067152085738e-09,8.980187263135726e-11,0.986674296441688,0.011182387450664416,0.001513371572897212,0.00045581875822910584,0.0001676863500527842
P18,25,C,gamma,1799551287-γ-1,P18-T25-Cγ,27,71,B4,13,13,R1,R,False,71,True,R1,True,0.9701061414895366,False,0.5694961547851562,valid,False,1.4875141808928375e-06,9.466373253813442e-07,4.180082380923158e-08,2.2544725602243767e-09,4.473120366599482e-11,0.9701061414895366,0.02446896279428995,0.0029370494521848683,0.0014879591598948997,0.000997408852559901
P18,25,C,gamma,1799551287-γ-1,P18-T25-Cγ,28,62,D4,8,8,L3,L,False,62,True,L3,True,0.8045127637039945,False,0.6985461711883545,valid,False,0.001314185178725161,0.1623620488253603,0.8045127637039945,0.03150785348349941,0.00015416016750569134,0.00014679954011536417,1.3743654183705888e-06,3.671415210478494e-07,2.4610232129038896e-07,2.0149153884431978e-07
P18,25,C,gamma,1799551287-γ-1,P18-T25-Cγ,29,65,F4,10,10,R4,R,False,65,True,R4,True,0.8158133283906888,False,0.6569457054138184,valid,False,5.7923926661684445e-06,2.5525963803398433e-08,7.863888588984212e-10,1.7199259120787276e-10,2.83537847448094e-11,0.0019052526465764155,0.021341868017122675,0.14035649298800565,0.8158133283906888,0.020577239052241295
P18,26,A,gamma,1799551287-γ-8,P18-T26-Aγ,0,71,B4,13,13,R4,R,False,71,True,R5,False,0.02267889583000402,False,1.9747698307037354,valid,False,1.829373417262043e-07,7.347142612878125e-08,4.840148252274178e-09,1.1935658640380869e-09,5.063791631021672e-11,1.2189949167559052e-05,0.00021651810205637826,0.003069254790647229,0.02267889583000402,0.9740228788350049
P18,26,A,gamma,1799551287-γ-8,P18-T26-Aγ,1,65,F4,10,10,R2,R,False,65,True,R1,False,0.022804678500906058,False,0.3397839069366455,valid,False,1.4434321091816787e-05,0.0013277650189915324,0.002535551026961467,0.0013366007216851746,0.00013806073996578276,0.9700288023232819,0.022804678500906058,0.0013323785285217708,0.00035592534054947853,0.00012580347804498634
P18,26,A,gamma,1799551287-γ-8,P18-T26-Aγ,2,57,A3,5,5,R4,R,False,57,True,L3,False,6.527032485215419e-08,False,0.4033520221710205,valid,False,0.0007968651257981839,0.06537982634452749,0.6539474076079481,0.2684429379602844,0.011415838971343132,1.0215688734159918e-05,6.493373599643272e-06,3.3647958873147907e-07,6.527032485215419e-08,1.317785131602998e-08
P18,26,A,gamma,1799551287-γ-8,P18-T26-Aγ,3,64,E4,9,9,R2,R,False,64,True,R2,True,0.8830124710331395,False,0.3740360736846924,valid,False,8.198140710532117e-05,0.005308388254409423,0.009150381585293316,0.0018010497743822303,5.4272046297038324e-05,0.040307645106065715,0.8830124710331395,0.05588742077530343,0.0043203625570803076,7.602746092371293e-05
P18,26,A,gamma,1799551287-γ-8,P18-T26-Aγ,4,53,F3,3,3,L4,L,False,53,True,L4,True,0.7049345178841129,False,0.41121411323547363,valid,False,0.0001808828441142208,0.008634293708531745,0.15417755858418408,0.7049345178841129,0.13207252490830534,1.4157792228935618e-07,7.323075434288161e-08,5.8921176963998505e-09,1.2381464637739665e-09,1.3181122073583742e-10
P18,26,A,gamma,1799551287-γ-8,P18-T26-Aγ,5,72,C5,14,14,R5,R,False,72,True,R1,False,0.015175057616521976,False,0.592170000076294,valid,False,2.4898124167801534e-08,1.4977347019708864e-06,5.156750684923763e-07,1.449821726717052e-07,1.5082068135037206e-08,0.7648296534054779,0.1741040543086157,0.028779206612084905,0.017109829685164158,0.015175057616521976
P18,26,A,gamma,1799551287-γ-8,P18-T26-Aγ,6,57,A3,5,5,L2,L,False,57,True,L3,False,0.03358346826582845,False,0.4422178268432617,valid,False,0.00041156026176084,0.03358346826582845,0.7245811962668115,0.23632701501002573,0.005095782752932692,7.495252963397405e-07,1.9658686320899447e-07,1.8561775501654193e-08,7.397220973745269e-09,5.371484887106437e-09
P18,26,A,gamma,1799551287-γ-8,P18-T26-Aγ,7,67,G4,11,11,R3,R,False,67,True,R1,False,0.002313121544748041,False,0.4036729335784912,valid,False,9.401182861182246e-06,0.0005582960194194113,0.00035565538448778094,4.462793505748789e-05,1.3577675654563406e-06,0.9699709040889527,0.02549794677761983,0.002313121544748041,0.0008175836399309212,0.0004311056593571145
P18,26,A,gamma,1799551287-γ-8,P18-T26-Aγ,8,62,D4,8,8,L4,L,False,62,True,R1,False,0.01865267602786819,False,0.4386870861053467,valid,False,6.821849245968728e-05,0.004633096152528956,0.042929777542604304,0.01865267602786819,0.0011447211792117527,0.9244346399015665,0.007487428095000423,0.0005343123745713836,0.00010364593701590381,1.148429717278566e-05
P18,26,A,gamma,1799551287-γ-8,P18-T26-Aγ,9,60,C4,7,7,L1,L,False,60,True,R1,False,6.867548304622317e-05,False,0.4796571731567383,valid,False,6.867548304622317e-05,0.003154815586075079,0.04725396253914138,0.053112972737231354,0.006454486629635746,0.8761493030503305,0.01313836418009923,0.0006038294513017898,6.176221641788181e-05,1.8281267206864085e-06
P18,26,A,gamma,1799551287-γ-8,P18-T26-Aγ,10,52,E3,2,2,L5,L,False,52,True,L4,False,0.21091573016151613,False,0.48445796966552734,valid,False,4.8024041342305054e-05,0.00086559088172309,0.029582754254182816,0.7585878938463599,0.21091573016151613,6.340573542948027e-09,4.3472972125168185e-10,2.980644089362534e-11,7.061973235217807e-12,2.703979312711542e-12
P18,26,A,gamma,1799551287-γ-8,P18-T26-Aγ,11,59,B3,6,6,R1,R,False,59,True,L3,False,2.916557751928682e-05,False,0.7958881855010986,valid,False,0.00047840340860011665,0.025421532080941923,0.5930234143689714,0.36063533185836355,0.02040947274601448,2.916557751928682e-05,2.4424195377243145e-06,1.8140723856738411e-07,3.967591945386319e-08,1.6456893394717286e-08
P18,26,A,gamma,1799551287-γ-8,P18-T26-Aγ,12,67,G4,11,11,R5,R,False,67,True,R1,False,0.00021532589195922901,False,0.336467981338501,valid,False,1.197518532478858e-05,0.0008002789153894143,0.0003650036851832718,3.4021906958071055e-05,2.340074233557896e-06,0.9575686140506995,0.03750211675076403,0.0027854164016909537,0.0007149071377971778,0.00021532589195922901
P18,26,A,gamma,1799551287-γ-8,P18-T26-Aγ,13,55,G3,4,4,L2,L,False,55,True,L3,False,0.022866903783096616,False,0.3934140205383301,valid,False,0.00020974169858732825,0.022866903783096616,0.590866275505776,0.3583617576535021,0.02769507184148028,2.363771065619906e-07,1.1768523164999708e-08,9.85534090293554e-10,2.632709468082081e-10,1.2312298302931038e-10
P18,26,A,gamma,1799551287-γ-8,P18-T26-Aγ,14,59,B3,6,6,R2,R,False,59,True,L3,False,1.1937548876721554e-06,False,0.3579270839691162,valid,False,0.0007717238159181604,0.09709283328426697,0.7914024901092593,0.10259591162946227,0.008111738211376663,2.3977207873574827e-05,1.1937548876721554e-06,9.228291174441638e-08,2.670521824429636e-08,1.2998825226314662e-08
P18,26,A,gamma,1799551287-γ-8,P18-T26-Aγ,15,59,B3,6,6,L3,L,False,59,True,L3,True,0.8031114974753851,False,0.3509519100189209,valid,False,0.000695176351960909,0.07979506041643836,0.8031114974753851,0.10805522885891937,0.008311525639509846,3.0022114478716662e-05,1.3256915653519901e-06,1.1101768782294306e-07,3.480251096603173e-08,1.7631543432381453e-08
P18,26,A,gamma,1799551287-γ-8,P18-T26-Aγ,16,53,F3,3,3,L5,L,False,53,True,L4,False,0.10502900660428868,False,0.358715295791626,valid,False,5.9498377808460554e-05,0.002269173204771733,0.07517838013731572,0.8174638768451834,0.10502900660428868,6.166504707483857e-08,2.8340797247878936e-09,2.2802894015325712e-10,6.868099692263503e-11,3.4794960093615685e-11
P18,26,A,gamma,1799551287-γ-8,P18-T26-Aγ,17,57,A3,5,5,R5,R,False,57,True,L3,False,1.6199954227661954e-09,False,0.3263077735900879,valid,False,0.00025203130014154833,0.028066067698866413,0.6697555304153736,0.27273987439285674,0.029183471386754083,2.871021945049737e-06,1.373350174768725e-07,1.1500877350273924e-08,3.328172397621954e-09,1.6199954227661954e-09
P18,26,A,gamma,1799551287-γ-8,P18-T26-Aγ,18,55,G3,4,4,L2,L,False,55,True,L3,False,0.013763442737290493,False,0.3851027488708496,valid,False,0.0001028333980510991,0.013763442737290493,0.6507625119718073,0.3134792299338135,0.021891716525182608,2.5306726644269035e-07,1.1174733905821176e-08,8.299874727783767e-10,2.4018527570918e-10,1.216819419902847e-10
P18,26,A,gamma,1799551287-γ-8,P18-T26-Aγ,19,60,C4,7,7,L1,L,False,60,True,R1,False,0.00032519295947846453,False,0.5476129055023193,valid,False,0.00032519295947846453,0.04097427901032948,0.053114629583822334,0.00555203219956764,0.0007441763940873417,0.8968535409877821,0.002308651178623847,0.00011043407401012246,1.6190404106302307e-05,8.732081923357087e-07
P18,26,A,gamma,1799551287-γ-8,P18-T26-Aγ,20,55,G3,4,4,L3,L,False,55,True,L3,True,0.5677895727548335,False,0.35829710960388184,valid,False,0.00012936733776915802,0.013426660164468404,0.5677895727548335,0.36008814078578133,0.05856507827151729,1.1697240031644209e-06,8.537968553726451e-09,1.7941351679157542e-09,4.792768398487265e-10,1.5024666610966132e-10
P18,26,A,gamma,1799551287-γ-8,P18-T26-Aγ,21,50,D3,1,1,L5,L,False,50,True,L4,False,0.11871318866584349,False,0.47156715393066406,valid,False,2.256896978758036e-05,0.0021160733810956355,0.10116070638997254,0.7779874591278203,0.11871318866584349,3.428836403428852e-09,2.8218456272691024e-11,6.171711818278817e-12,1.7159660931293144e-12,5.379316570591537e-13
P18,26,A,gamma,1799551287-γ-8,P18-T26-Aγ,22,67,G4,11,11,R3,R,False,67,True,R1,False,0.0013461048836367472,False,0.372744083404541,valid,False,1.3886665785739054e-05,9.665226707672892e-05,6.8627982445832675e-06,6.021419280266961e-07,8.494600578487071e-08,0.9895152241764983,0.008475800903173614,0.0013461048836367472,0.0003895415090151568,0.00015523970863533492
P18,26,A,gamma,1799551287-γ-8,P18-T26-Aγ,23,52,E3,2,2,L1,L,False,52,True,L4,False,4.919609884425855e-05,False,0.48512887954711914,valid,False,4.919609884425855e-05,0.0030400563512084154,0.06392205011454641,0.8608945716243726,0.07209408832263674,3.709501545010313e-08,3.307086859947935e-10,4.4756553687913386e-11,1.2951840286623923e-11,4.959167506034169e-12
P18,26,A,gamma,1799551287-γ-8,P18-T26-Aγ,24,50,D3,1,1,L2,L,False,50,True,L4,False,0.0010342250401142675,False,0.40263986587524414,valid,False,1.9996791702746594e-05,0.0010342250401142675,0.0350916208438618,0.827130415406731,0.13672373808099167,3.79419754365074e-09,3.520641169780216e-11,5.3721500842880116e-12,1.272811478774333e-12,5.494861097282082e-13
P18,26,A,gamma,1799551287-γ-8,P18-T26-Aγ,25,52,E3,2,2,L4,L,False,52,True,L4,True,0.8314680834413939,False,0.3180568218231201,valid,False,3.381531631355542e-05,0.0021958063374512187,0.049182989326522784,0.8314680834413939,0.11711928127980244,2.4015596454224096e-08,2.4140083086726495e-10,3.0158257025161565e-11,7.740441679643008e-12,3.6199447037972198e-12
P18,26,A,gamma,1799551287-γ-8,P18-T26-Aγ,26,65,F4,10,10,R5,R,False,65,True,R1,False,4.0030770783596774e-05,False,0.40438008308410645,valid,False,2.9998121489563482e-05,0.0005012021187110068,0.00016255330817372912,4.577123525431085e-06,1.0340875778281212e-06,0.9941550187616558,0.0044901816117416315,0.000497526304201448,0.00011787779213984864,4.0030770783596774e-05
P18,26,A,gamma,1799551287-γ-8,P18-T26-Aγ,27,57,A3,5,5,R4,R,False,57,True,L3,False,6.037344816097974e-09,False,0.3662278652191162,valid,False,0.0005691939901888646,0.09234752148310492,0.7824685714654294,0.11711197579318798,0.007482275352822474,2.029020718900831e-05,1.4230381514469948e-07,2.086273003792327e-08,6.037344816097974e-09,2.5041874616468215e-09
P18,26,A,gamma,1799551287-γ-8,P18-T26-Aγ,28,62,D4,8,8,R2,R,False,62,True,R1,False,0.002226249449740446,False,0.5212810039520264,valid,False,0.00015064523459389274,0.014801909567274875,0.008781011075779494,0.0008150638247390093,0.0001133819432595242,0.9729360042623292,0.002226249449740446,0.0001466536357935665,2.5231004799259405e-05,3.850001690671441e-06
P18,26,A,gamma,1799551287-γ-8,P18-T26-Aγ,29,53,F3,3,3,L3,L,False,53,True,L4,False,0.13053503902001118,False,0.4661431312561035,valid,False,9.308278409478537e-05,0.005279931698882597,0.13053503902001118,0.7922866530184868,0.07180454660619075,7.428051925219213e-07,3.4918574662708805e-09,4.191333382063824e-10,1.262405354872019e-10,2.9909887127813566e-11
P18,27,A,alpha,1799551287-α-2,P18-T27-Aα,0,57,A3,5,5,L5,L,False,57,True,L2,False,0.0001521684923101749,False,1.1255958080291748,valid,False,0.0007832992400479393,0.9448056099377091,0.050208535145972934,0.004039758993315056,0.0001521684923101749,6.920825482349696e-09,3.890947856707327e-06,1.805688783413651e-06,1.3402798555712553e-06,3.5843533235938697e-06
P18,27,A,alpha,1799551287-α-2,P18-T27-Aα,1,59,B3,6,6,L4,L,False,59,True,R2,False,7.989153866356696e-06,False,0.45090723037719727,valid,False,0.0018931904439510585,0.0011392037758089087,6.65587392709094e-05,7.989153866356696e-06,5.261662853258353e-07,0.005421267130860694,0.9071697391573168,0.082296582022442,0.001994372722542141,1.0570687655927455e-05
P18,27,A,alpha,1799551287-α-2,P18-T27-Aα,2,60,C4,7,7,L2,L,False,60,True,R2,False,0.023852558398030507,False,0.4112870693206787,valid,False,0.0021891583324119964,0.023852558398030507,0.0028968332463165563,0.00027351964167967826,1.598056721950684e-05,0.019550456637137666,0.8741304269069491,0.07106664909125122,0.005951350426930083,7.306675207369201e-05
P18,27,A,alpha,1799551287-α-2,P18-T27-Aα,3,59,B3,6,6,L4,L,False,59,True,R2,False,0.0015279497955500046,False,0.3725161552429199,valid,False,0.0034653131563609956,0.13890901401425004,0.01753023025729024,0.0015279497955500046,7.908222622888113e-05,0.01239711882090975,0.7186970958633971,0.09789806985715069,0.009243557606399362,0.00025256840246281627
P18,27,A,alpha,1799551287-α-2,P18-T27-Aα,4,57,A3,5,5,L2,L,False,57,True,L2,True,0.9579498177350219,False,0.40461087226867676,valid,False,0.006615572360804618,0.9579498177350219,0.03410439694040237,0.001232970524659583,4.457537593571627e-05,4.862247609104859e-05,3.5865172185002973e-06,3.386397562681797e-07,9.79970010307379e-08,2.143310901109083e-08
P18,27,A,alpha,1799551287-α-2,P18-T27-Aα,5,59,B3,6,7,L1,L,False,60,False,R2,False,0.0004497162443535906,False,0.3512439727783203,valid,False,0.0004497162443535906,0.00032414863476079857,1.2694923128251799e-05,9.813777373771474e-07,7.003236125360696e-08,0.015081169021256098,0.9283853374102985,0.052114690734214326,0.003573147574512457,5.804404737738576e-05
P18,27,A,alpha,1799551287-α-2,P18-T27-Aα,6,64,E4,9,8,R2,R,False,62,False,R2,True,0.8423210900875794,False,0.3727090358734131,valid,False,0.001538530981337599,0.003959672356938905,0.00018198359809868108,1.586184536239602e-05,1.0448951679974178e-06,0.09630276410606618,0.8423210900875794,0.051221598238767575,0.0042894618565019384,0.00016799203417914836
P18,27,A,alpha,1799551287-α-2,P18-T27-Aα,7,65,F4,10,10,R3,R,False,65,True,R2,False,0.07853981707665841,False,0.32009196281433105,valid,False,4.782298035156243e-06,1.0928357310504802e-05,7.199028541134902e-07,4.742342372559265e-08,2.5577201059284032e-09,0.013846851134241937,0.9010905212521553,0.07853981707665841,0.006319282796168148,0.00018704720143275427
P18,27,A,alpha,1799551287-α-2,P18-T27-Aα,8,67,G4,11,11,R2,R,False,67,True,R2,True,0.911114649538733,False,0.3506162166595459,valid,False,9.513283123584452e-07,1.9786682522398304e-06,1.2523341268133827e-07,9.681136462159512e-09,4.2749157325360674e-10,0.02340048317599316,0.911114649538733,0.06001945379266222,0.0052313466968514815,0.00023100145715467503
P18,27,A,alpha,1799551287-α-2,P18-T27-Aα,9,69,A4,12,12,R1,R,False,69,True,R2,False,0.011754782567203442,False,0.39121413230895996,valid,False,1.3811815492330048e-07,2.704164142692794e-07,2.090447071669449e-08,1.377076874876178e-09,6.328942951789811e-11,0.011754782567203442,0.7532916634174569,0.20944318055048586,0.024154060147581563,0.0013558824378658916
P18,27,A,alpha,1799551287-α-2,P18-T27-Aα,10,67,G4,11,11,R3,R,False,67,True,R2,False,0.07226471704292438,False,0.3067479133605957,valid,False,9.377904229225504e-07,2.0299877184512913e-06,1.6334206501928702e-07,1.076011842064709e-08,4.751363613163527e-10,0.019857162246566293,0.8981490211340651,0.07226471704292438,0.009028046434643063,0.0006979107863401392
P18,27,A,alpha,1799551287-α-2,P18-T27-Aα,11,65,F4,10,10,R4,R,False,65,True,R2,False,0.008778419438010351,False,0.3082590103149414,valid,False,4.468768028807028e-06,1.2421222595866664e-05,9.608390671051809e-07,6.587815707538523e-08,2.9089928771567647e-09,0.016868526194899588,0.8733150502083087,0.10071516386963483,0.008778419438010351,0.0003049206723048158
P18,27,A,alpha,1799551287-α-2,P18-T27-Aα,12,60,C4,7,7,L1,L,False,60,True,R2,False,0.0014049292216964174,False,0.39783787727355957,valid,False,0.0014049292216964174,0.011884108743313119,0.0007833302392882698,5.818073979543015e-05,2.5690967259291384e-06,0.02251707504579438,0.894083427021335,0.0664067753470088,0.002817356656863883,4.224788817868657e-05
P18,27,A,alpha,1799551287-α-2,P18-T27-Aα,13,64,E4,9,9,R5,R,False,64,True,R2,False,6.565804977717733e-05,False,0.3353850841522217,valid,False,4.3848242304665804e-05,0.00017147889705489372,1.3256131628331871e-05,9.088821963227173e-07,3.8560000733874126e-08,0.024451826847286307,0.9314149959045582,0.041128648842785116,0.0027093396424082324,6.565804977717733e-05
P18,27,A,alpha,1799551287-α-2,P18-T27-Aα,14,62,D4,8,8,R4,R,False,62,True,R2,False,0.0018337957800784177,False,0.32448697090148926,valid,False,0.00022183070961222936,0.001089163335704091,7.780014496014134e-05,5.551917116026563e-06,2.5516198362968616e-07,0.019421642080488462,0.940477773144261,0.03683277285035079,0.0018337957800784177,3.94148754453137e-05
P18,27,A,alpha,1799551287-α-2,P18-T27-Aα,15,57,A3,5,5,L2,L,False,57,True,L2,True,0.95361111502012,False,0.40856003761291504,valid,False,0.01180759720645362,0.95361111502012,0.031825121178734025,0.0016491433183727809,7.888658839445756e-05,0.0009338285729586313,8.210601114023173e-05,1.0676138783933999e-05,1.4448582661970935e-06,8.110677610191143e-08
P18,27,A,alpha,1799551287-α-2,P18-T27-Aα,16,59,B3,6,6,L1,L,False,59,True,L2,False,0.0067689858810448655,False,0.43210506439208984,valid,False,0.0067689858810448655,0.9672801893199704,0.021199159269875076,0.0004742415555688934,1.2449952439617514e-05,0.00371300191259695,0.0004935957206058624,5.0487046720354744e-05,7.401752546604267e-06,4.875886313325584e-07
P18,27,A,alpha,1799551287-α-2,P18-T27-Aα,17,64,E4,9,9,R3,R,False,64,True,R2,False,0.03387274977475373,False,0.2965850830078125,valid,False,7.431278587217822e-05,0.0004581537457600023,1.444525704736222e-05,6.638932760011347e-07,2.3060504853570213e-08,0.025600473558156946,0.9369321331506072,0.03387274977475373,0.00295237771172617,9.466706229548932e-05
P18,27,A,alpha,1799551287-α-2,P18-T27-Aα,18,62,D4,8,8,R4,R,False,62,True,R2,False,0.0021430485389391627,False,0.30150699615478516,valid,False,0.0005029680680234056,0.005011305175987418,0.0001591718832740119,7.613969446995795e-06,2.5410305782426566e-07,0.015835105876952842,0.9365747772150078,0.039734879000661555,0.0021430485389391627,3.087616864901373e-05
P18,27,A,alpha,1799551287-α-2,P18-T27-Aα,19,64,E4,9,9,R3,R,False,64,True,R2,False,0.05842886075932308,False,0.2788729667663574,valid,False,5.674899173593665e-05,0.00036722704906821485,1.1653018414519741e-05,6.038467960342469e-07,1.9362157501075064e-08,0.013843419022056188,0.9231668236430793,0.05842886075932308,0.004006066987300307,0.0001185773200688278
P18,27,A,alpha,1799551287-α-2,P18-T27-Aα,20,65,F4,10,10,R1,R,False,65,True,R2,False,0.004991360311441972,False,0.2810840606689453,valid,False,8.196664958220815e-06,4.147631355084143e-05,1.3122624299813024e-06,7.666980639185173e-08,2.180399184848329e-09,0.004991360311441972,0.7091006056280375,0.2608635345327737,0.023665005940655213,0.0013284294959470455
P18,27,A,alpha,1799551287-α-2,P18-T27-Aα,21,64,E4,9,9,R2,R,False,64,True,R2,True,0.9061337259902773,False,0.2889389991760254,valid,False,8.25220561370469e-05,0.0005566047364360812,1.6421738209609507e-05,9.594509911911248e-07,2.955820105140535e-08,0.013573460260229453,0.9061337259902773,0.07302856593138664,0.0061156476714666645,0.0004920626066649013
P18,27,A,alpha,1799551287-α-2,P18-T27-Aα,22,59,B3,6,6,L1,L,False,59,True,L2,False,0.004205215545505573,False,0.5065269470214844,valid,False,0.004205215545505573,0.9690590522289397,0.015741893769035266,0.0003250830962534376,1.0423687186773156e-05,0.003494172801799065,0.006664851462394981,0.0004476809575669074,4.960446403708727e-05,2.021987281317284e-06
P18,27,A,alpha,1799551287-α-2,P18-T27-Aα,23,60,C4,7,7,L2,L,False,60,True,R2,False,0.06194115341391337,False,0.3569309711456299,valid,False,0.001030525376196824,0.06194115341391337,0.0023342481964119433,0.00012589461230670177,4.002123811327765e-06,0.02678092466122958,0.869301371438159,0.03688075490556879,0.0015646933584774613,3.6431913925114865e-05
P18,27,A,alpha,1799551287-α-2,P18-T27-Aα,24,59,B3,6,6,L3,L,False,59,True,L2,False,0.04205686264917695,False,0.5235209465026855,valid,False,0.0020117853772960584,0.9477571989491842,0.04205686264917695,0.0014035750308753364,2.021621121299262e-05,0.004213702071497078,0.002360852010359285,0.00015552054641949768,1.942921486542733e-05,8.579391130750741e-07
P18,27,A,alpha,1799551287-α-2,P18-T27-Aα,25,62,D4,8,8,R1,R,False,62,True,R2,False,0.011071223092898574,False,0.3205070495605469,valid,False,0.00023093964747235413,0.004861047719032421,0.0001798466434226398,7.94151852332996e-06,1.7751439878625825e-07,0.011071223092898574,0.9385622919584146,0.043135625257231934,0.0019047470693723477,4.6159579233343876e-05
P18,27,A,alpha,1799551287-α-2,P18-T27-Aα,26,64,E4,9,9,R2,R,False,64,True,R2,True,0.9485369891640678,False,0.24911904335021973,valid,False,4.51390103919551e-05,0.0005122676552576976,2.560214315910723e-05,1.0026796489925249e-06,2.3346132626334812e-08,0.014223859288074406,0.9485369891640678,0.034292298181738304,0.002258996721438995,0.00010382181008996429
P18,27,A,alpha,1799551287-α-2,P18-T27-Aα,27,59,B3,6,6,L3,L,False,59,True,L2,False,0.03423101003210553,False,0.40810394287109375,valid,False,0.005012010570475777,0.9540556206238416,0.03423101003210553,0.0008295531964435751,1.2947299561200015e-05,0.003813231037054497,0.0019215496297250963,0.00011226781680052864,1.148322458112739e-05,3.2656941101629646e-07
P18,27,A,alpha,1799551287-α-2,P18-T27-Aα,28,62,D4,8,8,R2,R,False,62,True,R2,True,0.9504453665909373,False,0.287153959274292,valid,False,0.00017358252140476887,0.005703175795557341,0.00031883890035436203,1.1526929121156419e-05,2.160830428278387e-07,0.018118448651255756,0.9504453665909373,0.023973059563781512,0.0012422579879124178,1.3526976632829132e-05
P18,27,A,alpha,1799551287-α-2,P18-T27-Aα,29,65,F4,10,10,R2,R,False,65,True,R2,True,0.8766102708325594,False,0.2951388359069824,valid,False,1.1182154123479765e-05,0.000145886560083929,8.363004759956712e-06,3.023463040450043e-07,5.069817511651444e-09,0.01216187529860154,0.8766102708325594,0.10109518558697368,0.009545429987193666,0.00042149915958289744
