participant,trial_index,condition,level,sequence,quiz_name,event_index,target_note,target_note_name,target_key_id,actual_key_id,target_finger,target_hand,timed_out,actual_note,key_correct,actual_finger,finger_correct,target_finger_probability,manually_corrected,rt_s,validity,suspected_carryover,p_L1,p_L2,p_L3,p_L4,p_L5,p_R1,p_R2,p_R3,p_R4,p_R5
P17,1,B,gamma,1799551287-γ-8,P17-T01-Bγ,0,71,B4,13,13,R4,R,False,71,True,R3,True,0.47772074747152626,False,4.2834038734436035,valid,False,8.678679449587989e-08,1.110196369822746e-09,8.434177394909073e-12,1.0966852139799882e-12,3.8847602690792576e-13,1.7371734587038256e-05,0.012049538391740241,0.47772074747152626,0.47772074747152626,0.032491507023710044
P17,1,B,gamma,1799551287-γ-8,P17-T01-Bγ,1,65,F4,10,10,R2,R,False,65,True,R2,True,0.9770198529116846,False,1.0650851726531982,valid,False,2.0705589242775615e-05,5.027120445246921e-07,3.1268231781620624e-09,3.904036953011193e-10,1.3441682978779646e-10,0.0028183645711209924,0.9770198529116846,0.019385143468751455,0.000700827830353823,5.459926515809354e-05
P17,1,B,gamma,1799551287-γ-8,P17-T01-Bγ,2,57,A3,5,5,R4,R,False,57,True,R4,True,0.8141264237205936,False,1.6080198287963867,valid,False,0.000569931443594871,1.3597295934414112e-05,1.1190230609089649e-07,3.4999035277663735e-08,3.737283636109189e-08,0.00022993169679095678,0.01157520312991896,0.14472825821959578,0.8141264237205936,0.028756470219393843
P17,1,B,gamma,1799551287-γ-8,P17-T01-Bγ,3,64,E4,9,9,R2,R,False,64,True,R2,True,0.947189157247197,False,1.0162980556488037,valid,False,1.7489434488257902e-06,1.3316573334755897e-08,9.338816777397444e-11,2.2123357154704116e-11,2.1906134143900455e-11,0.005578880502128394,0.947189157247197,0.04182519114187142,0.005225230004600267,0.0001797787067629272
P17,1,B,gamma,1799551287-γ-8,P17-T01-Bγ,4,53,F3,3,3,L4,L,False,53,True,L4,True,0.682056392584183,False,1.6064159870147705,valid,False,6.105881832759165e-05,0.013789853010659906,0.2829053364471032,0.682056392584183,0.021153077562246197,3.250994687494428e-05,1.7382304630207635e-06,2.606576843992246e-08,6.9630869231706165e-09,3.712865361004787e-10
P17,1,B,gamma,1799551287-γ-8,P17-T01-Bγ,5,72,C5,14,14,R5,R,False,72,True,R4,False,0.014332145874965774,True,1.421233892440796,valid,False,6.793685483787085e-08,3.1607657841985767e-09,5.3476552470922646e-11,5.049268020073274e-12,6.491203235514467e-13,1.9820477452572067e-05,0.011200713138058595,0.5645209239896748,0.4099263253630526,0.014332145874965774
P17,1,B,gamma,1799551287-γ-8,P17-T01-Bγ,6,57,A3,5,5,L2,L,False,57,True,L2,True,0.9820873631585608,False,1.8147470951080322,valid,False,0.0037563306258366017,0.9820873631585608,0.013061647558514538,0.0005541500774024315,8.587320926560407e-05,0.00043089067426681183,2.35102277036209e-05,2.0959787769225049e-07,1.9014290478045537e-08,5.856281456760358e-09
P17,1,B,gamma,1799551287-γ-8,P17-T01-Bγ,7,67,G4,11,11,R3,R,False,67,True,R3,True,0.6791918688291185,False,1.1211731433868408,valid,False,2.8792540933688273e-06,1.0955363220795775e-07,1.0580358538629385e-09,8.512914872871785e-11,1.85246863190652e-11,0.00044601725444568766,0.23714409406054343,0.6791918688291185,0.0815245060872988,0.0016905237991782492
P17,1,B,gamma,1799551287-γ-8,P17-T01-Bγ,8,62,D4,8,8,L4,L,False,62,True,L4,True,0.605333298076604,False,1.6984379291534424,valid,False,4.866138484123301e-05,0.011161287687230036,0.3724466430033903,0.605333298076604,0.009692262470962193,0.0013009710852534553,1.633866673980712e-05,4.464331951573003e-07,7.379491082471228e-08,1.739687316222682e-08
P17,1,B,gamma,1799551287-γ-8,P17-T01-Bγ,9,60,C4,7,7,L1,L,False,60,True,L1,True,0.9938192144322161,False,1.3557500839233398,valid,False,0.9938192144322161,0.0050609555699507374,3.8448150457862574e-05,1.0270858282589563e-05,2.7437088287680174e-06,0.0010496622204314075,1.7980909149768e-05,6.000817351873045e-07,1.0324098041299987e-07,2.0827967131649357e-08
P17,1,B,gamma,1799551287-γ-8,P17-T01-Bγ,10,52,E3,2,2,L5,L,False,52,True,L5,True,0.8403461869859586,False,1.2495970726013184,valid,False,1.2033732597098402e-05,0.0008559494996604901,0.014208124292846944,0.14457724530421903,0.8403461869859586,4.55817519306893e-07,4.175877401473603e-09,1.5713098725793276e-10,2.7033579305172487e-11,7.156505603332614e-12
P17,1,B,gamma,1799551287-γ-8,P17-T01-Bγ,11,59,B3,6,6,R1,R,False,59,True,R1,True,0.9591405344565171,False,1.7612359523773193,valid,False,0.003358339152076911,0.00010086599824067411,2.8685104435877723e-06,3.882106733501327e-07,7.837838319775239e-08,0.9591405344565171,0.03609078634470208,0.0012004363967939033,9.691098587919658e-05,8.791566290219867e-06
P17,1,B,gamma,1799551287-γ-8,P17-T01-Bγ,12,67,G4,11,11,R5,R,False,67,True,R5,True,0.7165758139583206,False,1.2721383571624756,valid,False,5.656403584578101e-06,2.374589131298134e-07,8.935164964401571e-09,1.3634177668732408e-09,3.230315156526601e-10,2.754616653138393e-05,0.0013972193083838691,0.03864757587702615,0.24334594020562597,0.7165758139583206
P17,1,B,gamma,1799551287-γ-8,P17-T01-Bγ,13,55,G3,4,4,L2,L,False,55,True,L2,True,0.9462357528763392,False,1.357550859451294,valid,False,0.01881271735275885,0.9462357528763392,0.026909832714344616,0.0026445257488521947,0.0005557102510530601,0.0040857039698991736,0.0007352768001898257,1.711999411930492e-05,2.945407056907242e-06,4.148853870056563e-07
P17,1,B,gamma,1799551287-γ-8,P17-T01-Bγ,14,59,B3,6,6,R2,R,False,59,True,R2,True,0.9177878152064882,False,0.9998290538787842,valid,False,0.010252537284839769,0.003132922345843553,0.00010455586321257492,9.872187941013387e-06,2.074502788080119e-06,0.014255763889180888,0.9177878152064882,0.04755877077832202,0.006436379713669349,0.0004593082277144135
P17,1,B,gamma,1799551287-γ-8,P17-T01-Bγ,15,59,B3,6,6,L3,L,False,59,True,L3,True,0.6185313308815006,False,1.5001380443572998,valid,False,0.0015502632236847503,0.29079814195704967,0.6185313308815006,0.08042683159243863,0.001717182652521988,0.005979772028356931,0.0009487099608028187,4.360200457404141e-05,3.651372505315915e-06,5.143265652933194e-07
P17,1,B,gamma,1799551287-γ-8,P17-T01-Bγ,16,53,F3,3,3,L5,L,False,53,True,L5,True,0.8249089464177857,False,0.9782781600952148,valid,False,5.4787167626676e-05,0.001496318355522313,0.013400245293377371,0.16001587231225714,0.8249089464177857,0.00011337510746198532,1.0004432964801936e-05,4.0780273719914784e-07,3.699502966452678e-08,6.1152372732709076e-09
P17,1,B,gamma,1799551287-γ-8,P17-T01-Bγ,17,57,A3,5,5,R5,R,False,57,True,R5,True,0.8220273170424981,False,1.454573154449463,valid,False,0.00011698244809150276,2.9356937974855533e-05,2.0949483641737702e-06,7.70688433495274e-07,3.327143070249822e-07,0.0026038698194214512,0.004544291881652733,0.012158940242477583,0.15851604327677918,0.8220273170424981
P17,1,B,gamma,1799551287-γ-8,P17-T01-Bγ,18,55,G3,4,4,L2,L,False,55,True,L2,True,0.8508935166826251,False,0.9647531509399414,valid,False,0.011580368720925318,0.8508935166826251,0.1247469135772501,0.010037087609643447,0.0020264530391943115,0.0005364200309506881,0.00016970171401324043,8.117662736799403e-06,1.1901058734409046e-06,2.3085678766070577e-07
P17,1,B,gamma,1799551287-γ-8,P17-T01-Bγ,19,60,C4,7,7,L1,L,False,60,True,R1,False,0.003364176329940543,False,0.9824080467224121,valid,False,0.003364176329940543,0.0029855123121507792,0.0001372119265830189,1.060713237022539e-05,1.5542263084104334e-06,0.775704276820106,0.2072179962245406,0.008791377055044743,0.0015742380240843501,0.00021304994887130123
P17,1,B,gamma,1799551287-γ-8,P17-T01-Bγ,20,55,G3,4,4,L3,L,False,55,True,L3,True,0.599113303662739,False,0.9690341949462891,valid,False,0.002174122717449497,0.32880035238884503,0.599113303662739,0.0637807062616483,0.004687426718346577,0.0012760483018174457,0.0001580965644753784,8.526730671675632e-06,1.1539675105335346e-06,2.6268649656787675e-07
P17,1,B,gamma,1799551287-γ-8,P17-T01-Bγ,21,50,D3,1,1,L5,L,False,50,True,L5,True,0.6402841838933169,False,0.9533672332763672,valid,False,5.1197272649242354e-05,0.0020999470185130687,0.03317883309217415,0.32437884750328827,0.6402841838933169,6.278770420832748e-06,6.76831718842511e-07,2.9886972200718995e-08,4.560456248860747e-09,1.170490244095299e-09
P17,1,B,gamma,1799551287-γ-8,P17-T01-Bγ,22,67,G4,11,11,R3,R,False,67,True,R3,True,0.611995967066306,False,1.878951072692871,valid,False,1.2718906609276863e-05,5.371535248032601e-06,2.7928597327579913e-07,2.744643400281662e-08,4.354327520594541e-09,0.0011412696590961348,0.17015770657135762,0.611995967066306,0.19185227843117297,0.024834376743475294
P17,1,B,gamma,1799551287-γ-8,P17-T01-Bγ,23,52,E3,2,2,L1,L,False,52,True,L1,True,0.9220497958210435,False,1.4684033393859863,valid,False,0.9220497958210435,0.07127882014174329,0.005086547097796102,0.0011578898231976967,0.0004259638610960688,9.438224783615875e-07,3.6675530489965017e-08,2.415991564484494e-09,2.5720284854791073e-10,8.392009260067296e-11
P17,1,B,gamma,1799551287-γ-8,P17-T01-Bγ,24,50,D3,1,1,L2,L,False,50,True,L2,True,0.9317288135427283,False,1.4548611640930176,valid,False,0.022190472701547913,0.9317288135427283,0.03649012951429109,0.006800810523771456,0.002789549535168329,2.160784800481841e-07,7.482390733631598e-09,5.339529020688894e-10,6.409123638374733e-11,2.357784822483978e-11
P17,1,B,gamma,1799551287-γ-8,P17-T01-Bγ,25,52,E3,2,2,L4,L,False,52,True,L4,True,0.38095233801940337,True,1.2717339992523193,valid,False,0.00030833358821012307,0.058320253558398746,0.5246200415752168,0.38095233801940337,0.035798371341281214,6.356675683797467e-07,2.4488039831249378e-08,1.4891192357071056e-09,2.0153037353750933e-10,7.12318540837346e-11
P17,1,B,gamma,1799551287-γ-8,P17-T01-Bγ,26,65,F4,10,10,R5,R,False,65,True,R5,True,0.695127990527716,False,1.1283059120178223,valid,False,9.883555224147947e-06,5.552303560957895e-07,8.474159316156222e-08,1.4579355855629324e-08,1.6314190496185844e-09,0.00019750958098458833,0.00832734767824024,0.04061331577714703,0.25572329669796384,0.695127990527716
P17,1,B,gamma,1799551287-γ-8,P17-T01-Bγ,27,57,A3,5,5,R4,R,False,57,True,R4,True,0.740393475644969,False,1.8582489490509033,valid,False,0.00025377956001475737,9.137181377640138e-05,3.4381620737159147e-06,7.519669147899464e-07,3.6251057728585976e-07,0.0027378741695082208,0.0279892132079849,0.14589198635024858,0.740393475644969,0.08263774661393215
P17,1,B,gamma,1799551287-γ-8,P17-T01-Bγ,28,62,D4,8,8,R2,R,False,62,True,R2,True,0.9224055948612878,False,0.9153659343719482,valid,False,8.435632299590809e-06,1.3975774060620714e-06,6.958128186499442e-08,1.2968140159097906e-08,4.1468105876504365e-09,0.026279344265071114,0.9224055948612878,0.04239307546874422,0.008223410572267978,0.0006886549266906862
P17,1,B,gamma,1799551287-γ-8,P17-T01-Bγ,29,53,F3,3,3,L3,L,False,53,True,L3,True,0.6296117565831307,False,1.0078847408294678,valid,False,0.002359056347247932,0.2609150168090811,0.6296117565831307,0.0999933186271899,0.007008360648218817,8.66341860506115e-05,2.435795886777799e-05,1.3137145368496723e-06,1.7082060768881137e-07,1.4305068685480103e-08
P17,2,A,alpha,1799551287-α-3,P17-T02-Aα,0,60,C4,7,7,L3,L,False,60,True,R2,False,0.0001578117523030127,False,2.5206961631774902,valid,False,0.001399927972686889,0.0013145891021859874,0.0001578117523030127,1.550872674932441e-05,2.6306086236558812e-06,0.03494053451231289,0.8571797180264574,0.09125407076532631,0.012853904310621158,0.0008813042227334562
P17,2,A,alpha,1799551287-α-3,P17-T02-Aα,1,59,B3,6,6,L2,L,False,59,True,R2,False,0.01058104145503808,False,0.9411132335662842,valid,False,0.002031203247216652,0.01058104145503808,0.0015286120476564807,0.00014433189072028161,2.110083864475613e-05,0.04228194510615038,0.8159557824262081,0.1104276069232028,0.016189455986335182,0.0008389200788273933
P17,2,A,alpha,1799551287-α-3,P17-T02-Aα,2,64,E4,9,9,R3,R,False,64,True,R2,True,0.4261694420110788,False,1.049347162246704,valid,False,8.651027601151109e-05,7.136861871129366e-05,7.408235578333135e-06,8.543556647497515e-07,1.1610884248356352e-07,0.00436288823881097,0.4261694420110788,0.4261694420110788,0.13359823078492403,0.009533739359299239
P17,2,A,alpha,1799551287-α-3,P17-T02-Aα,3,60,C4,7,7,L2,L,False,60,True,R1,False,0.004960808656525734,False,0.6762130260467529,valid,False,0.0012259275615819837,0.004960808656525734,0.0005578547402021015,6.969291106943366e-05,9.61917708360817e-06,0.689759735333747,0.2537484259771408,0.04365611339255061,0.005453967509896724,0.0005578547402021015
P17,2,A,alpha,1799551287-α-3,P17-T02-Aα,4,59,B3,6,6,L1,L,False,59,True,R2,False,0.0024485906364244137,False,0.8042540550231934,valid,False,0.0024485906364244137,0.02002995006741639,0.0023313896438027135,0.0002688677928584336,4.0260334548807945e-05,0.026748128370678463,0.8341927605769207,0.09620338108260888,0.017226768866524196,0.000509902628216943
P17,2,A,alpha,1799551287-α-3,P17-T02-Aα,5,64,E4,9,9,R3,R,False,64,True,R3,True,0.5009971379435705,False,0.7415471076965332,valid,False,7.29311280395549e-05,1.9380684534003575e-05,2.1476101534406747e-06,3.277040604380699e-07,5.3482149514626024e-08,0.0013522065675688553,0.30898061782262004,0.5009971379435705,0.17707978405410382,0.011495413003199806
P17,2,A,alpha,1799551287-α-3,P17-T02-Aα,6,65,F4,10,10,R2,R,False,65,True,R4,False,0.049848472344006314,False,0.42647600173950195,valid,False,1.3579515424820884e-05,4.459837541230557e-06,4.803317204678807e-07,7.041997435264053e-08,1.0605840702213897e-08,0.00042183291883847435,0.049848472344006314,0.3720269848482672,0.5123286899167411,0.06535541926164544
P17,2,A,alpha,1799551287-α-3,P17-T02-Aα,7,64,E4,9,9,R1,R,False,64,True,R3,False,0.001530355366165185,False,0.39454174041748047,valid,False,6.18458990566253e-05,3.643932335520127e-05,3.284925243865827e-06,4.6270938269461866e-07,6.904298371868904e-08,0.001530355366165185,0.24022803447364807,0.49353245215036734,0.25003192654323336,0.014575129566564024
P17,2,A,alpha,1799551287-α-3,P17-T02-Aα,8,64,E4,9,9,R1,R,False,64,True,R3,False,0.0013438993910684243,False,0.3452742099761963,valid,False,6.221861356281471e-05,3.956302724144176e-05,3.878127023893912e-06,4.4724546843154646e-07,6.384210415505938e-08,0.0013438993910684243,0.3197684155223886,0.49650672703354515,0.16861146295320506,0.013663324244392233
P17,2,A,alpha,1799551287-α-3,P17-T02-Aα,9,62,D4,8,8,R2,R,False,62,True,R2,True,0.7228606657582073,False,0.31722307205200195,valid,False,0.00040706891521359416,0.000465945314471263,4.008378008290086e-05,5.646137967023854e-06,8.069479337055217e-07,0.006421240100643376,0.7228606657582073,0.22660682941879787,0.03898654110873032,0.0042051725179525915
P17,2,A,alpha,1799551287-α-3,P17-T02-Aα,10,57,A3,5,5,L2,L,False,57,True,L2,True,0.9412986754890377,False,0.4914970397949219,valid,False,0.020231898477622544,0.9412986754890377,0.016564477476781178,0.0027380897108834398,0.0005988527673117611,0.008850308870570563,0.008344430914914113,0.0011357128227256126,0.00021166731441031388,2.5886155742727216e-05
P17,2,A,alpha,1799551287-α-3,P17-T02-Aα,11,59,B3,6,6,L1,L,False,59,True,L2,False,0.03594772756475207,False,0.5672290325164795,valid,False,0.03594772756475207,0.8818887119997403,0.027168708035719434,0.005063540140470898,0.001022311123087243,0.008273179186808038,0.033998001788235636,0.005485267550825168,0.001022311123087243,0.0001302414872741052
P17,2,A,alpha,1799551287-α-3,P17-T02-Aα,12,64,E4,9,9,R2,R,False,64,True,R3,False,0.266326834874948,False,0.3301670551300049,valid,False,0.00025721387735973354,0.0002727091434268216,2.7858058716115852e-05,5.4039074078943e-06,1.014817287336145e-06,0.0024506114700349685,0.266326834874948,0.48268632255534266,0.22573618783600966,0.022235843459466713
P17,2,A,alpha,1799551287-α-3,P17-T02-Aα,13,65,F4,10,10,R3,R,False,65,True,R4,False,0.26738413808148653,False,0.30883312225341797,valid,False,5.2163400834449876e-05,3.3225031713055475e-05,3.115661916185927e-06,5.806782993141372e-07,1.0599921419657082e-07,0.0005779019069419659,0.05074034517228076,0.26738413808148653,0.5277835961106776,0.153424827956636
P17,2,A,alpha,1799551287-α-3,P17-T02-Aα,14,67,G4,11,11,R4,R,False,67,True,R5,False,0.31608742945606216,False,0.5817141532897949,valid,False,1.324019842181757e-05,7.006517178868256e-06,6.336706936039625e-07,1.0474506115133654e-07,1.630389410833342e-08,0.00020763013586771304,0.009340286612128105,0.07488988620861807,0.31608742945606216,0.5994537661520746
P17,2,A,alpha,1799551287-α-3,P17-T02-Aα,15,65,F4,10,10,R5,R,False,65,True,R4,False,0.10823403172185868,False,0.46469593048095703,valid,False,4.7229425307699274e-05,2.975350213249633e-05,2.943139746685535e-06,4.6742187924157123e-07,7.829921314342511e-08,0.00036801889949425454,0.029797906133648553,0.2525783944441025,0.6089411770126169,0.10823403172185868
P17,2,A,alpha,1799551287-α-3,P17-T02-Aα,16,60,C4,7,7,L1,L,False,60,True,R1,False,0.002269816130300454,False,0.542492151260376,valid,False,0.002269816130300454,0.011018249286933,0.000924479462465081,0.00016554297616691,2.9687880101982942e-05,0.4741271605170685,0.4040245150148058,0.09197120664836145,0.014033896149061692,0.0014354459347350117
P17,2,A,alpha,1799551287-α-3,P17-T02-Aα,17,59,B3,6,6,L2,L,False,59,True,L2,True,0.8471805357445971,False,0.4633159637451172,valid,False,0.008259437932605631,0.8471805357445971,0.01838171716535705,0.0029193370076274106,0.0004821038254386116,0.04230350158865798,0.06881051298756051,0.009692540202194833,0.001806437255404878,0.00016387629055607418
P17,2,A,alpha,1799551287-α-3,P17-T02-Aα,18,60,C4,7,7,L1,L,False,60,True,R2,False,0.010515673342815321,False,0.3906428813934326,valid,False,0.010515673342815321,0.03441949993815496,0.0026634859130225453,0.0006836123638412174,0.00010397779097994526,0.02710276516973178,0.8121099671069503,0.09747888188223279,0.014291082744617378,0.0006310537476538361
P17,2,A,alpha,1799551287-α-3,P17-T02-Aα,19,59,B3,6,6,L2,L,False,59,True,L2,True,0.8637023384793187,False,0.403073787689209,valid,False,0.01646485639236349,0.8637023384793187,0.01103672329489928,0.0018988115563236367,0.00031387143920259765,0.010016585669269435,0.07815466826243765,0.015198978076699229,0.002948298410096456,0.0002648684193895448
P17,2,A,alpha,1799551287-α-3,P17-T02-Aα,20,60,C4,7,7,L4,L,False,60,True,R2,False,0.0005317074064356731,False,0.3245418071746826,valid,False,0.0043563005504393335,0.026049670532491517,0.0032166423631531525,0.0005317074064356731,8.132688339764263e-05,0.014707213256570465,0.8316518021014789,0.10031729082206949,0.0172590746385803,0.0018289714453832153
P17,2,A,alpha,1799551287-α-3,P17-T02-Aα,21,59,B3,6,6,L3,L,False,59,True,L2,False,0.014071493459893275,False,0.3496999740600586,valid,False,0.009432404143825854,0.7996315111368106,0.014071493459893275,0.0025197281292248597,0.0004291302717928695,0.009723841916036311,0.13346005259460952,0.025639932782843627,0.00477861621812178,0.00031328934684130363
P17,2,A,alpha,1799551287-α-3,P17-T02-Aα,22,64,E4,9,9,R4,R,False,64,True,R4,True,0.5163540132226995,False,0.7481410503387451,valid,False,4.489749970899965e-05,2.5190996290510365e-05,2.213440033048279e-06,3.8081098906627966e-07,8.294356912329573e-08,0.0014090216302746607,0.04067492358763447,0.3749499694907991,0.5163540132226995,0.06653930637800162
P17,2,A,alpha,1799551287-α-3,P17-T02-Aα,23,62,D4,8,8,R2,R,False,62,True,R2,True,0.8061637069952596,False,0.32561302185058594,valid,False,0.00029566864086394927,0.00025983377802569867,2.090612360019299e-05,3.896357378939313e-06,7.558155691470761e-07,0.009502606886453296,0.8061637069952596,0.15637966997632266,0.02483581668108927,0.002537138745437247
P17,2,A,alpha,1799551287-α-3,P17-T02-Aα,24,64,E4,9,9,R1,R,False,64,True,R2,False,0.014192468762177474,False,0.28504395484924316,valid,False,3.416753904209957e-05,3.4601045409017485e-05,3.0911779864084847e-06,5.761151319724467e-07,8.05475895747961e-08,0.014192468762177474,0.41190674006235933,0.41190674006235933,0.15153202134889132,0.010389513339053367
P17,2,A,alpha,1799551287-α-3,P17-T02-Aα,25,65,F4,10,10,R2,R,False,65,True,R4,False,0.06029788059238825,False,0.4142317771911621,valid,False,1.594842666657589e-05,6.8205290945614796e-06,5.987280649758134e-07,1.418552984948033e-07,2.5094542228695038e-08,0.003438501670788548,0.06029788059238825,0.33673523050371085,0.5228512231301905,0.0766536294692551
P17,2,A,alpha,1799551287-α-3,P17-T02-Aα,26,64,E4,9,9,R1,R,False,64,True,R3,False,0.0038084510108179525,False,0.28150391578674316,valid,False,6.571674820266999e-05,4.452335199444572e-05,3.6074240170548434e-06,8.211856642626135e-07,1.5187391560907724e-07,0.0038084510108179525,0.20732483786487724,0.48069773834477736,0.27457890511416283,0.03347524708157055
P17,2,A,alpha,1799551287-α-3,P17-T02-Aα,27,65,F4,10,10,R2,R,False,65,True,R4,False,0.03753756679059772,False,0.27463388442993164,valid,False,1.2182351115778531e-05,7.160626522517655e-06,4.969143560989846e-07,1.0868107647605376e-07,2.0939942651200984e-08,0.0010113417864169034,0.03753756679059772,0.22881347032044863,0.5300159664929676,0.20260168509655574
P17,2,A,alpha,1799551287-α-3,P17-T02-Aα,28,60,C4,7,7,L4,L,False,60,True,R1,False,5.6545655778587454e-05,False,0.5413992404937744,valid,False,0.001247579049453469,0.003381477073828497,0.000291502440719091,5.6545655778587454e-05,8.795159947192375e-06,0.5376958682871421,0.3604283191834101,0.08204706940697452,0.01356228935481223,0.0012805543879342062
P17,2,A,alpha,1799551287-α-3,P17-T02-Aα,29,64,E4,9,9,R2,R,False,64,True,R3,False,0.30147202343241325,False,0.29132819175720215,valid,False,3.378128054692615e-05,2.527741113553996e-05,2.6549677283556008e-06,4.051218064508945e-07,6.800038148274581e-08,0.0049884335059056425,0.30147202343241325,0.44974341020436187,0.21032989372152586,0.03340405235419491
P17,3,A,gamma,1799551287-γ-3,P17-T03-Aγ,0,60,C4,7,7,R3,R,False,60,True,R1,False,0.031087962042476675,False,4.154469966888428,valid,False,0.0021508621823881644,0.00032524409131940606,4.2291069915087404e-05,8.538419758124677e-06,1.78879507563028e-06,0.7327617915614251,0.22971069553328685,0.031087962042476675,0.003444644381354767,0.00046618192300005386
P17,3,A,gamma,1799551287-γ-3,P17-T03-Aγ,1,59,B3,6,6,L5,L,False,59,True,R1,False,3.249224909042714e-05,False,0.5565330982208252,valid,False,0.0064584387810370115,0.00942250566490786,0.0010047047197411327,0.0002287086599101778,3.249224909042714e-05,0.8667006855573007,0.09603317331454893,0.01789808434231425,0.001983164273763854,0.000238042437385616
P17,3,A,gamma,1799551287-γ-3,P17-T03-Aγ,2,62,D4,8,8,L2,L,False,62,True,R2,False,0.0005418850389753595,False,0.35500168800354004,valid,False,0.000951417449521307,0.0005418850389753595,4.93545856278605e-05,1.0371178719580347e-05,1.5686671438390122e-06,0.03081578478813676,0.7584488820962266,0.17265155027767196,0.033490955024450854,0.0030382308935259492
P17,3,A,gamma,1799551287-γ-3,P17-T03-Aγ,3,53,F3,3,3,L2,L,False,53,True,L3,False,0.2687707775358127,False,0.3471517562866211,valid,False,0.0016132392209980812,0.2687707775358127,0.5521716114201538,0.15978974993896655,0.017375705137027707,0.0002155625840444813,5.2825482614466304e-05,8.860597206983307e-06,1.5244202398663426e-06,1.4366293534854928e-07
P17,3,A,gamma,1799551287-γ-3,P17-T03-Aγ,4,69,A4,12,12,R3,R,False,69,True,R5,False,0.056420551766891376,False,0.5196716785430908,valid,False,1.4746290983275819e-06,2.726922972259869e-07,3.4067506557361396e-08,6.878110950691371e-09,6.478300717205877e-10,7.762074293031092e-05,0.005327241090688415,0.056420551766891376,0.29085750833213697,0.6473152891525098
P17,3,A,gamma,1799551287-γ-3,P17-T03-Aγ,5,62,D4,8,8,L2,L,False,62,True,R2,False,0.000625018077633772,False,0.31487011909484863,valid,False,0.0009658885954796458,0.000625018077633772,7.808364106673727e-05,1.5764815243718714e-05,1.6027212239915587e-06,0.025224038086544394,0.837168441485333,0.11329842814517117,0.02111587853243094,0.0015068558998727096
P17,3,A,gamma,1799551287-γ-3,P17-T03-Aγ,6,60,C4,7,7,R2,R,False,60,True,R2,True,0.8432053120668771,False,0.43932318687438965,valid,False,0.0027515866987676673,0.004124975596801267,0.0004952019982690246,9.997955915451159e-05,1.0085740865699512e-05,0.03577361024746113,0.8432053120668771,0.09724275467404987,0.014838282219803985,0.0014582111979495821
P17,3,A,gamma,1799551287-γ-3,P17-T03-Aγ,7,57,A3,5,5,L4,L,False,57,True,L2,False,0.007852300462411723,False,0.4596421718597412,valid,False,0.007771094523232328,0.9167240879213231,0.04750364958223768,0.007852300462411723,0.0007012335489150682,0.012490631666250548,0.005701940419593569,0.001021024506557464,0.0002061412926611631,2.7896076817435495e-05
P17,3,A,gamma,1799551287-γ-3,P17-T03-Aγ,8,57,A3,5,5,R4,R,False,57,True,L2,False,0.00018971213704930848,False,0.3201868534088135,valid,False,0.005972816688384537,0.7787986780990537,0.1703325284429345,0.02815577757958885,0.002409063075800113,0.007935752287252318,0.005240354327615519,0.0009396503661065151,0.00018971213704930848,2.56669962144942e-05
P17,3,A,gamma,1799551287-γ-3,P17-T03-Aγ,9,52,E3,2,2,L2,L,False,52,True,L4,False,0.009251612904415337,False,0.440751314163208,valid,False,0.00016944342199931055,0.009251612904415337,0.10632796359189822,0.48615539408303526,0.39803037191052654,4.951977967413015e-05,1.309745692324768e-05,2.169037655995893e-06,3.7317178815288217e-07,5.464208376589429e-08
P17,3,A,gamma,1799551287-γ-3,P17-T03-Aγ,10,64,E4,9,9,R2,R,False,64,True,R3,False,0.3418096061673634,False,0.41516590118408203,valid,False,0.00014963726354198583,0.00021297758332770918,2.4095115748333738e-05,4.864719970266769e-06,9.89251991184869e-07,0.0015809813887809414,0.3418096061673634,0.4011172886468303,0.22013783544786675,0.03496172441457905
P17,3,A,gamma,1799551287-γ-3,P17-T03-Aγ,11,55,G3,4,4,L5,L,False,55,True,L3,False,0.015734054981537883,False,0.3999960422515869,valid,False,0.0013298150452321848,0.34376532422030104,0.537631199891317,0.10020046436658354,0.015734054981537883,0.0008124115196242288,0.0004324317934963754,7.78612270705698e-05,1.3942310003189004e-05,2.4946448339386456e-06
P17,3,A,gamma,1799551287-γ-3,P17-T03-Aγ,12,52,E3,2,2,L2,L,False,52,True,L4,False,0.012245104642162784,False,0.4839937686920166,valid,False,0.0001851702979410232,0.012245104642162784,0.08629849112864921,0.5220754480390958,0.3791045838734052,7.154461893368016e-05,1.647633133864348e-05,2.626277364923491e-06,4.7027737108399617e-07,8.451373760762919e-08
P17,3,A,gamma,1799551287-γ-3,P17-T03-Aγ,13,55,G3,4,4,L5,L,False,55,True,L3,False,0.021875764887237626,False,0.4767329692840576,valid,False,0.0012452848152301392,0.2821385192728363,0.5377419365791003,0.1556140297699735,0.021875764887237626,0.000840649133387399,0.0004501583871790382,7.787726426185312e-05,1.3398383324842242e-05,2.3815074689789083e-06
P17,3,A,gamma,1799551287-γ-3,P17-T03-Aγ,14,59,B3,6,6,L3,L,False,59,True,L2,False,0.022618873890917608,False,0.44864320755004883,valid,False,0.01057808793555316,0.8967567877571431,0.022618873890917608,0.00514890816637346,0.0007813115509227802,0.01038398537848927,0.04650666369340395,0.0060422997069777655,0.0009987854238650428,0.00018429649635384187
P17,3,A,gamma,1799551287-γ-3,P17-T03-Aγ,15,55,G3,4,4,L5,L,False,55,True,L3,False,0.010951372643510218,False,0.3831808567047119,valid,False,0.0016374173918052783,0.32933595207445254,0.5462314496149294,0.1102822276964273,0.010951372643510218,0.0008118128447710873,0.0006459415663447573,8.569530717048695e-05,1.5345128549111253e-05,2.7857320397268103e-06
P17,3,A,gamma,1799551287-γ-3,P17-T03-Aγ,16,50,D3,1,1,L3,L,False,50,True,L5,False,0.06859747335593105,False,0.5738818645477295,valid,False,9.922120381659934e-05,0.006159181165704828,0.06859747335593105,0.35363160326082665,0.5714949818362549,1.2930905014850912e-05,3.9090339661261215e-06,5.80428289072897e-07,9.985970595259278e-08,1.895048996373664e-08
P17,3,A,gamma,1799551287-γ-3,P17-T03-Aγ,17,71,B4,13,13,R5,R,False,71,True,R5,True,0.9174490079424011,False,0.4937410354614258,valid,False,3.578679889836505e-07,1.7918939132233708e-07,2.3502517878440036e-08,3.732609396485734e-09,4.6243946409450146e-10,3.0310370139175328e-05,0.0011991308482113847,0.010397828655350954,0.07092315742895017,0.9174490079424011
P17,3,A,gamma,1799551287-γ-3,P17-T03-Aγ,18,64,E4,9,9,R1,R,False,64,True,R3,False,0.0016509170971198545,False,0.31189680099487305,valid,False,8.770526637242631e-05,0.0001387708933874984,1.6462888038413607e-05,2.140648108970781e-06,2.5971532275370026e-07,0.0016509170971198545,0.27406172612893365,0.4993730236470048,0.21558458942501066,0.009084404290701044
P17,3,A,gamma,1799551287-γ-3,P17-T03-Aγ,19,69,A4,12,12,R5,R,False,69,True,R5,True,0.7069384337199749,False,0.43953466415405273,valid,False,1.04243795631864e-06,5.821920200228609e-07,7.055934572499867e-08,1.0344491326647181e-08,1.2320480439174919e-09,4.6463288928692704e-05,0.003458875655098367,0.03968382131520475,0.2498706992549319,0.7069384337199749
P17,3,A,gamma,1799551287-γ-3,P17-T03-Aγ,20,59,B3,6,6,L3,L,False,59,True,R2,False,0.0055999461147296405,False,0.46883702278137207,valid,False,0.0025921518236892895,0.08336193572764178,0.0055999461147296405,0.0009256648668656027,0.00012476379325044123,0.009049929569674124,0.8311056936912258,0.05930875743734678,0.007711841273379461,0.00021931570219725183
P17,3,A,gamma,1799551287-γ-3,P17-T03-Aγ,21,64,E4,9,9,R3,R,False,64,True,R3,True,0.461263880759192,False,0.33653783798217773,valid,False,6.625388508640908e-05,8.359794849705665e-05,1.1961887665966403e-05,2.057981334557818e-06,2.556799232397295e-07,0.0028528090980753846,0.32181288967733923,0.461263880759192,0.18382243944707485,0.03008385363581127
P17,3,A,gamma,1799551287-γ-3,P17-T03-Aγ,22,53,F3,3,3,L5,L,False,53,True,L3,False,0.028823661932033142,False,0.3255770206451416,valid,False,0.0012340383354776114,0.1904392855573492,0.5309213440058643,0.2482940879745215,0.028823661932033142,0.00021275566907053342,6.014342608695283e-05,1.2211390469476262e-05,2.100907010411141e-06,3.708021167721972e-07
P17,3,A,gamma,1799551287-γ-3,P17-T03-Aγ,23,65,F4,10,10,R5,R,False,65,True,R4,False,0.11786484647450442,False,0.3277719020843506,valid,False,1.358439470487685e-05,7.317354770689721e-06,1.0790887103863992e-06,2.011140534539526e-07,2.6925085090729645e-08,0.0004429668405378705,0.047447198076361226,0.3755387341024999,0.45868404562877196,0.11786484647450442
P17,3,A,gamma,1799551287-γ-3,P17-T03-Aγ,24,71,B4,13,13,R2,R,False,71,True,R5,False,0.0017795546910950827,False,0.3958415985107422,valid,False,1.8137633981712623e-07,6.872473011015061e-08,8.600959075319887e-09,1.5401406099619326e-09,2.253941131180694e-10,4.36848487566827e-05,0.0017795546910950827,0.0317014734052282,0.15701842567719473,0.8094566009101614
P17,3,A,gamma,1799551287-γ-3,P17-T03-Aγ,25,67,G4,11,11,R5,R,False,67,True,R4,False,0.09162349610792829,False,0.5281212329864502,valid,False,3.2145425026135717e-06,2.0382116566040516e-06,2.5626085127227547e-07,3.7569624917965846e-08,5.702742304923797e-09,0.00014709826825406002,0.01558522430057681,0.3081803976037513,0.5844582314321118,0.09162349610792829
P17,3,A,gamma,1799551287-γ-3,P17-T03-Aγ,26,69,A4,12,12,R5,R,False,69,True,R5,True,0.6739541236339348,False,0.43731093406677246,valid,False,6.646460750133441e-07,3.455499205967765e-07,4.6930726056297844e-08,7.161164452177841e-09,1.0884127229278208e-09,6.698109338269538e-05,0.0031681950560216985,0.054226083754812165,0.2685835510855498,0.6739541236339348
P17,3,A,gamma,1799551287-γ-3,P17-T03-Aγ,27,60,C4,7,7,L1,L,False,60,True,R2,False,0.0015023835908105174,False,0.3215181827545166,valid,False,0.0015023835908105174,0.0075588422984770864,0.0010060957289114852,0.0001535202536761527,2.047853363251975e-05,0.010151653781724891,0.9033203253442298,0.06709283283705218,0.008381921843336951,0.0008119457881485305
P17,3,A,gamma,1799551287-γ-3,P17-T03-Aγ,28,59,B3,6,6,L1,L,False,59,True,R2,False,0.003231288618423164,False,0.39287614822387695,valid,False,0.003231288618423164,0.04632977566548279,0.006213086244270709,0.0010689295768164227,0.0001535573998079664,0.010450582852827137,0.8512090514179913,0.07128299161901598,0.009647103860712611,0.0004136327446519942
P17,3,A,gamma,1799551287-γ-3,P17-T03-Aγ,29,71,B4,13,13,R5,R,False,71,True,R5,True,0.858263773092361,False,0.47767210006713867,valid,False,1.5736508783229953e-07,7.299726962506632e-08,7.771180148053633e-09,1.5074538537695828e-09,2.039454201309918e-10,1.0897733378139993e-05,0.0008478186519339355,0.01998359086586205,0.12089367981152804,0.858263773092361
P17,4,C,beta,1799551287-β-9,P17-T04-Cβ,0,62,D4,8,8,R4,R,False,62,True,R4,True,0.5867769792606886,False,2.0200788974761963,valid,False,0.00018463781773595507,7.512961440263821e-05,4.964934442591933e-06,1.0858901805333248e-06,2.781577201600976e-07,0.002640959463301586,0.012870028463282057,0.36308784946069045,0.5867769792606886,0.034358086937555585
P17,4,C,beta,1799551287-β-9,P17-T04-Cβ,1,67,G4,11,11,R2,R,False,67,True,R2,True,0.9741810119605363,False,0.8668341636657715,valid,False,3.425118177117243e-06,1.7750815494462371e-06,1.9192557913993458e-07,2.703433401200826e-08,4.275709841008489e-09,0.009470232768915931,0.9741810119605363,0.01460840620190493,0.0015551890756193999,0.00017973655767398672
P17,4,C,beta,1799551287-β-9,P17-T04-Cβ,2,64,E4,9,9,R3,R,False,64,True,R3,True,0.6827316002955565,False,0.5160751342773438,valid,False,5.693120635553669e-05,6.169794670316244e-05,8.280116924140534e-06,9.938759186698631e-07,1.4355010902710837e-07,0.0023457101601692763,0.1975717502138061,0.6827316002955565,0.11285477448260009,0.004368118151857582
P17,4,C,beta,1799551287-β-9,P17-T04-Cβ,3,62,D4,8,8,R2,R,False,62,True,R2,True,0.827706107381749,False,0.4443998336791992,valid,False,0.00044993636921699016,0.0008673089165878224,0.00011987067191706078,1.4388271960967334e-05,1.9888056614584913e-06,0.010068739829635714,0.827706107381749,0.14240258453000024,0.017092814125376308,0.0012762610978943388
P17,4,C,beta,1799551287-β-9,P17-T04-Cβ,4,59,B3,6,6,L4,L,False,59,True,L4,True,0.3655827699945668,True,0.7442371845245361,valid,False,0.00170386517684654,0.06792335682978297,0.5454872419238066,0.3655827699945668,0.01669178259048296,0.0010363293142026354,0.0013931584815129376,0.00015457116152462107,2.1771121885357346e-05,5.153405388564389e-06
P17,4,C,beta,1799551287-β-9,P17-T04-Cβ,5,59,B3,6,6,L4,L,False,59,True,L3,False,0.0922924169113823,False,0.44167590141296387,valid,False,0.0017927503803892289,0.3535447184569043,0.5489514364145933,0.0922924169113823,0.002940912032490036,0.00025406758486982284,0.00018337229189537867,3.375023374704725e-05,5.530245389243483e-06,1.0454483393292105e-06
P17,4,C,beta,1799551287-β-9,P17-T04-Cβ,6,60,C4,7,7,R4,R,False,60,True,R4,True,0.693720640866042,False,1.3611149787902832,valid,False,6.126724426629142e-05,5.3206491984291406e-05,6.618207902278945e-06,6.248926672927101e-07,1.305166312749172e-07,0.0027729786864150534,0.005730110120697013,0.2209972272004869,0.693720640866042,0.0766571957729076
P17,4,C,beta,1799551287-β-9,P17-T04-Cβ,7,64,E4,9,9,R5,R,False,64,True,R5,True,0.8682918683609829,False,0.9177742004394531,valid,False,6.090172954425479e-06,4.1123138673965165e-06,4.650004949410113e-07,5.152352347951246e-08,9.201134579438016e-09,0.0012792841234892422,0.0004417539690661878,0.01317165854980169,0.11680470678468505,0.8682918683609829
P17,4,C,beta,1799551287-β-9,P17-T04-Cβ,8,60,C4,7,7,L2,L,False,60,True,L2,True,0.9417454246582266,False,0.8100159168243408,valid,False,0.011108771130525767,0.9417454246582266,0.03838761909561174,0.005407219408726423,0.0008938073566326625,0.001836047620245356,0.0005706759813083825,4.275517613362496e-05,6.200045258910707e-06,1.4795273306230256e-06
P17,4,C,beta,1799551287-β-9,P17-T04-Cβ,9,59,B3,6,6,L1,L,False,59,True,L1,True,0.9886649627183014,False,1.0002577304840088,valid,False,0.9886649627183014,0.010765596179310088,0.00014318117544980175,2.777429046901214e-05,1.861766366579543e-05,0.0002557828161723067,0.00010683790205117892,1.4070927502499196e-05,2.7267511036850113e-06,4.495759742062079e-07
P17,4,C,beta,1799551287-β-9,P17-T04-Cβ,10,60,C4,7,7,R4,R,False,60,True,R4,True,0.8503420524416963,False,2.0798559188842773,valid,False,3.666588715768736e-05,8.788059825694479e-06,3.3067937195806027e-07,6.163002934603857e-08,3.664031881822602e-08,0.0014042686188646327,0.0010638848266479675,0.07549518990426603,0.8503420524416963,0.07164872131182165
P17,4,C,beta,1799551287-β-9,P17-T04-Cβ,11,64,E4,9,9,R5,R,False,64,True,R5,True,0.8860753653604138,False,0.9160451889038086,valid,False,8.976768240092586e-06,2.1238132796177046e-06,1.7456768872571254e-07,2.8855844865772298e-08,1.019923346968342e-08,0.0007184130885304807,0.00036635755594924664,0.008356495134263621,0.10447205465655612,0.8860753653604138
P17,4,C,beta,1799551287-β-9,P17-T04-Cβ,12,62,D4,8,8,R4,R,False,62,True,R4,True,0.7995028051255922,False,0.6472320556640625,valid,False,2.4694115053155145e-05,7.699043919259417e-06,6.38741988409612e-07,8.99721878633463e-08,3.444971066849158e-08,0.001172080032662394,0.003326205571282673,0.15831367946512861,0.7995028051255922,0.03765207348247485
P17,4,C,beta,1799551287-β-9,P17-T04-Cβ,13,57,A3,5,5,L2,L,False,57,True,L2,True,0.9645337225696277,False,0.638502836227417,valid,False,0.007327576220433071,0.9645337225696277,0.022457952779144152,0.003163391765589639,0.0008104522260724956,0.0002335828321865316,0.0009875383196068588,0.00040728348665187926,7.624698722377608e-05,2.252813463991648e-06
P17,4,C,beta,1799551287-β-9,P17-T04-Cβ,14,60,C4,7,7,L1,L,False,60,True,L1,True,0.9315264703604539,False,0.9598982334136963,valid,False,0.9315264703604539,0.06386839298611419,0.0013727617773950764,0.00017149942014807004,5.59567955838826e-05,0.0012406636817585577,0.0014841427539993546,0.00024581516347827094,3.062416995809092e-05,3.6728911105706988e-06
P17,4,C,beta,1799551287-β-9,P17-T04-Cβ,15,64,E4,9,9,R5,R,False,64,True,R5,True,0.8495310741526486,False,1.0963668823242188,valid,False,6.15519826400283e-06,7.352386039464319e-07,3.119304264342797e-08,5.5856179877975956e-09,3.320764666857602e-09,0.00220523029097013,0.0008171761827890037,0.008675176568566317,0.13876441226873265,0.8495310741526486
P17,4,C,beta,1799551287-β-9,P17-T04-Cβ,16,59,B3,6,6,L2,L,False,59,True,L2,True,0.9591464626144006,False,0.6862590312957764,valid,False,0.011775767138342719,0.9591464626144006,0.02324392453430576,0.0034077211639616826,0.0007160851371426047,0.00046579874868066967,0.0009631036574245153,0.00022429138424829144,5.0275712004234084e-05,6.569909488813824e-06
P17,4,C,beta,1799551287-β-9,P17-T04-Cβ,17,57,A3,5,5,L1,L,False,57,True,L1,True,0.9846829279571093,False,1.0125529766082764,valid,False,0.9846829279571093,0.014186909720886834,0.00045489879597500566,9.55906457801459e-05,4.8427845463421965e-05,0.0001470684220647158,0.0002868105785943914,8.062975448297561e-05,1.5049457548837137e-05,1.686822094534118e-06
P17,4,C,beta,1799551287-β-9,P17-T04-Cβ,18,52,E3,2,2,L3,L,False,52,True,L3,True,0.5865107025745656,False,0.6060788631439209,valid,False,0.0014600330915658614,0.33454257876048527,0.5865107025745656,0.06763941776453086,0.009844790705759592,1.3773428819873594e-06,8.734569434385461e-07,1.8644769655661194e-07,3.5417664257644895e-08,4.437906533180108e-09
P17,4,C,beta,1799551287-β-9,P17-T04-Cβ,19,55,G3,4,4,L2,L,False,55,True,L2,True,0.918756657510727,False,0.6465909481048584,valid,False,0.007510929701959396,0.918756657510727,0.06052286919114194,0.010412648788170314,0.0026362005506974755,5.018758376923289e-05,8.096101148131186e-05,2.4588107976662868e-05,4.41854414564313e-06,5.39009931043592e-07
P17,4,C,beta,1799551287-β-9,P17-T04-Cβ,20,60,C4,7,7,R4,R,False,60,True,R4,True,0.7305543472288151,False,0.6732308864593506,valid,False,0.000204782395374138,2.82441761951207e-05,1.2480207603530375e-06,2.325985912867229e-07,9.442596412873362e-08,0.0029264896284317593,0.009812426808292495,0.14630167959802848,0.7305543472288151,0.11017045511954712
P17,4,C,beta,1799551287-β-9,P17-T04-Cβ,21,57,A3,5,5,L1,L,False,57,True,L1,True,0.9688698625424059,False,0.7290518283843994,valid,False,0.9688698625424059,0.028678000682448378,0.0006949817464171618,0.00013481258856139886,6.82983481499956e-05,0.00017418265809754062,0.0007872975412195261,0.00045698144972335217,0.00012838211264464634,7.200330332273236e-06
P17,4,C,beta,1799551287-β-9,P17-T04-Cβ,22,60,C4,7,7,L2,L,False,60,True,L2,True,0.9080086633011046,False,0.9305100440979004,valid,False,0.02200465275004794,0.9080086633011046,0.02687654356126532,0.00394028840408113,0.0008617879119925151,0.009201047355593456,0.02492366133877166,0.0036373446352850032,0.0004922610664454696,5.37496754128412e-05
P17,4,C,beta,1799551287-β-9,P17-T04-Cβ,23,64,E4,9,9,R2,R,False,64,True,R2,True,0.8034803110441818,False,0.4694540500640869,valid,False,1.07567182879578e-05,5.478173063258897e-06,4.4785218727365673e-07,5.595026878969721e-08,1.4797285650496658e-08,0.01669808916773106,0.8034803110441818,0.15585914471624937,0.021954073010835518,0.0019916285699093286
P17,4,C,beta,1799551287-β-9,P17-T04-Cβ,24,59,B3,6,6,L1,L,False,59,True,L1,True,0.9513334913925628,False,0.6726632118225098,valid,False,0.9513334913925628,0.04550693243289316,0.0010595716000254645,0.0001822938516371527,8.873194353201654e-05,0.00035630189262250787,0.000997430678040042,0.00038979460809849897,7.879871084840496e-05,6.652889739868028e-06
P17,4,C,beta,1799551287-β-9,P17-T04-Cβ,25,62,D4,8,8,R1,R,False,62,True,R1,True,0.7410618893583448,False,0.7762100696563721,valid,False,7.869179400550449e-05,2.0002143087568215e-05,1.6750439809096072e-06,2.455731094758857e-07,8.33955291967256e-08,0.7410618893583448,0.24179352106280233,0.01470347915820097,0.002071108856269685,0.00026930361466963825
P17,4,C,beta,1799551287-β-9,P17-T04-Cβ,26,60,C4,7,7,L3,L,False,60,True,L3,True,0.686284326475346,False,0.8562049865722656,valid,False,0.003232017168320382,0.16954297807166646,0.686284326475346,0.12813782630455012,0.010580799599853351,0.0008555687199429127,0.0008525983451535337,0.00044648312073480335,5.900351210247196e-05,8.398682329997479e-06
P17,4,C,beta,1799551287-β-9,P17-T04-Cβ,27,64,E4,9,9,R3,R,False,64,True,R3,True,0.5614543645100236,False,0.5727620124816895,valid,False,5.446761837146491e-06,4.671468086932924e-06,1.5496651330268859e-06,1.2471623723475728e-07,2.183565401788853e-08,0.0048913592386460635,0.18319121474253966,0.5614543645100236,0.23288167608779956,0.017569570974042825
P17,4,C,beta,1799551287-β-9,P17-T04-Cβ,28,62,D4,8,8,R4,R,False,62,True,R4,True,0.4746157943328728,False,0.6578919887542725,valid,False,7.247771423964047e-05,9.924618123043987e-05,1.56360493719835e-05,2.6919367115529057e-06,5.114980677172237e-07,0.001286252965199098,0.02721751657078567,0.4381255980019525,0.4746157943328728,0.05856427474956852
P17,4,C,beta,1799551287-β-9,P17-T04-Cβ,29,64,E4,9,9,R5,R,False,64,True,R5,True,0.4836638316306598,False,0.6522030830383301,valid,False,1.8296270770129346e-05,1.954514704633818e-05,3.018558422120735e-06,6.100597939387444e-07,1.0705768712958312e-07,0.0019318449430380555,0.006408298322836726,0.07661576308501163,0.4313386849247342,0.4836638316306598
P17,5,C,beta,1799551287-β-8,P17-T05-Cβ,0,62,D4,8,8,R3,R,False,62,True,R3,True,0.6881531924598131,False,0.8108561038970947,valid,False,4.6295638549789335e-05,0.00011847683052542584,5.128080111997611e-05,1.599815094809277e-05,2.970319779815795e-06,0.0010848236420663076,0.12239031610941989,0.6881531924598131,0.1829393324379155,0.005197313609862083
P17,5,C,beta,1799551287-β-8,P17-T05-Cβ,1,59,B3,6,6,L3,L,False,59,True,L3,True,0.6583471814694779,False,0.8282599449157715,valid,False,0.0031927021554457283,0.1680814310026646,0.6583471814694779,0.14398835432886167,0.024748303937376783,0.00012887239149246752,0.0005265048794225387,0.0007659809788525431,0.00019204098941828443,2.8627866987493647e-05
P17,5,C,beta,1799551287-β-8,P17-T05-Cβ,2,60,C4,7,7,R4,R,False,60,True,R4,True,0.8259286009167222,False,1.1358060836791992,valid,False,4.2274520745397015e-05,2.4610095005220315e-05,8.845252459546436e-06,1.7182751902002571e-06,4.805461582049363e-07,0.0019669976215243305,0.0023870645197772386,0.08930351440049682,0.8259286009167222,0.08033589385192097
P17,5,C,beta,1799551287-β-8,P17-T05-Cβ,3,64,E4,9,9,R4,R,False,64,True,R4,True,0.8159741198273631,False,0.7608587741851807,valid,False,8.700061715325131e-06,1.3933127415306127e-05,3.1715128558144626e-06,5.270304635146807e-07,1.1046631333162918e-07,0.00034569012523395895,0.002910589590690939,0.12118799868647394,0.8159741198273631,0.059555159571474725
P17,5,C,beta,1799551287-β-8,P17-T05-Cβ,4,60,C4,7,7,L5,L,False,60,True,L5,True,0.7802184253114328,False,0.8035719394683838,valid,False,0.000594490310751939,0.004515457485125046,0.037188865320482364,0.17744396856801642,0.7802184253114328,3.3521757602890476e-05,3.640279601837417e-06,1.054074130079098e-06,4.7600296024355905e-07,1.0088989630960542e-07
P17,5,C,beta,1799551287-β-8,P17-T05-Cβ,5,60,C4,7,7,R2,R,False,60,True,R2,True,0.7242234283023365,False,0.5444338321685791,valid,False,0.00018636046168788966,0.00016331596078387358,3.1590461582975944e-05,4.820391873855073e-06,6.259145908354017e-07,0.013714290849408228,0.7242234283023365,0.22703403664420682,0.033284770412597746,0.0013567606009313978
P17,5,C,beta,1799551287-β-8,P17-T05-Cβ,6,57,A3,5,5,L2,L,False,57,True,L2,True,0.967150944072873,False,0.871168851852417,valid,False,0.00862232334970154,0.967150944072873,0.022518891485129314,0.0014252604635926907,0.00020847004308393967,5.567548408282021e-05,1.7125148026505268e-05,1.2487085502900509e-06,5.513943376226834e-08,6.105526158549609e-09
P17,5,C,beta,1799551287-β-8,P17-T05-Cβ,7,55,G3,4,4,L3,L,False,55,True,L3,True,0.749228718987372,False,0.7156329154968262,valid,False,0.0007792413797769959,0.16917916202170855,0.749228718987372,0.07663426517012169,0.0041535762589287656,1.8527481137248404e-05,6.0946658162191545e-06,3.855052689219037e-07,2.539506492031487e-08,3.134804734142159e-09
P17,5,C,beta,1799551287-β-8,P17-T05-Cβ,8,50,D3,1,1,L2,L,False,50,True,L2,True,0.9530379443818446,False,0.8683860301971436,valid,False,0.008495063500158637,0.9530379443818446,0.03180599260028953,0.004480141893503224,0.0021807191736834737,1.2403651965271408e-07,1.2996813488993468e-08,1.2155118654924223e-09,1.712150819840561e-10,3.04605182298626e-11
P17,5,C,beta,1799551287-β-8,P17-T05-Cβ,9,55,G3,4,4,L3,L,False,55,True,L3,True,0.769389653081147,False,0.8644421100616455,valid,False,0.0006047732948285696,0.17796320526722303,0.769389653081147,0.04678663298705928,0.005247427903893109,6.304223782493888e-06,1.7526391069021008e-06,2.1588032862532691e-07,2.9354030450513282e-08,5.3686006113075086e-09
P17,5,C,beta,1799551287-β-8,P17-T05-Cβ,10,60,C4,7,7,R2,R,False,60,True,R2,True,0.843526448072858,False,0.572333812713623,valid,False,0.00030484012058953094,0.00020823331651313533,1.0230224608945323e-05,1.0890944113321454e-06,4.3666814986315454e-07,0.006924543962975656,0.843526448072858,0.13396669933604438,0.014843933401810897,0.00021354580203814322
P17,5,C,beta,1799551287-β-8,P17-T05-Cβ,11,64,E4,9,9,R4,R,False,64,True,R4,True,0.7063641943640789,False,0.6255998611450195,valid,False,8.184099625476722e-06,1.8298161219533328e-06,2.7468954110321415e-07,4.0271399150122186e-08,1.0637308432104203e-08,0.0002651584583974291,0.004870165612552743,0.16205803299964347,0.7063641943640789,0.1264321090513314
P17,5,C,beta,1799551287-β-8,P17-T05-Cβ,12,60,C4,7,7,R3,R,False,60,True,R3,True,0.6784857392350279,False,0.5794720649719238,valid,False,0.0002510322739211825,0.0001900138973491315,2.5219531150001298e-05,3.413092391280002e-06,8.601718671778082e-07,0.001561023794566423,0.09135170637683923,0.6784857392350279,0.22137618765226602,0.006754803974621843
P17,5,C,beta,1799551287-β-8,P17-T05-Cβ,13,57,A3,5,5,L5,L,False,57,True,L5,True,0.6430484349786554,False,0.7255852222442627,valid,False,0.00021981748269949352,0.004171677924778461,0.059053991153601035,0.2933696371253776,0.6430484349786554,7.325110697537691e-05,4.518181136795183e-05,1.5491118008327764e-05,2.288600272096867e-06,2.2869826432311488e-07
P17,5,C,beta,1799551287-β-8,P17-T05-Cβ,14,60,C4,7,7,L3,L,False,60,True,L3,True,0.5174814231287658,False,0.6724560260772705,valid,False,0.0007600455102045955,0.06293288711876957,0.5174814231287658,0.39327300974957874,0.02339783884324208,0.0008150011425137234,0.0008139350549816506,0.00045609026797592886,6.292365634170881e-05,6.845527626279847e-06
P17,5,C,beta,1799551287-β-8,P17-T05-Cβ,15,57,A3,5,5,L4,L,False,57,True,L4,True,0.5328387723651323,False,0.6665420532226562,valid,False,0.0004392767078260683,0.023366916698782596,0.4027108809707953,0.5328387723651323,0.040562037440337206,4.005552808220452e-05,2.9070744468664495e-05,1.045475869159004e-05,2.298656848342139e-06,2.3612903575808917e-07
P17,5,C,beta,1799551287-β-8,P17-T05-Cβ,16,60,C4,7,7,L2,L,False,60,True,L2,True,0.9137477736623695,False,0.5941288471221924,valid,False,0.005460577615667028,0.9137477736623695,0.06786731673528544,0.007519913043846508,0.0008672348819773035,0.0008801022383072905,0.0022901824022621316,0.001108131843343054,0.0002361717471081243,2.2595829833663404e-05
P17,5,C,beta,1799551287-β-8,P17-T05-Cβ,17,64,E4,9,9,R2,R,False,64,True,R2,True,0.6239668468760549,False,0.5728209018707275,valid,False,1.5374322228415614e-05,9.21158572473449e-06,1.2124934109033124e-06,2.237453014950887e-07,4.52724136823479e-08,0.013291631922140399,0.6239668468760549,0.31611220730018724,0.044527066354170405,0.002076180128368
P17,5,C,beta,1799551287-β-8,P17-T05-Cβ,18,59,B3,6,6,L1,L,False,59,True,L1,True,0.9713405554185349,False,0.6479759216308594,valid,False,0.9713405554185349,0.02450009838575733,0.000505947248699033,9.814366869959887e-05,4.777165214771777e-05,0.0009229563412703204,0.0016598689487752121,0.0008019321363035094,0.0001145527932321354,8.173406580320883e-06
P17,5,C,beta,1799551287-β-8,P17-T05-Cβ,19,55,G3,4,4,L2,L,False,55,True,L2,True,0.9387618946229516,False,0.4676060676574707,valid,False,0.016129858367609717,0.9387618946229516,0.036765572363939625,0.006077308236589508,0.0020638266851109323,0.0001000169338116023,7.066127876138783e-05,2.6451018783558254e-05,4.101267717188427e-06,3.0922472496917816e-07
P17,5,C,beta,1799551287-β-8,P17-T05-Cβ,20,60,C4,7,7,L3,L,False,60,True,L3,True,0.7396645042410256,False,0.7078440189361572,valid,False,0.0008162339030957153,0.1324488735213048,0.7396645042410256,0.1174716127462112,0.007101101769594071,0.0011588499093094786,0.0009957432571113007,0.00030306642009729105,3.495117158029236e-05,5.063060670266802e-06
P17,5,C,beta,1799551287-β-8,P17-T05-Cβ,21,64,E4,9,9,R2,R,False,64,True,R2,True,0.6443611787305326,False,0.5270681381225586,valid,False,1.2234067597376584e-05,6.647087288457937e-06,1.7789346687248135e-06,2.7144782923530673e-07,4.83805417902011e-08,0.010277396212389111,0.6443611787305326,0.31364425740011326,0.029614360787957192,0.002081826951082292
P17,5,C,beta,1799551287-β-8,P17-T05-Cβ,22,60,C4,7,7,R3,R,False,60,True,R3,True,0.6335557311015695,False,0.5053930282592773,valid,False,0.00013222792059358382,0.00019336968888027104,7.187564588942687e-05,1.626004724756354e-05,2.883468887845289e-06,0.001738242648068256,0.1441634909269829,0.6335557311015695,0.2067164338260697,0.013409484725811136
P17,5,C,beta,1799551287-β-8,P17-T05-Cβ,23,57,A3,5,5,L2,L,False,57,True,L2,True,0.9557232430118296,False,0.4976928234100342,valid,False,0.006341398328125252,0.9557232430118296,0.02676511339742718,0.004604800289668868,0.0012027455586493103,0.00041438641736839265,0.0027587189122752786,0.0017185005930618756,0.00044136344242893464,2.9730049165432967e-05
P17,5,C,beta,1799551287-β-8,P17-T05-Cβ,24,62,D4,8,8,R4,R,False,62,True,R4,True,0.5171214883431148,False,0.6372199058532715,valid,False,5.714667649442909e-05,6.899201558111373e-05,1.0671742139514739e-05,2.1468161385621104e-06,4.802834424097286e-07,0.0013946651218192463,0.016426588847036114,0.3667305648647122,0.5171214883431148,0.09818725528952169
P17,5,C,beta,1799551287-β-8,P17-T05-Cβ,25,59,B3,6,6,L1,L,False,59,True,L1,True,0.9356196938355188,False,0.699343204498291,valid,False,0.9356196938355188,0.05689509217552516,0.0018987752705914367,0.0002674584862994397,8.05569480001903e-05,0.0021532179049054325,0.002393002054506304,0.0006194646690453873,6.859442440112603e-05,4.1442312067872044e-06
P17,5,C,beta,1799551287-β-8,P17-T05-Cβ,26,60,C4,7,7,L2,L,False,60,True,L2,True,0.8953897757866771,False,0.6993808746337891,valid,False,0.01269639312843588,0.8953897757866771,0.051486412993480155,0.008510646826339717,0.0015239687434278274,0.013758501758083064,0.014266303983843006,0.0020986996685546425,0.00023254255172983765,3.675455942861741e-05
P17,5,C,beta,1799551287-β-8,P17-T05-Cβ,27,60,C4,7,7,R2,R,False,60,True,R2,True,0.847813170244726,False,0.5103039741516113,valid,False,0.0022900115528277742,0.0032261330984129587,0.0004108947641774449,7.658009093352615e-05,1.6605406425329197e-05,0.018367482660827304,0.847813170244726,0.11111679490672263,0.015651736268368563,0.0010305910065784038
P17,5,C,beta,1799551287-β-8,P17-T05-Cβ,28,65,F4,10,10,R2,R,False,65,True,R2,True,0.9196190441758898,False,0.7818460464477539,valid,False,3.0807614626196207e-06,1.6728250884394947e-06,3.7221441023490863e-07,5.9114134593413785e-08,1.2783383613554781e-08,0.015288967052073886,0.9196190441758898,0.05820431552309464,0.006449221990276702,0.00043325356018549845
P17,5,C,beta,1799551287-β-8,P17-T05-Cβ,29,62,D4,8,8,R4,R,False,62,True,R4,True,0.5215392515490623,False,0.5057921409606934,valid,False,5.933442749570489e-05,6.422627522527605e-05,1.459877282955361e-05,2.5207080070048656e-06,5.127976826834037e-07,0.001579803842094401,0.023772239524010048,0.37829498812926815,0.5215392515490623,0.0746725239743249
P17,6,A,alpha,1799551287-α-6,P17-T06-Aα,0,64,E4,9,9,R3,R,False,64,True,R2,False,0.09883818621401563,False,3.826188087463379,valid,False,5.808007490852783e-05,2.349981500441268e-05,2.273315433219462e-06,3.202156221787345e-07,8.727869502482323e-08,0.03233557622530075,0.8570395185745745,0.09883818621401563,0.010951583199317418,0.0007508750871282005
P17,6,A,alpha,1799551287-α-6,P17-T06-Aα,1,65,F4,10,10,R4,R,False,65,True,R3,False,0.13077897065710375,False,0.3541111946105957,valid,False,6.5073396694536575e-06,2.569089936267986e-06,3.202235063305379e-07,5.0857073054349264e-08,1.0903411332265302e-08,0.003241063022805165,0.32546223280738723,0.5303348774726677,0.13077897065710375,0.010173397626439607
P17,6,A,alpha,1799551287-α-6,P17-T06-Aα,2,67,G4,11,11,R5,R,False,67,True,R4,False,0.06326008687270518,False,0.44138216972351074,valid,False,1.5373694155141928e-06,7.590578275268894e-07,1.0556697570830402e-07,1.8154057700320256e-08,4.011046402183476e-09,0.0002976784587755601,0.029501271888263802,0.39039511860441783,0.5165434200165148,0.06326008687270518
P17,6,A,alpha,1799551287-α-6,P17-T06-Aα,3,65,F4,10,10,R3,R,False,65,True,R3,True,0.6092938256258712,False,0.29913973808288574,valid,False,1.0698820785988783e-05,8.712130579283081e-06,8.869700192896277e-07,1.863843951263888e-07,3.691231566349876e-08,0.0007315581573669575,0.17620632861960833,0.6092938256258712,0.2069134569856336,0.006834309393424837
P17,6,A,alpha,1799551287-α-6,P17-T06-Aα,4,60,C4,7,7,L3,L,False,60,True,R1,False,0.000534644192863843,False,0.5150260925292969,valid,False,0.001072648921668036,0.0034542319593704783,0.000534644192863843,9.198278735504463e-05,1.817369867090489e-05,0.8074217824738512,0.16301564643450864,0.02206176868221374,0.0021680891131751544,0.00016103173632306067
P17,6,A,alpha,1799551287-α-6,P17-T06-Aα,5,59,B3,6,6,L4,L,False,59,True,R1,False,0.0010937921753133627,False,0.39687609672546387,valid,False,0.009274704988019961,0.049538292968024485,0.005205161441646777,0.0010937921753133627,0.00018816373973050277,0.8710076137754825,0.05296602754072876,0.009484422521892364,0.0010937921753133627,0.00014802867384802466
P17,6,A,alpha,1799551287-α-6,P17-T06-Aα,6,60,C4,7,7,L5,L,False,60,True,R2,False,3.024870445534864e-05,False,0.3816988468170166,valid,False,0.015690060367747886,0.011724704091969667,0.0008038826940710096,0.000143948177400009,3.024870445534864e-05,0.04754601964501903,0.8137865244686775,0.09768012179265378,0.01220319834313961,0.0003912917148662438
P17,6,A,alpha,1799551287-α-6,P17-T06-Aα,7,59,B3,6,6,L4,L,False,59,True,R1,False,0.0009059603409961784,False,0.35921788215637207,valid,False,0.01922609523987911,0.055770232113348,0.005937215499670806,0.0009059603409961784,0.00013282009340402583,0.7815196178549093,0.11008361928986105,0.023132539261132117,0.003007894259469586,0.00028400604732999475
P17,6,A,alpha,1799551287-α-6,P17-T06-Aα,8,60,C4,7,7,L5,L,False,60,True,R2,False,1.0307336807810506e-05,False,0.3332180976867676,valid,False,0.0039441661170644205,0.003271016111552115,0.00034822748303627764,6.235575398422111e-05,1.0307336807810506e-05,0.0869297806782346,0.7845424441239148,0.10617627388665442,0.013805964019356349,0.0009094644893948548
P17,6,A,alpha,1799551287-α-6,P17-T06-Aα,9,59,B3,6,6,L3,L,False,59,True,R1,False,0.0034133322749250947,False,0.3748910427093506,valid,False,0.011297054397695575,0.0294849998451924,0.0034133322749250947,0.0005208407328142048,7.947514250261247e-05,0.8520873293917077,0.0837376771073678,0.016906345432938327,0.002198310302310334,0.00027463537254596013
P17,6,A,alpha,1799551287-α-6,P17-T06-Aα,10,57,A3,5,5,L4,L,False,57,True,L2,False,0.004221416820690795,False,0.38823819160461426,valid,False,0.025538083565522236,0.8289590948870366,0.020088968050885652,0.004221416820690795,0.0009232740384651035,0.0850047515099739,0.027665075659732634,0.006554624369831775,0.0009609535667665972,8.375753109480453e-05
P17,6,A,alpha,1799551287-α-6,P17-T06-Aα,11,62,D4,8,8,R2,R,False,62,True,R2,True,0.7403975803583805,False,0.33928394317626953,valid,False,0.0008582904754398038,0.0011248932051691623,0.00012089744106202362,2.345169073007198e-05,3.021204964619823e-06,0.07403168952302869,0.7403975803583805,0.16193375189503545,0.0194371719509313,0.0020692522552585102
P17,6,A,alpha,1799551287-α-6,P17-T06-Aα,12,64,E4,9,9,R1,R,False,64,True,R3,False,0.0198841081707741,False,0.2774941921234131,valid,False,9.541417394920082e-05,5.257390233897333e-05,6.666955071173828e-06,1.1470153773344956e-06,1.68015071050231e-07,0.0198841081707741,0.39917821274031823,0.4500721780837911,0.1202301671988415,0.010479363744467403
P17,6,A,alpha,1799551287-α-6,P17-T06-Aα,13,65,F4,10,10,R2,R,False,65,True,R4,False,0.0724751997100745,False,0.326214075088501,valid,False,1.8432528682144957e-05,8.153232974882373e-06,1.0354391162488042e-06,1.78141981752085e-07,2.824312890485151e-08,0.0027925456368411527,0.0724751997100745,0.34621858518106235,0.47678722618195457,0.10169861570418347
P17,6,A,alpha,1799551287-α-6,P17-T06-Aα,14,64,E4,9,9,R1,R,False,64,True,R3,False,0.003635060442327993,False,0.3351619243621826,valid,False,0.00011934000191898229,8.179832619995778e-05,9.993916702874428e-06,1.6519833199642885e-06,2.3237982837557981e-07,0.003635060442327993,0.21994737808842985,0.5749144799371377,0.18758297843970084,0.013707086484433525
P17,6,A,alpha,1799551287-α-6,P17-T06-Aα,15,62,D4,8,8,R2,R,False,62,True,R2,True,0.7852122484175882,False,0.27183103561401367,valid,False,0.0007703581625161071,0.0007475328053572563,8.945264153448891e-05,1.5389867531413302e-05,1.995081700009812e-06,0.022808071087103792,0.7852122484175882,0.16500141694119086,0.02375512060680206,0.00159841438867589
P17,6,A,alpha,1799551287-α-6,P17-T06-Aα,16,59,B3,6,6,L5,L,False,59,True,R1,False,0.00015434776196642628,False,0.37009310722351074,valid,False,0.008340735004386646,0.05237513429698378,0.0056999500738168524,0.0010623223584833755,0.00015434776196642628,0.7809080551453156,0.1240218073443403,0.024057755433647982,0.003128198925665695,0.0002516936553933717
P17,6,A,alpha,1799551287-α-6,P17-T06-Aα,17,64,E4,9,9,R3,R,False,64,True,R3,True,0.5209096828739992,False,0.4150998592376709,valid,False,9.279306045414807e-05,6.694475202624586e-05,7.413717143284993e-06,1.1774274745812756e-06,1.5211737664579107e-07,0.00741509915873924,0.30548788170924523,0.5209096828739992,0.1507430411953711,0.015275813988170264
P17,6,A,alpha,1799551287-α-6,P17-T06-Aα,18,60,C4,7,7,L4,L,False,60,True,R1,False,0.00010398192508568651,False,0.40837621688842773,valid,False,0.0024556870525281925,0.005339096178192582,0.0006290539894394007,0.00010398192508568651,1.394828013610579e-05,0.6898414632609522,0.26413538873328024,0.0317046008571623,0.005240735273198089,0.000536044450025202
P17,6,A,alpha,1799551287-α-6,P17-T06-Aα,19,59,B3,6,6,L3,L,False,59,True,L2,False,0.015872250962565813,False,0.42288994789123535,valid,False,0.006077371977978073,0.7987405460215148,0.015872250962565813,0.002421948452977719,0.0002893636983038004,0.03888324090534547,0.11640121757937869,0.018626259051681207,0.002421948452977719,0.0002658528972767003
P17,6,A,alpha,1799551287-α-6,P17-T06-Aα,20,62,D4,8,8,R4,R,False,62,True,R2,False,0.03236179578510149,False,0.2569310665130615,valid,False,0.001100380074429166,0.003039599088186465,0.00026632939336342787,4.769057854519381e-05,6.897629474570597e-06,0.046264323839820334,0.7328775132843218,0.18072536971698813,0.03236179578510149,0.0033101006097693286
P17,6,A,alpha,1799551287-α-6,P17-T06-Aα,21,57,A3,5,5,L1,L,False,57,True,L2,False,0.01755468087654673,False,0.32271695137023926,valid,False,0.01755468087654673,0.9208716166734275,0.02952745861599188,0.005503149864601539,0.001067501243468523,0.015123859845958902,0.008497970133739105,0.0015300809323431724,0.00029680516396441624,2.68766499583871e-05
P17,6,A,alpha,1799551287-α-6,P17-T06-Aα,22,55,G3,4,4,L2,L,False,55,True,L3,False,0.36679172212073047,False,0.2788691520690918,valid,False,0.0018094033751160188,0.36679172212073047,0.5245627448955665,0.09776484444833344,0.007642400659275901,0.0009827161579942997,0.0003567501744209159,7.596861752318611e-05,1.2065140299933533e-05,1.384410739307496e-06
P17,6,A,alpha,1799551287-α-6,P17-T06-Aα,23,53,F3,3,3,L3,L,False,53,True,L4,False,0.38247785637971204,False,0.2978842258453369,valid,False,0.0006642404756798289,0.05625786901687671,0.38247785637971204,0.5060678543349135,0.05430095049205674,0.00015296435438938498,6.402985361990761e-05,1.2114778109588345e-05,1.9240378772212876e-06,1.96276765106768e-07
P17,6,A,alpha,1799551287-α-6,P17-T06-Aα,24,55,G3,4,4,L2,L,False,55,True,L3,False,0.2904439928277554,False,0.30382633209228516,valid,False,0.001711779312430944,0.2904439928277554,0.5535717546597353,0.14208015665051085,0.010768715279264955,0.0008201995553352144,0.0004978663769647747,9.039117679204449e-05,1.3792799226187267e-05,1.3513619844087358e-06
P17,6,A,alpha,1799551287-α-6,P17-T06-Aα,25,53,F3,3,3,L3,L,False,53,True,L4,False,0.34210927611479885,False,0.2975642681121826,valid,False,0.000737152139019268,0.050274816327906535,0.34210927611479885,0.531195542543136,0.07543795595856723,0.00015184882989708963,7.609191620524392e-05,1.4922728983813767e-05,2.1877759630114635e-06,2.0566552283043105e-07
P17,6,A,alpha,1799551287-α-6,P17-T06-Aα,26,55,G3,4,4,L4,L,False,55,True,L3,False,0.11656275064012964,False,0.3246030807495117,valid,False,0.00192263162304611,0.2921461835123507,0.5773390833972446,0.11656275064012964,0.01050273322355264,0.0008165495283487436,0.0005867312870692198,0.00010629147016416241,1.5583069541136602e-05,1.4622485531298245e-06
P17,6,A,alpha,1799551287-α-6,P17-T06-Aα,27,62,D4,8,8,R4,R,False,62,True,R2,False,0.017691044607024396,False,0.5713090896606445,valid,False,0.0010501003071552522,0.0025423609554315924,0.0004119136895906778,7.08676346324785e-05,7.646667381788e-06,0.02834634318605579,0.823084243677284,0.12559451178954156,0.017691044607024396,0.0012009674859023752
P17,6,A,alpha,1799551287-α-6,P17-T06-Aα,28,57,A3,5,4,L4,L,False,55,False,L3,False,0.12625220672732687,False,0.3470149040222168,valid,False,0.0016135221812528394,0.3286389422236028,0.5328721608206126,0.12625220672732687,0.008970757310603353,0.0011969266366381691,0.00035943384191974625,8.032145943326223e-05,1.4382854335343554e-05,1.3459442750406227e-06
P17,6,A,alpha,1799551287-α-6,P17-T06-Aα,29,62,D4,8,8,R4,R,False,62,True,R2,False,0.037148834108141716,False,0.44318604469299316,valid,False,0.0008479614378481112,0.0033427384870137306,0.00042102308516176986,8.167007586512199e-05,1.177309095102488e-05,0.04433987518073409,0.7461542791324538,0.16319281034652852,0.037148834108141716,0.004459035055302199
P17,7,C,gamma,1799551287-γ-6,P17-T07-Cγ,0,62,D4,8,8,L2,L,False,62,True,L2,True,0.9508939009617963,False,1.318289041519165,valid,False,0.014259202539996333,0.9508939009617963,0.025981961026703422,0.0020904983667902354,7.261400209401185e-05,0.0016958239512793825,0.0033308778414550297,0.0012984368742518643,0.0003409152669217893,3.576916871153929e-05
P17,7,C,gamma,1799551287-γ-6,P17-T07-Cγ,1,57,A3,5,5,R2,R,False,57,True,R2,True,0.6625801609400104,False,0.8455619812011719,valid,False,0.000299275713619308,0.00015507313233586618,1.2477123245161978e-05,2.0624546006289912e-06,7.896991942274808e-07,0.012135578962616606,0.6625801609400104,0.28604282809313575,0.037193780192969636,0.0015779736882723825
P17,7,C,gamma,1799551287-γ-6,P17-T07-Cγ,2,62,D4,8,8,R4,R,False,62,True,R4,True,0.5775536703617162,False,0.7694289684295654,valid,False,0.00013289378657555507,0.0002001656688321077,3.3118059933415195e-05,6.987099859638379e-06,1.2079917522019242e-06,0.0006262039725937098,0.012499265721715225,0.2988414519151594,0.5775536703617162,0.1101050354218627
P17,7,C,gamma,1799551287-γ-6,P17-T07-Cγ,3,55,G3,4,4,L5,L,False,55,True,L5,True,0.6405071543862276,False,0.7529711723327637,valid,False,0.0008811389918211942,0.0052065531247916545,0.05795818992328943,0.29525314301171424,0.6405071543862276,9.584707494751706e-05,5.3128049384822454e-05,3.8572370048524446e-05,5.507409246377462e-06,7.656585284704449e-07
P17,7,C,gamma,1799551287-γ-6,P17-T07-Cγ,4,48,C3,0,0,L1,L,False,48,True,L1,True,0.9568835894445943,False,0.9719066619873047,valid,False,0.9568835894445943,0.03600586143819377,0.004152380328439402,0.0016548026267078706,0.0013017138507345272,8.957274596064596e-07,4.976587010154421e-07,2.2098456644939153e-07,3.4170559845422655e-08,3.770043245424805e-09
P17,7,C,gamma,1799551287-γ-6,P17-T07-Cγ,5,55,G3,4,4,L5,L,False,55,True,L5,True,0.5025927949938355,False,0.8735830783843994,valid,False,0.0009036523786731626,0.005687483736485164,0.09094068411424078,0.3996796723214131,0.5025927949938355,4.776526737480272e-05,8.858378662689268e-05,4.926867400785026e-05,8.979101657150074e-06,1.1156256856986777e-06
P17,7,C,gamma,1799551287-γ-6,P17-T07-Cγ,6,62,D4,8,8,R4,R,False,62,True,R4,True,0.6876134512652348,False,0.843451976776123,valid,False,6.7027955057042415e-06,5.367540982083682e-06,1.1286047270131002e-06,1.589734796910925e-07,4.0800295215551885e-08,0.0011750237443998541,0.01106643846322502,0.19154125404741318,0.6876134512652348,0.10859043376473748
P17,7,C,gamma,1799551287-γ-6,P17-T07-Cγ,7,59,B3,6,6,L3,L,False,59,True,L3,True,0.6220076934031876,False,0.6127448081970215,valid,False,0.0016039377226351678,0.061126926304229626,0.6220076934031876,0.29106850774855025,0.02095670874163482,0.000929685308660064,0.001304336492010021,0.0008619241643395073,0.00012536110118318894,1.4919013569743635e-05
P17,7,C,gamma,1799551287-γ-6,P17-T07-Cγ,8,59,B3,6,6,R2,R,False,59,True,R2,True,0.8400005943563716,False,0.5227770805358887,valid,False,0.0007359862507676039,0.009348027431145784,0.0030034233746050664,0.0005748816390442642,0.00012698538492641887,0.020401695393668786,0.8400005943563716,0.10946643854051127,0.015419269676667033,0.0009226979522921087
P17,7,C,gamma,1799551287-γ-6,P17-T07-Cγ,9,69,A4,12,12,R5,R,False,69,True,R5,True,0.2613843131576362,True,0.9074208736419678,valid,False,4.2814921038688105e-08,3.9417401876869174e-08,6.1270615098769706e-09,1.106108457021075e-09,2.8974442863440516e-10,0.00013847699091585516,0.04678636566378447,0.34584537721621306,0.34584537721621306,0.2613843131576362
P17,7,C,gamma,1799551287-γ-6,P17-T07-Cγ,10,50,D3,1,1,L2,L,False,50,True,L2,True,0.9482384350598637,False,0.6908750534057617,valid,False,0.025765972058685558,0.9482384350598637,0.019581906153001948,0.004114864825613908,0.0022981737952907245,3.8932597201146296e-07,1.7162699154423272e-07,7.17606568145255e-08,1.3452236105802198e-08,1.941687844685829e-09
P17,7,C,gamma,1799551287-γ-6,P17-T07-Cγ,11,60,C4,7,7,L3,L,False,60,True,L3,True,0.7043506561662942,False,0.6986768245697021,valid,False,0.0015212468440510198,0.0899748593490481,0.7043506561662942,0.18606048689526689,0.012102118079755772,0.0038519456947331467,0.001812926199504028,0.00027240381238673227,4.326247234497334e-05,1.0094486615066811e-05
P17,7,C,gamma,1799551287-γ-6,P17-T07-Cγ,12,59,B3,6,6,R2,R,False,59,True,R2,True,0.7752532458935344,False,0.5142519474029541,valid,False,0.0007596865667232615,0.003267009576160495,0.000991117071462451,0.00018646809350923512,3.924967391635045e-05,0.0166629842087226,0.7752532458935344,0.17647685680725173,0.02485825137897885,0.0015051307297407664
P17,7,C,gamma,1799551287-γ-6,P17-T07-Cγ,13,69,A4,12,12,R3,R,False,69,True,R3,True,0.5839782439551727,False,0.4820289611816406,valid,False,9.454326730211068e-08,1.235733607168133e-07,4.394699360301043e-08,8.313666690513567e-09,1.4508160532466956e-09,0.001908596763300391,0.22175346653183614,0.5839782439551727,0.1754229681034099,0.016936452818176406
P17,7,C,gamma,1799551287-γ-6,P17-T07-Cγ,14,53,F3,3,3,L1,L,False,53,True,L1,True,0.936098234999854,False,0.6972498893737793,valid,False,0.936098234999854,0.06166524134960462,0.0016188571266369846,0.00034018027642685497,0.00026759528322268573,6.457045322888667e-06,2.274024719527171e-06,9.93622807472471e-07,1.5196442105602307e-07,1.4306983921394597e-08
P17,7,C,gamma,1799551287-γ-6,P17-T07-Cγ,15,67,G4,11,11,R5,R,False,67,True,R5,True,0.2234378654357269,True,0.7374119758605957,valid,False,1.653084763350504e-07,1.586286965175552e-07,2.6018614498407238e-08,4.183255934081126e-09,1.2700144555592255e-09,0.00038675099205116777,0.049193149245596916,0.3634909394587836,0.3634909394587836,0.2234378654357269
P17,7,C,gamma,1799551287-γ-6,P17-T07-Cγ,16,65,F4,10,10,R4,R,False,65,True,R4,True,0.6434822520203782,False,0.6695749759674072,valid,False,2.6331998768236917e-06,4.536569290542473e-06,1.291820209880579e-06,2.405542304694667e-07,5.3897307412408124e-08,0.0009195869249093894,0.00601290654022968,0.25555118846472274,0.6434822520203782,0.09402531000884484
P17,7,C,gamma,1799551287-γ-6,P17-T07-Cγ,17,60,C4,7,7,R3,R,False,60,True,R3,True,0.5933912420384013,False,0.5521409511566162,valid,False,0.0002962573827277464,0.0015780943322260801,0.0005789314019246668,0.00011923305618731927,2.7358510242957008e-05,0.002377035085774008,0.09869310589353887,0.5933912420384013,0.28868257385139334,0.014256168447583657
P17,7,C,gamma,1799551287-γ-6,P17-T07-Cγ,18,59,B3,6,6,L5,L,False,59,True,L5,True,0.6226071407892739,False,0.7322559356689453,valid,False,0.000618548086790168,0.008980349094710635,0.06618735540156177,0.3015109318799817,0.6226071407892739,5.6945329943510486e-05,3.0229526203189957e-05,7.2003291003205855e-06,1.0795825915215498e-06,2.1997984331469881e-07
P17,7,C,gamma,1799551287-γ-6,P17-T07-Cγ,19,69,A4,12,12,R1,R,False,69,True,R1,True,0.8524719659738593,False,0.6280069351196289,valid,False,6.201058705968857e-08,7.299564901500733e-08,3.1416914507605956e-08,7.339338007092969e-09,1.1294736691015014e-09,0.8524719659738593,0.1300787874427299,0.01441314048459717,0.0022890578738811785,0.0007468733329702021
P17,7,C,gamma,1799551287-γ-6,P17-T07-Cγ,20,55,G3,4,4,L1,L,False,55,True,L1,True,0.9079930308331318,False,0.7884089946746826,valid,False,0.9079930308331318,0.08923173084374346,0.0022506897015755092,0.0003299667798460498,0.00018848001541706998,4.527376952654393e-06,1.1803811182849422e-06,3.2886416963952806e-07,5.441577298712139e-08,1.0788272563018976e-08
P17,7,C,gamma,1799551287-γ-6,P17-T07-Cγ,21,60,C4,7,7,R4,R,False,60,True,R4,True,0.619537518733761,False,0.6335878372192383,valid,False,5.274004247578423e-05,6.565979001916854e-05,2.396643877509953e-05,4.649355189900523e-06,1.2926941658479901e-06,0.003283707968746804,0.0159015387792904,0.26964430530613176,0.619537518733761,0.09148462089144417
P17,7,C,gamma,1799551287-γ-6,P17-T07-Cγ,22,52,E3,2,2,L4,L,False,52,True,L4,True,0.45701364488906154,False,0.7204868793487549,valid,False,0.0007510161997417212,0.04081089698656464,0.3671083603869469,0.45701364488906154,0.13431062091153695,2.080747660743399e-06,2.289979206816053e-06,9.032160206086014e-07,1.6654775030516435e-07,2.013550988079777e-08
P17,7,C,gamma,1799551287-γ-6,P17-T07-Cγ,23,59,B3,6,6,L2,L,False,59,True,L2,True,0.915813323705557,False,0.5863840579986572,valid,False,0.007975553824345788,0.915813323705557,0.02256457257871576,0.00330812343753532,0.000844352776395662,0.004945621945201078,0.0352395583896901,0.007975553824345788,0.0012117566752438186,0.00012158284296965376
P17,7,C,gamma,1799551287-γ-6,P17-T07-Cγ,24,60,C4,7,7,L4,L,False,60,True,L4,True,0.6549225037260421,False,1.4185888767242432,valid,False,0.0002251784767624546,0.001718700208755018,0.3016109792551053,0.6549225037260421,0.04111019676384403,0.00020745440010146374,0.00010940370520103018,6.834553730327134e-05,2.2349988606284146e-05,4.8879382789891765e-06
P17,7,C,gamma,1799551287-γ-6,P17-T07-Cγ,25,62,D4,8,8,R5,R,False,62,True,R5,True,0.7195736524395077,False,0.6015307903289795,valid,False,1.926291585184714e-05,1.179684449682449e-05,2.739419458107587e-06,5.313927023362017e-07,1.537766615840804e-07,0.0033618072384793856,0.00472790438045852,0.03533631587730556,0.2369658357150781,0.7195736524395077
P17,7,C,gamma,1799551287-γ-6,P17-T07-Cγ,26,65,F4,10,10,R3,R,False,65,True,R3,True,0.5398459648728957,False,0.5054850578308105,valid,False,8.264950501568601e-06,3.0444066153475186e-05,8.968693511455406e-06,2.3398456091638676e-06,3.5245621245767746e-07,0.0050535532326278065,0.23161892804336293,0.5398459648728957,0.20852604761930787,0.014905136219817573
P17,7,C,gamma,1799551287-γ-6,P17-T07-Cγ,27,69,A4,12,12,R5,R,False,69,True,R5,True,0.868800757477041,False,0.6668317317962646,valid,False,3.818295460069668e-07,8.508760593066715e-07,1.769417685379913e-07,4.0974884112728615e-08,6.015700074128395e-09,0.00019555106257741178,0.002302556881158386,0.02016021495136924,0.10853946298989586,0.868800757477041
P17,7,C,gamma,1799551287-γ-6,P17-T07-Cγ,28,62,D4,8,8,R3,R,False,62,True,R3,True,0.619750783395444,False,0.569382905960083,valid,False,6.018475257710758e-05,0.00037523980737454637,0.00017854157568928595,3.111150782705715e-05,4.882783006554729e-06,0.0038402570802794625,0.18469351192180924,0.619750783395444,0.17934609577000452,0.011719391405988244
P17,7,C,gamma,1799551287-γ-6,P17-T07-Cγ,29,55,G3,4,4,L2,L,False,55,True,L2,True,0.921625379186453,False,0.4917409420013428,valid,False,0.008751455224862894,0.921625379186453,0.05604409702531847,0.00964209904080675,0.0035255724893094222,0.0001383450503263214,0.00017298038403373706,7.983108577601447e-05,1.8454477838968094e-05,1.786035274592045e-06
P17,8,A,gamma,1799551287-γ-9,P17-T08-Aγ,0,62,D4,8,8,R2,R,False,62,True,R2,True,0.7794330699188619,False,0.7460310459136963,valid,False,0.0010947466571390335,0.00018242189356680952,1.5276597785920883e-05,2.847160269716923e-06,6.463089627012252e-07,0.05762494383190439,0.7794330699188619,0.1340974563733728,0.024992276121076806,0.0025563151370600118
P17,8,A,gamma,1799551287-γ-9,P17-T08-Aγ,1,60,C4,7,7,L5,L,False,60,True,R1,False,5.136399100178243e-06,False,0.5433731079101562,valid,False,0.004338185547884644,0.0013488591900243565,0.00013803430710865837,2.4717271653579528e-05,5.136399100178243e-06,0.7203570396604095,0.23503794695565913,0.03180892712259607,0.006170297028469087,0.0007708565170949256
P17,8,A,gamma,1799551287-γ-9,P17-T08-Aγ,2,72,C5,14,14,R4,R,False,72,True,R5,False,0.17353879558523552,False,0.5191380977630615,valid,False,1.0765751438849968e-07,3.004613026069937e-08,2.8631194237112714e-09,4.925849913615376e-10,7.813335535816419e-11,3.801807665488922e-05,0.0018896680525400614,0.031074923638648166,0.17353879558523552,0.7934584535094388
P17,8,A,gamma,1799551287-γ-9,P17-T08-Aγ,3,53,F3,3,3,L1,L,False,53,True,L3,False,0.0020538702676754037,False,0.40953540802001953,valid,False,0.0020538702676754037,0.3208845045782158,0.5397366090604879,0.12787858506338998,0.009031354028887387,0.0003622740679245408,4.289848619781972e-05,8.661054990581588e-06,1.1721463302782373e-06,7.124590035360093e-08
P17,8,A,gamma,1799551287-γ-9,P17-T08-Aγ,4,55,G3,4,4,L5,L,False,55,True,L2,False,0.0020585407692388967,False,0.3754539489746094,valid,False,0.006705622985941546,0.8257245902976539,0.14206167469310405,0.021677205965420776,0.0020585407692388967,0.0014974056806282374,0.0002267882065390354,4.226741977152688e-05,5.4959781050489366e-06,4.080035971033082e-07
P17,8,A,gamma,1799551287-γ-9,P17-T08-Aγ,5,64,E4,9,9,R1,R,False,64,True,R3,False,0.01509666513017257,False,0.4448401927947998,valid,False,0.0004747731115334034,7.090276875701052e-05,5.704808891642103e-06,8.704973920984793e-07,7.587329389073769e-08,0.01509666513017257,0.34157053603629967,0.48958309644797104,0.1474595949001823,0.005737780425506525
P17,8,A,gamma,1799551287-γ-9,P17-T08-Aγ,6,57,A3,5,5,R3,R,False,57,True,L2,False,0.0008150598709880761,False,0.4256100654602051,valid,False,0.02824240633806868,0.9302992354063956,0.018458155270313532,0.0028165318647741257,0.00028805820562583477,0.015340324928309723,0.0035805137399472697,0.0008150598709880761,0.00014594963141507345,1.3764744162191059e-05
P17,8,A,gamma,1799551287-γ-9,P17-T08-Aγ,7,60,C4,7,7,L4,L,False,60,True,R2,False,8.536597067380789e-05,False,0.3615429401397705,valid,False,0.006610275256099514,0.009199896854644318,0.0004062413948543321,8.536597067380789e-05,4.249006790449152e-06,0.06797855396334254,0.8117498876192973,0.08994445134848772,0.01318648277268286,0.0008345958131270367
P17,8,A,gamma,1799551287-γ-9,P17-T08-Aγ,8,55,G3,4,4,L3,L,False,55,True,L2,False,0.12768305973124058,False,0.4868431091308594,valid,False,0.012672921680949575,0.8367715527681279,0.12768305973124058,0.01948317158775252,0.0011315794199391693,0.0016990465622462624,0.0004536411089287996,8.79973214948956e-05,1.5139487193382512e-05,1.8903321268034163e-06
P17,8,A,gamma,1799551287-γ-9,P17-T08-Aγ,9,57,A3,5,5,R3,R,False,57,True,L2,False,0.0008250560889351784,False,0.3434319496154785,valid,False,0.01590942742413227,0.9417087946843802,0.016571694538008334,0.003088532600759187,0.00021077390096152683,0.01762209733555236,0.003926294444455072,0.0008250560889351784,0.00012095896678593439,1.6370016029982457e-05
P17,8,A,gamma,1799551287-γ-9,P17-T08-Aγ,10,60,C4,7,7,R2,R,False,60,True,R1,False,0.23086505779896468,False,0.35610413551330566,valid,False,0.005074883797962155,0.00834642559249417,0.00026762551023572955,6.599563829745426e-05,3.8304787285671605e-06,0.7075677427886388,0.23086505779896468,0.04134011658742485,0.005823103543196564,0.0006452182640570763
P17,8,A,gamma,1799551287-γ-9,P17-T08-Aγ,11,69,A4,12,12,R1,R,False,69,True,R5,False,0.00028616714492126204,False,0.4488968849182129,valid,False,3.491997071424969e-06,6.881628210173349e-07,2.3903513784178917e-08,5.8945339267148496e-09,3.728540527276242e-10,0.00028616714492126204,0.0025055666346777638,0.01926933380905711,0.11657267641888897,0.8613620456616606
P17,8,A,gamma,1799551287-γ-9,P17-T08-Aγ,12,60,C4,7,7,R4,R,False,60,True,R1,False,0.010682127618120475,False,0.3836538791656494,valid,False,0.005906761386281156,0.009102708702725792,0.0003425190607070838,7.491299008434648e-05,4.7213917638945855e-06,0.5832244063673355,0.32008034066842467,0.07000537528389889,0.010682127618120475,0.0005761265306582067
P17,8,A,gamma,1799551287-γ-9,P17-T08-Aγ,13,53,F3,3,3,L5,L,False,53,True,L3,False,0.008672473279100217,False,0.33298683166503906,valid,False,0.0016911623968627752,0.19094580748986453,0.6598349034019577,0.13865511424202348,0.008672473279100217,0.00013028233521016893,5.8625232609018576e-05,9.774187051735923e-06,1.6156622529217738e-06,2.417730675914124e-07
P17,8,A,gamma,1799551287-γ-9,P17-T08-Aγ,14,59,B3,6,6,R2,R,False,59,True,L2,False,0.07437661081753717,False,0.4674661159515381,valid,False,0.006228537298475974,0.48742748062602853,0.0032842605303559386,0.0005215978040956805,4.300658439194558e-05,0.4096618729351326,0.07437661081753717,0.015629208786425555,0.0025834908361791957,0.00024393378137764154
P17,8,A,gamma,1799551287-γ-9,P17-T08-Aγ,15,62,D4,8,8,R4,R,False,62,True,R2,False,0.030018206026067532,False,0.29691100120544434,valid,False,0.0015115421248779828,0.0027231902121047542,9.845103757248914e-05,1.7629248055995337e-05,5.406038829814553e-07,0.10500610798178804,0.6531482059271254,0.20475293662642,0.030018206026067532,0.0027231902121047542
P17,8,A,gamma,1799551287-γ-9,P17-T08-Aγ,16,62,D4,8,8,L1,L,False,62,True,R2,False,0.001143886440116905,False,0.33031797409057617,valid,False,0.001143886440116905,0.0007310194934180572,5.216647912077878e-05,1.0962058970817171e-05,4.807094478221368e-07,0.21116106726622882,0.5592993542142,0.1976869753635312,0.027845875186364527,0.0020682127886010255
P17,8,A,gamma,1799551287-γ-9,P17-T08-Aγ,17,55,G3,4,4,L3,L,False,55,True,L2,False,0.2025702368906744,False,0.34291625022888184,valid,False,0.0031806174639390896,0.7583057551733478,0.2025702368906744,0.030910213870345028,0.0011772683021914665,0.0029022258972589724,0.0007792850164070762,0.00015740812492226263,1.5469060839370007e-05,1.5202000746169074e-06
P17,8,A,gamma,1799551287-γ-9,P17-T08-Aγ,18,50,D3,1,1,L1,L,False,50,True,L5,False,6.226615459153038e-05,False,0.6313822269439697,valid,False,6.226615459153038e-05,0.008691545866342592,0.0958084431051308,0.42088128633423477,0.4745423252305275,1.1416419879906531e-05,2.2036302029259362e-06,4.4490526491860173e-07,6.266865307589349e-08,5.685171942449311e-09
P17,8,A,gamma,1799551287-γ-9,P17-T08-Aγ,19,59,B3,6,6,R2,R,False,59,True,L2,False,0.03928785707960466,False,0.45406103134155273,valid,False,0.0047157854659903116,0.728447451790401,0.007322234133994004,0.0012597527744634897,0.00018813641753241862,0.21030620372815464,0.03928785707960466,0.007322234133994004,0.0010313983377285708,0.0001189461381370038
P17,8,A,gamma,1799551287-γ-9,P17-T08-Aγ,20,64,E4,9,9,R4,R,False,64,True,R3,False,0.1463735576009409,False,0.32817792892456055,valid,False,0.0004228694316493914,0.0004800629526786207,1.4789496704766403e-05,2.868867196251592e-06,3.538574800193059e-07,0.031757037334472056,0.3390548751007844,0.4669218821347504,0.1463735576009409,0.014971703223343267
P17,8,A,gamma,1799551287-γ-9,P17-T08-Aγ,21,60,C4,7,7,R1,R,False,60,True,R1,True,0.5977389422602876,False,0.3974921703338623,valid,False,0.005150445873290625,0.037831954673074784,0.0016705519941451498,0.0003802805942721704,4.327655367120516e-05,0.5977389422602876,0.30282470514769566,0.04620805378428406,0.007338644167430149,0.0008131449518485812
P17,8,A,gamma,1799551287-γ-9,P17-T08-Aγ,22,52,E3,2,1,L4,L,False,50,False,L5,False,0.20248118600696147,False,0.3562319278717041,valid,False,6.419187031856928e-05,0.0017343747496777816,0.03773722370929276,0.20248118600696147,0.7579724001915926,7.480405640108509e-06,2.455522468755203e-06,6.05562350693604e-07,7.565303297162421e-08,6.328664193501612e-09
P17,8,A,gamma,1799551287-γ-9,P17-T08-Aγ,23,59,B3,6,6,L4,L,False,59,True,L2,False,0.0015269173922059086,False,0.3839132785797119,valid,False,0.009614293781451549,0.8150511945576027,0.008875111748621314,0.0015269173922059086,0.00024116180529502453,0.09930699352113319,0.053567582830502065,0.010415040118274238,0.0013011531720327494,0.0001005510728814468
P17,8,A,gamma,1799551287-γ-9,P17-T08-Aγ,24,62,D4,8,8,L3,L,False,62,True,R2,False,9.240673378997821e-05,False,0.28493428230285645,valid,False,0.0014428408438341294,0.006413752887798102,9.240673378997821e-05,1.722221038925354e-05,2.8055458414590235e-06,0.12979577251704832,0.6380678167390706,0.19218233320926378,0.02932512254900625,0.0026599267639581974
P17,8,A,gamma,1799551287-γ-9,P17-T08-Aγ,25,64,E4,9,9,R3,R,False,64,True,R3,True,0.4808171357056504,False,0.33011698722839355,valid,False,0.0002739010972815898,0.0005145240515235935,8.699297728625917e-06,1.621322706434621e-06,2.8799846383216346e-07,0.02741484941864029,0.3096637472753142,0.4808171357056504,0.16328334793905436,0.018021885893636604
P17,8,A,gamma,1799551287-γ-9,P17-T08-Aγ,26,53,F3,3,3,L5,L,False,53,True,L2,False,0.016349179950774444,False,0.669281005859375,valid,False,0.00027079778880502556,0.6006146441927135,0.3042815846116412,0.07809714791908298,0.016349179950774444,0.0003034413702446531,6.564788710827963e-05,1.4964920319588983e-05,2.37669012705228e-06,2.1466918338958444e-07
P17,8,A,gamma,1799551287-γ-9,P17-T08-Aγ,27,65,F4,10,10,R5,R,False,65,True,R3,False,0.06555236125062022,False,0.36916613578796387,valid,False,4.617622117483344e-05,2.3565756359423842e-05,1.512223188073209e-06,1.8892236377760282e-07,2.721874027590763e-08,0.004188664530270606,0.06843097678205172,0.4308782635476155,0.4308782635476155,0.06555236125062022
P17,8,A,gamma,1799551287-γ-9,P17-T08-Aγ,28,64,E4,9,9,R3,R,False,64,True,R3,True,0.5071972623367137,False,0.42514586448669434,valid,False,0.00018364779309095098,0.00020920712765032777,1.7403220659908256e-05,2.3552697972379537e-06,3.024289104319395e-07,0.009008942373815205,0.25695475158108677,0.5071972623367137,0.21037675726894897,0.016049370599326568
P17,8,A,gamma,1799551287-γ-9,P17-T08-Aγ,29,57,A3,5,5,L5,L,False,57,True,L2,False,0.0009822622898478005,False,0.443774938583374,valid,False,0.0018536355609881571,0.8536784543476856,0.11100270892351673,0.011353824025517616,0.0009822622898478005,0.01501068985308146,0.005100804937277475,0.0008432891367910662,0.00015716714937459293,1.7163775919325405e-05
P17,9,B,alpha,1799551287-α-5,P17-T09-Bα,0,60,C4,7,7,R5,R,False,60,True,R4,False,0.04647127745822814,False,1.2368168830871582,valid,False,0.00017913406511402464,5.169321112410505e-06,8.740011915588486e-08,2.243218248838282e-08,8.58912309169726e-09,0.0013046231270861985,0.014682776565613705,0.248532699681711,0.6888242013597097,0.04647127745822814
P17,9,B,alpha,1799551287-α-5,P17-T09-Bα,1,62,D4,8,8,R4,R,False,62,True,R4,True,0.7017022093342418,False,0.7121090888977051,valid,False,0.00014024335638799436,3.31573492794235e-05,1.8612799380089745e-06,2.956036890190343e-07,9.637408053860285e-08,0.0006562867688678459,0.010067820526811959,0.23610269544160675,0.7017022093342418,0.051295333965096605
P17,9,B,alpha,1799551287-α-5,P17-T09-Bα,2,59,B3,6,6,L1,L,False,59,True,L1,True,0.9468521281476495,False,1.0411231517791748,valid,False,0.9468521281476495,0.05106722659919195,0.0005560722391260341,9.957371382081768e-05,3.9682020949096106e-05,0.0010970991686892098,0.000242840242946034,3.9682020949096106e-05,5.159802029061662e-06,5.360446489294785e-07
P17,9,B,alpha,1799551287-α-5,P17-T09-Bα,3,57,A3,5,5,L2,L,False,57,True,L2,True,0.9480110211609876,False,0.6307909488677979,valid,False,0.03793996057227904,0.9480110211609876,0.010322914447472468,0.001706366281373751,0.0006277370740255678,0.0012086066086176052,0.0001606008309531136,1.9338954060002143e-05,3.071362907409525e-06,3.8270732350846635e-07
P17,9,B,alpha,1799551287-α-5,P17-T09-Bα,4,59,B3,6,6,L3,L,False,59,True,L3,True,0.6946042220565903,False,0.6704690456390381,valid,False,0.0015349594288817615,0.2124589537698511,0.6946042220565903,0.0823504496174447,0.0029158569314256086,0.004528354287666747,0.0014315371699824074,0.00014642364381545588,2.6219517861198254e-05,3.023576480768059e-06
P17,9,B,alpha,1799551287-α-5,P17-T09-Bα,5,57,A3,5,5,L4,L,False,57,True,L3,False,0.363261230053752,False,0.7328732013702393,valid,False,0.00037383769864978697,0.04383126004465899,0.5550133278309708,0.363261230053752,0.03601389640809676,0.0011666226452787122,0.0003008907994955144,3.2032384495770096e-05,6.21364329916759e-06,6.884913024847218e-07
P17,9,B,alpha,1799551287-α-5,P17-T09-Bα,6,59,B3,6,6,L3,L,False,59,True,L3,True,0.6200932745909817,False,0.5845468044281006,valid,False,0.0015861840164275631,0.2903832971941229,0.6200932745909817,0.07450808649113404,0.0037772327578808455,0.004942991337598136,0.0040145502088787125,0.0005662054757759365,0.00011898019417191501,9.197733028353292e-06
P17,9,B,alpha,1799551287-α-5,P17-T09-Bα,7,57,A3,5,5,L2,L,False,57,True,L2,True,0.9650967887652931,False,0.6651391983032227,valid,False,0.0054869347679288374,0.9650967887652931,0.023465679263236835,0.00249812111860744,0.000660770817197131,0.0017327120631802104,0.000918088916788682,0.00011949734765171023,1.9752778712256102e-05,1.6541614037731878e-06
P17,9,B,alpha,1799551287-α-5,P17-T09-Bα,8,60,C4,7,7,R3,R,False,60,True,R3,True,0.5128059765040139,False,1.2117009162902832,valid,False,0.0010967790357692588,0.0004656991206908457,1.759566982617974e-05,3.6974849274192523e-06,1.46238532391081e-06,0.0061726226369721825,0.3210861810085558,0.5128059765040139,0.15445419195699372,0.0038957941969266063
P17,9,B,alpha,1799551287-α-5,P17-T09-Bα,9,62,D4,8,8,R2,R,False,62,True,R2,True,0.7416036076807148,False,0.7789490222930908,valid,False,0.0007322415186243687,0.0009302922785438168,3.504279952329072e-05,4.7425271988883865e-06,1.2099553708421493e-06,0.019146379673954758,0.7416036076807148,0.2061934650858956,0.030229397527373567,0.0011236209528001139
P17,9,B,alpha,1799551287-α-5,P17-T09-Bα,10,64,E4,9,9,R1,R,False,64,True,R1,True,0.6434644773465512,False,0.7985928058624268,valid,False,0.0001343660218760361,9.593097943358442e-05,4.457651697906889e-06,6.801935440109658e-07,1.6031091273045939e-07,0.6434644773465512,0.3009267330284603,0.047792409186344545,0.006467999233794032,0.0011127860473856886
P17,9,B,alpha,1799551287-α-5,P17-T09-Bα,11,59,B3,6,6,L1,L,False,59,True,L1,True,0.9599408989398277,False,0.8698029518127441,valid,False,0.9599408989398277,0.02622915868843637,0.0005204152226023893,0.0001138209953340255,4.358124938800475e-05,0.009098563286138353,0.0032768143607366483,0.0006615774095476116,0.00010095016688923536,1.4219681099733664e-05
P17,9,B,alpha,1799551287-α-5,P17-T09-Bα,12,62,D4,8,8,R2,R,False,62,True,R2,True,0.7257762969886076,False,0.6038048267364502,valid,False,0.0024152573198710668,0.0015330233578602405,7.333200291526957e-05,1.0329430133622333e-05,2.0037032941608717e-06,0.052794249633881844,0.7257762969886076,0.17897423133817236,0.03613427411794693,0.0022870021073168587
P17,9,B,alpha,1799551287-α-5,P17-T09-Bα,13,60,C4,7,7,R3,R,False,60,True,R3,True,0.5826551444806226,False,0.7176387310028076,valid,False,0.004883997145100601,0.011560515924934792,0.0008249730931301657,9.902286384654744e-05,1.703637512584773e-05,0.004061820760655779,0.20594218878404558,0.5826551444806226,0.182654336014833,0.007300964557705238
P17,9,B,alpha,1799551287-α-5,P17-T09-Bα,14,57,A3,5,5,L3,L,False,57,True,L3,True,0.5074460774157032,False,0.7811269760131836,valid,False,0.0036318960501710257,0.4154617091090266,0.5074460774157032,0.039227987303591526,0.002583742530084043,0.0030972909291551573,0.019878472790271152,0.0073110759657938435,0.0012578330689349798,0.00010391483726847426
P17,9,B,alpha,1799551287-α-5,P17-T09-Bα,15,55,G3,4,4,L4,L,False,55,True,L3,True,0.4493918249247781,False,1.0971951484680176,valid,False,0.001005467550367111,0.041362070887885516,0.4677318532156885,0.4493918249247781,0.040120287907048566,0.00011383899298527112,0.00018304541881935342,7.637462041624123e-05,1.3676109076138818e-05,1.5603729352731655e-06
P17,9,B,alpha,1799551287-α-5,P17-T09-Bα,16,60,C4,7,7,R3,R,False,60,True,R3,True,0.5973297854420895,False,0.6422379016876221,valid,False,0.0010981688139029173,0.009561440721479558,0.0012617117936034536,0.00018497573314423768,2.015452897623882e-05,0.005542631374274552,0.26839757372905626,0.5973297854420895,0.11132672711960988,0.005276830743863548
P17,9,B,alpha,1799551287-α-5,P17-T09-Bα,17,55,G3,4,4,L4,L,False,55,True,L3,True,0.4372138525844391,False,0.8479228019714355,valid,False,0.0006189702676929428,0.04465949316823688,0.47362811231306867,0.4372138525844391,0.04351573995778421,0.00024154196830921215,8.911070917658266e-05,2.8450840965611375e-05,4.171091364022001e-06,5.570989627361382e-07
P17,9,B,alpha,1799551287-α-5,P17-T09-Bα,18,57,A3,5,5,L3,L,False,57,True,L3,True,0.570954263309607,False,0.7028231620788574,valid,False,0.0020357653422218413,0.353297015616895,0.570954263309607,0.06326353565514405,0.003387512756831637,0.0025714056445671515,0.003478468721960684,0.0008757357464701066,0.00011851794528895832,1.77792610134805e-05
P17,9,B,alpha,1799551287-α-5,P17-T09-Bα,19,62,D4,8,8,R1,R,False,62,True,R1,True,0.6647156955660776,False,0.702125072479248,valid,False,0.0010787229289716197,0.0035258545702732216,0.0002320875573313729,3.836381519693967e-05,3.788675021696431e-06,0.6647156955660776,0.2869647608643561,0.037313657922728,0.005470442034022223,0.0006566260660212132
P17,9,B,alpha,1799551287-α-5,P17-T09-Bα,20,64,E4,9,9,R2,R,False,64,True,R2,True,0.6453674377094715,False,0.7276139259338379,valid,False,0.0002600236761887974,0.00017030230192247828,1.6736217846598488e-05,2.176188831573709e-06,2.943699298167946e-07,0.037536596128269276,0.6453674377094715,0.2676873849176162,0.04424842711782584,0.004710621372098112
P17,9,B,alpha,1799551287-α-5,P17-T09-Bα,21,62,D4,8,8,R3,R,False,62,True,R3,True,0.5064788463144633,False,0.7006447315216064,valid,False,0.0005674330318150309,0.0013417630167233362,0.0001185385041538403,1.2124616862621983e-05,1.0902493941765468e-06,0.004803008764086179,0.22532510921235102,0.5064788463144633,0.2465297210395688,0.014822365250581775
P17,9,B,alpha,1799551287-α-5,P17-T09-Bα,22,59,B3,6,6,L3,L,False,59,True,L3,True,0.6106660088753463,False,0.6742451190948486,valid,False,0.0020028079669991102,0.28558799046713473,0.6106660088753463,0.07629063407125843,0.0025028074811806683,0.0028715157954671226,0.011305998050600575,0.007355639528393986,0.0012823958349613277,0.00013420192865784105
P17,9,B,alpha,1799551287-α-5,P17-T09-Bα,23,57,A3,5,5,L4,L,False,57,True,L4,True,0.28875658526572223,True,0.649285078048706,valid,False,0.00100002338711506,0.08329934448149642,0.6037424044547733,0.28875658526572223,0.017262645962871064,0.0014609145321672766,0.002705940138784508,0.0014601387331742732,0.00028521036067304735,2.6792683222695853e-05
P17,9,B,alpha,1799551287-α-5,P17-T09-Bα,24,55,G3,4,4,L5,L,False,55,True,L5,True,0.5688090064804112,False,0.7403969764709473,valid,False,0.0002016287998816436,0.003951026066295256,0.06344208706278048,0.3623324712071776,0.5688090064804112,0.000393547173543495,0.0005588949566389599,0.0002632514634804583,4.294894650659446e-05,5.137843284314654e-06
P17,9,B,alpha,1799551287-α-5,P17-T09-Bα,25,57,A3,5,5,L4,L,False,57,True,L4,True,0.2808018071966055,True,0.8316349983215332,valid,False,0.000841275374242382,0.13339165867256475,0.5542684343954472,0.2808018071966055,0.02662531764413699,0.0008976951038734437,0.001990606909789958,0.000991862294939007,0.0001702705361242763,2.107187227649189e-05
P17,9,B,alpha,1799551287-α-5,P17-T09-Bα,26,55,G3,4,4,L5,L,False,55,True,L5,True,0.2761875540488653,True,1.3965249061584473,valid,False,0.0002878364931849201,0.007026667667762901,0.17090027146899875,0.5451604628562485,0.2761875540488653,0.00014500967614389503,0.000175012314974117,9.388940142805827e-05,2.007247898820913e-05,3.2235934054110486e-06
P17,9,B,alpha,1799551287-α-5,P17-T09-Bα,27,53,F3,3,3,L4,L,False,53,True,L4,True,0.3353654902823193,True,1.3183081150054932,valid,False,0.0002225044083762935,0.05070290174723126,0.5419755842241258,0.3353654902823193,0.07163248132015941,4.6660294937931686e-05,3.441830066066791e-05,1.570507183518472e-05,3.5958271075289485e-06,6.585232464707449e-07
P17,9,B,alpha,1799551287-α-5,P17-T09-Bα,28,64,E4,9,9,R2,R,False,64,True,R2,True,0.8471245806482987,False,0.7628321647644043,valid,False,0.00026230397420082523,0.00012510735627844114,9.483970402434234e-06,1.3904160896350374e-06,2.259299908808175e-07,0.02922282513379916,0.8471245806482987,0.10583145361902709,0.016148832700132097,0.0012737962517805777
P17,9,B,alpha,1799551287-α-5,P17-T09-Bα,29,65,F4,10,10,R1,R,False,65,True,R1,True,0.8140668351467966,False,0.8576011657714844,valid,False,7.203142862055604e-05,4.96969142954785e-05,5.869666093572942e-06,8.267918972744827e-07,1.1062706024234188e-07,0.8140668351467966,0.15791271910938814,0.023151104030370684,0.0036767987536370284,0.0010640075318405285
P17,10,B,alpha,1799551287-α-9,P17-T10-Bα,0,60,C4,7,7,L4,L,False,60,True,L4,True,0.5127613984827812,False,1.3098046779632568,valid,False,0.0003052815224614637,0.01957939163119933,0.45477856347404877,0.5127613984827812,0.011842967061326504,0.0006821846932512924,4.5950554021750465e-05,3.69716350651319e-06,5.003566703260307e-07,6.506073282191527e-08
P17,10,B,alpha,1799551287-α-9,P17-T10-Bα,1,59,B3,6,6,L5,L,False,59,True,L5,True,0.7157748088749548,False,0.9284098148345947,valid,False,0.00010311825032736842,0.0018582729640657697,0.02977903589968276,0.2510433879487771,0.7157748088749548,0.0013277469690251352,0.000103660473827547,8.68086244473419e-06,1.1287613530017286e-06,1.589955417805256e-07
P17,10,B,alpha,1799551287-α-9,P17-T10-Bα,2,60,C4,7,7,L4,L,False,60,True,L4,True,0.6085617273699804,False,0.6577332019805908,valid,False,0.000437918913213074,0.020020981479990638,0.32434664938292934,0.6085617273699804,0.043330169154055784,0.00290565646114046,0.00035739929427740827,3.3745721135873824e-05,4.7533689920411246e-06,9.988542849550604e-07
P17,10,B,alpha,1799551287-α-9,P17-T10-Bα,3,65,F4,10,10,R4,R,False,65,True,R4,True,0.37984893202540176,True,0.8097379207611084,valid,False,9.776490309064283e-05,4.6549607769814766e-05,2.2423600508555063e-06,2.69154128613219e-07,4.785326577078894e-08,0.0021271740542661605,0.12128951131405884,0.482882632087785,0.37984893202540176,0.01370487664018257
P17,10,B,alpha,1799551287-α-9,P17-T10-Bα,4,64,E4,9,9,R5,R,False,64,True,R5,True,0.8729412949095153,False,0.8130331039428711,valid,False,0.00018719696610190642,8.142021529515768e-05,5.810249931016732e-06,8.184226304396267e-07,1.9390703948478732e-07,0.00038094566188189103,0.0031650709855218237,0.014180507472132042,0.10905674120995106,0.8729412949095153
P17,10,B,alpha,1799551287-α-9,P17-T10-Bα,5,59,B3,6,6,L3,L,False,59,True,L3,True,0.6733437589064983,False,0.7297296524047852,valid,False,0.0018188768473065644,0.19439750855277477,0.6733437589064983,0.10689508766511162,0.005583993526680831,0.0027487682178291566,0.011092190632298923,0.0035688948610348398,0.0004829973968598416,6.792339360525793e-05
P17,10,B,alpha,1799551287-α-9,P17-T10-Bα,6,57,A3,5,5,L4,L,False,57,True,L4,True,0.48005092746337186,False,0.9023518562316895,valid,False,0.0008499416327401539,0.057174964237393766,0.41594311651119137,0.48005092746337186,0.045315703243916,0.0003728735728018376,0.00020490981333143784,7.357488938878367e-05,1.2161847416992134e-05,1.8267884477753548e-06
P17,10,B,alpha,1799551287-α-9,P17-T10-Bα,7,62,D4,8,8,R5,R,False,62,True,R5,True,0.9301317495219503,False,0.9785480499267578,valid,False,1.3758764470644042e-06,8.964358842073527e-06,4.678986474735076e-06,1.2009123039606826e-06,2.582268355106685e-07,0.0008538782107381234,0.0021610654171010674,0.00796714525461653,0.058869683234690655,0.9301317495219503
P17,10,B,alpha,1799551287-α-9,P17-T10-Bα,8,64,E4,9,9,R4,R,False,64,True,R3,True,0.4077261536126554,False,0.7385828495025635,valid,False,5.085787857184973e-05,2.7614777218460926e-05,3.449919977718903e-06,5.057822875261737e-07,8.360524981024741e-08,0.0009705444741387544,0.04423286993414402,0.4900320452475761,0.4077261536126554,0.05695587476818016
P17,10,B,alpha,1799551287-α-9,P17-T10-Bα,9,62,D4,8,8,R3,R,False,62,True,R3,True,0.6055951398204145,False,0.673396110534668,valid,False,0.000567699068509649,0.0011794786736350144,0.00013083892096793409,1.4497365679966871e-05,1.8850737704992284e-06,0.0021264958093714487,0.22278600161327555,0.6055951398204145,0.16364300887919564,0.0039549547751798276
P17,10,B,alpha,1799551287-α-9,P17-T10-Bα,10,64,E4,9,9,R1,R,False,64,True,R1,True,0.7622186938728861,False,0.7317380905151367,valid,False,0.0001727689977601715,0.0003038918905950294,5.162410906571954e-05,5.073286301518884e-06,4.983221937737937e-07,0.7622186938728861,0.21192522799937685,0.021676603828925667,0.003053332186273549,0.0005922855066214841
P17,10,B,alpha,1799551287-α-9,P17-T10-Bα,11,59,B3,6,6,L1,L,False,59,True,L1,True,0.9340336945212312,False,0.7739970684051514,valid,False,0.9340336945212312,0.0591166442337372,0.0012208074854004032,0.00026700510873731045,9.437420579011565e-05,0.0019611702887138904,0.0020488746560762597,0.0010383474101463236,0.00018565464131607882,3.342744885134498e-05
P17,10,B,alpha,1799551287-α-9,P17-T10-Bα,12,64,E4,9,9,R1,R,False,64,True,R1,True,0.6061927250012378,False,0.6518850326538086,valid,False,4.64276356313282e-06,1.121820982852731e-06,7.389968175580962e-08,1.3232931343898074e-08,4.493844275554465e-09,0.6061927250012378,0.3196408314031638,0.06453437086921547,0.008062292646793104,0.0015639238685864734
P17,10,B,alpha,1799551287-α-9,P17-T10-Bα,13,65,F4,10,10,R2,R,False,65,True,R2,True,0.8262377973618599,False,0.6711668968200684,valid,False,1.6377939900326527e-05,7.882443158726377e-06,8.062494454706432e-07,1.182017819197304e-07,2.9148200553893378e-08,0.056379789451717725,0.8262377973618599,0.10322206335090649,0.01238991236232206,0.00174522349070682
P17,10,B,alpha,1799551287-α-9,P17-T10-Bα,14,64,E4,9,9,R3,R,False,64,True,R3,True,0.5195320676600234,False,0.7148880958557129,valid,False,9.024739092536584e-05,6.402423641644929e-05,7.104183355591787e-06,8.875271341117192e-07,1.865014650463108e-07,0.002181342082836543,0.2297715178197899,0.5195320676600234,0.23344080578735654,0.014911816810697023
P17,10,B,alpha,1799551287-α-9,P17-T10-Bα,15,62,D4,8,8,R1,R,False,62,True,R1,True,0.45181797527293377,False,0.7218012809753418,valid,False,0.0007439491761256621,0.0014499295261244697,0.0002087285633944442,2.6076503716773176e-05,3.1297951471862007e-06,0.45181797527293377,0.45181797527293377,0.08090530438929454,0.011861280896745754,0.0011656506035837221
P17,10,B,alpha,1799551287-α-9,P17-T10-Bα,16,57,A3,5,5,L2,L,False,57,True,L2,True,0.8551474397463389,False,0.6830201148986816,valid,False,0.01620988703363054,0.8551474397463389,0.10683375110858458,0.013346763195966012,0.0029190957632941,0.0034867967080713857,0.001659738764521269,0.00033664507222358757,5.3465103882128604e-05,6.4175034875060975e-06
P17,10,B,alpha,1799551287-α-9,P17-T10-Bα,17,59,B3,6,6,L1,L,False,59,True,L1,True,0.9197823446180238,False,0.7758238315582275,valid,False,0.9197823446180238,0.05821465109685121,0.0015282710444370511,0.0003211448730078914,9.672697693525606e-05,0.010245606590693327,0.007549422979462914,0.0019428132667014075,0.0002848299510176351,3.418860286948522e-05
P17,10,B,alpha,1799551287-α-9,P17-T10-Bα,18,64,E4,9,9,R2,R,False,64,True,R2,True,0.672620955513919,False,0.6352999210357666,valid,False,0.0009019226107935261,0.0005439934649289877,4.040434116548964e-05,5.46813295562027e-06,9.407641897160244e-07,0.06977393449212028,0.672620955513919,0.21946262722423404,0.03348782549782946,0.0031619279578638804
P17,10,B,alpha,1799551287-α-9,P17-T10-Bα,19,65,F4,10,10,R1,R,False,65,True,R1,True,0.7133458774822917,False,1.0516459941864014,valid,False,1.22296316877326e-05,3.447749445114142e-06,3.976121220667012e-07,6.572484172105155e-08,1.8273957564834615e-08,0.7133458774822917,0.232750346400114,0.04514892203791386,0.00717043558956351,0.0015682594980627512
P17,10,B,alpha,1799551287-α-9,P17-T10-Bα,20,60,C4,7,7,L2,L,False,60,True,L2,True,0.9509677459113909,False,0.6936337947845459,valid,False,0.013701155139055893,0.9509677459113909,0.020439721622658204,0.0035165491231512924,0.0005812816604335032,0.007895459944129676,0.0021759821938764664,0.0006050042150196315,9.608521221325597e-05,2.1014978071365176e-05
P17,10,B,alpha,1799551287-α-9,P17-T10-Bα,21,59,B3,6,6,L3,L,False,59,True,L3,True,0.5590054921210307,False,0.6733810901641846,valid,False,0.002819455911845257,0.3459033144529123,0.5590054921210307,0.085298707161427,0.0053987060150378656,0.0011693983894412708,0.00029117212204160336,9.500358017968892e-05,1.5703986180772924e-05,3.0462599034819176e-06
P17,10,B,alpha,1799551287-α-9,P17-T10-Bα,22,57,A3,5,5,L2,L,False,57,True,L2,True,0.8484649887510949,False,0.7101199626922607,valid,False,0.011614200413696448,0.8484649887510949,0.11951343852227143,0.016834474229091543,0.003137507896608773,0.00032884528088612884,7.305291928882787e-05,2.7971443095406212e-05,4.623648445624025e-06,8.968955210203644e-07
P17,10,B,alpha,1799551287-α-9,P17-T10-Bα,23,59,B3,6,6,L1,L,False,59,True,L1,True,0.8338301302208958,False,0.7016348838806152,valid,False,0.8338301302208958,0.15540423671072734,0.0037660612755319356,0.0009286992765642298,0.0002797188467081954,0.003836959965283786,0.0012789375584753176,0.0005746636883203232,8.424969759126503e-05,1.6342759901748433e-05
P17,10,B,alpha,1799551287-α-9,P17-T10-Bα,24,60,C4,7,7,L2,L,False,60,True,L2,True,0.8730257755474594,False,0.6379950046539307,valid,False,0.029135724889668407,0.8730257755474594,0.04176109149889955,0.006122466759901254,0.0010963265384116789,0.027683050844288175,0.015363047003324637,0.005012651821028864,0.0006783886539654637,0.00012147644305245844
P17,10,B,alpha,1799551287-α-9,P17-T10-Bα,25,59,B3,6,6,L3,L,False,59,True,L3,True,0.5890027457969638,False,0.6287028789520264,valid,False,0.0045964197975243955,0.3105766855992925,0.5890027457969638,0.08635190324772772,0.0061621814443680685,0.0020461449502871365,0.000903418701654815,0.00030679694886593555,4.497856866409515e-05,8.724944651644973e-06
P17,10,B,alpha,1799551287-α-9,P17-T10-Bα,26,60,C4,7,7,L4,L,False,60,True,L4,True,0.39602871806957946,True,0.7256979942321777,valid,False,0.0006762986621644511,0.04752064125250947,0.5239974034196384,0.39602871806957946,0.019934602060303695,0.006502676474742043,0.004312366084486927,0.0008706516967761562,0.00013285283448848418,2.3789445310976023e-05
P17,10,B,alpha,1799551287-α-9,P17-T10-Bα,27,64,E4,9,9,R2,R,False,64,True,R2,True,0.7342198627694714,False,0.5986371040344238,valid,False,0.00019442756758000903,1.7576517941046567e-05,9.47966422461503e-07,1.3352905335409967e-07,2.5901971416691e-08,0.028305168064564092,0.7342198627694714,0.20414050858353847,0.031149821794026193,0.0019715273054315943
P17,10,B,alpha,1799551287-α-9,P17-T10-Bα,28,59,B3,6,6,L4,L,False,59,True,L4,True,0.5128443406047654,False,1.4191570281982422,valid,False,0.0007934225863219759,0.028520863473648243,0.4198814331951205,0.5128443406047654,0.037949659978809606,7.509309141568782e-06,1.8945673411195007e-06,6.361808813038563e-07,1.9161399917792497e-07,4.848997117188097e-08
P17,10,B,alpha,1799551287-α-9,P17-T10-Bα,29,57,A3,5,5,L4,L,False,57,True,L4,True,0.4831376969253072,False,0.825559139251709,valid,False,0.0007694663038987135,0.045310180803026866,0.4117027876503404,0.4831376969253072,0.058255286767039685,0.0003597033761448816,0.00031796436496238443,0.00012249337890967056,2.1074356693739607e-05,3.3460736764743616e-06
P17,11,B,beta,1799551287-β-2,P17-T11-Bβ,0,57,A3,5,5,L1,L,False,57,True,L1,True,0.878822933609543,False,1.1377708911895752,valid,False,0.878822933609543,0.11893575063487838,0.0011486455167358898,0.0002721460078005018,8.879574353262789e-05,0.0006874379619056428,4.3221528484149656e-05,1.0063588478311567e-06,4.813906427751221e-08,1.4499207527256089e-08
P17,11,B,beta,1799551287-β-2,P17-T11-Bβ,1,60,C4,7,7,R5,R,False,60,True,R5,True,0.7618885808323388,False,1.1868762969970703,valid,False,0.0008083082753937322,0.00017831570530723397,1.174650329748487e-05,2.103401096910267e-06,7.73798020090748e-07,0.00197772609844972,0.0054449971394227295,0.02745646349652501,0.20223098475014828,0.7618885808323388
P17,11,B,beta,1799551287-β-2,P17-T11-Bβ,2,60,C4,7,7,R5,R,False,60,True,R5,True,0.7944068053329911,False,0.8291428089141846,valid,False,0.001851510255819701,0.0012681963311574201,0.00013501028467427466,1.8271655116248672e-05,5.287528626267674e-06,0.00036920884840548307,0.005766370195760436,0.03062876021175722,0.16555057935569187,0.7944068053329911
P17,11,B,beta,1799551287-β-2,P17-T11-Bβ,3,60,C4,7,7,L2,L,False,60,True,L2,True,0.47940804818359456,False,1.2393529415130615,valid,False,0.005499561549536355,0.47940804818359456,0.442549405867588,0.06752866064398139,0.003230226019596072,0.0014933768563163547,0.00025990271524880745,2.4540072383117385e-05,4.954555165488207e-06,1.3235365902391556e-06
P17,11,B,beta,1799551287-β-2,P17-T11-Bβ,4,64,E4,9,9,R3,R,False,64,True,R3,True,0.518114444310781,False,0.658531904220581,valid,False,0.00021705197233557315,0.0001313612855081057,1.1916826962761507e-05,1.892599785587336e-06,1.9358306769879675e-07,0.0030289381118067155,0.14227425940625724,0.518114444310781,0.3080296833429183,0.028190258560576796
P17,11,B,beta,1799551287-β-2,P17-T11-Bβ,5,59,B3,6,6,L5,L,False,59,True,L5,True,0.4795006033192863,False,0.8400561809539795,valid,False,0.0009211081368022766,0.010595002155235383,0.08200886352898071,0.4252788845020819,0.4795006033192863,0.0010067952455761033,0.0005361373462378584,0.0001265326568199943,2.0915707496068626e-05,5.1574014833693965e-06
P17,11,B,beta,1799551287-β-2,P17-T11-Bβ,6,57,A3,5,5,L4,L,False,57,True,L4,True,0.40786570203026384,True,0.7567787170410156,valid,False,0.0010362747362143425,0.05805166231904702,0.4981682934186982,0.40786570203026384,0.03423768996901127,0.00039334565643812214,0.00018298561724771378,5.238882145253351e-05,9.76391295412741e-06,1.893518672895445e-06
P17,11,B,beta,1799551287-β-2,P17-T11-Bβ,7,60,C4,7,7,R3,R,False,60,True,R3,True,0.6196858330686313,False,0.6968319416046143,valid,False,0.001794761372281255,0.0005881417014569451,7.95963237499389e-05,1.3157183822390377e-05,2.0076560709213075e-06,0.00377707712401594,0.15904904738250644,0.6196858330686313,0.20219096634444014,0.012819411843024637
P17,11,B,beta,1799551287-β-2,P17-T11-Bβ,8,60,C4,7,7,R3,R,False,60,True,R3,True,0.6826049606827786,False,0.7388229370117188,valid,False,0.0025789595215956083,0.0020666238879322187,0.00023833365001593444,3.4941372402274196e-05,5.325907916185063e-06,0.003878851642976821,0.1683283108758529,0.6826049606827786,0.13241173914121804,0.0078519533173113
P17,11,B,beta,1799551287-β-2,P17-T11-Bβ,9,65,F4,10,10,R1,R,False,65,True,R1,True,0.7315537854969041,False,0.8802962303161621,valid,False,3.263356908882248e-05,1.0798437018500029e-05,1.1084094108117395e-06,1.6913230921768886e-07,2.7924665974140448e-08,0.7315537854969041,0.2293320023256371,0.03230334371425066,0.005339706801805411,0.001426424188909393
P17,11,B,beta,1799551287-β-2,P17-T11-Bβ,10,60,C4,7,7,L5,L,False,60,True,L5,True,0.6919238697912871,False,0.970350980758667,valid,False,0.0023204676305004146,0.007957899456176828,0.042423051442801694,0.2546989181971749,0.6919238697912871,0.000496115094525538,0.00013799689898689443,3.269529598204802e-05,7.15084987869489e-06,1.8353426857440722e-06
P17,11,B,beta,1799551287-β-2,P17-T11-Bβ,11,57,A3,5,5,L4,L,False,57,True,L3,True,0.41115420003379444,False,0.756760835647583,valid,False,0.0014666336006040163,0.05945192211090376,0.4824939233935991,0.41115420003379444,0.043931772197825486,0.0008092480492278881,0.0005163183877289412,0.00014941439284049115,2.2799158005131118e-05,3.768675470636463e-06
P17,11,B,beta,1799551287-β-2,P17-T11-Bβ,12,52,E3,2,2,L3,L,False,52,True,L3,True,0.595506270483688,False,0.8485658168792725,valid,False,0.0011163326505333067,0.2570863237358121,0.595506270483688,0.13555967083097226,0.01072361040871737,4.801742782089441e-06,2.26407706144309e-06,6.048149094825549e-07,1.0405529874007681e-07,1.720022519529977e-08
P17,11,B,beta,1799551287-β-2,P17-T11-Bβ,13,55,G3,4,4,L4,L,False,55,True,L4,True,0.5188365282747047,False,0.767035961151123,valid,False,0.0004944115610960079,0.03671251121362404,0.3921282125433556,0.5188365282747047,0.051608654497749915,0.00012425579191854434,6.626300009018868e-05,2.4516445520742904e-05,4.052541187723902e-06,5.941307524403223e-07
P17,11,B,beta,1799551287-β-2,P17-T11-Bβ,14,60,C4,7,7,R2,R,False,60,True,R2,True,0.7798713099460768,False,0.6935648918151855,valid,False,0.0023825635360029654,0.01192464925790175,0.0018573094696761445,0.0001977263883111457,1.9681396303424373e-05,0.022178623483177933,0.7798713099460768,0.15127946968479325,0.028194556258288306,0.002094110579468413
P17,11,B,beta,1799551287-β-2,P17-T11-Bβ,15,57,A3,5,5,L5,L,False,57,True,L5,True,0.3541101596797629,True,0.7645862102508545,valid,False,0.0004702525019571829,0.011172336002810567,0.10432118918046775,0.5282702818959641,0.3541101596797629,0.0008845249846360176,0.0005733802630155434,0.00016359000517561278,3.0488919704886616e-05,3.7965665054470396e-06
P17,11,B,beta,1799551287-β-2,P17-T11-Bβ,16,62,D4,8,8,R1,R,False,62,True,R1,True,0.6795815808306581,False,0.6644210815429688,valid,False,0.00048661089758438914,0.0004376010665263726,7.74190260862524e-05,1.0905121763754713e-05,1.3620469320007607e-06,0.6795815808306581,0.25000409218638786,0.05923290922307942,0.009038355882637588,0.0011291637183442197
P17,11,B,beta,1799551287-β-2,P17-T11-Bβ,17,67,G4,11,11,R2,R,False,67,True,R2,True,0.7782892720054926,False,0.8990437984466553,valid,False,3.4966436849536585e-06,1.898171981863944e-06,2.5790952057135365e-07,4.0960526225612235e-08,5.3260444220183205e-09,0.04920223715634239,0.7782892720054926,0.1450528661324815,0.023036922848592437,0.004413002845333312
P17,11,B,beta,1799551287-β-2,P17-T11-Bβ,18,60,C4,7,7,R1,R,False,60,True,R1,True,0.7329925669189458,False,0.7754828929901123,valid,False,0.002072322073216289,0.011086941342218055,0.001968231770396588,0.00028855648062628463,4.224984146611235e-05,0.7329925669189458,0.19580819070261632,0.04828570534216428,0.006534759608761429,0.0009204759195887605
P17,11,B,beta,1799551287-β-2,P17-T11-Bβ,19,59,B3,6,6,L3,L,False,59,True,L3,True,0.5845744409487925,False,0.7352409362792969,valid,False,0.0023417163212733783,0.24247148871137283,0.5845744409487925,0.0966295051715909,0.005158963145323676,0.052829158644973714,0.012564609990282158,0.0029769048837125457,0.000402880265605693,5.033191707274051e-05
P17,11,B,beta,1799551287-β-2,P17-T11-Bβ,20,64,E4,9,9,R4,R,False,64,True,R4,True,0.6014454678707958,False,0.7816979885101318,valid,False,0.00014526183234101433,0.0001565103915860707,1.982792207407535e-05,3.4112921531283514e-06,3.6316106062272535e-07,0.0010048499595523242,0.03173752420718809,0.13691165599502866,0.6014454678707958,0.22857512736822025
P17,11,B,beta,1799551287-β-2,P17-T11-Bβ,21,60,C4,7,7,R3,R,False,60,True,R3,True,0.5916299486448168,False,0.6649589538574219,valid,False,0.0016302749423480131,0.007363526137606033,0.001200671943129863,0.00015612182495307079,1.596879701630686e-05,0.00610246568446486,0.24539799273692156,0.5916299486448168,0.14017355770163523,0.0063294715871084406
P17,11,B,beta,1799551287-β-2,P17-T11-Bβ,22,65,F4,10,10,R4,R,False,65,True,R4,True,0.6865299096851106,False,0.6779980659484863,valid,False,2.692024410042477e-05,2.7272975437696086e-05,3.741194971948532e-06,5.708693364267482e-07,6.583557532033316e-08,0.0003956398581398139,0.024796092420763843,0.1692961913834536,0.6865299096851106,0.11892359553311015
P17,11,B,beta,1799551287-β-2,P17-T11-Bβ,23,62,D4,8,8,R3,R,False,62,True,R3,True,0.5245953394818825,False,0.6135580539703369,valid,False,0.0003719611948734442,0.0009341454105805452,0.00014996208004385055,2.112342179301216e-05,2.1555805828341545e-06,0.0033676712929743015,0.3324724546171644,0.5245953394818825,0.12936361801414858,0.008721568905956652
P17,11,B,beta,1799551287-β-2,P17-T11-Bβ,24,62,D4,8,8,R3,R,False,62,True,R3,True,0.5398481506414343,False,0.6974778175354004,valid,False,0.00035312177051587015,0.0009289117303915407,0.00016062029710221096,2.088525017311024e-05,2.308766268557216e-06,0.0020679167960010393,0.19859903597540746,0.5398481506414343,0.24256941030831344,0.015449638464392445
P17,11,B,beta,1799551287-β-2,P17-T11-Bβ,25,57,A3,5,5,L4,L,False,57,True,L4,True,0.3977730665227628,True,0.7045397758483887,valid,False,0.00085645880601481,0.04033051413749725,0.5263054028611499,0.3977730665227628,0.03074132062459867,0.0013050957473603772,0.001973566825786817,0.0005794149222497511,0.0001222371121717826,1.2922440407841637e-05
P17,11,B,beta,1799551287-β-2,P17-T11-Bβ,26,52,E3,2,2,L2,L,False,52,True,L2,True,0.7221365442508855,False,1.698490858078003,valid,False,0.00938514181145769,0.7221365442508855,0.2263798273329726,0.0345433217939634,0.007555035091155302,1.1628416688549659e-07,6.783105584991437e-09,5.297619873858639e-09,1.1500300611652506e-09,2.0464311513995818e-10
P17,11,B,beta,1799551287-β-2,P17-T11-Bβ,27,55,G3,4,4,L4,L,False,55,True,L4,True,0.4899729659089167,False,0.712989091873169,valid,False,0.000496501216822683,0.04202804731768239,0.4175274196606366,0.4899729659089167,0.04840138410727117,0.0009928278675543083,0.0004650316635617847,0.00010170795263012537,1.2706396104364932e-05,1.407908819766491e-06
P17,11,B,beta,1799551287-β-2,P17-T11-Bβ,28,59,B3,6,6,L2,L,False,59,True,L2,True,0.6592206978743569,False,0.6051609516143799,valid,False,0.005646627004737821,0.6592206978743569,0.2330046421078259,0.04519825033005019,0.002516206193023746,0.02325317755933261,0.02472366318700096,0.005646627004737821,0.0007054343099081418,8.467442902612984e-05
P17,11,B,beta,1799551287-β-2,P17-T11-Bβ,29,64,E4,9,9,R1,R,False,64,True,R1,True,0.5630417744396724,False,0.7547500133514404,valid,False,0.0007235305916722355,0.0008511237553370453,0.00010365925275121799,1.9319387088518647e-05,2.0555306478636453e-06,0.5630417744396724,0.3484008989163286,0.07619941801783807,0.00914634023630634,0.0015118798723578015
P17,12,C,alpha,1799551287-α-1,P17-T12-Cα,0,57,A3,5,5,L5,L,False,57,True,L4,True,0.41329960835722485,False,1.0004048347473145,valid,False,0.00011003321511851805,0.005626055170453443,0.07410004398422172,0.5062423394687066,0.41329960835722485,0.0005407306613446048,7.942163127747343e-05,1.6401222231575373e-06,1.0804264867978898e-07,1.9346780909244616e-08
P17,12,C,alpha,1799551287-α-1,P17-T12-Cα,1,59,B3,6,6,L4,L,False,59,True,L4,True,0.5329710527175631,False,0.7583839893341064,valid,False,0.0002942518218630105,0.023052323196506654,0.41924987920960594,0.5329710527175631,0.0242987683066712,9.579045281784178e-05,3.0760222916599415e-05,5.508114626574291e-06,1.2046901435271575e-06,4.612672857608849e-07
P17,12,C,alpha,1799551287-α-1,P17-T12-Cα,2,57,A3,5,5,L3,L,False,57,True,L3,True,0.6151184070641958,False,0.572613000869751,valid,False,0.0005856262828897657,0.3325241363637698,0.6151184070641958,0.049492185136784016,0.0022455539376353886,2.614173277744595e-05,6.107820871552191e-06,1.4471123095287423e-06,3.165006638488088e-07,7.80481027906192e-08
P17,12,C,alpha,1799551287-α-1,P17-T12-Cα,3,62,D4,8,8,R3,R,False,62,True,R3,True,0.5693692915627334,False,0.662222146987915,valid,False,0.00037324621143239496,0.00016861143056092672,1.3095707714709651e-05,1.5718991235066454e-06,1.7384257590305067e-07,0.00415590095925971,0.35231626142344774,0.5693692915627334,0.07113142641428884,0.002470420548862791
P17,12,C,alpha,1799551287-α-1,P17-T12-Cα,4,59,B3,6,6,L4,L,False,59,True,L4,True,0.337275445181241,True,0.6833672523498535,valid,False,0.0017024681696572114,0.0773323949089499,0.5673066243593483,0.337275445181241,0.014630978041432506,0.000756852839800171,0.0007837320227146034,0.00017567842976520503,3.2741887459701494e-05,3.0841596313937685e-06
P17,12,C,alpha,1799551287-α-1,P17-T12-Cα,5,60,C4,7,7,L2,L,False,60,True,L2,True,0.9285353591600769,False,0.6448287963867188,valid,False,0.007953471198330791,0.9285353591600769,0.03493916694901898,0.0030453275406488096,6.812632763915239e-05,0.008869221891840078,0.015588847180840975,0.0009172350286202425,7.681221992280925e-05,6.432503061233181e-06
P17,12,C,alpha,1799551287-α-1,P17-T12-Cα,6,59,B3,6,6,L3,L,False,59,True,L3,True,0.5895994424037856,False,0.5989487171173096,valid,False,0.0012751536769692344,0.32245760966781867,0.5895994424037856,0.07979360753386523,0.0012378757843642847,0.003214644322009851,0.0021311237855657383,0.0002514385621816865,3.68626437638802e-05,2.2416196758126537e-06
P17,12,C,alpha,1799551287-α-1,P17-T12-Cα,7,57,A3,5,5,L4,L,False,57,True,L4,True,0.4970550342187942,False,0.5898759365081787,valid,False,0.0008486045751436072,0.043551413696702436,0.443719168619065,0.4970550342187942,0.013799968229706852,0.0006022112857564213,0.00034779069467579844,6.426062875517179e-05,1.0622210489650022e-05,9.25840910686284e-07
P17,12,C,alpha,1799551287-α-1,P17-T12-Cα,8,59,B3,6,6,L3,L,False,59,True,L3,True,0.7349648809389665,False,0.49760890007019043,valid,False,0.001006781610918888,0.17287774524857621,0.7349648809389665,0.0808611063171004,0.0013023422659038818,0.004359964046665798,0.003913034740446617,0.0005904093275231669,0.00011003693386124678,1.3698570037228634e-05
P17,12,C,alpha,1799551287-α-1,P17-T12-Cα,9,64,E4,9,9,R2,R,False,64,True,R2,True,0.8163931405507797,False,0.4087822437286377,valid,False,0.00037995419488201434,0.0005761200992829452,3.287298868077641e-05,4.819409006634016e-06,3.948021364893118e-07,0.02248126344984283,0.8163931405507797,0.14045624669213147,0.01826334469220003,0.0014118431210570386
P17,12,C,alpha,1799551287-α-1,P17-T12-Cα,10,65,F4,10,10,R3,R,False,65,True,R3,True,0.5635521993181077,False,0.49170780181884766,valid,False,4.7773571605641724e-05,1.4089248840258964e-05,7.276138788220638e-07,1.110266787196353e-07,1.3266145029096144e-08,0.006614192911418523,0.3350433623484096,0.5635521993181077,0.08599248969347456,0.00873504100144111
P17,12,C,alpha,1799551287-α-1,P17-T12-Cα,11,67,G4,11,11,R2,R,False,67,True,R2,True,0.7744244869464374,False,1.200634241104126,valid,False,1.274755622458222e-05,3.307052318820464e-06,1.4084087598248477e-07,1.831335754299077e-08,3.4040631944915976e-09,0.046651608458382614,0.7744244869464374,0.15635360736428316,0.021160159737711393,0.001393920326345197
P17,12,C,alpha,1799551287-α-1,P17-T12-Cα,12,69,A4,12,12,R1,R,False,69,True,R1,True,0.7958090911322404,False,0.5639889240264893,valid,False,3.544365769969443e-06,8.540386982753711e-07,3.568997652599899e-08,5.8995134404021715e-09,1.056403146324895e-09,0.7958090911322404,0.16722819583638032,0.029944908850609447,0.005580951724625799,0.0014324114057827448
P17,12,C,alpha,1799551287-α-1,P17-T12-Cα,13,67,G4,11,11,R2,R,False,67,True,R2,True,0.8390917156668274,False,0.5616581439971924,valid,False,4.558407735060171e-06,5.673720764459498e-07,3.916684405274411e-08,5.742132022805975e-09,1.3071256600662182e-09,0.059878650104230914,0.8390917156668274,0.0893284490869117,0.010301814203090495,0.0013941989430262117
P17,12,C,alpha,1799551287-α-1,P17-T12-Cα,14,57,A3,5,5,L4,L,False,57,True,L4,True,0.38688550222268,True,0.6304869651794434,valid,False,0.00042790143260592207,0.03738529239692827,0.5545343704027171,0.38688550222268,0.020764577501230414,1.2743413074960829e-06,5.985886477634799e-07,3.6272296001400976e-07,1.0085051261468723e-07,1.954041043799092e-08
P17,12,C,alpha,1799551287-α-1,P17-T12-Cα,15,59,B3,6,6,L3,L,False,59,True,L3,True,0.7024099035904071,False,0.5891950130462646,valid,False,0.0009909449137336824,0.1732121496679109,0.7024099035904071,0.12084601621117363,0.00249556995468335,3.1039021238382234e-05,8.039640017822726e-06,4.491884934276462e-06,1.5254240253922009e-06,3.1969187552155117e-07
P17,12,C,alpha,1799551287-α-1,P17-T12-Cα,16,57,A3,5,5,L2,L,False,57,True,L2,True,0.966616980606061,False,0.49912095069885254,valid,False,0.009246379924104894,0.966616980606061,0.021623967945433843,0.001884763458110603,0.0002550749964374161,0.00026528067339688205,8.948501893391946e-05,1.5511126507486535e-05,2.1848727865511154e-06,3.7137822714213113e-07
P17,12,C,alpha,1799551287-α-1,P17-T12-Cα,17,65,F4,10,10,R1,R,False,65,True,R1,True,0.8161464337139338,False,0.6796951293945312,valid,False,1.9919606995799307e-05,1.137255381945022e-06,1.7117551658918273e-08,3.743812023324031e-09,1.5208786703261206e-09,0.8161464337139338,0.17850092654689512,0.004325785714363528,0.0009090036148727455,9.677116531468689e-05
P17,12,C,alpha,1799551287-α-1,P17-T12-Cα,18,64,E4,9,9,R3,R,False,64,True,R3,True,0.5995673790606809,False,0.6340470314025879,valid,False,1.0019580931856334e-05,2.1030612719855186e-06,1.1812210979974984e-07,2.0322302294989387e-08,1.1533578926233202e-08,0.011206059660834506,0.24869030323608365,0.5995673790606809,0.13648413219971461,0.004039853222491454
P17,12,C,alpha,1799551287-α-1,P17-T12-Cα,19,65,F4,10,10,R4,R,False,65,True,R4,True,0.28305737214091714,True,0.6950509548187256,valid,False,1.6880244909366021e-06,1.3855110234231614e-07,8.175649502496543e-09,1.4065785053220113e-09,9.909531434956104e-10,0.0035440173427232014,0.18229925691483517,0.4955407574131834,0.28305737214091714,0.035556759039566975
P17,12,C,alpha,1799551287-α-1,P17-T12-Cα,20,64,E4,9,9,R5,R,False,64,True,R5,True,0.2167691243731641,True,0.8104808330535889,valid,False,7.162207939930494e-06,8.465036741297549e-07,3.787697478979323e-08,6.782483970149021e-09,4.6267108892263625e-09,0.0002575391458702563,0.01557357657123961,0.24478308360036546,0.5226086183115769,0.2167691243731641
P17,12,C,alpha,1799551287-α-1,P17-T12-Cα,21,65,F4,10,10,R4,R,False,65,True,R4,True,0.25401888663840266,True,0.681441068649292,valid,False,1.919453955447187e-06,1.6689782097172885e-07,8.961334710000105e-09,1.3674110111217517e-09,9.095997468742292e-10,0.0009168701282081947,0.1286902843528032,0.5884009604878956,0.25401888663840266,0.02797090080256857
P17,12,C,alpha,1799551287-α-1,P17-T12-Cα,22,64,E4,9,9,R5,R,False,64,True,R5,True,0.8597302718430927,False,0.8042387962341309,valid,False,2.7043523563196322e-05,3.6815862990258125e-06,1.762898050811784e-07,2.5845312777503134e-08,1.7198913389997927e-08,0.00016843126555788856,0.0013301047256878348,0.015893079595719325,0.12284716812604869,0.8597302718430927
P17,12,C,alpha,1799551287-α-1,P17-T12-Cα,23,59,B3,6,6,L2,L,False,59,True,L2,True,0.9729327295987137,False,0.5910918712615967,valid,False,0.01401761765886346,0.9729327295987137,0.011476654662200497,0.0012217874906150447,0.00013527684233776474,0.00017837411672789983,2.0484541042627535e-05,1.3274741144626592e-05,3.3018368816674024e-06,4.985114729229526e-07
P17,12,C,alpha,1799551287-α-1,P17-T12-Cα,24,57,A3,5,5,L3,L,False,57,True,L3,True,0.49345344144474895,False,0.5149228572845459,valid,False,0.0025796449400992644,0.43765394178576106,0.49345344144474895,0.06416311486958352,0.002131083272998428,1.5089548733404836e-05,1.999254628086624e-06,1.299476973406568e-06,3.454043925382439e-07,4.000208146822077e-08
P17,12,C,alpha,1799551287-α-1,P17-T12-Cα,25,59,B3,6,6,L4,L,False,59,True,L4,True,0.47835587349114406,False,0.590601921081543,valid,False,0.0007397359038275878,0.04013749945384822,0.46592353061224684,0.47835587349114406,0.014770585281476484,5.2553065707063044e-05,1.0153452679438465e-05,7.361545710162343e-06,2.40520159068008e-06,3.019917694818388e-07
P17,12,C,alpha,1799551287-α-1,P17-T12-Cα,26,60,C4,7,7,L5,L,False,60,True,L5,True,0.6638609406443357,False,0.7119569778442383,valid,False,0.0011862807467081216,0.00443478455260732,0.05354924924446491,0.27646294753596123,0.6638609406443357,0.00026588452111833694,0.00011369474977063829,9.362185594640379e-05,2.9543726834865e-05,3.0524222524744596e-06
P17,12,C,alpha,1799551287-α-1,P17-T12-Cα,27,65,F4,10,10,R5,R,False,65,True,R5,True,0.17281644331325646,True,0.7147209644317627,valid,False,3.3952683317607787e-06,9.25492159984168e-08,3.6245877868554903e-09,7.03097692181278e-10,4.1760196895027345e-10,0.0003903071575380942,0.02617715229519266,0.4003063023355888,0.4003063023355888,0.17281644331325646
P17,12,C,alpha,1799551287-α-1,P17-T12-Cα,28,60,C4,7,7,L5,L,False,60,True,L5,True,0.7072091089599224,False,0.7933907508850098,valid,False,0.0009194331990293556,0.003370090800568924,0.04670141735714246,0.2415792822662495,0.7072091089599224,8.715245789483298e-05,3.231424367205745e-05,6.765077481324502e-05,2.624338248880097e-05,7.306558218420815e-06
P17,12,C,alpha,1799551287-α-1,P17-T12-Cα,29,59,B3,6,6,L4,L,False,59,True,L4,True,0.5541576576901656,False,0.6166291236877441,valid,False,0.0009178924881705579,0.01943327051755981,0.40240104951872574,0.5541576576901656,0.02292512289044693,8.33705910634485e-05,2.9998650244097976e-05,3.700790312005629e-05,1.1953840508999416e-05,2.6759099946998242e-06
P17,13,A,beta,1799551287-β-5,P17-T13-Aβ,0,62,D4,8,8,R2,R,False,62,True,R2,True,0.8668480350487875,False,2.7780861854553223,valid,False,0.001186836135378229,0.00017993919056882984,8.269871440574127e-06,9.163278748660778e-07,1.3427837435704145e-07,0.033287117076673194,0.8668480350487875,0.08866486360788767,0.009439128770686166,0.00038475969232877453
P17,13,A,beta,1799551287-β-5,P17-T13-Aβ,1,64,E4,9,9,R3,R,False,64,True,R3,True,0.5160687896642097,False,0.7473428249359131,valid,False,0.00012064436702003843,0.0002029738261111686,3.2222762899233537e-05,4.9111310308928434e-06,6.273293170170813e-07,0.0022983334857159363,0.23328543348746145,0.5160687896642097,0.2318846546730476,0.016101409273187216
P17,13,A,beta,1799551287-β-5,P17-T13-Aβ,2,57,A3,5,5,L4,L,False,57,True,L2,False,0.005025860071597055,False,0.4362211227416992,valid,False,0.005259814008401716,0.9482295343847642,0.03568022443197904,0.005025860071597055,0.0009588402240813817,0.003400423530260558,0.0011636259055588013,0.00023098479291271273,4.474912800985071e-05,5.943522434780916e-06
P17,13,A,beta,1799551287-β-5,P17-T13-Aβ,3,60,C4,7,7,R1,R,False,60,True,R1,True,0.5199716127020134,False,0.4560840129852295,valid,False,0.008267802836455809,0.02692168800086528,0.003107362262260395,0.0005136435272533574,2.326788751341587e-05,0.5199716127020134,0.36277188441116975,0.06761123849301895,0.009912278281332104,0.0008992215981175434
P17,13,A,beta,1799551287-β-5,P17-T13-Aβ,4,59,B3,6,6,L5,L,False,59,True,L2,False,0.00018216951533546867,False,0.3729829788208008,valid,False,0.007927054562938221,0.8893084479820992,0.016952988584378516,0.0031595958882213535,0.00018216951533546867,0.04490166586221873,0.028359264619483196,0.007928343598396084,0.0012097867881561714,7.06825987730788e-05
P17,13,A,beta,1799551287-β-5,P17-T13-Aβ,5,64,E4,9,9,R1,R,False,64,True,R3,False,0.020359938718585296,False,0.31505703926086426,valid,False,0.0003027980450340157,0.0005928925616062133,9.136149364107436e-05,1.3940859976798424e-05,5.597467955005241e-07,0.020359938718585296,0.4062906603914138,0.4401294181191371,0.12237239526388004,0.009846034799930134
P17,13,A,beta,1799551287-β-5,P17-T13-Aβ,6,59,B3,6,6,L5,L,False,59,True,L2,False,0.0002484736862821168,False,0.42359304428100586,valid,False,0.0032730329226490266,0.7877558687495896,0.02152442271393961,0.002913013844495598,0.0002484736862821168,0.13096963266756792,0.042486578694160664,0.009292319796343639,0.0014179160604508615,0.00011874086452113421
P17,13,A,beta,1799551287-β-5,P17-T13-Aβ,7,57,A3,5,5,L3,L,False,57,True,L3,True,0.570470176720654,False,0.3054928779602051,valid,False,0.0005570286315295182,0.33915624206461686,0.570470176720654,0.0803555282754208,0.0024929647812566326,0.0049978802636558,0.0015318266194771775,0.00037774379364800636,5.537987005032807e-05,5.228979690734198e-06
P17,13,A,beta,1799551287-β-5,P17-T13-Aβ,8,55,G3,4,4,L1,L,False,55,True,L4,False,0.00015787343904657278,False,0.30298376083374023,valid,False,0.00015787343904657278,0.056616036714394115,0.38576199819813284,0.5312435581443662,0.02516613636001332,0.0007768524139402273,0.00021766906812942902,5.157184444633166e-05,7.560791445735654e-06,7.430260853792269e-07
P17,13,A,beta,1799551287-β-5,P17-T13-Aβ,9,57,A3,5,5,L3,L,False,57,True,L3,True,0.5842135618413676,False,0.34297680854797363,valid,False,0.00046056307986884243,0.3103842580666318,0.5842135618413676,0.09278329418840234,0.0041583883223638,0.005871397581301699,0.0016991525374273554,0.00037167576808498133,5.2353661787067006e-05,5.354952764543699e-06
P17,13,A,beta,1799551287-β-5,P17-T13-Aβ,10,59,B3,6,6,L1,L,False,59,True,L2,False,0.0015839496521752223,False,0.28917813301086426,valid,False,0.0015839496521752223,0.794557162702193,0.11192006726973674,0.018500262689372667,0.001091697350215496,0.04249734127248127,0.024472985678906236,0.004748291795699268,0.0005699451968853722,5.829639233475115e-05
P17,13,A,beta,1799551287-β-5,P17-T13-Aβ,11,60,C4,7,7,R2,R,False,60,True,R1,False,0.27306610495988676,False,0.43602681159973145,valid,False,0.00118496579427926,0.13349538176081033,0.017988162606406916,0.002856833685542304,0.0001508920020427767,0.5178646468427042,0.27306610495988676,0.045137523560868344,0.007461182461687203,0.0007943063257719313
P17,13,A,beta,1799551287-β-5,P17-T13-Aβ,12,62,D4,8,8,R3,R,False,62,True,R2,False,0.24160378337989363,False,0.2849888801574707,valid,False,0.0006884830023811285,0.01502236737756444,0.0019103741742542923,0.0003034007092562007,1.6085092051777424e-05,0.11748368089373332,0.5824824904198727,0.24160378337989363,0.036866346857201235,0.0036229880937912497
P17,13,A,beta,1799551287-β-5,P17-T13-Aβ,13,57,A3,5,4,L3,L,False,55,False,L4,False,0.3549158318335625,False,0.34766483306884766,valid,False,0.00016717949667544943,0.04918568069003074,0.3549158318335625,0.5510803740519279,0.04276129703282229,0.0013738496230376073,0.0003787548690590227,0.00011906099763109289,1.611315383683763e-05,1.858251416538221e-06
P17,13,A,beta,1799551287-β-5,P17-T13-Aβ,14,53,F3,3,3,L2,L,False,53,True,L4,False,0.009336682546389034,False,0.46105098724365234,valid,False,3.912705661174582e-05,0.009336682546389034,0.1146815384756455,0.6665792626834611,0.20896338731418118,0.00028470708537886976,8.910581977095733e-05,2.2872020133456284e-05,2.9740192931387214e-06,3.429791349507561e-07
P17,13,A,beta,1799551287-β-5,P17-T13-Aβ,15,59,B3,6,6,L3,L,False,59,True,L2,False,0.20462996418784207,False,0.3355889320373535,valid,False,0.0010016725447284205,0.6527559320532605,0.20462996418784207,0.026607770450443564,0.003219989801254685,0.05768235567541247,0.042955491982373216,0.009788451724127192,0.0012228733509907902,0.0001354982295669104
P17,13,A,beta,1799551287-β-5,P17-T13-Aβ,16,64,E4,9,9,R5,R,False,64,True,R3,False,0.026177030814320414,False,0.2979269027709961,valid,False,0.00024082512405586097,0.002724899542178771,0.0003925396765081538,6.234214106786829e-05,4.9377717091237635e-06,0.02193506793787527,0.24588952256050975,0.46632477795743016,0.23624805647434466,0.026177030814320414
P17,13,A,beta,1799551287-β-5,P17-T13-Aβ,17,62,D4,8,8,R4,R,False,62,True,R2,False,0.03609411484720103,False,0.2657196521759033,valid,False,0.0005304293696115732,0.022312925131607146,0.003274384224731072,0.0004996386351403865,3.935659866978414e-05,0.088203427140876,0.6177784069955086,0.22726797513329158,0.03609411484720103,0.0039993419233626815
P17,13,A,beta,1799551287-β-5,P17-T13-Aβ,18,64,E4,9,9,R3,R,False,64,True,R3,True,0.4475849088173584,False,0.2876732349395752,valid,False,0.0002041852557629638,0.0025132802400625117,0.00036199179255639663,5.749060476563725e-05,4.212538662287879e-06,0.03228148065175587,0.2660984252532854,0.4475849088173584,0.22675412033327677,0.02413990451251377
P17,13,A,beta,1799551287-β-5,P17-T13-Aβ,19,62,D4,8,8,R5,R,False,62,True,R2,False,0.0033836783142613424,False,0.2971980571746826,valid,False,0.00043185562732454255,0.018262519169347124,0.0027703214944088243,0.0004579310630421429,3.2079517555089865e-05,0.2238148715795695,0.5440076865414687,0.17749871623810523,0.02934034045491767,0.0033836783142613424
P17,13,A,beta,1799551287-β-5,P17-T13-Aβ,20,64,E4,9,9,R3,R,False,64,True,R3,True,0.4424961601683587,False,0.3115711212158203,valid,False,0.0001943831705825089,0.0024935467007829236,0.0003578761818442579,5.683697406547731e-05,4.172425303908839e-06,0.03331493120985477,0.3344314035118341,0.4424961601683587,0.16278524012324483,0.02386544953412851
P17,13,A,beta,1799551287-β-5,P17-T13-Aβ,21,60,C4,7,7,L1,L,False,60,True,R1,False,0.0005850893624869247,False,0.44263195991516113,valid,False,0.0005850893624869247,0.14649805189994122,0.024143358042416296,0.00383438598187438,0.00028777521537011214,0.5047227723886456,0.25570113292595764,0.05373203147464524,0.009244320037991206,0.0012510826706714341
P17,13,A,beta,1799551287-β-5,P17-T13-Aβ,22,62,D4,8,8,R3,R,False,62,True,R2,False,0.22030033835439689,False,0.3290672302246094,valid,False,0.0005228931178908554,0.0202399529627988,0.003173997357909699,0.00048432059251551105,3.099037772529451e-05,0.09197651917874784,0.6232774655396651,0.22030033835439689,0.036415401004821144,0.0035781215135290007
P17,13,A,beta,1799551287-β-5,P17-T13-Aβ,23,57,A3,5,5,L3,L,False,57,True,L3,True,0.6258890379181553,False,0.5056748390197754,valid,False,0.00032299018556104434,0.23248358663459903,0.6258890379181553,0.12140998204476941,0.008495968226682736,0.008174854447509849,0.0025788949998779994,0.0005483580111463516,8.708880791537363e-05,9.238723782883601e-06
P17,13,A,beta,1799551287-β-5,P17-T13-Aβ,24,55,G3,4,4,L2,L,False,55,True,L4,False,0.037376207321939546,False,0.33007001876831055,valid,False,0.0001815749131206228,0.037376207321939546,0.3026582515592928,0.5974103832286893,0.06050952564438632,0.0013781853380207122,0.0003759657371296612,9.372449413835728e-05,1.488508292222708e-05,1.29668036057407e-06
P17,13,A,beta,1799551287-β-5,P17-T13-Aβ,25,57,A3,5,5,L4,L,False,57,True,L3,False,0.10896251202739292,False,0.32051897048950195,valid,False,0.00048240638275961947,0.21249663668445043,0.6591847846025828,0.10896251202739292,0.007521719418148031,0.007875960712295293,0.0027160858267493,0.0006511624665730606,9.936094963929661e-05,9.370929409332148e-06
P17,13,A,beta,1799551287-β-5,P17-T13-Aβ,26,60,C4,7,7,R4,R,False,60,True,R1,False,0.006725565299490406,False,0.4669151306152344,valid,False,0.0009102062847328679,0.11614355013304006,0.021454104549536772,0.0029034973157994587,0.00019289836859679704,0.5934280527592561,0.20974992365344108,0.04774698775915054,0.006725565299490406,0.0007452138769556535
P17,13,A,beta,1799551287-β-5,P17-T13-Aβ,27,62,D4,8,8,R5,R,False,62,True,R2,False,0.0038976695795993463,False,0.27843499183654785,valid,False,0.0005633927557364203,0.01695211629652366,0.002719311792533691,0.00032640342288822776,2.2001640077852877e-05,0.08316893835369005,0.6266441469817365,0.2305294986049964,0.03517652057221782,0.0038976695795993463
P17,13,A,beta,1799551287-β-5,P17-T13-Aβ,28,59,B3,6,6,L2,L,False,59,True,L2,True,0.737070559431758,False,0.47030210494995117,valid,False,0.0013079565045635286,0.737070559431758,0.1429769782899438,0.02459845475972463,0.0016841862487671758,0.056519153575047464,0.02697681580859366,0.007711275638239621,0.0010436076726167505,0.00011101207074546187
P17,13,A,beta,1799551287-β-5,P17-T13-Aβ,29,57,A3,5,5,L5,L,False,57,True,L3,False,0.00815905515219398,False,0.4450399875640869,valid,False,0.0003258236976256589,0.20323902375926842,0.6126733245566615,0.16356753443767597,0.00815905515219398,0.008274923635646223,0.002910833284877296,0.000739213778750329,0.00010004170611958246,1.0225991181087483e-05
P17,14,C,beta,1799551287-β-6,P17-T14-Cβ,0,64,E4,9,9,R4,R,False,64,True,R4,True,0.6864704087217951,False,1.6486778259277344,valid,False,0.0001307568090635326,7.0944898033602905e-06,1.5248613558023149e-07,1.3833230124850482e-08,2.4513130295451205e-09,0.00017992229846761212,0.0030890409954514556,0.26284463593200286,0.6864704087217951,0.04727797198273744
P17,14,C,beta,1799551287-β-6,P17-T14-Cβ,1,62,D4,8,8,R2,R,False,62,True,R2,True,0.9461150046397462,False,0.5942070484161377,valid,False,0.00045325978361574544,0.00012152492794786834,2.8295548714162314e-06,3.534968905135624e-07,5.685666570274546e-08,0.005790092361530906,0.9461150046397462,0.04348274231774975,0.00394466538647718,8.947067450469454e-05
P17,14,C,beta,1799551287-β-6,P17-T14-Cβ,2,60,C4,7,7,L2,L,False,60,True,L2,True,0.9503902874748628,False,0.5720319747924805,valid,False,0.009943039206822359,0.9503902874748628,0.021260964295415796,0.002451923280754752,0.00010826998926045345,0.011655410426822298,0.003807118977263902,0.000331831731675389,4.6741293735291195e-05,4.413323386970126e-06
P17,14,C,beta,1799551287-β-6,P17-T14-Cβ,3,59,B3,6,6,L3,L,False,59,True,L3,True,0.6379459274871324,False,0.6134440898895264,valid,False,0.0026522202309816095,0.24426495727161768,0.6379459274871324,0.10975532022099337,0.0017432694557776938,0.0024098196726862597,0.0011032424509610855,0.00010841959144688992,1.467299611686268e-05,2.150622286281302e-06
P17,14,C,beta,1799551287-β-6,P17-T14-Cβ,4,57,A3,5,5,L4,L,False,57,True,L4,True,0.48282310289861063,False,0.5568327903747559,valid,False,0.0009100919528631377,0.06849057718669753,0.4348675023600089,0.48282310289861063,0.012548623381474404,0.00030459115885775724,5.1495849375373726e-05,3.3966738432562212e-06,5.394509971106544e-07,7.908727190458132e-08
P17,14,C,beta,1799551287-β-6,P17-T14-Cβ,5,60,C4,7,7,R4,R,False,60,True,R4,True,0.6379238079128283,False,0.704948902130127,valid,False,0.00013968320168555775,2.487074657621219e-05,2.581986915569639e-07,4.6095291657755217e-08,9.60875243413304e-09,0.002455226095368735,0.0097763270639125,0.29592897548043195,0.6379238079128283,0.05375079559646122
P17,14,C,beta,1799551287-β-6,P17-T14-Cβ,6,59,B3,6,6,L2,L,False,59,True,L2,True,0.9803799450385796,False,0.5514266490936279,valid,False,0.0046835911950866916,0.9803799450385796,0.011752490376221295,0.0006597232599796214,4.776726551176074e-05,0.0014703278933037999,0.0009794758538832467,2.4824236248180684e-05,1.7714890144378305e-06,8.339217134000021e-08
P17,14,C,beta,1799551287-β-6,P17-T14-Cβ,7,64,E4,9,9,R2,R,False,64,True,R2,True,0.9205039982852545,False,0.47835397720336914,valid,False,5.7374710349884285e-06,7.566879094447591e-07,9.39738916440875e-09,1.323701398479154e-09,8.216039159030552e-10,0.017448763958920685,0.9205039982852545,0.05826032583359346,0.003687399047216991,9.300717337539499e-05
P17,14,C,beta,1799551287-β-6,P17-T14-Cβ,8,57,A3,5,5,L1,L,False,57,True,L1,True,0.9057793368485048,False,0.5766940116882324,valid,False,0.9057793368485048,0.09264692092887492,0.001183878270165052,0.00016675922369818752,5.894182837593589e-05,0.00013983912532516626,2.041501434904971e-05,3.5842562747855148e-06,3.1240682876825424e-07,1.2097603453553323e-08
P17,14,C,beta,1799551287-β-6,P17-T14-Cβ,9,59,B3,6,6,L3,L,False,59,True,L3,True,0.6358159572105038,False,0.5293433666229248,valid,False,0.0032378487589882804,0.26372559402538454,0.6358159572105038,0.08945475169069092,0.002163666647221515,0.002851656765197472,0.0022561487529519334,0.00043819517887499387,5.474381668124881e-05,1.4371535055107094e-06
P17,14,C,beta,1799551287-β-6,P17-T14-Cβ,10,57,A3,5,5,L2,L,False,57,True,L2,True,0.9345926271290367,False,0.3989121913909912,valid,False,0.014613199302685698,0.9345926271290367,0.043031189162263554,0.005375895593198921,0.000619975809973653,0.0011823989436451326,0.00046670685741795895,0.00010248131211292245,1.5024473844007814e-05,5.014158216079308e-07
P17,14,C,beta,1799551287-β-6,P17-T14-Cβ,11,62,D4,8,8,R4,R,False,62,True,R4,True,0.48415900921475463,False,0.4517502784729004,valid,False,0.00013175765477166723,4.4786543469773695e-05,5.871843641686926e-06,6.005968688476201e-07,1.0307293338469212e-07,0.002100999920864946,0.025862363903107883,0.4651748629239886,0.48415900921475463,0.022519644325598526
P17,14,C,beta,1799551287-β-6,P17-T14-Cβ,12,60,C4,7,7,R5,R,False,60,True,R5,True,0.8549651098816505,False,0.6409249305725098,valid,False,0.0012084296852039823,0.0007314103374466175,8.638516329402683e-05,8.489379739922292e-06,1.7666387350107873e-06,0.002291384382876221,0.0024628243124457275,0.019303516967770946,0.11894068325083715,0.8549651098816505
P17,14,C,beta,1799551287-β-6,P17-T14-Cβ,13,62,D4,8,8,R4,R,False,62,True,R4,True,0.8587274031848993,False,2.3673911094665527,valid,False,0.000197184689363847,0.00011170538790551096,1.6170794531993193e-05,1.3541944944977564e-06,2.520599119494796e-07,0.0016087404274016687,0.002392329609737389,0.10920833477051278,0.8587274031848993,0.02773652488124105
P17,14,C,beta,1799551287-β-6,P17-T14-Cβ,14,64,E4,9,9,R2,R,False,64,True,R2,True,0.8498945540524788,False,0.5339548587799072,valid,False,4.120256117523209e-05,2.584855132744185e-05,2.081039579547498e-06,1.9649222158121407e-07,4.294253247783839e-08,0.01447044826660041,0.8498945540524788,0.1246004587007626,0.0108602820729119,0.00010488532040995231
P17,14,C,beta,1799551287-β-6,P17-T14-Cβ,15,60,C4,7,7,L3,L,False,60,True,L3,True,0.7419696739692719,False,0.6644148826599121,valid,False,0.0005293507782776226,0.09512951124401443,0.7419696739692719,0.1551977009886838,0.0034460630097723367,0.0024488182083836274,0.001189204688333689,8.121205125720846e-05,8.306710238585126e-06,1.5835176666544895e-07
P17,14,C,beta,1799551287-β-6,P17-T14-Cβ,16,59,B3,6,6,L2,L,False,59,True,L2,True,0.9203980234112451,False,0.745502233505249,valid,False,0.0023479478420260513,0.9203980234112451,0.06836125458015341,0.007574642917092563,0.0003343396724257859,0.000873145086181349,0.0001072575514530946,2.98190241047661e-06,3.8773292639954477e-07,1.9304085715126097e-08
P17,14,C,beta,1799551287-β-6,P17-T14-Cβ,17,57,A3,5,5,L1,L,False,57,True,L1,True,0.9120417750080598,False,0.6177883148193359,valid,False,0.9120417750080598,0.08611518796061278,0.0011920634474524312,0.00016791217484584656,5.934934435714572e-05,0.0003970014372925452,2.5497173071395225e-05,1.0443984502102067e-06,1.593648699699009e-07,9.690987723129403e-09
P17,14,C,beta,1799551287-β-6,P17-T14-Cβ,18,59,B3,6,6,L2,L,False,59,True,L2,True,0.9715913345689993,False,0.5046420097351074,valid,False,0.007994671689184111,0.9715913345689993,0.017097551709336682,0.0016143546485058897,0.00015208790749571155,0.0013750112627245535,0.00016793103937610488,6.213290068542327e-06,7.762276467143389e-07,6.765666261595169e-08
P17,14,C,beta,1799551287-β-6,P17-T14-Cβ,19,62,D4,8,8,R3,R,False,62,True,R3,True,0.6952091615604244,False,0.489346981048584,valid,False,0.000310115164813427,3.8437352038172774e-05,1.6355318323066407e-06,1.672890760254943e-07,4.1663694135766335e-08,0.002466835859484564,0.15205050755134755,0.6952091615604244,0.1460885218730853,0.0038345761542042164
P17,14,C,beta,1799551287-β-6,P17-T14-Cβ,20,57,A3,5,5,L2,L,False,57,True,L2,True,0.9746204421721336,False,0.4461498260498047,valid,False,0.0070736879228612045,0.9746204421721336,0.015832235848284793,0.0013258424982717661,0.00016539814029967577,0.0005194336111585655,0.0003558318152847677,9.090394359330007e-05,1.502204351789276e-05,1.202004594364494e-06
P17,14,C,beta,1799551287-β-6,P17-T14-Cβ,21,60,C4,7,7,R3,R,False,60,True,R3,True,0.7157228865269117,False,0.5183982849121094,valid,False,0.0012786588731350122,0.0010167087117067444,9.193192348634416e-05,9.786935079064119e-06,1.2107678132563443e-06,0.0017045362200877629,0.09306452428128024,0.7157228865269117,0.1809165406559779,0.006193215104521924
P17,14,C,beta,1799551287-β-6,P17-T14-Cβ,22,62,D4,8,8,R4,R,False,62,True,R4,True,0.6074406972557235,False,0.5970058441162109,valid,False,0.00020483479181494313,7.652622622659595e-05,6.533938048610436e-06,6.683186700305844e-07,8.956749961510692e-08,0.0010294715381285828,0.017414516497351235,0.2659027526012646,0.6074406972557235,0.10792390926527243
P17,14,C,beta,1799551287-β-6,P17-T14-Cβ,23,64,E4,9,9,R2,R,False,64,True,R2,True,0.7742853660635278,False,0.4431600570678711,valid,False,6.60571159019308e-05,1.8343328129897592e-05,1.4328934257073107e-06,1.5876911716499406e-07,2.2194401487477363e-08,0.02022648794799392,0.7742853660635278,0.18344969636179784,0.02115635843732015,0.0007960768883841519
P17,14,C,beta,1799551287-β-6,P17-T14-Cβ,24,67,G4,11,11,R4,R,False,67,True,R4,True,0.20664427392802293,True,0.7899940013885498,valid,False,5.331484263899629e-07,6.577920370994827e-08,7.004195940201157e-09,7.760870319629254e-10,1.1336529877934462e-10,0.0017811712583624506,0.37653041651729685,0.37653041651729685,0.20664427392802293,0.03851311495774262
P17,14,C,beta,1799551287-β-6,P17-T14-Cβ,25,60,C4,7,7,R3,R,False,60,True,R3,True,0.6677603619800931,False,0.5105772018432617,valid,False,0.0011563520637583216,0.00044146928452842556,4.899335362505254e-05,5.428618320418516e-06,8.86140580834612e-07,0.002021681052686703,0.10189362425479748,0.6677603619800931,0.22071886310616728,0.005952340145442473
P17,14,C,beta,1799551287-β-6,P17-T14-Cβ,26,60,C4,7,7,L3,L,False,60,True,L3,True,0.6983734518417722,False,0.5942108631134033,valid,False,0.00030843491953080833,0.10979075577121537,0.6983734518417722,0.18159597926388638,0.003783273016780641,0.0021140781558877993,0.0032092183220159627,0.000718028505819239,0.00010110424711743628,5.675955974133793e-06
P17,14,C,beta,1799551287-β-6,P17-T14-Cβ,27,59,B3,6,6,L2,L,False,59,True,L2,True,0.9700804493451526,False,0.4965848922729492,valid,False,0.00474636473231548,0.9700804493451526,0.020850522450890408,0.0025027221650950654,0.00020136804120688727,0.0009485820980825833,0.0005369514376385785,0.00011502325030685581,1.6861978459677478e-05,1.1545008518365631e-06
P17,14,C,beta,1799551287-β-6,P17-T14-Cβ,28,62,D4,8,8,R2,R,False,62,True,R2,True,0.8460621867609726,False,0.4973011016845703,valid,False,0.00038465397753155705,3.997565419174295e-05,9.688438192722143e-07,1.601488061860526e-07,4.9173906752577396e-08,0.012189718660743186,0.8460621867609726,0.12403860697438715,0.016786800007153567,0.0004968797984881107
P17,14,C,beta,1799551287-β-6,P17-T14-Cβ,29,60,C4,7,7,R1,R,False,60,True,R1,True,0.3677576356991061,True,0.6832938194274902,valid,False,0.0005276584091249376,5.11011045356034e-05,2.1709815696772854e-06,4.383136195484155e-07,1.7200598248293795e-07,0.3677576356991061,0.5710199356126642,0.053915829770085945,0.0064716048498498924,0.00025345325346161736
P17,15,B,beta,1799551287-β-1,P17-T15-Bβ,0,64,E4,9,9,R2,R,False,64,True,R2,True,0.9797658265989135,False,0.6884799003601074,valid,False,2.1381180982350235e-05,4.295869426913634e-07,2.2769211296005697e-09,2.576033690082673e-10,8.036660143448973e-11,0.0016460508547610484,0.9797658265989135,0.01794503707550785,0.0005988845667689837,2.238752123223267e-05
P17,15,B,beta,1799551287-β-1,P17-T15-Bβ,1,60,C4,7,7,L3,L,False,60,True,L3,True,0.7826211418762263,False,0.7114980220794678,valid,False,0.00030034878229800896,0.09234335787797726,0.7826211418762263,0.12277789809330157,0.0006728456966969627,0.0006131084432903666,0.0006602374443013642,1.011879946870175e-05,8.040438296548497e-07,1.3894260965035644e-07
P17,15,B,beta,1799551287-β-1,P17-T15-Bβ,2,57,A3,5,5,L5,L,False,57,True,L4,True,0.47007081611972573,False,0.8099229335784912,valid,False,0.00010732810845501928,0.003143239510053618,0.05642660857012084,0.47007081611972573,0.47007081611972573,0.0001556313588756118,2.5157630485016283e-05,3.6262691877575004e-07,3.5636647544754516e-08,4.318992064384654e-09
P17,15,B,beta,1799551287-β-1,P17-T15-Bβ,3,60,C4,7,7,L4,L,False,60,True,L4,True,0.5002363622389018,False,0.6551098823547363,valid,False,0.00023855061762654618,0.030102188641981414,0.46100870609147404,0.5002363622389018,0.007480494830566584,0.0005633180596437663,0.000363404547916629,6.314420526702157e-06,5.728313063910736e-07,8.772005611834812e-08
P17,15,B,beta,1799551287-β-1,P17-T15-Bβ,4,64,E4,9,9,R2,R,False,64,True,R2,True,0.8640816378392672,False,0.6515891551971436,valid,False,8.089373171542881e-05,3.2456130185814185e-05,9.134035712124476e-07,5.781092724804685e-08,4.209540988083015e-09,0.0024647646115755085,0.8640816378392672,0.12668038395623238,0.006564440323637111,9.444798334714217e-05
P17,15,B,beta,1799551287-β-1,P17-T15-Bβ,5,69,A4,12,12,R3,R,False,69,True,R2,True,0.45514228417694047,False,0.7642889022827148,valid,False,3.3488858197329395e-07,1.0763067960223628e-08,4.752666046321945e-10,3.3915628284306365e-11,2.9918662544402907e-12,0.0006779333377238087,0.45514228417694047,0.45514228417694047,0.08828851953301606,0.0007486326115550383
P17,15,B,beta,1799551287-β-1,P17-T15-Bβ,6,64,E4,9,9,R1,R,False,64,True,R1,True,0.7986480455890429,False,0.7443971633911133,valid,False,7.387714116327395e-05,9.300255277115485e-06,3.232515824425787e-07,3.72790278709357e-08,3.510686311607375e-09,0.7986480455890429,0.1969441833001557,0.003907588200211016,0.00039968455922957885,1.695691362375243e-05
P17,15,B,beta,1799551287-β-1,P17-T15-Bβ,7,59,B3,6,6,L2,L,False,59,True,L2,True,0.9569424075820773,False,0.5924711227416992,valid,False,0.002522045333978935,0.9569424075820773,0.0374775920663166,0.0027835948656224655,0.00011326025591043917,0.00014732981769396912,1.3433510785070714e-05,2.927309030659614e-07,3.806342195994445e-08,5.773290437435784e-09
P17,15,B,beta,1799551287-β-1,P17-T15-Bβ,8,60,C4,7,7,L1,L,False,60,True,L1,True,0.7253221289693216,False,0.7734901905059814,valid,False,0.7253221289693216,0.2668310994745149,0.004511437649438945,0.0003629884991488926,2.297418400534536e-05,0.0027223519766329217,0.00022461125468997218,2.1692275815376257e-06,2.1317777242958027e-07,2.5586893318800932e-08
P17,15,B,beta,1799551287-β-1,P17-T15-Bβ,9,57,A3,5,5,L3,L,False,57,True,L3,True,0.5343887123001524,False,0.6906759738922119,valid,False,0.0011439316088236089,0.38498406303592175,0.5343887123001524,0.07834510570707502,0.0009748345691182443,0.00015725391460211406,5.982740728608047e-06,1.0528111494150679e-07,9.94066637113262e-09,9.01796907522044e-10
P17,15,B,beta,1799551287-β-1,P17-T15-Bβ,10,62,D4,8,8,R2,R,False,62,True,R2,True,0.8882949503083046,False,0.6003541946411133,valid,False,0.00017541533134631866,3.1222299559237564e-05,3.4543842144230175e-07,3.825961195957094e-08,1.0715740502241677e-08,0.006214118091636101,0.8882949503083046,0.09842588605147257,0.006748389198118508,0.00010962430578873463
P17,15,B,beta,1799551287-β-1,P17-T15-Bβ,11,59,B3,6,6,L5,L,False,59,True,L5,True,0.5699763778118282,False,0.820695161819458,valid,False,6.155060459314872e-05,0.0020908567131901305,0.05272582897873678,0.3749177675404043,0.5699763778118282,0.00017341799423878533,5.352537540002599e-05,6.025107307012378e-07,6.162733212737497e-08,1.0843545789614607e-08
P17,15,B,beta,1799551287-β-1,P17-T15-Bβ,12,60,C4,7,7,R3,R,False,60,True,R3,True,0.7446124532497332,False,0.7498931884765625,valid,False,0.0007171376139938753,0.0001521264641198231,3.993676262357482e-06,2.241840698237467e-07,2.7336375689702494e-08,0.00044722546635413,0.12114121082201702,0.7446124532497332,0.1311802480661699,0.001745353120904046
P17,15,B,beta,1799551287-β-1,P17-T15-Bβ,13,65,F4,10,10,R4,R,False,65,True,R4,True,0.3917026017071543,True,0.723222017288208,valid,False,5.6606203332880924e-06,7.248853038152088e-07,1.1775409786583368e-08,8.403081919172818e-10,1.1008391122803162e-10,0.00025451291334440584,0.12638109320059746,0.4596672612991208,0.3917026017071543,0.02198813264834425
P17,15,B,beta,1799551287-β-1,P17-T15-Bβ,14,60,C4,7,7,R5,R,False,60,True,R5,True,0.21092389392855757,True,0.8219060897827148,valid,False,0.00021086900868192622,0.00018485132822514935,2.8862038887971873e-06,1.6862838431230746e-07,3.9333623522190216e-08,2.3610160401904052e-05,0.004278701126449022,0.2954608719748262,0.4889141083069616,0.21092389392855757
P17,15,B,beta,1799551287-β-1,P17-T15-Bβ,15,64,E4,9,9,R4,R,False,64,True,R4,True,0.3997315707611817,True,0.7800371646881104,valid,False,2.4570215233210202e-05,3.496767627072692e-06,1.0845158006640943e-07,8.725971483508723e-09,1.717218510590426e-09,0.0006613204650484752,0.06099508265681402,0.5288967582065912,0.3997315707611817,0.00968708203273408
P17,15,B,beta,1799551287-β-1,P17-T15-Bβ,16,60,C4,7,7,L1,L,False,60,True,L1,True,0.8501607219893933,False,0.945288896560669,valid,False,0.8501607219893933,0.1462657856423715,0.002573908128191117,0.00021554736903269564,2.1182612822429516e-05,0.000730782297955341,2.5562099755568047e-05,5.436745864911108e-06,9.735371392033728e-07,9.957747399153063e-08
P17,15,B,beta,1799551287-β-1,P17-T15-Bβ,17,60,C4,7,7,R5,R,False,60,True,R5,True,0.756111741007096,False,1.0315468311309814,valid,False,0.0008294821918797057,0.00026399877152060445,9.933813571556339e-06,1.577662702860575e-06,5.576023698795692e-07,0.0018277014432489585,0.0023686925153871405,0.0353002852865024,0.2032860297057208,0.756111741007096
P17,15,B,beta,1799551287-β-1,P17-T15-Bβ,18,67,G4,11,11,R4,R,False,67,True,R4,True,0.2342995400261287,True,0.7954647541046143,valid,False,1.4018521027420586e-06,3.1470350700552784e-07,1.567568742297582e-08,2.038289427742702e-09,3.367295704221555e-10,0.009532627786792851,0.5009971349112136,0.1996568977909058,0.2342995400261287,0.05551206487864275
P17,15,B,beta,1799551287-β-1,P17-T15-Bβ,19,62,D4,8,8,R5,R,False,62,True,R5,True,0.25298146607351624,True,0.7640872001647949,valid,False,8.018689546635183e-05,2.7190554487309457e-05,1.2227122028903574e-06,1.354803738484185e-07,3.579952032112619e-08,0.00037689203617668023,0.008946113612358026,0.19664250370447575,0.5409442531314225,0.25298146607351624
P17,15,B,beta,1799551287-β-1,P17-T15-Bβ,20,60,C4,7,7,R1,R,False,60,True,R1,True,0.7099368468828563,False,0.981971025466919,valid,False,0.0004631648177728118,0.0004500439362583726,2.2486863561764148e-05,1.8831224881137454e-06,3.870219749116906e-07,0.7099368468828563,0.2718297681630481,0.014660781715034108,0.0024234109179545027,0.00021122655905117627
P17,15,B,beta,1799551287-β-1,P17-T15-Bβ,21,57,A3,5,5,L3,L,False,57,True,L3,True,0.527311314625295,False,0.7694840431213379,valid,False,0.004112748270891058,0.3829066033532201,0.527311314625295,0.08374622574584599,0.0016616167995067532,0.00023164143431639474,2.699215809657395e-05,2.352659482493799e-06,4.563689859102147e-07,4.858435968507784e-08
P17,15,B,beta,1799551287-β-1,P17-T15-Bβ,22,60,C4,7,7,L2,L,False,60,True,L2,True,0.9066822590146201,False,0.6699657440185547,valid,False,0.009485763236770323,0.9066822590146201,0.059727471155364364,0.007169185629649445,0.0001480495991331365,0.010037655635070997,0.006358497249555056,0.00032949044231769846,5.668713827954513e-05,4.940899239388229e-06
P17,15,B,beta,1799551287-β-1,P17-T15-Bβ,23,64,E4,9,9,R1,R,False,64,True,R1,True,0.6807298318227671,False,0.6282649040222168,valid,False,0.00011850048896247363,6.481005468647591e-05,4.018548563940368e-06,3.2333083715853983e-07,3.370644857041455e-08,0.6807298318227671,0.3058716301766144,0.011058125584111048,0.0019801359514682966,0.0001725903355404573
P17,15,B,beta,1799551287-β-1,P17-T15-Bβ,24,60,C4,7,7,R3,R,False,60,True,R3,True,0.554742462130625,False,0.6417860984802246,valid,False,0.0009550202666424673,0.0006178583677753269,5.605084654731479e-05,5.967089292618139e-06,3.925257628391743e-07,0.010575118958006143,0.2925114975764663,0.554742462130625,0.1367978069309037,0.0037378253079783275
P17,15,B,beta,1799551287-β-1,P17-T15-Bβ,25,57,A3,5,5,L1,L,False,57,True,L1,True,0.8482557181781355,False,0.7514088153839111,valid,False,0.8482557181781355,0.14593803952108125,0.003831215611185587,0.0006591409681031699,0.00010895526920875414,0.0004856022574857627,0.0005358614260995847,0.00015616879222824802,2.6868038592319208e-05,2.429937879875014e-06
P17,15,B,beta,1799551287-β-1,P17-T15-Bβ,26,60,C4,7,7,L3,L,False,60,True,L3,True,0.5620468510664379,False,0.6661770343780518,valid,False,0.005010748029845508,0.27357757271178684,0.5620468510664379,0.14425538147901146,0.003227104228091101,0.004354163690297267,0.005850343205329611,0.0014500313999064806,0.0002042491332767592,2.3555056017061616e-05
P17,15,B,beta,1799551287-β-1,P17-T15-Bβ,27,64,E4,9,9,R5,R,False,64,True,R5,True,0.29596840149798387,True,0.9319920539855957,valid,False,2.418170572657738e-05,1.3523078564418095e-05,1.6786803451662337e-06,1.860030841251913e-07,2.1821474386999606e-08,0.003681344611163708,0.02706411663902973,0.1754195112058378,0.49782703475679013,0.29596840149798387
P17,15,B,beta,1799551287-β-1,P17-T15-Bβ,28,59,B3,6,6,L3,L,False,59,True,L3,True,0.5390491080323483,False,0.679987907409668,valid,False,0.0048057190444854665,0.3471672583252132,0.5390491080323483,0.1004647255444862,0.00426229043367501,0.0019486531435067272,0.0014331511042153958,0.0007632319292381921,9.16119713984011e-05,1.4250471433094477e-05
P17,15,B,beta,1799551287-β-1,P17-T15-Bβ,29,60,C4,7,7,L4,L,False,60,True,L4,True,0.5118232370819512,False,0.8966710567474365,valid,False,0.0013204588969094315,0.02153949911124542,0.4319343883419824,0.5118232370819512,0.022508194772074663,0.002756700395924629,0.005294084365886566,0.002504225049896844,0.0002774760447786437,4.1735939350021066e-05
P17,16,A,alpha,1799551287-α-4,P17-T16-Aα,0,60,C4,7,7,R1,R,False,60,True,R1,True,0.5629744184131957,False,0.444044828414917,valid,False,0.005324717918241733,0.002652180752926328,0.0001609332154572745,3.249185583050739e-05,5.809721309386371e-06,0.5629744184131957,0.34810136017355364,0.07033251355473406,0.009518470642672838,0.000897103752078458
P17,16,A,alpha,1799551287-α-4,P17-T16-Aα,1,62,D4,8,8,R2,R,False,62,True,R2,True,0.5595027831068105,False,0.31174492835998535,valid,False,0.0006173225226574607,0.00020070061626335835,1.3940576788692416e-05,2.9294180366483966e-06,4.902567246554083e-07,0.10268450408693572,0.5595027831068105,0.2950215787632221,0.03836127556789977,0.0035944750846610978
P17,16,A,alpha,1799551287-α-4,P17-T16-Aα,2,59,B3,6,6,L2,L,False,59,True,R1,False,0.03536184723395308,False,0.4313998222351074,valid,False,0.01819637489254463,0.03536184723395308,0.0013131419370355712,0.0002989205950666197,4.7233392151984896e-05,0.7903079588265928,0.12551467585265372,0.02534097601187864,0.003295054443225693,0.00032381681489737223
P17,16,A,alpha,1799551287-α-4,P17-T16-Aα,3,57,A3,5,5,L4,L,False,57,True,L2,False,0.0025000963475490428,False,0.3849489688873291,valid,False,0.019168215875365463,0.9310651656463222,0.010552146196188598,0.0025000963475490428,0.0003495123922727633,0.02625889948270798,0.008300612191969411,0.0015470180977785403,0.00023605965514784098,2.22741146981885e-05
P17,16,A,alpha,1799551287-α-4,P17-T16-Aα,4,55,G3,4,4,L5,L,False,55,True,L2,False,0.0022657058316069923,False,0.3071730136871338,valid,False,0.012249120814227939,0.9050693251990273,0.06205440766392919,0.014702411724161422,0.0022657058316069923,0.0024831729659595516,0.0009305416371736909,0.00022047114445595466,2.2550716114344e-05,2.292303343586145e-06
P17,16,A,alpha,1799551287-α-4,P17-T16-Aα,5,57,A3,5,5,L4,L,False,57,True,L2,False,0.006161363127879838,False,0.34259510040283203,valid,False,0.018143240009356874,0.9144273661867796,0.027066533541191817,0.006161363127879838,0.0004397264469727182,0.02205295325914669,0.009191673685307416,0.002266638824338765,0.00022275072453782494,2.775419448855855e-05
P17,16,A,alpha,1799551287-α-4,P17-T16-Aα,6,59,B3,6,6,L5,L,False,59,True,R1,False,6.5247071446616e-05,False,0.41025304794311523,valid,False,0.013383604751604826,0.09852102412246648,0.005119188005177373,0.0011196272682754867,6.5247071446616e-05,0.7299644495685769,0.12066231195496813,0.02858825112889358,0.002300199443487655,0.0002760966851029697
P17,16,A,alpha,1799551287-α-4,P17-T16-Aα,7,62,D4,8,8,R2,R,False,62,True,R2,True,0.5067048077488531,False,0.34009218215942383,valid,False,0.0006019807507150618,0.00046157999870881974,3.297282969548434e-05,7.505858731353202e-06,4.6080854826635653e-07,0.21979693119761667,0.5067048077488531,0.246639708277518,0.022374649534834198,0.0033794029947789204
P17,16,A,alpha,1799551287-α-4,P17-T16-Aα,8,64,E4,9,9,R3,R,False,64,True,R3,True,0.5217583774609926,False,0.33140993118286133,valid,False,0.00014511911965090746,6.186532724260864e-05,4.9776599013714205e-06,1.1793458039138025e-06,7.938485426329377e-08,0.03118165489728622,0.24954544570292161,0.5217583774609926,0.17718681045351634,0.020114490647830146
P17,16,A,alpha,1799551287-α-4,P17-T16-Aα,9,65,F4,10,10,R2,R,False,65,True,R4,False,0.048330604845769336,False,0.34483885765075684,valid,False,3.0777535866261785e-05,1.0045354278236974e-05,9.87192983588462e-07,2.247223287727966e-07,1.3990650356463773e-08,0.008425463498212214,0.048330604845769336,0.23029359336163885,0.577873500686258,0.13503478881201444
P17,16,A,alpha,1799551287-α-4,P17-T16-Aα,10,64,E4,9,9,R3,R,False,64,True,R3,True,0.5084432396341616,False,0.33396100997924805,valid,False,0.00013829077925473136,6.028654021297648e-05,5.924574470410726e-06,1.2957748618124466e-06,8.035201356065306e-08,0.010497607835648801,0.15222634294869863,0.5084432396341616,0.30227995343904257,0.02634697812163501
P17,16,A,alpha,1799551287-α-4,P17-T16-Aα,11,59,B3,6,6,L5,L,False,59,True,L2,False,5.390411261192014e-05,False,0.4826648235321045,valid,False,0.010060724225711956,0.7564520541556082,0.004173016487966229,0.0008094819148162785,5.390411261192014e-05,0.16800961827120398,0.05186473879939115,0.0073055852087646955,0.0011147600196213317,0.00015611680430417739
P17,16,A,alpha,1799551287-α-4,P17-T16-Aα,12,57,A3,5,5,L4,L,False,57,True,L2,False,0.0027579073955183177,False,0.3237030506134033,valid,False,0.008416859807859098,0.9481115860463222,0.015401612352109479,0.0027579073955183177,0.0002678093776277175,0.01805936169436204,0.005897167802169132,0.0009365730116611082,0.00013192419549985104,1.9198316871053273e-05
P17,16,A,alpha,1799551287-α-4,P17-T16-Aα,13,59,B3,6,6,L5,L,False,59,True,L2,False,3.2775054028116234e-05,False,0.475877046585083,valid,False,0.006724788923317761,0.7850917093280034,0.004331008990713121,0.0007159109710425746,3.2775054028116234e-05,0.16531507038856744,0.03074724934720637,0.0062077625811144095,0.0007159109710425746,0.00011781344496427595
P17,16,A,alpha,1799551287-α-4,P17-T16-Aα,14,64,E4,9,9,R3,R,False,64,True,R3,True,0.5116420697328034,False,0.6390318870544434,valid,False,0.00012651920604224418,3.32941124148689e-05,2.7881563668503022e-06,7.156103793838013e-07,5.665294935855172e-08,0.013405268658966178,0.16274745003075322,0.5116420697328034,0.2807951213845938,0.031246716454730622
P17,16,A,alpha,1799551287-α-4,P17-T16-Aα,15,62,D4,8,8,R5,R,False,62,True,R2,False,0.0036418867229505592,False,0.31938624382019043,valid,False,0.0006246372434428366,0.00031587031925168867,2.9824546044831714e-05,6.789190718742073e-06,4.701948094519504e-07,0.10232092325004717,0.6569293433021236,0.20593827094150066,0.030191984289110366,0.0036418867229505592
P17,16,A,alpha,1799551287-α-4,P17-T16-Aα,16,64,E4,9,9,R3,R,False,64,True,R3,True,0.544897858721324,False,0.29982686042785645,valid,False,0.00013272210252946706,3.841137504626142e-05,3.4846013272288474e-06,7.932265910695417e-07,5.724878508093478e-08,0.01923225452165504,0.23501433687064624,0.544897858721324,0.17778916143412757,0.02289091989796811
P17,16,A,alpha,1799551287-α-4,P17-T16-Aα,17,59,B3,6,6,L5,L,False,59,True,L2,False,4.32759918246415e-05,False,0.4589502811431885,valid,False,0.005099435436725839,0.6883911166064138,0.007022574122353811,0.0009131362601778593,4.32759918246415e-05,0.21869259602461585,0.06596536522189207,0.011812163845858996,0.0018759774587525531,0.00018435903138457158
P17,16,A,alpha,1799551287-α-4,P17-T16-Aα,18,62,D4,8,8,R4,R,False,62,True,R2,False,0.023530272872299744,False,0.2644989490509033,valid,False,0.000454789222307433,0.00017114556122193203,2.0615497080606357e-05,4.162197077303401e-06,3.5395955061417775e-07,0.19111247219428154,0.6008154401605557,0.18096213300384142,0.023530272872299744,0.002928615331783847
P17,16,A,alpha,1799551287-α-4,P17-T16-Aα,19,64,E4,9,9,R5,R,False,64,True,R3,False,0.024479273949247093,False,0.3196380138397217,valid,False,9.623381364786509e-05,2.5502993226679854e-05,2.825812197209338e-06,6.180387178242375e-07,4.3154553806121036e-08,0.0325182912105033,0.2734286055454651,0.4786839405227558,0.19076466495968525,0.024479273949247093
P17,16,A,alpha,1799551287-α-4,P17-T16-Aα,20,59,B3,6,6,L5,L,False,59,True,R1,False,5.0051940836746136e-05,False,0.4847428798675537,valid,False,0.003925011514578485,0.10265319371026674,0.0037711096117582724,0.0008584466746626311,5.0051940836746136e-05,0.7405323243989409,0.12240916991529219,0.02281388370079673,0.002738387613277612,0.00024842091958962413
P17,16,A,alpha,1799551287-α-4,P17-T16-Aα,21,64,E4,9,9,R5,R,False,64,True,R3,False,0.017466855378884073,False,0.3220479488372803,valid,False,0.00010349528573269602,2.9717638028510908e-05,3.42831866230841e-06,7.204134145217515e-07,5.2115523381973635e-08,0.023156816875696897,0.2507144585203582,0.4948796868215493,0.2136447686321501,0.017466855378884073
P17,16,A,alpha,1799551287-α-4,P17-T16-Aα,22,65,F4,10,10,R3,R,False,65,True,R4,False,0.24652783577678947,False,0.3827250003814697,valid,False,2.480645869467933e-05,5.028700984517261e-06,5.572341168456728e-07,1.1709498805297773e-07,9.182933929552295e-09,0.004755921174803679,0.049517145355961606,0.24652783577678947,0.5943538868979319,0.1048146921227954
P17,16,A,alpha,1799551287-α-4,P17-T16-Aα,23,57,A3,5,5,L4,L,False,57,True,L2,False,0.0037840548697720827,False,0.46419310569763184,valid,False,0.006330279693847966,0.9341077129915571,0.014165311892232899,0.0037840548697720827,0.00025333608370679725,0.028898260944360286,0.010450561252978257,0.0017696754205557576,0.00022108592581264637,1.9720925176132554e-05
P17,16,A,alpha,1799551287-α-4,P17-T16-Aα,24,59,B3,6,6,L3,L,False,59,True,L2,False,0.007844132726710472,False,0.3735198974609375,valid,False,0.00413615175998257,0.8453627532172848,0.007844132726710472,0.0013495427467768361,5.877607512846003e-05,0.07472633671838495,0.05669339656403214,0.008497447539971364,0.0011969370423397846,0.00013452560938865093
P17,16,A,alpha,1799551287-α-4,P17-T16-Aα,25,57,A3,5,5,L2,L,False,57,True,L2,True,0.9308009363397605,False,0.3479769229888916,valid,False,0.006943068492612759,0.9308009363397605,0.01922180741532676,0.004740039350089835,0.00033306388642033723,0.02659423947361918,0.00961186316463426,0.0015465790656524368,0.0001856384038719893,2.2764408012016365e-05
P17,16,A,alpha,1799551287-α-4,P17-T16-Aα,26,59,B3,6,6,L3,L,False,59,True,L2,False,0.005318514017091473,False,0.3868746757507324,valid,False,0.004019646422822109,0.8455518986626104,0.005318514017091473,0.0008115526163374564,3.656616304888853e-05,0.07550252155152039,0.05785733243945279,0.009690964380682817,0.0010737894609565348,0.00013721428547734581
P17,16,A,alpha,1799551287-α-4,P17-T16-Aα,27,57,A3,5,5,L4,L,False,57,True,L2,False,0.003651837890496643,False,0.30942821502685547,valid,False,0.005602173366878404,0.9488308785004589,0.01313434522829934,0.003651837890496643,0.00021618705302519576,0.018996958252998165,0.008080662699634212,0.0012907592001505134,0.00017468526194263338,2.151254611602915e-05
P17,16,A,alpha,1799551287-α-4,P17-T16-Aα,28,55,G3,4,4,L5,L,False,55,True,L3,False,0.000668909860843354,False,0.40157198905944824,valid,False,0.0006731959818308187,0.3582798539182951,0.5809334665093858,0.057090414751448625,0.000668909860843354,0.0016961076986579911,0.0005503490296150807,9.485899385878587e-05,1.1386079511828349e-05,1.4571765527530204e-06
P17,16,A,alpha,1799551287-α-4,P17-T16-Aα,29,53,F3,3,3,L4,L,False,53,True,L3,False,0.1057860905533412,False,0.3521418571472168,valid,False,0.0005846066660929008,0.36555583890072957,0.5239619365606968,0.1057860905533412,0.0037555743889638783,0.0002682286254231025,7.23763811600102e-05,1.3587827028783394e-05,1.567017796738702e-06,1.9307876698295289e-07
P17,17,A,beta,1799551287-β-3,P17-T17-Aβ,0,62,D4,8,8,R3,R,False,62,True,R2,False,0.21264249920130393,False,0.4667549133300781,valid,False,0.0010038895751181773,9.068279311783986e-05,1.0047939886574779e-05,2.477791469897109e-06,5.164438765326657e-07,0.09493785839983922,0.6517182574758452,0.21264249920130393,0.03658404981808147,0.003009720561461191
P17,17,A,beta,1799551287-β-3,P17-T17-Aβ,1,64,E4,9,9,R3,R,False,64,True,R3,True,0.5122110084692497,False,0.254619836807251,valid,False,0.00015042993333927928,1.003914493738404e-05,1.0687523552804525e-06,2.743068098772239e-07,5.2693859731469046e-08,0.02457261920051082,0.23754611132183814,0.5122110084692497,0.20412583992809732,0.021382556249002524
P17,17,A,beta,1799551287-β-3,P17-T17-Aβ,2,60,C4,7,7,L4,L,False,60,True,R2,False,2.5002523240807658e-05,False,0.4087247848510742,valid,False,0.004950676082334511,0.0010317139727183886,9.741466357881409e-05,2.5002523240807658e-05,4.601108114665043e-06,0.3842223688100599,0.5291232917672634,0.06880121952424648,0.010498385363407355,0.0012453261850356664
P17,17,A,beta,1799551287-β-3,P17-T17-Aβ,3,57,A3,5,5,L4,L,False,57,True,L2,False,0.0013540234198667013,False,0.4245309829711914,valid,False,0.006952586705330826,0.9563084152710676,0.006443555416875868,0.0013540234198667013,0.0001823880502144654,0.020311336190306575,0.007099989549098681,0.001153822647354198,0.0001760619197844648,1.7820830100425113e-05
P17,17,A,beta,1799551287-β-3,P17-T17-Aβ,4,60,C4,7,7,R3,R,False,60,True,R2,False,0.07204860276079793,False,0.49046897888183594,valid,False,0.0037439296381296793,0.0033070154846148126,0.00030039437918309096,7.407634189167398e-05,5.845375544292842e-06,0.4358686470063567,0.47217086850696777,0.07204860276079793,0.011442573645069903,0.0010380468614441141
P17,17,A,beta,1799551287-β-3,P17-T17-Aβ,5,65,F4,10,10,R2,R,False,65,True,R4,False,0.032499380457529925,False,0.5056750774383545,valid,False,4.333417550673286e-05,6.186869834423553e-06,7.439239469302454e-07,1.7625623337614053e-07,1.1508343024847595e-08,0.001800461080413707,0.032499380457529925,0.23899156293372284,0.5535921641089755,0.17306597868549348
P17,17,A,beta,1799551287-β-3,P17-T17-Aβ,6,64,E4,9,9,R4,R,False,64,True,R3,False,0.2643899436518607,False,0.2911710739135742,valid,False,0.0002043704505827829,4.0503948587112026e-05,4.868295657683814e-06,1.1534343787769327e-06,7.217831280110802e-08,0.004257910746988283,0.16301490322250092,0.5527957748466457,0.2643899436518607,0.015290499224485514
P17,17,A,beta,1799551287-β-3,P17-T17-Aβ,7,59,B3,6,6,L5,L,False,59,True,L2,False,4.680514242474493e-05,False,0.4169018268585205,valid,False,0.004153074450654929,0.9048090454631957,0.007876226285996994,0.0009083267497557726,4.680514242474493e-05,0.04488733368281273,0.02942641938998918,0.006829439107723516,0.0009812034956378263,8.212623180878833e-05
P17,17,A,beta,1799551287-β-3,P17-T17-Aβ,8,52,E3,2,2,L3,L,False,52,True,L3,True,0.5136839976308555,False,0.7321908473968506,valid,False,0.0002853028936470374,0.06828489359575901,0.5136839976308555,0.3927919681125091,0.024904763632322385,3.6198904017036165e-05,1.1283263165480026e-05,1.362557658431338e-06,1.9976043903006174e-07,2.9649626861192202e-08
P17,17,A,beta,1799551287-β-3,P17-T17-Aβ,9,57,A3,5,5,L2,L,False,57,True,L2,True,0.9574042915173798,False,0.38372302055358887,valid,False,0.005555749128122696,0.9574042915173798,0.011293482161285315,0.001528406607025181,0.00019141779634346083,0.015301641112503594,0.007669554136228701,0.0009086691335298764,0.0001279936992887126,1.879470829265354e-05
P17,17,A,beta,1799551287-β-3,P17-T17-Aβ,10,60,C4,7,7,R5,R,False,60,True,R2,False,0.0011997830382390411,False,0.4200456142425537,valid,False,0.0017370439297560737,0.012331569728263462,0.0010890397523362475,0.00017238830141880825,1.3293941525148666e-05,0.03012322132178085,0.738998836710797,0.18967201559796712,0.024662807677916357,0.0011997830382390411
P17,17,A,beta,1799551287-β-3,P17-T17-Aβ,11,64,E4,9,9,R4,R,False,64,True,R3,False,0.13953201525266043,False,0.3122880458831787,valid,False,0.0001368919994674266,7.082185360857745e-05,5.618413641878609e-06,1.0060676882245875e-06,6.649465452637522e-08,0.015709805092706013,0.28883007601303534,0.5436437032134033,0.13953201525266043,0.01206999559913428
P17,17,A,beta,1799551287-β-3,P17-T17-Aβ,12,60,C4,7,7,L3,L,False,60,True,R1,False,0.0006273660043022638,False,0.4506070613861084,valid,False,0.0024957903494000344,0.005824104811234559,0.0006273660043022638,9.96366540302688e-05,5.393609776219555e-06,0.5199719304738752,0.40902440748331115,0.05317054471943296,0.008110128546629028,0.0006706973480082604
P17,17,A,beta,1799551287-β-3,P17-T17-Aβ,13,59,B3,6,6,L4,L,False,59,True,R2,False,0.0005552957447434323,False,0.3710460662841797,valid,False,0.004911109862502011,0.04289755243756636,0.002439384043503227,0.0005552957447434323,4.9325093101913595e-05,0.0200815125994374,0.7437802038466632,0.16267357186100664,0.022015473922920803,0.0005965705885549878
P17,17,A,beta,1799551287-β-3,P17-T17-Aβ,14,62,D4,8,8,R4,R,False,62,True,R2,False,0.055425179393397375,False,0.3047959804534912,valid,False,0.0008600520748949593,0.0005133876648108837,4.665542775742596e-05,9.050221849485151e-06,6.33962336260581e-07,0.04051275061823106,0.6109615283821215,0.28572619501898,0.055425179393397375,0.0059445672356211905
P17,17,A,beta,1799551287-β-3,P17-T17-Aβ,15,57,A3,5,5,L1,L,False,57,True,L2,False,0.007860163611750674,False,0.38556814193725586,valid,False,0.007860163611750674,0.9501064388640877,0.012140828384125262,0.0019281751147726196,0.0002260767635692988,0.018295908740026835,0.007375274970547686,0.0017799299671425327,0.0002609501252875409,2.6253458689480042e-05
P17,17,A,beta,1799551287-β-3,P17-T17-Aβ,16,60,C4,7,7,L2,L,False,60,True,R1,False,0.0066937278404656676,False,0.33429718017578125,valid,False,0.004659947211403016,0.0066937278404656676,0.0004595645611920633,0.0001133272255251194,4.92306980330086e-06,0.5914186581741597,0.32457744140909434,0.0629615458112056,0.00818680863674402,0.0009240560604070664
P17,17,A,beta,1799551287-β-3,P17-T17-Aβ,17,64,E4,9,9,R2,R,False,64,True,R3,False,0.24540092696551713,False,0.2880997657775879,valid,False,0.00018503679955944916,4.7023552283845826e-05,3.22408306411907e-06,8.274956641996005e-07,4.080667525934299e-08,0.03008618091490335,0.24540092696551713,0.5461498068517493,0.16449716066071404,0.013629771869869243
P17,17,A,beta,1799551287-β-3,P17-T17-Aβ,18,60,C4,7,7,R1,R,False,60,True,R1,True,0.6378085398284423,False,0.3824479579925537,valid,False,0.0033189212177420556,0.0036621050926405325,0.0002946515356293174,7.266017410692175e-05,3.0389613565192075e-06,0.6378085398284423,0.298281640937975,0.04930562362395773,0.006672790538306145,0.0005800280898435249
P17,17,A,beta,1799551287-β-3,P17-T17-Aβ,19,57,A3,5,5,L5,L,False,57,True,L2,False,0.00015016725631564543,False,0.3408980369567871,valid,False,0.007826944835502482,0.9565023988416766,0.011743305068679597,0.0023709324031153996,0.00015016725631564543,0.013748950162583446,0.006347355679619943,0.0011088054856469968,0.00018328431403144478,1.7855952828615536e-05
P17,17,A,beta,1799551287-β-3,P17-T17-Aβ,20,62,D4,8,8,R3,R,False,62,True,R2,False,0.2092301887393627,False,0.3223428726196289,valid,False,0.0008314500026081059,0.0004549600335576445,5.0967608648054376e-05,1.2075641282371054e-05,6.3169157182332e-07,0.08464698642692851,0.6674303414277629,0.2092301887393627,0.03458551758100937,0.0027568808472686022
P17,17,A,beta,1799551287-β-3,P17-T17-Aβ,21,65,F4,10,10,R2,R,False,65,True,R4,False,0.05085173719152019,False,0.3268311023712158,valid,False,3.744638310743144e-05,7.78840368170672e-06,9.736326122316402e-07,1.965730342156084e-07,9.947565175632923e-09,0.0041593586043909255,0.05085173719152019,0.28873909061095654,0.5699356613814367,0.0862677372716947
P17,17,A,beta,1799551287-β-3,P17-T17-Aβ,22,62,D4,8,8,R3,R,False,62,True,R2,False,0.213023426623439,False,0.31186723709106445,valid,False,0.0008195885143398764,0.0005053143012724354,4.790200793222197e-05,1.2294566573519472e-05,5.496937949733212e-07,0.042028759991111796,0.707262683671807,0.213023426623439,0.032505267197164345,0.0037942134325649043
P17,17,A,beta,1799551287-β-3,P17-T17-Aβ,23,64,E4,9,9,R4,R,False,64,True,R3,False,0.23182351406567295,False,0.2678182125091553,valid,False,0.00016509270307287795,5.196733189285591e-05,5.7761169324515775e-06,1.4243728989142637e-06,6.94979858049153e-08,0.010201589193603991,0.20290428433189223,0.5369883324230716,0.23182351406567295,0.017857949962976235
P17,17,A,beta,1799551287-β-3,P17-T17-Aβ,24,59,B3,6,6,L3,L,False,59,True,R2,False,0.003764583605314611,False,0.4895920753479004,valid,False,0.0026264608589431334,0.3002432230851988,0.003764583605314611,0.000647677273726841,5.5634665498232215e-05,0.01639793114314214,0.6052473751087695,0.06190724762966182,0.008720157144682267,0.00038970948506289606
P17,17,A,beta,1799551287-β-3,P17-T17-Aβ,25,60,C4,7,7,L5,L,False,60,True,R2,False,9.050862594042064e-06,False,0.2878861427307129,valid,False,0.0029142346490324046,0.006248144835804157,0.0006532622643471455,0.00013189137650899282,9.050862594042064e-06,0.03863750356000991,0.776055004374374,0.15053918256859938,0.022970789788697425,0.0018409357200322694
P17,17,A,beta,1799551287-β-3,P17-T17-Aβ,26,60,C4,7,7,R5,R,False,60,True,R2,False,0.0035283301084060603,False,0.31010985374450684,valid,False,0.0031465061384370508,0.0051996455017447535,0.00047506071487673867,0.00011255507041367223,9.54822299237053e-06,0.03297294371257781,0.6622792784051702,0.2535820242300703,0.03869410789531112,0.0035283301084060603
P17,17,A,beta,1799551287-β-3,P17-T17-Aβ,27,64,E4,9,9,R3,R,False,64,True,R4,False,0.26187477973863466,False,0.29121875762939453,valid,False,0.0001267756197265049,5.758102965460366e-05,4.552250511376354e-06,1.0785545106199427e-06,7.231731939484885e-08,0.0018269676495946561,0.03872033743195894,0.26187477973863466,0.5380042445251041,0.15938361088298536
P17,17,A,beta,1799551287-β-3,P17-T17-Aβ,28,59,B3,6,6,L3,L,False,59,True,R2,False,0.006237513535430926,False,0.4530940055847168,valid,False,0.001734261424931473,0.2786603127300406,0.006237513535430926,0.0013107265883970463,7.934458287734177e-05,0.011829325154350574,0.6205347653796445,0.06875721187769444,0.010491670231965868,0.0003648684946671765
P17,17,A,beta,1799551287-β-3,P17-T17-Aβ,29,55,G3,4,4,L4,L,False,55,True,L2,False,0.012129093859237933,False,0.3640592098236084,valid,False,0.002101636732185033,0.9119699297013011,0.06507933198073299,0.012129093859237933,0.0011821076180679275,0.0037478167518447555,0.0031390586577619657,0.0005569020589086354,8.479693236288252e-05,9.325707596830308e-06
P17,18,C,gamma,1799551287-γ-4,P17-T18-Cγ,0,53,F3,3,3,L2,L,False,53,True,L2,True,0.9830049465043302,False,0.5920929908752441,valid,False,0.0033257723793339807,0.9830049465043302,0.012561218267843495,0.0008963844827681808,0.0002092721154013433,2.2348437310099307e-06,1.7006892128766585e-07,1.2506379923732205e-09,7.074874596166116e-11,1.628403418326816e-11
P17,18,C,gamma,1799551287-γ-4,P17-T18-Cγ,1,48,C3,0,0,L2,L,False,48,True,L2,True,0.9221353554881688,False,0.5792078971862793,valid,False,0.0014534058635262965,0.9221353554881688,0.06849029245005309,0.006213299151262118,0.0017076366559673603,1.0252595190993458e-08,1.371085791187804e-10,1.1496065307143804e-12,9.61447349450082e-14,7.305325106619721e-14
P17,18,C,gamma,1799551287-γ-4,P17-T18-Cγ,2,60,C4,7,7,R4,R,False,60,True,R4,True,0.5609426202107404,False,0.9874770641326904,valid,False,5.427013045332062e-06,1.422140036970094e-06,2.8382801907466504e-08,1.075480959790054e-08,5.907503821839196e-09,0.0001795559363888035,0.00822225199110427,0.391356386405287,0.5609426202107404,0.0392922912582819
P17,18,C,gamma,1799551287-γ-4,P17-T18-Cγ,3,57,A3,5,5,L5,L,False,57,True,L5,True,0.32889767167324274,True,0.6591088771820068,valid,False,0.00015393140597484082,0.009035318194944146,0.171082268876458,0.49065766959885315,0.32889767167324274,0.00013424743125521347,2.6579588433064394e-05,1.0842041210777445e-05,1.4044842691623998e-06,6.670535886332413e-08
P17,18,C,gamma,1799551287-γ-4,P17-T18-Cγ,4,48,C3,0,0,L2,L,False,48,True,L2,True,0.9469920726609747,False,0.5993061065673828,valid,False,0.010473967271964028,0.9469920726609747,0.03423644507532793,0.006130588337822383,0.002166885151165217,3.6367414560277974e-08,4.470451361499129e-09,5.648479382574177e-10,9.336873620820643e-11,6.662911552692919e-12
P17,18,C,gamma,1799551287-γ-4,P17-T18-Cγ,5,57,A3,5,5,L5,L,False,57,True,L5,True,0.5300554901554279,False,0.8186130523681641,valid,False,9.851206541056461e-05,0.0062171746553394336,0.0809840207761808,0.38235061256126146,0.5300554901554279,0.00016091099655220477,0.00012036939786727245,1.1254150325669636e-05,1.585241843681888e-06,6.99997910774056e-08
P17,18,C,gamma,1799551287-γ-4,P17-T18-Cγ,6,57,A3,5,5,R4,R,False,57,True,R4,True,0.7237026178280764,False,0.9819860458374023,valid,False,8.609225197290893e-06,1.2363158125022995e-06,3.9642077493744776e-08,2.2643913974224073e-08,2.2643913974224073e-08,0.0019432863974538938,0.010911038973045326,0.15084219484899958,0.7237026178280764,0.11259093148150956
P17,18,C,gamma,1799551287-γ-4,P17-T18-Cγ,7,52,E3,2,2,L2,L,False,52,True,L2,True,0.9340558303563241,False,0.4683260917663574,valid,False,0.036581264556672335,0.9340558303563241,0.023559666703774823,0.003063433090217215,0.0007862631170803829,6.702385280492134e-05,0.000950353786213169,0.0007799840200035654,0.00015221186147615294,3.9686554333829786e-06
P17,18,C,gamma,1799551287-γ-4,P17-T18-Cγ,8,57,A3,5,5,L4,L,False,57,True,L4,True,0.499509361941297,False,0.6083571910858154,valid,False,0.0006390641278145774,0.019757637405695132,0.4441297060306972,0.499509361941297,0.030916243061728174,0.0008166473596329565,0.0033786296764463856,0.0007379469432879062,0.00011243824786498187,2.3252055356187996e-06
P17,18,C,gamma,1799551287-γ-4,P17-T18-Cγ,9,67,G4,11,11,R5,R,False,67,True,R5,True,0.9488396047347699,False,1.0866122245788574,valid,False,1.9830502204570713e-08,5.65664349907354e-09,1.1627063257624499e-09,1.8465802597582717e-10,4.038690530204427e-11,4.341643794835639e-05,0.0014101717857772987,0.007808709937059305,0.041898070229548036,0.9488396047347699
P17,18,C,gamma,1799551287-γ-4,P17-T18-Cγ,10,55,G3,4,4,L1,L,False,55,True,L1,True,0.8395197385714662,False,0.6215510368347168,valid,False,0.8395197385714662,0.15646463164113017,0.0025416919683487063,0.0004201388565697771,0.00019648483790001646,0.00025345530996621825,0.0004286816065747839,0.00014666330580331765,2.6583243918030802e-05,1.9306583226763107e-06
P17,18,C,gamma,1799551287-γ-4,P17-T18-Cγ,11,62,D4,8,8,R4,R,False,62,True,R4,True,0.7534515498337775,False,0.9285802841186523,valid,False,2.0306990020093863e-06,1.6796428924949664e-06,1.4843917432214023e-07,2.3574727599278785e-08,9.778394155729e-09,0.0005764600708256692,0.01580563608553464,0.150236867637623,0.7534515498337775,0.07992559423804878
P17,18,C,gamma,1799551287-γ-4,P17-T18-Cγ,12,67,G4,11,11,R5,R,False,67,True,R5,True,0.908770205024156,False,0.6298229694366455,valid,False,2.7845144067894484e-08,1.7442558614996557e-08,2.11193126520222e-09,3.096238270194038e-10,1.094379913060038e-10,0.00012949391397460355,0.0012482595287075713,0.011475460921829684,0.07837653279263627,0.908770205024156
P17,18,C,gamma,1799551287-γ-4,P17-T18-Cγ,13,57,A3,5,5,L3,L,False,57,True,L3,True,0.7086010468983316,False,0.5704848766326904,valid,False,0.0019027356565210624,0.14306408401614062,0.7086010468983316,0.13739055224073815,0.005494002571652568,0.00028221597358781003,0.001713391775189736,0.0012266495815827332,0.00030789034897523245,1.7430937280303098e-05
P17,18,C,gamma,1799551287-γ-4,P17-T18-Cγ,14,64,E4,9,9,R1,R,False,64,True,R1,True,0.7836759851096693,False,0.765282154083252,valid,False,4.310247725042447e-06,6.472286646046183e-06,1.2346566066572376e-06,1.4252340168695678e-07,1.5155751822657133e-08,0.7836759851096693,0.19325211864199204,0.020573331518748395,0.0022795901103126737,0.00020679974914635177
P17,18,C,gamma,1799551287-γ-4,P17-T18-Cγ,15,57,A3,5,5,R2,R,False,57,True,R2,True,0.6538113742648011,False,0.5351638793945312,valid,False,0.0021188646668819375,0.0075256040479976015,0.0009257221820837374,9.46867590334114e-05,1.8367341521688624e-05,0.01404774328618433,0.6538113742648011,0.2822572506077432,0.0381993649565865,0.0010010218871665348
P17,18,C,gamma,1799551287-γ-4,P17-T18-Cγ,16,59,B3,6,6,L5,L,False,59,True,L5,True,0.6600890519585637,False,0.6509490013122559,valid,False,0.0010113973118469938,0.009731867854210631,0.06841341427433446,0.2598785757004815,0.6600890519585637,0.00010742944424449951,0.0005241653435064805,0.00021465875026101852,2.5723754330560327e-05,3.7156082201475224e-06
P17,18,C,gamma,1799551287-γ-4,P17-T18-Cγ,17,52,E3,2,2,L2,L,False,52,True,L2,True,0.795959775509438,False,0.5886461734771729,valid,False,0.008802164552815612,0.795959775509438,0.17408586443973043,0.01853292076182306,0.0026105179535652464,2.9183405895613044e-06,3.7677776224544714e-06,1.7235807285197933e-06,3.1743326707052205e-07,2.9650420132082783e-08
P17,18,C,gamma,1799551287-γ-4,P17-T18-Cγ,18,53,F3,3,3,L4,L,False,53,True,L4,True,0.49137624566113164,False,0.5232570171356201,valid,False,0.0009492157846853613,0.047956877453683745,0.4257560090131365,0.49137624566113164,0.03394120503458855,6.6116603428454415e-06,9.630583483352288e-06,3.340727063578061e-06,7.774888085919212e-07,8.65930758101607e-08
P17,18,C,gamma,1799551287-γ-4,P17-T18-Cγ,19,62,D4,8,7,R5,R,False,60,False,R5,True,0.5404742511186684,False,0.6340041160583496,valid,False,0.00014645985343029024,0.00045343934683245607,0.00031600306481523443,5.608521315864501e-05,4.443552030602933e-06,0.001959965744983609,0.012425684555839733,0.06619847173180421,0.37796519581843674,0.5404742511186684
P17,18,C,gamma,1799551287-γ-4,P17-T18-Cγ,20,62,D4,8,8,L4,L,False,62,True,R5,False,6.684304294428321e-06,False,0.5255172252655029,valid,False,2.9882373711310415e-05,7.183138220684355e-05,4.2102997190289264e-05,6.684304294428321e-06,8.696565521162943e-07,0.00015596081318615198,0.0023419632858086223,0.01679646038187115,0.10589950195098846,0.8746547428541906
P17,18,C,gamma,1799551287-γ-4,P17-T18-Cγ,21,65,F4,10,10,R1,R,False,65,True,R1,True,0.5647136816310573,False,0.8487019538879395,valid,False,0.00016989523483995972,0.00205929340590924,0.00170224771654661,0.0003000335125757351,2.519161144892641e-05,0.5647136816310573,0.3785389010678857,0.04543664075011553,0.005908067823383679,0.0011460472462374231
P17,18,C,gamma,1799551287-γ-4,P17-T18-Cγ,22,67,G4,11,11,R4,R,False,67,True,R4,True,0.22531095150240346,True,0.6002011299133301,valid,False,1.737374690990249e-08,1.2355032542082914e-08,6.003276059425923e-09,9.930165114341586e-10,2.0866858835026288e-10,0.0078744705085651,0.2940271330585794,0.4272979114223134,0.22531095150240346,0.04548949657439793
P17,18,C,gamma,1799551287-γ-4,P17-T18-Cγ,23,71,B4,13,13,R5,R,False,71,True,R5,True,0.19379868480117426,True,0.5505971908569336,valid,False,3.111389385969875e-10,1.5787923926642904e-10,6.587956924166428e-11,1.0075288574052385e-11,2.116598037792353e-12,0.00040740349457169943,0.04072409422799411,0.3825349084645852,0.3825349084645852,0.19379868480117426
P17,18,C,gamma,1799551287-γ-4,P17-T18-Cγ,24,65,F4,10,10,R2,R,False,65,True,R2,True,0.8176840772042039,False,0.6333649158477783,valid,False,5.962875192323936e-08,1.4908821530089197e-08,5.862959163796934e-09,1.210043633070787e-09,3.834835098685449e-10,0.014456423968813534,0.8176840772042039,0.1464195379135208,0.019815729634900286,0.001624149284501927
P17,18,C,gamma,1799551287-γ-4,P17-T18-Cγ,25,52,E3,2,2,L2,L,False,52,True,L2,True,0.9523727017387467,False,0.4757728576660156,valid,False,0.010725126448670087,0.9523727017387467,0.029340137278837213,0.005468238042199005,0.0020937494451764736,4.4462944566889924e-08,1.7514779315249127e-09,6.042139124496849e-10,1.884976950783645e-10,3.923630201585175e-11
P17,18,C,gamma,1799551287-γ-4,P17-T18-Cγ,26,71,B4,13,13,R2,R,False,71,True,R2,True,0.898175361108406,False,0.6587767601013184,valid,False,6.228377343498092e-11,5.662852803488459e-12,6.703341792272126e-13,2.5915487538516713e-13,8.634335773666001e-14,0.010564331576080836,0.898175361108406,0.07521610188665331,0.014590422624929043,0.001453782734968372
P17,18,C,gamma,1799551287-γ-4,P17-T18-Cγ,27,62,D4,8,8,L4,L,False,62,True,L4,True,0.6890444652830574,False,0.796302080154419,valid,False,0.0008781565745337806,0.017910994912074662,0.2427789075552086,0.6890444652830574,0.04917108782340015,0.0001580486776148406,4.5520882581159324e-05,1.0189289036199758e-05,2.230187160437774e-06,3.988153327567381e-07
P17,18,C,gamma,1799551287-γ-4,P17-T18-Cγ,28,60,C4,7,7,L2,L,False,60,True,L2,True,0.9425528602346799,False,0.4753086566925049,valid,False,0.003493162227698661,0.9425528602346799,0.04703102114749768,0.004810530689093465,0.00029252867246430686,0.0010086224903681701,0.0006631586736175932,0.00012628770630757953,1.8514656976164093e-05,3.3135012966280857e-06
P17,18,C,gamma,1799551287-γ-4,P17-T18-Cγ,29,65,F4,10,10,R4,R,False,65,True,R4,True,0.6138497106175905,False,0.6257531642913818,valid,False,1.5530800998244308e-06,3.1788713218297015e-07,3.642519425823815e-08,5.130795344957736e-09,8.481147662140078e-10,0.002254659431483334,0.04720130432447535,0.20111122236156992,0.6138497106175905,0.13558118989354437
P17,19,B,alpha,1799551287-α-7,P17-T19-Bα,0,60,C4,7,7,L3,L,False,60,True,L3,True,0.5845877949855269,False,0.7290349006652832,valid,False,0.00040800934299107454,0.27683877348270075,0.5845877949855269,0.13704157877487438,0.0006098939554161547,0.00047958284249352627,3.3537082683082556e-05,7.642888927074585e-07,5.676647085085418e-08,8.477950680034789e-09
P17,19,B,alpha,1799551287-α-7,P17-T19-Bα,1,59,B3,6,6,L4,L,False,59,True,L4,True,0.5236167806608275,False,0.625891923904419,valid,False,0.00012909589905346543,0.03652822415460037,0.429360234729597,0.5236167806608275,0.010124850397896151,0.00022623112008247917,1.4040395848004259e-05,4.916695441165723e-07,4.831812903279728e-08,2.6544218598784115e-09
P17,19,B,alpha,1799551287-α-7,P17-T19-Bα,2,64,E4,9,9,R1,R,False,64,True,R1,True,0.6375637415411517,False,0.6311771869659424,valid,False,3.676961632153225e-05,7.372346737213873e-06,1.3073401205492223e-07,1.9166516354484724e-08,5.451721542805844e-09,0.6375637415411517,0.34990240010942847,0.011677387258617986,0.000800638502731826,1.1535272761240742e-05
P17,19,B,alpha,1799551287-α-7,P17-T19-Bα,3,65,F4,10,10,R2,R,False,65,True,R2,True,0.914775807041632,False,0.5487887859344482,valid,False,5.502045271186147e-06,5.0706291535554e-07,8.972726375004915e-09,1.483181694104823e-09,7.191920334487135e-10,0.04059133499400755,0.914775807041632,0.0420424160921629,0.002556601955479898,2.7819633431140726e-05
P17,19,B,alpha,1799551287-α-7,P17-T19-Bα,4,64,E4,9,9,R3,R,False,64,True,R3,True,0.5880958734840341,False,0.5870521068572998,valid,False,7.818851494620234e-06,7.260629152455184e-07,1.5065397271281446e-08,2.697702656124693e-09,1.795895524414149e-09,0.002553158395209627,0.250081696803525,0.5880958734840341,0.157101168748028,0.0021595380957979667
P17,19,B,alpha,1799551287-α-7,P17-T19-Bα,5,62,D4,8,8,R2,R,False,62,True,R2,True,0.7619549234576278,False,0.5735428333282471,valid,False,0.00011694816357788304,2.859273541977659e-05,3.920533613165624e-07,9.667916860376593e-08,5.909369851090834e-08,0.029734075358287874,0.7619549234576278,0.18789577078501019,0.020003102736959086,0.00026603893688909415
P17,19,B,alpha,1799551287-α-7,P17-T19-Bα,6,64,E4,9,9,R4,R,False,64,True,R4,True,0.5057635579891673,False,0.6044061183929443,valid,False,3.7812441472242555e-05,9.76479775223672e-06,1.48647813656806e-07,3.123626755442453e-08,1.7792538439334414e-08,0.0015742118320718258,0.0565700793436669,0.35209770154289644,0.5057635579891673,0.08394667437635336
P17,19,B,alpha,1799551287-α-7,P17-T19-Bα,7,60,C4,7,7,L3,L,False,60,True,L3,True,0.68339677644373,False,0.7891650199890137,valid,False,0.0013098361370630955,0.1867745067868757,0.68339677644373,0.11906090297975952,0.0016949689760213588,0.002481403396500272,0.004417073701582671,0.0007787244979579137,7.965121752358035e-05,6.155862985979865e-06
P17,19,B,alpha,1799551287-α-7,P17-T19-Bα,8,59,B3,6,6,L2,L,False,59,True,L2,True,0.9266198594121664,False,0.5678761005401611,valid,False,0.005456871888728307,0.9266198594121664,0.05779346525567209,0.0061526058740131616,0.0003363922654840049,0.00248097247922831,0.0010564206424356873,9.226187402988673e-05,1.0222907038939229e-05,9.27401203240495e-07
P17,19,B,alpha,1799551287-α-7,P17-T19-Bα,9,62,D4,8,8,R5,R,False,62,True,R5,True,0.8042134723339379,False,0.8436160087585449,valid,False,6.420001554215486e-05,4.016180089706815e-05,9.976228556651544e-07,1.246332350524035e-07,5.425753273794098e-08,0.0005394552798471078,0.002853969999597989,0.03091889946289126,0.16136866459366336,0.8042134723339379
P17,19,B,alpha,1799551287-α-7,P17-T19-Bα,10,64,E4,9,9,R4,R,False,64,True,R4,True,0.4606405418198091,False,0.5886468887329102,valid,False,3.420529132540563e-05,2.0412166749347857e-05,1.2218587710251865e-06,1.0232239470376546e-07,2.2232483764035036e-08,0.00195763788795346,0.06913829241327848,0.42522481396226247,0.4606405418198091,0.04298275004497218
P17,19,B,alpha,1799551287-α-7,P17-T19-Bα,11,60,C4,7,7,L2,L,False,60,True,L2,True,0.9218698519025129,False,0.6494350433349609,valid,False,0.003138272668910423,0.9218698519025129,0.03068188892189652,0.0033996501970684385,0.00018073933050807468,0.012577418455768145,0.025291374386231243,0.0025694003455810784,0.0002628090760823883,2.859471544066686e-05
P17,19,B,alpha,1799551287-α-7,P17-T19-Bα,12,59,B3,6,6,L3,L,False,59,True,L3,True,0.6807705943975298,False,0.6322178840637207,valid,False,0.0010829160521787923,0.21902586091948428,0.6807705943975298,0.09346658276721798,0.0014254126494167383,0.0032358037189857496,0.0008859604990496586,9.721695089806919e-05,8.819322810510163e-06,8.32722428208609e-07
P17,19,B,alpha,1799551287-α-7,P17-T19-Bα,13,62,D4,8,8,R1,R,False,62,True,R1,True,0.6805145210550021,False,0.6410260200500488,valid,False,0.0002305598710280779,0.00010821617690701072,5.758082037449644e-06,7.792716634378995e-07,1.4224351663009717e-07,0.6805145210550021,0.30577488481237125,0.01150577589090463,0.001686826850318151,0.00017253574625126082
P17,19,B,alpha,1799551287-α-7,P17-T19-Bα,14,64,E4,9,9,R2,R,False,64,True,R2,True,0.83008783983004,False,0.47088098526000977,valid,False,9.426552675980477e-05,1.625021367291831e-05,1.41805583794579e-06,2.078968585324404e-07,2.802999130378911e-08,0.05986900812079398,0.83008783983004,0.09572998060062321,0.012447645969915757,0.0017533557555065432
P17,19,B,alpha,1799551287-α-7,P17-T19-Bα,15,62,D4,8,8,R1,R,False,62,True,R2,True,0.4163760239473696,False,0.6278252601623535,valid,False,0.00024374735719783622,0.00020483510965623865,1.4286914304045902e-05,1.6476401213745201e-06,1.8918873449866344e-07,0.4163760239473696,0.5293176666572984,0.04801861535907762,0.005320614241971878,0.0005023735842684094
P17,19,B,alpha,1799551287-α-7,P17-T19-Bα,16,64,E4,9,9,R2,R,False,64,True,R2,True,0.7917091929255351,False,0.5705430507659912,valid,False,7.907458060832903e-05,6.122353118738192e-05,2.669655459552943e-06,3.2044309237464084e-07,4.319952728364867e-08,0.05370302515699483,0.7917091929255351,0.13620950028433093,0.016349448137859973,0.001885502085404227
P17,19,B,alpha,1799551287-α-7,P17-T19-Bα,17,65,F4,10,10,R1,R,False,65,True,R1,True,0.8246765471921864,False,0.6635339260101318,valid,False,2.2307045943636382e-05,1.2269552779095667e-05,7.986412054844121e-07,1.0384628640353024e-07,1.2445259725765116e-08,0.8246765471921864,0.14655506563627566,0.02521404630997127,0.0029078129425567506,0.0006110363875356107
P17,19,B,alpha,1799551287-α-7,P17-T19-Bα,18,64,E4,9,9,R2,R,False,64,True,R2,True,0.8157098411370912,False,0.6179928779602051,valid,False,7.08721962242835e-05,5.5793220106420645e-05,2.8628395555412074e-06,3.7225133685878933e-07,5.031808158157339e-08,0.05156790732958516,0.8157098411370912,0.11958874178893947,0.011752414453513226,0.0012511444655661317
P17,19,B,alpha,1799551287-α-7,P17-T19-Bα,19,62,D4,8,8,R1,R,False,62,True,R1,True,0.7015061732356455,False,0.666517972946167,valid,False,0.00021201672070139208,0.00048320236870039694,2.8246935632889206e-05,3.257581270817309e-06,4.051382761769832e-07,0.7015061732356455,0.2686017231995532,0.026396454438330316,0.0024923591196581744,0.0002761612622312917
P17,19,B,alpha,1799551287-α-7,P17-T19-Bα,20,57,A3,5,5,L3,L,False,57,True,L3,True,0.5910925250263444,False,0.6483199596405029,valid,False,0.0009562278757067394,0.3234705560552454,0.5910925250263444,0.08260199531854653,0.001349793368046202,0.000373125723283846,0.00012104492306434598,3.0170462171104434e-05,3.76920224116538e-06,7.920453505196099e-07
P17,19,B,alpha,1799551287-α-7,P17-T19-Bα,21,59,B3,6,6,L2,L,False,59,True,L2,True,0.6017119569152559,False,0.6838767528533936,valid,False,0.0013666019626229796,0.6017119569152559,0.34370332361620176,0.04830473767595267,0.0011808752178096248,0.0023013593305742735,0.0011143754089656863,0.0002779758203916347,3.205759513232e-05,6.73645709325048e-06
P17,19,B,alpha,1799551287-α-7,P17-T19-Bα,22,64,E4,9,9,R5,R,False,64,True,R5,True,0.845241134923864,False,0.7493500709533691,valid,False,6.779810305416034e-05,0.00035351188188488606,3.6576730675061454e-05,5.9900068258551025e-06,5.632593473098126e-07,0.0011610514966767253,0.006996841518804161,0.028043157988501467,0.11809337409036634,0.845241134923864
P17,19,B,alpha,1799551287-α-7,P17-T19-Bα,23,65,F4,10,10,R4,R,False,65,True,R4,True,0.29413793127289856,True,0.7644658088684082,valid,False,1.792540070745307e-05,3.355632766527241e-05,4.6933921454789205e-06,7.176420824745904e-07,5.0133857822806185e-08,0.0030319869924150034,0.16777877574199213,0.4953300291427483,0.29413793127289856,0.03966433395348736
P17,19,B,alpha,1799551287-α-7,P17-T19-Bα,24,60,C4,7,7,L2,L,False,60,True,L2,True,0.8615794024226813,False,1.6107027530670166,valid,False,0.002811545882968082,0.8615794024226813,0.11660209245770509,0.010577903177025842,0.00033917713679991257,0.002123155484280171,0.005216112724864284,0.0006432429546384337,9.815251047564906e-05,9.215248561087366e-06
P17,19,B,alpha,1799551287-α-7,P17-T19-Bα,25,59,B3,6,6,L1,L,False,59,True,L1,True,0.7413907321564959,False,0.9687581062316895,valid,False,0.7413907321564959,0.2517729753949715,0.003348551251887681,0.0005318082910119087,6.383381522605415e-05,0.001390338136403548,0.0012254154651620845,0.0002389568685093311,3.3659087166462136e-05,3.729533165637107e-06
P17,19,B,alpha,1799551287-α-7,P17-T19-Bα,26,60,C4,7,7,L2,L,False,60,True,L2,True,0.899155407253614,False,0.6635189056396484,valid,False,0.012446704465842638,0.899155407253614,0.05690913575521416,0.007399821559455833,0.0002570347180125574,0.012915628534206516,0.009038162462612446,0.001618428936378265,0.00023727294978627116,2.2403364877264774e-05
P17,19,B,alpha,1799551287-α-7,P17-T19-Bα,27,59,B3,6,6,L2,L,False,59,True,L2,True,0.9439274493767962,False,0.6533050537109375,valid,False,0.0066027746601643655,0.9439274493767962,0.03847656323227591,0.004263324729064219,0.0002592530437660359,0.004000043070219974,0.0021598727517163577,0.0002698333611938607,3.508608410803042e-05,5.7996906951064995e-06
P17,19,B,alpha,1799551287-α-7,P17-T19-Bα,28,64,E4,9,9,R4,R,False,64,True,R4,True,0.4362743869908264,False,0.702239990234375,valid,False,0.00010788223315465809,6.504201975282658e-05,3.998929308235561e-06,4.0902731200438683e-07,3.710612058450791e-08,0.003672322722881022,0.06722762282117244,0.4362743869908264,0.4362743869908264,0.05637391115864559
P17,19,B,alpha,1799551287-α-7,P17-T19-Bα,29,59,B3,6,6,L2,L,False,59,True,L2,True,0.9226180624413239,False,0.5287067890167236,valid,False,0.011327295553302552,0.9226180624413239,0.0162357459039671,0.0013063217307185252,0.00010939559539154938,0.010637758584360304,0.029700910081596758,0.007268428599695737,0.0007045557498217439,9.152575982182913e-05
P17,20,B,gamma,1799551287-γ-1,P17-T20-Bγ,0,55,G3,4,4,L3,L,False,55,True,L3,True,0.6064194856563971,False,0.7486820220947266,valid,False,0.0003438558251014744,0.295176052701337,0.6064194856563971,0.09614626342412161,0.0013171968268610346,0.0004610849524431686,0.00013101702100968204,4.550910150939552e-06,4.6548623462253927e-07,2.7196343255129693e-08
P17,20,B,gamma,1799551287-γ-1,P17-T20-Bγ,1,60,C4,7,7,L5,L,False,60,True,L5,True,0.24948748410220498,True,0.839738130569458,valid,False,0.000778392191262936,0.01659137829754383,0.15338274761144685,0.5779045692945451,0.24948748410220498,0.0009315670170493424,0.0008227418258289794,8.710933284149367e-05,1.1326714254859162e-05,2.6836130216366216e-06
P17,20,B,gamma,1799551287-γ-1,P17-T20-Bγ,2,57,A3,5,5,L2,L,False,57,True,L2,True,0.9159077246294639,False,0.6128509044647217,valid,False,0.004427119218550995,0.9159077246294639,0.06802774402237906,0.008845559859197497,0.0004965434048311847,0.0011305365206445244,0.0010000622533756062,0.0001436918248798658,1.8684062752897462e-05,2.3342039244511097e-06
P17,20,B,gamma,1799551287-γ-1,P17-T20-Bγ,3,48,C3,0,0,L4,L,False,48,True,L4,True,0.43993710834817873,True,1.0338492393493652,valid,False,0.0001070844595723526,0.03400922397223179,0.43993710834817873,0.43993710834817873,0.08600929055048011,1.2571661844030798e-07,5.1526292627851567e-08,6.18509483683842e-09,8.042399082949056e-10,8.911232192010937e-11
P17,20,B,gamma,1799551287-γ-1,P17-T20-Bγ,4,64,E4,9,9,R2,R,False,64,True,R2,True,0.7801476181351542,False,0.736382007598877,valid,False,8.401747198468885e-05,0.00012713128843405304,1.4603835237322792e-05,2.3279184176917426e-06,2.7766761230260923e-07,0.049376922333335634,0.7801476181351542,0.15133306795899581,0.017452504379432535,0.001461529011395606
P17,20,B,gamma,1799551287-γ-1,P17-T20-Bγ,5,69,A4,12,12,R5,R,False,69,True,R5,True,0.9277512532093394,False,0.9153730869293213,valid,False,2.1466089903075886e-07,3.007320156753647e-08,3.216436947054366e-09,5.994601425025836e-10,1.418478759651881e-10,1.38960356043259e-05,0.0009898917342701105,0.007635158138324195,0.06360955219061645,0.9277512532093394
P17,20,B,gamma,1799551287-γ-1,P17-T20-Bγ,6,53,F3,3,3,L2,L,False,53,True,L2,True,0.738319147215116,False,0.930405855178833,valid,False,0.0013216628366598776,0.738319147215116,0.22237745368514603,0.03631750731031589,0.0013872475865858338,0.0001163366413620967,0.0001371776032929127,2.0359862671177036e-05,2.893909109570198e-06,2.1334974037539375e-07
P17,20,B,gamma,1799551287-γ-1,P17-T20-Bγ,7,53,F3,3,3,L2,L,False,53,True,L2,True,0.8955862530773503,False,0.5831308364868164,valid,False,0.0008479949278561024,0.8955862530773503,0.08801247230788639,0.013977914317245146,0.0012387055656760124,0.00014969469960149587,0.0001616508605946494,2.2114672214593802e-05,2.9776518501116833e-06,2.219197251821909e-07
P17,20,B,gamma,1799551287-γ-1,P17-T20-Bγ,8,65,F4,10,10,R2,R,False,65,True,R2,True,0.8750554774706145,False,0.7250039577484131,valid,False,1.5537103389821573e-05,3.250870983733352e-06,3.541773743511721e-07,4.7747308369644665e-08,4.25962592391236e-09,0.002386548736739269,0.8750554774706145,0.10932086648593572,0.012113097281548692,0.0011048158664794814
P17,20,B,gamma,1799551287-γ-1,P17-T20-Bγ,9,50,D3,1,1,L4,L,False,50,True,L4,True,0.6085424989894508,False,0.9104917049407959,valid,False,2.3474367072184076e-05,0.025739589045733778,0.32087984942536196,0.6085424989894508,0.04481153547230078,1.9894851898282565e-06,8.752931635175823e-07,1.6506934716277262e-07,2.127307551014134e-08,1.5793044000463942e-09
P17,20,B,gamma,1799551287-γ-1,P17-T20-Bγ,10,60,C4,7,7,L2,L,False,60,True,L2,True,0.879224141899427,False,1.1322150230407715,valid,False,0.0017177836537447414,0.879224141899427,0.02607650941095948,0.0032577438541095006,0.00014385274403413254,0.009969791785260767,0.07041926882978033,0.007854093701455064,0.0011984569885295038,0.00013835713269943182
P17,20,B,gamma,1799551287-γ-1,P17-T20-Bγ,11,55,G3,4,4,L4,L,False,55,True,L3,True,0.42350381072279125,False,0.7820711135864258,valid,False,0.00022109992694997236,0.05000735866299627,0.49698632578965346,0.42350381072279125,0.029090221270341842,0.00016763390795219288,2.191529386320431e-05,1.4280613014732496e-06,1.7840800142563683e-07,2.7956148934123654e-08
P17,20,B,gamma,1799551287-γ-1,P17-T20-Bγ,12,65,F4,10,10,R2,R,False,65,True,R2,True,0.9129186874189495,False,0.8615620136260986,valid,False,6.550678451308978e-06,1.0645129072234914e-06,1.3244491163521524e-08,9.852945545591096e-10,2.7918240085265814e-10,0.002324187945525108,0.9129186874189495,0.07645075558785652,0.008138833098547014,0.00015990624879518272
P17,20,B,gamma,1799551287-γ-1,P17-T20-Bγ,13,67,G4,11,11,R5,R,False,67,True,R5,True,0.22155563036534467,True,0.8602468967437744,valid,False,1.4787462235674817e-07,4.028595212528419e-09,5.3454375411169186e-11,1.7065324082999226e-11,1.221912525666388e-11,4.3998473436618415e-05,0.020041582535375326,0.3715967429366364,0.3867618937032504,0.22155563036534467
P17,20,B,gamma,1799551287-γ-1,P17-T20-Bγ,14,48,C3,0,0,L3,L,False,48,True,L3,True,0.5453472320126406,False,1.1531198024749756,valid,False,0.00014518629148876593,0.2654489954636789,0.5453472320126406,0.18519747991434524,0.0038610840655133416,2.2115682815314633e-08,3.3066903722907405e-11,8.1203094651104e-11,2.2002305297495534e-11,3.7797020118824164e-13
P17,20,B,gamma,1799551287-γ-1,P17-T20-Bγ,15,50,D3,1,1,L5,L,False,50,True,L5,True,0.03211654851995216,True,0.9431459903717041,valid,False,6.311179757966273e-05,0.09365248387174793,0.7273235506112996,0.1468440923239309,0.03211654851995216,2.1001514297213021e-07,2.5314286157116453e-09,2.470683428407601e-10,4.928231011121712e-11,3.256736765115266e-11
P17,20,B,gamma,1799551287-γ-1,P17-T20-Bγ,16,62,D4,8,8,R3,R,False,62,True,R3,True,0.6697162684067772,False,0.7882900238037109,valid,False,3.529428796645421e-05,3.695543347110086e-05,2.7368439838223214e-06,5.933387017176317e-07,1.4427056329121235e-07,0.0017637223740192684,0.15832242725771253,0.6697162684067772,0.1651499984914133,0.004971859295391251
P17,20,B,gamma,1799551287-γ-1,P17-T20-Bγ,17,53,F3,3,3,L4,L,False,53,True,L4,True,0.3732280336842072,True,0.7485167980194092,valid,False,5.85012458022654e-05,0.041139873166742995,0.575279342723737,0.3732280336842072,0.01026297014811177,3.064684481796834e-05,6.255624588557137e-07,5.205288679103848e-09,9.610106608579824e-10,4.5782271280256753e-10
P17,20,B,gamma,1799551287-γ-1,P17-T20-Bγ,18,71,B4,13,13,R1,R,False,71,True,R1,True,0.9627031881531737,False,1.1808221340179443,valid,False,2.4867064453146735e-11,1.5771131860089236e-13,1.219183254941255e-14,6.176589537608286e-15,8.765878928112528e-15,0.9627031881531737,0.03480444639038579,0.0014766044310090456,0.0005884549819068696,0.0004273060184728898
P17,20,B,gamma,1799551287-γ-1,P17-T20-Bγ,19,62,D4,8,8,L2,L,False,62,True,L2,True,0.929920260000903,False,0.9267683029174805,valid,False,0.004318929042444241,0.929920260000903,0.047608316610338375,0.004318929042444241,8.861584096760453e-05,0.0085649730941218,0.004575935408791777,0.0004980810145746855,8.569228032534855e-05,2.0267665089016766e-05
P17,20,B,gamma,1799551287-γ-1,P17-T20-Bγ,20,72,C5,14,14,R3,R,False,72,True,R2,True,0.4027026190667669,False,1.08341383934021,valid,False,2.099048789623333e-10,2.5129672055330983e-12,2.104439795987484e-13,4.6026599875775676e-14,2.5259933581669527e-14,0.0010460705983995392,0.5119353623208317,0.4027026190667669,0.0721104067501554,0.012205541051146808
P17,20,B,gamma,1799551287-γ-1,P17-T20-Bγ,21,60,C4,7,7,L4,L,False,60,True,L4,True,0.5992366662660241,False,0.8309919834136963,valid,False,0.0002776404713006927,0.014449499011362298,0.36022660992547784,0.5992366662660241,0.02507148937787315,0.0005516857699071522,0.00014399064569070404,3.458471776310672e-05,6.44569135971101e-06,1.3881232412173264e-06
P17,20,B,gamma,1799551287-γ-1,P17-T20-Bγ,22,62,D4,8,8,R5,R,False,62,True,R5,True,0.7317812593453262,False,1.0221900939941406,valid,False,0.00014639096777432803,0.0002968547053537859,5.1585308979741113e-05,6.444563597168497e-06,4.245114633912006e-07,0.0004240489701911021,0.0056858076176682,0.050545338239116916,0.21106184577052903,0.7317812593453262
P17,20,B,gamma,1799551287-γ-1,P17-T20-Bγ,23,57,A3,5,5,R3,R,False,57,True,R3,True,0.6384143140240168,False,1.0364649295806885,valid,False,8.233066478096395e-05,3.0543455623651196e-05,3.478992521596212e-06,9.672896890014603e-07,4.624783443364533e-07,0.0009408114490777151,0.11898381406512847,0.6384143140240168,0.23485950107900502,0.00668377650181251
P17,20,B,gamma,1799551287-γ-1,P17-T20-Bγ,24,57,A3,5,5,L1,L,False,57,True,L1,True,0.9849959676276783,False,0.8280520439147949,valid,False,0.9849959676276783,0.014191419868691095,0.00029306453078862236,5.684867007633732e-05,2.8800502254057716e-05,0.00041179216654987986,2.1171038089724237e-05,7.86936929932497e-07,1.2750563883129617e-07,2.1153303046706705e-08
P17,20,B,gamma,1799551287-γ-1,P17-T20-Bγ,25,59,B3,6,6,R5,R,False,59,True,R5,True,0.8821352591288723,False,1.0065510272979736,valid,False,2.9434578438278776e-06,1.8572664086307133e-07,4.259285994418563e-09,1.8415974616349173e-09,2.3137825463716056e-09,0.00011848456457526534,0.002001578571557774,0.013203281999096834,0.10253825813674709,0.8821352591288723
P17,20,B,gamma,1799551287-γ-1,P17-T20-Bγ,26,69,A4,12,12,R1,R,False,69,True,R1,True,0.9445633757362929,False,0.7868647575378418,valid,False,2.1012335188733354e-08,8.036481854757483e-10,3.376301496413669e-12,1.1514092170402645e-12,1.0133806992988837e-12,0.9445633757362929,0.053022841078765544,0.0017001607143797863,0.0004541729458263204,0.00025942770321091106
P17,20,B,gamma,1799551287-γ-1,P17-T20-Bγ,27,71,B4,13,13,R1,R,False,71,True,R1,True,0.5551303004683856,False,0.7424929141998291,valid,False,6.7351512737554094e-09,3.04162112871482e-10,1.825755594052472e-12,6.650730228563831e-13,5.169734952671396e-13,0.5551303004683856,0.4031073331355469,0.03116210775883422,0.0065482828947762885,0.004051968700135808
P17,20,B,gamma,1799551287-γ-1,P17-T20-Bγ,28,62,D4,8,8,L3,L,False,62,True,L3,True,0.6017147691138623,False,1.0763309001922607,valid,False,0.0009188111070139855,0.2293674448697401,0.6017147691138623,0.16648834722934508,0.0012509951480191895,0.0001780859176439273,6.111039484361458e-05,1.682861244302624e-05,2.7817509271441927e-06,8.258561616931372e-07
P17,20,B,gamma,1799551287-γ-1,P17-T20-Bγ,29,65,F4,10,10,R4,R,False,65,True,R4,True,0.47912764386568907,False,0.721045970916748,valid,False,2.3479131081069027e-07,9.065191252171894e-09,6.360218249716375e-10,1.010113491898219e-10,5.759236159902673e-11,0.0005124956512880227,0.023331700830887838,0.39227653668263474,0.47912764386568907,0.1047513783183727
P17,21,C,gamma,1799551287-γ-2,P17-T21-Cγ,0,65,F4,10,10,R1,R,False,65,True,R1,True,0.9568909067090147,False,0.6452453136444092,valid,False,2.2793632527891064e-05,1.3647185592748117e-06,3.116201695352663e-08,3.5572329855861163e-09,2.9058171959408733e-10,0.9568909067090147,0.04225359292682257,0.0006863891005240402,0.0001229090521992745,2.2008850520776752e-05
P17,21,C,gamma,1799551287-γ-2,P17-T21-Cγ,1,48,C3,0,0,L4,L,False,48,True,L4,True,0.3552600224706548,True,0.7800731658935547,valid,False,1.3079178562238109e-05,0.03455606535535281,0.5741266284372973,0.3552600224706548,0.03604419897650915,5.244699495265578e-09,3.0234975046753124e-10,2.8677585252488562e-11,4.740372959116122e-12,1.1564903627891692e-12
P17,21,C,gamma,1799551287-γ-2,P17-T21-Cγ,2,53,F3,3,3,L1,L,False,53,True,L1,True,0.9190176260097481,False,0.7560670375823975,valid,False,0.9190176260097481,0.08010235879157834,0.0006085387433816717,0.00017610150833911764,8.915331069455638e-05,5.695513855235043e-06,4.421157523362109e-07,6.932571184577282e-08,1.2413888171444687e-08,2.2670504995770502e-09
P17,21,C,gamma,1799551287-γ-2,P17-T21-Cγ,3,55,G3,4,4,L4,L,False,55,True,L3,True,0.44317978881166553,False,0.600449800491333,valid,False,0.0007372327608991745,0.06286104358804545,0.4840739847851071,0.44317978881166553,0.00913540629301608,1.1276353379702953e-05,1.0814434183487297e-06,1.5412258836959719e-07,2.651599972810347e-08,5.325880701800467e-09
P17,21,C,gamma,1799551287-γ-2,P17-T21-Cγ,4,62,D4,8,8,L2,L,False,62,True,L2,True,0.9471987143647955,False,0.5783360004425049,valid,False,0.004110352975051419,0.9471987143647955,0.028036546936951418,0.0018469006444359944,3.66445306696931e-05,0.005522121118336366,0.012022582652965193,0.0010549663881300577,0.00014277417494268753,2.8396213721456728e-05
P17,21,C,gamma,1799551287-γ-2,P17-T21-Cγ,5,55,G3,4,4,L5,L,False,55,True,L5,True,0.7482051704309778,False,0.6612610816955566,valid,False,0.00025430470448669837,0.0025724061005421316,0.04424689867264594,0.20470821654947238,0.7482051704309778,1.1764801041322801e-05,8.45598435162505e-07,3.151938323414361e-07,6.623359359494201e-08,1.1714972703802217e-08
P17,21,C,gamma,1799551287-γ-2,P17-T21-Cγ,6,59,B3,6,6,L2,L,False,59,True,L2,True,0.9658155592800138,False,0.44945406913757324,valid,False,0.003618953899455619,0.9658155592800138,0.02746665939659639,0.0026992471034772564,0.00015231502517693674,0.00021033751823076999,2.550937988175431e-05,9.214037740885441e-06,1.8602821365561123e-06,3.4407729007182645e-07
P17,21,C,gamma,1799551287-γ-2,P17-T21-Cγ,7,59,B3,6,6,R4,R,False,59,True,R4,True,0.7182420183935323,False,0.8180930614471436,valid,False,1.0433407764008894e-07,2.6800632817056125e-08,6.305278365555523e-09,6.382758213247147e-09,1.5290201446842194e-08,0.0020892529987527725,0.017129441285874628,0.14714900708423564,0.7182420183935323,0.1153901211246563
P17,21,C,gamma,1799551287-γ-2,P17-T21-Cγ,8,52,E3,2,2,L5,L,False,52,True,L5,True,0.3706479252631468,True,0.6605589389801025,valid,False,0.00013574646452763038,0.006309575660889504,0.11895477241073515,0.5039456590147281,0.3706479252631468,5.0232995562757765e-06,1.0707518060136487e-06,1.9555825947910274e-07,2.794839009863819e-08,3.627960832403236e-09
P17,21,C,gamma,1799551287-γ-2,P17-T21-Cγ,9,60,C4,7,7,R1,R,False,60,True,R1,True,0.8186402165484498,False,0.5768201351165771,valid,False,0.00031407317797606824,0.0007096981287548033,0.00011348912807836287,1.576009639769163e-05,3.5183398268607304e-06,0.8186402165484498,0.16528060921152266,0.013298412820482261,0.001473506141715587,0.00015071640679585125
P17,21,C,gamma,1799551287-γ-2,P17-T21-Cγ,10,57,A3,5,5,L1,L,False,57,True,L1,True,0.9449691666136372,False,0.6161520481109619,valid,False,0.9449691666136372,0.04172716264157518,0.0008279125873852415,0.000131486946170045,5.453853838053068e-05,0.005640518284129476,0.005261601600895246,0.0012351004453493902,0.00013685303023943757,1.565931223814176e-05
P17,21,C,gamma,1799551287-γ-2,P17-T21-Cγ,11,50,D3,1,1,L3,L,False,50,True,L3,True,0.5584070255299135,False,0.5563302040100098,valid,False,0.0012548371563090568,0.31712474464919854,0.5584070255299135,0.11696516437220793,0.0062478407346574305,3.1921723497780096e-07,5.3834805305722705e-08,1.268726444692008e-08,1.5228730129193275e-09,2.955356716617021e-10
P17,21,C,gamma,1799551287-γ-2,P17-T21-Cγ,12,55,G3,4,4,L3,L,False,55,True,L3,True,0.6451911413448055,False,0.4625997543334961,valid,False,0.0006332183649103742,0.19193272012297713,0.6451911413448055,0.1570226230644179,0.005149086007418941,5.333442104573706e-05,1.274051229867509e-05,4.469613301032631e-06,5.811780556583394e-07,8.537076921021039e-08
P17,21,C,gamma,1799551287-γ-2,P17-T21-Cγ,13,69,A4,12,12,R5,R,False,69,True,R5,True,0.9921811244804478,False,0.7589499950408936,valid,False,4.1661891817710196e-08,2.2972319472780533e-08,3.4415056105564156e-09,5.162860848152353e-10,7.512058453226394e-11,5.569173644489842e-05,0.0004923251717541778,0.0013562939493499864,0.005914495994879621,0.9921811244804478
P17,21,C,gamma,1799551287-γ-2,P17-T21-Cγ,14,50,D3,1,1,L5,L,False,50,True,L5,True,0.9812977196882082,False,0.7466182708740234,valid,False,3.764687465134602e-05,0.002952114301470844,0.003394883443872044,0.012315077962774193,0.9812977196882082,1.0943516541394886e-06,8.968217535513151e-07,4.836451801826243e-07,7.595397169179903e-08,6.956463678241596e-09
P17,21,C,gamma,1799551287-γ-2,P17-T21-Cγ,15,65,F4,10,10,R3,R,False,65,True,R3,True,0.6170212072837873,False,0.45639705657958984,valid,False,1.0679681004735778e-05,1.5649561345958678e-05,1.4769618747367151e-06,1.712639305888302e-07,2.378149898206296e-08,0.0008610482355561421,0.13392789339785055,0.6170212072837873,0.23341679121934417,0.014745058613806847
P17,21,C,gamma,1799551287-γ-2,P17-T21-Cγ,16,57,A3,5,5,L2,L,False,57,True,L2,True,0.9723692859977945,False,0.4855690002441406,valid,False,0.004827487239198091,0.9723692859977945,0.01780956470883189,0.0020475230914603288,0.0002430345933746455,0.0008325281498208028,0.0013601333002524303,0.0004383448721720886,6.691172059479344e-05,5.186326500372832e-06
P17,21,C,gamma,1799551287-γ-2,P17-T21-Cγ,17,67,G4,11,11,R3,R,False,67,True,R3,True,0.5782121664604026,False,0.5360240936279297,valid,False,3.5692793930426633e-06,2.126758547062226e-06,1.801150361496748e-07,2.644295832929019e-08,4.412907851009192e-09,0.001144636889218592,0.16995312132630475,0.5782121664604026,0.23347573367841193,0.01720843463681953
P17,21,C,gamma,1799551287-γ-2,P17-T21-Cγ,18,62,D4,8,8,R5,R,False,62,True,R5,True,0.8892175847603293,False,0.6020989418029785,valid,False,0.0005029612091660857,0.0011900979320041715,0.00015444064772481665,2.719871729965393e-05,3.650577982127844e-06,0.0007121619263174857,0.005781870035320258,0.01979590241110738,0.0826141317827486,0.8892175847603293
P17,21,C,gamma,1799551287-γ-2,P17-T21-Cγ,19,64,E4,9,9,R3,R,False,64,True,R3,True,0.44597351076272146,False,0.38625407218933105,valid,False,9.404997463137153e-05,0.0001547062697129087,1.781280205842668e-05,2.839202788677299e-06,4.986089914843129e-07,0.0018135327635726258,0.12171874326694039,0.44597351076272146,0.406455875876514,0.02376843047206873
P17,21,C,gamma,1799551287-γ-2,P17-T21-Cγ,20,59,B3,6,6,L4,L,False,59,True,L4,True,0.7185545619555092,False,0.6298978328704834,valid,False,0.0010033462613089645,0.04485076633743566,0.18930144186950457,0.7185545619555092,0.040939463646828524,0.0004212739620418319,0.003026601622600503,0.001616664608718882,0.0002602066386578429,2.5673097394016825e-05
P17,21,C,gamma,1799551287-γ-2,P17-T21-Cγ,21,65,F4,10,10,R1,R,False,65,True,R1,True,0.7554999066786652,False,0.5841758251190186,valid,False,1.6999506487494626e-05,4.42467191917748e-05,5.4840616366962085e-06,9.908040326863878e-07,2.0030044286807187e-07,0.7554999066786652,0.22755219899182283,0.013837463471198803,0.002380664518558835,0.0006618449479627078
P17,21,C,gamma,1799551287-γ-2,P17-T21-Cγ,22,60,C4,7,7,R3,R,False,60,True,R3,True,0.6438820212195202,False,0.449965238571167,valid,False,0.0007559320355301311,0.00690828187909808,0.0011212904262140947,0.00019333627081713015,4.327120586378261e-05,0.003026828926113907,0.12999753808358194,0.6438820212195202,0.20537632166157715,0.008695178291683658
P17,21,C,gamma,1799551287-γ-2,P17-T21-Cγ,23,65,F4,10,10,R1,R,False,65,True,R1,True,0.7010545038570466,False,0.6621501445770264,valid,False,1.5487902385496397e-05,3.4247057254264385e-05,6.353710309309754e-06,1.133397958748527e-06,1.7572219227343957e-07,0.7010545038570466,0.27938356862509,0.01632317105645971,0.0026982020278835703,0.0004831566434200901
P17,21,C,gamma,1799551287-γ-2,P17-T21-Cγ,24,53,F3,3,3,L5,L,False,53,True,L5,True,0.46024191299360323,False,0.6205127239227295,valid,False,0.00015686462567511666,0.006017281329774405,0.09663174441122983,0.4368920697578191,0.46024191299360323,1.7494712675718138e-05,3.107550011005652e-05,9.078526142799944e-06,2.192446953936312e-06,2.856960159230492e-07
P17,21,C,gamma,1799551287-γ-2,P17-T21-Cγ,25,52,E3,2,2,L5,L,False,52,True,L5,True,0.4674924840764487,False,0.823779821395874,valid,False,0.00021579785772548552,0.0067114362971831066,0.08474233956379258,0.4408265307173236,0.4674924840764487,4.223920844033312e-06,5.542152394563143e-06,1.2579859912113834e-06,3.377088617549418e-07,4.971943504788152e-08
P17,21,C,gamma,1799551287-γ-2,P17-T21-Cγ,26,57,A3,5,5,R3,R,False,57,True,R3,True,0.645362423274011,False,0.7640931606292725,valid,False,2.7426295702475277e-05,0.00025750415974762705,0.00020937881987673608,5.899352044668851e-05,2.220207666561867e-05,0.0034930964114795976,0.10667769106718297,0.645362423274011,0.23349218038955066,0.01039910398533658
P17,21,C,gamma,1799551287-γ-2,P17-T21-Cγ,27,62,D4,8,8,R5,R,False,62,True,R5,True,0.8840798686320209,False,0.6571090221405029,valid,False,4.013422360631874e-05,0.00020926526755774875,0.00015532611046881312,4.29952985120434e-05,8.029359708543691e-06,0.00048495904137416975,0.004244405698401079,0.017822135869706317,0.09291288049864416,0.8840798686320209
P17,21,C,gamma,1799551287-γ-2,P17-T21-Cγ,28,59,B3,6,6,L3,L,False,59,True,L3,True,0.706683302422201,False,0.6121830940246582,valid,False,0.0015631460316026474,0.0819984608858208,0.706683302422201,0.1886242717988512,0.012569385869921243,0.00014453220720708025,0.0018287173003727686,0.004986331541638247,0.0015614521108353288,4.03998315497644e-05
P17,21,C,gamma,1799551287-γ-2,P17-T21-Cγ,29,69,A4,12,12,R4,R,False,69,True,R4,True,0.8186967039139438,False,0.49610400199890137,valid,False,2.4692819036946783e-07,2.3872226463805003e-07,4.122456409715377e-08,9.20733536435004e-09,1.9756267237318746e-09,0.0006464297240091476,0.010167366052342612,0.1002642229192226,0.8186967039139438,0.07022473933250052
P17,22,A,gamma,1799551287-γ-5,P17-T22-Aγ,0,52,E3,2,2,L1,L,False,52,True,L3,False,0.014807727475130943,False,1.4986560344696045,valid,False,0.014807727475130943,0.1706768091790595,0.6759666943498287,0.12104275207368956,0.01745242589478689,4.15222430968088e-05,9.02948168825509e-06,2.7326393051032314e-06,2.706986045450295e-07,3.596480979561025e-08
P17,22,A,gamma,1799551287-γ-5,P17-T22-Aγ,1,59,B3,6,6,L4,L,False,59,True,R1,False,0.0003278951221931586,False,0.4680459499359131,valid,False,0.029770793903132836,0.01970847540002149,0.0022365590107625505,0.0003278951221931586,5.043799926434778e-05,0.7334246996579442,0.1750266991504052,0.035337281114564925,0.0037619540962857976,0.0003552045454255491
P17,22,A,gamma,1799551287-γ-5,P17-T22-Aγ,2,72,C5,14,14,R1,R,False,72,True,R5,False,0.0001357901365067521,False,0.6153128147125244,valid,False,2.9947566364474563e-08,3.226459420025604e-09,4.225214340260928e-10,5.493991738491678e-11,7.395402976570528e-12,0.0001357901365067521,0.005829751295314784,0.09978065631048029,0.3588750723296486,0.535378696269167
P17,22,A,gamma,1799551287-γ-5,P17-T22-Aγ,3,64,E4,9,9,R2,R,False,64,True,R3,False,0.15353549648641082,False,0.33334898948669434,valid,False,0.0003070841101326028,4.92881867247046e-05,6.826265649582019e-06,9.238345951345425e-07,1.2255323786869387e-07,0.002662813986930792,0.15353549648641082,0.5858258072054012,0.24286270006766966,0.014748937303247476
P17,22,A,gamma,1799551287-γ-5,P17-T22-Aγ,4,67,G4,11,11,R4,R,False,67,True,R4,True,0.5873102881353398,False,0.35359907150268555,valid,False,5.121338628058617e-06,6.104960104175945e-07,8.744970586748275e-08,1.1835030712534272e-08,1.5851533853563055e-09,0.0004097374534900561,0.02372586731504758,0.2975413717604936,0.5873102881353398,0.09100690263110067
P17,22,A,gamma,1799551287-γ-5,P17-T22-Aγ,5,62,D4,8,8,R3,R,False,62,True,R2,False,0.09306062501245066,False,0.3593301773071289,valid,False,0.0015484374952897146,0.00027994619249158137,4.130594521760522e-05,6.5601039023735314e-06,8.320298750663942e-07,0.016839566787815625,0.8741492805584333,0.09306062501245066,0.013106052873934062,0.0009673930005901499
P17,22,A,gamma,1799551287-γ-5,P17-T22-Aγ,6,72,C5,14,14,R5,R,False,72,True,R4,True,0.46453465372107555,False,0.4328341484069824,valid,False,3.49173607862387e-08,3.2888818868513356e-09,4.1335301956168515e-10,6.307358096984489e-11,8.483055081397954e-12,5.056975421473199e-05,0.002776069726160805,0.06810401438632105,0.46453465372107555,0.46453465372107555
P17,22,A,gamma,1799551287-γ-5,P17-T22-Aγ,7,55,G3,4,4,L5,L,False,55,True,L2,False,0.0011957472358097526,False,0.4049818515777588,valid,False,0.012203325866825562,0.9369069906097746,0.03525417684710323,0.007710507541177029,0.0011957472358097526,0.003638808030914961,0.0025497046874757333,0.00046887644645119054,6.604519585418555e-05,5.817538613793475e-06
P17,22,A,gamma,1799551287-γ-5,P17-T22-Aγ,8,64,E4,9,9,R2,R,False,64,True,R3,False,0.2611506171993791,False,0.27939295768737793,valid,False,0.000250304940092139,4.137943841805182e-05,2.6189778312073545e-06,5.080294304565106e-07,7.639186034433629e-08,0.00745067871743516,0.2611506171993791,0.5418714639362169,0.17680170996519456,0.012430642404142031
P17,22,A,gamma,1799551287-γ-5,P17-T22-Aγ,9,59,B3,6,6,L3,L,False,59,True,R1,False,0.001625829411147006,False,0.4431419372558594,valid,False,0.010435387903189541,0.021035681560627805,0.001625829411147006,0.0004009245966758214,7.350627065479293e-05,0.6301879400441333,0.28316169429919613,0.04497101146067305,0.00743365819664948,0.0006743662570531062
P17,22,A,gamma,1799551287-γ-5,P17-T22-Aγ,10,71,B4,13,13,R4,R,False,71,True,R5,False,0.22918171847210037,False,0.4118342399597168,valid,False,3.985451036662329e-07,2.2822740007143898e-08,1.7683126331459203e-09,4.1896234882054337e-10,7.720734783333184e-11,0.00017293214022155736,0.003172485085207962,0.0363980506384999,0.22918171847210037,0.7310743900316442
P17,22,A,gamma,1799551287-γ-5,P17-T22-Aγ,11,57,A3,5,5,L1,L,False,57,True,L2,False,0.011383323354238506,False,0.4174060821533203,valid,False,0.011383323354238506,0.8932446491006002,0.010123510656452997,0.002304492564163856,0.0003371666109594991,0.029785137842307085,0.043624975758140755,0.007963435534170088,0.001121716954449737,0.00011159162451714736
P17,22,A,gamma,1799551287-γ-5,P17-T22-Aγ,12,65,F4,10,10,R1,R,False,65,True,R4,False,0.0031858555761438622,False,0.34925007820129395,valid,False,6.535606769130738e-05,1.8342390384062928e-05,5.018141534655206e-07,1.0975272040377234e-07,1.1126200397546907e-08,0.0031858555761438622,0.06555046432047262,0.404527322658169,0.43821921715676976,0.08843281913729516
P17,22,A,gamma,1799551287-γ-5,P17-T22-Aγ,13,69,A4,12,12,R5,R,False,69,True,R4,False,0.07916200067189065,False,0.4391050338745117,valid,False,3.3147602164386107e-06,6.430399108666829e-07,1.903361815206547e-08,3.6921420540863457e-09,3.3248505950693405e-10,0.0003488722564405385,0.015259555077491648,0.3207609796619988,0.5844646114738057,0.07916200067189065
P17,22,A,gamma,1799551287-γ-5,P17-T22-Aγ,14,52,E3,2,2,L1,L,False,52,True,L3,False,0.00018385628458363954,False,0.5693931579589844,valid,False,0.00018385628458363954,0.041789585542239216,0.5848964126595606,0.33946672785600324,0.033630169124480545,2.1809110071224783e-05,9.437571199372276e-06,1.6780337755420237e-06,3.0766339794795224e-07,1.6154688695112818e-08
P17,22,A,gamma,1799551287-γ-5,P17-T22-Aγ,15,53,F3,3,3,L5,L,False,53,True,L3,False,0.007485320751735901,False,0.3571772575378418,valid,False,0.0004074053890312935,0.15139109331141457,0.6943812294029688,0.14591454346229676,0.007485320751735901,0.00028848262988630236,0.00010889794087802874,1.950705920501293e-05,3.2192482001009807e-06,3.0080438316400973e-07
P17,22,A,gamma,1799551287-γ-5,P17-T22-Aγ,16,60,C4,7,7,R1,R,False,60,True,R1,True,0.6149921031490414,False,0.37735867500305176,valid,False,0.0029588822934948278,0.010728223078457014,0.00063230046868217,0.00014347968452477433,1.1266246534623325e-05,0.6149921031490414,0.3115654496259557,0.051501422431429224,0.006696663567163991,0.0007702094547164066
P17,22,A,gamma,1799551287-γ-5,P17-T22-Aγ,17,52,E3,2,2,L3,L,False,52,True,L3,True,0.5668452973089444,False,0.31017184257507324,valid,False,0.00012711348248873187,0.03442070301091026,0.5668452973089444,0.3650690165866618,0.0334848691164573,3.619565456725481e-05,1.3967778780853628e-05,2.33460264041634e-06,4.526341435598167e-07,4.9824405422400114e-08
P17,22,A,gamma,1799551287-γ-5,P17-T22-Aγ,18,62,D4,8,8,L1,L,False,62,True,R2,False,0.0009718733945506198,False,0.2903318405151367,valid,False,0.0009718733945506198,0.0012512935667428077,8.57612510258738e-05,1.4139310504530697e-05,9.491369198525529e-07,0.03560840522896758,0.6676819956401242,0.24562647943632226,0.043983387497723826,0.004775715537118596
P17,22,A,gamma,1799551287-γ-5,P17-T22-Aγ,19,62,D4,8,8,R2,R,False,62,True,R2,True,0.7083556339672097,False,0.2899162769317627,valid,False,0.0008533673340006621,0.0011665490598364574,8.069701247261534e-05,1.5653609892186546e-05,1.1295625061651916e-06,0.04270475297790473,0.7083556339672097,0.20498694115832136,0.03670622192538053,0.005129053392475511
P17,22,A,gamma,1799551287-γ-5,P17-T22-Aγ,20,57,A3,5,5,R4,R,False,57,True,L2,False,0.00016029843504157795,False,0.3689002990722656,valid,False,0.0030391407071048656,0.9432034603029185,0.021961304490397633,0.004598415223255023,0.00043359642110697634,0.01882868839694554,0.006614617798549219,0.0011380110183929267,0.00016029843504157795,2.2467206287675673e-05
P17,22,A,gamma,1799551287-γ-5,P17-T22-Aγ,21,64,E4,9,9,R1,R,False,64,True,R3,False,0.025566897201464798,False,0.25794219970703125,valid,False,0.00020084661398240332,0.0002278362726562872,7.381942981509555e-06,1.4319496117421754e-06,1.4917217506811826e-07,0.025566897201464798,0.2962730814868803,0.4983395149224239,0.16259811458143358,0.01678474585639037
P17,22,A,gamma,1799551287-γ-5,P17-T22-Aγ,22,53,F3,3,3,L2,L,False,53,True,L3,False,0.13321360693588938,False,0.30593204498291016,valid,False,0.00023056550320313873,0.13321360693588938,0.6558568932917707,0.1975403001022001,0.012800019712411107,0.00025047233447459815,9.105337990988168e-05,1.4493465514196843e-05,2.301814888334161e-06,2.9345973864029464e-07
P17,22,A,gamma,1799551287-γ-5,P17-T22-Aγ,23,57,A3,5,5,R3,R,False,57,True,L2,False,0.0012289848960282458,False,0.41312694549560547,valid,False,0.0027534616870649705,0.9552436987326881,0.016546730689098097,0.0032097355188472464,0.0003635671546264537,0.012476759994830033,0.00799029357620858,0.0012289848960282458,0.00016630989930659532,2.0457851301746785e-05
P17,22,A,gamma,1799551287-γ-5,P17-T22-Aγ,24,60,C4,7,7,L5,L,False,60,True,R1,False,9.700127433658803e-06,False,0.3711869716644287,valid,False,0.00119940065252686,0.018626770220305417,0.00040826482152738,7.918860043637121e-05,9.700127433658803e-06,0.5254004623444534,0.38151903980949686,0.06306467311587703,0.008534875398361612,0.0011576249095813695
P17,22,A,gamma,1799551287-γ-5,P17-T22-Aγ,25,53,F3,3,3,L3,L,False,53,True,L3,True,0.7253899915946349,False,0.28385090827941895,valid,False,0.00014124005540467366,0.12289399419617628,0.7253899915946349,0.1406425685850912,0.010441269120905532,0.0003353564211386906,0.00013001149587104106,2.1208203843641654e-05,3.93629931652103e-06,4.2402761767524943e-07
P17,22,A,gamma,1799551287-γ-5,P17-T22-Aγ,26,60,C4,7,7,L2,L,False,60,True,R1,False,0.012414852208920987,False,0.39618802070617676,valid,False,0.0009132881051149663,0.012414852208920987,0.0004147010049844076,8.695765554998585e-05,7.71391279965574e-06,0.4733345875457807,0.4369428950736863,0.06405887047119348,0.010588860069618905,0.001237273952350627
P17,22,A,gamma,1799551287-γ-5,P17-T22-Aγ,27,60,C4,7,7,R1,R,False,60,True,R1,True,0.4720496763594746,False,0.36965036392211914,valid,False,0.0009118360224653185,0.013969886519057919,0.0005257571980773653,0.00011489978545588776,9.450002753588416e-06,0.4720496763594746,0.43575677255395207,0.06388497665186085,0.011439636678464404,0.0013371082284379314
P17,22,A,gamma,1799551287-γ-5,P17-T22-Aγ,28,59,B3,6,6,L4,L,False,59,True,L2,False,0.002850038847395711,False,0.9086771011352539,valid,False,0.00043454170471654726,0.9044550655719854,0.02786391896572998,0.002850038847395711,0.00028986132381966925,0.03135639453213621,0.0267058971956925,0.005193109365683019,0.0007593133854688332,9.185910737209368e-05
P17,22,A,gamma,1799551287-γ-5,P17-T22-Aγ,29,64,E4,9,9,R5,R,False,64,True,R3,False,0.008356506148175274,False,0.4064929485321045,valid,False,7.676768127696527e-05,9.881853672386838e-05,3.739174223456962e-06,7.232254307826087e-07,7.007800666378283e-08,0.01100949451054771,0.28460706572168504,0.5397518582562633,0.15609495666766696,0.008356506148175274
P17,23,B,beta,1799551287-β-4,P17-T23-Bβ,0,62,D4,8,8,R4,R,False,62,True,R4,True,0.5497697754191927,False,0.7676641941070557,valid,False,3.0079848499714313e-08,4.250392728384263e-10,3.2097952856443934e-11,3.0099767910638535e-11,8.281412647676252e-11,0.00015624293617334277,0.006468605535009231,0.4166435718232337,0.5497697754191927,0.026961773636491524
P17,23,B,beta,1799551287-β-4,P17-T23-Bβ,1,65,F4,10,10,R2,R,False,65,True,R2,True,0.9487321836787408,False,0.6205089092254639,valid,False,8.347939449955272e-09,1.2767916684400215e-10,1.2958367280207501e-11,1.3320991808673518e-11,3.1915721376364694e-11,0.007846677371980566,0.9487321836787408,0.04025066597950243,0.0031115672862153916,5.8897149747083605e-05
P17,23,B,beta,1799551287-β-4,P17-T23-Bβ,2,60,C4,7,7,R3,R,False,60,True,R3,True,0.7288479287082263,False,0.5366489887237549,valid,False,8.872752741606783e-07,5.437215027218472e-08,6.666152832575815e-09,8.294594953868442e-09,3.9334809333808236e-08,0.0015713003026566555,0.12912108498919211,0.7288479287082263,0.13815595692267674,0.00230273313426663
P17,23,B,beta,1799551287-β-4,P17-T23-Bβ,3,57,A3,5,5,L5,L,False,57,True,L5,True,0.585673950644073,False,0.8509700298309326,valid,False,0.00018807158135305656,0.003139237902587632,0.06873946327734176,0.34224719740645565,0.585673950644073,7.079294690269821e-06,3.6879064085033907e-06,1.0774934177258164e-06,2.1494659004182653e-07,1.9547082222884348e-08
P17,23,B,beta,1799551287-β-4,P17-T23-Bβ,4,60,C4,7,7,R3,R,False,60,True,R3,True,0.6990481733179346,False,0.6274881362915039,valid,False,0.00018276069807380242,0.00035149657132251043,6.149142419336893e-05,8.457126368077847e-06,1.405402729702531e-06,0.0038563442813235272,0.15289014505686432,0.6990481733179346,0.14021821515579677,0.0033815109653935038
P17,23,B,beta,1799551287-β-4,P17-T23-Bβ,5,57,A3,5,5,L5,L,False,57,True,L5,True,0.6137380158483267,False,0.8699290752410889,valid,False,0.00027496645195221396,0.004651539790153345,0.06441854846615724,0.3168353720756884,0.6137380158483267,1.764925746005449e-05,2.926555834867932e-05,2.806789360686177e-05,5.786960860005224e-06,7.876974465621038e-07
P17,23,B,beta,1799551287-β-4,P17-T23-Bβ,6,62,D4,8,8,R5,R,False,62,True,R5,True,0.932821754602847,False,0.7476868629455566,valid,False,7.809408466488581e-05,0.00027082945017961385,0.00018597838163166266,4.8069031869436584e-05,6.855875508544913e-06,0.0005788150301532017,0.003336101173235169,0.010144084915910262,0.05252941745400047,0.932821754602847
P17,23,B,beta,1799551287-β-4,P17-T23-Bβ,7,65,F4,10,10,R3,R,False,65,True,R3,True,0.7416612820309028,False,0.6749839782714844,valid,False,5.30853966333025e-08,1.7225166094418743e-08,1.1954404946090827e-09,2.1560973632946916e-10,7.90462516834542e-11,0.007528095648477648,0.15584978796769625,0.7416612820309028,0.09265590134359336,0.0023048612086706607
P17,23,B,beta,1799551287-β-4,P17-T23-Bβ,8,69,A4,12,12,R5,R,False,69,True,R5,True,0.8793362297301225,False,0.7948789596557617,valid,False,2.2644164818065777e-09,6.233593160992899e-11,2.9952459541203455e-13,1.5308371450110557e-13,1.6125045645186537e-13,4.255539657869038e-05,0.005254112434595414,0.021014549030613297,0.09435255108072378,0.8793362297301225
P17,23,B,beta,1799551287-β-4,P17-T23-Bβ,9,64,E4,9,9,R4,R,False,64,True,R4,True,0.4765196385129197,False,0.6721909046173096,valid,False,2.5120672989235003e-07,4.41154852084408e-08,2.771041900582294e-10,1.3736860486675977e-10,9.689064529427214e-11,0.0003095004939107871,0.020734064792303577,0.40578338634330313,0.4765196385129197,0.09665311402398437
P17,23,B,beta,1799551287-β-4,P17-T23-Bβ,10,60,C4,7,7,R3,R,False,60,True,R3,True,0.6458609618905066,False,0.7093949317932129,valid,False,2.39147770716626e-06,1.7153753201782244e-06,9.744606693392828e-09,4.033303159271707e-09,2.8772052484435066e-09,0.0012170445377307141,0.1681509072023041,0.6458609618905066,0.17957343831213973,0.005193524549176234
P17,23,B,beta,1799551287-β-4,P17-T23-Bβ,11,57,A3,5,5,L5,L,False,57,True,L4,True,0.40864059110422335,False,0.7473819255828857,valid,False,0.0002572444412745028,0.01821491878331845,0.1154388644886791,0.4571339062388313,0.40864059110422335,0.00012117624304712201,0.0001485707617308235,3.8915762555559315e-05,5.138014389406456e-06,6.741619502904621e-07
P17,23,B,beta,1799551287-β-4,P17-T23-Bβ,12,55,G3,4,4,L4,L,False,55,True,L4,True,0.47951090685968345,False,0.7725639343261719,valid,False,0.00024908947208532274,0.030739658182096348,0.4402793405142269,0.47951090685968345,0.04908369973896719,4.118428103925965e-05,6.640387445215886e-05,2.5932343410408883e-05,3.4017882368843184e-06,3.8294580223480144e-07
P17,23,B,beta,1799551287-β-4,P17-T23-Bβ,13,62,D4,8,8,R1,R,False,62,True,R1,True,0.4179899159571748,False,0.7215092182159424,valid,False,4.000579608349856e-05,0.00029794740611116554,0.00012674167095071476,2.647269291838741e-05,4.0323923289226855e-06,0.4179899159571748,0.4179899159571748,0.14774049280662047,0.014518987967061974,0.0012654873535753828
P17,23,B,beta,1799551287-β-4,P17-T23-Bβ,14,64,E4,9,9,R2,R,False,64,True,R2,True,0.5923961511641531,False,0.5158791542053223,valid,False,1.3874812743743982e-05,3.0652422269047505e-05,8.13178371066841e-06,1.7392666843941143e-06,2.3447007322036955e-07,0.01868873570313076,0.5923961511641531,0.33838205093411694,0.045795030705354615,0.004683398737763477
P17,23,B,beta,1799551287-β-4,P17-T23-Bβ,15,59,B3,6,6,L3,L,False,59,True,L3,True,0.6823546042389056,False,0.5911948680877686,valid,False,0.0009037243563939409,0.15746701895021156,0.6823546042389056,0.13241270520926463,0.0056920226474017205,0.005242750066400424,0.012723692648279787,0.0027710215223467963,0.00039032171597599996,4.213864481954076e-05
P17,23,B,beta,1799551287-β-4,P17-T23-Bβ,16,62,D4,8,8,R5,R,False,62,True,R5,True,0.7981337367010967,False,0.7502498626708984,valid,False,0.00010322908166055687,0.0005216918923954178,0.00012359612358919437,2.0285506707232772e-05,3.271494957124177e-06,0.001372717850047299,0.008466699900317728,0.03556005608433159,0.15569471536489712,0.7981337367010967
P17,23,B,beta,1799551287-β-4,P17-T23-Bβ,17,60,C4,7,7,R5,R,False,60,True,R5,True,0.6843118450287925,False,0.6809430122375488,valid,False,0.0002290091443429636,0.0031026482134695814,0.001188714285021722,0.00021055551576799742,2.9441201857187e-05,0.0016671022450868817,0.012723339361770752,0.06075873322056863,0.2357786117833217,0.6843118450287925
P17,23,B,beta,1799551287-β-4,P17-T23-Bβ,18,57,A3,5,5,L5,L,False,57,True,L5,True,0.5083848245841421,False,0.7125473022460938,valid,False,0.00026985298539626914,0.007191917705686315,0.07431339484573488,0.4089327751309928,0.5083848245841421,5.6616562967132724e-05,0.0004381988343373901,0.0003337947529992292,6.963753328982082e-05,8.987064454084054e-06
P17,23,B,beta,1799551287-β-4,P17-T23-Bβ,19,60,C4,7,7,L3,L,False,60,True,L3,True,0.5178838049973097,False,0.7410831451416016,valid,False,0.0008851451430717648,0.08222012092533204,0.5178838049973097,0.34452480763186105,0.023533043731424712,0.0016548362853492557,0.013686679008010561,0.013347925435166585,0.002070391706515916,0.0001932451359584651
P17,23,B,beta,1799551287-β-4,P17-T23-Bβ,20,57,A3,5,5,L5,L,False,57,True,L5,True,0.4960632214324902,False,0.7502939701080322,valid,False,0.0005733771518754364,0.012816551276819932,0.09104252118523426,0.39265204865474956,0.4960632214324902,0.0005838364541733962,0.0030685534950561995,0.002665131771612164,0.0004846274890142194,5.0131088974564876e-05
P17,23,B,beta,1799551287-β-4,P17-T23-Bβ,21,53,F3,3,3,L4,L,False,53,True,L3,True,0.44166208191658146,False,0.6922061443328857,valid,False,0.0008046758148279227,0.04728146540464104,0.4740601512677271,0.44166208191658146,0.03619058183675068,8.3590804746625e-07,1.4011645649282902e-07,5.1288135129031304e-08,1.3285197778324456e-08,3.1616349043351294e-09
P17,23,B,beta,1799551287-β-4,P17-T23-Bβ,22,50,D3,1,1,L3,L,False,50,True,L3,True,0.5606657386840673,False,0.7561869621276855,valid,False,0.0003245997285282557,0.30935272998010416,0.5606657386840673,0.12755969547821736,0.0020971203752368434,8.02171215586194e-08,2.822901322751907e-08,6.505771756828303e-09,6.853267683749645e-10,1.1661268272003328e-10
P17,23,B,beta,1799551287-β-4,P17-T23-Bβ,23,55,G3,4,4,L2,L,False,55,True,L2,True,0.9382586052802669,False,0.5562548637390137,valid,False,0.0022431004647276366,0.9382586052802669,0.05266892428449287,0.005835067017885432,0.0009538560175695241,2.089689286721812e-05,1.5331002706912205e-05,3.631769452512935e-06,5.058944992469383e-07,8.137553177739544e-08
P17,23,B,beta,1799551287-β-4,P17-T23-Bβ,24,64,E4,9,9,R4,R,False,64,True,R4,True,0.6831744643452368,False,0.69809889793396,valid,False,4.928107368717897e-07,1.8047320561608548e-08,4.934703162910609e-10,1.7069110883194556e-10,1.2819494274665998e-10,0.003243360812990058,0.029813985761242556,0.15124546594437038,0.6831744643452368,0.13252221148574647
P17,23,B,beta,1799551287-β-4,P17-T23-Bβ,25,60,C4,7,7,R5,R,False,60,True,R5,True,0.8113830264293519,False,0.7067830562591553,valid,False,0.00015217764255782021,0.00016665635101100238,6.865408283619518e-06,1.229082848686031e-06,6.980153501724348e-07,0.0006391766888986403,0.0037497090024127032,0.024149596658078233,0.15975086472120728,0.8113830264293519
P17,23,B,beta,1799551287-β-4,P17-T23-Bβ,26,57,A3,5,5,L1,L,False,57,True,L1,True,0.8440426974090792,False,0.8754181861877441,valid,False,0.8440426974090792,0.15113947449786988,0.0017129261084636754,0.0003599475626897719,0.00014344595752383593,0.001116436063918118,0.0011241474653143986,0.00031924484949608886,3.537333761507458e-05,6.306748030070368e-06
P17,23,B,beta,1799551287-β-4,P17-T23-Bβ,27,50,D3,1,1,L3,L,False,50,True,L3,True,0.6190749800688626,False,0.9201772212982178,valid,False,0.00019311999526524715,0.18534914594346716,0.6190749800688626,0.18646180073640334,0.008919379633115086,1.0288894652384347e-06,4.174726433977684e-07,1.125882044814118e-07,1.2984248309276948e-08,1.688325069380664e-09
P17,23,B,beta,1799551287-β-4,P17-T23-Bβ,28,53,F3,3,3,L1,L,False,53,True,L1,True,0.9447767819271191,False,0.7591149806976318,valid,False,0.9447767819271191,0.05303482058467491,0.0013922883521474347,0.00040290627593183486,0.0002493117120010815,8.126339092491306e-05,4.2872540482968086e-05,1.6970662251804666e-05,2.5021881234757494e-06,2.82366342506221e-07
P17,23,B,beta,1799551287-β-4,P17-T23-Bβ,29,62,D4,8,8,R4,R,False,62,True,R4,True,0.6352673481624409,False,0.7336618900299072,valid,False,0.00012270541927755592,3.001812032032791e-05,3.0703796240562973e-06,5.282430443058349e-07,9.088150262307102e-08,0.0071147108496400074,0.04350689337296263,0.1625346662591922,0.6352673481624409,0.15141996831199533
P17,24,C,alpha,1799551287-α-2,P17-T24-Cα,0,57,A3,5,5,L5,L,False,57,True,L5,True,0.8896696037471744,False,1.6132001876831055,valid,False,6.597376885789362e-05,0.003479349225332626,0.01981657647152205,0.08525481859962963,0.8896696037471744,0.0011672151827809723,0.00040964384137443145,0.0001189383677692203,1.546540263501582e-05,2.4153929237844648e-06
P17,24,C,alpha,1799551287-α-2,P17-T24-Cα,1,59,B3,6,6,L4,L,False,59,True,L4,True,0.6227738492391347,False,0.6524250507354736,valid,False,0.0005911581515213815,0.058092274822413054,0.30082525016699097,0.6227738492391347,0.017328811057984395,0.00024291658966774175,9.799901328458026e-05,3.742706048203046e-05,8.785929585198152e-06,1.527968936012786e-06
P17,24,C,alpha,1799551287-α-2,P17-T24-Cα,2,60,C4,7,7,L2,L,False,60,True,L2,True,0.9440526086389736,False,0.579340934753418,valid,False,0.00215907937078998,0.9440526086389736,0.04338795613063827,0.003096219632939132,8.359589060620527e-05,0.002140818458855745,0.004541819236118378,0.0004915339896637572,4.167871291641966e-05,4.6899384987912e-06
P17,24,C,alpha,1799551287-α-2,P17-T24-Cα,3,59,B3,6,6,L4,L,False,59,True,L4,True,0.7619242729542646,False,0.6380410194396973,valid,False,0.0005521339345583901,0.0620907676192832,0.15396361774304496,0.7619242729542646,0.021360926336453385,0.00010418013187519255,2.942752982133814e-06,8.628421893525124e-07,2.4095776093329635e-07,5.472758795129626e-08
P17,24,C,alpha,1799551287-α-2,P17-T24-Cα,4,57,A3,5,5,L2,L,False,57,True,L2,True,0.9381694291146306,False,0.49088191986083984,valid,False,0.0036217341749043303,0.9381694291146306,0.05059893662462201,0.005175472093299216,0.0005952425383021097,0.0009441864482195288,0.0007491959096328479,0.00012542222429528493,1.7666776462638946e-05,2.7140956314355536e-06
P17,24,C,alpha,1799551287-α-2,P17-T24-Cα,5,59,B3,6,6,L1,L,False,59,True,L1,True,0.969810289036976,False,0.5562291145324707,valid,False,0.969810289036976,0.024461500515324076,0.00024588298524730746,3.905050284046333e-05,9.629735440851334e-06,0.00253754165501255,0.0022745786207660056,0.0005375850880669527,7.454786074518128e-05,9.393999580422072e-06
P17,24,C,alpha,1799551287-α-2,P17-T24-Cα,6,64,E4,9,9,R2,R,False,64,True,R2,True,0.7030208540695284,False,0.4061119556427002,valid,False,0.00011778143354707505,7.59406609292382e-05,1.1398154122438848e-05,1.5639596036271126e-06,1.9434768372235767e-07,0.030643437740466795,0.7030208540695284,0.23874273647709554,0.0244006538710481,0.0029854392859751675
P17,24,C,alpha,1799551287-α-2,P17-T24-Cα,7,65,F4,10,10,R3,R,False,65,True,R3,True,0.5709326519016048,False,0.33463191986083984,valid,False,2.061838616324565e-05,9.259985250440565e-06,8.783349801091108e-07,1.1061709890865309e-07,1.9696585750782566e-08,0.004099000161718022,0.1551556910419923,0.5709326519016048,0.2510136861582384,0.01876808371636807
P17,24,C,alpha,1799551287-α-2,P17-T24-Cα,8,67,G4,11,11,R2,R,False,67,True,R2,True,0.9306138640521844,False,0.7492687702178955,valid,False,2.3322662477591505e-06,4.941707115208966e-07,5.427199064190493e-08,8.039553522881741e-09,1.720766384628835e-09,0.012154922717237525,0.9306138640521844,0.050191437141166535,0.00651686242349406,0.0005200231966476763
P17,24,C,alpha,1799551287-α-2,P17-T24-Cα,9,69,A4,12,12,R1,R,False,69,True,R1,True,0.8977953934953791,False,0.5253479480743408,valid,False,5.701659545015514e-07,2.2739915748346562e-07,1.783141841938896e-08,3.265502166410568e-09,5.464903962933562e-10,0.8977953934953791,0.09183028961653866,0.008670636441774666,0.0012711756684652925,0.00043168556931952795
P17,24,C,alpha,1799551287-α-2,P17-T24-Cα,10,67,G4,11,11,R3,R,False,67,True,R3,True,0.6126385782760251,False,0.38622522354125977,valid,False,2.392800852207074e-06,1.2139078608085305e-06,1.006691964829349e-07,2.1723563826326975e-08,3.750886066679357e-09,0.0041256651182336145,0.17997710479418014,0.6126385782760251,0.18841866960770015,0.01483624935150154
P17,24,C,alpha,1799551287-α-2,P17-T24-Cα,11,65,F4,10,10,R4,R,False,65,True,R4,True,0.533822779892422,False,0.49899911880493164,valid,False,1.0749860941272279e-05,7.494018098229429e-06,8.677778900517257e-07,1.8151747010673267e-07,3.197626779016431e-08,0.0021318057391459576,0.04508510657784433,0.3049244103635223,0.533822779892422,0.114016572276398
P17,24,C,alpha,1799551287-α-2,P17-T24-Cα,12,60,C4,7,7,L1,L,False,60,True,L1,True,0.9464543680657889,False,0.637794017791748,valid,False,0.9464543680657889,0.05104577393131632,0.000652282687164927,7.829455319023524e-05,1.5807397667055843e-05,0.0005839428391390853,0.0009387052330157618,0.00018827832736123328,3.3438910266978785e-05,9.108055089555935e-06
P17,24,C,alpha,1799551287-α-2,P17-T24-Cα,13,64,E4,9,9,R5,R,False,64,True,R5,True,0.8999700396010881,False,0.590822696685791,valid,False,8.522085043586753e-05,6.688474069833544e-05,6.778212858691234e-06,9.08675143282978e-07,1.4701227627043164e-07,0.001201360766570041,0.005227304040224835,0.01787723797106698,0.07556411812963744,0.8999700396010881
P17,24,C,alpha,1799551287-α-2,P17-T24-Cα,14,62,D4,8,8,R4,R,False,62,True,R4,True,0.6196844294596029,False,0.6115918159484863,valid,False,8.439731687912724e-05,0.0002565279905366229,4.631459691248628e-05,6.926952131812727e-06,1.0662376672723346e-06,0.0019833744363967755,0.047442033434071086,0.2322420929252837,0.6196844294596029,0.09825283665051808
P17,24,C,alpha,1799551287-α-2,P17-T24-Cα,15,57,A3,5,5,L2,L,False,57,True,L2,True,0.9778601629050643,False,0.45740580558776855,valid,False,0.006087591510791105,0.9778601629050643,0.012225349684245435,0.0014614395130307391,0.0002385624182358141,0.0002222352408599668,0.001178840106296335,0.000561306431696422,0.0001503139729769891,1.4198216802834928e-05
P17,24,C,alpha,1799551287-α-2,P17-T24-Cα,16,59,B3,6,6,L1,L,False,59,True,L1,True,0.9667302542642654,False,0.7121009826660156,valid,False,0.9667302542642654,0.030997901399906498,0.00032430187156835393,9.016801690278364e-05,3.593367163258961e-05,0.00024181168090376925,0.0010148745802212257,0.0004647827411514111,8.978028790517909e-05,1.0191485542951273e-05
P17,24,C,alpha,1799551287-α-2,P17-T24-Cα,17,64,E4,9,9,R3,R,False,64,True,R3,True,0.5972009509475229,False,0.4167048931121826,valid,False,4.460303370757718e-05,0.0001266566988588703,1.8484120575693867e-05,2.3053706714547055e-06,4.405058789125491e-07,0.0022433676254110637,0.12549346154947305,0.5972009509475229,0.2592302549603272,0.01563947518757337
P17,24,C,alpha,1799551287-α-2,P17-T24-Cα,18,62,D4,8,8,R4,R,False,62,True,R4,True,0.5648680836832339,False,0.49397969245910645,valid,False,0.000265836520981871,0.001111391727063039,0.00012448759713414565,2.6269656870489177e-05,4.233726195891338e-06,0.0017839009401890025,0.0317029184495859,0.202471554778621,0.5648680836832339,0.1976413229201248
P17,24,C,alpha,1799551287-α-2,P17-T24-Cα,19,64,E4,9,9,R3,R,False,64,True,R3,True,0.5579533560894252,False,0.4273109436035156,valid,False,6.440509995155561e-05,0.00016890469851852595,2.1382165859268404e-05,3.9862642513642795e-06,6.095776175986566e-07,0.001891597254003352,0.14743519503276933,0.5579533560894252,0.2798630127925246,0.012597551025079165
P17,24,C,alpha,1799551287-α-2,P17-T24-Cα,20,65,F4,10,10,R1,R,False,65,True,R1,True,0.8387590296966647,False,0.5263280868530273,valid,False,1.1551371725261825e-05,2.4223053198448856e-05,2.6763225676313037e-06,5.243026705874675e-07,7.924821335870067e-08,0.8387590296966647,0.14430418304451667,0.014181289485492765,0.002344151385500429,0.00037229208945015023
P17,24,C,alpha,1799551287-α-2,P17-T24-Cα,21,64,E4,9,9,R2,R,False,64,True,R2,True,0.7637713591817582,False,0.423569917678833,valid,False,9.46391506105093e-05,0.0002585922461850713,3.29411282743227e-05,6.390776172010568e-06,1.056052298883003e-06,0.01778345403297027,0.7637713591817582,0.18501140644987019,0.029997115359560934,0.003043045622299555
P17,24,C,alpha,1799551287-α-2,P17-T24-Cα,22,59,B3,6,6,L1,L,False,59,True,L1,True,0.8496844620906779,False,0.8904550075531006,valid,False,0.8496844620906779,0.14618384757295264,0.0017947487849914857,0.00037714145847045697,0.00011359282436342777,0.00014329371221932942,0.0010976364851447969,0.0005127349250529145,8.408138997725692e-05,8.460756150006967e-06
P17,24,C,alpha,1799551287-α-2,P17-T24-Cα,23,60,C4,7,7,L2,L,False,60,True,L2,True,0.9548607260942821,False,0.543928861618042,valid,False,0.008860165937641568,0.9548607260942821,0.024084428065422863,0.0028908931224597405,0.0005168571468310132,0.000492620479417492,0.0048625621643016296,0.002977163147067884,0.0004052068476164202,4.9376994959054595e-05
P17,24,C,alpha,1799551287-α-2,P17-T24-Cα,24,59,B3,6,6,L3,L,False,59,True,L3,True,0.7961493820079477,False,0.5034182071685791,valid,False,0.0018715487223574215,0.07154880158212079,0.7961493820079477,0.12187457892762678,0.00638317029197658,0.00027373372171842836,0.0011533043428605288,0.0006235136586136886,0.00010831719117701634,1.3649553600948048e-05
P17,24,C,alpha,1799551287-α-2,P17-T24-Cα,25,62,D4,8,8,R1,R,False,62,True,R1,True,0.7306680800576778,False,0.5475800037384033,valid,False,0.00011155207697018288,0.00010600566394850689,1.4388695473360893e-05,2.0002267317273756e-06,2.8757549407959743e-07,0.7306680800576778,0.24813161071916556,0.01842962259619859,0.0022121376130732587,0.0003243147752669544
P17,24,C,alpha,1799551287-α-2,P17-T24-Cα,26,64,E4,9,9,R2,R,False,64,True,R2,True,0.8235604751615003,False,0.4203059673309326,valid,False,0.00014791212125415262,0.0001465264611036811,1.3014916048122712e-05,1.4660852495843843e-06,1.9745067634655244e-07,0.026957594320668,0.8235604751615003,0.13079575490854206,0.016114063824906558,0.0022629947500510186
P17,24,C,alpha,1799551287-α-2,P17-T24-Cα,27,59,B3,6,6,L3,L,False,59,True,L3,True,0.7299330815208434,False,0.5295522212982178,valid,False,0.0018002282647577017,0.10136070991392618,0.7299330815208434,0.15899790546659642,0.007179763973597955,0.00026661654665973865,0.00029506497001372325,0.00014760957488068905,1.680239189622775e-05,2.217376827879023e-06
P17,24,C,alpha,1799551287-α-2,P17-T24-Cα,28,62,D4,8,8,R2,R,False,62,True,R2,True,0.8626751423043382,False,0.4734151363372803,valid,False,0.00010209920215505383,0.00047347681250531755,0.0001107698354314268,1.823311111699502e-05,2.5430829396798412e-06,0.016445274834279933,0.8626751423043382,0.1035483022071424,0.015180902020344576,0.0014432565897465049
P17,24,C,alpha,1799551287-α-2,P17-T24-Cα,29,65,F4,10,10,R2,R,False,65,True,R2,True,0.8298682136884569,False,0.7539389133453369,valid,False,7.825679651090284e-06,8.015985926032405e-06,1.2744989248979468e-06,1.931848773649217e-07,3.1064447718049695e-08,0.023641765041590178,0.8298682136884569,0.12662967849099796,0.01772057362453669,0.002122428740591338
P17,25,C,alpha,1799551287-α-8,P17-T25-Cα,0,59,B3,6,6,L2,L,False,59,True,L2,True,0.9509548737890499,False,0.5471570491790771,valid,False,0.01316374697735258,0.9509548737890499,0.030492068789041437,0.003652879207768741,0.0003433248916481849,0.0007812553533646086,0.0004981151143298512,8.689475125094796e-05,1.9943741863845788e-05,6.8973843298025015e-06
P17,25,C,alpha,1799551287-α-8,P17-T25-Cα,1,64,E4,9,9,R4,R,False,64,True,R4,True,0.6363918569382995,False,0.6473739147186279,valid,False,7.299547763779856e-05,6.44016032471207e-05,8.875172723608755e-06,1.1904536148405315e-06,2.192288227004906e-07,0.0013401725527244113,0.02133916924789682,0.12598920240334108,0.6363918569382995,0.21479191692169228
P17,25,C,alpha,1799551287-α-8,P17-T25-Cα,2,65,F4,10,10,R5,R,False,65,True,R5,True,0.8910213751452841,False,0.5185730457305908,valid,False,2.9390958424959698e-05,3.66876400690369e-05,5.646405748796803e-06,8.141656692762257e-07,1.2520296943604463e-07,0.0001791387324407541,0.003986582444000644,0.016695148601813474,0.08804509070357937,0.8910213751452841
P17,25,C,alpha,1799551287-α-8,P17-T25-Cα,3,64,E4,9,9,R3,R,False,64,True,R3,True,0.5466002110137049,False,0.40088486671447754,valid,False,9.392965869100959e-05,0.00019943550381894772,4.3259162824211376e-05,5.848554384861416e-06,1.1408212790308178e-06,0.0014205905508461872,0.11486042085992891,0.5466002110137049,0.32377461019152687,0.013000553682995169
P17,25,C,alpha,1799551287-α-8,P17-T25-Cα,4,60,C4,7,7,L2,L,False,60,True,L2,True,0.8758333023116605,False,0.5505390167236328,valid,False,0.00790403861601667,0.8758333023116605,0.02933945647009116,0.0036337050374024393,0.00025421832734982537,0.005831008329454881,0.06637355374844485,0.009219382417706345,0.001471719574645467,0.0001396151672279645
P17,25,C,alpha,1799551287-α-8,P17-T25-Cα,5,59,B3,6,6,L1,L,False,59,True,L1,True,0.9254325028525637,False,0.4725501537322998,valid,False,0.9254325028525637,0.06873518338270665,0.001600412164503876,0.00029827517840042597,0.00013402367693254278,0.0006901664541097437,0.0024561013481574595,0.0005623661550963438,8.032758221149957e-05,1.0641205317799517e-05
P17,25,C,alpha,1799551287-α-8,P17-T25-Cα,6,60,C4,7,7,L2,L,False,60,True,L2,True,0.9250625513258217,False,0.4294769763946533,valid,False,0.01457813741883201,0.9250625513258217,0.03243869603786969,0.0034523686375374746,0.0004676111151532477,0.0037072465661030225,0.014250562398390057,0.005306403873756594,0.000649990738689919,8.643188784617169e-05
P17,25,C,alpha,1799551287-α-8,P17-T25-Cα,7,65,F4,10,10,R4,R,False,65,True,R4,True,0.5874528288334212,False,0.6031639575958252,valid,False,1.5585363250810718e-05,1.923076149924841e-05,5.212838212639804e-06,9.420836515326416e-07,1.4767316852404963e-07,0.0012716077345505416,0.021664125826426194,0.14022193785161807,0.5874528288334212,0.24934838103420118
P17,25,C,alpha,1799551287-α-8,P17-T25-Cα,8,60,C4,7,7,L2,L,False,60,True,L2,True,0.8633295338900995,False,0.5663530826568604,valid,False,0.008750094854642121,0.8633295338900995,0.02574820586796075,0.003068433474845124,0.0003231075517159824,0.0045680671550974135,0.0714927649360642,0.01965240141784543,0.002773577562968488,0.00029381328876098856
P17,25,C,alpha,1799551287-α-8,P17-T25-Cα,9,65,F4,10,10,R4,R,False,65,True,R4,True,0.6292606025781042,False,0.5084331035614014,valid,False,1.2063841371207226e-05,8.884339973750778e-06,1.2144478623462173e-06,1.8967062606655773e-07,3.610461976989309e-08,0.0018913436420002468,0.02113714320643927,0.14229296276836717,0.6292606025781042,0.20539555940063595
P17,25,C,alpha,1799551287-α-8,P17-T25-Cα,10,64,E4,9,9,R2,R,False,64,True,R2,True,0.8443793822744674,False,0.4501030445098877,valid,False,3.977504751495058e-05,6.604194597430694e-05,9.072282604824202e-06,1.2143282403892414e-06,2.6958836226598667e-07,0.008911649810644014,0.8443793822744674,0.12884393924019327,0.016753411323900565,0.000995244158097844
P17,25,C,alpha,1799551287-α-8,P17-T25-Cα,11,65,F4,10,10,R3,R,False,65,True,R3,True,0.6434277753200484,False,0.3920772075653076,valid,False,1.0745626531019084e-05,1.4351534300900377e-05,2.966318190014812e-06,4.78214393346783e-07,8.694015413759267e-08,0.00278666875759189,0.09370490237668273,0.6434277753200484,0.2464605593477995,0.013591465564308073
P17,25,C,alpha,1799551287-α-8,P17-T25-Cα,12,64,E4,9,9,R2,R,False,64,True,R2,True,0.752908127146837,False,0.41931891441345215,valid,False,4.8104755717330076e-05,0.00010589837745698764,2.3577333933203478e-05,4.191271880385773e-06,8.189618122110317e-07,0.021716506409756343,0.752908127146837,0.18996019853039872,0.03031172837096611,0.00492084884124171
P17,25,C,alpha,1799551287-α-8,P17-T25-Cα,13,59,B3,6,6,L2,L,False,59,True,L2,True,0.9207220067824332,False,0.4310588836669922,valid,False,0.009457413570309143,0.9207220067824332,0.05716960139098289,0.006319468924275279,0.0008661680132156462,0.0011081102454287047,0.002806625560162962,0.0013084586453473714,0.00022179354521432152,2.0353322630491377e-05
P17,25,C,alpha,1799551287-α-8,P17-T25-Cα,14,60,C4,7,7,L3,L,False,60,True,L3,True,0.6894802661052164,False,0.4438438415527344,valid,False,0.0025077532033666657,0.12639187684329847,0.6894802661052164,0.15726224561995816,0.006897420875501986,0.0015324114211394439,0.009405677381017831,0.005367310180579744,0.001046766229143339,0.00010827214077820647
P17,25,C,alpha,1799551287-α-8,P17-T25-Cα,15,65,F4,10,10,R3,R,False,65,True,R3,True,0.743869794039174,False,0.3612039089202881,valid,False,8.596928620130992e-06,1.5070164963980183e-05,6.023299743790216e-06,1.1217602138074058e-06,1.394150748653708e-07,0.009925855613617682,0.10478032455922102,0.743869794039174,0.13190547076240142,0.009487603456969312
P17,25,C,alpha,1799551287-α-8,P17-T25-Cα,16,60,C4,7,7,L3,L,False,60,True,L3,True,0.7212808762001011,False,0.4583258628845215,valid,False,0.0018659755034440208,0.08681539559075759,0.7212808762001011,0.15252304190296664,0.007166071496791044,0.005322522523627057,0.01912742020275279,0.004643792596524212,0.0010666396319614893,0.00018826435107399255
P17,25,C,alpha,1799551287-α-8,P17-T25-Cα,17,59,B3,6,6,L1,L,False,59,True,L1,True,0.9556924288501626,False,0.7497398853302002,valid,False,0.9556924288501626,0.03895612972537056,0.000685529418261655,0.00015605233209218297,7.298043657611502e-05,0.0010037552463071527,0.002217834834259092,0.0010231682967590545,0.00017359302140847267,1.8527838803282635e-05
P17,25,C,alpha,1799551287-α-8,P17-T25-Cα,18,60,C4,7,7,L2,L,False,60,True,L2,True,0.9199497433597871,False,0.4535338878631592,valid,False,0.025136451453020844,0.9199497433597871,0.022294032500232874,0.0031403022139452606,0.0006596281852874794,0.0034112187524178786,0.015299033532968577,0.008445826800466695,0.0014542516779185032,0.00020951152395474058
P17,25,C,alpha,1799551287-α-8,P17-T25-Cα,19,59,B3,6,6,L1,L,False,59,True,L1,True,0.934473349239562,False,0.4645848274230957,valid,False,0.934473349239562,0.056825382888854956,0.0009999831078938628,0.00021013252155994663,0.00010228247891986151,0.0019736213703937804,0.0031864017076491252,0.0018765390175023685,0.0003102661387654681,4.204152889868812e-05
P17,25,C,alpha,1799551287-α-8,P17-T25-Cα,20,60,C4,7,7,L3,L,False,60,True,L3,True,0.7454831483848019,False,0.5418281555175781,valid,False,0.0014905466173996114,0.07625115245234078,0.7454831483848019,0.16120959384411915,0.009859366785558005,0.001042572053345451,0.002703677174721751,0.0016129708048101502,0.00030027284881126447,4.66990340920747e-05
P17,25,C,alpha,1799551287-α-8,P17-T25-Cα,21,59,B3,6,6,L4,L,False,59,True,L4,True,0.8331065474932444,False,0.4389629364013672,valid,False,0.0008994187306393045,0.029170073040932627,0.10886865569386844,0.8331065474932444,0.025041633291854083,0.000498929612419278,0.0014557418788304585,0.0007954835314881108,0.00013906222150584328,2.445450521756418e-05
P17,25,C,alpha,1799551287-α-8,P17-T25-Cα,22,57,A3,5,5,L5,L,False,57,True,L5,True,0.9414703878285631,False,0.5606420040130615,valid,False,0.00016889649558852695,0.00698191024177568,0.01534225225311333,0.03536155209408055,0.9414703878285631,0.00014628285289524992,0.000343664005026715,0.00015340335438792505,2.6956131504185617e-05,4.694743064843591e-06
P17,25,C,alpha,1799551287-α-8,P17-T25-Cα,23,62,D4,8,8,R4,R,False,62,True,R4,True,0.6785269336569015,False,0.6659789085388184,valid,False,0.00010233613172681455,5.278038407172754e-05,3.0273251878346364e-06,4.4382694916912767e-07,1.6146951952107683e-07,0.0014428120718136426,0.019712654417146903,0.1725495904967976,0.6785269336569015,0.12760926021988522
P17,25,C,alpha,1799551287-α-8,P17-T25-Cα,24,64,E4,9,9,R5,R,False,64,True,R5,True,0.8654040580347476,False,0.553264856338501,valid,False,0.00013612577578059906,0.0003698978861403307,5.0972083303993484e-05,8.829195395836777e-06,1.1708312532993923e-06,0.0008679419519839507,0.004648711322559806,0.020741147952957065,0.1077711449658776,0.8654040580347476
P17,25,C,alpha,1799551287-α-8,P17-T25-Cα,25,65,F4,10,10,R4,R,False,65,True,R4,True,0.6449696600810444,False,0.47957396507263184,valid,False,2.4161768256795564e-05,6.626083262506525e-05,1.4557305919417273e-05,2.9075157861118172e-06,3.7076304464369236e-07,0.0018472652813789142,0.030516625468539088,0.23052259762627825,0.6449696600810444,0.09203559335712722
P17,25,C,alpha,1799551287-α-8,P17-T25-Cα,26,64,E4,9,9,R5,R,False,64,True,R5,True,0.894848866611764,False,0.5816459655761719,valid,False,9.175283746675051e-05,0.0003778192883509145,0.00011634576756827433,2.386610322023512e-05,2.673367017007066e-06,0.001314638309563346,0.0065604140507242266,0.02060997523544711,0.07605364842887795,0.894848866611764
P17,25,C,alpha,1799551287-α-8,P17-T25-Cα,27,59,B3,6,6,L2,L,False,59,True,L2,True,0.9581662208560975,False,0.4438967704772949,valid,False,0.009550113509588712,0.9581662208560975,0.023964008052411757,0.0028764389121926485,0.00038721607594181497,0.00065818372820881,0.00279060144421031,0.0013232209376420623,0.0002545787494798495,2.941773422664766e-05
P17,25,C,alpha,1799551287-α-8,P17-T25-Cα,28,60,C4,7,7,L3,L,False,60,True,L3,True,0.6972728797993023,False,0.4335329532623291,valid,False,0.0011099471165012718,0.09040615681120516,0.6972728797993023,0.19255916938734696,0.008097284135875953,0.0013588866432390982,0.004875230794369174,0.0035251763158436885,0.0007267955829114767,6.847341340497302e-05
P17,25,C,alpha,1799551287-α-8,P17-T25-Cα,29,57,A3,5,5,L3,L,False,57,True,L3,True,0.702981700306845,False,0.48134589195251465,valid,False,0.0017378953345810323,0.19581009790231016,0.702981700306845,0.09419531389297607,0.005106846831295909,7.524481459353595e-05,7.585678187246783e-05,1.3771914056432719e-05,2.8290484464518892e-06,4.4317302299476155e-07
P17,26,B,gamma,1799551287-γ-7,P17-T26-Bγ,0,69,A4,12,12,R3,R,False,69,True,R3,True,0.6648624308825198,False,0.7593238353729248,valid,False,4.673134618107073e-11,3.543748694731092e-13,7.301035382646993e-14,6.475437490064685e-14,5.728044959264752e-14,0.00014311271222489054,0.23499873905392252,0.6648624308825198,0.09747346122628614,0.0025222560777658862
P17,26,B,gamma,1799551287-γ-7,P17-T26-Bγ,1,72,C5,14,14,R4,R,False,72,True,R4,True,0.26513293246788733,True,0.6132180690765381,valid,False,3.6191217702757767e-12,2.7433514836871417e-14,3.6373392827818046e-15,2.7490418920847336e-15,2.8315620532224308e-15,0.0001318086240068742,0.06281735144243489,0.10151751367967386,0.26513293246788733,0.5704003937823413
P17,26,B,gamma,1799551287-γ-7,P17-T26-Bγ,2,57,A3,5,5,L4,L,False,57,True,L4,True,0.6193625331955913,False,0.7887020111083984,valid,False,3.248478495632063e-05,0.007661898660564103,0.3477419966014799,0.6193625331955913,0.02519558747782763,5.373013024557256e-06,9.68324139343734e-08,2.0917844839100483e-08,6.146911044810277e-09,2.36938631279773e-09
P17,26,B,gamma,1799551287-γ-7,P17-T26-Bγ,3,71,B4,13,13,R2,R,False,71,True,R2,True,0.9292929933106155,False,0.6501200199127197,valid,False,9.610767848883187e-12,1.7329743353443133e-12,6.956477862448664e-13,3.7185403428779584e-13,2.1634854480915961e-13,0.0010124187613545308,0.9292929933106155,0.061216947724513714,0.00795996079653051,0.0005176793943582439
P17,26,B,gamma,1799551287-γ-7,P17-T26-Bγ,4,48,C3,0,0,L1,L,False,48,True,L1,True,0.9876150862323381,False,1.1991801261901855,valid,False,0.9876150862323381,0.010332487245580266,0.0007674307995832127,0.0006036824483927372,0.0006806500599165404,5.796335038033243e-07,5.1505527097269375e-08,2.7407140755875205e-08,3.860526568833394e-09,8.074912591936658e-10
P17,26,B,gamma,1799551287-γ-7,P17-T26-Bγ,5,64,E4,9,9,R5,R,False,64,True,R5,True,0.7475025611705407,False,1.1328728199005127,valid,False,3.7791906854970645e-06,2.8398399373756373e-06,2.110823389906256e-07,3.9340254789381405e-08,1.1849057037712976e-08,0.00038242147727829656,0.006473761077943464,0.03680732354395007,0.20882705142801394,0.7475025611705407
P17,26,B,gamma,1799551287-γ-7,P17-T26-Bγ,6,72,C5,14,14,R2,R,False,72,True,R2,True,0.9416814891965943,False,0.5907690525054932,valid,False,8.932159771121345e-11,1.6999170806810904e-12,1.1659288033459092e-13,2.992481925392909e-14,2.066725208599139e-14,0.0031809942111605525,0.9416814891965943,0.04327898124364043,0.00839525861194809,0.003463276645468052
P17,26,B,gamma,1799551287-γ-7,P17-T26-Bγ,7,50,D3,1,1,L5,L,False,50,True,L5,True,0.16186585359303576,True,0.9906518459320068,valid,False,8.548362400835273e-06,0.030734743482174955,0.4036954272360908,0.4036954272360908,0.16186585359303576,8.903869205953758e-11,5.39480419506168e-13,2.697134218980971e-13,1.799274728731523e-13,1.790641235615983e-13
P17,26,B,gamma,1799551287-γ-7,P17-T26-Bγ,8,60,C4,7,7,L3,L,False,60,True,L3,True,0.762708800433218,False,0.8511950969696045,valid,False,8.444625828217531e-05,0.12395343064603917,0.762708800433218,0.11166164037458395,0.0015529709174865723,2.459534067069778e-05,7.371777366832003e-06,4.979344577072826e-06,1.397471801515288e-06,3.6743597398763387e-07
P17,26,B,gamma,1799551287-γ-7,P17-T26-Bγ,9,71,B4,13,13,R5,R,False,71,True,R5,True,0.346561076963706,True,0.8820362091064453,valid,False,6.192392822746857e-11,8.082777547987336e-13,1.1798186639166568e-13,3.7863469742302015e-14,2.4710263050125654e-14,4.835683526694124e-05,0.044904261783852865,0.2619252273905554,0.346561076963706,0.346561076963706
P17,26,B,gamma,1799551287-γ-7,P17-T26-Bγ,10,52,E3,2,2,L5,L,False,52,True,L5,True,0.4358898670618173,False,0.813317060470581,valid,False,9.893380384572314e-06,0.054317992858642285,0.16689912916660715,0.3428831137874217,0.4358898670618173,3.725905222272845e-09,1.143896075785778e-11,3.2599910931930204e-12,1.9949076625133366e-12,2.5278851045733762e-12
P17,26,B,gamma,1799551287-γ-7,P17-T26-Bγ,11,62,D4,8,8,L3,L,False,62,True,L3,True,0.7716199913648476,False,0.9489781856536865,valid,False,0.00016445043184925683,0.09955040231951146,0.7716199913648476,0.12754792670215953,0.0010860196324141568,1.1957695056135659e-05,3.384854961461533e-06,1.0966942761273274e-05,3.5168461657564373e-06,1.3832102734625476e-06
P17,26,B,gamma,1799551287-γ-7,P17-T26-Bγ,12,57,A3,5,5,L4,L,False,57,True,L4,True,0.5055710055958584,False,0.684581995010376,valid,False,0.00015714995397996329,0.022239507347167547,0.4484012570746112,0.5055710055958584,0.023614525616990185,8.74912267758148e-06,4.678678437184806e-06,2.5016126061923177e-06,5.159610784137855e-07,1.0903659326422074e-07
P17,26,B,gamma,1799551287-γ-7,P17-T26-Bγ,13,67,G4,11,11,R2,R,False,67,True,R2,True,0.8617142348914617,False,1.131742000579834,valid,False,1.4080147672648663e-07,4.6387004872920415e-09,1.548086036274931e-10,1.9340271701348983e-11,7.707466532735548e-12,0.0037987045380159863,0.8617142348914617,0.12137970641199776,0.011928418968711729,0.001178789567779114
P17,26,B,gamma,1799551287-γ-7,P17-T26-Bγ,14,62,D4,8,8,R2,R,False,62,True,R2,True,0.8917438369659881,False,0.6342990398406982,valid,False,4.8644548260284845e-05,7.65107826326373e-06,2.7278650902109756e-07,4.88468293726318e-08,1.526902345930203e-08,0.0075276239942485505,0.8917438369659881,0.08763486429923885,0.012344108602820841,0.0006929336088181378
P17,26,B,gamma,1799551287-γ-7,P17-T26-Bγ,15,55,G3,4,4,L1,L,False,55,True,L1,True,0.9889401556537448,False,0.8036408424377441,valid,False,0.9889401556537448,0.01076859276169755,0.00012702565816122586,3.531787108343751e-05,2.274599529285287e-05,7.672805177192883e-05,2.489666277044975e-05,4.073037757504119e-06,4.002720247318776e-07,6.403569556966949e-08
P17,26,B,gamma,1799551287-γ-7,P17-T26-Bγ,16,57,A3,5,5,R3,R,False,57,True,R3,True,0.6024435556839842,False,0.98927903175354,valid,False,0.0001000844224392852,6.0532821452315616e-05,7.914917392473152e-06,2.200642265113271e-06,5.426717012985123e-07,0.001121741402761756,0.14077620485510597,0.6024435556839842,0.24008522811872648,0.015401994464171067
P17,26,B,gamma,1799551287-γ-7,P17-T26-Bγ,17,62,D4,8,8,L1,L,False,62,True,L1,True,0.8497666697953111,False,0.7879171371459961,valid,False,0.8497666697953111,0.14046548576492496,0.004157699039225352,0.0004794871449384999,9.301093665310934e-05,0.002010684522486489,0.002033446021106188,0.0008567052323740347,0.00011822942246577379,1.858212051446196e-05
P17,26,B,gamma,1799551287-γ-7,P17-T26-Bγ,18,55,G3,4,4,L3,L,False,55,True,L3,True,0.6407212087522934,False,0.6450412273406982,valid,False,0.0018021717569175271,0.26551884268931475,0.6407212087522934,0.08671218626219648,0.005229252374845172,1.1578820511261374e-05,3.4105517954331703e-06,1.185719436233122e-06,1.4232383488874787e-07,2.074885477086326e-08
P17,26,B,gamma,1799551287-γ-7,P17-T26-Bγ,19,53,F3,3,3,L5,L,False,53,True,L5,True,0.5795916670088012,False,0.7097773551940918,valid,False,0.00010859058173513088,0.004180217207726655,0.05825559514132933,0.35784621354888424,0.5795916670088012,1.0685437901506436e-05,4.506355553135557e-06,2.1780228261542876e-06,3.1032700624458335e-07,3.6368236455046224e-08
P17,26,B,gamma,1799551287-γ-7,P17-T26-Bγ,20,62,D4,8,8,R5,R,False,62,True,R5,True,0.883607081493394,False,0.7414677143096924,valid,False,5.0922941844708305e-06,8.72611484483347e-06,4.649825616049685e-06,1.139273091188469e-06,2.7991856205263114e-07,0.0005919764484866027,0.0046742901143779336,0.018712691837886403,0.09239407267955652,0.883607081493394
P17,26,B,gamma,1799551287-γ-7,P17-T26-Bγ,21,67,G4,11,11,R1,R,False,67,True,R1,True,0.6709535482373166,False,0.7282519340515137,valid,False,1.244657124505354e-06,1.898166854546747e-06,5.601163437126645e-07,1.0717491034775866e-07,1.2143800003538996e-08,0.6709535482373166,0.28965770750613024,0.032094988835672335,0.005981670680244728,0.0013082624816030618
P17,26,B,gamma,1799551287-γ-7,P17-T26-Bγ,22,57,A3,5,5,R3,R,False,57,True,R3,True,0.6235477820263156,False,0.6471610069274902,valid,False,0.0011409358348319046,0.00654994573011153,0.001963910444968143,0.00027676829509249806,6.005229153458465e-05,0.003822426961120168,0.10307175512198613,0.6235477820263156,0.2452924263055217,0.014273996988517773
P17,26,B,gamma,1799551287-γ-7,P17-T26-Bγ,23,48,C3,0,0,L1,L,False,48,True,L1,True,0.9724460811548128,False,1.2433600425720215,valid,False,0.9724460811548128,0.02264218208219469,0.002717777988378754,0.0012710135212312711,0.0009229452445497283,5.84320065034163e-12,1.0075731286755323e-12,8.212567150131202e-13,6.997487187358337e-13,4.609136695299801e-13
P17,26,B,gamma,1799551287-γ-7,P17-T26-Bγ,24,65,F4,10,10,R3,R,False,65,True,R3,True,0.651327799709629,False,0.7545428276062012,valid,False,9.567550455179386e-07,2.4078845042633806e-06,1.1019729505835154e-06,2.6295328697580087e-07,5.838500800953241e-08,0.013836059845229818,0.20418226443364207,0.651327799709629,0.1191648636439103,0.011484224416793629
P17,26,B,gamma,1799551287-γ-7,P17-T26-Bγ,25,67,G4,11,11,R1,R,False,67,True,R1,True,0.9246873436182239,False,0.7008211612701416,valid,False,5.24374665885935e-07,9.119937659482405e-07,5.986073321069331e-07,1.5381672231349428e-07,2.1941408543493644e-08,0.9246873436182239,0.058525097157376145,0.01332251782934315,0.002799541555160311,0.0006632891060015937
P17,26,B,gamma,1799551287-γ-7,P17-T26-Bγ,26,59,B3,6,6,R4,R,False,59,True,R4,True,0.6075020343959544,False,0.8343288898468018,valid,False,0.00014076178409260095,0.0012673151187204406,0.0012757243536373503,0.0003176408325600492,6.89095412567602e-05,0.0034880942399255397,0.03622357522740425,0.2573711230654463,0.6075020343959544,0.09234482144100226
P17,26,B,gamma,1799551287-γ-7,P17-T26-Bγ,27,57,A3,5,5,L5,L,False,57,True,L5,True,0.6650027113701081,False,0.9634041786193848,valid,False,0.0004356621730476797,0.004023503060205657,0.05122683603841282,0.27893823261435907,0.6650027113701081,3.6925407580537595e-05,0.00014808227347330448,0.00013086119725291143,4.687790224237549e-05,1.030796331758435e-05
P17,26,B,gamma,1799551287-γ-7,P17-T26-Bγ,28,60,C4,7,7,L2,L,False,60,True,L2,True,0.9406598070540482,False,0.6786057949066162,valid,False,0.0037681401522946306,0.9406598070540482,0.0432320254918374,0.004081977496167518,0.0002583555741367011,0.0005355671020249357,0.002903521031691437,0.003244670053833941,0.0010569747443455331,0.00025896129961984574
P17,26,B,gamma,1799551287-γ-7,P17-T26-Bγ,29,57,A3,5,5,R3,R,False,57,True,L3,False,2.2458465218543126e-05,False,0.7454020977020264,valid,False,0.0011643940982808017,0.2678562599944822,0.6537246304037911,0.07243475374798945,0.0047186247179167905,3.30183657799162e-05,3.646331432205648e-05,2.2458465218543126e-05,7.665752385196041e-06,1.7311398338449615e-06
P17,27,A,beta,1799551287-β-7,P17-T27-Aβ,0,62,D4,8,8,R1,R,False,62,True,R2,False,0.015200716282799237,False,0.47629284858703613,valid,False,0.0004964976262272288,0.000133064353319838,1.1602201380471247e-05,2.9776415568648376e-06,7.915280754527746e-07,0.015200716282799237,0.7525290310173367,0.1931446857810162,0.03192660182550965,0.006554031742778252
P17,27,A,beta,1799551287-β-7,P17-T27-Aβ,1,64,E4,9,9,R2,R,False,64,True,R3,False,0.1870730184660841,False,0.2867770195007324,valid,False,6.451512341894823e-05,1.050088322308267e-05,7.213130449193412e-07,2.087366113932188e-07,5.4306561150793974e-08,0.0011850708542412193,0.1870730184660841,0.49549767754804047,0.28303276453147813,0.03313546823729643
P17,27,A,beta,1799551287-β-7,P17-T27-Aβ,2,60,C4,7,7,L3,L,False,60,True,R2,False,6.255942492854394e-05,False,0.41486382484436035,valid,False,0.0015114412774829967,0.0007686975942324364,6.255942492854394e-05,1.605655060792772e-05,4.0894353890619254e-06,0.02792035301105588,0.8526606395482518,0.09833319146029393,0.016917720534072225,0.0018052511636851047
P17,27,A,beta,1799551287-β-7,P17-T27-Aβ,3,59,B3,6,6,L5,L,False,59,True,R2,False,3.661217208702654e-05,False,0.34943222999572754,valid,False,0.004014815323526224,0.00604221636932502,0.0006049273420985985,0.0001552611216234757,3.661217208702654e-05,0.01855102483745723,0.8777423294493832,0.07962698764312927,0.012646153226129365,0.000579672515240883
P17,27,A,beta,1799551287-β-7,P17-T27-Aβ,4,62,D4,8,8,R5,R,False,62,True,R2,False,0.0066862297102316766,False,0.35401296615600586,valid,False,0.0005155367513173061,0.00021785532372945045,1.3331975739925631e-05,3.158715130865003e-06,6.528017876729317e-07,0.009838832906910174,0.5140960222759853,0.40440225438578153,0.064226125153386,0.0066862297102316766
P17,27,A,beta,1799551287-β-7,P17-T27-Aβ,5,60,C4,7,7,L3,L,False,60,True,R2,False,0.00014692081151899389,False,0.31210899353027344,valid,False,0.002483735602699866,0.0024824566106400486,0.00014692081151899389,3.623022606042095e-05,7.754250183982711e-06,0.021804981775448116,0.8997693615131672,0.061691025436723494,0.010197457917940005,0.0013800758556178495
P17,27,A,beta,1799551287-β-7,P17-T27-Aβ,6,59,B3,6,6,L1,L,False,59,True,R2,False,0.0064442754514612045,False,0.4138209819793701,valid,False,0.0064442754514612045,0.02651474955076464,0.001452664437264152,0.00031771498018242,6.488764698708018e-05,0.014779335050256947,0.8742788832606706,0.0649358210170019,0.010733819019866343,0.0004778495855446924
P17,27,A,beta,1799551287-β-7,P17-T27-Aβ,7,60,C4,7,7,L2,L,False,60,True,R2,False,0.0444250667612212,False,0.3078649044036865,valid,False,0.0018872562194893368,0.0444250667612212,0.0023220256442946243,0.00039949258576629993,4.131083845764327e-05,0.03003729953660147,0.8308422350135694,0.07537230706683208,0.013496628685659835,0.0011763776481083133
P17,27,A,beta,1799551287-β-7,P17-T27-Aβ,8,64,E4,9,9,R1,R,False,64,True,R3,False,0.037461132423276526,False,0.34770989418029785,valid,False,5.677351380419112e-05,1.4184656988607441e-05,1.2012479936363438e-06,2.425277871632439e-07,3.349915490560012e-08,0.037461132423276526,0.3859105983276912,0.41805196044709336,0.14196857525492795,0.016535298101282403
P17,27,A,beta,1799551287-β-7,P17-T27-Aβ,9,59,B3,6,6,L2,L,False,59,True,L2,True,0.6213977171201245,False,0.4741542339324951,valid,False,0.0025908119561987527,0.6213977171201245,0.008601798619403661,0.0008798281481125093,8.137783017008459e-05,0.28733366524637916,0.0635591725504779,0.013356074808528913,0.001958093553664122,0.00024146016694047442
P17,27,A,beta,1799551287-β-7,P17-T27-Aβ,10,57,A3,5,5,L3,L,False,57,True,L2,False,0.024517842120297954,False,0.3350059986114502,valid,False,0.002698727561610009,0.9425490097856346,0.024517842120297954,0.004218168808821715,0.0004923379617599665,0.017294797450986565,0.007095076567535537,0.0009602141968528756,0.00015249874725549795,2.13267992452388e-05
P17,27,A,beta,1799551287-β-7,P17-T27-Aβ,11,62,D4,8,8,R1,R,False,62,True,R2,False,0.15474478314908058,False,0.3132312297821045,valid,False,0.0003113977479410138,0.0016205030928201124,0.00018298340867883796,3.0246954017608105e-05,1.6173540952900766e-06,0.15474478314908058,0.6662334980659365,0.15165985342359115,0.02223439038756688,0.002980726416272136
P17,27,A,beta,1799551287-β-7,P17-T27-Aβ,12,64,E4,9,9,R3,R,False,64,True,R3,True,0.532237385569094,False,0.32599806785583496,valid,False,9.487246238696507e-05,5.515221617200312e-05,5.077631345471026e-06,9.849591431320292e-07,8.293525935019896e-08,0.04584722786790024,0.23914967312221924,0.532237385569094,0.16030681989669412,0.022302723339785505
P17,27,A,beta,1799551287-β-7,P17-T27-Aβ,13,59,B3,6,6,L2,L,False,59,True,L2,True,0.8669411221643948,False,0.445328950881958,valid,False,0.001696015312357285,0.8669411221643948,0.00687768123843932,0.0008942960252670006,7.166276614340445e-05,0.05905298864580912,0.054993505076274554,0.0077545639425068745,0.0015042306415149094,0.00021393418729287106
P17,27,A,beta,1799551287-β-7,P17-T27-Aβ,14,60,C4,7,7,R2,R,False,60,True,R2,True,0.8456278332200408,False,0.30704474449157715,valid,False,0.0007519588252325751,0.01929250487622769,0.0014050590766850732,0.00029525359417957543,1.034828314325105e-05,0.02822136596401802,0.8456278332200408,0.09002427438607377,0.013198185385731368,0.0011732163886679615
P17,27,A,beta,1799551287-β-7,P17-T27-Aβ,15,62,D4,8,8,R4,R,False,62,True,R3,False,0.13278683744624584,False,0.30431103706359863,valid,False,0.00022663730682427686,0.001323342449406194,7.798374406112584e-05,1.4534140447111748e-05,7.882450857580622e-07,0.010015446305719749,0.3308058081927128,0.517363186624633,0.13278683744624584,0.007385435544864152
P17,27,A,beta,1799551287-β-7,P17-T27-Aβ,16,57,A3,5,5,L3,L,False,57,True,L2,False,0.0259150786778839,False,0.373729944229126,valid,False,0.0009832948046015015,0.9484461250795556,0.0259150786778839,0.0036503570606113704,0.0003045449715089215,0.005110074890401971,0.013146051908885658,0.0019969080712052647,0.00039854682407289396,4.9017711272714976e-05
P17,27,A,beta,1799551287-β-7,P17-T27-Aβ,17,60,C4,7,7,R3,R,False,60,True,R2,False,0.1734701503458725,False,0.2576920986175537,valid,False,0.0008177882633471864,0.024495329367586645,0.0013716378551228538,0.00023598324799915276,1.2777771500892836e-05,0.027550082784312032,0.732164737938587,0.1734701503458725,0.035015723826353054,0.004865788599318815
P17,27,A,beta,1799551287-β-7,P17-T27-Aβ,18,62,D4,8,8,R1,R,False,62,True,R2,False,0.021845676964154192,False,0.2635488510131836,valid,False,0.0003174673014252481,0.001330279799682479,8.801966517760826e-05,1.4549552795494956e-05,1.0903275205952582e-06,0.021845676964154192,0.6325789142667361,0.28423602826986927,0.052974198722305674,0.006613775130333201
P17,27,A,beta,1799551287-β-7,P17-T27-Aβ,19,59,B3,6,6,L5,L,False,59,True,R2,False,8.640051967010445e-05,False,0.3709418773651123,valid,False,0.0008935146253727346,0.09088149703456835,0.006094626151371305,0.0009299796489864177,8.640051967010445e-05,0.010669694402791202,0.8022396864409472,0.07574765025068585,0.011558341962587601,0.0008986089630191622
P17,27,A,beta,1799551287-β-7,P17-T27-Aβ,20,52,E3,2,2,L4,L,False,52,True,L3,False,0.38242772250768525,False,0.43250036239624023,valid,False,5.1219403715089e-05,0.038828870394455005,0.5469243817251714,0.38242772250768525,0.03167702138806853,6.479765438461061e-05,2.144602537021094e-05,3.787842034184171e-06,6.759079675189732e-07,7.715114826358644e-08
P17,27,A,beta,1799551287-β-7,P17-T27-Aβ,21,50,D3,1,1,L2,L,False,50,True,L4,False,0.0043807833477437965,False,0.47570323944091797,valid,False,9.558686077802465e-06,0.0043807833477437965,0.13193433847792949,0.603233506493203,0.2604222528381398,1.5278023187192714e-05,3.6280392051718906e-06,5.433832765913946e-07,9.730155017874643e-08,1.3409687066208603e-08
P17,27,A,beta,1799551287-β-7,P17-T27-Aβ,22,52,E3,2,2,L4,L,False,52,True,L3,True,0.42000852896942875,False,0.37450718879699707,valid,False,2.9119385437200067e-05,0.020636155246520866,0.4986711501863601,0.42000852896942875,0.060565346751997984,6.618581394527392e-05,2.014671262780877e-05,2.795553997389959e-06,5.005890855911962e-07,7.079059902778484e-08
P17,27,A,beta,1799551287-β-7,P17-T27-Aβ,23,55,G3,4,4,L2,L,False,55,True,L2,True,0.8002046627477931,False,0.4390542507171631,valid,False,0.0002304767487894894,0.8002046627477931,0.16815186398635418,0.024652233955595217,0.003063293686692658,0.0022454841465947856,0.001261051490602465,0.00015959235811211157,2.744869495642535e-05,3.892184509452054e-06
P17,27,A,beta,1799551287-β-7,P17-T27-Aβ,24,57,A3,5,5,L1,L,False,57,True,L2,False,0.0004794902360594709,False,0.3077859878540039,valid,False,0.0004794902360594709,0.9622149811923071,0.016268616745027387,0.003284577073410575,0.0005316387535143893,0.007555312740374286,0.008295294932083343,0.0011609491448514356,0.00018436188378269125,2.477729858924497e-05
P17,27,A,beta,1799551287-β-7,P17-T27-Aβ,25,64,E4,9,9,R3,R,False,64,True,R3,True,0.5704242196371888,False,0.3470311164855957,valid,False,9.110871612338488e-05,8.467203312321152e-05,6.9180615529043425e-06,1.1902169577889094e-06,1.3173488422131156e-07,0.003436162477880609,0.189223941831636,0.5704242196371888,0.2184113756869844,0.018320279603668662
P17,27,A,beta,1799551287-β-7,P17-T27-Aβ,26,60,C4,7,7,L2,L,False,60,True,R1,False,0.007903735876434595,False,0.44919490814208984,valid,False,0.0003520772347174473,0.007903735876434595,0.0005350752539254886,0.00010802983063266225,1.0328754831366257e-05,0.5416673781296191,0.37790850632600054,0.06001845627860636,0.009920984095629531,0.0015754282196029153
P17,27,A,beta,1799551287-β-7,P17-T27-Aβ,27,60,C4,7,7,R1,R,False,60,True,R2,False,0.026336399284657287,False,0.3202850818634033,valid,False,0.000511554582173922,0.011856453924906784,0.0010735296796968987,0.0001922328244119827,1.7510579053563566e-05,0.026336399284657287,0.7891465030536661,0.1413094244396454,0.027411208128904012,0.002145183502884045
P17,27,A,beta,1799551287-β-7,P17-T27-Aβ,28,62,D4,8,8,R2,R,False,62,True,R2,True,0.6978663910425472,False,0.2686800956726074,valid,False,0.00016230689274584828,0.0010945167279193607,8.274660171928567e-05,1.4817115222639017e-05,1.274199147409435e-06,0.016824413956383618,0.6978663910425472,0.23699230389603043,0.04243729894333215,0.004523930624952016
P17,27,A,beta,1799551287-β-7,P17-T27-Aβ,29,64,E4,9,9,R3,R,False,64,True,R3,True,0.5776545995769737,False,0.2757232189178467,valid,False,4.058443813264766e-05,9.46270135736906e-05,7.589239512808769e-06,1.4144367431175654e-06,1.1764633671599438e-07,0.004009490797232677,0.1921796846789345,0.5776545995769737,0.20417472277550575,0.0218371693970544
