participant,trial_index,condition,level,sequence,quiz_name,event_index,target_note,target_note_name,target_key_id,actual_key_id,target_finger,target_hand,timed_out,actual_note,key_correct,actual_finger,finger_correct,target_finger_probability,manually_corrected,rt_s,validity,suspected_carryover,p_L1,p_L2,p_L3,p_L4,p_L5,p_R1,p_R2,p_R3,p_R4,p_R5
P03,1,B,beta,1799551287-β-8,P03-T01-Bβ,0,62,D4,8,8,R3,R,False,62,True,R3,True,0.7411927188097934,False,3.272846221923828,valid,False,0.0031895657086742457,0.00660786542699266,0.0005994520271486437,9.147044821878998e-05,2.601312043422057e-06,0.0021206206054923044,0.19045913378299753,0.7411927188097934,0.055051035372413966,0.0006855365062251274
P03,1,B,beta,1799551287-β-8,P03-T01-Bβ,1,59,B3,6,6,L3,L,False,59,True,L3,True,0.7850740289561329,False,2.394965887069702,valid,False,0.001895914580716963,0.08075331239282403,0.7850740289561329,0.05520044731437628,0.0008633664831737635,0.005873157744063003,0.049173894662475945,0.02061003344668487,0.0005410616871867046,1.4782732365648491e-05
P03,1,B,beta,1799551287-β-8,P03-T01-Bβ,2,60,C4,7,7,R4,R,False,60,True,R4,True,0.7111776440308263,False,1.322882890701294,valid,False,0.006554092281749558,0.01896433740460314,0.002629838005835407,0.00026899089421724554,1.2803223553720971e-05,0.0044234602400441345,0.03952524377306919,0.21420259002344136,0.7111776440308263,0.002241000122659929
P03,1,B,beta,1799551287-β-8,P03-T01-Bβ,3,64,E4,9,9,R4,R,False,64,True,R4,True,0.7300582022153944,False,0.7616519927978516,valid,False,0.00047670784052042067,0.00042417012366112894,5.8025324177764535e-05,8.17335553711164e-06,5.612514331122385e-07,0.0019579698952122103,0.021901584569913184,0.2382032402817043,0.7300582022153944,0.006911365142446331
P03,1,B,beta,1799551287-β-8,P03-T01-Bβ,4,60,C4,7,7,L5,L,False,60,True,L5,True,0.9321985221015398,False,1.813887119293213,valid,False,0.00027691895325079326,0.0013591774170079968,0.005643649975336872,0.059637904541444166,0.9321985221015398,0.0007140136986962607,0.00013500355042428742,3.073189614219228e-05,3.996028838218936e-06,8.183731933228195e-08
P03,1,B,beta,1799551287-β-8,P03-T01-Bβ,5,60,C4,7,7,R2,R,False,60,True,R2,True,0.8154595552033375,False,0.8160879611968994,valid,False,0.007163400624078347,0.09846349820380527,0.03323992872530623,0.0038333988035425108,8.925586249512473e-05,0.00788624061743326,0.8154595552033375,0.03323992872530623,0.000608810531219971,1.5982703475519896e-05
P03,1,B,beta,1799551287-β-8,P03-T01-Bβ,6,57,A3,5,5,L2,L,False,57,True,L2,True,0.8432867616204964,False,1.0516958236694336,valid,False,0.022138254127772383,0.8432867616204964,0.105351994073504,0.015445335805491072,0.0009775626160380062,0.0010639403856679485,0.010921378535323626,0.0008003605768096786,1.4084323172960748e-05,3.279357241153637e-07
P03,1,B,beta,1799551287-β-8,P03-T01-Bβ,7,55,G3,4,4,L3,L,False,55,True,L3,True,0.6897655510261552,False,0.9883520603179932,valid,False,0.006120283258099919,0.17977981527041428,0.6897655510261552,0.1186706202961263,0.004303817166333357,0.00018343817541871155,0.001074708847742352,9.989374166670558e-05,1.8296176996118786e-06,4.2600343503079216e-08
P03,1,B,beta,1799551287-β-8,P03-T01-Bβ,8,50,D3,1,1,L2,L,False,50,True,L2,True,0.676864355790109,False,1.3452768325805664,valid,False,0.0025212664933675706,0.676864355790109,0.2697433340137616,0.04640795516757325,0.0044570349389943765,1.4786316100450745e-06,4.104839365720644e-06,4.608079906621627e-07,9.142935001690853e-09,1.7429281489800962e-10
P03,1,B,beta,1799551287-β-8,P03-T01-Bβ,9,55,G3,4,4,L3,L,False,55,True,L3,True,0.6446583929617815,False,0.8892319202423096,valid,False,0.0018210365503090024,0.06235486949244522,0.6446583929617815,0.28346656622865846,0.006452142257120881,0.0001824421618341609,0.0009653308981398682,9.717134195723741e-05,2.0066683954313227e-06,4.1439358231719944e-08
P03,1,B,beta,1799551287-β-8,P03-T01-Bβ,10,60,C4,7,7,R2,R,False,60,True,R2,True,0.923547269094968,False,0.706186056137085,valid,False,0.008476474067580302,0.01624887975274345,0.0009123076439078615,8.965574334109259e-05,3.789751265634655e-06,0.009204643848259303,0.923547269094968,0.0407812323049739,0.0007176466105619078,1.810118239878911e-05
P03,1,B,beta,1799551287-β-8,P03-T01-Bβ,11,64,E4,9,9,R4,R,False,64,True,R4,True,0.7515359015635544,False,0.9223527908325195,valid,False,0.0005016269694851817,0.0003204974308433035,1.5956627501120297e-05,1.698718698706121e-06,7.621573517515961e-08,0.0012479397752498855,0.014993744241421338,0.2263582635951611,0.7515359015635544,0.005024294862349612
P03,1,B,beta,1799551287-β-8,P03-T01-Bβ,12,60,C4,7,7,R3,R,False,60,True,R3,True,0.7477687876379298,False,0.9154729843139648,valid,False,0.0052491263808884725,0.013695863086642874,0.000866835393965155,8.184679137264466e-05,3.2331617092955003e-06,0.0017110270816570264,0.19747825254609183,0.7477687876379298,0.033019352294717606,0.00012567562502536938
P03,1,B,beta,1799551287-β-8,P03-T01-Bβ,13,57,A3,5,5,L5,L,False,57,True,L5,True,0.7634784365614438,False,0.9545028209686279,valid,False,0.0018238377790819396,0.001744984622919317,0.028410706924643946,0.20395204269525657,0.7634784365614438,0.0002209285829258523,0.0003183564644319437,4.773381995347018e-05,2.902696580711398e-06,6.985276242043323e-08
P03,1,B,beta,1799551287-β-8,P03-T01-Bβ,14,60,C4,7,7,L3,L,False,60,True,L3,True,0.7639933067667348,False,1.1033639907836914,valid,False,0.0008288276510784248,0.12489607615235317,0.7639933067667348,0.06930790911668845,0.0005480213835885812,0.004633292116306512,0.029920953722540646,0.005357829924933409,0.0005058874973600401,7.895668416041986e-06
P03,1,B,beta,1799551287-β-8,P03-T01-Bβ,15,57,A3,5,5,L4,L,False,57,True,L4,True,0.7760887470000495,False,1.0233197212219238,valid,False,0.00029711303361889396,0.005769076931463878,0.19538885602286082,0.7760887470000495,0.021428600844584745,0.00035552276618314274,0.0005566975851116372,0.00010375394238879369,1.1496264509221981e-05,1.3560922935758421e-07
P03,1,B,beta,1799551287-β-8,P03-T01-Bβ,16,60,C4,7,7,L2,L,False,60,True,L2,True,0.7518981748363535,False,0.7492039203643799,valid,False,0.0029220142406452152,0.7518981748363535,0.17116036241975538,0.015527317762994286,0.00017891332902016265,0.008028239751398204,0.04220762571985672,0.007261605219267036,0.0008046087930751955,1.1137927634350048e-05
P03,1,B,beta,1799551287-β-8,P03-T01-Bβ,17,64,E4,9,9,R2,R,False,64,True,R2,True,0.6661549549635655,False,1.1546239852905273,valid,False,0.0011697156554473765,0.012678485180763617,0.0017887594029468302,0.00011783408639704155,1.9821542685701467e-06,0.0142912543481816,0.6661549549635655,0.2763096918509004,0.02715394415542421,0.00033337820210508186
P03,1,B,beta,1799551287-β-8,P03-T01-Bβ,18,59,B3,6,6,L1,L,False,59,True,L1,True,0.5884987990578314,False,0.8930659294128418,valid,False,0.5884987990578314,0.36415328295484545,0.027046967343553167,0.002996889405788594,0.0001822410324468567,0.005675430938338602,0.009948444013167398,0.001346589212276865,0.00014920633773692402,2.149704014519173e-06
P03,1,B,beta,1799551287-β-8,P03-T01-Bβ,19,55,G3,4,4,L2,L,False,55,True,L2,True,0.8165288143269965,False,0.9696996212005615,valid,False,0.016820338234749144,0.8165288143269965,0.15217972167686747,0.0132641141166031,0.000980961420694519,9.917841595687239e-05,0.00010907223208698607,1.6003660555981935e-05,1.773256134961504e-06,2.265935429445562e-08
P03,1,B,beta,1799551287-β-8,P03-T01-Bβ,20,60,C4,7,7,L3,L,False,60,True,L3,True,0.8040411780515296,False,1.3379969596862793,valid,False,0.0017639565721939224,0.11661145868753851,0.8040411780515296,0.045134660838800106,0.000452910588255764,0.007284725347409553,0.020280310400480176,0.0039339754691575584,0.0004914723901458716,5.351654488739423e-06
P03,1,B,beta,1799551287-β-8,P03-T01-Bβ,21,64,E4,9,9,R2,R,False,64,True,R2,True,0.7204095611085884,False,0.6802098751068115,valid,False,0.0006276666306559185,0.00030671710935509136,2.7870677880393236e-05,2.7389514485304095e-06,9.455867207861909e-08,0.016116117934560623,0.7204095611085884,0.23505508364298422,0.027107755971739075,0.0003463934141159
P03,1,B,beta,1799551287-β-8,P03-T01-Bβ,22,60,C4,7,7,R3,R,False,60,True,R3,True,0.7450491091613736,False,0.7446238994598389,valid,False,0.007737707618796605,0.017120500786660067,0.001846792101057086,0.00016753719955895263,5.0944201533345395e-06,0.0016940646750689696,0.21560545378085044,0.7450491091613736,0.010734363467871528,3.93767886093157e-05
P03,1,B,beta,1799551287-β-8,P03-T01-Bβ,23,57,A3,5,5,L2,L,False,57,True,L2,True,0.8288120303261827,False,0.6800010204315186,valid,False,0.01577104434238629,0.8288120303261827,0.1316297933828554,0.009776615754158119,0.00023303690352703352,0.0008218556298463802,0.008554902969336519,0.004220667904592588,0.0001790649637070698,9.878234077912393e-07
P03,1,B,beta,1799551287-β-8,P03-T01-Bβ,24,62,D4,8,8,R4,R,False,62,True,R4,True,0.7086099031109578,False,0.8611190319061279,valid,False,0.002260637778104846,0.0018964292198947904,0.00023771214025534624,2.3360824364579756e-05,6.330754258727396e-07,0.0008198098570532694,0.021654741802314508,0.26145762029975445,0.7086099031109578,0.0030391518918744267
P03,1,B,beta,1799551287-β-8,P03-T01-Bβ,25,59,B3,6,6,L1,L,False,59,True,L1,True,0.7061260344281914,False,0.8098030090332031,valid,False,0.7061260344281914,0.17412853625011832,0.017810599196881056,0.0016157411059991036,8.714287556928705e-05,0.005803825617133532,0.0754667613142226,0.016441255257581597,0.002508772878530299,1.133107577251348e-05
P03,1,B,beta,1799551287-β-8,P03-T01-Bβ,26,60,C4,7,7,L2,L,False,60,True,L2,True,0.8518129301725671,False,0.7700068950653076,valid,False,0.021410689754893346,0.8518129301725671,0.010457996877557305,0.0008414463161560993,2.1223779257599942e-05,0.0073171794893258655,0.0888320539743991,0.01623820724295225,0.0030263792476209568,4.189314527035097e-05
P03,1,B,beta,1799551287-β-8,P03-T01-Bβ,27,60,C4,7,7,R2,R,False,60,True,R2,True,0.9112018968288796,False,0.7285449504852295,valid,False,0.02072490177961996,0.0103270275640783,0.001190965703790739,0.00015485973516432701,1.061767189436241e-05,0.013516352421833435,0.9112018968288796,0.041878161835454376,0.0009750802475546402,2.0136211730391868e-05
P03,1,B,beta,1799551287-β-8,P03-T01-Bβ,28,65,F4,10,10,R2,R,False,65,True,R2,True,0.7893633274040774,False,1.0342872142791748,valid,False,6.199417229342813e-05,1.6102619890033496e-05,1.4607967190212255e-06,2.513225725971654e-07,1.8666626752823207e-08,0.026343635422237537,0.7893633274040774,0.15936970723555838,0.023364708633408497,0.001478793726616188
P03,1,B,beta,1799551287-β-8,P03-T01-Bβ,29,62,D4,8,8,R4,R,False,62,True,R4,True,0.6477339682104996,False,1.2242071628570557,valid,False,0.0017848026409615471,0.0006398510072974351,7.379089486290292e-05,1.1259760451025447e-05,8.363026985339022e-07,0.0014838746193394257,0.016118315990107115,0.3277889034264728,0.6477339682104996,0.004364397147309657
P03,2,C,gamma,1799551287-γ-5,P03-T02-Cγ,0,52,E3,2,2,L1,L,False,52,True,L1,True,0.850939636471659,False,4.000766754150391,valid,False,0.850939636471659,0.13514404283678766,0.011779269843668885,0.0017269229678939396,0.00040915598819978906,7.740858690612244e-07,1.6764552022449446e-07,2.771161810843846e-08,2.2296658953981736e-09,2.1911726224053854e-10
P03,2,C,gamma,1799551287-γ-5,P03-T02-Cγ,1,59,B3,6,6,L4,L,False,59,True,L4,True,0.7312766693903551,False,1.2755939960479736,valid,False,0.0009428319014741257,0.013183475958194593,0.22993454618735776,0.7312766693903551,0.01919772665891828,0.0026029209408960216,0.002127168747184921,0.0006406909144126285,8.670808636915755e-05,7.261214837479968e-06
P03,2,C,gamma,1799551287-γ-5,P03-T02-Cγ,2,72,C5,14,14,R1,R,False,72,True,R1,True,0.7998372258134394,False,1.003040075302124,valid,False,1.0399638839545633e-06,5.979277516405583e-06,7.204808218112052e-07,9.750647608636694e-08,9.416880627688758e-10,0.7998372258134394,0.16807465223255502,0.024640914174929966,0.005609200742444982,0.0018301688662443491
P03,2,C,gamma,1799551287-γ-5,P03-T02-Cγ,3,64,E4,9,9,R2,R,False,64,True,R2,True,0.7723612495189586,False,0.6834030151367188,valid,False,0.0008156652426396873,0.007817885880193944,0.001050695557286145,0.00016032574620458075,2.7107020471982926e-06,0.0314516843001974,0.7723612495189586,0.1758185294377289,0.0102723146712985,0.0002489389434450693
P03,2,C,gamma,1799551287-γ-5,P03-T02-Cγ,4,67,G4,11,11,R4,R,False,67,True,R4,True,0.6219520000084957,False,1.0099120140075684,valid,False,3.2327999514600735e-05,0.0001695765397537153,2.5043597307140554e-05,2.6661039135944667e-06,4.8831396521237205e-08,0.0030929594582350234,0.05914501633484011,0.3027365391029516,0.6219520000084957,0.012843822023591939
P03,2,C,gamma,1799551287-γ-5,P03-T02-Cγ,5,62,D4,8,8,R3,R,False,62,True,R3,True,0.640255931020341,False,0.8102200031280518,valid,False,0.0016202336561315304,0.03737578533908431,0.006435747453143919,0.0007422033540042249,1.4726127066387227e-05,0.0041448557567177495,0.2634131879466595,0.640255931020341,0.045689476078617466,0.00030785326823370795
P03,2,C,gamma,1799551287-γ-5,P03-T02-Cγ,6,72,C5,14,14,R5,R,False,72,True,R5,True,0.8986529841575378,False,0.6739001274108887,valid,False,3.5275973575098686e-07,1.2061213202090859e-06,1.4495270486482855e-07,1.6716688233330905e-08,3.1867213836922616e-10,0.00011225232685819913,0.0016175246031891024,0.0076975104461894815,0.09191800759710422,0.8986529841575378
P03,2,C,gamma,1799551287-γ-5,P03-T02-Cγ,7,55,G3,4,4,L5,L,False,55,True,L5,True,0.9384266824072881,False,0.9301209449768066,valid,False,0.0007272562908821368,0.0006794255998624232,0.007420190501251939,0.05267835925415605,0.9384266824072881,4.511995204450827e-05,1.8257618529517953e-05,4.357768044356634e-06,3.368761275810953e-07,1.3731813427902738e-08
P03,2,C,gamma,1799551287-γ-5,P03-T02-Cγ,8,64,E4,9,9,R2,R,False,64,True,R2,True,0.6905413717453875,False,0.5368402004241943,valid,False,0.0028221817359370504,0.10340438475724063,0.04548924328499883,0.005682980816347846,0.0001221477241183742,0.014842220956586901,0.6905413717453875,0.12869894107189614,0.008145583566453498,0.0002509443410333555
P03,2,C,gamma,1799551287-γ-5,P03-T02-Cγ,9,59,B3,6,6,L3,L,False,59,True,L3,True,0.766804525187698,False,0.8714790344238281,valid,False,0.004402761301228426,0.16868489604319148,0.766804525187698,0.054720144418975936,0.0008205601292623882,0.0012618944698040255,0.003008379765211889,0.00027865854842013996,1.763679229804123e-05,5.433439096250143e-07
P03,2,C,gamma,1799551287-γ-5,P03-T02-Cγ,10,71,B4,13,13,R4,R,False,71,True,R4,True,0.6131015442589705,False,0.9075717926025391,valid,False,2.281054785348584e-06,8.68339311937011e-06,1.3858114499540474e-06,6.899548940383082e-08,1.6064730623177515e-09,0.0008288057664389126,0.024011444564385295,0.33647726159653973,0.6131015442589705,0.025568522952348304
P03,2,C,gamma,1799551287-γ-5,P03-T02-Cγ,11,57,A3,5,5,L1,L,False,57,True,L1,True,0.80743057463772,False,1.0606598854064941,valid,False,0.80743057463772,0.18380162954094417,0.00749215951490407,0.0008640342028927835,0.00011234925355701683,0.00023987480902507447,5.468625262429688e-05,4.227506564937988e-06,4.500540261567707e-07,1.4227741673298008e-08
P03,2,C,gamma,1799551287-γ-5,P03-T02-Cγ,12,65,F4,10,10,R1,R,False,65,True,R1,True,0.9828475262872121,False,0.6025550365447998,valid,False,2.96357854830701e-05,6.808754948531828e-06,7.544315528124971e-07,8.700491014303484e-08,7.000380855386967e-09,0.9828475262872121,0.014738365583256368,0.0021607470049277225,0.00019601854586327118,2.0049601465157868e-05
P03,2,C,gamma,1799551287-γ-5,P03-T02-Cγ,13,69,A4,12,12,R5,R,False,69,True,R5,True,0.7939725524464504,False,1.0186800956726074,valid,False,7.337852652242715e-07,1.4439598912158576e-07,1.599953164952492e-08,1.9204498393130675e-09,1.6738804318455192e-10,0.0005115165630119645,0.004848034046190742,0.033897243650010164,0.16676975702571292,0.7939725524464504
P03,2,C,gamma,1799551287-γ-5,P03-T02-Cγ,14,52,E3,2,2,L1,L,False,52,True,L1,True,0.8331660154010191,False,1.0124249458312988,valid,False,0.8331660154010191,0.1491918289486283,0.014661615973654289,0.002423548819976908,0.0005516910510648603,2.114912958863452e-06,2.3367192165467333e-06,6.928014695870329e-07,1.3987420437120215e-07,1.54978070723196e-08
P03,2,C,gamma,1799551287-γ-5,P03-T02-Cγ,15,53,F3,3,3,L5,L,False,53,True,L5,True,0.9313015235625645,False,0.7809350490570068,valid,False,0.0003676362362222637,0.0007114998654299471,0.00864155977018159,0.05894372030230233,0.9313015235625645,1.2301841041627282e-05,1.5162733185868373e-05,5.49774701379945e-06,9.84460379952982e-07,1.1348167822497141e-07
P03,2,C,gamma,1799551287-γ-5,P03-T02-Cγ,16,60,C4,7,7,R1,R,False,60,True,R1,True,0.6495050093874142,False,0.6639530658721924,valid,False,0.00803541598785814,0.200073127025995,0.0719672064122828,0.010981483637477725,0.0002882896857046395,0.6495050093874142,0.05225891763716272,0.006272722988234732,0.0005467358766396826,7.109136123044409e-05
P03,2,C,gamma,1799551287-γ-5,P03-T02-Cγ,17,52,E3,2,2,L3,L,False,52,True,L3,True,0.6762534512960624,False,1.287309169769287,valid,False,0.0013404425562821441,0.2036836253160243,0.6762534512960624,0.11178394365524993,0.006936423386816602,1.8810411208871477e-06,1.834750134415525e-07,4.347032370887922e-08,5.4307567652913396e-09,3.7234981327305793e-10
P03,2,C,gamma,1799551287-γ-5,P03-T02-Cγ,18,62,D4,8,8,L1,L,False,62,True,L1,True,0.8388714677379142,False,0.7795791625976562,valid,False,0.8388714677379142,0.144323527432012,0.004446234231294517,0.00023980180669477732,6.2953595129447056e-06,0.010950598465008045,0.0009724442785579543,0.00016074395810307255,2.6570797562775207e-05,2.3159333395954214e-06
P03,2,C,gamma,1799551287-γ-5,P03-T02-Cγ,19,62,D4,8,8,R2,R,False,62,True,R2,True,0.8219330070894499,False,0.7688760757446289,valid,False,3.5638975368987576e-05,4.6618584181995406e-06,6.309139294360221e-07,1.2238471071391227e-07,2.1055660888798475e-08,0.0910727731477616,0.8219330070894499,0.08407076560346063,0.002805716356255588,7.666261498415673e-05
P03,2,C,gamma,1799551287-γ-5,P03-T02-Cγ,20,57,A3,5,5,R4,R,False,57,True,R4,True,0.5646409227908525,False,0.8582499027252197,valid,False,0.024841453629436096,0.0036553432243546596,0.0007994670140566008,0.00011261166117847568,1.5240331061334469e-05,0.0013996049164027272,0.040004766661477016,0.3604092017942786,0.5646409227908525,0.004121387976901883
P03,2,C,gamma,1799551287-γ-5,P03-T02-Cγ,21,64,E4,9,9,R1,R,False,64,True,R1,True,0.8022132503378403,False,0.9912629127502441,valid,False,2.9845238398523222e-05,3.579165775592399e-06,7.828061004946011e-07,1.0594128532978514e-07,8.523994156174526e-09,0.8022132503378403,0.14951167309696184,0.0432663185919233,0.004794044750696067,0.00018039154702428661
P03,2,C,gamma,1799551287-γ-5,P03-T02-Cγ,22,53,F3,3,3,L2,L,False,53,True,L2,True,0.8116861743200169,False,0.63472580909729,valid,False,0.11433283279816164,0.8116861743200169,0.065307950389821,0.008158936100454834,0.0004961454152238097,1.6909107918952556e-05,7.609931363681493e-07,2.5842986415713255e-07,3.101975745077524e-08,1.425644993871278e-09
P03,2,C,gamma,1799551287-γ-5,P03-T02-Cγ,23,57,A3,5,5,R3,R,False,57,True,R3,True,0.7486406294881068,False,0.8360159397125244,valid,False,0.048219861911505374,0.04592643357815124,0.0018720626535114904,0.00022470672897646293,1.4802500589284798e-05,0.0018122066492173687,0.11072402523035432,0.7486406294881068,0.0423954415672315,0.00016982969235610894
P03,2,C,gamma,1799551287-γ-5,P03-T02-Cγ,24,60,C4,7,7,L5,L,False,60,True,L5,True,0.8178747511785809,False,1.0004911422729492,valid,False,0.0017581262676829555,0.0021348295392775206,0.016175089296267445,0.160182946740614,0.8178747511785809,0.0017267004511567381,0.0001184468679081021,2.3914010198018714e-05,4.638840709556488e-06,5.568076047733072e-07
P03,2,C,gamma,1799551287-γ-5,P03-T02-Cγ,25,53,F3,3,3,L3,L,False,53,True,L3,True,0.8304247556808796,False,1.0284101963043213,valid,False,0.0015571062127166864,0.14280539609168788,0.8304247556808796,0.020945782715088533,0.004263649531089731,2.8009161876015104e-06,3.6410703684831603e-07,1.2364912056952508e-07,1.963763506923632e-08,1.4585574242594676e-09
P03,2,C,gamma,1799551287-γ-5,P03-T02-Cγ,26,60,C4,7,7,L2,L,False,60,True,L2,True,0.9602238497283745,False,1.7778239250183105,valid,False,0.030789275585847393,0.9602238497283745,0.0035142824807657146,0.001139138795481321,0.00034566280673890143,0.0029577468495032753,0.0008082906531340245,0.00019150649281075282,2.8076185139222214e-05,2.170422204825602e-06
P03,2,C,gamma,1799551287-γ-5,P03-T02-Cγ,27,60,C4,7,7,R1,R,False,60,True,R1,True,0.9060381086790762,False,0.6429829597473145,valid,False,0.002379868439406582,0.014473280299307728,0.008090765991096848,0.0009402047478532055,0.00025963882601515636,0.9060381086790762,0.05734475409952309,0.009865870410018771,0.000576420049024809,3.108845867775996e-05
P03,2,C,gamma,1799551287-γ-5,P03-T02-Cγ,28,59,B3,6,6,L4,L,False,59,True,L4,True,0.7640136263312013,False,0.8614656925201416,valid,False,0.00095450858669064,0.013862303752953511,0.21195311919260254,0.7640136263312013,0.007047259829459161,0.0019485648887736704,0.00018611055958629795,3.201936588005637e-05,2.378192876065741e-06,1.0929997675203398e-07
P03,2,C,gamma,1799551287-γ-5,P03-T02-Cγ,29,64,E4,9,9,R5,R,False,64,True,R5,True,0.9076789369415718,False,0.9673328399658203,valid,False,1.3187092057614225e-05,3.7128670932370514e-05,3.323222248514749e-05,1.0792757211479783e-05,1.6599252207347117e-06,0.0004494960045425715,0.003771731146711711,0.011991873257683961,0.07601196198158267,0.9076789369415718
P03,3,A,alpha,1799551287-α-9,P03-T03-Aα,0,60,C4,7,7,L4,L,False,60,True,R2,False,0.0024702943275726552,False,0.47150611877441406,valid,False,0.009871853739479212,0.033644950753607045,0.01195677795269312,0.0024702943275726552,0.0003824332995407856,0.016558083232640446,0.9010028443206376,0.018324519887860005,0.00440056145904852,0.001387681026920681
P03,3,A,alpha,1799551287-α-9,P03-T03-Aα,1,59,B3,6,6,L5,L,False,59,True,R2,False,0.0013453878348982772,False,0.46378278732299805,valid,False,0.01420136674868939,0.13938507043988038,0.056939556469402346,0.011942038739778974,0.0013453878348982772,0.010587973909156636,0.7288957028125987,0.03135765789758015,0.004787563441304686,0.0005576817067105348
P03,3,A,alpha,1799551287-α-9,P03-T03-Aα,2,60,C4,7,7,L4,L,False,60,True,R2,False,0.0027512370721247334,False,0.4061887264251709,valid,False,0.011391210172634418,0.03588046402558876,0.0130571109581473,0.0027512370721247334,0.0004357486679688274,0.019678587387816932,0.8430581284587526,0.07126815434122778,0.0023784513544039807,0.000100907561334535
P03,3,A,alpha,1799551287-α-9,P03-T03-Aα,3,65,F4,10,10,R4,R,False,65,True,R4,True,0.6587498429863556,False,0.5537509918212891,valid,False,2.0284589634492803e-05,2.3567820425388192e-05,7.192003973089223e-06,1.3729259275293235e-06,2.3132719506663358e-07,0.0010874156870380517,0.014591797334968782,0.32064797218688573,0.6587498429863556,0.004870323137596139
P03,3,A,alpha,1799551287-α-9,P03-T03-Aα,4,64,E4,9,9,R5,R,False,64,True,R3,False,0.0013003614667237515,False,0.27967381477355957,valid,False,0.00010381896039997765,0.00013810995351053325,4.290830127543018e-05,8.286945909998619e-06,1.2165632025549206e-06,0.0019730134850827266,0.0899089539846559,0.7335826117618056,0.17294071857743354,0.0013003614667237515
P03,3,A,alpha,1799551287-α-9,P03-T03-Aα,5,59,B3,6,6,L3,L,False,59,True,R2,False,0.032749457987823104,False,0.4200460910797119,valid,False,0.014426349313028618,0.29268390565510105,0.032749457987823104,0.007649462008935995,0.0010949046417060744,0.0075427220909043404,0.6284678439619542,0.014797195764092212,0.0005795158226640834,8.64275379034729e-06
P03,3,A,alpha,1799551287-α-9,P03-T03-Aα,6,57,A3,5,5,L4,L,False,57,True,L2,False,0.011070556821783418,False,0.42358875274658203,valid,False,0.030170010177268,0.880728456748873,0.06198227087364345,0.011070556821783418,0.001438432108565405,0.0023525801189524906,0.010798461945576715,0.0013865912408413345,7.138955423480135e-05,1.250410261214396e-06
P03,3,A,alpha,1799551287-α-9,P03-T03-Aα,7,62,D4,8,8,R5,R,False,62,True,R2,False,0.000281928142158032,False,0.528404951095581,valid,False,0.0009883294856163787,0.004575521788194491,0.0002734518567322517,3.147665143030155e-05,3.796473572322603e-06,0.01324169152206122,0.6946237282901869,0.265435413982326,0.020544661807722093,0.000281928142158032
P03,3,A,alpha,1799551287-α-9,P03-T03-Aα,8,64,E4,9,10,R4,R,False,65,False,R4,True,0.5766672215321438,False,0.28860902786254883,valid,False,2.460343373542334e-05,4.9847556252352e-05,3.294433531260492e-06,4.828798715320686e-07,5.994364496938277e-08,0.002013862121064011,0.05233819553792021,0.35941544812325293,0.5766672215321438,0.009486984438583493
P03,3,A,alpha,1799551287-α-9,P03-T03-Aα,9,62,D4,8,8,R3,R,False,62,True,R2,False,0.22504601260467091,False,0.4439992904663086,valid,False,0.0006963221338160979,0.0028646307540970434,0.00018200973246771548,2.4586600150495755e-05,3.2405821884903865e-06,0.013034027138449087,0.7471790748431502,0.22504601260467091,0.010765051144054403,0.00020504446695559917
P03,3,A,alpha,1799551287-α-9,P03-T03-Aα,10,64,E4,9,9,R1,R,False,64,True,R3,False,0.003741768404985137,False,0.3240377902984619,valid,False,9.434306698974702e-05,0.00023741536588673618,1.5093015523591909e-05,2.1226279068179823e-06,2.701898034408346e-07,0.003741768404985137,0.24633019869392447,0.6829876720658138,0.06566143867374885,0.0009296778954174168
P03,3,A,alpha,1799551287-α-9,P03-T03-Aα,11,59,B3,6,6,L1,L,False,59,True,L2,False,0.014479151705616622,False,0.4982879161834717,valid,False,0.014479151705616622,0.9115860317652388,0.010187387138882113,0.001434814336389563,0.00019968012230076306,0.007826688314874475,0.04679381997905204,0.007090549720436282,0.00039650729042750945,5.369626781716407e-06
P03,3,A,alpha,1799551287-α-9,P03-T03-Aα,12,64,E4,9,9,R1,R,False,64,True,R3,False,0.0038995386225215115,False,0.34228086471557617,valid,False,9.994613803796477e-05,0.0008592161912152681,9.548183149233825e-06,1.5130624269911611e-06,2.2192441193973703e-07,0.0038995386225215115,0.2610107811509666,0.6708835743477539,0.062305112613958005,0.0009305477655586934
P03,3,A,alpha,1799551287-α-9,P03-T03-Aα,13,65,F4,10,10,R2,R,False,65,True,R4,False,0.05710788917022595,False,0.36850404739379883,valid,False,2.385860346365337e-05,8.432729278492728e-05,2.1491935832417612e-06,3.2766063837200024e-07,4.518008987138928e-08,0.0016977277219213476,0.05710788917022595,0.44887501808099795,0.485455427567899,0.006753229528395629
P03,3,A,alpha,1799551287-α-9,P03-T03-Aα,14,64,E4,9,9,R3,R,False,64,True,R3,True,0.677139327792706,False,0.3814208507537842,valid,False,0.00012128749232484786,0.0004994421124700389,1.9022687247251937e-05,2.6768022958600263e-06,3.659679574045966e-07,0.00407754220633125,0.2177287084818031,0.677139327792706,0.09953120408299272,0.0008804223738713197
P03,3,A,alpha,1799551287-α-9,P03-T03-Aα,15,62,D4,8,8,R1,R,False,62,True,R2,False,0.012005385963620191,False,0.31655216217041016,valid,False,0.000952583558774244,0.005866239812647651,0.00020290817212565354,2.9679718135893252e-05,4.1685434570089036e-06,0.012005385963620191,0.739042463012465,0.2292852398859235,0.012421248806440952,0.00019008252640962488
P03,3,A,alpha,1799551287-α-9,P03-T03-Aα,16,57,A3,5,5,L2,L,False,57,True,L2,True,0.8767608078702744,False,0.4351019859313965,valid,False,0.012136703594016985,0.8767608078702744,0.08967878371228478,0.012118812887576245,0.0013292373387435582,0.002164861890203623,0.005031301445753317,0.000734277500658898,4.460331180510895e-05,6.104486830861424e-07
P03,3,A,alpha,1799551287-α-9,P03-T03-Aα,17,59,B3,6,6,L1,L,False,59,True,L2,False,0.009610355896847072,False,0.4481618404388428,valid,False,0.009610355896847072,0.9271022365819128,0.010936040984244411,0.0014205621632836561,0.00020001843630482245,0.007643295354189359,0.03698298579451757,0.005737543150034034,0.0003621943899360335,4.767248730243261e-06
P03,3,A,alpha,1799551287-α-9,P03-T03-Aα,18,64,E4,9,9,R2,R,False,64,True,R3,False,0.2894459999983369,False,0.3827948570251465,valid,False,0.00010647165369430739,0.0004330737412189762,1.3331787498250713e-05,1.800231720642322e-06,2.7685397802890487e-07,0.003909748214780199,0.2894459999983369,0.6535349037442486,0.05179856683072784,0.0007558269437962803
P03,3,A,alpha,1799551287-α-9,P03-T03-Aα,19,65,F4,10,10,R1,R,False,65,True,R4,False,0.001440600252991612,False,0.39383912086486816,valid,False,2.6690041480322436e-05,6.377887366098165e-05,2.421831271968945e-06,3.1463389266888417e-07,4.482805428681066e-08,0.001440600252991612,0.0550530596892223,0.4549158170540151,0.481433782766168,0.007063490029242831
P03,3,A,alpha,1799551287-α-9,P03-T03-Aα,20,60,C4,7,7,L2,L,False,60,True,R2,False,0.058878324108600305,False,0.48902392387390137,valid,False,0.004756499351314398,0.058878324108600305,0.0021118245837851144,0.0002734046910479862,3.748865380492082e-05,0.015303390745503284,0.8456295467296495,0.0658613849533139,0.006995943714609431,0.00015219246837099986
P03,3,A,alpha,1799551287-α-9,P03-T03-Aα,21,59,B3,6,6,L3,L,False,59,True,L2,False,0.010496668385758964,False,0.41341090202331543,valid,False,0.008242219111670827,0.789230097561461,0.010496668385758964,0.001028602772961797,0.00014389535385075103,0.004434903164234436,0.1811521720344804,0.0047164571324550646,0.0005439259896712136,1.1058493455678167e-05
P03,3,A,alpha,1799551287-α-9,P03-T03-Aα,22,57,A3,5,5,L2,L,False,57,True,L2,True,0.9277817409480397,False,0.4538590908050537,valid,False,0.01139069178947967,0.9277817409480397,0.03936182792068762,0.005767084287266242,0.0007598698750495575,0.0016107454420916315,0.012740254947706604,0.0005235077273628568,6.279037644794848e-05,1.486685868156657e-06
P03,3,A,alpha,1799551287-α-9,P03-T03-Aα,23,59,B3,6,6,L1,L,False,59,True,L2,False,0.008361314066701635,False,0.4223761558532715,valid,False,0.008361314066701635,0.8508381673369159,0.009642900478189295,0.001156283264460647,0.00016280735645404697,0.006745726434992275,0.11695927625917281,0.005508112154933798,0.0006097502470368381,1.566240114255416e-05
P03,3,A,alpha,1799551287-α-9,P03-T03-Aα,24,60,C4,7,7,L2,L,False,60,True,R2,False,0.179167566135323,False,0.2864539623260498,valid,False,0.004661832821050684,0.179167566135323,0.001193942244019119,0.00019708054837003775,3.054962884144277e-05,0.011554929347897685,0.7478935402357644,0.0492673033001241,0.005910327407317882,0.00012292833129175115
P03,3,A,alpha,1799551287-α-9,P03-T03-Aα,25,59,B3,6,6,L3,L,False,59,True,L2,False,0.006575481186534838,False,0.38010215759277344,valid,False,0.007018293482631043,0.7978503158598462,0.006575481186534838,0.0011307694561412515,0.0001611583760820065,0.005757573204954808,0.17549013673688962,0.005383548663701769,0.0006192523105684978,1.3470722649995247e-05
P03,3,A,alpha,1799551287-α-9,P03-T03-Aα,26,60,C4,7,7,L4,L,False,60,True,R2,False,0.00017534073020418795,False,0.27974390983581543,valid,False,0.005500562621170362,0.23750617570290491,0.0011507030518546544,0.00017534073020418795,2.7338384070465317e-05,0.010253644203918747,0.6925449218229851,0.04748306423371167,0.00524304233807335,0.00011520691110651267
P03,3,A,alpha,1799551287-α-9,P03-T03-Aα,27,64,E4,9,9,R2,R,False,64,True,R3,False,0.07279761594070097,False,0.3222537040710449,valid,False,0.00020619472946454564,0.002552716536052155,1.5813373345473785e-05,1.8962254826380895e-06,2.8212896210177894e-07,0.003452314709273315,0.07279761594070097,0.7751842300638303,0.14277041330676507,0.003018522986123402
P03,3,A,alpha,1799551287-α-9,P03-T03-Aα,28,59,B3,6,6,L4,L,False,59,True,L2,False,0.0012423965889679027,False,0.2955019474029541,valid,False,0.01022840824964962,0.810097496112529,0.007823676666280265,0.0012423965889679027,0.0001791457401726963,0.006517914693493848,0.15708762266254722,0.006154322041672346,0.00065349376575955,1.5523478927564264e-05
P03,3,A,alpha,1799551287-α-9,P03-T03-Aα,29,57,A3,5,6,L4,L,False,59,False,L2,False,0.001074432410247255,False,0.3240678310394287,valid,False,0.010199799154164522,0.8234973006134081,0.007341625469126534,0.001074432410247255,0.0001607076778093285,0.0076400852285917545,0.14342257995991692,0.006010814549154458,0.0006375323988861483,1.5122538694988512e-05
P03,4,A,gamma,1799551287-γ-8,P03-T04-Aγ,0,71,B4,13,13,R4,R,False,71,True,R5,False,0.02357037464269813,False,2.034189224243164,valid,False,4.68002661080568e-07,1.6063001871214854e-06,2.1604812195119708e-07,2.5932607914643963e-08,5.352083347712481e-10,4.2956323801068024e-05,0.0004470379181242249,0.0033200857526879003,0.02357037464269813,0.9726172285439022
P03,4,A,gamma,1799551287-γ-8,P03-T04-Aγ,1,65,F4,10,10,R2,R,False,65,True,R4,False,0.06277811667394188,False,0.8026039600372314,valid,False,4.043024068173531e-05,0.0001889954544644653,3.028261586302096e-05,3.937609502695191e-06,6.920520034648543e-08,0.00149149031399483,0.06277811667394188,0.337923160889192,0.5915927849818434,0.00595073201531567
P03,4,A,gamma,1799551287-γ-8,P03-T04-Aγ,2,57,A3,5,5,R4,R,False,57,True,L3,False,7.660272790964017e-05,False,0.47926807403564453,valid,False,0.006759016623169089,0.12015651748135635,0.8212909318973454,0.044295248303569415,0.0012497968101069382,0.0020409416161402292,0.0035171752330017477,0.0006131641543030158,7.660272790964017e-05,6.0515309826959e-07
P03,4,A,gamma,1799551287-γ-8,P03-T04-Aγ,3,64,E4,9,9,R2,R,False,64,True,R3,False,0.268563949559862,False,0.35096073150634766,valid,False,0.00020619426894968708,0.0017313270216604152,0.00047267492712723715,2.172378828740896e-05,4.473634843691711e-07,0.0037503919179748806,0.268563949559862,0.5615229329157375,0.1624958747966627,0.0012344834402537345
P03,4,A,gamma,1799551287-γ-8,P03-T04-Aγ,4,53,F3,3,3,L4,L,False,53,True,L4,True,0.7696714698570369,False,0.5778300762176514,valid,False,0.001586194356869348,0.00858418070820235,0.14922810314682164,0.7696714698570369,0.0707154467070265,0.00012013383067598614,7.892622413783645e-05,1.3925463075871836e-05,1.60595571473599e-06,1.3750438800449923e-08
P03,4,A,gamma,1799551287-γ-8,P03-T04-Aγ,5,72,C5,14,14,R5,R,False,72,True,R5,True,0.982572751464044,False,0.610435962677002,valid,False,9.131629304842892e-08,2.7350369585928974e-07,2.2324504825726628e-08,2.2834442664166415e-09,8.941619495092993e-11,9.381692153744798e-06,4.1149649392976515e-05,0.0007635126303926625,0.016612815046662444,0.982572751464044
P03,4,A,gamma,1799551287-γ-8,P03-T04-Aγ,6,57,A3,5,5,L2,L,False,57,True,L3,False,0.13791359840736755,False,0.42965197563171387,valid,False,0.004126802443184201,0.13791359840736755,0.8103796813695786,0.03876442250665748,0.0011905746823008623,0.0018925628926740692,0.005481311274292599,0.00024111118104696625,9.828223143301215e-06,1.0701975442724154e-07
P03,4,A,gamma,1799551287-γ-8,P03-T04-Aγ,7,67,G4,11,11,R3,R,False,67,True,R4,False,0.12129547134388799,False,0.6162471771240234,valid,False,9.688777968580422e-06,8.93329519938737e-05,2.0614294849820994e-05,4.4307543551219275e-07,1.4780922941120942e-08,0.0005220550801508792,0.005942480198603551,0.12129547134388799,0.8611162225925948,0.0110036769035921
P03,4,A,gamma,1799551287-γ-8,P03-T04-Aγ,8,62,D4,8,8,L4,L,False,62,True,R2,False,0.0001554507568871254,False,0.5656387805938721,valid,False,0.0011261853463955937,0.022052423536588973,0.00616306196642665,0.0001554507568871254,5.175708771436587e-06,0.011636551219543344,0.8443555946305891,0.10979046949280226,0.004657942031809413,5.714531018597229e-05
P03,4,A,gamma,1799551287-γ-8,P03-T04-Aγ,9,60,C4,7,7,L1,L,False,60,True,R2,False,0.0036158701802340553,False,0.4096250534057617,valid,False,0.0036158701802340553,0.11185208098987454,0.038826743781189534,0.0011961514547304184,4.1342260028926795e-05,0.011532449049126467,0.8116825227723923,0.02047304784608179,0.0007703651019779715,9.426564364009159e-06
P03,4,A,gamma,1799551287-γ-8,P03-T04-Aγ,10,52,E3,2,2,L5,L,False,52,True,L5,True,0.7889519823728909,False,0.6634519100189209,valid,False,0.0005635842158104119,0.0013554844056863774,0.014450159609692842,0.19455316354886673,0.7889519823728909,2.7715196395027396e-05,9.598671986372584e-05,1.856068867729009e-06,6.710214549893028e-08,7.597805931545985e-10
P03,4,A,gamma,1799551287-γ-8,P03-T04-Aγ,11,59,B3,6,6,R1,R,False,59,True,L3,False,0.004076629569491189,False,0.6299090385437012,valid,False,0.001479774161725812,0.10003279731419505,0.7841686668937781,0.015558764815405994,0.0005289387912865678,0.004076629569491189,0.09189156202584359,0.0021915830433800027,7.02724206558552e-05,1.0109642379750242e-06
P03,4,A,gamma,1799551287-γ-8,P03-T04-Aγ,12,67,G4,11,11,R5,R,False,67,True,R4,False,0.012143505431416091,False,0.8707602024078369,valid,False,5.2085288939109355e-06,0.0003808938888986867,0.00014013755216993277,2.019044653557255e-06,5.269652074269793e-08,0.0002803862737556441,0.0029982084509956653,0.12582212167429335,0.8582274664584024,0.012143505431416091
P03,4,A,gamma,1799551287-γ-8,P03-T04-Aγ,13,55,G3,4,4,L2,L,False,55,True,L4,False,0.009886059707344434,False,0.46332287788391113,valid,False,0.0018763875243722845,0.009886059707344434,0.09102028833114904,0.8552891036886736,0.0410313193269639,0.00033804378418626497,0.0005377299693208136,1.965871374701913e-05,1.3849834057977004e-06,2.3970837076292788e-08
P03,4,A,gamma,1799551287-γ-8,P03-T04-Aγ,14,59,B3,6,6,R2,R,False,59,True,L3,False,0.03252701555014076,False,0.42711901664733887,valid,False,0.0016331525687223651,0.08899766169347527,0.8389731321210402,0.032857455737257034,0.0009235079562020246,0.0029338468174443474,0.03252701555014076,0.0010965607405289447,5.670434583501261e-05,9.624693541953503e-07
P03,4,A,gamma,1799551287-γ-8,P03-T04-Aγ,15,59,B3,6,6,L3,L,False,59,True,L3,True,0.8394050436941998,False,0.3185598850250244,valid,False,0.0017152105538794347,0.08971386985890152,0.8394050436941998,0.03034686931817439,0.0006911357623302426,0.0030894128495198695,0.03383389348024404,0.0011418997919980826,6.156616868647784e-05,1.0985220661472551e-06
P03,4,A,gamma,1799551287-γ-8,P03-T04-Aγ,16,53,F3,3,3,L5,L,False,53,True,L4,False,0.03119216504832944,False,0.7735941410064697,valid,False,0.0011807468669753534,0.004265371746812991,0.13641558757733352,0.8267339332398211,0.03119216504832944,9.31929111350921e-05,0.00011366599595669077,5.079628845527729e-06,2.5288634100845397e-07,4.098449319796088e-09
P03,4,A,gamma,1799551287-γ-8,P03-T04-Aγ,17,57,A3,5,5,R5,R,False,57,True,L3,False,1.7636400171624434e-07,False,0.3237600326538086,valid,False,0.003947051060342979,0.12162264590618203,0.8396362254450872,0.0280148141518389,0.0007600722873660648,0.0014556971898064192,0.004357027931812945,0.0001965121009927459,9.777562569246126e-06,1.7636400171624434e-07
P03,4,A,gamma,1799551287-γ-8,P03-T04-Aγ,18,55,G3,4,4,L2,L,False,55,True,L3,False,0.09147350289825984,False,0.5708951950073242,valid,False,0.0025516290611503636,0.09147350289825984,0.6924958831629938,0.2080209057123189,0.004618512841490582,0.00032390926340051786,0.0004876109108885038,2.6790773936195807e-05,1.2309865025230302e-06,2.438905854652359e-08
P03,4,A,gamma,1799551287-γ-8,P03-T04-Aγ,19,60,C4,7,7,L1,L,False,60,True,R2,False,0.005254925083682508,False,0.38391804695129395,valid,False,0.005254925083682508,0.12115773595196992,0.01616787957995521,0.0016537187371080554,3.516743128223459e-05,0.01266653111195888,0.8148683219479451,0.027194820490486677,0.000983169769774059,1.7729895837304795e-05
P03,4,A,gamma,1799551287-γ-8,P03-T04-Aγ,20,55,G3,4,4,L3,L,False,55,True,L3,True,0.680910409183577,False,0.3912980556488037,valid,False,0.0026373253629399717,0.09638348159506747,0.680910409183577,0.2134560036981716,0.004483677502139356,0.0003120518529765501,0.0017823719926187557,3.348796159063093e-05,1.163213017382025e-06,2.7637901350238377e-08
P03,4,A,gamma,1799551287-γ-8,P03-T04-Aγ,21,50,D3,1,2,L5,L,False,52,False,L5,True,0.6249436615406633,False,0.5637781620025635,valid,False,0.0004344390943238242,0.003874363165418334,0.04116801023432827,0.3295280581841148,0.6249436615406633,1.517286259700618e-05,3.552239518207224e-05,7.448419603389182e-07,2.692307775308383e-08,7.583342342210151e-10
P03,4,A,gamma,1799551287-γ-8,P03-T04-Aγ,22,67,G4,11,11,R3,R,False,67,True,R4,False,0.15903679417256253,False,0.5708019733428955,valid,False,1.3193273372393431e-05,2.4346753670744436e-05,3.5144774956311062e-06,5.152468691099574e-07,2.2735150654331654e-08,0.0003601002681981211,0.0027955163038115623,0.15903679417256253,0.8198616326419365,0.017904364126932762
P03,4,A,gamma,1799551287-γ-8,P03-T04-Aγ,23,52,E3,2,2,L1,L,False,52,True,L5,False,0.0006887095780731543,False,0.6234819889068604,valid,False,0.0006887095780731543,0.005627159960986836,0.047870182807521915,0.326520528847463,0.6192399396597544,2.0084815489215018e-05,3.244908565979047e-05,9.01448920249158e-07,4.3069891327604044e-08,7.262401095563771e-10
P03,4,A,gamma,1799551287-γ-8,P03-T04-Aγ,24,50,D3,1,1,L2,L,False,50,True,L5,False,0.001048995771684315,False,0.42459774017333984,valid,False,0.00018330276659081452,0.001048995771684315,0.007032323288205434,0.0660569423665126,0.9256693830862659,3.880995400471467e-06,5.003263279717447e-06,1.6174607886722898e-07,6.588629766962197e-09,1.2735211422293207e-10
P03,4,A,gamma,1799551287-γ-8,P03-T04-Aγ,25,52,E3,2,2,L4,L,False,52,True,L5,False,0.30948516429421985,False,0.42313122749328613,valid,False,0.0007804171030355581,0.006635345684650918,0.04722437394984158,0.30948516429421985,0.6358165997276252,2.3589621774318414e-05,3.3332207289787994e-05,1.1305061304841014e-06,4.604723834028287e-08,8.581940302679977e-10
P03,4,A,gamma,1799551287-γ-8,P03-T04-Aγ,26,65,F4,10,10,R5,R,False,65,True,R3,False,0.0013810615689673824,False,0.6994428634643555,valid,False,7.869061719677282e-05,0.0001397566912194235,2.525369053661957e-05,3.7023668521537678e-06,6.58401550780521e-07,0.0008580871793597433,0.0585127448477379,0.7972888429940111,0.14171120164256826,0.0013810615689673824
P03,4,A,gamma,1799551287-γ-8,P03-T04-Aγ,27,57,A3,5,5,R4,R,False,57,True,L3,False,9.135557676708816e-06,False,0.37285709381103516,valid,False,0.0031548000104968488,0.15773951077326778,0.7875486179464268,0.04080991660286059,0.0067594555037763585,0.001274722769399739,0.0026065389033949936,9.719122064950378e-05,9.135557676708816e-06,1.1071205069579739e-07
P03,4,A,gamma,1799551287-γ-8,P03-T04-Aγ,28,62,D4,8,8,R2,R,False,62,True,R2,True,0.878340150391216,False,0.37680912017822266,valid,False,0.0017505877854894001,0.021905292008299895,0.00848274358660442,0.0002946502950425248,5.0033698194400624e-05,0.012520647637314803,0.878340150391216,0.07067090309280243,0.005910551363440425,7.444014159559763e-05
P03,4,A,gamma,1799551287-γ-8,P03-T04-Aγ,29,53,F3,3,3,L3,L,False,53,True,L4,False,0.056707857701744434,False,0.38741207122802734,valid,False,0.0008874494301453007,0.009119217098511746,0.056707857701744434,0.6251007176146541,0.3080433575765675,7.398111425207612e-05,6.478067329473775e-05,2.4735838833316075e-06,1.6263748828020255e-07,2.5694586242399905e-09
P03,5,C,beta,1799551287-β-5,P03-T05-Cβ,0,62,D4,8,8,R2,R,False,62,True,R2,True,0.7933802206837023,False,0.4696650505065918,valid,False,0.0036687939139741768,0.005626879392590642,0.0008489988713604494,0.00014033856953726395,6.96456116789759e-06,0.027558267407082226,0.7933802206837023,0.1538999287609817,0.014531265623506923,0.00033834221609640113
P03,5,C,beta,1799551287-β-5,P03-T05-Cβ,1,64,E4,9,9,R3,R,False,64,True,R3,True,0.6461679015796641,False,0.40316295623779297,valid,False,0.00038062933237949313,0.0003854957549931783,7.072609917211224e-05,1.1690945561399815e-05,5.80421248470771e-07,0.010311232795582378,0.25728649355377725,0.6461679015796641,0.0840203792534213,0.0013648702642003077
P03,5,C,beta,1799551287-β-5,P03-T05-Cβ,2,57,A3,5,5,L4,L,False,57,True,L2,False,0.031264840729596045,False,0.4442100524902344,valid,False,0.02013569612922347,0.7650979438950811,0.17459939298548643,0.031264840729596045,0.0014808608054827132,0.002090996517282256,0.004614774867152951,0.0006456447602409748,6.873437553555549e-05,1.114934918519276e-06
P03,5,C,beta,1799551287-β-5,P03-T05-Cβ,3,60,C4,7,6,R1,R,False,59,False,R1,True,0.5199701398085217,False,0.6890718936920166,valid,False,0.026150553654738604,0.3405647730116143,0.0448380399995854,0.00835664379253683,0.0004319876753395651,0.5199701398085217,0.050554748930522635,0.00835664379253683,0.0007580976212276155,1.8371713376724962e-05
P03,5,C,beta,1799551287-β-5,P03-T05-Cβ,4,59,B3,6,6,L5,L,False,59,True,L5,True,0.8071307826189985,False,1.340062141418457,valid,False,0.0008872355031454276,0.006336635267286359,0.01742047561012706,0.16331964797968096,0.8071307826189985,0.002937349733712327,0.0014527898108538811,0.00042041444324377196,8.48802122055792e-05,9.788820746344852e-06
P03,5,C,beta,1799551287-β-5,P03-T05-Cβ,5,64,E4,9,9,R1,R,False,64,True,R1,True,0.609779979436488,False,1.0277659893035889,valid,False,0.00016393207628950476,0.00034446738084174843,0.00011505764501552816,1.7067630222673355e-05,1.0239964335517945e-06,0.609779979436488,0.2739918064996178,0.09684368682563403,0.016661458912038362,0.002081519597418915
P03,5,C,beta,1799551287-β-5,P03-T05-Cβ,6,59,B3,6,6,L5,L,False,59,True,L5,True,0.9302786306304504,False,0.9825971126556396,valid,False,0.00021045059732749857,0.001518490791308977,0.006569370477001037,0.060139881218234346,0.9302786306304504,0.0008201597535169375,0.0003380654186597329,0.00010182334734798698,1.8977222098886216e-05,4.1505440543586755e-06
P03,5,C,beta,1799551287-β-5,P03-T05-Cβ,7,57,A3,5,5,L3,L,False,57,True,L3,True,0.8338275184258859,False,1.5097260475158691,valid,False,0.0017819815764853614,0.12043193143173413,0.8338275184258859,0.037614202435818186,0.006011560261437856,0.00019573249022763236,9.886762631840308e-05,3.2258508810035935e-05,5.332295641985192e-06,6.149476403226765e-07
P03,5,C,beta,1799551287-β-5,P03-T05-Cβ,8,55,G3,4,4,L1,L,False,55,True,L1,True,0.8993253642440886,False,0.7979488372802734,valid,False,0.8993253642440886,0.0919867814608684,0.007401220262496652,0.0010425241990641206,0.00016557100994954267,4.8746144095644254e-05,2.1528984982578046e-05,7.024472798558073e-06,1.1156086896250712e-06,1.236129663069224e-07
P03,5,C,beta,1799551287-β-5,P03-T05-Cβ,9,57,A3,5,5,L3,L,False,57,True,L3,True,0.8050823845849611,False,0.5842411518096924,valid,False,0.0012952802284969664,0.12382603894221607,0.8050823845849611,0.06795825763534366,0.0014682039570216262,0.00021337450483336,0.00011659424224144223,3.374053360723597e-05,5.5772726932791786e-06,5.480985854618402e-07
P03,5,C,beta,1799551287-β-5,P03-T05-Cβ,10,59,B3,6,6,L1,L,False,59,True,L1,True,0.7249940862529702,False,0.7734999656677246,valid,False,0.7249940862529702,0.25625255417854004,0.014384676354453348,0.0005863511117230085,2.4876380448230384e-05,0.0021739603615522703,0.0011573854026986135,0.0003628243297012648,5.7622826172123666e-05,5.662801740591438e-06
P03,5,C,beta,1799551287-β-5,P03-T05-Cβ,11,60,C4,7,7,R2,R,False,60,True,R2,True,0.8358976478779689,False,0.7097241878509521,valid,False,0.0020500365147968227,0.04630696701962669,0.050605747381119025,0.005917298269058193,0.00038059619613748735,0.018240372726867096,0.8358976478779689,0.038417234531155954,0.002156542349149732,2.7557134120075777e-05
P03,5,C,beta,1799551287-β-5,P03-T05-Cβ,12,62,D4,8,8,R3,R,False,62,True,R3,True,0.673887214483174,False,0.7054359912872314,valid,False,0.0012834059435331056,0.010499549484562077,0.003784013685060251,0.0005138647972347484,2.6673709098088868e-05,0.0043625762214771786,0.2854955200000805,0.673887214483174,0.019946680915566038,0.00020050076021388736
P03,5,C,beta,1799551287-β-5,P03-T05-Cβ,13,57,A3,5,5,L3,L,False,57,True,L3,True,0.6956864101921485,False,0.6228458881378174,valid,False,0.0024462786181105797,0.09885396407795939,0.6956864101921485,0.1729015811769489,0.009506702331910156,0.0007563401426920471,0.013779315479111104,0.005958978052853558,0.0001091424901619581,1.2874381038430485e-06
P03,5,C,beta,1799551287-β-5,P03-T05-Cβ,14,53,F3,3,3,L2,L,False,53,True,L2,True,0.5775591704050703,False,1.044870138168335,valid,False,0.002433147486219955,0.5775591704050703,0.3719691410714297,0.04464806175881149,0.003093189876180723,2.8769514581302613e-05,0.00018319702325715118,8.364370542983693e-05,1.6595826842035941e-06,1.9576335311309884e-08
P03,5,C,beta,1799551287-β-5,P03-T05-Cβ,15,59,B3,6,6,L3,L,False,59,True,L3,True,0.8141213442085778,False,1.260909080505371,valid,False,0.0021003614026065707,0.08947755465967008,0.8141213442085778,0.05944554201352335,0.0006080096779767897,0.003284771440249706,0.02211280144441219,0.008183414028184927,0.0006584342745763659,7.766850222200032e-06
P03,5,C,beta,1799551287-β-5,P03-T05-Cβ,16,64,E4,9,9,R5,R,False,64,True,R5,True,0.8883816029322356,False,1.0258450508117676,valid,False,2.430758075429106e-05,0.0001382252343337761,0.00024319279787083552,8.114851042725751e-05,9.929190245106572e-06,0.0014392607457701671,0.0033754217916446274,0.012195600496325136,0.0941113107203932,0.8883816029322356
P03,5,C,beta,1799551287-β-5,P03-T05-Cβ,17,62,D4,8,8,R4,R,False,62,True,R4,True,0.5702366314445343,False,0.7346920967102051,valid,False,0.0007556138699736343,0.003007260549858282,0.0015286408222504096,0.00032236828761604547,2.2766614322623782e-05,0.0011124814888210368,0.03415015301874194,0.378662133812256,0.5702366314445343,0.01020195009162587
P03,5,C,beta,1799551287-β-5,P03-T05-Cβ,18,64,E4,9,9,R3,R,False,64,True,R3,True,0.6754068059674466,False,1.2025721073150635,valid,False,0.00029071818685169745,0.0005639989586653409,0.00017909676806995132,3.1606295501994167e-05,2.4817164527804586e-06,0.004177232949162735,0.21974365820961042,0.6754068059674466,0.09901934002505021,0.0005850609231882368
P03,5,C,beta,1799551287-β-5,P03-T05-Cβ,19,62,D4,8,8,R5,R,False,62,True,R5,True,0.8476578630030719,False,1.0793430805206299,valid,False,0.0008942139041759854,0.0014510025232167799,0.00027682638413097197,4.16761153701257e-05,4.582800657750104e-06,0.0012000525649589696,0.003422790481222165,0.016950060817404165,0.1281009314057912,0.8476578630030719
P03,5,C,beta,1799551287-β-5,P03-T05-Cβ,20,64,E4,9,9,R3,R,False,64,True,R3,True,0.7063269884020836,False,1.0185163021087646,valid,False,0.00020833934955770563,0.00025717402353881227,5.1298982759730795e-05,9.20019576615652e-06,9.864427069911926e-07,0.00282575078216911,0.14654169955256727,0.7063269884020836,0.14260495952403202,0.001173602744818523
P03,5,C,beta,1799551287-β-5,P03-T05-Cβ,21,60,C4,7,7,L1,L,False,60,True,L1,True,0.5730955134972306,False,0.8391561508178711,valid,False,0.5730955134972306,0.384157410990282,0.0309091542181966,0.002588432274558412,6.528796212387678e-05,0.003105165098581289,0.004094328708078861,0.0018058879195975964,0.0001774710810584567,1.3482502922904497e-06
P03,5,C,beta,1799551287-β-5,P03-T05-Cβ,22,62,D4,8,8,R3,R,False,62,True,R3,True,0.7563192797560263,False,0.6394550800323486,valid,False,0.0007233725033398518,0.001664692128342702,0.0005794289113491737,9.719843631354252e-05,7.69591237756421e-06,0.004172284029437507,0.1154068388839423,0.7563192797560263,0.12011668132589216,0.0009125281129788674
P03,5,C,beta,1799551287-β-5,P03-T05-Cβ,23,57,A3,5,5,L3,L,False,57,True,L3,True,0.8204545861522057,False,0.7449071407318115,valid,False,0.0022833470811005627,0.14109085904434737,0.8204545861522057,0.025818018660244527,0.0014810786254459642,0.0009385840124320652,0.004720309916256437,0.002900126876532208,0.0003103230460716729,2.7665853634245976e-06
P03,5,C,beta,1799551287-β-5,P03-T05-Cβ,24,55,G3,4,4,L2,L,False,55,True,L2,True,0.7664398430010172,False,0.6620621681213379,valid,False,0.005447525256554886,0.7664398430010172,0.21309886490777274,0.012450443098515814,0.0011326713953800128,0.00017605148901063292,0.0007180470402247391,0.0004862848686450352,4.987458186430341e-05,3.94361014601669e-07
P03,5,C,beta,1799551287-β-5,P03-T05-Cβ,25,57,A3,5,5,L4,L,False,57,True,L4,True,0.7173758639219929,False,0.7727718353271484,valid,False,0.0009414965608166277,0.01435117954031986,0.24133505704665045,0.7173758639219929,0.012022499498092133,0.00105275985256184,0.006709622481513257,0.00567232973133974,0.0005355826392761197,3.6087274370728086e-06
P03,5,C,beta,1799551287-β-5,P03-T05-Cβ,26,60,C4,7,7,R4,R,False,60,True,R4,True,0.6981661251406952,False,0.992110013961792,valid,False,0.002048797519007979,0.008813686435113524,0.0017305808023672154,0.00017701108452726906,2.640615841336052e-06,0.0006100488500350524,0.029060981266144686,0.25429412238607035,0.6981661251406952,0.005096005900197306
P03,5,C,beta,1799551287-β-5,P03-T05-Cβ,27,62,D4,8,8,R5,R,False,62,True,R5,True,0.8678061734010146,False,1.2841436862945557,valid,False,0.001899866486382163,0.004513463561758805,0.0007018527794669858,8.768261667097548e-05,1.408593520169476e-06,0.0003633402576559759,0.002929764254121467,0.014131806307363905,0.10756464174204497,0.8678061734010146
P03,5,C,beta,1799551287-β-5,P03-T05-Cβ,28,59,B3,6,6,L2,L,False,59,True,L2,True,0.843221764656253,False,0.7635331153869629,valid,False,0.011672433952101454,0.843221764656253,0.05127636831569356,0.004651687185713798,8.185793693670738e-05,0.0005613630349673724,0.015693128590900045,0.0606269066797136,0.012042050938037185,0.00017243870968323312
P03,5,C,beta,1799551287-β-5,P03-T05-Cβ,29,57,A3,5,5,L5,L,False,57,True,L5,True,0.8150482380124785,False,0.9544069766998291,valid,False,0.000397826773129767,0.0021907993784494933,0.020688725915345204,0.16144371999708737,0.8150482380124785,9.921130751148535e-05,8.049415886111765e-05,4.5195728412169574e-05,5.6463119410018445e-06,1.424167839997325e-07
P03,6,B,beta,1799551287-β-4,P03-T06-Bβ,0,62,D4,8,8,R4,R,False,62,True,R4,True,0.6012226468913687,False,1.391230821609497,valid,False,0.0008904207500815152,0.0004862488868285711,0.00011990749921191149,1.6889980995581287e-05,6.884728505326138e-07,0.001436716266547393,0.021825766724873713,0.3628114109479235,0.6012226468913687,0.011189303579318579
P03,6,B,beta,1799551287-β-4,P03-T06-Bβ,1,65,F4,10,10,R2,R,False,65,True,R2,True,0.6565991804648591,False,0.8416619300842285,valid,False,1.9766873308638824e-05,8.288168665681808e-06,1.6733523941535637e-06,3.118693390134657e-07,1.973876196331454e-08,0.012176951309086184,0.6565991804648591,0.3070693927056352,0.023737919701190817,0.0003864958167593033
P03,6,B,beta,1799551287-β-4,P03-T06-Bβ,2,60,C4,7,7,R3,R,False,60,True,R3,True,0.7662032267780152,False,0.7801661491394043,valid,False,0.005019433938100403,0.004765714358280869,0.000888205133620911,0.00014106245317662666,9.292454461796243e-06,0.003601849428410786,0.14862813433381725,0.7662032267780152,0.07039889172488611,0.0003441893972299617
P03,6,B,beta,1799551287-β-4,P03-T06-Bβ,3,57,A3,5,5,L5,L,False,57,True,L5,True,0.8285933105279333,False,0.9771811962127686,valid,False,0.0004468188361259721,0.0017166584574140546,0.019758072246733264,0.14944709689101804,0.8285933105279333,3.314941942637837e-05,3.5519073303832802e-06,1.2062118369036223e-06,1.336520811829536e-07,1.8501005969703501e-09
P03,6,B,beta,1799551287-β-4,P03-T06-Bβ,4,60,C4,7,7,R3,R,False,60,True,R3,True,0.7662856857754279,False,0.8469650745391846,valid,False,0.002677630283319634,0.017658144209753486,0.005593219486495969,0.0008883007224963626,5.844204139021256e-05,0.0024146517121689036,0.14281571004005245,0.7662856857754279,0.061256402974653346,0.0003518127542419713
P03,6,B,beta,1799551287-β-4,P03-T06-Bβ,5,57,A3,5,5,L5,L,False,57,True,L5,True,0.9284903287494815,False,1.1397051811218262,valid,False,0.00020368806468614066,0.001072139051786273,0.008818624084914723,0.06114608657807175,0.9284903287494815,0.0001893857974950317,5.2850786885717756e-05,2.4078401701770757e-05,2.7768445906598027e-06,4.1640386377767e-08
P03,6,B,beta,1799551287-β-4,P03-T06-Bβ,6,62,D4,8,8,R5,R,False,62,True,R5,True,0.8345405481860481,False,0.9074170589447021,valid,False,0.00015851811791488108,0.0001884334125330572,8.229601069015576e-05,1.2583542745112755e-05,1.678715376638316e-06,0.0007084065638474522,0.004660471152807744,0.020711432603306167,0.1389356316947308,0.8345405481860481
P03,6,B,beta,1799551287-β-4,P03-T06-Bβ,7,65,F4,10,10,R3,R,False,65,True,R3,True,0.6604841858608368,False,1.0926578044891357,valid,False,3.0127837384879717e-05,1.7095831987790377e-05,4.223771545120717e-06,5.716253183856575e-07,6.333789067700557e-08,0.0026320374788622336,0.24297855319705972,0.6604841858608368,0.09303475946367948,0.0008183815954348669
P03,6,B,beta,1799551287-β-4,P03-T06-Bβ,8,69,A4,12,12,R5,R,False,69,True,R5,True,0.9297436095950493,False,1.1666059494018555,valid,False,1.5443783354312167e-06,7.116851451829874e-07,1.8317086715134177e-07,2.478948118662275e-08,2.2488509963568154e-09,5.6913364138327715e-05,0.0006715770915688771,0.005779279247943403,0.06374615442862015,0.9297436095950493
P03,6,B,beta,1799551287-β-4,P03-T06-Bβ,9,64,E4,9,9,R4,R,False,64,True,R4,True,0.6888083673609674,False,0.7912552356719971,valid,False,0.0002903303487176017,0.0002116885599324115,5.698102853752548e-05,8.3538154929494e-06,7.578410436777538e-07,0.0009699405813628932,0.022435958807208306,0.2697320535954834,0.6888083673609674,0.01748556806125382
P03,6,B,beta,1799551287-β-4,P03-T06-Bβ,10,60,C4,7,7,R3,R,False,60,True,R3,True,0.7538445215875675,False,0.7447969913482666,valid,False,0.006497766280199268,0.012529968185992113,0.00340479979989537,0.00044272172877951745,3.707494560775014e-05,0.003543752315699189,0.17860669289453873,0.7538445215875675,0.04065761470039035,0.0004350875613302556
P03,6,B,beta,1799551287-β-4,P03-T06-Bβ,11,57,A3,5,5,L5,L,False,57,True,L5,True,0.8019384457867935,False,0.9662582874298096,valid,False,0.0003611263736056197,0.0029590553727310135,0.02878303980497551,0.1651272007930847,0.8019384457867935,0.00045693302023312065,0.0003119475615810361,5.6530885398260137e-05,5.555492805476268e-06,1.6490879164320248e-07
P03,6,B,beta,1799551287-β-4,P03-T06-Bβ,12,55,G3,4,4,L4,L,False,55,True,L4,True,0.8341587134459529,False,0.9648520946502686,valid,False,0.0002129466605825793,0.004826039673497605,0.07684622279501696,0.8341587134459529,0.08378470731746107,0.0001059939377131745,5.13155666905462e-05,1.235645955377622e-05,1.6722649535120537e-06,3.187857793465693e-08
P03,6,B,beta,1799551287-β-4,P03-T06-Bβ,13,62,D4,8,8,R1,R,False,62,True,R1,True,0.7519675074498219,False,0.7298827171325684,valid,False,0.002044134802724071,0.02607234959371073,0.008142287835143388,0.001063630013581693,3.974492200082373e-05,0.7519675074498219,0.15801549768613735,0.04572719122015273,0.006703924591540212,0.00022373188518714032
P03,6,B,beta,1799551287-β-4,P03-T06-Bβ,14,64,E4,9,9,R2,R,False,64,True,R2,True,0.8396612613581106,False,0.8140010833740234,valid,False,0.00040293068892789473,0.00018881238105823483,2.358837083132488e-05,3.192338847547606e-06,2.188768205170965e-07,0.049628805711724976,0.8396612613581106,0.10489905955639812,0.005017834921925638,0.00017429579535503895
P03,6,B,beta,1799551287-β-4,P03-T06-Bβ,15,59,B3,6,6,L3,L,False,59,True,L3,True,0.8253863202224193,False,0.891240119934082,valid,False,0.002384975023628205,0.09116212919803794,0.8253863202224193,0.06641025874153951,0.0005897223618398715,0.008539773987900838,0.004739120375364343,0.0007231428792714484,6.302974908596816e-05,1.5274609126713334e-06
P03,6,B,beta,1799551287-β-4,P03-T06-Bβ,16,62,D4,8,8,R5,R,False,62,True,R5,True,0.8196299033059893,False,0.9190430641174316,valid,False,0.0003654462577494006,0.0006561245203483392,0.00021612801281356854,3.094413523633386e-05,2.5313295607036e-06,0.0013783819508178048,0.005542155244302334,0.02304546721069476,0.14913291803248738,0.8196299033059893
P03,6,B,beta,1799551287-β-4,P03-T06-Bβ,17,60,C4,7,8,R5,R,False,62,False,R5,True,0.7896482806692952,False,0.43099284172058105,valid,False,0.0006458677157674126,0.0015293497645533837,0.00039481972106332415,7.365138228019038e-05,9.178547310502658e-06,0.00037644114031281343,0.004549958852024326,0.021123968066042526,0.18164848414135046,0.7896482806692952
P03,6,B,beta,1799551287-β-4,P03-T06-Bβ,18,57,A3,5,5,L5,L,False,57,True,L5,True,0.7956926754379733,False,0.9988431930541992,valid,False,0.00019006332931700764,0.0019053794691744116,0.022217308832570243,0.17990281685900184,0.7956926754379733,6.304692926705176e-05,2.0204264085910656e-05,7.007411005918269e-06,1.3059990509153097e-06,1.9146855339981403e-07
P03,6,B,beta,1799551287-β-4,P03-T06-Bβ,19,60,C4,7,7,L3,L,False,60,True,R3,False,0.04367541814561305,False,0.8237862586975098,valid,False,0.0006442827385392595,0.029921693619944817,0.04367541814561305,0.005869277159177802,0.00019979386147585333,0.002077538567208024,0.1445559989089603,0.709970106867121,0.06240634595380073,0.0006795441781589337
P03,6,B,beta,1799551287-β-4,P03-T06-Bβ,20,57,A3,5,5,L5,L,False,57,True,L5,True,0.9015458796501702,False,1.0227227210998535,valid,False,0.00021235617053609878,0.0014286907930448035,0.013265489700421585,0.08344434646619713,0.9015458796501702,6.001345233440962e-05,2.7956141983417002e-05,1.335467102147907e-05,1.8073581852236538e-06,1.0559610560808343e-07
P03,6,B,beta,1799551287-β-4,P03-T06-Bβ,21,53,F3,3,3,L4,L,False,53,True,L4,True,0.7545444527390397,False,0.8290832042694092,valid,False,0.00014795785666847516,0.005703256828861893,0.11531683468489447,0.7545444527390397,0.12426845186528106,8.97687752605033e-06,6.899305453496352e-06,2.544335389471256e-06,6.028236811630282e-07,2.2683204284249713e-08
P03,6,B,beta,1799551287-β-4,P03-T06-Bβ,22,50,D3,1,1,L3,L,False,50,True,L3,True,0.667351516479769,False,1.1311771869659424,valid,False,9.725328376611993e-05,0.030472670797089277,0.667351516479769,0.28565614031661435,0.01642192283477271,2.3415608176317015e-07,1.810598204293098e-07,6.660818555813607e-08,1.399678242299825e-08,4.671183983786682e-10
P03,6,B,beta,1799551287-β-4,P03-T06-Bβ,23,55,G3,4,4,L2,L,False,55,True,L2,True,0.9667259970351089,False,0.6658170223236084,valid,False,0.008014513178592822,0.9667259970351089,0.02342760672774251,0.0014827746582330391,0.0001883714349548722,6.969464783623498e-05,6.288693529407656e-05,2.3142491360654905e-05,4.8630722123256686e-06,1.498186645270669e-07
P03,6,B,beta,1799551287-β-4,P03-T06-Bβ,24,64,E4,9,9,R4,R,False,64,True,R4,True,0.6445088678498718,False,1.144995927810669,valid,False,0.00018308888791487477,9.714880357731527e-05,1.29206777386604e-06,1.2199732759318082e-07,1.2707108733628246e-08,0.0023110824041888056,0.03873713490523297,0.3014151594035513,0.6445088678498718,0.01274609097345276
P03,6,B,beta,1799551287-β-4,P03-T06-Bβ,25,60,C4,7,7,R5,R,False,60,True,R5,True,0.7306185494288658,False,1.0213661193847656,valid,False,0.0010764453113852146,0.0079242272756272,0.0001241694024830886,1.0822710845951462e-05,1.0985654602504418e-06,0.0018579302922006006,0.007443541050138613,0.036599450441838356,0.21434376552115494,0.7306185494288658
P03,6,B,beta,1799551287-β-4,P03-T06-Bβ,26,57,A3,5,5,L1,L,False,57,True,L1,True,0.7162802667447498,False,1.0735669136047363,valid,False,0.7162802667447498,0.2742586185009203,0.007799592777902076,0.0006798191475786646,4.85127574399537e-05,0.00058218004073556,0.00027092087480394127,7.237252969960324e-05,7.402566788320583e-06,3.140593818924818e-07
P03,6,B,beta,1799551287-β-4,P03-T06-Bβ,27,50,D3,1,1,L3,L,False,50,True,L3,True,0.7247543625098906,False,1.4598228931427002,valid,False,0.0002015793508911183,0.029542585158838928,0.7247543625098906,0.236472704551879,0.00902864556648238,9.173696382071563e-08,2.2676821988526027e-08,7.398988821119517e-09,1.0013442477707409e-09,4.7899191437764455e-11
P03,6,B,beta,1799551287-β-4,P03-T06-Bβ,28,53,F3,3,3,L1,L,False,53,True,L1,True,0.6302549107532862,False,0.7922618389129639,valid,False,0.6302549107532862,0.3323286396561355,0.03265912701802825,0.004419932205245364,0.00032828418034834485,7.278244828920871e-06,1.3150565082692566e-06,4.4658730617849636e-07,6.29055827516862e-08,3.392730029576118e-09
P03,6,B,beta,1799551287-β-4,P03-T06-Bβ,29,62,D4,8,8,R4,R,False,62,True,R4,True,0.5362037168812448,False,0.905832052230835,valid,False,7.830403646559628e-05,1.0938289551602017e-05,1.4222916896097669e-06,1.849387548930561e-07,1.0805169917272409e-08,0.0030469375231535244,0.036242189594482756,0.4217927829062294,0.5362037168812448,0.0026235127332579636
P03,7,A,beta,1799551287-β-2,P03-T07-Aβ,0,57,A3,5,5,L1,L,False,57,True,L3,False,0.001545109087124056,False,0.5257079601287842,valid,False,0.001545109087124056,0.12455180470862054,0.7832225797849515,0.08640604197339138,0.004274464445912465,,,,,
P03,7,A,beta,1799551287-β-2,P03-T07-Aβ,1,60,C4,7,7,R5,R,False,60,True,L2,False,0.0,False,0.4218916893005371,valid,False,0.013184187853066692,0.9524315316447723,0.03178575462430784,0.002457189511026532,0.00014133636682665967,,,,,
P03,7,A,beta,1799551287-β-2,P03-T07-Aβ,2,60,C4,7,7,R5,R,False,60,True,L2,False,0.0,False,0.4071688652038574,valid,False,0.0085875102754205,0.8891881488331376,0.09852485526906864,0.0035619525161344145,0.00013753310623896658,,,,,
P03,7,A,beta,1799551287-β-2,P03-T07-Aβ,3,60,C4,7,7,L2,L,False,60,True,L2,True,0.9279482629974594,False,0.3460681438446045,valid,False,0.006773215790668641,0.9279482629974594,0.06112836394536481,0.004026815963388691,0.00012334130311845773,,,,,
P03,7,A,beta,1799551287-β-2,P03-T07-Aβ,4,64,E4,9,9,R3,R,False,64,True,L2,False,0.0,False,0.7338769435882568,valid,False,0.006631676093772135,0.9739392543430897,0.01865796550100437,0.0007605397955732598,1.056426656061254e-05,,,,,
P03,7,A,beta,1799551287-β-2,P03-T07-Aβ,5,59,B3,6,6,L5,L,False,59,True,L3,False,0.0028245531111360965,False,0.3128929138183594,valid,False,0.0009833269613221493,0.04380991821556094,0.8801804029740264,0.07090897776147728,0.0028245531111360965,0.0006530558362499752,0.0004584156702399693,0.00015569238489668947,2.472666383374024e-05,9.304212567206945e-07
P03,7,A,beta,1799551287-β-2,P03-T07-Aβ,6,57,A3,5,5,L4,L,False,57,True,L3,False,0.04144347284227591,False,0.5579168796539307,valid,False,0.0012004618338258089,0.08099854900103094,0.8739317125554076,0.04144347284227591,0.002384776054490465,2.001213736777166e-05,1.3473940943036332e-05,6.301309818572329e-06,1.1744001651434984e-06,6.592467474269782e-08
P03,7,A,beta,1799551287-β-2,P03-T07-Aβ,7,60,C4,7,7,R3,R,False,60,True,L2,False,0.0006955704520885727,False,0.49545907974243164,valid,False,0.004938082136235639,0.931668462331168,0.05229898817300216,0.0038822297908808617,0.0003122337075307143,0.003879477862218707,0.002218823331000517,0.0006955704520885727,0.00010197547092834,4.156744946770945e-06
P03,7,A,beta,1799551287-β-2,P03-T07-Aβ,8,60,C4,7,7,R3,R,False,60,True,L2,False,0.0011404532715676137,False,0.29820799827575684,valid,False,0.005427213257822929,0.9293984844239831,0.048980672916159776,0.0043950985091954125,0.00031976821989653344,0.0062287033567556,0.003940965681161688,0.0011404532715676137,0.0001606424469672538,7.99791648993962e-06
P03,7,A,beta,1799551287-β-2,P03-T07-Aβ,9,65,F4,10,10,R1,R,False,65,True,R2,False,0.05687434479680181,False,0.35634589195251465,valid,False,0.0005983763069159525,0.001544166070443326,8.381396464367456e-05,7.590197468684651e-06,4.979206135582883e-07,0.05687434479680181,0.7357161342326362,0.1814253650246235,0.022665509350731486,0.001084202135121961
P03,7,A,beta,1799551287-β-2,P03-T07-Aβ,10,60,C4,7,7,L5,L,False,60,True,L2,False,0.00024823024202566714,False,0.3565073013305664,valid,False,0.0052587536632620205,0.9230137334450693,0.05569520474791636,0.004821535822473351,0.00024823024202566714,0.005027190611453118,0.004854441468177773,0.000941664761295784,0.0001326414113131168,6.603827013456108e-06
P03,7,A,beta,1799551287-β-2,P03-T07-Aβ,11,57,A3,5,5,L4,L,False,57,True,L3,False,0.08248866015129094,False,0.6047906875610352,valid,False,0.0007821531454765337,0.0905636438195099,0.8223992703418698,0.08248866015129094,0.0036859481449457478,3.4126203784789206e-05,3.898882254924757e-05,5.697236806162398e-06,1.4049212992560243e-06,1.0721246768723057e-07
P03,7,A,beta,1799551287-β-2,P03-T07-Aβ,12,52,E3,2,2,L3,L,False,52,True,L4,False,0.030937908706926417,False,0.5220479965209961,valid,False,1.921297116212973e-05,0.0005032167855980591,0.030937908706926417,0.8906773591682885,0.07786175303076907,3.2826573426175557e-07,1.8277795389624586e-07,3.018945855372974e-08,7.4446288223906995e-09,6.594802641846921e-10
P03,7,A,beta,1799551287-β-2,P03-T07-Aβ,13,55,G3,4,4,L4,L,False,55,True,L3,False,0.06117065771147401,False,0.38681507110595703,valid,False,0.0003145292258942168,0.03992607308080824,0.8921797496922381,0.06117065771147401,0.006390687509108246,9.857548896309753e-06,7.04256079530574e-06,1.1067445899302336e-06,2.7291985573559373e-07,2.3006339656906443e-08
P03,7,A,beta,1799551287-β-2,P03-T07-Aβ,14,60,C4,7,7,R2,R,False,60,True,L2,False,0.002949425883480518,False,0.4712388515472412,valid,False,0.005407250495682305,0.9801844197328541,0.008738519112317012,0.00026921115011070137,3.5767899703372945e-05,0.0017884952504070813,0.002949425883480518,0.0004905346978914602,0.00012590101668349984,1.0474760869971737e-05
P03,7,A,beta,1799551287-β-2,P03-T07-Aβ,15,57,A3,5,5,L5,L,False,57,True,L3,False,0.0008126778015369863,False,0.5530831813812256,valid,False,0.0013960049910628851,0.07765116767661984,0.9097053297541715,0.010310066351106961,0.0008126778015369863,6.219122343038875e-05,5.287484682353856e-05,7.697349221158397e-06,1.8237156987626354e-06,1.662903278421597e-07
P03,7,A,beta,1799551287-β-2,P03-T07-Aβ,16,62,D4,8,8,R1,R,False,62,True,L2,False,0.006081387165335936,False,0.5811951160430908,valid,False,0.01045963176936292,0.9354681533357416,0.003552044148769309,5.3264950902598494e-05,4.710220505680029e-06,0.006081387165335936,0.03735087432270191,0.005740367624285122,0.0012062582998153438,8.330816257947765e-05
P03,7,A,beta,1799551287-β-2,P03-T07-Aβ,17,67,G4,11,11,R2,R,False,67,True,R3,False,0.16227438417364656,False,0.46026110649108887,valid,False,0.0001297805925104139,0.00041041999217972643,9.122023684533432e-06,2.3008457384133302e-07,9.599742640005286e-09,0.006934089684968795,0.16227438417364656,0.6670976224648101,0.1518565607042268,0.011287780679656571
P03,7,A,beta,1799551287-β-2,P03-T07-Aβ,18,60,C4,7,7,R1,R,False,60,True,L2,False,0.00316466620902182,False,0.39792704582214355,valid,False,0.006685966704146563,0.9533773715851397,0.030569745418580492,0.0010618480229891288,4.4747063116756996e-05,0.00316466620902182,0.004194057464126134,0.0007408262275248429,0.00014370550294547085,1.7065802409202512e-05
P03,7,A,beta,1799551287-β-2,P03-T07-Aβ,19,59,B3,6,6,L3,L,False,59,True,L2,False,0.1664140583890064,False,0.40752506256103516,valid,False,0.003436103641229155,0.8242542270759305,0.1664140583890064,0.004732620236501018,0.00020399951963757655,0.00044945672734337584,0.00043801805419394326,5.582569734709816e-05,1.3766447475717396e-05,1.92421133528017e-06
P03,7,A,beta,1799551287-β-2,P03-T07-Aβ,20,64,E4,9,9,R4,R,False,64,True,R2,False,0.013900295507044356,False,0.49980688095092773,valid,False,0.006509375881743551,0.03843334233954139,0.0013124690042696863,4.0433772082281766e-05,1.8772012797038173e-06,0.02855722872743595,0.8221395088163459,0.08752374249968171,0.013900295507044356,0.0015817262505755246
P03,7,A,beta,1799551287-β-2,P03-T07-Aβ,21,60,C4,7,7,R3,R,False,60,True,L2,False,0.0007031603309505502,False,0.3585319519042969,valid,False,0.005195691131936258,0.9418345795769275,0.03143209968219102,0.0007928110593022573,3.5375220713796624e-05,0.003039654866413239,0.01686196679906873,0.0007031603309505502,9.904605387201392e-05,5.615278624501567e-06
P03,7,A,beta,1799551287-β-2,P03-T07-Aβ,22,65,F4,10,10,R4,R,False,65,True,R2,False,0.038017418210877015,False,0.5191957950592041,valid,False,0.0014497491738625057,0.006239473517760051,0.00011058668661514265,2.9031597350464646e-06,1.4285449138217054e-07,0.017667779166087243,0.7048918795252862,0.22999197768295868,0.038017418210877015,0.0016280900223269081
P03,7,A,beta,1799551287-β-2,P03-T07-Aβ,23,62,D4,8,8,R3,R,False,62,True,L2,False,0.008992218245464149,False,0.41255617141723633,valid,False,0.010328529752748013,0.8800542656386936,0.00935919763376846,0.00025572811847444677,1.0471013074450866e-05,0.018532524616641614,0.0710319085464731,0.008992218245464149,0.0013721235330643553,6.303290159769043e-05
P03,7,A,beta,1799551287-β-2,P03-T07-Aβ,24,62,D4,8,8,R3,R,False,62,True,L2,False,0.008348307194617193,False,0.3699610233306885,valid,False,0.011978573351345223,0.8989485613188752,0.009043613220906618,0.0003018149454380905,1.1144428974844635e-05,0.017965556974039957,0.05212512325291705,0.008348307194617193,0.0012239199567337725,5.338535615172365e-05
P03,7,A,beta,1799551287-β-2,P03-T07-Aβ,25,57,A3,5,5,L4,L,False,57,True,L3,False,0.02695581632489458,False,0.3902599811553955,valid,False,0.0014007695862847723,0.022121284565818886,0.9478526836395513,0.02695581632489458,0.0014330008068024708,0.00016524505337094797,6.167455116472034e-05,8.02012792225519e-06,1.4361334127956439e-06,6.921077739923536e-08
P03,7,A,beta,1799551287-β-2,P03-T07-Aβ,26,52,E3,2,2,L2,L,False,52,True,L4,False,0.0003248992121830909,False,0.44005894660949707,valid,False,2.8813468909052944e-05,0.0003248992121830909,0.01719716494579096,0.9021172869617766,0.08033054287694665,1.0086396729838962e-06,2.4364336065359046e-07,3.447571280507349e-08,5.475343970903159e-09,3.0030342605408897e-10
P03,7,A,beta,1799551287-β-2,P03-T07-Aβ,27,55,G3,4,4,L4,L,False,55,True,L3,False,0.06693743091367911,False,0.4460740089416504,valid,False,0.0005600154166424366,0.025996031250449452,0.9012280345577994,0.06693743091367911,0.0052384253584894114,2.911863069702134e-05,9.51289295525203e-06,1.211081297784496e-06,2.0836031695597695e-07,1.1537673266227166e-08
P03,7,A,beta,1799551287-β-2,P03-T07-Aβ,28,59,B3,6,6,L2,L,False,59,True,L2,True,0.9474979210398508,False,0.3267641067504883,valid,False,0.005140545062590623,0.9474979210398508,0.04354630012750632,0.0021680426216156797,0.00019404735181818855,0.000894303731473043,0.0004835170273373997,6.417283701973994e-05,1.0607698613388077e-05,5.425021748828881e-07
P03,7,A,beta,1799551287-β-2,P03-T07-Aβ,29,64,E4,9,9,R1,R,False,64,True,R2,False,0.026650198247853682,False,0.35999321937561035,valid,False,0.008794112317666499,0.014001271809099169,0.0004505873115133727,2.3348946574392654e-05,1.928392387393262e-06,0.026650198247853682,0.8311386179329668,0.10383432390480207,0.014625938902634734,0.00047967223450178946
P03,8,A,alpha,1799551287-α-2,P03-T08-Aα,0,57,A3,5,5,L5,L,False,57,True,L2,False,0.00041064438441197946,False,0.6078453063964844,valid,False,0.008954327748862847,0.9650085513230537,0.02246900856856146,0.0030391608283586503,0.00041064438441197946,6.491927747622682e-05,4.322337206353451e-05,8.498521793762002e-06,1.5839032971610036e-06,8.207212064414571e-08
P03,8,A,alpha,1799551287-α-2,P03-T08-Aα,1,59,B3,6,6,L4,L,False,59,True,L2,False,0.004251232616075496,False,0.4125850200653076,valid,False,0.015810781236963195,0.9464717783319669,0.030765647094726713,0.004251232616075496,0.0005882005025206717,0.0011080392344348848,0.0007903222443291779,0.0001813622536145987,3.12024442257652e-05,1.43404114224943e-06
P03,8,A,alpha,1799551287-α-2,P03-T08-Aα,2,60,C4,7,7,L2,L,False,60,True,L2,True,0.9604513649251574,False,0.4216880798339844,valid,False,0.016765871721659595,0.9604513649251574,0.008185261707436345,0.0007201753743785212,0.00011421134218166092,0.006783427037788328,0.005691264552293385,0.0010697268609672602,0.00020750566173013225,1.1190816407578309e-05
P03,8,A,alpha,1799551287-α-2,P03-T08-Aα,3,59,B3,6,6,L4,L,False,59,True,L2,False,0.003509693531824741,False,0.3201308250427246,valid,False,0.01607112701986557,0.9491138129781697,0.029773437946292912,0.003509693531824741,0.0004687955866872443,0.0005677808976141719,0.0004014758791569984,7.851455328551128e-05,1.4633069472778864e-05,7.28537630272944e-07
P03,8,A,alpha,1799551287-α-2,P03-T08-Aα,4,57,A3,5,5,L2,L,False,57,True,L2,True,0.7497570051842052,False,0.38811802864074707,valid,False,0.022192383866622745,0.7497570051842052,0.20399623852429327,0.0211020502792973,0.002749058031456588,0.00011871589085232954,6.95663756415116e-05,1.2522217165977258e-05,2.333815402052134e-06,1.2581506302468538e-07
P03,8,A,alpha,1799551287-α-2,P03-T08-Aα,5,59,B3,6,6,L1,L,False,59,True,L2,False,0.007520837876992701,False,0.35161495208740234,valid,False,0.007520837876992701,0.9449718077059117,0.04128578667844388,0.0041242788041621304,0.0005690964186416486,0.0008376527029058156,0.0005739147171003559,9.547938620352219e-05,2.006366309746864e-05,1.0820465408793824e-06
P03,8,A,alpha,1799551287-α-2,P03-T08-Aα,6,64,E4,9,9,R2,R,False,64,True,R2,True,0.846562009480421,False,0.4020209312438965,valid,False,0.0020178622815911593,0.009150587617655524,0.0001790219993524234,2.217354467221126e-05,2.561632590820228e-06,0.0276052568005923,0.846562009480421,0.10351881883985886,0.0105883402651644,0.00035336753810112203
P03,8,A,alpha,1799551287-α-2,P03-T08-Aα,7,65,F4,10,10,R3,R,False,65,True,R3,True,0.6721426461489177,False,0.4424021244049072,valid,False,0.0002468613595665044,0.0006494419828196186,1.3710375412387414e-05,1.3940106470582948e-06,1.4124181632409557e-07,0.00964006141972308,0.290171053587956,0.6721426461489177,0.026323724085331793,0.0008109657878095463
P03,8,A,alpha,1799551287-α-2,P03-T08-Aα,8,67,G4,11,11,R2,R,False,67,True,R3,False,0.2153517851021005,False,0.48395800590515137,valid,False,8.189439594750638e-05,0.00014617667376587762,2.9447625325805142e-06,2.8841418646871184e-07,3.4930235602794896e-08,0.006430359139252361,0.2153517851021005,0.7135680989834362,0.06274265567069874,0.0016757619278440908
P03,8,A,alpha,1799551287-α-2,P03-T08-Aα,9,69,A4,12,12,R1,R,False,69,True,R4,False,0.00223231959111028,False,0.4261128902435303,valid,False,1.417483447522365e-05,1.7582117538132434e-05,3.267340013931389e-07,3.6141881861043076e-08,4.783045239638847e-09,0.00223231959111028,0.04457597349251658,0.4582505347454239,0.4799278741887726,0.014981173371234962
P03,8,A,alpha,1799551287-α-2,P03-T08-Aα,10,67,G4,11,12,R3,R,False,69,False,R4,False,0.3040095351999349,False,0.30745601654052734,valid,False,1.26699879699941e-05,1.6678381288099047e-05,3.2136245346983104e-07,3.277146367164128e-08,4.3427190418430125e-09,0.001508649906285363,0.026926121959359506,0.3040095351999349,0.6500563599223114,0.017469626166214704
P03,8,A,alpha,1799551287-α-2,P03-T08-Aα,11,65,F4,10,10,R4,R,False,65,True,R3,False,0.030858087019453705,False,0.3666360378265381,valid,False,0.0005843975665720009,0.001373869277245678,2.9090438585976802e-05,3.342114847980815e-06,4.723699000320547e-07,0.015835632486530145,0.4653206481247439,0.48460442210452453,0.030858087019453705,0.0013900384975960146
P03,8,A,alpha,1799551287-α-2,P03-T08-Aα,12,60,C4,7,7,L1,L,False,60,True,L2,False,0.01005179798813894,False,0.47000980377197266,valid,False,0.01005179798813894,0.9265369787548734,0.009312038019041177,0.0007164690797550083,9.16994325098123e-05,0.010060731499233611,0.03893759209373431,0.0039958425824654295,0.0002856694301865294,1.1181120061832052e-05
P03,8,A,alpha,1799551287-α-2,P03-T08-Aα,13,64,E4,9,9,R5,R,False,64,True,R2,False,0.00031921542099142214,False,0.42861199378967285,valid,False,0.0025885746613403446,0.010397935867463085,0.0002490917000318499,2.9382419505106276e-05,2.9714180258346918e-06,0.01809576858542779,0.8419142187896611,0.11859070740968686,0.007812133727866531,0.00031921542099142214
P03,8,A,alpha,1799551287-α-2,P03-T08-Aα,14,62,D4,8,8,R4,R,False,62,True,R2,False,0.0015767828693578104,False,0.46185803413391113,valid,False,0.006470400574465625,0.10477138745197326,0.001703561188836991,0.00017892557858009635,2.864614510571649e-05,0.011675662192374536,0.8108665595864795,0.06268382892298424,0.0015767828693578104,4.4245489842158305e-05
P03,8,A,alpha,1799551287-α-2,P03-T08-Aα,15,57,A3,5,5,L2,L,False,57,True,L2,True,0.6777980944324034,False,0.6003067493438721,valid,False,0.005724720153424378,0.6777980944324034,0.27589454871434393,0.03383472921500592,0.003859661485563375,0.000534804777277503,0.002251148493602579,9.81605817319926e-05,4.0012416551945736e-06,1.309049918942729e-07
P03,8,A,alpha,1799551287-α-2,P03-T08-Aα,16,59,B3,6,6,L1,L,False,59,True,L2,False,0.012297887872322165,False,0.3640758991241455,valid,False,0.012297887872322165,0.8884048310573037,0.06841998128477808,0.007163787708775754,0.0008645842241011956,0.0032051352772364734,0.018380536486120837,0.0012085575365734925,5.336647868736478e-05,1.332074100863954e-06
P03,8,A,alpha,1799551287-α-2,P03-T08-Aα,17,64,E4,9,9,R3,R,False,64,True,R2,False,0.3046858048480704,False,0.505882978439331,valid,False,0.002230692547360347,0.010110909265290595,0.00017879625852883463,1.9687254436163e-05,2.5490578001985124e-06,0.015788488485127466,0.6515024112295632,0.3046858048480704,0.015169412996688537,0.00031124805713430334
P03,8,A,alpha,1799551287-α-2,P03-T08-Aα,18,62,D4,8,8,R4,R,False,62,True,R2,False,0.002863355768270527,False,0.41295504570007324,valid,False,0.009813891516751742,0.09940278350343164,0.0020782887911098675,0.00020224925807064596,2.930619531431078e-05,0.017319521662405937,0.8059278984992966,0.06230204700950214,0.002863355768270527,6.065779584654861e-05
P03,8,A,alpha,1799551287-α-2,P03-T08-Aα,19,64,E4,9,9,R3,R,False,64,True,R2,False,0.2812398924105053,False,0.4493398666381836,valid,False,0.001949142228176441,0.008568041615633362,0.00018615963467700307,1.8195961010333273e-05,2.4694683872664796e-06,0.014499629981323751,0.6780411740452948,0.2812398924105053,0.015168304413653964,0.00032699024133788277
P03,8,A,alpha,1799551287-α-2,P03-T08-Aα,20,65,F4,10,10,R1,R,False,65,True,R3,False,0.00382279246692203,False,0.3075120449066162,valid,False,0.00026777887630561454,0.0006998641938648152,1.2783677151029616e-05,1.3543666778107552e-06,1.9240186302972878e-07,0.00382279246692203,0.21787779712710628,0.7354531560225567,0.04128448848894137,0.0005797923786113388
P03,8,A,alpha,1799551287-α-2,P03-T08-Aα,21,64,E4,9,9,R2,R,False,64,True,R2,True,0.6687127792283609,False,0.29984116554260254,valid,False,0.0015974133079042084,0.007240487280284112,0.0001231031451708525,1.4098169767786773e-05,2.1497565880359847e-06,0.01083325311017154,0.6687127792283609,0.30047202038262766,0.010862914399691545,0.00014178121943347603
P03,8,A,alpha,1799551287-α-2,P03-T08-Aα,22,59,B3,6,6,L1,L,False,59,True,L2,False,0.009593358259907791,False,0.42516303062438965,valid,False,0.009593358259907791,0.9169665657384958,0.05791075069319296,0.0058346360664171424,0.0007773961221092987,0.0032473719660672568,0.004827440083174569,0.0008033787649462142,3.842953444318773e-05,6.727712459959839e-07
P03,8,A,alpha,1799551287-α-2,P03-T08-Aα,23,60,C4,7,7,L2,L,False,60,True,L2,True,0.9106328887750771,False,0.4898660182952881,valid,False,0.009636914778979579,0.9106328887750771,0.009914455627079651,0.0010447567585034985,0.00011431271561878195,0.011820106150073952,0.04859073929661127,0.007800125629762606,0.0004378582023031719,7.842065990380683e-06
P03,8,A,alpha,1799551287-α-2,P03-T08-Aα,24,59,B3,6,6,L3,L,False,59,True,L2,False,0.060170558434761955,False,0.4796478748321533,valid,False,0.009928637963851052,0.9155453933675957,0.060170558434761955,0.006938445562232418,0.0009038070652394634,0.002341204145994374,0.003621963324618866,0.0005166032775010665,3.269673497342871e-05,6.901232317741312e-07
P03,8,A,alpha,1799551287-α-2,P03-T08-Aα,25,62,D4,8,8,R1,R,False,62,True,R2,False,0.019741917218977768,False,0.7135069370269775,valid,False,0.011697644732472073,0.07608656323754351,0.0030110122941957693,0.00031999233927782654,4.4301735686073606e-05,0.019741917218977768,0.8146382525834683,0.07100456372867568,0.0033964954595449653,5.925667015790291e-05
P03,8,A,alpha,1799551287-α-2,P03-T08-Aα,26,64,E4,9,9,R2,R,False,64,True,R2,True,0.7181900277235104,False,0.4951751232147217,valid,False,0.001730836646901572,0.0077785018293437995,0.0004949661990951703,3.673822825775942e-05,4.1068874785817e-06,0.011454481550898876,0.7181900277235104,0.2438941199777189,0.0160664652595759,0.0003497556972189176
P03,8,A,alpha,1799551287-α-2,P03-T08-Aα,27,59,B3,6,6,L3,L,False,59,True,L2,False,0.07849057153065145,False,0.3274087905883789,valid,False,0.006581023976509687,0.9016174822246347,0.07849057153065145,0.007100915076591186,0.0007710760780161517,0.002133815006462823,0.0029221229241661656,0.00035493888926521903,2.7438458707880853e-05,6.158349945351574e-07
P03,8,A,alpha,1799551287-α-2,P03-T08-Aα,28,62,D4,8,8,R2,R,False,62,True,R2,True,0.8542301295781645,False,0.4275968074798584,valid,False,0.008982779241128917,0.06691421436879062,0.0031588266016936077,0.0003226368707028622,4.000088788020694e-05,0.019109787341455898,0.8542301295781645,0.04426528033105776,0.002915964471424316,6.0380307701139275e-05
P03,8,A,alpha,1799551287-α-2,P03-T08-Aα,29,65,F4,10,10,R2,R,False,65,True,R3,False,0.0831489520850995,False,0.5139651298522949,valid,False,0.00027148216633293297,0.0005065427043366291,2.068334659131951e-05,2.4812553289373347e-06,3.0330200136587554e-07,0.0029142553834604207,0.0831489520850995,0.8640007051924523,0.0485004746745026,0.0006341198898938272
P03,9,B,alpha,1799551287-α-7,P03-T09-Bα,0,60,C4,7,7,L3,L,False,60,True,L3,True,0.853524456249954,False,1.4508872032165527,valid,False,0.0010895901109828788,0.12660557248304619,0.853524456249954,0.016934859603092472,9.318492595324868e-05,0.0013844382964807772,0.00027509857139482933,8.623960051282577e-05,6.405323713862264e-06,1.548348687566382e-07
P03,9,B,alpha,1799551287-α-7,P03-T09-Bα,1,59,B3,6,6,L4,L,False,59,True,L4,True,0.5143953246984546,False,0.7369239330291748,valid,False,0.00044003394321904756,0.019943538792444843,0.460946091168132,0.5143953246984546,0.0032446500723277974,0.0008326065168388931,0.0001429611004828926,4.8548950065266886e-05,6.065230633672173e-06,1.795274009196921e-07
P03,9,B,alpha,1799551287-α-7,P03-T09-Bα,2,64,E4,9,9,R1,R,False,64,True,R1,True,0.6472731686177783,False,0.7697460651397705,valid,False,0.0009606843728499325,0.050645129210400694,0.017520225997617565,0.0019665709700872817,1.4532992654091394e-05,0.6472731686177783,0.23811849155637702,0.03936072191927037,0.004025980217263436,0.00011449414570152926
P03,9,B,alpha,1799551287-α-7,P03-T09-Bα,3,65,F4,10,10,R2,R,False,65,True,R2,True,0.724219936696987,False,0.6381900310516357,valid,False,0.00022967099442651703,0.004955404464206105,0.0005846730951320695,6.454472930641521e-05,5.300134603148113e-07,0.08118759199660672,0.724219936696987,0.17158780639452523,0.016862548980376993,0.0003072926349724455
P03,9,B,alpha,1799551287-α-7,P03-T09-Bα,4,64,E4,9,9,R3,R,False,64,True,R3,True,0.5592720605604784,False,0.9513981342315674,valid,False,0.0004239087954747158,0.01734508378494948,0.0030550598908201366,0.0004314898788687123,2.1737681218868496e-06,0.006068415956246681,0.37489127338134676,0.5592720605604784,0.038345456502388735,0.00016507748130450267
P03,9,B,alpha,1799551287-α-7,P03-T09-Bα,5,62,D4,8,8,R2,R,False,62,True,R2,True,0.7319568441768896,False,0.6015753746032715,valid,False,0.0008957511480123201,0.0706208269531841,0.03622065920851478,0.004857829427545767,2.3247182606192e-05,0.01237553520218331,0.7319568441768896,0.1310686925242087,0.011890283526115533,9.033065073977418e-05
P03,9,B,alpha,1799551287-α-7,P03-T09-Bα,6,64,E4,9,9,R4,R,False,64,True,R4,True,0.6690045757286859,False,0.9537100791931152,valid,False,0.00043574709039821994,0.008065909632534769,0.0020184777704413625,0.0003064679887082901,1.23678579798878e-06,0.0009342836957077031,0.031125361885132135,0.2735169812935162,0.6690045757286859,0.014590958129077437
P03,9,B,alpha,1799551287-α-7,P03-T09-Bα,7,60,C4,7,7,L3,L,False,60,True,L3,True,0.8956972663717603,False,0.8311748504638672,valid,False,0.0008766024970657335,0.037204234129375006,0.8956972663717603,0.054452066851183804,0.0002695987121594946,0.0038942481161931804,0.005820483990255131,0.001548989036364774,0.0002270925769946582,9.41771864779257e-06
P03,9,B,alpha,1799551287-α-7,P03-T09-Bα,8,59,B3,6,6,L2,L,False,59,True,L2,True,0.8602051028580318,False,0.7399327754974365,valid,False,0.0037817962048224247,0.8602051028580318,0.12611205693904143,0.00579601639140028,9.590396395740754e-05,0.0031354982446202165,0.0006684262918768317,0.00017856025932243099,2.6178177176469143e-05,4.6066975075421804e-07
P03,9,B,alpha,1799551287-α-7,P03-T09-Bα,9,62,D4,8,8,R5,R,False,62,True,R5,True,0.8594607765809851,False,0.9661366939544678,valid,False,0.0006611361517905488,0.000592327959779812,6.305834870017304e-05,5.073649938690814e-06,1.2028161606838306e-07,0.0010993513842075236,0.004478887237081356,0.017364702888216288,0.11627456551768448,0.8594607765809851
P03,9,B,alpha,1799551287-α-7,P03-T09-Bα,10,64,E4,9,9,R4,R,False,64,True,R4,True,0.5614727397815934,False,0.7720298767089844,valid,False,0.00026218626195960887,0.000180949683551443,2.0870120670131587e-05,1.6792017019340733e-06,2.7025076409603143e-08,0.0018138981806034241,0.049179959989937856,0.3763664327781542,0.5614727397815934,0.010701256976751545
P03,9,B,alpha,1799551287-α-7,P03-T09-Bα,11,60,C4,7,7,L2,L,False,60,True,L2,True,0.9256339754539592,False,0.7965149879455566,valid,False,0.008592478824913112,0.9256339754539592,0.01839894493173318,0.000639092116513737,8.715107069782902e-06,0.01451093869946923,0.02473955946011489,0.006503193229222861,0.0009534134034830245,1.9688773521229527e-05
P03,9,B,alpha,1799551287-α-7,P03-T09-Bα,12,59,B3,6,6,L3,L,False,59,True,L3,True,0.7670383413807599,False,0.7883479595184326,valid,False,0.002301856359569384,0.21154493061739255,0.7670383413807599,0.015218880403900296,9.781352318876973e-05,0.0028291206823317662,0.0007279934623459917,0.00021066981876573669,2.967461800706437e-05,7.191337386163642e-07
P03,9,B,alpha,1799551287-α-7,P03-T09-Bα,13,62,D4,8,8,R1,R,False,62,True,R1,True,0.7700671889127692,False,0.9508872032165527,valid,False,0.0023712922629889467,0.09526612436496645,0.028976285943189965,0.0004707056954782181,2.921104967891295e-06,0.7700671889127692,0.08532587668273883,0.01590252289641042,0.0015627979451857084,5.4284191304330894e-05
P03,9,B,alpha,1799551287-α-7,P03-T09-Bα,14,64,E4,9,9,R2,R,False,64,True,R2,True,0.756674308292041,False,0.569871187210083,valid,False,0.0008329167135480412,0.013096347304540418,0.0030311222207043643,5.1248594835710786e-05,3.4483763395331515e-07,0.12419287505270865,0.756674308292041,0.09082484947707374,0.010901854592041089,0.00039413291487314003
P03,9,B,alpha,1799551287-α-7,P03-T09-Bα,15,62,D4,8,8,R1,R,False,62,True,R1,True,0.7430318436607688,False,0.6395530700683594,valid,False,0.0024684506580984413,0.08255023786438828,0.02199332288411619,0.0004192612277922244,2.6936210218626923e-06,0.7430318436607688,0.13305185001990874,0.014742565208157445,0.0017001881170422865,3.958673870569761e-05
P03,9,B,alpha,1799551287-α-7,P03-T09-Bα,16,64,E4,9,9,R2,R,False,64,True,R2,True,0.6872371625255772,False,0.5915629863739014,valid,False,0.0007564830899715983,0.010806915144861437,0.002541309367922016,5.0422359943696484e-05,3.1252472220410294e-07,0.21484656003569724,0.6872371625255772,0.07316224047631444,0.010305517664539415,0.00029307681045076864
P03,9,B,alpha,1799551287-α-7,P03-T09-Bα,17,65,F4,10,10,R1,R,False,65,True,R1,True,0.5622037831077771,False,1.0940449237823486,valid,False,0.0002483207273942735,0.0016317328832204311,0.00043686300950004784,8.001425125848526e-06,4.96141444077493e-08,0.5622037831077771,0.34788236379767423,0.07608600822358619,0.00950544115271571,0.0019974360588617484
P03,9,B,alpha,1799551287-α-7,P03-T09-Bα,18,64,E4,9,9,R2,R,False,64,True,R2,True,0.7344950916798536,False,0.7471179962158203,valid,False,0.000873432144029529,0.011109087931215388,0.0027160627494577354,5.8377969965093413e-05,3.3335748637551226e-07,0.10656922256445714,0.7344950916798536,0.13152320672701046,0.01241845053465774,0.00023673434186690628
P03,9,B,alpha,1799551287-α-7,P03-T09-Bα,19,62,D4,8,8,R1,R,False,62,True,R1,True,0.6689659144560975,False,0.718127965927124,valid,False,0.002293321706955497,0.07998201921322581,0.022325580057399746,0.00046104165084569036,2.737925819991246e-06,0.6689659144560975,0.20148866140072993,0.022325580057399746,0.002107986252006601,4.715727951957322e-05
P03,9,B,alpha,1799551287-α-7,P03-T09-Bα,20,57,A3,5,5,L3,L,False,57,True,L3,True,0.8294897967701799,False,0.9143249988555908,valid,False,0.0016779718657864433,0.11127783415211011,0.8294897967701799,0.052499876073863694,0.0005713583855769203,0.004063986403790794,0.0003681778421256843,4.599653594357788e-05,4.896722423179853e-06,1.052481996613903e-07
P03,9,B,alpha,1799551287-α-7,P03-T09-Bα,21,59,B3,6,6,L2,L,False,59,True,L2,True,0.7673406077348731,False,0.7428529262542725,valid,False,0.003162264212428375,0.7673406077348731,0.19694623656924629,0.007713181749138257,6.137426854696926e-05,0.022078357501689766,0.002323165698267277,0.00034059226554839916,3.347122316455406e-05,7.487770971610434e-07
P03,9,B,alpha,1799551287-α-7,P03-T09-Bα,22,64,E4,9,9,R5,R,False,64,True,R5,True,0.7776265404431836,False,1.5277130603790283,valid,False,0.0005480760096956373,0.003558379729553376,0.000535928985617812,1.9375350449157534e-05,2.3820524255323225e-07,0.0017765942520698253,0.007390084596438271,0.0384686144232983,0.17007616800445144,0.7776265404431836
P03,9,B,alpha,1799551287-α-7,P03-T09-Bα,23,65,F4,10,10,R4,R,False,65,True,R4,True,0.5096696439598878,False,1.3928771018981934,valid,False,0.0001869978151929992,0.0004315182130707877,7.682407271689054e-05,2.668504059010619e-06,3.189073944107439e-08,0.001042627207257652,0.034085076853500734,0.44702294976322976,0.5096696439598878,0.007481661720344999
P03,9,B,alpha,1799551287-α-7,P03-T09-Bα,24,60,C4,7,7,L2,L,False,60,True,L2,True,0.8278638358572208,False,1.2122960090637207,valid,False,0.005780825259728566,0.8278638358572208,0.031017341490349334,0.0016728795968288615,2.1191498743861657e-05,0.016599830397347456,0.105520074570969,0.01012033181122386,0.001369637972120484,3.405154546768142e-05
P03,9,B,alpha,1799551287-α-7,P03-T09-Bα,25,59,B3,6,6,L1,L,False,59,True,L1,True,0.6331594125775772,False,0.8810229301452637,valid,False,0.6331594125775772,0.3207693172880156,0.04007377887558621,0.0034928646880952527,6.397404831436384e-05,0.0020012124583771687,0.0003549033624136281,7.213053805723204e-05,1.1006406430453966e-05,1.3997571329462663e-06
P03,9,B,alpha,1799551287-α-7,P03-T09-Bα,26,60,C4,7,7,L2,L,False,60,True,L2,True,0.9544803583481247,False,0.6318938732147217,valid,False,0.009218082692350091,0.9544803583481247,0.023130846313552184,0.0011986154092570118,1.657280310450215e-05,0.007717528329504192,0.0035994403886138835,0.0005385726202163924,8.902545534835652e-05,1.0957639928567827e-05
P03,9,B,alpha,1799551287-α-7,P03-T09-Bα,27,59,B3,6,6,L2,L,False,59,True,L2,True,0.7752618446329513,False,0.834007978439331,valid,False,0.0036567846173079896,0.7752618446329513,0.20709980696862562,0.011625498547178672,0.00010832690214112937,0.0017301129393129098,0.0004337158257793206,6.947424548379808e-05,1.2948191363153471e-05,1.4871298562263674e-06
P03,9,B,alpha,1799551287-α-7,P03-T09-Bα,28,64,E4,9,9,R4,R,False,64,True,R4,True,0.45090736208810994,False,1.0480051040649414,valid,False,0.00185179371130559,0.004909940938102881,0.0009150852147529039,4.935391982566229e-05,4.4906424545883067e-07,0.0020528757890380216,0.043108690559238404,0.4162399566496119,0.45090736208810994,0.07996449206576908
P03,9,B,alpha,1799551287-α-7,P03-T09-Bα,29,59,B3,6,6,L2,L,False,59,True,L2,True,0.7581312229077533,False,0.6220641136169434,valid,False,0.0037917479339952213,0.7581312229077533,0.2107887586065505,0.00930783471476743,0.00010730568154837422,0.0020066641702770247,0.012047040945542408,0.0031590804176293208,0.0005746679696252679,8.567665231096117e-05
P03,10,B,beta,1799551287-β-1,P03-T10-Bβ,0,64,E4,9,9,R2,R,False,64,True,R2,True,0.6940334001651582,False,0.6441810131072998,valid,False,0.0002731925461411819,0.000138367299021534,2.9086535379716226e-05,5.208413846537143e-06,6.506882470659201e-07,0.03596405927826362,0.6940334001651582,0.22644907526741762,0.03895940031723859,0.0041475594892858075
P03,10,B,beta,1799551287-β-1,P03-T10-Bβ,1,60,C4,7,7,L3,L,False,60,True,L3,True,0.8524274438850507,False,1.3596112728118896,valid,False,0.0021991877677635693,0.1169957303918267,0.8524274438850507,0.02150075596596969,0.00014939429286304053,0.005171227733658297,0.001256195986051994,0.0002639720891671365,3.2978089114153484e-05,3.1137985347459223e-06
P03,10,B,beta,1799551287-β-1,P03-T10-Bβ,2,57,A3,5,5,L5,L,False,57,True,L5,True,0.9577289337282595,False,1.5215990543365479,valid,False,4.517179323070547e-05,0.0003609235242035931,0.002925306033320565,0.03879614474217375,0.9577289337282595,9.150586241279268e-05,4.348082632276249e-05,7.18733225010853e-06,1.287007899786981e-06,5.9149926375657113e-08
P03,10,B,beta,1799551287-β-1,P03-T10-Bβ,3,60,C4,7,7,L4,L,False,60,True,L3,False,0.056581214326519094,False,0.8967819213867188,valid,False,0.0006104703726218445,0.06289777292222826,0.8711756046892275,0.056581214326519094,0.0004469541601438867,0.0055205152862404915,0.0022475563722757557,0.00045377380555917474,6.391786170639866e-05,2.2202034775657436e-06
P03,10,B,beta,1799551287-β-1,P03-T10-Bβ,4,64,E4,9,9,R2,R,False,64,True,R2,True,0.8039687431549394,False,0.598783016204834,valid,False,0.0005440802258204574,0.0679389262290805,0.020990501522100052,0.0016146489641673564,6.805935728178809e-06,0.02792606247696283,0.8039687431549394,0.07293439888767747,0.003933621063047429,0.0001422115404765269
P03,10,B,beta,1799551287-β-1,P03-T10-Bβ,5,69,A4,12,12,R3,R,False,69,True,R3,True,0.6783240922162346,False,1.1304798126220703,valid,False,1.82865132111759e-05,4.466047221404959e-05,3.847334092061435e-06,3.353369153227836e-07,3.424652702700653e-09,0.003371262618326528,0.09017078334939967,0.6783240922162346,0.22567137913851182,0.0023953495964421133
P03,10,B,beta,1799551287-β-1,P03-T10-Bβ,6,64,E4,9,9,R1,R,False,64,True,R1,True,0.9578168233763972,False,0.7517862319946289,valid,False,0.0005068090073057852,0.002337618160651052,0.0003770628299818808,3.286511731588503e-05,4.780529843734189e-07,0.9578168233763972,0.03196547941908247,0.006200665049562251,0.0007150924473572504,4.710653936183437e-05
P03,10,B,beta,1799551287-β-1,P03-T10-Bβ,7,59,B3,6,6,L2,L,False,59,True,L2,True,0.871473410371319,False,0.6873359680175781,valid,False,0.005207945052767911,0.871473410371319,0.10460437265130243,0.008759907576868156,0.00010293932393301462,0.00835042500203993,0.001233906748691946,0.00023935328329428073,2.6521099753400722e-05,1.2188900301814469e-06
P03,10,B,beta,1799551287-β-1,P03-T10-Bβ,8,60,C4,7,7,L1,L,False,60,True,L1,True,0.7918148334286224,False,0.8361349105834961,valid,False,0.7918148334286224,0.12575399379841393,0.0038741549759577667,0.00019288281865570964,8.864750965788811e-06,0.04576894717476083,0.025389293471821263,0.006260922686773574,0.0009178948552408634,1.8212038788204024e-05
P03,10,B,beta,1799551287-β-1,P03-T10-Bβ,9,57,A3,5,5,L3,L,False,57,True,L3,True,0.8067819924698431,False,1.1997339725494385,valid,False,0.0003620327747812763,0.03134227974211675,0.8067819924698431,0.15923989094296417,0.0017357234580034065,0.0003030542214497801,0.00017430537071750097,5.2499768765321875e-05,8.010945268112421e-06,2.1030609066878756e-07
P03,10,B,beta,1799551287-β-1,P03-T10-Bβ,10,62,D4,8,8,R2,R,False,62,True,R2,True,0.8995425374956517,False,0.6412737369537354,valid,False,0.0028710514587667953,0.01872643064689537,0.002058312232607915,0.00017236970563446112,6.525984789544578e-06,0.03816375878669672,0.8995425374956517,0.03666733640061489,0.0017539779847700104,3.769930357271081e-05
P03,10,B,beta,1799551287-β-1,P03-T10-Bβ,11,59,B3,6,6,L5,L,False,59,True,L5,True,0.8550917866930897,False,0.9632101058959961,valid,False,0.00021369935603747007,0.0010428803165629173,0.014606644227802073,0.1290234784384335,0.8550917866930897,1.6760683340451724e-05,4.1511894434869415e-06,4.982740291613057e-07,8.922401100625401e-08,1.159725025835107e-08
P03,10,B,beta,1799551287-β-1,P03-T10-Bβ,12,60,C4,7,7,R3,R,False,60,True,R3,True,0.7581323318707277,False,1.0892608165740967,valid,False,0.0033584692616837816,0.02086297588029876,0.0024864548742555815,0.0003645315955888126,2.884265582075593e-05,0.0027712499188712,0.17962259417458204,0.7581323318707277,0.032164326016711826,0.0002082237514596005
P03,10,B,beta,1799551287-β-1,P03-T10-Bβ,13,65,F4,10,10,R4,R,False,65,True,R4,True,0.6315150437170576,False,1.0667500495910645,valid,False,2.3164727188702843e-05,3.728019183823059e-06,5.920744112520005e-07,1.0186336145696327e-07,1.0234701634603451e-08,0.0014834383473955497,0.03761269888733351,0.3199362520815595,0.6315150437170576,0.0094249700478071
P03,10,B,beta,1799551287-β-1,P03-T10-Bβ,14,60,C4,7,7,R5,R,False,60,True,R5,True,0.8589371739033338,False,0.9065232276916504,valid,False,0.000739605130180314,0.00027684313873898084,4.957323442971635e-05,8.87688812884271e-06,1.713779479584867e-06,0.0015534725569794827,0.0038622039790813397,0.015358802131004613,0.11921173525864331,0.8589371739033338
P03,10,B,beta,1799551287-β-1,P03-T10-Bβ,15,64,E4,9,9,R4,R,False,64,True,R4,True,0.6977668263668606,False,0.8285369873046875,valid,False,4.040031214451241e-05,7.505531381835026e-06,1.0157632154019283e-06,2.1344849135481723e-07,4.127755569557975e-08,0.0006923907103100386,0.0179366639461712,0.27520292078945613,0.6977668263668606,0.008352021854413161
P03,10,B,beta,1799551287-β-1,P03-T10-Bβ,16,60,C4,7,7,L1,L,False,60,True,L1,True,0.8436552590710658,False,0.9204061031341553,valid,False,0.8436552590710658,0.1394552763667417,0.006943069378730332,0.0005156866065486736,1.6535328766775573e-05,0.008889776511188857,0.0004394391388235149,7.560324679741017e-05,9.074780833846726e-06,2.795705031804475e-07
P03,10,B,beta,1799551287-β-1,P03-T10-Bβ,17,60,C4,7,7,R5,R,False,60,True,R4,False,0.00874351882512999,False,0.9952588081359863,valid,False,0.002087108482866506,0.0006513568243107534,0.00011206259613875816,1.9279794092350157e-05,7.254650432964311e-07,0.0010933977722253807,0.028198286098616486,0.32556744718660646,0.63352681695497,0.00874351882512999
P03,10,B,beta,1799551287-β-1,P03-T10-Bβ,18,67,G4,11,11,R4,R,False,67,True,R4,True,0.5435138469030724,False,0.865962028503418,valid,False,1.6382221465585675e-06,4.0084136137257125e-07,7.470639828005595e-08,9.33308618971922e-09,5.033677521035867e-10,0.0007993889056138477,0.05551493626643969,0.3946720565648835,0.5435138469030724,0.0054976477536303895
P03,10,B,beta,1799551287-β-1,P03-T10-Bβ,19,62,D4,8,8,R5,R,False,62,True,R5,True,0.8963472920331789,False,0.9160521030426025,valid,False,0.0010172978582067415,0.0002775727940185962,4.2354861994531304e-05,5.966038978878468e-06,3.2177048070856656e-07,0.0004822798675255245,0.002710650933050694,0.013080443259913007,0.08603582058265255,0.8963472920331789
P03,10,B,beta,1799551287-β-1,P03-T10-Bβ,20,60,C4,7,7,R1,R,False,60,True,R1,True,0.9280513165982116,False,0.7681980133056641,valid,False,0.004518562974118659,0.0020402799509848103,0.00033725600755858226,4.564263730618992e-05,2.183310511765369e-06,0.9280513165982116,0.056434858681753235,0.007637627584113286,0.0008808103255815096,5.146192986050846e-05
P03,10,B,beta,1799551287-β-1,P03-T10-Bβ,21,57,A3,5,5,L3,L,False,57,True,L3,True,0.8304816169049877,False,0.8153300285339355,valid,False,0.0028348975354707097,0.12454152541139228,0.8304816169049877,0.038168317773649534,0.00020199092153440188,0.0035150824310195184,0.0002105579838304062,4.08440466081071e-05,4.90257742936894e-06,2.6441407804136723e-07
P03,10,B,beta,1799551287-β-1,P03-T10-Bβ,22,60,C4,7,7,L2,L,False,60,True,L2,True,0.9468039592127134,False,1.2649431228637695,valid,False,0.012096408337540984,0.9468039592127134,0.011168441293130533,0.00047382939857524805,5.589262454444489e-06,0.025590459047521687,0.003501152007395079,0.0003305795539824252,2.7683798165317767e-05,1.898088521184599e-06
P03,10,B,beta,1799551287-β-1,P03-T10-Bβ,23,64,E4,9,9,R1,R,False,64,True,R1,True,0.7206297773529142,False,0.7573981285095215,valid,False,0.0007060339094008171,0.0013500282531073223,5.079920980486579e-05,3.6250961041364423e-06,4.450653705177219e-08,0.7206297773529142,0.2170495178702767,0.05352375213179968,0.006424543132423473,0.00026187853763165735
P03,10,B,beta,1799551287-β-1,P03-T10-Bβ,24,60,C4,7,7,R3,R,False,60,True,R3,True,0.6446584338096296,False,0.926584005355835,valid,False,0.004291923419897087,0.04080157226376786,0.0014750923773525662,9.336120505647038e-05,1.516607443857675e-06,0.0049119564703269235,0.24499791167881613,0.6446584338096296,0.05848209368596781,0.00028613848174182315
P03,10,B,beta,1799551287-β-1,P03-T10-Bβ,25,57,A3,5,5,L1,L,False,57,True,L1,True,0.5502874773770264,False,0.8140552043914795,valid,False,0.5502874773770264,0.3995907218110382,0.03926921300660567,0.0035624226312452436,8.294652365157165e-05,0.005866079296856834,0.001116770265358833,0.00019997574951990238,2.4003414877673063e-05,3.8992381963647413e-07
P03,10,B,beta,1799551287-β-1,P03-T10-Bβ,26,60,C4,7,7,L3,L,False,60,True,L3,True,0.8426770841585502,False,0.844357967376709,valid,False,0.0008565846802568404,0.05457512352995265,0.8426770841585502,0.0577765988234401,0.000277954358192786,0.03239073507033276,0.008816137324741782,0.0023551015064172992,0.00027160236628449863,3.078181830887527e-06
P03,10,B,beta,1799551287-β-1,P03-T10-Bβ,27,64,E4,9,9,R5,R,False,64,True,R5,True,0.9026102643840909,False,0.8174810409545898,valid,False,0.00021318448428561698,3.355031117472055e-05,4.540540865507297e-06,6.928416108612108e-07,1.97036011259752e-08,0.00034236478774582924,0.00221979926036513,0.011122523700810705,0.08345305998544947,0.9026102643840909
P03,10,B,beta,1799551287-β-1,P03-T10-Bβ,28,59,B3,6,6,L3,L,False,59,True,L3,True,0.8734138349808515,False,0.8997702598571777,valid,False,0.0018758377292562556,0.07397488335173687,0.8734138349808515,0.047106428659662,0.000304863232636337,0.0030491051959945464,0.0002127599979587725,5.460714638073554e-05,7.3902736221800144e-06,2.8943190089186924e-07
P03,10,B,beta,1799551287-β-1,P03-T10-Bβ,29,60,C4,7,7,L4,L,False,60,True,L4,True,0.8924137329331411,False,1.1729838848114014,valid,False,0.00023263278668282249,0.002817569472031871,0.08246168388904282,0.8924137329331411,0.02073898878676637,0.0012434030213800903,6.81482262178644e-05,2.052585128890415e-05,3.132041818923953e-06,1.8299162909929845e-07
P03,11,B,alpha,1799551287-α-6,P03-T11-Bα,0,64,E4,9,9,R3,R,False,64,True,R3,True,0.6897485175723244,False,0.9550778865814209,valid,False,0.00020470762023720103,7.253595303359762e-05,9.431756465296755e-06,1.6226852566841538e-06,8.75173992209011e-08,0.0018950510830682548,0.12816912700869684,0.6897485175723244,0.17776012636554345,0.0021387924379751965
P03,11,B,alpha,1799551287-α-6,P03-T11-Bα,1,65,F4,10,10,R4,R,False,65,True,R4,True,0.5932448286569006,False,0.670842170715332,valid,False,5.1647185851353975e-05,1.6012384551349208e-05,2.255479203083583e-06,3.7282820467662663e-07,2.1782736148581096e-08,0.0011691112339565575,0.02721402963819609,0.3649696714144651,0.5932448286569006,0.01333204939593485
P03,11,B,alpha,1799551287-α-6,P03-T11-Bα,2,67,G4,11,11,R5,R,False,67,True,R5,True,0.8479533290856736,False,0.9995560646057129,valid,False,1.0366403365228802e-05,2.9760022612640435e-06,4.0275810894096917e-07,7.212034310817684e-08,4.385642580960453e-09,0.00028594279056143437,0.002838754227019575,0.019685666965465618,0.1292224852615586,0.8479533290856736
P03,11,B,alpha,1799551287-α-6,P03-T11-Bα,3,65,F4,10,10,R3,R,False,65,True,R3,True,0.7948472978620347,False,0.7973229885101318,valid,False,3.279780937220569e-05,9.639847577416493e-06,1.4132687687246474e-06,2.3361175622847496e-07,1.3648922434785276e-08,0.001033147698803034,0.10616487316096872,0.7948472978620347,0.09689990979318963,0.0010106732986069475
P03,11,B,alpha,1799551287-α-6,P03-T11-Bα,4,60,C4,7,7,L3,L,False,60,True,L3,True,0.8563884843424971,False,0.9577322006225586,valid,False,0.0010400563787568437,0.05908636075596593,0.8563884843424971,0.08017924534372306,0.0006756607349244252,0.002238092580073198,0.0002760216732824483,0.0001015426989183535,1.4303144225700366e-05,2.323476329396817e-07
P03,11,B,alpha,1799551287-α-6,P03-T11-Bα,5,59,B3,6,6,L4,L,False,59,True,L4,True,0.6970079688473516,False,1.0807700157165527,valid,False,0.00021632120996221843,0.009268617623901264,0.2656522882169667,0.6970079688473516,0.026439164928858148,0.0012953465438015099,9.318177196082141e-05,2.39161059893735e-05,3.1097804310300346e-06,8.497077736948653e-08
P03,11,B,alpha,1799551287-α-6,P03-T11-Bα,6,60,C4,7,7,L5,L,False,60,True,L5,True,0.9805340947785132,False,0.8167600631713867,valid,False,3.169816822130417e-05,0.0002644438772610333,0.00166886305206261,0.01747186698465051,0.9805340947785132,2.444575271258608e-05,3.880068068321184e-06,5.92059996889037e-07,1.0601790297541064e-07,9.240610693550499e-09
P03,11,B,alpha,1799551287-α-6,P03-T11-Bα,7,59,B3,6,6,L4,L,False,59,True,L4,True,0.7966959422777261,False,0.7972557544708252,valid,False,0.00024207335284127962,0.010400040647598124,0.185047046090315,0.7966959422777261,0.007291048562895361,0.0002700034922022873,3.7646063068071516e-05,1.3849212643787021e-05,2.1994963056936775e-06,1.5080440426904044e-07
P03,11,B,alpha,1799551287-α-6,P03-T11-Bα,8,60,C4,7,7,L5,L,False,60,True,L5,True,0.9670181801016782,False,0.912315845489502,valid,False,3.791876375761387e-05,0.0003614792759433458,0.002624532053233877,0.02992870454663868,0.9670181801016782,2.6039521052361836e-05,2.669717268286041e-06,3.9139913845035346e-07,6.733821147515037e-08,1.728307767587496e-08
P03,11,B,alpha,1799551287-α-6,P03-T11-Bα,9,59,B3,6,6,L3,L,False,59,True,L3,True,0.7859411092152068,False,0.5863189697265625,valid,False,0.00023363276280247375,0.06790063636128915,0.7859411092152068,0.1438661053144824,0.001855976520737908,0.0001634990586670559,2.806819666058268e-05,9.158085441854005e-06,1.6399030823171212e-06,1.745816294704074e-07
P03,11,B,alpha,1799551287-α-6,P03-T11-Bα,10,57,A3,5,5,L4,L,False,57,True,L4,True,0.7051623701369855,False,0.9054231643676758,valid,False,0.00015973655203590706,0.008775879067080336,0.26259304348597473,0.7051623701369855,0.02325231062393743,4.8552643632987096e-05,5.5078996818437094e-06,2.1950028995980554e-06,3.776389749525486e-07,2.694879668658618e-08
P03,11,B,alpha,1799551287-α-6,P03-T11-Bα,11,62,D4,8,8,R2,R,False,62,True,R2,True,0.6564316446822503,False,0.7587614059448242,valid,False,0.0013781324385610393,0.004373908021721032,0.000417620801139175,4.8162169439388034e-05,5.247783798436228e-07,0.015273462832641969,0.6564316446822503,0.3069910418447863,0.014684882562354184,0.00040061986872684844
P03,11,B,alpha,1799551287-α-6,P03-T11-Bα,12,64,E4,9,9,R1,R,False,64,True,R1,True,0.8792820228370148,False,0.9315710067749023,valid,False,0.0001514988455250378,5.281847159258395e-05,7.14820281310733e-06,9.67404052344632e-07,4.1042833845010916e-08,0.8792820228370148,0.10984888969542704,0.009965266444283574,0.0006059884765538675,8.535857990372746e-05
P03,11,B,alpha,1799551287-α-6,P03-T11-Bα,13,65,F4,10,10,R2,R,False,65,True,R2,True,0.8449929089724815,False,0.706125020980835,valid,False,2.1192636181204284e-05,6.600091513087411e-06,8.582013911263947e-07,1.3629733602007277e-07,4.5486877898711706e-09,0.08892047181911554,0.8449929089724815,0.0627606469151251,0.0030021486097694125,0.00029503190839918927
P03,11,B,alpha,1799551287-α-6,P03-T11-Bα,14,64,E4,9,9,R1,R,False,64,True,R1,True,0.8966274802755938,False,0.745107889175415,valid,False,0.00015734688894016952,4.971942787612436e-05,7.289214279777639e-06,1.0267472132046115e-06,3.426591192729003e-08,0.8966274802755938,0.0954536205354777,0.006811691545165214,0.0008176184290839018,7.41726704581962e-05
P03,11,B,alpha,1799551287-α-6,P03-T11-Bα,15,62,D4,8,8,R2,R,False,62,True,R2,True,0.8655238986590175,False,0.7821979522705078,valid,False,0.0006281015058931617,0.00038417196035116143,3.217179914188349e-05,4.019229693605676e-06,1.574086900991066e-07,0.037255458334762126,0.8655238986590175,0.09214237975573897,0.0039092087460591346,0.00012043260065266914
P03,11,B,alpha,1799551287-α-6,P03-T11-Bα,16,59,B3,6,6,L5,L,False,59,True,L5,True,0.7881007429725287,False,1.0779192447662354,valid,False,0.0002545104477955003,0.001306855588941623,0.02370775783532379,0.18662594958218268,0.7881007429725287,3.829977719454204e-06,3.1453674692672394e-07,3.0910653924820744e-08,5.7609414739470365e-09,2.3871660290269647e-09
P03,11,B,alpha,1799551287-α-6,P03-T11-Bα,17,64,E4,9,9,R3,R,False,64,True,R3,True,0.5286986758230611,False,0.7558598518371582,valid,False,0.00017746509827268483,0.00016711714712533423,1.9651898268218992e-05,2.998685235071056e-06,1.6173015178051693e-07,0.006652767685313453,0.3688605497468523,0.5286986758230611,0.09467203528554287,0.0007485769001771491
P03,11,B,alpha,1799551287-α-6,P03-T11-Bα,18,60,C4,7,7,L4,L,False,60,True,L4,True,0.87509585954941,False,1.309255838394165,valid,False,0.0001520120182179114,0.002019052953278563,0.06562058593698827,0.87509585954941,0.05704073875729389,6.586909079793124e-05,3.904339836748917e-06,1.5559537678092471e-06,3.8369347517526353e-07,3.7706933578471215e-08
P03,11,B,alpha,1799551287-α-6,P03-T11-Bα,19,59,B3,6,6,L3,L,False,59,True,L3,True,0.7549988107427532,False,1.067375898361206,valid,False,0.0003137273587415616,0.046214746549087936,0.7549988107427532,0.1947251468421289,0.0018435663173601484,0.0014960633643381343,0.000309349421849446,8.952084051179945e-05,8.797533983410717e-06,2.710292455015297e-07
P03,11,B,alpha,1799551287-α-6,P03-T11-Bα,20,62,D4,8,8,R4,R,False,62,True,R4,True,0.5624385144206735,False,1.1312861442565918,valid,False,0.0003418441778618773,0.00018127896708942804,1.2936297235371905e-05,1.8965512388931222e-06,3.7484114479700596e-08,0.001483686381102635,0.04912675945372028,0.3790389880040687,0.5624385144206735,0.007374058262894871
P03,11,B,alpha,1799551287-α-6,P03-T11-Bα,21,57,A3,5,5,L1,L,False,57,True,L1,True,0.8659034122235764,False,0.8034372329711914,valid,False,0.8659034122235764,0.12694746876440285,0.005834411297889712,0.00045102765102281997,3.349943751507069e-05,0.0005320324285591169,0.0002157170207169159,7.163105063849468e-05,1.0501610728314983e-05,2.9851495034458333e-07
P03,11,B,alpha,1799551287-α-6,P03-T11-Bα,22,55,G3,4,4,L2,L,False,55,True,L2,True,0.727490764036902,False,0.78684401512146,valid,False,0.003384356229355343,0.727490764036902,0.24705260841495014,0.0215333157053505,0.0004573817023268586,6.435432930768125e-05,1.1673911694505223e-05,5.039750528099696e-06,4.952743549478325e-07,1.0645229541695277e-08
P03,11,B,alpha,1799551287-α-6,P03-T11-Bα,23,53,F3,3,3,L3,L,False,53,True,L3,True,0.677865461489715,False,0.7178831100463867,valid,False,0.0003350897096913205,0.0877629701674802,0.677865461489715,0.23020007771114903,0.0038228475248149804,1.075693138651628e-05,1.9478069776279555e-06,7.458014349864277e-07,1.0093324844216038e-07,1.9241020508765375e-09
P03,11,B,alpha,1799551287-α-6,P03-T11-Bα,24,55,G3,4,4,L2,L,False,55,True,L2,True,0.7404645067725192,False,1.0282950401306152,valid,False,0.004135465895395649,0.7404645067725192,0.23212539030723908,0.02281179441530429,0.00036947614680602815,7.334895149492532e-05,1.39437723226749e-05,5.3389712260088876e-06,7.225511830640382e-07,1.2216509309976768e-08
P03,11,B,alpha,1799551287-α-6,P03-T11-Bα,25,53,F3,3,3,L3,L,False,53,True,L3,True,0.6685111510458474,False,0.8895859718322754,valid,False,0.00022969312152227333,0.044745105843528615,0.6685111510458474,0.28321792518360944,0.0032861503570007,7.433548752861864e-06,1.7037102214001214e-06,7.355096314521198e-07,9.954040429582925e-08,2.139481767663634e-09
P03,11,B,alpha,1799551287-α-6,P03-T11-Bα,26,55,G3,4,4,L4,L,False,55,True,L4,True,0.700156430654871,False,0.7698359489440918,valid,False,0.00037214799942034485,0.01836543819851971,0.2720206812408212,0.700156430654871,0.008987794314810631,7.489469723893805e-05,1.6103861072774974e-05,5.691985093786052e-06,8.017640322168304e-07,1.5284119381052817e-08
P03,11,B,alpha,1799551287-α-6,P03-T11-Bα,27,62,D4,8,8,R4,R,False,62,True,R4,True,0.5963681424339529,False,0.8790857791900635,valid,False,0.0009077573340587754,0.00048232272503022936,5.134735593484386e-05,6.9491089588932595e-06,1.745544302810754e-07,0.002064575118411616,0.05230532866870506,0.3174333106522248,0.5963681424339529,0.030380092048292645
P03,11,B,alpha,1799551287-α-6,P03-T11-Bα,28,57,A3,5,5,L4,L,False,57,True,L4,True,0.626728065086688,False,1.0314669609069824,valid,False,0.0002877257775803312,0.013684027597393041,0.35236572101352737,0.626728065086688,0.006857817113086267,5.549125236666529e-05,1.5778983888743366e-05,4.703317061447109e-06,6.365247466625374e-07,3.333366152931783e-08
P03,11,B,alpha,1799551287-α-6,P03-T11-Bα,29,62,D4,8,8,R4,R,False,62,True,R4,True,0.47986579645302624,False,0.926224946975708,valid,False,0.00038480147112951386,0.000420423170591703,2.0110895906054624e-05,3.1939607245038047e-06,4.964946853198209e-08,0.0015626421098172928,0.049203459634890985,0.46104998944248593,0.47986579645302624,0.007489533211959299
P03,12,C,gamma,1799551287-γ-3,P03-T12-Cγ,0,60,C4,7,7,R3,R,False,60,True,R3,True,0.6631993815982673,False,1.0367591381072998,valid,False,0.0033609013532508772,0.00351512705586124,0.0004570674396475137,9.60463560413212e-05,6.58524111521777e-06,0.004124478627733224,0.16716864095435557,0.6631993815982673,0.1562361517283841,0.0018356196453435496
P03,12,C,gamma,1799551287-γ-3,P03-T12-Cγ,1,59,B3,6,6,L5,L,False,59,True,L5,True,0.7046468481684738,False,0.7723288536071777,valid,False,0.004164231322735995,0.003127318461759822,0.03775586442243207,0.2503025694582094,0.7046468481684738,2.9180062200974727e-06,2.1215659928966252e-07,2.9499111213387902e-08,6.697152913205833e-09,1.8073054604954786e-09
P03,12,C,gamma,1799551287-γ-3,P03-T12-Cγ,2,62,D4,8,8,L2,L,False,62,True,L2,True,0.8891450204164271,False,0.5987100601196289,valid,False,0.0065115065543091795,0.8891450204164271,0.08423165923550491,0.003298839866312941,6.042035974314792e-05,0.00772129186108255,0.006896017537397539,0.0018843272318237638,0.0002354094009233104,1.5507536475489702e-05
P03,12,C,gamma,1799551287-γ-3,P03-T12-Cγ,3,53,F3,3,3,L2,L,False,53,True,L2,True,0.7044080353356783,False,0.8898181915283203,valid,False,0.003172575448433187,0.7044080353356783,0.2697128255537366,0.021700987879358886,0.0010046899057357939,6.020399678439444e-07,1.9111366234635243e-07,7.927068133015062e-08,1.2589565574596456e-08,8.631803252264474e-10
P03,12,C,gamma,1799551287-γ-3,P03-T12-Cγ,4,69,A4,12,12,R3,R,False,69,True,R3,True,0.710550126568534,False,0.764991044998169,valid,False,1.5513620565831018e-06,1.3603988292323632e-06,1.3652294102034825e-07,1.1838175346212944e-08,6.825774113966031e-10,0.007803271511914793,0.1752195039401247,0.710550126568534,0.10417159549754858,0.002252441677298401
P03,12,C,gamma,1799551287-γ-3,P03-T12-Cγ,5,62,D4,8,8,L2,L,False,62,True,L2,True,0.9105115718335774,False,0.7585809230804443,valid,False,0.005022895741868079,0.9105115718335774,0.07936096386700156,0.002349039704842732,3.967952406033234e-05,0.0019836620588494927,0.0005469015219972605,0.00015474241369438512,2.770912793878022e-05,2.834206169997473e-06
P03,12,C,gamma,1799551287-γ-3,P03-T12-Cγ,6,60,C4,7,7,R2,R,False,60,True,R2,True,0.7932855782144156,False,0.5441420078277588,valid,False,0.0007835483265781445,0.002195153978514619,0.0003122919725411781,3.054493441483972e-05,1.6575457556667336e-06,0.01759057438655897,0.7932855782144156,0.18058169525294585,0.005135531177888812,8.342421038629864e-05
P03,12,C,gamma,1799551287-γ-3,P03-T12-Cγ,7,57,A3,5,5,L4,L,False,57,True,L4,True,0.8134398597569341,False,0.8206250667572021,valid,False,0.00044094606386736707,0.007516549100059179,0.16608027355268615,0.8134398597569341,0.012229674899978737,0.0001741586472894469,8.815317478545509e-05,2.681676563015038e-05,3.4869494648173363e-06,8.10893046367268e-08
P03,12,C,gamma,1799551287-γ-3,P03-T12-Cγ,8,57,A3,5,5,R4,R,False,57,True,R4,True,0.6624380525439816,False,0.9210131168365479,valid,False,0.0007125532907581702,0.0008811663532266426,0.00041890146067241624,7.228242913757752e-05,2.604257524767562e-06,0.0021849588659226924,0.04620648021747944,0.28356315416182437,0.6624380525439816,0.0035198464194722587
P03,12,C,gamma,1799551287-γ-3,P03-T12-Cγ,9,52,E3,2,2,L2,L,False,52,True,L2,True,0.8557745965043951,False,0.842045783996582,valid,False,0.005416866509365822,0.8557745965043951,0.12054305832795355,0.016261104260259607,0.00199963405421832,1.6375456826346406e-06,2.212076314086711e-06,7.622371774676978e-07,1.2710634987982379e-07,1.378283435539601e-09
P03,12,C,gamma,1799551287-γ-3,P03-T12-Cγ,10,64,E4,9,9,R2,R,False,64,True,R2,True,0.7111429549364908,False,0.5782959461212158,valid,False,4.7980819661112846e-05,1.11881029229515e-05,1.316042004057407e-06,1.9129326755611523e-07,2.672012383218692e-08,0.012023625084752056,0.7111429549364908,0.2616148728550444,0.014109854745686365,0.0010479894000466267
P03,12,C,gamma,1799551287-γ-3,P03-T12-Cγ,11,55,G3,4,5,L5,L,False,57,False,L5,True,0.6332052355417035,False,0.8884222507476807,valid,False,0.00012248663508350314,0.002227829042560386,0.026806780028069053,0.33740079626230207,0.6332052355417035,0.00013379177357456174,7.981174539497092e-05,1.986388676331926e-05,3.1545401786217974e-06,2.505443700460148e-07
P03,12,C,gamma,1799551287-γ-3,P03-T12-Cγ,12,52,E3,2,2,L2,L,False,52,True,L2,True,0.7934098511687044,False,0.834510087966919,valid,False,0.0038824944908652918,0.7934098511687044,0.1640751181169928,0.03233410448219386,0.006296224524589,1.3248050350856443e-06,7.222778578300178e-07,1.331998300711783e-07,2.5838108670346805e-08,1.0958229764301224e-09
P03,12,C,gamma,1799551287-γ-3,P03-T12-Cγ,13,55,G3,4,4,L5,L,False,55,True,L5,True,0.9420659648226102,False,0.8030238151550293,valid,False,4.3303832459232795e-05,0.0003339574468063808,0.004619771563877838,0.052869431015757036,0.9420659648226102,3.247140471130765e-05,2.7561652086639764e-05,6.270339986254347e-06,1.2163208157118881e-06,5.160088936773191e-08
P03,12,C,gamma,1799551287-γ-3,P03-T12-Cγ,14,59,B3,6,6,L3,L,False,59,True,L3,True,0.8193181777384948,False,0.5496499538421631,valid,False,0.00054738799930766,0.10776841976794069,0.8193181777384948,0.06963615652031327,0.0008673404352131204,0.000715904458718974,0.0008885348871516875,0.0002162051623971299,4.029501575619943e-05,1.5780147063132164e-06
P03,12,C,gamma,1799551287-γ-3,P03-T12-Cγ,15,55,G3,4,4,L5,L,False,55,True,L5,True,0.9604684490164798,False,1.1751492023468018,valid,False,4.912905602868977e-05,0.00029617220639485285,0.003606584286637017,0.03552074286123022,0.9604684490164798,3.049261004190455e-05,2.2101029313212997e-05,5.2340031825034265e-06,1.056727017720385e-06,3.8203674081600366e-08
P03,12,C,gamma,1799551287-γ-3,P03-T12-Cγ,16,50,D3,1,1,L3,L,False,50,True,L3,True,0.9410653671545702,False,0.7129290103912354,valid,False,0.00022382397666433876,0.05240323268100751,0.9410653671545702,0.004987888145261901,0.0013193536796052825,2.146189959279462e-07,9.602158219134811e-08,1.9737554893652203e-08,3.828691732989453e-09,1.560659133904006e-10
P03,12,C,gamma,1799551287-γ-3,P03-T12-Cγ,17,71,B4,13,13,R5,R,False,71,True,R5,True,0.8187778603452162,False,0.9317266941070557,valid,False,1.5786833007614014e-07,3.196474608539465e-08,3.8158736782349445e-09,7.531224914203845e-10,1.1360042152762075e-10,0.00019295755781035588,0.002391763647416378,0.019810659957273293,0.15882656397661102,0.8187778603452162
P03,12,C,gamma,1799551287-γ-3,P03-T12-Cγ,18,64,E4,9,9,R1,R,False,64,True,R1,True,0.927641168749365,False,0.6314120292663574,valid,False,0.00020010628911560366,0.00019150392821016022,5.755830587226549e-05,5.609142053926103e-06,5.52872183609933e-07,0.927641168749365,0.06619765149472444,0.005326237007008125,0.00032388880595291767,5.5723405513980124e-05
P03,12,C,gamma,1799551287-γ-3,P03-T12-Cγ,19,69,A4,12,12,R5,R,False,69,True,R5,True,0.8249846104950045,False,0.8327670097351074,valid,False,1.3351932045733198e-06,4.1969080192173333e-07,6.084796492853483e-08,1.0979607284785229e-08,1.7185053042117568e-09,0.0003436101459313459,0.003678389076583809,0.020364831059337767,0.15062673079305866,0.8249846104950045
P03,12,C,gamma,1799551287-γ-3,P03-T12-Cγ,20,59,B3,6,6,L3,L,False,59,True,L3,True,0.8536522200141199,False,0.6761748790740967,valid,False,0.001135652700469912,0.06107241053774916,0.8536522200141199,0.08128612395423582,0.001794083697050612,0.0003368265253793107,0.0005688773420266098,0.000134957648953537,1.7653964727231964e-05,1.1936152880926593e-06
P03,12,C,gamma,1799551287-γ-3,P03-T12-Cγ,21,64,E4,9,9,R3,R,False,64,True,R3,True,0.6789634585988913,False,0.5370800495147705,valid,False,0.00015956169871308434,0.0007500282920505945,0.00048519360024026014,9.622147308775543e-05,9.873346665589286e-06,0.0027949592304650317,0.1364840819755673,0.6789634585988913,0.1777286690099979,0.002527952774321099
P03,12,C,gamma,1799551287-γ-3,P03-T12-Cγ,22,53,F3,3,3,L5,L,False,53,True,L5,True,0.8927604111776241,False,1.0458157062530518,valid,False,0.0001494101301632404,0.0011512075501309035,0.011712054709554423,0.09416592816740246,0.8927604111776241,2.02066874815153e-05,3.2447854560009205e-05,7.696582412804845e-06,6.267964734554513e-07,1.0344197230140405e-08
P03,12,C,gamma,1799551287-γ-3,P03-T12-Cγ,23,65,F4,10,10,R5,R,False,65,True,R5,True,0.8283090760734015,False,1.101278305053711,valid,False,5.125033595488485e-05,8.113360979919768e-05,2.9644197096006778e-05,5.499197746674225e-06,4.1677176252259294e-07,0.0001464793022381853,0.0029970862753482663,0.01806082911970333,0.15031858511694945,0.8283090760734015
P03,12,C,gamma,1799551287-γ-3,P03-T12-Cγ,24,71,B4,13,13,R2,R,False,71,True,R2,True,0.6709778488770687,False,0.8285980224609375,valid,False,1.668857491368585e-07,1.5059275019069647e-07,4.2406715990977186e-08,7.617400237821351e-09,5.464909031439054e-10,0.01878620324580083,0.6709778488770687,0.2896681983480373,0.01986056533692843,0.00070681614305831
P03,12,C,gamma,1799551287-γ-3,P03-T12-Cγ,25,67,G4,11,11,R5,R,False,67,True,R5,True,0.8904206465006467,False,1.0673139095306396,valid,False,5.122252178543908e-06,1.1159306446976086e-05,5.180064402735637e-06,1.0290299465962299e-06,7.016010262025811e-08,0.0004098516608438324,0.003737128619844386,0.01564257266580807,0.08976723973977976,0.8904206465006467
P03,12,C,gamma,1799551287-γ-3,P03-T12-Cγ,26,69,A4,12,12,R5,R,False,69,True,R5,True,0.9186742114180153,False,0.572822093963623,valid,False,1.3480593151579307e-06,2.3706461965247306e-06,1.047163745212283e-06,1.6762997869878852e-07,1.209406508454634e-08,8.15106008818623e-05,0.0012344179478888534,0.0061089959390612635,0.07389591850085184,0.9186742114180153
P03,12,C,gamma,1799551287-γ-3,P03-T12-Cγ,27,60,C4,7,7,L1,L,False,60,True,L1,True,0.6582842035858391,False,1.0427350997924805,valid,False,0.6582842035858391,0.3204213211582204,0.017986774870216493,0.0007331805861727164,3.2375178625677774e-05,0.002486738971886469,5.232069744338037e-05,2.821848135247814e-06,2.2704479126894018e-07,3.605866936031621e-08
P03,12,C,gamma,1799551287-γ-3,P03-T12-Cγ,28,59,B3,6,6,L1,L,False,59,True,L1,True,0.7060700714457936,False,0.740454912185669,valid,False,0.7060700714457936,0.2703492073565335,0.020079802997778656,0.0015522639588958712,8.371931896670268e-05,0.0014019424884746568,0.0003533537793645619,9.439326855132671e-05,1.3296086753716005e-05,1.949298887183892e-06
P03,12,C,gamma,1799551287-γ-3,P03-T12-Cγ,29,71,B4,13,13,R5,R,False,71,True,R5,True,0.9653888035863553,False,0.873974084854126,valid,False,2.560510971609803e-09,2.5873303117049345e-10,7.193743352471605e-11,1.0132993291404137e-11,1.1685886778090575e-12,1.5616117367653717e-05,0.0003382505761608845,0.0020391456588694096,0.03221818115876365,0.9653888035863553
P03,13,C,alpha,1799551287-α-8,P03-T13-Cα,0,59,B3,6,6,L2,L,False,59,True,L2,True,0.9205651111598134,False,0.6964669227600098,valid,False,0.00889053949004218,0.9205651111598134,0.029517630613146585,0.0009093617790121231,4.0154841230269874e-05,0.004723759967304358,0.02443917524457283,0.00889053949004218,0.0019444666678903055,7.926074694567877e-05
P03,13,C,alpha,1799551287-α-8,P03-T13-Cα,1,64,E4,9,9,R4,R,False,64,True,R4,True,0.6885986952129737,False,0.7561001777648926,valid,False,0.0002718109202651746,0.00032711269270888874,7.43170883704839e-05,8.542142414957045e-06,3.056850243417335e-07,0.0015656800319042209,0.01938257982287075,0.2660209727138359,0.6885986952129737,0.023749983689631705
P03,13,C,alpha,1799551287-α-8,P03-T13-Cα,2,65,F4,10,10,R5,R,False,65,True,R5,True,0.9217288128121504,False,0.6112461090087891,valid,False,0.00010685049362230724,8.252140859998489e-05,1.4781822811415762e-05,1.7022473323720505e-06,1.19441901187883e-07,0.0006695816353356475,0.0022847373010542165,0.00967057357395187,0.06544031926324066,0.9217288128121504
P03,13,C,alpha,1799551287-α-8,P03-T13-Cα,3,64,E4,9,9,R3,R,False,64,True,R3,True,0.6139539104701197,False,0.6491250991821289,valid,False,0.000227182401007644,0.0004586619585094803,4.3191816989438396e-05,6.816994342822139e-06,3.8915622430413024e-07,0.0032173709473342573,0.1220663313294851,0.6139539104701197,0.257400789189932,0.0026253557360552573
P03,13,C,alpha,1799551287-α-8,P03-T13-Cα,4,60,C4,7,7,L2,L,False,60,True,L2,True,0.9034440499341924,False,0.6636779308319092,valid,False,0.009233827987613321,0.9034440499341924,0.033210752559323535,0.0017209452361154787,4.118488198407322e-05,0.01567612355377051,0.030846771715356543,0.005274446240545593,0.0005394925495779548,1.2405341520437663e-05
P03,13,C,alpha,1799551287-α-8,P03-T13-Cα,5,59,B3,6,6,L1,L,False,59,True,L1,True,0.6172748544012623,False,0.6736869812011719,valid,False,0.6172748544012623,0.3669825846868604,0.01224740886949282,0.0004427785122817897,2.2944303053792848e-05,0.0017517322881653666,0.0008965351949358743,0.0003346448006485311,4.5289248879428743e-05,1.2276944196687894e-06
P03,13,C,alpha,1799551287-α-8,P03-T13-Cα,6,60,C4,7,7,L2,L,False,60,True,L2,True,0.885789514065277,False,0.5029208660125732,valid,False,0.007930200194909255,0.885789514065277,0.07449099760652592,0.002204891454245963,6.427636181570587e-05,0.013165910156137045,0.010389975332339227,0.005107337752002185,0.0008442372521780985,1.2659824569745671e-05
P03,13,C,alpha,1799551287-α-8,P03-T13-Cα,7,65,F4,10,10,R4,R,False,65,True,R4,True,0.5353820503809887,False,0.7150411605834961,valid,False,7.613046493978538e-05,0.00011772644733704786,2.5758936252973837e-05,4.1131016207860356e-06,3.016180931314362e-07,0.0014140206563790759,0.03349292166216188,0.4243822249270718,0.5353820503809887,0.005104751805154829
P03,13,C,alpha,1799551287-α-8,P03-T13-Cα,8,60,C4,7,7,L2,L,False,60,True,L2,True,0.9212411682657361,False,0.528609037399292,valid,False,0.008047960915089688,0.9212411682657361,0.03986181136270381,0.0013846103396898386,4.6121548314368384e-05,0.005502357008358354,0.015810517412448623,0.007014015011013073,0.0010796826713376814,1.1755465308358513e-05
P03,13,C,alpha,1799551287-α-8,P03-T13-Cα,9,65,F4,10,10,R4,R,False,65,True,R4,True,0.6815634255529192,False,1.1161608695983887,valid,False,0.0001284102803983877,0.000324820052855671,3.350984426436073e-05,3.5604275782202147e-06,9.620429683012946e-08,0.0008066013507067856,0.03887066235326223,0.26684225971546194,0.6815634255529192,0.011426654218256576
P03,13,C,alpha,1799551287-α-8,P03-T13-Cα,10,64,E4,9,9,R2,R,False,64,True,R2,True,0.6228310036455172,False,0.5313129425048828,valid,False,0.0009245836581310822,0.005441450796817187,0.000481752646801574,5.53109373501376e-05,1.4700949162367445e-06,0.013140420799416894,0.6228310036455172,0.3418169021207808,0.014942454518867438,0.00036465078140141834
P03,13,C,alpha,1799551287-α-8,P03-T13-Cα,11,65,F4,10,10,R3,R,False,65,True,R3,True,0.8044225857157578,False,0.5965456962585449,valid,False,8.446425438027522e-05,0.0002082350814355908,2.9238934008275788e-05,4.133262568836483e-06,1.2013491122654908e-07,0.00320235683555156,0.1265140254143512,0.8044225857157578,0.06480204327134287,0.0007327970956923405
P03,13,C,alpha,1799551287-α-8,P03-T13-Cα,12,64,E4,9,9,R2,R,False,64,True,R2,True,0.5879854176159137,False,0.45670008659362793,valid,False,0.000707352180254304,0.0023933008169357934,0.0003988274989667705,5.201923510850803e-05,2.0001332990272333e-06,0.015230990248402071,0.5879854176159137,0.3786840240104294,0.014212206515092585,0.00033386174559778904
P03,13,C,alpha,1799551287-α-8,P03-T13-Cα,13,59,B3,6,6,L2,L,False,59,True,L2,True,0.9060729854231228,False,0.4072740077972412,valid,False,0.008407463814435367,0.9060729854231228,0.07587747442128305,0.0032191580836404814,0.00019968076780181818,0.002531966832952966,0.003306346330890993,0.00035669288293500346,2.757405073326273e-05,6.573922043102478e-07
P03,13,C,alpha,1799551287-α-8,P03-T13-Cα,14,60,C4,7,7,L3,L,False,60,True,L3,True,0.8318752420252152,False,0.8298189640045166,valid,False,0.0007565409758417636,0.06733359493854162,0.8318752420252152,0.0964341770687009,0.00042742169396531093,0.0018400635507926759,0.0011026285515658163,0.00021091131964128676,1.9120739292027143e-05,2.9913644342301014e-07
P03,13,C,alpha,1799551287-α-8,P03-T13-Cα,15,65,F4,10,10,R3,R,False,65,True,R3,True,0.6926398508784585,False,0.5818319320678711,valid,False,9.521491061956063e-05,0.0015331148895399089,0.00034866415235365817,2.427931947343778e-05,3.1830976280882375e-07,0.004496995380455989,0.19812958823476814,0.6926398508784585,0.10191912843029366,0.0008128454942744314
P03,13,C,alpha,1799551287-α-8,P03-T13-Cα,16,60,C4,7,7,L3,L,False,60,True,L3,True,0.8343027945463087,False,0.8236510753631592,valid,False,0.0010761141970231692,0.13620957305584083,0.8343027945463087,0.022796257995183887,0.00015609421811970487,0.001135646949276034,0.002535674699096906,0.0015999172855672857,0.0001864500699245363,1.4769836589216595e-06
P03,13,C,alpha,1799551287-α-8,P03-T13-Cα,17,59,B3,6,6,L1,L,False,59,True,L1,True,0.6809490356125384,False,0.7909739017486572,valid,False,0.6809490356125384,0.30597012478840285,0.010211223574358027,0.0003546894949979451,1.504796467876014e-05,0.0008893308316779022,0.0012019886537754133,0.00035413360884753404,5.391124704450279e-05,5.142236787178101e-07
P03,13,C,alpha,1799551287-α-8,P03-T13-Cα,18,60,C4,7,7,L2,L,False,60,True,L2,True,0.82270641724026,False,0.5612571239471436,valid,False,0.003166413040837044,0.82270641724026,0.14731886899727906,0.007182285763069183,0.00044331029833827133,0.004700818049953936,0.009334042732359589,0.004528778019177858,0.0006139740684413888,5.091790283668825e-06
P03,13,C,alpha,1799551287-α-8,P03-T13-Cα,19,59,B3,6,6,L1,L,False,59,True,L1,True,0.4993405126034873,False,0.7570412158966064,valid,False,0.4993405126034873,0.4797610910503381,0.01734472200688062,0.000420331435407196,2.8819249001712498e-05,0.0010959603207014916,0.0014017855485010306,0.0005338628980504119,7.222299419400695e-05,6.918934381824882e-07
P03,13,C,alpha,1799551287-α-8,P03-T13-Cα,20,60,C4,7,7,L3,L,False,60,True,L3,True,0.80694456322973,False,0.5436992645263672,valid,False,0.0017738144296299506,0.0742603614125645,0.80694456322973,0.10275636773891432,0.0006103110015405677,0.0030746662071617094,0.007420797340824183,0.0027531031068906203,0.00040238569125648706,3.629841487712788e-06
P03,13,C,alpha,1799551287-α-8,P03-T13-Cα,21,59,B3,6,6,L4,L,False,59,True,L4,True,0.6602272278624458,False,0.8227939605712891,valid,False,0.0005325667361802648,0.016199547590749066,0.31526199020468365,0.6602272278624458,0.005464894292287818,0.0008804914221416683,0.0009773041386941187,0.0004009531365423758,5.450624352645808e-05,5.183727487838014e-07
P03,13,C,alpha,1799551287-α-8,P03-T13-Cα,22,57,A3,5,5,L5,L,False,57,True,L5,True,0.9401130866921273,False,1.0749669075012207,valid,False,6.194666675584324e-05,0.0005388477607859571,0.006784584468491661,0.05208028256890992,0.9401130866921273,0.00018438528982310035,0.0001670124641450175,6.117099552348534e-05,8.614798520183011e-06,6.829491751947449e-08
P03,13,C,alpha,1799551287-α-8,P03-T13-Cα,23,62,D4,8,8,R4,R,False,62,True,R4,True,0.5763980330997682,False,0.9647819995880127,valid,False,0.0004009867775301725,0.0018320142670633637,0.0009618556528657595,0.00020080474186796158,1.3768294934281824e-05,0.0009861657925492302,0.039676728360869114,0.3752838479454455,0.5763980330997682,0.004245795067106387
P03,13,C,alpha,1799551287-α-8,P03-T13-Cα,24,64,E4,9,9,R5,R,False,64,True,R5,True,0.9470868411847155,False,0.874373197555542,valid,False,0.00021434218761335477,0.00039474942714072195,0.00015714085515992888,3.0217093370016504e-05,2.9237177412058772e-06,0.0003386899010277443,0.0020199947130308217,0.007260298986642582,0.04249480193355802,0.9470868411847155
P03,13,C,alpha,1799551287-α-8,P03-T13-Cα,25,65,F4,10,10,R4,R,False,65,True,R4,True,0.6582554826878052,False,0.8721928596496582,valid,False,4.4437736075983275e-05,5.396686487901538e-05,2.31276464583462e-05,4.781046950939988e-06,4.458773380448777e-07,0.0004221213701946271,0.030776765399949686,0.2995147910397795,0.6582554826878052,0.0109040803305688
P03,13,C,alpha,1799551287-α-8,P03-T13-Cα,26,64,E4,9,9,R5,R,False,64,True,R5,True,0.9572876948419166,False,0.9939160346984863,valid,False,0.0002476618383431661,0.0005780419482154122,0.00024913351290689823,4.860413427006013e-05,4.716164455050151e-06,8.290463136088334e-05,0.0018118473798390332,0.006601793035806826,0.03308760251288615,0.9572876948419166
P03,13,C,alpha,1799551287-α-8,P03-T13-Cα,27,59,B3,6,6,L2,L,False,59,True,L2,True,0.9525123254073843,False,0.5929441452026367,valid,False,0.012171571735016306,0.9525123254073843,0.028193826822513916,0.0005593963891918667,3.835398086550845e-05,0.000486716253126038,0.00415654386281542,0.0017029479662940977,0.0001755183024673513,2.7992803252654035e-06
P03,13,C,alpha,1799551287-α-8,P03-T13-Cα,28,60,C4,7,7,L3,L,False,60,True,L3,True,0.8912034847212109,False,0.7065231800079346,valid,False,0.0008103542504457829,0.07624526243899699,0.8912034847212109,0.02245926708590323,0.0001240281108481501,0.002950843873950819,0.004298027612276258,0.001669581137849811,0.00023517456267708594,3.976205840852815e-06
P03,13,C,alpha,1799551287-α-8,P03-T13-Cα,29,57,A3,5,5,L3,L,False,57,True,L3,True,0.8273926325602309,False,0.7621629238128662,valid,False,0.000513836882280893,0.0789683587708459,0.8273926325602309,0.09179423637158522,0.001009239327473654,0.00018608770908973198,9.412964414894751e-05,3.6090678858872506e-05,5.291144788721341e-06,9.691069725822779e-08
P03,14,A,gamma,1799551287-γ-6,P03-T14-Aγ,0,62,D4,8,8,L2,L,False,62,True,R5,False,0.000263806923594728,False,1.8923077583312988,valid,False,0.000621596905902175,0.000263806923594728,7.945711844909666e-05,1.21243701072849e-05,2.004144899121234e-06,0.0018455983679584028,0.0029264629011421348,0.009893673436087137,0.06150942973276542,0.9228458460990945
P03,14,A,gamma,1799551287-γ-6,P03-T14-Aγ,1,57,A3,5,5,R2,R,False,57,True,L2,False,0.0027112488456267738,False,0.437345027923584,valid,False,0.02109216901267399,0.8108545164612359,0.13822763217871653,0.023781354154769997,0.0014461456354640514,0.000705422177632329,0.0027112488456267738,0.0010089415739142156,0.0001667769204485574,5.793039517786718e-06
P03,14,A,gamma,1799551287-γ-6,P03-T14-Aγ,2,62,D4,8,8,R4,R,False,62,True,R2,False,0.03274923047950435,False,0.39275503158569336,valid,False,0.002317837816646565,0.006333907311172413,0.0008597440631595405,9.915008814562959e-05,4.091571262556062e-06,0.01112149213915454,0.7125709349388578,0.23249749830619776,0.03274923047950435,0.0014461132858988124
P03,14,A,gamma,1799551287-γ-6,P03-T14-Aγ,3,55,G3,4,4,L5,L,False,55,True,L3,False,0.002629787580676635,False,0.3725109100341797,valid,False,0.0026498018406665644,0.21337359639910974,0.7084252882698423,0.07246071862790678,0.002629787580676635,0.0001320869428643478,0.00027498893840120325,4.609939756812734e-05,7.321387666849623e-06,3.106152975038115e-07
P03,14,A,gamma,1799551287-γ-6,P03-T14-Aγ,4,48,C3,0,0,L1,L,False,48,True,L4,False,3.914517494892784e-05,False,1.2070772647857666,valid,False,3.914517494892784e-05,0.0011326443031428291,0.053623452346123625,0.8472421254122787,0.09796209974058868,2.424684758524857e-07,2.331874190243512e-07,5.027445393898744e-08,6.8039074633989035e-09,2.8866081637792085e-10
P03,14,A,gamma,1799551287-γ-6,P03-T14-Aγ,5,55,G3,4,4,L5,L,False,55,True,L2,False,0.00019708915492101735,False,0.355942964553833,valid,False,0.00466726263732079,0.9498221286307263,0.04194145570269816,0.002753567432301911,0.00019708915492101735,0.00017552994195264515,0.0003528561075525151,7.857314803598818e-05,1.1067689559144813e-05,4.69554931595757e-07
P03,14,A,gamma,1799551287-γ-6,P03-T14-Aγ,6,62,D4,8,8,R4,R,False,62,True,R2,False,0.035729734042354515,False,0.3402061462402344,valid,False,0.0016459583692695497,0.0015687637853976479,3.673531329132361e-05,4.070388736108481e-06,2.2077173883110017e-07,0.01960889379698902,0.705794215053729,0.23415498577136692,0.035729734042354515,0.0014564227071272302
P03,14,A,gamma,1799551287-γ-6,P03-T14-Aγ,7,59,B3,6,6,L3,L,False,59,True,R2,False,0.002609213293585999,False,0.5088539123535156,valid,False,0.00832191592858315,0.11888475867184521,0.002609213293585999,0.00017188128496108379,1.093358370493501e-05,0.011645365499372545,0.7955619782589805,0.06150071223586856,0.001270040456933732,2.320078616432687e-05
P03,14,A,gamma,1799551287-γ-6,P03-T14-Aγ,8,59,B3,6,6,R2,R,False,59,True,L2,False,0.018992808665891675,False,0.4663519859313965,valid,False,0.010242030549366473,0.9405830000116192,0.020216516034218455,0.0009670548104545291,3.412425475320188e-05,0.005700719292364674,0.018992808665891675,0.0029638820006362815,0.00029127131151075584,8.593069184703086e-06
P03,14,A,gamma,1799551287-γ-6,P03-T14-Aγ,9,69,A4,12,12,R5,R,False,69,True,R4,False,0.06740569119962993,False,1.1255619525909424,valid,False,3.664874215860667e-06,5.186351153470067e-06,2.7917698907172545e-07,1.1756117476510076e-08,3.2517653797033344e-10,0.00031889643922297086,0.021593242462493445,0.16343076518316632,0.747242262231835,0.06740569119962993
P03,14,A,gamma,1799551287-γ-6,P03-T14-Aγ,10,50,D3,1,1,L2,L,False,50,True,L4,False,0.0013289447817619682,False,0.5878438949584961,valid,False,3.9243836710676754e-05,0.0013289447817619682,0.06954952762268538,0.8644030269647016,0.06467885026061154,2.8134959815093083e-07,1.0662444751293592e-07,1.7042532385879315e-08,1.4780772845872143e-09,3.8873379522207725e-11
P03,14,A,gamma,1799551287-γ-6,P03-T14-Aγ,11,60,C4,7,7,L3,L,False,60,True,R2,False,0.0012344892619013002,False,0.6316750049591064,valid,False,0.0053335323517596485,0.06357982028206498,0.0012344892619013002,7.497596155940795e-05,3.533631967440678e-06,0.013607992873946102,0.8048511322433919,0.10892475594546787,0.0023554738303207183,3.42936176206341e-05
P03,14,A,gamma,1799551287-γ-6,P03-T14-Aγ,12,59,B3,6,6,R2,R,False,59,True,L2,False,0.11012365451923939,False,0.4357266426086426,valid,False,0.00621372029037348,0.8639837533500925,0.0050873638927534095,0.00021583518329629863,1.7955099832184237e-05,0.0059348224935091105,0.11012365451923939,0.007894251491416045,0.0005198793485114252,8.764330976099874e-06
P03,14,A,gamma,1799551287-γ-6,P03-T14-Aγ,13,69,A4,12,12,R3,R,False,69,True,R3,True,0.4790965990029316,False,0.6491382122039795,valid,False,5.9645151323708535e-06,6.440404258490478e-06,6.77398322087863e-08,4.119263438838057e-09,1.9431146122035017e-10,0.0009456265681188468,0.0336029055176333,0.4790965990029316,0.4549392130954574,0.031403178843061014
P03,14,A,gamma,1799551287-γ-6,P03-T14-Aγ,14,53,F3,3,3,L1,L,False,53,True,L3,False,0.0005923143472494597,False,0.453718900680542,valid,False,0.0005923143472494597,0.04713962426731517,0.7872140736328517,0.16134923918459848,0.003593149106962395,5.221891188937634e-05,4.730352070954298e-05,1.0253782888404812e-05,1.7442633330207341e-06,7.898220249829555e-08
P03,14,A,gamma,1799551287-γ-6,P03-T14-Aγ,15,67,G4,11,11,R5,R,False,67,True,R3,False,0.04417162436642399,False,0.4644758701324463,valid,False,2.361950516195251e-05,2.6995475739836744e-05,5.832471404226451e-07,8.127262143176743e-08,2.475291721671048e-09,0.0023581003177804193,0.09390178339154077,0.4732998321745212,0.38621737777377824,0.04417162436642399
P03,14,A,gamma,1799551287-γ-6,P03-T14-Aγ,16,65,F4,10,10,R4,R,False,65,True,R3,False,0.15635532320142864,False,0.3915870189666748,valid,False,7.450301066656438e-05,0.00010627179448849257,2.3165674685273412e-06,3.1162068936057795e-07,7.769234804430906e-09,0.0021449788996287275,0.11751936677134533,0.7172208898842398,0.15635532320142864,0.006576030480809674
P03,14,A,gamma,1799551287-γ-6,P03-T14-Aγ,17,60,C4,7,7,R3,R,False,60,True,R2,False,0.05942986997092997,False,0.5088620185852051,valid,False,0.004798770273206845,0.08836810832030821,0.0018289430292254575,0.00017935998796472143,5.9791105651194945e-06,0.01107618116198735,0.8328028682837755,0.05942986997092997,0.0014658462008366531,4.4073661200275266e-05
P03,14,A,gamma,1799551287-γ-6,P03-T14-Aγ,18,59,B3,6,6,L5,L,False,59,True,L2,False,5.2016673400785856e-05,False,0.5661742687225342,valid,False,0.008470216617489,0.9406939181875756,0.013688500256552839,0.001101371347633116,5.2016673400785856e-05,0.004566165127455055,0.0267484356755065,0.004437964077854529,0.0002355172691197742,5.894767412729536e-06
P03,14,A,gamma,1799551287-γ-6,P03-T14-Aγ,19,69,A4,12,12,R1,R,False,69,True,R3,False,0.0008970122973455103,False,0.8132731914520264,valid,False,4.153530059123755e-06,1.7322549713094132e-06,4.1979411275250884e-08,3.808286271185252e-09,1.7511481097902993e-10,0.0008970122973455103,0.05801923456222205,0.5383078759438417,0.3882574817921088,0.014512463656639232
P03,14,A,gamma,1799551287-γ-6,P03-T14-Aγ,20,55,G3,4,4,L1,L,False,55,True,L2,False,0.002314826957590894,False,0.47669506072998047,valid,False,0.002314826957590894,0.6736189277416115,0.29080837988706654,0.032214816134018776,0.0009931559421465666,1.7231721446295352e-05,2.0892533636931145e-05,9.662931865668036e-06,2.0159583796545106e-06,9.019223720638206e-08
P03,14,A,gamma,1799551287-γ-6,P03-T14-Aγ,21,60,C4,7,7,R4,R,False,60,True,R2,False,0.002487908007701301,False,0.5190260410308838,valid,False,0.006408897913566789,0.0905920067875068,0.001674645004733037,0.00018656968917035404,7.3566311817935466e-06,0.009404005967753249,0.7972240574166124,0.09193996091602612,0.002487908007701301,7.459166574826716e-05
P03,14,A,gamma,1799551287-γ-6,P03-T14-Aγ,22,52,E3,2,2,L4,L,False,52,True,L4,True,0.6950454296926247,False,0.5122859477996826,valid,False,0.0002024901801445722,0.020000057010949156,0.252801945991492,0.6950454296926247,0.03194377128598855,3.717024234928225e-06,2.238156268963183e-06,3.1718581452934546e-07,3.218616449299813e-08,1.2863181536550532e-09
P03,14,A,gamma,1799551287-γ-6,P03-T14-Aγ,23,59,B3,6,6,L2,L,False,59,True,L2,True,0.9501609570063787,False,0.47446703910827637,valid,False,0.008470854581468065,0.9501609570063787,0.027021460906566205,0.0011464055040391386,6.082541255921846e-05,0.0033433106216832,0.008623927087006733,0.0010163308936634498,0.00014824921363176498,7.678773003250392e-06
P03,14,A,gamma,1799551287-γ-6,P03-T14-Aγ,24,60,C4,7,7,L4,L,False,60,True,R2,False,0.00024863470783529766,False,0.5752320289611816,valid,False,0.005748102306550672,0.08888372585158277,0.0023294509669035176,0.00024863470783529766,6.701759044585882e-06,0.011149882222409355,0.7435447369509165,0.1442328395189089,0.0037629002219281026,9.302549392030662e-05
P03,14,A,gamma,1799551287-γ-6,P03-T14-Aγ,25,62,D4,8,8,R5,R,False,62,True,R2,False,0.00019589184435017556,False,0.37505412101745605,valid,False,0.002718298759342064,0.013120656252727682,0.0002725926719108088,3.4067334401780515e-05,1.0701492069438148e-06,0.013204843719924256,0.8128801736187349,0.15149971000092952,0.006072695648471831,0.00019589184435017556
P03,14,A,gamma,1799551287-γ-6,P03-T14-Aγ,26,65,F4,10,10,R3,R,False,65,True,R3,True,0.8640788907140786,False,0.5461199283599854,valid,False,9.68693879107041e-05,0.00014622231454200735,5.305920860604113e-06,4.813898314547294e-07,1.2933147706953867e-08,0.0012429231801663163,0.06104933992215025,0.8640788907140786,0.07233814565150688,0.001041808585805379
P03,14,A,gamma,1799551287-γ-6,P03-T14-Aγ,27,69,A4,12,12,R5,R,False,69,True,R4,False,0.023414014768103952,False,0.5947201251983643,valid,False,4.019719233888196e-06,3.264075036486151e-06,1.308334993042171e-07,1.0956419247249482e-08,3.115417838999936e-10,0.00024531896100010774,0.010897336577216261,0.2166785587289206,0.7487573450690284,0.023414014768103952
P03,14,A,gamma,1799551287-γ-6,P03-T14-Aγ,28,62,D4,8,8,R3,R,False,62,True,R2,False,0.07757662815429608,False,0.48114514350891113,valid,False,0.0024979849967248775,0.01364111503717176,0.000500994263106313,4.205367803057733e-05,1.2046561179834214e-06,0.01389134797155209,0.8900398155028837,0.07757662815429608,0.0017602432344413284,4.86125056751623e-05
P03,14,A,gamma,1799551287-γ-6,P03-T14-Aγ,29,55,G3,4,4,L2,L,False,55,True,L3,False,0.0895540232908075,False,0.5289738178253174,valid,False,0.0017004255968597383,0.0895540232908075,0.8546746243190619,0.05261891968465054,0.0012018931963799864,0.00010794000333241391,0.00012173960011184677,1.965201400399244e-05,7.662456802058558e-07,1.6049111952689378e-08
P03,15,B,gamma,1799551287-γ-4,P03-T15-Bγ,0,53,F3,3,3,L2,L,False,53,True,L2,True,0.7201910785938146,False,0.8534300327301025,valid,False,0.004915202680178931,0.7201910785938146,0.24457366789986212,0.028205487853274504,0.0020937749736530563,1.2632257041919345e-05,6.823370088748125e-06,1.1357257145876243e-06,1.803730347542498e-07,1.6273336661412454e-08
P03,15,B,gamma,1799551287-γ-4,P03-T15-Bγ,1,48,C3,0,0,L2,L,False,48,True,L2,True,0.6210341218364526,False,0.8450260162353516,valid,False,0.0012562876459632666,0.6210341218364526,0.3146264389611887,0.05863818039631748,0.004444869069845025,6.858046549490507e-08,2.78188707167072e-08,4.7917542925299695e-09,8.243967147318352e-10,7.474568243434559e-11
P03,15,B,gamma,1799551287-γ-4,P03-T15-Bγ,2,60,C4,7,7,R4,R,False,60,True,R4,True,0.5601901270613069,False,0.9385058879852295,valid,False,0.0021586943569740324,0.002483185006873895,0.00039975825764096396,5.8066024641731705e-05,1.1536435035962345e-06,0.0012553946808850727,0.04379582900715002,0.3833401224896949,0.5601901270613069,0.0063176694713288385
P03,15,B,gamma,1799551287-γ-4,P03-T15-Bγ,3,57,A3,5,5,L5,L,False,57,True,L5,True,0.8783684924142768,False,1.1923701763153076,valid,False,4.763722149651414e-05,0.00045891328088723863,0.008199968306391458,0.11290830778079564,0.8783684924142768,1.4763649482871565e-05,1.6918480967216033e-06,1.874621125860571e-07,3.09872787941451e-08,7.049181350752257e-09
P03,15,B,gamma,1799551287-γ-4,P03-T15-Bγ,4,48,C3,0,0,L2,L,False,48,True,L2,True,0.7132977511166123,False,0.7174007892608643,valid,False,0.0008982148329774597,0.7132977511166123,0.2378253353285476,0.04306734989406352,0.004911334981320984,1.0714918102319432e-08,2.2828153741968076e-09,7.448365314552507e-10,1.0080266294947252e-10,3.1054690706802665e-12
P03,15,B,gamma,1799551287-γ-4,P03-T15-Bγ,5,57,A3,5,5,L5,L,False,57,True,L5,True,0.8730926165359117,False,1.0281448364257812,valid,False,3.882152154060354e-05,0.0008043375305130938,0.008300518168530743,0.1175426640151008,0.8730926165359117,0.00016065608485207205,4.293970486172334e-05,1.4582131643555488e-05,2.717729853539533e-06,1.4657719208764354e-07
P03,15,B,gamma,1799551287-γ-4,P03-T15-Bγ,6,57,A3,5,5,R4,R,False,57,True,R4,True,0.660627815083893,False,1.323988914489746,valid,False,0.0024465426219650093,0.001822003909237885,0.0002485362342388817,3.6437142281079534e-05,3.6670388722240057e-06,0.0006737878694762193,0.030703982286636525,0.2939087598318853,0.660627815083893,0.009528467981513836
P03,15,B,gamma,1799551287-γ-4,P03-T15-Bγ,7,52,E3,2,2,L2,L,False,52,True,L2,True,0.867367232977928,False,0.9994521141052246,valid,False,0.0039841442648654865,0.867367232977928,0.11738539014522491,0.010231410554254668,0.0010304696619996348,1.0185551719881262e-06,2.549259249368141e-07,6.809971393691953e-08,1.0391342551648099e-08,4.2357402469935506e-10
P03,15,B,gamma,1799551287-γ-4,P03-T15-Bγ,8,57,A3,5,5,L4,L,False,57,True,L4,True,0.7046500760664942,False,1.7821731567382812,valid,False,0.00012080149589592844,0.007421017210964551,0.27732256156473933,0.7046500760664942,0.010261938042407598,0.00015544922124086726,4.7725059320167744e-05,1.7557068152577245e-05,2.788368373976108e-06,8.590241060780569e-08
P03,15,B,gamma,1799551287-γ-4,P03-T15-Bγ,9,67,G4,11,11,R5,R,False,67,True,R5,True,0.953787679043033,False,1.0345029830932617,valid,False,3.524379964293597e-07,3.2328579265128935e-08,3.728297316739592e-09,6.676118387773159e-10,1.9331444121034818e-11,6.055672279107381e-05,0.001019577715772815,0.004666648219725313,0.04046514911686161,0.953787679043033
P03,15,B,gamma,1799551287-γ-4,P03-T15-Bγ,10,55,G3,4,4,L1,L,False,55,True,L1,True,0.9093999647613367,False,0.7121620178222656,valid,False,0.9093999647613367,0.08249890352461232,0.0033628371334618037,0.00033047806290878424,3.38026865015125e-05,0.00035271819293933743,0.0025572499086914738,0.001293390738296382,0.00016502664825193743,5.628343000013675e-06
P03,15,B,gamma,1799551287-γ-4,P03-T15-Bγ,11,62,D4,8,8,R4,R,False,62,True,R4,True,0.6530449760998995,False,0.8666651248931885,valid,False,0.0008413089309866109,0.0002373180636206064,3.3428247697638685e-05,5.100819851450002e-06,1.9976797358101865e-07,0.0008848940431239403,0.029762055016920495,0.30003957567332884,0.6530449760998995,0.015151143336597332
P03,15,B,gamma,1799551287-γ-4,P03-T15-Bγ,12,67,G4,11,11,R5,R,False,67,True,R5,True,0.9578287259133289,False,0.8137099742889404,valid,False,4.779435122137031e-06,7.35227177860386e-07,7.5202128643153e-08,1.1943408508867098e-08,1.0001795530978098e-09,2.68609982126192e-05,0.0005584444009547517,0.003681206640058636,0.03789915923942845,0.9578287259133289
P03,15,B,gamma,1799551287-γ-4,P03-T15-Bγ,13,57,A3,5,5,L3,L,False,57,True,L3,True,0.7813523994358302,False,1.412498950958252,valid,False,0.00025809175185641345,0.056304363546329055,0.7813523994358302,0.1582134624110418,0.0018542962162530622,0.0002570044241010187,0.0012379496926656634,0.00045769574493540816,6.21022079291176e-05,2.634569058258107e-06
P03,15,B,gamma,1799551287-γ-4,P03-T15-Bγ,14,64,E4,9,9,R1,R,False,64,True,R1,True,0.8223653864322265,False,0.8137831687927246,valid,False,0.0005324664572084128,0.0011934814717327643,0.0002748016425890706,3.710466095564979e-05,8.586589375463884e-07,0.8223653864322265,0.15952247243868894,0.015062147452486997,0.0009533099475615599,5.7970837612461665e-05
P03,15,B,gamma,1799551287-γ-4,P03-T15-Bγ,15,57,A3,5,5,R2,R,False,57,True,R2,True,0.5625091193720526,False,1.0563569068908691,valid,False,0.036238891688612176,0.053112236601064684,0.003498755543132147,0.00070638656147288,5.9150449757659075e-05,0.009859858944716547,0.5625091193720526,0.32131030748293143,0.01258376317648481,0.00012153017977503459
P03,15,B,gamma,1799551287-γ-4,P03-T15-Bγ,16,59,B3,6,6,L5,L,False,59,True,L5,True,0.8198698152588093,False,1.0556731224060059,valid,False,0.00037174554167420445,0.0016508189117859786,0.020534221544075294,0.1574904922416346,0.8198698152588093,7.378693052711256e-05,7.354557946820706e-06,1.400600180001838e-06,2.827762994450583e-07,8.16370671221027e-08
P03,15,B,gamma,1799551287-γ-4,P03-T15-Bγ,17,52,E3,2,2,L2,L,False,52,True,L2,True,0.8283612507027387,False,0.9168572425842285,valid,False,0.00468893485209999,0.8283612507027387,0.14833145824248611,0.016435594057758105,0.002181225945206819,1.208604908765956e-06,2.434617656608957e-07,7.332927463898676e-08,1.0329045832933297e-08,4.747152683755211e-10
P03,15,B,gamma,1799551287-γ-4,P03-T15-Bγ,18,53,F3,3,3,L4,L,False,53,True,L4,True,0.6388721514611488,False,1.1714909076690674,valid,False,0.00021078242219466333,0.013012729642503452,0.3282675740039964,0.6388721514611488,0.01962088559414252,1.2753377571729178e-05,2.333710843521315e-06,6.753390873482978e-07,1.1163280031125447e-07,2.815711313036722e-09
P03,15,B,gamma,1799551287-γ-4,P03-T15-Bγ,19,62,D4,8,8,R5,R,False,62,True,R5,True,0.9002087627323235,False,0.8862521648406982,valid,False,0.0004868141117452217,0.00025676213436973214,1.836381172612489e-05,3.562212975255687e-06,1.0041685159200323e-07,0.0002987119217528529,0.002778883456739752,0.012228436213777297,0.08371960298773867,0.9002087627323235
P03,15,B,gamma,1799551287-γ-4,P03-T15-Bγ,20,62,D4,8,8,L4,L,False,62,True,L4,True,0.6704518086096252,False,1.057023048400879,valid,False,0.00018654636374087653,0.009462281920547528,0.3133388976022287,0.6704518086096252,0.00610863349398913,0.00033075948899993996,9.762559764204572e-05,1.8834816626453067e-05,3.9578743676696944e-06,6.542322326965147e-07
P03,15,B,gamma,1799551287-γ-4,P03-T15-Bγ,21,65,F4,10,10,R1,R,False,65,True,R1,True,0.97178070012642,False,0.9395649433135986,valid,False,4.117715359642572e-05,0.00017827558570885943,1.821685649724601e-05,1.409431614960436e-06,1.4368751423404471e-08,0.97178070012642,0.02355010223992686,0.004051674132887133,0.0003393002609364323,3.912984366074028e-05
P03,15,B,gamma,1799551287-γ-4,P03-T15-Bγ,22,67,G4,11,11,R4,R,False,67,True,R4,True,0.5222029261171751,False,0.9257767200469971,valid,False,3.882006677013007e-06,4.913824304724325e-06,2.796578292993746e-07,2.9771954245159805e-08,4.576297620023908e-10,0.0011130537546146355,0.06639226781804254,0.40371008719614176,0.5222029261171751,0.006572559395630879
P03,15,B,gamma,1799551287-γ-4,P03-T15-Bγ,23,71,B4,13,13,R5,R,False,71,True,R5,True,0.8984236085787343,False,0.7153360843658447,valid,False,3.379535170068271e-07,2.8737858679861356e-07,1.3146456301283964e-08,1.7791793870920168e-09,2.863072074392864e-11,0.0001249130346789779,0.0021917204983866356,0.01452947896867747,0.08472963863315236,0.8984236085787343
P03,15,B,gamma,1799551287-γ-4,P03-T15-Bγ,24,65,F4,10,10,R2,R,False,65,True,R2,True,0.7603194322350852,False,0.7506110668182373,valid,False,4.565839186116426e-05,8.530563337168377e-05,3.980844288273238e-06,5.387486892743105e-07,9.629758852351475e-09,0.012947603010961508,0.7603194322350852,0.19514417621034344,0.028609494851628205,0.002843800444012612
P03,15,B,gamma,1799551287-γ-4,P03-T15-Bγ,25,52,E3,2,2,L2,L,False,52,True,L2,True,0.8064472915079184,False,1.2028141021728516,valid,False,0.0018216768971078684,0.8064472915079184,0.17637960885319962,0.014770597374056779,0.0005797541311998094,7.837604673389955e-07,2.532723817345612e-07,2.7334485189429665e-08,6.4762983106612145e-09,3.9288480468259906e-10
P03,15,B,gamma,1799551287-γ-4,P03-T15-Bγ,26,71,B4,13,13,R2,R,False,71,True,R2,True,0.5675765179476003,False,1.168839931488037,valid,False,2.4667170035110548e-08,1.5478798124520024e-09,2.01268816607873e-10,3.196499540924825e-11,2.8965887221188475e-12,0.027988420881510535,0.5675765179476003,0.33743590246522226,0.06042334722148567,0.006575785033000947
P03,15,B,gamma,1799551287-γ-4,P03-T15-Bγ,27,62,D4,8,8,L4,L,False,62,True,L4,True,0.7505825455518099,False,1.204726219177246,valid,False,0.0001723223877272538,0.008856827474698601,0.22607111828253196,0.7505825455518099,0.013634907332617768,0.0005041272659987503,0.0001492067297751998,2.2842090563909795e-05,5.199720693822125e-06,9.03163582757275e-07
P03,15,B,gamma,1799551287-γ-4,P03-T15-Bγ,28,60,C4,7,7,L2,L,False,60,True,L2,True,0.9548241057725678,False,0.7283751964569092,valid,False,0.004382643628991871,0.9548241057725678,0.03508073469070439,0.0017465669364409959,2.653596168909314e-05,0.002220040701147647,0.0013014963929111804,0.0003526257829120298,6.31433406003316e-05,2.1067920347583054e-06
P03,15,B,gamma,1799551287-γ-4,P03-T15-Bγ,29,65,F4,10,10,R4,R,False,65,True,R4,True,0.5204885525514443,False,0.8337700366973877,valid,False,6.34690067014106e-06,1.3264725139085e-06,9.85218600109471e-08,1.564698822220498e-08,2.9642965693963477e-10,0.000986065697615164,0.03061101417717725,0.3929402794140338,0.5204885525514443,0.05496630032126737
P03,16,C,beta,1799551287-β-9,P03-T16-Cβ,0,62,D4,8,8,R4,R,False,62,True,R4,True,0.588255060424291,False,0.8353521823883057,valid,False,0.000674919589283784,0.0005277120301286312,0.00012210922231000685,2.0184518689446708e-05,6.106545709051633e-07,0.003808215208146986,0.030964088036545608,0.3684236530992779,0.588255060424291,0.007203447216755904
P03,16,C,beta,1799551287-β-9,P03-T16-Cβ,1,67,G4,11,11,R2,R,False,67,True,R2,True,0.7688834549781829,False,0.7587437629699707,valid,False,4.8116595355935095e-06,2.2039468509208486e-06,5.448170019231088e-07,7.674206258182698e-08,1.7424896887304793e-09,0.020616666683912398,0.7688834549781829,0.19734222494143483,0.012999870605976994,0.00015014388255217814
P03,16,C,beta,1799551287-β-9,P03-T16-Cβ,2,64,E4,9,9,R3,R,False,64,True,R3,True,0.6453041432532293,False,0.5170819759368896,valid,False,0.00021663510255057092,0.00016917477299981077,4.0345385428313927e-05,5.460154164231172e-06,1.1782298872654796e-07,0.002862200928826502,0.11547512877395695,0.6453041432532293,0.23459458801856692,0.001332205787288751
P03,16,C,beta,1799551287-β-9,P03-T16-Cβ,3,62,D4,8,8,R2,R,False,62,True,R2,True,0.6802846230144675,False,0.4489741325378418,valid,False,0.0015282405238466804,0.0015944147463408432,0.0003404494147351958,4.991225445338272e-05,1.0720771675573106e-06,0.012968343519350728,0.6802846230144675,0.2936860306823299,0.009416950159017369,0.00012996360829105476
P03,16,C,beta,1799551287-β-9,P03-T16-Cβ,4,59,B3,6,6,L4,L,False,59,True,L4,True,0.6678542355624146,False,0.9755628108978271,valid,False,0.0002408584997455428,0.007061913891776039,0.3182772752745698,0.6678542355624146,0.006424797922076362,0.0001264773143786159,1.2323294144377397e-05,1.997357822637164e-06,1.1669696095698163e-07,4.186111059060963e-09
P03,16,C,beta,1799551287-β-9,P03-T16-Cβ,5,59,B3,6,6,L4,L,False,59,True,L4,True,0.5595586029674402,False,0.5602622032165527,valid,False,0.0006982542060165102,0.021200472611910246,0.41292603377092096,0.5595586029674402,0.00470209705117168,0.0006567256848553247,0.00020126822666759103,5.213571285316405e-05,4.366012762872473e-06,4.375540146811864e-08
P03,16,C,beta,1799551287-β-9,P03-T16-Cβ,6,60,C4,7,7,R4,R,False,60,True,R4,True,0.5913407838680538,False,0.7267148494720459,valid,False,0.0008346267487643769,0.012000789174224313,0.010762041604204275,0.0023725897660018995,4.681542707645731e-05,0.0013000366724849675,0.039694497085407884,0.33678123458277875,0.5913407838680538,0.004866585071003307
P03,16,C,beta,1799551287-β-9,P03-T16-Cβ,7,64,E4,9,9,R5,R,False,64,True,R5,True,0.9051246304153749,False,0.7692580223083496,valid,False,0.00017414365036067672,0.0004271319313893072,0.00022426649953813507,4.3966550789536314e-05,1.5676049356385894e-06,0.00033902234677458536,0.0028961996588401664,0.01269094914262269,0.07807812219937427,0.9051246304153749
P03,16,C,beta,1799551287-β-9,P03-T16-Cβ,8,60,C4,7,7,L2,L,False,60,True,L2,True,0.905106881261533,False,0.606935977935791,valid,False,0.005629682451150273,0.905106881261533,0.0821094437762096,0.0025295793840842537,3.792126453672176e-05,0.004385887018257016,0.00017343594125645198,2.4429912816338968e-05,2.400815128463576e-06,3.381750279187348e-07
P03,16,C,beta,1799551287-β-9,P03-T16-Cβ,9,59,B3,6,6,L1,L,False,59,True,L1,True,0.8087748474892663,False,0.605266809463501,valid,False,0.8087748474892663,0.18410763670542726,0.006395026434666871,0.0005355401413863642,1.936129262907945e-05,0.0001436700349469161,1.860212548635727e-05,4.7744359803160035e-06,5.290225860177783e-07,1.2317624545294572e-08
P03,16,C,beta,1799551287-β-9,P03-T16-Cβ,10,60,C4,7,7,R4,R,False,60,True,R4,True,0.6946603042363918,False,0.9022579193115234,valid,False,0.0008223405061581256,0.0002524411706832625,4.1728244855299025e-05,6.897632482019074e-06,3.8719696349515754e-07,0.004680584312313394,0.038257214490501894,0.24386791061774651,0.6946603042363918,0.017410191591904232
P03,16,C,beta,1799551287-β-9,P03-T16-Cβ,11,64,E4,9,9,R5,R,False,64,True,R5,True,0.9590964712574908,False,0.6918148994445801,valid,False,1.7505714832207817e-05,1.1836532304250332e-05,2.8683786633720018e-06,4.934898165327798e-07,1.2446738871111885e-08,0.0009460414840273812,0.0014879191738724127,0.005545635307640849,0.03289121621461337,0.9590964712574908
P03,16,C,beta,1799551287-β-9,P03-T16-Cβ,12,62,D4,8,8,R4,R,False,62,True,R4,True,0.6573571188525467,False,0.5571138858795166,valid,False,0.00012626415467416105,9.320126129619977e-05,1.8466951140540903e-05,4.038941730202057e-06,1.1486275589602135e-07,0.0007633189928302865,0.031392252461445815,0.29243969863541525,0.6573571188525467,0.017805524886165245
P03,16,C,beta,1799551287-β-9,P03-T16-Cβ,13,57,A3,5,5,L2,L,False,57,True,L2,True,0.9386421223230422,False,0.5694100856781006,valid,False,0.01152402838309753,0.9386421223230422,0.041447778281236525,0.0021477789897489,5.86663896073137e-05,0.00033471849919343823,0.003447763653417308,0.0020794675393001017,0.0003105716604381996,7.104280918414493e-06
P03,16,C,beta,1799551287-β-9,P03-T16-Cβ,14,60,C4,7,7,L1,L,False,60,True,L1,True,0.8286788817800831,False,0.6727700233459473,valid,False,0.8286788817800831,0.16074716453326954,0.007098139617283664,0.000313433746546889,5.515641708984373e-06,0.0018371458721585566,0.0009552967464071552,0.0003011438335561969,6.079989141055824e-05,2.478337575539688e-06
P03,16,C,beta,1799551287-β-9,P03-T16-Cβ,15,64,E4,9,9,R5,R,False,64,True,R5,True,0.8530004317583902,False,0.9136838912963867,valid,False,2.3516229551025337e-05,5.677524627008462e-06,8.663340832725332e-07,1.8947756208355297e-07,9.063638243896875e-09,0.00046769218539219364,0.004714792121769843,0.018211220513182264,0.12357560479180396,0.8530004317583902
P03,16,C,beta,1799551287-β-9,P03-T16-Cβ,16,59,B3,6,6,L2,L,False,59,True,L2,True,0.9451433163403389,False,0.5935947895050049,valid,False,0.00809572847242729,0.9451433163403389,0.029117418631354298,0.0014496709120949511,2.9936900576686663e-05,0.0007029762788502815,0.00809572847242729,0.0063365779625104745,0.0009980538872271683,3.059214219278807e-05
P03,16,C,beta,1799551287-β-9,P03-T16-Cβ,17,57,A3,5,5,L1,L,False,57,True,L1,True,0.840559060185149,False,0.6442480087280273,valid,False,0.840559060185149,0.15051567299945964,0.007799559192356088,0.0007075600464901672,3.522734040897495e-05,9.319004491777654e-05,0.00017620548613481093,9.575783929865763e-05,1.7146987415538414e-05,6.198783694273709e-07
P03,16,C,beta,1799551287-β-9,P03-T16-Cβ,18,52,E3,2,2,L3,L,False,52,True,L3,True,0.6997768037574302,False,0.6825659275054932,valid,False,0.002084975067776553,0.12829971985025151,0.6997768037574302,0.1422420326162016,0.027592728933085744,1.4574280237253598e-06,1.4451097103566744e-06,7.107153445735798e-07,1.22274924674114e-07,4.247251171003747e-09
P03,16,C,beta,1799551287-β-9,P03-T16-Cβ,19,55,G3,4,4,L2,L,False,55,True,L2,True,0.8724350960730839,False,0.5262179374694824,valid,False,0.008898869487331918,0.8724350960730839,0.11344161086747875,0.00471835436205372,0.00041689412413389577,2.835812228703135e-05,3.649484606101768e-05,2.0885257803685837e-05,3.3169428879608642e-06,1.1991687816622993e-07
P03,16,C,beta,1799551287-β-9,P03-T16-Cβ,20,60,C4,7,7,R4,R,False,60,True,R4,True,0.6950866442025336,False,0.724189043045044,valid,False,0.0014080236322679246,0.0033367379798512863,0.0015040305311624278,0.00031995281005865864,5.080345555362896e-05,0.0015680237692087219,0.037128281638998555,0.24736573393254274,0.6950866442025336,0.012231768047822316
P03,16,C,beta,1799551287-β-9,P03-T16-Cβ,21,57,A3,5,5,L1,L,False,57,True,L1,True,0.7745666644685177,False,0.7027289867401123,valid,False,0.7745666644685177,0.2153584244098617,0.007187214836060794,0.0003724336902924206,2.6577340964837032e-05,0.00020317746098201628,0.0013485280809254286,0.0008443090151367362,9.204535966825158e-05,6.253375901643793e-07
P03,16,C,beta,1799551287-β-9,P03-T16-Cβ,22,60,C4,7,7,L2,L,False,60,True,L2,True,0.930828498674167,False,0.4967210292816162,valid,False,0.007071517161696613,0.930828498674167,0.05020301317775238,0.0013717331980866775,3.1939079647877364e-05,0.0015571643164525425,0.0060453062026843704,0.0024913081813606646,0.0003969579387493459,2.5620694026554754e-06
P03,16,C,beta,1799551287-β-9,P03-T16-Cβ,23,64,E4,9,9,R2,R,False,64,True,R2,True,0.6221350054199525,False,0.5008718967437744,valid,False,0.0005536739399492412,0.0014926336798277106,0.0006716567194599467,0.00013383599942065925,1.0297228684669007e-05,0.01051872623548346,0.6221350054199525,0.35536915403350844,0.008963467229403166,0.00015154951431028336
P03,16,C,beta,1799551287-β-9,P03-T16-Cβ,24,59,B3,6,6,L1,L,False,59,True,L1,True,0.6445777713452651,False,0.6922392845153809,valid,False,0.6445777713452651,0.3398809755369107,0.013854297653201654,0.00041007938518262043,2.3959161177607677e-05,0.0004797468629420957,0.0005630700066924373,0.00019178036085877663,1.8107944476953072e-05,2.1174329210192704e-07
P03,16,C,beta,1799551287-β-9,P03-T16-Cβ,25,62,D4,8,8,R1,R,False,62,True,R1,True,0.737249342098054,False,0.6501250267028809,valid,False,0.0023795736848626708,0.005706334261904483,0.0028441727700011217,0.00048262168052007597,2.6452268114006576e-05,0.737249342098054,0.23111748061253232,0.019354523317235268,0.0008211299949937441,1.8369311782259447e-05
P03,16,C,beta,1799551287-β-9,P03-T16-Cβ,26,60,C4,7,7,L3,L,False,60,True,L3,True,0.8370437927910326,False,0.7600812911987305,valid,False,0.001278175242390215,0.0941450186321441,0.8370437927910326,0.06470745314138594,0.0002652925813961186,0.0013036958050946486,0.0008808848567669871,0.00034296612084439476,3.238293767889774e-05,3.3789126602947326e-07
P03,16,C,beta,1799551287-β-9,P03-T16-Cβ,27,64,E4,9,9,R3,R,False,64,True,R3,True,0.7148059731821543,False,0.5645968914031982,valid,False,0.00016562473599814824,0.001774191136294236,0.0017184495250726602,0.00045708843699334973,3.5831126438828127e-05,0.00363789462236636,0.20685356752747971,0.7148059731821543,0.07024654599602541,0.0003048337111769427
P03,16,C,beta,1799551287-β-9,P03-T16-Cβ,28,62,D4,8,8,R4,R,False,62,True,R4,True,0.7034329279486595,False,0.5944252014160156,valid,False,0.00045862635261835694,0.0051701742783077966,0.005473936717002845,0.0015059207823448757,0.00012058191086717187,0.0006383744044548635,0.030082207510716056,0.2502994047482067,0.7034329279486595,0.002817845346821777
P03,16,C,beta,1799551287-β-9,P03-T16-Cβ,29,64,E4,9,9,R5,R,False,64,True,R5,True,0.9679069473479145,False,0.7729380130767822,valid,False,5.316549037531154e-05,3.3635365914720316e-05,1.0103979951842486e-05,1.7210769524738147e-06,2.1744695765405092e-07,0.0009125026772844832,0.0010950183251087536,0.004051703192790787,0.025934985096749328,0.9679069473479145
P03,17,A,alpha,1799551287-α-3,P03-T17-Aα,0,60,C4,7,7,L3,L,False,60,True,R2,False,0.0033052464585148007,False,0.507559061050415,valid,False,0.008957414346878575,0.015911634507518275,0.0033052464585148007,0.00036623174676935866,2.6819352154001023e-05,0.011421654166402895,0.8259749147389406,0.12590290843494906,0.007968617716469855,0.0001645585314027167
P03,17,A,alpha,1799551287-α-3,P03-T17-Aα,1,59,B3,6,6,L2,L,False,59,True,R2,False,0.07185444120940115,False,0.45386290550231934,valid,False,0.0027157915102670573,0.07185444120940115,0.10680791099950472,0.018316050673900117,0.0012225303481540842,0.00681470953778371,0.6779567146649712,0.11206549119647911,0.0022223836108689853,2.3976248669817365e-05
P03,17,A,alpha,1799551287-α-3,P03-T17-Aα,2,64,E4,9,9,R3,R,False,64,True,R3,True,0.7228118629789835,False,0.3715379238128662,valid,False,0.00026769206888124363,0.0007812179519828749,0.00017432304169192082,2.0085689056269466e-05,2.156222650623704e-06,0.002539551008845745,0.19143062009904213,0.7228118629789835,0.08107576408606182,0.0008967268528039077
P03,17,A,alpha,1799551287-α-3,P03-T17-Aα,3,60,C4,7,7,L2,L,False,60,True,R3,False,0.043357249951504924,False,0.43141794204711914,valid,False,0.003904872631425957,0.043357249951504924,0.012643339980364628,0.0014273057199195502,0.00013625902040525616,0.0020481251774145635,0.1668215748350082,0.7321061018309131,0.03742251487238767,0.00013265598065641482
P03,17,A,alpha,1799551287-α-3,P03-T17-Aα,4,59,B3,6,6,L1,L,False,59,True,L3,False,0.0013236201319318708,False,0.39369797706604004,valid,False,0.0013236201319318708,0.0674600536394492,0.8267710349329229,0.029736622771344975,0.0004996821324940084,0.0011106247926373353,0.04995057460277616,0.022211872108959217,0.0009264901189362036,9.4247685482215e-06
P03,17,A,alpha,1799551287-α-3,P03-T17-Aα,5,64,E4,9,9,R3,R,False,64,True,R2,False,0.19131734839838022,False,0.3688621520996094,valid,False,0.000587490267874979,0.006272749137134627,0.001239081935403543,6.258375103630195e-05,1.7156706845574543e-06,0.016021531866626304,0.7758301048819224,0.19131734839838022,0.008448032374836335,0.00021936171610068505
P03,17,A,alpha,1799551287-α-3,P03-T17-Aα,6,65,F4,10,10,R2,R,False,65,True,R3,False,0.265950309787743,False,0.3676340579986572,valid,False,6.385362087677175e-05,0.00016820802314060815,1.9180674657854586e-05,2.108239493349907e-06,7.448833808572985e-08,0.0029010176549543135,0.265950309787743,0.694581486178434,0.03590505352197938,0.0004087078103824911
P03,17,A,alpha,1799551287-α-3,P03-T17-Aα,7,64,E4,9,9,R1,R,False,64,True,R2,False,0.007362927237025862,False,0.32213783264160156,valid,False,0.0006031084423766623,0.0022666352311637643,0.0003449864975231006,4.295681967830119e-05,1.2208459077207768e-06,0.007362927237025862,0.55393654261644,0.4184100899576,0.01682492947027208,0.00020660288201251225
P03,17,A,alpha,1799551287-α-3,P03-T17-Aα,8,64,E4,9,9,R1,R,False,64,True,R2,False,0.0158788457022383,False,0.3113749027252197,valid,False,0.0007922998762759573,0.002195861131759895,0.00031484695495708257,4.3940335847212504e-05,1.036431485564658e-06,0.0158788457022383,0.7116517687462194,0.25070023377454875,0.01792307407558522,0.000498092971082502
P03,17,A,alpha,1799551287-α-3,P03-T17-Aα,9,62,D4,8,8,R2,R,False,62,True,R2,True,0.8152340800012926,False,0.4810521602630615,valid,False,0.003063231920518712,0.013998047970373639,0.00245008531988016,0.0003432040277180328,9.511566517812624e-06,0.01434605923509886,0.8152340800012926,0.14598082635200155,0.004495029190853859,7.992441574476297e-05
P03,17,A,alpha,1799551287-α-3,P03-T17-Aα,10,57,A3,5,5,L2,L,False,57,True,L2,True,0.6879495997441674,False,0.40036702156066895,valid,False,0.009469247548174214,0.6879495997441674,0.26341100765146747,0.0291631982560277,0.000990734867104274,0.0018176501851973521,0.006682244269970038,0.0004932779745023722,2.263896286243037e-05,4.005405269672936e-07
P03,17,A,alpha,1799551287-α-3,P03-T17-Aα,11,59,B3,6,6,L1,L,False,59,True,L2,False,0.00851879587767693,False,0.3924417495727539,valid,False,0.00851879587767693,0.9555384484327571,0.020537962480519447,0.0016524763846192455,7.158885558349687e-05,0.003330865477058284,0.009344896103568319,0.0009439094886906338,5.97369595126663e-05,1.3199400137996955e-06
P03,17,A,alpha,1799551287-α-3,P03-T17-Aα,12,64,E4,9,9,R2,R,False,64,True,R2,True,0.7947904150142603,False,0.37481069564819336,valid,False,0.0007725436947879947,0.0033732635304536047,0.00016963315910062846,1.7879646362543335e-05,4.0501655426452665e-07,0.01708290833321508,0.7947904150142603,0.17383011139930274,0.0097579120768309,0.0002049281291321443
P03,17,A,alpha,1799551287-α-3,P03-T17-Aα,13,65,F4,10,10,R3,R,False,65,True,R3,True,0.6646962124636545,False,0.3800828456878662,valid,False,8.840606114659989e-05,0.0001876847264879448,1.0799032802556494e-05,1.3926686113208478e-06,4.101868137417419e-08,0.004095062514535755,0.3045214012364363,0.6646962124636545,0.026164100979250395,0.0002348992983932469
P03,17,A,alpha,1799551287-α-3,P03-T17-Aα,14,67,G4,11,11,R4,R,False,67,True,R3,True,0.4666366707474072,False,0.3725700378417969,valid,False,1.923850864490898e-05,2.411506462489516e-05,1.4264516533541105e-06,1.8448772281270413e-07,6.942520736229604e-09,0.0010926873738261195,0.05900589377916108,0.469404470093588,0.4666366707474072,0.00381530655085079
P03,17,A,alpha,1799551287-α-3,P03-T17-Aα,15,65,F4,10,10,R5,R,False,65,True,R2,False,0.00016155730370414676,False,0.4237499237060547,valid,False,0.00019493442428190783,0.0003835754752478263,2.252480689455442e-05,3.143899976175521e-06,1.2243444874263416e-07,0.00906753856178041,0.6581088796868287,0.32033598185485346,0.011721741551984126,0.00016155730370414676
P03,17,A,alpha,1799551287-α-3,P03-T17-Aα,16,60,C4,7,7,L1,L,False,60,True,R2,False,0.00420633707640143,False,0.4965779781341553,valid,False,0.00420633707640143,0.10804300932878314,0.008101910975510154,0.001079908637746777,4.134341529175984e-05,0.012225170392565326,0.7744291082645439,0.09033246984965122,0.0015191831849188696,2.1558874587298402e-05
P03,17,A,alpha,1799551287-α-3,P03-T17-Aα,17,59,B3,6,6,L2,L,False,59,True,R2,False,0.1570091197922901,False,0.4204421043395996,valid,False,0.0029281664258697993,0.1570091197922901,0.05823685448700394,0.00610406407608334,0.0001897752259964176,0.007881068375067055,0.6747730647135812,0.09132060383344971,0.0015439999726983566,1.3283097960044754e-05
P03,17,A,alpha,1799551287-α-3,P03-T17-Aα,18,60,C4,7,7,L1,L,False,60,True,R2,False,0.002909839092121182,False,0.3572721481323242,valid,False,0.002909839092121182,0.0728814744702691,0.007337308127274129,0.0009367878886554038,3.5961381893286305e-05,0.013759363946733471,0.8349878857051101,0.06547835346929905,0.001651558861808243,2.1467056836140577e-05
P03,17,A,alpha,1799551287-α-3,P03-T17-Aα,19,59,B3,6,6,L2,L,False,59,True,R2,False,0.07077744854644137,False,0.4647200107574463,valid,False,0.0036830751472715843,0.07077744854644137,0.056170149366430985,0.005572862314281315,0.00016792026196364758,0.007756281583967948,0.7834819634730046,0.07107588016544122,0.0013018001548091651,1.2618986388144146e-05
P03,17,A,alpha,1799551287-α-3,P03-T17-Aα,20,60,C4,7,7,L4,L,False,60,True,R2,False,0.000508134475455105,False,0.35843515396118164,valid,False,0.004688974154299512,0.02934118161870287,0.0036550347638013157,0.000508134475455105,1.6779615778591617e-05,0.015097662242397466,0.8370792825850798,0.10718324217804576,0.0023977718575692065,3.193650887035058e-05
P03,17,A,alpha,1799551287-α-3,P03-T17-Aα,21,59,B3,6,6,L3,L,False,59,True,R2,False,0.03431298935318096,False,0.44100403785705566,valid,False,0.006927673072394915,0.22978169703968082,0.03431298935318096,0.004097675687146377,0.00010893836820180525,0.006927673072394915,0.587293080647628,0.12844797786242196,0.0020865750314253717,1.5719865524872093e-05
P03,17,A,alpha,1799551287-α-3,P03-T17-Aα,22,64,E4,9,9,R4,R,False,64,True,R2,False,0.009326686651124853,False,0.32567310333251953,valid,False,0.0009600194246019941,0.0021817140251274743,0.00016412611107233268,2.3092419804645394e-05,7.043768036238182e-07,0.016327973839003026,0.759666729500082,0.21121568671430965,0.009326686651124853,0.00013326693807021522
P03,17,A,alpha,1799551287-α-3,P03-T17-Aα,23,62,D4,8,8,R2,R,False,62,True,R2,True,0.8975301715981561,False,0.3523080348968506,valid,False,0.0018390319923341637,0.010808463827150184,0.0009612811553382683,0.00014207190947974267,4.927896022304296e-06,0.01146898845983559,0.8975301715981561,0.07516207163594674,0.002053707583944129,2.9283941792986067e-05
P03,17,A,alpha,1799551287-α-3,P03-T17-Aα,24,64,E4,9,9,R1,R,False,64,True,R2,False,0.016696631072201006,False,0.27823305130004883,valid,False,0.0005248901220422049,0.0009016799701985147,8.47759481377667e-05,9.370302806519674e-06,4.462387403515807e-07,0.016696631072201006,0.8758606184063032,0.10100873183017921,0.004831741525045739,8.111458434559751e-05
P03,17,A,alpha,1799551287-α-3,P03-T17-Aα,25,65,F4,10,10,R2,R,False,65,True,R2,True,0.7689375556972652,False,0.28966498374938965,valid,False,0.00011150948739354187,0.00012393444704798814,1.1377984992426456e-05,1.3633559030859338e-06,6.263477426651988e-08,0.020695085604609795,0.7689375556972652,0.18961766669562552,0.02018641320029995,0.00031503089208831153
P03,17,A,alpha,1799551287-α-3,P03-T17-Aα,26,64,E4,9,9,R1,R,False,64,True,R2,False,0.01834421718428223,False,0.3559610843658447,valid,False,0.0009191081911812926,0.001341340112231839,0.00013934994559630635,1.960892790899632e-05,1.0145184600570515e-06,0.01834421718428223,0.8200082367397792,0.15282819546625842,0.006229614077241249,0.0001693148370603456
P03,17,A,alpha,1799551287-α-3,P03-T17-Aα,27,65,F4,10,10,R2,R,False,65,True,R2,True,0.7598670816505888,False,0.33343005180358887,valid,False,0.00020554333179268085,0.00022814080915777675,2.221791186675624e-05,2.2725414901668856e-06,1.2223591142078387e-07,0.021577341505429046,0.7598670816505888,0.20298732231063948,0.014485433023938565,0.0006245246791851387
P03,17,A,alpha,1799551287-α-3,P03-T17-Aα,28,60,C4,7,7,L4,L,False,60,True,R2,False,0.0007142352075707355,False,0.44376492500305176,valid,False,0.009282182315613511,0.056135062431866264,0.006982849361652622,0.0007142352075707355,4.4952434727694055e-05,0.01038637551813546,0.8318508423762248,0.08338405061750283,0.001201363367522401,1.8086369183923184e-05
P03,17,A,alpha,1799551287-α-3,P03-T17-Aα,29,64,E4,9,9,R2,R,False,64,True,R2,True,0.8611876582940369,False,0.4307389259338379,valid,False,0.0006845258362841236,0.0008455847682345053,0.00010627900019193343,1.0444418423307923e-05,7.025782031363147e-07,0.019265432629041398,0.8611876582940369,0.11197912103238396,0.005802636797851746,0.00011761464534908583
P03,18,B,gamma,1799551287-γ-1,P03-T18-Bγ,0,55,G3,4,4,L3,L,False,55,True,L3,True,0.6992291667133199,False,0.8078742027282715,valid,False,0.005861156957677048,0.14753810933421693,0.6992291667133199,0.1411719340397237,0.006102330219469519,4.095266931316881e-05,4.1833678938671984e-05,1.2154917456796882e-05,2.2653602948540685e-06,9.610958932354964e-08
P03,18,B,gamma,1799551287-γ-1,P03-T18-Bγ,1,60,C4,7,7,L5,L,False,60,True,L5,True,0.6761769863842542,False,0.9923801422119141,valid,False,0.00034630614496879695,0.002333753686518033,0.03142556171020437,0.2891360256853391,0.6761769863842542,0.0003676697008138211,0.00019181976684355093,1.9620132683951976e-05,2.0887299812560227e-06,1.6805839289781792e-07
P03,18,B,gamma,1799551287-γ-1,P03-T18-Bγ,2,57,A3,5,5,L2,L,False,57,True,L2,True,0.8164702808948572,False,0.6886441707611084,valid,False,0.006870884873342551,0.8164702808948572,0.16484250675878986,0.011302122202080508,0.0004672002955188248,3.137719029859062e-05,1.2094439391588613e-05,3.1041682110628213e-06,4.0363099083428856e-07,2.5546519174656016e-08
P03,18,B,gamma,1799551287-γ-1,P03-T18-Bγ,3,48,C3,0,0,L4,L,False,48,True,L4,True,0.8178841865937644,False,1.6455028057098389,valid,False,3.837515548271074e-05,0.0015322247211698814,0.07419677943556226,0.8178841865937644,0.10634842643063713,4.3701432130559026e-09,2.5148956291892235e-09,6.718174033160603e-10,1.0251268862131284e-10,4.014796183480229e-12
P03,18,B,gamma,1799551287-γ-1,P03-T18-Bγ,4,64,E4,9,9,R2,R,False,64,True,R2,True,0.6219772934375233,False,0.6638021469116211,valid,False,0.0001652131861821165,8.618443364410763e-05,3.1288291632687915e-06,1.8280392755313102e-07,2.2550688955080173e-08,0.017688303224272624,0.6219772934375233,0.3151042657210078,0.04438508929494653,0.0005903165186437566
P03,18,B,gamma,1799551287-γ-1,P03-T18-Bγ,5,69,A4,12,12,R5,R,False,69,True,R4,False,0.02085087846609025,False,1.3663609027862549,valid,False,5.502229964022801e-07,1.833172363818194e-07,5.658470025513598e-09,3.176368728862607e-10,2.9534464854073184e-11,0.0013986705113589412,0.04273868919441445,0.40247902519984147,0.5325319970824208,0.02085087846609025
P03,18,B,gamma,1799551287-γ-1,P03-T18-Bγ,6,53,F3,3,3,L2,L,False,53,True,L2,True,0.7078974665518145,False,0.6072378158569336,valid,False,0.0048517317492938455,0.7078974665518145,0.2710489039424946,0.015215265939263829,0.0009750817015283204,6.698467159679574e-06,3.889396552213985e-06,8.78143324371348e-07,8.29144886854855e-08,1.1940798628095523e-09
P03,18,B,gamma,1799551287-γ-1,P03-T18-Bγ,7,53,F3,3,3,L2,L,False,53,True,L2,True,0.6987083111218757,False,0.44052600860595703,valid,False,0.004399784897556961,0.6987083111218757,0.2784485661460703,0.017623502148591177,0.0008077063043070619,7.041172207572192e-06,4.027967022519595e-06,9.77251381735788e-07,8.183818292098526e-08,1.1528041573332951e-09
P03,18,B,gamma,1799551287-γ-1,P03-T18-Bγ,8,65,F4,10,10,R2,R,False,65,True,R2,True,0.7561874481210787,False,0.8184032440185547,valid,False,2.9147848140834346e-05,2.8733600210620943e-06,4.049646788794947e-07,3.007817575079877e-08,1.7336348205614024e-09,0.027561786454356006,0.7561874481210787,0.20200436229661017,0.01385005623197909,0.00036388891132462507
P03,18,B,gamma,1799551287-γ-1,P03-T18-Bγ,9,50,D3,1,1,L4,L,False,50,True,L4,True,0.6153626660707414,False,0.7328159809112549,valid,False,0.00038188431355514846,0.0353126228015237,0.32447607185803423,0.6153626660707414,0.024466594457260203,1.252414719414212e-07,2.989593006467924e-08,4.9417640020417784e-09,4.138392576463776e-10,5.880076509262538e-12
P03,18,B,gamma,1799551287-γ-1,P03-T18-Bγ,10,60,C4,7,7,L2,L,False,60,True,L2,True,0.9518037160424756,False,1.2827870845794678,valid,False,0.009957826579809047,0.9518037160424756,0.016749339638145306,0.0008679326434069053,9.73205062545355e-06,0.007680842313553946,0.011434216377868301,0.0014026437278375128,9.239881111903048e-05,1.3518151589573978e-06
P03,18,B,gamma,1799551287-γ-1,P03-T18-Bγ,11,55,G3,4,4,L4,L,False,55,True,L4,True,0.721237038831691,False,0.8113811016082764,valid,False,0.0003050497345272143,0.005066173175561589,0.2580418294004536,0.721237038831691,0.015294150185133628,4.464787463889046e-05,9.104084201783253e-06,1.838082899870188e-06,1.6674711865249183e-07,1.883773747435504e-09
P03,18,B,gamma,1799551287-γ-1,P03-T18-Bγ,12,65,F4,10,10,R2,R,False,65,True,R2,True,0.7941782667088372,False,0.6770458221435547,valid,False,0.00014951816160256503,0.001762488914792222,9.714247629848818e-05,1.2137868720685593e-05,5.8523042647792654e-08,0.030911892575996837,0.7941782667088372,0.16034182671554498,0.012395183296449749,0.00015148475871453964
P03,18,B,gamma,1799551287-γ-1,P03-T18-Bγ,13,67,G4,11,11,R5,R,False,67,True,R4,False,0.006350710975996245,False,0.9539039134979248,valid,False,5.2413834097361066e-05,0.00028702999083578707,1.9133131375028956e-05,1.951669568427758e-06,1.0581958597031601e-08,0.0009459348339303426,0.028318816598851514,0.44866914162410915,0.5153548567592775,0.006350710975996245
P03,18,B,gamma,1799551287-γ-1,P03-T18-Bγ,14,48,C3,0,0,L3,L,False,48,True,L3,True,0.6689326734862093,False,0.987623929977417,valid,False,0.000142848977410872,0.09244304426774982,0.6689326734862093,0.23481153913189934,0.003669839405264251,2.9571958164545502e-08,1.923752345832408e-08,5.161328334283078e-09,7.564222430924905e-10,4.234294665521682e-12
P03,18,B,gamma,1799551287-γ-1,P03-T18-Bγ,15,50,D3,1,1,L5,L,False,50,True,L5,True,0.9512741246316039,False,1.7261269092559814,valid,False,1.7232601763581277e-05,0.0003339820027727711,0.0046543500170152016,0.04371985163753875,0.9512741246316039,2.3853675377181154e-07,1.7079825747501623e-07,4.440325723064419e-08,5.3277759674800935e-09,4.326123584747248e-11
P03,18,B,gamma,1799551287-γ-1,P03-T18-Bγ,16,62,D4,8,8,R3,R,False,62,True,R3,True,0.7162586902544381,False,0.8349738121032715,valid,False,0.00047423029288685395,0.01901343378463872,0.0020834838093208023,0.0003443975573084047,1.1396864439732307e-05,0.003108192603880486,0.22453720133184077,0.7162586902544381,0.033874579436636715,0.0002943940646092532
P03,18,B,gamma,1799551287-γ-1,P03-T18-Bγ,17,53,F3,3,3,L4,L,False,53,True,L4,True,0.7279880026528037,False,1.2601828575134277,valid,False,9.923997880666559e-05,0.0071117577209836354,0.19822853872080096,0.7279880026528037,0.06631428517849762,3.072394151354973e-05,0.00016969207897368522,5.5370151289270953e-05,2.3585330744876156e-06,3.104325632726893e-08
P03,18,B,gamma,1799551287-γ-1,P03-T18-Bγ,18,71,B4,13,13,R1,R,False,71,True,R1,True,0.9626135876999231,False,0.8566493988037109,valid,False,1.5533563285000364e-06,3.6923035852201205e-06,2.0527370550971772e-07,1.4085735665093208e-08,5.609861614365078e-10,0.9626135876999231,0.03343663223248063,0.0031570942783234993,0.000543161855190698,0.0002440583537408249
P03,18,B,gamma,1799551287-γ-1,P03-T18-Bγ,19,62,D4,8,8,L2,L,False,62,True,L2,True,0.9572987227973603,False,0.8236243724822998,valid,False,0.0057208390847969725,0.9572987227973603,0.018993854657687093,0.0006866816318001723,1.0118944618626477e-05,0.014695917589728904,0.0022798633062720993,0.00028482380663633533,2.7990656743636004e-05,1.187524355678971e-06
P03,18,B,gamma,1799551287-γ-1,P03-T18-Bγ,20,72,C5,14,14,R3,R,False,72,True,R3,True,0.45204569909646997,True,1.111009120941162,valid,False,5.0094000028397e-08,2.927079116509769e-08,4.093064012447226e-09,3.4276638295766664e-10,6.686379554555518e-12,0.006207470141219166,0.45204569909646997,0.45204569909646997,0.08768784382814905,0.002013204030383821
P03,18,B,gamma,1799551287-γ-1,P03-T18-Bγ,21,60,C4,7,7,L4,L,False,60,True,L4,True,0.6818704406449855,False,0.9099147319793701,valid,False,0.00043672216832223653,0.01152108181251525,0.29644302751147433,0.6818704406449855,0.009253827987334217,0.00043879466687622823,2.8576792833721505e-05,6.505155062091466e-06,9.926222988894661e-07,3.06382976215204e-08
P03,18,B,gamma,1799551287-γ-1,P03-T18-Bγ,22,62,D4,8,8,R5,R,False,62,True,R5,True,0.8677470986939508,False,0.963144063949585,valid,False,0.0010208022946563795,0.00031534131447470963,2.7485417470756107e-05,2.926056436176081e-06,2.2623248251145706e-07,0.0019628807843076516,0.003828524023062368,0.015611721503836027,0.1094829936793225,0.8677470986939508
P03,18,B,gamma,1799551287-γ-1,P03-T18-Bγ,23,57,A3,5,5,R3,R,False,57,True,R3,True,0.7678093432344577,False,1.1685988903045654,valid,False,0.005750561747262139,0.011793331799553879,0.002955126478105633,0.00047856912524224873,1.727651224071468e-05,0.0024845457931674153,0.14893968887196204,0.7678093432344577,0.0593553019886802,0.0004162544493279285
P03,18,B,gamma,1799551287-γ-1,P03-T18-Bγ,24,57,A3,5,5,L1,L,False,57,True,L1,True,0.8176276938430868,False,0.8997189998626709,valid,False,0.8176276938430868,0.17181307128912793,0.007896401039037562,0.0007455799485534401,4.911489601620799e-05,0.0014845519485462144,0.0002971278061493584,7.937332621815949e-05,6.918246696544387e-06,1.6765656799261538e-07
P03,18,B,gamma,1799551287-γ-1,P03-T18-Bγ,25,59,B3,6,6,R5,R,False,59,True,R5,True,0.7935309622997299,False,1.0676100254058838,valid,False,0.0010292765787568805,0.0011345908245521084,0.0003251373921576898,3.179848825242343e-05,1.5070872998087017e-06,0.0006010875990495854,0.004845072876040856,0.02305622053011553,0.17544434632404518,0.7935309622997299
P03,18,B,gamma,1799551287-γ-1,P03-T18-Bγ,26,69,A4,12,12,R1,R,False,69,True,R1,True,0.9875420732502717,False,1.0588290691375732,valid,False,6.689924525266876e-07,2.3683659951321966e-07,5.197327580532006e-08,8.591124707853313e-09,2.0000484073336748e-10,0.9875420732502717,0.011192222323762133,0.001138171207267556,0.00010385278636930487,2.2713838872075927e-05
P03,18,B,gamma,1799551287-γ-1,P03-T18-Bγ,27,71,B4,13,13,R1,R,False,71,True,R1,True,0.9370697814512352,False,0.8181619644165039,valid,False,1.2312106279473673e-07,3.718732570902054e-08,8.831000461067358e-09,1.519328271745633e-09,3.137538253345247e-11,0.9370697814512352,0.05474892603649766,0.0068397949473841466,0.0011306105004662247,0.00021071637432379733
P03,18,B,gamma,1799551287-γ-1,P03-T18-Bγ,28,62,D4,8,8,L3,L,False,62,True,L3,True,0.9056490492232288,False,1.1876027584075928,valid,False,0.0005996210415698,0.0660396561444768,0.9056490492232288,0.025755594563427256,9.826220154454957e-05,0.0017582067809375258,7.198135643568552e-05,2.5442147445936796e-05,2.130607493114996e-06,5.5933440765127e-08
P03,18,B,gamma,1799551287-γ-1,P03-T18-Bγ,29,65,F4,10,10,R4,R,False,65,True,R4,True,0.4775474013566527,False,0.9483139514923096,valid,False,6.375093443019256e-05,0.0003006633823277654,0.00014670193539424858,2.4365796549946592e-05,7.514153771773265e-07,0.0023113860176469285,0.09331649563298028,0.4235465497643861,0.4775474013566527,0.0027419337642544737
P03,19,C,beta,1799551287-β-6,P03-T19-Cβ,0,64,E4,9,9,R4,R,False,64,True,R4,True,0.6181445583310767,False,1.129242181777954,valid,False,0.0002939936191434728,0.0001494830966910207,3.1641755415139585e-05,4.63890163788517e-06,4.202618417941045e-07,0.001417153573290313,0.025148743548933327,0.3486045421115238,0.6181445583310767,0.006204824800446439
P03,19,C,beta,1799551287-β-6,P03-T19-Cβ,1,62,D4,8,8,R2,R,False,62,True,R2,True,0.6903713326980578,False,0.6202197074890137,valid,False,0.0016425665538762312,0.0011364683215294032,0.0002315937814954498,3.533891961102731e-05,2.9586622378393616e-06,0.013160627618875318,0.6903713326980578,0.28635423151799416,0.0069394992390846635,0.00012538268723801102
P03,19,C,beta,1799551287-β-6,P03-T19-Cβ,2,60,C4,7,7,L2,L,False,60,True,L2,True,0.9372013382362574,False,0.6011967658996582,valid,False,0.010619889873777022,0.9372013382362574,0.01522438067399363,0.0008546169984312014,1.9898680311445854e-05,0.006909036371270643,0.022299333087116287,0.006314812944507874,0.0005504044730664473,6.288661268124882e-06
P03,19,C,beta,1799551287-β-6,P03-T19-Cβ,3,59,B3,6,6,L3,L,False,59,True,L3,True,0.8786315208568459,False,0.7030909061431885,valid,False,0.0012461678799917312,0.09040850479477734,0.8786315208568459,0.02498724781000519,0.0002558202017702181,0.0020636459490154914,0.0018682320360469825,0.00047633476083495165,6.193719489795203e-05,5.885158142909434e-07
P03,19,C,beta,1799551287-β-6,P03-T19-Cβ,4,57,A3,5,5,L4,L,False,57,True,L4,True,0.6384944338714398,False,0.47139811515808105,valid,False,0.0004984735584093254,0.011407030036399562,0.3421478822447161,0.6384944338714398,0.006550080527429776,0.00048752203239750595,0.0003269528226762367,7.879647299450977e-05,8.730898075604037e-06,9.753546167594904e-08
P03,19,C,beta,1799551287-β-6,P03-T19-Cβ,5,60,C4,7,7,R4,R,False,60,True,R4,True,0.6132397383599962,False,0.7775919437408447,valid,False,0.00024996930125631287,0.00048544668347646575,0.0002505634912314924,6.153277505407621e-05,4.756556903610001e-06,0.0015866084096038118,0.045919106076742856,0.3356808701541185,0.6132397383599962,0.002521408191616421
P03,19,C,beta,1799551287-β-6,P03-T19-Cβ,6,59,B3,6,6,L2,L,False,59,True,L2,True,0.9572935644743881,False,0.5540540218353271,valid,False,0.008615413085972747,0.9572935644743881,0.028604178783104024,0.0008812206930253834,3.7386440957083724e-05,0.000819768308478052,0.0026577160948743307,0.0009875417823918882,0.00010216518794071291,1.0451488675120245e-06
P03,19,C,beta,1799551287-β-6,P03-T19-Cβ,7,64,E4,9,9,R2,R,False,64,True,R2,True,0.689204798293645,False,0.4476618766784668,valid,False,0.00030935874691778975,0.0023751873054411845,0.00014754367813328914,1.622937142011922e-05,2.658307331989832e-07,0.014232647803959534,0.689204798293645,0.2746612353268294,0.018831640617917807,0.00022109302500260123
P03,19,C,beta,1799551287-β-6,P03-T19-Cβ,8,57,A3,5,5,L1,L,False,57,True,L1,True,0.6953670510715,False,0.7654328346252441,valid,False,0.6953670510715,0.28842637013087163,0.01273609180254957,0.0007744825401135647,4.5249658184013205e-05,0.0013434362909584014,0.0010613781939680428,0.00021533503470130814,3.0331752957004714e-05,2.735241965067064e-07
P03,19,C,beta,1799551287-β-6,P03-T19-Cβ,9,59,B3,6,6,L3,L,False,59,True,L3,True,0.875814901246631,False,0.48584485054016113,valid,False,0.0008190320606191886,0.0837442478983782,0.875814901246631,0.034226924293760515,0.00024284775644551728,0.0019045901322156244,0.0026142638394207403,0.0005571920910139747,7.54077494545768e-05,5.929320607751617e-07
P03,19,C,beta,1799551287-β-6,P03-T19-Cβ,10,57,A3,5,5,L2,L,False,57,True,L2,True,0.8915822917658406,False,1.5034120082855225,valid,False,0.007884160369029695,0.8915822917658406,0.094916517312418,0.0038690064396049097,0.00014527457903929216,0.0007192358563939879,0.0007172478862897014,0.000145583967898072,2.050672782954255e-05,1.7509565634557035e-07
P03,19,C,beta,1799551287-β-6,P03-T19-Cβ,11,62,D4,8,8,R4,R,False,62,True,R4,True,0.590567141829597,False,0.7826869487762451,valid,False,0.0003372781845389772,0.00028844913899632387,4.9060294192564e-05,5.792196668085404e-06,1.4073473296249302e-07,0.0011431931404213011,0.02959265172770187,0.3713145083284195,0.590567141829597,0.0067017844247316315
P03,19,C,beta,1799551287-β-6,P03-T19-Cβ,12,60,C4,7,7,R5,R,False,60,True,R5,True,0.9430331688044137,False,0.8951117992401123,valid,False,0.0005792036372636845,0.0004184932072550299,0.00011708212394674695,1.614772198874116e-05,6.133225974349576e-07,0.0009764895123379222,0.0018414231727308576,0.007574070579651134,0.045443307917814785,0.9430331688044137
P03,19,C,beta,1799551287-β-6,P03-T19-Cβ,13,62,D4,8,8,R4,R,False,62,True,R4,True,0.7125511676816673,False,0.9085559844970703,valid,False,0.000951831517793547,0.0012065282183620605,0.0003531704486149055,4.983898358925086e-05,1.1559872134046462e-06,0.000977250892312018,0.02856512256500822,0.2379625096282986,0.7125511676816673,0.017381424077140696
P03,19,C,beta,1799551287-β-6,P03-T19-Cβ,14,64,E4,9,9,R2,R,False,64,True,R2,True,0.6478640803611766,False,0.762897253036499,valid,False,0.0003201999283342782,0.00024791153761616927,5.14884474399697e-05,6.968752314627722e-06,1.6692731215679002e-07,0.008616516820136078,0.6478640803611766,0.32821895185427785,0.014493219535564417,0.0001804958358278021
P03,19,C,beta,1799551287-β-6,P03-T19-Cβ,15,60,C4,7,7,L3,L,False,60,True,L3,True,0.8678960210054564,False,0.8906459808349609,valid,False,0.0007162039246347224,0.03335028148310792,0.8678960210054564,0.09500218729631003,0.00047514741897028233,0.0017358503704959938,0.0006800306860536896,0.00013615952754924125,7.955211074476219e-06,1.6307634717525041e-07
P03,19,C,beta,1799551287-β-6,P03-T19-Cβ,16,59,B3,6,6,L2,L,False,59,True,L2,True,0.9313504592610107,False,0.5776171684265137,valid,False,0.006531493557642759,0.9313504592610107,0.0589468175291929,0.0019672480547038356,6.19549240686955e-05,0.0007712751176393531,0.00028452379185667253,8.018936648188195e-05,5.955951183349935e-06,8.244621963468107e-08
P03,19,C,beta,1799551287-β-6,P03-T19-Cβ,17,57,A3,5,5,L1,L,False,57,True,L1,True,0.7733922981941668,False,0.6035888195037842,valid,False,0.7733922981941668,0.21503190678119785,0.010286027498605362,0.0006775895354938562,5.032699936171707e-05,0.00039245464736296156,0.00013139485861678396,3.3735196528981824e-05,4.214545260926581e-06,5.174340470526188e-08
P03,19,C,beta,1799551287-β-6,P03-T19-Cβ,18,59,B3,6,6,L2,L,False,59,True,L2,True,0.9224549967880593,False,0.4709610939025879,valid,False,0.007007903550407906,0.9224549967880593,0.06582755967942794,0.001728127739126194,6.484019819279138e-05,0.0017559918356469155,0.0009096540315570569,0.00022470622215182772,2.5914272267665295e-05,3.0568316245348297e-07
P03,19,C,beta,1799551287-β-6,P03-T19-Cβ,19,62,D4,8,8,R3,R,False,62,True,R3,True,0.710429650350569,False,0.6015710830688477,valid,False,0.0011714845718396763,0.0047524905748508525,0.0023044472450035364,0.00043473981976933446,3.090138980342552e-05,0.0017821249712413807,0.18225841428907535,0.710429650350569,0.09614619794988198,0.0006895488379652486
P03,19,C,beta,1799551287-β-6,P03-T19-Cβ,20,57,A3,5,5,L2,L,False,57,True,L2,True,0.8754961760344623,False,0.6072797775268555,valid,False,0.007020647575342771,0.8754961760344623,0.10937592305103283,0.002871374353500334,0.00018534287145925577,0.00047902046570279716,0.0028890786982069348,0.0015445023637135082,0.00013716009080148866,7.744957778866405e-07
P03,19,C,beta,1799551287-β-6,P03-T19-Cβ,21,60,C4,7,7,R3,R,False,60,True,R3,True,0.7362412715787752,False,0.5377531051635742,valid,False,0.0033598862641067515,0.013157374869021963,0.006485518017709965,0.0015112616480112825,0.00012976399484037818,0.001618594013740374,0.14864454913571212,0.7362412715787752,0.08834505313800121,0.0005067273400809681
P03,19,C,beta,1799551287-β-6,P03-T19-Cβ,22,62,D4,8,8,R4,R,False,62,True,R4,True,0.6426673177998885,False,0.830604076385498,valid,False,0.0015046942477933776,0.0029679609499416266,0.0007082575960447725,0.0001040578935228205,5.2988669772068964e-06,0.0004506157029590564,0.02179366819150743,0.3176151805041699,0.6426673177998885,0.01218294824719528
P03,19,C,beta,1799551287-β-6,P03-T19-Cβ,23,64,E4,9,9,R2,R,False,64,True,R2,True,0.4995497327317421,False,0.6217861175537109,valid,False,0.0002705879265821769,0.00039005510360988694,8.464152192302027e-05,1.5175417746868826e-05,6.405398259964463e-07,0.004733995367719776,0.4995497327317421,0.47996210754002344,0.014786389927130977,0.00020667392369568617
P03,19,C,beta,1799551287-β-6,P03-T19-Cβ,24,67,G4,11,11,R4,R,False,67,True,R4,True,0.6968371561266762,False,0.6659669876098633,valid,False,9.704282330722043e-06,8.385151605734741e-06,1.7036665546203643e-06,2.7062266413922575e-07,9.393835558651898e-09,0.0002560186675173967,0.01917304677386456,0.27456304265402426,0.6968371561266762,0.009150662660926996
P03,19,C,beta,1799551287-β-6,P03-T19-Cβ,25,60,C4,7,7,R3,R,False,60,True,R3,True,0.7395475492647183,False,0.6079707145690918,valid,False,0.007789740102882342,0.025620630149696684,0.0062623837065132375,0.0009953618171511572,3.9859759049028797e-05,0.0014259118102154648,0.12166443328257463,0.7395475492647183,0.09613607344141957,0.0005180566657796642
P03,19,C,beta,1799551287-β-6,P03-T19-Cβ,26,60,C4,7,7,L3,L,False,60,True,L3,True,0.8578019038234731,False,0.8249711990356445,valid,False,0.0014252869922403392,0.06657118077165983,0.8578019038234731,0.07135831789049366,0.0003865227704397986,0.0009524798963341539,0.0012525414603466677,0.00023248735808427756,1.8815060577441638e-05,4.6397635057108295e-07
P03,19,C,beta,1799551287-β-6,P03-T19-Cβ,27,59,B3,6,6,L2,L,False,59,True,L2,True,0.7962530519484349,False,0.4705638885498047,valid,False,0.007689971210722113,0.7962530519484349,0.17415000748310205,0.005365110861888601,0.00013273328153027547,0.0036240945250958128,0.009575771227232088,0.0028947450621479567,0.000312098179637835,2.4162202085985998e-06
P03,19,C,beta,1799551287-β-6,P03-T19-Cβ,28,62,D4,8,8,R2,R,False,62,True,R2,True,0.7292584398125808,False,0.4857940673828125,valid,False,0.0025896957433882723,0.007497261686821876,0.003243750561571097,0.000702696383545424,4.764964418165307e-05,0.01446928579745307,0.7292584398125808,0.23794229396916702,0.0041871829546325685,6.17434466583099e-05
P03,19,C,beta,1799551287-β-6,P03-T19-Cβ,29,60,C4,7,7,R1,R,False,60,True,R1,True,0.7644700881177858,False,0.5525541305541992,valid,False,0.013119551222952719,0.06418821335733496,0.031073924989216517,0.006959296526972,0.0005636392416105131,0.7644700881177858,0.11133035201562294,0.007944675259994219,0.0003370587355492592,1.3200532961248423e-05
P03,20,C,gamma,1799551287-γ-9,P03-T20-Cγ,0,62,D4,8,8,R2,R,False,62,True,R2,True,0.6719157781834876,False,0.6021029949188232,valid,False,0.0045501954385037255,0.004013184569328591,0.0005221152148162135,7.654572552624025e-05,3.661556321800945e-06,0.01763936412484581,0.6719157781834876,0.29007311229985083,0.01091494556247565,0.0002910973248436112
P03,20,C,gamma,1799551287-γ-9,P03-T20-Cγ,1,60,C4,7,7,L5,L,False,60,True,L5,True,0.8404382258120768,False,1.0237228870391846,valid,False,0.00026330538302400555,0.0013677203815109758,0.015393163052262432,0.1417915862359599,0.8404382258120768,0.0006524544245937627,7.354418323391398e-05,1.7844203688852857e-05,2.0578849502447972e-06,9.84386991867337e-08
P03,20,C,gamma,1799551287-γ-9,P03-T20-Cγ,2,72,C5,14,14,R4,R,False,72,True,R2,False,0.08813730262354957,False,0.8943290710449219,valid,False,1.2769691978081357e-08,8.713369171015482e-09,2.6342868212438827e-09,4.373935316642271e-10,6.101988331864881e-11,0.018520826499545562,0.4611849592744052,0.4194296682140921,0.08813730262354957,0.012727218772646223
P03,20,C,gamma,1799551287-γ-9,P03-T20-Cγ,3,53,F3,3,3,L1,L,False,53,True,L1,True,0.8502352470416263,False,0.7640578746795654,valid,False,0.8502352470416263,0.1405429410627868,0.008546425047560386,0.0005859698580038644,8.941320260315591e-05,3.2562795685870512e-09,3.130764848654128e-10,1.8656485178027613e-10,2.8467950463669626e-11,3.0305642829953763e-12
P03,20,C,gamma,1799551287-γ-9,P03-T20-Cγ,4,55,G3,4,4,L5,L,False,55,True,L5,True,0.9068725483838636,False,1.0929851531982422,valid,False,0.00010787583356669834,0.0004330703280270176,0.009136638120112575,0.08344984697848912,0.9068725483838636,1.776080958937582e-08,1.4593691446383938e-09,9.098390877382938e-10,1.98992623702124e-10,2.693072309072364e-11
P03,20,C,gamma,1799551287-γ-9,P03-T20-Cγ,5,64,E4,9,9,R1,R,False,64,True,R1,True,0.8322574451704826,False,0.571671724319458,valid,False,8.481541130872254e-06,1.3124519446737216e-06,2.6497947766493816e-07,3.732459080036647e-08,3.973520113174639e-09,0.8322574451704826,0.15511112914482408,0.01199082557840777,0.0005969880528593194,3.351178276206921e-05
P03,20,C,gamma,1799551287-γ-9,P03-T20-Cγ,6,57,A3,5,5,R3,R,False,57,True,R3,True,0.7689004481491805,False,0.7145891189575195,valid,False,0.0034906880616405083,0.0008228029835488533,0.00020290071766524274,2.745962609413761e-05,3.1667847029663597e-06,0.0031629651207172463,0.13768404137749457,0.7689004481491805,0.08519659812114312,0.0005089290578128741
P03,20,C,gamma,1799551287-γ-9,P03-T20-Cγ,7,60,C4,7,7,L4,L,False,60,True,L4,True,0.6819746414465343,False,0.706387996673584,valid,False,0.0004779304503815308,0.008562439969218077,0.295627568452632,0.6819746414465343,0.010675423034772464,0.002297636314712585,0.0003150551659539156,6.620445478506073e-05,3.042707528776649e-06,5.800348137701641e-08
P03,20,C,gamma,1799551287-γ-9,P03-T20-Cγ,8,55,G3,4,4,L3,L,False,55,True,L3,True,0.8521392309032474,False,0.8927841186523438,valid,False,0.00046143503622062324,0.08477367306859704,0.8521392309032474,0.06176380619919097,0.0008565247602015855,4.93122706141601e-06,3.3137825524068263e-07,6.428076796586965e-08,3.0748634322495736e-09,7.159432184476391e-11
P03,20,C,gamma,1799551287-γ-9,P03-T20-Cγ,9,57,A3,5,5,R3,R,False,57,True,R3,True,0.7866464541343339,False,0.8457200527191162,valid,False,0.001382302069414239,0.005597021858022593,0.002478810765497893,0.0005730186048408516,6.517602557640146e-05,0.0012505018354853827,0.11080577735250152,0.7866464541343339,0.09072009753720475,0.00048083981712239904
P03,20,C,gamma,1799551287-γ-9,P03-T20-Cγ,10,60,C4,7,7,R2,R,False,60,True,R2,True,0.8664504694913931,False,0.5076720714569092,valid,False,0.0004049757004148516,0.0004672333042277138,0.00016065837182961475,3.614461792797549e-05,5.623422084913593e-06,0.017879159955368824,0.8664504694913931,0.11266343758797275,0.001904853201334354,2.744434744587131e-05
P03,20,C,gamma,1799551287-γ-9,P03-T20-Cγ,11,69,A4,12,12,R1,R,False,69,True,R1,True,0.928913771943386,False,0.6100962162017822,valid,False,1.448831788849765e-07,6.40932151605804e-08,1.9987362462732337e-08,4.2933568742018294e-09,6.699541129091101e-10,0.928913771943386,0.06368925814178612,0.006780263166798703,0.0005455373080589628,7.093551290299365e-05
P03,20,C,gamma,1799551287-γ-9,P03-T20-Cγ,12,60,C4,7,7,R4,R,False,60,True,R4,True,0.5971868152748433,False,0.6694869995117188,valid,False,0.0002847153125407422,0.0004600674811818326,0.00017773048798538378,4.194490192590987e-05,5.8097148702548455e-06,0.002121726168601943,0.048845671920864656,0.34716107108065597,0.5971868152748433,0.0037144476565300296
P03,20,C,gamma,1799551287-γ-9,P03-T20-Cγ,13,53,F3,3,3,L5,L,False,53,True,L5,True,0.9070311133990753,False,0.7199618816375732,valid,False,9.973497921437395e-05,0.0007933227178754674,0.009262271029196278,0.08281198060806315,0.9070311133990753,1.3831053182284934e-06,1.1242440855956263e-07,7.121384922772898e-08,1.044044609688611e-08,8.255317161082624e-11
P03,20,C,gamma,1799551287-γ-9,P03-T20-Cγ,14,59,B3,6,6,R2,R,False,59,True,R2,True,0.8309593759748888,False,0.7128047943115234,valid,False,0.002164520385572187,0.020753119877247258,0.02168333485898006,0.0034137499458186176,8.522773112361073e-05,0.011257399222970987,0.8309593759748888,0.10804857645035602,0.0016202507285045717,1.4444824537857504e-05
P03,20,C,gamma,1799551287-γ-9,P03-T20-Cγ,15,62,D4,8,8,R4,R,False,62,True,R3,False,0.3154381426914652,False,0.6809990406036377,valid,False,1.8806085166799773e-05,5.69919508317716e-07,7.28265240631659e-09,1.4126892217671569e-09,4.588899869652361e-10,0.0010024359461469972,0.048209596174422824,0.632692536248037,0.3154381426914652,0.0026379037810212143
P03,20,C,gamma,1799551287-γ-9,P03-T20-Cγ,16,62,D4,8,8,L1,L,False,62,True,L1,True,0.7660384779727856,False,0.8510499000549316,valid,False,0.7660384779727856,0.23089726878028988,0.0027236499869108515,5.854104702222118e-05,3.1573345243319146e-06,0.000272519631568195,4.348053034753944e-06,1.5995593206090748e-06,3.641199861762316e-07,7.351455734124325e-08
P03,20,C,gamma,1799551287-γ-9,P03-T20-Cγ,17,55,G3,4,4,L3,L,False,55,True,L3,True,0.7920473681635606,False,0.6764123439788818,valid,False,0.0010899659015284008,0.07509038390470046,0.7920473681635606,0.13092454937627018,0.0008475725813474274,1.5606728017933493e-07,2.63829204799457e-09,1.1389784409985143e-09,2.1227594067206173e-10,1.576649368252765e-11
P03,20,C,gamma,1799551287-γ-9,P03-T20-Cγ,18,50,D3,1,1,L1,L,False,50,True,L1,True,0.8809794914471244,False,0.669795036315918,valid,False,0.8809794914471244,0.11006095480908848,0.008174620935357103,0.0006845691251202975,0.00010036259980211839,1.057981014849143e-09,1.6849149552973366e-11,7.273955172848976e-12,1.3025191328829473e-12,1.0069090348994787e-13
P03,20,C,gamma,1799551287-γ-9,P03-T20-Cγ,19,59,B3,6,6,R2,R,False,59,True,R2,True,0.7644255110761968,False,0.6508347988128662,valid,False,5.054729041938301e-06,1.3890983282715223e-07,5.323069181226402e-08,2.489420744710719e-08,3.7929749729878355e-09,0.010581684040112185,0.7644255110761968,0.22121267869544428,0.0037401457669861524,3.470486451151093e-05
P03,20,C,gamma,1799551287-γ-9,P03-T20-Cγ,20,64,E4,9,9,R4,R,False,64,True,R3,True,0.4175084986093465,False,1.0068941116333008,valid,False,7.461607064396134e-09,1.8072548957575687e-10,6.391606491973982e-11,2.8719339240835763e-11,6.0255290864954186e-12,0.0035368735557705826,0.1208936338415132,0.45228155718789353,0.4175084986093465,0.00577942906448258
P03,20,C,gamma,1799551287-γ-9,P03-T20-Cγ,21,60,C4,7,7,R1,R,False,60,True,R1,True,0.8271930356625136,False,0.8557467460632324,valid,False,1.1756147042008622e-06,3.423921594568456e-08,1.2104153310560125e-08,5.438746668550015e-09,1.140793150552337e-09,0.8271930356625136,0.16045894004054564,0.011917859633290574,0.0004139699404293952,1.496618560757654e-05
P03,20,C,gamma,1799551287-γ-9,P03-T20-Cγ,22,52,E3,2,2,L4,L,False,52,True,L4,True,0.8667135335691575,False,0.7936489582061768,valid,False,0.0001319321077547119,0.0038548150205238796,0.08714556388601596,0.8667135335691575,0.04215414058585484,1.4668880788913089e-08,1.2748189417205747e-10,3.1436648060354594e-11,2.7400450120511456e-12,1.538117769063423e-13
P03,20,C,gamma,1799551287-γ-9,P03-T20-Cγ,23,59,B3,6,6,L4,L,False,59,True,L4,True,0.7649549100779358,False,1.28678297996521,valid,False,0.00040620726795105014,0.006127839635768915,0.22312213980850057,0.7649549100779358,0.005364573579558437,2.4009687024971367e-05,2.746032830398117e-07,4.025875311748742e-08,4.642845576115713e-09,4.383785155628108e-10
P03,20,C,gamma,1799551287-γ-9,P03-T20-Cγ,24,62,D4,8,8,L3,L,False,62,True,L3,True,0.8960921612558382,False,0.8303229808807373,valid,False,0.0004308666067982936,0.02091328118650791,0.8960921612558382,0.08129164682781584,0.0002461149111129688,0.0009910285880901277,2.6201025342519402e-05,8.213659369834761e-06,4.610718207260342e-07,2.4867303402043782e-08
P03,20,C,gamma,1799551287-γ-9,P03-T20-Cγ,25,64,E4,9,9,R3,R,False,64,True,R3,True,0.49026487743216574,False,1.859637975692749,valid,False,1.1734818465797177e-09,5.539976140326535e-12,4.211964117757373e-12,7.021315163947254e-12,1.180347114392785e-11,0.0035785074899621445,0.471041316624133,0.49026487743216574,0.03498592407246535,0.00012937317921519635
P03,20,C,gamma,1799551287-γ-9,P03-T20-Cγ,26,53,F3,3,3,L5,L,False,53,True,L5,True,0.937804033588808,False,0.8207271099090576,valid,False,3.3935647892316924e-05,0.00022671873864751833,0.004919514995324952,0.05701466169544054,0.937804033588808,1.0438217210465205e-06,6.028308593097378e-08,2.9342928073130244e-08,1.857165806598162e-09,2.8985822893492445e-11
P03,20,C,gamma,1799551287-γ-9,P03-T20-Cγ,27,65,F4,10,10,R5,R,False,65,True,R4,False,0.08691560926710645,False,0.9869108200073242,valid,False,4.112919646118346e-06,0.00015950307367768642,0.0001374932437473379,2.1437369351509828e-05,6.563391380701452e-07,0.0006045574985742669,0.02715841422932169,0.43365030567797636,0.45134791038146044,0.08691560926710645
P03,20,C,gamma,1799551287-γ-9,P03-T20-Cγ,28,64,E4,9,9,R3,R,False,64,True,R3,True,0.5272447051679595,False,0.5718271732330322,valid,False,2.154309061802401e-05,0.0019496790649483385,0.002452792517155987,0.0003358701138687354,1.0326938502397357e-05,0.0043390905564674506,0.3828582349599159,0.5272447051679595,0.08045232532133602,0.00033543226922768917
P03,20,C,gamma,1799551287-γ-9,P03-T20-Cγ,29,57,A3,5,5,L5,L,False,57,True,L5,True,0.9544663156522937,False,0.9029941558837891,valid,False,4.9262590610965594e-05,0.0003483625558525443,0.0042955605624822,0.040794261811752504,0.9544663156522937,3.586215079091579e-05,5.987335989141584e-06,4.091483554229123e-06,2.9197346079886477e-07,3.883213026109172e-09
P03,21,B,alpha,1799551287-α-4,P03-T21-Bα,0,60,C4,7,7,R1,R,False,60,True,R1,True,0.9737664810334675,False,0.781857967376709,valid,False,1.6772739892123235e-05,4.367090453872943e-08,1.5435685674588873e-08,1.166604027107535e-08,1.6065627957159188e-08,0.9737664810334675,0.024561287446494908,0.0016179687789341455,3.619521042393464e-05,1.2079525287487787e-06
P03,21,B,alpha,1799551287-α-4,P03-T21-Bα,1,62,D4,8,8,R2,R,False,62,True,R2,True,0.9128714213388726,False,0.6625921726226807,valid,False,5.586563097429063e-06,2.533294183678006e-08,6.247026544659254e-09,3.2940097697946453e-09,2.5911598595458962e-09,0.03300288690874149,0.9128714213388726,0.05333512073168406,0.0007684306504052237,1.6516342061158037e-05
P03,21,B,alpha,1799551287-α-4,P03-T21-Bα,2,59,B3,6,6,L2,L,False,59,True,L2,True,0.9279974807172463,False,0.8165798187255859,valid,False,0.006252797840357643,0.9279974807172463,0.0636264343251981,0.0016048479518397084,2.8241267563768968e-05,0.0004787720506429658,9.982008244864783e-06,1.3509179130889784e-06,8.899138577496517e-08,3.929607609566993e-09
P03,21,B,alpha,1799551287-α-4,P03-T21-Bα,3,57,A3,5,5,L4,L,False,57,True,L4,True,0.7785136889297033,False,0.7923791408538818,valid,False,0.00024288420633269067,0.0033181289925714084,0.21140820481963896,0.7785136889297033,0.006515701595778298,1.370784894780636e-06,1.2844261462590133e-08,1.8092223875174829e-09,3.1673558807469093e-09,2.8502408755422125e-09
P03,21,B,alpha,1799551287-α-4,P03-T21-Bα,4,55,G3,4,4,L5,L,False,55,True,L5,True,0.9281309866060046,False,0.8411409854888916,valid,False,7.665843495323933e-05,0.00024998321987654726,0.005062448311899425,0.06647964542667242,0.9281309866060046,2.7508206970076167e-07,1.991092394633563e-09,4.5324767007297436e-10,2.804621306159856e-10,1.9372188558759175e-10
P03,21,B,alpha,1799551287-α-4,P03-T21-Bα,5,57,A3,5,5,L4,L,False,57,True,L4,True,0.7101025799937255,False,0.7738752365112305,valid,False,0.00015683181272579656,0.008747048711037602,0.2668475737057682,0.7101025799937255,0.014143630107392636,2.306788104057388e-06,2.40688866590653e-08,3.390305368123542e-09,9.056702482701256e-10,5.163838578519366e-10
P03,21,B,alpha,1799551287-α-4,P03-T21-Bα,6,59,B3,6,6,L5,L,False,59,True,L5,True,0.9516478229442192,False,0.9770088195800781,valid,False,3.8573588302728796e-05,0.00021951607914943105,0.004697635001005828,0.043384816204957544,0.9516478229442192,1.1429871620229087e-05,1.4124640386888311e-07,2.1621876226523768e-08,2.077407033310274e-08,2.2668394558341144e-08
P03,21,B,alpha,1799551287-α-4,P03-T21-Bα,7,62,D4,8,8,R2,R,False,62,True,R2,True,0.7936696894310685,False,0.7329049110412598,valid,False,0.0001626349227926239,0.004185522798859717,0.0008484151628380791,7.402646359331277e-05,3.111688918688022e-06,0.015129815999412372,0.7936696894310685,0.18066913344238703,0.005138017817231654,0.00011963227289801676
P03,21,B,alpha,1799551287-α-4,P03-T21-Bα,8,64,E4,9,9,R3,R,False,64,True,R3,True,0.47514116902866554,True,0.8024718761444092,valid,False,3.2730220802860086e-05,4.417965139063423e-05,6.4971735041748325e-06,9.52530869880874e-07,3.443668827933865e-08,0.0063193222143018415,0.47514116902866554,0.47514116902866554,0.04310383437781934,0.00021011133729196158
P03,21,B,alpha,1799551287-α-4,P03-T21-Bα,9,65,F4,10,10,R2,R,False,65,True,R2,True,0.8254774706170701,False,0.6961579322814941,valid,False,1.0838197490540475e-05,9.225422600005698e-06,1.4101798510154475e-06,1.6926618401142743e-07,7.474315395151331e-09,0.07173745051652397,0.8254774706170701,0.0990834050976851,0.003582145674114633,9.787755416527806e-05
P03,21,B,alpha,1799551287-α-4,P03-T21-Bα,10,64,E4,9,9,R3,R,False,64,True,R3,True,0.4710718360102247,True,0.7076849937438965,valid,False,2.404317877658564e-05,3.0400853790751152e-05,4.148579055876325e-06,5.394343866128364e-07,2.288590361636067e-08,0.009396340631539938,0.4710718360102247,0.4710718360102247,0.04818320905233759,0.0002176233637597102
P03,21,B,alpha,1799551287-α-4,P03-T21-Bα,11,59,B3,6,6,L5,L,False,59,True,L5,True,0.8321620660933675,False,1.0591721534729004,valid,False,6.288338743387154e-05,0.0010544471189467485,0.013533465662393652,0.1528647158935884,0.8321620660933675,0.00030730856638244984,8.9511542621727e-06,5.538825594927215e-06,6.137193695360688e-07,9.578660606649525e-09
P03,21,B,alpha,1799551287-α-4,P03-T21-Bα,12,57,A3,5,5,L4,L,False,57,True,L4,True,0.6818599800684093,False,0.8189623355865479,valid,False,0.0001266059084542288,0.009945779075420704,0.286815201616432,0.6818599800684093,0.021222071026841764,2.8680872338312496e-05,1.1191613474842052e-06,5.028716089451123e-07,5.7993729168200215e-08,1.4054181679138848e-09
P03,21,B,alpha,1799551287-α-4,P03-T21-Bα,13,59,B3,6,6,L5,L,False,59,True,L5,True,0.9290719023612676,False,0.9383969306945801,valid,False,4.934096490435801e-05,0.0004980785537987574,0.005430204816135161,0.06475571250824538,0.9290719023612676,0.00018144589064361194,8.863497269328057e-06,3.982626046483002e-06,4.5929683085999253e-07,9.48485856060432e-09
P03,21,B,alpha,1799551287-α-4,P03-T21-Bα,14,64,E4,9,9,R3,R,False,64,True,R3,True,0.4638567760589529,True,0.8240189552307129,valid,False,6.720741687090934e-05,0.006022897560196937,0.001241348659659957,0.00010839697155988789,2.1138652853602693e-06,0.0066717224101165255,0.4638567760589529,0.4638567760589529,0.05794972546279531,0.0002230355356092173
P03,21,B,alpha,1799551287-α-4,P03-T21-Bα,15,62,D4,8,8,R5,R,False,62,True,R3,False,0.010604699276318,False,1.0051391124725342,valid,False,0.00020403281186789462,0.00564392502339382,0.0003833899087389823,5.1886181889249265e-05,1.3621338940228203e-06,0.001752945000299629,0.08830612742632762,0.4554551418959853,0.4375964903412855,0.010604699276318
P03,21,B,alpha,1799551287-α-4,P03-T21-Bα,16,64,E4,9,9,R3,R,False,64,True,R3,True,0.6647254608453035,False,0.7898659706115723,valid,False,0.00010582147461865644,0.0008282785351096497,6.199969052879728e-05,9.460539334683243e-06,3.420252868693414e-07,0.012671737432638235,0.2869689766381622,0.6647254608453035,0.03444535359814479,0.00018256922087254025
P03,21,B,alpha,1799551287-α-4,P03-T21-Bα,17,59,B3,6,6,L5,L,False,59,True,L5,True,0.7788933059962073,False,0.9574310779571533,valid,False,0.00012480510226171184,0.0010946139608737431,0.01517585508444077,0.20467625676385054,0.7788933059962073,3.3692736013534165e-05,8.491177049746369e-07,5.468627277901961e-07,7.11078555220188e-08,3.2680641816996117e-09
P03,21,B,alpha,1799551287-α-4,P03-T21-Bα,18,62,D4,8,8,R4,R,False,62,True,R3,False,0.2822128227735958,False,0.8356380462646484,valid,False,0.0001417284132001614,0.003452748644643678,0.00041588831720955203,4.4274848238933164e-05,2.2794768340381355e-06,0.00332896510692288,0.16778132203957352,0.5352112222848013,0.2822128227735958,0.007408748094980172
P03,21,B,alpha,1799551287-α-4,P03-T21-Bα,19,64,E4,9,9,R5,R,False,64,True,R4,False,0.11387258349670282,False,1.0347120761871338,valid,False,3.6638142297417316e-05,0.00025736919914447193,3.2992748334498635e-05,4.290004534271186e-06,1.9715473325275718e-07,0.00027568725893848203,0.07185603131918807,0.32653348826919126,0.4871307224069355,0.11387258349670282
P03,21,B,alpha,1799551287-α-4,P03-T21-Bα,20,59,B3,6,6,L5,L,False,59,True,L5,True,0.917677260837262,False,0.7866969108581543,valid,False,5.476581317846133e-05,0.000567115713110772,0.006613808861628127,0.0748617364080565,0.917677260837262,0.0001825862194827241,3.0253172048078326e-05,1.069312530449779e-05,1.5676866165715967e-06,2.1216331227996407e-07
P03,21,B,alpha,1799551287-α-4,P03-T21-Bα,21,64,E4,9,9,R5,R,False,64,True,R4,False,0.18048871278189177,False,0.8293099403381348,valid,False,5.9693326414992494e-05,0.0027292209401004537,0.0006793936492099124,5.6876557774817547e-05,1.3678358274442507e-06,0.0008503663493122283,0.03655434460429109,0.3351427112769916,0.4434373126781857,0.18048871278189177
P03,21,B,alpha,1799551287-α-4,P03-T21-Bα,22,65,F4,10,10,R3,R,False,65,True,R2,True,0.46318527241181634,False,0.8667259216308594,valid,False,1.1836590847700704e-05,0.000571247741714238,0.00018121069020848475,1.712653234925514e-05,4.3825677411994056e-07,0.012245602646955466,0.46318527241181634,0.46318527241181634,0.06022738386958101,0.0003746088479370412
P03,21,B,alpha,1799551287-α-4,P03-T21-Bα,23,57,A3,5,5,L4,L,False,57,True,L4,True,0.886351861558405,False,1.055034875869751,valid,False,4.4924965493177485e-05,0.0018337966616379527,0.048964891217059485,0.886351861558405,0.06271217815102915,7.495613272741653e-05,1.0749607966668162e-05,5.899509935556537e-06,7.370270281167235e-07,5.168717358847485e-09
P03,21,B,alpha,1799551287-α-4,P03-T21-Bα,24,59,B3,6,6,L3,L,False,59,True,L3,True,0.8220552684040615,False,0.7189168930053711,valid,False,0.00037634411418328433,0.06091260488889035,0.8220552684040615,0.11441560537098874,0.0011120905782521149,0.000898667307136255,0.00016395023034805576,6.0313919120372005e-05,5.0508821352467715e-06,1.0430488398841608e-07
P03,21,B,alpha,1799551287-α-4,P03-T21-Bα,25,57,A3,5,5,L2,L,False,57,True,L2,True,0.7790912251540533,False,0.7715067863464355,valid,False,0.0012568622768845906,0.7790912251540533,0.2081227696904723,0.011224828380569945,0.00022237217967463254,6.995249667849388e-05,8.051701402591601e-06,3.617862650607669e-06,3.153359890994645e-07,4.9216247141249755e-09
P03,21,B,alpha,1799551287-α-4,P03-T21-Bα,26,59,B3,6,6,L3,L,False,59,True,L3,True,0.8575704809594407,False,0.6805131435394287,valid,False,0.00031224185777665124,0.08722545721566774,0.8575704809594407,0.053714782225594025,0.00044367361563829626,0.0005431007498677356,0.00013453960924067764,5.1514259260126864e-05,4.1448170420632694e-06,6.469047205173449e-08
P03,21,B,alpha,1799551287-α-4,P03-T21-Bα,27,57,A3,5,4,L4,L,False,55,False,L4,True,0.8423998645965751,False,0.6230888366699219,valid,False,9.126025188694632e-05,0.004537859357790293,0.1354290792843483,0.8423998645965751,0.01750583304086635,2.7601005011325328e-05,5.606967826706033e-06,2.519373045412409e-06,3.69357628661002e-07,6.765020947354086e-09
P03,21,B,alpha,1799551287-α-4,P03-T21-Bα,28,55,G3,4,4,L5,L,False,55,True,L5,True,0.9506939074664621,False,0.8738501071929932,valid,False,2.830650749733685e-05,0.00019761978609708842,0.002913345939955554,0.04610775438181653,0.9506939074664621,4.3931868175811654e-05,9.825169660548294e-06,4.594901989914785e-06,7.011365805836137e-07,1.2841764421651321e-08
P03,21,B,alpha,1799551287-α-4,P03-T21-Bα,29,53,F3,3,3,L4,L,False,53,True,L4,True,0.8234718110759353,False,0.6781868934631348,valid,False,2.3820871122666615e-05,0.0010611228482357692,0.04194177168280263,0.8234718110759353,0.1334969794730674,3.302673792171637e-06,7.720427131168177e-07,3.610584571423786e-07,5.734237483748851e-08,9.314990361832842e-10
P03,22,C,alpha,1799551287-α-1,P03-T22-Cα,0,57,A3,5,5,L5,L,False,57,True,L5,True,0.7795719234562973,False,1.0548038482666016,valid,False,0.00018559559075370104,0.002062492478328652,0.020816797366052634,0.19717777744862547,0.7795719234562973,8.821776236982145e-05,7.876748083501666e-05,1.5902880111800595e-05,2.4266221580987e-06,9.891446738684235e-08
P03,22,C,alpha,1799551287-α-1,P03-T22-Cα,1,59,B3,6,6,L4,L,False,59,True,L4,True,0.6793949342845834,False,0.7790930271148682,valid,False,8.777846523534626e-05,0.00624464742503602,0.3094254420166616,0.6793949342845834,0.004758988091432854,8.583883863889936e-05,1.7254069751114181e-06,5.918979036298596e-07,4.7623872561931175e-08,5.949660504880298e-09
P03,22,C,alpha,1799551287-α-1,P03-T22-Cα,2,57,A3,5,5,L3,L,False,57,True,L3,True,0.8533048386130582,False,0.5282349586486816,valid,False,0.00023144314142755585,0.07864819874984591,0.8533048386130582,0.06699729898838024,0.0007995633623261985,1.806888324431963e-05,4.3905619598577216e-07,1.376380500724244e-07,1.0640073735970674e-08,9.273978864454671e-10
P03,22,C,alpha,1799551287-α-1,P03-T22-Cα,3,62,D4,8,8,R3,R,False,62,True,R3,True,0.6393979732353877,False,0.5721750259399414,valid,False,0.00043393809612973214,0.018590994120452366,0.0037009824820763413,0.0002716408642150461,2.5192669655371897e-06,0.0038852346517997014,0.24879840238532033,0.6393979732353877,0.0845364989575065,0.0003818159401466696
P03,22,C,alpha,1799551287-α-1,P03-T22-Cα,4,59,B3,6,6,L4,L,False,59,True,L4,True,0.8144885797053129,False,0.727046012878418,valid,False,0.00020008085206750644,0.005337924631402088,0.16705238704240363,0.8144885797053129,0.012534626745786393,0.0002605194743871167,6.39238269868147e-05,5.3001259938412317e-05,8.76104934216288e-06,1.9541237323178004e-07
P03,22,C,alpha,1799551287-α-1,P03-T22-Cα,5,60,C4,7,7,L2,L,False,60,True,L2,True,0.8869450979949085,False,0.5462174415588379,valid,False,0.001954234369024734,0.8869450979949085,0.10669758127993946,0.003287076242691462,4.200353446269098e-05,0.0007304051859279096,0.00019783635622107977,0.00012873470915114084,1.6739208276231958e-05,2.9111939651366027e-07
P03,22,C,alpha,1799551287-α-1,P03-T22-Cα,6,59,B3,6,6,L3,L,False,59,True,L3,True,0.8508025964419126,False,0.5929310321807861,valid,False,0.0008747476231509512,0.054693578287609755,0.8508025964419126,0.09279787461902776,0.0005861127314095991,0.00017163968487623975,4.306037287306249e-05,2.6948709576333407e-05,3.366708005849303e-06,7.482155776777073e-08
P03,22,C,alpha,1799551287-α-1,P03-T22-Cα,7,57,A3,5,5,L4,L,False,57,True,L4,True,0.8068089008992478,False,0.7812662124633789,valid,False,0.00033025391040745783,0.005125135966545417,0.17349381080337284,0.8068089008992478,0.014195216248532105,3.3398541572652265e-05,7.993969385478354e-06,4.576077166987585e-06,6.982640988622966e-07,1.531967035733017e-08
P03,22,C,alpha,1799551287-α-1,P03-T22-Cα,8,59,B3,6,6,L3,L,False,59,True,L3,True,0.8732323989443537,False,0.5536971092224121,valid,False,0.0006257573022338378,0.06071971838860372,0.8732323989443537,0.06485809488228385,0.0002598116659121021,0.0001879660071423267,6.559053002688877e-05,4.469926268148743e-05,5.812187503689947e-06,1.5082925858984973e-07
P03,22,C,alpha,1799551287-α-1,P03-T22-Cα,9,64,E4,9,9,R2,R,False,64,True,R2,True,0.7918238072295347,False,0.5465283393859863,valid,False,0.0001232310851465072,0.0010312023245281294,0.0006485178904749201,8.500658939353095e-05,1.9582810432564294e-06,0.028626672881617857,0.7918238072295347,0.1731812790128583,0.004368147042473787,0.00011017766292888845
P03,22,C,alpha,1799551287-α-1,P03-T22-Cα,10,65,F4,10,10,R3,R,False,65,True,R3,True,0.5532235347155039,False,0.5503139495849609,valid,False,3.24731827978023e-07,1.114814035531755e-08,7.0558551700952e-10,8.13717351518268e-11,1.5165573817471788e-11,0.03627498373736643,0.3708368252584957,0.5532235347155039,0.03947873378576977,0.00018558582077317942
P03,22,C,alpha,1799551287-α-1,P03-T22-Cα,11,67,G4,11,11,R2,R,False,67,True,R2,True,0.7676311032954033,False,0.5052640438079834,valid,False,1.0474516327477112e-07,5.047130386415131e-09,2.2286698650908227e-10,1.655312855387525e-11,1.9089915540342717e-12,0.15498204685973754,0.7676311032954033,0.07543786094227131,0.001902767268170279,4.611160079467204e-05
P03,22,C,alpha,1799551287-α-1,P03-T22-Cα,12,69,A4,12,12,R1,R,False,69,True,R1,True,0.8795102162485064,False,0.6396338939666748,valid,False,2.5708147875037522e-08,1.48419974990314e-09,5.8127043311149315e-11,4.86774610101292e-12,6.587777973045007e-13,0.8795102162485064,0.10142962214307154,0.016766203772985343,0.0019335644794683552,0.00036036609996708955
P03,22,C,alpha,1799551287-α-1,P03-T22-Cα,13,67,G4,11,11,R2,R,False,67,True,R2,True,0.8804414410914011,False,0.5121810436248779,valid,False,6.238520341070216e-08,3.728231443060427e-09,7.699105576760491e-11,7.269512669696221e-12,1.354847980120151e-12,0.06282941900633647,0.8804414410914011,0.05572469574378523,0.000980613796220267,2.376416320664306e-05
P03,22,C,alpha,1799551287-α-1,P03-T22-Cα,14,57,A3,5,5,L4,L,False,57,True,L4,True,0.8673175712723049,False,0.6768949031829834,valid,False,7.816287174323753e-05,0.0012585919440144706,0.10821884313841225,0.8673175712723049,0.023126255487535326,5.073322056514988e-07,8.938116453302421e-09,2.1286467357069627e-08,2.388751248343234e-08,1.3841687798447515e-08
P03,22,C,alpha,1799551287-α-1,P03-T22-Cα,15,59,B3,6,6,L3,L,False,59,True,L3,True,0.8788040763624757,False,0.44569873809814453,valid,False,0.0006292988252588153,0.05492972921216515,0.8788040763624757,0.06525354034441318,0.00037462190650933337,7.85704845727772e-06,3.724611544486353e-07,3.5552346807439636e-07,1.4015396480822944e-07,8.162133189557665e-09
P03,22,C,alpha,1799551287-α-1,P03-T22-Cα,16,57,A3,5,5,L2,L,False,57,True,L2,True,0.9085188162465613,False,0.4471917152404785,valid,False,0.009132281911819378,0.9085188162465613,0.0791872735932816,0.0031012820761820705,5.6801962599454614e-05,3.2294078205003186e-06,1.4451333481780971e-07,1.199566657804576e-07,4.7441807434609585e-08,2.889927641656927e-09
P03,22,C,alpha,1799551287-α-1,P03-T22-Cα,17,65,F4,10,10,R1,R,False,65,True,R1,True,0.9527547249059098,False,0.5274910926818848,valid,False,3.2827836631325813e-06,9.552129077872306e-07,1.546675978561602e-07,1.460374911081459e-08,4.873748615080879e-10,0.9527547249059098,0.04068126740583917,0.006207558895781073,0.00032166898026529683,3.0372056911976288e-05
P03,22,C,alpha,1799551287-α-1,P03-T22-Cα,18,64,E4,9,9,R3,R,False,64,True,R2,True,0.4377712331357267,False,0.46684908866882324,valid,False,2.5127226399728175e-06,5.181448033158428e-07,1.0121095815125683e-07,1.2148516130100263e-08,4.952002925296176e-10,0.010192951735930768,0.5137293010922654,0.4377712331357267,0.03815651342567145,0.000146855888287834
P03,22,C,alpha,1799551287-α-1,P03-T22-Cα,19,65,F4,10,10,R4,R,False,65,True,R3,False,0.19473366106587664,False,0.45721983909606934,valid,False,4.302779941393867e-07,7.542388425821143e-08,1.4113663097914808e-08,1.988028297383909e-09,7.480603931389492e-11,0.006943507515385527,0.2576579124218754,0.5293409722646751,0.19473366106587664,0.011323424853811399
P03,22,C,alpha,1799551287-α-1,P03-T22-Cα,20,64,E4,9,9,R5,R,False,64,True,R4,False,0.2215648881295481,False,0.7254312038421631,valid,False,1.5912100220044264e-06,3.3012118581662945e-07,6.473971773852309e-08,8.761568036801382e-09,3.43137131495928e-10,0.0003401900784377434,0.013730597285061518,0.21163526197617308,0.5527270673551488,0.2215648881295481
P03,22,C,alpha,1799551287-α-1,P03-T22-Cα,21,65,F4,10,10,R4,R,False,65,True,R3,False,0.22445040568854627,False,0.5412380695343018,valid,False,2.798488776523942e-07,5.567600389548902e-08,1.0507867269038867e-08,1.4220851930681069e-09,5.796732671445652e-11,0.004194642584887852,0.1996595532514636,0.564880205136872,0.22445040568854627,0.006814845825429081
P03,22,C,alpha,1799551287-α-1,P03-T22-Cα,22,64,E4,9,9,R5,R,False,64,True,R3,False,0.00035983826614776704,False,0.4197087287902832,valid,False,1.6270567873818172e-06,4.3858534287792387e-07,8.091586804580466e-08,8.965733741104995e-09,3.511330557220855e-10,0.004472284674071663,0.31284868471397065,0.6026465355500393,0.07967050092090547,0.00035983826614776704
P03,22,C,alpha,1799551287-α-1,P03-T22-Cα,23,59,B3,6,6,L2,L,False,59,True,L2,True,0.9232276738839039,False,0.6449971199035645,valid,False,0.005976743601204162,0.9232276738839039,0.06857142284585367,0.0018736265256560415,4.5405404977582485e-05,0.00022210758329854714,5.45862005239458e-05,2.5935978870921198e-05,2.352858919727418e-06,1.4511679155798375e-07
P03,22,C,alpha,1799551287-α-1,P03-T22-Cα,24,57,A3,5,5,L3,L,False,57,True,L3,True,0.8965097632537601,False,0.519355297088623,valid,False,0.0012679630487465374,0.047397866227729804,0.8965097632537601,0.05451681484758049,0.00030074552112136513,5.6930328034408655e-06,6.561021283054586e-07,4.2582128580654317e-07,6.497611503475266e-08,7.168729124312793e-09
P03,22,C,alpha,1799551287-α-1,P03-T22-Cα,25,59,B3,6,6,L4,L,False,59,True,L4,True,0.7119568867552066,False,0.6379611492156982,valid,False,0.0002226578855945079,0.007419467717437919,0.2763527507334884,0.7119568867552066,0.004013956876653792,2.751085956700376e-05,3.6490471145372545e-06,2.6578905611558e-06,4.055678018169866e-07,5.6666574273177195e-08
P03,22,C,alpha,1799551287-α-1,P03-T22-Cα,26,60,C4,7,7,L5,L,False,60,True,L5,True,0.9716029637310921,False,0.7967407703399658,valid,False,0.00010979760481404733,0.0004761036580636368,0.0029945479329939553,0.02457822526440852,0.9716029637310921,0.00018644286925451842,3.0412605302016683e-05,1.8296367199764484e-05,2.905781945773684e-06,3.0418492556734784e-07
P03,22,C,alpha,1799551287-α-1,P03-T22-Cα,27,65,F4,10,10,R5,R,False,65,True,R4,False,0.1341575932002387,False,0.9186873435974121,valid,False,9.040019693259674e-06,0.0007162888261643145,0.0014142219588373257,0.00034859420726428535,1.1121257732752438e-05,0.00045773539383046164,0.026250491403272676,0.37662459482398924,0.4600103189089769,0.1341575932002387
P03,22,C,alpha,1799551287-α-1,P03-T22-Cα,28,60,C4,7,7,L5,L,False,60,True,L5,True,0.9430449078492967,False,0.6922848224639893,valid,False,6.881011162838777e-05,0.0005897172644340532,0.007232068907401921,0.04894720147095135,0.9430449078492967,7.11869578761957e-05,1.8735989181831358e-05,1.9351254402639395e-05,7.076674092565507e-06,9.435207345430925e-07
P03,22,C,alpha,1799551287-α-1,P03-T22-Cα,29,59,B3,6,6,L4,L,False,59,True,L4,True,0.828772901808734,False,0.6504018306732178,valid,False,0.00010312014103758442,0.005353181270379506,0.15695038156992505,0.828772901808734,0.008786244982604403,2.1838056352573652e-05,7.101338753694216e-06,3.955803536235185e-06,1.1420510062909323e-06,1.329776708019852e-07
P03,23,A,beta,1799551287-β-7,P03-T23-Aβ,0,62,D4,8,,R1,R,True,,False,,,,False,,valid,False,,,,,,,,,,
P03,23,A,beta,1799551287-β-7,P03-T23-Aβ,1,64,E4,9,9,R2,R,False,64,True,R2,True,0.750763137096344,False,3.5559520721435547,valid,False,0.00019080678051701936,0.00010872757962240398,1.7267834342465484e-05,2.336947251620474e-06,2.29660185785002e-07,0.04386383626645173,0.750763137096344,0.1851359102472345,0.018936479714197322,0.0009812678738529944
P03,23,A,beta,1799551287-β-7,P03-T23-Aβ,2,60,C4,7,7,L3,L,False,60,True,R2,False,0.004260677167923151,False,0.4867820739746094,valid,False,0.009264355026132303,0.02135359377793767,0.004260677167923151,0.0006766697812820794,8.409610805452685e-05,0.011771539283528283,0.7129619887306196,0.23262509125706032,0.006885571307088319,0.00011641756037384865
P03,23,A,beta,1799551287-β-7,P03-T23-Aβ,3,59,B3,6,6,L5,L,False,59,True,L3,False,0.0005552396816438743,False,0.5161449909210205,valid,False,0.0014544116799606011,0.061427777667397564,0.7897548035579155,0.14630498181466733,0.0005552396816438743,0.0003419660501238764,0.00011904217011170858,3.731807527229694e-05,4.30371154768518e-06,1.5559135950140897e-07
P03,23,A,beta,1799551287-β-7,P03-T23-Aβ,4,62,D4,8,8,R5,R,False,62,True,R2,False,0.00011279113265257488,False,0.3744540214538574,valid,False,0.0010122266809827777,0.01557573716193655,0.014596864788157856,0.002279644180021578,6.191630968995799e-05,0.013949349151243632,0.8015746055971673,0.14515214174543606,0.0056847232527115635,0.00011279113265257488
P03,23,A,beta,1799551287-β-7,P03-T23-Aβ,5,60,C4,7,7,L3,L,False,60,True,R2,False,0.08610821503498588,False,0.39750003814697266,valid,False,0.0030404131930373,0.07734423090491063,0.08610821503498588,0.009825333100083293,0.000639525423978667,0.01022670338821548,0.7571996717996031,0.05460026034234652,0.0010000386516612924,1.5608161178025144e-05
P03,23,A,beta,1799551287-β-7,P03-T23-Aβ,6,59,B3,6,6,L1,L,False,59,True,L3,False,0.0018184771414693885,False,0.39801716804504395,valid,False,0.0018184771414693885,0.0739444866411472,0.8609181322170061,0.053826869377788945,0.0007510542169601064,0.0033701481714845543,0.004323349540241616,0.0009212714200967966,0.00012468052857659637,1.5307452286291112e-06
P03,23,A,beta,1799551287-β-7,P03-T23-Aβ,7,60,C4,7,7,L2,L,False,60,True,R2,False,0.05865718267243861,False,0.34189724922180176,valid,False,0.002834661823972142,0.05865718267243861,0.09277591235934743,0.010483220233997783,0.00047998222706316124,0.009681393052155547,0.6877460528050718,0.13391705086615754,0.003377786404004936,4.675755579094506e-05
P03,23,A,beta,1799551287-β-7,P03-T23-Aβ,8,64,E4,9,9,R1,R,False,64,True,R3,False,0.007670912601490357,False,0.3564772605895996,valid,False,0.0002931488027129932,0.0018475267681942447,0.0008635383861955941,6.721270862338961e-05,4.351914426759067e-06,0.007670912601490357,0.31653556076060707,0.5767653962540544,0.09533867876547801,0.0006136730382170471
P03,23,A,beta,1799551287-β-7,P03-T23-Aβ,9,59,B3,6,6,L2,L,False,59,True,L2,True,0.7729181705368335,False,0.4675178527832031,valid,False,0.004070858143334305,0.7729181705368335,0.2100680411251286,0.008656187919285683,0.00037599063679630973,0.002078338286616053,0.001084979500761199,0.0006506217618517787,9.538568000098542e-05,1.4264093911484344e-06
P03,23,A,beta,1799551287-β-7,P03-T23-Aβ,10,57,A3,5,5,L3,L,False,57,True,L3,True,0.815299459700495,False,0.34848999977111816,valid,False,0.0006336684174912432,0.0744279457503487,0.815299459700495,0.10719143313120749,0.002027114899511831,0.00021185998110149256,0.00012790793661591535,7.019736396359157e-05,1.0291422280260676e-05,1.2139698449875625e-07
P03,23,A,beta,1799551287-β-7,P03-T23-Aβ,11,62,D4,8,8,R1,R,False,62,True,R2,False,0.014808848610387516,False,0.34911108016967773,valid,False,0.0007746951661004595,0.03234818820836145,0.006715560051430533,0.00044486468297571174,6.8315466109166515e-06,0.014808848610387516,0.8692223056312268,0.07279147963024453,0.002850797872338952,3.642860032321889e-05
P03,23,A,beta,1799551287-β-7,P03-T23-Aβ,12,64,E4,9,9,R3,R,False,64,True,R2,False,0.120496577299021,False,0.41393327713012695,valid,False,1.1761129454702347e-07,1.0248505666623008e-08,4.988483253447291e-09,1.4435883250008973e-09,2.5849780052791484e-10,0.01838658547340015,0.855444612477678,0.120496577299021,0.0055379331214171,0.00013415707811416266
P03,23,A,beta,1799551287-β-7,P03-T23-Aβ,13,59,B3,6,6,L2,L,False,59,True,R2,False,0.0002719805116350525,False,0.5835399627685547,valid,False,0.012191514060957835,0.0002719805116350525,1.7214127540742285e-05,1.6253617645265025e-06,5.519655827875633e-07,0.012446578342399163,0.9141321418628673,0.060218230358498125,0.0007103305430770813,9.832865677521515e-06
P03,23,A,beta,1799551287-β-7,P03-T23-Aβ,14,60,C4,7,7,R2,R,False,60,True,R2,True,0.7484656375598787,False,0.4006540775299072,valid,False,0.0010538596826895966,0.048596815202376575,0.06334428372514649,0.008415946971432305,0.00040511895229484345,0.008552793315382955,0.7484656375598787,0.1188693860867353,0.002266020692745146,3.013781131827822e-05
P03,23,A,beta,1799551287-β-7,P03-T23-Aβ,15,62,D4,8,8,R4,R,False,62,True,R2,False,0.002517729733152394,False,0.3485722541809082,valid,False,0.0005385605154379223,0.015146726046739176,0.004223698562480832,0.0004039843086569048,2.2826111054563374e-05,0.013446075066984687,0.8715040489782053,0.09214446303973019,0.002517729733152394,5.188763755792802e-05
P03,23,A,beta,1799551287-β-7,P03-T23-Aβ,16,57,A3,5,5,L3,L,False,57,True,L3,True,0.8624791667075038,False,0.37544822692871094,valid,False,0.0008881977171613591,0.07772318165176101,0.8624791667075038,0.05666548085262796,0.0015221060150427328,0.000353532896443802,0.0002553768049789636,9.825501306930826e-05,1.4404868980169134e-05,2.974724310749467e-07
P03,23,A,beta,1799551287-β-7,P03-T23-Aβ,17,60,C4,7,7,R3,R,False,60,True,R2,False,0.17963735260820873,False,0.4302189350128174,valid,False,0.0020966304548966923,0.018837067578414735,0.020234460257279388,0.004259601768475626,0.0001818031626930319,0.013598296766961546,0.7581946227298014,0.17963735260820873,0.00291812156875769,4.204310451124347e-05
P03,23,A,beta,1799551287-β-7,P03-T23-Aβ,18,62,D4,8,8,R1,R,False,62,True,R3,False,0.005672120048857863,False,0.38674092292785645,valid,False,0.0014321315826662693,0.006109542567557623,0.0019677484247182624,0.00024850374219697853,1.34659537681801e-05,0.005672120048857863,0.27466796115638203,0.6494264800127315,0.06007314806982994,0.00038889844129141226
P03,23,A,beta,1799551287-β-7,P03-T23-Aβ,19,59,B3,6,6,L5,L,False,59,True,R2,False,0.0007941207234197358,False,0.432528018951416,valid,False,0.005164244266649892,0.12664753630780703,0.1342961883308975,0.014933609842507545,0.0007941207234197358,0.004860869269294571,0.6531186245791738,0.05924958487701884,0.0009247413277030106,1.0480475528053896e-05
P03,23,A,beta,1799551287-β-7,P03-T23-Aβ,20,52,E3,2,2,L4,L,False,52,True,L4,True,0.7888296280603864,False,0.6079268455505371,valid,False,0.00029379705817999266,0.004085922048152258,0.051963958032748725,0.7888296280603864,0.154825669112299,8.683420578123592e-07,1.0008911323103625e-07,5.2776231135912326e-08,4.41965182992058e-09,6.117974682148131e-11
P03,23,A,beta,1799551287-β-7,P03-T23-Aβ,21,50,D3,1,1,L2,L,False,50,True,L4,False,0.0013594762108247462,False,0.9030828475952148,valid,False,7.943772041452008e-05,0.0013594762108247462,0.04110862652489662,0.825688835927343,0.13176326046957065,2.9578305744981885e-07,4.707436326860446e-08,1.8760030109468292e-08,1.5094246452172073e-09,2.007517199748336e-11
P03,23,A,beta,1799551287-β-7,P03-T23-Aβ,22,52,E3,2,2,L4,L,False,52,True,L3,False,0.2362701516218883,False,0.39774203300476074,valid,False,0.0002637971976718469,0.02671497677429529,0.7262028390378586,0.2362701516218883,0.010546154762893554,1.6366167222781394e-06,3.0592498547120015e-07,1.2689245622988978e-07,1.1060054529099392e-08,1.1117385145319765e-10
P03,23,A,beta,1799551287-β-7,P03-T23-Aβ,23,55,G3,4,4,L2,L,False,55,True,L2,True,0.936023034454198,False,0.43984389305114746,valid,False,0.0037680959587999985,0.936023034454198,0.05468776914609942,0.005162837036910909,0.0002678625209233918,6.834761393489716e-05,1.5020191029788593e-05,6.484374531474791e-06,5.430224392135841e-07,5.6811327666559e-09
P03,23,A,beta,1799551287-β-7,P03-T23-Aβ,24,57,A3,5,5,L1,L,False,57,True,L2,False,0.006617549114427429,False,0.35793113708496094,valid,False,0.006617549114427429,0.9793434170437842,0.012057960653905778,0.001093749917808957,7.800882349793418e-05,0.0005854712541737888,0.00015408129549845787,6.391028838252045e-05,5.79781055619837e-06,5.379796466553524e-08
P03,23,A,beta,1799551287-β-7,P03-T23-Aβ,25,64,E4,9,9,R3,R,False,64,True,R2,False,0.20183949154012637,False,0.6598122119903564,valid,False,0.00023947036988128015,0.00047648153743469273,7.502438223588597e-06,5.79974039566407e-07,2.434694893384574e-08,0.03079870936002355,0.7555702674067721,0.20183949154012637,0.010885948021588028,0.00018152500496190527
P03,23,A,beta,1799551287-β-7,P03-T23-Aβ,26,60,C4,7,7,L2,L,False,60,True,R2,False,0.00797484818309513,False,0.48413991928100586,valid,False,0.004798964669121251,0.00797484818309513,0.0016072897652585395,0.00026523108941148196,2.2070144079021395e-05,0.011713879962965915,0.8277096778134988,0.14240319880444444,0.0034509945409504647,5.384502717477388e-05
P03,23,A,beta,1799551287-β-7,P03-T23-Aβ,27,60,C4,7,7,R1,R,False,60,True,R2,False,0.015428604785690149,False,0.3453691005706787,valid,False,0.004924294398895684,0.007960714262251504,0.0016110796070238948,0.0002553209714882829,2.6575265802332305e-05,0.015428604785690149,0.8181779729915486,0.1479712729277828,0.0035859310702178724,5.823371929876418e-05
P03,23,A,beta,1799551287-β-7,P03-T23-Aβ,28,62,D4,8,8,R2,R,False,62,True,R2,True,0.8035665079221863,False,0.41597795486450195,valid,False,0.001232698658642166,0.0012491949448752713,0.00026102972510107204,4.1392822046691005e-05,4.343581056397781e-06,0.022136901692967264,0.8035665079221863,0.16357080846584796,0.007824391547440525,0.00011273063983622133
P03,23,A,beta,1799551287-β-7,P03-T23-Aβ,29,64,E4,9,9,R3,R,False,64,True,R2,False,0.13752091513157888,False,0.3592681884765625,valid,False,0.00019484314061667387,0.00012522222640410407,2.072895042772695e-05,3.566309453533049e-06,3.9279069137645895e-07,0.025630319741650615,0.8319530555295042,0.13752091513157888,0.004409564869693522,0.00014139130997951223
P03,24,A,gamma,1799551287-γ-2,P03-T24-Aγ,0,65,F4,10,10,R1,R,False,65,True,R2,False,0.04615982554092879,False,2.0230226516723633,valid,False,2.4747321237770436e-05,1.6729920853964576e-05,3.003760854561893e-06,4.403722538533836e-07,2.375089943508139e-08,0.04615982554092879,0.8223037421093458,0.12055545357907008,0.010507715982337103,0.000428317662218764
P03,24,A,gamma,1799551287-γ-2,P03-T24-Aγ,1,48,C3,0,0,L4,L,False,48,True,L4,True,0.7958125475351157,False,0.6343510150909424,valid,False,0.00011144348994790162,0.0031653599515904605,0.06936369924728915,0.7958125475351157,0.1315469293403431,1.589536683670275e-08,3.507397196804353e-09,8.64913500069253e-10,1.6119736793806917e-10,6.8389177950004506e-12
P03,24,A,gamma,1799551287-γ-2,P03-T24-Aγ,2,53,F3,3,3,L1,L,False,53,True,L2,False,0.004862411300721079,False,0.3442549705505371,valid,False,0.004862411300721079,0.759238976535386,0.2110967554347447,0.0223458214763183,0.0024528033163577112,2.3184678012764494e-06,7.11821475203312e-07,1.686502667017223e-07,3.143202076530691e-08,1.564908166782454e-09
P03,24,A,gamma,1799551287-γ-2,P03-T24-Aγ,3,55,G3,4,4,L4,L,False,55,True,L2,False,0.005800675707779922,False,0.32242894172668457,valid,False,0.014545093930835756,0.9325981606663231,0.046431328384838384,0.005800675707779922,0.0005903438509124595,2.468307702448515e-05,7.581641182728271e-06,1.7963012525558812e-06,3.2165674578377174e-07,1.4783104932372733e-08
P03,24,A,gamma,1799551287-γ-2,P03-T24-Aγ,4,62,D4,8,8,L2,L,False,62,True,R2,False,0.006105936024578436,False,0.4472329616546631,valid,False,0.0008961603576377195,0.006105936024578436,0.0007052682318115697,3.640723260894616e-05,1.7346409469154444e-06,0.015797237125086676,0.8915058945740892,0.0826547421632742,0.002258435233821834,3.818441614470207e-05
P03,24,A,gamma,1799551287-γ-2,P03-T24-Aγ,5,55,G3,4,4,L5,L,False,55,True,L3,False,0.005166394683816115,False,0.3073461055755615,valid,False,0.0023591860496052527,0.07268270641150053,0.764310459612375,0.15547605434050082,0.005166394683816115,3.860748951630576e-06,8.719590372001607e-07,4.093148340536923e-07,5.5394738999603476e-08,1.4846403781421951e-09
P03,24,A,gamma,1799551287-γ-2,P03-T24-Aγ,6,59,B3,6,5,L2,L,False,57,False,L3,False,0.06773247704242594,False,0.44403886795043945,valid,False,0.0010964441151770465,0.06773247704242594,0.8685288296770503,0.06196054224285321,0.0006186178319316824,4.066972204216541e-05,1.447956039918678e-05,6.783926464653829e-06,1.1213755023842752e-06,3.450615346323664e-08
P03,24,A,gamma,1799551287-γ-2,P03-T24-Aγ,7,59,B3,6,6,R4,R,False,59,True,L3,False,0.00011954362368553306,False,0.35491323471069336,valid,False,0.0018887704796973638,0.08349422132039115,0.8254478417500088,0.08399318342198675,0.001188749812634277,0.001712216603179308,0.0014578497371471493,0.0006948398285721832,0.00011954362368553306,2.7834226973683407e-06
P03,24,A,gamma,1799551287-γ-2,P03-T24-Aγ,8,52,E3,2,2,L5,L,False,52,True,L4,False,0.05770115361415555,False,0.6830992698669434,valid,False,0.0001540987592028205,0.006322316047615457,0.1323026723253934,0.8035192650919735,0.05770115361415555,3.3091650577644215e-07,1.1042203434742433e-07,4.5810426558304696e-08,6.7161274716085505e-09,2.9656517189194557e-10
P03,24,A,gamma,1799551287-γ-2,P03-T24-Aγ,9,60,C4,7,7,R1,R,False,60,True,R2,False,0.014091872122576359,False,0.5557742118835449,valid,False,0.006256659968543692,0.05122301003194685,0.005723117573260574,0.00033465486884663834,1.1382993892790841e-05,0.014091872122576359,0.8466861690456962,0.0745349672728363,0.0011176948275516093,2.04712948492413e-05
P03,24,A,gamma,1799551287-γ-2,P03-T24-Aγ,10,57,A3,5,5,L1,L,False,57,True,L2,False,0.008292564289217869,False,0.35743021965026855,valid,False,0.008292564289217869,0.8164561175925388,0.15837619221925808,0.015564196283752078,0.00042216182132132914,0.0004978335402790833,0.0002690145039116579,0.00010915058531014758,1.2587804462268137e-05,1.8135994889326763e-07
P03,24,A,gamma,1799551287-γ-2,P03-T24-Aγ,11,50,D3,1,1,L3,L,False,50,True,L4,False,0.10186199512309392,False,0.5444197654724121,valid,False,7.014783811200047e-05,0.0025338673283895777,0.10186199512309392,0.815351173511012,0.0801827709622599,3.485371184148139e-08,7.078184988878708e-09,2.942117223277384e-09,3.531471215815905e-10,9.971391687558103e-12
P03,24,A,gamma,1799551287-γ-2,P03-T24-Aγ,12,55,G3,4,4,L3,L,False,55,True,L2,False,0.10217397099078102,False,0.44579029083251953,valid,False,0.003759774882767681,0.885964567572914,0.10217397099078102,0.007588826425852857,0.0004948143102731299,1.2626856958546518e-05,3.6342680057296786e-06,1.5752787446284692e-06,2.0483146443822513e-07,4.5822379599118355e-09
P03,24,A,gamma,1799551287-γ-2,P03-T24-Aγ,13,69,A4,12,12,R5,R,False,69,True,R2,False,0.00041884199376478795,False,0.8411593437194824,valid,False,9.57432199542512e-07,6.758996649751695e-06,4.683245525667874e-06,1.6818123806703886e-06,2.718095859884874e-07,0.06469852907032085,0.8369283526380236,0.09273430479527814,0.005205618206271208,0.00041884199376478795
P03,24,A,gamma,1799551287-γ-2,P03-T24-Aγ,14,50,D3,1,1,L5,L,False,50,True,L4,False,0.07493745985609628,False,0.5904078483581543,valid,False,7.601398345744422e-05,0.003211745554089156,0.09875155004313466,0.8230232291177159,0.07493745985609628,1.0655599976585277e-09,2.3222524659023872e-10,1.193571663534883e-10,2.3941945639130634e-11,4.422064724797389e-12
P03,24,A,gamma,1799551287-γ-2,P03-T24-Aγ,15,65,F4,10,10,R3,R,False,65,True,R2,False,0.29203280703446755,False,0.41735029220581055,valid,False,0.0001164923367012238,0.00011495473481826209,4.877444564025225e-06,2.3331202173422496e-07,1.6692023921819675e-08,0.015750406096042183,0.6764551503513254,0.29203280703446755,0.015132823839437702,0.00039223815859797714
P03,24,A,gamma,1799551287-γ-2,P03-T24-Aγ,16,57,A3,5,5,L2,L,False,57,True,L2,True,0.9206138354613027,False,0.39194416999816895,valid,False,0.009203546777756678,0.9206138354613027,0.06568034414820946,0.004144375342169796,0.0002508315347675811,5.758038932231903e-05,4.0466936739354753e-05,7.71741190330114e-06,1.2691406795143323e-06,3.285714913239864e-08
P03,24,A,gamma,1799551287-γ-2,P03-T24-Aγ,17,67,G4,11,11,R3,R,False,67,True,R2,False,0.2669588695421266,False,0.406282901763916,valid,False,2.1003887662438293e-05,2.9175661050294217e-05,2.112915228539347e-06,1.212274170981851e-07,4.131755418317852e-09,0.023148810112124222,0.6972155381321942,0.2669588695421266,0.012269231200025306,0.00035513319041595177
P03,24,A,gamma,1799551287-γ-2,P03-T24-Aγ,18,62,D4,8,8,R5,R,False,62,True,R2,False,3.57725278035501e-05,False,0.5432629585266113,valid,False,0.0021504710515234064,0.013914369171492432,0.0007741990434784325,5.990256726495911e-05,2.5346973440694382e-06,0.014973393631415213,0.8501756889480839,0.11579868950968127,0.0021149788519126277,3.57725278035501e-05
P03,24,A,gamma,1799551287-γ-2,P03-T24-Aγ,19,64,E4,9,9,R3,R,False,64,True,R2,False,0.153417596553486,False,0.40387892723083496,valid,False,0.0006403456149261112,0.001875186025049208,0.00011803791341711775,1.0586945993364918e-05,3.269845835281927e-07,0.018414963956628567,0.8203178459468827,0.153417596553486,0.005120046866443876,8.506319258942033e-05
P03,24,A,gamma,1799551287-γ-2,P03-T24-Aγ,20,59,B3,6,6,L4,L,False,59,True,L2,False,0.002166548568173059,False,0.46308302879333496,valid,False,0.009521932215736259,0.9619636527263916,0.025864648920089998,0.002166548568173059,8.150999406930777e-05,0.0002782458678720608,8.480955667371996e-05,3.521080765138104e-05,3.32441383941493e-06,1.1692950333995998e-07
P03,24,A,gamma,1799551287-γ-2,P03-T24-Aγ,21,65,F4,10,10,R1,R,False,65,True,R2,False,0.02122348645312298,False,0.4371051788330078,valid,False,0.0001521352115442684,0.0006359987090411114,2.142850958342979e-05,2.174656915976624e-06,6.178604684509667e-08,0.02122348645312298,0.8084415807160784,0.16322154014867138,0.00614174202917703,0.00015985177981848306
P03,24,A,gamma,1799551287-γ-2,P03-T24-Aγ,22,60,C4,7,7,R3,R,False,60,True,R2,False,0.21781516886131677,False,0.5174431800842285,valid,False,0.0043001452685053655,0.13141359307695374,0.012303935623488135,0.0015160735103527574,4.819061295013067e-05,0.011770226011139634,0.6159041836868429,0.21781516886131677,0.004872693449408704,5.578989904207075e-05
P03,24,A,gamma,1799551287-γ-2,P03-T24-Aγ,23,65,F4,10,10,R1,R,False,65,True,R2,False,0.030876867397423197,False,0.41452789306640625,valid,False,7.559651809739008e-05,0.00013137537546613999,1.1141171259093572e-05,1.1718078915146092e-06,4.3208690814615706e-08,0.030876867397423197,0.8540649763615623,0.11105296788270724,0.0037062006770450092,7.965959985730786e-05
P03,24,A,gamma,1799551287-γ-2,P03-T24-Aγ,24,53,F3,3,3,L5,L,False,53,True,L3,False,0.006876026136592371,False,0.5000970363616943,valid,False,0.0004030616365237796,0.058773597113827035,0.7086572280120043,0.22528938556270434,0.006876026136592371,6.127616425605143e-07,6.402888347821136e-08,2.2173159130575384e-08,2.360521358404233e-09,2.141416663303753e-10
P03,24,A,gamma,1799551287-γ-2,P03-T24-Aγ,25,52,E3,2,2,L5,L,False,52,True,L4,False,0.04149241072410209,False,0.47251391410827637,valid,False,0.00013955501347669077,0.008860929050714662,0.21513908082772643,0.7343679302282039,0.04149241072410209,8.321567940328747e-08,7.717492640541042e-09,2.870599027360564e-09,3.310521802821016e-10,2.095287790936876e-11
P03,24,A,gamma,1799551287-γ-2,P03-T24-Aγ,26,57,A3,5,5,R3,R,False,57,True,L3,False,8.035367366376559e-07,False,0.48039698600769043,valid,False,0.0017124396551224496,0.11882574608077721,0.857063787460341,0.022186266817216034,0.00018936322908209334,1.925360137881957e-05,2.2417494797545447e-06,8.035367366376559e-07,9.266797141126759e-08,5.201894597491777e-09
P03,24,A,gamma,1799551287-γ-2,P03-T24-Aγ,27,62,D4,8,8,R5,R,False,62,True,R2,False,8.093010654740218e-05,False,0.5477550029754639,valid,False,0.0012098337325131133,0.015916154778947724,0.005130830292682812,0.00027349313848224496,3.7362804406850043e-06,0.014937674982553734,0.6677317652960985,0.28826682990620206,0.0064487514855317415,8.093010654740218e-05
P03,24,A,gamma,1799551287-γ-2,P03-T24-Aγ,28,59,B3,6,6,L3,L,False,59,True,L2,False,0.05650625522992133,False,0.4025750160217285,valid,False,0.008974178014556834,0.9292254076135115,0.05650625522992133,0.004032358111084364,8.01024704001714e-05,0.0007473559728074918,0.0003082497015984724,0.0001101790338353582,1.4326437735442086e-05,1.5874145491683065e-06
P03,24,A,gamma,1799551287-γ-2,P03-T24-Aγ,29,69,A4,12,,R4,R,True,,False,,,,False,,valid,False,,,,,,,,,,
P03,25,C,alpha,1799551287-α-5,P03-T25-Cα,0,60,C4,7,7,R5,R,False,60,True,R5,True,0.859883637608853,False,1.2735049724578857,valid,False,5.627473372124956e-05,5.9544241175565336e-05,2.323461789481066e-05,3.53250065790087e-06,6.920355358245187e-07,0.002179147295048976,0.005763495326585242,0.018643723805485374,0.11338671783504213,0.859883637608853
P03,25,C,alpha,1799551287-α-5,P03-T25-Cα,1,62,D4,8,8,R4,R,False,62,True,R4,True,0.6320568992874515,False,0.5312750339508057,valid,False,2.9359527578187552e-05,8.487098613571998e-05,3.3474222197318614e-05,5.093320428142534e-06,1.0393002864470188e-06,0.0008405136282106274,0.03782877672479547,0.3170397120827145,0.6320568992874515,0.012080260920202191
P03,25,C,alpha,1799551287-α-5,P03-T25-Cα,2,59,B3,6,6,L1,L,False,59,True,L1,True,0.9014086924325813,False,0.7948448657989502,valid,False,0.9014086924325813,0.0921998730319565,0.004410370737862757,0.0003693386716460608,2.433009429485814e-05,0.0006212378578117321,0.0006171118034010606,0.0003023889287776008,4.6141558621884885e-05,5.148830465161928e-07
P03,25,C,alpha,1799551287-α-5,P03-T25-Cα,3,57,A3,5,5,L2,L,False,57,True,L2,True,0.6883740976174935,False,0.5009961128234863,valid,False,0.006453532236219186,0.6883740976174935,0.2971783419974685,0.007425565174705222,0.00041943780018184254,8.706319325128425e-05,3.788774181692068e-05,2.0948933029169547e-05,3.0712594312787014e-06,5.4046403123150185e-08
P03,25,C,alpha,1799551287-α-5,P03-T25-Cα,4,59,B3,6,6,L3,L,False,59,True,L3,True,0.8794354697733395,False,0.43179798126220703,valid,False,0.0010138086795995762,0.09154589368482767,0.8794354697733395,0.0271566335010319,0.00032525688617173956,0.000294107179952378,0.0001367548953931105,7.880965139348402e-05,1.302714775647373e-05,2.386005340577565e-07
P03,25,C,alpha,1799551287-α-5,P03-T25-Cα,5,57,A3,5,5,L4,L,False,57,True,L4,True,0.5032564836415627,False,0.475541353225708,valid,False,0.0004814489619790452,0.020224496958150068,0.4710600177634661,0.5032564836415627,0.004881920929008433,4.744798855331676e-05,2.8038498244785505e-05,1.7138214890374623e-05,2.9485418469846743e-06,5.850229814376348e-08
P03,25,C,alpha,1799551287-α-5,P03-T25-Cα,6,59,B3,6,6,L3,L,False,59,True,L3,True,0.8627962319408674,False,0.5088660717010498,valid,False,0.0008634136903215179,0.10046704249523745,0.8627962319408674,0.03513432958904285,0.0001969964617687434,0.0002420233344232722,0.00017483054247126022,0.00010647751395054777,1.8318909387838958e-05,3.355225291831009e-07
P03,25,C,alpha,1799551287-α-5,P03-T25-Cα,7,57,A3,5,5,L2,L,False,57,True,L2,True,0.6184997528301598,False,0.5325679779052734,valid,False,0.0032332785849417864,0.6184997528301598,0.3677108119720164,0.010047228167191957,0.0003701879962486109,6.998494790853212e-05,4.264222720513561e-05,2.208838867621204e-05,3.955282673821134e-06,6.960297774856062e-08
P03,25,C,alpha,1799551287-α-5,P03-T25-Cα,8,60,C4,7,7,R3,R,False,60,True,R3,True,0.7280656618573289,False,0.6597192287445068,valid,False,0.005002207504775658,0.06381179457743807,0.009303505261528771,0.000810901440175871,1.2009465501426325e-05,0.0014775587594081936,0.12034844445733002,0.7280656618573289,0.0706801377887185,0.0004877788877947948
P03,25,C,alpha,1799551287-α-5,P03-T25-Cα,9,62,D4,8,8,R2,R,False,62,True,R2,True,0.6500502121751085,False,0.44620609283447266,valid,False,0.004351684564198489,0.007054018424333358,0.0011241751979713136,9.045069434634963e-05,1.8692897243358528e-06,0.013424073290963326,0.6500502121751085,0.3164134072634923,0.0073672876258597,0.00012282147400234102
P03,25,C,alpha,1799551287-α-5,P03-T25-Cα,10,64,E4,9,9,R1,R,False,64,True,R1,True,0.6925092624301628,False,0.42461609840393066,valid,False,0.001333879206121627,0.001107174331702522,0.00015572270481173844,1.3040721598876347e-05,2.8333237109961495e-07,0.6925092624301628,0.2759781272058126,0.027121360108891795,0.0017165588416103803,6.459111691674433e-05
P03,25,C,alpha,1799551287-α-5,P03-T25-Cα,11,59,B3,6,6,L1,L,False,59,True,L2,True,0.4380715941827497,False,1.185102939605713,valid,False,0.4380715941827497,0.5350618534064331,0.025594624630257693,0.0011301861504371083,3.2141165826679864e-05,9.281235331859213e-05,1.0069623468973824e-05,5.9902768696603375e-06,7.190226878998421e-07,9.187950634795358e-09
P03,25,C,alpha,1799551287-α-5,P03-T25-Cα,12,62,D4,8,8,R2,R,False,62,True,R2,True,0.8932983900426625,False,0.47376394271850586,valid,False,0.0016473722045052324,0.00552032669168743,0.002687861643984713,0.0003808542000381508,1.4274126829017931e-05,0.01761718736791609,0.8932983900426625,0.07739134715782346,0.0014174719676553588,2.4914596897997872e-05
P03,25,C,alpha,1799551287-α-5,P03-T25-Cα,13,60,C4,7,7,R3,R,False,60,True,R3,True,0.7411127110410353,False,0.4658799171447754,valid,False,0.0069959214866058056,0.02715255886514884,0.009278176273154424,0.0013552430755982634,5.1817923334183616e-05,0.0025095462090654152,0.18138253469644264,0.7411127110410353,0.02998233132813532,0.00017915910147980774
P03,25,C,alpha,1799551287-α-5,P03-T25-Cα,14,57,A3,5,5,L3,L,False,57,True,L3,True,0.8365979860702809,False,0.6818029880523682,valid,False,0.0028495673729270815,0.09766846734840677,0.8365979860702809,0.061853949249461575,0.0008726870463312183,8.048896947727247e-05,3.7859568602402444e-05,3.2992070433100994e-05,5.9304551432659716e-06,7.184893637877598e-08
P03,25,C,alpha,1799551287-α-5,P03-T25-Cα,15,55,G3,4,4,L4,L,False,55,True,L4,True,0.6618347434916442,False,0.7086091041564941,valid,False,0.0008569100151711492,0.016111031558106573,0.3080235618779993,0.6618347434916442,0.013145604567260596,1.7644629729755564e-05,6.2132011594772155e-06,3.467382955569889e-06,8.044394002448506e-07,1.8836573113443495e-08
P03,25,C,alpha,1799551287-α-5,P03-T25-Cα,16,60,C4,7,7,R3,R,False,60,True,R3,True,0.7109369003458964,False,0.6112082004547119,valid,False,0.0010725423072909062,0.027154982868566043,0.01392421766853722,0.0012879083320335412,1.5973559737317088e-05,0.0026289477684979324,0.1899163435525667,0.7109369003458964,0.05280382747329703,0.00025835612357687676
P03,25,C,alpha,1799551287-α-5,P03-T25-Cα,17,55,G3,4,4,L4,L,False,55,True,L4,True,0.7006835916933108,False,1.1527438163757324,valid,False,0.0002158343046162526,0.009240851122541525,0.2766194523828885,0.7006835916933108,0.013212677317065396,1.6606270469725406e-05,6.548914503244767e-06,3.5935283594207908e-06,8.283483004274262e-07,1.6117944663933697e-08
P03,25,C,alpha,1799551287-α-5,P03-T25-Cα,18,57,A3,5,5,L3,L,False,57,True,L3,True,0.8519195332521264,False,0.992987871170044,valid,False,0.0005128991144988855,0.06644425157695756,0.8519195332521264,0.07997007337260625,0.0010121803675730999,7.271768381652885e-05,3.848122616696181e-05,2.4341946643078456e-05,5.412395256956146e-06,1.0906435433908553e-07
P03,25,C,alpha,1799551287-α-5,P03-T25-Cα,19,62,D4,8,8,R1,R,False,62,True,R1,True,0.872870220709849,False,0.5681989192962646,valid,False,0.0004964714537408795,0.017876045467444163,0.006760318154116715,0.000344952870845053,3.3526897220204612e-06,0.872870220709849,0.09292445821395882,0.008429916659697884,0.00028133388442714793,1.2929896198459832e-05
P03,25,C,alpha,1799551287-α-5,P03-T25-Cα,20,64,E4,9,9,R2,R,False,64,True,R2,True,0.8069917131300235,False,0.6547908782958984,valid,False,0.0001831162460246267,0.001837816902431826,0.0005500933267447412,2.738152604560443e-05,2.1511275124024178e-07,0.035634468989978914,0.8069917131300235,0.1504022542068974,0.004277263344008173,9.567721509415047e-05
P03,25,C,alpha,1799551287-α-5,P03-T25-Cα,21,62,D4,8,8,R3,R,False,62,True,R3,True,0.7555076372750548,False,0.4628031253814697,valid,False,0.00048421474321072935,0.009004752939959986,0.0029838764738042496,0.00017481665655919593,1.547831332822786e-06,0.0030264487140118737,0.16523850095523662,0.7555076372750548,0.06326864650495187,0.00030955790587796294
P03,25,C,alpha,1799551287-α-5,P03-T25-Cα,22,59,B3,6,6,L3,L,False,59,True,L3,True,0.8733222103650184,False,0.7085158824920654,valid,False,0.0007462816706135516,0.09050949495604206,0.8733222103650184,0.0338112856641512,0.00024902672655152284,0.00038309844319151616,0.00048749601328203294,0.00041957377773868673,7.041483041874022e-05,1.1175529920560866e-06
P03,25,C,alpha,1799551287-α-5,P03-T25-Cα,23,57,A3,5,5,L4,L,False,57,True,L4,True,0.6323646024733195,False,0.7697563171386719,valid,False,0.0003283664462759139,0.01539392455629545,0.33860939818789226,0.6323646024733195,0.013186790286167684,6.0024738399186664e-05,3.166721283482566e-05,2.0363988283387396e-05,4.715397711548775e-06,1.4671282011007178e-07
P03,25,C,alpha,1799551287-α-5,P03-T25-Cα,24,55,G3,4,4,L5,L,False,55,True,L5,True,0.957023254614428,False,0.7697701454162598,valid,False,2.9046171388983212e-05,0.00026302349760863527,0.003002539438396529,0.03966300800936587,0.957023254614428,9.549275957292432e-06,5.73800872093853e-06,3.1556045453606613e-06,6.399875653570909e-07,4.5392022877845505e-08
P03,25,C,alpha,1799551287-α-5,P03-T25-Cα,25,57,A3,5,5,L4,L,False,57,True,L4,True,0.6292139616873498,False,1.1378133296966553,valid,False,0.00029173491149968767,0.01581625968760668,0.34594902046985776,0.6292139616873498,0.008635511599962054,3.9062419734261155e-05,3.0559797254066296e-05,1.8130756295350582e-05,5.322584980696031e-06,4.360854595560996e-07
P03,25,C,alpha,1799551287-α-5,P03-T25-Cα,26,55,G3,4,4,L5,L,False,55,True,L5,True,0.9486378734531433,False,1.3869538307189941,valid,False,3.552875597127345e-05,0.0004326063249461138,0.00470966873867862,0.046174241803344084,0.9486378734531433,4.102704066247166e-06,2.8036185291147996e-06,2.430439813562277e-06,6.827020333879903e-07,6.145947417993091e-08
P03,25,C,alpha,1799551287-α-5,P03-T25-Cα,27,53,F3,3,3,L4,L,False,53,True,L4,True,0.8195339267174419,False,0.4809379577636719,valid,False,8.606577829102871e-05,0.004960844339254364,0.1027204233957719,0.8195339267174419,0.07269670232611694,8.638701207983437e-07,5.67055196295688e-07,4.5429090721623664e-07,1.3758561179386897e-07,1.464128778595137e-08
P03,25,C,alpha,1799551287-α-5,P03-T25-Cα,28,64,E4,9,9,R2,R,False,64,True,R2,True,0.7684990109924617,False,0.5498182773590088,valid,False,0.00028535217078796927,0.0026390774201039986,0.0002790384334152748,3.2089368424062285e-05,2.7833139754806956e-07,0.023675464909907455,0.7684990109924617,0.1972435532493645,0.007130912995194573,0.0002152221289432039
P03,25,C,alpha,1799551287-α-5,P03-T25-Cα,29,65,F4,10,10,R1,R,False,65,True,R1,True,0.9099765013710392,False,0.9847140312194824,valid,False,0.00026170058892734945,0.0005212510915948941,7.52769557544127e-05,9.404366056062076e-06,1.0909979221031025e-07,0.9099765013710392,0.07931432666989457,0.009146934323258025,0.0006025520522990584,9.194348138434082e-05
P03,26,B,gamma,1799551287-γ-7,P03-T26-Bγ,0,69,A4,12,12,R3,R,False,69,True,R2,True,0.4604975825612809,False,1.2503840923309326,valid,False,3.4738807324965914e-07,1.1081012644560039e-07,1.6908528913267825e-08,2.9090255543312807e-09,1.9163134401170343e-10,0.010191824605706008,0.4604975825612809,0.4604975825612809,0.0675121516476795,0.001300380416666998
P03,26,B,gamma,1799551287-γ-7,P03-T26-Bγ,1,72,C5,14,14,R4,R,False,72,True,R2,False,0.16037947361359559,False,0.9498250484466553,valid,False,1.2501393876322579e-08,3.792605595961187e-09,5.342204354234111e-10,9.9564786631366e-11,6.558805868858451e-12,0.012803581472617087,0.5115998196860062,0.30415660514117704,0.16037947361359559,0.011060503152260653
P03,26,B,gamma,1799551287-γ-7,P03-T26-Bγ,2,57,A3,5,5,L4,L,False,57,True,L4,True,0.7164683017307109,False,1.3485620021820068,valid,False,0.00020146547420214672,0.008528814947830607,0.26665006885882936,0.7164683017307109,0.008102807534447844,3.6486025946689034e-05,8.650206005362224e-06,2.950838256815392e-06,4.502687216789199e-07,4.115048577178726e-09
P03,26,B,gamma,1799551287-γ-7,P03-T26-Bγ,3,71,B4,13,13,R2,R,False,71,True,R2,True,0.5425610244171306,False,1.2738449573516846,valid,False,5.644716171042031e-07,1.5942368371519431e-06,2.4531762153633e-07,4.582072476496003e-08,3.3885329402921604e-10,0.049154460895777,0.5425610244171306,0.3636895308644346,0.043654246662225796,0.000938286974778103
P03,26,B,gamma,1799551287-γ-7,P03-T26-Bγ,4,48,C3,0,0,L1,L,False,48,True,L1,True,0.8304556789682515,False,0.9355728626251221,valid,False,0.8304556789682515,0.15477532681382083,0.012453161929970384,0.0019002292959017812,0.00041560273494855714,2.0000632042355735e-10,4.4936051346632786e-11,1.0646597929582469e-11,1.4996629725422523e-12,1.8411872053947185e-14
P03,26,B,gamma,1799551287-γ-7,P03-T26-Bγ,5,64,E4,9,9,R5,R,False,64,True,R4,False,0.2606869016652392,False,0.9988138675689697,valid,False,3.709962079524432e-05,5.3024346903198014e-05,8.26323239921489e-06,2.29748682929508e-06,1.2391193622788726e-07,0.0006847103459279772,0.0184733040859259,0.24469990737860742,0.4753543679254364,0.2606869016652392
P03,26,B,gamma,1799551287-γ-7,P03-T26-Bγ,6,72,C5,14,14,R2,R,False,72,True,R2,True,0.6551766305856125,False,0.9376189708709717,valid,False,1.1372539951766254e-08,2.6901502010948677e-08,4.307748691398716e-09,9.806059542483977e-10,3.9971659929473664e-11,0.20482368092522762,0.6551766305856125,0.1270911905090012,0.011077376378081418,0.0018310779997089237
P03,26,B,gamma,1799551287-γ-7,P03-T26-Bγ,7,50,D3,1,1,L5,L,False,50,True,L5,True,0.9017068008886157,False,0.5681328773498535,valid,False,0.00028270586116896596,0.0015617082724373686,0.014647789149439533,0.08180099544375903,0.9017068008886157,3.240245714831499e-10,4.879145766656606e-11,1.0252845222210639e-11,1.4441995879484698e-12,6.637433951496774e-14
P03,26,B,gamma,1799551287-γ-7,P03-T26-Bγ,8,60,C4,7,7,L3,L,False,60,True,L3,True,0.7953438443029653,False,1.0431785583496094,valid,False,0.00041596887852562097,0.058660671373724244,0.7953438443029653,0.14346044002432104,0.000629534973531923,0.001088338994876302,0.00031310224817767036,8.036106628318598e-05,7.5877098147512585e-06,1.5042778013567252e-07
P03,26,B,gamma,1799551287-γ-7,P03-T26-Bγ,9,71,B4,13,13,R5,R,False,71,True,R3,False,0.0814784154680432,False,1.1416661739349365,valid,False,4.97878302046748e-07,1.970153268068711e-06,2.156129414319735e-07,2.2101555916370554e-08,1.0489317216419102e-10,0.0031225832401696866,0.2385495792768317,0.3587044281218158,0.3181422880421791,0.0814784154680432
P03,26,B,gamma,1799551287-γ-7,P03-T26-Bγ,10,52,E3,2,2,L5,L,False,52,True,L5,True,0.8987296690215392,False,0.8534259796142578,valid,False,5.432394651108476e-05,0.0008847595286851464,0.009662402824171731,0.09066875861368828,0.8987296690215392,5.693553191762872e-08,1.9820910908577045e-08,6.6624870471600525e-09,2.0067025355446206e-09,6.397723222246238e-10
P03,26,B,gamma,1799551287-γ-7,P03-T26-Bγ,11,62,D4,8,8,L3,L,False,62,True,L3,True,0.8369024053275325,False,0.8054180145263672,valid,False,0.0004915003944394947,0.04944121214429602,0.8369024053275325,0.08407726139878888,0.000380342163759336,0.004953716284207932,0.011196628154875632,0.011101555313468672,0.0013905612785087213,6.481754012282521e-05
P03,26,B,gamma,1799551287-γ-7,P03-T26-Bγ,12,57,A3,5,5,L4,L,False,57,True,L4,True,0.6183340542348692,False,0.7849490642547607,valid,False,0.00036814431721914867,0.01353030287751314,0.36006964501118893,0.6183340542348692,0.0076135970775760495,3.715224255126344e-05,2.614931050441967e-05,1.807959819941458e-05,2.758767801290636e-06,1.1656257710197076e-07
P03,26,B,gamma,1799551287-γ-7,P03-T26-Bγ,13,67,G4,11,11,R2,R,False,67,True,R2,True,0.7301031143169382,False,1.2910349369049072,valid,False,3.178609363715349e-05,0.00045783035146198885,6.795095081919201e-05,8.127539729967808e-06,4.966090050836806e-08,0.01916691808746826,0.7301031143169382,0.22887723695771317,0.020763274491339617,0.0005237115499919742
P03,26,B,gamma,1799551287-γ-7,P03-T26-Bγ,14,62,D4,8,8,R2,R,False,62,True,R2,True,0.7212367337732266,False,1.0217862129211426,valid,False,0.0010514789544182404,0.09714411068512545,0.028102785495992103,0.004251154881183699,2.3730454948265863e-05,0.008474508548872313,0.7212367337732266,0.12914908364903885,0.010391284482464134,0.00017512907473030647
P03,26,B,gamma,1799551287-γ-7,P03-T26-Bγ,15,55,G3,4,4,L1,L,False,55,True,L1,True,0.9326379048575816,False,1.7297961711883545,valid,False,0.9326379048575816,0.06394459644087314,0.002823612314568929,0.0002774865065093192,1.1772570678500012e-05,5.8305105506782854e-05,0.00021498555002845895,2.8382487192571507e-05,2.9030801871060803e-06,5.10868735129421e-08
P03,26,B,gamma,1799551287-γ-7,P03-T26-Bγ,16,57,A3,5,5,R3,R,False,57,True,R3,True,0.6659717135797583,False,1.491875171661377,valid,False,0.0010446790033335465,0.016797787772595385,0.07767263842530983,0.039612277567310006,0.001502795949885499,0.0019940673910719825,0.14565593013382883,0.6659717135797583,0.04946410215710013,0.0002840080198065893
P03,26,B,gamma,1799551287-γ-7,P03-T26-Bγ,17,62,D4,8,8,L1,L,False,62,True,L1,True,0.8832925170206377,False,1.243541955947876,valid,False,0.8832925170206377,0.10186581643741995,0.0033995953916950393,0.00023308698290295965,8.096336707782158e-06,0.011034845588435465,0.00013857500080018695,2.5826773878795267e-05,1.5089464635831876e-06,1.31521058576456e-07
P03,26,B,gamma,1799551287-γ-7,P03-T26-Bγ,18,55,G3,4,4,L3,L,False,55,True,L3,True,0.7394779333462249,False,0.7253561019897461,valid,False,0.00192529452968327,0.09767947871427843,0.7394779333462249,0.15871556753143812,0.00218913193908454,1.1493588020768238e-05,7.215884768305475e-07,3.5123481897198853e-07,2.7152116515278935e-08,3.758575738537266e-10
P03,26,B,gamma,1799551287-γ-7,P03-T26-Bγ,19,53,F3,3,3,L5,L,False,53,True,L5,True,0.8906060471902492,False,0.9617338180541992,valid,False,0.00010386641847903478,0.0011265358821812886,0.009985739309423574,0.0981744749317837,0.8906060471902492,2.888958080421949e-06,3.1970949036543214e-07,1.176145486528418e-07,9.849421680759234e-09,1.3634221607399495e-10
P03,26,B,gamma,1799551287-γ-7,P03-T26-Bγ,20,62,D4,8,8,R5,R,False,62,True,R5,True,0.7571123890499947,False,1.0385551452636719,valid,False,6.159791679898623e-05,3.068840939118705e-05,7.824555954442847e-06,1.3461746636579591e-06,1.3696792289234007e-07,0.0017313378861801476,0.006869159248987866,0.03155723700572881,0.2026282827843773,0.7571123890499947
P03,26,B,gamma,1799551287-γ-7,P03-T26-Bγ,21,67,G4,11,11,R1,R,False,67,True,R1,True,0.958808019386718,False,0.7841053009033203,valid,False,2.1298164425291293e-06,5.860807910654036e-07,1.3716731039454267e-07,2.2673603908563198e-08,2.211517186849411e-09,0.958808019386718,0.03755065669132898,0.0034065187197107496,0.00019902812481963907,3.289912775751353e-05
P03,26,B,gamma,1799551287-γ-7,P03-T26-Bγ,22,57,A3,5,5,R3,R,False,57,True,R3,True,0.616679524814832,False,1.0698528289794922,valid,False,0.004684923000538147,0.0641780384011361,0.09800267022253333,0.014556054739335168,0.00043717645310253,0.0007388918190655491,0.10606118770265163,0.616679524814832,0.09409919390960012,0.0005623389372053741
P03,26,B,gamma,1799551287-γ-7,P03-T26-Bγ,23,48,C3,0,0,L1,L,False,48,True,L1,True,0.4773263430532414,False,1.0979158878326416,valid,False,0.4773263430532414,0.4586101094347532,0.05288926637984201,0.00874253693144322,0.002430751367530824,4.7490954471360207e-07,3.385858492415154e-07,1.519742308007278e-07,2.7213440091298563e-08,1.5012469537416256e-10
P03,26,B,gamma,1799551287-γ-7,P03-T26-Bγ,24,65,F4,10,10,R3,R,False,65,True,R2,True,0.46976733889660305,False,0.8512487411499023,valid,False,2.8664793463922544e-07,8.208440987113987e-08,2.0241766261161518e-08,3.482491919939559e-09,4.5282393499427405e-10,0.015856039791352628,0.46976733889660305,0.46976733889660305,0.04435553698895026,0.00025335251706435735
P03,26,B,gamma,1799551287-γ-7,P03-T26-Bγ,25,67,G4,11,11,R1,R,False,67,True,R1,True,0.9637110784397478,False,0.7987651824951172,valid,False,3.59079864155221e-07,1.0571314932854507e-07,2.4064296944922796e-08,4.4849587022182885e-09,5.603068423700107e-10,0.9637110784397478,0.03135013989802803,0.004596148772811374,0.0003027701717161627,3.936881512069225e-05
P03,26,B,gamma,1799551287-γ-7,P03-T26-Bγ,26,59,B3,6,6,R4,R,False,59,True,R4,True,0.7523991968946593,False,1.045564889907837,valid,False,0.001542947163489191,0.000743242453924196,0.0001985462973628797,3.555292065086071e-05,4.267474964061415e-06,0.002673175335513361,0.02215958537378303,0.21062903748053383,0.7523991968946593,0.00961444860511934
P03,26,B,gamma,1799551287-γ-7,P03-T26-Bγ,27,57,A3,5,5,L5,L,False,57,True,L5,True,0.7444822898073538,False,1.0267961025238037,valid,False,0.00028356930651949886,0.0016342105177877934,0.030878108827232693,0.22271498000300005,0.7444822898073538,6.478584718650358e-06,2.8951283230141557e-07,6.590403190254477e-08,7.302374883613951e-09,2.341483527891558e-10
P03,26,B,gamma,1799551287-γ-7,P03-T26-Bγ,28,60,C4,7,7,L2,L,False,60,True,L2,True,0.87496027976245,False,0.7059850692749023,valid,False,0.007800427116874865,0.87496027976245,0.10930897341605392,0.005228782664081206,6.67678937361068e-05,0.0023537457943046598,0.00021313670551182322,6.167839883864469e-05,6.0613574082095e-06,1.4689074053179084e-07
P03,26,B,gamma,1799551287-γ-7,P03-T26-Bγ,29,57,A3,5,5,R3,R,False,57,True,R3,True,0.695968067174423,False,0.7592518329620361,valid,False,0.0111784050168636,0.0017251323613988797,0.00023347127675056386,4.351297013900005e-05,2.9833864793507537e-06,0.0024726829576029543,0.12445831189521467,0.695968067174423,0.16267626511361974,0.0012411678475081132
P03,27,A,beta,1799551287-β-3,P03-T27-Aβ,0,62,D4,8,8,R3,R,False,62,True,R2,False,0.20028193388414636,False,0.5740890502929688,valid,False,1.0773110203816794e-05,3.4815629701092634e-06,1.1359636508544306e-06,2.4844875358749904e-07,5.0160938249428315e-08,0.015482742914396056,0.7803371292700031,0.20028193388414636,0.0038179973961784863,6.45072887593353e-05
P03,27,A,beta,1799551287-β-3,P03-T27-Aβ,1,64,E4,9,9,R3,R,False,64,True,R2,False,0.22139603272692002,False,0.4792499542236328,valid,False,1.572958337656423e-05,4.4448262397550525e-05,2.3206861562259227e-05,7.437558156549205e-06,1.369431746300588e-06,0.01711496284513085,0.7501372584000342,0.22139603272692002,0.011022659417749015,0.00023689491292690735
P03,27,A,beta,1799551287-β-3,P03-T27-Aβ,2,60,C4,7,7,L4,L,False,60,True,R2,False,0.0010798656529292805,False,0.3429257869720459,valid,False,0.0008476355713829417,0.0034466768974553796,0.003326132063827324,0.0010798656529292805,0.00018028511028936003,0.014727748209276036,0.8802629056013676,0.09406834039632427,0.002021867407672813,3.854308947495137e-05
P03,27,A,beta,1799551287-β-3,P03-T27-Aβ,3,57,A3,5,5,L4,L,False,57,True,R2,False,0.03794526857618604,False,0.45172810554504395,valid,False,0.0037488517552468964,0.03817142367644893,0.08462024403336971,0.03794526857618604,0.007303525687337406,0.008371535963438658,0.6549847120346484,0.16044105333537573,0.004383846810487071,2.9538127461171752e-05
P03,27,A,beta,1799551287-β-3,P03-T27-Aβ,4,60,C4,7,7,R3,R,False,60,True,R2,False,0.10128180126077119,False,0.34142112731933594,valid,False,0.0009757928570145853,0.0021903352931823858,0.001055322993805532,0.00023383189132853056,3.71112917977969e-05,0.03894724234340849,0.8528820347781464,0.10128180126077119,0.0023582191652577115,3.8308125287311904e-05
P03,27,A,beta,1799551287-β-3,P03-T27-Aβ,5,65,F4,10,10,R2,R,False,65,True,R2,True,0.7526252078925542,False,0.4058539867401123,valid,False,3.2812597382176782e-06,5.343387286387903e-06,2.8640024918490123e-06,6.073182681913539e-07,1.1908731984878583e-07,0.04763498031956198,0.7526252078925542,0.18559509125222426,0.01378481152631851,0.00034769395423668196
P03,27,A,beta,1799551287-β-3,P03-T27-Aβ,6,64,E4,9,9,R4,R,False,64,True,R2,False,0.004137727737106871,False,0.32930588722229004,valid,False,2.101392739866002e-05,3.400941225271044e-05,1.6482424882835274e-05,3.8692380927182524e-06,8.110011061954494e-07,0.02605336101040467,0.8456848575398817,0.12398328788355999,0.004137727737106871,6.457982531401498e-05
P03,27,A,beta,1799551287-β-3,P03-T27-Aβ,7,59,B3,6,6,L5,L,False,59,True,R2,False,0.00039683418344909656,False,0.3972899913787842,valid,False,0.002321453793463934,0.011583779675669979,0.008583940144702092,0.0019979064344596243,0.00039683418344909656,0.0071874733404270145,0.8325532452875938,0.1331023232988199,0.0022504229594700713,2.2620881944545362e-05
P03,27,A,beta,1799551287-β-3,P03-T27-Aβ,8,52,E3,2,2,L3,L,False,52,True,L3,True,0.6643135894184946,False,0.4481370449066162,valid,False,0.0037073065022903908,0.22543093212265394,0.6643135894184946,0.10136768086510324,0.005170205667343906,5.710311941642376e-06,3.327807206215235e-06,1.13486033465386e-06,1.1152679424660044e-07,9.178373058376249e-10
P03,27,A,beta,1799551287-β-3,P03-T27-Aβ,9,57,A3,5,5,L2,L,False,57,True,R2,False,0.1024676121787578,False,0.47115373611450195,valid,False,0.013075597311306595,0.1024676121787578,0.040700918098470124,0.006339626706296918,0.0003873153389319298,0.004145418593236339,0.5481320190513245,0.27894366900319806,0.0057604169441305385,4.7406774347083226e-05
P03,27,A,beta,1799551287-β-3,P03-T27-Aβ,10,60,C4,7,7,R5,R,False,60,True,R2,False,2.061906484411892e-05,False,0.33788204193115234,valid,False,0.001825289202331788,0.0032438755073692063,0.000838434105617264,0.0001429025494378375,8.750677461434205e-06,0.011240952961127565,0.849502975962028,0.1314282199502538,0.0017479800195290627,2.061906484411892e-05
P03,27,A,beta,1799551287-β-3,P03-T27-Aβ,11,64,E4,9,9,R4,R,False,64,True,R2,False,0.003492818487254597,False,0.2914440631866455,valid,False,5.044708153844009e-05,4.19818038212441e-05,7.627630029942244e-06,1.4748064088843342e-06,1.0681486876591736e-07,0.015343761887818275,0.8531614902799728,0.12783098986575647,0.003492818487254597,6.930134253050664e-05
P03,27,A,beta,1799551287-β-3,P03-T27-Aβ,12,60,C4,7,7,L3,L,False,60,True,R2,False,0.0008321333334376775,False,0.40463709831237793,valid,False,0.002366855172667834,0.00396415329735545,0.0008321333334376775,0.00014327282021017444,1.3880025618917226e-05,0.009211395603819467,0.8002839707091873,0.17996983364992694,0.003167014183298919,4.7491204477201396e-05
P03,27,A,beta,1799551287-β-3,P03-T27-Aβ,13,59,B3,6,6,L4,L,False,59,True,R2,False,0.001403965570119318,False,0.4041440486907959,valid,False,0.00905719915539204,0.030751898979645056,0.007872941681606734,0.001403965570119318,0.00011822086115069667,0.010844256142674343,0.753236919832006,0.18167628449156575,0.004964072372702904,7.424091313709009e-05
P03,27,A,beta,1799551287-β-3,P03-T27-Aβ,14,62,D4,8,8,R4,R,False,62,True,R2,False,0.008244896785228118,False,0.34320807456970215,valid,False,0.00026225954320746093,0.000337224363416941,6.992876900211458e-05,1.1105683597443335e-05,1.0650962480334202e-06,0.016938589773903667,0.8537124585179365,0.12025258882745968,0.008244896785228118,0.00016988264000006835
P03,27,A,beta,1799551287-β-3,P03-T27-Aβ,15,57,A3,5,5,L1,L,False,57,True,R2,False,0.012165460944609545,False,0.4847142696380615,valid,False,0.012165460944609545,0.12672216852144785,0.04204129408489325,0.0066955775056189255,0.0006852545874862103,0.007250194605981376,0.692813136819464,0.10906894503810437,0.0025395329992311338,1.8434893163338692e-05
P03,27,A,beta,1799551287-β-3,P03-T27-Aβ,16,60,C4,7,7,L2,L,False,60,True,R2,False,0.00958799834139655,False,0.37926697731018066,valid,False,0.0021800927344951147,0.00958799834139655,0.001865428413547223,0.00028210998407768637,2.122945583494184e-05,0.010812872598759456,0.8847358660006122,0.08790598753306596,0.0025608230280075644,4.7591910203236857e-05
P03,27,A,beta,1799551287-β-3,P03-T27-Aβ,17,64,E4,9,9,R2,R,False,64,True,R2,True,0.6872049954807634,False,0.306384801864624,valid,False,0.00010625147011851997,0.00013498855082030647,2.349795219708388e-05,2.7032016195131904e-06,1.5988958750053717e-07,0.014770510215217851,0.6872049954807634,0.2729537031143932,0.023557437437831553,0.0012457526874509435
P03,27,A,beta,1799551287-β-3,P03-T27-Aβ,18,60,C4,7,7,R1,R,False,60,True,R2,False,0.013206274673456883,False,0.4107391834259033,valid,False,0.002260884603733269,0.010041141748328238,0.0016478820935520232,0.00018237194989141793,1.3823360709760892e-05,0.013206274673456883,0.8402364219118965,0.13004740490013048,0.0023281704705679,3.5624287733410547e-05
P03,27,A,beta,1799551287-β-3,P03-T27-Aβ,19,57,A3,5,5,L5,L,False,57,True,L2,False,0.00023097671575640063,False,0.3845689296722412,valid,False,0.00961666106490909,0.9588419415336218,0.02511579978932848,0.0025689496574777255,0.00023097671575640063,0.0004969178013365093,0.002852487616113397,0.0002540625026587087,2.154901691888036e-05,6.543018790588133e-07
P03,27,A,beta,1799551287-β-3,P03-T27-Aβ,20,62,D4,8,8,R3,R,False,62,True,R2,False,0.11290237939298053,False,0.43618178367614746,valid,False,0.0005075132992950846,0.0007465971456830887,0.00017722101530431346,2.133892194777262e-05,2.458755780681949e-06,0.012438698954225204,0.8682880775349827,0.11290237939298053,0.004789967115500256,0.00012574786430044697
P03,27,A,beta,1799551287-β-3,P03-T27-Aβ,21,65,F4,10,10,R2,R,False,65,True,R2,True,0.6803763775491283,False,0.34491610527038574,valid,False,2.7396120627313114e-05,1.504355076091928e-05,1.7921010625728886e-06,2.3348246998141653e-07,3.6923119085118864e-08,0.012461528039614903,0.6803763775491283,0.27114294155743396,0.03386710286935842,0.0021075478064245543
P03,27,A,beta,1799551287-β-3,P03-T27-Aβ,22,62,D4,8,8,R3,R,False,62,True,R2,False,0.1810940755385549,False,0.3264298439025879,valid,False,0.0006304396283942312,0.0003159903776861176,4.975195174857709e-05,8.223431524118278e-06,1.1408817896675448e-06,0.013902842266119117,0.7939421213329291,0.1810940755385549,0.009769784563376772,0.00028563002787738534
P03,27,A,beta,1799551287-β-3,P03-T27-Aβ,23,64,E4,9,9,R4,R,False,64,True,R2,False,0.020004492893649015,False,0.3160240650177002,valid,False,8.758835287476075e-05,2.6591834266683236e-05,4.153241690977394e-06,8.727458916892098e-07,1.3341239215462935e-07,0.017049721694497453,0.7035464354438745,0.2588202695092528,0.020004492893649015,0.0004597408716100243
P03,27,A,beta,1799551287-β-3,P03-T27-Aβ,24,59,B3,6,6,L3,L,False,59,True,R2,False,0.001401381863802391,False,0.4677309989929199,valid,False,0.009315503107398294,0.011176920652007026,0.001401381863802391,0.00021381857345883186,3.283595493261952e-05,0.009093978621586308,0.8427405283988377,0.12365047004619835,0.002347319459477882,2.7243322300420263e-05
P03,27,A,beta,1799551287-β-3,P03-T27-Aβ,25,60,C4,7,7,L5,L,False,60,True,R2,False,4.707239341638964e-06,False,0.4981052875518799,valid,False,0.0018017979358550288,0.0014227446133182455,0.0001688837845606496,3.024136874599001e-05,4.707239341638964e-06,0.010537187995680184,0.7816878828393341,0.20062861934472365,0.003674641342663266,4.32935357772715e-05
P03,27,A,beta,1799551287-β-3,P03-T27-Aβ,26,60,C4,7,7,R5,R,False,60,True,R2,False,2.8280811175470334e-05,False,0.35182619094848633,valid,False,0.0036591848814274924,0.0024345083249485227,0.0002877763236331452,5.8101037702835095e-05,9.081420933292178e-06,0.01715081335339835,0.9031637245115542,0.07183905325247353,0.0013694760827530786,2.8280811175470334e-05
P03,27,A,beta,1799551287-β-3,P03-T27-Aβ,27,64,E4,9,9,R3,R,False,64,True,R2,False,0.199402308075035,False,0.3345370292663574,valid,False,4.8437175012679686e-05,1.982422006109766e-05,2.6197521434029052e-06,5.081796315689499e-07,8.440739087680456e-08,0.018089369269752072,0.7769099370844572,0.199402308075035,0.005448413321191781,7.849851532430743e-05
P03,27,A,beta,1799551287-β-3,P03-T27-Aβ,28,59,B3,6,6,L3,L,False,59,True,R2,False,0.001774814955380024,False,0.44912099838256836,valid,False,0.014364168146046729,0.017185854930568883,0.001774814955380024,0.0003880357484712541,6.44303680447717e-05,0.011118695886843534,0.7756459507238899,0.176566251227051,0.0028682330180187805,2.356499568523675e-05
P03,27,A,beta,1799551287-β-3,P03-T27-Aβ,29,55,G3,4,4,L4,L,False,55,True,L2,False,0.005689955198215306,False,0.38294482231140137,valid,False,0.009570661968946056,0.9521307562208808,0.02933268356382079,0.005689955198215306,0.0007793555801022057,0.0004829292116059985,0.0017679239839368172,0.00023193511441741742,1.355096352039031e-05,2.48194554433879e-07
