seq,probe_id,warmup,sent_wall_ns,rtt_ns,server_ack_rtt_ns,presented_rtt_ns,student_dispatch_ns,student_receive_wall_ns,server_receive_wall_ns,wall_delta_teacher_to_student_ns,lost,physical_led_onset_ns,physical_haptic_onset_ns
0,64219de6-6cb0-4853-8ef1-36d6d826855c,1,1787003360389740000,31811833,15787208,,,1787003360405219000,1787003360463771019,15479000,0,,
1,9b01e061-1f8c-4ffb-9c01-ca909020f25c,1,1787003360894589000,29212875,12328917,,,1787003360906724000,1787003360967045134,12135000,0,,
2,fa586602-8376-4b25-af35-4d513f288a4d,1,1787003361399905000,36131375,19081959,,,1787003361418637000,1787003361478562238,18732000,0,,
3,7a0dc09c-a313-40fa-afe2-afc7bd81c411,1,1787003361905487000,55738875,41816417,,,1787003361947112000,1787003362003678635,41625000,0,,
4,7e3c0541-c150-4dfa-866a-d6dbb10194ed,1,1787003362410749000,143176584,72202875,,,1787003362482588000,1787003362596607267,71839000,0,,
5,ad13ca59-23b1-4ea3-8e64-3d2820b4f295,1,1787003362915624000,135756041,64065916,,,1787003362979351000,1787003363092988643,63727000,0,,
6,513282fc-ff1c-4009-8be5-61d344422d7c,1,1787003363417801000,145603375,72275125,,,1787003363490402000,1787003363605022691,72601000,0,,
7,35da9cbc-8b38-423b-9973-0f4383afe684,1,1787003363923305000,151037833,78867458,,,1787003364001960000,1787003364116931560,78655000,0,,
8,52000fee-3c95-4675-8987-c1f2bbf0721e,1,1787003364425948000,132941625,60989208,,,1787003364486723000,1787003364601401508,60775000,0,,
9,bd17387d-23c4-49ff-b315-2c77425a3511,1,1787003364931420000,41888042,32047917,,,1787003364963168000,1787003365016097448,31748000,0,,
10,53d6a4ef-d516-4dcc-b093-cf3fd545e0fb,1,1787003365436751000,37201458,17929333,,,1787003365454333000,1787003365514407222,17582000,0,,
11,81fa5c6d-7383-48c8-b607-5c3ade5442f8,1,1787003365939394000,34868375,19972583,,,1787003365959091000,1787003366017030118,19697000,0,,
12,ddba74fa-cf7b-43d7-a0f4-6c8f911478a4,1,1787003366441091000,37052167,18742542,,,1787003366460284000,1787003366519917148,19193000,0,,
13,1953838a-6384-4b55-beb1-f493868b07be,1,1787003366943915000,35100958,17846666,,,1787003366961378000,1787003367021578178,17463000,0,,
14,e2601377-c4f6-4c2a-b18f-3740c418571d,1,1787003367449403000,33317750,15428542,,,1787003367465144000,1787003367524621881,15741000,0,,
15,79d92356-4c8c-4011-8709-5d89974d9110,1,1787003367954962000,38781209,21037625,,,1787003367976218000,1787003368036628680,21256000,0,,
16,28ff024c-4a52-4895-a888-927f9ec828b7,1,1787003368459021000,24535708,11198166,,,1787003368469963000,1787003368524969524,10942000,0,,
17,ffbbd111-9a37-45d9-8794-9344820a29b6,1,1787003368963903000,28000333,9905792,,,1787003368974161000,1787003369033584579,10258000,0,,
18,59c1e818-1ecc-4cea-9383-cd0fea33d59e,1,1787003369466039000,27493208,10185375,,,1787003369476490000,1787003369536216531,10451000,0,,
19,a03146e7-516e-40a8-a639-1f9118b9e0d5,1,1787003369971610000,34168958,16651375,,,1787003369988486000,1787003370048325199,16876000,0,,
20,ec1b8e64-556e-451e-8835-7373af3c5287,0,1787003370474360000,34393917,17588042,,,1787003370492406000,1787003370551060437,18046000,0,,
21,7b5d0bb4-12a1-47ac-9133-acc4aa7c0858,0,1787003370978054000,33089750,16583250,,,1787003370994872000,1787003371053986318,16818000,0,,
22,03dd1603-bd03-4f52-af14-993ee129eaa9,0,1787003371482704000,22502083,14135583,,,1787003371497098000,1787003371547704584,14394000,0,,
23,e98bf351-4dc7-4ad7-8084-4e4af4e8249c,0,1787003371988297000,29757250,11405375,,,1787003372000084000,1787003372060014079,11787000,0,,
24,7cdb2131-6698-4987-b7a4-bff00d93a39d,0,1787003372493734000,38006625,19987416,,,1787003372513985000,1787003372574173188,20251000,0,,
25,4a30c0f8-6b21-43bc-99b6-8150c54de325,0,1787003372999161000,54536250,18363084,,,1787003373016993000,1787003373095460389,17832000,0,,
26,39192430-515e-4fca-9b9e-494daf1fef87,0,1787003373503271000,24955209,16479500,,,1787003373519537000,1787003373570591271,16266000,0,,
27,cb1afc20-1b4f-4fad-9244-115d6e56dcdd,0,1787003374008074000,32096041,14457875,,,1787003374022969000,1787003374082623653,14895000,0,,
28,9c82c2b6-0297-4677-b8f7-26fdc1dfaf99,0,1787003374511359000,32519792,13922042,,,1787003374525629000,1787003374585435496,14270000,0,,
29,e2350937-6239-431c-8313-473e853c6e80,0,1787003375015980000,39371708,22399333,,,1787003375038653000,1787003375097705017,22673000,0,,
30,a1544e6f-2243-47f9-9800-43f938ffb5a4,0,1787003375519244000,19755250,11461458,,,1787003375530973000,1787003375581965494,11729000,0,,
31,f4c13397-776d-454e-91f3-f3dee586b22a,0,1787003376024053000,36567708,18580917,,,1787003376042931000,1787003376103230500,18878000,0,,
32,8dc796bf-8c08-476b-a542-de9d352266a1,0,1787003376529081000,34300333,17197791,,,1787003376545760000,1787003376606237505,16679000,0,,
33,2536a2d9-d6f9-415e-b5e4-85fa3057d392,0,1787003377033901000,34706250,15052917,,,1787003377049209000,1787003377109035538,15308000,0,,
34,adc8ba22-30d8-4e73-acd9-d44384ede681,0,1787003377535687000,36870542,15849542,,,1787003377551765000,1787003377611798844,16078000,0,,
35,32e283bb-39a9-42d5-8c4f-b1b45c6ce30e,0,1787003378040966000,25900250,15719208,,,1787003378056384000,1787003378108132062,15418000,0,,
36,10f67c6f-91d1-472e-a570-f07034651031,0,1787003378546471000,213900958,13324042,,,1787003378560032000,1787003378802370968,13561000,0,,
37,8925b8ba-5756-4259-a40a-c2001f81efd4,0,1787003379048276000,146452292,71282000,,,1787003379119990000,1787003379233362168,71714000,0,,
38,3355f7ad-9d6c-48ee-845c-31fe1b64140b,0,1787003379551213000,144038417,69439500,,,1787003379620884000,1787003379736260093,69671000,0,,
39,261e9c10-dc56-4ef3-8bc5-8e314ec1eee8,0,1787003380056626000,131622291,67830625,,,1787003380123971000,1787003380229916851,67345000,0,,
40,49c32e23-ebca-4c06-be7b-8137295ed1f1,0,1787003380558859000,140087583,68440458,,,1787003380626747000,1787003380741844772,67888000,0,,
41,4730ceab-5971-46b6-ba22-72c60d03fad7,0,1787003381064300000,27904000,10019709,,,1787003381074803000,1787003381135053153,10503000,0,,
42,8c99d08a-ed70-4315-b4e7-89fe6e53ff51,0,1787003381569637000,121114542,11337792,,,1787003381581194000,1787003381732827373,11557000,0,,
43,547cdde1-9ec2-4968-aec5-30515d7e0839,0,1787003382074049000,38244792,18991583,,,1787003382092812000,1787003382153617687,18763000,0,,
44,91759d33-c8ae-4206-b302-d22243c5091c,0,1787003382578638000,34561458,17148583,,,1787003382596016000,1787003382656157514,17378000,0,,
45,50bee54e-edb1-4dd7-b596-3aa6e420d80e,0,1787003383082772000,26921083,18413167,,,1787003383101486000,1787003383152291901,18714000,0,,
46,4edbebd1-4737-46d2-87f2-d4ff763e8c7e,0,1787003383588230000,70495000,15461750,,,1787003383603922000,1787003383700486093,15692000,0,,
47,aaa557d2-4f0a-4963-8cf9-5c4c16b1ef29,0,1787003384092142000,115768917,14870458,,,1787003384106730000,1787003384249398715,14588000,0,,
48,0720289a-6b0a-4e23-b6df-523493d8877e,0,1787003384594627000,34304000,15348875,,,1787003384609376000,1787003384669836408,14749000,0,,
49,a4e9c4b6-016a-47ac-864a-a3f3eeeef26e,0,1787003385099085000,30945583,15239541,,,1787003385114769000,1787003385172547196,15684000,0,,
50,8adce624-fffc-41ce-9e55-c95363a6ae6e,0,1787003385604920000,20413750,10397375,,,1787003385615139000,1787003385666421650,10219000,0,,
51,5154a571-e5b2-4f05-ac36-722b7c572b34,0,1787003386108874000,54034584,9610334,,,1787003386118708000,1787003386205821306,9834000,0,,
52,2cea79b5-d423-4dcb-8e5c-49f6d811fa8c,0,1787003386614304000,36147334,15821292,,,1787003386629855000,1787003386689818428,15551000,0,,
53,7a8f6f57-6a3e-46dd-ac84-ebde3c89c2ed,0,1787003387119632000,48945084,12620042,,,1787003387132705000,1787003387211071162,13073000,0,,
54,69d6f901-ea88-42e2-b6dc-9d58ec4b4878,0,1787003387624258000,28602375,10806625,,,1787003387635399000,1787003387695548311,11141000,0,,
55,3abb770c-0beb-4122-af4f-cf81bbeb334d,0,1787003388129767000,35190750,18584708,,,1787003388148812000,1787003388207357146,19045000,0,,
56,f35136fe-0eca-4032-aaa4-cdd378382814,0,1787003388635216000,31033209,13759250,,,1787003388648633000,1787003388708107711,13417000,0,,
57,4a8433d3-0fd4-48bd-a5ab-c44d611cf5b5,0,1787003389140561000,37723459,22602792,,,1787003389162527000,1787003389220121607,21966000,0,,
58,76bc0755-ba48-43a0-bddf-56410036973a,0,1787003389646001000,34842917,18005167,,,1787003389663831000,1787003389723017300,17830000,0,,
59,3d833ef8-8cb4-430a-9ad3-48815fccfd50,0,1787003390149284000,34012084,17414584,,,1787003390166267000,1787003390225961609,16983000,0,,
60,e9362a79-9340-4534-be92-acd2a4949ea3,0,1787003390651512000,34641875,17093458,,,1787003390668865000,1787003390728575290,17353000,0,,
61,4354b274-e72a-4310-9ced-3ee3450b823f,0,1787003391157032000,32143333,17538667,,,1787003391174841000,1787003391231624759,17809000,0,,
62,e2479122-b543-408e-8ac3-1c21fc1be648,0,1787003391659439000,32150834,15592209,,,1787003391675469000,1787003391734139154,16030000,0,,
63,45c7a494-3ed1-4bf0-b66f-6bbd54e6ab5f,0,1787003392164851000,30025792,12558750,,,1787003392177668000,1787003392237123284,12817000,0,,
64,c27dea90-e962-4f0e-9a67-4d226877f32e,0,1787003392670262000,33344375,15605125,,,1787003392685605000,1787003392746441971,15343000,0,,
65,51f0f926-248f-41ca-a331-d0e402a94226,0,1787003393175594000,33086875,15481916,,,1787003393191529000,1787003393249916958,15935000,0,,
66,6d1354ed-69b4-405d-a798-d41134772fb1,0,1787003393680687000,19902375,11730208,,,1787003393692222000,1787003393743464015,11535000,0,,
67,2bc3e2cc-766c-49c2-8206-e56c0aa38789,0,1787003394185887000,35652208,19027416,,,1787003394204648000,1787003394264346152,18761000,0,,
68,33db5a70-c2eb-4ee3-9c1b-b2c51d16ed66,0,1787003394690996000,33726834,17303334,,,1787003394707861000,1787003394767337837,16865000,0,,
69,329c886d-6cfb-4728-84d4-511400898755,0,1787003395196601000,21938125,13049083,,,1787003395209296000,1787003395260454401,12695000,0,,
70,6c53bfd4-5298-4e86-a05b-31dfa8fc5518,0,1787003395699208000,39739792,22893250,,,1787003395722408000,1787003395781866847,23200000,0,,
71,2e081d0b-aae3-441f-bf64-4dfa183ecacc,0,1787003396202403000,20783958,12294833,,,1787003396214874000,1787003396266150622,12471000,0,,
72,f5bd655b-22a1-402c-854a-4e5a5a1e5eeb,0,1787003396707500000,28018208,11709666,,,1787003396718601000,1787003396778297794,11101000,0,,
73,ddbac99b-be8c-402c-a35e-fbab613cc5bd,0,1787003397212924000,25455417,16929375,,,1787003397230169000,1787003397280915889,17245000,0,,
74,e4c49506-dcb6-4191-8811-fb56653511b3,0,1787003397716808000,34473750,16496667,,,1787003397733784000,1787003397793114165,16976000,0,,
75,a19107f3-b611-48a9-8f95-81c67c661f94,0,1787003398222257000,44844042,18102958,,,1787003398240156000,1787003398309285566,17899000,0,,
76,9b62ca63-d101-4de5-98ac-39b93b4950c3,0,1787003398727774000,32885459,14893250,,,1787003398742315000,1787003398803006367,14541000,0,,
77,737c3b9e-9538-436e-862a-0f7e7931da21,0,1787003399232555000,32222583,13228708,,,1787003399246042000,1787003399305644493,13487000,0,,
78,677da774-f2b5-438f-9587-7764cd3a79dd,0,1787003399738016000,38088041,22880833,,,1787003399761120000,1787003399818063472,23104000,0,,
79,0b2c5b57-216b-41cb-8bda-49322e82c82f,0,1787003400240993000,20174833,10219542,,,1787003400250772000,1787003400302958998,9779000,0,,
80,c3738200-fada-4b00-97a3-c00267793563,0,1787003400741681000,33953167,16843250,,,1787003400758758000,1787003400818091641,17077000,0,,
81,757b1057-9a9b-44bd-b280-b69bcb08ba27,0,1787003401247197000,30910583,14036292,,,1787003401261082000,1787003401321162073,13885000,0,,
82,02400e87-b599-43d1-bcaf-53efaa5b0d22,0,1787003401751154000,33239000,12801833,,,1787003401763677000,1787003401824940037,12523000,0,,
83,3457165d-7859-46c5-8404-4d853ffddae5,0,1787003402256596000,28793959,10359542,,,1787003402266533000,1787003402326924351,9937000,0,,
84,fd4e4c6e-db80-484a-b642-51152e7f317d,0,1787003402761856000,35847541,19025416,,,1787003402780639000,1787003402839268630,18783000,0,,
85,94a11b53-44df-4448-88ea-acf60a0fd9f5,0,1787003403267346000,31755708,15587916,,,1787003403282552000,1787003403342001173,15206000,0,,
86,130d27f0-0ada-47c2-a346-70b49ea9c010,0,1787003403772767000,19883959,11377084,,,1787003403783883000,1787003403835759710,11116000,0,,
87,2275eb55-aecc-4771-8760-211fb341a804,0,1787003404278150000,34452250,14626833,,,1787003404293078000,1787003404353127958,14928000,0,,
88,23356542-d055-497b-bcd5-be653bc6a709,0,1787003404781936000,34714083,13901083,,,1787003404795588000,1787003404855823916,13652000,0,,
89,3e246cda-d990-48c8-9543-605f949f0c68,0,1787003405286167000,35453125,17063750,,,1787003405303044000,1787003405363756067,16877000,0,,
90,78e080ca-9d23-44cb-b4c2-8a53de68709b,0,1787003405790841000,42918583,24473125,,,1787003405815055000,1787003405875291519,24214000,0,,
91,3e37063d-a0d4-41ab-87f7-dcf57c290075,0,1787003406294228000,32122625,15138292,,,1787003406309142000,1787003406369124266,14914000,0,,
92,b79118b6-5dbc-4ec2-91c7-0d90682bf1e0,0,1787003406797103000,61307167,31478500,,,1787003406828734000,1787003406894949504,31631000,0,,
93,9f2e6547-31b4-45df-8be5-9d7f75ce704d,0,1787003407302452000,28190250,10899292,,,1787003407313626000,1787003407373241048,11174000,0,,
94,586e8e36-ef8d-454e-bfd3-a08fa5ce9961,0,1787003407807238000,35568291,18229875,,,1787003407825889000,1787003407885438452,18651000,0,,
95,b64484fb-efe8-4e3c-b869-238deb645c9e,0,1787003408310378000,35121292,18924625,,,1787003408328800000,1787003408388475845,18422000,0,,
96,52f4fca8-2e48-41c7-bc28-0fbce9559083,0,1787003408815828000,30758583,15779333,,,1787003408831376000,1787003408889440700,15548000,0,,
97,54963c76-2548-4512-9979-1b08a2f03dd6,0,1787003409321428000,38356542,20682459,,,1787003409341524000,1787003409401350257,20096000,0,,
98,6df152a0-33c9-4922-82de-43bcca0e960a,0,1787003409826681000,35982666,17113125,,,1787003409844051000,1787003409904255831,17370000,0,,
99,aa18d7b1-9875-4f14-9878-460f1c5ffa72,0,1787003410331488000,33812750,15625209,,,1787003410346830000,1787003410407369877,15342000,0,,
100,15ce93b8-2ddb-41a5-ba4d-c35dbf8ea87b,0,1787003410836520000,31890083,12883583,,,1787003410849171000,1787003410909975123,12651000,0,,
101,b4c2d66a-508e-453a-85bd-d7f7b622b652,0,1787003411342018000,36377000,18489084,,,1787003411360957000,1787003411420889202,18939000,0,,
102,6cae5233-0e38-45a4-be44-c0c11f4ac8f2,0,1787003411846379000,43860791,18828416,,,1787003411864994000,1787003411932865640,18615000,0,,
103,c8011d4d-915d-4e4f-88e4-a113ffe4b64e,0,1787003412351155000,33329958,16598291,,,1787003412367037000,1787003412426722240,15882000,0,,
104,7597777c-3082-412a-bac3-464a56a3c0d9,0,1787003412854064000,32313167,15221167,,,1787003412868958000,1787003412929414240,14894000,0,,
105,33b5a103-300a-4dba-a661-2ac193f78dbd,0,1787003413358368000,32932334,13555375,,,1787003413371677000,1787003413432285387,13309000,0,,
106,4e199c64-a282-4f0d-91ec-38a9816b7790,0,1787003413861284000,30720792,13380833,,,1787003413874854000,1787003413935274962,13570000,0,,
107,aa2fcf9a-26c9-455b-a0ca-0592c49154f5,0,1787003414366715000,143569500,73878334,,,1787003414429761000,1787003414492852349,63046000,0,,
108,20ace66d-805c-4185-bd4e-203fbde74ce7,0,1787003414872300000,148234791,77485291,,,1787003414950134000,1787003415005633191,77834000,0,,
109,859bf01f-be5e-428c-9fb1-86a8affc05d5,0,1787003415375281000,144327959,74629125,,,1787003415449715000,1787003415502903684,74434000,0,,
110,2dedda29-c32f-4729-b471-64298bf9f913,0,1787003415880794000,138924958,69116750,,,1787003415950254000,1787003416009454134,69460000,0,,
111,c711b8d2-735c-45d6-b224-550a4e0dd450,0,1787003416386271000,143759541,73410083,,,1787003416460022000,1787003416521280494,73751000,0,,
112,829328a0-5cda-455c-92c9-ce8053ec363d,0,1787003416890804000,139305083,69520333,,,1787003416959857000,1787003417020110342,69053000,0,,
113,bdfeb0a3-3ae5-42d1-945d-626008da6165,0,1787003417391692000,148080542,79165083,,,1787003417470598000,1787003417522979788,78906000,0,,
114,ecaaaf4c-2b57-43a9-9003-72826a3b7234,0,1787003417894427000,145439625,75533250,,,1787003417969622000,1787003418025815855,75195000,0,,
115,883059d6-a079-4a39-9d50-ba893de489f3,0,1787003418399009000,140657167,70770042,,,1787003418470202000,1787003418528693202,71193000,0,,
116,a77d6a3f-a575-448e-af68-15c108219292,0,1787003418904616000,135629250,75467708,,,1787003418979748000,1787003419031497407,75132000,0,,
117,ba620568-bc5f-4bdf-831d-b5b4f3a66d27,0,1787003419407426000,142641958,72506916,,,1787003419479673000,1787003419534349185,72247000,0,,
118,b9a47c28-a6e6-454c-b7c6-3e19510767ec,0,1787003419913080000,146921667,76388709,,,1787003419989699000,1787003420046613435,76619000,0,,
119,6f7e7bd0-f4da-496c-85de-14cf5f52f355,0,1787003420415214000,144442083,75204875,,,1787003420489682000,1787003420549390522,74468000,0,,
120,930b7ec3-cf7f-4125-a228-71f5efce6ea3,0,1787003420917237000,131657333,62595375,,,1787003420979289000,1787003421033784070,62052000,0,,
121,e3217bd9-7763-4a81-968c-2828a8e63592,0,1787003421422018000,146526875,77044167,,,1787003421498485000,1787003421554959383,76467000,0,,
122,8cf6f6ac-1af0-43dc-8385-dc1fe0c61616,0,1787003421922295000,145700709,75871917,,,1787003421998531000,1787003422057799392,76236000,0,,
123,21098720-fddd-41ef-a099-c26fdeb75983,0,1787003422422437000,134718792,64607833,,,1787003422487251000,1787003422542329293,64814000,0,,
124,660b813e-310c-46ce-a33d-024364710dcb,0,1787003422927196000,178512042,70756542,,,1787003422997510000,1787003423054374533,70314000,0,,
125,21fbba0b-79d1-46ff-bb24-1a75281bc4dc,0,1787003423428591000,147282083,77307500,,,1787003423506248000,1787003423566404081,77657000,0,,
126,1e4ff358-3f07-4a8c-9ae7-2d08ed82ba75,0,1787003423930755000,134936083,64481625,,,1787003423995402000,1787003424060120019,64647000,0,,
127,8f099384-a8a1-41bd-b602-da245cb9436a,0,1787003424435729000,138514917,69395958,,,1787003424504592000,1787003424562898856,68863000,0,,
128,466fb1c3-4c8b-48e4-9f06-ce961e04360d,0,1787003424937056000,147330167,77383542,,,1787003425014624000,1787003425074882617,77568000,0,,
129,a3dec851-29e8-48f3-9ebc-ef6b6c73b746,0,1787003425441917000,141565875,71778875,,,1787003425513362000,1787003425577794087,71445000,0,,
130,d5fb44bc-19dc-4a02-810c-42fa474e238b,0,1787003425946823000,125992084,66506000,,,1787003426012650000,1787003426071501495,65827000,0,,
131,62bb7d64-9dd6-4ff2-aa5d-392b7f20a1d6,0,1787003426450058000,142538041,72474125,,,1787003426522783000,1787003426583378733,72725000,0,,
132,d0e80f3d-1778-4de2-9b2e-84713dceae3a,0,1787003426955119000,156550541,77100416,,,1787003427031791000,1787003427104616711,76672000,0,,
133,536a0d5e-5c23-47e4-be30-f297883cb3b7,0,1787003427457635000,143570125,73459625,,,1787003427531259000,1787003427598752099,73624000,0,,
134,5a50486f-b53e-48b5-a806-7a7204047ddb,0,1787003427963029000,71531000,17398667,,,1787003427980113000,1787003428085950224,17084000,0,,
135,732e4b05-f766-45a1-b060-5e1445d49478,0,1787003428467936000,32627834,14638667,,,1787003428482842000,1787003428552035975,14906000,0,,
136,680a6291-c1f4-4902-b750-36f00e726f93,0,1787003428972961000,29642583,11667208,,,1787003428984856000,1787003429054791164,11895000,0,,
137,bec0345b-701d-447a-a17f-f07ec5b6e6ac,0,1787003429477908000,35983125,18077125,,,1787003429495860000,1787003429566750124,17952000,0,,
138,2af734dc-8d3f-44d1-bb90-65561ca04569,0,1787003429980029000,35220375,18615083,,,1787003429998518000,1787003430069289551,18489000,0,,
139,7a3d204f-17a0-4065-845b-f5a389770835,0,1787003430484929000,34193416,16660375,,,1787003430501803000,1787003430572688170,16874000,0,,
140,afdaa981-660c-4b45-980e-8787f12d4068,0,1787003430987845000,34874333,16459750,,,1787003431004672000,1787003431075737467,16827000,0,,
141,ca1cd961-e749-442e-a383-658197b1a5e6,0,1787003431493482000,39311792,22667334,,,1787003431516581000,1787003431587584481,23099000,0,,
142,71daa9e3-43ec-4400-b2f8-755f05758b05,0,1787003431998568000,37865834,20341625,,,1787003432018231000,1787003432090784001,19663000,0,,
143,b488195f-313a-419f-8c42-650456a0fc8e,0,1787003432501406000,36564917,19681542,,,1787003432521353000,1787003432593709700,19947000,0,,
144,77fdc7ab-ddb5-41af-970e-2254ae466cab,0,1787003433005313000,45336792,18279333,,,1787003433023375000,1787003433105684970,18062000,0,,
145,91f23890-050c-44a8-8302-1d6c25861522,0,1787003433510051000,24122292,15172375,,,1787003433525075000,1787003433589924342,15024000,0,,
146,02fba155-3e75-46f0-ad55-1c5303da5ff5,0,1787003434014972000,140801208,71074417,,,1787003434085797000,1787003434156317230,70825000,0,,
147,6292f498-10ba-4013-9a42-45caba933995,0,1787003434518411000,137027167,67919500,,,1787003434586104000,1787003434658322259,67693000,0,,
148,02530b56-f26b-431a-b529-cd266e18b7d6,0,1787003435021793000,133297833,73556791,,,1787003435095098000,1787003435161154546,73305000,0,,
149,a62953eb-2482-4da2-9127-0c887ba2bbae,0,1787003435526284000,138772209,68715959,,,1787003435595194000,1787003435663998922,68910000,0,,
150,fb9d9439-6f72-402a-9ff4-e99ebe4c2c05,0,1787003436031787000,152794125,82777084,,,1787003436114754000,1787003436185125802,82967000,0,,
151,14ebf419-3654-4bb9-9c06-9dbff5d60a77,0,1787003436533857000,160537083,70862875,,,1787003436604413000,1787003436697186966,70556000,0,,
152,85c421ba-0111-473f-bcc7-1590576f1c23,0,1787003437038985000,145170542,76998083,,,1787003437115554000,1787003437190754960,76569000,0,,
153,835dc94e-8402-4c43-92c2-fe87fa7095dd,0,1787003437541251000,152503667,72520875,,,1787003437613966000,1787003437693764262,72715000,0,,
154,c192904b-8609-46dd-9524-42450e0e4467,0,1787003438045106000,75241583,62743167,,,1787003438107487000,1787003438178430165,62381000,0,,
155,2687aad3-2db9-4848-a3e7-14fcedfb892f,0,1787003438549506000,36337166,18543791,,,1787003438567704000,1787003438644377757,18198000,0,,
156,06d194e4-c20c-4691-bd97-ac324402f17a,0,1787003439053240000,34389541,17399125,,,1787003439070859000,1787003439147068841,17619000,0,,
157,0683b490-226a-410e-aca1-5b0196615853,0,1787003439557325000,25239750,16015375,,,1787003439573123000,1787003439641175955,15798000,0,,
158,f930b4d4-dd3c-4b0c-98fc-f43e954474dd,0,1787003440060815000,24444791,14591833,,,1787003440075634000,1787003440144090345,14819000,0,,
159,f8153f9b-af74-4eea-b100-5061bd740cad,0,1787003440565198000,20994625,12728667,,,1787003440578147000,1787003440646466706,12949000,0,,
160,b42098cd-1aa0-4ea2-9b27-a421eab41982,0,1787003441070379000,28862083,11270750,,,1787003441082014000,1787003441159016663,11635000,0,,
161,369c95f9-1971-4cdc-b071-cfebef3fe9cf,0,1787003441575629000,35427666,17107500,,,1787003441593021000,1787003441670729940,17392000,0,,
162,9b9c8c0c-6087-4ba4-8359-39625e691142,0,1787003442080855000,41541667,23715792,,,1787003442104917000,1787003442182809319,24062000,0,,
163,9ecd8c57-47d1-4018-9dc4-ec0679e8643b,0,1787003442585891000,38633833,21415833,,,1787003442607605000,1787003442685221483,21714000,0,,
164,e56394e9-216a-4151-a2a5-9b4dcc36b298,0,1787003443091117000,27999834,10163375,,,1787003443101549000,1787003443179885482,10432000,0,,
165,74e7ef06-f793-427e-90e4-ce0653052b78,0,1787003443593110000,28498958,11223750,,,1787003443604120000,1787003443682893365,11010000,0,,
166,95223177-2515-4e5e-acbf-1ff3e517e3f5,0,1787003444096711000,28545625,10648334,,,1787003444107010000,1787003444185632354,10299000,0,,
167,4575ec32-422f-45b7-9f10-4818725ad3e2,0,1787003444596999000,30324250,13941291,,,1787003444610591000,1787003444688940263,13592000,0,,
168,7837a3cf-7309-42f4-95a0-744d9e342fb7,0,1787003445098299000,32373584,13967959,,,1787003445112580000,1787003445191245583,14281000,0,,
169,fb481f00-7109-4598-b64b-5bc1f306e63d,0,1787003445600682000,32313000,14940042,,,1787003445615896000,1787003445694407149,15214000,0,,
170,59bc4517-dcfa-4032-bab5-1454e8b848e8,0,1787003446104925000,30384000,12417375,,,1787003446117767000,1787003446197286229,12842000,0,,
171,83205e7a-3c7c-4bbb-9947-298c194749d5,0,1787003446610242000,28160375,10369500,,,1787003446620269000,1787003446699784930,10027000,0,,
172,db24703a-45ff-4067-9c7b-a13f382e2c95,0,1787003447112919000,28939500,9861334,,,1787003447123186000,1787003447202618056,10267000,0,,
173,fa285a99-a0d5-4193-80de-ccf5aef5d453,0,1787003447614043000,38695416,20656041,,,1787003447634946000,1787003447714604337,20903000,0,,
174,495eae77-c7cc-4b46-96c4-3f0db7426347,0,1787003448119403000,35456209,18062792,,,1787003448137808000,1787003448217448495,18405000,0,,
175,d21555cc-da41-4210-b291-9a25a7a874ae,0,1787003448622687000,146796416,77120791,,,1787003448699523000,1787003448775472887,76836000,0,,
176,43cc48d3-5a3c-42c7-a14c-5867baaa3f28,0,1787003449125475000,143695041,74471083,,,1787003449199595000,1787003449278479194,74120000,0,,
177,af70c278-d8d2-4a2b-90e6-643d35bf33ce,0,1787003449628965000,140575917,70740583,,,1787003449700005000,1787003449781075440,71040000,0,,
178,b1844fe3-f140-4f8c-a894-aeeeded3c2e1,0,1787003450131989000,137621458,67198500,,,1787003450198812000,1787003450275243085,66823000,0,,
179,f3d66c87-c741-4dc7-a26a-907a241702cc,0,1787003450637063000,142495084,72657750,,,1787003450709362000,1787003450786957196,72299000,0,,
180,37f0abbd-78f9-473f-b329-6de69cb6027b,0,1787003451142640000,136716666,66666541,,,1787003451209039000,1787003451289768392,66399000,0,,
181,55f46bb8-cac0-4a98-938f-f1b8aec75e6d,0,1787003451645132000,143998791,64168500,,,1787003451709073000,1787003451792657913,63941000,0,,
182,87d60fd3-a942-4865-b8da-94319f20bc79,0,1787003452148181000,140980959,70578375,,,1787003452218482000,1787003452295503055,70301000,0,,
183,c97da01f-73d6-4567-ab8e-40c21a1bd4f9,0,1787003452652294000,146474792,76920042,,,1787003452728673000,1787003452807397992,76379000,0,,
184,31a99aad-d7ca-43b5-ab9a-d92e2f3e86bc,0,1787003453153131000,136064625,65335667,,,1787003453218250000,1787003453292088700,65119000,0,,
185,543855e7-cac9-4642-bf77-fdb760019c71,0,1787003453654839000,133584083,64102750,,,1787003453718228000,1787003453795088179,63389000,0,,
186,10e8750b-6b3f-4dc1-b1e1-8af6a2567448,0,1787003454160123000,138141375,68674500,,,1787003454228394000,1787003454306781644,68271000,0,,
187,ea4bab0b-df5b-4e88-9872-6568ed1f087b,0,1787003454661760000,146832666,76489250,,,1787003454738036000,1787003454817104112,76276000,0,,
188,4351b346-070f-4ef7-90c8-6accc608613d,0,1787003455164800000,133199500,64248250,,,1787003455228677000,1787003455310869947,63877000,0,,
189,13ef7f7b-6bba-4056-aeca-68c240f6287d,0,1787003455670147000,138047458,67866625,,,1787003455737842000,1787003455813788980,67695000,0,,
190,2b91c035-a270-4127-ad22-b2ce89cece2f,0,1787003456175479000,37604292,20272375,,,1787003456195416000,1787003456277526045,19937000,0,,
191,72de169a-4242-47d5-a871-a0a35b13b824,0,1787003456677525000,30144625,12707792,,,1787003456689619000,1787003456771345064,12094000,0,,
192,76bc6040-1489-4d8a-aeca-4eab44e49333,0,1787003457182991000,36080250,18658291,,,1787003457201366000,1787003457283363662,18375000,0,,
193,aef94bba-ac49-41bb-9154-dd34f64a7a5a,0,1787003457688394000,33169833,16534250,,,1787003457704344000,1787003457786143301,15950000,0,,
194,ee14e5cd-7a03-4544-a434-ea9335dfe43f,0,1787003458193905000,30969000,13820292,,,1787003458207399000,1787003458288796010,13494000,0,,
195,653cbd49-ece9-4b9e-bdd5-dba19fae0193,0,1787003458699474000,27672875,10707250,,,1787003458709932000,1787003458791829732,10458000,0,,
196,3f95fe9c-f6fe-45cf-a7e4-53819b3d0732,0,1787003459202750000,55741125,10457917,,,1787003459212960000,1787003459322853634,10210000,0,,
197,12a6786a-41fe-4836-bb0b-b3c0f09c4141,0,1787003459708037000,34784125,16706417,,,1787003459724987000,1787003459807728000,16950000,0,,
198,4452f1c3-39b1-4e85-aaeb-1ed7a71c9755,0,1787003460211943000,34325416,16460791,,,1787003460228041000,1787003460310562033,16098000,0,,
199,cd16aad8-3f84-4879-9536-1ca34e894763,0,1787003460717447000,30840583,13366291,,,1787003460731044000,1787003460812869177,13597000,0,,
200,785c55ec-f652-460a-b581-b14a5c83ab31,0,1787003461219768000,34421667,17715750,,,1787003461237123000,1787003461318809751,17355000,0,,
201,f1d9182b-1f35-4741-86db-a4edb1f959f9,0,1787003461722166000,36841875,17114292,,,1787003461739092000,1787003461821739881,16926000,0,,
202,45680c58-7369-4042-bf2e-50205fd51cce,0,1787003462226717000,35105958,17701708,,,1787003462244702000,1787003462326949809,17985000,0,,
203,6eed28e8-3e5c-48ad-9132-20093af5c35d,0,1787003462728848000,34295208,23664791,,,1787003462751894000,1787003462828030079,23046000,0,,
204,9d2011c7-29fb-40dd-b244-a3caac59c823,0,1787003463234038000,33336708,14632250,,,1787003463248330000,1787003463330967620,14292000,0,,
205,6b93ebf8-30fd-4a41-8ce5-4597acade8fd,0,1787003463734935000,34485166,16191083,,,1787003463750909000,1787003463833810188,15974000,0,,
206,02a4d532-3d89-4d13-a0f1-5ec25a2132f3,0,1787003464240400000,30636792,13837250,,,1787003464253578000,1787003464336671798,13178000,0,,
207,5bf30956-f3f7-406d-9fc8-c512baf24154,0,1787003464745744000,34478958,17791000,,,1787003464763278000,1787003464845918968,17534000,0,,
208,af005065-fd75-48a4-8cd6-886a48951f9a,0,1787003465246629000,359066458,290091125,,,1787003465536904000,1787003465618242864,290275000,0,,
209,7514f691-cd66-4e7e-826f-61b312511438,0,1787003465751973000,40109959,20299542,,,1787003465772601000,1787003465855657846,20628000,0,,
210,93a881f3-011d-4cd7-b129-1ac8163dcac8,0,1787003466257386000,45113417,25178667,,,1787003466282866000,1787003466365373064,25480000,0,,
211,041b6f93-e705-459d-9726-0ec87be64bd6,0,1787003466761546000,32020667,15092583,,,1787003466776347000,1787003466858978306,14801000,0,,
212,9f76d939-3aa7-4041-b221-6e6ae22298f1,0,1787003467266938000,32204667,14082625,,,1787003467280815000,1787003467363884601,13877000,0,,
213,b85dfc6e-36e8-4be8-b1ab-e4d2e236886a,0,1787003467767852000,32837500,15904875,,,1787003467783961000,1787003467866480788,16109000,0,,
214,fb895bd9-f83c-4865-98c0-49135112f704,0,1787003468273337000,30976375,14453084,,,1787003468287428000,1787003468370178255,14091000,0,,
215,2869bbad-4ef4-430a-9072-60dcb0f19f8f,0,1787003468776733000,30137542,12443292,,,1787003468789357000,1787003468872737995,12624000,0,,
216,6e2b999f-d7d1-4903-90b5-68a6f4a77edd,0,1787003469277278000,33270459,14557250,,,1787003469292032000,1787003469375401858,14754000,0,,
217,19e7e01a-9a70-4dce-8583-9e84dcb2e1af,0,1787003469780092000,33489000,16366875,,,1787003469796257000,1787003469878910407,16165000,0,,
218,3f613435-d621-4523-98ae-6722e1e5832c,0,1787003470285413000,31231917,13633042,,,1787003470298717000,1787003470381763493,13304000,0,,
219,9b69ae8a-bcaf-4f7b-af14-aaf3120e6182,0,1787003470787996000,30302458,12985042,,,1787003470800800000,1787003470883315003,12804000,0,,
220,db2a8523-b975-4e60-8b96-e34e916dffda,0,1787003471291651000,29164667,12604709,,,1787003471303703000,1787003471386377880,12052000,0,,
221,017d130c-df5d-4295-9299-d8247370f20b,0,1787003471796283000,36681708,20226000,,,1787003471817012000,1787003471898613958,20729000,0,,
222,02873f82-d742-43c5-82f9-f2b9149220c0,0,1787003472300940000,35969458,18016167,,,1787003472318516000,1787003472401529685,17576000,0,,
223,7f90856f-a1da-4f24-8053-3a98c76d6041,0,1787003472806536000,35718916,14593625,,,1787003472820923000,1787003472904455011,14387000,0,,
224,47a3da5c-a226-4114-b828-6633de88063f,0,1787003473310302000,30152209,12958792,,,1787003473322978000,1787003473406796793,12676000,0,,
225,81d2db07-b382-43ab-b751-4cecacaa7e4c,0,1787003473813920000,29770083,12534250,,,1787003473826262000,1787003473909709732,12342000,0,,
226,97c0e532-30b4-41d9-89e5-651d0aaa3139,0,1787003474317379000,29089917,11747334,,,1787003474328936000,1787003474412751387,11557000,0,,
227,7353b848-6b2d-4dd5-911c-fcb0ea4ddeca,0,1787003474822808000,36488459,18256834,,,1787003474840826000,1787003474924767913,18018000,0,,
228,3c5b17cd-55a7-48cb-8d79-0448191f7edf,0,1787003475325701000,31341167,14580042,,,1787003475340059000,1787003475423235045,14358000,0,,
229,20bc874a-3399-4c8a-8879-f3d06d38c76d,0,1787003475829353000,31412042,13684333,,,1787003475842731000,1787003475926172847,13378000,0,,
230,9f396126-e51e-4ccb-a988-be3765005bc3,0,1787003476334021000,24032125,15760625,,,1787003476349523000,1787003476424792653,15502000,0,,
231,d321468e-81dc-4bd7-b116-486a31e42517,0,1787003476839425000,39247834,22698292,,,1787003476861722000,1787003476944654120,22297000,0,,
232,919f50f8-72c6-49a2-8737-b6f3a4b26e84,0,1787003477342268000,30047375,13404709,,,1787003477355454000,1787003477438213642,13186000,0,,
233,4a446b6d-23b1-4496-8a47-bd7148cc744b,0,1787003477847774000,30255750,9864625,,,1787003477857957000,1787003477940986054,10183000,0,,
234,994915c2-2e7b-43e6-8c33-c96d76dcf4cd,0,1787003478353163000,33106958,16754500,,,1787003478369673000,1787003478453059586,16510000,0,,
235,8ece837a-0d02-4e1b-8a83-13f89c790c86,0,1787003478858564000,31685542,11623167,,,1787003478870068000,1787003478953604353,11504000,0,,
236,925c995a-1d08-4b5b-9e90-2ea7bac60ad7,0,1787003479363878000,36661375,17902042,,,1787003479382074000,1787003479465778352,18196000,0,,
237,e80e95f6-d2dc-4eee-a705-a555e7eddf54,0,1787003479869144000,33492417,17110667,,,1787003479885908000,1787003479968860515,16764000,0,,
238,0d4445e9-94cb-4049-9bd9-406670ffe776,0,1787003480370463000,25449792,16398750,,,1787003480387132000,1787003480462425577,16669000,0,,
239,b2aec0e8-bd1d-488a-a910-cd6f931b8c75,0,1787003480875449000,32799459,15182459,,,1787003480890371000,1787003480974432069,14922000,0,,
240,815004dd-f8de-432a-a400-1f4568016cca,0,1787003481379089000,23262417,13280834,,,1787003481392161000,1787003481467910381,13072000,0,,
241,9a80c9fa-a94e-4e73-8ab9-dba5b3bf349e,0,1787003481883672000,29504208,12485458,,,1787003481895914000,1787003481979676634,12242000,0,,
242,51edfea2-d35d-4270-a277-c92f167b1f9c,0,1787003482387653000,138005583,67926000,,,1787003482455430000,1787003482539161397,67777000,0,,
243,142cd144-06f9-4007-b33d-0191aac0ff6a,0,1787003482892998000,142596041,72679291,,,1787003482965404000,1787003483041984290,72406000,0,,
244,85117310-3b64-413d-9a5e-dd96b6b3a409,0,1787003483395682000,140118500,70151833,,,1787003483465506000,1787003483544845166,69824000,0,,
245,fe73f9ec-2655-46e6-beab-32ed831440b7,0,1787003483901108000,144350083,75276208,,,1787003483975909000,1787003484056989997,74801000,0,,
246,016d2546-2d9c-4102-bda0-5ce9c48d3bcf,0,1787003484406576000,138785208,69826291,,,1787003484476740000,1787003484559744329,70164000,0,,
247,f7bee9ab-9c47-4c1d-a192-16586436760a,0,1787003484908579000,136899917,67216875,,,1787003484975507000,1787003485054004103,66928000,0,,
248,3e7d7017-383f-4e56-ac39-d351b3248aae,0,1787003485414030000,156308166,81789125,,,1787003485495635000,1787003485579004646,81605000,0,,
249,97fb2a66-c753-45d2-ad6a-eb208587c1da,0,1787003485917083000,139443334,68844209,,,1787003485985579000,1787003486063831704,68496000,0,,
250,d2cd49b5-b56d-4017-8ee2-1a3b1dc0bf9b,0,1787003486418254000,136966750,67914250,,,1787003486485756000,1787003486568794962,67502000,0,,
251,967a9659-5a36-4512-bbc7-ecd7fd443bf0,0,1787003486923677000,151375209,73027209,,,1787003486996195000,1787003487080658098,72518000,0,,
252,df83a94a-71eb-4409-8545-3cc957f91a1a,0,1787003487424441000,140787083,71226000,,,1787003487495389000,1787003487574442453,70948000,0,,
253,ec4f0fee-3c29-4e92-b657-3c2e043530a2,0,1787003487929903000,96672750,70984167,,,1787003488000370000,1787003488087864085,70467000,0,,
254,16e2f27d-c194-478d-b0a2-51f836961c7e,0,1787003488434564000,31819125,14253000,,,1787003488448555000,1787003488532782364,13991000,0,,
255,2a9a53da-2b68-43e5-ac54-67bd590d67ae,0,1787003488935513000,34332541,16323500,,,1787003488952184000,1787003489035750159,16671000,0,,
256,afdaa3ab-0925-41d2-bc54-4d24e05acf99,0,1787003489440847000,33353000,14394292,,,1787003489454903000,1787003489538314188,14056000,0,,
257,1d12e8f4-bf8c-4429-b44e-120dc56c7e90,0,1787003489941959000,33741333,14917375,,,1787003489957330000,1787003490041156708,15371000,0,,
258,11d4c3dd-0eb1-448d-adf5-0ed718eaf263,0,1787003490447467000,29639542,13390417,,,1787003490460003000,1787003490543754190,12536000,0,,
259,ec6cd824-4977-4bc5-9bf6-d0df70e9819c,0,1787003490951469000,39121875,25046666,,,1787003490976244000,1787003491056127612,24775000,0,,
260,3c77549b-15e5-46c0-859f-f728ea23c0aa,0,1787003491456974000,29794209,13103417,,,1787003491469800000,1787003491553811143,12826000,0,,
261,715c2c12-ee7d-4bde-9ffb-8567944a0748,0,1787003491958342000,32822625,14847292,,,1787003491972907000,1787003492057023228,14565000,0,,
262,81bba7b8-1f8f-4579-a2e1-f74539bd977f,0,1787003492461284000,31743666,14105833,,,1787003492475711000,1787003492559853388,14427000,0,,
263,1a94f85b-0e62-4a69-9c67-8995fb9f6c4c,0,1787003492966693000,28989917,11714917,,,1787003492978689000,1787003493062138122,11996000,0,,
264,e5e8f9cd-d1e8-47c4-a2b7-635b351eef98,0,1787003493471008000,30389417,9729167,,,1787003493480962000,1787003493565396408,9954000,0,,
265,f2455542-6518-4c83-8b2b-25ace2947d62,0,1787003493976441000,37127875,16569291,,,1787003493993342000,1787003494077299659,16901000,0,,
266,e3897a79-f21a-4388-a51a-e5204dc240c0,0,1787003494477606000,35600666,17901750,,,1787003494495779000,1787003494580145404,18173000,0,,
267,f0566096-1e6c-4e67-8bdd-d5beb2a1a42c,0,1787003494982998000,33628083,15457250,,,1787003494998920000,1787003495083415305,15922000,0,,
268,c02cf2dd-6a2b-4b10-9b0c-38ebf5c7c523,0,1787003495484671000,34402333,16344958,,,1787003495501200000,1787003495585855699,16529000,0,,
269,4c77d5f2-666e-4473-bbc1-980ed9559a75,0,1787003495988223000,33442500,17825416,,,1787003496005837000,1787003496088733228,17614000,0,,
270,966bdd21-7c0f-4bda-91e7-730dd44fd05a,0,1787003496491636000,33766416,15889125,,,1787003496507282000,1787003496591327598,15646000,0,,
271,2bab442e-83ff-4ab5-ae90-89fb8c2d3783,0,1787003496994100000,33947958,16176083,,,1787003497009917000,1787003497095206284,15817000,0,,
272,344caa36-01c1-46c6-8dea-41a0e6af1249,0,1787003497499629000,30772000,13263250,,,1787003497512690000,1787003497597454869,13061000,0,,
273,bcfc737d-4a5e-41ee-a7c0-4695b446662b,0,1787003498001963000,32499917,14286083,,,1787003498016597000,1787003498100912067,14634000,0,,
274,d190fba4-6ccc-4add-8d40-3bd189f9d97b,0,1787003498503304000,33279084,15999875,,,1787003498519095000,1787003498603468946,15791000,0,,
275,08b92d6d-0d18-44c5-b61c-f2d3efc81513,0,1787003499008246000,32832958,15412500,,,1787003499023325000,1787003499106720724,15079000,0,,
276,39b66083-aa45-463b-8b89-519c53ad8af0,0,1787003499513876000,28896417,11321708,,,1787003499525473000,1787003499609316599,11597000,0,,
277,3dcc93ae-72ef-44dc-ba26-8e6e14fb2ce3,0,1787003500016422000,28490125,11223584,,,1787003500027814000,1787003500112200720,11392000,0,,
278,7a0487b6-3742-4ae5-ad23-7a6b9bf676fe,0,1787003500521864000,35802667,18390458,,,1787003500540089000,1787003500624860411,18225000,0,,
279,c4314c30-b6bb-4d1c-b1b7-a8f12be6c6f2,0,1787003501024861000,35951583,18687708,,,1787003501043323000,1787003501127878007,18462000,0,,
280,46f4f4eb-c66b-4cae-b2e7-d0a0dd908a9b,0,1787003501530392000,33178166,16448458,,,1787003501546592000,1787003501630507698,16200000,0,,
281,6b52b330-b1fc-4cab-b405-6923d0dbea47,0,1787003502035745000,30373792,15300500,,,1787003502049325000,1787003502133382122,13580000,0,,
282,1ec431eb-b209-453c-b6fb-5c89dcbb3360,0,1787003502540458000,220559250,20792667,,,1787003502561140000,1787003502828378612,20682000,0,,
283,2e3da04e-2029-4333-976f-59cd5869723c,0,1787003503045720000,142432542,69545750,,,1787003503115141000,1787003503254391507,69421000,0,,
284,f9ae4197-2f22-4e05-87f3-f3824d324dcf,0,1787003503549815000,255317166,124891583,,,1787003503675195000,1787003503812119871,125380000,0,,
285,7e845eba-7389-4b92-b055-2dfc3175853a,0,1787003504053400000,261249208,131232083,,,1787003504184501000,1787003504324377564,131101000,0,,
286,fa52e764-3e17-4084-b27f-159f815e6065,0,1787003504558018000,446696584,326284417,,,1787003504884192000,1787003505018854105,326174000,0,,
287,8e722601-a7c9-4558-b518-3a6e90a7416b,0,1787003505063253000,252056958,131264958,,,1787003505194408000,1787003505329914658,131155000,0,,
288,30d5fa92-9095-4568-a0d0-715bf8f94b69,0,1787003505566300000,258078916,129341791,,,1787003505695497000,1787003505832564332,129197000,0,,
289,4e675327-e982-4615-8135-489329ccd50d,0,1787003506070079000,264377750,135134375,,,1787003506205139000,1787003506345055504,135060000,0,,
290,d531b8e2-3c7f-4bb6-8ae7-f856ccaf201a,0,1787003506571444000,242951958,123528166,,,1787003506694853000,1787003506829210054,123409000,0,,
291,1c4d12bb-d41a-4795-97af-898a0f01dab9,0,1787003507074660000,259568083,129826083,,,1787003507204383000,1787003507341074786,129723000,0,,
292,a26643b8-2c11-4c37-ba3d-2fe83e30dc58,0,1787003507575612000,258658166,128944708,,,1787003507704246000,1787003507844073474,128634000,0,,
293,bac0bd97-885c-4cd6-b6a0-4d2b480c5045,0,1787003508078380000,235982375,116096917,,,1787003508194359000,1787003508328565944,115979000,0,,
294,ad87afdc-e91e-46eb-b4f3-79ce43932156,0,1787003508583082000,251557625,131450000,,,1787003508714402000,1787003508849637547,131320000,0,,
295,de45150d-7196-4627-85a4-972c5c73bb04,0,1787003509083709000,150515666,80707416,,,1787003509164281000,1787003509242754549,80572000,0,,
296,b9b13be4-bf41-4f3a-a67a-ab3483831b56,0,1787003509591874000,142561042,72563334,,,1787003509664610000,1787003509745555349,72736000,0,,
297,29cb9cb3-ac52-4013-9f3e-80e46975fa9f,0,1787003510098626000,136160584,65613875,,,1787003510164115000,1787003510248370197,65489000,0,,
298,556f972a-e993-46fb-b4bb-4030824cfcf7,0,1787003510608773000,135497791,65634166,,,1787003510674745000,1787003510753560021,65972000,0,,
299,09e28f50-8819-4410-9837-497a4e53dd10,0,1787003511116992000,148016709,77297542,,,1787003511194161000,1787003511274344174,77169000,0,,
300,c87d8c61-5bca-4223-bbc2-c3a4d897964c,0,1787003511623203000,141183084,71077167,,,1787003511694168000,1787003511777129630,70965000,0,,
301,998efd3e-29b0-4ce8-aecf-31d0eaa3fccd,0,1787003512129465000,137727208,65050541,,,1787003512194278000,1787003512279595676,64813000,0,,
302,9d2c5c55-6d0e-411e-8c21-a0d7b0a57d4e,0,1787003512636341000,137827750,68234458,,,1787003512704463000,1787003512781408384,68122000,0,,
303,6eaa5c97-42d6-447e-93ef-f14eb3528609,0,1787003513146479000,137837000,67956458,,,1787003513214311000,1787003513293421569,67832000,0,,
304,eaf2ce1d-208e-4fca-8a9b-0a0907550ca1,0,1787003513656653000,149640000,77750834,,,1787003513734273000,1787003513814475758,77620000,0,,
305,38381fc8-eeea-40bf-9dc7-2943346552c2,0,1787003514161656000,142919833,73076750,,,1787003514234614000,1787003514317170946,72958000,0,,
306,2a68d35e-ffb0-425a-951f-5b1f1ae7a6d1,0,1787003514669876000,144231083,74419750,,,1787003514744179000,1787003514821144412,74303000,0,,
307,cd56c39e-9d21-472a-8372-6fb5af9e5800,0,1787003515180073000,134209042,64149958,,,1787003515244097000,1787003515322726188,64024000,0,,
308,bcd013c1-0b78-409a-8804-05feda8e972f,0,1787003515689037000,145212791,75381458,,,1787003515764305000,1787003515844956618,75268000,0,,
309,86290d61-782b-4a39-8057-9752467f729b,0,1787003516198556000,145688958,75636042,,,1787003516274069000,1787003516356184359,75513000,0,,
310,476134a2-22e6-405b-80b2-6e20760a829f,0,1787003516708732000,135916375,66718667,,,1787003516774661000,1787003516858913304,65929000,0,,
311,52847bed-ce6e-402e-b409-519bc25ed2da,0,1787003517218897000,135340541,76069875,,,1787003517284079000,1787003517362869184,65182000,0,,
312,c3bdc1a4-8f6d-4f4c-b1a1-854010f5e340,0,1787003517729121000,32807917,14762500,,,1787003517743286000,1787003517828346305,14165000,0,,
313,56d1bd5a-4808-4e8a-ab62-f0a6e2498fad,0,1787003518236598000,137831750,68069125,,,1787003518304990000,1787003518386234335,68392000,0,,
314,542c6d12-46bb-4475-9f98-5dc3ca9de303,0,1787003518739271000,145492333,75174042,,,1787003518814798000,1787003518898255283,75527000,0,,
315,12655495-9f89-44c9-a382-fd78fad7e827,0,1787003519249738000,145271125,75201167,,,1787003519324562000,1787003519408406319,74824000,0,,
316,3b1ed234-f66a-4b28-8044-66bf73330b4a,0,1787003519758537000,135845125,66208750,,,1787003519824462000,1787003519902227625,65925000,0,,
317,b55568b2-ba7e-4106-af89-f5d9cce428e4,0,1787003520268891000,136782959,66238084,,,1787003520334606000,1787003520414170871,65715000,0,,
318,f51183dd-c793-4854-91ee-d1a9c26fbe5f,0,1787003520775011000,115827625,75630125,,,1787003520851242000,1787003520953102658,76231000,0,,
319,fa6a43d2-b6a9-4ae4-9c4a-2c5eb8c1d6a3,0,1787003521283585000,18399209,10147542,,,1787003521293195000,1787003521368879546,9610000,0,,
320,f081dd7d-a831-4c6c-aeb3-7a48277d6b49,0,1787003521791870000,142843916,73470583,,,1787003521864686000,1787003521945256223,72816000,0,,
321,645d15e2-15ae-4768-9e93-352e8bbfba69,0,1787003522300353000,144154917,74368542,,,1787003522374444000,1787003522457194023,74091000,0,,
322,def494a3-d31c-4f78-8400-9a9d767a9187,0,1787003522808560000,135750792,67205334,,,1787003522875175000,1787003522960110467,66615000,0,,
323,19bfdfa7-228e-4a2f-831b-651322663e41,0,1787003523312890000,131538541,61941833,,,1787003523374487000,1787003523454001200,61597000,0,,
324,3f600465-ef47-486b-959d-9be8a6f9a82d,0,1787003523816756000,147245250,78045083,,,1787003523894515000,1787003523974974541,77759000,0,,
325,5ee13651-058d-49ff-a4d9-646f8efed305,0,1787003524326991000,137478917,68423542,,,1787003524395198000,1787003524477900469,68207000,0,,
326,0710bdc2-238d-4601-a3b5-4711a95b06e8,0,1787003524836989000,139826708,69395000,,,1787003524906732000,1787003524987794217,69743000,0,,
327,cf9f5401-5f03-487c-862e-8fbd93e19f7d,0,1787003525344280000,140313708,70167375,,,1787003525414260000,1787003525492213794,69980000,0,,
328,51877e03-3473-4282-940c-6af50cc4c65b,0,1787003525850100000,144364917,75185417,,,1787003525924984000,1787003526004125342,74884000,0,,
329,c131cad5-96a0-4114-851e-e06080e918f8,0,1787003526358537000,146251625,76553125,,,1787003526434712000,1787003526517178638,76175000,0,,
330,7ff8076f-9ed1-4074-98b4-9bc516148569,0,1787003526865721000,138789333,69934958,,,1787003526934943000,1787003527019335052,69222000,0,,
331,97bd16cc-2961-4954-9db3-4ca95bf4e135,0,1787003527373423000,150609500,80984584,,,1787003527454234000,1787003527531462544,80811000,0,,
332,6b34cd0a-4cb5-446b-b3da-d4051aa27d58,0,1787003527875108000,139573000,69035542,,,1787003527944416000,1787003528025136246,69308000,0,,
333,689c76ad-4630-47f2-94c1-384c9f8b61c0,0,1787003528385594000,138829333,68621375,,,1787003528454485000,1787003528537186001,68891000,0,,
334,00c4dc8b-241e-4725-834c-954362f293de,0,1787003528892068000,142501583,72148750,,,1787003528964447000,1787003529049411127,72379000,0,,
335,9340fcd7-991b-4d44-9421-d723bb19b2e1,0,1787003529393627000,159847542,76211084,,,1787003529469650000,1787003529558793416,76023000,0,,
336,25d81670-6391-4921-b676-057450dc1db0,0,1787003529901555000,142829834,72980792,,,1787003529974259000,1787003530055860650,72704000,0,,
337,84f50393-4aa3-4ff6-8369-48cb99f160de,0,1787003530406947000,137367625,67793208,,,1787003530474405000,1787003530558669441,67458000,0,,
338,5c4bf45e-a739-42c8-98af-3b1dfa708f44,0,1787003530908574000,76586667,66346375,,,1787003530974586000,1787003531052391215,66012000,0,,
339,10c559a5-7f44-44ce-8195-4ee9f10045dd,0,1787003531414502000,38277791,19969833,,,1787003531434016000,1787003531518727094,19514000,0,,
340,319df092-9e8a-4413-8db0-2601c3dc6ea8,0,1787003531921589000,42303000,15838042,,,1787003531937083000,1787003532030664671,15494000,0,,
341,0e09f0e5-b655-41bf-b712-1108165bb810,0,1787003532425397000,33117166,14483208,,,1787003532439528000,1787003532524222590,14131000,0,,
342,14403ac9-3fd4-4884-b746-e37e75459021,0,1787003532933613000,31028625,16942333,,,1787003532950190000,1787003533031166162,16577000,0,,
343,1ec8108f-758d-4ee5-b9e4-1db681495784,0,1787003533441667000,28359083,11612958,,,1787003533453482000,1787003533537426481,11815000,0,,
344,c3d0bb3d-e770-42f8-abb0-7fe8d8f47d17,0,1787003533949821000,30965959,14497709,,,1787003533962975000,1787003534048404975,13154000,0,,
345,fd0f1d15-6a54-4609-b007-31ea53cfd5ab,0,1787003534458480000,145870083,75765291,,,1787003534534542000,1787003534615454816,76062000,0,,
346,96f8ecc3-f094-4e85-92bf-0c33290ca5ae,0,1787003534966876000,137461917,67519459,,,1787003535034756000,1787003535118233853,67880000,0,,
347,8c8b76be-c3bb-4bbb-ab6f-04347d69e1be,0,1787003535477566000,136698459,67088167,,,1787003535544277000,1787003535621525053,66711000,0,,
348,e05ad980-68a2-495d-8182-3d59ccb6c8c9,0,1787003535985533000,138455667,68545750,,,1787003536054313000,1787003536137593316,68780000,0,,
349,615604d0-c8b5-42f8-8499-3d1f4cef7346,0,1787003536491696000,132699625,72706375,,,1787003536564170000,1787003536640513086,72474000,0,,
350,157784d1-8de2-47b2-9c21-0b3797dc0a80,0,1787003537000980000,143412875,74085917,,,1787003537075720000,1787003537152541337,74740000,0,,
351,9140e965-784b-4043-924c-0e0d5d66b816,0,1787003537508653000,145614166,76206958,,,1787003537584305000,1787003537664725663,75652000,0,,
352,48fdaf4d-cbe3-464a-8cd4-24b5656f6011,0,1787003538016631000,147929750,77180084,,,1787003538094061000,1787003538176329775,77430000,0,,
353,91e0a1ea-e822-4b43-976a-a2c883d92776,0,1787003538525012000,140959583,68836958,,,1787003538594103000,1787003538679184161,69091000,0,,
354,20b3056e-421f-4b9e-b047-86e62d7d4062,0,1787003539027714000,146476833,78065833,,,1787003539104373000,1787003539182073125,76659000,0,,
355,e2d206f9-25e2-4aa7-8a24-cce8e74400d6,0,1787003539531812000,142330041,72251291,,,1787003539604295000,1787003539685021578,72483000,0,,
356,0a1e1727-663b-45f8-aefb-b21eb0e71d77,0,1787003540039050000,201763334,88010750,,,1787003540126918000,1787003540249961701,87868000,0,,
357,2e62500b-7d5b-4362-a12b-f8fac794f28f,0,1787003540549359000,144863417,74985875,,,1787003540623995000,1787003540703554304,74636000,0,,
358,9ef8dcb6-c5ac-46e1-8898-5543a6f69d1a,0,1787003541052329000,141990833,71914000,,,1787003541124676000,1787003541206277609,72347000,0,,
359,3c1df57f-572e-40cf-a001-591c7e1e0a3a,0,1787003541558297000,136209500,67503958,,,1787003541624999000,1787003541709422488,66702000,0,,
360,a4f1360a-ffde-4f38-93de-c85058851f5b,0,1787003542065646000,148559667,68981584,,,1787003542135074000,1787003542221319769,69428000,0,,
361,97a3bedd-f5ce-4875-b377-140276936822,0,1787003542570710000,143236792,73410208,,,1787003542643939000,1787003542723821022,73229000,0,,
362,123eff0b-46c5-453e-8c2b-86e4edc3b5c9,0,1787003543081151000,142804458,72903000,,,1787003543154334000,1787003543235907881,73183000,0,,
363,0d6574db-de70-4047-8e86-2711a5664f4f,0,1787003543590820000,143018917,73001334,,,1787003543664027000,1787003543747903943,73207000,0,,
364,1d43a5b5-ba91-4105-98f9-70f618eb16bd,0,1787003544091527000,132453833,62379292,,,1787003544154134000,1787003544232679946,62607000,0,,
365,ce6a806d-a202-4429-bdc5-78fb734ed54f,0,1787003544599894000,134179667,64185458,,,1787003544663893000,1787003544744468732,63999000,0,,
366,16d21ce5-d9fb-4f29-9fe1-5a435c3d569f,0,1787003545108407000,145889500,75918833,,,1787003545183874000,1787003545265625491,75467000,0,,
367,0a3d884c-0883-481c-93c7-c64b5f8dd6cc,0,1787003545618698000,137810125,66047834,,,1787003545684562000,1787003545769020708,65864000,0,,
368,0d40175a-272c-44ab-b267-800137417a95,0,1787003546123937000,140009875,70505291,,,1787003546194768000,1787003546271996494,70831000,0,,
369,c4b29a37-c2b9-4d6e-bcc9-cb1daf73a4da,0,1787003546624974000,148891083,79003125,,,1787003546704204000,1787003546784138475,79230000,0,,
370,aabca822-d39f-4e6f-8a48-bbd63138214f,0,1787003547133210000,140778291,70637375,,,1787003547204118000,1787003547287158222,70908000,0,,
371,4df803ad-78f7-4f27-a377-9305ef8b28ca,0,1787003547641470000,143055750,72775500,,,1787003547713958000,1787003547799818512,72488000,0,,
372,9ce7ada6-abbc-41c3-837a-e9dc5187194c,0,1787003548143257000,150733625,74610042,,,1787003548218091000,1787003548302743093,74834000,0,,
373,60009147-69d5-4e3a-8a5f-b0918b73b5f5,0,1787003548646491000,32847000,14890583,,,1787003548660858000,1787003548746664224,14367000,0,,
374,3e4e27dd-30e9-4d16-b781-5164e6902bb5,0,1787003549156778000,137905542,77714958,,,1787003549223785000,1787003549302289828,67007000,0,,
375,684df4cd-ffd2-47d3-8bbf-9e3b80bc3c52,0,1787003549665522000,138541166,68984958,,,1787003549734150000,1787003549814252738,68628000,0,,
376,7899bd89-1439-4fa0-99bb-a9bf51eea27b,0,1787003550175266000,138943083,68578208,,,1787003550244137000,1787003550326310326,68871000,0,,
377,c8595c09-96a0-48fc-8484-04b1d7d50a32,0,1787003550685711000,139300375,68491291,,,1787003550753840000,1787003550838185154,68129000,0,,
378,8f228587-5771-4825-abb4-746c23586ee0,0,1787003551191536000,142678292,72312458,,,1787003551263667000,1787003551341300378,72131000,0,,
379,939ae358-1bf4-4458-b57d-6ef46f0534a8,0,1787003551697421000,126599916,42995708,,,1787003551740009000,1787003551834830760,42588000,0,,
380,6d8ca33b-b105-4d7f-836e-7a4ed5769f47,0,1787003552206540000,28916000,12364333,,,1787003552218146000,1787003552303271166,11606000,0,,
381,c01b4613-3040-4818-902d-7880f5b229e3,0,1787003552713719000,34523500,16717666,,,1787003552730671000,1787003552815494728,16952000,0,,
382,bc69d103-6c3e-429e-96dd-0855a2f7a41a,0,1787003553224165000,64226083,52499917,,,1787003553276949000,1787003553355578771,52784000,0,,
383,33cae7f4-1531-4e04-8536-190bffb15336,0,1787003553734478000,32144959,15229125,,,1787003553749433000,1787003553834434679,14955000,0,,
384,1c33ea3a-617a-4dff-b299-42fdf6b0cee0,0,1787003554241107000,38209542,21059375,,,1787003554262430000,1787003554346589680,21323000,0,,
385,dd146334-b3a4-46c2-a3ca-3ce135e71d4a,0,1787003554749831000,34016291,16779416,,,1787003554765905000,1787003554849478040,16074000,0,,
386,1759d973-d0d1-4941-adde-d13b197870f1,0,1787003555258158000,37333625,20434083,,,1787003555277893000,1787003555361722917,19735000,0,,
387,830890ca-ea7c-48d3-9f74-488c92a67148,0,1787003555766496000,31002958,12945666,,,1787003555779759000,1787003555864700310,13263000,0,,
388,cfab7771-1393-4a66-a254-1ba7b89ed3b2,0,1787003556275020000,34436958,16049791,,,1787003556291278000,1787003556376852780,16258000,0,,
389,e75b33e9-585f-4540-80e3-03f4431335e3,0,1787003556783122000,33914833,16507042,,,1787003556799375000,1787003556885056015,16253000,0,,
390,f64c2126-a072-473b-b714-ee070084522e,0,1787003557291424000,28611875,10876250,,,1787003557302597000,1787003557387813772,11173000,0,,
391,c96a5c2e-8076-4745-88aa-1d83773eddfe,0,1787003557798750000,34368000,16399292,,,1787003557815611000,1787003557899810034,16861000,0,,
392,20cbd584-4a3c-43db-b8ff-d4adaefcb47e,0,1787003558309290000,36420709,18333125,,,1787003558327883000,1787003558412876134,18593000,0,,
393,fc6ccaaa-4c47-4f1c-9d67-ddb13e373867,0,1787003558814947000,145266083,70511167,,,1787003558885735000,1787003559025970033,70788000,0,,
394,67b55723-e107-4b1f-8c20-1a51bdf63bce,0,1787003559321481000,139203083,76500208,,,1787003559397629000,1787003559528336391,76148000,0,,
395,7acd1aee-c0e1-4f89-9c63-128b717984ea,0,1787003559828196000,136655834,62913542,,,1787003559891577000,1787003560031199275,63381000,0,,
396,2b2a2768-9971-4877-bcf0-6a18a3bdeca7,0,1787003560333102000,143072042,70289708,,,1787003560403153000,1787003560543451782,70051000,0,,
397,a6c65486-ada8-4c9e-86e1-fcf40d67b2b9,0,1787003560843762000,144447792,73211625,,,1787003560917433000,1787003561055244162,73671000,0,,
398,f6ee5571-6c2a-4fb2-9d18-7a95fc64473a,0,1787003561354200000,138268375,74043125,,,1787003561428038000,1787003561559197796,73838000,0,,
399,c48573dd-5437-4279-a7c6-b72515664b03,0,1787003561858260000,136607542,62871167,,,1787003561921552000,1787003562061919302,63292000,0,,
400,5bad7e18-64b3-4d06-a8d8-6bf9f02bbea7,0,1787003562366376000,85746375,67472166,,,1787003562433167000,1787003562518499099,66791000,0,,
401,9b862004-2689-498f-9f80-c5ada70c5bef,0,1787003562874844000,70614709,61157250,,,1787003562936266000,1787003563013019236,61422000,0,,
402,aff84a79-c39d-4052-b100-fbc660f353c6,0,1787003563383949000,36893500,19985084,,,1787003563404204000,1787003563488752888,20255000,0,,
403,a1faf3aa-fdc2-4181-ac33-25e468371abe,0,1787003563891640000,34883875,18107917,,,1787003563909249000,1787003563994290777,17609000,0,,
404,4ee21621-724f-4df0-9937-3d88a78e3401,0,1787003564399272000,31788250,13258625,,,1787003564412296000,1787003564497753707,13024000,0,,
405,1b5dcaa4-8866-486e-8a5f-dbcb1a41b064,0,1787003564908927000,32560417,16177167,,,1787003564925566000,1787003565009256362,16639000,0,,
406,c4e49a39-dd72-41bf-b22f-4fe446dda5af,0,1787003565418655000,36519916,19564083,,,1787003565438643000,1787003565522794575,19988000,0,,
407,1068adf3-6b38-4f25-ad5d-556fd6742db9,0,1787003565924757000,138902125,69505208,,,1787003565993733000,1787003566071122918,68976000,0,,
408,98444000-5ee0-435b-89ff-13e4094aaf1b,0,1787003566435369000,141366833,68575083,,,1787003566504369000,1787003566583053655,69000000,0,,
409,da152e6a-1994-48df-8022-ff1fffa74500,0,1787003566940813000,143133583,72741292,,,1787003567013887000,1787003567095071096,73074000,0,,
410,2d971c14-3bea-453b-8a3d-10f09da33e4d,0,1787003567450627000,132776625,63041083,,,1787003567513949000,1787003567592860904,63322000,0,,
411,b227a594-65a9-4cb5-ab1b-a959056385b6,0,1787003567957244000,146635666,76999000,,,1787003568034688000,1787003568113931866,77444000,0,,
412,8d2a86f5-5642-4352-b173-1994df217907,0,1787003568466216000,137398709,67634209,,,1787003568534210000,1787003568616957521,67994000,0,,
413,eee52d03-b917-4ff9-81f2-579c26862d9c,0,1787003568974630000,138904583,69023083,,,1787003569044159000,1787003569129049807,69529000,0,,
414,ff12da87-8eb8-4cf3-998c-415ff52d146e,0,1787003569482951000,131659583,60506292,,,1787003569543707000,1787003569622857638,60756000,0,,
415,f2378d20-0363-4c89-af87-bdfc13e317a3,0,1787003569991449000,142024584,72102625,,,1787003570063390000,1787003570143940286,71941000,0,,
416,15f1da16-b0b1-4ad7-a3f8-e2048c1c1675,0,1787003570500067000,155465667,84429125,,,1787003570584258000,1787003570661795783,84191000,0,,
417,5f1c1d46-6d19-485d-b033-d0563ed67fab,0,1787003571010500000,143164208,73079208,,,1787003571084158000,1787003571168898840,73658000,0,,
418,4d7618d5-9522-4679-a6fe-a333f2a75e5c,0,1787003571515968000,33286041,15830541,,,1787003571532248000,1787003571617164387,16280000,0,,
419,64c56127-53af-467b-9ddc-1ab344b0f6b6,0,1787003572024636000,39225208,19361875,,,1787003572043775000,1787003572128796084,19139000,0,,
420,df93c0b7-2fce-49e2-8959-67bc5370279c,0,1787003572527352000,27266334,9954625,,,1787003572537506000,1787003572622627774,10154000,0,,
421,2e20f40e-4818-43b8-b58a-1e74e95988be,0,1787003573032766000,34226125,16744959,,,1787003573049321000,1787003573134917756,16555000,0,,
422,01784a57-0968-45c8-bf88-a78925e053b4,0,1787003573543087000,35324750,18403042,,,1787003573561323000,1787003573646582075,18236000,0,,
423,6c760783-43ba-467a-a02f-9e3bcc731988,0,1787003574051959000,30344042,13009792,,,1787003574064790000,1787003574150085344,12831000,0,,
424,bd1669a6-8508-4f5f-982f-5d0e0a766cd3,0,1787003574555907000,28577750,11531000,,,1787003574567688000,1787003574652302694,11781000,0,,
425,8449fb49-1974-4bb9-a613-d3356300c482,0,1787003575058161000,29911834,11829125,,,1787003575069773000,1787003575155256713,11612000,0,,
426,62528cc1-2af7-46c0-a822-17b97d5c4196,0,1787003575566206000,33410084,15930000,,,1787003575582022000,1787003575667352230,15816000,0,,
427,7b6d8993-7317-4f10-b6f0-52d1356f1bf3,0,1787003576073446000,29944708,17642250,,,1787003576090760000,1787003576170278003,17314000,0,,
428,29fb2371-80c3-4027-8797-39e2ae5eb2c5,0,1787003576576234000,30262583,11562083,,,1787003576587613000,1787003576673052906,11379000,0,,
429,72cab91c-e7d8-4384-b08c-cda06b4cbfc6,0,1787003577084994000,41023958,21623417,,,1787003577106359000,1787003577191079956,21365000,0,,
430,fd110dcc-add7-4e38-a097-574688d218e2,0,1787003577594188000,31789292,14926084,,,1787003577608834000,1787003577693950928,14646000,0,,
431,daecb8f8-1181-49db-9195-ea40377b1cc1,0,1787003578099586000,38964708,23756792,,,1787003578123676000,1787003578206468121,24090000,0,,
432,770b154f-c67d-486d-b4b1-a2fc7bc154bd,0,1787003578607926000,33574167,16801000,,,1787003578623586000,1787003578709335850,15660000,0,,
433,8c7122f1-f7de-42e7-bc05-2cc668719ab2,0,1787003579116296000,36563625,19346416,,,1787003579135415000,1787003579220864116,19119000,0,,
434,263a45b0-2b64-4f61-ab65-bb3664040a9b,0,1787003579624464000,21632250,13592167,,,1787003579637933000,1787003579714317348,13469000,0,,
435,ab4dd3e8-d432-4db4-a09d-845afb4325ef,0,1787003580134452000,32759375,15521417,,,1787003580149856000,1787003580235556075,15404000,0,,
436,9c2670e8-3fd4-4b32-922f-95b8d1d5c1d7,0,1787003580644698000,32512125,16040084,,,1787003580660513000,1787003580744528189,15815000,0,,
437,81e41551-6072-4ab6-9cad-4d7ff6c4c4a2,0,1787003581147763000,31621500,15416583,,,1787003581163059000,1787003581247580819,15296000,0,,
438,6e1304ef-d34c-461a-85f3-a1d5ec4da8e6,0,1787003581656045000,35546250,18873792,,,1787003581673960000,1787003581759307687,17915000,0,,
439,3d870d77-5147-45e6-84a2-ec56b0a9e761,0,1787003582157815000,36975125,18920459,,,1787003582176905000,1787003582262192194,19090000,0,,
440,6f8f17eb-ebfb-48a4-b9f7-7f6188f2abe4,0,1787003582662443000,34200542,17088459,,,1787003582679415000,1787003582764980702,16972000,0,,
441,24ccf745-c3be-43f9-8d26-19361efdb00b,0,1787003583169042000,58727292,13421625,,,1787003583182350000,1787003583268086174,13308000,0,,
442,fd882e54-66e8-425f-8299-6ed45c50a90d,0,1787003583674417000,28486834,11277042,,,1787003583685585000,1787003583770941817,11168000,0,,
443,049955c7-5da2-4bdf-af43-509a4c507bda,0,1787003584184668000,29966750,12740458,,,1787003584197511000,1787003584282996435,12843000,0,,
444,badffb92-6b90-422d-8ccc-43cbc1e429ce,0,1787003584694083000,32194709,15412875,,,1787003584709381000,1787003584794486918,15298000,0,,
445,1581542a-6062-4d97-bb9d-b070047a87ef,0,1787003585200497000,29644584,11409584,,,1787003585211808000,1787003585297670705,11311000,0,,
446,1e078e74-65ef-4159-9a73-d087d9dd2907,0,1787003585709945000,35352042,17391458,,,1787003585727223000,1787003585812865612,17278000,0,,
447,b5867957-152e-4ad5-8e67-6463f3843126,0,1787003586220092000,37236542,19257125,,,1787003586239230000,1787003586325050285,19138000,0,,
448,de0424a4-348d-4e43-a8ad-009e18100353,0,1787003586730240000,30289459,11863167,,,1787003586742002000,1787003586828027544,11762000,0,,
449,b883a04a-4f1f-4ff7-be39-64873005ab2d,0,1787003587232668000,39890709,22154000,,,1787003587254699000,1787003587340146945,22031000,0,,
450,a3256d08-b306-4040-8e07-48184f79ccba,0,1787003587742854000,31768458,14878708,,,1787003587757965000,1787003587842888990,15111000,0,,
451,1d0ca00e-2865-4c77-9401-c761cf2e804b,0,1787003588251715000,36319375,18273500,,,1787003588269845000,1787003588355042310,18130000,0,,
452,a31516ba-ce9c-4fa9-9e4b-487067330bc7,0,1787003588761861000,36642334,21951500,,,1787003588783586000,1787003588866786942,21725000,0,,
453,426338b4-dbb1-41e6-8f8f-4a62273791d5,0,1787003589265985000,35689625,18688541,,,1787003589284770000,1787003589369579620,18785000,0,,
454,dff60d04-f77c-46d5-8344-6cb0982756a9,0,1787003589774291000,30370334,12907459,,,1787003589786309000,1787003589872105844,12018000,0,,
455,b2f798ea-3d5a-46f8-9436-e4d992fec758,0,1787003590283770000,32558500,16462834,,,1787003590297733000,1787003590384427519,13963000,0,,
456,8b58fba0-64f6-46a9-ad47-089d827ddedd,0,1787003590793860000,36773167,18783459,,,1787003590812533000,1787003590896135369,18673000,0,,
457,e43457fe-b877-435b-ba75-defd1dbc6ec6,0,1787003591302282000,29971833,11676291,,,1787003591313614000,1787003591399336974,11332000,0,,
458,91e8cd1c-ec56-4370-ab80-a82f9001350d,0,1787003591806107000,37403333,19365125,,,1787003591825355000,1787003591911043931,19248000,0,,
459,16c741ef-36fc-467b-862b-9b44cded17e6,0,1787003592316352000,34899709,16806500,,,1787003592333039000,1787003592418996522,16687000,0,,
460,f9015220-9709-4184-8915-55d1306ca799,0,1787003592826655000,27543750,9566708,,,1787003592836123000,1787003592922178249,9468000,0,,
461,60c055a7-e96f-4e38-af80-61eb9b402561,0,1787003593332631000,24513542,15125459,,,1787003593347634000,1787003593425095779,15003000,0,,
462,6e353e08-619b-429e-99f9-65d7e965c728,0,1787003593839353000,99681000,90384917,,,1787003593929564000,1787003594007945757,90211000,0,,
463,252d23cb-da38-4131-b168-546512f3b594,0,1787003594349622000,34979208,16881500,,,1787003594366272000,1787003594451810080,16650000,0,,
464,f04e64af-d57c-49d8-b657-94a5339b42ea,0,1787003594856780000,39134750,21398500,,,1787003594877861000,1787003594963801911,21081000,0,,
465,c9fdf67b-ec59-4f95-86f8-bd6d83c8748d,0,1787003595357260000,32233666,14713875,,,1787003595371709000,1787003595457659486,14449000,0,,
466,bfe3f402-9aa4-43ec-9aaa-6dba186d9dbd,0,1787003595868038000,29307916,12776916,,,1787003595880382000,1787003595964964493,12344000,0,,
467,c31ecdfa-1e26-4c96-ab85-09bbe699cf61,0,1787003596374342000,34525500,17568208,,,1787003596391711000,1787003596477056973,17369000,0,,
468,dba1e3a9-444b-4217-8720-0388b40a1363,0,1787003596882135000,29847209,13731750,,,1787003596895661000,1787003596979645478,13526000,0,,
469,8e2add98-e3d5-4fb9-9af1-36c71a80b173,0,1787003597391013000,28889584,11335417,,,1787003597402093000,1787003597487618571,11080000,0,,
470,67832ca7-e454-411b-bf29-96cea6abca7a,0,1787003597898502000,34822792,16989584,,,1787003597915157000,1787003598000108754,16655000,0,,
471,0706ac2c-3930-45dd-b283-5bfddcc8dafe,0,1787003598406420000,29292625,11686833,,,1787003598417539000,1787003598502594917,11119000,0,,
472,f21c0859-d996-4297-87c8-da1381d4703a,0,1787003598915148000,35968042,17675208,,,1787003598932610000,1787003599018313044,17462000,0,,
473,81b6ce67-bb4d-4f13-83b1-49e2e21acc59,0,1787003599425538000,18834584,9286125,,,1787003599435081000,1787003599511465547,9543000,0,,
474,b5cc704b-8e2e-4c92-b31b-77d56742dbc3,0,1787003599935096000,40874334,22746834,,,1787003599957177000,1787003600041825486,22081000,0,,
475,e01434c4-bfd6-474a-bbfb-c8923b28e321,0,1787003600445538000,31808333,13925500,,,1787003600459917000,1787003600544861918,14379000,0,,
476,1054561e-3ad6-4668-a5a4-38580d281d00,0,1787003600955713000,34280458,15680041,,,1787003600971674000,1787003601057254317,15961000,0,,
477,8b46e915-657c-4c3e-9cce-f076d40d6db5,0,1787003601466061000,36492875,17885583,,,1787003601483615000,1787003601569340253,17554000,0,,
478,fcd2f289-00a0-4f0c-b756-486648133758,0,1787003601974279000,39506792,21321000,,,1787003601995859000,1787003602081313026,21580000,0,,
479,5d4eca83-1883-4030-b6e8-48a08417d28d,0,1787003602482535000,33217666,11653291,,,1787003602493527000,1787003602579497314,10992000,0,,
480,cc35a632-92d8-4f6e-82ba-fc67f2c1044f,0,1787003602993025000,31630167,13519875,,,1787003603006180000,1787003603091658344,13155000,0,,
481,fb6c54c0-24b7-46c1-809c-25afea931ab2,0,1787003603496223000,31081958,14970125,,,1787003603511432000,1787003603594739233,15209000,0,,
482,7f0fa031-8d04-4385-bf47-22e53a494f49,0,1787003604001430000,39267292,20910417,,,1787003604022800000,1787003604106494073,21370000,0,,
483,7807f4df-d8c8-487a-9f19-78f4c248ee79,0,1787003604507891000,32716708,15291208,,,1787003604523404000,1787003604609022469,15513000,0,,
484,d628d6d0-2894-4ce8-908c-f3c6380e4fbb,0,1787003605015400000,30924042,11286500,,,1787003605026335000,1787003605112364308,10935000,0,,
485,ba284263-14dd-42d6-9dbc-09688410f80e,0,1787003605526091000,34195958,17493958,,,1787003605543842000,1787003605628521324,17751000,0,,
486,8e4b5f49-624f-4280-9402-28c11878b801,0,1787003606027128000,37514458,19168542,,,1787003606046638000,1787003606131533331,19510000,0,,
487,22e05895-3142-4a7b-85bc-5fded755b33c,0,1787003606537637000,38738500,20327541,,,1787003606558329000,1787003606643966408,20692000,0,,
488,b5301592-963d-47e1-be4d-4842d35bb6f7,0,1787003607040907000,28503292,11505917,,,1787003607052840000,1787003607137060760,11933000,0,,
489,0e518b94-aa10-40ef-a33c-96723e97f244,0,1787003607550598000,39886500,23219708,,,1787003607573638000,1787003607658483426,23040000,0,,
490,cdba1803-2e26-477e-927b-d6cf608cf9d0,0,1787003608057501000,37082875,18023833,,,1787003608075769000,1787003608161450486,18268000,0,,
491,86df0394-22ca-4bf3-a394-4fe74648d113,0,1787003608567832000,37455667,20358125,,,1787003608587968000,1787003608673141149,20136000,0,,
492,b751c0d8-0b62-4ec8-8c46-3454c09e42a2,0,1787003609076217000,31488125,17135792,,,1787003609093699000,1787003609174443844,17482000,0,,
493,feefc50e-f217-420e-9f24-b859b8175338,0,1787003609582504000,37565875,18350000,,,1787003609601109000,1787003609686350036,18605000,0,,
494,93cd720d-f2dd-465e-98e8-c0f5a3392e04,0,1787003610090866000,33321958,15936416,,,1787003610106498000,1787003610191934452,15632000,0,,
495,0bdf7bd4-415a-4ccc-a1df-e3317d7da9ac,0,1787003610598468000,37528958,20013541,,,1787003610618288000,1787003610704013588,19820000,0,,
496,472624b4-e32b-4ca7-a15a-a8d72a09c1d0,0,1787003611099136000,29808708,13069250,,,1787003611112495000,1787003611197410786,13359000,0,,
497,44da9a42-3096-4243-a3ea-dabab2e562ae,0,1787003611607727000,34452834,17628250,,,1787003611625716000,1787003611709532187,17989000,0,,
498,9181cde1-005b-4484-b442-57b744f19817,0,1787003612118070000,144826167,74676875,,,1787003612193192000,1787003612276203728,75122000,0,,
499,d1dd3ce2-3f6a-49db-b1d0-6d5b083496c8,0,1787003612624141000,138576125,68389500,,,1787003612692185000,1787003612778781231,68044000,0,,
500,33c95fc1-ae7b-47c7-b255-4b3cd3c925a2,0,1787003613132502000,140101250,70763833,,,1787003613202921000,1787003613281666796,70419000,0,,
501,879db699-2c17-4a12-813a-39049c1160b0,0,1787003613638306000,154606916,78484625,,,1787003613716237000,1787003613802679861,77931000,0,,
502,1b68c7d7-46c0-41be-8092-55c6476c3e64,0,1787003614148755000,133735375,63920000,,,1787003614212426000,1787003614294311724,63671000,0,,
503,3dc83b00-3d06-43e7-9595-a27cb5585be4,0,1787003614659127000,143642041,73638541,,,1787003614733197000,1787003614815233046,74070000,0,,
504,a9a43026-06c4-4859-b321-c781d9f1ede6,0,1787003615165803000,147269500,77431250,,,1787003615242924000,1787003615327331530,77121000,0,,
505,7c18c908-c302-467d-9e30-bb3e6c48d3e2,0,1787003615674099000,138763250,68552417,,,1787003615743121000,1787003615821301099,69022000,0,,
506,bb792f9c-b8ae-4b02-8664-f4c06733a3ed,0,1787003616184545000,138375125,68147667,,,1787003616252954000,1787003616333075343,68409000,0,,
507,36cf7e75-a10e-4e14-ace4-6a621216ab80,0,1787003616690699000,142801750,72053042,,,1787003616763191000,1787003616845449239,72492000,0,,
508,c38ba7f9-8535-477d-bad5-937c82bab711,0,1787003617199087000,143895125,74144166,,,1787003617272897000,1787003617357381073,73810000,0,,
509,a9cb74ad-11c2-4ca8-8a98-5ae7e1a23ed7,0,1787003617707730000,134998584,64840000,,,1787003617772895000,1787003617850982478,65165000,0,,
510,279de41f-9c5d-4753-9537-fb75d07e9e21,0,1787003618215279000,137511084,67661709,,,1787003618283199000,1787003618362993834,67920000,0,,
511,3fd34714-587e-4759-94a1-83ee6785d84f,0,1787003618724089000,27527375,10934792,,,1787003618734829000,1787003618820020871,10740000,0,,
512,feae2cd8-5949-4f99-9caf-d3367834028a,0,1787003619232435000,31957208,13325750,,,1787003619246015000,1787003619332035778,13580000,0,,
513,dd93ccba-44be-44e1-ad86-a2483c55d6cc,0,1787003619739649000,36089667,18628750,,,1787003619758732000,1787003619843680126,19083000,0,,
514,6f451437-a437-4c49-a88b-0cfc01a96a79,0,1787003620250128000,133617000,62599750,,,1787003620312456000,1787003620392865983,62328000,0,,
515,4fe368a2-4368-48af-a0a4-74768438da3b,0,1787003620760351000,142588291,73055291,,,1787003620833881000,1787003620913496915,73530000,0,,
516,8a221a26-f0bb-4c89-82dd-2c3a348c009b,0,1787003621266466000,146172334,76842292,,,1787003621342792000,1787003621425633260,76326000,0,,
517,9d17e4d6-6a00-4dd1-965a-992a9f306deb,0,1787003621776872000,145837042,75770709,,,1787003621852169000,1787003621937688239,75297000,0,,
518,660eb38d-3af7-4482-b7c5-63a5d65d5f00,0,1787003622287235000,145166917,75228167,,,1787003622362695000,1787003622440485573,75460000,0,,
519,1839b461-df06-4559-92d9-55976951c910,0,1787003622791315000,141646875,71782750,,,1787003622863550000,1787003622948975525,72235000,0,,
520,ebfd18ac-7b56-486e-b03c-1eddb654b3f8,0,1787003623298988000,134353625,63391583,,,1787003623362571000,1787003623442820362,63583000,0,,
521,ea3466c4-1fd2-4bc8-b0e0-8964e6d982c0,0,1787003623806283000,149748417,76937875,,,1787003623882766000,1787003623963944711,76483000,0,,
522,5cf9ee20-911f-48a9-9345-43367fdafb98,0,1787003624307282000,135173334,65348125,,,1787003624372476000,1787003624450702137,65194000,0,,
523,0741dbf6-4ab8-4237-96f1-44df25c80c56,0,1787003624817700000,93209000,64927416,,,1787003624883190000,1787003624961150914,65490000,0,,
524,40acd966-a165-4916-81da-cd4de6b5b7be,0,1787003625328286000,36213041,17476416,,,1787003625346094000,1787003625431856815,17808000,0,,
525,80a0e1ce-220f-433f-be82-04c9a90e3220,0,1787003625832352000,34824666,19765500,,,1787003625851697000,1787003625934792124,19345000,0,,
526,7de818bb-a881-4a73-8b32-b394c18c914d,0,1787003626340658000,28258708,10854042,,,1787003626351794000,1787003626437288108,11136000,0,,
527,1b55a067-2ecc-48ca-ae64-b792dae52da6,0,1787003626849424000,42317209,23931500,,,1787003626872951000,1787003626958834280,23527000,0,,
528,8ae5ff8e-87a1-437b-af01-435c282ee6f9,0,1787003627357270000,35371833,18745292,,,1787003627375718000,1787003627461241849,18448000,0,,
529,017a6e5d-3f9c-4c88-a414-3d485f9595d6,0,1787003627867530000,37703875,24029667,,,1787003627892104000,1787003627973470802,24574000,0,,
530,8b3d5bd8-d0d0-46c0-b517-1dcfc82e9525,0,1787003628374289000,33541083,15644291,,,1787003628390175000,1787003628476205117,15886000,0,,
531,772915ca-267a-4904-9eec-c072e8837e99,0,1787003628884849000,35238083,17960708,,,1787003628902568000,1787003628988418745,17719000,0,,
532,19e04581-aa74-483a-9e3a-68139bcb839f,0,1787003629395192000,27636000,9914416,,,1787003629404895000,1787003629491241962,9703000,0,,
533,c6f72e25-4024-4cb1-82d4-56e6a9121b05,0,1787003629905653000,39427292,20789292,,,1787003629926710000,1787003630012499218,21057000,0,,
534,ddb0db7f-fc3f-4995-9d20-ed7dc2141cda,0,1787003630416245000,34168167,16387708,,,1787003630432274000,1787003630516797047,16029000,0,,
535,65d48a68-e364-4674-ae16-35fcc6528bbe,0,1787003630923969000,36866000,19698416,,,1787003630943331000,1787003631029009361,19362000,0,,
536,cc008ef5-7b33-4e22-aa6d-e869de54523f,0,1787003631434501000,38485625,22000542,,,1787003631456156000,1787003631541244380,21655000,0,,
537,3dc387e1-484b-4196-971d-0d0fc106c3b4,0,1787003631940563000,37038750,18139625,,,1787003631958347000,1787003632044056050,17784000,0,,
538,bf16e83d-cc91-4a81-8c05-cfe450506489,0,1787003632450946000,41572708,27764291,,,1787003632478512000,1787003632560797002,27566000,0,,
539,d99f8af7-7c6e-4891-9500-7e5925b8992d,0,1787003632955886000,37669791,17118000,,,1787003632972895000,1787003633059537278,17009000,0,,
540,c672c385-f6e2-416e-8764-3702859c21c0,0,1787003633463844000,30213166,12286958,,,1787003633476005000,1787003633562339740,12161000,0,,
541,b4be1213-ef4c-44c5-b562-d7e97a76c641,0,1787003633972240000,36852417,16263167,,,1787003633988249000,1787003634074175632,16009000,0,,
542,cfd358fe-0d1c-4f74-8d4a-402e395a03f5,0,1787003634480723000,131112166,61349791,,,1787003634541964000,1787003634622815717,61241000,0,,
543,bbc6274e-6d52-4754-9dd3-e0c852a52f6d,0,1787003634982461000,139644083,69488375,,,1787003635051840000,1787003635134819725,69379000,0,,
544,88d92e1a-bdd6-48ae-bb3c-e1e92d5d9214,0,1787003635492731000,150070500,79571250,,,1787003635572042000,1787003635656018941,79311000,0,,
545,87ce3915-ed23-4c0e-9dbb-e30aebc8c1d0,0,1787003636002976000,139342708,70254875,,,1787003636072913000,1787003636155301395,69937000,0,,
546,a280344f-2187-4f57-811e-3b8d46cea6d0,0,1787003636510185000,142202292,73231792,,,1787003636583939000,1787003636667362583,73754000,0,,
547,247c8fa5-888e-4e89-b154-3836b4766821,0,1787003637020661000,142077709,72154417,,,1787003637092293000,1787003637179580834,71632000,0,,
548,7909cc1d-3667-4243-82b1-1e64e0699b4b,0,1787003637530544000,132019500,61719917,,,1787003637592532000,1787003637673018551,61988000,0,,
549,7367037b-514f-4924-a67c-ea031a17a509,0,1787003638040512000,142010875,71822625,,,1787003638112617000,1787003638194284643,72105000,0,,
550,8fb12396-db85-4340-a5ea-6d98988e3609,0,1787003638542707000,139745875,69484333,,,1787003638612462000,1787003638697070251,69755000,0,,
551,cb5e38cc-9bef-4079-9475-e9a653b914f2,0,1787003639048822000,139288834,67819209,,,1787003639116445000,1787003639254759457,67623000,0,,
552,abbeafbe-6346-43db-83b5-037bef5837a3,0,1787003639557134000,132471333,68436917,,,1787003639625845000,1787003639757593429,68711000,0,,
553,8dda644c-fb8b-4d61-abff-8c86e95d20e8,0,1787003640063823000,146658792,75424292,,,1787003640138848000,1787003640278754262,75025000,0,,
554,276b1235-b79a-42de-a03f-1038061f5c6a,0,1787003640572181000,141242208,69836167,,,1787003640641417000,1787003640781488213,69236000,0,,
555,2c3a80ed-1256-4b4d-819c-b20a65263575,0,1787003641082324000,150047625,80744250,,,1787003641162502000,1787003641245719362,80178000,0,,
556,ae0a3aed-4827-4b58-8b43-2c9b3ad49e25,0,1787003641583640000,138968375,68347250,,,1787003641652251000,1787003641730351857,68611000,0,,
557,fd156bb0-8984-4feb-886f-45d7ce0ab32a,0,1787003642090482000,142572459,72599375,,,1787003642162901000,1787003642242327334,72419000,0,,
558,85767fbe-a778-47fb-b6ae-db2839285cde,0,1787003642600162000,141784250,71999083,,,1787003642672453000,1787003642755433648,72291000,0,,
559,1862722d-2d62-4b36-8390-4e1f73496053,0,1787003643107158000,134871333,65614458,,,1787003643172499000,1787003643258298322,65341000,0,,
560,bf376731-7582-45e5-b593-95b2a2173da1,0,1787003643615432000,137388416,66627000,,,1787003643682303000,1787003643761061039,66871000,0,,
561,db5e6ee1-5da0-4d20-8487-dc6794a79370,0,1787003644125861000,137094750,66349792,,,1787003644192518000,1787003644273039867,66657000,0,,
562,59bb0b9f-0faf-4ed4-a8a9-0ebdb1705d13,0,1787003644636271000,145938417,75988250,,,1787003644712004000,1787003644794415841,75733000,0,,
563,98b2ae2c-5646-4b16-b560-c12e77c8c1db,0,1787003645146630000,125777208,65565333,,,1787003645212007000,1787003645289493828,65377000,0,,
564,2bf3bba2-071a-43e1-bb21-8827684b4676,0,1787003645656958000,135566375,64994792,,,1787003645722242000,1787003645801135952,65284000,0,,
565,63f2195f-1e30-438b-bf3f-4302d7eaeda2,0,1787003646165754000,136599542,66274542,,,1787003646232276000,1787003646313288278,66522000,0,,
566,6e53f8ef-e7db-4c2a-be47-38312c05115d,0,1787003646676274000,115900833,75984500,,,1787003646752051000,1787003646834934244,75777000,0,,
567,eeed45a4-fd2f-40bf-9cc0-749bd98d3ef1,0,1787003647186762000,35792583,18714000,,,1787003647205130000,1787003647291019315,18368000,0,,
568,b512af1e-0b1f-41e1-8578-81e42767abfa,0,1787003647690444000,34570666,17337333,,,1787003647708102000,1787003647793847050,17658000,0,,
569,5a1af784-c803-48e8-9b7a-2bb0137a03de,0,1787003648198112000,30750125,12648084,,,1787003648210620000,1787003648297097772,12508000,0,,
570,ae75975e-a469-4aa1-8df6-0f2b3333ce62,0,1787003648709177000,29573250,11637625,,,1787003648720582000,1787003648807334413,11405000,0,,
571,c002e6c6-662f-4a78-81ed-ef0a24c7c517,0,1787003649219486000,35669917,18122209,,,1787003649237886000,1787003649322955174,18400000,0,,
572,ef460574-4098-4f56-8c96-75f5280711cb,0,1787003649723793000,34195708,17260291,,,1787003649740590000,1787003649825637927,16797000,0,,
573,847c66da-7ef0-4112-b987-aab84485a5e9,0,1787003650232221000,27818417,12542292,,,1787003650244246000,1787003650328521427,12025000,0,,
574,be412fa7-8f5f-406e-83dc-4895ca816ff8,0,1787003650733100000,28837625,11671875,,,1787003650744660000,1787003650831117220,11560000,0,,
575,2639e970-5741-4f09-8f63-218c2f502b13,0,1787003651243330000,148682667,68825750,,,1787003651311960000,1787003651398307994,68630000,0,,
576,a6ad43e7-3cb8-412f-a29e-022a12344e12,0,1787003651753608000,138326333,68366208,,,1787003651821807000,1787003651901260330,68199000,0,,
577,7f6b09bc-d2ff-4105-aad4-f7e2dbddb5f7,0,1787003652261921000,140523084,70442917,,,1787003652331667000,1787003652413525226,69746000,0,,
578,9d87e4dc-f7ff-4ede-a5a6-6de69ec2c42d,0,1787003652771932000,139836625,69897958,,,1787003652841707000,1787003652925355300,69775000,0,,
579,66a9b7a6-955c-4ff7-89a6-fb3e09371bd1,0,1787003653282082000,253068875,94063584,,,1787003653371104000,1787003653544006011,89022000,0,,
580,26c0a770-ee4b-4871-b85c-604a78954bd8,0,1787003653792321000,140634791,69424583,,,1787003653861637000,1787003653945408495,69316000,0,,
581,5603a976-dadc-4e85-8015-5f1ff0c5708f,0,1787003654299504000,142656458,73347208,,,1787003654372497000,1787003654457194689,72993000,0,,
582,315db5d4-93bd-4f83-98df-caf3d7390816,0,1787003654807015000,145027291,65927625,,,1787003654873362000,1787003654960034199,66347000,0,,
583,cf3d3cd8-aafd-473a-a1fe-19bf38ecd942,0,1787003655313685000,138394208,68581875,,,1787003655382853000,1787003655461804245,69168000,0,,
584,fdb10fa5-b6e4-4727-9669-24480c823762,0,1787003655823860000,148534667,78479834,,,1787003655902066000,1787003655983077462,78206000,0,,
585,26dd01bf-be5f-411a-b9f6-6786a57aada3,0,1787003656334356000,148016000,77635250,,,1787003656412424000,1787003656495409649,78068000,0,,
586,df966783-9231-48a6-8c96-4a8b943a1a53,0,1787003656844432000,137851084,67491459,,,1787003656912249000,1787003656997911557,67817000,0,,
587,8cc27997-3517-4086-9027-78c91b288463,0,1787003657348719000,145516500,63219834,,,1787003657412359000,1787003657500178040,63640000,0,,
588,ffded626-9775-4ba1-aad6-8122eb85e8a0,0,1787003657857079000,145847042,75511042,,,1787003657933038000,1787003658012167729,75959000,0,,
589,cfe4e468-d0c0-471e-aef5-2886a9d0c440,0,1787003658365476000,146474291,76938708,,,1787003658442071000,1787003658524189879,76595000,0,,
590,fa327ffc-67b7-4241-aa0f-b1b95a6f339e,0,1787003658873629000,138372542,69140042,,,1787003658942418000,1787003659027045578,68789000,0,,
591,b6b98756-f2f8-49a4-bd7d-c9c7e2ecc1ba,0,1787003659382408000,129467125,69276750,,,1787003659451963000,1787003659529737713,69555000,0,,
592,cd92ea02-3bc4-4471-8dda-7e83d8379b10,0,1787003659890300000,131954625,64513875,,,1787003659953345000,1787003660032671203,63045000,0,,
593,58d38500-ef73-4ebd-9f9a-837c333d1a5a,0,1787003660400840000,141117375,71485042,,,1787003660472114000,1787003660555176434,71274000,0,,
594,fec0a101-94e0-41f0-839d-3c199821a9bb,0,1787003660904451000,137479542,68119667,,,1787003660971988000,1787003661057932916,67537000,0,,
595,42a16524-c8d5-4cb1-a95d-157a1bc9379b,0,1787003661414353000,137812125,68555417,,,1787003661482249000,1787003661569824374,67896000,0,,
596,e65cea1e-eed6-4f5c-b853-7adab155747b,0,1787003661924138000,137505041,67793708,,,1787003661991659000,1787003662072960950,67521000,0,,
597,dea2cd3f-3f3e-4915-a761-23649418d88c,0,1787003662429535000,142364875,72409791,,,1787003662502234000,1787003662584802836,72699000,0,,
598,6ab9f775-6435-4675-950e-1d1ccc47157e,0,1787003662934928000,136683542,67853417,,,1787003663001946000,1787003663087679228,67018000,0,,
599,3de343a0-fe96-4258-8696-8c5a941daed7,0,1787003663438837000,143065875,73262250,,,1787003663511835000,1787003663599558146,72998000,0,,
600,69268749-9823-485e-adf5-250451921b9b,0,1787003663944384000,157671542,77939417,,,1787003664022049000,1787003664102988201,77665000,0,,
601,d739b63f-3304-4da6-a93f-3796e33acfa7,0,1787003664447944000,36270084,22629542,,,1787003664470783000,1787003664551726691,22839000,0,,
602,33d60499-eb18-407c-9403-bc2cedf9e269,0,1787003664953570000,27447417,10967875,,,1787003664964784000,1787003665050071398,11214000,0,,
603,216072f6-4ecd-4f69-aa22-22d001e15eb7,0,1787003665456206000,37901375,19935416,,,1787003665476335000,1787003665562123701,20129000,0,,
604,fc7f421a-e077-44dc-91fd-be3625feda97,0,1787003665962090000,34338916,16813833,,,1787003665979348000,1787003666065273907,17258000,0,,
605,0169f815-f1a8-43d7-b71d-fbd9fee4b365,0,1787003666464456000,35992250,19713083,,,1787003666484380000,1787003666568324906,19924000,0,,
606,00cc5b23-3ee5-4dfa-b59d-51ac8919629c,0,1787003666966361000,35655208,18250708,,,1787003666984877000,1787003667070725081,18516000,0,,
607,df0f8194-e8c3-48ac-86eb-0fc6766ab84f,0,1787003667471033000,34091458,17129500,,,1787003667487966000,1787003667573924607,16933000,0,,
608,4f1de061-cc59-4b60-a3d3-7234164c5437,0,1787003667976488000,33495708,13709166,,,1787003667990422000,1787003668076653158,13934000,0,,
609,9c8540d2-d8db-4e22-a602-c07c14f8d719,0,1787003668481884000,37993833,20296958,,,1787003668501987000,1787003668588738866,20103000,0,,
610,d82022c9-f7e3-4f53-bcb2-38fe1ca53b65,0,1787003668987336000,35809833,17876083,,,1787003669005443000,1787003669091907074,18107000,0,,
611,32be0d05-9da1-4517-b921-9607204ff992,0,1787003669492815000,33131250,15083792,,,1787003669507684000,1787003669594458903,14869000,0,,
612,fe17f420-012c-49ae-a834-a589227a6f18,0,1787003669997774000,29834875,13333000,,,1787003670010906000,1787003670096946940,13132000,0,,
613,99ed0961-d1fc-414c-a990-61ab11c4ae4a,0,1787003670501849000,29344250,12543875,,,1787003670514169000,1787003670599737742,12320000,0,,
614,3db2768b-4c4d-4ac3-87fa-bed248993db3,0,1787003671005174000,29534083,11647625,,,1787003671016618000,1787003671102883246,11444000,0,,
615,fafc798f-5270-4b5b-a35c-527945ab0ad2,0,1787003671508499000,29702333,11360417,,,1787003671519675000,1787003671606029225,11176000,0,,
616,1221a78f-433d-41e5-b2fb-9170237ff347,0,1787003672010799000,79968834,63100042,,,1787003672073669000,1787003672159941588,62870000,0,,
617,cc60c082-7e02-43b4-91c1-8e8e69ce96be,0,1787003672514390000,38224125,21479791,,,1787003672535625000,1787003672621735983,21235000,0,,
618,509169e6-5722-427b-85a3-63a88a631338,0,1787003673020036000,37752709,19506042,,,1787003673039248000,1787003673124431712,19212000,0,,
619,7c3911d3-b233-4c12-9895-fb7a2cc119d7,0,1787003673522709000,35662042,18462500,,,1787003673541022000,1787003673627396798,18313000,0,,
620,39725578-406a-4016-836a-68507a818fb9,0,1787003674028229000,34328208,18060167,,,1787003674045849000,1787003674130264385,17620000,0,,
621,4249b85c-7996-4e33-acfd-c286156cc51d,0,1787003674533812000,30899583,13602708,,,1787003674547144000,1787003674633284941,13332000,0,,
622,47289ce0-fa31-4ddf-a34a-081ea8794861,0,1787003675039362000,27500417,19250708,,,1787003675058931000,1787003675135961747,19569000,0,,
623,dc27a90a-dc4d-4d6b-9570-19d061852276,0,1787003675543062000,37154208,19936500,,,1787003675562465000,1787003675648380313,19403000,0,,
624,94d6ddcd-8444-42bf-a210-87c32523b27c,0,1787003676046748000,35586250,18759250,,,1787003676064926000,1787003676150823377,18178000,0,,
625,a37441e9-80e8-47dd-b914-055519485966,0,1787003676552256000,32042500,14885125,,,1787003676567330000,1787003676653617245,15074000,0,,
626,a018df95-d5e8-4d3f-8e98-d5c5d66f8446,0,1787003677056017000,28313500,10542250,,,1787003677066091000,1787003677152689796,10074000,0,,
627,49cdc986-a9b6-4b83-8550-67977b84a99f,0,1787003677560605000,35719917,18371125,,,1787003677578670000,1787003677664904038,18065000,0,,
628,95cfa0dd-1c1a-455d-8a36-6483910f34f4,0,1787003678064012000,35767375,17079875,,,1787003678080720000,1787003678167877122,16708000,0,,
629,c95298ec-34b5-4aab-ab7f-2e53c8ec8004,0,1787003678569635000,31745625,16155291,,,1787003678585456000,1787003678670244836,15821000,0,,
630,51c2ecc7-e8d7-47fb-a283-aca484fb8f69,0,1787003679071815000,28070958,10692833,,,1787003679082169000,1787003679168525512,10354000,0,,
631,6b4ba6b5-d7d9-404a-9e8d-f4c8a485d419,0,1787003679577409000,34509500,17510042,,,1787003679594527000,1787003679680866991,17118000,0,,
632,7699133c-54ec-434c-8bfd-5c04ec9ba9e1,0,1787003680084197000,30150458,12805541,,,1787003680097218000,1787003680183548159,13021000,0,,
633,19735ca5-9060-4c02-8713-3af3d611973f,0,1787003680589518000,28439042,10729167,,,1787003680599882000,1787003680686414618,10364000,0,,
634,c844e407-2f2f-429c-a466-1ca34f71e0c6,0,1787003681092762000,27415584,10222667,,,1787003681103439000,1787003681189181051,10677000,0,,
635,4e9c33ae-0bd2-4f45-8603-070afef6d6cc,0,1787003681593559000,29613542,11857458,,,1787003681605593000,1787003681691807083,12034000,0,,
636,7e1279ae-4bb0-487c-a694-61f09be26900,0,1787003682096441000,28200667,10872834,,,1787003682107687000,1787003682193709174,11246000,0,,
637,0c014582-5e54-4597-b682-709ddcc702c3,0,1787003682601924000,34662709,18156750,,,1787003682619558000,1787003682705647618,17634000,0,,
638,7ddb333c-97c1-4220-8794-3d6d10fe2f1d,0,1787003683102921000,28311167,10142417,,,1787003683112631000,1787003683199574630,9710000,0,,
639,b2d4f55d-4fa6-4927-8929-7b72ce3bd9f8,0,1787003683608334000,34833708,16609667,,,1787003683625234000,1787003683711576270,16900000,0,,
640,37179f20-336b-4b21-b52d-66b0006350f6,0,1787003684113823000,31102875,14518042,,,1787003684128076000,1787003684214130396,14253000,0,,
641,1994d19a-3632-42d6-90aa-5e58006410dc,0,1787003684618425000,39144833,21396875,,,1787003684640160000,1787003684726549277,21735000,0,,
642,23b18884-004a-476d-b0aa-5ecbd657ea10,0,1787003685120903000,30036500,13857750,,,1787003685135067000,1787003685219859642,14164000,0,,
643,7e15a986-fd4a-4328-951c-4b6b37e42288,0,1787003685625057000,39207208,22342750,,,1787003685647670000,1787003685732488914,22613000,0,,
644,c48c2e6b-d1cc-472a-8805-4027d5b19f1f,0,1787003686130286000,36050500,18299583,,,1787003686148773000,1787003686235009332,18487000,0,,
645,e8893b20-54bd-4376-b150-35bcab1ecf0b,0,1787003686635373000,33540875,15843584,,,1787003686650928000,1787003686737941334,15555000,0,,
646,170f839c-67cf-4693-8d00-2e8d7fbeb6d8,0,1787003687141253000,35371250,17909083,,,1787003687159398000,1787003687245706590,18145000,0,,
647,16a6742d-dac1-47b4-b973-2bdbda888e32,0,1787003687644825000,44153708,25675250,,,1787003687664698000,1787003687758040290,19873000,0,,
648,6b2aed8e-d194-4645-af16-de745efc1a1a,0,1787003688146025000,18137459,9973500,,,1787003688156218000,1787003688233501240,10193000,0,,
649,78e002d8-c24b-41e4-a679-7b054e2f6e23,0,1787003688649696000,26768542,18136334,,,1787003688667661000,1787003688745695644,17965000,0,,
650,ddeaa23f-dfab-4079-a3b9-0764a717bc8e,0,1787003689150609000,37598041,20602916,,,1787003689170953000,1787003689257317768,20344000,0,,
651,ecd60bcb-eab0-4070-a97e-862d925c3f14,0,1787003689652934000,138176500,68877125,,,1787003689721661000,1787003689806032240,68727000,0,,
652,045441df-03c1-44f9-885c-bba59a91d8a2,0,1787003690158050000,143247250,73452125,,,1787003690231218000,1787003690318423652,73168000,0,,
653,8ced61c1-040b-47e6-a4c2-fd0ad1b33d12,0,1787003690666699000,134544833,64814416,,,1787003690731003000,1787003690811802721,64304000,0,,
654,0e5ea3db-bd7c-4ed0-97af-1ea4bd93cf24,0,1787003691168099000,143652791,73012458,,,1787003691241304000,1787003691323907051,73205000,0,,
655,7507f13a-6507-47ea-a044-340628303445,0,1787003691673104000,139280292,68465583,,,1787003691741239000,1787003691826771148,68135000,0,,
656,fb368fba-217c-49b2-afd4-a268e3ac7c1a,0,1787003692176445000,135003125,64976708,,,1787003692241931000,1787003692320378940,65486000,0,,
657,59adf849-d5a3-435a-bafa-5dbd061090cf,0,1787003692683226000,147986917,77919792,,,1787003692761369000,1787003692841601798,78143000,0,,
658,f41b5070-3fb3-489f-882a-4085fed9071e,0,1787003693188618000,142271750,72919875,,,1787003693261237000,1787003693344153433,72619000,0,,
659,90acbd03-bbe6-4307-918a-2a60c7a061e6,0,1787003693693794000,137433458,67945583,,,1787003693761487000,1787003693847564225,67693000,0,,
660,04a59823-2e27-45cb-9f76-994126a5db00,0,1787003694199340000,141633125,72008000,,,1787003694271067000,1787003694350656992,71727000,0,,
661,89983f7e-9aab-478a-bac9-8409afd8ce93,0,1787003694702482000,141375250,68918417,,,1787003694771084000,1787003694853020843,68602000,0,,
662,7d8ecba9-1f3e-4c12-9db6-2a27e1376844,0,1787003695205994000,145048584,75249625,,,1787003695281424000,1787003695365336369,75430000,0,,
663,6549d62a-8975-4479-8ebd-153bbcadaf20,0,1787003695711404000,139714083,70059208,,,1787003695781166000,1787003695868170245,69762000,0,,
664,b8667ec2-38ac-4745-8759-e3d7e2e9289e,0,1787003696216772000,105576834,67111334,,,1787003696284345000,1787003696378907380,67573000,0,,
665,b2b31dab-bb56-40f6-8753-ee1e8ea7708e,0,1787003696720332000,33153542,14630333,,,1787003696735184000,1787003696821497072,14852000,0,,
666,bdd0f216-87bb-448e-bb3f-da986d744779,0,1787003697224214000,28244333,10669916,,,1787003697235119000,1787003697321943491,10905000,0,,
667,dc2ae0ea-ffce-4747-a06b-2b95ff1e50a2,0,1787003697729527000,35306500,18051375,,,1787003697747764000,1787003697834148101,18237000,0,,
668,5e173c19-f292-4905-a728-c1ada7a912c9,0,1787003698230229000,28359375,10643083,,,1787003698241045000,1787003698327836501,10816000,0,,
669,f1984583-1c08-403f-8042-e1b7d3a7aaed,0,1787003698735034000,36206334,17841125,,,1787003698753062000,1787003698839897306,18028000,0,,
670,489c1e9b-e6c1-404d-8036-d7721761a5ea,0,1787003699240447000,33535084,15370334,,,1787003699255647000,1787003699342643115,15200000,0,,
671,28033a8c-4a91-4e2a-9878-9ea2d302fb7a,0,1787003699743231000,34235084,15797500,,,1787003699758869000,1787003699845488240,15638000,0,,
672,c54d5fb9-36e8-4100-8a2a-76607e737052,0,1787003700245090000,34180625,17005291,,,1787003700261509000,1787003700348179307,16419000,0,,
673,0c55b6bf-a75b-4467-8402-4574278a66a2,0,1787003700749289000,28914625,11053167,,,1787003700760564000,1787003700847108344,11275000,0,,
674,c7138e0c-d1a8-4df7-a2ed-1fc6a6bf42ed,0,1787003701252666000,140222750,68574292,,,1787003701321017000,1787003701402348943,68351000,0,,
675,ba93f7ca-0365-47b8-97df-b90bcfc9ee4f,0,1787003701755256000,146059959,75871292,,,1787003701831304000,1787003701914149534,76048000,0,,
676,cd6f1990-e03e-4f5f-a08e-a5d491c71d87,0,1787003702259245000,141666750,74767541,,,1787003702333942000,1787003702418211227,74697000,0,,
677,b973a132-8bb1-435e-a925-30ac5dda9945,0,1787003702760421000,130488083,60239333,,,1787003702820548000,1787003702902983531,60127000,0,,
678,8a324e6b-aed2-451f-b501-41719c246c34,0,1787003703262353000,138805375,68748083,,,1787003703330983000,1787003703414495245,68630000,0,,
679,61d1fa7e-74dd-4f46-83c5-09053f4ad428,0,1787003703767605000,143557417,73324709,,,1787003703841103000,1787003703926650939,73498000,0,,
680,15cf94cb-fdf7-4d15-b1ef-62365bad28cf,0,1787003704272191000,148360417,78342792,,,1787003704340625000,1787003704429401007,68434000,0,,
681,759c4b3f-4fd9-4d74-a09f-658f8b8381fe,0,1787003704776706000,145289750,74223083,,,1787003704850865000,1787003704932252288,74159000,0,,
682,3eeab9ec-cf0b-471e-aae1-3d6dc2da1ca5,0,1787003705280151000,140551333,70864583,,,1787003705350907000,1787003705435020694,70756000,0,,
683,c5ab6390-f6a1-48eb-92eb-0eda7abbe17a,0,1787003705785396000,135322792,65444042,,,1787003705850707000,1787003705937851428,65311000,0,,
684,ce5e6a0e-4567-4742-8a2b-98e798b98d0c,0,1787003706288541000,28410709,11336834,,,1787003706300064000,1787003706385463235,11523000,0,,
685,10a2870e-a422-4e8c-8c32-a11b3df25b47,0,1787003706793153000,35802042,19935208,,,1787003706812626000,1787003706897446174,19473000,0,,
686,3477767e-dab8-4120-aad2-b9db6af24729,0,1787003707298660000,142408833,72035375,,,1787003707370939000,1787003707454823956,72279000,0,,
687,aef5141a-2347-49e8-b8ac-b6829bf8dfcc,0,1787003707802743000,159793583,78712458,,,1787003707881208000,1787003707967028941,78465000,0,,
688,51e18ae7-74d2-4da9-9e10-923ee1ff4f9e,0,1787003708305931000,148228750,75978084,,,1787003708381607000,1787003708469450439,75676000,0,,
689,eba5ab15-4f60-41a5-aa74-d78946c184d4,0,1787003708809803000,141131500,71398042,,,1787003708881022000,1787003708962894295,71219000,0,,
690,7839f84f-0c71-45cd-b7f7-f07e0591de1a,0,1787003709313501000,148299333,67412000,,,1787003709381112000,1787003709465785753,67611000,0,,
691,2f7e2b76-7f49-429f-8dcf-81263002705b,0,1787003709814165000,33144792,15292542,,,1787003709829696000,1787003709916075616,15531000,0,,
692,c954f772-6310-47f5-9e0d-11d37bb00d1e,0,1787003710314675000,35337250,17314208,,,1787003710332166000,1787003710419217050,17491000,0,,
693,2ca25526-e264-42a9-bfdd-018450768646,0,1787003710818440000,34678667,17350042,,,1787003710835416000,1787003710921780013,16976000,0,,
694,36e3b599-1701-4238-a3bf-3dd1c98b314b,0,1787003711322861000,32832625,15159250,,,1787003711338279000,1787003711425052504,15418000,0,,
695,80aa8597-3e29-412f-afae-dec77d58c60d,0,1787003711826435000,32245500,14251000,,,1787003711840893000,1787003711927964756,14458000,0,,
696,95c343e0-a8ec-4277-bd85-be8525d3f702,0,1787003712331831000,30672708,12958917,,,1787003712345046000,1787003712430395765,13215000,0,,
697,48aef625-fe42-4c9b-ba0d-c4cc53e3114f,0,1787003712834801000,30009500,11822375,,,1787003712846823000,1787003712933317670,12022000,0,,
698,1df751f4-232a-4f04-8f97-a6ab22823351,0,1787003713338861000,31676041,10467291,,,1787003713349529000,1787003713436126132,10668000,0,,
699,bfaa10b1-155d-4327-877e-7501b8ea9f2c,0,1787003713843070000,137759667,67611458,,,1787003713910880000,1787003713996779514,67810000,0,,
700,18259a35-5843-4f3e-a637-70d8dd8d5fca,0,1787003714348592000,142214208,72022292,,,1787003714420793000,1787003714509159596,72201000,0,,
701,0850b7c8-c8f4-46bf-b88f-b4412cbd4c88,0,1787003714853538000,137699792,67980417,,,1787003714921259000,1787003715002724397,67721000,0,,
702,50a2b549-7939-4070-8ea4-4a8bfad76461,0,1787003715354851000,146344041,77355458,,,1787003715432064000,1787003715514577302,77213000,0,,
703,f150bff2-fbc4-48b4-af33-99e5de80fc24,0,1787003715860140000,33926666,15843583,,,1787003715875545000,1787003715962377630,15405000,0,,
704,c59a3605-ce6a-4258-8ee9-0d1ab3b229a9,0,1787003716364222000,31680167,13066417,,,1787003716377882000,1787003716464023200,13660000,0,,
705,ef797973-4b0d-4327-b166-4172c8aa615c,0,1787003716868787000,38009625,20242084,,,1787003716888889000,1787003716975893923,20102000,0,,
706,45f2932a-5936-4fda-b6d8-7a3faa28e9ae,0,1787003717371853000,37502542,21786750,,,1787003717394146000,1787003717478897521,22293000,0,,
707,85457ec3-bbab-4d21-b075-8c95af8673cb,0,1787003717877245000,35629250,17753417,,,1787003717895217000,1787003717981936049,17972000,0,,
708,0dc51206-b8e4-4a69-a079-5c7c3cf91d0e,0,1787003718382712000,32538459,15205875,,,1787003718398112000,1787003718484779950,15400000,0,,
709,116a5a74-87f3-461c-8941-777baabbd827,0,1787003718886036000,41267083,23611333,,,1787003718909874000,1787003718996313128,23838000,0,,
710,461e2f14-5727-4fe7-be41-622c6e18c91a,0,1787003719386818000,31865167,11337417,,,1787003719397990000,1787003719485006371,11172000,0,,
711,694ed725-1081-4507-b8e7-a877fcc7ef88,0,1787003719890369000,28449042,11042375,,,1787003719901057000,1787003719988205758,10688000,0,,
712,d3d1c61b-d816-4d2e-ba19-fad686c140be,0,1787003720393062000,29794125,11876291,,,1787003720404678000,1787003720491958949,11616000,0,,
713,050a5a6e-8849-46e7-ad46-8cc11390855f,0,1787003720898526000,27337667,18844459,,,1787003720916799000,1787003720994900414,18273000,0,,
714,9ae0e70f-2471-4dc2-a668-1f6a6713ccf3,0,1787003721401388000,36549333,19865291,,,1787003721421438000,1787003721506911317,20050000,0,,
715,b86cd266-7f0d-48b0-89b8-9a0f6087b967,0,1787003721904128000,38645083,18239583,,,1787003721922552000,1787003722010073783,18424000,0,,
716,dbfd6d8e-9835-4179-9530-bcf6a11ca704,0,1787003722409562000,35493667,15948583,,,1787003722425704000,1787003722513174062,16142000,0,,
717,43a3b329-6f76-4c99-8434-6f9d653df597,0,1787003722913338000,33562416,15556916,,,1787003722928721000,1787003723015849125,15383000,0,,
718,d9276ff9-bd4e-4306-b0f8-e428ebc34b1c,0,1787003723417968000,26571708,9085250,,,1787003723427269000,1787003723514083718,9301000,0,,
719,45bd2709-43c4-4041-a62d-58e44fd8b5ec,0,1787003723923350000,35717708,16129500,,,1787003723939666000,1787003724026146159,16316000,0,,
720,97bf7245-c7a2-413c-bf0a-764f27a66128,0,1787003724427347000,35805125,14809833,,,1787003724442010000,1787003724529107547,14663000,0,,
721,be7a7e38-98be-467e-87f2-32e51e50e2dc,0,1787003724932844000,30040625,12512417,,,1787003724945002000,1787003725032177919,12158000,0,,
722,69e4d175-7224-4b1e-b045-32a2e4b0eb25,0,1787003725438209000,27422083,9731666,,,1787003725447790000,1787003725535091097,9581000,0,,
723,919cac31-f01a-453c-8076-106390a0fb0b,0,1787003725940500000,27377000,10031833,,,1787003725950357000,1787003726037495215,9857000,0,,
724,81b5ea48-7049-4c4a-a2a7-f7c1f07c5524,0,1787003726445829000,230471375,31461625,,,1787003726477144000,1787003726745388388,31315000,0,,
725,39fc1920-f424-4083-9ac4-4af41e987629,0,1787003726951270000,140187666,68281833,,,1787003727020149000,1787003727160472597,68879000,0,,
726,ef0abe93-c11c-4a74-b294-aa7c6bf4a5ce,0,1787003727452402000,142947375,69181541,,,1787003727521786000,1787003727663285952,69384000,0,,
727,8785ab41-1a43-4376-83bb-d71626fde9b6,0,1787003727954916000,133988458,69524166,,,1787003728024621000,1787003728157628015,69705000,0,,
728,093a14e0-7b57-4066-8cfa-b604837b2bca,0,1787003728459669000,31088833,12213833,,,1787003728472063000,1787003728559533863,12394000,0,,
729,26fa5214-753b-444d-896f-6dce377b6d0e,0,1787003728965197000,30346166,13086833,,,1787003728977890000,1787003729063918335,12693000,0,,
730,c961e889-c5c9-4d4d-9b2e-3c8e45c21e83,0,1787003729468966000,141451834,71280667,,,1787003729540469000,1787003729623419023,71503000,0,,
731,0f303e73-62ab-4bc9-9bf9-ad2dd3b98655,0,1787003729973429000,147205458,67044750,,,1787003730040658000,1787003730125930677,67229000,0,,
732,a8acfc6d-6fd9-4480-a6f5-844b6740af5d,0,1787003730476232000,134339625,64485958,,,1787003730540454000,1787003730619491188,64222000,0,,
733,6650b5d3-57a5-4be0-abb9-ee26c5d70154,0,1787003730979294000,131994417,61318625,,,1787003731040360000,1787003731122462345,61066000,0,,
734,484103b1-5830-479d-afaf-fe638a37d4ca,0,1787003731484392000,147519958,76246917,,,1787003731560347000,1787003731644183900,75955000,0,,
735,f6113817-f1ac-4b68-b768-90f6ae7adc3c,0,1787003731988235000,142293209,73218084,,,1787003732060748000,1787003732146343255,72513000,0,,
736,a52263e1-c8fc-4447-af39-066b0d81c65a,0,1787003732492837000,137484375,67962833,,,1787003732560621000,1787003732640895521,67784000,0,,
737,7d25fa44-81bb-4f3c-a2b2-947215e18e0a,0,1787003732998223000,142069375,72116333,,,1787003733070663000,1787003733152910000,72440000,0,,
738,9c7fa449-9421-40f6-9f04-a03a8e5189b1,0,1787003733501183000,139241750,69386125,,,1787003733571005000,1787003733655615465,69822000,0,,
739,b269065d-eed6-4bd9-b24b-20bf3551e8cc,0,1787003734006634000,143830834,73778459,,,1787003734080273000,1787003734167804182,73639000,0,,
740,b4ad16d4-422e-4054-9da8-c37c512c4c3d,0,1787003734511997000,138441125,68635125,,,1787003734580369000,1787003734661503020,68372000,0,,
741,5b970c24-917a-48eb-8466-4c84e8307f43,0,1787003735017363000,40271333,23400333,,,1787003735040516000,1787003735127319586,23153000,0,,
742,a99f5b44-8857-48f9-9209-28e16121f51b,0,1787003735522744000,29212167,20020709,,,1787003735542985000,1787003735621261233,20241000,0,,
743,4ec9d54e-162c-4772-9792-1d5a0ae3e0a6,0,1787003736026869000,27714667,10417667,,,1787003736037545000,1787003736124207790,10676000,0,,
744,f3b2d1d9-4232-4a3f-8f3a-28b2023784e6,0,1787003736532441000,33840542,16567334,,,1787003736548858000,1787003736635974960,16417000,0,,
745,b5db570b-9159-484d-9697-ce8f2e31c039,0,1787003737034450000,35883166,17579166,,,1787003737052238000,1787003737139166277,17788000,0,,
746,edff88d2-6b18-447b-a2e1-e989f0f8a766,0,1787003737539883000,31645667,14720709,,,1787003737554811000,1787003737641392933,14928000,0,,
747,175cb0b5-6c5d-4ac7-b562-38214a321d2b,0,1787003738045182000,39832083,21046375,,,1787003738066400000,1787003738153586521,21218000,0,,
748,78b7a856-23ef-42f7-ba00-bd7a8080b036,0,1787003738550661000,36319416,20288625,,,1787003738571171000,1787003738656259104,20510000,0,,
749,40802e35-b31a-481b-b1ef-8a0f82711d81,0,1787003739052488000,37350500,21207208,,,1787003739073882000,1787003739159467132,21394000,0,,
750,17d19fb0-3fae-4561-933d-20a2dd0bd1b1,0,1787003739558123000,33145083,16298500,,,1787003739574272000,1787003739661059025,16149000,0,,
751,d318527c-e769-4f44-9754-c5cce8ce316b,0,1787003740063630000,31466416,13012541,,,1787003740076905000,1787003740163962138,13275000,0,,
752,422d79e4-e7df-40ac-a124-2109b84239a8,0,1787003740567787000,29313292,11715333,,,1787003740579696000,1787003740666475137,11909000,0,,
753,ad8be7b3-7699-46f7-bed0-a9837b0b08e2,0,1787003741073036000,36661875,18415083,,,1787003741091630000,1787003741178484841,18594000,0,,
754,c4f89d0d-a966-46f5-9c69-43c5f297b6a2,0,1787003741577300000,34296750,18057000,,,1787003741595095000,1787003741681235420,17795000,0,,
755,e29d6df2-8c88-47b4-8604-05a8ca2d24c1,0,1787003742082813000,32920875,14162583,,,1787003742096705000,1787003742184294961,13892000,0,,
756,3e64c735-1472-4e40-b62d-01c627aa408e,0,1787003742588116000,29368959,13102000,,,1787003742600866000,1787003742687220975,12750000,0,,
757,43ee73b5-7e9d-4077-9faf-d872ad09f82e,0,1787003743091848000,29191833,11536791,,,1787003743102983000,1787003743190001061,11135000,0,,
758,30e521c4-260f-4abe-bc8d-2c1ff3859a3f,0,1787003743592769000,39435042,22526667,,,1787003743615133000,1787003743701994163,22364000,0,,
759,400cc59a-db54-4f8c-9440-77c0ea292f93,0,1787003744095297000,31035250,13447375,,,1787003744109169000,1787003744195807825,13872000,0,,
760,21471f21-1d11-4692-b0f9-f46d0c454426,0,1787003744600816000,27709375,10065791,,,1787003744611352000,1787003744697976751,10536000,0,,
761,a655b8d7-5d98-47a2-9a38-a1985581e815,0,1787003745105408000,35492667,17233709,,,1787003745122828000,1787003745209949299,17420000,0,,
762,ceaf59f5-2d08-4b3e-aa77-3ccfbdc73d44,0,1787003745609368000,34952291,15882333,,,1787003745625673000,1787003745712719367,16305000,0,,
763,ff6bb75b-e705-4d59-81ca-c3ed71e9ab15,0,1787003746110967000,35449292,17386833,,,1787003746128540000,1787003746215370936,17573000,0,,
764,34f27a93-9391-4495-81ef-6fd5f8f989af,0,1787003746612328000,39520000,18643833,,,1787003746631159000,1787003746718470709,18831000,0,,
765,08f394ab-5f33-467b-83f5-8b86da484eb9,0,1787003747117695000,33997959,17119834,,,1787003747134541000,1787003747221255965,16846000,0,,
766,a62779da-3f11-4502-be27-0fe2766a635a,0,1787003747623088000,31439167,13485875,,,1787003747636833000,1787003747724092679,13745000,0,,
767,b5bf5dae-b458-4d70-852f-45303250e847,0,1787003748128131000,29194833,12109917,,,1787003748140422000,1787003748227093031,12291000,0,,
768,b5b1f1e9-657b-4566-865f-980107c16f40,0,1787003748633622000,35515250,18716958,,,1787003748652949000,1787003748738725324,19327000,0,,
769,14340d56-307b-4cac-96e6-1a14a354fe03,0,1787003749135428000,29358334,10076917,,,1787003749145307000,1787003749232727183,9879000,0,,
770,b31f6f29-a668-4bcf-8771-3b81d85b700b,0,1787003749638248000,37116375,19002708,,,1787003749657086000,1787003749744156994,18838000,0,,
771,c97bc718-abbb-45ac-9fbf-0b1b6fbc12f3,0,1787003750142708000,34833125,17859000,,,1787003750160371000,1787003750247305797,17663000,0,,
772,aea0ef89-288d-4bb4-9a5d-91e4b1e89b54,0,1787003750646358000,34423875,16538333,,,1787003750662754000,1787003750750337192,16396000,0,,
773,57faf590-1dfc-48bc-9970-e1f5db7954f7,0,1787003751151510000,32449125,14072209,,,1787003751165417000,1787003751253202847,13907000,0,,
774,91cde053-8c48-4a4f-8153-74ce69fd617b,0,1787003751657120000,38518750,20866208,,,1787003751677625000,1787003751765172075,20505000,0,,
775,21c1a28c-d428-40c6-9f0e-9a70b7b03ff9,0,1787003752158706000,30640833,13234333,,,1787003752172126000,1787003752259203058,13420000,0,,
776,6931aca5-bfda-49fe-b645-22e9a7f37aac,0,1787003752659309000,33313208,15797000,,,1787003752675304000,1787003752761418217,15995000,0,,
777,8b20d7ec-0bfb-4c07-8a86-d1456b5c1036,0,1787003753164794000,31038042,12463417,,,1787003753177473000,1787003753265221798,12679000,0,,
778,f8217fab-7427-4a48-921a-b57e12238791,0,1787003753670196000,37208667,19177500,,,1787003753689570000,1787003753776573881,19374000,0,,
779,be1bec2f-65a9-4259-8c58-e4ea2f4cdaaa,0,1787003754174494000,35621208,18420917,,,1787003754192481000,1787003754279361719,17987000,0,,
780,a9cc7d5f-ad94-4a5c-9914-4453ad938b22,0,1787003754675918000,30420208,10721583,,,1787003754686475000,1787003754773148468,10557000,0,,
781,bfb4c688-b87f-4b15-b3ea-a9227337d838,0,1787003755178335000,35622000,16946167,,,1787003755195498000,1787003755282727833,17163000,0,,
782,0444728f-3c8b-48af-911e-98dad98ed4bd,0,1787003755683726000,41103209,23476292,,,1787003755707063000,1787003755794640988,23337000,0,,
783,bba1b493-bbc7-43f1-85bd-55d006a4fd08,0,1787003756189093000,29621000,12648375,,,1787003756201302000,1787003756288058862,12209000,0,,
784,05d4a104-96e1-4c46-b05b-6c8444ff83a9,0,1787003756691923000,29844417,13469333,,,1787003756705572000,1787003756791224217,13649000,0,,
785,32fdaba7-e747-45cb-9c0a-93da233ff32c,0,1787003757196309000,37768625,20664958,,,1787003757216439000,1787003757303377989,20130000,0,,
786,0c0d7abc-67cf-4859-97fa-ea6cbc115a91,0,1787003757700903000,35296500,17838833,,,1787003757718984000,1787003757806094229,18081000,0,,
787,ac45a88a-278d-4d7d-8989-59b79228293b,0,1787003758202571000,37002625,18998375,,,1787003758221771000,1787003758308803241,19200000,0,,
788,1a16cdac-4673-4320-a0a1-300e24f70cca,0,1787003758703847000,37515166,20389250,,,1787003758724089000,1787003758810192008,20242000,0,,
789,95b95350-3b3d-4fc9-97fb-5ff6d2b8a9f1,0,1787003759207511000,37317083,18308125,,,1787003759225583000,1787003759312942996,18072000,0,,
790,9c620876-5bf3-4ed8-92d9-773d1c741d2d,0,1787003759709270000,37335084,19763709,,,1787003759729231000,1787003759815829399,19961000,0,,
791,3bdab22b-02f8-42f3-9ced-8f93307f524e,0,1787003760214674000,34709125,17627084,,,1787003760232045000,1787003760318989963,17371000,0,,
792,684e11c9-2e6b-4d20-ba0c-246eb4d16add,0,1787003760719861000,32321208,15427583,,,1787003760735495000,1787003760821924426,15634000,0,,
793,96aa408f-6110-49ed-8130-830dc01841d7,0,1787003761225258000,29970042,12204250,,,1787003761237306000,1787003761324868772,12048000,0,,
794,e15ff16a-db8e-41c7-9289-57a475124dfa,0,1787003761729593000,27993792,11143042,,,1787003761740487000,1787003761827562238,10894000,0,,
795,aa09117d-5c9d-4a3e-abc2-8f90654d7354,0,1787003762234511000,74558125,17494125,,,1787003762252125000,1787003762339803939,17614000,0,,
796,411d694c-659c-45f2-9e35-88ce9293e348,0,1787003762739885000,28685584,11039000,,,1787003762750453000,1787003762837381507,10568000,0,,
797,eb163e0b-3ad1-4581-a035-46cb20f2fcc2,0,1787003763242536000,37077292,19454167,,,1787003763262253000,1787003763349515644,19717000,0,,
798,3445ffc9-0853-47a7-a91f-9cfaca470026,0,1787003763746232000,35482500,18691917,,,1787003763765093000,1787003763851722742,18861000,0,,
799,5721e1cf-557d-48a0-b559-509cab85ea6e,0,1787003764250987000,36086167,16894084,,,1787003764268332000,1787003764355027556,17345000,0,,
800,06857628-028d-409f-9371-5aa4c1d9a0b2,0,1787003764751989000,36871083,18061208,,,1787003764770199000,1787003764857375667,18210000,0,,
801,10dd9817-0337-4267-a537-e43d4046bb3a,0,1787003765257707000,30666500,13366208,,,1787003765270868000,1787003765358247448,13161000,0,,
802,e9ef888b-0f0d-4709-943b-1f28c53e92b5,0,1787003765758990000,35862166,18723875,,,1787003765778045000,1787003765864825271,19055000,0,,
803,3cd2ef76-5fc9-49e5-a335-a778e6bde678,0,1787003766264405000,145659500,75470042,,,1787003766340052000,1787003766422378818,75647000,0,,
804,4576f194-f435-4952-a3da-c9d725fa717c,0,1787003766769856000,150212291,80047833,,,1787003766850181000,1787003766934545130,80325000,0,,
805,8de810cd-e86f-44e2-bf40-793f9c17d02a,0,1787003767275302000,144243625,75270792,,,1787003767350373000,1787003767433486764,75071000,0,,
806,e9f47986-8084-44b4-9b48-4378eaa0034a,0,1787003767778983000,140659917,70602125,,,1787003767849519000,1787003767936188795,70536000,0,,
807,36f03ce1-fe5f-4da6-9e11-0a763d33b02e,0,1787003768281213000,138617583,68452458,,,1787003768349757000,1787003768430076276,68544000,0,,
808,721a7571-4a19-4579-9af7-a41437728626,0,1787003768786430000,133483208,63611958,,,1787003768849830000,1787003768932989735,63400000,0,,
809,e4a6daf1-f6b0-4298-8def-0c1af9a6d50c,0,1787003769291804000,147792916,77698125,,,1787003769369392000,1787003769453962351,77588000,0,,
810,943da5c4-8062-42d1-b50d-d1ad5ba53f5a,0,1787003769796959000,142621958,72710625,,,1787003769869557000,1787003769956974091,72598000,0,,
811,ad97ec10-d0df-40b6-b393-1be1a46610b9,0,1787003770301697000,137877750,67918750,,,1787003770369097000,1787003770455794639,67400000,0,,
812,e94393c1-cee0-4f9f-be90-d9ae94381e32,0,1787003770806855000,166033583,72818916,,,1787003770873782000,1787003771041790369,66927000,0,,
813,787822da-e67c-4764-8d9a-3b5ae430150b,0,1787003771312077000,30790584,13199417,,,1787003771325126000,1787003771412099869,13049000,0,,
814,c595c741-fb92-43da-8169-a5a42f36607b,0,1787003771817447000,27275292,9881584,,,1787003771827519000,1787003771914790382,10072000,0,,
815,ab344bee-7486-459f-b352-29cb7c6b7a13,0,1787003772322955000,34631125,16519125,,,1787003772339652000,1787003772427178260,16697000,0,,
816,96e93d4a-6c6a-44eb-be4e-695c6fdf7cb3,0,1787003772827024000,34889000,16563625,,,1787003772843882000,1787003772930046160,16858000,0,,
817,df3bccab-9c1e-4c9f-9392-4d4fb8bbb619,0,1787003773328526000,34172083,17073041,,,1787003773345784000,1787003773432668771,17258000,0,,
818,a0483c57-a156-4f0d-bbb1-8d856423bd89,0,1787003773834052000,31759750,14442250,,,1787003773847853000,1787003773935424826,13801000,0,,
819,322ca7ed-a1a0-4544-bbff-e7fdaf53dce8,0,1787003774338341000,151339417,81740250,,,1787003774419875000,1787003774502522881,81534000,0,,
820,09493b27-5d78-4f78-bf43-2da751766b31,0,1787003774843744000,207202791,66232000,,,1787003774910492000,1787003775060193204,66748000,0,,
821,822b045a-4195-462e-997b-cb672a82c778,0,1787003775349265000,250948208,130219333,,,1787003775479670000,1787003775617903750,130405000,0,,
822,7ec23fa4-76bd-47eb-a961-dadb529b8496,0,1787003775850698000,249423500,119077083,,,1787003775969614000,1787003776115052983,118916000,0,,
823,e728391e-b201-46d1-989a-6e9a87e7ef25,0,1787003776356394000,243878625,124810541,,,1787003776481392000,1787003776618023710,124998000,0,,
824,460c4bb3-9988-44b4-9375-c95eb5bc7dbf,0,1787003776861749000,258085083,129003042,,,1787003776990937000,1787003777130181323,129188000,0,,
825,417e7882-2acf-458c-9d65-c7d83bfe0a14,0,1787003777367153000,143048084,72702584,,,1787003777439606000,1787003777523016636,72453000,0,,
826,003af82f-028a-4413-9b46-517e3ae58231,0,1787003777871722000,138374042,67780583,,,1787003777939679000,1787003778025840800,67957000,0,,
827,47d32fd9-93cf-47d4-a068-5e382b2b9fa1,0,1787003778376977000,132987875,62476375,,,1787003778439646000,1787003778520065758,62669000,0,,
828,171882b4-c5e2-410d-8181-d3e3f842ce32,0,1787003778881639000,138334083,67877833,,,1787003778949747000,1787003779031735168,68108000,0,,
829,b9612538-2d4a-4c7f-88ad-0c2dd469903a,0,1787003779386358000,143445625,74023333,,,1787003779460035000,1787003779543603143,73677000,0,,
830,2a16da8a-7526-462e-87bf-a4c56855f9df,0,1787003779891835000,137556125,67778375,,,1787003779959881000,1787003780046477376,68046000,0,,
831,1fae26ed-1837-449a-83d3-c6c21d575cf7,0,1787003780393409000,136432000,66905375,,,1787003780459809000,1787003780540683815,66400000,0,,
832,46431e2e-84be-41df-bbed-23696a902a5b,0,1787003780894064000,145408500,76058000,,,1787003780969919000,1787003781052222592,75855000,0,,
833,835b7a92-b840-473f-aac9-f2c8f2249009,0,1787003781395445000,144112417,74222167,,,1787003781469914000,1787003781555103932,74469000,0,,
834,b256abfe-1b74-4777-bc01-329d6a57804b,0,1787003781900718000,128982792,68719292,,,1787003781969660000,1787003782049023809,68942000,0,,
835,f063fca4-9fae-446f-a11f-c00ac0831187,0,1787003782406158000,133374250,63395000,,,1787003782469768000,1787003782551993261,63610000,0,,
836,3d47bb69-2099-4339-897c-e7ddf30ebf4e,0,1787003782908991000,151013375,70712916,,,1787003782979434000,1787003783063769295,70443000,0,,
837,a452ce5b-0ab7-42b9-b2ad-4a51c4415f8b,0,1787003783412646000,28563041,9877708,,,1787003783422727000,1787003783510244845,10081000,0,,
838,263c4d6b-30a5-4bec-a1c7-cffc12949fec,0,1787003783917303000,36766541,17300541,,,1787003783934804000,1787003784023040438,17501000,0,,
839,cd1686bd-f5ac-43f8-8f50-089d41eaa5ba,0,1787003784420989000,34626208,16532875,,,1787003784437705000,1787003784525234878,16716000,0,,
840,fdf42fce-1541-4aba-8854-81ae3d2ce5cf,0,1787003784924527000,33623667,16143834,,,1787003784940855000,1787003785028047174,16328000,0,,
841,85c57dc5-86bb-4821-8981-0c9575530307,0,1787003785429469000,32091917,15214750,,,1787003785444498000,1787003785530998680,15029000,0,,
842,1cbdf44c-cf79-44ec-8c79-963f46aedaa2,0,1787003785934868000,27684334,9415250,,,1787003785944518000,1787003786032007804,9650000,0,,
843,87f75e5e-730b-4b8b-a7bb-9e58c659dea7,0,1787003786440279000,33839959,15911709,,,1787003786456050000,1787003786543444010,15771000,0,,
844,77e5ba6a-0d56-4886-b87e-e66dfce04320,0,1787003786942306000,34044167,19650542,,,1787003786961482000,1787003787046088612,19176000,0,,
845,5fcef63e-0d98-4460-93a0-cb122c2732dc,0,1787003787447893000,40370541,22889666,,,1787003787470968000,1787003787558241330,23075000,0,,
846,48765736-14bf-412a-b1e1-05ed2a277a4e,0,1787003787950582000,31370625,14046000,,,1787003787964815000,1787003788052072066,14233000,0,,
847,0b21e8f6-6268-4e91-a756-ab6133864834,0,1787003788453771000,33363542,14893042,,,1787003788468896000,1787003788555352943,15125000,0,,
848,39a9d843-5d3f-48d5-a608-b6567400e84e,0,1787003788958909000,50653667,39660083,,,1787003788998317000,1787003789079658665,39408000,0,,
849,b5cca19c-4a13-4434-8976-1f1f69418e13,0,1787003789464358000,35216375,17511833,,,1787003789482043000,1787003789569377321,17685000,0,,
850,bbce936f-7a5b-4549-a452-db4f818264c6,0,1787003789967930000,34935208,18253375,,,1787003789985680000,1787003790072425116,17750000,0,,
851,2375ae40-680a-4339-807a-feb128a6522e,0,1787003790473500000,32236583,14148667,,,1787003790487491000,1787003790575291478,13991000,0,,
852,a862cce0-2ae7-4c95-a2cc-7ce5df4cd008,0,1787003790975518000,32465208,15164583,,,1787003790990437000,1787003791078186132,14919000,0,,
853,f359c1b6-3314-4cdc-b35e-c958d5b47089,0,1787003791478513000,32309083,15983791,,,1787003791494772000,1787003791581057325,16259000,0,,
854,a9be3556-dabb-45fa-bdd7-bf9929c15a9a,0,1787003791983714000,31831958,13730458,,,1787003791997300000,1787003792085077881,13586000,0,,
855,9bfa47c7-723c-4ac8-9e04-f0d8c35d4ce1,0,1787003792489734000,36709042,19736000,,,1787003792509754000,1787003792596793142,20020000,0,,
856,5d381cb0-690c-4382-b5af-f35c585bdc26,0,1787003792992183000,27449209,14340500,,,1787003793006271000,1787003793088618111,14088000,0,,
857,88845128-8a3b-44bd-bccf-dccee2c7bc84,0,1787003793498912000,37440416,18851375,,,1787003793517460000,1787003793605802167,18548000,0,,
858,8ee89828-bf61-47ef-97d7-90874b7d2a4f,0,1787003794004278000,31319042,13324459,,,1787003794017423000,1787003794105274419,13145000,0,,
859,840fbf80-c664-444a-b526-6f0ff4ca3d69,0,1787003794506407000,40186917,22848792,,,1787003794529458000,1787003794617053076,23051000,0,,
860,b6f6cc2e-eff5-422d-b3d8-1fc95a4947df,0,1787003795008858000,31429041,16466875,,,1787003795024903000,1787003795110679474,16045000,0,,
861,b7dab843-216e-40a0-a08b-1eca89f9aa1b,0,1787003795514298000,29964916,21005958,,,1787003795535153000,1787003795613599733,20855000,0,,
862,c3fd552b-f451-4eab-ae23-eeab8859a43f,0,1787003796019635000,37025000,19936250,,,1787003796037659000,1787003796125718855,18024000,0,,
863,d163eb9e-bcdc-4a68-85cc-6e0156d9f47b,0,1787003796523533000,35386042,17546125,,,1787003796540930000,1787003796628937513,17397000,0,,
864,a68e863b-f121-465a-8831-b85421107f02,0,1787003797025487000,31396542,14140708,,,1787003797039823000,1787003797126629525,14336000,0,,
865,a8dadee0-295d-434c-bd75-66986c3ae611,0,1787003797526684000,32506417,14957667,,,1787003797541459000,1787003797629204898,14775000,0,,
866,4997b69d-b148-45b8-b71a-b0db9783100d,0,1787003798031552000,30466792,12872042,,,1787003798044869000,1787003798131970964,13317000,0,,
867,d030441b-4cbd-4b1c-a03d-13b370216d1c,0,1787003798534596000,30885292,12705334,,,1787003798547154000,1787003798635059193,12558000,0,,
868,9672ecc1-b691-4a37-a934-8d9a4ea74ab1,0,1787003799040103000,28155375,10921334,,,1787003799051519000,1787003799138073956,11416000,0,,
869,f0bf3353-0dc4-4ddd-ab0e-224b4f474653,0,1787003799542074000,38282917,21507833,,,1787003799562527000,1787003799649836450,20453000,0,,
870,7755d24b-9729-428a-92f5-d789daeaccc4,0,1787003800044660000,29480250,10994500,,,1787003800055866000,1787003800143771732,11206000,0,,
871,f6d24b71-f7d9-4c48-a6ed-6a94a8229622,0,1787003800546989000,29770417,11649667,,,1787003800558908000,1787003800646632871,11919000,0,,
872,d2f8c6ea-048f-4398-a347-6c72de7b4c51,0,1787003801050435000,30532792,11684958,,,1787003801061948000,1787003801149358928,11513000,0,,
873,4e5ee57a-b754-4583-b27b-212176413a87,0,1787003801551597000,39097334,22911167,,,1787003801574358000,1787003801661249960,22761000,0,,
874,962c55a5-1973-48fd-972e-42b4a592c746,0,1787003802054022000,41052334,22503209,,,1787003802076815000,1787003802164259996,22793000,0,,
875,17a608e8-0b01-4c1e-8648-7377048b2eb6,0,1787003802557789000,38894875,21779500,,,1787003802579422000,1787003802667074716,21633000,0,,
876,206868bb-dd70-4409-bf59-4b0994dbf60f,0,1787003803063170000,27654292,9756709,,,1787003803072779000,1787003803160740988,9609000,0,,
877,7adea5f8-d731-4299-a223-a439589ce9b3,0,1787003803568551000,34207000,17565209,,,1787003803586347000,1787003803672944236,17796000,0,,
878,dbf1ed70-6b6b-463f-91aa-f1c3fef40fe4,0,1787003804073951000,34871750,16726709,,,1787003804091114000,1787003804178264865,17163000,0,,
879,ad7ced16-e348-4d1b-8874-92c00157cb2f,0,1787003804574967000,37348833,19123625,,,1787003804594326000,1787003804681211484,19359000,0,,
880,a6d16d48-d461-4f18-b0a2-f6e1229be191,0,1787003805080369000,33750208,15925125,,,1787003805096016000,1787003805184344574,15647000,0,,
881,f55f4201-8ebb-4866-98a9-fd65d4978dc7,0,1787003805583563000,33229875,15756833,,,1787003805599524000,1787003805687030902,15961000,0,,
882,c70bde1a-b748-4f5c-af7f-e8bfe3dba87c,0,1787003806088297000,31505542,14143459,,,1787003806102138000,1787003806189698046,13841000,0,,
883,a3202c99-c0e5-40df-8a1f-7b0d8e2fb91c,0,1787003806591126000,30930417,13893084,,,1787003806604588000,1787003806692517181,13462000,0,,
884,991a96be-e380-4199-a1ed-ebe19d0f0274,0,1787003807096487000,41722708,32398292,,,1787003807129095000,1787003807208543577,32608000,0,,
885,bc94b820-7fa3-4ab9-96f7-58da917949e6,0,1787003807601862000,34009375,16276042,,,1787003807617838000,1787003807705512782,15976000,0,,
886,e6245103-aa93-4fbe-9627-9e1569ad242a,0,1787003808107247000,31734875,14811125,,,1787003808122334000,1787003808208789977,15087000,0,,
887,a98a19d1-8318-472c-9d02-e22bdabaa4e2,0,1787003808612389000,39420375,20576625,,,1787003808632833000,1787003808720662051,20444000,0,,
888,0415c0c7-33a4-4b9d-9296-08a2bbd725bc,0,1787003809116963000,37041125,18644666,,,1787003809135842000,1787003809223297669,18879000,0,,
889,0be9f396-a280-49fe-aee1-53c157646b36,0,1787003809621698000,34380958,16561875,,,1787003809638437000,1787003809726432532,16739000,0,,
890,39f800b7-127c-4be9-b515-aab31224d2ec,0,1787003810127052000,32560250,14472041,,,1787003810141227000,1787003810228996999,14175000,0,,
891,c8f62bba-ec3b-47fa-ad2e-3109ef82661f,0,1787003810628439000,150547250,70956167,,,1787003810699213000,1787003810787001941,70774000,0,,
892,7685ba00-b44c-4964-9c2b-993edbc5eaef,0,1787003811133900000,135129250,65337208,,,1787003811199070000,1787003811280809970,65170000,0,,
893,1ff83a32-4836-46cf-a78c-2434ea6a1d58,0,1787003811639044000,139966375,70295042,,,1787003811709612000,1787003811792828189,70568000,0,,
894,61ade758-42a1-4608-a810-57128cfd19e1,0,1787003812142039000,137414875,67329208,,,1787003812209812000,1787003812295682083,67773000,0,,
895,87a82b82-47c6-4cc6-9a3e-30851a0e0a49,0,1787003812644798000,136787542,64474625,,,1787003812709422000,1787003812790475015,64624000,0,,
896,8e0ef4f3-c27a-4e2a-ac4f-413e74b2f6f2,0,1787003813147286000,141867666,72390708,,,1787003813219306000,1787003813304087461,72020000,0,,
897,aed543ad-f942-499f-84b4-d8ae022a7f95,0,1787003813650454000,149109625,78601125,,,1787003813728911000,1787003813816085785,78457000,0,,
898,e3ca6499-0941-4d60-8613-033347775f43,0,1787003814153955000,135016792,65763125,,,1787003814219363000,1787003814300768875,65408000,0,,
899,548f0796-40ab-460f-8576-caa9b5997ba7,0,1787003814658807000,140080000,70172541,,,1787003814728844000,1787003814812775217,70037000,0,,
900,0c543fb4-7c77-4964-abdb-a38ada0af5c0,0,1787003815160678000,138443083,68145333,,,1787003815228700000,1787003815315702173,68022000,0,,
901,337c5f85-c639-40ba-8e9d-251bdec22f0c,0,1787003815662282000,146770958,76959208,,,1787003815739024000,1787003815827497435,76742000,0,,
902,87714914-af06-45da-98d4-e6e4d375a761,0,1787003816164040000,134939959,64761042,,,1787003816228728000,1787003816312093722,64688000,0,,
903,eb68d90c-f50c-4991-aa2f-dbefc61d9ace,0,1787003816666800000,142717625,72128000,,,1787003816738812000,1787003816824098988,72012000,0,,
904,f2f94f67-ce9e-40e8-ae02-da7ff67ab18c,0,1787003817170525000,138623333,68317083,,,1787003817238714000,1787003817322286974,68189000,0,,
905,97e9dabd-1a1f-4664-8aeb-a941c7d47163,0,1787003817675144000,143224667,81776083,,,1787003817756010000,1787003817883514727,80866000,0,,
906,9883d680-921e-4b4e-afb8-29d0543f1b36,0,1787003818180488000,30171750,12317333,,,1787003818192491000,1787003818280799445,12003000,0,,
907,258382b2-d850-4dff-a013-af9abc4e3666,0,1787003818683702000,29821250,11759708,,,1787003818695218000,1787003818783105685,11516000,0,,
908,c04311b5-9561-4948-a44a-9a60f8305fd0,0,1787003819186432000,340334834,277039417,,,1787003819463665000,1787003819596763735,277233000,0,,
909,1f7f956a-3c6f-4752-a973-4a5c5896b73a,0,1787003819691892000,136255167,63723625,,,1787003819755820000,1787003819898377674,63928000,0,,
910,282dc88f-e251-44dc-b6d7-2c1659f46c80,0,1787003820197468000,145292250,70220750,,,1787003820267912000,1787003820410805213,70444000,0,,
911,edec3aa1-5ea3-4bba-9099-8eb760348437,0,1787003820698047000,146251250,72437042,,,1787003820770667000,1787003820913435866,72620000,0,,
912,e2fa8f0b-81fa-4f6a-85ba-e8268be202b1,0,1787003821203413000,32518125,16304416,,,1787003821220016000,1787003821306322552,16603000,0,,
913,6f4bc360-d03b-43e4-b6b6-1a52efcd0855,0,1787003821708501000,32890291,13068958,,,1787003821721744000,1787003821809848324,13243000,0,,
914,17813f64-36b0-47c2-8616-22947cde195e,0,1787003822213917000,19996333,10603208,,,1787003822224928000,1787003822303677998,11011000,0,,
915,f0f691a7-38cf-489f-9050-24c1794178a4,0,1787003822716846000,37390583,20187000,,,1787003822736843000,1787003822824717637,19997000,0,,
916,973d6a4f-305a-480b-b5e0-ca400943b2c5,0,1787003823222428000,34777000,17366083,,,1787003823240206000,1787003823327520910,17778000,0,,
917,c8b03bd2-e239-47dd-8126-c94bf067480b,0,1787003823726040000,34362250,16906042,,,1787003823742606000,1787003823830379812,16566000,0,,
918,506344db-4180-48da-b9ec-2a1cdb3d5988,0,1787003824231427000,32272208,14388750,,,1787003824245992000,1787003824333438710,14565000,0,,
919,3c3ff3d8-40ae-4ad9-b60a-358f9110192f,0,1787003824736791000,32144333,11424625,,,1787003824748398000,1787003824837422635,11607000,0,,
920,71161dce-e247-4329-8329-8b18ea4ef795,0,1787003825242181000,36405667,17952667,,,1787003825260325000,1787003825348958225,18144000,0,,
921,39ddc388-ecb5-4b5c-bfd9-d2adafed28b5,0,1787003825747634000,33572583,17433875,,,1787003825764394000,1787003825851260478,16760000,0,,
922,ba4e3688-8e84-4c20-a8f2-28b9eb2d1334,0,1787003826249088000,27150916,16330458,,,1787003826265703000,1787003826344474602,16615000,0,,
923,e040b8b9-7da5-4eb7-9cff-022372f1c8bc,0,1787003826750251000,36122875,18432709,,,1787003826769161000,1787003826856418134,18910000,0,,
924,5e980e47-3c10-42c2-93c8-b6bce5b72227,0,1787003827255780000,32860041,16122541,,,1787003827271628000,1787003827359364646,15848000,0,,
925,673ece4a-2bab-4973-b93f-6da38c436a10,0,1787003827758455000,27782541,9892916,,,1787003827768529000,1787003827856400122,10074000,0,,
926,e976ae4a-f90e-44af-8a32-b2dd7744b48a,0,1787003828263882000,33847334,16415375,,,1787003828280474000,1787003828368342778,16592000,0,,
927,99185af2-068a-435e-abe3-5e7ca4f9096d,0,1787003828767161000,33584000,17007583,,,1787003828783041000,1787003828871017684,15880000,0,,
928,55960fd5-0dad-4466-a738-0fd6f289018b,0,1787003829270369000,33382042,15400875,,,1787003829286062000,1787003829373504613,15693000,0,,
929,61d576a1-d418-4daa-91a7-04e7b45fe41c,0,1787003829775456000,30300625,13309791,,,1787003829788949000,1787003829876313426,13493000,0,,
930,ebab9cab-bf67-4413-9971-3defecfc0880,0,1787003830278240000,22578542,13112750,,,1787003830291205000,1787003830370859937,12965000,0,,
931,de4f456f-883b-495a-94f2-5cf7d151ccf1,0,1787003830783585000,29257208,10750875,,,1787003830794194000,1787003830882404142,10609000,0,,
932,5c8523c1-daf2-44f9-b672-8c6e6ee77298,0,1787003831287094000,32529875,16065333,,,1787003831302951000,1787003831390684242,15857000,0,,
933,e647917f-0094-4531-9530-5697b80269af,0,1787003831791786000,34806208,13785500,,,1787003831805283000,1787003831893442044,13497000,0,,
934,ddc60734-a35c-422b-89a3-18ad35fcf3b1,0,1787003832297341000,18851834,10320042,,,1787003832308077000,1787003832386663194,10736000,0,,
935,3d633957-6c2b-4d3b-a91a-ffea6426d77b,0,1787003832801238000,36206208,20270291,,,1787003832821704000,1787003832908234594,20466000,0,,
936,e9faa0d6-0cf7-4c2d-8413-9e84cc3bb217,0,1787003833307441000,36514083,15520166,,,1787003833323138000,1787003833411088029,15697000,0,,
937,cf525a8f-7ea0-434b-8b8d-a91ccb9c0ba5,0,1787003833810919000,33067041,15061708,,,1787003833826456000,1787003833913832954,15537000,0,,
938,d419fc77-724b-4e5f-af0c-d836591fe5af,0,1787003834316332000,31511917,12057625,,,1787003834328567000,1787003834417048805,12235000,0,,
939,b1431001-ac9d-4709-8cb6-4d40261d10dd,0,1787003834820624000,29805833,11870917,,,1787003834833475000,1787003834919662193,12851000,0,,
940,fcef9f3c-b10c-44d6-9a8f-4638f80c0185,0,1787003835325047000,36635958,20774250,,,1787003835346119000,1787003835431334400,21072000,0,,
941,256efbd0-3cd7-49f8-bd05-826c340255f2,0,1787003835830722000,33390334,15975709,,,1787003835846452000,1787003835934244568,15730000,0,,
942,1d70c085-d357-436e-85fb-c214807b2517,0,1787003836336059000,32573958,13428750,,,1787003836349124000,1787003836437325920,13065000,0,,
943,5e21c002-bf7b-42af-8846-30dcded932ec,0,1787003836841473000,42807250,20169709,,,1787003836861368000,1787003836949683316,19895000,0,,
944,15ae358a-1ebf-4ad1-a668-dc2cca66f1dc,0,1787003837346865000,35345125,17836500,,,1787003837364878000,1787003837452254834,18013000,0,,
945,fe1ca844-41c9-49b3-812b-3f751eb5fd88,0,1787003837852213000,32312875,14826750,,,1787003837867270000,1787003837955037961,15057000,0,,
946,98014a52-0bf4-48ce-8316-d4a218a8b12d,0,1787003838357574000,38936250,21118750,,,1787003838378514000,1787003838467066131,20940000,0,,
947,d28e19a9-00ec-463f-95ee-ba7e0c882564,0,1787003838858367000,33848584,16882459,,,1787003838875450000,1787003838962990045,17083000,0,,
948,529aaac0-c6c9-4d69-8776-08105b361bf3,0,1787003839362002000,33871584,17333459,,,1787003839379512000,1787003839466143711,17510000,0,,
949,228ded0e-2b9c-47ec-970b-88f8da95ed5c,0,1787003839867338000,31268583,13800625,,,1787003839880993000,1787003839968833355,13655000,0,,
950,786b432b-81e1-4885-9530-320a96f0c339,0,1787003840372835000,30815417,13313709,,,1787003840385784000,1787003840473628498,12949000,0,,
951,64fd1160-0ff0-4e20-a20f-79022e8f90a7,0,1787003840874997000,32968666,17990791,,,1787003840892384000,1787003840978131804,17387000,0,,
952,011bd518-431d-41f4-b1c6-f7408e48f976,0,1787003841380529000,23299458,13986416,,,1787003841394768000,1787003841473547614,14239000,0,,
953,b1c2bc62-f4f8-4d54-a2a0-f5b6967e7ca9,0,1787003841884421000,30369041,14564375,,,1787003841899436000,1787003841985930500,15015000,0,,
954,8859e063-380b-48bf-9e7a-6717ef0adaab,0,1787003842389853000,27929417,11126083,,,1787003842400687000,1787003842488569268,10834000,0,,
955,13c73158-3055-40a8-88eb-cd8dbe07eb28,0,1787003842891617000,30130958,13153291,,,1787003842904949000,1787003842991502198,13332000,0,,
956,6b954504-b50e-4bc5-b876-9636eb03ebe2,0,1787003843397219000,27606792,17705458,,,1787003843415343000,1787003843494208570,18124000,0,,
957,5d416025-2e4b-430b-b80e-286257db21eb,0,1787003843899652000,36740667,18726167,,,1787003843918080000,1787003844006595538,18428000,0,,
958,2392d92f-190d-4ac1-a7a7-2c1268c087b6,0,1787003844405226000,33123500,15601166,,,1787003844421026000,1787003844509109755,15800000,0,,
959,fdc187d9-de68-4ea8-9db3-11cf0b254262,0,1787003844908263000,34558292,17349250,,,1787003844925928000,1787003845012441599,17665000,0,,
960,aad90f83-ccc1-455e-b9ad-e1a32fdb7bc8,0,1787003845409212000,36305708,17827666,,,1787003845426781000,1787003845515051175,17569000,0,,
961,69fc5e7f-811d-4251-a744-b1239ebf4add,0,1787003845911918000,35005500,17626791,,,1787003845929370000,1787003846017827583,17452000,0,,
962,c90d441f-09eb-42e8-b542-611c7cf8993e,0,1787003846416928000,33669167,15322917,,,1787003846432429000,1787003846520523650,15501000,0,,
963,847daec8-6963-4d23-a4b9-7434b2bfc17d,0,1787003846919317000,34553500,16612208,,,1787003846936153000,1787003847023483443,16836000,0,,
964,876ab75e-be37-4697-9d6e-2b619d905456,0,1787003847420032000,38850959,21980375,,,1787003847440101000,1787003847526588309,20069000,0,,
965,fe5fbb37-02ea-4ada-8cc8-797f5ed763c8,0,1787003847924851000,33338375,16819375,,,1787003847941480000,1787003848029211406,16629000,0,,
966,a056dfc7-0046-420f-bb49-e97b6376d4bf,0,1787003848430418000,40715500,23003459,,,1787003848453023000,1787003848541230397,22605000,0,,
967,aaf6da92-3990-4e50-856e-81daea401200,0,1787003848934141000,29858083,12460083,,,1787003848946791000,1787003849035085820,12650000,0,,
968,88dfddc8-724b-4eb1-a5d2-03e571543bbe,0,1787003849438652000,258005459,247130209,,,1787003849685478000,1787003849766511799,246826000,0,,
969,e4df7249-5a1a-4a34-b730-df282aaaa959,0,1787003849944033000,282037375,273141250,,,1787003850216805000,1787003850296834086,272772000,0,,
970,1b8909c6-2b88-44a5-a990-dfa7ad702506,0,1787003850448123000,217584833,201840000,,,1787003850649421000,1787003850735506259,201298000,0,,
971,3a083751-7a28-4b5c-9b73-12f146233c12,0,1787003850952323000,42016500,25605041,,,1787003850977706000,1787003851064760725,25383000,0,,
972,10798091-93fe-4082-bad2-b881f2a93309,0,1787003851457717000,56678125,38088166,,,1787003851496033000,1787003851584146620,38316000,0,,
973,f78cb171-a96a-47ef-bb2a-f813459d04d6,0,1787003851961869000,82235917,65490709,,,1787003852026901000,1787003852114491486,65032000,0,,
974,6811ddaf-b99e-42d3-82f8-17852bba4d76,0,1787003852466662000,98366458,82719875,,,1787003852549641000,1787003852635896860,82979000,0,,
975,a962d6e1-6080-44e7-b62c-c71dc20fca78,0,1787003852972079000,113822000,96369167,,,1787003853068700000,1787003853156690000,96621000,0,,
976,d5be22f8-aee0-4403-a730-edf5987dc964,0,1787003853474846000,183698791,110888750,,,1787003853585520000,1787003853668885319,110674000,0,,
977,2231a0be-3540-41ec-b4e7-6cc63a703b2b,0,1787003853976671000,201382833,132145708,,,1787003854109272000,1787003854189877299,132601000,0,,
978,c8328afb-cf16-4527-88f4-a85886b6041b,0,1787003854482145000,230454208,152122250,,,1787003854634069000,1787003854724628253,151924000,0,,
979,51ff6861-8ab6-46b4-814e-c29c145b67de,0,1787003854986840000,29956542,12831792,,,1787003854999525000,1787003855087086599,12685000,0,,
980,0342641c-7ead-4fb6-bcc8-f41c33f66568,0,1787003855490008000,36029166,20112875,,,1787003855509939000,1787003855597335374,19931000,0,,
981,0141f0c6-a857-45a7-a3f9-1a2d68481c6e,0,1787003855995370000,34672333,17290291,,,1787003856012412000,1787003856100357662,17042000,0,,
982,904cbb73-2b12-48ba-b43a-7af0db4cb0ea,0,1787003856500749000,31465000,14751958,,,1787003856515708000,1787003856603283453,14959000,0,,
983,67affa94-cc58-4313-9951-7b4bf1481888,0,1787003857006128000,29498083,11922958,,,1787003857018244000,1787003857105939150,12116000,0,,
984,644863a4-0199-420f-beab-25a9cca7a361,0,1787003857508103000,30394541,13297083,,,1787003857521627000,1787003857608872113,13524000,0,,
985,94af9e6c-29ff-47d9-95f6-166ba5ddaf0b,0,1787003858013693000,29152625,11167458,,,1787003858025415000,1787003858111745647,11722000,0,,
986,6b087c1b-e68b-4545-856d-99a35205566d,0,1787003858519120000,35312542,16739417,,,1787003858536163000,1787003858624091658,17043000,0,,
987,c3d012a7-68c6-4c0c-991d-4ad2f625cf3b,0,1787003859023527000,32859000,15201542,,,1787003859038947000,1787003859126604625,15420000,0,,
988,8e572f6a-0c97-4f53-88cb-5d88c4e11e82,0,1787003859526790000,50327375,32918416,,,1787003859559519000,1787003859647727729,32729000,0,,
989,26507735-d92f-4677-8572-ca0668eafb5b,0,1787003860028095000,70510917,53600750,,,1787003860081415000,1787003860168815920,53320000,0,,
990,c52ddc80-fe26-4e2c-8f2a-12c5f6fe29b0,0,1787003860532974000,97011583,78246333,,,1787003860611001000,1787003860699353355,78027000,0,,
991,2979586b-6d55-49d3-96b0-2b8bcda3eb36,0,1787003861038407000,108798792,90884875,,,1787003861129474000,1787003861217632312,91067000,0,,
992,e63812bd-f912-4e96-8a27-cb2de01c2f12,0,1787003861543808000,35257625,18358166,,,1787003861561938000,1787003861649721491,18130000,0,,
993,32449a83-211f-4050-83ec-34956ca9868c,0,1787003862049215000,34877625,15748625,,,1787003862065192000,1787003862153081813,15977000,0,,
994,8f39a409-a3d8-4a67-81a1-9f805e37171f,0,1787003862553746000,33745708,14408083,,,1787003862569122000,1787003862656027648,15376000,0,,
995,f943eb5f-b85e-4fd4-a066-3fb13b9940ba,0,1787003863058104000,38526250,21396500,,,1787003863079834000,1787003863167544623,21730000,0,,
996,da266376-abb4-449b-adce-8d00bba7b08b,0,1787003863563646000,36474708,18172916,,,1787003863582053000,1787003863670150627,18407000,0,,
997,47f5978e-92e3-4c38-8b93-efc2055af0cf,0,1787003864068399000,34074125,17167625,,,1787003864085323000,1787003864172707944,16924000,0,,
998,dbd6c463-0254-4ad9-b83a-96f47a44f49a,0,1787003864569723000,54899708,36732291,,,1787003864606691000,1787003864694158185,36968000,0,,
999,9ca60044-5d92-4824-940d-8c3fd64f80a9,0,1787003865074740000,79802833,61987833,,,1787003865137058000,1787003865224703214,62318000,0,,
1000,17858074-2b29-485f-a544-519c248c0233,0,1787003865575453000,99679583,82310000,,,1787003865658081000,1787003865745642569,82628000,0,,
1001,e552b018-48dc-46c5-b4e4-475646a03a12,0,1787003866077312000,118739209,101494834,,,1787003866178989000,1787003866266735967,101677000,0,,
1002,37439a7c-524d-417d-b5be-98fea6d93e49,0,1787003866582686000,207161250,19083959,,,1787003866601568000,1787003866769753940,18882000,0,,
1003,7279b799-3282-4de1-b034-f0e07b87fa4d,0,1787003867088027000,31501500,14698458,,,1787003867102940000,1787003867190451403,14913000,0,,
1004,9925487b-cba0-42d0-873c-6d2e0c755a7c,0,1787003867592010000,30132041,13209500,,,1787003867604941000,1787003867693012943,12931000,0,,
1005,2ca83634-ab9b-4270-823d-693fcfbadc20,0,1787003868097272000,28642791,9865041,,,1787003868107042000,1787003868195981642,9770000,0,,
1006,37cf4399-d2a7-4259-a93e-02a2d2a95da6,0,1787003868602757000,34790666,16984916,,,1787003868619960000,1787003868707756163,17203000,0,,
1007,dc894f47-c3fa-4576-81c7-9a5deb26645a,0,1787003869107611000,31866791,14427125,,,1787003869122261000,1787003869210582052,14650000,0,,
1008,947afed1-6629-4334-b716-19a5b7df6158,0,1787003869613056000,38635125,22519000,,,1787003869635341000,1787003869722714079,22285000,0,,
1009,52af4b7a-25e9-43be-b247-c1eb6f57e476,0,1787003870118452000,36767375,19687917,,,1787003870137769000,1787003870225646614,19317000,0,,
1010,7905f250-0871-4466-91ce-a16cd60a8b1f,0,1787003870619973000,29308833,11799416,,,1787003870631438000,1787003870719273596,11465000,0,,
1011,60c338e9-db07-48a6-ad75-b316a62ca6fb,0,1787003871124989000,36342291,19714500,,,1787003871144515000,1787003871231402276,19526000,0,,
1012,3d3a2551-2f11-4bea-beaa-69058ce57a70,0,1787003871628289000,36423916,18163291,,,1787003871646279000,1787003871733884577,17990000,0,,
1013,b5a2c3d7-cb86-4f27-b449-58d02714da2d,0,1787003872132329000,29185958,12290708,,,1787003872144448000,1787003872232724464,12119000,0,,
1014,c84b8132-21d7-4a5a-a39d-01b67257685a,0,1787003872637675000,27827792,19119500,,,1787003872656619000,1787003872736781109,18944000,0,,
1015,93388e3f-85ae-46f1-90ec-ce66b81c78a6,0,1787003873142392000,34794834,18588750,,,1787003873160835000,1787003873248436274,18443000,0,,
1016,b4c8fdcf-269e-467d-aff9-63658feb5a89,0,1787003873647850000,32026750,15049000,,,1787003873662072000,1787003873750687672,14222000,0,,
1017,4869cd9a-d8e3-419c-9df1-b08698201700,0,1787003874153297000,28970792,15099917,,,1787003874165203000,1787003874253478309,11906000,0,,
1018,77cb2b11-6ba0-40ec-a41f-275ccdd87ff8,0,1787003874658662000,136769459,74992709,,,1787003874732785000,1787003874866342650,74123000,0,,
1019,388883ff-5526-4178-bebe-eb158b88b5e0,0,1787003875164160000,142996125,73605083,,,1787003875236938000,1787003875378268998,72778000,0,,
