;Generated with Cura_SteamEngine 15.01
; Default start code
G28 ; Home extruder
G1 Z15 F100
M107 ; Turn off fan
G90 ; Absolute positioning
M82 ; Extruder in absolute mode
M190 S50
; Activate all used extruder
M104 T0 S210
G92 E0 ; Reset extruder position
; Wait for all used extruders to reach temperature
M109 T0 S210
;Layer count: 80
;LAYER:0
M107
G0 F9000 X71.400 Y91.400 Z0.300
;TYPE:SKIRT
G1 F1800 X128.600 Y91.400 E2.85372
G1 X128.600 Y108.600 E3.71183
G1 X71.400 Y108.600 E6.56555
G1 X71.400 Y91.400 E7.42366
G0 F9000 X71.800 Y91.800
G1 F1800 X128.200 Y91.800 E10.23747
G1 X128.200 Y108.200 E11.05567
G1 X71.800 Y108.200 E13.86948
G1 X71.800 Y91.800 E14.68768
G1 F2400 E10.68768
G0 F9000 X75.600 Y95.600
;TYPE:WALL-INNER
G1 F2400 E14.68768
G1 F1800 X124.400 Y95.600 E17.12232
G1 X124.400 Y104.400 E17.56135
G1 X75.600 Y104.400 E19.99599
G1 X75.600 Y95.600 E20.43503
G0 F9000 X75.200 Y95.200
;TYPE:WALL-OUTER
G1 F1800 X124.800 Y95.200 E22.90958
G1 X124.800 Y104.800 E23.38853
G1 X75.200 Y104.800 E25.86308
G1 X75.200 Y95.200 E26.34203
G0 F9000 X75.739 Y95.821
;TYPE:SKIN
G1 F1800 X84.177 Y104.259 E26.93737
G0 F9000 X83.611 Y104.259
G1 F1800 X75.739 Y96.387 E27.49279
G0 F9000 X75.739 Y96.952
G1 F1800 X83.046 Y104.259 E28.00833
G0 F9000 X82.480 Y104.259
G1 F1800 X75.739 Y97.518 E28.48395
G0 F9000 X75.739 Y98.084
G1 F1800 X81.914 Y104.259 E28.91963
G0 F9000 X81.349 Y104.259
G1 F1800 X75.739 Y98.649 E29.31544
G0 F9000 X75.739 Y99.215
G1 F1800 X80.783 Y104.259 E29.67132
G0 F9000 X80.217 Y104.259
G1 F1800 X75.739 Y99.781 E29.98727
G0 F9000 X76.223 Y95.740
G1 F1800 X84.743 Y104.259 E30.58837
G0 F9000 X85.308 Y104.259
G1 F1800 X76.789 Y95.740 E31.18943
G0 F9000 X77.355 Y95.740
G1 F1800 X85.874 Y104.259 E31.79049
G0 F9000 X86.440 Y104.259
G1 F1800 X77.921 Y95.740 E32.39155
G0 F9000 X78.486 Y95.740
G1 F1800 X87.005 Y104.259 E32.99261
G0 F9000 X87.571 Y104.259
G1 F1800 X79.052 Y95.740 E33.59368
G0 F9000 X79.618 Y95.740
G1 F1800 X88.137 Y104.259 E34.19474
G0 F9000 X88.703 Y104.259
G1 F1800 X80.183 Y95.740 E34.79583
G0 F9000 X80.749 Y95.740
G1 F1800 X89.268 Y104.259 E35.39690
G0 F9000 X89.834 Y104.259
G1 F1800 X81.315 Y95.740 E35.99796
G0 F9000 X81.880 Y95.740
G1 F1800 X90.400 Y104.259 E36.59905
G0 F9000 X90.965 Y104.259
G1 F1800 X82.446 Y95.740 E37.20012
G0 F9000 X83.012 Y95.740
G1 F1800 X91.531 Y104.259 E37.80118
G0 F9000 X92.097 Y104.259
G1 F1800 X83.577 Y95.740 E38.40227
G0 F9000 X84.143 Y95.740
G1 F1800 X92.662 Y104.259 E39.00333
G0 F9000 X93.228 Y104.259
G1 F1800 X84.709 Y95.740 E39.60440
G0 F9000 X85.274 Y95.740
G1 F1800 X93.794 Y104.259 E40.20549
G0 F9000 X94.359 Y104.259
G1 F1800 X85.840 Y95.740 E40.80655
G0 F9000 X86.406 Y95.740
G1 F1800 X94.925 Y104.259 E41.40762
G0 F9000 X95.491 Y104.259
G1 F1800 X86.972 Y95.740 E42.00868
G0 F9000 X87.537 Y95.740
G1 F1800 X96.056 Y104.259 E42.60974
G0 F9000 X96.622 Y104.259
G1 F1800 X88.103 Y95.740 E43.21080
G0 F9000 X88.669 Y95.740
G1 F1800 X97.188 Y104.259 E43.81186
G0 F9000 X97.753 Y104.259
G1 F1800 X89.234 Y95.740 E44.41292
G0 F9000 X89.800 Y95.740
G1 F1800 X98.319 Y104.259 E45.01398
G0 F9000 X98.885 Y104.259
G1 F1800 X90.366 Y95.740 E45.61505
G0 F9000 X90.931 Y95.740
G1 F1800 X99.451 Y104.259 E46.21614
G0 F9000 X100.016 Y104.259
G1 F1800 X91.497 Y95.740 E46.81720
G0 F9000 X92.063 Y95.740
G1 F1800 X100.582 Y104.259 E47.41827
G0 F9000 X101.148 Y104.259
G1 F1800 X92.628 Y95.740 E48.01936
G0 F9000 X93.194 Y95.740
G1 F1800 X101.713 Y104.259 E48.62042
G0 F9000 X102.279 Y104.259
G1 F1800 X93.760 Y95.740 E49.22149
G0 F9000 X94.325 Y95.740
G1 F1800 X102.845 Y104.259 E49.82258
G0 F9000 X103.410 Y104.259
G1 F1800 X94.891 Y95.740 E50.42364
G0 F9000 X95.457 Y95.740
G1 F1800 X103.976 Y104.259 E51.02471
G0 F9000 X104.542 Y104.259
G1 F1800 X96.022 Y95.740 E51.62580
G0 F9000 X96.588 Y95.740
G1 F1800 X105.107 Y104.259 E52.22686
G0 F9000 X105.673 Y104.259
G1 F1800 X97.154 Y95.740 E52.82792
G0 F9000 X97.720 Y95.740
G1 F1800 X106.239 Y104.259 E53.42899
G0 F9000 X106.804 Y104.259
G1 F1800 X98.285 Y95.740 E54.03005
G0 F9000 X98.851 Y95.740
G1 F1800 X107.370 Y104.259 E54.63111
G0 F9000 X107.936 Y104.259
G1 F1800 X99.417 Y95.740 E55.23217
G0 F9000 X99.982 Y95.740
G1 F1800 X108.502 Y104.259 E55.83327
G0 F9000 X109.067 Y104.259
G1 F1800 X100.548 Y95.740 E56.43433
G0 F9000 X101.114 Y95.740
G1 F1800 X109.633 Y104.259 E57.03539
G0 F9000 X110.199 Y104.259
G1 F1800 X101.679 Y95.740 E57.63649
G0 F9000 X102.245 Y95.740
G1 F1800 X110.764 Y104.259 E58.23755
G0 F9000 X111.330 Y104.259
G1 F1800 X102.811 Y95.740 E58.83861
G0 F9000 X103.376 Y95.740
G1 F1800 X111.896 Y104.259 E59.43971
G0 F9000 X112.461 Y104.259
G1 F1800 X103.942 Y95.740 E60.04077
G0 F9000 X104.508 Y95.740
G1 F1800 X113.027 Y104.259 E60.64183
G0 F9000 X113.593 Y104.259
G1 F1800 X105.073 Y95.740 E61.24293
G0 F9000 X105.639 Y95.740
G1 F1800 X114.158 Y104.259 E61.84399
G0 F9000 X114.724 Y104.259
G1 F1800 X106.205 Y95.740 E62.44505
G0 F9000 X106.771 Y95.740
G1 F1800 X115.290 Y104.259 E63.04611
G0 F9000 X115.855 Y104.259
G1 F1800 X107.336 Y95.740 E63.64717
G0 F9000 X107.902 Y95.740
G1 F1800 X116.421 Y104.259 E64.24823
G0 F9000 X116.987 Y104.259
G1 F1800 X108.468 Y95.740 E64.84930
G0 F9000 X109.033 Y95.740
G1 F1800 X117.552 Y104.259 E65.45036
G0 F9000 X118.118 Y104.259
G1 F1800 X109.599 Y95.740 E66.05142
G0 F9000 X110.165 Y95.740
G1 F1800 X118.684 Y104.259 E66.65248
G0 F9000 X119.250 Y104.259
G1 F1800 X110.730 Y95.740 E67.25358
G0 F9000 X111.296 Y95.740
G1 F1800 X119.815 Y104.259 E67.85464
G0 F9000 X120.381 Y104.259
G1 F1800 X111.862 Y95.740 E68.45570
G0 F9000 X112.427 Y95.740
G1 F1800 X120.947 Y104.259 E69.05680
G0 F9000 X121.512 Y104.259
G1 F1800 X112.993 Y95.740 E69.65786
G0 F9000 X113.559 Y95.740
G1 F1800 X122.078 Y104.259 E70.25892
G0 F9000 X122.644 Y104.259
G1 F1800 X114.124 Y95.740 E70.86002
G0 F9000 X114.690 Y95.740
G1 F1800 X123.209 Y104.259 E71.46108
G0 F9000 X123.775 Y104.259
G1 F1800 X115.256 Y95.740 E72.06214
G0 F9000 X115.821 Y95.740
G1 F1800 X124.259 Y104.178 E72.65749
G0 F9000 X124.259 Y103.612
G1 F1800 X116.387 Y95.740 E73.21290
G0 F9000 X116.953 Y95.740
G1 F1800 X124.259 Y103.046 E73.72837
G0 F9000 X124.259 Y102.480
G1 F1800 X117.519 Y95.740 E74.20392
G0 F9000 X118.084 Y95.740
G1 F1800 X124.259 Y101.915 E74.63960
G0 F9000 X124.259 Y101.349
G1 F1800 X118.650 Y95.740 E75.03534
G0 F9000 X119.216 Y95.740
G1 F1800 X124.259 Y100.783 E75.39115
G0 F9000 X124.259 Y100.218
G1 F1800 X119.781 Y95.740 E75.70710
G0 F9000 X120.347 Y95.740
G1 F1800 X124.259 Y99.652 E75.98311
G0 F9000 X124.259 Y99.086
G1 F1800 X120.913 Y95.740 E76.21919
G0 F9000 X121.478 Y95.740
G1 F1800 X124.259 Y98.521 E76.41541
G0 F9000 X124.259 Y97.955
G1 F1800 X122.044 Y95.740 E76.57169
G0 F9000 X122.610 Y95.740
G1 F1800 X124.259 Y97.389 E76.68803
G0 F9000 X124.259 Y96.824
G1 F1800 X123.175 Y95.740 E76.76451
G0 F9000 X123.741 Y95.740
G1 F1800 X124.259 Y96.258 E76.80106
G0 F9000 X79.652 Y104.259
G1 F1800 X75.739 Y100.346 E77.07715
G0 F9000 X75.739 Y100.912
G1 F1800 X79.086 Y104.259 E77.31329
G0 F9000 X78.520 Y104.259
G1 F1800 X75.739 Y101.478 E77.50951
G0 F9000 X75.739 Y102.043
G1 F1800 X77.954 Y104.259 E77.66582
G0 F9000 X77.389 Y104.259
G1 F1800 X75.739 Y102.609 E77.78224
G0 F9000 X75.739 Y103.175
G1 F1800 X76.823 Y104.259 E77.85872
G0 F9000 X76.257 Y104.259
G1 F1800 X75.739 Y103.741 E77.89527
;LAYER:1
M106 S63
G0 F9000 X75.600 Y104.400 Z0.500
;TYPE:WALL-INNER
G1 F2220 X75.600 Y95.600 E78.18796
G1 X124.400 Y95.600 E79.81105
G1 X124.400 Y104.400 E80.10374
G1 X75.600 Y104.400 E81.72684
G0 F9000 X75.200 Y104.800
;TYPE:WALL-OUTER
G1 F1980 X75.200 Y95.200 E82.04614
G1 X124.800 Y95.200 E83.69584
G1 X124.800 Y104.800 E84.01514
G1 X75.200 Y104.800 E85.66484
G0 F9000 X75.910 Y104.260
;TYPE:SKIN
G1 F1980 X84.431 Y95.739 E86.06564
G0 F9000 X84.997 Y95.739
G1 F1980 X76.476 Y104.260 E86.46644
G0 F9000 X77.042 Y104.260
G1 F1980 X85.562 Y95.739 E86.86722
G0 F9000 X86.128 Y95.739
G1 F1980 X77.607 Y104.260 E87.26802
G0 F9000 X78.173 Y104.260
G1 F1980 X86.694 Y95.739 E87.66882
G0 F9000 X87.259 Y95.739
G1 F1980 X78.739 Y104.260 E88.06960
G0 F9000 X79.304 Y104.260
G1 F1980 X87.825 Y95.739 E88.47040
G0 F9000 X88.391 Y95.739
G1 F1980 X79.870 Y104.260 E88.87121
G0 F9000 X75.740 Y103.864
G1 F1980 X83.865 Y95.739 E89.25338
G0 F9000 X83.300 Y95.739
G1 F1980 X75.740 Y103.299 E89.60898
G0 F9000 X75.740 Y102.733
G1 F1980 X82.734 Y95.739 E89.93796
G0 F9000 X82.168 Y95.739
G1 F1980 X75.740 Y102.167 E90.24031
G0 F9000 X75.740 Y101.602
G1 F1980 X81.602 Y95.739 E90.51606
G0 F9000 X81.037 Y95.739
G1 F1980 X75.740 Y101.036 E90.76522
G0 F9000 X75.740 Y100.470
G1 F1980 X80.471 Y95.739 E90.98775
G0 F9000 X88.956 Y95.739
G1 F1980 X80.436 Y104.260 E91.38853
G0 F9000 X81.001 Y104.260
G1 F1980 X89.522 Y95.739 E91.78933
G0 F9000 X90.088 Y95.739
G1 F1980 X81.567 Y104.260 E92.19013
G0 F9000 X82.133 Y104.260
G1 F1980 X90.653 Y95.739 E92.59091
G0 F9000 X91.219 Y95.739
G1 F1980 X82.698 Y104.260 E92.99171
G0 F9000 X83.264 Y104.260
G1 F1980 X91.785 Y95.739 E93.39251
G0 F9000 X92.350 Y95.739
G1 F1980 X83.830 Y104.260 E93.79329
G0 F9000 X84.396 Y104.260
G1 F1980 X92.916 Y95.739 E94.19407
G0 F9000 X93.482 Y95.739
G1 F1980 X84.961 Y104.260 E94.59487
G0 F9000 X85.527 Y104.260
G1 F1980 X94.048 Y95.739 E94.99567
G0 F9000 X94.613 Y95.739
G1 F1980 X86.093 Y104.260 E95.39645
G0 F9000 X86.658 Y104.260
G1 F1980 X95.179 Y95.739 E95.79725
G0 F9000 X95.745 Y95.739
G1 F1980 X87.224 Y104.260 E96.19805
G0 F9000 X87.790 Y104.260
G1 F1980 X96.310 Y95.739 E96.59883
G0 F9000 X96.876 Y95.739
G1 F1980 X88.355 Y104.260 E96.99963
G0 F9000 X88.921 Y104.260
G1 F1980 X97.442 Y95.739 E97.40044
G0 F9000 X98.007 Y95.739
G1 F1980 X89.487 Y104.260 E97.80121
G0 F9000 X90.052 Y104.260
G1 F1980 X98.573 Y95.739 E98.20202
G0 F9000 X99.139 Y95.739
G1 F1980 X90.618 Y104.260 E98.60282
G0 F9000 X91.184 Y104.260
G1 F1980 X99.704 Y95.739 E99.00360
G0 F9000 X100.270 Y95.739
G1 F1980 X91.749 Y104.260 E99.40440
G0 F9000 X92.315 Y104.260
G1 F1980 X100.836 Y95.739 E99.80520
G0 F9000 X101.401 Y95.739
G1 F1980 X92.881 Y104.260 E100.20598
G0 F9000 X93.446 Y104.260
G1 F1980 X101.967 Y95.739 E100.60678
G0 F9000 X102.533 Y95.739
G1 F1980 X94.012 Y104.260 E101.00758
G0 F9000 X94.578 Y104.260
G1 F1980 X103.098 Y95.739 E101.40836
G0 F9000 X103.664 Y95.739
G1 F1980 X95.144 Y104.260 E101.80914
G0 F9000 X95.709 Y104.260
G1 F1980 X104.230 Y95.739 E102.20994
G0 F9000 X104.796 Y95.739
G1 F1980 X96.275 Y104.260 E102.61074
G0 F9000 X96.841 Y104.260
G1 F1980 X105.361 Y95.739 E103.01152
G0 F9000 X105.927 Y95.739
G1 F1980 X97.406 Y104.260 E103.41232
G0 F9000 X97.972 Y104.260
G1 F1980 X106.493 Y95.739 E103.81312
G0 F9000 X107.058 Y95.739
G1 F1980 X98.538 Y104.260 E104.21390
G0 F9000 X99.103 Y104.260
G1 F1980 X107.624 Y95.739 E104.61470
G0 F9000 X108.190 Y95.739
G1 F1980 X99.669 Y104.260 E105.01550
G0 F9000 X100.235 Y104.260
G1 F1980 X108.755 Y95.739 E105.41628
G0 F9000 X109.321 Y95.739
G1 F1980 X100.800 Y104.260 E105.81708
G0 F9000 X101.366 Y104.260
G1 F1980 X109.887 Y95.739 E106.21789
G0 F9000 X110.452 Y95.739
G1 F1980 X101.932 Y104.260 E106.61866
G0 F9000 X102.497 Y104.260
G1 F1980 X111.018 Y95.739 E107.01947
G0 F9000 X111.584 Y95.739
G1 F1980 X103.063 Y104.260 E107.42027
G0 F9000 X103.629 Y104.260
G1 F1980 X112.149 Y95.739 E107.82105
G0 F9000 X112.715 Y95.739
G1 F1980 X104.195 Y104.260 E108.22182
G0 F9000 X104.760 Y104.260
G1 F1980 X113.281 Y95.739 E108.62263
G0 F9000 X113.847 Y95.739
G1 F1980 X105.326 Y104.260 E109.02343
G0 F9000 X105.892 Y104.260
G1 F1980 X114.412 Y95.739 E109.42421
G0 F9000 X114.978 Y95.739
G1 F1980 X106.457 Y104.260 E109.82501
G0 F9000 X107.023 Y104.260
G1 F1980 X115.544 Y95.739 E110.22581
G0 F9000 X116.109 Y95.739
G1 F1980 X107.589 Y104.260 E110.62659
G0 F9000 X108.154 Y104.260
G1 F1980 X116.675 Y95.739 E111.02739
G0 F9000 X117.241 Y95.739
G1 F1980 X108.720 Y104.260 E111.42819
G0 F9000 X109.286 Y104.260
G1 F1980 X117.806 Y95.739 E111.82897
G0 F9000 X118.372 Y95.739
G1 F1980 X109.851 Y104.260 E112.22977
G0 F9000 X110.417 Y104.260
G1 F1980 X118.938 Y95.739 E112.63057
G0 F9000 X119.503 Y95.739
G1 F1980 X110.983 Y104.260 E113.03135
G0 F9000 X111.548 Y104.260
G1 F1980 X120.069 Y95.739 E113.43215
G0 F9000 X120.635 Y95.739
G1 F1980 X112.114 Y104.260 E113.83295
G0 F9000 X112.680 Y104.260
G1 F1980 X121.200 Y95.739 E114.23373
G0 F9000 X121.766 Y95.739
G1 F1980 X113.245 Y104.260 E114.63453
G0 F9000 X113.811 Y104.260
G1 F1980 X122.332 Y95.739 E115.03534
G0 F9000 X122.897 Y95.739
G1 F1980 X114.377 Y104.260 E115.43611
G0 F9000 X114.943 Y104.260
G1 F1980 X123.463 Y95.739 E115.83689
G0 F9000 X124.029 Y95.739
G1 F1980 X115.508 Y104.260 E116.23769
G0 F9000 X116.074 Y104.260
G1 F1980 X124.259 Y96.075 E116.62269
G0 F9000 X124.259 Y96.640
G1 F1980 X116.640 Y104.260 E116.98109
G0 F9000 X117.205 Y104.260
G1 F1980 X124.259 Y97.206 E117.31289
G0 F9000 X124.259 Y97.772
G1 F1980 X117.771 Y104.260 E117.61806
G0 F9000 X118.337 Y104.260
G1 F1980 X124.259 Y98.338 E117.89662
G0 F9000 X124.259 Y98.903
G1 F1980 X118.902 Y104.260 E118.14859
G0 F9000 X119.468 Y104.260
G1 F1980 X124.259 Y99.469 E118.37395
G0 F9000 X124.259 Y100.035
G1 F1980 X120.034 Y104.260 E118.57268
G0 F9000 X120.599 Y104.260
G1 F1980 X124.259 Y100.600 E118.74483
G0 F9000 X124.259 Y101.166
G1 F1980 X121.165 Y104.260 E118.89036
G0 F9000 X121.731 Y104.260
G1 F1980 X124.259 Y101.732 E119.00927
G0 F9000 X124.259 Y102.297
G1 F1980 X122.296 Y104.260 E119.10161
G0 F9000 X122.862 Y104.260
G1 F1980 X124.259 Y102.863 E119.16732
G0 F9000 X124.259 Y103.429
G1 F1980 X123.428 Y104.260 E119.20641
G0 F9000 X123.994 Y104.260
G1 F1980 X124.259 Y103.994 E119.21889
G0 F9000 X79.905 Y95.739
G1 F1980 X75.740 Y99.904 E119.41480
G0 F9000 X75.740 Y99.339
G1 F1980 X79.340 Y95.739 E119.58414
G0 F9000 X78.774 Y95.739
G1 F1980 X75.740 Y98.773 E119.72685
G0 F9000 X75.740 Y98.207
G1 F1980 X78.208 Y95.739 E119.84293
G0 F9000 X77.643 Y95.739
G1 F1980 X75.740 Y97.642 E119.93244
G0 F9000 X75.740 Y97.076
G1 F1980 X77.077 Y95.739 E119.99533
G0 F9000 X76.511 Y95.739
G1 F1980 X75.740 Y96.510 E120.03160
G0 F9000 X75.740 Y95.945
G1 F1980 X75.946 Y95.739 E120.04129
;LAYER:2
M106 S127
G0 F9000 X75.610 Y95.610 Z0.700
;TYPE:WALL-INNER
G1 F2700 X124.389 Y95.610 E121.66368
G1 X124.389 Y104.389 E121.95567
G1 X75.611 Y104.388 E123.57804
G1 X75.610 Y95.610 E123.87000
G0 F9000 X75.210 Y95.210
;TYPE:WALL-OUTER
G1 F2220 X124.789 Y95.210 E125.51900
G1 X124.789 Y104.789 E125.83760
G1 X75.211 Y104.788 E127.48657
G1 X75.210 Y95.210 E127.80513
G0 F9000 X75.749 Y95.831
;TYPE:SKIN
G1 F2220 X84.165 Y104.247 E128.20100
G0 F9000 X83.599 Y104.247
G1 F2220 X75.749 Y96.397 E128.57024
G0 F9000 X75.749 Y96.962
G1 F2220 X83.034 Y104.247 E128.91290
G0 F9000 X82.468 Y104.247
G1 F2220 X75.749 Y97.528 E129.22894
G0 F9000 X75.749 Y98.094
G1 F2220 X81.902 Y104.247 E129.51836
G0 F9000 X81.337 Y104.247
G1 F2220 X75.749 Y98.659 E129.78120
G0 F9000 X75.749 Y99.225
G1 F2220 X80.771 Y104.247 E130.01742
G0 F9000 X80.205 Y104.247
G1 F2220 X75.749 Y99.791 E130.22702
G0 F9000 X76.233 Y95.750
G1 F2220 X84.731 Y104.247 E130.62672
G0 F9000 X85.296 Y104.247
G1 F2220 X76.799 Y95.750 E131.02639
G0 F9000 X77.365 Y95.750
G1 F2220 X85.862 Y104.247 E131.42606
G0 F9000 X86.428 Y104.247
G1 F2220 X77.930 Y95.750 E131.82576
G0 F9000 X78.496 Y95.750
G1 F2220 X86.993 Y104.247 E132.22543
G0 F9000 X87.559 Y104.247
G1 F2220 X79.062 Y95.750 E132.62510
G0 F9000 X79.628 Y95.750
G1 F2220 X88.125 Y104.247 E133.02478
G0 F9000 X88.690 Y104.247
G1 F2220 X80.193 Y95.750 E133.42445
G0 F9000 X80.759 Y95.750
G1 F2220 X89.256 Y104.247 E133.82412
G0 F9000 X89.822 Y104.247
G1 F2220 X81.325 Y95.750 E134.22379
G0 F9000 X81.890 Y95.750
G1 F2220 X90.388 Y104.247 E134.62349
G0 F9000 X90.953 Y104.247
G1 F2220 X82.456 Y95.750 E135.02316
G0 F9000 X83.022 Y95.750
G1 F2220 X91.519 Y104.247 E135.42284
G0 F9000 X92.085 Y104.247
G1 F2220 X83.587 Y95.750 E135.82253
G0 F9000 X84.153 Y95.750
G1 F2220 X92.650 Y104.247 E136.22221
G0 F9000 X93.216 Y104.247
G1 F2220 X84.719 Y95.750 E136.62188
G0 F9000 X85.284 Y95.750
G1 F2220 X93.782 Y104.247 E137.02158
G0 F9000 X94.347 Y104.247
G1 F2220 X85.850 Y95.750 E137.42125
G0 F9000 X86.416 Y95.750
G1 F2220 X94.913 Y104.247 E137.82092
G0 F9000 X95.479 Y104.247
G1 F2220 X86.981 Y95.750 E138.22062
G0 F9000 X87.547 Y95.750
G1 F2220 X96.044 Y104.247 E138.62029
G0 F9000 X96.610 Y104.247
G1 F2220 X88.113 Y95.750 E139.01996
G0 F9000 X88.678 Y95.750
G1 F2220 X97.176 Y104.247 E139.41966
G0 F9000 X97.741 Y104.247
G1 F2220 X89.244 Y95.750 E139.81933
G0 F9000 X89.810 Y95.750
G1 F2220 X98.307 Y104.247 E140.21900
G0 F9000 X98.873 Y104.247
G1 F2220 X90.376 Y95.750 E140.61868
G0 F9000 X90.941 Y95.750
G1 F2220 X99.439 Y104.247 E141.01837
G0 F9000 X100.005 Y104.248
G1 F2220 X91.507 Y95.750 E141.41809
G0 F9000 X92.073 Y95.750
G1 F2220 X100.571 Y104.248 E141.81781
G0 F9000 X101.136 Y104.248
G1 F2220 X92.638 Y95.750 E142.21753
G0 F9000 X93.204 Y95.750
G1 F2220 X101.702 Y104.248 E142.61725
G0 F9000 X102.268 Y104.248
G1 F2220 X93.770 Y95.750 E143.01697
G0 F9000 X94.335 Y95.750
G1 F2220 X102.833 Y104.248 E143.41669
G0 F9000 X103.399 Y104.248
G1 F2220 X94.901 Y95.750 E143.81641
G0 F9000 X95.467 Y95.750
G1 F2220 X103.965 Y104.248 E144.21613
G0 F9000 X104.530 Y104.248
G1 F2220 X96.032 Y95.750 E144.61585
G0 F9000 X96.598 Y95.750
G1 F2220 X105.096 Y104.248 E145.01557
G0 F9000 X105.662 Y104.248
G1 F2220 X97.164 Y95.750 E145.41529
G0 F9000 X97.729 Y95.750
G1 F2220 X106.227 Y104.248 E145.81501
G0 F9000 X106.793 Y104.248
G1 F2220 X98.295 Y95.750 E146.21473
G0 F9000 X98.861 Y95.750
G1 F2220 X107.359 Y104.248 E146.61445
G0 F9000 X107.925 Y104.248
G1 F2220 X99.426 Y95.750 E147.01420
G0 F9000 X99.992 Y95.750
G1 F2220 X108.490 Y104.248 E147.41392
G0 F9000 X109.056 Y104.248
G1 F2220 X100.558 Y95.750 E147.81364
G0 F9000 X101.124 Y95.750
G1 F2220 X109.622 Y104.248 E148.21336
G0 F9000 X110.187 Y104.248
G1 F2220 X101.689 Y95.750 E148.61308
G0 F9000 X102.255 Y95.750
G1 F2220 X110.753 Y104.248 E149.01279
G0 F9000 X111.319 Y104.248
G1 F2220 X102.821 Y95.750 E149.41251
G0 F9000 X103.386 Y95.750
G1 F2220 X111.884 Y104.248 E149.81223
G0 F9000 X112.450 Y104.248
G1 F2220 X103.952 Y95.750 E150.21195
G0 F9000 X104.518 Y95.750
G1 F2220 X113.016 Y104.248 E150.61167
G0 F9000 X113.581 Y104.248
G1 F2220 X105.083 Y95.750 E151.01139
G0 F9000 X105.649 Y95.750
G1 F2220 X114.147 Y104.248 E151.41111
G0 F9000 X114.713 Y104.248
G1 F2220 X106.215 Y95.750 E151.81083
G0 F9000 X106.780 Y95.750
G1 F2220 X115.278 Y104.248 E152.21055
G0 F9000 X115.844 Y104.248
G1 F2220 X107.346 Y95.750 E152.61027
G0 F9000 X107.912 Y95.750
G1 F2220 X116.410 Y104.248 E153.00999
G0 F9000 X116.975 Y104.248
G1 F2220 X108.477 Y95.750 E153.40971
G0 F9000 X109.043 Y95.750
G1 F2220 X117.541 Y104.248 E153.80943
G0 F9000 X118.107 Y104.248
G1 F2220 X109.609 Y95.750 E154.20915
G0 F9000 X110.175 Y95.750
G1 F2220 X118.673 Y104.248 E154.60887
G0 F9000 X119.238 Y104.248
G1 F2220 X110.740 Y95.750 E155.00859
G0 F9000 X111.306 Y95.750
G1 F2220 X119.804 Y104.248 E155.40831
G0 F9000 X120.370 Y104.248
G1 F2220 X111.872 Y95.750 E155.80803
G0 F9000 X112.437 Y95.750
G1 F2220 X120.935 Y104.248 E156.20775
G0 F9000 X121.501 Y104.248
G1 F2220 X113.003 Y95.750 E156.60747
G0 F9000 X113.569 Y95.750
G1 F2220 X122.067 Y104.248 E157.00719
G0 F9000 X122.632 Y104.248
G1 F2220 X114.134 Y95.750 E157.40691
G0 F9000 X114.700 Y95.750
G1 F2220 X123.198 Y104.248 E157.80663
G0 F9000 X123.764 Y104.248
G1 F2220 X115.266 Y95.750 E158.20635
G0 F9000 X115.831 Y95.750
G1 F2220 X124.248 Y104.166 E158.60224
G0 F9000 X124.248 Y103.601
G1 F2220 X116.397 Y95.750 E158.97153
G0 F9000 X116.963 Y95.750
G1 F2220 X124.248 Y103.035 E159.31419
G0 F9000 X124.248 Y102.469
G1 F2220 X117.528 Y95.750 E159.63025
G0 F9000 X118.094 Y95.750
G1 F2220 X124.248 Y101.903 E159.91970
G0 F9000 X124.248 Y101.338
G1 F2220 X118.660 Y95.750 E160.18254
G0 F9000 X119.225 Y95.750
G1 F2220 X124.248 Y100.772 E160.41878
G0 F9000 X124.248 Y100.206
G1 F2220 X119.791 Y95.750 E160.62840
G0 F9000 X120.357 Y95.750
G1 F2220 X124.248 Y99.641 E160.81142
G0 F9000 X124.248 Y99.075
G1 F2220 X120.923 Y95.750 E160.96782
G0 F9000 X121.488 Y95.750
G1 F2220 X124.248 Y98.509 E161.09762
G0 F9000 X124.248 Y97.944
G1 F2220 X122.054 Y95.750 E161.20082
G0 F9000 X122.620 Y95.750
G1 F2220 X124.248 Y97.378 E161.27739
G0 F9000 X124.248 Y96.812
G1 F2220 X123.185 Y95.750 E161.32737
G0 F9000 X123.751 Y95.750
G1 F2220 X124.248 Y96.247 E161.35075
G0 F9000 X79.640 Y104.247
G1 F2220 X75.750 Y100.357 E161.53372
G0 F9000 X75.750 Y100.923
G1 F2220 X79.074 Y104.247 E161.69007
G0 F9000 X78.508 Y104.247
G1 F2220 X75.750 Y101.488 E161.81982
G0 F9000 X75.750 Y102.054
G1 F2220 X77.942 Y104.247 E161.92295
G0 F9000 X77.377 Y104.247
G1 F2220 X75.750 Y102.620 E161.99948
G0 F9000 X75.750 Y103.185
G1 F2220 X76.811 Y104.247 E162.04941
G0 F9000 X76.245 Y104.247
G1 F2220 X75.750 Y103.751 E162.07272
;LAYER:3
G0 F9000 X75.701 Y104.298 Z0.900
;TYPE:WALL-INNER
G1 F3120 X75.701 Y95.701 E162.35865
G1 X124.298 Y95.701 E163.97500
G1 X124.298 Y104.298 E164.26093
G1 X75.701 Y104.298 E165.87728
G0 F9000 X75.301 Y104.698
;TYPE:WALL-OUTER
G1 F2400 X75.301 Y95.301 E166.18982
G1 X124.698 Y95.301 E167.83277
G1 X124.698 Y104.698 E168.14532
G1 X75.301 Y104.698 E169.78827
G0 F9000 X75.511 Y104.398
G0 X83.184 Y102.983
;TYPE:FILL
G1 F4020 X83.314 Y103.113 E169.79439
G0 F9000 X86.334 Y103.170
G1 F4020 X87.573 Y101.930 E169.85269
G0 F9000 X87.789 Y101.931
G1 F4020 X89.027 Y103.169 E169.91092
G0 F9000 X91.991 Y103.170
G1 F4020 X92.865 Y102.296 E169.95203
G0 F9000 X97.647 Y103.170
G1 F4020 X98.887 Y101.930 E170.01036
G0 F9000 X99.103 Y101.931
G1 F4020 X100.341 Y103.169 E170.06859
G0 F9000 X103.304 Y103.170
G1 F4020 X104.326 Y102.148 E170.11666
G0 F9000 X108.961 Y103.170
G1 F4020 X110.200 Y101.931 E170.17494
G0 F9000 X110.417 Y101.932
G1 F4020 X111.654 Y103.169 E170.23312
G0 F9000 X114.618 Y103.170
G1 F4020 X115.753 Y102.035 E170.28651
G0 F9000 X115.056 Y102.449
;TYPE:SKIN
G1 F2400 X121.665 Y95.840 E170.59738
G0 F9000 X122.231 Y95.840
G1 F2400 X113.914 Y104.157 E170.98858
G0 F9000 X114.479 Y104.157
G1 F2400 X122.796 Y95.840 E171.37979
G0 F9000 X123.362 Y95.840
G1 F2400 X115.045 Y104.157 E171.77099
G0 F9000 X115.611 Y104.157
G1 F2400 X123.928 Y95.840 E172.16220
G0 F9000 X124.157 Y96.177
G1 F2400 X116.176 Y104.157 E172.53758
G0 F9000 X116.742 Y104.157
G1 F2400 X124.157 Y96.742 E172.88636
G0 F9000 X124.157 Y97.308
G1 F2400 X117.308 Y104.157 E173.20851
G0 F9000 X117.873 Y104.157
G1 F2400 X124.157 Y97.874 E173.50407
G0 F9000 X124.157 Y98.439
G1 F2400 X118.439 Y104.157 E173.77303
G0 F9000 X119.005 Y104.157
G1 F2400 X124.157 Y99.005 E174.01536
G0 F9000 X124.157 Y99.571
G1 F2400 X119.571 Y104.157 E174.23107
G0 F9000 X114.856 Y102.649
G1 F2400 X113.348 Y104.157 E174.30201
G0 F9000 X112.782 Y104.157
G1 F2400 X114.290 Y102.649 E174.37294
G0 F9000 X114.491 Y102.449
G1 F2400 X121.099 Y95.840 E174.68378
G0 F9000 X120.534 Y95.840
G1 F2400 X113.924 Y102.449 E174.99467
G0 F9000 X113.724 Y102.649
G1 F2400 X112.217 Y104.157 E175.06558
G0 F9000 X111.651 Y104.157
G1 F2400 X113.159 Y102.649 E175.13651
G0 F9000 X113.358 Y102.450
G1 F2400 X119.968 Y95.840 E175.44743
G0 F9000 X119.402 Y95.840
G1 F2400 X112.792 Y102.450 E175.75834
G0 F9000 X112.593 Y102.649
G1 F2400 X111.085 Y104.157 E175.82927
G0 F9000 X110.520 Y104.157
G1 F2400 X112.027 Y102.649 E175.90018
G0 F9000 X112.226 Y102.451
G1 F2400 X118.837 Y95.840 E176.21114
G0 F9000 X118.271 Y95.840
G1 F2400 X111.659 Y102.451 E176.52212
G0 F9000 X111.461 Y102.649
G1 F2400 X109.954 Y104.157 E176.59303
G0 F9000 X109.388 Y104.157
G1 F2400 X110.896 Y102.649 E176.66396
G0 F9000 X111.094 Y102.451
G1 F2400 X117.705 Y95.840 E176.97493
G0 F9000 X117.140 Y95.840
G1 F2400 X110.527 Y102.452 E177.28596
G0 F9000 X110.330 Y102.649
G1 F2400 X108.823 Y104.157 E177.35687
G0 F9000 X108.257 Y104.157
G1 F2400 X109.764 Y102.649 E177.42777
G0 F9000 X109.961 Y102.453
G1 F2400 X116.574 Y95.840 E177.73883
G0 F9000 X116.008 Y95.840
G1 F2400 X109.395 Y102.453 E178.04988
G0 F9000 X109.199 Y102.649
G1 F2400 X107.691 Y104.157 E178.12082
G0 F9000 X107.125 Y104.157
G1 F2400 X108.633 Y102.649 E178.19175
G0 F9000 X108.829 Y102.454
G1 F2400 X115.442 Y95.840 E178.50283
G0 F9000 X114.877 Y95.840
G1 F2400 X108.262 Y102.454 E178.81395
G0 F9000 X108.067 Y102.649
G1 F2400 X106.560 Y104.157 E178.88486
G0 F9000 X105.994 Y104.157
G1 F2400 X107.502 Y102.649 E178.95579
G0 F9000 X107.697 Y102.454
G1 F2400 X114.311 Y95.840 E179.26689
G0 F9000 X113.745 Y95.840
G1 F2400 X107.130 Y102.455 E179.57804
G0 F9000 X106.936 Y102.649
G1 F2400 X105.428 Y104.157 E179.64898
G0 F9000 X104.863 Y104.157
G1 F2400 X113.180 Y95.840 E180.04018
G0 F9000 X112.614 Y95.840
G1 F2400 X104.297 Y104.157 E180.43139
G0 F9000 X103.731 Y104.157
G1 F2400 X112.048 Y95.840 E180.82259
G0 F9000 X111.483 Y95.840
G1 F2400 X103.166 Y104.157 E181.21380
G0 F9000 X102.600 Y104.157
G1 F2400 X110.917 Y95.840 E181.60501
G0 F9000 X110.351 Y95.840
G1 F2400 X103.743 Y102.448 E181.91583
G0 F9000 X103.542 Y102.649
G1 F2400 X102.034 Y104.157 E181.98676
G0 F9000 X101.469 Y104.157
G1 F2400 X102.976 Y102.649 E182.05767
G0 F9000 X103.178 Y102.448
G1 F2400 X109.786 Y95.840 E182.36849
G0 F9000 X109.220 Y95.840
G1 F2400 X102.611 Y102.449 E182.67935
G0 F9000 X102.410 Y102.649
G1 F2400 X100.903 Y104.157 E182.75026
G0 F9000 X100.337 Y104.157
G1 F2400 X101.845 Y102.649 E182.82119
G0 F9000 X102.046 Y102.449
G1 F2400 X108.654 Y95.840 E183.13204
G0 F9000 X108.089 Y95.840
G1 F2400 X101.479 Y102.449 E183.44293
G0 F9000 X101.279 Y102.649
G1 F2400 X99.772 Y104.157 E183.51384
G0 F9000 X99.206 Y104.157
G1 F2400 X100.713 Y102.649 E183.58474
G0 F9000 X100.913 Y102.450
G1 F2400 X107.523 Y95.840 E183.89566
G0 F9000 X106.957 Y95.840
G1 F2400 X100.347 Y102.450 E184.20657
G0 F9000 X100.148 Y102.649
G1 F2400 X98.640 Y104.157 E184.27750
G0 F9000 X98.075 Y104.157
G1 F2400 X99.582 Y102.649 E184.34841
G0 F9000 X99.781 Y102.451
G1 F2400 X106.391 Y95.840 E184.65935
G0 F9000 X105.826 Y95.840
G1 F2400 X99.215 Y102.451 E184.97031
G0 F9000 X99.016 Y102.649
G1 F2400 X97.509 Y104.157 E185.04122
G0 F9000 X96.943 Y104.157
G1 F2400 X98.451 Y102.649 E185.11215
G0 F9000 X98.649 Y102.451
G1 F2400 X105.260 Y95.840 E185.42311
G0 F9000 X104.694 Y95.840
G1 F2400 X98.083 Y102.451 E185.73407
G0 F9000 X97.885 Y102.649
G1 F2400 X96.377 Y104.157 E185.80500
G0 F9000 X95.812 Y104.157
G1 F2400 X97.319 Y102.649 E185.87591
G0 F9000 X97.517 Y102.452
G1 F2400 X104.129 Y95.840 E186.18692
G0 F9000 X103.563 Y95.840
G1 F2400 X96.950 Y102.453 E186.49798
G0 F9000 X96.754 Y102.649
G1 F2400 X95.246 Y104.157 E186.56891
G0 F9000 X94.680 Y104.157
G1 F2400 X96.188 Y102.649 E186.63984
G0 F9000 X96.385 Y102.453
G1 F2400 X102.997 Y95.840 E186.95087
G0 F9000 X102.432 Y95.840
G1 F2400 X95.818 Y102.454 E187.26197
G0 F9000 X95.622 Y102.649
G1 F2400 X94.115 Y104.157 E187.33288
G0 F9000 X93.549 Y104.157
G1 F2400 X95.148 Y102.558 E187.40809
G0 F9000 X95.252 Y102.454
G1 F2400 X101.866 Y95.840 E187.71920
G0 F9000 X101.300 Y95.840
G1 F2400 X92.983 Y104.157 E188.11040
G0 F9000 X92.418 Y104.157
G1 F2400 X100.735 Y95.840 E188.50161
G0 F9000 X100.169 Y95.840
G1 F2400 X91.852 Y104.157 E188.89282
G0 F9000 X91.286 Y104.157
G1 F2400 X99.603 Y95.840 E189.28402
G0 F9000 X99.038 Y95.840
G1 F2400 X92.348 Y102.530 E189.59870
G0 F9000 X92.229 Y102.649
G1 F2400 X90.721 Y104.157 E189.66963
G0 F9000 X90.155 Y104.157
G1 F2400 X91.663 Y102.649 E189.74056
G0 F9000 X91.865 Y102.447
G1 F2400 X98.472 Y95.840 E190.05133
G0 F9000 X97.906 Y95.840
G1 F2400 X91.298 Y102.448 E190.36215
G0 F9000 X91.097 Y102.649
G1 F2400 X89.589 Y104.157 E190.43309
G0 F9000 X89.024 Y104.157
G1 F2400 X90.532 Y102.649 E190.50402
G0 F9000 X90.733 Y102.448
G1 F2400 X97.341 Y95.840 E190.81484
G0 F9000 X96.775 Y95.840
G1 F2400 X90.166 Y102.449 E191.12571
G0 F9000 X89.966 Y102.649
G1 F2400 X88.458 Y104.157 E191.19664
G0 F9000 X87.892 Y104.157
G1 F2400 X89.400 Y102.649 E191.26757
G0 F9000 X89.600 Y102.449
G1 F2400 X96.209 Y95.840 E191.57844
G0 F9000 X95.643 Y95.840
G1 F2400 X89.034 Y102.449 E191.88930
G0 F9000 X88.835 Y102.649
G1 F2400 X87.326 Y104.157 E191.96026
G0 F9000 X86.761 Y104.157
G1 F2400 X88.269 Y102.649 E192.03119
G0 F9000 X88.468 Y102.450
G1 F2400 X95.078 Y95.840 E192.34210
G0 F9000 X94.512 Y95.840
G1 F2400 X87.901 Y102.451 E192.65307
G0 F9000 X87.703 Y102.649
G1 F2400 X86.195 Y104.157 E192.72400
G0 F9000 X85.629 Y104.157
G1 F2400 X87.138 Y102.649 E192.79495
G0 F9000 X87.336 Y102.451
G1 F2400 X93.946 Y95.840 E193.10589
G0 F9000 X93.381 Y95.840
G1 F2400 X86.769 Y102.451 E193.41687
G0 F9000 X86.572 Y102.649
G1 F2400 X85.064 Y104.157 E193.48781
G0 F9000 X84.498 Y104.157
G1 F2400 X86.006 Y102.649 E193.55874
G0 F9000 X86.203 Y102.452
G1 F2400 X92.815 Y95.840 E193.86975
G0 F9000 X92.249 Y95.840
G1 F2400 X85.637 Y102.452 E194.18075
G0 F9000 X85.441 Y102.649
G1 F2400 X83.932 Y104.157 E194.25171
G0 F9000 X83.367 Y104.157
G1 F2400 X84.875 Y102.649 E194.32264
G0 F9000 X85.071 Y102.453
G1 F2400 X91.684 Y95.840 E194.63370
G0 F9000 X91.118 Y95.840
G1 F2400 X84.504 Y102.454 E194.94480
G0 F9000 X84.309 Y102.649
G1 F2400 X82.801 Y104.157 E195.01573
G0 F9000 X82.235 Y104.157
G1 F2400 X83.744 Y102.649 E195.08669
G0 F9000 X83.939 Y102.454
G1 F2400 X90.552 Y95.840 E195.39776
G0 F9000 X89.987 Y95.840
G1 F2400 X81.670 Y104.157 E195.78897
G0 F9000 X81.104 Y104.157
G1 F2400 X89.421 Y95.840 E196.18018
G0 F9000 X88.855 Y95.840
G1 F2400 X80.538 Y104.157 E196.57138
G0 F9000 X79.973 Y104.157
G1 F2400 X88.290 Y95.840 E196.96259
G0 F9000 X87.724 Y95.840
G1 F2400 X79.407 Y104.157 E197.35380
G0 F9000 X78.841 Y104.157
G1 F2400 X87.158 Y95.840 E197.74500
G0 F9000 X86.593 Y95.840
G1 F2400 X78.276 Y104.157 E198.13621
G0 F9000 X77.710 Y104.157
G1 F2400 X86.027 Y95.840 E198.52741
G0 F9000 X85.461 Y95.840
G1 F2400 X77.144 Y104.157 E198.91862
G0 F9000 X76.578 Y104.157
G1 F2400 X84.895 Y95.840 E199.30983
G0 F9000 X84.330 Y95.840
G1 F2400 X76.013 Y104.157 E199.70103
G0 F9000 X75.840 Y103.764
G1 F2400 X83.764 Y95.840 E200.07375
G0 F9000 X83.198 Y95.840
G1 F2400 X75.840 Y103.198 E200.41985
G0 F9000 X75.840 Y102.633
G1 F2400 X82.633 Y95.840 E200.73937
G0 F9000 X82.067 Y95.840
G1 F2400 X75.840 Y102.067 E201.03227
G0 F9000 X75.840 Y101.501
G1 F2400 X81.501 Y95.840 E201.29855
G0 F9000 X80.936 Y95.840
G1 F2400 X75.840 Y100.935 E201.53822
G0 F9000 X75.840 Y100.370
G1 F2400 X80.370 Y95.840 E201.75130
G0 F9000 X79.804 Y95.840
G1 F2400 X75.840 Y99.804 E201.93776
G0 F9000 X75.840 Y99.238
G1 F2400 X79.239 Y95.840 E202.09761
G0 F9000 X78.673 Y95.840
G1 F2400 X75.840 Y98.673 E202.23087
G0 F9000 X75.840 Y98.107
G1 F2400 X78.107 Y95.840 E202.33750
G0 F9000 X77.542 Y95.840
G1 F2400 X75.840 Y97.541 E202.41753
G0 F9000 X75.840 Y96.976
G1 F2400 X76.976 Y95.840 E202.47097
G0 F9000 X76.410 Y95.840
G1 F2400 X75.840 Y96.410 E202.49778
G0 F9000 X120.136 Y104.157
G1 F2400 X124.157 Y100.136 E202.68691
G0 F9000 X124.157 Y100.702
G1 F2400 X120.702 Y104.157 E202.84943
G0 F9000 X121.268 Y104.157
G1 F2400 X124.157 Y101.268 E202.98532
G0 F9000 X124.157 Y101.833
G1 F2400 X121.833 Y104.157 E203.09463
G0 F9000 X122.399 Y104.157
G1 F2400 X124.157 Y102.399 E203.17732
G0 F9000 X124.157 Y102.965
G1 F2400 X122.965 Y104.157 E203.23339
G0 F9000 X123.530 Y104.157
G1 F2400 X124.157 Y103.531 E203.26286
G0 F9000 X124.157 Y104.096
G1 F2400 X124.096 Y104.157 E203.26573
;LAYER:4
G0 F9000 X123.900 Y103.900 Z1.100
;TYPE:WALL-INNER
G1 F3600 X76.100 Y103.900 E204.85556
G1 X76.100 Y96.100 E205.11499
G1 X123.900 Y96.100 E206.70482
G1 X123.900 Y103.900 E206.96425
G0 F9000 X124.300 Y104.300
;TYPE:WALL-OUTER
G1 F2700 X75.700 Y104.300 E208.58070
G1 X75.700 Y95.700 E208.86673
G1 X124.300 Y95.700 E210.48318
G1 X124.300 Y104.300 E210.76921
G0 F9000 X124.000 Y104.090
G0 X115.744 Y102.043
;TYPE:FILL
G1 F4800 X114.634 Y103.154 E210.82145
G0 F9000 X111.640 Y103.155
G1 F4800 X110.428 Y101.943 E210.87846
G0 F9000 X110.189 Y101.942
G1 F4800 X108.973 Y103.158 E210.93565
G0 F9000 X104.318 Y102.156
G1 F4800 X103.321 Y103.154 E210.98257
G0 F9000 X100.327 Y103.155
G1 F4800 X99.115 Y101.943 E211.03958
G0 F9000 X98.875 Y101.942
G1 F4800 X97.660 Y103.157 E211.09673
G0 F9000 X92.853 Y102.307
G1 F4800 X92.008 Y103.152 E211.13648
G0 F9000 X89.012 Y103.154
G1 F4800 X87.800 Y101.942 E211.19349
G0 F9000 X87.563 Y101.941
G1 F4800 X86.347 Y103.156 E211.25066
G0 F9000 X83.295 Y103.094
G1 F4800 X83.208 Y103.007 E211.25475
G0 F9000 X83.661 Y102.611
;TYPE:SKIN
G1 F2700 X77.289 Y96.240 E211.55445
G0 F9000 X76.723 Y96.240
G1 F2700 X84.243 Y103.759 E211.90814
G0 F9000 X84.808 Y103.759
G1 F2700 X83.688 Y102.639 E211.96082
G0 F9000 X84.079 Y102.464
G1 F2700 X77.855 Y96.240 E212.25358
G0 F9000 X78.420 Y96.240
G1 F2700 X84.644 Y102.464 E212.54634
G0 F9000 X84.819 Y102.638
G1 F2700 X85.940 Y103.759 E212.59907
G0 F9000 X85.374 Y103.759
G1 F2700 X84.254 Y102.639 E212.65175
G0 F9000 X85.210 Y102.464
G1 F2700 X78.986 Y96.240 E212.94451
G0 F9000 X79.552 Y96.240
G1 F2700 X85.775 Y102.463 E213.23722
G0 F9000 X85.950 Y102.637
G1 F2700 X87.071 Y103.759 E213.28997
G0 F9000 X86.506 Y103.759
G1 F2700 X85.385 Y102.638 E213.34270
G0 F9000 X86.341 Y102.463
G1 F2700 X80.118 Y96.240 E213.63541
G0 F9000 X80.683 Y96.240
G1 F2700 X86.906 Y102.462 E213.92810
G0 F9000 X87.080 Y102.637
G1 F2700 X88.203 Y103.759 E213.98089
G0 F9000 X88.768 Y103.759
G1 F2700 X87.645 Y102.636 E214.03372
G0 F9000 X87.471 Y102.462
G1 F2700 X81.249 Y96.240 E214.32638
G0 F9000 X81.815 Y96.240
G1 F2700 X88.036 Y102.461 E214.61900
G0 F9000 X88.210 Y102.635
G1 F2700 X89.334 Y103.759 E214.67187
G0 F9000 X89.900 Y103.759
G1 F2700 X88.776 Y102.635 E214.72474
G0 F9000 X88.601 Y102.461
G1 F2700 X82.380 Y96.240 E215.01735
G0 F9000 X82.946 Y96.240
G1 F2700 X89.167 Y102.461 E215.30997
G0 F9000 X89.341 Y102.635
G1 F2700 X90.465 Y103.759 E215.36284
G0 F9000 X91.031 Y103.759
G1 F2700 X89.906 Y102.634 E215.41576
G0 F9000 X89.732 Y102.460
G1 F2700 X83.512 Y96.240 E215.70833
G0 F9000 X84.077 Y96.240
G1 F2700 X90.298 Y102.460 E216.00092
G0 F9000 X90.472 Y102.634
G1 F2700 X91.597 Y103.759 E216.05384
G0 F9000 X92.162 Y103.759
G1 F2700 X91.037 Y102.633 E216.10678
G0 F9000 X90.863 Y102.459
G1 F2700 X84.643 Y96.240 E216.39932
G0 F9000 X85.209 Y96.240
G1 F2700 X91.428 Y102.459 E216.69184
G0 F9000 X91.602 Y102.633
G1 F2700 X92.728 Y103.759 E216.74481
G0 F9000 X93.294 Y103.759
G1 F2700 X92.167 Y102.633 E216.79780
G0 F9000 X91.993 Y102.459
G1 F2700 X85.774 Y96.240 E217.09032
G0 F9000 X86.340 Y96.240
G1 F2700 X93.859 Y103.759 E217.44399
G0 F9000 X94.425 Y103.759
G1 F2700 X86.906 Y96.240 E217.79766
G0 F9000 X87.471 Y96.240
G1 F2700 X94.991 Y103.759 E218.15135
G0 F9000 X95.556 Y103.759
G1 F2700 X88.037 Y96.240 E218.50502
G0 F9000 X88.603 Y96.240
G1 F2700 X96.122 Y103.759 E218.85870
G0 F9000 X96.688 Y103.759
G1 F2700 X95.568 Y102.639 E218.91138
G0 F9000 X95.393 Y102.464
G1 F2700 X89.168 Y96.240 E219.20416
G0 F9000 X89.734 Y96.240
G1 F2700 X95.959 Y102.464 E219.49694
G0 F9000 X96.133 Y102.638
G1 F2700 X97.254 Y103.759 E219.54967
G0 F9000 X97.819 Y103.759
G1 F2700 X96.698 Y102.638 E219.60240
G0 F9000 X96.524 Y102.464
G1 F2700 X90.300 Y96.240 E219.89515
G0 F9000 X90.866 Y96.240
G1 F2700 X97.090 Y102.464 E220.18791
G0 F9000 X97.263 Y102.637
G1 F2700 X98.385 Y103.759 E220.24069
G0 F9000 X98.951 Y103.759
G1 F2700 X97.829 Y102.637 E220.29346
G0 F9000 X97.654 Y102.463
G1 F2700 X91.431 Y96.240 E220.58617
G0 F9000 X91.997 Y96.240
G1 F2700 X98.220 Y102.463 E220.87888
G0 F9000 X98.394 Y102.637
G1 F2700 X99.516 Y103.759 E220.93166
G0 F9000 X100.082 Y103.759
G1 F2700 X98.960 Y102.637 E220.98444
G0 F9000 X98.786 Y102.463
G1 F2700 X92.563 Y96.240 E221.27715
G0 F9000 X93.128 Y96.240
G1 F2700 X99.351 Y102.462 E221.56983
G0 F9000 X99.525 Y102.636
G1 F2700 X100.648 Y103.759 E221.62266
G0 F9000 X101.213 Y103.759
G1 F2700 X100.090 Y102.635 E221.67550
G0 F9000 X100.481 Y102.461
G1 F2700 X94.260 Y96.240 E221.96812
G0 F9000 X94.825 Y96.240
G1 F2700 X101.047 Y102.461 E222.26076
G0 F9000 X101.220 Y102.635
G1 F2700 X102.345 Y103.759 E222.31365
G0 F9000 X102.910 Y103.759
G1 F2700 X101.786 Y102.635 E222.36652
G0 F9000 X101.612 Y102.461
G1 F2700 X95.391 Y96.240 E222.65914
G0 F9000 X95.957 Y96.240
G1 F2700 X102.178 Y102.461 E222.95176
G0 F9000 X102.351 Y102.634
G1 F2700 X103.476 Y103.759 E223.00467
G0 F9000 X104.042 Y103.759
G1 F2700 X102.916 Y102.633 E223.05764
G0 F9000 X102.743 Y102.460
G1 F2700 X96.522 Y96.240 E223.35023
G0 F9000 X97.088 Y96.240
G1 F2700 X103.309 Y102.460 E223.64282
G0 F9000 X103.482 Y102.633
G1 F2700 X104.607 Y103.759 E223.69576
G0 F9000 X105.173 Y103.759
G1 F2700 X97.654 Y96.240 E224.04943
G0 F9000 X98.219 Y96.240
G1 F2700 X105.739 Y103.759 E224.40313
G0 F9000 X106.305 Y103.759
G1 F2700 X98.785 Y96.240 E224.75682
G0 F9000 X99.351 Y96.240
G1 F2700 X106.870 Y103.759 E225.11049
G0 F9000 X107.436 Y103.759
G1 F2700 X99.917 Y96.240 E225.46416
G0 F9000 X99.917 Y102.462
G1 F2700 X93.694 Y96.240 E225.75685
G0 F9000 X100.482 Y96.240
G1 F2700 X106.708 Y102.465 E226.04968
G0 F9000 X106.882 Y102.640
G1 F2700 X108.002 Y103.759 E226.10234
G0 F9000 X108.567 Y103.759
G1 F2700 X107.448 Y102.640 E226.15497
G0 F9000 X107.273 Y102.465
G1 F2700 X101.048 Y96.240 E226.44778
G0 F9000 X101.614 Y96.240
G1 F2700 X107.838 Y102.464 E226.74053
G0 F9000 X108.013 Y102.639
G1 F2700 X109.133 Y103.759 E226.79321
G0 F9000 X109.699 Y103.759
G1 F2700 X108.578 Y102.638 E226.84594
G0 F9000 X108.404 Y102.464
G1 F2700 X102.179 Y96.240 E227.13872
G0 F9000 X102.745 Y96.240
G1 F2700 X108.969 Y102.464 E227.43148
G0 F9000 X109.144 Y102.638
G1 F2700 X110.264 Y103.759 E227.48419
G0 F9000 X110.830 Y103.759
G1 F2700 X109.709 Y102.637 E227.53694
G0 F9000 X109.535 Y102.464
G1 F2700 X103.311 Y96.240 E227.82970
G0 F9000 X103.876 Y96.240
G1 F2700 X110.100 Y102.463 E228.12243
G0 F9000 X110.274 Y102.637
G1 F2700 X111.396 Y103.759 E228.17521
G0 F9000 X111.961 Y103.759
G1 F2700 X110.839 Y102.637 E228.22798
G0 F9000 X110.665 Y102.463
G1 F2700 X104.442 Y96.240 E228.52069
G0 F9000 X105.008 Y96.240
G1 F2700 X111.230 Y102.462 E228.81336
G0 F9000 X111.404 Y102.636
G1 F2700 X112.527 Y103.759 E228.86618
G0 F9000 X113.093 Y103.759
G1 F2700 X111.969 Y102.635 E228.91905
G0 F9000 X111.796 Y102.462
G1 F2700 X105.573 Y96.240 E229.21174
G0 F9000 X106.139 Y96.240
G1 F2700 X112.361 Y102.461 E229.50438
G0 F9000 X112.535 Y102.635
G1 F2700 X113.658 Y103.759 E229.55722
G0 F9000 X114.224 Y103.759
G1 F2700 X113.100 Y102.635 E229.61009
G0 F9000 X112.927 Y102.461
G1 F2700 X106.705 Y96.240 E229.90273
G0 F9000 X107.270 Y96.240
G1 F2700 X113.492 Y102.461 E230.19537
G0 F9000 X113.665 Y102.634
G1 F2700 X114.790 Y103.759 E230.24829
G0 F9000 X115.355 Y103.759
G1 F2700 X114.230 Y102.634 E230.30121
G0 F9000 X114.057 Y102.461
G1 F2700 X107.836 Y96.240 E230.59382
G0 F9000 X108.402 Y96.240
G1 F2700 X114.622 Y102.460 E230.88639
G0 F9000 X114.795 Y102.633
G1 F2700 X115.921 Y103.759 E230.93936
G0 F9000 X116.487 Y103.759
G1 F2700 X115.336 Y102.608 E230.99350
G0 F9000 X115.188 Y102.460
G1 F2700 X108.967 Y96.240 E231.28609
G0 F9000 X109.533 Y96.240
G1 F2700 X117.053 Y103.759 E231.63978
G0 F9000 X117.618 Y103.759
G1 F2700 X110.099 Y96.240 E231.99345
G0 F9000 X110.665 Y96.240
G1 F2700 X118.184 Y103.759 E232.34712
G0 F9000 X118.750 Y103.759
G1 F2700 X111.230 Y96.240 E232.70082
G0 F9000 X111.796 Y96.240
G1 F2700 X119.315 Y103.759 E233.05449
G0 F9000 X119.881 Y103.759
G1 F2700 X112.362 Y96.240 E233.40816
G0 F9000 X112.927 Y96.240
G1 F2700 X120.447 Y103.759 E233.76185
G0 F9000 X121.012 Y103.759
G1 F2700 X113.493 Y96.240 E234.11552
G0 F9000 X114.059 Y96.240
G1 F2700 X121.578 Y103.759 E234.46920
G0 F9000 X122.144 Y103.759
G1 F2700 X114.624 Y96.240 E234.82289
G0 F9000 X115.190 Y96.240
G1 F2700 X122.709 Y103.759 E235.17656
G0 F9000 X123.275 Y103.759
G1 F2700 X115.756 Y96.240 E235.53023
G0 F9000 X116.321 Y96.240
G1 F2700 X123.759 Y103.677 E235.88007
G0 F9000 X123.759 Y103.111
G1 F2700 X116.887 Y96.240 E236.20328
G0 F9000 X117.453 Y96.240
G1 F2700 X123.759 Y102.546 E236.49990
G0 F9000 X123.759 Y101.980
G1 F2700 X118.018 Y96.240 E236.76991
G0 F9000 X118.584 Y96.240
G1 F2700 X123.759 Y101.414 E237.01331
G0 F9000 X123.759 Y100.848
G1 F2700 X119.150 Y96.240 E237.23008
G0 F9000 X119.716 Y96.240
G1 F2700 X123.759 Y100.283 E237.42025
G0 F9000 X123.759 Y99.717
G1 F2700 X120.281 Y96.240 E237.58382
G0 F9000 X120.847 Y96.240
G1 F2700 X123.759 Y99.151 E237.72076
G0 F9000 X123.759 Y98.586
G1 F2700 X121.413 Y96.240 E237.83111
G0 F9000 X121.978 Y96.240
G1 F2700 X123.759 Y98.020 E237.91486
G0 F9000 X123.759 Y97.454
G1 F2700 X122.544 Y96.240 E237.97199
G0 F9000 X123.110 Y96.240
G1 F2700 X123.759 Y96.889 E238.00252
G0 F9000 X123.759 Y96.323
G1 F2700 X123.675 Y96.240 E238.00644
G0 F9000 X101.779 Y103.759
G1 F2700 X100.655 Y102.635 E238.05931
G0 F9000 X87.637 Y103.759
G1 F2700 X86.515 Y102.637 E238.11209
G0 F9000 X83.677 Y103.759
G1 F2700 X76.239 Y96.321 E238.46195
G0 F9000 X76.239 Y96.887
G1 F2700 X83.111 Y103.759 E238.78519
G0 F9000 X82.546 Y103.759
G1 F2700 X76.239 Y97.452 E239.08185
G0 F9000 X76.239 Y98.018
G1 F2700 X81.980 Y103.759 E239.35189
G0 F9000 X81.414 Y103.759
G1 F2700 X76.239 Y98.584 E239.59530
G0 F9000 X76.239 Y99.149
G1 F2700 X80.849 Y103.759 E239.81214
G0 F9000 X80.283 Y103.759
G1 F2700 X76.239 Y99.715 E240.00236
G0 F9000 X76.239 Y100.281
G1 F2700 X79.717 Y103.759 E240.16596
G0 F9000 X79.152 Y103.759
G1 F2700 X76.239 Y100.846 E240.30297
G0 F9000 X76.239 Y101.412
G1 F2700 X78.586 Y103.759 E240.41337
G0 F9000 X78.020 Y103.759
G1 F2700 X76.239 Y101.978 E240.49714
G0 F9000 X76.239 Y102.543
G1 F2700 X77.455 Y103.759 E240.55434
G0 F9000 X76.889 Y103.759
G1 F2700 X76.239 Y103.109 E240.58491
G0 F9000 X76.239 Y103.675
G1 F2700 X76.323 Y103.759 E240.58887
;LAYER:5
M106 S255
G1 F2400 E236.58887
G0 F9000 X83.527 Y102.801 Z1.300
;TYPE:WALL-INNER
G1 F2400 E240.58887
G1 F1800 X83.514 Y102.800 E240.58930
G1 X83.505 Y102.794 E240.58966
G1 X83.498 Y102.323 E240.60533
G1 X83.505 Y102.305 E240.60597
G1 X84.404 Y102.299 E240.63587
G1 X92.472 Y102.298 E240.90421
G1 X92.485 Y102.299 E240.90465
G1 X92.494 Y102.306 E240.90503
G1 X92.501 Y102.777 E240.92069
G1 X92.494 Y102.794 E240.92130
G1 X91.596 Y102.800 E240.95117
G1 X83.527 Y102.801 E241.21955
G0 F9000 X83.505 Y103.201
;TYPE:WALL-OUTER
G1 F1320 X83.383 Y103.181 E241.22366
G1 X83.271 Y103.125 E241.22783
G1 X83.178 Y103.034 E241.23215
G1 X83.118 Y102.915 E241.23659
G1 X83.106 Y102.867 E241.23823
G1 X83.098 Y102.300 E241.25709
G1 X83.118 Y102.183 E241.26104
G1 X83.174 Y102.071 E241.26520
G1 X83.265 Y101.978 E241.26953
G1 X83.384 Y101.918 E241.27396
G1 X83.432 Y101.906 E241.27561
G1 X84.401 Y101.899 E241.30784
G1 X92.495 Y101.898 E241.57705
G1 X92.616 Y101.918 E241.58113
G1 X92.728 Y101.974 E241.58529
G1 X92.821 Y102.065 E241.58962
G1 X92.881 Y102.184 E241.59405
G1 X92.893 Y102.232 E241.59570
G1 X92.901 Y102.796 E241.61446
G1 X92.881 Y102.916 E241.61850
G1 X92.825 Y103.028 E241.62267
G1 X92.734 Y103.121 E241.62700
G1 X92.615 Y103.181 E241.63143
G1 X92.567 Y103.193 E241.63307
G1 X91.599 Y103.200 E241.66527
G1 X83.505 Y103.201 E241.93448
G0 F9000 X83.521 Y102.901
G0 X86.846 Y102.658
;TYPE:FILL
G1 F2400 X87.063 Y102.440 E241.94471
G0 F9000 X88.298 Y102.440
G1 F2400 X88.514 Y102.656 E241.95487
G1 F2400 E237.95487
G0 F9000 X95.027 Y102.801
;TYPE:WALL-INNER
G1 F2400 E241.95487
G1 F1800 X95.014 Y102.800 E241.95530
G1 X95.005 Y102.794 E241.95566
G1 X94.998 Y102.323 E241.97133
G1 X95.005 Y102.305 E241.97197
G1 X95.904 Y102.299 E242.00187
G1 X103.972 Y102.298 E242.27022
G1 X103.985 Y102.299 E242.27065
G1 X103.994 Y102.306 E242.27103
G1 X104.001 Y102.777 E242.28670
G1 X103.994 Y102.794 E242.28731
G1 X103.096 Y102.800 E242.31718
G1 X95.027 Y102.801 E242.58555
G0 F9000 X95.005 Y103.201
;TYPE:WALL-OUTER
G1 F1320 X94.883 Y103.181 E242.58966
G1 X94.771 Y103.125 E242.59383
G1 X94.678 Y103.034 E242.59816
G1 X94.618 Y102.915 E242.60259
G1 X94.606 Y102.867 E242.60424
G1 X94.598 Y102.300 E242.62310
G1 X94.618 Y102.183 E242.62704
G1 X94.674 Y102.071 E242.63121
G1 X94.765 Y101.978 E242.63554
G1 X94.884 Y101.918 E242.63997
G1 X94.932 Y101.906 E242.64161
G1 X95.901 Y101.899 E242.67384
G1 X103.995 Y101.898 E242.94305
G1 X104.116 Y101.918 E242.94713
G1 X104.228 Y101.974 E242.95130
G1 X104.321 Y102.065 E242.95562
G1 X104.381 Y102.184 E242.96006
G1 X104.393 Y102.232 E242.96170
G1 X104.401 Y102.796 E242.98046
G1 X104.381 Y102.916 E242.98451
G1 X104.325 Y103.028 E242.98867
G1 X104.234 Y103.121 E242.99300
G1 X104.115 Y103.181 E242.99743
G1 X104.067 Y103.193 E242.99908
G1 X103.099 Y103.200 E243.03128
G1 X95.005 Y103.201 E243.30048
G0 F9000 X95.021 Y102.901
G0 X98.159 Y102.659
;TYPE:FILL
G1 F2400 X98.377 Y102.440 E243.31076
G0 F9000 X99.612 Y102.440
G1 F2400 X99.828 Y102.657 E243.32094
G1 F2400 E239.32094
G0 F9000 X106.527 Y102.801
;TYPE:WALL-INNER
G1 F2400 E243.32094
G1 F1800 X106.514 Y102.800 E243.32138
G1 X106.505 Y102.794 E243.32174
G1 X106.498 Y102.323 E243.33741
G1 X106.505 Y102.305 E243.33805
G1 X107.404 Y102.299 E243.36795
G1 X115.472 Y102.298 E243.63629
G1 X115.485 Y102.299 E243.63673
G1 X115.494 Y102.306 E243.63710
G1 X115.501 Y102.777 E243.65277
G1 X115.494 Y102.794 E243.65338
G1 X114.596 Y102.800 E243.68325
G1 X106.527 Y102.801 E243.95163
G0 F9000 X106.505 Y103.201
;TYPE:WALL-OUTER
G1 F1320 X106.383 Y103.181 E243.95574
G1 X106.271 Y103.125 E243.95990
G1 X106.178 Y103.034 E243.96423
G1 X106.118 Y102.915 E243.96866
G1 X106.106 Y102.867 E243.97031
G1 X106.098 Y102.300 E243.98917
G1 X106.118 Y102.183 E243.99312
G1 X106.174 Y102.071 E243.99728
G1 X106.265 Y101.978 E244.00161
G1 X106.384 Y101.918 E244.00604
G1 X106.432 Y101.906 E244.00769
G1 X107.401 Y101.899 E244.03992
G1 X115.495 Y101.898 E244.30913
G1 X115.616 Y101.918 E244.31321
G1 X115.728 Y101.974 E244.31737
G1 X115.821 Y102.065 E244.32170
G1 X115.881 Y102.184 E244.32613
G1 X115.893 Y102.232 E244.32778
G1 X115.901 Y102.796 E244.34654
G1 X115.881 Y102.916 E244.35058
G1 X115.825 Y103.028 E244.35475
G1 X115.734 Y103.121 E244.35908
G1 X115.615 Y103.181 E244.36351
G1 X115.567 Y103.193 E244.36515
G1 X114.599 Y103.200 E244.39735
G1 X106.505 Y103.201 E244.66656
G0 F9000 X106.521 Y102.901
G0 X109.472 Y102.659
;TYPE:FILL
G1 F2400 X109.690 Y102.441 E244.67681
G0 F9000 X110.926 Y102.441
G1 F2400 X111.143 Y102.657 E244.68700
G0 F9000 X115.133 Y102.655
G1 F2400 X115.351 Y102.437 E244.69725
;LAYER:6
G1 F2400 E240.69725
G0 F9000 X92.410 Y102.710 Z1.500
;TYPE:WALL-INNER
G1 F2400 E244.69725
G1 F1680 X83.589 Y102.711 E244.99064
G1 X83.588 Y102.395 E245.00115
G1 X85.987 Y102.389 E245.08094
G1 X92.406 Y102.388 E245.29444
G1 X92.410 Y102.710 E245.30515
G0 F9000 X92.811 Y102.786
;TYPE:WALL-OUTER
G1 F1260 X92.797 Y102.883 E245.30841
G1 X92.778 Y102.933 E245.31019
G1 X92.689 Y103.045 E245.31494
G1 X92.593 Y103.093 E245.31851
G1 X92.502 Y103.110 E245.32159
G1 X83.514 Y103.111 E245.62053
G1 X83.416 Y103.097 E245.62383
G1 X83.366 Y103.078 E245.62561
G1 X83.254 Y102.989 E245.63036
G1 X83.206 Y102.893 E245.63393
G1 X83.189 Y102.800 E245.63708
G1 X83.188 Y102.313 E245.65328
G1 X83.202 Y102.216 E245.65654
G1 X83.221 Y102.166 E245.65831
G1 X83.291 Y102.071 E245.66224
G1 X83.310 Y102.054 E245.66309
G1 X83.442 Y101.995 E245.66790
G1 X92.486 Y101.988 E245.96870
G1 X92.583 Y102.002 E245.97196
G1 X92.633 Y102.021 E245.97374
G1 X92.726 Y102.089 E245.97757
G1 X92.745 Y102.110 E245.97851
G1 X92.804 Y102.243 E245.98335
G1 X92.811 Y102.786 E246.00141
G1 F2400 E242.00141
G0 F9000 X95.089 Y102.711
;TYPE:WALL-INNER
G1 F2400 E246.00141
G1 F1680 X95.088 Y102.395 E246.01193
G1 X97.487 Y102.389 E246.09172
G1 X103.906 Y102.388 E246.30521
G1 X103.910 Y102.710 E246.31592
G1 X95.089 Y102.711 E246.60931
G0 F9000 X95.014 Y103.111
;TYPE:WALL-OUTER
G1 F1260 X94.916 Y103.097 E246.61260
G1 X94.866 Y103.078 E246.61438
G1 X94.754 Y102.989 E246.61914
G1 X94.706 Y102.893 E246.62271
G1 X94.689 Y102.800 E246.62586
G1 X94.688 Y102.313 E246.64205
G1 X94.702 Y102.216 E246.64531
G1 X94.721 Y102.166 E246.64709
G1 X94.791 Y102.071 E246.65102
G1 X94.810 Y102.054 E246.65186
G1 X94.942 Y101.995 E246.65667
G1 X103.986 Y101.988 E246.95748
G1 X104.083 Y102.002 E246.96074
G1 X104.133 Y102.021 E246.96252
G1 X104.226 Y102.089 E246.96635
G1 X104.245 Y102.110 E246.96729
G1 X104.304 Y102.243 E246.97213
G1 X104.311 Y102.786 E246.99019
G1 X104.297 Y102.883 E246.99345
G1 X104.278 Y102.933 E246.99523
G1 X104.189 Y103.045 E246.99999
G1 X104.093 Y103.093 E247.00356
G1 X104.002 Y103.110 E247.00664
G1 X95.014 Y103.111 E247.30558
G1 F2400 E243.30558
G0 F9000 X106.589 Y102.711
;TYPE:WALL-INNER
G1 F2400 E247.30558
G1 F1680 X106.588 Y102.395 E247.31609
G1 X108.987 Y102.389 E247.39588
G1 X115.406 Y102.388 E247.60938
G1 X115.410 Y102.710 E247.62009
G1 X106.589 Y102.711 E247.91348
G0 F9000 X106.514 Y103.111
;TYPE:WALL-OUTER
G1 F1260 X106.416 Y103.097 E247.91677
G1 X106.366 Y103.078 E247.91855
G1 X106.254 Y102.989 E247.92331
G1 X106.206 Y102.893 E247.92688
G1 X106.189 Y102.800 E247.93002
G1 X106.188 Y102.313 E247.94622
G1 X106.202 Y102.216 E247.94948
G1 X106.221 Y102.166 E247.95126
G1 X106.291 Y102.071 E247.95518
G1 X106.310 Y102.054 E247.95603
G1 X106.442 Y101.995 E247.96084
G1 X115.486 Y101.988 E248.26164
G1 X115.583 Y102.002 E248.26490
G1 X115.633 Y102.021 E248.26668
G1 X115.726 Y102.089 E248.27051
G1 X115.745 Y102.110 E248.27146
G1 X115.804 Y102.243 E248.27629
G1 X115.811 Y102.786 E248.29436
G1 X115.797 Y102.883 E248.29762
G1 X115.778 Y102.933 E248.29940
G1 X115.689 Y103.045 E248.30415
G1 X115.593 Y103.093 E248.30772
G1 X115.502 Y103.110 E248.31080
G1 X106.514 Y103.111 E248.60974
;LAYER:7
G1 F2400 E244.60974
G0 F9000 X92.399 Y102.693 Z1.700
;TYPE:WALL-INNER
G1 F2400 E248.60974
G1 F1680 X83.601 Y102.700 E248.90237
G1 X83.603 Y102.406 E248.91215
G1 X92.395 Y102.400 E249.20457
G1 X92.399 Y102.693 E249.21432
G0 F9000 X92.427 Y102.000
;TYPE:WALL-OUTER
G1 F1260 X92.549 Y102.005 E249.21838
G1 X92.671 Y102.055 E249.22276
G1 X92.740 Y102.124 E249.22601
G1 X92.793 Y102.247 E249.23046
G1 X92.800 Y102.785 E249.24836
G1 X92.782 Y102.895 E249.25206
G1 X92.744 Y102.971 E249.25489
G1 X92.675 Y103.040 E249.25814
G1 X92.553 Y103.093 E249.26256
G1 X83.575 Y103.100 E249.56117
G1 X83.450 Y103.094 E249.56533
G1 X83.328 Y103.044 E249.56972
G1 X83.259 Y102.975 E249.57296
G1 X83.214 Y102.886 E249.57628
G1 X83.203 Y102.842 E249.57779
G1 X83.200 Y102.802 E249.57912
G1 X83.205 Y102.254 E249.59735
G1 X83.236 Y102.159 E249.60067
G1 X83.255 Y102.128 E249.60188
G1 X83.324 Y102.059 E249.60513
G1 X83.446 Y102.006 E249.60955
G1 X92.427 Y102.000 E249.90826
G1 F2400 E245.90826
G0 F9000 X95.103 Y102.406
;TYPE:WALL-INNER
G1 F2400 E249.90826
G1 F1680 X103.895 Y102.400 E250.20069
G1 X103.899 Y102.693 E250.21043
G1 X95.101 Y102.700 E250.50305
G1 X95.103 Y102.406 E250.51283
G0 F9000 X94.700 Y102.799
;TYPE:WALL-OUTER
G1 F1260 X94.705 Y102.254 E250.53096
G1 X94.736 Y102.159 E250.53428
G1 X94.755 Y102.128 E250.53549
G1 X94.824 Y102.059 E250.53874
G1 X94.946 Y102.006 E250.54316
G1 X103.927 Y102.000 E250.84187
G1 X104.049 Y102.005 E250.84593
G1 X104.171 Y102.055 E250.85032
G1 X104.240 Y102.124 E250.85356
G1 X104.293 Y102.247 E250.85802
G1 X104.300 Y102.779 E250.87571
G1 X104.281 Y102.899 E250.87976
G1 X104.244 Y102.971 E250.88245
G1 X104.175 Y103.040 E250.88569
G1 X104.053 Y103.093 E250.89012
G1 X95.075 Y103.100 E251.18873
G1 X94.950 Y103.094 E251.19289
G1 X94.828 Y103.044 E251.19727
G1 X94.759 Y102.975 E251.20052
G1 X94.714 Y102.886 E251.20384
G1 X94.703 Y102.842 E251.20535
G1 X94.700 Y102.799 E251.20678
G1 F2400 E247.20678
G0 F9000 X106.601 Y102.700
;TYPE:WALL-INNER
G1 F2400 E251.20678
G1 F1680 X106.603 Y102.406 E251.21656
G1 X115.395 Y102.400 E251.50898
G1 X115.399 Y102.693 E251.51873
G1 X106.601 Y102.700 E251.81135
G0 F9000 X106.575 Y103.100
;TYPE:WALL-OUTER
G1 F1260 X106.450 Y103.094 E251.81551
G1 X106.328 Y103.044 E251.81990
G1 X106.259 Y102.975 E251.82314
G1 X106.214 Y102.886 E251.82646
G1 X106.203 Y102.842 E251.82797
G1 X106.200 Y102.799 E251.82940
G1 X106.205 Y102.254 E251.84753
G1 X106.236 Y102.159 E251.85085
G1 X106.255 Y102.128 E251.85206
G1 X106.324 Y102.059 E251.85531
G1 X106.446 Y102.006 E251.85973
G1 X115.427 Y102.000 E252.15844
G1 X115.549 Y102.005 E252.16250
G1 X115.671 Y102.055 E252.16689
G1 X115.740 Y102.124 E252.17013
G1 X115.793 Y102.247 E252.17459
G1 X115.800 Y102.779 E252.19228
G1 X115.781 Y102.899 E252.19633
G1 X115.744 Y102.971 E252.19902
G1 X115.675 Y103.040 E252.20226
G1 X115.553 Y103.093 E252.20669
G1 X106.575 Y103.100 E252.50530
;LAYER:8
G1 F2400 E248.50530
G0 F9000 X92.294 Y102.400 Z1.900
;TYPE:WALL-INNER
G1 F2400 E252.50530
G1 F1680 X92.395 Y102.402 E252.50866
G1 X92.399 Y102.693 E252.51834
G1 X83.708 Y102.700 E252.80740
G1 X83.601 Y102.697 E252.81096
G1 X83.603 Y102.406 E252.82064
G1 X92.294 Y102.400 E253.10970
G0 F9000 X92.303 Y102.000
;TYPE:WALL-OUTER
G1 F1260 X92.551 Y102.005 E253.11795
G1 X92.592 Y102.015 E253.11936
G1 X92.630 Y102.031 E253.12073
G1 X92.710 Y102.089 E253.12402
G1 X92.768 Y102.169 E253.12730
G1 X92.784 Y102.207 E253.12867
G1 X92.793 Y102.247 E253.13004
G1 X92.800 Y102.785 E253.14793
G1 X92.782 Y102.895 E253.15164
G1 X92.768 Y102.930 E253.15289
G1 X92.710 Y103.010 E253.15618
G1 X92.630 Y103.068 E253.15947
G1 X92.592 Y103.084 E253.16084
G1 X92.553 Y103.093 E253.16217
G1 X83.698 Y103.100 E253.45669
G1 X83.448 Y103.094 E253.46501
G1 X83.407 Y103.084 E253.46641
G1 X83.369 Y103.068 E253.46778
G1 X83.289 Y103.010 E253.47107
G1 X83.231 Y102.930 E253.47435
G1 X83.203 Y102.842 E253.47742
G1 X83.200 Y102.802 E253.47876
G1 X83.205 Y102.255 E253.49695
G1 X83.234 Y102.165 E253.50010
G1 X83.289 Y102.089 E253.50322
G1 X83.369 Y102.031 E253.50650
G1 X83.407 Y102.015 E253.50788
G1 X83.446 Y102.006 E253.50921
G1 X92.303 Y102.000 E253.80379
G1 F2400 E249.80379
G0 F9000 X95.208 Y102.700
;TYPE:WALL-INNER
G1 F2400 E253.80379
G1 F1680 X95.101 Y102.697 E253.80735
G1 X95.103 Y102.406 E253.81703
G1 X103.794 Y102.400 E254.10610
G1 X103.895 Y102.402 E254.10946
G1 X103.899 Y102.693 E254.11914
G1 X95.208 Y102.700 E254.40820
G0 F9000 X95.198 Y103.100
;TYPE:WALL-OUTER
G1 F1260 X94.948 Y103.094 E254.41652
G1 X94.907 Y103.084 E254.41792
G1 X94.869 Y103.068 E254.41929
G1 X94.789 Y103.010 E254.42258
G1 X94.731 Y102.930 E254.42586
G1 X94.715 Y102.892 E254.42724
G1 X94.705 Y102.849 E254.42870
G1 X94.700 Y102.776 E254.43114
G1 X94.705 Y102.255 E254.44847
G1 X94.734 Y102.165 E254.45161
G1 X94.789 Y102.089 E254.45473
G1 X94.869 Y102.031 E254.45802
G1 X94.907 Y102.015 E254.45939
G1 X94.946 Y102.006 E254.46072
G1 X103.803 Y102.000 E254.75531
G1 X104.051 Y102.005 E254.76356
G1 X104.092 Y102.015 E254.76496
G1 X104.130 Y102.031 E254.76633
G1 X104.210 Y102.089 E254.76962
G1 X104.268 Y102.169 E254.77290
G1 X104.284 Y102.207 E254.77428
G1 X104.293 Y102.247 E254.77564
G1 X104.300 Y102.774 E254.79317
G1 X104.281 Y102.899 E254.79737
G1 X104.268 Y102.930 E254.79849
G1 X104.210 Y103.010 E254.80178
G1 X104.130 Y103.068 E254.80507
G1 X104.092 Y103.084 E254.80644
G1 X104.053 Y103.093 E254.80777
G1 X95.198 Y103.100 E255.10229
G1 F2400 E251.10229
G0 F9000 X106.708 Y102.700
;TYPE:WALL-INNER
G1 F2400 E255.10229
G1 F1680 X106.601 Y102.697 E255.10585
G1 X106.603 Y102.406 E255.11553
G1 X115.294 Y102.400 E255.40459
G1 X115.395 Y102.402 E255.40795
G1 X115.399 Y102.693 E255.41763
G1 X106.708 Y102.700 E255.70669
G0 F9000 X106.698 Y103.100
;TYPE:WALL-OUTER
G1 F1260 X106.448 Y103.094 E255.71501
G1 X106.407 Y103.084 E255.71641
G1 X106.369 Y103.068 E255.71779
G1 X106.289 Y103.010 E255.72107
G1 X106.231 Y102.930 E255.72436
G1 X106.215 Y102.892 E255.72573
G1 X106.205 Y102.849 E255.72720
G1 X106.200 Y102.776 E255.72963
G1 X106.205 Y102.255 E255.74696
G1 X106.234 Y102.165 E255.75011
G1 X106.289 Y102.089 E255.75323
G1 X106.369 Y102.031 E255.75651
G1 X106.407 Y102.015 E255.75788
G1 X106.446 Y102.006 E255.75922
G1 X115.303 Y102.000 E256.05380
G1 X115.551 Y102.005 E256.06205
G1 X115.592 Y102.015 E256.06346
G1 X115.630 Y102.031 E256.06483
G1 X115.710 Y102.089 E256.06811
G1 X115.768 Y102.169 E256.07140
G1 X115.784 Y102.207 E256.07277
G1 X115.793 Y102.247 E256.07413
G1 X115.800 Y102.774 E256.09166
G1 X115.781 Y102.899 E256.09587
G1 X115.768 Y102.930 E256.09699
G1 X115.710 Y103.010 E256.10027
G1 X115.630 Y103.068 E256.10356
G1 X115.592 Y103.084 E256.10493
G1 X115.553 Y103.093 E256.10626
G1 X106.698 Y103.100 E256.40078
;LAYER:9
G1 F2400 E252.40078
G0 F9000 X92.169 Y102.400 Z2.100
;TYPE:WALL-INNER
G1 F2400 E256.40078
G1 F1680 X92.395 Y102.403 E256.40830
G1 X92.399 Y102.693 E256.41795
G1 X83.832 Y102.700 E256.70289
G1 X83.601 Y102.696 E256.71057
G1 X83.603 Y102.406 E256.72022
G1 X92.169 Y102.400 E257.00512
G0 F9000 X92.175 Y102.000
;TYPE:WALL-OUTER
G1 F1260 X92.586 Y102.014 E257.01880
G1 X92.681 Y102.062 E257.02234
G1 X92.706 Y102.083 E257.02343
G1 X92.768 Y102.169 E257.02695
G1 X92.784 Y102.207 E257.02832
G1 X92.793 Y102.247 E257.02969
G1 X92.800 Y102.785 E257.04758
G1 X92.783 Y102.890 E257.05112
G1 X92.716 Y103.006 E257.05558
G1 X92.630 Y103.068 E257.05910
G1 X92.592 Y103.084 E257.06047
G1 X92.553 Y103.093 E257.06180
G1 X83.825 Y103.100 E257.35210
G1 X83.413 Y103.085 E257.36581
G1 X83.317 Y103.036 E257.36940
G1 X83.293 Y103.016 E257.37043
G1 X83.231 Y102.930 E257.37396
G1 X83.203 Y102.842 E257.37703
G1 X83.200 Y102.802 E257.37837
G1 X83.205 Y102.247 E257.39683
G1 X83.212 Y102.216 E257.39788
G1 X83.262 Y102.118 E257.40154
G1 X83.283 Y102.093 E257.40263
G1 X83.369 Y102.031 E257.40616
G1 X83.407 Y102.015 E257.40753
G1 X83.446 Y102.006 E257.40886
G1 X92.175 Y102.000 E257.69919
G1 F2400 E253.69919
G0 F9000 X95.332 Y102.700
;TYPE:WALL-INNER
G1 F2400 E257.69919
G1 F1680 X95.101 Y102.696 E257.70687
G1 X95.103 Y102.406 E257.71652
G1 X103.669 Y102.400 E258.00142
G1 X103.895 Y102.403 E258.00894
G1 X103.899 Y102.693 E258.01859
G1 X95.332 Y102.700 E258.30353
G0 F9000 X95.325 Y103.100
;TYPE:WALL-OUTER
G1 F1260 X94.913 Y103.085 E258.31724
G1 X94.817 Y103.036 E258.32082
G1 X94.793 Y103.016 E258.32186
G1 X94.731 Y102.930 E258.32539
G1 X94.715 Y102.892 E258.32676
G1 X94.705 Y102.849 E258.32823
G1 X94.700 Y102.770 E258.33086
G1 X94.705 Y102.247 E258.34826
G1 X94.712 Y102.216 E258.34931
G1 X94.762 Y102.118 E258.35297
G1 X94.783 Y102.093 E258.35406
G1 X94.869 Y102.031 E258.35758
G1 X94.907 Y102.015 E258.35896
G1 X94.946 Y102.006 E258.36029
G1 X103.675 Y102.000 E258.65061
G1 X104.086 Y102.014 E258.66429
G1 X104.181 Y102.062 E258.66783
G1 X104.206 Y102.083 E258.66892
G1 X104.268 Y102.169 E258.67245
G1 X104.284 Y102.207 E258.67382
G1 X104.293 Y102.247 E258.67518
G1 X104.300 Y102.768 E258.69251
G1 X104.282 Y102.893 E258.69671
G1 X104.216 Y103.006 E258.70106
G1 X104.130 Y103.068 E258.70459
G1 X104.092 Y103.084 E258.70596
G1 X104.053 Y103.093 E258.70729
G1 X95.325 Y103.100 E258.99759
G1 F2400 E254.99759
G0 F9000 X106.832 Y102.700
;TYPE:WALL-INNER
G1 F2400 E258.99759
G1 F1680 X106.601 Y102.696 E259.00527
G1 X106.603 Y102.406 E259.01492
G1 X115.169 Y102.400 E259.29982
G1 X115.395 Y102.403 E259.30734
G1 X115.399 Y102.693 E259.31699
G1 X106.832 Y102.700 E259.60193
G0 F9000 X106.825 Y103.100
;TYPE:WALL-OUTER
G1 F1260 X106.413 Y103.085 E259.61564
G1 X106.317 Y103.036 E259.61922
G1 X106.293 Y103.016 E259.62026
G1 X106.231 Y102.930 E259.62379
G1 X106.215 Y102.892 E259.62516
G1 X106.205 Y102.849 E259.62663
G1 X106.200 Y102.770 E259.62926
G1 X106.205 Y102.247 E259.64666
G1 X106.212 Y102.216 E259.64771
G1 X106.262 Y102.118 E259.65137
G1 X106.283 Y102.093 E259.65246
G1 X106.369 Y102.031 E259.65599
G1 X106.407 Y102.015 E259.65736
G1 X106.446 Y102.006 E259.65869
G1 X115.175 Y102.000 E259.94902
G1 X115.586 Y102.014 E259.96269
G1 X115.681 Y102.062 E259.96623
G1 X115.706 Y102.083 E259.96732
G1 X115.768 Y102.169 E259.97085
G1 X115.784 Y102.207 E259.97222
G1 X115.793 Y102.247 E259.97358
G1 X115.800 Y102.768 E259.99091
G1 X115.782 Y102.893 E259.99511
G1 X115.716 Y103.006 E259.99946
G1 X115.630 Y103.068 E260.00299
G1 X115.592 Y103.084 E260.00436
G1 X115.553 Y103.093 E260.00569
G1 X106.825 Y103.100 E260.29599
;LAYER:10
G1 F2400 E256.29599
G0 F9000 X92.399 Y102.693 Z2.300
;TYPE:WALL-INNER
G1 F2400 E260.29599
G1 F1680 X83.957 Y102.700 E260.57677
G1 X83.601 Y102.696 E260.58861
G1 X83.603 Y102.406 E260.59826
G1 X92.044 Y102.400 E260.87901
G1 X92.395 Y102.403 E260.89068
G1 X92.399 Y102.693 E260.90033
G0 F9000 X92.048 Y102.000
;TYPE:WALL-OUTER
G1 F1260 X92.548 Y102.005 E260.91696
G1 X92.592 Y102.015 E260.91846
G1 X92.630 Y102.031 E260.91983
G1 X92.710 Y102.089 E260.92312
G1 X92.768 Y102.169 E260.92640
G1 X92.784 Y102.207 E260.92777
G1 X92.793 Y102.247 E260.92914
G1 X92.800 Y102.785 E260.94703
G1 X92.782 Y102.895 E260.95074
G1 X92.768 Y102.930 E260.95199
G1 X92.710 Y103.010 E260.95528
G1 X92.630 Y103.068 E260.95857
G1 X92.592 Y103.084 E260.95994
G1 X92.553 Y103.093 E260.96127
G1 X83.952 Y103.100 E261.24734
G1 X83.451 Y103.094 E261.26400
G1 X83.407 Y103.084 E261.26551
G1 X83.369 Y103.068 E261.26688
G1 X83.289 Y103.010 E261.27016
G1 X83.231 Y102.930 E261.27345
G1 X83.203 Y102.842 E261.27652
G1 X83.200 Y102.802 E261.27786
G1 X83.205 Y102.251 E261.29618
G1 X83.215 Y102.207 E261.29768
G1 X83.231 Y102.169 E261.29905
G1 X83.289 Y102.089 E261.30234
G1 X83.369 Y102.031 E261.30563
G1 X83.407 Y102.015 E261.30700
G1 X83.446 Y102.006 E261.30833
G1 X92.048 Y102.000 E261.59443
G1 F2400 E257.59443
G0 F9000 X95.457 Y102.700
;TYPE:WALL-INNER
G1 F2400 E261.59443
G1 F1680 X95.101 Y102.696 E261.60628
G1 X95.103 Y102.406 E261.61592
G1 X103.544 Y102.400 E261.89667
G1 X103.895 Y102.403 E261.90834
G1 X103.899 Y102.693 E261.91799
G1 X95.457 Y102.700 E262.19877
G0 F9000 X95.452 Y103.100
;TYPE:WALL-OUTER
G1 F1260 X94.951 Y103.094 E262.21544
G1 X94.907 Y103.084 E262.21694
G1 X94.869 Y103.068 E262.21831
G1 X94.789 Y103.010 E262.22160
G1 X94.731 Y102.930 E262.22488
G1 X94.715 Y102.892 E262.22625
G1 X94.705 Y102.849 E262.22772
G1 X94.700 Y102.763 E262.23059
G1 X94.705 Y102.251 E262.24762
G1 X94.715 Y102.207 E262.24912
G1 X94.731 Y102.169 E262.25049
G1 X94.789 Y102.089 E262.25378
G1 X94.869 Y102.031 E262.25706
G1 X94.907 Y102.015 E262.25843
G1 X94.946 Y102.006 E262.25977
G1 X103.548 Y102.000 E262.54587
G1 X104.048 Y102.005 E262.56250
G1 X104.092 Y102.015 E262.56400
G1 X104.130 Y102.031 E262.56537
G1 X104.210 Y102.089 E262.56866
G1 X104.268 Y102.169 E262.57195
G1 X104.284 Y102.207 E262.57332
G1 X104.293 Y102.247 E262.57468
G1 X104.300 Y102.763 E262.59184
G1 X104.281 Y102.899 E262.59641
G1 X104.268 Y102.930 E262.59753
G1 X104.210 Y103.010 E262.60082
G1 X104.130 Y103.068 E262.60410
G1 X104.092 Y103.084 E262.60547
G1 X104.053 Y103.093 E262.60681
G1 X95.452 Y103.100 E262.89288
G1 F2400 E258.89288
G0 F9000 X106.601 Y102.696
;TYPE:WALL-INNER
G1 F2400 E262.89288
G1 F1680 X106.603 Y102.406 E262.90252
G1 X115.044 Y102.400 E263.18327
G1 X115.395 Y102.403 E263.19494
G1 X115.399 Y102.693 E263.20459
G1 X106.957 Y102.700 E263.48537
G1 X106.601 Y102.696 E263.49721
G0 F9000 X106.952 Y103.100
;TYPE:WALL-OUTER
G1 F1260 X106.451 Y103.094 E263.51388
G1 X106.407 Y103.084 E263.51538
G1 X106.369 Y103.068 E263.51675
G1 X106.289 Y103.010 E263.52004
G1 X106.231 Y102.930 E263.52332
G1 X106.215 Y102.892 E263.52470
G1 X106.205 Y102.849 E263.52616
G1 X106.200 Y102.763 E263.52903
G1 X106.205 Y102.251 E263.54606
G1 X106.215 Y102.207 E263.54756
G1 X106.231 Y102.169 E263.54893
G1 X106.289 Y102.089 E263.55222
G1 X106.369 Y102.031 E263.55550
G1 X106.407 Y102.015 E263.55688
G1 X106.446 Y102.006 E263.55821
G1 X115.048 Y102.000 E263.84431
G1 X115.548 Y102.005 E263.86094
G1 X115.592 Y102.015 E263.86244
G1 X115.630 Y102.031 E263.86381
G1 X115.710 Y102.089 E263.86710
G1 X115.768 Y102.169 E263.87039
G1 X115.784 Y102.207 E263.87176
G1 X115.793 Y102.247 E263.87312
G1 X115.800 Y102.763 E263.89029
G1 X115.781 Y102.899 E263.89485
G1 X115.768 Y102.930 E263.89597
G1 X115.710 Y103.010 E263.89926
G1 X115.630 Y103.068 E263.90254
G1 X115.592 Y103.084 E263.90392
G1 X115.553 Y103.093 E263.90525
G1 X106.952 Y103.100 E264.19132
;LAYER:11
G1 F2400 E260.19132
G0 F9000 X92.399 Y102.693 Z2.500
;TYPE:WALL-INNER
G1 F2400 E264.19132
G1 F1680 X83.601 Y102.700 E264.48394
G1 X83.603 Y102.406 E264.49372
G1 X92.395 Y102.400 E264.78614
G1 X92.399 Y102.693 E264.79589
G0 F9000 X92.592 Y103.084
;TYPE:WALL-OUTER
G1 F1260 X92.553 Y103.093 E264.79722
G1 X83.513 Y103.100 E265.09789
G1 X83.403 Y103.082 E265.10160
G1 X83.323 Y103.041 E265.10459
G1 X83.293 Y103.016 E265.10589
G1 X83.231 Y102.930 E265.10941
G1 X83.203 Y102.842 E265.11248
G1 X83.200 Y102.802 E265.11382
G1 X83.205 Y102.251 E265.13215
G1 X83.234 Y102.163 E265.13523
G1 X83.283 Y102.093 E265.13807
G1 X83.369 Y102.031 E265.14160
G1 X83.407 Y102.015 E265.14297
G1 X83.446 Y102.006 E265.14430
G1 X92.482 Y102.000 E265.44484
G1 X92.599 Y102.018 E265.44877
G1 X92.676 Y102.058 E265.45166
G1 X92.706 Y102.083 E265.45296
G1 X92.768 Y102.169 E265.45649
G1 X92.784 Y102.207 E265.45786
G1 X92.793 Y102.247 E265.45922
G1 X92.800 Y102.785 E265.47712
G1 X92.782 Y102.895 E265.48082
G1 X92.741 Y102.976 E265.48384
G1 X92.716 Y103.006 E265.48514
G1 X92.630 Y103.068 E265.48867
G1 X92.592 Y103.084 E265.49004
G1 F2400 E261.49004
G0 F9000 X95.101 Y102.700
;TYPE:WALL-INNER
G1 F2400 E265.49004
G1 F1680 X95.103 Y102.406 E265.49982
G1 X103.895 Y102.400 E265.79224
G1 X103.899 Y102.693 E265.80199
G1 X95.101 Y102.700 E266.09461
G0 F9000 X94.700 Y102.757
;TYPE:WALL-OUTER
G1 F1260 X94.705 Y102.251 E266.11144
G1 X94.734 Y102.163 E266.11452
G1 X94.783 Y102.093 E266.11736
G1 X94.869 Y102.031 E266.12089
G1 X94.907 Y102.015 E266.12226
G1 X94.946 Y102.006 E266.12359
G1 X103.982 Y102.000 E266.42413
G1 X104.099 Y102.018 E266.42807
G1 X104.176 Y102.058 E266.43095
G1 X104.206 Y102.083 E266.43225
G1 X104.268 Y102.169 E266.43578
G1 X104.284 Y102.207 E266.43715
G1 X104.293 Y102.247 E266.43851
G1 X104.300 Y102.756 E266.45545
G1 X104.281 Y102.899 E266.46024
G1 X104.241 Y102.976 E266.46313
G1 X104.216 Y103.006 E266.46443
G1 X104.130 Y103.068 E266.46795
G1 X104.092 Y103.084 E266.46933
G1 X104.053 Y103.093 E266.47066
G1 X95.013 Y103.100 E266.77133
G1 X94.903 Y103.082 E266.77504
G1 X94.823 Y103.041 E266.77803
G1 X94.793 Y103.016 E266.77933
G1 X94.731 Y102.930 E266.78285
G1 X94.715 Y102.892 E266.78422
G1 X94.705 Y102.849 E266.78569
G1 X94.700 Y102.757 E266.78876
G1 F2400 E262.78876
G0 F9000 X106.601 Y102.700
;TYPE:WALL-INNER
G1 F2400 E266.78876
G1 F1680 X106.603 Y102.406 E266.79853
G1 X115.395 Y102.400 E267.09096
G1 X115.399 Y102.693 E267.10070
G1 X106.601 Y102.700 E267.39333
G0 F9000 X106.200 Y102.757
;TYPE:WALL-OUTER
G1 F1260 X106.205 Y102.251 E267.41016
G1 X106.234 Y102.163 E267.41324
G1 X106.283 Y102.093 E267.41608
G1 X106.369 Y102.031 E267.41961
G1 X106.407 Y102.015 E267.42098
G1 X106.446 Y102.006 E267.42231
G1 X115.482 Y102.000 E267.72285
G1 X115.599 Y102.018 E267.72678
G1 X115.676 Y102.058 E267.72967
G1 X115.706 Y102.083 E267.73097
G1 X115.768 Y102.169 E267.73450
G1 X115.784 Y102.207 E267.73587
G1 X115.793 Y102.247 E267.73723
G1 X115.800 Y102.756 E267.75416
G1 X115.781 Y102.899 E267.75896
G1 X115.741 Y102.976 E267.76185
G1 X115.716 Y103.006 E267.76314
G1 X115.630 Y103.068 E267.76667
G1 X115.592 Y103.084 E267.76804
G1 X115.553 Y103.093 E267.76937
G1 X106.513 Y103.100 E268.07005
G1 X106.403 Y103.082 E268.07375
G1 X106.323 Y103.041 E268.07674
G1 X106.293 Y103.016 E268.07804
G1 X106.231 Y102.930 E268.08157
G1 X106.215 Y102.892 E268.08294
G1 X106.205 Y102.849 E268.08441
G1 X106.200 Y102.757 E268.08747
;LAYER:12
G1 F2400 E264.08747
G0 F9000 X92.399 Y102.693 Z2.700
;TYPE:WALL-INNER
G1 F2400 E268.08747
G1 F1680 X83.601 Y102.700 E268.38009
G1 X83.603 Y102.406 E268.38987
G1 X92.395 Y102.400 E268.68230
G1 X92.399 Y102.693 E268.69204
G0 F9000 X92.592 Y103.084
;TYPE:WALL-OUTER
G1 F1260 X92.553 Y103.093 E268.69337
G1 X83.513 Y103.100 E268.99405
G1 X83.403 Y103.082 E268.99775
G1 X83.289 Y103.010 E269.00224
G1 X83.231 Y102.930 E269.00552
G1 X83.203 Y102.842 E269.00860
G1 X83.200 Y102.802 E269.00993
G1 X83.205 Y102.252 E269.02822
G1 X83.215 Y102.208 E269.02972
G1 X83.231 Y102.169 E269.03113
G1 X83.289 Y102.089 E269.03441
G1 X83.369 Y102.031 E269.03770
G1 X83.407 Y102.015 E269.03907
G1 X83.446 Y102.006 E269.04040
G1 X92.482 Y102.000 E269.34094
G1 X92.599 Y102.018 E269.34488
G1 X92.630 Y102.031 E269.34600
G1 X92.710 Y102.089 E269.34928
G1 X92.768 Y102.169 E269.35257
G1 X92.784 Y102.207 E269.35394
G1 X92.793 Y102.247 E269.35530
G1 X92.800 Y102.785 E269.37320
G1 X92.782 Y102.895 E269.37691
G1 X92.768 Y102.930 E269.37816
G1 X92.710 Y103.010 E269.38145
G1 X92.630 Y103.068 E269.38473
G1 X92.592 Y103.084 E269.38610
G1 F2400 E265.38610
G0 F9000 X95.101 Y102.700
;TYPE:WALL-INNER
G1 F2400 E269.38610
G1 F1680 X95.103 Y102.406 E269.39588
G1 X103.895 Y102.400 E269.68831
G1 X103.899 Y102.693 E269.69805
G1 X95.101 Y102.700 E269.99068
G0 F9000 X94.700 Y102.751
;TYPE:WALL-OUTER
G1 F1260 X94.705 Y102.252 E270.00727
G1 X94.715 Y102.208 E270.00877
G1 X94.731 Y102.169 E270.01018
G1 X94.789 Y102.089 E270.01346
G1 X94.869 Y102.031 E270.01675
G1 X94.907 Y102.015 E270.01812
G1 X94.946 Y102.006 E270.01945
G1 X103.982 Y102.000 E270.31999
G1 X104.099 Y102.018 E270.32393
G1 X104.130 Y102.031 E270.32505
G1 X104.210 Y102.089 E270.32833
G1 X104.268 Y102.169 E270.33162
G1 X104.284 Y102.207 E270.33299
G1 X104.293 Y102.247 E270.33435
G1 X104.300 Y102.748 E270.35102
G1 X104.294 Y102.849 E270.35438
G1 X104.284 Y102.892 E270.35585
G1 X104.268 Y102.930 E270.35722
G1 X104.210 Y103.010 E270.36051
G1 X104.130 Y103.068 E270.36380
G1 X104.092 Y103.084 E270.36517
G1 X104.053 Y103.093 E270.36650
G1 X95.013 Y103.100 E270.66717
G1 X94.903 Y103.082 E270.67088
G1 X94.789 Y103.010 E270.67536
G1 X94.731 Y102.930 E270.67865
G1 X94.715 Y102.892 E270.68002
G1 X94.705 Y102.849 E270.68149
G1 X94.700 Y102.751 E270.68475
G1 F2400 E266.68475
G0 F9000 X106.601 Y102.700
;TYPE:WALL-INNER
G1 F2400 E270.68475
G1 F1680 X106.603 Y102.406 E270.69453
G1 X115.395 Y102.400 E270.98695
G1 X115.399 Y102.693 E270.99670
G1 X106.601 Y102.700 E271.28932
G0 F9000 X106.200 Y102.751
;TYPE:WALL-OUTER
G1 F1260 X106.205 Y102.252 E271.30592
G1 X106.215 Y102.208 E271.30742
G1 X106.231 Y102.169 E271.30882
G1 X106.289 Y102.089 E271.31211
G1 X106.369 Y102.031 E271.31540
G1 X106.407 Y102.015 E271.31677
G1 X106.446 Y102.006 E271.31810
G1 X115.482 Y102.000 E271.61864
G1 X115.599 Y102.018 E271.62258
G1 X115.630 Y102.031 E271.62369
G1 X115.710 Y102.089 E271.62698
G1 X115.768 Y102.169 E271.63027
G1 X115.784 Y102.207 E271.63164
G1 X115.793 Y102.247 E271.63300
G1 X115.800 Y102.748 E271.64967
G1 X115.794 Y102.849 E271.65303
G1 X115.784 Y102.892 E271.65450
G1 X115.768 Y102.930 E271.65587
G1 X115.710 Y103.010 E271.65916
G1 X115.630 Y103.068 E271.66244
G1 X115.592 Y103.084 E271.66382
G1 X115.553 Y103.093 E271.66515
G1 X106.513 Y103.100 E271.96582
G1 X106.403 Y103.082 E271.96953
G1 X106.289 Y103.010 E271.97401
G1 X106.231 Y102.930 E271.97730
G1 X106.215 Y102.892 E271.97867
G1 X106.205 Y102.849 E271.98014
G1 X106.200 Y102.751 E271.98340
;LAYER:13
G1 F2400 E267.98340
G0 F9000 X92.399 Y102.693 Z2.900
;TYPE:WALL-INNER
G1 F2400 E271.98340
G1 F1680 X83.601 Y102.700 E272.27602
G1 X83.603 Y102.406 E272.28580
G1 X92.395 Y102.400 E272.57823
G1 X92.399 Y102.693 E272.58797
G0 F9000 X92.592 Y103.084
;TYPE:WALL-OUTER
G1 F1260 X92.553 Y103.093 E272.58930
G1 X83.513 Y103.100 E272.88997
G1 X83.403 Y103.082 E272.89368
G1 X83.289 Y103.010 E272.89817
G1 X83.231 Y102.930 E272.90145
G1 X83.203 Y102.842 E272.90452
G1 X83.200 Y102.802 E272.90586
G1 X83.205 Y102.252 E272.92415
G1 X83.215 Y102.209 E272.92562
G1 X83.231 Y102.169 E272.92705
G1 X83.289 Y102.089 E272.93034
G1 X83.369 Y102.031 E272.93363
G1 X83.407 Y102.015 E272.93500
G1 X83.446 Y102.006 E272.93633
G1 X92.482 Y102.000 E273.23687
G1 X92.599 Y102.018 E273.24080
G1 X92.630 Y102.031 E273.24192
G1 X92.710 Y102.089 E273.24521
G1 X92.768 Y102.169 E273.24850
G1 X92.784 Y102.207 E273.24987
G1 X92.793 Y102.247 E273.25123
G1 X92.800 Y102.785 E273.26913
G1 X92.782 Y102.895 E273.27283
G1 X92.768 Y102.930 E273.27409
G1 X92.710 Y103.010 E273.27737
G1 X92.630 Y103.068 E273.28066
G1 X92.592 Y103.084 E273.28203
G1 F2400 E269.28203
G0 F9000 X95.101 Y102.700
;TYPE:WALL-INNER
G1 F2400 E273.28203
G1 F1680 X95.103 Y102.406 E273.29181
G1 X103.895 Y102.400 E273.58423
G1 X103.899 Y102.693 E273.59398
G1 X95.101 Y102.700 E273.88660
G0 F9000 X94.700 Y102.744
;TYPE:WALL-OUTER
G1 F1260 X94.705 Y102.252 E273.90297
G1 X94.715 Y102.209 E273.90444
G1 X94.731 Y102.169 E273.90587
G1 X94.789 Y102.089 E273.90916
G1 X94.869 Y102.031 E273.91244
G1 X94.907 Y102.015 E273.91381
G1 X94.946 Y102.006 E273.91514
G1 X103.982 Y102.000 E274.21568
G1 X104.099 Y102.018 E274.21962
G1 X104.130 Y102.031 E274.22074
G1 X104.210 Y102.089 E274.22402
G1 X104.268 Y102.169 E274.22731
G1 X104.284 Y102.207 E274.22868
G1 X104.293 Y102.247 E274.23005
G1 X104.300 Y102.742 E274.24651
G1 X104.294 Y102.849 E274.25008
G1 X104.284 Y102.892 E274.25154
G1 X104.268 Y102.930 E274.25292
G1 X104.210 Y103.010 E274.25620
G1 X104.130 Y103.068 E274.25949
G1 X104.092 Y103.084 E274.26086
G1 X104.053 Y103.093 E274.26219
G1 X95.013 Y103.100 E274.56286
G1 X94.903 Y103.082 E274.56657
G1 X94.789 Y103.010 E274.57106
G1 X94.731 Y102.930 E274.57434
G1 X94.715 Y102.892 E274.57571
G1 X94.705 Y102.849 E274.57718
G1 X94.700 Y102.744 E274.58068
G1 F2400 E270.58068
G0 F9000 X106.601 Y102.700
;TYPE:WALL-INNER
G1 F2400 E274.58068
G1 F1680 X106.603 Y102.406 E274.59046
G1 X115.395 Y102.400 E274.88288
G1 X115.399 Y102.693 E274.89263
G1 X106.601 Y102.700 E275.18525
G0 F9000 X106.200 Y102.744
;TYPE:WALL-OUTER
G1 F1260 X106.205 Y102.252 E275.20161
G1 X106.215 Y102.209 E275.20308
G1 X106.231 Y102.169 E275.20451
G1 X106.289 Y102.089 E275.20780
G1 X106.369 Y102.031 E275.21109
G1 X106.407 Y102.015 E275.21246
G1 X106.446 Y102.006 E275.21379
G1 X115.482 Y102.000 E275.51433
G1 X115.599 Y102.018 E275.51827
G1 X115.630 Y102.031 E275.51938
G1 X115.710 Y102.089 E275.52267
G1 X115.768 Y102.169 E275.52596
G1 X115.784 Y102.207 E275.52733
G1 X115.793 Y102.247 E275.52869
G1 X115.800 Y102.742 E275.54516
G1 X115.794 Y102.849 E275.54872
G1 X115.784 Y102.892 E275.55019
G1 X115.768 Y102.930 E275.55156
G1 X115.710 Y103.010 E275.55485
G1 X115.630 Y103.068 E275.55813
G1 X115.592 Y103.084 E275.55951
G1 X115.553 Y103.093 E275.56084
G1 X106.513 Y103.100 E275.86151
G1 X106.403 Y103.082 E275.86522
G1 X106.289 Y103.010 E275.86970
G1 X106.231 Y102.930 E275.87299
G1 X106.215 Y102.892 E275.87436
G1 X106.205 Y102.849 E275.87583
G1 X106.200 Y102.744 E275.87932
;LAYER:14
G1 F2400 E271.87932
G0 F9000 X92.399 Y102.693 Z3.100
;TYPE:WALL-INNER
G1 F2400 E275.87932
G1 F1680 X83.601 Y102.700 E276.17195
G1 X83.604 Y102.406 E276.18173
G1 X92.395 Y102.400 E276.47412
G1 X92.399 Y102.693 E276.48386
G0 F9000 X92.800 Y102.785
;TYPE:WALL-OUTER
G1 F1260 X92.782 Y102.895 E276.48757
G1 X92.768 Y102.930 E276.48882
G1 X92.706 Y103.016 E276.49235
G1 X92.592 Y103.084 E276.49676
G1 X92.553 Y103.093 E276.49809
G1 X83.513 Y103.100 E276.79877
G1 X83.403 Y103.082 E276.80247
G1 X83.369 Y103.068 E276.80370
G1 X83.283 Y103.006 E276.80722
G1 X83.215 Y102.892 E276.81164
G1 X83.203 Y102.842 E276.81335
G1 X83.200 Y102.802 E276.81468
G1 X83.205 Y102.252 E276.83298
G1 X83.215 Y102.208 E276.83448
G1 X83.231 Y102.169 E276.83588
G1 X83.293 Y102.083 E276.83940
G1 X83.407 Y102.015 E276.84382
G1 X83.446 Y102.006 E276.84515
G1 X92.482 Y102.000 E277.14569
G1 X92.599 Y102.018 E277.14963
G1 X92.630 Y102.031 E277.15075
G1 X92.716 Y102.093 E277.15427
G1 X92.784 Y102.207 E277.15869
G1 X92.793 Y102.247 E277.16005
G1 X92.800 Y102.785 E277.17795
G1 F2400 E273.17795
G0 F9000 X95.101 Y102.700
;TYPE:WALL-INNER
G1 F2400 E277.17795
G1 F1680 X95.103 Y102.406 E277.18772
G1 X103.895 Y102.400 E277.48015
G1 X103.899 Y102.693 E277.48989
G1 X95.101 Y102.700 E277.78252
G0 F9000 X94.700 Y102.738
;TYPE:WALL-OUTER
G1 F1260 X94.705 Y102.253 E277.79865
G1 X94.715 Y102.208 E277.80018
G1 X94.731 Y102.169 E277.80158
G1 X94.793 Y102.083 E277.80511
G1 X94.907 Y102.015 E277.80952
G1 X94.946 Y102.006 E277.81086
G1 X103.982 Y102.000 E278.11139
G1 X104.099 Y102.018 E278.11533
G1 X104.130 Y102.031 E278.11645
G1 X104.216 Y102.093 E278.11998
G1 X104.284 Y102.207 E278.12439
G1 X104.293 Y102.247 E278.12575
G1 X104.300 Y102.735 E278.14199
G1 X104.294 Y102.849 E278.14578
G1 X104.284 Y102.892 E278.14725
G1 X104.268 Y102.930 E278.14862
G1 X104.206 Y103.016 E278.15215
G1 X104.092 Y103.084 E278.15656
G1 X104.053 Y103.093 E278.15790
G1 X95.013 Y103.100 E278.45857
G1 X94.903 Y103.082 E278.46228
G1 X94.869 Y103.068 E278.46350
G1 X94.783 Y103.006 E278.46702
G1 X94.715 Y102.892 E278.47144
G1 X94.705 Y102.849 E278.47291
G1 X94.700 Y102.738 E278.47660
G1 F2400 E274.47660
G0 F9000 X106.601 Y102.700
;TYPE:WALL-INNER
G1 F2400 E278.47660
G1 F1680 X106.603 Y102.406 E278.48638
G1 X115.395 Y102.400 E278.77881
G1 X115.399 Y102.693 E278.78855
G1 X106.601 Y102.700 E279.08117
G0 F9000 X106.200 Y102.738
;TYPE:WALL-OUTER
G1 F1260 X106.205 Y102.253 E279.09731
G1 X106.215 Y102.208 E279.09884
G1 X106.231 Y102.169 E279.10024
G1 X106.293 Y102.083 E279.10377
G1 X106.407 Y102.015 E279.10818
G1 X106.446 Y102.006 E279.10951
G1 X115.482 Y102.000 E279.41005
G1 X115.599 Y102.018 E279.41399
G1 X115.630 Y102.031 E279.41511
G1 X115.716 Y102.093 E279.41863
G1 X115.784 Y102.207 E279.42305
G1 X115.793 Y102.247 E279.42441
G1 X115.800 Y102.735 E279.44065
G1 X115.794 Y102.849 E279.44444
G1 X115.784 Y102.892 E279.44591
G1 X115.768 Y102.930 E279.44728
G1 X115.706 Y103.016 E279.45081
G1 X115.592 Y103.084 E279.45522
G1 X115.553 Y103.093 E279.45655
G1 X106.513 Y103.100 E279.75723
G1 X106.403 Y103.082 E279.76093
G1 X106.369 Y103.068 E279.76216
G1 X106.283 Y103.006 E279.76568
G1 X106.215 Y102.892 E279.77010
G1 X106.205 Y102.849 E279.77157
G1 X106.200 Y102.738 E279.77526
;LAYER:15
G1 F2400 E275.77526
G0 F9000 X92.399 Y102.693 Z3.300
;TYPE:WALL-INNER
G1 F2400 E279.77526
G1 F1680 X83.601 Y102.700 E280.06788
G1 X83.604 Y102.406 E280.07766
G1 X92.395 Y102.400 E280.37005
G1 X92.399 Y102.693 E280.37980
G0 F9000 X92.592 Y103.084
;TYPE:WALL-OUTER
G1 F1260 X92.553 Y103.093 E280.38113
G1 X83.513 Y103.100 E280.68180
G1 X83.403 Y103.082 E280.68551
G1 X83.323 Y103.041 E280.68850
G1 X83.293 Y103.016 E280.68980
G1 X83.231 Y102.930 E280.69332
G1 X83.203 Y102.842 E280.69640
G1 X83.200 Y102.802 E280.69773
G1 X83.205 Y102.252 E280.71602
G1 X83.234 Y102.163 E280.71914
G1 X83.283 Y102.093 E280.72198
G1 X83.369 Y102.031 E280.72551
G1 X83.407 Y102.015 E280.72688
G1 X83.446 Y102.006 E280.72821
G1 X92.482 Y102.000 E281.02875
G1 X92.599 Y102.018 E281.03268
G1 X92.676 Y102.058 E281.03557
G1 X92.706 Y102.083 E281.03687
G1 X92.768 Y102.169 E281.04039
G1 X92.784 Y102.207 E281.04177
G1 X92.793 Y102.247 E281.04313
G1 X92.800 Y102.785 E281.06103
G1 X92.782 Y102.895 E281.06473
G1 X92.741 Y102.976 E281.06775
G1 X92.716 Y103.006 E281.06905
G1 X92.630 Y103.068 E281.07258
G1 X92.592 Y103.084 E281.07395
G1 F2400 E277.07395
G0 F9000 X95.100 Y102.700
;TYPE:WALL-INNER
G1 F2400 E281.07395
G1 F1680 X95.103 Y102.406 E281.08373
G1 X103.895 Y102.400 E281.37615
G1 X103.899 Y102.693 E281.38590
G1 X95.100 Y102.700 E281.67855
G0 F9000 X94.700 Y102.742
;TYPE:WALL-OUTER
G1 F1260 X94.714 Y102.209 E281.69629
G1 X94.758 Y102.123 E281.69950
G1 X94.783 Y102.093 E281.70080
G1 X94.869 Y102.031 E281.70432
G1 X94.907 Y102.015 E281.70570
G1 X94.946 Y102.006 E281.70703
G1 X103.982 Y102.000 E282.00757
G1 X104.099 Y102.018 E282.01150
G1 X104.176 Y102.058 E282.01439
G1 X104.206 Y102.083 E282.01569
G1 X104.268 Y102.169 E282.01921
G1 X104.284 Y102.207 E282.02059
G1 X104.293 Y102.247 E282.02195
G1 X104.300 Y102.729 E282.03798
G1 X104.294 Y102.849 E282.04198
G1 X104.265 Y102.936 E282.04503
G1 X104.216 Y103.006 E282.04787
G1 X104.130 Y103.068 E282.05140
G1 X104.092 Y103.084 E282.05277
G1 X104.053 Y103.093 E282.05410
G1 X95.013 Y103.100 E282.35477
G1 X94.903 Y103.082 E282.35848
G1 X94.823 Y103.041 E282.36147
G1 X94.793 Y103.016 E282.36277
G1 X94.731 Y102.930 E282.36629
G1 X94.715 Y102.892 E282.36766
G1 X94.705 Y102.850 E282.36910
G1 X94.700 Y102.742 E282.37270
G1 F2400 E278.37270
G0 F9000 X106.600 Y102.700
;TYPE:WALL-INNER
G1 F2400 E282.37270
G1 F1680 X106.603 Y102.406 E282.38248
G1 X115.395 Y102.400 E282.67490
G1 X115.399 Y102.693 E282.68464
G1 X106.600 Y102.700 E282.97730
G0 F9000 X106.200 Y102.742
;TYPE:WALL-OUTER
G1 F1260 X106.214 Y102.209 E282.99503
G1 X106.258 Y102.123 E282.99825
G1 X106.283 Y102.093 E282.99955
G1 X106.369 Y102.031 E283.00307
G1 X106.407 Y102.015 E283.00444
G1 X106.446 Y102.006 E283.00577
G1 X115.482 Y102.000 E283.30631
G1 X115.599 Y102.018 E283.31025
G1 X115.676 Y102.058 E283.31314
G1 X115.706 Y102.083 E283.31444
G1 X115.768 Y102.169 E283.31796
G1 X115.784 Y102.207 E283.31933
G1 X115.793 Y102.247 E283.32070
G1 X115.800 Y102.729 E283.33673
G1 X115.794 Y102.849 E283.34073
G1 X115.765 Y102.936 E283.34378
G1 X115.716 Y103.006 E283.34662
G1 X115.630 Y103.068 E283.35014
G1 X115.592 Y103.084 E283.35152
G1 X115.553 Y103.093 E283.35285
G1 X106.513 Y103.100 E283.65352
G1 X106.403 Y103.082 E283.65723
G1 X106.323 Y103.041 E283.66022
G1 X106.293 Y103.016 E283.66151
G1 X106.231 Y102.930 E283.66504
G1 X106.215 Y102.892 E283.66641
G1 X106.205 Y102.850 E283.66785
G1 X106.200 Y102.742 E283.67144
;LAYER:16
G1 F2400 E279.67144
G0 F9000 X92.399 Y102.693 Z3.500
;TYPE:WALL-INNER
G1 F2400 E283.67144
G1 F1680 X83.601 Y102.700 E283.96407
G1 X83.604 Y102.406 E283.97385
G1 X92.395 Y102.400 E284.26624
G1 X92.399 Y102.693 E284.27598
G0 F9000 X92.800 Y102.785
;TYPE:WALL-OUTER
G1 F1260 X92.783 Y102.890 E284.27952
G1 X92.740 Y102.975 E284.28269
G1 X92.675 Y103.040 E284.28575
G1 X92.553 Y103.093 E284.29017
G1 X83.513 Y103.100 E284.59084
G1 X83.409 Y103.083 E284.59435
G1 X83.324 Y103.040 E284.59751
G1 X83.259 Y102.975 E284.60057
G1 X83.214 Y102.886 E284.60389
G1 X83.203 Y102.842 E284.60540
G1 X83.200 Y102.802 E284.60673
G1 X83.205 Y102.253 E284.62499
G1 X83.213 Y102.214 E284.62632
G1 X83.259 Y102.124 E284.62968
G1 X83.324 Y102.059 E284.63274
G1 X83.446 Y102.006 E284.63716
G1 X92.482 Y102.000 E284.93770
G1 X92.593 Y102.017 E284.94143
G1 X92.675 Y102.059 E284.94450
G1 X92.740 Y102.124 E284.94755
G1 X92.793 Y102.247 E284.95201
G1 X92.800 Y102.785 E284.96990
G1 F2400 E280.96990
G0 F9000 X95.100 Y102.700
;TYPE:WALL-INNER
G1 F2400 E284.96990
G1 F1680 X95.103 Y102.406 E284.97968
G1 X103.895 Y102.400 E285.27211
G1 X103.899 Y102.693 E285.28185
G1 X95.100 Y102.700 E285.57451
G0 F9000 X94.700 Y102.735
;TYPE:WALL-OUTER
G1 F1260 X94.713 Y102.214 E285.59184
G1 X94.759 Y102.124 E285.59520
G1 X94.824 Y102.059 E285.59826
G1 X94.946 Y102.006 E285.60269
G1 X103.982 Y102.000 E285.90323
G1 X104.093 Y102.017 E285.90696
G1 X104.175 Y102.059 E285.91002
G1 X104.240 Y102.124 E285.91308
G1 X104.293 Y102.247 E285.91754
G1 X104.300 Y102.722 E285.93334
G1 X104.294 Y102.843 E285.93737
G1 X104.263 Y102.941 E285.94078
G1 X104.244 Y102.971 E285.94197
G1 X104.175 Y103.040 E285.94521
G1 X104.053 Y103.093 E285.94964
G1 X95.013 Y103.100 E286.25031
G1 X94.909 Y103.083 E286.25381
G1 X94.824 Y103.040 E286.25698
G1 X94.759 Y102.975 E286.26004
G1 X94.714 Y102.886 E286.26335
G1 X94.705 Y102.850 E286.26459
G1 X94.700 Y102.735 E286.26842
G1 F2400 E282.26842
G0 F9000 X106.600 Y102.700
;TYPE:WALL-INNER
G1 F2400 E286.26842
G1 F1680 X106.603 Y102.406 E286.27820
G1 X115.395 Y102.400 E286.57062
G1 X115.399 Y102.693 E286.58037
G1 X106.600 Y102.700 E286.87302
G0 F9000 X106.200 Y102.735
;TYPE:WALL-OUTER
G1 F1260 X106.213 Y102.214 E286.89036
G1 X106.259 Y102.124 E286.89372
G1 X106.324 Y102.059 E286.89677
G1 X106.446 Y102.006 E286.90120
G1 X115.482 Y102.000 E287.20174
G1 X115.593 Y102.017 E287.20547
G1 X115.675 Y102.059 E287.20854
G1 X115.740 Y102.124 E287.21159
G1 X115.793 Y102.247 E287.21605
G1 X115.800 Y102.722 E287.23185
G1 X115.794 Y102.843 E287.23588
G1 X115.763 Y102.941 E287.23930
G1 X115.744 Y102.971 E287.24048
G1 X115.675 Y103.040 E287.24372
G1 X115.553 Y103.093 E287.24815
G1 X106.513 Y103.100 E287.54882
G1 X106.409 Y103.083 E287.55232
G1 X106.324 Y103.040 E287.55549
G1 X106.259 Y102.975 E287.55855
G1 X106.214 Y102.886 E287.56187
G1 X106.205 Y102.850 E287.56310
G1 X106.200 Y102.735 E287.56693
;LAYER:17
G1 F2400 E283.56693
G0 F9000 X92.399 Y102.693 Z3.700
;TYPE:WALL-INNER
G1 F2400 E287.56693
G1 F1680 X83.601 Y102.700 E287.85955
G1 X83.604 Y102.406 E287.86933
G1 X92.395 Y102.400 E288.16172
G1 X92.399 Y102.693 E288.17147
G0 F9000 X92.592 Y103.084
;TYPE:WALL-OUTER
G1 F1260 X92.553 Y103.093 E288.17280
G1 X83.513 Y103.100 E288.47347
G1 X83.403 Y103.082 E288.47718
G1 X83.289 Y103.010 E288.48166
G1 X83.231 Y102.930 E288.48495
G1 X83.203 Y102.842 E288.48802
G1 X83.200 Y102.802 E288.48935
G1 X83.205 Y102.253 E288.50762
G1 X83.231 Y102.169 E288.51054
G1 X83.289 Y102.089 E288.51383
G1 X83.369 Y102.031 E288.51711
G1 X83.407 Y102.015 E288.51848
G1 X83.446 Y102.006 E288.51982
G1 X92.482 Y102.000 E288.82035
G1 X92.599 Y102.018 E288.82429
G1 X92.630 Y102.031 E288.82541
G1 X92.710 Y102.089 E288.82870
G1 X92.768 Y102.169 E288.83198
G1 X92.784 Y102.207 E288.83335
G1 X92.793 Y102.247 E288.83472
G1 X92.800 Y102.785 E288.85261
G1 X92.782 Y102.895 E288.85632
G1 X92.768 Y102.930 E288.85757
G1 X92.710 Y103.010 E288.86086
G1 X92.630 Y103.068 E288.86415
G1 X92.592 Y103.084 E288.86552
G1 F2400 E284.86552
G0 F9000 X95.100 Y102.700
;TYPE:WALL-INNER
G1 F2400 E288.86552
G1 F1680 X95.104 Y102.406 E288.87530
G1 X103.895 Y102.400 E289.16769
G1 X103.899 Y102.693 E289.17743
G1 X95.100 Y102.700 E289.47009
G0 F9000 X94.700 Y102.727
;TYPE:WALL-OUTER
G1 F1260 X94.706 Y102.253 E289.48586
G1 X94.734 Y102.165 E289.48893
G1 X94.789 Y102.089 E289.49205
G1 X94.869 Y102.031 E289.49533
G1 X94.907 Y102.015 E289.49671
G1 X94.946 Y102.006 E289.49804
G1 X103.982 Y102.000 E289.79858
G1 X104.099 Y102.018 E289.80251
G1 X104.130 Y102.031 E289.80363
G1 X104.210 Y102.089 E289.80692
G1 X104.268 Y102.169 E289.81020
G1 X104.284 Y102.207 E289.81158
G1 X104.293 Y102.247 E289.81294
G1 X104.300 Y102.716 E289.82854
G1 X104.294 Y102.849 E289.83297
G1 X104.284 Y102.892 E289.83444
G1 X104.268 Y102.930 E289.83581
G1 X104.210 Y103.010 E289.83909
G1 X104.130 Y103.068 E289.84238
G1 X104.092 Y103.084 E289.84375
G1 X104.053 Y103.093 E289.84508
G1 X95.013 Y103.100 E290.14576
G1 X94.903 Y103.082 E290.14946
G1 X94.789 Y103.010 E290.15395
G1 X94.731 Y102.930 E290.15723
G1 X94.715 Y102.892 E290.15861
G1 X94.705 Y102.850 E290.16004
G1 X94.700 Y102.727 E290.16414
G1 F2400 E286.16414
G0 F9000 X106.600 Y102.700
;TYPE:WALL-INNER
G1 F2400 E290.16414
G1 F1680 X106.604 Y102.406 E290.17391
G1 X115.395 Y102.400 E290.46630
G1 X115.399 Y102.693 E290.47605
G1 X106.600 Y102.700 E290.76871
G0 F9000 X106.200 Y102.727
;TYPE:WALL-OUTER
G1 F1260 X106.206 Y102.253 E290.78447
G1 X106.234 Y102.165 E290.78754
G1 X106.289 Y102.089 E290.79067
G1 X106.369 Y102.031 E290.79395
G1 X106.407 Y102.015 E290.79532
G1 X106.446 Y102.006 E290.79665
G1 X115.482 Y102.000 E291.09719
G1 X115.599 Y102.018 E291.10113
G1 X115.630 Y102.031 E291.10225
G1 X115.710 Y102.089 E291.10553
G1 X115.768 Y102.169 E291.10882
G1 X115.784 Y102.207 E291.11019
G1 X115.793 Y102.247 E291.11156
G1 X115.800 Y102.716 E291.12716
G1 X115.794 Y102.849 E291.13159
G1 X115.784 Y102.892 E291.13305
G1 X115.768 Y102.930 E291.13442
G1 X115.710 Y103.010 E291.13771
G1 X115.630 Y103.068 E291.14100
G1 X115.592 Y103.084 E291.14237
G1 X115.553 Y103.093 E291.14370
G1 X106.513 Y103.100 E291.44437
G1 X106.403 Y103.082 E291.44808
G1 X106.289 Y103.010 E291.45256
G1 X106.231 Y102.930 E291.45585
G1 X106.215 Y102.892 E291.45722
G1 X106.205 Y102.850 E291.45866
G1 X106.200 Y102.727 E291.46275
;LAYER:18
G1 F2400 E287.46275
G0 F9000 X92.399 Y102.693 Z3.900
;TYPE:WALL-INNER
G1 F2400 E291.46275
G1 F1680 X83.601 Y102.700 E291.75538
G1 X83.604 Y102.406 E291.76515
G1 X92.395 Y102.400 E292.05754
G1 X92.399 Y102.693 E292.06729
G0 F9000 X92.592 Y103.084
;TYPE:WALL-OUTER
G1 F1260 X92.553 Y103.093 E292.06862
G1 X83.513 Y103.100 E292.36929
G1 X83.403 Y103.082 E292.37300
G1 X83.289 Y103.010 E292.37748
G1 X83.231 Y102.930 E292.38077
G1 X83.203 Y102.842 E292.38384
G1 X83.200 Y102.802 E292.38518
G1 X83.205 Y102.258 E292.40327
G1 X83.216 Y102.205 E292.40507
G1 X83.231 Y102.169 E292.40637
G1 X83.289 Y102.089 E292.40966
G1 X83.369 Y102.031 E292.41294
G1 X83.407 Y102.015 E292.41431
G1 X83.446 Y102.006 E292.41564
G1 X92.482 Y102.000 E292.71618
G1 X92.599 Y102.018 E292.72012
G1 X92.630 Y102.031 E292.72124
G1 X92.710 Y102.089 E292.72452
G1 X92.768 Y102.169 E292.72781
G1 X92.784 Y102.207 E292.72918
G1 X92.793 Y102.247 E292.73055
G1 X92.800 Y102.785 E292.74844
G1 X92.782 Y102.895 E292.75215
G1 X92.768 Y102.930 E292.75340
G1 X92.710 Y103.010 E292.75669
G1 X92.630 Y103.068 E292.75998
G1 X92.592 Y103.084 E292.76135
G1 F2400 E288.76135
G0 F9000 X95.100 Y102.700
;TYPE:WALL-INNER
G1 F2400 E292.76135
G1 F1680 X95.104 Y102.406 E292.77113
G1 X103.895 Y102.400 E293.06352
G1 X103.899 Y102.693 E293.07326
G1 X95.100 Y102.700 E293.36592
G0 F9000 X94.700 Y102.720
;TYPE:WALL-OUTER
G1 F1260 X94.706 Y102.247 E293.38165
G1 X94.715 Y102.207 E293.38302
G1 X94.731 Y102.169 E293.38439
G1 X94.789 Y102.089 E293.38767
G1 X94.869 Y102.031 E293.39096
G1 X94.907 Y102.015 E293.39233
G1 X94.946 Y102.006 E293.39366
G1 X103.982 Y102.000 E293.69420
G1 X104.099 Y102.018 E293.69814
G1 X104.130 Y102.031 E293.69926
G1 X104.210 Y102.089 E293.70254
G1 X104.268 Y102.169 E293.70583
G1 X104.284 Y102.207 E293.70720
G1 X104.293 Y102.247 E293.70856
G1 X104.300 Y102.788 E293.72656
G1 X104.268 Y102.930 E293.73140
G1 X104.210 Y103.010 E293.73469
G1 X104.130 Y103.068 E293.73797
G1 X104.092 Y103.084 E293.73935
G1 X104.053 Y103.093 E293.74068
G1 X95.013 Y103.100 E294.04135
G1 X94.903 Y103.082 E294.04506
G1 X94.789 Y103.010 E294.04954
G1 X94.731 Y102.930 E294.05283
G1 X94.715 Y102.892 E294.05420
G1 X94.705 Y102.850 E294.05563
G1 X94.700 Y102.720 E294.05996
G1 F2400 E290.05996
G0 F9000 X106.600 Y102.700
;TYPE:WALL-INNER
G1 F2400 E294.05996
G1 F1680 X106.604 Y102.406 E294.06974
G1 X115.395 Y102.400 E294.36213
G1 X115.399 Y102.693 E294.37188
G1 X106.600 Y102.700 E294.66453
G0 F9000 X106.200 Y102.720
;TYPE:WALL-OUTER
G1 F1260 X106.206 Y102.247 E294.68027
G1 X106.215 Y102.207 E294.68163
G1 X106.231 Y102.169 E294.68300
G1 X106.289 Y102.089 E294.68629
G1 X106.369 Y102.031 E294.68957
G1 X106.407 Y102.015 E294.69095
G1 X106.446 Y102.006 E294.69228
G1 X115.482 Y102.000 E294.99282
G1 X115.599 Y102.018 E294.99675
G1 X115.630 Y102.031 E294.99787
G1 X115.710 Y102.089 E295.00116
G1 X115.768 Y102.169 E295.00444
G1 X115.784 Y102.207 E295.00582
G1 X115.793 Y102.247 E295.00718
G1 X115.800 Y102.788 E295.02517
G1 X115.768 Y102.930 E295.03002
G1 X115.710 Y103.010 E295.03330
G1 X115.630 Y103.068 E295.03659
G1 X115.592 Y103.084 E295.03796
G1 X115.553 Y103.093 E295.03929
G1 X106.513 Y103.100 E295.33996
G1 X106.403 Y103.082 E295.34367
G1 X106.289 Y103.010 E295.34815
G1 X106.231 Y102.930 E295.35144
G1 X106.215 Y102.892 E295.35281
G1 X106.205 Y102.850 E295.35425
G1 X106.200 Y102.720 E295.35858
;LAYER:19
G1 F2400 E291.35858
G0 F9000 X92.399 Y102.693 Z4.100
;TYPE:WALL-INNER
G1 F2400 E295.35858
G1 F1680 X83.601 Y102.700 E295.65120
G1 X83.603 Y102.406 E295.66098
G1 X92.395 Y102.400 E295.95340
G1 X92.399 Y102.693 E295.96315
G0 F9000 X92.800 Y102.785
;TYPE:WALL-OUTER
G1 F1260 X92.782 Y102.895 E295.96685
G1 X92.768 Y102.930 E295.96811
G1 X92.706 Y103.016 E295.97163
G1 X92.682 Y103.036 E295.97267
G1 X92.553 Y103.093 E295.97736
G1 X83.513 Y103.100 E296.27804
G1 X83.403 Y103.082 E296.28174
G1 X83.369 Y103.068 E296.28297
G1 X83.283 Y103.006 E296.28649
G1 X83.262 Y102.981 E296.28758
G1 X83.214 Y102.886 E296.29112
G1 X83.203 Y102.842 E296.29263
G1 X83.200 Y102.801 E296.29399
G1 X83.204 Y102.257 E296.31209
G1 X83.214 Y102.209 E296.31372
G1 X83.231 Y102.169 E296.31516
G1 X83.293 Y102.083 E296.31869
G1 X83.318 Y102.062 E296.31978
G1 X83.446 Y102.006 E296.32442
G1 X92.482 Y102.000 E296.62496
G1 X92.599 Y102.018 E296.62890
G1 X92.630 Y102.031 E296.63002
G1 X92.716 Y102.093 E296.63354
G1 X92.737 Y102.118 E296.63463
G1 X92.793 Y102.247 E296.63931
G1 X92.800 Y102.785 E296.65720
G1 F2400 E292.65720
G0 F9000 X95.100 Y102.700
;TYPE:WALL-INNER
G1 F2400 E296.65720
G1 F1680 X95.104 Y102.406 E296.66698
G1 X103.895 Y102.400 E296.95937
G1 X103.899 Y102.693 E296.96912
G1 X95.100 Y102.700 E297.26177
G0 F9000 X94.700 Y102.713
;TYPE:WALL-OUTER
G1 F1260 X94.706 Y102.253 E297.27707
G1 X94.734 Y102.165 E297.28015
G1 X94.793 Y102.083 E297.28351
G1 X94.818 Y102.062 E297.28459
G1 X94.946 Y102.006 E297.28924
G1 X103.982 Y102.000 E297.58978
G1 X104.099 Y102.018 E297.59371
G1 X104.130 Y102.031 E297.59483
G1 X104.216 Y102.093 E297.59836
G1 X104.237 Y102.118 E297.59944
G1 X104.293 Y102.247 E297.60412
G1 X104.300 Y102.788 E297.62212
G1 X104.268 Y102.930 E297.62696
G1 X104.206 Y103.016 E297.63048
G1 X104.182 Y103.036 E297.63152
G1 X104.053 Y103.093 E297.63621
G1 X95.013 Y103.100 E297.93689
G1 X94.903 Y103.082 E297.94059
G1 X94.869 Y103.068 E297.94182
G1 X94.783 Y103.006 E297.94534
G1 X94.762 Y102.981 E297.94643
G1 X94.714 Y102.886 E297.94997
G1 X94.705 Y102.850 E297.95120
G1 X94.700 Y102.713 E297.95576
G1 F2400 E293.95576
G0 F9000 X106.600 Y102.700
;TYPE:WALL-INNER
G1 F2400 E297.95576
G1 F1680 X106.604 Y102.406 E297.96554
G1 X115.395 Y102.400 E298.25793
G1 X115.399 Y102.693 E298.26768
G1 X106.600 Y102.700 E298.56033
G0 F9000 X106.200 Y102.713
;TYPE:WALL-OUTER
G1 F1260 X106.206 Y102.253 E298.57564
G1 X106.234 Y102.165 E298.57871
G1 X106.293 Y102.083 E298.58207
G1 X106.318 Y102.062 E298.58315
G1 X106.446 Y102.006 E298.58780
G1 X115.482 Y102.000 E298.88834
G1 X115.599 Y102.018 E298.89228
G1 X115.630 Y102.031 E298.89339
G1 X115.716 Y102.093 E298.89692
G1 X115.737 Y102.118 E298.89801
G1 X115.793 Y102.247 E298.90268
G1 X115.800 Y102.788 E298.92068
G1 X115.768 Y102.930 E298.92552
G1 X115.706 Y103.016 E298.92905
G1 X115.682 Y103.036 E298.93008
G1 X115.553 Y103.093 E298.93478
G1 X106.513 Y103.100 E299.23545
G1 X106.403 Y103.082 E299.23915
G1 X106.369 Y103.068 E299.24038
G1 X106.283 Y103.006 E299.24390
G1 X106.262 Y102.981 E299.24499
G1 X106.214 Y102.886 E299.24853
G1 X106.205 Y102.850 E299.24976
G1 X106.200 Y102.713 E299.25432
;LAYER:20
G1 F2400 E295.25432
G0 F9000 X92.399 Y102.693 Z4.300
;TYPE:WALL-INNER
G1 F2400 E299.25432
G1 F1680 X83.601 Y102.700 E299.54695
G1 X83.603 Y102.406 E299.55672
G1 X92.395 Y102.400 E299.84915
G1 X92.399 Y102.693 E299.85889
G0 F9000 X92.592 Y103.084
;TYPE:WALL-OUTER
G1 F1260 X92.553 Y103.093 E299.86023
G1 X83.513 Y103.100 E300.16090
G1 X83.403 Y103.082 E300.16460
G1 X83.323 Y103.041 E300.16759
G1 X83.293 Y103.016 E300.16889
G1 X83.231 Y102.930 E300.17242
G1 X83.203 Y102.842 E300.17549
G1 X83.200 Y102.801 E300.17686
G1 X83.204 Y102.257 E300.19495
G1 X83.214 Y102.210 E300.19655
G1 X83.258 Y102.123 E300.19979
G1 X83.283 Y102.093 E300.20109
G1 X83.369 Y102.031 E300.20462
G1 X83.407 Y102.015 E300.20599
G1 X83.446 Y102.006 E300.20732
G1 X92.482 Y102.000 E300.50786
G1 X92.599 Y102.018 E300.51180
G1 X92.676 Y102.058 E300.51468
G1 X92.706 Y102.083 E300.51598
G1 X92.768 Y102.169 E300.51951
G1 X92.784 Y102.207 E300.52088
G1 X92.793 Y102.247 E300.52224
G1 X92.800 Y102.785 E300.54014
G1 X92.782 Y102.895 E300.54385
G1 X92.741 Y102.976 E300.54686
G1 X92.716 Y103.006 E300.54816
G1 X92.630 Y103.068 E300.55169
G1 X92.592 Y103.084 E300.55306
G1 F2400 E296.55306
G0 F9000 X95.100 Y102.683
;TYPE:WALL-INNER
G1 F2400 E300.55306
G1 F1680 X95.104 Y102.406 E300.56228
G1 X103.895 Y102.400 E300.85467
G1 X103.899 Y102.693 E300.86441
G1 X95.101 Y102.700 E301.15703
G1 X95.100 Y102.683 E301.15760
G0 F9000 X94.700 Y102.706
;TYPE:WALL-OUTER
G1 F1260 X94.706 Y102.253 E301.17267
G1 X94.736 Y102.158 E301.17598
G1 X94.783 Y102.093 E301.17865
G1 X94.869 Y102.031 E301.18218
G1 X94.907 Y102.015 E301.18355
G1 X94.946 Y102.006 E301.18488
G1 X103.982 Y102.000 E301.48542
G1 X104.099 Y102.018 E301.48935
G1 X104.176 Y102.058 E301.49224
G1 X104.206 Y102.083 E301.49354
G1 X104.268 Y102.169 E301.49707
G1 X104.284 Y102.207 E301.49844
G1 X104.293 Y102.247 E301.49980
G1 X104.300 Y102.788 E301.51780
G1 X104.282 Y102.895 E301.52140
G1 X104.241 Y102.976 E301.52442
G1 X104.216 Y103.006 E301.52572
G1 X104.130 Y103.068 E301.52925
G1 X104.092 Y103.084 E301.53062
G1 X104.053 Y103.093 E301.53195
G1 X95.013 Y103.100 E301.83262
G1 X94.903 Y103.082 E301.83633
G1 X94.823 Y103.041 E301.83932
G1 X94.793 Y103.016 E301.84062
G1 X94.731 Y102.930 E301.84415
G1 X94.715 Y102.892 E301.84552
G1 X94.705 Y102.850 E301.84695
G1 X94.700 Y102.706 E301.85175
G1 F2400 E297.85175
G0 F9000 X106.600 Y102.683
;TYPE:WALL-INNER
G1 F2400 E301.85175
G1 F1680 X106.604 Y102.406 E301.86096
G1 X115.395 Y102.400 E302.15335
G1 X115.399 Y102.693 E302.16310
G1 X106.601 Y102.700 E302.45572
G1 X106.600 Y102.683 E302.45628
G0 F9000 X106.200 Y102.706
;TYPE:WALL-OUTER
G1 F1260 X106.206 Y102.253 E302.47135
G1 X106.236 Y102.158 E302.47467
G1 X106.283 Y102.093 E302.47733
G1 X106.369 Y102.031 E302.48086
G1 X106.407 Y102.015 E302.48223
G1 X106.446 Y102.006 E302.48356
G1 X115.482 Y102.000 E302.78410
G1 X115.599 Y102.018 E302.78804
G1 X115.676 Y102.058 E302.79093
G1 X115.706 Y102.083 E302.79222
G1 X115.768 Y102.169 E302.79575
G1 X115.784 Y102.207 E302.79712
G1 X115.793 Y102.247 E302.79849
G1 X115.800 Y102.788 E302.81648
G1 X115.782 Y102.895 E302.82009
G1 X115.741 Y102.976 E302.82311
G1 X115.716 Y103.006 E302.82441
G1 X115.630 Y103.068 E302.82793
G1 X115.592 Y103.084 E302.82931
G1 X115.553 Y103.093 E302.83064
G1 X106.513 Y103.100 E303.13131
G1 X106.403 Y103.082 E303.13502
G1 X106.323 Y103.041 E303.13801
G1 X106.293 Y103.016 E303.13930
G1 X106.231 Y102.930 E303.14283
G1 X106.215 Y102.892 E303.14420
G1 X106.205 Y102.850 E303.14564
G1 X106.200 Y102.706 E303.15043
;LAYER:21
G1 F2400 E299.15043
G0 F9000 X92.399 Y102.693 Z4.500
;TYPE:WALL-INNER
G1 F2400 E303.15043
G1 F1680 X83.601 Y102.700 E303.44305
G1 X83.603 Y102.406 E303.45283
G1 X92.395 Y102.400 E303.74525
G1 X92.399 Y102.693 E303.75500
G0 F9000 X92.800 Y102.785
;TYPE:WALL-OUTER
G1 F1260 X92.783 Y102.890 E303.75854
G1 X92.740 Y102.974 E303.76168
G1 X92.679 Y103.037 E303.76459
G1 X92.592 Y103.084 E303.76788
G1 X92.553 Y103.093 E303.76921
G1 X83.513 Y103.100 E304.06989
G1 X83.409 Y103.083 E304.07339
G1 X83.325 Y103.040 E304.07653
G1 X83.262 Y102.979 E304.07945
G1 X83.215 Y102.892 E304.08273
G1 X83.203 Y102.842 E304.08445
G1 X83.200 Y102.801 E304.08581
G1 X83.204 Y102.262 E304.10374
G1 X83.215 Y102.211 E304.10548
G1 X83.259 Y102.125 E304.10869
G1 X83.320 Y102.062 E304.11161
G1 X83.407 Y102.015 E304.11489
G1 X83.446 Y102.006 E304.11623
G1 X92.482 Y102.000 E304.41676
G1 X92.593 Y102.017 E304.42050
G1 X92.674 Y102.059 E304.42353
G1 X92.737 Y102.120 E304.42645
G1 X92.784 Y102.207 E304.42974
G1 X92.793 Y102.247 E304.43110
G1 X92.800 Y102.785 E304.44900
G1 F2400 E300.44900
G0 F9000 X95.100 Y102.677
;TYPE:WALL-INNER
G1 F2400 E304.44900
G1 F1680 X95.104 Y102.406 E304.45801
G1 X103.895 Y102.400 E304.75040
G1 X103.899 Y102.693 E304.76015
G1 X95.101 Y102.700 E305.05277
G1 X95.100 Y102.677 E305.05354
G0 F9000 X94.700 Y102.700
;TYPE:WALL-OUTER
G1 F1260 X94.714 Y102.213 E305.06974
G1 X94.759 Y102.125 E305.07303
G1 X94.820 Y102.062 E305.07595
G1 X94.907 Y102.015 E305.07923
G1 X94.946 Y102.006 E305.08057
G1 X103.982 Y102.000 E305.38110
G1 X104.093 Y102.017 E305.38484
G1 X104.174 Y102.059 E305.38787
G1 X104.237 Y102.120 E305.39079
G1 X104.284 Y102.207 E305.39408
G1 X104.293 Y102.247 E305.39544
G1 X104.300 Y102.788 E305.41344
G1 X104.283 Y102.890 E305.41688
G1 X104.240 Y102.974 E305.42002
G1 X104.179 Y103.037 E305.42293
G1 X104.092 Y103.084 E305.42622
G1 X104.053 Y103.093 E305.42755
G1 X95.013 Y103.100 E305.72822
G1 X94.909 Y103.083 E305.73173
G1 X94.825 Y103.040 E305.73487
G1 X94.762 Y102.979 E305.73779
G1 X94.715 Y102.892 E305.74107
G1 X94.705 Y102.850 E305.74251
G1 X94.700 Y102.700 E305.74750
G1 F2400 E301.74750
G0 F9000 X106.600 Y102.677
;TYPE:WALL-INNER
G1 F2400 E305.74750
G1 F1680 X106.604 Y102.406 E305.75652
G1 X115.395 Y102.400 E306.04891
G1 X115.399 Y102.693 E306.05865
G1 X106.601 Y102.700 E306.35128
G1 X106.600 Y102.677 E306.35204
G0 F9000 X106.200 Y102.700
;TYPE:WALL-OUTER
G1 F1260 X106.214 Y102.213 E306.36825
G1 X106.259 Y102.125 E306.37153
G1 X106.320 Y102.062 E306.37445
G1 X106.407 Y102.015 E306.37774
G1 X106.446 Y102.006 E306.37907
G1 X115.482 Y102.000 E306.67961
G1 X115.593 Y102.017 E306.68334
G1 X115.674 Y102.059 E306.68638
G1 X115.737 Y102.120 E306.68929
G1 X115.784 Y102.207 E306.69258
G1 X115.793 Y102.247 E306.69395
G1 X115.800 Y102.788 E306.71194
G1 X115.783 Y102.890 E306.71538
G1 X115.740 Y102.974 E306.71852
G1 X115.679 Y103.037 E306.72144
G1 X115.592 Y103.084 E306.72473
G1 X115.553 Y103.093 E306.72606
G1 X106.513 Y103.100 E307.02673
G1 X106.409 Y103.083 E307.03023
G1 X106.325 Y103.040 E307.03337
G1 X106.262 Y102.979 E307.03629
G1 X106.215 Y102.892 E307.03958
G1 X106.205 Y102.850 E307.04101
G1 X106.200 Y102.700 E307.04601
;LAYER:22
G1 F2400 E303.04601
G0 F9000 X92.399 Y102.693 Z4.700
;TYPE:WALL-INNER
G1 F2400 E307.04601
G1 F1680 X83.601 Y102.700 E307.33863
G1 X83.603 Y102.406 E307.34841
G1 X92.395 Y102.400 E307.64083
G1 X92.399 Y102.693 E307.65058
G0 F9000 X92.592 Y103.084
;TYPE:WALL-OUTER
G1 F1260 X92.553 Y103.093 E307.65191
G1 X83.513 Y103.100 E307.95258
G1 X83.403 Y103.082 E307.95629
G1 X83.289 Y103.010 E307.96077
G1 X83.231 Y102.930 E307.96406
G1 X83.203 Y102.842 E307.96713
G1 X83.200 Y102.801 E307.96850
G1 X83.204 Y102.263 E307.98639
G1 X83.216 Y102.205 E307.98836
G1 X83.231 Y102.169 E307.98966
G1 X83.289 Y102.089 E307.99294
G1 X83.369 Y102.031 E307.99623
G1 X83.407 Y102.015 E307.99760
G1 X83.446 Y102.006 E307.99893
G1 X92.482 Y102.000 E308.29947
G1 X92.599 Y102.018 E308.30341
G1 X92.630 Y102.031 E308.30453
G1 X92.710 Y102.089 E308.30781
G1 X92.768 Y102.169 E308.31110
G1 X92.784 Y102.207 E308.31247
G1 X92.793 Y102.247 E308.31384
G1 X92.800 Y102.785 E308.33173
G1 X92.782 Y102.895 E308.33544
G1 X92.768 Y102.930 E308.33669
G1 X92.710 Y103.010 E308.33998
G1 X92.630 Y103.068 E308.34327
G1 X92.592 Y103.084 E308.34464
G1 F2400 E304.34464
G0 F9000 X95.100 Y102.671
;TYPE:WALL-INNER
G1 F2400 E308.34464
G1 F1680 X95.104 Y102.406 E308.35345
G1 X103.895 Y102.400 E308.64584
G1 X103.899 Y102.693 E308.65559
G1 X95.101 Y102.700 E308.94821
G1 X95.100 Y102.671 E308.94918
G0 F9000 X94.700 Y102.693
;TYPE:WALL-OUTER
G1 F1260 X94.706 Y102.247 E308.96401
G1 X94.715 Y102.207 E308.96537
G1 X94.731 Y102.169 E308.96675
G1 X94.789 Y102.089 E308.97003
G1 X94.869 Y102.031 E308.97332
G1 X94.907 Y102.015 E308.97469
G1 X94.946 Y102.006 E308.97602
G1 X103.982 Y102.000 E309.27656
G1 X104.099 Y102.018 E309.28050
G1 X104.130 Y102.031 E309.28162
G1 X104.210 Y102.089 E309.28490
G1 X104.268 Y102.169 E309.28819
G1 X104.284 Y102.207 E309.28956
G1 X104.293 Y102.247 E309.29092
G1 X104.300 Y102.788 E309.30892
G1 X104.268 Y102.930 E309.31376
G1 X104.210 Y103.010 E309.31705
G1 X104.130 Y103.068 E309.32033
G1 X104.092 Y103.084 E309.32170
G1 X104.053 Y103.093 E309.32304
G1 X95.013 Y103.100 E309.62371
G1 X94.903 Y103.082 E309.62741
G1 X94.789 Y103.010 E309.63190
G1 X94.731 Y102.930 E309.63519
G1 X94.715 Y102.892 E309.63656
G1 X94.705 Y102.850 E309.63799
G1 X94.700 Y102.693 E309.64322
G1 F2400 E305.64322
G0 F9000 X106.600 Y102.671
;TYPE:WALL-INNER
G1 F2400 E309.64322
G1 F1680 X106.604 Y102.406 E309.65203
G1 X115.395 Y102.400 E309.94442
G1 X115.399 Y102.693 E309.95417
G1 X106.601 Y102.700 E310.24679
G1 X106.600 Y102.671 E310.24776
G0 F9000 X106.200 Y102.693
;TYPE:WALL-OUTER
G1 F1260 X106.206 Y102.247 E310.26259
G1 X106.215 Y102.207 E310.26396
G1 X106.231 Y102.169 E310.26533
G1 X106.289 Y102.089 E310.26861
G1 X106.369 Y102.031 E310.27190
G1 X106.407 Y102.015 E310.27327
G1 X106.446 Y102.006 E310.27460
G1 X115.482 Y102.000 E310.57514
G1 X115.599 Y102.018 E310.57908
G1 X115.630 Y102.031 E310.58020
G1 X115.710 Y102.089 E310.58348
G1 X115.768 Y102.169 E310.58677
G1 X115.784 Y102.207 E310.58814
G1 X115.793 Y102.247 E310.58950
G1 X115.800 Y102.788 E310.60750
G1 X115.768 Y102.930 E310.61234
G1 X115.710 Y103.010 E310.61563
G1 X115.630 Y103.068 E310.61891
G1 X115.592 Y103.084 E310.62029
G1 X115.553 Y103.093 E310.62162
G1 X106.513 Y103.100 E310.92229
G1 X106.403 Y103.082 E310.92600
G1 X106.289 Y103.010 E310.93048
G1 X106.231 Y102.930 E310.93377
G1 X106.215 Y102.892 E310.93514
G1 X106.205 Y102.850 E310.93657
G1 X106.200 Y102.693 E310.94180
;LAYER:23
G1 F2400 E306.94180
G0 F9000 X92.399 Y102.693 Z4.900
;TYPE:WALL-INNER
G1 F2400 E310.94180
G1 F1680 X83.601 Y102.700 E311.23442
G1 X83.603 Y102.406 E311.24420
G1 X92.395 Y102.400 E311.53662
G1 X92.399 Y102.693 E311.54637
G0 F9000 X92.498 Y102.000
;TYPE:WALL-OUTER
G1 F1260 X92.542 Y102.003 E311.54784
G1 X92.630 Y102.031 E311.55091
G1 X92.710 Y102.089 E311.55419
G1 X92.768 Y102.169 E311.55748
G1 X92.784 Y102.207 E311.55885
G1 X92.793 Y102.247 E311.56022
G1 X92.800 Y102.785 E311.57811
G1 X92.782 Y102.895 E311.58182
G1 X92.768 Y102.930 E311.58307
G1 X92.710 Y103.010 E311.58636
G1 X92.630 Y103.068 E311.58965
G1 X92.592 Y103.084 E311.59102
G1 X92.553 Y103.093 E311.59235
G1 X83.513 Y103.100 E311.89302
G1 X83.403 Y103.082 E311.89673
G1 X83.289 Y103.010 E311.90121
G1 X83.231 Y102.930 E311.90450
G1 X83.203 Y102.842 E311.90757
G1 X83.200 Y102.801 E311.90894
G1 X83.204 Y102.263 E311.92683
G1 X83.216 Y102.205 E311.92880
G1 X83.231 Y102.169 E311.93010
G1 X83.289 Y102.089 E311.93338
G1 X83.369 Y102.031 E311.93667
G1 X83.407 Y102.015 E311.93804
G1 X83.446 Y102.006 E311.93937
G1 X92.498 Y102.000 E312.24044
G1 F2400 E308.24044
G0 F9000 X95.100 Y102.665
;TYPE:WALL-INNER
G1 F2400 E312.24044
G1 F1680 X95.104 Y102.406 E312.24906
G1 X103.895 Y102.400 E312.54145
G1 X103.899 Y102.693 E312.55120
G1 X95.101 Y102.700 E312.84382
G1 X95.100 Y102.665 E312.84498
G0 F9000 X94.700 Y102.686
;TYPE:WALL-OUTER
G1 F1260 X94.706 Y102.247 E312.85959
G1 X94.715 Y102.207 E312.86095
G1 X94.731 Y102.169 E312.86232
G1 X94.789 Y102.089 E312.86561
G1 X94.869 Y102.031 E312.86889
G1 X94.907 Y102.015 E312.87027
G1 X94.946 Y102.006 E312.87160
G1 X103.998 Y102.000 E313.17267
G1 X104.042 Y102.003 E313.17413
G1 X104.130 Y102.031 E313.17721
G1 X104.210 Y102.089 E313.18049
G1 X104.268 Y102.169 E313.18378
G1 X104.284 Y102.207 E313.18515
G1 X104.293 Y102.247 E313.18651
G1 X104.300 Y102.788 E313.20451
G1 X104.268 Y102.930 E313.20935
G1 X104.210 Y103.010 E313.21264
G1 X104.130 Y103.068 E313.21592
G1 X104.092 Y103.084 E313.21730
G1 X104.053 Y103.093 E313.21863
G1 X95.013 Y103.100 E313.51930
G1 X94.903 Y103.082 E313.52301
G1 X94.789 Y103.010 E313.52749
G1 X94.731 Y102.930 E313.53078
G1 X94.715 Y102.892 E313.53215
G1 X94.705 Y102.850 E313.53358
G1 X94.700 Y102.686 E313.53904
G1 F2400 E309.53904
G0 F9000 X106.600 Y102.665
;TYPE:WALL-INNER
G1 F2400 E313.53904
G1 F1680 X106.604 Y102.406 E313.54766
G1 X115.395 Y102.400 E313.84005
G1 X115.399 Y102.693 E313.84979
G1 X106.601 Y102.700 E314.14242
G1 X106.600 Y102.665 E314.14358
G0 F9000 X106.200 Y102.686
;TYPE:WALL-OUTER
G1 F1260 X106.206 Y102.247 E314.15818
G1 X106.215 Y102.207 E314.15955
G1 X106.231 Y102.169 E314.16092
G1 X106.289 Y102.089 E314.16420
G1 X106.369 Y102.031 E314.16749
G1 X106.407 Y102.015 E314.16886
G1 X106.446 Y102.006 E314.17019
G1 X115.498 Y102.000 E314.47126
G1 X115.542 Y102.003 E314.47273
G1 X115.630 Y102.031 E314.47580
G1 X115.710 Y102.089 E314.47909
G1 X115.768 Y102.169 E314.48238
G1 X115.784 Y102.207 E314.48375
G1 X115.793 Y102.247 E314.48511
G1 X115.800 Y102.788 E314.50311
G1 X115.768 Y102.930 E314.50795
G1 X115.710 Y103.010 E314.51123
G1 X115.630 Y103.068 E314.51452
G1 X115.592 Y103.084 E314.51589
G1 X115.553 Y103.093 E314.51722
G1 X106.513 Y103.100 E314.81789
G1 X106.403 Y103.082 E314.82160
G1 X106.289 Y103.010 E314.82609
G1 X106.231 Y102.930 E314.82937
G1 X106.215 Y102.892 E314.83074
G1 X106.205 Y102.850 E314.83218
G1 X106.200 Y102.686 E314.83764
;LAYER:24
G1 F2400 E310.83764
G0 F9000 X92.399 Y102.693 Z5.100
;TYPE:WALL-INNER
G1 F2400 E314.83764
G1 F1680 X83.601 Y102.700 E315.13026
G1 X83.603 Y102.406 E315.14004
G1 X92.395 Y102.400 E315.43246
G1 X92.399 Y102.693 E315.44221
G0 F9000 X92.498 Y102.000
;TYPE:WALL-OUTER
G1 F1260 X92.542 Y102.003 E315.44367
G1 X92.630 Y102.031 E315.44675
G1 X92.710 Y102.089 E315.45003
G1 X92.768 Y102.169 E315.45332
G1 X92.784 Y102.207 E315.45469
G1 X92.793 Y102.247 E315.45605
G1 X92.800 Y102.785 E315.47395
G1 X92.782 Y102.895 E315.47766
G1 X92.768 Y102.930 E315.47891
G1 X92.710 Y103.010 E315.48220
G1 X92.630 Y103.068 E315.48548
G1 X92.592 Y103.084 E315.48686
G1 X92.553 Y103.093 E315.48819
G1 X83.513 Y103.100 E315.78886
G1 X83.403 Y103.082 E315.79257
G1 X83.289 Y103.010 E315.79705
G1 X83.231 Y102.930 E315.80034
G1 X83.203 Y102.842 E315.80341
G1 X83.200 Y102.801 E315.80478
G1 X83.204 Y102.264 E315.82264
G1 X83.216 Y102.205 E315.82464
G1 X83.231 Y102.169 E315.82594
G1 X83.289 Y102.089 E315.82922
G1 X83.369 Y102.031 E315.83251
G1 X83.407 Y102.015 E315.83388
G1 X83.446 Y102.006 E315.83521
G1 X92.498 Y102.000 E316.13628
G1 F2400 E312.13628
G0 F9000 X95.100 Y102.657
;TYPE:WALL-INNER
G1 F2400 E316.13628
G1 F1680 X95.104 Y102.406 E316.14463
G1 X103.895 Y102.400 E316.43702
G1 X103.899 Y102.693 E316.44677
G1 X95.101 Y102.700 E316.73939
G1 X95.100 Y102.657 E316.74082
G0 F9000 X94.700 Y102.678
;TYPE:WALL-OUTER
G1 F1260 X94.706 Y102.247 E316.75516
G1 X94.715 Y102.207 E316.75652
G1 X94.731 Y102.169 E316.75789
G1 X94.789 Y102.089 E316.76118
G1 X94.869 Y102.031 E316.76447
G1 X94.907 Y102.015 E316.76584
G1 X94.946 Y102.006 E316.76717
G1 X103.998 Y102.000 E317.06824
G1 X104.042 Y102.003 E317.06971
G1 X104.130 Y102.031 E317.07278
G1 X104.210 Y102.089 E317.07606
G1 X104.268 Y102.169 E317.07935
G1 X104.284 Y102.207 E317.08072
G1 X104.293 Y102.247 E317.08209
G1 X104.300 Y102.788 E317.10008
G1 X104.268 Y102.930 E317.10492
G1 X104.210 Y103.010 E317.10821
G1 X104.130 Y103.068 E317.11150
G1 X104.092 Y103.084 E317.11287
G1 X104.053 Y103.093 E317.11420
G1 X95.013 Y103.100 E317.41487
G1 X94.903 Y103.082 E317.41858
G1 X94.789 Y103.010 E317.42306
G1 X94.731 Y102.930 E317.42635
G1 X94.715 Y102.892 E317.42772
G1 X94.705 Y102.850 E317.42916
G1 X94.700 Y102.678 E317.43488
G1 F2400 E313.43488
G0 F9000 X106.600 Y102.657
;TYPE:WALL-INNER
G1 F2400 E317.43488
G1 F1680 X106.604 Y102.406 E317.44323
G1 X115.395 Y102.400 E317.73562
G1 X115.399 Y102.693 E317.74536
G1 X106.601 Y102.700 E318.03799
G1 X106.600 Y102.657 E318.03942
G0 F9000 X106.200 Y102.678
;TYPE:WALL-OUTER
G1 F1260 X106.206 Y102.247 E318.05375
G1 X106.215 Y102.207 E318.05512
G1 X106.231 Y102.169 E318.05649
G1 X106.289 Y102.089 E318.05978
G1 X106.369 Y102.031 E318.06306
G1 X106.407 Y102.015 E318.06443
G1 X106.446 Y102.006 E318.06576
G1 X115.498 Y102.000 E318.36684
G1 X115.542 Y102.003 E318.36830
G1 X115.630 Y102.031 E318.37137
G1 X115.710 Y102.089 E318.37466
G1 X115.768 Y102.169 E318.37795
G1 X115.784 Y102.207 E318.37932
G1 X115.793 Y102.247 E318.38068
G1 X115.800 Y102.788 E318.39868
G1 X115.768 Y102.930 E318.40352
G1 X115.710 Y103.010 E318.40680
G1 X115.630 Y103.068 E318.41009
G1 X115.592 Y103.084 E318.41146
G1 X115.553 Y103.093 E318.41279
G1 X106.513 Y103.100 E318.71347
G1 X106.403 Y103.082 E318.71717
G1 X106.289 Y103.010 E318.72166
G1 X106.231 Y102.930 E318.72494
G1 X106.215 Y102.892 E318.72632
G1 X106.205 Y102.850 E318.72775
G1 X106.200 Y102.678 E318.73347
;LAYER:25
G1 F2400 E314.73347
G0 F9000 X92.399 Y102.693 Z5.300
;TYPE:WALL-INNER
G1 F2400 E318.73347
G1 F1680 X83.601 Y102.700 E319.02610
G1 X83.603 Y102.406 E319.03588
G1 X92.395 Y102.400 E319.32830
G1 X92.399 Y102.693 E319.33805
G0 F9000 X92.498 Y102.000
;TYPE:WALL-OUTER
G1 F1260 X92.542 Y102.003 E319.33951
G1 X92.630 Y102.031 E319.34258
G1 X92.710 Y102.089 E319.34587
G1 X92.768 Y102.169 E319.34916
G1 X92.784 Y102.207 E319.35053
G1 X92.793 Y102.247 E319.35189
G1 X92.800 Y102.785 E319.36979
G1 X92.782 Y102.895 E319.37349
G1 X92.768 Y102.930 E319.37475
G1 X92.710 Y103.010 E319.37803
G1 X92.630 Y103.068 E319.38132
G1 X92.592 Y103.084 E319.38269
G1 X92.553 Y103.093 E319.38402
G1 X83.513 Y103.100 E319.68470
G1 X83.403 Y103.082 E319.68840
G1 X83.289 Y103.010 E319.69289
G1 X83.231 Y102.930 E319.69617
G1 X83.203 Y102.842 E319.69925
G1 X83.200 Y102.801 E319.70061
G1 X83.204 Y102.263 E319.71851
G1 X83.231 Y102.169 E319.72176
G1 X83.289 Y102.089 E319.72505
G1 X83.369 Y102.031 E319.72833
G1 X83.407 Y102.015 E319.72970
G1 X83.446 Y102.006 E319.73104
G1 X92.498 Y102.000 E320.03211
G1 F2400 E316.03211
G0 F9000 X95.100 Y102.651
;TYPE:WALL-INNER
G1 F2400 E320.03211
G1 F1680 X95.104 Y102.406 E320.04026
G1 X103.895 Y102.400 E320.33265
G1 X103.899 Y102.693 E320.34239
G1 X95.101 Y102.700 E320.63502
G1 X95.100 Y102.651 E320.63665
G0 F9000 X94.700 Y102.671
;TYPE:WALL-OUTER
G1 F1260 X94.706 Y102.247 E320.65075
G1 X94.715 Y102.207 E320.65211
G1 X94.731 Y102.169 E320.65348
G1 X94.789 Y102.089 E320.65677
G1 X94.869 Y102.031 E320.66006
G1 X94.907 Y102.015 E320.66143
G1 X94.946 Y102.006 E320.66276
G1 X103.998 Y102.000 E320.96383
G1 X104.042 Y102.003 E320.96530
G1 X104.130 Y102.031 E320.96837
G1 X104.210 Y102.089 E320.97166
G1 X104.268 Y102.169 E320.97494
G1 X104.284 Y102.207 E320.97631
G1 X104.293 Y102.247 E320.97768
G1 X104.300 Y102.788 E320.99567
G1 X104.268 Y102.930 E321.00051
G1 X104.210 Y103.010 E321.00380
G1 X104.130 Y103.068 E321.00709
G1 X104.092 Y103.084 E321.00846
G1 X104.053 Y103.093 E321.00979
G1 X95.013 Y103.100 E321.31046
G1 X94.903 Y103.082 E321.31417
G1 X94.789 Y103.010 E321.31865
G1 X94.731 Y102.930 E321.32194
G1 X94.715 Y102.892 E321.32331
G1 X94.705 Y102.851 E321.32471
G1 X94.700 Y102.671 E321.33070
G1 F2400 E317.33070
G0 F9000 X106.600 Y102.651
;TYPE:WALL-INNER
G1 F2400 E321.33070
G1 F1680 X106.604 Y102.406 E321.33885
G1 X115.395 Y102.400 E321.63124
G1 X115.399 Y102.693 E321.64099
G1 X106.601 Y102.700 E321.93361
G1 X106.600 Y102.651 E321.93524
G0 F9000 X106.200 Y102.671
;TYPE:WALL-OUTER
G1 F1260 X106.206 Y102.247 E321.94935
G1 X106.215 Y102.207 E321.95071
G1 X106.231 Y102.169 E321.95208
G1 X106.289 Y102.089 E321.95537
G1 X106.369 Y102.031 E321.95865
G1 X106.407 Y102.015 E321.96003
G1 X106.446 Y102.006 E321.96136
G1 X115.498 Y102.000 E322.26243
G1 X115.542 Y102.003 E322.26389
G1 X115.630 Y102.031 E322.26697
G1 X115.710 Y102.089 E322.27025
G1 X115.768 Y102.169 E322.27354
G1 X115.784 Y102.207 E322.27491
G1 X115.793 Y102.247 E322.27627
G1 X115.800 Y102.788 E322.29427
G1 X115.768 Y102.930 E322.29911
G1 X115.710 Y103.010 E322.30240
G1 X115.630 Y103.068 E322.30568
G1 X115.592 Y103.084 E322.30705
G1 X115.553 Y103.093 E322.30839
G1 X106.513 Y103.100 E322.60906
G1 X106.403 Y103.082 E322.61276
G1 X106.289 Y103.010 E322.61725
G1 X106.231 Y102.930 E322.62054
G1 X106.215 Y102.892 E322.62191
G1 X106.205 Y102.851 E322.62331
G1 X106.200 Y102.671 E322.62930
;LAYER:26
G1 F2400 E318.62930
G0 F9000 X92.399 Y102.693 Z5.500
;TYPE:WALL-INNER
G1 F2400 E322.62930
G1 F1680 X83.601 Y102.700 E322.92192
G1 X83.603 Y102.406 E322.93170
G1 X92.395 Y102.400 E323.22412
G1 X92.399 Y102.693 E323.23387
G0 F9000 X92.498 Y102.000
;TYPE:WALL-OUTER
G1 F1260 X92.542 Y102.003 E323.23534
G1 X92.636 Y102.034 E323.23863
G1 X92.711 Y102.088 E323.24170
G1 X92.784 Y102.207 E323.24635
G1 X92.793 Y102.244 E323.24761
G1 X92.800 Y102.785 E323.26561
G1 X92.782 Y102.895 E323.26932
G1 X92.741 Y102.976 E323.27234
G1 X92.711 Y103.011 E323.27387
G1 X92.592 Y103.084 E323.27851
G1 X92.553 Y103.093 E323.27984
G1 X83.513 Y103.100 E323.58051
G1 X83.403 Y103.082 E323.58422
G1 X83.323 Y103.041 E323.58721
G1 X83.288 Y103.011 E323.58875
G1 X83.215 Y102.892 E323.59339
G1 X83.203 Y102.842 E323.59510
G1 X83.200 Y102.801 E323.59647
G1 X83.204 Y102.265 E323.61429
G1 X83.216 Y102.206 E323.61630
G1 X83.258 Y102.123 E323.61939
G1 X83.288 Y102.088 E323.62092
G1 X83.407 Y102.015 E323.62557
G1 X83.446 Y102.006 E323.62690
G1 X92.498 Y102.000 E323.92797
G1 F2400 E319.92797
G0 F9000 X95.100 Y102.644
;TYPE:WALL-INNER
G1 F2400 E323.92797
G1 F1680 X95.104 Y102.406 E323.93589
G1 X103.895 Y102.400 E324.22828
G1 X103.899 Y102.693 E324.23802
G1 X95.102 Y102.700 E324.53061
G1 X95.100 Y102.644 E324.53248
G0 F9000 X94.700 Y102.664
;TYPE:WALL-OUTER
G1 F1260 X94.706 Y102.247 E324.54635
G1 X94.734 Y102.163 E324.54929
G1 X94.788 Y102.088 E324.55237
G1 X94.907 Y102.015 E324.55701
G1 X94.946 Y102.006 E324.55834
G1 X103.998 Y102.000 E324.85941
G1 X104.042 Y102.003 E324.86088
G1 X104.136 Y102.034 E324.86417
G1 X104.211 Y102.088 E324.86724
G1 X104.284 Y102.207 E324.87189
G1 X104.293 Y102.247 E324.87325
G1 X104.300 Y102.788 E324.89125
G1 X104.282 Y102.895 E324.89485
G1 X104.241 Y102.976 E324.89787
G1 X104.211 Y103.011 E324.89941
G1 X104.092 Y103.084 E324.90405
G1 X104.053 Y103.093 E324.90538
G1 X95.013 Y103.100 E325.20605
G1 X94.903 Y103.082 E325.20976
G1 X94.823 Y103.041 E325.21275
G1 X94.788 Y103.011 E325.21428
G1 X94.715 Y102.892 E325.21893
G1 X94.705 Y102.851 E325.22033
G1 X94.700 Y102.664 E325.22655
G1 F2400 E321.22655
G0 F9000 X106.600 Y102.644
;TYPE:WALL-INNER
G1 F2400 E325.22655
G1 F1680 X106.604 Y102.406 E325.23447
G1 X115.395 Y102.400 E325.52686
G1 X115.399 Y102.693 E325.53661
G1 X106.602 Y102.700 E325.82920
G1 X106.600 Y102.644 E325.83106
G0 F9000 X106.200 Y102.664
;TYPE:WALL-OUTER
G1 F1260 X106.206 Y102.247 E325.84493
G1 X106.234 Y102.163 E325.84787
G1 X106.288 Y102.088 E325.85095
G1 X106.407 Y102.015 E325.85559
G1 X106.446 Y102.006 E325.85692
G1 X115.498 Y102.000 E326.15799
G1 X115.542 Y102.003 E326.15946
G1 X115.636 Y102.034 E326.16275
G1 X115.711 Y102.088 E326.16583
G1 X115.784 Y102.207 E326.17047
G1 X115.793 Y102.247 E326.17183
G1 X115.800 Y102.788 E326.18983
G1 X115.782 Y102.895 E326.19344
G1 X115.741 Y102.976 E326.19646
G1 X115.711 Y103.011 E326.19799
G1 X115.592 Y103.084 E326.20263
G1 X115.553 Y103.093 E326.20397
G1 X106.513 Y103.100 E326.50464
G1 X106.403 Y103.082 E326.50834
G1 X106.323 Y103.041 E326.51133
G1 X106.288 Y103.011 E326.51287
G1 X106.215 Y102.892 E326.51751
G1 X106.205 Y102.851 E326.51891
G1 X106.200 Y102.664 E326.52514
;LAYER:27
G1 F2400 E322.52514
G0 F9000 X92.399 Y102.693 Z5.700
;TYPE:WALL-INNER
G1 F2400 E326.52514
G1 F1680 X83.601 Y102.700 E326.81776
G1 X83.603 Y102.406 E326.82754
G1 X92.395 Y102.400 E327.11996
G1 X92.399 Y102.693 E327.12971
G0 F9000 X92.498 Y102.000
;TYPE:WALL-OUTER
G1 F1260 X92.542 Y102.003 E327.13117
G1 X92.586 Y102.014 E327.13268
G1 X92.675 Y102.059 E327.13600
G1 X92.744 Y102.128 E327.13924
G1 X92.784 Y102.207 E327.14219
G1 X92.793 Y102.245 E327.14349
G1 X92.800 Y102.785 E327.16145
G1 X92.783 Y102.890 E327.16499
G1 X92.740 Y102.975 E327.16816
G1 X92.671 Y103.044 E327.17140
G1 X92.592 Y103.084 E327.17435
G1 X92.553 Y103.093 E327.17568
G1 X83.513 Y103.100 E327.47635
G1 X83.409 Y103.083 E327.47986
G1 X83.324 Y103.040 E327.48302
G1 X83.255 Y102.971 E327.48627
G1 X83.215 Y102.892 E327.48921
G1 X83.203 Y102.842 E327.49092
G1 X83.200 Y102.801 E327.49229
G1 X83.204 Y102.255 E327.51045
G1 X83.214 Y102.213 E327.51189
G1 X83.259 Y102.124 E327.51521
G1 X83.328 Y102.055 E327.51845
G1 X83.407 Y102.015 E327.52140
G1 X83.446 Y102.006 E327.52273
G1 X92.498 Y102.000 E327.82380
G1 F2400 E323.82380
G0 F9000 X95.100 Y102.638
;TYPE:WALL-INNER
G1 F2400 E327.82380
G1 F1680 X95.104 Y102.406 E327.83152
G1 X103.895 Y102.400 E328.12391
G1 X103.899 Y102.693 E328.13365
G1 X95.102 Y102.700 E328.42624
G1 X95.100 Y102.638 E328.42830
G0 F9000 X94.700 Y102.657
;TYPE:WALL-OUTER
G1 F1260 X94.714 Y102.213 E328.44308
G1 X94.759 Y102.124 E328.44640
G1 X94.828 Y102.055 E328.44964
G1 X94.907 Y102.015 E328.45259
G1 X94.946 Y102.006 E328.45392
G1 X103.998 Y102.000 E328.75499
G1 X104.042 Y102.003 E328.75646
G1 X104.086 Y102.014 E328.75796
G1 X104.175 Y102.059 E328.76128
G1 X104.244 Y102.128 E328.76453
G1 X104.284 Y102.207 E328.76747
G1 X104.293 Y102.247 E328.76884
G1 X104.300 Y102.788 E328.78683
G1 X104.283 Y102.890 E328.79027
G1 X104.240 Y102.975 E328.79344
G1 X104.171 Y103.044 E328.79668
G1 X104.092 Y103.084 E328.79963
G1 X104.053 Y103.093 E328.80096
G1 X95.013 Y103.100 E329.10163
G1 X94.909 Y103.083 E329.10514
G1 X94.824 Y103.040 E329.10831
G1 X94.755 Y102.971 E329.11155
G1 X94.715 Y102.892 E329.11450
G1 X94.705 Y102.851 E329.11590
G1 X94.700 Y102.657 E329.12235
G1 F2400 E325.12235
G0 F9000 X106.600 Y102.638
;TYPE:WALL-INNER
G1 F2400 E329.12235
G1 F1680 X106.604 Y102.406 E329.13007
G1 X115.395 Y102.400 E329.42246
G1 X115.399 Y102.693 E329.43221
G1 X106.602 Y102.700 E329.72480
G1 X106.600 Y102.638 E329.72686
G0 F9000 X106.200 Y102.657
;TYPE:WALL-OUTER
G1 F1260 X106.214 Y102.213 E329.74164
G1 X106.259 Y102.124 E329.74495
G1 X106.328 Y102.055 E329.74820
G1 X106.407 Y102.015 E329.75114
G1 X106.446 Y102.006 E329.75247
G1 X115.498 Y102.000 E330.05355
G1 X115.542 Y102.003 E330.05501
G1 X115.586 Y102.014 E330.05652
G1 X115.675 Y102.059 E330.05984
G1 X115.744 Y102.128 E330.06308
G1 X115.784 Y102.207 E330.06603
G1 X115.793 Y102.247 E330.06739
G1 X115.800 Y102.788 E330.08539
G1 X115.783 Y102.890 E330.08883
G1 X115.740 Y102.975 E330.09200
G1 X115.671 Y103.044 E330.09524
G1 X115.592 Y103.084 E330.09819
G1 X115.553 Y103.093 E330.09952
G1 X106.513 Y103.100 E330.40019
G1 X106.409 Y103.083 E330.40369
G1 X106.324 Y103.040 E330.40686
G1 X106.255 Y102.971 E330.41011
G1 X106.215 Y102.892 E330.41305
G1 X106.205 Y102.851 E330.41446
G1 X106.200 Y102.657 E330.42091
;LAYER:28
G1 F2400 E326.42091
G0 F9000 X92.399 Y102.693 Z5.900
;TYPE:WALL-INNER
G1 F2400 E330.42091
G1 F1680 X83.601 Y102.700 E330.71353
G1 X83.603 Y102.406 E330.72331
G1 X92.395 Y102.400 E331.01574
G1 X92.399 Y102.693 E331.02548
G0 F9000 X92.498 Y102.000
;TYPE:WALL-OUTER
G1 F1260 X92.538 Y102.003 E331.02682
G1 X92.634 Y102.034 E331.03017
G1 X92.710 Y102.089 E331.03329
G1 X92.768 Y102.169 E331.03658
G1 X92.784 Y102.207 E331.03795
G1 X92.793 Y102.246 E331.03928
G1 X92.800 Y102.785 E331.05721
G1 X92.783 Y102.890 E331.06075
G1 X92.740 Y102.975 E331.06392
G1 X92.675 Y103.040 E331.06697
G1 X92.553 Y103.093 E331.07140
G1 X83.513 Y103.100 E331.37207
G1 X83.409 Y103.083 E331.37557
G1 X83.324 Y103.040 E331.37874
G1 X83.259 Y102.975 E331.38180
G1 X83.214 Y102.886 E331.38512
G1 X83.203 Y102.842 E331.38662
G1 X83.200 Y102.801 E331.38799
G1 X83.204 Y102.259 E331.40602
G1 X83.234 Y102.165 E331.40930
G1 X83.289 Y102.089 E331.41242
G1 X83.369 Y102.031 E331.41571
G1 X83.407 Y102.015 E331.41708
G1 X83.446 Y102.006 E331.41841
G1 X92.498 Y102.000 E331.71948
G1 F2400 E327.71948
G0 F9000 X95.100 Y102.631
;TYPE:WALL-INNER
G1 F2400 E331.71948
G1 F1680 X95.104 Y102.406 E331.72697
G1 X103.895 Y102.400 E332.01936
G1 X103.899 Y102.693 E332.02910
G1 X95.102 Y102.700 E332.32169
G1 X95.100 Y102.631 E332.32399
G0 F9000 X94.700 Y102.650
;TYPE:WALL-OUTER
G1 F1260 X94.706 Y102.253 E332.33719
G1 X94.734 Y102.165 E332.34026
G1 X94.789 Y102.089 E332.34339
G1 X94.869 Y102.031 E332.34667
G1 X94.907 Y102.015 E332.34804
G1 X94.946 Y102.006 E332.34937
G1 X103.998 Y102.000 E332.65045
G1 X104.038 Y102.003 E332.65178
G1 X104.134 Y102.034 E332.65513
G1 X104.210 Y102.089 E332.65825
G1 X104.268 Y102.169 E332.66154
G1 X104.284 Y102.207 E332.66291
G1 X104.293 Y102.247 E332.66428
G1 X104.300 Y102.788 E332.68227
G1 X104.283 Y102.890 E332.68571
G1 X104.240 Y102.975 E332.68888
G1 X104.175 Y103.040 E332.69194
G1 X104.053 Y103.093 E332.69636
G1 X95.013 Y103.100 E332.99703
G1 X94.909 Y103.083 E333.00054
G1 X94.824 Y103.040 E333.00371
G1 X94.759 Y102.975 E333.00676
G1 X94.714 Y102.886 E333.01008
G1 X94.705 Y102.851 E333.01128
G1 X94.700 Y102.650 E333.01797
G1 F2400 E329.01797
G0 F9000 X106.600 Y102.631
;TYPE:WALL-INNER
G1 F2400 E333.01797
G1 F1680 X106.604 Y102.406 E333.02545
G1 X115.395 Y102.400 E333.31784
G1 X115.399 Y102.693 E333.32759
G1 X106.602 Y102.700 E333.62018
G1 X106.600 Y102.631 E333.62248
G0 F9000 X106.200 Y102.650
;TYPE:WALL-OUTER
G1 F1260 X106.206 Y102.253 E333.63568
G1 X106.234 Y102.165 E333.63875
G1 X106.289 Y102.089 E333.64187
G1 X106.369 Y102.031 E333.64516
G1 X106.407 Y102.015 E333.64653
G1 X106.446 Y102.006 E333.64786
G1 X115.498 Y102.000 E333.94893
G1 X115.538 Y102.003 E333.95027
G1 X115.634 Y102.034 E333.95362
G1 X115.710 Y102.089 E333.95674
G1 X115.768 Y102.169 E333.96003
G1 X115.784 Y102.207 E333.96140
G1 X115.793 Y102.247 E333.96276
G1 X115.800 Y102.788 E333.98076
G1 X115.783 Y102.890 E333.98420
G1 X115.740 Y102.975 E333.98737
G1 X115.675 Y103.040 E333.99042
G1 X115.553 Y103.093 E333.99485
G1 X106.513 Y103.100 E334.29552
G1 X106.409 Y103.083 E334.29903
G1 X106.324 Y103.040 E334.30219
G1 X106.259 Y102.975 E334.30525
G1 X106.214 Y102.886 E334.30857
G1 X106.205 Y102.851 E334.30977
G1 X106.200 Y102.650 E334.31646
;LAYER:29
G1 F2400 E330.31646
G0 F9000 X92.399 Y102.693 Z6.100
;TYPE:WALL-INNER
G1 F2400 E334.31646
G1 F1680 X83.601 Y102.700 E334.60908
G1 X83.603 Y102.406 E334.61886
G1 X92.395 Y102.400 E334.91128
G1 X92.399 Y102.693 E334.92103
G0 F9000 X92.498 Y102.000
;TYPE:WALL-OUTER
G1 F1260 X92.542 Y102.003 E334.92249
G1 X92.630 Y102.031 E334.92557
G1 X92.710 Y102.089 E334.92885
G1 X92.768 Y102.169 E334.93214
G1 X92.784 Y102.207 E334.93351
G1 X92.793 Y102.247 E334.93487
G1 X92.800 Y102.785 E334.95277
G1 X92.782 Y102.895 E334.95648
G1 X92.768 Y102.930 E334.95773
G1 X92.710 Y103.010 E334.96102
G1 X92.630 Y103.068 E334.96430
G1 X92.592 Y103.084 E334.96568
G1 X92.553 Y103.093 E334.96701
G1 X83.513 Y103.100 E335.26768
G1 X83.403 Y103.082 E335.27139
G1 X83.289 Y103.010 E335.27587
G1 X83.231 Y102.930 E335.27916
G1 X83.203 Y102.842 E335.28223
G1 X83.200 Y102.801 E335.28360
G1 X83.204 Y102.255 E335.30176
G1 X83.215 Y102.207 E335.30339
G1 X83.231 Y102.169 E335.30477
G1 X83.289 Y102.089 E335.30805
G1 X83.369 Y102.031 E335.31134
G1 X83.407 Y102.015 E335.31271
G1 X83.446 Y102.006 E335.31404
G1 X92.498 Y102.000 E335.61511
G1 F2400 E331.61511
G0 F9000 X95.100 Y102.625
;TYPE:WALL-INNER
G1 F2400 E335.61511
G1 F1680 X95.103 Y102.406 E335.62240
G1 X103.895 Y102.400 E335.91482
G1 X103.899 Y102.693 E335.92457
G1 X95.102 Y102.700 E336.21716
G1 X95.100 Y102.625 E336.21965
G0 F9000 X94.700 Y102.643
;TYPE:WALL-OUTER
G1 F1260 X94.706 Y102.247 E336.23282
G1 X94.715 Y102.207 E336.23419
G1 X94.731 Y102.169 E336.23556
G1 X94.789 Y102.089 E336.23884
G1 X94.869 Y102.031 E336.24213
G1 X94.907 Y102.015 E336.24350
G1 X94.946 Y102.006 E336.24483
G1 X103.998 Y102.000 E336.54590
G1 X104.042 Y102.003 E336.54737
G1 X104.130 Y102.031 E336.55044
G1 X104.210 Y102.089 E336.55373
G1 X104.268 Y102.169 E336.55702
G1 X104.284 Y102.207 E336.55839
G1 X104.293 Y102.247 E336.55975
G1 X104.300 Y102.788 E336.57775
G1 X104.268 Y102.930 E336.58259
G1 X104.210 Y103.010 E336.58587
G1 X104.130 Y103.068 E336.58916
G1 X104.092 Y103.084 E336.59053
G1 X104.053 Y103.093 E336.59186
G1 X95.013 Y103.100 E336.89254
G1 X94.903 Y103.082 E336.89624
G1 X94.789 Y103.010 E336.90073
G1 X94.731 Y102.930 E336.90401
G1 X94.715 Y102.892 E336.90538
G1 X94.705 Y102.851 E336.90679
G1 X94.700 Y102.643 E336.91371
G1 F2400 E332.91371
G0 F9000 X106.600 Y102.625
;TYPE:WALL-INNER
G1 F2400 E336.91371
G1 F1680 X106.603 Y102.406 E336.92099
G1 X115.395 Y102.400 E337.21342
G1 X115.399 Y102.693 E337.22316
G1 X106.602 Y102.700 E337.51575
G1 X106.600 Y102.625 E337.51825
G0 F9000 X106.200 Y102.643
;TYPE:WALL-OUTER
G1 F1260 X106.206 Y102.247 E337.53142
G1 X106.215 Y102.207 E337.53278
G1 X106.231 Y102.169 E337.53415
G1 X106.289 Y102.089 E337.53744
G1 X106.369 Y102.031 E337.54073
G1 X106.407 Y102.015 E337.54210
G1 X106.446 Y102.006 E337.54343
G1 X115.498 Y102.000 E337.84450
G1 X115.542 Y102.003 E337.84597
G1 X115.630 Y102.031 E337.84904
G1 X115.710 Y102.089 E337.85233
G1 X115.768 Y102.169 E337.85561
G1 X115.784 Y102.207 E337.85698
G1 X115.793 Y102.247 E337.85835
G1 X115.800 Y102.788 E337.87634
G1 X115.768 Y102.930 E337.88118
G1 X115.710 Y103.010 E337.88447
G1 X115.630 Y103.068 E337.88776
G1 X115.592 Y103.084 E337.88913
G1 X115.553 Y103.093 E337.89046
G1 X106.513 Y103.100 E338.19113
G1 X106.403 Y103.082 E338.19484
G1 X106.289 Y103.010 E338.19932
G1 X106.231 Y102.930 E338.20261
G1 X106.215 Y102.892 E338.20398
G1 X106.205 Y102.851 E338.20539
G1 X106.200 Y102.643 E338.21231
;LAYER:30
G1 F2400 E334.21231
G0 F9000 X92.399 Y102.693 Z6.300
;TYPE:WALL-INNER
G1 F2400 E338.21231
G1 F1680 X83.601 Y102.700 E338.50493
G1 X83.602 Y102.406 E338.51471
G1 X92.395 Y102.400 E338.80716
G1 X92.399 Y102.693 E338.81691
G0 F9000 X92.800 Y102.794
;TYPE:WALL-OUTER
G1 F1260 X92.796 Y102.838 E338.81838
G1 X92.763 Y102.941 E338.82198
G1 X92.716 Y103.006 E338.82464
G1 X92.630 Y103.068 E338.82817
G1 X92.592 Y103.084 E338.82954
G1 X92.553 Y103.093 E338.83087
G1 X83.507 Y103.100 E339.13174
G1 X83.461 Y103.096 E339.13328
G1 X83.358 Y103.063 E339.13688
G1 X83.293 Y103.016 E339.13954
G1 X83.231 Y102.930 E339.14307
G1 X83.203 Y102.842 E339.14614
G1 X83.200 Y102.801 E339.14751
G1 X83.203 Y102.267 E339.16527
G1 X83.234 Y102.163 E339.16888
G1 X83.283 Y102.093 E339.17172
G1 X83.369 Y102.031 E339.17525
G1 X83.407 Y102.015 E339.17662
G1 X83.446 Y102.006 E339.17795
G1 X92.498 Y102.000 E339.47902
G1 X92.538 Y102.003 E339.48036
G1 X92.641 Y102.036 E339.48395
G1 X92.706 Y102.083 E339.48662
G1 X92.768 Y102.169 E339.49015
G1 X92.784 Y102.207 E339.49152
G1 X92.793 Y102.247 E339.49288
G1 X92.800 Y102.794 E339.51108
G1 F2400 E335.51108
G0 F9000 X95.100 Y102.618
;TYPE:WALL-INNER
G1 F2400 E339.51108
G1 F1680 X95.103 Y102.406 E339.51813
G1 X103.895 Y102.400 E339.81055
G1 X103.899 Y102.693 E339.82030
G1 X95.102 Y102.700 E340.11289
G1 X95.100 Y102.618 E340.11562
G0 F9000 X94.700 Y102.636
;TYPE:WALL-OUTER
G1 F1260 X94.706 Y102.253 E340.12836
G1 X94.736 Y102.158 E340.13167
G1 X94.783 Y102.093 E340.13434
G1 X94.869 Y102.031 E340.13786
G1 X94.907 Y102.015 E340.13924
G1 X94.946 Y102.006 E340.14057
G1 X103.998 Y102.000 E340.44164
G1 X104.038 Y102.003 E340.44297
G1 X104.141 Y102.036 E340.44657
G1 X104.206 Y102.083 E340.44924
G1 X104.268 Y102.169 E340.45276
G1 X104.284 Y102.207 E340.45413
G1 X104.293 Y102.247 E340.45550
G1 X104.300 Y102.794 E340.47369
G1 X104.296 Y102.838 E340.47516
G1 X104.263 Y102.941 E340.47876
G1 X104.216 Y103.006 E340.48143
G1 X104.130 Y103.068 E340.48495
G1 X104.092 Y103.084 E340.48632
G1 X104.053 Y103.093 E340.48766
G1 X95.007 Y103.100 E340.78853
G1 X94.961 Y103.096 E340.79006
G1 X94.858 Y103.063 E340.79366
G1 X94.793 Y103.016 E340.79633
G1 X94.731 Y102.930 E340.79985
G1 X94.715 Y102.892 E340.80123
G1 X94.705 Y102.851 E340.80263
G1 X94.700 Y102.636 E340.80978
G1 F2400 E336.80978
G0 F9000 X106.600 Y102.618
;TYPE:WALL-INNER
G1 F2400 E340.80978
G1 F1680 X106.603 Y102.406 E340.81683
G1 X115.395 Y102.400 E341.10926
G1 X115.399 Y102.693 E341.11900
G1 X106.602 Y102.700 E341.41159
G1 X106.600 Y102.618 E341.41432
G0 F9000 X106.200 Y102.636
;TYPE:WALL-OUTER
G1 F1260 X106.206 Y102.253 E341.42706
G1 X106.236 Y102.158 E341.43037
G1 X106.283 Y102.093 E341.43304
G1 X106.369 Y102.031 E341.43657
G1 X106.407 Y102.015 E341.43794
G1 X106.446 Y102.006 E341.43927
G1 X115.498 Y102.000 E341.74034
G1 X115.538 Y102.003 E341.74168
G1 X115.641 Y102.036 E341.74527
G1 X115.706 Y102.083 E341.74794
G1 X115.768 Y102.169 E341.75147
G1 X115.784 Y102.207 E341.75284
G1 X115.793 Y102.247 E341.75420
G1 X115.800 Y102.794 E341.77240
G1 X115.796 Y102.838 E341.77387
G1 X115.763 Y102.941 E341.77746
G1 X115.716 Y103.006 E341.78013
G1 X115.630 Y103.068 E341.78366
G1 X115.592 Y103.084 E341.78503
G1 X115.553 Y103.093 E341.78636
G1 X106.507 Y103.100 E342.08723
G1 X106.461 Y103.096 E342.08877
G1 X106.358 Y103.063 E342.09237
G1 X106.293 Y103.016 E342.09503
G1 X106.231 Y102.930 E342.09856
G1 X106.215 Y102.892 E342.09993
G1 X106.205 Y102.851 E342.10133
G1 X106.200 Y102.636 E342.10849
;LAYER:31
G1 F2400 E338.10849
G0 F9000 X92.399 Y102.693 Z6.500
;TYPE:WALL-INNER
G1 F2400 E342.10849
G1 F1680 X83.601 Y102.700 E342.40111
G1 X83.602 Y102.406 E342.41089
G1 X92.395 Y102.400 E342.70335
G1 X92.399 Y102.693 E342.71309
G0 F9000 X92.800 Y102.794
;TYPE:WALL-OUTER
G1 F1260 X92.796 Y102.838 E342.71456
G1 X92.763 Y102.941 E342.71816
G1 X92.716 Y103.006 E342.72083
G1 X92.630 Y103.068 E342.72435
G1 X92.592 Y103.084 E342.72572
G1 X92.553 Y103.093 E342.72705
G1 X83.507 Y103.100 E343.02793
G1 X83.461 Y103.096 E343.02946
G1 X83.358 Y103.063 E343.03306
G1 X83.293 Y103.016 E343.03573
G1 X83.231 Y102.930 E343.03925
G1 X83.203 Y102.842 E343.04232
G1 X83.200 Y102.801 E343.04369
G1 X83.203 Y102.267 E343.06145
G1 X83.234 Y102.163 E343.06506
G1 X83.283 Y102.093 E343.06790
G1 X83.369 Y102.031 E343.07143
G1 X83.407 Y102.015 E343.07280
G1 X83.446 Y102.006 E343.07413
G1 X92.498 Y102.000 E343.37520
G1 X92.538 Y102.003 E343.37654
G1 X92.641 Y102.036 E343.38014
G1 X92.706 Y102.083 E343.38280
G1 X92.768 Y102.169 E343.38633
G1 X92.784 Y102.207 E343.38770
G1 X92.793 Y102.247 E343.38906
G1 X92.800 Y102.794 E343.40726
G1 F2400 E339.40726
G0 F9000 X95.100 Y102.611
;TYPE:WALL-INNER
G1 F2400 E343.40726
G1 F1680 X95.103 Y102.406 E343.41408
G1 X103.895 Y102.400 E343.70650
G1 X103.899 Y102.693 E343.71625
G1 X95.102 Y102.700 E344.00884
G1 X95.100 Y102.611 E344.01180
G0 F9000 X94.700 Y102.628
;TYPE:WALL-OUTER
G1 F1260 X94.706 Y102.254 E344.02424
G1 X94.736 Y102.158 E344.02758
G1 X94.783 Y102.093 E344.03025
G1 X94.869 Y102.031 E344.03378
G1 X94.907 Y102.015 E344.03515
G1 X94.946 Y102.006 E344.03648
G1 X103.998 Y102.000 E344.33755
G1 X104.038 Y102.003 E344.33889
G1 X104.141 Y102.036 E344.34248
G1 X104.206 Y102.083 E344.34515
G1 X104.268 Y102.169 E344.34868
G1 X104.284 Y102.207 E344.35005
G1 X104.293 Y102.247 E344.35141
G1 X104.300 Y102.794 E344.36961
G1 X104.296 Y102.838 E344.37108
G1 X104.263 Y102.941 E344.37467
G1 X104.216 Y103.006 E344.37734
G1 X104.130 Y103.068 E344.38087
G1 X104.092 Y103.084 E344.38224
G1 X104.053 Y103.093 E344.38357
G1 X95.007 Y103.100 E344.68444
G1 X94.961 Y103.096 E344.68598
G1 X94.858 Y103.063 E344.68957
G1 X94.793 Y103.016 E344.69224
G1 X94.731 Y102.930 E344.69577
G1 X94.715 Y102.892 E344.69714
G1 X94.705 Y102.851 E344.69854
G1 X94.700 Y102.628 E344.70596
G1 F2400 E340.70596
G0 F9000 X106.600 Y102.611
;TYPE:WALL-INNER
G1 F2400 E344.70596
G1 F1680 X106.603 Y102.406 E344.71278
G1 X115.395 Y102.400 E345.00521
G1 X115.399 Y102.693 E345.01495
G1 X106.602 Y102.700 E345.30754
G1 X106.600 Y102.611 E345.31050
G0 F9000 X106.200 Y102.628
;TYPE:WALL-OUTER
G1 F1260 X106.206 Y102.254 E345.32294
G1 X106.236 Y102.158 E345.32629
G1 X106.283 Y102.093 E345.32896
G1 X106.369 Y102.031 E345.33248
G1 X106.407 Y102.015 E345.33385
G1 X106.446 Y102.006 E345.33518
G1 X115.498 Y102.000 E345.63626
G1 X115.538 Y102.003 E345.63759
G1 X115.641 Y102.036 E345.64119
G1 X115.706 Y102.083 E345.64385
G1 X115.768 Y102.169 E345.64738
G1 X115.784 Y102.207 E345.64875
G1 X115.793 Y102.247 E345.65012
G1 X115.800 Y102.794 E345.66831
G1 X115.796 Y102.838 E345.66978
G1 X115.763 Y102.941 E345.67338
G1 X115.716 Y103.006 E345.67605
G1 X115.630 Y103.068 E345.67957
G1 X115.592 Y103.084 E345.68094
G1 X115.553 Y103.093 E345.68227
G1 X106.507 Y103.100 E345.98315
G1 X106.461 Y103.096 E345.98468
G1 X106.358 Y103.063 E345.98828
G1 X106.293 Y103.016 E345.99095
G1 X106.231 Y102.930 E345.99447
G1 X106.215 Y102.892 E345.99584
G1 X106.205 Y102.851 E345.99725
G1 X106.200 Y102.628 E346.00467
;LAYER:32
G1 F2400 E342.00467
G0 F9000 X92.399 Y102.693 Z6.700
;TYPE:WALL-INNER
G1 F2400 E346.00467
G1 F1680 X83.601 Y102.700 E346.29729
G1 X83.602 Y102.406 E346.30707
G1 X92.395 Y102.400 E346.59952
G1 X92.399 Y102.693 E346.60927
G0 F9000 X92.800 Y102.794
;TYPE:WALL-OUTER
G1 F1260 X92.796 Y102.838 E346.61074
G1 X92.765 Y102.934 E346.61409
G1 X92.710 Y103.010 E346.61722
G1 X92.630 Y103.068 E346.62050
G1 X92.592 Y103.084 E346.62187
G1 X92.553 Y103.093 E346.62320
G1 X83.507 Y103.100 E346.92408
G1 X83.461 Y103.096 E346.92561
G1 X83.365 Y103.065 E346.92897
G1 X83.289 Y103.010 E346.93209
G1 X83.231 Y102.930 E346.93537
G1 X83.203 Y102.842 E346.93844
G1 X83.200 Y102.801 E346.93981
G1 X83.203 Y102.267 E346.95757
G1 X83.231 Y102.169 E346.96096
G1 X83.289 Y102.089 E346.96425
G1 X83.369 Y102.031 E346.96754
G1 X83.407 Y102.015 E346.96891
G1 X83.446 Y102.006 E346.97024
G1 X92.498 Y102.000 E347.27131
G1 X92.538 Y102.003 E347.27264
G1 X92.634 Y102.034 E347.27600
G1 X92.710 Y102.089 E347.27912
G1 X92.768 Y102.169 E347.28241
G1 X92.784 Y102.207 E347.28378
G1 X92.793 Y102.247 E347.28514
G1 X92.800 Y102.794 E347.30334
G1 F2400 E343.30334
G0 F9000 X95.100 Y102.604
;TYPE:WALL-INNER
G1 F2400 E347.30334
G1 F1680 X95.103 Y102.406 E347.30992
G1 X103.895 Y102.400 E347.60235
G1 X103.899 Y102.693 E347.61209
G1 X95.102 Y102.700 E347.90468
G1 X95.100 Y102.604 E347.90787
G0 F9000 X94.700 Y102.621
;TYPE:WALL-OUTER
G1 F1260 X94.706 Y102.254 E347.92008
G1 X94.734 Y102.165 E347.92319
G1 X94.789 Y102.089 E347.92631
G1 X94.869 Y102.031 E347.92959
G1 X94.907 Y102.015 E347.93096
G1 X94.946 Y102.006 E347.93230
G1 X103.998 Y102.000 E348.23337
G1 X104.038 Y102.003 E348.23470
G1 X104.134 Y102.034 E348.23806
G1 X104.210 Y102.089 E348.24118
G1 X104.268 Y102.169 E348.24446
G1 X104.284 Y102.207 E348.24583
G1 X104.293 Y102.247 E348.24720
G1 X104.300 Y102.794 E348.26539
G1 X104.296 Y102.838 E348.26686
G1 X104.265 Y102.934 E348.27022
G1 X104.210 Y103.010 E348.27334
G1 X104.130 Y103.068 E348.27662
G1 X104.092 Y103.084 E348.27800
G1 X104.053 Y103.093 E348.27933
G1 X95.007 Y103.100 E348.58020
G1 X94.961 Y103.096 E348.58173
G1 X94.865 Y103.065 E348.58509
G1 X94.789 Y103.010 E348.58821
G1 X94.731 Y102.930 E348.59150
G1 X94.715 Y102.892 E348.59287
G1 X94.705 Y102.851 E348.59427
G1 X94.700 Y102.621 E348.60192
G1 F2400 E344.60192
G0 F9000 X106.600 Y102.604
;TYPE:WALL-INNER
G1 F2400 E348.60192
G1 F1680 X106.603 Y102.406 E348.60851
G1 X115.395 Y102.400 E348.90093
G1 X115.399 Y102.693 E348.91068
G1 X106.602 Y102.700 E349.20327
G1 X106.600 Y102.604 E349.20646
G0 F9000 X106.200 Y102.621
;TYPE:WALL-OUTER
G1 F1260 X106.206 Y102.254 E349.21867
G1 X106.234 Y102.165 E349.22177
G1 X106.289 Y102.089 E349.22489
G1 X106.369 Y102.031 E349.22818
G1 X106.407 Y102.015 E349.22955
G1 X106.446 Y102.006 E349.23088
G1 X115.498 Y102.000 E349.53195
G1 X115.538 Y102.003 E349.53329
G1 X115.634 Y102.034 E349.53664
G1 X115.710 Y102.089 E349.53976
G1 X115.768 Y102.169 E349.54305
G1 X115.784 Y102.207 E349.54442
G1 X115.793 Y102.247 E349.54578
G1 X115.800 Y102.794 E349.56398
G1 X115.796 Y102.838 E349.56545
G1 X115.765 Y102.934 E349.56880
G1 X115.710 Y103.010 E349.57192
G1 X115.630 Y103.068 E349.57521
G1 X115.592 Y103.084 E349.57658
G1 X115.553 Y103.093 E349.57791
G1 X106.507 Y103.100 E349.87878
G1 X106.461 Y103.096 E349.88032
G1 X106.365 Y103.065 E349.88367
G1 X106.289 Y103.010 E349.88680
G1 X106.231 Y102.930 E349.89008
G1 X106.215 Y102.892 E349.89145
G1 X106.205 Y102.851 E349.89286
G1 X106.200 Y102.621 E349.90051
;LAYER:33
G1 F2400 E345.90051
G0 F9000 X92.399 Y102.693 Z6.900
;TYPE:WALL-INNER
G1 F2400 E349.90051
G1 F1680 X83.601 Y102.700 E350.19313
G1 X83.602 Y102.406 E350.20291
G1 X92.395 Y102.400 E350.49537
G1 X92.399 Y102.693 E350.50511
G0 F9000 X92.800 Y102.794
;TYPE:WALL-OUTER
G1 F1260 X92.796 Y102.838 E350.50658
G1 X92.765 Y102.934 E350.50994
G1 X92.706 Y103.016 E350.51330
G1 X92.682 Y103.036 E350.51434
G1 X92.553 Y103.093 E350.51903
G1 X83.507 Y103.100 E350.81990
G1 X83.461 Y103.096 E350.82143
G1 X83.365 Y103.065 E350.82479
G1 X83.283 Y103.006 E350.82815
G1 X83.262 Y102.981 E350.82923
G1 X83.214 Y102.886 E350.83277
G1 X83.203 Y102.842 E350.83428
G1 X83.200 Y102.801 E350.83565
G1 X83.203 Y102.270 E350.85331
G1 X83.231 Y102.169 E350.85680
G1 X83.293 Y102.083 E350.86032
G1 X83.318 Y102.062 E350.86141
G1 X83.446 Y102.006 E350.86606
G1 X92.498 Y102.000 E351.16713
G1 X92.538 Y102.003 E351.16846
G1 X92.634 Y102.034 E351.17182
G1 X92.716 Y102.093 E351.17518
G1 X92.737 Y102.118 E351.17626
G1 X92.793 Y102.247 E351.18094
G1 X92.800 Y102.794 E351.19914
G1 F2400 E347.19914
G0 F9000 X95.100 Y102.620
;TYPE:WALL-INNER
G1 F2400 E351.19914
G1 F1680 X95.103 Y102.406 E351.20625
G1 X103.895 Y102.400 E351.49868
G1 X103.899 Y102.693 E351.50842
G1 X95.102 Y102.700 E351.80101
G1 X95.100 Y102.620 E351.80367
G0 F9000 X94.700 Y102.614
;TYPE:WALL-OUTER
G1 F1260 X94.706 Y102.254 E351.81565
G1 X94.734 Y102.165 E351.81875
G1 X94.793 Y102.083 E351.82211
G1 X94.818 Y102.062 E351.82320
G1 X94.946 Y102.006 E351.82785
G1 X103.998 Y102.000 E352.12892
G1 X104.038 Y102.003 E352.13025
G1 X104.134 Y102.034 E352.13361
G1 X104.216 Y102.093 E352.13697
G1 X104.237 Y102.118 E352.13805
G1 X104.293 Y102.247 E352.14273
G1 X104.300 Y102.794 E352.16092
G1 X104.296 Y102.838 E352.16239
G1 X104.265 Y102.934 E352.16575
G1 X104.206 Y103.016 E352.16911
G1 X104.182 Y103.036 E352.17015
G1 X104.053 Y103.093 E352.17484
G1 X95.007 Y103.100 E352.47571
G1 X94.961 Y103.096 E352.47725
G1 X94.865 Y103.065 E352.48060
G1 X94.783 Y103.006 E352.48396
G1 X94.762 Y102.981 E352.48505
G1 X94.714 Y102.886 E352.48859
G1 X94.705 Y102.851 E352.48979
G1 X94.700 Y102.614 E352.49767
G1 F2400 E348.49767
G0 F9000 X106.600 Y102.620
;TYPE:WALL-INNER
G1 F2400 E352.49767
G1 F1680 X106.603 Y102.406 E352.50479
G1 X115.395 Y102.400 E352.79721
G1 X115.399 Y102.693 E352.80696
G1 X106.602 Y102.700 E353.09955
G1 X106.600 Y102.620 E353.10221
G0 F9000 X106.200 Y102.614
;TYPE:WALL-OUTER
G1 F1260 X106.206 Y102.254 E353.11419
G1 X106.234 Y102.165 E353.11729
G1 X106.293 Y102.083 E353.12065
G1 X106.318 Y102.062 E353.12174
G1 X106.446 Y102.006 E353.12638
G1 X115.498 Y102.000 E353.42745
G1 X115.538 Y102.003 E353.42879
G1 X115.634 Y102.034 E353.43214
G1 X115.716 Y102.093 E353.43550
G1 X115.737 Y102.118 E353.43659
G1 X115.793 Y102.247 E353.44127
G1 X115.800 Y102.794 E353.45946
G1 X115.796 Y102.838 E353.46093
G1 X115.765 Y102.934 E353.46429
G1 X115.706 Y103.016 E353.46765
G1 X115.682 Y103.036 E353.46869
G1 X115.553 Y103.093 E353.47338
G1 X106.507 Y103.100 E353.77425
G1 X106.461 Y103.096 E353.77578
G1 X106.365 Y103.065 E353.77914
G1 X106.283 Y103.006 E353.78250
G1 X106.262 Y102.981 E353.78358
G1 X106.214 Y102.886 E353.78712
G1 X106.205 Y102.851 E353.78833
G1 X106.200 Y102.614 E353.79621
;LAYER:34
G1 F2400 E349.79621
G0 F9000 X92.399 Y102.693 Z7.100
;TYPE:WALL-INNER
G1 F2400 E353.79621
G1 F1680 X83.601 Y102.700 E354.08883
G1 X83.602 Y102.406 E354.09861
G1 X92.395 Y102.400 E354.39107
G1 X92.399 Y102.693 E354.40081
G0 F9000 X92.800 Y102.794
;TYPE:WALL-OUTER
G1 F1260 X92.796 Y102.838 E354.40228
G1 X92.765 Y102.934 E354.40564
G1 X92.710 Y103.010 E354.40876
G1 X92.630 Y103.068 E354.41205
G1 X92.592 Y103.084 E354.41342
G1 X92.553 Y103.093 E354.41475
G1 X83.507 Y103.100 E354.71562
G1 X83.461 Y103.096 E354.71716
G1 X83.365 Y103.065 E354.72051
G1 X83.289 Y103.010 E354.72363
G1 X83.231 Y102.930 E354.72692
G1 X83.203 Y102.842 E354.72999
G1 X83.200 Y102.801 E354.73136
G1 X83.203 Y102.262 E354.74928
G1 X83.234 Y102.165 E354.75267
G1 X83.289 Y102.089 E354.75579
G1 X83.369 Y102.031 E354.75908
G1 X83.407 Y102.015 E354.76045
G1 X83.446 Y102.006 E354.76178
G1 X92.498 Y102.000 E355.06285
G1 X92.538 Y102.003 E355.06419
G1 X92.634 Y102.034 E355.06754
G1 X92.710 Y102.089 E355.07066
G1 X92.768 Y102.169 E355.07395
G1 X92.784 Y102.207 E355.07532
G1 X92.793 Y102.247 E355.07668
G1 X92.800 Y102.794 E355.09488
G1 F2400 E351.09488
G0 F9000 X95.100 Y102.613
;TYPE:WALL-INNER
G1 F2400 E355.09488
G1 F1680 X95.103 Y102.406 E355.10176
G1 X103.895 Y102.400 E355.39419
G1 X103.899 Y102.693 E355.40393
G1 X95.102 Y102.700 E355.69652
G1 X95.100 Y102.613 E355.69942
G0 F9000 X94.700 Y102.607
;TYPE:WALL-OUTER
G1 F1260 X94.706 Y102.254 E355.71116
G1 X94.734 Y102.165 E355.71426
G1 X94.789 Y102.089 E355.71738
G1 X94.869 Y102.031 E355.72067
G1 X94.907 Y102.015 E355.72204
G1 X94.946 Y102.006 E355.72337
G1 X103.998 Y102.000 E356.02444
G1 X104.038 Y102.003 E356.02578
G1 X104.134 Y102.034 E356.02913
G1 X104.210 Y102.089 E356.03225
G1 X104.268 Y102.169 E356.03554
G1 X104.284 Y102.207 E356.03691
G1 X104.293 Y102.247 E356.03827
G1 X104.300 Y102.794 E356.05647
G1 X104.296 Y102.838 E356.05794
G1 X104.265 Y102.934 E356.06129
G1 X104.210 Y103.010 E356.06441
G1 X104.130 Y103.068 E356.06770
G1 X104.092 Y103.084 E356.06907
G1 X104.053 Y103.093 E356.07040
G1 X95.007 Y103.100 E356.37127
G1 X94.961 Y103.096 E356.37281
G1 X94.865 Y103.065 E356.37616
G1 X94.789 Y103.010 E356.37928
G1 X94.731 Y102.930 E356.38257
G1 X94.715 Y102.892 E356.38394
G1 X94.705 Y102.851 E356.38535
G1 X94.700 Y102.607 E356.39346
G1 F2400 E352.39346
G0 F9000 X106.600 Y102.613
;TYPE:WALL-INNER
G1 F2400 E356.39346
G1 F1680 X106.603 Y102.406 E356.40035
G1 X115.395 Y102.400 E356.69277
G1 X115.399 Y102.693 E356.70252
G1 X106.602 Y102.700 E356.99511
G1 X106.600 Y102.613 E356.99800
G0 F9000 X106.200 Y102.607
;TYPE:WALL-OUTER
G1 F1260 X106.206 Y102.254 E357.00974
G1 X106.234 Y102.165 E357.01285
G1 X106.289 Y102.089 E357.01597
G1 X106.369 Y102.031 E357.01925
G1 X106.407 Y102.015 E357.02063
G1 X106.446 Y102.006 E357.02196
G1 X115.498 Y102.000 E357.32303
G1 X115.538 Y102.003 E357.32436
G1 X115.634 Y102.034 E357.32772
G1 X115.710 Y102.089 E357.33084
G1 X115.768 Y102.169 E357.33412
G1 X115.784 Y102.207 E357.33550
G1 X115.793 Y102.247 E357.33686
G1 X115.800 Y102.794 E357.35505
G1 X115.796 Y102.838 E357.35652
G1 X115.765 Y102.934 E357.35988
G1 X115.710 Y103.010 E357.36300
G1 X115.630 Y103.068 E357.36629
G1 X115.592 Y103.084 E357.36766
G1 X115.553 Y103.093 E357.36899
G1 X106.507 Y103.100 E357.66986
G1 X106.461 Y103.096 E357.67140
G1 X106.365 Y103.065 E357.67475
G1 X106.289 Y103.010 E357.67787
G1 X106.231 Y102.930 E357.68116
G1 X106.215 Y102.892 E357.68253
G1 X106.205 Y102.851 E357.68393
G1 X106.200 Y102.607 E357.69205
;LAYER:35
G1 F2400 E353.69205
G0 F9000 X92.399 Y102.693 Z7.300
;TYPE:WALL-INNER
G1 F2400 E357.69205
G1 F1680 X83.601 Y102.700 E357.98467
G1 X83.602 Y102.406 E357.99445
G1 X92.395 Y102.400 E358.28691
G1 X92.399 Y102.693 E358.29665
G0 F9000 X92.800 Y102.794
;TYPE:WALL-OUTER
G1 F1260 X92.796 Y102.842 E358.29826
G1 X92.785 Y102.886 E358.29976
G1 X92.737 Y102.981 E358.30330
G1 X92.716 Y103.006 E358.30439
G1 X92.630 Y103.068 E358.30792
G1 X92.592 Y103.084 E358.30929
G1 X92.553 Y103.093 E358.31062
G1 X83.507 Y103.100 E358.61149
G1 X83.457 Y103.096 E358.61316
G1 X83.413 Y103.085 E358.61467
G1 X83.317 Y103.036 E358.61825
G1 X83.293 Y103.016 E358.61929
G1 X83.231 Y102.930 E358.62282
G1 X83.203 Y102.842 E358.62589
G1 X83.200 Y102.801 E358.62726
G1 X83.203 Y102.261 E358.64522
G1 X83.214 Y102.213 E358.64685
G1 X83.262 Y102.118 E358.65039
G1 X83.283 Y102.093 E358.65148
G1 X83.369 Y102.031 E358.65501
G1 X83.407 Y102.015 E358.65638
G1 X83.446 Y102.006 E358.65771
G1 X92.498 Y102.000 E358.95878
G1 X92.542 Y102.003 E358.96025
G1 X92.586 Y102.014 E358.96176
G1 X92.681 Y102.062 E358.96530
G1 X92.706 Y102.083 E358.96638
G1 X92.768 Y102.169 E358.96991
G1 X92.784 Y102.207 E358.97128
G1 X92.793 Y102.247 E358.97264
G1 X92.800 Y102.794 E358.99084
G1 F2400 E354.99084
G0 F9000 X95.100 Y102.607
;TYPE:WALL-INNER
G1 F2400 E358.99084
G1 F1680 X95.103 Y102.406 E358.99752
G1 X103.895 Y102.400 E359.28995
G1 X103.899 Y102.693 E359.29969
G1 X95.102 Y102.700 E359.59228
G1 X95.100 Y102.607 E359.59538
G0 F9000 X94.700 Y102.600
;TYPE:WALL-OUTER
G1 F1260 X94.714 Y102.213 E359.60826
G1 X94.762 Y102.118 E359.61180
G1 X94.783 Y102.093 E359.61288
G1 X94.869 Y102.031 E359.61641
G1 X94.907 Y102.015 E359.61778
G1 X94.946 Y102.006 E359.61911
G1 X103.998 Y102.000 E359.92018
G1 X104.042 Y102.003 E359.92165
G1 X104.086 Y102.014 E359.92316
G1 X104.181 Y102.062 E359.92670
G1 X104.206 Y102.083 E359.92778
G1 X104.268 Y102.169 E359.93131
G1 X104.284 Y102.207 E359.93268
G1 X104.293 Y102.247 E359.93404
G1 X104.300 Y102.794 E359.95224
G1 X104.296 Y102.842 E359.95384
G1 X104.285 Y102.886 E359.95535
G1 X104.237 Y102.981 E359.95889
G1 X104.216 Y103.006 E359.95998
G1 X104.130 Y103.068 E359.96350
G1 X104.092 Y103.084 E359.96487
G1 X104.053 Y103.093 E359.96621
G1 X95.007 Y103.100 E360.26708
G1 X94.957 Y103.096 E360.26874
G1 X94.913 Y103.085 E360.27025
G1 X94.817 Y103.036 E360.27384
G1 X94.793 Y103.016 E360.27488
G1 X94.731 Y102.930 E360.27840
G1 X94.706 Y102.851 E360.28116
G1 X94.700 Y102.600 E360.28951
G1 F2400 E356.28951
G0 F9000 X106.600 Y102.607
;TYPE:WALL-INNER
G1 F2400 E360.28951
G1 F1680 X106.603 Y102.406 E360.29620
G1 X115.395 Y102.400 E360.58862
G1 X115.399 Y102.693 E360.59837
G1 X106.602 Y102.700 E360.89095
G1 X106.600 Y102.607 E360.89405
G0 F9000 X106.200 Y102.600
;TYPE:WALL-OUTER
G1 F1260 X106.214 Y102.213 E360.90693
G1 X106.262 Y102.118 E360.91047
G1 X106.283 Y102.093 E360.91155
G1 X106.369 Y102.031 E360.91508
G1 X106.407 Y102.015 E360.91645
G1 X106.446 Y102.006 E360.91778
G1 X115.498 Y102.000 E361.21885
G1 X115.542 Y102.003 E361.22032
G1 X115.586 Y102.014 E361.22183
G1 X115.681 Y102.062 E361.22537
G1 X115.706 Y102.083 E361.22646
G1 X115.768 Y102.169 E361.22998
G1 X115.784 Y102.207 E361.23135
G1 X115.793 Y102.247 E361.23272
G1 X115.800 Y102.794 E361.25091
G1 X115.796 Y102.842 E361.25251
G1 X115.785 Y102.886 E361.25402
G1 X115.737 Y102.981 E361.25756
G1 X115.716 Y103.006 E361.25865
G1 X115.630 Y103.068 E361.26217
G1 X115.592 Y103.084 E361.26355
G1 X115.553 Y103.093 E361.26488
G1 X106.507 Y103.100 E361.56575
G1 X106.457 Y103.096 E361.56742
G1 X106.413 Y103.085 E361.56893
G1 X106.317 Y103.036 E361.57251
G1 X106.293 Y103.016 E361.57355
G1 X106.231 Y102.930 E361.57708
G1 X106.206 Y102.851 E361.57983
G1 X106.200 Y102.600 E361.58818
;LAYER:36
G1 F2400 E357.58818
G0 F9000 X92.399 Y102.693 Z7.500
;TYPE:WALL-INNER
G1 F2400 E361.58818
G1 F1680 X83.601 Y102.700 E361.88080
G1 X83.602 Y102.406 E361.89058
G1 X92.395 Y102.400 E362.18304
G1 X92.399 Y102.693 E362.19279
G0 F9000 X92.800 Y102.794
;TYPE:WALL-OUTER
G1 F1260 X92.796 Y102.842 E362.19439
G1 X92.768 Y102.930 E362.19746
G1 X92.710 Y103.010 E362.20075
G1 X92.630 Y103.068 E362.20403
G1 X92.592 Y103.084 E362.20540
G1 X92.553 Y103.093 E362.20674
G1 X83.507 Y103.100 E362.50761
G1 X83.457 Y103.096 E362.50927
G1 X83.369 Y103.068 E362.51235
G1 X83.289 Y103.010 E362.51563
G1 X83.231 Y102.930 E362.51892
G1 X83.203 Y102.842 E362.52199
G1 X83.200 Y102.801 E362.52336
G1 X83.203 Y102.262 E362.54129
G1 X83.215 Y102.207 E362.54316
G1 X83.231 Y102.169 E362.54453
G1 X83.289 Y102.089 E362.54782
G1 X83.369 Y102.031 E362.55110
G1 X83.407 Y102.015 E362.55247
G1 X83.446 Y102.006 E362.55380
G1 X92.498 Y102.000 E362.85488
G1 X92.542 Y102.003 E362.85634
G1 X92.630 Y102.031 E362.85941
G1 X92.710 Y102.089 E362.86270
G1 X92.768 Y102.169 E362.86599
G1 X92.784 Y102.207 E362.86736
G1 X92.793 Y102.247 E362.86872
G1 X92.800 Y102.794 E362.88692
G1 F2400 E358.88692
G0 F9000 X95.100 Y102.600
;TYPE:WALL-INNER
G1 F2400 E362.88692
G1 F1680 X95.103 Y102.406 E362.89337
G1 X103.895 Y102.400 E363.18579
G1 X103.899 Y102.693 E363.19554
G1 X95.103 Y102.700 E363.48810
G1 X95.100 Y102.600 E363.49142
G0 F9000 X94.700 Y102.593
;TYPE:WALL-OUTER
G1 F1260 X94.715 Y102.207 E363.50427
G1 X94.731 Y102.169 E363.50564
G1 X94.789 Y102.089 E363.50893
G1 X94.869 Y102.031 E363.51222
G1 X94.907 Y102.015 E363.51359
G1 X94.946 Y102.006 E363.51492
G1 X103.998 Y102.000 E363.81599
G1 X104.042 Y102.003 E363.81746
G1 X104.130 Y102.031 E363.82053
G1 X104.210 Y102.089 E363.82381
G1 X104.268 Y102.169 E363.82710
G1 X104.284 Y102.207 E363.82847
G1 X104.293 Y102.247 E363.82984
G1 X104.300 Y102.794 E363.84803
G1 X104.296 Y102.842 E363.84963
G1 X104.268 Y102.930 E363.85270
G1 X104.210 Y103.010 E363.85599
G1 X104.130 Y103.068 E363.85928
G1 X104.092 Y103.084 E363.86065
G1 X104.053 Y103.093 E363.86198
G1 X95.007 Y103.100 E364.16285
G1 X94.957 Y103.096 E364.16452
G1 X94.869 Y103.068 E364.16759
G1 X94.789 Y103.010 E364.17088
G1 X94.731 Y102.930 E364.17416
G1 X94.706 Y102.851 E364.17692
G1 X94.700 Y102.593 E364.18550
G1 F2400 E360.18550
G0 F9000 X106.600 Y102.600
;TYPE:WALL-INNER
G1 F2400 E364.18550
G1 F1680 X106.603 Y102.406 E364.19196
G1 X115.395 Y102.400 E364.48438
G1 X115.399 Y102.693 E364.49413
G1 X106.603 Y102.700 E364.78668
G1 X106.600 Y102.600 E364.79001
G0 F9000 X106.200 Y102.593
;TYPE:WALL-OUTER
G1 F1260 X106.215 Y102.207 E364.80286
G1 X106.231 Y102.169 E364.80423
G1 X106.289 Y102.089 E364.80752
G1 X106.369 Y102.031 E364.81080
G1 X106.407 Y102.015 E364.81217
G1 X106.446 Y102.006 E364.81350
G1 X115.498 Y102.000 E365.11458
G1 X115.542 Y102.003 E365.11604
G1 X115.630 Y102.031 E365.11911
G1 X115.710 Y102.089 E365.12240
G1 X115.768 Y102.169 E365.12569
G1 X115.784 Y102.207 E365.12706
G1 X115.793 Y102.247 E365.12842
G1 X115.800 Y102.794 E365.14662
G1 X115.796 Y102.842 E365.14822
G1 X115.768 Y102.930 E365.15129
G1 X115.710 Y103.010 E365.15458
G1 X115.630 Y103.068 E365.15786
G1 X115.592 Y103.084 E365.15923
G1 X115.553 Y103.093 E365.16057
G1 X106.507 Y103.100 E365.46144
G1 X106.457 Y103.096 E365.46310
G1 X106.369 Y103.068 E365.46618
G1 X106.289 Y103.010 E365.46946
G1 X106.231 Y102.930 E365.47275
G1 X106.206 Y102.851 E365.47551
G1 X106.200 Y102.593 E365.48409
;LAYER:37
G1 F2400 E361.48409
G0 F9000 X92.399 Y102.693 Z7.700
;TYPE:WALL-INNER
G1 F2400 E365.48409
G1 F1680 X83.601 Y102.700 E365.77671
G1 X83.602 Y102.406 E365.78649
G1 X92.395 Y102.400 E366.07895
G1 X92.399 Y102.693 E366.08869
G0 F9000 X92.800 Y102.794
;TYPE:WALL-OUTER
G1 F1260 X92.796 Y102.842 E366.09029
G1 X92.768 Y102.930 E366.09337
G1 X92.710 Y103.010 E366.09665
G1 X92.630 Y103.068 E366.09994
G1 X92.592 Y103.084 E366.10131
G1 X92.553 Y103.093 E366.10264
G1 X83.507 Y103.100 E366.40351
G1 X83.457 Y103.096 E366.40518
G1 X83.369 Y103.068 E366.40825
G1 X83.289 Y103.010 E366.41154
G1 X83.231 Y102.930 E366.41483
G1 X83.203 Y102.842 E366.41790
G1 X83.200 Y102.801 E366.41926
G1 X83.203 Y102.257 E366.43736
G1 X83.231 Y102.169 E366.44043
G1 X83.289 Y102.089 E366.44372
G1 X83.369 Y102.031 E366.44700
G1 X83.407 Y102.015 E366.44837
G1 X83.446 Y102.006 E366.44971
G1 X92.498 Y102.000 E366.75078
G1 X92.542 Y102.003 E366.75224
G1 X92.630 Y102.031 E366.75531
G1 X92.710 Y102.089 E366.75860
G1 X92.768 Y102.169 E366.76189
G1 X92.784 Y102.207 E366.76326
G1 X92.793 Y102.247 E366.76462
G1 X92.800 Y102.794 E366.78282
G1 F2400 E362.78282
G0 F9000 X95.100 Y102.593
;TYPE:WALL-INNER
G1 F2400 E366.78282
G1 F1680 X95.103 Y102.406 E366.78904
G1 X103.895 Y102.400 E367.08146
G1 X103.899 Y102.693 E367.09121
G1 X95.103 Y102.700 E367.38376
G1 X95.100 Y102.593 E367.38732
G0 F9000 X94.700 Y102.586
;TYPE:WALL-OUTER
G1 F1260 X94.715 Y102.207 E367.39994
G1 X94.731 Y102.169 E367.40131
G1 X94.789 Y102.089 E367.40460
G1 X94.869 Y102.031 E367.40788
G1 X94.907 Y102.015 E367.40926
G1 X94.946 Y102.006 E367.41059
G1 X103.998 Y102.000 E367.71166
G1 X104.042 Y102.003 E367.71312
G1 X104.130 Y102.031 E367.71620
G1 X104.210 Y102.089 E367.71948
G1 X104.268 Y102.169 E367.72277
G1 X104.284 Y102.207 E367.72414
G1 X104.293 Y102.247 E367.72550
G1 X104.300 Y102.794 E367.74370
G1 X104.296 Y102.842 E367.74530
G1 X104.268 Y102.930 E367.74837
G1 X104.210 Y103.010 E367.75166
G1 X104.130 Y103.068 E367.75495
G1 X104.092 Y103.084 E367.75632
G1 X104.053 Y103.093 E367.75765
G1 X95.007 Y103.100 E368.05852
G1 X94.957 Y103.096 E368.06019
G1 X94.869 Y103.068 E368.06326
G1 X94.789 Y103.010 E368.06655
G1 X94.731 Y102.930 E368.06983
G1 X94.706 Y102.851 E368.07259
G1 X94.700 Y102.586 E368.08140
G1 F2400 E364.08140
G0 F9000 X106.600 Y102.593
;TYPE:WALL-INNER
G1 F2400 E368.08140
G1 F1680 X106.603 Y102.406 E368.08762
G1 X115.395 Y102.400 E368.38005
G1 X115.399 Y102.693 E368.38979
G1 X106.603 Y102.700 E368.68235
G1 X106.600 Y102.593 E368.68591
G0 F9000 X106.200 Y102.586
;TYPE:WALL-OUTER
G1 F1260 X106.215 Y102.207 E368.69853
G1 X106.231 Y102.169 E368.69990
G1 X106.289 Y102.089 E368.70318
G1 X106.369 Y102.031 E368.70647
G1 X106.407 Y102.015 E368.70784
G1 X106.446 Y102.006 E368.70917
G1 X115.498 Y102.000 E369.01024
G1 X115.542 Y102.003 E369.01171
G1 X115.630 Y102.031 E369.01478
G1 X115.710 Y102.089 E369.01807
G1 X115.768 Y102.169 E369.02135
G1 X115.784 Y102.207 E369.02273
G1 X115.793 Y102.247 E369.02409
G1 X115.800 Y102.794 E369.04228
G1 X115.796 Y102.842 E369.04389
G1 X115.768 Y102.930 E369.04696
G1 X115.710 Y103.010 E369.05024
G1 X115.630 Y103.068 E369.05353
G1 X115.592 Y103.084 E369.05490
G1 X115.553 Y103.093 E369.05623
G1 X106.507 Y103.100 E369.35711
G1 X106.457 Y103.096 E369.35877
G1 X106.369 Y103.068 E369.36184
G1 X106.289 Y103.010 E369.36513
G1 X106.231 Y102.930 E369.36842
G1 X106.206 Y102.851 E369.37117
G1 X106.200 Y102.586 E369.37999
;LAYER:38
G1 F2400 E365.37999
G0 F9000 X92.399 Y102.693 Z7.900
;TYPE:WALL-INNER
G1 F2400 E369.37999
G1 F1680 X83.601 Y102.700 E369.67261
G1 X83.602 Y102.406 E369.68239
G1 X92.395 Y102.400 E369.97485
G1 X92.399 Y102.693 E369.98459
G0 F9000 X92.800 Y102.785
;TYPE:WALL-OUTER
G1 F1260 X92.785 Y102.890 E369.98812
G1 X92.768 Y102.930 E369.98957
G1 X92.710 Y103.010 E369.99285
G1 X92.634 Y103.065 E369.99597
G1 X92.547 Y103.093 E369.99901
G1 X83.511 Y103.100 E370.29955
G1 X83.409 Y103.085 E370.30298
G1 X83.369 Y103.068 E370.30443
G1 X83.289 Y103.010 E370.30771
G1 X83.234 Y102.934 E370.31083
G1 X83.203 Y102.838 E370.31419
G1 X83.200 Y102.801 E370.31542
G1 X83.203 Y102.279 E370.33279
G1 X83.231 Y102.169 E370.33656
G1 X83.289 Y102.089 E370.33985
G1 X83.365 Y102.034 E370.34297
G1 X83.452 Y102.006 E370.34601
G1 X92.482 Y102.000 E370.64635
G1 X92.599 Y102.018 E370.65028
G1 X92.630 Y102.031 E370.65140
G1 X92.710 Y102.089 E370.65469
G1 X92.765 Y102.165 E370.65781
G1 X92.793 Y102.253 E370.66088
G1 X92.800 Y102.785 E370.67858
G1 F2400 E366.67858
G0 F9000 X95.100 Y102.586
;TYPE:WALL-INNER
G1 F2400 E370.67858
G1 F1680 X95.107 Y102.406 E370.68457
G1 X103.895 Y102.400 E370.97686
G1 X103.899 Y102.693 E370.98660
G1 X95.103 Y102.700 E371.27916
G1 X95.100 Y102.586 E371.28295
G0 F9000 X94.700 Y102.583
;TYPE:WALL-OUTER
G1 F1260 X94.714 Y102.209 E371.29540
G1 X94.731 Y102.169 E371.29685
G1 X94.789 Y102.089 E371.30013
G1 X94.865 Y102.034 E371.30325
G1 X94.952 Y102.006 E371.30629
G1 X103.982 Y102.000 E371.60663
G1 X104.099 Y102.018 E371.61057
G1 X104.130 Y102.031 E371.61169
G1 X104.210 Y102.089 E371.61497
G1 X104.265 Y102.165 E371.61809
G1 X104.293 Y102.253 E371.62117
G1 X104.300 Y102.789 E371.63899
G1 X104.285 Y102.890 E371.64239
G1 X104.268 Y102.930 E371.64384
G1 X104.210 Y103.010 E371.64712
G1 X104.134 Y103.065 E371.65024
G1 X104.047 Y103.093 E371.65328
G1 X95.011 Y103.100 E371.95382
G1 X94.909 Y103.085 E371.95725
G1 X94.869 Y103.068 E371.95870
G1 X94.789 Y103.010 E371.96198
G1 X94.734 Y102.934 E371.96510
G1 X94.705 Y102.845 E371.96822
G1 X94.700 Y102.583 E371.97693
G1 F2400 E367.97693
G0 F9000 X106.600 Y102.586
;TYPE:WALL-INNER
G1 F2400 E371.97693
G1 F1680 X106.607 Y102.406 E371.98292
G1 X115.395 Y102.400 E372.27521
G1 X115.399 Y102.693 E372.28496
G1 X106.603 Y102.700 E372.57752
G1 X106.600 Y102.586 E372.58131
G0 F9000 X106.200 Y102.583
;TYPE:WALL-OUTER
G1 F1260 X106.214 Y102.209 E372.59376
G1 X106.231 Y102.169 E372.59520
G1 X106.289 Y102.089 E372.59849
G1 X106.365 Y102.034 E372.60161
G1 X106.452 Y102.006 E372.60465
G1 X115.482 Y102.000 E372.90499
G1 X115.599 Y102.018 E372.90893
G1 X115.630 Y102.031 E372.91004
G1 X115.710 Y102.089 E372.91333
G1 X115.765 Y102.165 E372.91645
G1 X115.793 Y102.253 E372.91952
G1 X115.800 Y102.789 E372.93735
G1 X115.785 Y102.890 E372.94075
G1 X115.768 Y102.930 E372.94219
G1 X115.710 Y103.010 E372.94548
G1 X115.634 Y103.065 E372.94860
G1 X115.547 Y103.093 E372.95164
G1 X106.511 Y103.100 E373.25218
G1 X106.409 Y103.085 E373.25561
G1 X106.369 Y103.068 E373.25705
G1 X106.289 Y103.010 E373.26034
G1 X106.234 Y102.934 E373.26346
G1 X106.205 Y102.845 E373.26657
G1 X106.200 Y102.583 E373.27529
;LAYER:39
G1 F2400 E369.27529
G0 F9000 X92.399 Y102.693 Z8.100
;TYPE:WALL-INNER
G1 F2400 E373.27529
G1 F1680 X83.601 Y102.700 E373.56791
G1 X83.602 Y102.406 E373.57769
G1 X92.395 Y102.400 E373.87015
G1 X92.399 Y102.693 E373.87989
G0 F9000 X92.800 Y102.794
;TYPE:WALL-OUTER
G1 F1260 X92.796 Y102.842 E373.88149
G1 X92.785 Y102.886 E373.88300
G1 X92.740 Y102.975 E373.88632
G1 X92.675 Y103.040 E373.88938
G1 X92.553 Y103.093 E373.89380
G1 X83.507 Y103.100 E374.19467
G1 X83.457 Y103.096 E374.19634
G1 X83.413 Y103.085 E374.19785
G1 X83.324 Y103.040 E374.20117
G1 X83.259 Y102.975 E374.20422
G1 X83.214 Y102.886 E374.20754
G1 X83.203 Y102.842 E374.20905
G1 X83.200 Y102.801 E374.21042
G1 X83.203 Y102.259 E374.22844
G1 X83.214 Y102.213 E374.23002
G1 X83.259 Y102.124 E374.23333
G1 X83.324 Y102.059 E374.23639
G1 X83.446 Y102.006 E374.24082
G1 X92.498 Y102.000 E374.54189
G1 X92.542 Y102.003 E374.54335
G1 X92.586 Y102.014 E374.54486
G1 X92.675 Y102.059 E374.54818
G1 X92.740 Y102.124 E374.55124
G1 X92.793 Y102.247 E374.55569
G1 X92.800 Y102.794 E374.57389
G1 F2400 E370.57389
G0 F9000 X95.100 Y102.578
;TYPE:WALL-INNER
G1 F2400 E374.57389
G1 F1680 X95.103 Y102.406 E374.57961
G1 X103.895 Y102.400 E374.87203
G1 X103.899 Y102.693 E374.88178
G1 X95.103 Y102.700 E375.17433
G1 X95.100 Y102.578 E375.17839
G0 F9000 X94.700 Y102.571
;TYPE:WALL-OUTER
G1 F1260 X94.714 Y102.213 E375.19031
G1 X94.759 Y102.124 E375.19362
G1 X94.824 Y102.059 E375.19668
G1 X94.946 Y102.006 E375.20111
G1 X103.998 Y102.000 E375.50218
G1 X104.042 Y102.003 E375.50364
G1 X104.086 Y102.014 E375.50515
G1 X104.175 Y102.059 E375.50847
G1 X104.240 Y102.124 E375.51153
G1 X104.293 Y102.247 E375.51598
G1 X104.300 Y102.794 E375.53418
G1 X104.296 Y102.842 E375.53578
G1 X104.285 Y102.886 E375.53729
G1 X104.240 Y102.975 E375.54060
G1 X104.175 Y103.040 E375.54366
G1 X104.053 Y103.093 E375.54809
G1 X95.007 Y103.100 E375.84896
G1 X94.957 Y103.096 E375.85062
G1 X94.913 Y103.085 E375.85213
G1 X94.824 Y103.040 E375.85545
G1 X94.759 Y102.975 E375.85851
G1 X94.706 Y102.851 E375.86299
G1 X94.700 Y102.571 E375.87231
G1 F2400 E371.87231
G0 F9000 X106.600 Y102.578
;TYPE:WALL-INNER
G1 F2400 E375.87231
G1 F1680 X106.603 Y102.406 E375.87803
G1 X115.395 Y102.400 E376.17045
G1 X115.399 Y102.693 E376.18020
G1 X106.603 Y102.700 E376.47276
G1 X106.600 Y102.578 E376.47681
G0 F9000 X106.200 Y102.571
;TYPE:WALL-OUTER
G1 F1260 X106.214 Y102.213 E376.48873
G1 X106.259 Y102.124 E376.49205
G1 X106.324 Y102.059 E376.49510
G1 X106.446 Y102.006 E376.49953
G1 X115.498 Y102.000 E376.80060
G1 X115.542 Y102.003 E376.80207
G1 X115.586 Y102.014 E376.80357
G1 X115.675 Y102.059 E376.80689
G1 X115.740 Y102.124 E376.80995
G1 X115.793 Y102.247 E376.81440
G1 X115.800 Y102.794 E376.83260
G1 X115.796 Y102.842 E376.83420
G1 X115.785 Y102.886 E376.83571
G1 X115.740 Y102.975 E376.83903
G1 X115.675 Y103.040 E376.84208
G1 X115.553 Y103.093 E376.84651
G1 X106.507 Y103.100 E377.14738
G1 X106.457 Y103.096 E377.14905
G1 X106.413 Y103.085 E377.15056
G1 X106.324 Y103.040 E377.15387
G1 X106.259 Y102.975 E377.15693
G1 X106.206 Y102.851 E377.16142
G1 X106.200 Y102.571 E377.17073
;LAYER:40
G1 F2400 E373.17073
G0 F9000 X92.399 Y102.693 Z8.300
;TYPE:WALL-INNER
G1 F2400 E377.17073
G1 F1680 X83.601 Y102.700 E377.46335
G1 X83.602 Y102.406 E377.47313
G1 X92.395 Y102.400 E377.76559
G1 X92.399 Y102.693 E377.77533
G0 F9000 X92.800 Y102.794
;TYPE:WALL-OUTER
G1 F1260 X92.796 Y102.838 E377.77680
G1 X92.765 Y102.934 E377.78016
G1 X92.710 Y103.010 E377.78328
G1 X92.630 Y103.068 E377.78657
G1 X92.592 Y103.084 E377.78794
G1 X92.553 Y103.093 E377.78927
G1 X83.507 Y103.100 E378.09014
G1 X83.461 Y103.096 E378.09168
G1 X83.365 Y103.065 E378.09503
G1 X83.289 Y103.010 E378.09815
G1 X83.231 Y102.930 E378.10144
G1 X83.203 Y102.842 E378.10451
G1 X83.200 Y102.801 E378.10588
G1 X83.203 Y102.260 E378.12387
G1 X83.234 Y102.165 E378.12719
G1 X83.289 Y102.089 E378.13031
G1 X83.369 Y102.031 E378.13360
G1 X83.407 Y102.015 E378.13497
G1 X83.446 Y102.006 E378.13630
G1 X92.498 Y102.000 E378.43737
G1 X92.538 Y102.003 E378.43871
G1 X92.634 Y102.034 E378.44206
G1 X92.710 Y102.089 E378.44518
G1 X92.768 Y102.169 E378.44847
G1 X92.784 Y102.207 E378.44984
G1 X92.793 Y102.247 E378.45121
G1 X92.800 Y102.794 E378.46940
G1 F2400 E374.46940
G0 F9000 X95.100 Y102.572
;TYPE:WALL-INNER
G1 F2400 E378.46940
G1 F1680 X95.103 Y102.406 E378.47492
G1 X103.895 Y102.400 E378.76735
G1 X103.899 Y102.693 E378.77709
G1 X95.103 Y102.700 E379.06965
G1 X95.100 Y102.572 E379.07391
G0 F9000 X94.700 Y102.565
;TYPE:WALL-OUTER
G1 F1260 X94.705 Y102.254 E379.08425
G1 X94.734 Y102.165 E379.08736
G1 X94.789 Y102.089 E379.09049
G1 X94.869 Y102.031 E379.09377
G1 X94.907 Y102.015 E379.09514
G1 X94.946 Y102.006 E379.09647
G1 X103.998 Y102.000 E379.39755
G1 X104.038 Y102.003 E379.39888
G1 X104.134 Y102.034 E379.40223
G1 X104.210 Y102.089 E379.40535
G1 X104.268 Y102.169 E379.40864
G1 X104.284 Y102.207 E379.41001
G1 X104.293 Y102.247 E379.41138
G1 X104.300 Y102.794 E379.42957
G1 X104.296 Y102.842 E379.43117
G1 X104.284 Y102.892 E379.43288
G1 X104.244 Y102.968 E379.43574
G1 X104.146 Y103.057 E379.44014
G1 X104.053 Y103.093 E379.44346
G1 X95.007 Y103.100 E379.74433
G1 X94.961 Y103.096 E379.74587
G1 X94.865 Y103.065 E379.74922
G1 X94.789 Y103.010 E379.75234
G1 X94.731 Y102.930 E379.75563
G1 X94.706 Y102.851 E379.75838
G1 X94.700 Y102.565 E379.76790
G1 F2400 E375.76790
G0 F9000 X106.600 Y102.572
;TYPE:WALL-INNER
G1 F2400 E379.76790
G1 F1680 X106.603 Y102.406 E379.77342
G1 X115.395 Y102.400 E380.06584
G1 X115.399 Y102.693 E380.07559
G1 X106.603 Y102.700 E380.36815
G1 X106.600 Y102.572 E380.37241
G0 F9000 X106.200 Y102.565
;TYPE:WALL-OUTER
G1 F1260 X106.205 Y102.254 E380.38275
G1 X106.234 Y102.165 E380.38586
G1 X106.289 Y102.089 E380.38898
G1 X106.369 Y102.031 E380.39227
G1 X106.407 Y102.015 E380.39364
G1 X106.446 Y102.006 E380.39497
G1 X115.498 Y102.000 E380.69604
G1 X115.538 Y102.003 E380.69738
G1 X115.634 Y102.034 E380.70073
G1 X115.710 Y102.089 E380.70385
G1 X115.768 Y102.169 E380.70714
G1 X115.784 Y102.207 E380.70851
G1 X115.793 Y102.247 E380.70988
G1 X115.800 Y102.794 E380.72807
G1 X115.796 Y102.842 E380.72967
G1 X115.784 Y102.892 E380.73138
G1 X115.744 Y102.968 E380.73424
G1 X115.646 Y103.057 E380.73864
G1 X115.553 Y103.093 E380.74196
G1 X106.507 Y103.100 E381.04283
G1 X106.461 Y103.096 E381.04437
G1 X106.365 Y103.065 E381.04772
G1 X106.289 Y103.010 E381.05084
G1 X106.231 Y102.930 E381.05413
G1 X106.206 Y102.851 E381.05688
G1 X106.200 Y102.565 E381.06640
;LAYER:41
G1 F2400 E377.06640
G0 F9000 X92.399 Y102.693 Z8.500
;TYPE:WALL-INNER
G1 F2400 E381.06640
G1 F1680 X83.601 Y102.700 E381.35902
G1 X83.602 Y102.406 E381.36880
G1 X92.395 Y102.400 E381.66126
G1 X92.399 Y102.693 E381.67100
G0 F9000 X92.800 Y102.794
;TYPE:WALL-OUTER
G1 F1260 X92.796 Y102.842 E381.67260
G1 X92.784 Y102.892 E381.67431
G1 X92.716 Y103.006 E381.67873
G1 X92.630 Y103.068 E381.68226
G1 X92.592 Y103.084 E381.68363
G1 X92.553 Y103.093 E381.68496
G1 X83.507 Y103.100 E381.98583
G1 X83.457 Y103.096 E381.98750
G1 X83.407 Y103.084 E381.98921
G1 X83.317 Y103.036 E381.99260
G1 X83.293 Y103.016 E381.99364
G1 X83.231 Y102.930 E381.99717
G1 X83.203 Y102.842 E382.00024
G1 X83.200 Y102.801 E382.00160
G1 X83.203 Y102.261 E382.01957
G1 X83.220 Y102.196 E382.02180
G1 X83.283 Y102.093 E382.02582
G1 X83.369 Y102.031 E382.02934
G1 X83.407 Y102.015 E382.03071
G1 X83.446 Y102.006 E382.03204
G1 X92.498 Y102.000 E382.33312
G1 X92.542 Y102.003 E382.33458
G1 X92.601 Y102.019 E382.33662
G1 X92.706 Y102.083 E382.34071
G1 X92.768 Y102.169 E382.34423
G1 X92.783 Y102.205 E382.34553
G1 X92.793 Y102.247 E382.34696
G1 X92.800 Y102.794 E382.36516
G1 F2400 E378.36516
G0 F9000 X95.100 Y102.565
;TYPE:WALL-INNER
G1 F2400 E382.36516
G1 F1680 X95.103 Y102.406 E382.37045
G1 X103.895 Y102.400 E382.66287
G1 X103.899 Y102.693 E382.67262
G1 X95.103 Y102.700 E382.96517
G1 X95.100 Y102.565 E382.96967
G0 F9000 X94.700 Y102.558
;TYPE:WALL-OUTER
G1 F1260 X94.706 Y102.248 E382.97998
G1 X94.720 Y102.196 E382.98177
G1 X94.783 Y102.093 E382.98579
G1 X94.869 Y102.031 E382.98931
G1 X94.907 Y102.015 E382.99068
G1 X94.946 Y102.006 E382.99201
G1 X103.998 Y102.000 E383.29308
G1 X104.042 Y102.003 E383.29455
G1 X104.101 Y102.019 E383.29658
G1 X104.206 Y102.083 E383.30067
G1 X104.268 Y102.169 E383.30420
G1 X104.283 Y102.205 E383.30550
G1 X104.293 Y102.247 E383.30693
G1 X104.300 Y102.794 E383.32513
G1 X104.296 Y102.842 E383.32673
G1 X104.285 Y102.886 E383.32824
G1 X104.237 Y102.981 E383.33178
G1 X104.216 Y103.006 E383.33287
G1 X104.130 Y103.068 E383.33639
G1 X104.092 Y103.084 E383.33776
G1 X104.053 Y103.093 E383.33909
G1 X95.007 Y103.100 E383.63997
G1 X94.957 Y103.096 E383.64163
G1 X94.907 Y103.084 E383.64334
G1 X94.817 Y103.036 E383.64674
G1 X94.793 Y103.016 E383.64778
G1 X94.731 Y102.930 E383.65130
G1 X94.706 Y102.851 E383.65406
G1 X94.700 Y102.558 E383.66381
G1 F2400 E379.66381
G0 F9000 X106.600 Y102.565
;TYPE:WALL-INNER
G1 F2400 E383.66381
G1 F1680 X106.603 Y102.406 E383.66909
G1 X115.395 Y102.400 E383.96152
G1 X115.399 Y102.693 E383.97126
G1 X106.603 Y102.700 E384.26382
G1 X106.600 Y102.565 E384.26831
G0 F9000 X106.200 Y102.558
;TYPE:WALL-OUTER
G1 F1260 X106.206 Y102.248 E384.27862
G1 X106.220 Y102.196 E384.28042
G1 X106.283 Y102.093 E384.28443
G1 X106.369 Y102.031 E384.28796
G1 X106.407 Y102.015 E384.28933
G1 X106.446 Y102.006 E384.29066
G1 X115.498 Y102.000 E384.59173
G1 X115.542 Y102.003 E384.59320
G1 X115.601 Y102.019 E384.59523
G1 X115.706 Y102.083 E384.59932
G1 X115.768 Y102.169 E384.60285
G1 X115.783 Y102.205 E384.60414
G1 X115.793 Y102.247 E384.60558
G1 X115.800 Y102.794 E384.62377
G1 X115.796 Y102.842 E384.62538
G1 X115.785 Y102.886 E384.62689
G1 X115.737 Y102.981 E384.63043
G1 X115.716 Y103.006 E384.63151
G1 X115.630 Y103.068 E384.63504
G1 X115.592 Y103.084 E384.63641
G1 X115.553 Y103.093 E384.63774
G1 X106.507 Y103.100 E384.93861
G1 X106.457 Y103.096 E384.94028
G1 X106.407 Y103.084 E384.94199
G1 X106.317 Y103.036 E384.94538
G1 X106.293 Y103.016 E384.94642
G1 X106.231 Y102.930 E384.94995
G1 X106.206 Y102.851 E384.95270
G1 X106.200 Y102.558 E384.96245
;LAYER:42
G1 F2400 E380.96245
G0 F9000 X92.399 Y102.693 Z8.700
;TYPE:WALL-INNER
G1 F2400 E384.96245
G1 F1680 X83.600 Y102.700 E385.25511
G1 X83.601 Y102.406 E385.26489
G1 X92.395 Y102.400 E385.55737
G1 X92.399 Y102.693 E385.56712
G0 F9000 X92.800 Y102.785
;TYPE:WALL-OUTER
G1 F1260 X92.783 Y102.890 E385.57066
G1 X92.740 Y102.975 E385.57383
G1 X92.675 Y103.040 E385.57688
G1 X92.553 Y103.093 E385.58131
G1 X83.513 Y103.100 E385.88198
G1 X83.409 Y103.083 E385.88549
G1 X83.324 Y103.040 E385.88865
G1 X83.259 Y102.975 E385.89171
G1 X83.214 Y102.886 E385.89503
G1 X83.203 Y102.842 E385.89654
G1 X83.200 Y102.801 E385.89790
G1 X83.202 Y102.283 E385.91513
G1 X83.216 Y102.209 E385.91764
G1 X83.259 Y102.124 E385.92081
G1 X83.324 Y102.059 E385.92386
G1 X83.446 Y102.006 E385.92829
G1 X92.482 Y102.000 E386.22883
G1 X92.593 Y102.017 E386.23256
G1 X92.675 Y102.059 E386.23563
G1 X92.740 Y102.124 E386.23868
G1 X92.793 Y102.247 E386.24314
G1 X92.800 Y102.785 E386.26103
G1 F2400 E382.26103
G0 F9000 X95.100 Y102.559
;TYPE:WALL-INNER
G1 F2400 E386.26103
G1 F1680 X95.106 Y102.406 E386.26613
G1 X103.895 Y102.400 E386.55845
G1 X103.899 Y102.693 E386.56819
G1 X95.103 Y102.700 E386.86075
G1 X95.100 Y102.559 E386.86544
G0 F9000 X94.700 Y102.555
;TYPE:WALL-OUTER
G1 F1260 X94.713 Y102.231 E386.87623
G1 X94.763 Y102.120 E386.88028
G1 X94.824 Y102.059 E386.88315
G1 X94.946 Y102.006 E386.88757
G1 X103.982 Y102.000 E387.18811
G1 X104.093 Y102.017 E387.19184
G1 X104.175 Y102.059 E387.19491
G1 X104.240 Y102.124 E387.19796
G1 X104.293 Y102.247 E387.20242
G1 X104.300 Y102.787 E387.22038
G1 X104.283 Y102.891 E387.22389
G1 X104.240 Y102.975 E387.22702
G1 X104.175 Y103.040 E387.23008
G1 X104.053 Y103.093 E387.23451
G1 X95.013 Y103.100 E387.53518
G1 X94.909 Y103.083 E387.53868
G1 X94.824 Y103.040 E387.54185
G1 X94.759 Y102.975 E387.54491
G1 X94.706 Y102.851 E387.54939
G1 X94.700 Y102.555 E387.55924
G1 F2400 E383.55924
G0 F9000 X106.600 Y102.559
;TYPE:WALL-INNER
G1 F2400 E387.55924
G1 F1680 X106.606 Y102.406 E387.56433
G1 X115.395 Y102.400 E387.85666
G1 X115.399 Y102.693 E387.86640
G1 X106.603 Y102.700 E388.15896
G1 X106.600 Y102.559 E388.16365
G0 F9000 X106.200 Y102.555
;TYPE:WALL-OUTER
G1 F1260 X106.213 Y102.231 E388.17444
G1 X106.263 Y102.120 E388.17848
G1 X106.324 Y102.059 E388.18135
G1 X106.446 Y102.006 E388.18578
G1 X115.482 Y102.000 E388.48632
G1 X115.593 Y102.017 E388.49005
G1 X115.675 Y102.059 E388.49312
G1 X115.740 Y102.124 E388.49617
G1 X115.793 Y102.247 E388.50063
G1 X115.800 Y102.787 E388.51859
G1 X115.783 Y102.891 E388.52209
G1 X115.740 Y102.975 E388.52523
G1 X115.675 Y103.040 E388.52829
G1 X115.553 Y103.093 E388.53271
G1 X106.513 Y103.100 E388.83339
G1 X106.409 Y103.083 E388.83689
G1 X106.324 Y103.040 E388.84006
G1 X106.259 Y102.975 E388.84312
G1 X106.206 Y102.851 E388.84760
G1 X106.200 Y102.555 E388.85745
;LAYER:43
G1 F2400 E384.85745
G0 F9000 X92.399 Y102.693 Z8.900
;TYPE:WALL-INNER
G1 F2400 E388.85745
G1 F1680 X83.600 Y102.700 E389.15011
G1 X83.601 Y102.406 E389.15988
G1 X92.395 Y102.400 E389.45237
G1 X92.399 Y102.693 E389.46212
G0 F9000 X92.800 Y102.785
;TYPE:WALL-OUTER
G1 F1260 X92.772 Y102.921 E389.46674
G1 X92.667 Y103.044 E389.47212
G1 X92.553 Y103.093 E389.47624
G1 X83.513 Y103.100 E389.77692
G1 X83.378 Y103.072 E389.78150
G1 X83.255 Y102.967 E389.78688
G1 X83.214 Y102.886 E389.78990
G1 X83.203 Y102.842 E389.79141
G1 X83.200 Y102.801 E389.79278
G1 X83.202 Y102.284 E389.80997
G1 X83.217 Y102.202 E389.81274
G1 X83.227 Y102.178 E389.81361
G1 X83.332 Y102.055 E389.81899
G1 X83.446 Y102.006 E389.82311
G1 X92.482 Y102.000 E390.12365
G1 X92.621 Y102.027 E390.12836
G1 X92.744 Y102.132 E390.13374
G1 X92.793 Y102.247 E390.13790
G1 X92.800 Y102.785 E390.15579
G1 F2400 E386.15579
G0 F9000 X95.100 Y102.553
;TYPE:WALL-INNER
G1 F2400 E390.15579
G1 F1680 X95.106 Y102.406 E390.16069
G1 X103.895 Y102.400 E390.45301
G1 X103.899 Y102.693 E390.46276
G1 X95.103 Y102.700 E390.75531
G1 X95.100 Y102.553 E390.76020
G0 F9000 X94.700 Y102.548
;TYPE:WALL-OUTER
G1 F1260 X94.713 Y102.221 E390.77109
G1 X94.729 Y102.176 E390.77268
G1 X94.832 Y102.055 E390.77796
G1 X94.946 Y102.006 E390.78209
G1 X103.982 Y102.000 E391.08263
G1 X104.121 Y102.027 E391.08734
G1 X104.244 Y102.132 E391.09272
G1 X104.293 Y102.247 E391.09687
G1 X104.300 Y102.787 E391.11484
G1 X104.285 Y102.881 E391.11800
G1 X104.203 Y103.015 E391.12323
G1 X104.134 Y103.065 E391.12606
G1 X104.047 Y103.093 E391.12910
G1 X95.013 Y103.100 E391.42957
G1 X94.878 Y103.072 E391.43416
G1 X94.755 Y102.967 E391.43954
G1 X94.706 Y102.851 E391.44373
G1 X94.700 Y102.548 E391.45381
G1 F2400 E387.45381
G0 F9000 X106.600 Y102.553
;TYPE:WALL-INNER
G1 F2400 E391.45381
G1 F1680 X106.606 Y102.406 E391.45870
G1 X115.395 Y102.400 E391.75102
G1 X115.399 Y102.693 E391.76077
G1 X106.603 Y102.700 E392.05332
G1 X106.600 Y102.553 E392.05822
G0 F9000 X106.200 Y102.548
;TYPE:WALL-OUTER
G1 F1260 X106.213 Y102.221 E392.06910
G1 X106.229 Y102.176 E392.07069
G1 X106.332 Y102.055 E392.07597
G1 X106.446 Y102.006 E392.08010
G1 X115.482 Y102.000 E392.38064
G1 X115.621 Y102.027 E392.38535
G1 X115.744 Y102.132 E392.39073
G1 X115.793 Y102.247 E392.39489
G1 X115.800 Y102.787 E392.41285
G1 X115.785 Y102.881 E392.41601
G1 X115.703 Y103.015 E392.42124
G1 X115.634 Y103.065 E392.42407
G1 X115.547 Y103.093 E392.42711
G1 X106.513 Y103.100 E392.72758
G1 X106.378 Y103.072 E392.73217
G1 X106.255 Y102.967 E392.73755
G1 X106.206 Y102.851 E392.74174
G1 X106.200 Y102.548 E392.75182
;LAYER:44
G1 F2400 E388.75182
G0 F9000 X92.399 Y102.693 Z9.100
;TYPE:WALL-INNER
G1 F2400 E392.75182
G1 F1680 X83.600 Y102.700 E393.04447
G1 X83.601 Y102.406 E393.05425
G1 X92.395 Y102.400 E393.34674
G1 X92.399 Y102.693 E393.35649
G0 F9000 X92.800 Y102.785
;TYPE:WALL-OUTER
G1 F1260 X92.782 Y102.895 E393.36019
G1 X92.768 Y102.930 E393.36145
G1 X92.710 Y103.010 E393.36474
G1 X92.634 Y103.065 E393.36786
G1 X92.547 Y103.093 E393.37090
G1 X83.513 Y103.100 E393.67137
G1 X83.403 Y103.082 E393.67507
G1 X83.289 Y103.010 E393.67956
G1 X83.234 Y102.934 E393.68268
G1 X83.203 Y102.838 E393.68603
G1 X83.200 Y102.801 E393.68727
G1 X83.202 Y102.283 E393.70450
G1 X83.231 Y102.169 E393.70841
G1 X83.289 Y102.089 E393.71170
G1 X83.365 Y102.034 E393.71482
G1 X83.452 Y102.006 E393.71786
G1 X92.482 Y102.000 E394.01820
G1 X92.599 Y102.018 E394.02213
G1 X92.630 Y102.031 E394.02325
G1 X92.710 Y102.089 E394.02654
G1 X92.765 Y102.165 E394.02966
G1 X92.793 Y102.253 E394.03273
G1 X92.800 Y102.785 E394.05043
G1 F2400 E390.05043
G0 F9000 X95.100 Y102.547
;TYPE:WALL-INNER
G1 F2400 E394.05043
G1 F1680 X95.106 Y102.406 E394.05512
G1 X103.895 Y102.400 E394.34744
G1 X103.899 Y102.693 E394.35719
G1 X95.103 Y102.700 E394.64975
G1 X95.100 Y102.547 E394.65484
G0 F9000 X94.700 Y102.541
;TYPE:WALL-OUTER
G1 F1260 X94.713 Y102.226 E394.66532
G1 X94.734 Y102.165 E394.66747
G1 X94.789 Y102.089 E394.67059
G1 X94.865 Y102.034 E394.67371
G1 X94.952 Y102.006 E394.67675
G1 X103.982 Y102.000 E394.97709
G1 X104.099 Y102.018 E394.98102
G1 X104.130 Y102.031 E394.98214
G1 X104.210 Y102.089 E394.98543
G1 X104.265 Y102.165 E394.98855
G1 X104.293 Y102.253 E394.99162
G1 X104.300 Y102.787 E395.00938
G1 X104.283 Y102.891 E395.01289
G1 X104.240 Y102.975 E395.01603
G1 X104.175 Y103.040 E395.01908
G1 X104.053 Y103.093 E395.02351
G1 X95.013 Y103.100 E395.32418
G1 X94.903 Y103.082 E395.32789
G1 X94.789 Y103.010 E395.33237
G1 X94.734 Y102.934 E395.33549
G1 X94.705 Y102.845 E395.33860
G1 X94.700 Y102.541 E395.34872
G1 F2400 E391.34872
G0 F9000 X106.600 Y102.547
;TYPE:WALL-INNER
G1 F2400 E395.34872
G1 F1680 X106.606 Y102.406 E395.35341
G1 X115.395 Y102.400 E395.64573
G1 X115.399 Y102.693 E395.65548
G1 X106.603 Y102.700 E395.94804
G1 X106.600 Y102.547 E395.95313
G0 F9000 X106.200 Y102.541
;TYPE:WALL-OUTER
G1 F1260 X106.213 Y102.226 E395.96361
G1 X106.234 Y102.165 E395.96576
G1 X106.289 Y102.089 E395.96888
G1 X106.365 Y102.034 E395.97200
G1 X106.452 Y102.006 E395.97504
G1 X115.482 Y102.000 E396.27538
G1 X115.599 Y102.018 E396.27931
G1 X115.630 Y102.031 E396.28043
G1 X115.710 Y102.089 E396.28372
G1 X115.765 Y102.165 E396.28684
G1 X115.793 Y102.253 E396.28991
G1 X115.800 Y102.787 E396.30767
G1 X115.783 Y102.891 E396.31118
G1 X115.740 Y102.975 E396.31432
G1 X115.675 Y103.040 E396.31737
G1 X115.553 Y103.093 E396.32180
G1 X106.513 Y103.100 E396.62247
G1 X106.403 Y103.082 E396.62618
G1 X106.289 Y103.010 E396.63066
G1 X106.234 Y102.934 E396.63378
G1 X106.205 Y102.845 E396.63690
G1 X106.200 Y102.541 E396.64701
;LAYER:45
G1 F2400 E392.64701
G0 F9000 X92.399 Y102.693 Z9.300
;TYPE:WALL-INNER
G1 F2400 E396.64701
G1 F1680 X88.449 Y102.700 E396.77839
G1 X83.600 Y102.700 E396.93966
G1 X83.601 Y102.406 E396.94944
G1 X92.395 Y102.400 E397.24193
G1 X92.399 Y102.693 E397.25168
G0 F9000 X92.800 Y102.785
;TYPE:WALL-OUTER
G1 F1260 X92.791 Y102.858 E397.25412
G1 X92.750 Y102.959 E397.25775
G1 X92.712 Y103.008 E397.25981
G1 X92.634 Y103.065 E397.26303
G1 X92.547 Y103.093 E397.26607
G1 X83.513 Y103.100 E397.56654
G1 X83.419 Y103.085 E397.56970
G1 X83.283 Y103.002 E397.57500
G1 X83.234 Y102.934 E397.57779
G1 X83.203 Y102.837 E397.58118
G1 X83.200 Y102.801 E397.58238
G1 X83.202 Y102.283 E397.59961
G1 X83.214 Y102.219 E397.60177
G1 X83.297 Y102.083 E397.60707
G1 X83.365 Y102.034 E397.60986
G1 X83.452 Y102.006 E397.61290
G1 X92.482 Y102.000 E397.91324
G1 X92.583 Y102.016 E397.91664
G1 X92.716 Y102.097 E397.92182
G1 X92.765 Y102.165 E397.92461
G1 X92.793 Y102.253 E397.92768
G1 X92.800 Y102.785 E397.94538
G1 F2400 E393.94538
G0 F9000 X95.100 Y102.515
;TYPE:WALL-INNER
G1 F2400 E397.94538
G1 F1680 X95.105 Y102.406 E397.94900
G1 X103.895 Y102.400 E398.24136
G1 X103.899 Y102.693 E398.25111
G1 X99.949 Y102.700 E398.38249
G1 X95.103 Y102.700 E398.54366
G1 X95.100 Y102.515 E398.54982
G0 F9000 X94.700 Y102.533
;TYPE:WALL-OUTER
G1 F1260 X94.713 Y102.231 E398.55987
G1 X94.749 Y102.140 E398.56313
G1 X94.787 Y102.091 E398.56519
G1 X94.865 Y102.034 E398.56840
G1 X94.952 Y102.006 E398.57144
G1 X103.982 Y102.000 E398.87178
G1 X104.083 Y102.016 E398.87518
G1 X104.216 Y102.097 E398.88036
G1 X104.264 Y102.164 E398.88310
G1 X104.293 Y102.253 E398.88622
G1 X104.300 Y102.789 E398.90405
G1 X104.291 Y102.858 E398.90636
G1 X104.250 Y102.959 E398.90998
G1 X104.212 Y103.008 E398.91205
G1 X104.134 Y103.065 E398.91526
G1 X104.047 Y103.093 E398.91830
G1 X95.013 Y103.100 E399.21877
G1 X94.919 Y103.085 E399.22194
G1 X94.783 Y103.002 E399.22724
G1 X94.734 Y102.934 E399.23003
G1 X94.705 Y102.845 E399.23314
G1 X94.700 Y102.533 E399.24352
G1 F2400 E395.24352
G0 F9000 X106.600 Y102.515
;TYPE:WALL-INNER
G1 F2400 E399.24352
G1 F1680 X106.605 Y102.406 E399.24715
G1 X115.395 Y102.400 E399.53950
G1 X115.399 Y102.693 E399.54925
G1 X111.449 Y102.700 E399.68063
G1 X106.603 Y102.700 E399.84181
G1 X106.600 Y102.515 E399.84796
G0 F9000 X106.200 Y102.533
;TYPE:WALL-OUTER
G1 F1260 X106.213 Y102.231 E399.85801
G1 X106.249 Y102.140 E399.86127
G1 X106.287 Y102.091 E399.86333
G1 X106.365 Y102.034 E399.86654
G1 X106.452 Y102.006 E399.86958
G1 X115.482 Y102.000 E400.16992
G1 X115.583 Y102.016 E400.17332
G1 X115.716 Y102.097 E400.17850
G1 X115.764 Y102.164 E400.18124
G1 X115.793 Y102.253 E400.18436
G1 X115.800 Y102.789 E400.20219
G1 X115.791 Y102.858 E400.20450
G1 X115.750 Y102.959 E400.20813
G1 X115.712 Y103.008 E400.21019
G1 X115.634 Y103.065 E400.21340
G1 X115.547 Y103.093 E400.21644
G1 X106.513 Y103.100 E400.51691
G1 X106.419 Y103.085 E400.52008
G1 X106.283 Y103.002 E400.52538
G1 X106.234 Y102.934 E400.52817
G1 X106.205 Y102.845 E400.53128
G1 X106.200 Y102.533 E400.54166
;LAYER:46
G1 F2400 E396.54166
G0 F9000 X92.399 Y102.693 Z9.500
;TYPE:WALL-INNER
G1 F2400 E400.54166
G1 F1680 X88.578 Y102.700 E400.66875
G1 X83.600 Y102.700 E400.83432
G1 X83.601 Y102.406 E400.84409
G1 X92.395 Y102.400 E401.13658
G1 X92.399 Y102.693 E401.14633
G0 F9000 X92.800 Y102.785
;TYPE:WALL-OUTER
G1 F1260 X92.783 Y102.890 E401.14987
G1 X92.716 Y103.006 E401.15432
G1 X92.634 Y103.065 E401.15768
G1 X92.547 Y103.093 E401.16072
G1 X83.513 Y103.100 E401.46119
G1 X83.409 Y103.083 E401.46470
G1 X83.317 Y103.036 E401.46814
G1 X83.293 Y103.016 E401.46917
G1 X83.234 Y102.934 E401.47253
G1 X83.203 Y102.838 E401.47589
G1 X83.200 Y102.801 E401.47712
G1 X83.202 Y102.292 E401.49405
G1 X83.239 Y102.154 E401.49881
G1 X83.283 Y102.093 E401.50131
G1 X83.365 Y102.034 E401.50467
G1 X83.452 Y102.006 E401.50771
G1 X92.482 Y102.000 E401.80805
G1 X92.593 Y102.017 E401.81178
G1 X92.706 Y102.083 E401.81613
G1 X92.765 Y102.165 E401.81949
G1 X92.793 Y102.253 E401.82257
G1 X92.800 Y102.785 E401.84026
G1 F2400 E397.84026
G0 F9000 X95.100 Y102.532
;TYPE:WALL-INNER
G1 F2400 E401.84026
G1 F1680 X95.105 Y102.406 E401.84446
G1 X103.895 Y102.400 E402.13681
G1 X103.899 Y102.693 E402.14656
G1 X100.078 Y102.700 E402.27365
G1 X95.103 Y102.700 E402.43911
G1 X95.100 Y102.532 E402.44470
G0 F9000 X94.700 Y102.526
;TYPE:WALL-OUTER
G1 F1260 X94.712 Y102.233 E402.45446
G1 X94.765 Y102.115 E402.45876
G1 X94.783 Y102.093 E402.45970
G1 X94.865 Y102.034 E402.46306
G1 X94.952 Y102.006 E402.46610
G1 X103.982 Y102.000 E402.76644
G1 X104.093 Y102.017 E402.77018
G1 X104.206 Y102.083 E402.77453
G1 X104.265 Y102.165 E402.77789
G1 X104.293 Y102.253 E402.78096
G1 X104.300 Y102.787 E402.79872
G1 X104.283 Y102.891 E402.80223
G1 X104.238 Y102.980 E402.80555
G1 X104.216 Y103.006 E402.80668
G1 X104.134 Y103.065 E402.81004
G1 X104.047 Y103.093 E402.81308
G1 X95.013 Y103.100 E403.11355
G1 X94.909 Y103.083 E403.11706
G1 X94.817 Y103.036 E403.12049
G1 X94.793 Y103.016 E403.12153
G1 X94.734 Y102.934 E403.12489
G1 X94.706 Y102.845 E403.12799
G1 X94.700 Y102.526 E403.13861
G1 F2400 E399.13861
G0 F9000 X106.600 Y102.532
;TYPE:WALL-INNER
G1 F2400 E403.13861
G1 F1680 X106.605 Y102.406 E403.14280
G1 X115.395 Y102.400 E403.43516
G1 X115.399 Y102.693 E403.44490
G1 X111.578 Y102.700 E403.57199
G1 X106.603 Y102.700 E403.73746
G1 X106.600 Y102.532 E403.74305
G0 F9000 X106.200 Y102.526
;TYPE:WALL-OUTER
G1 F1260 X106.212 Y102.233 E403.75280
G1 X106.265 Y102.115 E403.75710
G1 X106.283 Y102.093 E403.75805
G1 X106.365 Y102.034 E403.76141
G1 X106.452 Y102.006 E403.76445
G1 X115.482 Y102.000 E404.06479
G1 X115.593 Y102.017 E404.06852
G1 X115.706 Y102.083 E404.07288
G1 X115.765 Y102.165 E404.07624
G1 X115.793 Y102.253 E404.07931
G1 X115.800 Y102.787 E404.09707
G1 X115.783 Y102.891 E404.10057
G1 X115.738 Y102.980 E404.10389
G1 X115.716 Y103.006 E404.10502
G1 X115.634 Y103.065 E404.10838
G1 X115.547 Y103.093 E404.11142
G1 X106.513 Y103.100 E404.41190
G1 X106.409 Y103.083 E404.41540
G1 X106.317 Y103.036 E404.41884
G1 X106.293 Y103.016 E404.41988
G1 X106.234 Y102.934 E404.42324
G1 X106.206 Y102.845 E404.42634
G1 X106.200 Y102.526 E404.43695
;LAYER:47
G1 F2400 E400.43695
G0 F9000 X92.395 Y102.400 Z9.700
;TYPE:WALL-INNER
G1 F2400 E404.43695
G1 F1680 X92.399 Y102.693 E404.44670
G1 X88.707 Y102.700 E404.56949
G1 X83.600 Y102.700 E404.73935
G1 X83.601 Y102.406 E404.74913
G1 X92.395 Y102.400 E405.04162
G0 F9000 X92.482 Y102.000
;TYPE:WALL-OUTER
G1 F1260 X92.593 Y102.017 E405.04536
G1 X92.676 Y102.060 E405.04847
G1 X92.723 Y102.104 E405.05061
G1 X92.764 Y102.162 E405.05297
G1 X92.793 Y102.253 E405.05615
G1 X92.800 Y102.785 E405.07384
G1 X92.783 Y102.890 E405.07738
G1 X92.739 Y102.976 E405.08059
G1 X92.695 Y103.023 E405.08273
G1 X92.637 Y103.064 E405.08510
G1 X92.547 Y103.093 E405.08824
G1 X83.513 Y103.100 E405.38871
G1 X83.409 Y103.083 E405.39222
G1 X83.323 Y103.039 E405.39543
G1 X83.276 Y102.995 E405.39757
G1 X83.235 Y102.937 E405.39994
G1 X83.203 Y102.838 E405.40340
G1 X83.200 Y102.801 E405.40463
G1 X83.202 Y102.283 E405.42186
G1 X83.216 Y102.209 E405.42436
G1 X83.260 Y102.123 E405.42758
G1 X83.304 Y102.076 E405.42972
G1 X83.362 Y102.035 E405.43208
G1 X83.452 Y102.006 E405.43523
G1 X92.482 Y102.000 E405.73557
G1 F2400 E401.73557
G0 F9000 X95.100 Y102.525
;TYPE:WALL-INNER
G1 F2400 E405.73557
G1 F1680 X95.105 Y102.406 E405.73953
G1 X103.895 Y102.400 E406.03188
G1 X103.899 Y102.693 E406.04163
G1 X100.207 Y102.700 E406.16443
G1 X95.103 Y102.700 E406.33419
G1 X95.100 Y102.525 E406.34001
G0 F9000 X94.700 Y102.519
;TYPE:WALL-OUTER
G1 F1260 X94.711 Y102.237 E406.34939
G1 X94.765 Y102.117 E406.35377
G1 X94.804 Y102.076 E406.35565
G1 X94.862 Y102.035 E406.35801
G1 X94.952 Y102.006 E406.36116
G1 X103.982 Y102.000 E406.66150
G1 X104.093 Y102.017 E406.66523
G1 X104.176 Y102.060 E406.66834
G1 X104.223 Y102.104 E406.67048
G1 X104.264 Y102.162 E406.67285
G1 X104.293 Y102.253 E406.67602
G1 X104.300 Y102.787 E406.69379
G1 X104.283 Y102.891 E406.69729
G1 X104.240 Y102.975 E406.70043
G1 X104.195 Y103.023 E406.70262
G1 X104.137 Y103.064 E406.70498
G1 X104.047 Y103.093 E406.70813
G1 X95.013 Y103.100 E407.00860
G1 X94.909 Y103.083 E407.01210
G1 X94.823 Y103.039 E407.01532
G1 X94.776 Y102.995 E407.01746
G1 X94.735 Y102.937 E407.01982
G1 X94.706 Y102.845 E407.02303
G1 X94.700 Y102.519 E407.03387
G1 F2400 E403.03387
G0 F9000 X106.600 Y102.525
;TYPE:WALL-INNER
G1 F2400 E407.03387
G1 F1680 X106.605 Y102.406 E407.03783
G1 X115.395 Y102.400 E407.33019
G1 X115.399 Y102.693 E407.33994
G1 X111.707 Y102.700 E407.46273
G1 X106.603 Y102.700 E407.63249
G1 X106.600 Y102.525 E407.63831
G0 F9000 X106.200 Y102.519
;TYPE:WALL-OUTER
G1 F1260 X106.211 Y102.237 E407.64770
G1 X106.265 Y102.117 E407.65208
G1 X106.304 Y102.076 E407.65396
G1 X106.362 Y102.035 E407.65632
G1 X106.452 Y102.006 E407.65947
G1 X115.482 Y102.000 E407.95981
G1 X115.593 Y102.017 E407.96354
G1 X115.676 Y102.060 E407.96665
G1 X115.723 Y102.104 E407.96879
G1 X115.764 Y102.162 E407.97115
G1 X115.793 Y102.253 E407.97433
G1 X115.800 Y102.787 E407.99209
G1 X115.783 Y102.891 E407.99560
G1 X115.740 Y102.975 E407.99874
G1 X115.695 Y103.023 E408.00092
G1 X115.637 Y103.064 E408.00329
G1 X115.547 Y103.093 E408.00643
G1 X106.513 Y103.100 E408.30690
G1 X106.409 Y103.083 E408.31041
G1 X106.323 Y103.039 E408.31362
G1 X106.276 Y102.995 E408.31576
G1 X106.235 Y102.937 E408.31813
G1 X106.206 Y102.845 E408.32133
G1 X106.200 Y102.519 E408.33218
;LAYER:48
G1 F2400 E404.33218
G0 F9000 X92.395 Y102.400 Z9.900
;TYPE:WALL-INNER
G1 F2400 E408.33218
G1 F1680 X92.399 Y102.693 E408.34192
G1 X88.835 Y102.700 E408.46046
G1 X83.600 Y102.700 E408.63458
G1 X83.601 Y102.406 E408.64436
G1 X92.395 Y102.400 E408.93685
G0 F9000 X92.482 Y102.000
;TYPE:WALL-OUTER
G1 F1260 X92.598 Y102.018 E408.94075
G1 X92.648 Y102.041 E408.94258
G1 X92.708 Y102.087 E408.94510
G1 X92.765 Y102.165 E408.94831
G1 X92.793 Y102.253 E408.95138
G1 X92.800 Y102.785 E408.96908
G1 X92.782 Y102.895 E408.97279
G1 X92.758 Y102.948 E408.97472
G1 X92.712 Y103.008 E408.97724
G1 X92.634 Y103.065 E408.98045
G1 X92.547 Y103.093 E408.98349
G1 X83.513 Y103.100 E409.28396
G1 X83.404 Y103.082 E409.28764
G1 X83.351 Y103.058 E409.28957
G1 X83.291 Y103.012 E409.29209
G1 X83.234 Y102.934 E409.29530
G1 X83.203 Y102.838 E409.29865
G1 X83.200 Y102.801 E409.29989
G1 X83.202 Y102.287 E409.31698
G1 X83.217 Y102.204 E409.31979
G1 X83.241 Y102.151 E409.32173
G1 X83.287 Y102.091 E409.32424
G1 X83.365 Y102.034 E409.32745
G1 X83.452 Y102.006 E409.33049
G1 X92.482 Y102.000 E409.63083
G1 F2400 E405.63083
G0 F9000 X95.100 Y102.494
;TYPE:WALL-INNER
G1 F2400 E409.63083
G1 F1680 X95.104 Y102.406 E409.63376
G1 X103.895 Y102.400 E409.92615
G1 X103.899 Y102.693 E409.93590
G1 X100.335 Y102.700 E410.05444
G1 X95.103 Y102.700 E410.22845
G1 X95.100 Y102.494 E410.23531
G0 F9000 X94.700 Y102.512
;TYPE:WALL-OUTER
G1 F1260 X94.712 Y102.229 E410.24473
G1 X94.734 Y102.165 E410.24698
G1 X94.789 Y102.089 E410.25010
G1 X94.865 Y102.034 E410.25322
G1 X94.952 Y102.006 E410.25626
G1 X103.982 Y102.000 E410.55660
G1 X104.098 Y102.018 E410.56050
G1 X104.148 Y102.041 E410.56233
G1 X104.208 Y102.087 E410.56485
G1 X104.265 Y102.165 E410.56806
G1 X104.293 Y102.253 E410.57113
G1 X104.300 Y102.787 E410.58889
G1 X104.283 Y102.891 E410.59240
G1 X104.255 Y102.952 E410.59463
G1 X104.212 Y103.008 E410.59698
G1 X104.134 Y103.065 E410.60019
G1 X104.047 Y103.093 E410.60323
G1 X95.013 Y103.100 E410.90371
G1 X94.904 Y103.082 E410.90738
G1 X94.851 Y103.058 E410.90931
G1 X94.791 Y103.012 E410.91183
G1 X94.734 Y102.934 E410.91504
G1 X94.706 Y102.845 E410.91815
G1 X94.700 Y102.512 E410.92922
G1 F2400 E406.92922
G0 F9000 X106.600 Y102.494
;TYPE:WALL-INNER
G1 F2400 E410.92922
G1 F1680 X106.604 Y102.406 E410.93215
G1 X115.395 Y102.400 E411.22454
G1 X115.399 Y102.693 E411.23429
G1 X111.835 Y102.700 E411.35283
G1 X106.603 Y102.700 E411.52685
G1 X106.600 Y102.494 E411.53370
G0 F9000 X106.200 Y102.512
;TYPE:WALL-OUTER
G1 F1260 X106.212 Y102.229 E411.54312
G1 X106.234 Y102.165 E411.54537
G1 X106.289 Y102.089 E411.54849
G1 X106.365 Y102.034 E411.55161
G1 X106.452 Y102.006 E411.55465
G1 X115.482 Y102.000 E411.85499
G1 X115.598 Y102.018 E411.85889
G1 X115.648 Y102.041 E411.86072
G1 X115.708 Y102.087 E411.86324
G1 X115.765 Y102.165 E411.86645
G1 X115.793 Y102.253 E411.86952
G1 X115.800 Y102.787 E411.88729
G1 X115.783 Y102.891 E411.89079
G1 X115.755 Y102.952 E411.89302
G1 X115.712 Y103.008 E411.89537
G1 X115.634 Y103.065 E411.89858
G1 X115.547 Y103.093 E411.90162
G1 X106.513 Y103.100 E412.20210
G1 X106.404 Y103.082 E412.20577
G1 X106.351 Y103.058 E412.20771
G1 X106.291 Y103.012 E412.21022
G1 X106.234 Y102.934 E412.21343
G1 X106.206 Y102.845 E412.21654
G1 X106.200 Y102.512 E412.22761
;LAYER:49
G1 F2400 E408.22761
G0 F9000 X92.395 Y102.400 Z10.100
;TYPE:WALL-INNER
G1 F2400 E412.22761
G1 F1680 X92.399 Y102.693 E412.23736
G1 X88.964 Y102.700 E412.35161
G1 X83.600 Y102.700 E412.53002
G1 X83.601 Y102.406 E412.53980
G1 X92.395 Y102.400 E412.83228
G0 F9000 X92.482 Y102.000
;TYPE:WALL-OUTER
G1 F1260 X92.596 Y102.018 E412.83612
G1 X92.648 Y102.042 E412.83803
G1 X92.711 Y102.089 E412.84064
G1 X92.761 Y102.155 E412.84340
G1 X92.793 Y102.253 E412.84683
G1 X92.800 Y102.785 E412.86452
G1 X92.783 Y102.893 E412.86816
G1 X92.710 Y103.011 E412.87277
G1 X92.642 Y103.062 E412.87560
G1 X92.547 Y103.093 E412.87892
G1 X83.513 Y103.100 E413.17940
G1 X83.406 Y103.083 E413.18300
G1 X83.288 Y103.010 E413.18761
G1 X83.236 Y102.941 E413.19049
G1 X83.203 Y102.838 E413.19409
G1 X83.200 Y102.801 E413.19532
G1 X83.202 Y102.287 E413.21242
G1 X83.216 Y102.206 E413.21515
G1 X83.289 Y102.088 E413.21976
G1 X83.358 Y102.036 E413.22264
G1 X83.452 Y102.006 E413.22592
G1 X92.482 Y102.000 E413.52626
G1 F2400 E409.52626
G0 F9000 X95.100 Y102.488
;TYPE:WALL-INNER
G1 F2400 E413.52626
G1 F1680 X95.104 Y102.406 E413.52899
G1 X103.895 Y102.400 E413.82138
G1 X103.899 Y102.693 E413.83113
G1 X100.464 Y102.700 E413.94537
G1 X95.103 Y102.700 E414.12368
G1 X95.100 Y102.488 E414.13073
G0 F9000 X94.700 Y102.506
;TYPE:WALL-OUTER
G1 F1260 X94.715 Y102.209 E414.14063
G1 X94.789 Y102.088 E414.14534
G1 X94.858 Y102.036 E414.14822
G1 X94.952 Y102.006 E414.15150
G1 X103.982 Y102.000 E414.45184
G1 X104.096 Y102.018 E414.45568
G1 X104.148 Y102.042 E414.45758
G1 X104.211 Y102.089 E414.46019
G1 X104.261 Y102.155 E414.46295
G1 X104.293 Y102.253 E414.46638
G1 X104.300 Y102.787 E414.48414
G1 X104.282 Y102.894 E414.48775
G1 X104.258 Y102.947 E414.48968
G1 X104.210 Y103.011 E414.49234
G1 X104.142 Y103.062 E414.49517
G1 X104.047 Y103.093 E414.49850
G1 X95.013 Y103.100 E414.79897
G1 X94.906 Y103.083 E414.80257
G1 X94.788 Y103.010 E414.80719
G1 X94.736 Y102.941 E414.81006
G1 X94.706 Y102.845 E414.81341
G1 X94.700 Y102.506 E414.82468
G1 F2400 E410.82468
G0 F9000 X106.600 Y102.488
;TYPE:WALL-INNER
G1 F2400 E414.82468
G1 F1680 X106.604 Y102.406 E414.82741
G1 X115.395 Y102.400 E415.11980
G1 X115.399 Y102.693 E415.12955
G1 X111.964 Y102.700 E415.24380
G1 X106.603 Y102.700 E415.42211
G1 X106.600 Y102.488 E415.42916
G0 F9000 X106.200 Y102.506
;TYPE:WALL-OUTER
G1 F1260 X106.215 Y102.209 E415.43905
G1 X106.289 Y102.088 E415.44377
G1 X106.358 Y102.036 E415.44664
G1 X106.452 Y102.006 E415.44992
G1 X115.482 Y102.000 E415.75026
G1 X115.596 Y102.018 E415.75410
G1 X115.648 Y102.042 E415.75600
G1 X115.711 Y102.089 E415.75862
G1 X115.761 Y102.155 E415.76137
G1 X115.793 Y102.253 E415.76480
G1 X115.800 Y102.787 E415.78256
G1 X115.782 Y102.894 E415.78617
G1 X115.758 Y102.947 E415.78811
G1 X115.710 Y103.011 E415.79077
G1 X115.642 Y103.062 E415.79359
G1 X115.547 Y103.093 E415.79692
G1 X106.513 Y103.100 E416.09739
G1 X106.406 Y103.083 E416.10099
G1 X106.288 Y103.010 E416.10561
G1 X106.236 Y102.941 E416.10848
G1 X106.206 Y102.845 E416.11183
G1 X106.200 Y102.506 E416.12310
;LAYER:50
G1 F2400 E412.12310
G0 F9000 X92.395 Y102.400 Z10.300
;TYPE:WALL-INNER
G1 F2400 E416.12310
G1 F1680 X92.399 Y102.693 E416.13285
G1 X89.092 Y102.700 E416.24284
G1 X83.600 Y102.700 E416.42551
G1 X83.601 Y102.406 E416.43529
G1 X86.908 Y102.400 E416.54528
G1 X92.395 Y102.400 E416.72778
G0 F9000 X92.482 Y102.000
;TYPE:WALL-OUTER
G1 F1260 X92.599 Y102.018 E416.73171
G1 X92.676 Y102.058 E416.73460
G1 X92.706 Y102.083 E416.73590
G1 X92.765 Y102.165 E416.73926
G1 X92.793 Y102.253 E416.74233
G1 X92.800 Y102.785 E416.76002
G1 X92.782 Y102.895 E416.76373
G1 X92.741 Y102.976 E416.76675
G1 X92.716 Y103.006 E416.76805
G1 X92.634 Y103.065 E416.77141
G1 X92.547 Y103.093 E416.77445
G1 X83.513 Y103.100 E417.07492
G1 X83.403 Y103.082 E417.07863
G1 X83.323 Y103.041 E417.08162
G1 X83.293 Y103.016 E417.08292
G1 X83.234 Y102.934 E417.08628
G1 X83.203 Y102.838 E417.08963
G1 X83.200 Y102.801 E417.09087
G1 X83.202 Y102.288 E417.10793
G1 X83.217 Y102.203 E417.11080
G1 X83.258 Y102.123 E417.11379
G1 X83.283 Y102.093 E417.11509
G1 X83.365 Y102.034 E417.11845
G1 X83.452 Y102.006 E417.12149
G1 X92.482 Y102.000 E417.42183
G1 F2400 E413.42183
G0 F9000 X95.100 Y102.505
;TYPE:WALL-INNER
G1 F2400 E417.42183
G1 F1680 X95.104 Y102.406 E417.42512
G1 X98.408 Y102.400 E417.53502
G1 X103.895 Y102.400 E417.71751
G1 X103.899 Y102.693 E417.72726
G1 X100.592 Y102.700 E417.83725
G1 X95.103 Y102.700 E418.01982
G1 X95.100 Y102.505 E418.02630
G0 F9000 X94.700 Y102.498
;TYPE:WALL-OUTER
G1 F1260 X94.711 Y102.231 E418.03519
G1 X94.736 Y102.159 E418.03773
G1 X94.758 Y102.123 E418.03913
G1 X94.783 Y102.093 E418.04043
G1 X94.865 Y102.034 E418.04379
G1 X94.952 Y102.006 E418.04683
G1 X103.982 Y102.000 E418.34717
G1 X104.099 Y102.018 E418.35110
G1 X104.176 Y102.058 E418.35399
G1 X104.206 Y102.083 E418.35529
G1 X104.265 Y102.165 E418.35865
G1 X104.293 Y102.253 E418.36172
G1 X104.300 Y102.787 E418.37948
G1 X104.283 Y102.891 E418.38299
G1 X104.238 Y102.980 E418.38631
G1 X104.216 Y103.006 E418.38744
G1 X104.134 Y103.065 E418.39080
G1 X104.047 Y103.093 E418.39384
G1 X95.013 Y103.100 E418.69431
G1 X94.903 Y103.082 E418.69802
G1 X94.823 Y103.041 E418.70101
G1 X94.793 Y103.016 E418.70231
G1 X94.734 Y102.934 E418.70567
G1 X94.706 Y102.845 E418.70877
G1 X94.700 Y102.498 E418.72031
G1 F2400 E414.72031
G0 F9000 X106.600 Y102.505
;TYPE:WALL-INNER
G1 F2400 E418.72031
G1 F1680 X106.604 Y102.406 E418.72361
G1 X109.908 Y102.400 E418.83350
G1 X115.395 Y102.400 E419.01600
G1 X115.399 Y102.693 E419.02574
G1 X112.092 Y102.700 E419.13574
G1 X106.603 Y102.700 E419.31830
G1 X106.600 Y102.505 E419.32479
G0 F9000 X106.200 Y102.498
;TYPE:WALL-OUTER
G1 F1260 X106.211 Y102.231 E419.33367
G1 X106.236 Y102.159 E419.33621
G1 X106.258 Y102.123 E419.33761
G1 X106.283 Y102.093 E419.33891
G1 X106.365 Y102.034 E419.34227
G1 X106.452 Y102.006 E419.34531
G1 X115.482 Y102.000 E419.64565
G1 X115.599 Y102.018 E419.64959
G1 X115.676 Y102.058 E419.65247
G1 X115.706 Y102.083 E419.65377
G1 X115.765 Y102.165 E419.65713
G1 X115.793 Y102.253 E419.66020
G1 X115.800 Y102.787 E419.67797
G1 X115.783 Y102.891 E419.68147
G1 X115.738 Y102.980 E419.68479
G1 X115.716 Y103.006 E419.68592
G1 X115.634 Y103.065 E419.68928
G1 X115.547 Y103.093 E419.69232
G1 X106.513 Y103.100 E419.99279
G1 X106.403 Y103.082 E419.99650
G1 X106.323 Y103.041 E419.99949
G1 X106.293 Y103.016 E420.00079
G1 X106.234 Y102.934 E420.00415
G1 X106.206 Y102.845 E420.00725
G1 X106.200 Y102.498 E420.01880
;LAYER:51
G1 F2400 E416.01880
G0 F9000 X92.395 Y102.400 Z10.500
;TYPE:WALL-INNER
G1 F2400 E420.01880
G1 F1680 X92.399 Y102.693 E420.02854
G1 X89.221 Y102.700 E420.13424
G1 X83.600 Y102.700 E420.32120
G1 X83.602 Y102.406 E420.33098
G1 X86.779 Y102.400 E420.43664
G1 X92.395 Y102.400 E420.62343
G0 F9000 X92.479 Y102.000
;TYPE:WALL-OUTER
G1 F1260 X92.610 Y102.025 E420.62787
G1 X92.681 Y102.067 E420.63061
G1 X92.767 Y102.172 E420.63513
G1 X92.793 Y102.253 E420.63796
G1 X92.800 Y102.784 E420.65562
G1 X92.776 Y102.907 E420.65979
G1 X92.733 Y102.980 E420.66260
G1 X92.627 Y103.067 E420.66717
G1 X92.547 Y103.093 E420.66996
G1 X83.517 Y103.100 E420.97030
G1 X83.392 Y103.076 E420.97454
G1 X83.318 Y103.032 E420.97740
G1 X83.232 Y102.927 E420.98191
G1 X83.203 Y102.838 E420.98503
G1 X83.200 Y102.801 E420.98626
G1 X83.202 Y102.294 E421.00312
G1 X83.223 Y102.191 E421.00662
G1 X83.267 Y102.118 E421.00946
G1 X83.372 Y102.032 E421.01397
G1 X83.452 Y102.006 E421.01677
G1 X92.479 Y102.000 E421.31701
G1 F2400 E417.31701
G0 F9000 X95.100 Y102.474
;TYPE:WALL-INNER
G1 F2400 E421.31701
G1 F1680 X95.103 Y102.406 E421.31927
G1 X98.279 Y102.400 E421.42491
G1 X103.895 Y102.400 E421.61169
G1 X103.899 Y102.693 E421.62144
G1 X100.721 Y102.700 E421.72714
G1 X95.103 Y102.700 E421.91400
G1 X95.100 Y102.474 E421.92151
G0 F9000 X94.700 Y102.491
;TYPE:WALL-OUTER
G1 F1260 X94.711 Y102.226 E421.93034
G1 X94.719 Y102.199 E421.93127
G1 X94.767 Y102.118 E421.93440
G1 X94.872 Y102.032 E421.93892
G1 X94.952 Y102.006 E421.94172
G1 X103.979 Y102.000 E422.24196
G1 X104.110 Y102.025 E422.24639
G1 X104.181 Y102.067 E422.24914
G1 X104.267 Y102.172 E422.25365
G1 X104.293 Y102.253 E422.25648
G1 X104.300 Y102.784 E422.27414
G1 X104.276 Y102.905 E422.27824
G1 X104.231 Y102.982 E422.28121
G1 X104.127 Y103.067 E422.28568
G1 X104.047 Y103.093 E422.28848
G1 X95.017 Y103.100 E422.58881
G1 X94.892 Y103.076 E422.59305
G1 X94.818 Y103.032 E422.59591
G1 X94.732 Y102.927 E422.60043
G1 X94.706 Y102.845 E422.60329
G1 X94.700 Y102.491 E422.61506
G1 F2400 E418.61506
G0 F9000 X106.600 Y102.474
;TYPE:WALL-INNER
G1 F2400 E422.61506
G1 F1680 X106.603 Y102.406 E422.61733
G1 X109.779 Y102.400 E422.72296
G1 X115.395 Y102.400 E422.90975
G1 X115.399 Y102.693 E422.91950
G1 X112.221 Y102.700 E423.02520
G1 X106.603 Y102.700 E423.21205
G1 X106.600 Y102.474 E423.21957
G0 F9000 X106.200 Y102.491
;TYPE:WALL-OUTER
G1 F1260 X106.211 Y102.226 E423.22839
G1 X106.219 Y102.199 E423.22933
G1 X106.267 Y102.118 E423.23246
G1 X106.372 Y102.032 E423.23697
G1 X106.452 Y102.006 E423.23977
G1 X115.479 Y102.000 E423.54001
G1 X115.610 Y102.025 E423.54445
G1 X115.681 Y102.067 E423.54719
G1 X115.767 Y102.172 E423.55170
G1 X115.793 Y102.253 E423.55453
G1 X115.800 Y102.784 E423.57220
G1 X115.776 Y102.905 E423.57630
G1 X115.731 Y102.982 E423.57927
G1 X115.627 Y103.067 E423.58373
G1 X115.547 Y103.093 E423.58653
G1 X106.517 Y103.100 E423.88687
G1 X106.392 Y103.076 E423.89110
G1 X106.318 Y103.032 E423.89397
G1 X106.232 Y102.927 E423.89848
G1 X106.206 Y102.845 E423.90134
G1 X106.200 Y102.491 E423.91312
;LAYER:52
G1 F2400 E419.91312
G0 F9000 X92.395 Y102.400 Z10.700
;TYPE:WALL-INNER
G1 F2400 E423.91312
G1 F1680 X92.399 Y102.693 E423.92286
G1 X89.349 Y102.700 E424.02431
G1 X83.600 Y102.700 E424.21552
G1 X83.602 Y102.406 E424.22530
G1 X86.651 Y102.400 E424.32671
G1 X92.395 Y102.400 E424.51776
G0 F9000 X92.484 Y102.000
;TYPE:WALL-OUTER
G1 F1260 X92.612 Y102.024 E424.52209
G1 X92.703 Y102.081 E424.52566
G1 X92.772 Y102.184 E424.52978
G1 X92.793 Y102.252 E424.53215
G1 X92.800 Y102.784 E424.54985
G1 X92.775 Y102.912 E424.55418
G1 X92.718 Y103.003 E424.55775
G1 X92.615 Y103.072 E424.56188
G1 X92.548 Y103.093 E424.56421
G1 X83.517 Y103.100 E424.86459
G1 X83.387 Y103.075 E424.86899
G1 X83.296 Y103.018 E424.87256
G1 X83.227 Y102.915 E424.87668
G1 X83.203 Y102.839 E424.87933
G1 X83.200 Y102.801 E424.88060
G1 X83.202 Y102.295 E424.89743
G1 X83.225 Y102.187 E424.90110
G1 X83.281 Y102.096 E424.90466
G1 X83.384 Y102.027 E424.90878
G1 X83.451 Y102.006 E424.91112
G1 X92.484 Y102.000 E425.21156
G1 F2400 E421.21156
G0 F9000 X95.100 Y102.475
;TYPE:WALL-INNER
G1 F2400 E425.21156
G1 F1680 X95.103 Y102.406 E425.21385
G1 X98.151 Y102.400 E425.31523
G1 X103.895 Y102.400 E425.50628
G1 X103.899 Y102.693 E425.51602
G1 X100.849 Y102.700 E425.61747
G1 X95.103 Y102.700 E425.80858
G1 X95.100 Y102.475 E425.81606
G0 F9000 X94.700 Y102.484
;TYPE:WALL-OUTER
G1 F1260 X94.711 Y102.227 E425.82462
G1 X94.760 Y102.121 E425.82850
G1 X94.781 Y102.096 E425.82959
G1 X94.884 Y102.027 E425.83371
G1 X94.951 Y102.006 E425.83605
G1 X103.984 Y102.000 E426.13649
G1 X104.112 Y102.024 E426.14082
G1 X104.203 Y102.081 E426.14439
G1 X104.272 Y102.184 E426.14851
G1 X104.293 Y102.251 E426.15085
G1 X104.300 Y102.787 E426.16868
G1 X104.283 Y102.890 E426.17215
G1 X104.238 Y102.980 E426.17550
G1 X104.218 Y103.003 E426.17651
G1 X104.115 Y103.072 E426.18063
G1 X104.048 Y103.093 E426.18297
G1 X95.017 Y103.100 E426.48334
G1 X94.887 Y103.075 E426.48774
G1 X94.796 Y103.018 E426.49132
G1 X94.727 Y102.915 E426.49544
G1 X94.706 Y102.847 E426.49781
G1 X94.700 Y102.484 E426.50988
G1 F2400 E422.50988
G0 F9000 X106.600 Y102.475
;TYPE:WALL-INNER
G1 F2400 E426.50988
G1 F1680 X106.603 Y102.406 E426.51218
G1 X109.651 Y102.400 E426.61356
G1 X115.395 Y102.400 E426.80460
G1 X115.399 Y102.693 E426.81435
G1 X112.349 Y102.700 E426.91579
G1 X106.603 Y102.700 E427.10690
G1 X106.600 Y102.475 E427.11439
G0 F9000 X106.200 Y102.484
;TYPE:WALL-OUTER
G1 F1260 X106.211 Y102.227 E427.12294
G1 X106.260 Y102.121 E427.12683
G1 X106.281 Y102.096 E427.12791
G1 X106.384 Y102.027 E427.13204
G1 X106.451 Y102.006 E427.13437
G1 X115.484 Y102.000 E427.43481
G1 X115.612 Y102.024 E427.43914
G1 X115.703 Y102.081 E427.44271
G1 X115.772 Y102.184 E427.44684
G1 X115.793 Y102.251 E427.44917
G1 X115.800 Y102.787 E427.46700
G1 X115.783 Y102.890 E427.47047
G1 X115.738 Y102.980 E427.47382
G1 X115.718 Y103.003 E427.47483
G1 X115.615 Y103.072 E427.47896
G1 X115.548 Y103.093 E427.48129
G1 X106.517 Y103.100 E427.78167
G1 X106.387 Y103.075 E427.78607
G1 X106.296 Y103.018 E427.78964
G1 X106.227 Y102.915 E427.79376
G1 X106.206 Y102.847 E427.79613
G1 X106.200 Y102.484 E427.80821
;LAYER:53
G1 F2400 E423.80821
G0 F9000 X92.395 Y102.400 Z10.900
;TYPE:WALL-INNER
G1 F2400 E427.80821
G1 F1680 X92.399 Y102.693 E427.81795
G1 X89.478 Y102.700 E427.91511
G1 X83.600 Y102.700 E428.11061
G1 X83.602 Y102.406 E428.12039
G1 X86.522 Y102.400 E428.21751
G1 X92.395 Y102.400 E428.41284
G0 F9000 X92.482 Y102.000
;TYPE:WALL-OUTER
G1 F1260 X92.601 Y102.019 E428.41685
G1 X92.671 Y102.055 E428.41947
G1 X92.744 Y102.128 E428.42290
G1 X92.770 Y102.174 E428.42466
G1 X92.793 Y102.252 E428.42737
G1 X92.800 Y102.785 E428.44509
G1 X92.780 Y102.901 E428.44901
G1 X92.744 Y102.971 E428.45163
G1 X92.671 Y103.044 E428.45506
G1 X92.629 Y103.068 E428.45667
G1 X92.548 Y103.093 E428.45949
G1 X83.513 Y103.100 E428.76000
G1 X83.398 Y103.080 E428.76388
G1 X83.328 Y103.044 E428.76650
G1 X83.255 Y102.971 E428.76993
G1 X83.203 Y102.839 E428.77465
G1 X83.200 Y102.801 E428.77592
G1 X83.202 Y102.291 E428.79288
G1 X83.219 Y102.198 E428.79602
G1 X83.255 Y102.128 E428.79864
G1 X83.328 Y102.055 E428.80207
G1 X83.370 Y102.031 E428.80368
G1 X83.451 Y102.006 E428.80650
G1 X92.482 Y102.000 E429.10688
G1 F2400 E425.10688
G0 F9000 X95.100 Y102.468
;TYPE:WALL-INNER
G1 F2400 E429.10688
G1 F1680 X95.103 Y102.406 E429.10894
G1 X98.022 Y102.400 E429.20603
G1 X103.895 Y102.400 E429.40136
G1 X103.899 Y102.693 E429.41111
G1 X100.978 Y102.700 E429.50826
G1 X95.104 Y102.700 E429.70363
G1 X95.100 Y102.468 E429.71135
G0 F9000 X94.700 Y102.477
;TYPE:WALL-OUTER
G1 F1260 X94.719 Y102.198 E429.72065
G1 X94.755 Y102.128 E429.72327
G1 X94.828 Y102.055 E429.72670
G1 X94.870 Y102.031 E429.72831
G1 X94.951 Y102.006 E429.73113
G1 X103.982 Y102.000 E430.03150
G1 X104.101 Y102.019 E430.03551
G1 X104.171 Y102.055 E430.03813
G1 X104.244 Y102.128 E430.04156
G1 X104.270 Y102.174 E430.04332
G1 X104.293 Y102.252 E430.04603
G1 X104.300 Y102.787 E430.06382
G1 X104.282 Y102.895 E430.06746
G1 X104.258 Y102.949 E430.06943
G1 X104.244 Y102.971 E430.07030
G1 X104.171 Y103.044 E430.07373
G1 X104.129 Y103.068 E430.07534
G1 X104.048 Y103.093 E430.07816
G1 X95.013 Y103.100 E430.37866
G1 X94.898 Y103.080 E430.38255
G1 X94.828 Y103.044 E430.38516
G1 X94.755 Y102.971 E430.38860
G1 X94.729 Y102.925 E430.39036
G1 X94.706 Y102.847 E430.39306
G1 X94.700 Y102.477 E430.40537
G1 F2400 E426.40537
G0 F9000 X106.600 Y102.468
;TYPE:WALL-INNER
G1 F2400 E430.40537
G1 F1680 X106.603 Y102.406 E430.40743
G1 X109.522 Y102.400 E430.50452
G1 X115.395 Y102.400 E430.69986
G1 X115.399 Y102.693 E430.70960
G1 X112.478 Y102.700 E430.80675
G1 X106.604 Y102.700 E431.00212
G1 X106.600 Y102.468 E431.00984
G0 F9000 X106.200 Y102.477
;TYPE:WALL-OUTER
G1 F1260 X106.219 Y102.198 E431.01914
G1 X106.255 Y102.128 E431.02176
G1 X106.328 Y102.055 E431.02520
G1 X106.370 Y102.031 E431.02680
G1 X106.451 Y102.006 E431.02962
G1 X115.482 Y102.000 E431.33000
G1 X115.601 Y102.019 E431.33400
G1 X115.671 Y102.055 E431.33662
G1 X115.744 Y102.128 E431.34006
G1 X115.770 Y102.174 E431.34181
G1 X115.793 Y102.252 E431.34452
G1 X115.800 Y102.787 E431.36231
G1 X115.782 Y102.895 E431.36596
G1 X115.758 Y102.949 E431.36792
G1 X115.744 Y102.971 E431.36879
G1 X115.671 Y103.044 E431.37222
G1 X115.629 Y103.068 E431.37383
G1 X115.548 Y103.093 E431.37665
G1 X106.513 Y103.100 E431.67716
G1 X106.398 Y103.080 E431.68104
G1 X106.328 Y103.044 E431.68366
G1 X106.255 Y102.971 E431.68709
G1 X106.229 Y102.925 E431.68885
G1 X106.206 Y102.847 E431.69155
G1 X106.200 Y102.477 E431.70386
;LAYER:54
G1 F2400 E427.70386
G0 F9000 X92.395 Y102.400 Z11.100
;TYPE:WALL-INNER
G1 F2400 E431.70386
G1 F1680 X92.399 Y102.693 E431.71361
G1 X89.607 Y102.700 E431.80647
G1 X83.600 Y102.700 E432.00626
G1 X83.601 Y102.406 E432.01604
G1 X86.393 Y102.400 E432.10890
G1 X92.395 Y102.400 E432.30853
G0 F9000 X92.479 Y102.000
;TYPE:WALL-OUTER
G1 F1260 X92.604 Y102.023 E432.31276
G1 X92.709 Y102.091 E432.31692
G1 X92.772 Y102.184 E432.32065
G1 X92.793 Y102.253 E432.32305
G1 X92.800 Y102.784 E432.34072
G1 X92.777 Y102.901 E432.34468
G1 X92.708 Y103.009 E432.34894
G1 X92.615 Y103.072 E432.35268
G1 X92.547 Y103.093 E432.35505
G1 X83.517 Y103.100 E432.65539
G1 X83.398 Y103.077 E432.65942
G1 X83.290 Y103.008 E432.66368
G1 X83.227 Y102.915 E432.66742
G1 X83.203 Y102.837 E432.67013
G1 X83.200 Y102.800 E432.67137
G1 X83.201 Y102.297 E432.68810
G1 X83.222 Y102.198 E432.69146
G1 X83.291 Y102.090 E432.69572
G1 X83.384 Y102.027 E432.69946
G1 X83.452 Y102.006 E432.70183
G1 X92.479 Y102.000 E433.00207
G1 F2400 E429.00207
G0 F9000 X95.100 Y102.452
;TYPE:WALL-INNER
G1 F2400 E433.00207
G1 F1680 X95.102 Y102.406 E433.00360
G1 X97.893 Y102.400 E433.09643
G1 X103.895 Y102.400 E433.29605
G1 X103.899 Y102.693 E433.30580
G1 X101.107 Y102.700 E433.39866
G1 X95.104 Y102.700 E433.59832
G1 X95.100 Y102.452 E433.60657
G0 F9000 X94.700 Y102.469
;TYPE:WALL-OUTER
G1 F1260 X94.709 Y102.243 E433.61410
G1 X94.762 Y102.124 E433.61843
G1 X94.844 Y102.047 E433.62217
G1 X94.909 Y102.015 E433.62458
G1 X94.946 Y102.006 E433.62585
G1 X103.979 Y102.000 E433.92629
G1 X104.104 Y102.023 E433.93051
G1 X104.209 Y102.091 E433.93467
G1 X104.272 Y102.184 E433.93841
G1 X104.293 Y102.253 E433.94081
G1 X104.300 Y102.784 E433.95847
G1 X104.277 Y102.899 E433.96237
G1 X104.207 Y103.010 E433.96674
G1 X104.115 Y103.072 E433.97043
G1 X104.047 Y103.093 E433.97279
G1 X95.017 Y103.100 E434.27313
G1 X94.898 Y103.077 E434.27716
G1 X94.790 Y103.008 E434.28143
G1 X94.727 Y102.915 E434.28516
G1 X94.706 Y102.845 E434.28759
G1 X94.700 Y102.469 E434.30010
G1 F2400 E430.30010
G0 F9000 X106.600 Y102.452
;TYPE:WALL-INNER
G1 F2400 E434.30010
G1 F1680 X106.602 Y102.406 E434.30163
G1 X109.393 Y102.400 E434.39446
G1 X115.395 Y102.400 E434.59409
G1 X115.399 Y102.693 E434.60383
G1 X112.607 Y102.700 E434.69670
G1 X106.604 Y102.700 E434.89636
G1 X106.600 Y102.452 E434.90461
G0 F9000 X106.200 Y102.469
;TYPE:WALL-OUTER
G1 F1260 X106.209 Y102.243 E434.91213
G1 X106.262 Y102.124 E434.91646
G1 X106.344 Y102.047 E434.92020
G1 X106.409 Y102.015 E434.92261
G1 X106.446 Y102.006 E434.92388
G1 X115.479 Y102.000 E435.22432
G1 X115.604 Y102.023 E435.22855
G1 X115.709 Y102.091 E435.23271
G1 X115.772 Y102.184 E435.23644
G1 X115.793 Y102.253 E435.23884
G1 X115.800 Y102.784 E435.25651
G1 X115.777 Y102.899 E435.26041
G1 X115.707 Y103.010 E435.26477
G1 X115.615 Y103.072 E435.26846
G1 X115.547 Y103.093 E435.27083
G1 X106.517 Y103.100 E435.57117
G1 X106.398 Y103.077 E435.57520
G1 X106.290 Y103.008 E435.57946
G1 X106.227 Y102.915 E435.58320
G1 X106.206 Y102.845 E435.58563
G1 X106.200 Y102.469 E435.59813
;LAYER:55
G1 F2400 E431.59813
G0 F9000 X92.395 Y102.400 Z11.300
;TYPE:WALL-INNER
G1 F2400 E435.59813
G1 F1680 X92.399 Y102.693 E435.60788
G1 X89.735 Y102.700 E435.69649
G1 X83.600 Y102.700 E435.90054
G1 X83.601 Y102.406 E435.91032
G1 X86.265 Y102.400 E435.99892
G1 X92.395 Y102.400 E436.20281
G0 F9000 X92.479 Y102.000
;TYPE:WALL-OUTER
G1 F1260 X92.609 Y102.024 E436.20720
G1 X92.676 Y102.060 E436.20973
G1 X92.743 Y102.127 E436.21288
G1 X92.769 Y102.173 E436.21464
G1 X92.793 Y102.252 E436.21739
G1 X92.800 Y102.784 E436.23508
G1 X92.776 Y102.906 E436.23922
G1 X92.739 Y102.976 E436.24185
G1 X92.672 Y103.043 E436.24500
G1 X92.626 Y103.069 E436.24676
G1 X92.548 Y103.093 E436.24948
G1 X83.517 Y103.100 E436.54985
G1 X83.393 Y103.076 E436.55405
G1 X83.323 Y103.039 E436.55668
G1 X83.256 Y102.972 E436.55983
G1 X83.230 Y102.926 E436.56159
G1 X83.203 Y102.839 E436.56462
G1 X83.200 Y102.800 E436.56592
G1 X83.201 Y102.298 E436.58262
G1 X83.223 Y102.192 E436.58622
G1 X83.260 Y102.123 E436.58882
G1 X83.327 Y102.056 E436.59197
G1 X83.373 Y102.030 E436.59373
G1 X83.451 Y102.006 E436.59645
G1 X92.479 Y102.000 E436.89672
G1 F2400 E432.89672
G0 F9000 X95.100 Y102.446
;TYPE:WALL-INNER
G1 F2400 E436.89672
G1 F1680 X95.102 Y102.406 E436.89805
G1 X97.765 Y102.400 E436.98662
G1 X103.895 Y102.400 E437.19051
G1 X103.899 Y102.693 E437.20025
G1 X101.235 Y102.700 E437.28886
G1 X95.104 Y102.700 E437.49278
G1 X95.100 Y102.446 E437.50123
G0 F9000 X94.700 Y102.463
;TYPE:WALL-OUTER
G1 F1260 X94.710 Y102.230 E437.50898
G1 X94.719 Y102.201 E437.50999
G1 X94.760 Y102.123 E437.51292
G1 X94.827 Y102.056 E437.51607
G1 X94.873 Y102.030 E437.51783
G1 X94.951 Y102.006 E437.52055
G1 X103.979 Y102.000 E437.82082
G1 X104.109 Y102.024 E437.82522
G1 X104.176 Y102.060 E437.82775
G1 X104.243 Y102.127 E437.83090
G1 X104.269 Y102.173 E437.83265
G1 X104.293 Y102.252 E437.83540
G1 X104.300 Y102.784 E437.85310
G1 X104.275 Y102.911 E437.85740
G1 X104.260 Y102.943 E437.85858
G1 X104.213 Y103.006 E437.86119
G1 X104.115 Y103.072 E437.86512
G1 X104.048 Y103.093 E437.86746
G1 X95.017 Y103.100 E438.16783
G1 X94.893 Y103.076 E438.17203
G1 X94.823 Y103.039 E438.17466
G1 X94.756 Y102.972 E438.17781
G1 X94.730 Y102.926 E438.17957
G1 X94.706 Y102.847 E438.18232
G1 X94.700 Y102.463 E438.19509
G1 F2400 E434.19509
G0 F9000 X106.600 Y102.446
;TYPE:WALL-INNER
G1 F2400 E438.19509
G1 F1680 X106.602 Y102.406 E438.19642
G1 X109.265 Y102.400 E438.28500
G1 X115.395 Y102.400 E438.48888
G1 X115.399 Y102.693 E438.49863
G1 X112.735 Y102.700 E438.58723
G1 X106.604 Y102.700 E438.79115
G1 X106.600 Y102.446 E438.79960
G0 F9000 X106.200 Y102.463
;TYPE:WALL-OUTER
G1 F1260 X106.210 Y102.230 E438.80736
G1 X106.219 Y102.201 E438.80837
G1 X106.260 Y102.123 E438.81130
G1 X106.327 Y102.056 E438.81445
G1 X106.373 Y102.030 E438.81621
G1 X106.451 Y102.006 E438.81892
G1 X115.479 Y102.000 E439.11919
G1 X115.609 Y102.024 E439.12359
G1 X115.676 Y102.060 E439.12612
G1 X115.743 Y102.127 E439.12927
G1 X115.769 Y102.173 E439.13103
G1 X115.793 Y102.252 E439.13377
G1 X115.800 Y102.784 E439.15147
G1 X115.775 Y102.911 E439.15577
G1 X115.760 Y102.943 E439.15695
G1 X115.713 Y103.006 E439.15956
G1 X115.615 Y103.072 E439.16349
G1 X115.548 Y103.093 E439.16583
G1 X106.517 Y103.100 E439.46620
G1 X106.393 Y103.076 E439.47040
G1 X106.323 Y103.039 E439.47304
G1 X106.256 Y102.972 E439.47619
G1 X106.230 Y102.926 E439.47795
G1 X106.206 Y102.847 E439.48069
G1 X106.200 Y102.463 E439.49346
;LAYER:56
G1 F2400 E435.49346
G0 F9000 X92.400 Y102.400 Z11.500
;TYPE:WALL-INNER
G1 F2400 E439.49346
G1 F1680 X92.398 Y102.700 E439.50344
G1 X83.600 Y102.700 E439.79607
G1 X83.601 Y102.406 E439.80584
G1 X86.136 Y102.400 E439.89016
G1 X92.400 Y102.400 E440.09850
G0 F9000 X92.800 Y102.316
;TYPE:WALL-OUTER
G1 F1260 X92.798 Y102.800 E440.11460
G1 X92.776 Y102.908 E440.11826
G1 X92.739 Y102.978 E440.12090
G1 X92.668 Y103.045 E440.12414
G1 X92.577 Y103.086 E440.12746
G1 X92.483 Y103.100 E440.13063
G1 X83.521 Y103.100 E440.42870
G1 X83.388 Y103.075 E440.43320
G1 X83.321 Y103.039 E440.43573
G1 X83.254 Y102.968 E440.43898
G1 X83.204 Y102.846 E440.44337
G1 X83.200 Y102.800 E440.44490
G1 X83.201 Y102.297 E440.46163
G1 X83.223 Y102.191 E440.46523
G1 X83.260 Y102.121 E440.46787
G1 X83.331 Y102.054 E440.47111
G1 X83.443 Y102.006 E440.47517
G1 X92.480 Y102.000 E440.77574
G1 X92.611 Y102.024 E440.78017
G1 X92.678 Y102.060 E440.78270
G1 X92.745 Y102.131 E440.78594
G1 X92.786 Y102.222 E440.78926
G1 X92.800 Y102.316 E440.79242
G1 F2400 E436.79242
G0 F9000 X95.100 Y102.447
;TYPE:WALL-INNER
G1 F2400 E440.79242
G1 F1680 X95.102 Y102.406 E440.79379
G1 X97.636 Y102.400 E440.87807
G1 X103.900 Y102.400 E441.08641
G1 X103.898 Y102.700 E441.09639
G1 X95.104 Y102.700 E441.38888
G1 X95.100 Y102.447 E441.39730
G0 F9000 X94.700 Y102.456
;TYPE:WALL-OUTER
G1 F1260 X94.710 Y102.235 E441.40465
G1 X94.736 Y102.160 E441.40729
G1 X94.758 Y102.123 E441.40873
G1 X94.786 Y102.090 E441.41017
G1 X94.831 Y102.054 E441.41208
G1 X94.943 Y102.006 E441.41613
G1 X103.980 Y102.000 E441.71671
G1 X104.111 Y102.024 E441.72114
G1 X104.178 Y102.060 E441.72367
G1 X104.245 Y102.131 E441.72691
G1 X104.286 Y102.222 E441.73023
G1 X104.300 Y102.316 E441.73339
G1 X104.298 Y102.801 E441.74952
G1 X104.277 Y102.905 E441.75305
G1 X104.237 Y102.980 E441.75588
G1 X104.168 Y103.045 E441.75903
G1 X104.077 Y103.086 E441.76235
G1 X103.983 Y103.100 E441.76551
G1 X95.021 Y103.100 E442.06359
G1 X94.888 Y103.075 E442.06809
G1 X94.821 Y103.039 E442.07062
G1 X94.754 Y102.968 E442.07387
G1 X94.706 Y102.855 E442.07795
G1 X94.700 Y102.456 E442.09123
G1 F2400 E438.09123
G0 F9000 X106.600 Y102.447
;TYPE:WALL-INNER
G1 F2400 E442.09123
G1 F1680 X106.602 Y102.406 E442.09259
G1 X109.136 Y102.400 E442.17687
G1 X115.400 Y102.400 E442.38521
G1 X115.398 Y102.700 E442.39519
G1 X106.604 Y102.700 E442.68768
G1 X106.600 Y102.447 E442.69610
G0 F9000 X106.200 Y102.456
;TYPE:WALL-OUTER
G1 F1260 X106.210 Y102.235 E442.70345
G1 X106.236 Y102.160 E442.70610
G1 X106.258 Y102.123 E442.70753
G1 X106.286 Y102.090 E442.70897
G1 X106.331 Y102.054 E442.71088
G1 X106.443 Y102.006 E442.71494
G1 X115.480 Y102.000 E443.01551
G1 X115.611 Y102.024 E443.01994
G1 X115.678 Y102.060 E443.02247
G1 X115.745 Y102.131 E443.02571
G1 X115.786 Y102.222 E443.02903
G1 X115.800 Y102.316 E443.03219
G1 X115.798 Y102.801 E443.04833
G1 X115.777 Y102.905 E443.05185
G1 X115.737 Y102.980 E443.05468
G1 X115.668 Y103.045 E443.05783
G1 X115.577 Y103.086 E443.06115
G1 X115.483 Y103.100 E443.06432
G1 X106.521 Y103.100 E443.36239
G1 X106.388 Y103.075 E443.36689
G1 X106.321 Y103.039 E443.36942
G1 X106.254 Y102.968 E443.37267
G1 X106.206 Y102.855 E443.37675
G1 X106.200 Y102.456 E443.39003
;LAYER:57
G1 F2400 E439.39003
G0 F9000 X92.395 Y102.400 Z11.700
;TYPE:WALL-INNER
G1 F2400 E443.39003
G1 F1680 X92.399 Y102.693 E443.39977
G1 X89.991 Y102.700 E443.47986
G1 X83.600 Y102.700 E443.69243
G1 X83.601 Y102.406 E443.70221
G1 X86.008 Y102.400 E443.78226
G1 X92.395 Y102.400 E443.99470
G0 F9000 X92.480 Y102.000
;TYPE:WALL-OUTER
G1 F1260 X92.607 Y102.023 E443.99899
G1 X92.676 Y102.060 E444.00159
G1 X92.740 Y102.124 E444.00460
G1 X92.793 Y102.247 E444.00906
G1 X92.800 Y102.785 E444.02695
G1 X92.777 Y102.904 E444.03099
G1 X92.739 Y102.976 E444.03369
G1 X92.675 Y103.040 E444.03670
G1 X92.553 Y103.093 E444.04113
G1 X83.521 Y103.100 E444.34153
G1 X83.392 Y103.076 E444.34590
G1 X83.323 Y103.039 E444.34850
G1 X83.259 Y102.975 E444.35151
G1 X83.214 Y102.886 E444.35483
G1 X83.203 Y102.842 E444.35634
G1 X83.200 Y102.800 E444.35774
G1 X83.201 Y102.298 E444.37443
G1 X83.222 Y102.194 E444.37796
G1 X83.260 Y102.123 E444.38064
G1 X83.324 Y102.059 E444.38365
G1 X83.446 Y102.006 E444.38808
G1 X92.480 Y102.000 E444.68855
G1 F2400 E440.68855
G0 F9000 X95.100 Y102.440
;TYPE:WALL-INNER
G1 F2400 E444.68855
G1 F1680 X95.102 Y102.406 E444.68968
G1 X97.508 Y102.400 E444.76971
G1 X103.895 Y102.400 E444.98214
G1 X103.899 Y102.693 E444.99188
G1 X101.491 Y102.700 E445.07197
G1 X95.104 Y102.700 E445.28441
G1 X95.100 Y102.440 E445.29306
G0 F9000 X94.700 Y102.449
;TYPE:WALL-OUTER
G1 F1260 X94.710 Y102.235 E445.30018
G1 X94.733 Y102.167 E445.30257
G1 X94.789 Y102.089 E445.30576
G1 X94.865 Y102.034 E445.30888
G1 X94.952 Y102.006 E445.31192
G1 X103.980 Y102.000 E445.61220
G1 X104.107 Y102.023 E445.61649
G1 X104.176 Y102.060 E445.61909
G1 X104.240 Y102.124 E445.62210
G1 X104.293 Y102.247 E445.62656
G1 X104.300 Y102.784 E445.64442
G1 X104.270 Y102.928 E445.64931
G1 X104.210 Y103.010 E445.65269
G1 X104.134 Y103.065 E445.65581
G1 X104.047 Y103.093 E445.65885
G1 X95.021 Y103.100 E445.95906
G1 X94.892 Y103.076 E445.96342
G1 X94.823 Y103.039 E445.96603
G1 X94.759 Y102.975 E445.96904
G1 X94.706 Y102.852 E445.97349
G1 X94.700 Y102.449 E445.98690
G1 F2400 E441.98690
G0 F9000 X106.600 Y102.440
;TYPE:WALL-INNER
G1 F2400 E445.98690
G1 F1680 X106.602 Y102.406 E445.98803
G1 X109.008 Y102.400 E446.06805
G1 X115.395 Y102.400 E446.28049
G1 X115.399 Y102.693 E446.29023
G1 X112.991 Y102.700 E446.37032
G1 X106.604 Y102.700 E446.58275
G1 X106.600 Y102.440 E446.59140
G0 F9000 X106.200 Y102.449
;TYPE:WALL-OUTER
G1 F1260 X106.210 Y102.235 E446.59853
G1 X106.233 Y102.167 E446.60092
G1 X106.289 Y102.089 E446.60411
G1 X106.365 Y102.034 E446.60723
G1 X106.452 Y102.006 E446.61027
G1 X115.480 Y102.000 E446.91054
G1 X115.607 Y102.023 E446.91484
G1 X115.676 Y102.060 E446.91744
G1 X115.740 Y102.124 E446.92045
G1 X115.793 Y102.247 E446.92490
G1 X115.800 Y102.784 E446.94277
G1 X115.770 Y102.928 E446.94766
G1 X115.710 Y103.010 E446.95104
G1 X115.634 Y103.065 E446.95416
G1 X115.547 Y103.093 E446.95720
G1 X106.521 Y103.100 E447.25740
G1 X106.392 Y103.076 E447.26177
G1 X106.323 Y103.039 E447.26437
G1 X106.259 Y102.975 E447.26738
G1 X106.206 Y102.852 E447.27184
G1 X106.200 Y102.449 E447.28524
;LAYER:58
G1 F2400 E443.28524
G0 F9000 X92.395 Y102.400 Z11.900
;TYPE:WALL-INNER
G1 F2400 E447.28524
G1 F1680 X92.399 Y102.694 E447.29502
G1 X90.120 Y102.700 E447.37082
G1 X83.600 Y102.700 E447.58768
G1 X83.601 Y102.406 E447.59746
G1 X85.879 Y102.400 E447.67322
G1 X92.395 Y102.400 E447.88995
G0 F9000 X92.482 Y102.000
;TYPE:WALL-OUTER
G1 F1260 X92.588 Y102.017 E447.89352
G1 X92.684 Y102.068 E447.89713
G1 X92.748 Y102.139 E447.90031
G1 X92.793 Y102.247 E447.90420
G1 X92.800 Y102.785 E447.92210
G1 X92.784 Y102.886 E447.92550
G1 X92.731 Y102.984 E447.92921
G1 X92.660 Y103.048 E447.93239
G1 X92.553 Y103.093 E447.93625
G1 X83.513 Y103.100 E448.23692
G1 X83.413 Y103.084 E448.24029
G1 X83.315 Y103.031 E448.24399
G1 X83.251 Y102.960 E448.24717
G1 X83.214 Y102.887 E448.24989
G1 X83.203 Y102.842 E448.25143
G1 X83.200 Y102.800 E448.25283
G1 X83.201 Y102.298 E448.26953
G1 X83.219 Y102.205 E448.27268
G1 X83.308 Y102.074 E448.27795
G1 X83.367 Y102.032 E448.28036
G1 X83.407 Y102.015 E448.28180
G1 X83.446 Y102.006 E448.28313
G1 X92.482 Y102.000 E448.58367
G1 F2400 E444.58367
G0 F9000 X95.100 Y102.425
;TYPE:WALL-INNER
G1 F2400 E448.58367
G1 F1680 X95.101 Y102.406 E448.58431
G1 X97.379 Y102.400 E448.66007
G1 X103.895 Y102.400 E448.87680
G1 X103.899 Y102.694 E448.88658
G1 X101.620 Y102.700 E448.96238
G1 X95.104 Y102.700 E449.17910
G1 X95.100 Y102.425 E449.18825
G0 F9000 X94.700 Y102.442
;TYPE:WALL-OUTER
G1 F1260 X94.709 Y102.240 E449.19497
G1 X94.740 Y102.156 E449.19795
G1 X94.801 Y102.078 E449.20124
G1 X94.867 Y102.032 E449.20392
G1 X94.907 Y102.015 E449.20536
G1 X94.946 Y102.006 E449.20670
G1 X103.982 Y102.000 E449.50723
G1 X104.088 Y102.017 E449.51080
G1 X104.184 Y102.068 E449.51442
G1 X104.248 Y102.139 E449.51760
G1 X104.293 Y102.247 E449.52149
G1 X104.300 Y102.787 E449.53945
G1 X104.284 Y102.886 E449.54279
G1 X104.231 Y102.983 E449.54646
G1 X104.160 Y103.048 E449.54967
G1 X104.053 Y103.093 E449.55353
G1 X95.013 Y103.100 E449.85420
G1 X94.913 Y103.084 E449.85757
G1 X94.815 Y103.031 E449.86127
G1 X94.751 Y102.960 E449.86445
G1 X94.706 Y102.852 E449.86834
G1 X94.700 Y102.442 E449.88198
G1 F2400 E445.88198
G0 F9000 X106.600 Y102.425
;TYPE:WALL-INNER
G1 F2400 E449.88198
G1 F1680 X106.601 Y102.406 E449.88261
G1 X108.879 Y102.400 E449.95838
G1 X115.395 Y102.400 E450.17510
G1 X115.399 Y102.694 E450.18488
G1 X113.120 Y102.700 E450.26068
G1 X106.604 Y102.700 E450.47741
G1 X106.600 Y102.425 E450.48655
G0 F9000 X106.200 Y102.442
;TYPE:WALL-OUTER
G1 F1260 X106.209 Y102.240 E450.49328
G1 X106.240 Y102.156 E450.49626
G1 X106.301 Y102.078 E450.49955
G1 X106.367 Y102.032 E450.50223
G1 X106.407 Y102.015 E450.50367
G1 X106.446 Y102.006 E450.50500
G1 X115.482 Y102.000 E450.80554
G1 X115.588 Y102.017 E450.80911
G1 X115.684 Y102.068 E450.81273
G1 X115.748 Y102.139 E450.81591
G1 X115.793 Y102.247 E450.81980
G1 X115.800 Y102.787 E450.83776
G1 X115.784 Y102.886 E450.84110
G1 X115.731 Y102.983 E450.84477
G1 X115.660 Y103.048 E450.84797
G1 X115.553 Y103.093 E450.85184
G1 X106.513 Y103.100 E451.15251
G1 X106.413 Y103.084 E451.15588
G1 X106.315 Y103.031 E451.15958
G1 X106.251 Y102.960 E451.16276
G1 X106.206 Y102.852 E451.16665
G1 X106.200 Y102.442 E451.18029
;LAYER:59
G1 F2400 E447.18029
G0 F9000 X92.395 Y102.400 Z12.100
;TYPE:WALL-INNER
G1 F2400 E451.18029
G1 F1680 X92.399 Y102.694 E451.19007
G1 X90.248 Y102.700 E451.26161
G1 X83.600 Y102.700 E451.48273
G1 X83.601 Y102.406 E451.49250
G1 X85.752 Y102.400 E451.56405
G1 X92.395 Y102.400 E451.78499
G0 F9000 X92.482 Y102.000
;TYPE:WALL-OUTER
G1 F1260 X92.593 Y102.017 E451.78873
G1 X92.671 Y102.057 E451.79164
G1 X92.749 Y102.139 E451.79541
G1 X92.793 Y102.247 E451.79929
G1 X92.800 Y102.785 E451.81718
G1 X92.783 Y102.890 E451.82072
G1 X92.742 Y102.971 E451.82374
G1 X92.660 Y103.049 E451.82750
G1 X92.553 Y103.093 E451.83135
G1 X83.513 Y103.100 E452.13202
G1 X83.409 Y103.083 E452.13553
G1 X83.328 Y103.042 E452.13855
G1 X83.250 Y102.960 E452.14231
G1 X83.214 Y102.887 E452.14502
G1 X83.203 Y102.842 E452.14656
G1 X83.200 Y102.800 E452.14796
G1 X83.201 Y102.299 E452.16462
G1 X83.221 Y102.197 E452.16808
G1 X83.258 Y102.127 E452.17071
G1 X83.339 Y102.050 E452.17443
G1 X83.446 Y102.006 E452.17828
G1 X92.482 Y102.000 E452.47882
G1 F2400 E448.47882
G0 F9000 X95.100 Y102.425
;TYPE:WALL-INNER
G1 F2400 E452.47882
G1 F1680 X95.101 Y102.406 E452.47945
G1 X97.252 Y102.400 E452.55099
G1 X103.895 Y102.400 E452.77194
G1 X103.899 Y102.694 E452.78172
G1 X101.748 Y102.700 E452.85326
G1 X95.104 Y102.700 E453.07424
G1 X95.100 Y102.425 E453.08339
G0 F9000 X94.700 Y102.434
;TYPE:WALL-OUTER
G1 F1260 X94.709 Y102.241 E453.08982
G1 X94.741 Y102.155 E453.09287
G1 X94.789 Y102.089 E453.09558
G1 X94.865 Y102.034 E453.09870
G1 X94.952 Y102.006 E453.10174
G1 X103.982 Y102.000 E453.40208
G1 X104.093 Y102.017 E453.40582
G1 X104.171 Y102.057 E453.40873
G1 X104.249 Y102.139 E453.41250
G1 X104.285 Y102.211 E453.41517
G1 X104.300 Y102.787 E453.43434
G1 X104.283 Y102.891 E453.43784
G1 X104.243 Y102.970 E453.44079
G1 X104.160 Y103.049 E453.44460
G1 X104.053 Y103.093 E453.44845
G1 X95.013 Y103.100 E453.74912
G1 X94.909 Y103.083 E453.75263
G1 X94.828 Y103.042 E453.75564
G1 X94.750 Y102.960 E453.75941
G1 X94.706 Y102.852 E453.76329
G1 X94.700 Y102.434 E453.77719
G1 F2400 E449.77719
G0 F9000 X106.600 Y102.425
;TYPE:WALL-INNER
G1 F2400 E453.77719
G1 F1680 X106.601 Y102.406 E453.77782
G1 X108.752 Y102.400 E453.84937
G1 X115.395 Y102.400 E454.07031
G1 X115.399 Y102.694 E454.08009
G1 X113.248 Y102.700 E454.15164
G1 X106.604 Y102.700 E454.37262
G1 X106.600 Y102.425 E454.38176
G0 F9000 X106.200 Y102.434
;TYPE:WALL-OUTER
G1 F1260 X106.209 Y102.241 E454.38819
G1 X106.241 Y102.155 E454.39124
G1 X106.289 Y102.089 E454.39396
G1 X106.365 Y102.034 E454.39708
G1 X106.452 Y102.006 E454.40012
G1 X115.482 Y102.000 E454.70046
G1 X115.593 Y102.017 E454.70419
G1 X115.671 Y102.057 E454.70711
G1 X115.749 Y102.139 E454.71087
G1 X115.785 Y102.211 E454.71355
G1 X115.800 Y102.787 E454.73271
G1 X115.783 Y102.891 E454.73622
G1 X115.743 Y102.970 E454.73916
G1 X115.660 Y103.049 E454.74297
G1 X115.553 Y103.093 E454.74682
G1 X106.513 Y103.100 E455.04749
G1 X106.409 Y103.083 E455.05100
G1 X106.328 Y103.042 E455.05402
G1 X106.250 Y102.960 E455.05778
G1 X106.206 Y102.852 E455.06166
G1 X106.200 Y102.434 E455.07556
;LAYER:60
G1 F2400 E451.07556
G0 F9000 X92.395 Y102.400 Z12.300
;TYPE:WALL-INNER
G1 F2400 E455.07556
G1 F1680 X92.399 Y102.694 E455.08534
G1 X90.377 Y102.700 E455.15260
G1 X83.600 Y102.700 E455.37800
G1 X83.601 Y102.406 E455.38778
G1 X85.623 Y102.400 E455.45503
G1 X92.395 Y102.400 E455.68027
G0 F9000 X92.482 Y102.000
;TYPE:WALL-OUTER
G1 F1260 X92.596 Y102.018 E455.68411
G1 X92.638 Y102.037 E455.68564
G1 X92.717 Y102.098 E455.68896
G1 X92.770 Y102.178 E455.69215
G1 X92.793 Y102.252 E455.69473
G1 X92.800 Y102.785 E455.71246
G1 X92.783 Y102.893 E455.71610
G1 X92.762 Y102.938 E455.71775
G1 X92.701 Y103.017 E455.72107
G1 X92.621 Y103.070 E455.72426
G1 X92.548 Y103.093 E455.72680
G1 X83.513 Y103.100 E456.02731
G1 X83.406 Y103.083 E456.03091
G1 X83.361 Y103.062 E456.03256
G1 X83.282 Y103.001 E456.03588
G1 X83.229 Y102.921 E456.03908
G1 X83.203 Y102.839 E456.04194
G1 X83.200 Y102.800 E456.04324
G1 X83.201 Y102.300 E456.05987
G1 X83.221 Y102.200 E456.06326
G1 X83.267 Y102.115 E456.06647
G1 X83.333 Y102.054 E456.06946
G1 X83.446 Y102.006 E456.07355
G1 X92.482 Y102.000 E456.37409
G1 F2400 E452.37409
G0 F9000 X95.100 Y102.417
;TYPE:WALL-INNER
G1 F2400 E456.37409
G1 F1680 X95.101 Y102.406 E456.37445
G1 X97.123 Y102.400 E456.44171
G1 X103.895 Y102.400 E456.66694
G1 X103.899 Y102.694 E456.67672
G1 X101.877 Y102.700 E456.74397
G1 X95.104 Y102.700 E456.96925
G1 X95.100 Y102.417 E456.97866
G0 F9000 X94.700 Y102.427
;TYPE:WALL-OUTER
G1 F1260 X94.709 Y102.243 E456.98479
G1 X94.740 Y102.157 E456.98783
G1 X94.798 Y102.082 E456.99098
G1 X94.878 Y102.029 E456.99417
G1 X94.951 Y102.006 E456.99672
G1 X103.982 Y102.000 E457.29709
G1 X104.096 Y102.018 E457.30093
G1 X104.138 Y102.037 E457.30246
G1 X104.217 Y102.098 E457.30578
G1 X104.270 Y102.178 E457.30897
G1 X104.293 Y102.252 E457.31155
G1 X104.300 Y102.787 E457.32935
G1 X104.283 Y102.893 E457.33292
G1 X104.263 Y102.937 E457.33452
G1 X104.201 Y103.017 E457.33789
G1 X104.121 Y103.070 E457.34108
G1 X104.048 Y103.093 E457.34363
G1 X95.013 Y103.100 E457.64413
G1 X94.906 Y103.083 E457.64774
G1 X94.861 Y103.062 E457.64939
G1 X94.782 Y103.001 E457.65271
G1 X94.729 Y102.921 E457.65590
G1 X94.706 Y102.847 E457.65848
G1 X94.700 Y102.427 E457.67245
G1 F2400 E453.67245
G0 F9000 X106.600 Y102.417
;TYPE:WALL-INNER
G1 F2400 E457.67245
G1 F1680 X106.601 Y102.406 E457.67282
G1 X108.623 Y102.400 E457.74007
G1 X115.395 Y102.400 E457.96531
G1 X115.399 Y102.694 E457.97509
G1 X113.377 Y102.700 E458.04234
G1 X106.604 Y102.700 E458.26761
G1 X106.600 Y102.417 E458.27702
G0 F9000 X106.200 Y102.427
;TYPE:WALL-OUTER
G1 F1260 X106.209 Y102.243 E458.28315
G1 X106.240 Y102.157 E458.28619
G1 X106.298 Y102.082 E458.28934
G1 X106.378 Y102.029 E458.29253
G1 X106.451 Y102.006 E458.29508
G1 X115.482 Y102.000 E458.59545
G1 X115.596 Y102.018 E458.59929
G1 X115.638 Y102.037 E458.60082
G1 X115.717 Y102.098 E458.60414
G1 X115.770 Y102.178 E458.60734
G1 X115.793 Y102.252 E458.60991
G1 X115.800 Y102.787 E458.62771
G1 X115.783 Y102.893 E458.63128
G1 X115.763 Y102.937 E458.63289
G1 X115.701 Y103.017 E458.63625
G1 X115.621 Y103.070 E458.63945
G1 X115.548 Y103.093 E458.64199
G1 X106.513 Y103.100 E458.94250
G1 X106.406 Y103.083 E458.94610
G1 X106.361 Y103.062 E458.94775
G1 X106.282 Y103.001 E458.95107
G1 X106.229 Y102.921 E458.95426
G1 X106.206 Y102.847 E458.95684
G1 X106.200 Y102.427 E458.97081
;LAYER:61
G1 F2400 E454.97081
G0 F9000 X92.395 Y102.400 Z12.500
;TYPE:WALL-INNER
G1 F2400 E458.97081
G1 F1680 X92.399 Y102.694 E458.98059
G1 X90.506 Y102.700 E459.04355
G1 X83.600 Y102.700 E459.27325
G1 X83.601 Y102.405 E459.28306
G1 X85.494 Y102.400 E459.34602
G1 X92.395 Y102.400 E459.57555
G0 F9000 X92.482 Y102.000
;TYPE:WALL-OUTER
G1 F1260 X92.593 Y102.017 E459.57928
G1 X92.706 Y102.083 E459.58364
G1 X92.768 Y102.169 E459.58716
G1 X92.784 Y102.207 E459.58853
G1 X92.793 Y102.247 E459.58990
G1 X92.800 Y102.785 E459.60779
G1 X92.783 Y102.890 E459.61133
G1 X92.716 Y103.006 E459.61579
G1 X92.630 Y103.068 E459.61931
G1 X92.592 Y103.084 E459.62068
G1 X92.553 Y103.093 E459.62201
G1 X83.513 Y103.100 E459.92269
G1 X83.409 Y103.083 E459.92619
G1 X83.317 Y103.036 E459.92963
G1 X83.293 Y103.016 E459.93067
G1 X83.231 Y102.930 E459.93419
G1 X83.203 Y102.842 E459.93726
G1 X83.200 Y102.800 E459.93866
G1 X83.201 Y102.298 E459.95536
G1 X83.216 Y102.209 E459.95836
G1 X83.283 Y102.093 E459.96282
G1 X83.369 Y102.031 E459.96634
G1 X83.407 Y102.015 E459.96772
G1 X83.446 Y102.006 E459.96905
G1 X92.482 Y102.000 E460.26959
G1 F2400 E456.26959
G0 F9000 X95.100 Y102.405
;TYPE:WALL-INNER
G1 F2400 E460.26959
G1 F1680 X96.994 Y102.400 E460.33258
G1 X103.895 Y102.400 E460.56211
G1 X103.899 Y102.694 E460.57189
G1 X102.006 Y102.700 E460.63485
G1 X95.104 Y102.700 E460.86441
G1 X95.100 Y102.405 E460.87422
G0 F9000 X94.700 Y102.420
;TYPE:WALL-OUTER
G1 F1260 X94.707 Y102.251 E460.87985
G1 X94.767 Y102.112 E460.88489
G1 X94.869 Y102.031 E460.88922
G1 X94.907 Y102.015 E460.89059
G1 X94.946 Y102.006 E460.89192
G1 X103.982 Y102.000 E461.19246
G1 X104.093 Y102.017 E461.19619
G1 X104.206 Y102.083 E461.20055
G1 X104.268 Y102.169 E461.20407
G1 X104.283 Y102.205 E461.20537
G1 X104.293 Y102.247 E461.20681
G1 X104.300 Y102.787 E461.22477
G1 X104.283 Y102.891 E461.22827
G1 X104.238 Y102.980 E461.23159
G1 X104.216 Y103.006 E461.23272
G1 X104.130 Y103.068 E461.23625
G1 X104.092 Y103.084 E461.23762
G1 X104.053 Y103.093 E461.23895
G1 X95.013 Y103.100 E461.53962
G1 X94.909 Y103.083 E461.54313
G1 X94.817 Y103.036 E461.54656
G1 X94.793 Y103.016 E461.54760
G1 X94.731 Y102.930 E461.55113
G1 X94.715 Y102.892 E461.55250
G1 X94.706 Y102.852 E461.55386
G1 X94.700 Y102.420 E461.56823
G1 F2400 E457.56823
G0 F9000 X106.600 Y102.405
;TYPE:WALL-INNER
G1 F2400 E461.56823
G1 F1680 X108.494 Y102.400 E461.63123
G1 X115.395 Y102.400 E461.86076
G1 X115.399 Y102.694 E461.87054
G1 X113.506 Y102.700 E461.93350
G1 X106.604 Y102.700 E462.16306
G1 X106.600 Y102.405 E462.17287
G0 F9000 X106.200 Y102.420
;TYPE:WALL-OUTER
G1 F1260 X106.207 Y102.251 E462.17850
G1 X106.267 Y102.112 E462.18353
G1 X106.369 Y102.031 E462.18787
G1 X106.407 Y102.015 E462.18924
G1 X106.446 Y102.006 E462.19057
G1 X115.482 Y102.000 E462.49111
G1 X115.593 Y102.017 E462.49484
G1 X115.706 Y102.083 E462.49919
G1 X115.768 Y102.169 E462.50272
G1 X115.783 Y102.205 E462.50402
G1 X115.793 Y102.247 E462.50545
G1 X115.800 Y102.787 E462.52342
G1 X115.783 Y102.891 E462.52692
G1 X115.738 Y102.980 E462.53024
G1 X115.716 Y103.006 E462.53137
G1 X115.630 Y103.068 E462.53490
G1 X115.592 Y103.084 E462.53627
G1 X115.553 Y103.093 E462.53760
G1 X106.513 Y103.100 E462.83827
G1 X106.409 Y103.083 E462.84178
G1 X106.317 Y103.036 E462.84521
G1 X106.293 Y103.016 E462.84625
G1 X106.231 Y102.930 E462.84978
G1 X106.215 Y102.892 E462.85115
G1 X106.206 Y102.852 E462.85251
G1 X106.200 Y102.420 E462.86688
;LAYER:62
G1 F2400 E458.86688
G0 F9000 X92.395 Y102.400 Z12.700
;TYPE:WALL-INNER
G1 F2400 E462.86688
G1 F1680 X92.399 Y102.694 E462.87666
G1 X90.634 Y102.700 E462.93537
G1 X83.600 Y102.700 E463.16932
G1 X83.601 Y102.405 E463.17913
G1 X85.366 Y102.400 E463.23783
G1 X92.395 Y102.400 E463.47162
G0 F9000 X92.482 Y102.000
;TYPE:WALL-OUTER
G1 F1260 X92.596 Y102.018 E463.47546
G1 X92.639 Y102.037 E463.47702
G1 X92.721 Y102.101 E463.48048
G1 X92.785 Y102.212 E463.48474
G1 X92.800 Y102.785 E463.50381
G1 X92.783 Y102.893 E463.50744
G1 X92.762 Y102.939 E463.50913
G1 X92.698 Y103.021 E463.51259
G1 X92.587 Y103.085 E463.51685
G1 X83.513 Y103.100 E463.81865
G1 X83.406 Y103.083 E463.82225
G1 X83.360 Y103.062 E463.82394
G1 X83.278 Y102.998 E463.82739
G1 X83.214 Y102.887 E463.83166
G1 X83.203 Y102.842 E463.83320
G1 X83.200 Y102.800 E463.83460
G1 X83.201 Y102.299 E463.85126
G1 X83.216 Y102.206 E463.85439
G1 X83.237 Y102.160 E463.85608
G1 X83.301 Y102.078 E463.85954
G1 X83.412 Y102.014 E463.86380
G1 X92.482 Y102.000 E464.16547
G1 F2400 E460.16547
G0 F9000 X95.100 Y102.405
;TYPE:WALL-INNER
G1 F2400 E464.16547
G1 F1680 X96.866 Y102.400 E464.22420
G1 X103.895 Y102.400 E464.45799
G1 X103.899 Y102.694 E464.46777
G1 X102.134 Y102.700 E464.52647
G1 X95.104 Y102.700 E464.76029
G1 X95.100 Y102.405 E464.77011
G0 F9000 X94.700 Y102.413
;TYPE:WALL-OUTER
G1 F1260 X94.708 Y102.241 E464.77583
G1 X94.735 Y102.161 E464.77864
G1 X94.760 Y102.123 E464.78015
G1 X94.825 Y102.059 E464.78319
G1 X94.946 Y102.006 E464.78758
G1 X103.982 Y102.000 E465.08812
G1 X104.096 Y102.018 E465.09196
G1 X104.139 Y102.037 E465.09352
G1 X104.221 Y102.101 E465.09698
G1 X104.285 Y102.212 E465.10124
G1 X104.300 Y102.787 E465.12037
G1 X104.282 Y102.894 E465.12398
G1 X104.263 Y102.938 E465.12558
G1 X104.171 Y103.043 E465.13022
G1 X104.053 Y103.093 E465.13448
G1 X95.013 Y103.100 E465.43515
G1 X94.906 Y103.083 E465.43876
G1 X94.860 Y103.062 E465.44044
G1 X94.778 Y102.998 E465.44390
G1 X94.714 Y102.887 E465.44816
G1 X94.700 Y102.413 E465.46393
G1 F2400 E461.46393
G0 F9000 X106.600 Y102.405
;TYPE:WALL-INNER
G1 F2400 E465.46393
G1 F1680 X108.366 Y102.400 E465.52267
G1 X115.395 Y102.400 E465.75646
G1 X115.399 Y102.694 E465.76624
G1 X113.634 Y102.700 E465.82494
G1 X106.604 Y102.700 E466.05876
G1 X106.600 Y102.405 E466.06857
G0 F9000 X106.200 Y102.413
;TYPE:WALL-OUTER
G1 F1260 X106.208 Y102.241 E466.07430
G1 X106.235 Y102.161 E466.07711
G1 X106.260 Y102.123 E466.07862
G1 X106.325 Y102.059 E466.08165
G1 X106.446 Y102.006 E466.08605
G1 X115.482 Y102.000 E466.38659
G1 X115.596 Y102.018 E466.39042
G1 X115.639 Y102.037 E466.39199
G1 X115.721 Y102.101 E466.39545
G1 X115.785 Y102.212 E466.39971
G1 X115.800 Y102.787 E466.41884
G1 X115.782 Y102.894 E466.42245
G1 X115.763 Y102.938 E466.42404
G1 X115.671 Y103.043 E466.42869
G1 X115.553 Y103.093 E466.43295
G1 X106.513 Y103.100 E466.73362
G1 X106.406 Y103.083 E466.73722
G1 X106.360 Y103.062 E466.73891
G1 X106.278 Y102.998 E466.74237
G1 X106.214 Y102.887 E466.74663
G1 X106.200 Y102.413 E466.76240
;LAYER:63
G1 F2400 E462.76240
G0 F9000 X92.395 Y102.400 Z12.900
;TYPE:WALL-INNER
G1 F2400 E466.76240
G1 F1680 X92.399 Y102.694 E466.77218
G1 X90.763 Y102.700 E466.82659
G1 X83.600 Y102.700 E467.06484
G1 X83.601 Y102.405 E467.07465
G1 X85.237 Y102.400 E467.12906
G1 X92.395 Y102.400 E467.36714
G0 F9000 X92.483 Y102.000
;TYPE:WALL-OUTER
G1 F1260 X92.602 Y102.021 E467.37116
G1 X92.673 Y102.058 E467.37382
G1 X92.764 Y102.164 E467.37847
G1 X92.793 Y102.255 E467.38164
G1 X92.800 Y102.783 E467.39921
G1 X92.778 Y102.902 E467.40323
G1 X92.741 Y102.973 E467.40589
G1 X92.635 Y103.064 E467.41054
G1 X92.545 Y103.093 E467.41368
G1 X83.518 Y103.100 E467.71392
G1 X83.397 Y103.078 E467.71801
G1 X83.326 Y103.041 E467.72068
G1 X83.235 Y102.935 E467.72532
G1 X83.203 Y102.835 E467.72882
G1 X83.200 Y102.800 E467.72998
G1 X83.201 Y102.305 E467.74645
G1 X83.221 Y102.197 E467.75010
G1 X83.258 Y102.126 E467.75276
G1 X83.364 Y102.035 E467.75741
G1 X83.454 Y102.006 E467.76056
G1 X92.483 Y102.000 E468.06086
G1 F2400 E464.06086
G0 F9000 X95.100 Y102.405
;TYPE:WALL-INNER
G1 F2400 E468.06086
G1 F1680 X96.737 Y102.400 E468.11531
G1 X103.895 Y102.400 E468.35338
G1 X103.899 Y102.694 E468.36316
G1 X102.263 Y102.700 E468.41758
G1 X95.104 Y102.700 E468.65569
G1 X95.100 Y102.405 E468.66550
G0 F9000 X94.700 Y102.406
;TYPE:WALL-OUTER
G1 F1260 X94.708 Y102.236 E468.67116
G1 X94.716 Y102.205 E468.67223
G1 X94.758 Y102.126 E468.67520
G1 X94.864 Y102.035 E468.67985
G1 X94.954 Y102.006 E468.68299
G1 X103.983 Y102.000 E468.98330
G1 X104.102 Y102.021 E468.98732
G1 X104.173 Y102.058 E468.98998
G1 X104.264 Y102.164 E468.99463
G1 X104.293 Y102.255 E468.99780
G1 X104.300 Y102.782 E469.01533
G1 X104.278 Y102.903 E469.01942
G1 X104.242 Y102.972 E469.02201
G1 X104.162 Y103.049 E469.02571
G1 X104.045 Y103.093 E469.02986
G1 X95.018 Y103.100 E469.33010
G1 X94.897 Y103.078 E469.33419
G1 X94.826 Y103.041 E469.33686
G1 X94.735 Y102.935 E469.34150
G1 X94.706 Y102.844 E469.34468
G1 X94.700 Y102.406 E469.35925
G1 F2400 E465.35925
G0 F9000 X106.600 Y102.405
;TYPE:WALL-INNER
G1 F2400 E469.35925
G1 F1680 X108.237 Y102.400 E469.41370
G1 X115.395 Y102.400 E469.65177
G1 X115.399 Y102.694 E469.66155
G1 X113.763 Y102.700 E469.71596
G1 X106.604 Y102.700 E469.95407
G1 X106.600 Y102.405 E469.96389
G0 F9000 X106.200 Y102.406
;TYPE:WALL-OUTER
G1 F1260 X106.208 Y102.236 E469.96955
G1 X106.216 Y102.205 E469.97061
G1 X106.258 Y102.126 E469.97359
G1 X106.364 Y102.035 E469.97823
G1 X106.454 Y102.006 E469.98138
G1 X115.483 Y102.000 E470.28169
G1 X115.602 Y102.021 E470.28570
G1 X115.673 Y102.058 E470.28837
G1 X115.764 Y102.164 E470.29301
G1 X115.793 Y102.255 E470.29619
G1 X115.800 Y102.782 E470.31372
G1 X115.778 Y102.903 E470.31781
G1 X115.742 Y102.972 E470.32040
G1 X115.662 Y103.049 E470.32409
G1 X115.545 Y103.093 E470.32825
G1 X106.518 Y103.100 E470.62849
G1 X106.397 Y103.078 E470.63258
G1 X106.326 Y103.041 E470.63524
G1 X106.235 Y102.935 E470.63989
G1 X106.206 Y102.844 E470.64307
G1 X106.200 Y102.406 E470.65763
;LAYER:64
G1 F2400 E466.65763
G0 F9000 X92.395 Y102.400 Z13.100
;TYPE:WALL-INNER
G1 F2400 E470.65763
G1 F1680 X92.399 Y102.694 E470.66741
G1 X90.891 Y102.700 E470.71757
G1 X83.600 Y102.700 E470.96007
G1 X83.601 Y102.405 E470.96988
G1 X85.109 Y102.400 E471.02004
G1 X92.395 Y102.400 E471.26237
G0 F9000 X92.482 Y102.000
;TYPE:WALL-OUTER
G1 F1260 X92.599 Y102.018 E471.26631
G1 X92.627 Y102.030 E471.26732
G1 X92.723 Y102.102 E471.27131
G1 X92.764 Y102.160 E471.27368
G1 X92.793 Y102.254 E471.27695
G1 X92.800 Y102.785 E471.29461
G1 X92.782 Y102.895 E471.29832
G1 X92.769 Y102.927 E471.29947
G1 X92.697 Y103.023 E471.30346
G1 X92.639 Y103.064 E471.30582
G1 X92.546 Y103.093 E471.30906
G1 X83.513 Y103.100 E471.60950
G1 X83.403 Y103.082 E471.61321
G1 X83.372 Y103.069 E471.61432
G1 X83.276 Y102.997 E471.61832
G1 X83.235 Y102.939 E471.62068
G1 X83.203 Y102.837 E471.62423
G1 X83.200 Y102.800 E471.62547
G1 X83.201 Y102.300 E471.64210
G1 X83.217 Y102.204 E471.64534
G1 X83.230 Y102.172 E471.64648
G1 X83.302 Y102.076 E471.65048
G1 X83.360 Y102.035 E471.65284
G1 X83.453 Y102.006 E471.65608
G1 X92.482 Y102.000 E471.95638
G1 F2400 E467.95638
G0 F9000 X95.100 Y102.405
;TYPE:WALL-INNER
G1 F2400 E471.95638
G1 F1680 X96.609 Y102.400 E472.00657
G1 X103.895 Y102.400 E472.24891
G1 X103.899 Y102.694 E472.25869
G1 X102.391 Y102.700 E472.30884
G1 X95.104 Y102.700 E472.55121
G1 X95.100 Y102.405 E472.56102
G0 F9000 X94.700 Y102.400
;TYPE:WALL-OUTER
G1 F1260 X94.715 Y102.207 E472.56746
G1 X94.730 Y102.172 E472.56873
G1 X94.802 Y102.076 E472.57272
G1 X94.860 Y102.035 E472.57508
G1 X94.953 Y102.006 E472.57832
G1 X103.982 Y102.000 E472.87863
G1 X104.099 Y102.018 E472.88256
G1 X104.127 Y102.030 E472.88358
G1 X104.223 Y102.102 E472.88757
G1 X104.264 Y102.160 E472.88993
G1 X104.293 Y102.254 E472.89320
G1 X104.300 Y102.787 E472.91093
G1 X104.282 Y102.896 E472.91461
G1 X104.270 Y102.926 E472.91568
G1 X104.176 Y103.041 E472.92062
G1 X104.139 Y103.064 E472.92207
G1 X104.046 Y103.093 E472.92531
G1 X95.013 Y103.100 E473.22575
G1 X94.903 Y103.082 E473.22946
G1 X94.872 Y103.069 E473.23057
G1 X94.776 Y102.997 E473.23457
G1 X94.735 Y102.939 E473.23693
G1 X94.706 Y102.845 E473.24020
G1 X94.700 Y102.400 E473.25500
G1 F2400 E469.25500
G0 F9000 X106.600 Y102.405
;TYPE:WALL-INNER
G1 F2400 E473.25500
G1 F1680 X108.109 Y102.400 E473.30519
G1 X115.395 Y102.400 E473.54753
G1 X115.399 Y102.694 E473.55730
G1 X113.891 Y102.700 E473.60746
G1 X106.604 Y102.700 E473.84983
G1 X106.600 Y102.405 E473.85964
G0 F9000 X106.200 Y102.400
;TYPE:WALL-OUTER
G1 F1260 X106.215 Y102.207 E473.86608
G1 X106.230 Y102.172 E473.86735
G1 X106.302 Y102.076 E473.87134
G1 X106.360 Y102.035 E473.87370
G1 X106.453 Y102.006 E473.87694
G1 X115.482 Y102.000 E474.17725
G1 X115.599 Y102.018 E474.18118
G1 X115.627 Y102.030 E474.18220
G1 X115.723 Y102.102 E474.18619
G1 X115.764 Y102.160 E474.18855
G1 X115.793 Y102.254 E474.19182
G1 X115.800 Y102.787 E474.20955
G1 X115.782 Y102.896 E474.21323
G1 X115.770 Y102.926 E474.21430
G1 X115.676 Y103.041 E474.21924
G1 X115.639 Y103.064 E474.22069
G1 X115.546 Y103.093 E474.22393
G1 X106.513 Y103.100 E474.52437
G1 X106.403 Y103.082 E474.52808
G1 X106.372 Y103.069 E474.52919
G1 X106.276 Y102.997 E474.53318
G1 X106.235 Y102.939 E474.53555
G1 X106.206 Y102.845 E474.53882
G1 X106.200 Y102.400 E474.55362
;LAYER:65
G1 F2400 E470.55362
G0 F9000 X92.395 Y102.400 Z13.300
;TYPE:WALL-INNER
G1 F2400 E474.55362
G1 F1680 X92.399 Y102.694 E474.56340
G1 X91.019 Y102.700 E474.60930
G1 X83.604 Y102.700 E474.85592
G1 X83.601 Y102.405 E474.86574
G1 X84.980 Y102.400 E474.91160
G1 X92.395 Y102.400 E475.15823
G0 F9000 X92.485 Y102.000
;TYPE:WALL-OUTER
G1 F1260 X92.600 Y102.020 E475.16211
G1 X92.673 Y102.058 E475.16485
G1 X92.744 Y102.133 E475.16828
G1 X92.793 Y102.247 E475.17241
G1 X92.800 Y102.783 E475.19024
G1 X92.779 Y102.900 E475.19419
G1 X92.741 Y102.973 E475.19693
G1 X92.666 Y103.044 E475.20036
G1 X92.553 Y103.093 E475.20446
G1 X83.517 Y103.100 E475.50500
G1 X83.399 Y103.079 E475.50898
G1 X83.326 Y103.041 E475.51172
G1 X83.255 Y102.966 E475.51516
G1 X83.206 Y102.852 E475.51928
G1 X83.200 Y102.306 E475.53744
G1 X83.220 Y102.199 E475.54106
G1 X83.258 Y102.126 E475.54380
G1 X83.333 Y102.055 E475.54724
G1 X83.446 Y102.006 E475.55133
G1 X92.485 Y102.000 E475.85197
G1 F2400 E471.85197
G0 F9000 X95.100 Y102.405
;TYPE:WALL-INNER
G1 F2400 E475.85197
G1 F1680 X96.480 Y102.400 E475.89787
G1 X103.895 Y102.400 E476.14449
G1 X103.899 Y102.694 E476.15427
G1 X102.519 Y102.700 E476.20017
G1 X95.104 Y102.700 E476.44680
G1 X95.100 Y102.405 E476.45661
G0 F9000 X94.700 Y102.392
;TYPE:WALL-OUTER
G1 F1260 X94.707 Y102.249 E476.46137
G1 X94.754 Y102.130 E476.46563
G1 X94.833 Y102.055 E476.46925
G1 X94.946 Y102.006 E476.47335
G1 X103.985 Y102.000 E476.77399
G1 X104.100 Y102.020 E476.77787
G1 X104.173 Y102.058 E476.78061
G1 X104.244 Y102.133 E476.78404
G1 X104.293 Y102.247 E476.78817
G1 X104.300 Y102.791 E476.80626
G1 X104.295 Y102.844 E476.80803
G1 X104.245 Y102.969 E476.81251
G1 X104.166 Y103.044 E476.81613
G1 X104.053 Y103.093 E476.82023
G1 X95.017 Y103.100 E477.12077
G1 X94.899 Y103.079 E477.12476
G1 X94.826 Y103.041 E477.12749
G1 X94.755 Y102.966 E477.13093
G1 X94.706 Y102.852 E477.13505
G1 X94.700 Y102.392 E477.15036
G1 F2400 E473.15036
G0 F9000 X106.600 Y102.405
;TYPE:WALL-INNER
G1 F2400 E477.15036
G1 F1680 X107.980 Y102.400 E477.19625
G1 X115.395 Y102.400 E477.44288
G1 X115.399 Y102.694 E477.45266
G1 X114.019 Y102.700 E477.49856
G1 X106.604 Y102.700 E477.74518
G1 X106.600 Y102.405 E477.75499
G0 F9000 X106.200 Y102.392
;TYPE:WALL-OUTER
G1 F1260 X106.207 Y102.249 E477.75976
G1 X106.254 Y102.130 E477.76401
G1 X106.333 Y102.055 E477.76763
G1 X106.446 Y102.006 E477.77173
G1 X115.485 Y102.000 E478.07237
G1 X115.600 Y102.020 E478.07625
G1 X115.673 Y102.058 E478.07899
G1 X115.744 Y102.133 E478.08242
G1 X115.793 Y102.247 E478.08655
G1 X115.800 Y102.791 E478.10465
G1 X115.795 Y102.844 E478.10642
G1 X115.745 Y102.969 E478.11089
G1 X115.666 Y103.044 E478.11452
G1 X115.553 Y103.093 E478.11861
G1 X106.517 Y103.100 E478.41915
G1 X106.399 Y103.079 E478.42314
G1 X106.326 Y103.041 E478.42588
G1 X106.255 Y102.966 E478.42931
G1 X106.206 Y102.852 E478.43344
G1 X106.200 Y102.392 E478.44874
;LAYER:66
G1 F2400 E474.44874
G0 F9000 X92.395 Y102.400 Z13.500
;TYPE:WALL-INNER
G1 F2400 E478.44874
G1 F1680 X92.399 Y102.694 E478.45852
G1 X91.147 Y102.700 E478.50016
G1 X83.604 Y102.700 E478.75104
G1 X83.601 Y102.405 E478.76085
G1 X84.853 Y102.400 E478.80250
G1 X92.395 Y102.400 E479.05334
G0 F9000 X92.800 Y102.714
;TYPE:WALL-OUTER
G1 F1260 X92.793 Y102.849 E479.05784
G1 X92.757 Y102.950 E479.06141
G1 X92.742 Y102.973 E479.06232
G1 X92.667 Y103.044 E479.06576
G1 X92.553 Y103.093 E479.06988
G1 X83.518 Y103.100 E479.37039
G1 X83.401 Y103.079 E479.37434
G1 X83.320 Y103.036 E479.37739
G1 X83.255 Y102.967 E479.38054
G1 X83.206 Y102.852 E479.38470
G1 X83.200 Y102.307 E479.40283
G1 X83.220 Y102.201 E479.40642
G1 X83.263 Y102.120 E479.40947
G1 X83.332 Y102.055 E479.41262
G1 X83.446 Y102.006 E479.41675
G1 X92.484 Y102.000 E479.71735
G1 X92.598 Y102.020 E479.72120
G1 X92.679 Y102.063 E479.72425
G1 X92.744 Y102.132 E479.72741
G1 X92.793 Y102.247 E479.73156
G1 X92.800 Y102.714 E479.74710
G1 F2400 E475.74710
G0 F9000 X96.353 Y102.400
;TYPE:WALL-INNER
G1 F2400 E479.74710
G1 F1680 X103.895 Y102.400 E479.99795
G1 X103.899 Y102.694 E480.00772
G1 X102.647 Y102.700 E480.04937
G1 X95.104 Y102.700 E480.30025
G1 X95.100 Y102.405 E480.31006
G1 X96.353 Y102.400 E480.35174
G0 F9000 X95.000 Y102.388
G0 X94.700 Y102.385
;TYPE:WALL-OUTER
G1 F1260 X94.707 Y102.250 E480.35623
G1 X94.742 Y102.149 E480.35979
G1 X94.757 Y102.126 E480.36070
G1 X94.832 Y102.055 E480.36414
G1 X94.946 Y102.006 E480.36826
G1 X103.984 Y102.000 E480.66887
G1 X104.098 Y102.020 E480.67272
G1 X104.179 Y102.063 E480.67577
G1 X104.244 Y102.132 E480.67892
G1 X104.293 Y102.247 E480.68308
G1 X104.300 Y102.783 E480.70091
G1 X104.280 Y102.896 E480.70472
G1 X104.235 Y102.980 E480.70789
G1 X104.167 Y103.044 E480.71100
G1 X104.053 Y103.093 E480.71513
G1 X95.018 Y103.100 E481.01563
G1 X94.901 Y103.079 E481.01959
G1 X94.820 Y103.036 E481.02264
G1 X94.755 Y102.967 E481.02579
G1 X94.706 Y102.852 E481.02995
G1 X94.700 Y102.385 E481.04548
G1 F2400 E477.04548
G0 F9000 X106.600 Y102.405
;TYPE:WALL-INNER
G1 F2400 E481.04548
G1 F1680 X107.853 Y102.400 E481.08716
G1 X115.395 Y102.400 E481.33800
G1 X115.399 Y102.694 E481.34778
G1 X114.147 Y102.700 E481.38942
G1 X106.604 Y102.700 E481.64031
G1 X106.600 Y102.405 E481.65012
G0 F9000 X106.200 Y102.385
;TYPE:WALL-OUTER
G1 F1260 X106.207 Y102.250 E481.65461
G1 X106.242 Y102.149 E481.65817
G1 X106.257 Y102.126 E481.65908
G1 X106.332 Y102.055 E481.66252
G1 X106.446 Y102.006 E481.66665
G1 X115.484 Y102.000 E481.96725
G1 X115.598 Y102.020 E481.97110
G1 X115.679 Y102.063 E481.97415
G1 X115.744 Y102.132 E481.97730
G1 X115.793 Y102.247 E481.98146
G1 X115.800 Y102.783 E481.99929
G1 X115.780 Y102.896 E482.00311
G1 X115.735 Y102.980 E482.00628
G1 X115.667 Y103.044 E482.00938
G1 X115.553 Y103.093 E482.01351
G1 X106.518 Y103.100 E482.31401
G1 X106.401 Y103.079 E482.31797
G1 X106.320 Y103.036 E482.32102
G1 X106.255 Y102.967 E482.32417
G1 X106.206 Y102.852 E482.32833
G1 X106.200 Y102.385 E482.34386
;LAYER:67
G1 F2400 E478.34386
G0 F9000 X92.395 Y102.400 Z13.700
;TYPE:WALL-INNER
G1 F2400 E482.34386
G1 F1680 X92.399 Y102.694 E482.35364
G1 X91.276 Y102.700 E482.39099
G1 X83.604 Y102.700 E482.64617
G1 X83.601 Y102.405 E482.65598
G1 X84.724 Y102.400 E482.69333
G1 X92.395 Y102.400 E482.94847
G0 F9000 X92.800 Y102.720
;TYPE:WALL-OUTER
G1 F1260 X92.793 Y102.849 E482.95276
G1 X92.758 Y102.950 E482.95632
G1 X92.716 Y103.006 E482.95865
G1 X92.629 Y103.067 E482.96218
G1 X92.546 Y103.093 E482.96507
G1 X91.278 Y103.100 E483.00725
G1 X83.518 Y103.100 E483.26535
G1 X83.394 Y103.078 E483.26954
G1 X83.325 Y103.043 E483.27211
G1 X83.293 Y103.016 E483.27350
G1 X83.232 Y102.929 E483.27704
G1 X83.206 Y102.845 E483.27996
G1 X83.200 Y102.308 E483.29782
G1 X83.221 Y102.194 E483.30168
G1 X83.256 Y102.125 E483.30425
G1 X83.283 Y102.093 E483.30564
G1 X83.370 Y102.032 E483.30918
G1 X83.453 Y102.006 E483.31207
G1 X92.484 Y102.000 E483.61244
G1 X92.604 Y102.021 E483.61650
G1 X92.645 Y102.038 E483.61797
G1 X92.706 Y102.083 E483.62049
G1 X92.767 Y102.170 E483.62403
G1 X92.793 Y102.254 E483.62695
G1 X92.800 Y102.720 E483.64245
G1 F2400 E479.64245
G0 F9000 X96.224 Y102.400
;TYPE:WALL-INNER
G1 F2400 E483.64245
G1 F1680 X103.895 Y102.400 E483.89759
G1 X103.899 Y102.694 E483.90737
G1 X102.776 Y102.700 E483.94472
G1 X95.104 Y102.700 E484.19989
G1 X95.101 Y102.405 E484.20971
G1 X96.224 Y102.400 E484.24706
G0 F9000 X95.001 Y102.375
G0 X94.700 Y102.378
;TYPE:WALL-OUTER
G1 F1260 X94.707 Y102.249 E484.25135
G1 X94.741 Y102.149 E484.25487
G1 X94.783 Y102.093 E484.25720
G1 X94.870 Y102.032 E484.26073
G1 X94.953 Y102.006 E484.26362
G1 X103.984 Y102.000 E484.56399
G1 X104.104 Y102.021 E484.56805
G1 X104.145 Y102.038 E484.56952
G1 X104.206 Y102.083 E484.57204
G1 X104.267 Y102.170 E484.57558
G1 X104.293 Y102.254 E484.57850
G1 X104.300 Y102.783 E484.59610
G1 X104.278 Y102.906 E484.60025
G1 X104.216 Y103.006 E484.60417
G1 X104.129 Y103.067 E484.60770
G1 X104.046 Y103.093 E484.61059
G1 X102.778 Y103.100 E484.65277
G1 X95.018 Y103.100 E484.91087
G1 X94.894 Y103.078 E484.91506
G1 X94.825 Y103.043 E484.91763
G1 X94.793 Y103.016 E484.91902
G1 X94.732 Y102.929 E484.92256
G1 X94.706 Y102.845 E484.92548
G1 X94.700 Y102.378 E484.94102
G1 F2400 E480.94102
G0 F9000 X106.601 Y102.405
;TYPE:WALL-INNER
G1 F2400 E484.94102
G1 F1680 X107.724 Y102.400 E484.97837
G1 X115.395 Y102.400 E485.23351
G1 X115.399 Y102.694 E485.24328
G1 X114.276 Y102.700 E485.28064
G1 X106.604 Y102.700 E485.53581
G1 X106.601 Y102.405 E485.54562
G0 F9000 X106.200 Y102.378
;TYPE:WALL-OUTER
G1 F1260 X106.207 Y102.249 E485.54992
G1 X106.241 Y102.149 E485.55343
G1 X106.283 Y102.093 E485.55576
G1 X106.370 Y102.032 E485.55929
G1 X106.453 Y102.006 E485.56219
G1 X115.484 Y102.000 E485.86256
G1 X115.604 Y102.021 E485.86661
G1 X115.645 Y102.038 E485.86809
G1 X115.706 Y102.083 E485.87061
G1 X115.767 Y102.170 E485.87414
G1 X115.793 Y102.254 E485.87707
G1 X115.800 Y102.783 E485.89466
G1 X115.778 Y102.906 E485.89882
G1 X115.716 Y103.006 E485.90273
G1 X115.629 Y103.067 E485.90626
G1 X115.546 Y103.093 E485.90916
G1 X114.278 Y103.100 E485.95133
G1 X106.518 Y103.100 E486.20943
G1 X106.394 Y103.078 E486.21362
G1 X106.325 Y103.043 E486.21619
G1 X106.293 Y103.016 E486.21759
G1 X106.232 Y102.929 E486.22112
G1 X106.206 Y102.845 E486.22404
G1 X106.200 Y102.378 E486.23958
;LAYER:68
G1 F2400 E482.23958
G0 F9000 X92.395 Y102.400 Z13.900
;TYPE:WALL-INNER
G1 F2400 E486.23958
G1 F1680 X92.399 Y102.694 E486.24936
G1 X91.404 Y102.700 E486.28245
G1 X83.604 Y102.700 E486.54188
G1 X83.601 Y102.405 E486.55169
G1 X84.595 Y102.400 E486.58475
G1 X92.395 Y102.400 E486.84418
G0 F9000 X92.800 Y102.727
;TYPE:WALL-OUTER
G1 F1260 X92.785 Y102.887 E486.84953
G1 X92.737 Y102.977 E486.85292
G1 X92.664 Y103.047 E486.85628
G1 X92.631 Y103.066 E486.85755
G1 X92.548 Y103.093 E486.86045
G1 X91.407 Y103.100 E486.89840
G1 X83.517 Y103.100 E487.16083
G1 X83.403 Y103.081 E487.16467
G1 X83.322 Y103.037 E487.16774
G1 X83.252 Y102.964 E487.17110
G1 X83.233 Y102.931 E487.17237
G1 X83.206 Y102.847 E487.17530
G1 X83.200 Y102.308 E487.19323
G1 X83.219 Y102.203 E487.19678
G1 X83.262 Y102.122 E487.19983
G1 X83.335 Y102.052 E487.20319
G1 X83.368 Y102.033 E487.20446
G1 X83.451 Y102.006 E487.20736
G1 X84.593 Y102.000 E487.24535
G1 X92.485 Y102.000 E487.50784
G1 X92.596 Y102.018 E487.51158
G1 X92.677 Y102.062 E487.51464
G1 X92.747 Y102.135 E487.51801
G1 X92.766 Y102.168 E487.51927
G1 X92.793 Y102.252 E487.52221
G1 X92.800 Y102.727 E487.53801
G1 F2400 E483.53801
G0 F9000 X96.095 Y102.400
;TYPE:WALL-INNER
G1 F2400 E487.53801
G1 F1680 X103.895 Y102.400 E487.79744
G1 X103.899 Y102.694 E487.80721
G1 X102.904 Y102.700 E487.84031
G1 X95.104 Y102.700 E488.09974
G1 X95.101 Y102.405 E488.10955
G1 X96.095 Y102.400 E488.14261
G0 F9000 X96.093 Y102.000
;TYPE:WALL-OUTER
G1 F1260 X103.985 Y102.000 E488.40510
G1 X104.096 Y102.018 E488.40884
G1 X104.177 Y102.062 E488.41191
G1 X104.247 Y102.135 E488.41527
G1 X104.266 Y102.168 E488.41654
G1 X104.293 Y102.252 E488.41947
G1 X104.300 Y102.784 E488.43717
G1 X104.281 Y102.895 E488.44091
G1 X104.241 Y102.973 E488.44383
G1 X104.164 Y103.047 E488.44738
G1 X104.131 Y103.066 E488.44865
G1 X104.048 Y103.093 E488.45155
G1 X102.907 Y103.100 E488.48950
G1 X95.017 Y103.100 E488.75192
G1 X94.903 Y103.081 E488.75577
G1 X94.822 Y103.037 E488.75883
G1 X94.752 Y102.964 E488.76220
G1 X94.733 Y102.931 E488.76346
G1 X94.706 Y102.847 E488.76640
G1 X94.700 Y102.372 E488.78220
G1 X94.707 Y102.241 E488.78656
G1 X94.715 Y102.210 E488.78763
G1 X94.762 Y102.122 E488.79094
G1 X94.835 Y102.052 E488.79431
G1 X94.868 Y102.033 E488.79557
G1 X94.951 Y102.006 E488.79848
G1 X96.093 Y102.000 E488.83646
G1 F2400 E484.83646
G0 F9000 X106.601 Y102.405
;TYPE:WALL-INNER
G1 F2400 E488.83646
G1 F1680 X107.595 Y102.400 E488.86952
G1 X115.395 Y102.400 E489.12895
G1 X115.399 Y102.694 E489.13873
G1 X114.404 Y102.700 E489.17183
G1 X106.604 Y102.700 E489.43125
G1 X106.601 Y102.405 E489.44107
G0 F9000 X106.200 Y102.372
;TYPE:WALL-OUTER
G1 F1260 X106.207 Y102.241 E489.44543
G1 X106.215 Y102.210 E489.44649
G1 X106.262 Y102.122 E489.44981
G1 X106.335 Y102.052 E489.45318
G1 X106.368 Y102.033 E489.45444
G1 X106.451 Y102.006 E489.45735
G1 X107.593 Y102.000 E489.49533
G1 X115.485 Y102.000 E489.75782
G1 X115.596 Y102.018 E489.76156
G1 X115.677 Y102.062 E489.76462
G1 X115.747 Y102.135 E489.76799
G1 X115.766 Y102.168 E489.76926
G1 X115.793 Y102.252 E489.77219
G1 X115.800 Y102.784 E489.78989
G1 X115.781 Y102.895 E489.79363
G1 X115.741 Y102.973 E489.79655
G1 X115.664 Y103.047 E489.80010
G1 X115.631 Y103.066 E489.80137
G1 X115.548 Y103.093 E489.80427
G1 X114.407 Y103.100 E489.84222
G1 X106.517 Y103.100 E490.10464
G1 X106.403 Y103.081 E490.10849
G1 X106.322 Y103.037 E490.11155
G1 X106.252 Y102.964 E490.11491
G1 X106.233 Y102.931 E490.11618
G1 X106.206 Y102.847 E490.11912
G1 X106.200 Y102.372 E490.13492
;LAYER:69
G1 F2400 E486.13492
G0 F9000 X92.395 Y102.400 Z14.100
;TYPE:WALL-INNER
G1 F2400 E490.13492
G1 F1680 X92.399 Y102.694 E490.14470
G1 X91.532 Y102.700 E490.17353
G1 X83.604 Y102.700 E490.43722
G1 X83.601 Y102.405 E490.44703
G1 X84.467 Y102.400 E490.47583
G1 X92.395 Y102.400 E490.73952
G0 F9000 X92.496 Y102.000
;TYPE:WALL-OUTER
G1 F1260 X92.542 Y102.004 E490.74106
G1 X92.633 Y102.034 E490.74424
G1 X92.713 Y102.093 E490.74755
G1 X92.784 Y102.207 E490.75202
G1 X92.793 Y102.247 E490.75338
G1 X92.800 Y102.735 E490.76961
G1 X92.794 Y102.847 E490.77334
G1 X92.765 Y102.933 E490.77636
G1 X92.706 Y103.013 E490.77967
G1 X92.592 Y103.084 E490.78414
G1 X92.552 Y103.093 E490.78550
G1 X91.535 Y103.100 E490.81933
G1 X83.507 Y103.100 E491.08634
G1 X83.457 Y103.095 E491.08801
G1 X83.366 Y103.065 E491.09120
G1 X83.286 Y103.006 E491.09450
G1 X83.215 Y102.892 E491.09897
G1 X83.206 Y102.852 E491.10033
G1 X83.200 Y102.298 E491.11876
G1 X83.204 Y102.257 E491.12013
G1 X83.234 Y102.166 E491.12332
G1 X83.293 Y102.086 E491.12662
G1 X83.407 Y102.015 E491.13109
G1 X83.446 Y102.006 E491.13242
G1 X84.465 Y102.000 E491.16631
G1 X92.496 Y102.000 E491.43343
G1 F2400 E487.43343
G0 F9000 X95.967 Y102.400
;TYPE:WALL-INNER
G1 F2400 E491.43343
G1 F1680 X103.895 Y102.400 E491.69711
G1 X103.899 Y102.694 E491.70689
G1 X103.032 Y102.700 E491.73573
G1 X95.104 Y102.700 E491.99942
G1 X95.101 Y102.405 E492.00923
G1 X95.967 Y102.400 E492.03803
G0 F9000 X95.965 Y102.000
;TYPE:WALL-OUTER
G1 F1260 X103.996 Y102.000 E492.30514
G1 X104.042 Y102.004 E492.30668
G1 X104.133 Y102.034 E492.30987
G1 X104.213 Y102.093 E492.31317
G1 X104.284 Y102.207 E492.31764
G1 X104.293 Y102.247 E492.31900
G1 X104.300 Y102.793 E492.33716
G1 X104.295 Y102.842 E492.33880
G1 X104.265 Y102.933 E492.34199
G1 X104.206 Y103.013 E492.34530
G1 X104.092 Y103.084 E492.34976
G1 X104.052 Y103.093 E492.35113
G1 X103.035 Y103.100 E492.38495
G1 X95.007 Y103.100 E492.65196
G1 X94.957 Y103.095 E492.65364
G1 X94.866 Y103.065 E492.65682
G1 X94.786 Y103.006 E492.66013
G1 X94.715 Y102.892 E492.66460
G1 X94.706 Y102.852 E492.66596
G1 X94.700 Y102.364 E492.68219
G1 X94.706 Y102.251 E492.68596
G1 X94.734 Y102.166 E492.68893
G1 X94.793 Y102.086 E492.69224
G1 X94.907 Y102.015 E492.69671
G1 X94.946 Y102.006 E492.69804
G1 X95.965 Y102.000 E492.73193
G1 F2400 E488.73193
G0 F9000 X106.601 Y102.405
;TYPE:WALL-INNER
G1 F2400 E492.73193
G1 F1680 X107.467 Y102.400 E492.76073
G1 X115.395 Y102.400 E493.02442
G1 X115.399 Y102.694 E493.03420
G1 X114.532 Y102.700 E493.06304
G1 X106.604 Y102.700 E493.32672
G1 X106.601 Y102.405 E493.33653
G0 F9000 X106.200 Y102.364
;TYPE:WALL-OUTER
G1 F1260 X106.206 Y102.251 E493.34030
G1 X106.234 Y102.166 E493.34327
G1 X106.293 Y102.086 E493.34658
G1 X106.407 Y102.015 E493.35105
G1 X106.446 Y102.006 E493.35238
G1 X107.465 Y102.000 E493.38627
G1 X115.496 Y102.000 E493.65338
G1 X115.542 Y102.004 E493.65492
G1 X115.633 Y102.034 E493.65811
G1 X115.713 Y102.093 E493.66141
G1 X115.784 Y102.207 E493.66588
G1 X115.793 Y102.247 E493.66724
G1 X115.800 Y102.793 E493.68540
G1 X115.795 Y102.842 E493.68704
G1 X115.765 Y102.933 E493.69023
G1 X115.706 Y103.013 E493.69354
G1 X115.592 Y103.084 E493.69800
G1 X115.552 Y103.093 E493.69937
G1 X114.535 Y103.100 E493.73319
G1 X106.507 Y103.100 E494.00021
G1 X106.457 Y103.095 E494.00188
G1 X106.366 Y103.065 E494.00506
G1 X106.286 Y103.006 E494.00837
G1 X106.215 Y102.892 E494.01284
G1 X106.206 Y102.852 E494.01420
G1 X106.200 Y102.364 E494.03043
;LAYER:70
G1 F2400 E490.03043
G0 F9000 X92.395 Y102.400 Z14.300
;TYPE:WALL-INNER
G1 F2400 E494.03043
G1 F1680 X92.399 Y102.694 E494.04021
G1 X91.660 Y102.700 E494.06479
G1 X83.604 Y102.700 E494.33274
G1 X83.601 Y102.405 E494.34255
G1 X84.339 Y102.400 E494.36709
G1 X92.395 Y102.400 E494.63504
G0 F9000 X92.496 Y102.000
;TYPE:WALL-OUTER
G1 F1260 X92.544 Y102.004 E494.63664
G1 X92.670 Y102.055 E494.64116
G1 X92.743 Y102.130 E494.64464
G1 X92.785 Y102.213 E494.64774
G1 X92.800 Y102.741 E494.66530
G1 X92.793 Y102.849 E494.66890
G1 X92.761 Y102.943 E494.67221
G1 X92.746 Y102.968 E494.67318
G1 X92.669 Y103.043 E494.67675
G1 X92.586 Y103.085 E494.67985
G1 X91.663 Y103.100 E494.71055
G1 X83.508 Y103.100 E494.98179
G1 X83.454 Y103.095 E494.98359
G1 X83.329 Y103.044 E494.98808
G1 X83.256 Y102.969 E494.99156
G1 X83.214 Y102.886 E494.99465
G1 X83.200 Y102.299 E495.01418
G1 X83.204 Y102.254 E495.01569
G1 X83.255 Y102.129 E495.02018
G1 X83.330 Y102.056 E495.02366
G1 X83.413 Y102.014 E495.02675
G1 X84.336 Y102.000 E495.05745
G1 X92.496 Y102.000 E495.32886
G1 F2400 E491.32886
G0 F9000 X95.839 Y102.400
;TYPE:WALL-INNER
G1 F2400 E495.32886
G1 F1680 X103.895 Y102.400 E495.59680
G1 X103.899 Y102.694 E495.60658
G1 X103.160 Y102.700 E495.63116
G1 X95.104 Y102.700 E495.89910
G1 X95.101 Y102.405 E495.90892
G1 X95.839 Y102.400 E495.93346
G0 F9000 X95.836 Y102.000
;TYPE:WALL-OUTER
G1 F1260 X103.996 Y102.000 E496.20486
G1 X104.044 Y102.004 E496.20647
G1 X104.170 Y102.055 E496.21099
G1 X104.243 Y102.130 E496.21447
G1 X104.285 Y102.213 E496.21756
G1 X104.300 Y102.793 E496.23686
G1 X104.295 Y102.844 E496.23856
G1 X104.261 Y102.943 E496.24205
G1 X104.246 Y102.968 E496.24302
G1 X104.169 Y103.043 E496.24659
G1 X104.086 Y103.085 E496.24968
G1 X103.163 Y103.100 E496.28039
G1 X95.008 Y103.100 E496.55162
G1 X94.954 Y103.095 E496.55343
G1 X94.829 Y103.044 E496.55792
G1 X94.756 Y102.969 E496.56140
G1 X94.714 Y102.886 E496.56449
G1 X94.700 Y102.358 E496.58206
G1 X94.706 Y102.249 E496.58569
G1 X94.755 Y102.129 E496.59000
G1 X94.830 Y102.056 E496.59348
G1 X94.913 Y102.014 E496.59658
G1 X95.836 Y102.000 E496.62728
G1 F2400 E492.62728
G0 F9000 X106.601 Y102.405
;TYPE:WALL-INNER
G1 F2400 E496.62728
G1 F1680 X107.339 Y102.400 E496.65183
G1 X115.395 Y102.400 E496.91977
G1 X115.399 Y102.694 E496.92955
G1 X114.660 Y102.700 E496.95413
G1 X106.604 Y102.700 E497.22207
G1 X106.601 Y102.405 E497.23189
G0 F9000 X106.200 Y102.358
;TYPE:WALL-OUTER
G1 F1260 X106.206 Y102.249 E497.23552
G1 X106.255 Y102.129 E497.23983
G1 X106.330 Y102.056 E497.24331
G1 X106.413 Y102.014 E497.24640
G1 X107.336 Y102.000 E497.27711
G1 X115.496 Y102.000 E497.54851
G1 X115.544 Y102.004 E497.55011
G1 X115.670 Y102.055 E497.55463
G1 X115.743 Y102.130 E497.55811
G1 X115.785 Y102.213 E497.56121
G1 X115.800 Y102.793 E497.58050
G1 X115.795 Y102.844 E497.58221
G1 X115.761 Y102.943 E497.58569
G1 X115.746 Y102.968 E497.58666
G1 X115.669 Y103.043 E497.59023
G1 X115.586 Y103.085 E497.59333
G1 X114.663 Y103.100 E497.62403
G1 X106.508 Y103.100 E497.89527
G1 X106.454 Y103.095 E497.89707
G1 X106.329 Y103.044 E497.90156
G1 X106.256 Y102.969 E497.90504
G1 X106.214 Y102.886 E497.90814
G1 X106.200 Y102.358 E497.92570
;LAYER:71
G1 F2400 E493.92570
G0 F9000 X92.395 Y102.400 Z14.500
;TYPE:WALL-INNER
G1 F2400 E497.92570
G1 F1680 X92.399 Y102.695 E497.93552
G1 X91.788 Y102.700 E497.95584
G1 X83.604 Y102.700 E498.22804
G1 X83.601 Y102.405 E498.23785
G1 X84.212 Y102.400 E498.25818
G1 X92.395 Y102.400 E498.53034
G0 F9000 X92.495 Y102.000
;TYPE:WALL-OUTER
G1 F1260 X92.543 Y102.004 E498.53194
G1 X92.642 Y102.038 E498.53543
G1 X92.678 Y102.060 E498.53683
G1 X92.707 Y102.085 E498.53810
G1 X92.769 Y102.173 E498.54168
G1 X92.793 Y102.248 E498.54430
G1 X92.800 Y102.747 E498.56090
G1 X92.793 Y102.847 E498.56424
G1 X92.761 Y102.942 E498.56757
G1 X92.739 Y102.978 E498.56897
G1 X92.714 Y103.007 E498.57025
G1 X92.626 Y103.069 E498.57383
G1 X92.551 Y103.093 E498.57645
G1 X91.791 Y103.100 E498.60172
G1 X83.508 Y103.100 E498.87722
G1 X83.456 Y103.095 E498.87896
G1 X83.357 Y103.061 E498.88244
G1 X83.321 Y103.039 E498.88384
G1 X83.292 Y103.014 E498.88511
G1 X83.229 Y102.924 E498.88877
G1 X83.206 Y102.851 E498.89131
G1 X83.200 Y102.300 E498.90964
G1 X83.204 Y102.256 E498.91111
G1 X83.238 Y102.157 E498.91459
G1 X83.260 Y102.121 E498.91599
G1 X83.285 Y102.092 E498.91727
G1 X83.373 Y102.030 E498.92085
G1 X83.448 Y102.006 E498.92347
G1 X84.209 Y102.000 E498.94878
G1 X92.495 Y102.000 E499.22437
G1 F2400 E495.22437
G0 F9000 X95.712 Y102.400
;TYPE:WALL-INNER
G1 F2400 E499.22437
G1 F1680 X103.895 Y102.400 E499.49654
G1 X103.899 Y102.695 E499.50635
G1 X103.288 Y102.700 E499.52668
G1 X95.104 Y102.700 E499.79888
G1 X95.101 Y102.405 E499.80869
G1 X95.712 Y102.400 E499.82901
G0 F9000 X95.709 Y102.000
;TYPE:WALL-OUTER
G1 F1260 X103.995 Y102.000 E500.10461
G1 X104.043 Y102.004 E500.10621
G1 X104.142 Y102.038 E500.10969
G1 X104.178 Y102.060 E500.11109
G1 X104.207 Y102.085 E500.11237
G1 X104.269 Y102.173 E500.11595
G1 X104.293 Y102.248 E500.11857
G1 X104.300 Y102.793 E500.13669
G1 X104.295 Y102.842 E500.13833
G1 X104.261 Y102.942 E500.14184
G1 X104.239 Y102.978 E500.14325
G1 X104.214 Y103.007 E500.14452
G1 X104.126 Y103.069 E500.14810
G1 X104.051 Y103.093 E500.15072
G1 X103.291 Y103.100 E500.17600
G1 X95.008 Y103.100 E500.45149
G1 X94.956 Y103.095 E500.45323
G1 X94.857 Y103.061 E500.45671
G1 X94.821 Y103.039 E500.45812
G1 X94.792 Y103.014 E500.45939
G1 X94.729 Y102.924 E500.46304
G1 X94.706 Y102.851 E500.46559
G1 X94.700 Y102.351 E500.48222
G1 X94.706 Y102.252 E500.48552
G1 X94.738 Y102.157 E500.48885
G1 X94.760 Y102.121 E500.49026
G1 X94.785 Y102.092 E500.49153
G1 X94.873 Y102.030 E500.49511
G1 X94.948 Y102.006 E500.49773
G1 X95.709 Y102.000 E500.52304
G1 F2400 E496.52304
G0 F9000 X106.601 Y102.405
;TYPE:WALL-INNER
G1 F2400 E500.52304
G1 F1680 X107.212 Y102.400 E500.54336
G1 X115.395 Y102.400 E500.81553
G1 X115.399 Y102.695 E500.82534
G1 X114.788 Y102.700 E500.84567
G1 X106.604 Y102.700 E501.11787
G1 X106.601 Y102.405 E501.12768
G0 F9000 X106.200 Y102.351
;TYPE:WALL-OUTER
G1 F1260 X106.206 Y102.252 E501.13098
G1 X106.238 Y102.157 E501.13431
G1 X106.260 Y102.121 E501.13572
G1 X106.285 Y102.092 E501.13699
G1 X106.373 Y102.030 E501.14057
G1 X106.448 Y102.006 E501.14319
G1 X107.209 Y102.000 E501.16850
G1 X115.495 Y102.000 E501.44409
G1 X115.543 Y102.004 E501.44570
G1 X115.642 Y102.038 E501.44918
G1 X115.678 Y102.060 E501.45058
G1 X115.707 Y102.085 E501.45185
G1 X115.769 Y102.173 E501.45543
G1 X115.793 Y102.248 E501.45805
G1 X115.800 Y102.793 E501.47618
G1 X115.795 Y102.842 E501.47782
G1 X115.761 Y102.942 E501.48133
G1 X115.739 Y102.978 E501.48274
G1 X115.714 Y103.007 E501.48401
G1 X115.626 Y103.069 E501.48759
G1 X115.551 Y103.093 E501.49021
G1 X114.791 Y103.100 E501.51549
G1 X106.508 Y103.100 E501.79098
G1 X106.456 Y103.095 E501.79272
G1 X106.357 Y103.061 E501.79620
G1 X106.321 Y103.039 E501.79760
G1 X106.292 Y103.014 E501.79888
G1 X106.229 Y102.924 E501.80253
G1 X106.206 Y102.851 E501.80508
G1 X106.200 Y102.351 E501.82171
;LAYER:72
G1 F2400 E497.82171
G0 F9000 X92.395 Y102.400 Z14.700
;TYPE:WALL-INNER
G1 F2400 E501.82171
G1 F1680 X92.399 Y102.695 E501.83152
G1 X83.604 Y102.700 E502.12404
G1 X83.601 Y102.404 E502.13389
G1 X92.395 Y102.400 E502.42638
G0 F9000 X91.920 Y103.100
;TYPE:WALL-OUTER
G1 F1260 X83.514 Y103.100 E502.70596
G1 X83.400 Y103.081 E502.70981
G1 X83.369 Y103.068 E502.71093
G1 X83.286 Y103.007 E502.71435
G1 X83.235 Y102.935 E502.71729
G1 X83.206 Y102.846 E502.72040
G1 X83.200 Y102.308 E502.73829
G1 X83.218 Y102.200 E502.74194
G1 X83.231 Y102.169 E502.74305
G1 X83.292 Y102.086 E502.74648
G1 X83.364 Y102.035 E502.74942
G1 X83.453 Y102.006 E502.75253
G1 X84.080 Y102.000 E502.77338
G1 X92.482 Y102.000 E503.05284
G1 X92.603 Y102.019 E503.05691
G1 X92.630 Y102.031 E503.05789
G1 X92.713 Y102.092 E503.06132
G1 X92.764 Y102.164 E503.06425
G1 X92.793 Y102.253 E503.06737
G1 X92.800 Y102.756 E503.08410
G1 X92.780 Y102.903 E503.08903
G1 X92.768 Y102.930 E503.09001
G1 X92.707 Y103.013 E503.09344
G1 X92.635 Y103.064 E503.09637
G1 X92.546 Y103.093 E503.09949
G1 X91.920 Y103.100 E503.12031
G1 F2400 E499.12031
G0 F9000 X95.104 Y102.700
;TYPE:WALL-INNER
G1 F2400 E503.12031
G1 F1680 X95.101 Y102.404 E503.13016
G1 X103.895 Y102.400 E503.42265
G1 X103.899 Y102.695 E503.43246
G1 X95.104 Y102.700 E503.72498
G0 F9000 X95.580 Y102.000
;TYPE:WALL-OUTER
G1 F1260 X103.982 Y102.000 E504.00443
G1 X104.103 Y102.019 E504.00851
G1 X104.130 Y102.031 E504.00949
G1 X104.213 Y102.092 E504.01292
G1 X104.264 Y102.164 E504.01585
G1 X104.293 Y102.253 E504.01896
G1 X104.300 Y102.792 E504.03689
G1 X104.295 Y102.839 E504.03846
G1 X104.263 Y102.937 E504.04189
G1 X104.207 Y103.013 E504.04503
G1 X104.135 Y103.064 E504.04797
G1 X104.046 Y103.093 E504.05108
G1 X103.420 Y103.100 E504.07190
G1 X95.014 Y103.100 E504.35149
G1 X94.900 Y103.081 E504.35533
G1 X94.869 Y103.068 E504.35645
G1 X94.786 Y103.007 E504.35988
G1 X94.735 Y102.935 E504.36281
G1 X94.706 Y102.846 E504.36592
G1 X94.700 Y102.343 E504.38265
G1 X94.719 Y102.196 E504.38758
G1 X94.731 Y102.169 E504.38857
G1 X94.792 Y102.086 E504.39199
G1 X94.864 Y102.035 E504.39493
G1 X94.953 Y102.006 E504.39804
G1 X95.580 Y102.000 E504.41890
G1 F2400 E500.41890
G0 F9000 X106.601 Y102.404
;TYPE:WALL-INNER
G1 F2400 E504.41890
G1 F1680 X115.395 Y102.400 E504.71139
G1 X115.399 Y102.695 E504.72120
G1 X106.604 Y102.700 E505.01372
G1 X106.601 Y102.404 E505.02357
G0 F9000 X107.080 Y102.000
;TYPE:WALL-OUTER
G1 F1260 X115.482 Y102.000 E505.30302
G1 X115.603 Y102.019 E505.30709
G1 X115.630 Y102.031 E505.30807
G1 X115.713 Y102.092 E505.31150
G1 X115.764 Y102.164 E505.31444
G1 X115.793 Y102.253 E505.31755
G1 X115.800 Y102.792 E505.33548
G1 X115.795 Y102.839 E505.33705
G1 X115.763 Y102.937 E505.34048
G1 X115.707 Y103.013 E505.34362
G1 X115.635 Y103.064 E505.34655
G1 X115.546 Y103.093 E505.34967
G1 X114.920 Y103.100 E505.37049
G1 X106.514 Y103.100 E505.65007
G1 X106.400 Y103.081 E505.65392
G1 X106.369 Y103.068 E505.65504
G1 X106.286 Y103.007 E505.65846
G1 X106.235 Y102.935 E505.66140
G1 X106.206 Y102.846 E505.66451
G1 X106.200 Y102.343 E505.68124
G1 X106.219 Y102.196 E505.68617
G1 X106.231 Y102.169 E505.68715
G1 X106.292 Y102.086 E505.69058
G1 X106.364 Y102.035 E505.69351
G1 X106.453 Y102.006 E505.69663
G1 X107.080 Y102.000 E505.71748
;LAYER:73
G1 F2400 E501.71748
G0 F9000 X92.395 Y102.400 Z14.900
;TYPE:WALL-INNER
G1 F2400 E505.71748
G1 F1680 X92.399 Y102.695 E505.72729
G1 X83.604 Y102.700 E506.01982
G1 X83.601 Y102.404 E506.02966
G1 X92.395 Y102.400 E506.32215
G0 F9000 X92.498 Y102.000
;TYPE:WALL-OUTER
G1 F1260 X92.541 Y102.003 E506.32359
G1 X92.671 Y102.055 E506.32824
G1 X92.743 Y102.129 E506.33168
G1 X92.785 Y102.211 E506.33474
G1 X92.800 Y102.762 E506.35307
G1 X92.795 Y102.845 E506.35584
G1 X92.744 Y102.971 E506.36036
G1 X92.670 Y103.043 E506.36379
G1 X92.588 Y103.085 E506.36686
G1 X92.047 Y103.100 E506.38486
G1 X83.505 Y103.100 E506.66897
G1 X83.458 Y103.096 E506.67054
G1 X83.328 Y103.044 E506.67519
G1 X83.256 Y102.970 E506.67863
G1 X83.214 Y102.888 E506.68169
G1 X83.200 Y102.295 E506.70142
G1 X83.203 Y102.258 E506.70266
G1 X83.255 Y102.128 E506.70731
G1 X83.329 Y102.056 E506.71075
G1 X83.411 Y102.014 E506.71381
G1 X83.952 Y102.000 E506.73181
G1 X92.498 Y102.000 E507.01605
G1 F2400 E503.01605
G0 F9000 X95.101 Y102.404
;TYPE:WALL-INNER
G1 F2400 E507.01605
G1 F1680 X103.895 Y102.400 E507.30854
G1 X103.899 Y102.695 E507.31835
G1 X95.104 Y102.700 E507.61088
G1 X95.101 Y102.404 E507.62072
G0 F9000 X95.452 Y102.000
;TYPE:WALL-OUTER
G1 F1260 X103.998 Y102.000 E507.90496
G1 X104.041 Y102.003 E507.90640
G1 X104.171 Y102.055 E507.91105
G1 X104.243 Y102.129 E507.91449
G1 X104.285 Y102.211 E507.91755
G1 X104.300 Y102.795 E507.93698
G1 X104.296 Y102.841 E507.93852
G1 X104.244 Y102.971 E507.94318
G1 X104.170 Y103.043 E507.94661
G1 X104.088 Y103.085 E507.94967
G1 X103.547 Y103.100 E507.96767
G1 X95.005 Y103.100 E508.25178
G1 X94.958 Y103.096 E508.25335
G1 X94.828 Y103.044 E508.25801
G1 X94.756 Y102.970 E508.26144
G1 X94.714 Y102.888 E508.26451
G1 X94.700 Y102.336 E508.28287
G1 X94.705 Y102.254 E508.28560
G1 X94.755 Y102.128 E508.29011
G1 X94.829 Y102.056 E508.29355
G1 X94.911 Y102.014 E508.29661
G1 X95.452 Y102.000 E508.31461
G1 F2400 E504.31461
G0 F9000 X106.601 Y102.404
;TYPE:WALL-INNER
G1 F2400 E508.31461
G1 F1680 X115.395 Y102.400 E508.60710
G1 X115.399 Y102.695 E508.61691
G1 X106.604 Y102.700 E508.90944
G1 X106.601 Y102.404 E508.91928
G0 F9000 X106.952 Y102.000
;TYPE:WALL-OUTER
G1 F1260 X115.498 Y102.000 E509.20352
G1 X115.541 Y102.003 E509.20496
G1 X115.671 Y102.055 E509.20961
G1 X115.743 Y102.129 E509.21305
G1 X115.785 Y102.211 E509.21611
G1 X115.800 Y102.795 E509.23554
G1 X115.796 Y102.841 E509.23708
G1 X115.744 Y102.971 E509.24173
G1 X115.670 Y103.043 E509.24517
G1 X115.588 Y103.085 E509.24823
G1 X115.047 Y103.100 E509.26623
G1 X106.505 Y103.100 E509.55034
G1 X106.458 Y103.096 E509.55191
G1 X106.328 Y103.044 E509.55657
G1 X106.256 Y102.970 E509.56000
G1 X106.214 Y102.888 E509.56307
G1 X106.200 Y102.336 E509.58143
G1 X106.205 Y102.254 E509.58416
G1 X106.255 Y102.128 E509.58867
G1 X106.329 Y102.056 E509.59211
G1 X106.411 Y102.014 E509.59517
G1 X106.952 Y102.000 E509.61317
;LAYER:74
G1 F2400 E505.61317
G0 F9000 X92.395 Y102.400 Z15.100
;TYPE:WALL-INNER
G1 F2400 E509.61317
G1 F1680 X92.399 Y102.693 E509.62292
G1 X83.604 Y102.700 E509.91544
G1 X83.601 Y102.406 E509.92522
G1 X92.395 Y102.400 E510.21771
G0 F9000 X92.498 Y102.000
;TYPE:WALL-OUTER
G1 F1260 X92.538 Y102.003 E510.21904
G1 X92.635 Y102.035 E510.22244
G1 X92.711 Y102.090 E510.22556
G1 X92.769 Y102.171 E510.22887
G1 X92.784 Y102.207 E510.23017
G1 X92.793 Y102.247 E510.23153
G1 X92.800 Y102.784 E510.24940
G1 X92.796 Y102.838 E510.25120
G1 X92.764 Y102.935 E510.25459
G1 X92.709 Y103.011 E510.25771
G1 X92.628 Y103.069 E510.26103
G1 X92.592 Y103.084 E510.26233
G1 X92.553 Y103.093 E510.26366
G1 X83.505 Y103.100 E510.56459
G1 X83.461 Y103.096 E510.56606
G1 X83.364 Y103.064 E510.56946
G1 X83.288 Y103.009 E510.57258
G1 X83.230 Y102.928 E510.57589
G1 X83.215 Y102.892 E510.57719
G1 X83.206 Y102.852 E510.57856
G1 X83.200 Y102.296 E510.59705
G1 X83.203 Y102.261 E510.59822
G1 X83.235 Y102.164 E510.60162
G1 X83.290 Y102.088 E510.60474
G1 X83.371 Y102.030 E510.60805
G1 X83.407 Y102.015 E510.60935
G1 X83.446 Y102.006 E510.61068
G1 X92.498 Y102.000 E510.91175
G1 F2400 E506.91175
G0 F9000 X95.101 Y102.406
;TYPE:WALL-INNER
G1 F2400 E510.91175
G1 F1680 X103.895 Y102.400 E511.20424
G1 X103.899 Y102.693 E511.21398
G1 X95.104 Y102.700 E511.50651
G1 X95.101 Y102.406 E511.51629
G0 F9000 X94.700 Y102.330
;TYPE:WALL-OUTER
G1 F1260 X94.704 Y102.256 E511.51875
G1 X94.735 Y102.164 E511.52198
G1 X94.790 Y102.088 E511.52510
G1 X94.871 Y102.030 E511.52841
G1 X94.907 Y102.015 E511.52971
G1 X94.946 Y102.006 E511.53104
G1 X103.998 Y102.000 E511.83211
G1 X104.038 Y102.003 E511.83345
G1 X104.135 Y102.035 E511.83684
G1 X104.211 Y102.090 E511.83996
G1 X104.269 Y102.171 E511.84328
G1 X104.284 Y102.207 E511.84457
G1 X104.293 Y102.247 E511.84594
G1 X104.300 Y102.795 E511.86417
G1 X104.296 Y102.837 E511.86557
G1 X104.264 Y102.935 E511.86900
G1 X104.209 Y103.011 E511.87212
G1 X104.128 Y103.069 E511.87543
G1 X104.092 Y103.084 E511.87673
G1 X104.053 Y103.093 E511.87806
G1 X95.005 Y103.100 E512.17900
G1 X94.961 Y103.096 E512.18047
G1 X94.864 Y103.064 E512.18387
G1 X94.788 Y103.009 E512.18699
G1 X94.730 Y102.928 E512.19030
G1 X94.715 Y102.892 E512.19160
G1 X94.706 Y102.852 E512.19296
G1 X94.700 Y102.330 E512.21032
G1 F2400 E508.21032
G0 F9000 X106.601 Y102.406
;TYPE:WALL-INNER
G1 F2400 E512.21032
G1 F1680 X115.395 Y102.400 E512.50281
G1 X115.399 Y102.693 E512.51256
G1 X106.604 Y102.700 E512.80508
G1 X106.601 Y102.406 E512.81486
G0 F9000 X106.200 Y102.330
;TYPE:WALL-OUTER
G1 F1260 X106.204 Y102.256 E512.81733
G1 X106.235 Y102.164 E512.82055
G1 X106.290 Y102.088 E512.82367
G1 X106.371 Y102.030 E512.82699
G1 X106.407 Y102.015 E512.82829
G1 X106.446 Y102.006 E512.82962
G1 X115.498 Y102.000 E513.13069
G1 X115.538 Y102.003 E513.13202
G1 X115.635 Y102.035 E513.13542
G1 X115.711 Y102.090 E513.13854
G1 X115.769 Y102.171 E513.14185
G1 X115.784 Y102.207 E513.14315
G1 X115.793 Y102.247 E513.14451
G1 X115.800 Y102.795 E513.16274
G1 X115.796 Y102.837 E513.16414
G1 X115.764 Y102.935 E513.16757
G1 X115.709 Y103.011 E513.17069
G1 X115.628 Y103.069 E513.17401
G1 X115.592 Y103.084 E513.17530
G1 X115.553 Y103.093 E513.17664
G1 X106.505 Y103.100 E513.47757
G1 X106.461 Y103.096 E513.47904
G1 X106.364 Y103.064 E513.48244
G1 X106.288 Y103.009 E513.48556
G1 X106.230 Y102.928 E513.48887
G1 X106.215 Y102.892 E513.49017
G1 X106.206 Y102.852 E513.49153
G1 X106.200 Y102.330 E513.50890
;LAYER:75
G1 F2400 E509.50890
G0 F9000 X92.395 Y102.400 Z15.300
;TYPE:WALL-INNER
G1 F2400 E513.50890
G1 F1680 X92.399 Y102.693 E513.51864
G1 X83.604 Y102.700 E513.81117
G1 X83.601 Y102.406 E513.82095
G1 X92.395 Y102.400 E514.11344
G0 F9000 X92.498 Y102.000
;TYPE:WALL-OUTER
G1 F1260 X92.548 Y102.004 E514.11510
G1 X92.587 Y102.013 E514.11644
G1 X92.627 Y102.030 E514.11788
G1 X92.718 Y102.096 E514.12162
G1 X92.784 Y102.207 E514.12591
G1 X92.793 Y102.247 E514.12728
G1 X92.800 Y102.791 E514.14537
G1 X92.795 Y102.848 E514.14728
G1 X92.786 Y102.887 E514.14861
G1 X92.769 Y102.927 E514.15005
G1 X92.703 Y103.018 E514.15379
G1 X92.592 Y103.084 E514.15809
G1 X92.553 Y103.093 E514.15942
G1 X83.506 Y103.100 E514.46032
G1 X83.451 Y103.095 E514.46216
G1 X83.412 Y103.086 E514.46349
G1 X83.372 Y103.069 E514.46494
G1 X83.281 Y103.003 E514.46868
G1 X83.215 Y102.892 E514.47297
G1 X83.206 Y102.852 E514.47433
G1 X83.200 Y102.297 E514.49280
G1 X83.204 Y102.251 E514.49433
G1 X83.213 Y102.212 E514.49566
G1 X83.230 Y102.172 E514.49711
G1 X83.296 Y102.081 E514.50085
G1 X83.407 Y102.015 E514.50514
G1 X83.446 Y102.006 E514.50647
G1 X92.498 Y102.000 E514.80754
G1 F2400 E510.80754
G0 F9000 X95.101 Y102.406
;TYPE:WALL-INNER
G1 F2400 E514.80754
G1 F1680 X103.895 Y102.400 E515.10003
G1 X103.899 Y102.693 E515.10978
G1 X95.104 Y102.700 E515.40230
G1 X95.101 Y102.406 E515.41208
G0 F9000 X94.700 Y102.324
;TYPE:WALL-OUTER
G1 F1260 X94.713 Y102.212 E515.41583
G1 X94.730 Y102.172 E515.41728
G1 X94.796 Y102.081 E515.42102
G1 X94.907 Y102.015 E515.42531
G1 X94.946 Y102.006 E515.42664
G1 X103.998 Y102.000 E515.72771
G1 X104.048 Y102.004 E515.72938
G1 X104.087 Y102.013 E515.73071
G1 X104.127 Y102.030 E515.73216
G1 X104.218 Y102.096 E515.73590
G1 X104.284 Y102.207 E515.74019
G1 X104.293 Y102.247 E515.74156
G1 X104.300 Y102.794 E515.75975
G1 X104.295 Y102.848 E515.76156
G1 X104.270 Y102.926 E515.76428
G1 X104.203 Y103.018 E515.76806
G1 X104.092 Y103.084 E515.77236
G1 X104.053 Y103.093 E515.77369
G1 X95.006 Y103.100 E516.07460
G1 X94.951 Y103.095 E516.07643
G1 X94.912 Y103.086 E516.07776
G1 X94.872 Y103.069 E516.07921
G1 X94.781 Y103.003 E516.08295
G1 X94.715 Y102.892 E516.08724
G1 X94.706 Y102.852 E516.08861
G1 X94.700 Y102.324 E516.10617
G1 F2400 E512.10617
G0 F9000 X106.601 Y102.406
;TYPE:WALL-INNER
G1 F2400 E516.10617
G1 F1680 X115.395 Y102.400 E516.39866
G1 X115.399 Y102.693 E516.40841
G1 X106.604 Y102.700 E516.70093
G1 X106.601 Y102.406 E516.71071
G0 F9000 X106.200 Y102.324
;TYPE:WALL-OUTER
G1 F1260 X106.213 Y102.212 E516.71446
G1 X106.230 Y102.172 E516.71590
G1 X106.296 Y102.081 E516.71964
G1 X106.407 Y102.015 E516.72394
G1 X106.446 Y102.006 E516.72527
G1 X115.498 Y102.000 E517.02634
G1 X115.548 Y102.004 E517.02801
G1 X115.587 Y102.013 E517.02934
G1 X115.627 Y102.030 E517.03078
G1 X115.718 Y102.096 E517.03452
G1 X115.784 Y102.207 E517.03882
G1 X115.793 Y102.247 E517.04018
G1 X115.800 Y102.794 E517.05838
G1 X115.795 Y102.848 E517.06018
G1 X115.770 Y102.926 E517.06290
G1 X115.703 Y103.018 E517.06669
G1 X115.592 Y103.084 E517.07099
G1 X115.553 Y103.093 E517.07232
G1 X106.506 Y103.100 E517.37322
G1 X106.451 Y103.095 E517.37506
G1 X106.412 Y103.086 E517.37639
G1 X106.372 Y103.069 E517.37783
G1 X106.281 Y103.003 E517.38157
G1 X106.215 Y102.892 E517.38587
G1 X106.206 Y102.852 E517.38723
G1 X106.200 Y102.324 E517.40480
;LAYER:76
G1 F2400 E513.40480
G0 F9000 X92.395 Y102.400 Z15.500
;TYPE:WALL-INNER
G1 F2400 E517.40480
G1 F1680 X92.399 Y102.693 E517.41454
G1 X83.604 Y102.700 E517.70706
G1 X83.601 Y102.406 E517.71684
G1 X92.395 Y102.400 E518.00933
G0 F9000 X92.498 Y102.000
;TYPE:WALL-OUTER
G1 F1260 X92.542 Y102.003 E518.01080
G1 X92.636 Y102.034 E518.01409
G1 X92.711 Y102.088 E518.01717
G1 X92.784 Y102.207 E518.02181
G1 X92.793 Y102.247 E518.02317
G1 X92.800 Y102.792 E518.04130
G1 X92.796 Y102.842 E518.04297
G1 X92.765 Y102.936 E518.04626
G1 X92.711 Y103.011 E518.04934
G1 X92.592 Y103.084 E518.05398
G1 X92.553 Y103.093 E518.05531
G1 X83.507 Y103.100 E518.35618
G1 X83.457 Y103.096 E518.35785
G1 X83.363 Y103.065 E518.36114
G1 X83.288 Y103.011 E518.36422
G1 X83.215 Y102.892 E518.36886
G1 X83.206 Y102.852 E518.37022
G1 X83.200 Y102.298 E518.38865
G1 X83.203 Y102.257 E518.39002
G1 X83.234 Y102.163 E518.39331
G1 X83.288 Y102.088 E518.39638
G1 X83.407 Y102.015 E518.40103
G1 X83.446 Y102.006 E518.40236
G1 X92.498 Y102.000 E518.70343
G1 F2400 E514.70343
G0 F9000 X95.101 Y102.406
;TYPE:WALL-INNER
G1 F2400 E518.70343
G1 F1680 X103.895 Y102.400 E518.99592
G1 X103.899 Y102.693 E519.00566
G1 X95.104 Y102.700 E519.29819
G1 X95.101 Y102.406 E519.30797
G0 F9000 X94.700 Y102.302
;TYPE:WALL-OUTER
G1 F1260 X94.703 Y102.257 E519.30947
G1 X94.734 Y102.163 E519.31276
G1 X94.788 Y102.088 E519.31583
G1 X94.907 Y102.015 E519.32048
G1 X94.946 Y102.006 E519.32181
G1 X103.998 Y102.000 E519.62288
G1 X104.042 Y102.003 E519.62434
G1 X104.136 Y102.034 E519.62764
G1 X104.211 Y102.088 E519.63071
G1 X104.284 Y102.207 E519.63535
G1 X104.293 Y102.247 E519.63672
G1 X104.300 Y102.794 E519.65491
G1 X104.295 Y102.847 E519.65668
G1 X104.241 Y102.976 E519.66133
G1 X104.211 Y103.011 E519.66287
G1 X104.092 Y103.084 E519.66751
G1 X104.053 Y103.093 E519.66884
G1 X95.007 Y103.100 E519.96971
G1 X94.957 Y103.096 E519.97138
G1 X94.863 Y103.065 E519.97467
G1 X94.788 Y103.011 E519.97775
G1 X94.715 Y102.892 E519.98239
G1 X94.706 Y102.852 E519.98375
G1 X94.700 Y102.302 E520.00205
G1 F2400 E516.00205
G0 F9000 X106.601 Y102.406
;TYPE:WALL-INNER
G1 F2400 E520.00205
G1 F1680 X115.395 Y102.400 E520.29454
G1 X115.399 Y102.693 E520.30428
G1 X106.604 Y102.700 E520.59681
G1 X106.601 Y102.406 E520.60659
G0 F9000 X106.200 Y102.302
;TYPE:WALL-OUTER
G1 F1260 X106.203 Y102.257 E520.60809
G1 X106.234 Y102.163 E520.61138
G1 X106.288 Y102.088 E520.61445
G1 X106.407 Y102.015 E520.61910
G1 X106.446 Y102.006 E520.62043
G1 X115.498 Y102.000 E520.92150
G1 X115.542 Y102.003 E520.92296
G1 X115.636 Y102.034 E520.92626
G1 X115.711 Y102.088 E520.92933
G1 X115.784 Y102.207 E520.93397
G1 X115.793 Y102.247 E520.93534
G1 X115.800 Y102.794 E520.95353
G1 X115.795 Y102.847 E520.95530
G1 X115.741 Y102.976 E520.95995
G1 X115.711 Y103.011 E520.96149
G1 X115.592 Y103.084 E520.96613
G1 X115.553 Y103.093 E520.96746
G1 X106.507 Y103.100 E521.26833
G1 X106.457 Y103.096 E521.27000
G1 X106.363 Y103.065 E521.27329
G1 X106.288 Y103.011 E521.27637
G1 X106.215 Y102.892 E521.28101
G1 X106.206 Y102.852 E521.28237
G1 X106.200 Y102.302 E521.30067
;LAYER:77
G1 F2400 E517.30067
G0 F9000 X92.388 Y102.442 Z15.700
;TYPE:WALL-INNER
G1 F2400 E521.30067
G1 F1680 X92.387 Y102.684 E521.30872
G1 X83.613 Y102.687 E521.60054
G1 X83.611 Y102.655 E521.60161
G1 X83.617 Y102.423 E521.60933
G1 X86.108 Y102.411 E521.69218
G1 X92.387 Y102.412 E521.90102
G1 X92.388 Y102.442 E521.90202
G0 F9000 X92.788 Y102.443
;TYPE:WALL-OUTER
G1 F1260 X92.787 Y102.796 E521.91376
G1 X92.758 Y102.922 E521.91806
G1 X92.702 Y103.004 E521.92136
G1 X92.682 Y103.021 E521.92223
G1 X92.565 Y103.078 E521.92656
G1 X83.513 Y103.087 E522.22763
G1 X83.400 Y103.069 E522.23144
G1 X83.329 Y103.030 E522.23413
G1 X83.262 Y102.960 E522.23736
G1 X83.222 Y102.871 E522.24060
G1 X83.211 Y102.646 E522.24809
G1 X83.222 Y102.232 E522.26187
G1 X83.264 Y102.135 E522.26538
G1 X83.339 Y102.062 E522.26887
G1 X83.424 Y102.024 E522.27196
G1 X92.478 Y102.012 E522.57310
G1 X92.624 Y102.042 E522.57806
G1 X92.704 Y102.097 E522.58129
G1 X92.721 Y102.117 E522.58216
G1 X92.778 Y102.234 E522.58649
G1 X92.788 Y102.443 E522.59345
G1 F2400 E518.59345
G0 F9000 X95.112 Y102.411
;TYPE:WALL-INNER
G1 F2400 E522.59345
G1 F1680 X103.888 Y102.412 E522.88534
G1 X103.887 Y102.684 E522.89439
G1 X95.111 Y102.687 E523.18628
G1 X95.112 Y102.411 E523.19546
G0 F9000 X95.013 Y103.087
;TYPE:WALL-OUTER
G1 F1260 X94.958 Y103.083 E523.19729
G1 X94.867 Y103.055 E523.20046
G1 X94.796 Y103.003 E523.20338
G1 X94.739 Y102.925 E523.20660
G1 X94.711 Y102.783 E523.21141
G1 X94.716 Y102.258 E523.22887
G1 X94.744 Y102.167 E523.23204
G1 X94.796 Y102.096 E523.23497
G1 X94.874 Y102.039 E523.23818
G1 X95.017 Y102.011 E523.24303
G1 X103.987 Y102.012 E523.54137
G1 X104.041 Y102.015 E523.54317
G1 X104.132 Y102.044 E523.54635
G1 X104.203 Y102.096 E523.54927
G1 X104.260 Y102.174 E523.55249
G1 X104.288 Y102.317 E523.55733
G1 X104.287 Y102.796 E523.57326
G1 X104.258 Y102.922 E523.57756
G1 X104.202 Y103.004 E523.58087
G1 X104.182 Y103.021 E523.58174
G1 X104.065 Y103.078 E523.58607
G1 X95.013 Y103.087 E523.88714
G1 F2400 E519.88714
G0 F9000 X106.611 Y102.687
;TYPE:WALL-INNER
G1 F2400 E523.88714
G1 F1680 X106.612 Y102.411 E523.89632
G1 X115.388 Y102.412 E524.18821
G1 X115.387 Y102.684 E524.19726
G1 X106.611 Y102.687 E524.48915
G0 F9000 X106.513 Y103.087
;TYPE:WALL-OUTER
G1 F1260 X106.458 Y103.083 E524.49098
G1 X106.367 Y103.055 E524.49415
G1 X106.296 Y103.003 E524.49708
G1 X106.239 Y102.925 E524.50029
G1 X106.211 Y102.783 E524.50510
G1 X106.216 Y102.258 E524.52257
G1 X106.244 Y102.167 E524.52573
G1 X106.296 Y102.096 E524.52866
G1 X106.374 Y102.039 E524.53187
G1 X106.517 Y102.011 E524.53672
G1 X115.487 Y102.012 E524.83506
G1 X115.541 Y102.015 E524.83686
G1 X115.632 Y102.044 E524.84004
G1 X115.703 Y102.096 E524.84297
G1 X115.760 Y102.174 E524.84618
G1 X115.788 Y102.317 E524.85103
G1 X115.787 Y102.796 E524.86696
G1 X115.758 Y102.922 E524.87126
G1 X115.702 Y103.004 E524.87456
G1 X115.682 Y103.021 E524.87543
G1 X115.565 Y103.078 E524.87976
G1 X106.513 Y103.087 E525.18083
;LAYER:78
G1 F2400 E521.18083
G0 F9000 X92.297 Y102.594 Z15.900
;TYPE:WALL-INNER
G1 F2400 E525.18083
G1 F1620 X91.446 Y102.599 E525.20914
G1 X83.703 Y102.598 E525.46667
G1 X83.704 Y102.510 E525.46960
G1 X84.557 Y102.500 E525.49797
G1 X92.298 Y102.501 E525.75544
G1 X92.297 Y102.594 E525.75853
G0 F9000 X92.699 Y102.369
;TYPE:WALL-OUTER
G1 F1200 X92.695 Y102.803 E525.77297
G1 X92.658 Y102.911 E525.77676
G1 X92.608 Y102.963 E525.77916
G1 X92.538 Y102.992 E525.78168
G1 X91.449 Y102.999 E525.81790
G1 X83.509 Y102.998 E526.08199
G1 X83.437 Y102.986 E526.08442
G1 X83.345 Y102.923 E526.08813
G1 X83.310 Y102.857 E526.09061
G1 X83.300 Y102.738 E526.09458
G1 X83.308 Y102.263 E526.11038
G1 X83.344 Y102.180 E526.11339
G1 X83.389 Y102.136 E526.11549
G1 X83.435 Y102.113 E526.11720
G1 X84.552 Y102.100 E526.15435
G1 X92.496 Y102.101 E526.41857
G1 X92.611 Y102.141 E526.42262
G1 X92.663 Y102.191 E526.42502
G1 X92.693 Y102.265 E526.42767
G1 X92.699 Y102.369 E526.43114
G1 F2400 E522.43114
G0 F9000 X96.053 Y102.500
;TYPE:WALL-INNER
G1 F2400 E526.43114
G1 F1620 X103.799 Y102.501 E526.68877
G1 X103.798 Y102.594 E526.69186
G1 X102.946 Y102.599 E526.72020
G1 X95.202 Y102.598 E526.97777
G1 X95.203 Y102.504 E526.98090
G1 X96.053 Y102.500 E527.00917
G0 F9000 X95.007 Y102.998
;TYPE:WALL-OUTER
G1 F1200 X94.978 Y102.995 E527.01014
G1 X94.912 Y102.977 E527.01241
G1 X94.842 Y102.920 E527.01541
G1 X94.808 Y102.854 E527.01788
G1 X94.800 Y102.744 E527.02155
G1 X94.813 Y102.239 E527.03835
G1 X94.822 Y102.212 E527.03930
G1 X94.875 Y102.145 E527.04214
G1 X94.947 Y102.108 E527.04483
G1 X103.993 Y102.101 E527.34571
G1 X104.058 Y102.112 E527.34790
G1 X104.087 Y102.123 E527.34893
G1 X104.154 Y102.175 E527.35175
G1 X104.196 Y102.271 E527.35524
G1 X104.199 Y102.300 E527.35621
G1 X104.198 Y102.795 E527.37267
G1 X104.158 Y102.911 E527.37675
G1 X104.108 Y102.963 E527.37915
G1 X104.038 Y102.992 E527.38167
G1 X102.949 Y102.999 E527.41789
G1 X95.007 Y102.998 E527.68204
G1 F2400 E523.68204
G0 F9000 X106.702 Y102.598
;TYPE:WALL-INNER
G1 F2400 E527.68204
G1 F1620 X106.703 Y102.504 E527.68517
G1 X107.553 Y102.500 E527.71344
G1 X115.299 Y102.501 E527.97107
G1 X115.298 Y102.594 E527.97417
G1 X114.446 Y102.599 E528.00251
G1 X106.702 Y102.598 E528.26007
G0 F9000 X106.300 Y102.744
;TYPE:WALL-OUTER
G1 F1200 X106.313 Y102.239 E528.27687
G1 X106.322 Y102.212 E528.27782
G1 X106.375 Y102.145 E528.28066
G1 X106.447 Y102.108 E528.28335
G1 X115.493 Y102.101 E528.58423
G1 X115.558 Y102.112 E528.58642
G1 X115.587 Y102.123 E528.58745
G1 X115.654 Y102.175 E528.59027
G1 X115.696 Y102.271 E528.59376
G1 X115.699 Y102.300 E528.59473
G1 X115.698 Y102.795 E528.61119
G1 X115.658 Y102.911 E528.61527
G1 X115.608 Y102.963 E528.61767
G1 X115.538 Y102.992 E528.62019
G1 X114.449 Y102.999 E528.65641
G1 X106.507 Y102.998 E528.92056
G1 X106.478 Y102.995 E528.92153
G1 X106.412 Y102.977 E528.92381
G1 X106.342 Y102.920 E528.92681
G1 X106.308 Y102.854 E528.92928
G1 X106.300 Y102.744 E528.93295
;LAYER:79
G1 F2400 E524.93295
G0 F9000 X92.300 Y102.600 Z16.100
;TYPE:WALL-OUTER
G1 F2400 E528.93295
G1 F600 X83.700 Y102.600 E529.21899
G1 X83.700 Y102.500 E529.22231
G1 X92.300 Y102.500 E529.50835
G1 X92.300 Y102.600 E529.51167
G1 F2400 E525.51167
G0 F9000 X95.200 Y102.600
G1 F2400 E529.51167
G1 F600 X95.200 Y102.500 E529.51500
G1 X103.800 Y102.500 E529.80104
G1 X103.800 Y102.600 E529.80436
G1 X95.200 Y102.600 E530.09040
G1 F2400 E526.09040
G0 F9000 X106.700 Y102.600
G1 F2400 E530.09040
G1 F600 X106.700 Y102.500 E530.09373
G1 X115.300 Y102.500 E530.37976
G1 X115.300 Y102.600 E530.38309
G1 X106.700 Y102.600 E530.66913
M107
G1 F2400 E526.66913
G0 F9000 X106.700 Y102.600 Z21.000
; Default end code
;G1 X0 Y0 Z130 ; Get extruder out of way. Uncomment to use!
M107 ; Turn off fan
; Disable all extruder
G91 ; Relative positioning
T0
G1 E-1 ; Reduce filament pressure
M104 T0 S0
G90 ; Absolute positioning
G92 E0 ; Reset extruder position
M140 S0 ; Disable heated bed
M84 ; Turn steppers off

