participant,trial_index,condition,level,sequence,quiz_name,event_index,target_note,target_note_name,target_key_id,actual_key_id,target_finger,target_hand,timed_out,actual_note,key_correct,actual_finger,finger_correct,target_finger_probability,manually_corrected,rt_s,validity,suspected_carryover,p_L1,p_L2,p_L3,p_L4,p_L5,p_R1,p_R2,p_R3,p_R4,p_R5
P19,1,C,beta,1799551287-β-1,P19-T01-Cβ,0,64,E4,9,9,R2,R,False,64,True,R2,True,0.9139769553587066,False,1.0937471389770508,valid,False,4.267525579607503e-06,7.639174382746545e-07,1.28328844805381e-07,2.0596805662515786e-08,3.865743865251567e-09,0.04736129614751295,0.9139769553587066,0.034391359592078445,0.003247239848708341,0.0010179648185813866
P19,1,C,beta,1799551287-β-1,P19-T01-Cβ,1,60,C4,7,7,L3,L,False,60,True,L3,True,0.7307045522617537,False,1.1438300609588623,valid,False,0.00028518599824002366,0.21767355188786694,0.7307045522617537,0.046247583261085905,0.0023964996864449524,0.0022334760608313793,0.0004065576906258995,4.3837502315967034e-05,6.6936577674852785e-06,2.0619930678559504e-06
P19,1,C,beta,1799551287-β-1,P19-T01-Cβ,2,57,A3,5,5,L5,L,False,57,True,L5,True,0.8890123817856381,False,1.4403338432312012,valid,False,2.1952677450913495e-05,0.001048304521513175,0.0073163470255426235,0.10252546053376496,0.8890123817856381,6.60822762150082e-05,8.125759497793378e-06,1.1306261553507425e-06,1.6633406037827646e-07,4.846016161643229e-08
P19,1,C,beta,1799551287-β-1,P19-T01-Cβ,3,60,C4,7,7,L4,L,False,60,True,L4,True,0.7407054608176776,False,1.0243299007415771,valid,False,7.405755840653275e-05,0.016791779358778514,0.21434847050190775,0.7407054608176776,0.02677859990424493,0.0009486387045246427,0.00028287607834374284,6.020514373819188e-05,7.678505625095224e-06,2.2334267528766784e-06
P19,1,C,beta,1799551287-β-1,P19-T01-Cβ,4,64,E4,9,9,R2,R,False,64,True,R2,True,0.9489391963100372,False,0.7948782444000244,valid,False,2.574870383436615e-06,2.4134641681451796e-05,6.2219036651849706e-06,8.850209499839971e-07,5.587229518965171e-08,0.020022319142775354,0.9489391963100372,0.026986715468280267,0.0028729653668615653,0.0011449314030706904
P19,1,C,beta,1799551287-β-1,P19-T01-Cβ,5,69,A4,12,12,R3,R,False,69,True,R3,True,0.7699432385992623,False,0.756295919418335,valid,False,8.232967528558423e-09,3.422097051388976e-10,8.072340121557102e-12,1.3877576014928736e-12,1.484844378406328e-13,0.0020493845305009,0.19784695473151712,0.7699432385992623,0.02468798766599937,0.0054724258879344035
P19,1,C,beta,1799551287-β-1,P19-T01-Cβ,6,64,E4,9,9,R1,R,False,64,True,R1,True,0.8093448159026253,False,1.3082258701324463,valid,False,9.551106374105627e-07,7.035948756518649e-08,6.419474749217717e-09,1.014622158403062e-09,7.904196884671886e-11,0.8093448159026253,0.18423738299749612,0.005239494640865869,0.0008321230529633221,0.0003451504227854936
P19,1,C,beta,1799551287-β-1,P19-T01-Cβ,7,59,B3,6,6,L2,L,False,59,True,L2,True,0.9683297676444942,False,0.9831218719482422,valid,False,0.0007333068775614834,0.9683297676444942,0.02983173316707228,0.0009955824843691165,8.677581703824684e-05,2.2218632584864946e-05,5.556664390816383e-07,3.5555087570119865e-08,1.3613790090821064e-08,1.0541563173336537e-08
P19,1,C,beta,1799551287-β-1,P19-T01-Cβ,8,60,C4,7,7,L1,L,False,60,True,L1,True,0.7123705103215057,False,0.9637317657470703,valid,False,0.7123705103215057,0.2836465727617679,0.003569986813453133,0.00028781410017721484,2.9855032981124787e-05,9.1877991663518e-05,2.8592912547636855e-06,3.6654038772658754e-07,1.0191189991056756e-07,5.5234908955386575e-08
P19,1,C,beta,1799551287-β-1,P19-T01-Cβ,9,57,A3,5,5,L3,L,False,57,True,L3,True,0.6808809929256353,False,0.8893439769744873,valid,False,0.0007171283512119896,0.27541825170753625,0.6808809929256353,0.03978092545425082,0.0032007576181814846,1.8572297482736796e-06,7.27973878305965e-08,9.963197910651581e-09,2.661521882407439e-09,1.2913281509046032e-09
P19,1,C,beta,1799551287-β-1,P19-T01-Cβ,10,62,D4,8,8,R2,R,False,62,True,R2,True,0.9494779487443176,False,1.029529094696045,valid,False,6.3875035204502305e-06,8.060323537921816e-07,7.50774936233005e-09,2.204315110379185e-09,4.585464622063992e-10,0.012224495212728038,0.9494779487443176,0.03572720008810208,0.0020055379036732508,0.0005576143446938686
P19,1,C,beta,1799551287-β-1,P19-T01-Cβ,11,59,B3,6,6,L5,L,False,59,True,L5,True,0.9042398128274978,False,1.1133520603179932,valid,False,7.822421515758566e-06,5.4348990135609755e-05,0.0031962892624077385,0.0924894519356667,0.9042398128274978,1.1805768675131031e-05,4.4603680602253737e-07,1.488594972132251e-08,3.965272723586152e-09,3.906072812515243e-09
P19,1,C,beta,1799551287-β-1,P19-T01-Cβ,12,60,C4,7,7,R3,R,False,60,True,R3,True,0.5892936396866947,False,1.2407538890838623,valid,False,9.313089030752039e-07,4.4165762901769963e-07,5.959324462085512e-08,1.719348026978179e-08,6.818529114775281e-09,0.005891652096557906,0.33660986825749767,0.5892936396866947,0.06273531952125182,0.005468063866211768
P19,1,C,beta,1799551287-β-1,P19-T01-Cβ,13,65,F4,10,10,R4,R,False,65,True,R3,True,0.4748719501798694,False,0.9945573806762695,valid,False,6.3423974369735845e-09,2.2207769572311014e-09,3.6577271154986137e-10,1.3631716372354431e-10,3.3141193857410024e-11,0.001500329398170101,0.04244001950871995,0.4748719501798694,0.4748719501798694,0.006315741634965421
P19,1,C,beta,1799551287-β-1,P19-T01-Cβ,14,60,C4,7,7,R5,R,False,60,True,R5,True,0.7087150565873428,False,1.2407779693603516,valid,False,4.6388574476704654e-07,8.090534990646495e-07,1.1670422479418525e-07,3.407822010752962e-08,1.2681320275975397e-08,0.016261514607644835,0.0035457721065591742,0.02097756536996596,0.2504986549254781,0.7087150565873428
P19,1,C,beta,1799551287-β-1,P19-T01-Cβ,15,64,E4,9,9,R4,R,False,64,True,R3,True,0.4540328138750715,False,1.043590784072876,valid,False,2.8511709756866618e-08,1.849846125066378e-08,4.568602966216492e-09,1.3622867887832606e-09,3.424942934819075e-10,0.009854947912857237,0.07062731281470638,0.4540328138750715,0.4540328138750715,0.011452058238738329
P19,1,C,beta,1799551287-β-1,P19-T01-Cβ,16,60,C4,7,7,L1,L,False,60,True,L1,True,0.7989756750820696,False,1.1630990505218506,valid,False,0.7989756750820696,0.19713761661152326,0.0035237687863373056,0.00032102550499231637,3.7753786680526855e-05,3.5285788206710053e-06,2.776822368860247e-07,2.4243571484615845e-07,8.986792269750939e-08,2.16637019507001e-08
P19,1,C,beta,1799551287-β-1,P19-T01-Cβ,17,60,C4,7,7,R5,R,False,60,True,R5,True,0.7194177826935461,False,1.2505910396575928,valid,False,6.331793710969412e-07,3.151938355004148e-07,9.084159467830953e-08,3.192422429162114e-08,6.90998121006892e-09,0.00905264112775127,0.007200111243954962,0.03880085373010919,0.22552753315563182,0.7194177826935461
P19,1,C,beta,1799551287-β-1,P19-T01-Cβ,18,67,G4,11,11,R4,R,False,67,True,R3,True,0.43298186167390695,False,1.0092568397521973,valid,False,7.501222459051461e-10,1.4849750842411232e-10,4.794491548880051e-11,1.6404602639627057e-11,2.9370758337738012e-12,0.006351293000929738,0.12144675674688142,0.43298186167390695,0.43298186167390695,0.006238225938468582
P19,1,C,beta,1799551287-β-1,P19-T01-Cβ,19,62,D4,8,8,R5,R,False,62,True,R5,True,0.5467254681810743,False,1.0779178142547607,valid,False,9.924601711091387e-08,4.8577105987823424e-08,1.787083482833513e-08,7.334691651236061e-09,1.3763250558702907e-09,0.0002711738047601957,0.00683076104504055,0.09406130872180646,0.35211111384234395,0.5467254681810743
P19,1,C,beta,1799551287-β-1,P19-T01-Cβ,20,60,C4,7,7,R1,R,False,60,True,R1,True,0.47976226512817377,False,1.1299359798431396,valid,False,5.255106658852961e-07,6.170968448989974e-07,2.419169204080632e-07,9.666012176134115e-08,2.2159874712906988e-08,0.47976226512817377,0.47976226512817377,0.03423644432479396,0.00522414266025998,0.001013379414170883
P19,1,C,beta,1799551287-β-1,P19-T01-Cβ,21,57,A3,5,5,L3,L,False,57,True,L3,True,0.6785926689604476,False,0.9073851108551025,valid,False,0.00019089312300682202,0.2762021007753702,0.6785926689604476,0.04126526269649863,0.003743500173776298,5.056425597279741e-06,3.8560838432024075e-07,9.327308675969408e-08,2.6991759266715336e-08,1.197207278512771e-08
P19,1,C,beta,1799551287-β-1,P19-T01-Cβ,22,60,C4,7,7,L2,L,False,60,True,L2,True,0.9560508012776362,False,0.938776969909668,valid,False,0.003969836790558999,0.9560508012776362,0.03744267329053987,0.002101835585040409,0.0003081437300202419,0.00010367622476645137,1.7126166544236276e-05,4.429210170475565e-06,1.094218078215984e-06,3.835066448464882e-07
P19,1,C,beta,1799551287-β-1,P19-T01-Cβ,23,64,E4,9,9,R1,R,False,64,True,R1,True,0.9067324749922441,False,0.8340122699737549,valid,False,9.773536448219825e-07,2.4171255107232936e-07,3.812053887287768e-08,7.526857024318223e-09,1.060339028332281e-09,0.9067324749922441,0.0822569143123398,0.008083681910224358,0.001993411416531012,0.0009322515947298202
P19,1,C,beta,1799551287-β-1,P19-T01-Cβ,24,60,C4,7,7,R3,R,False,60,True,R3,True,0.5564201616825503,False,1.0370538234710693,valid,False,5.736048379228753e-06,5.141175423044949e-06,8.642768386239845e-07,1.8422841417600878e-07,2.5696996369026103e-08,0.008927310704830176,0.31250969455413247,0.5564201616825503,0.11233929318573008,0.009791588446705387
P19,1,C,beta,1799551287-β-1,P19-T01-Cβ,25,57,A3,5,5,L1,L,False,57,True,L1,True,0.7171580427118484,False,1.0826530456542969,valid,False,0.7171580427118484,0.2745947126742023,0.00699819755467193,0.0010154138247359884,0.0002311464558158665,2.244632173044772e-06,1.0295159756289646e-07,9.988073681195382e-08,2.916944850717233e-08,1.0144769834368708e-08
P19,1,C,beta,1799551287-β-1,P19-T01-Cβ,26,60,C4,7,7,L3,L,False,60,True,L3,True,0.6973472656105021,False,1.0540249347686768,valid,False,0.0009495693470123806,0.262633379777378,0.6973472656105021,0.03613578019729745,0.0027934671088682113,0.00013305210364783601,6.0625166094402974e-06,1.056329317986923e-06,2.398850614986573e-07,1.2712430519461454e-07
P19,1,C,beta,1799551287-β-1,P19-T01-Cβ,27,64,E4,9,9,R5,R,False,64,True,R5,True,0.45593914382193046,False,1.0053622722625732,valid,False,5.597226832857851e-08,1.2367033108628913e-08,1.9039544839189447e-09,4.025404375501165e-10,1.7138947712702658e-10,0.0004739823179428054,0.010268717814766131,0.11243320860862352,0.42088487661955126,0.45593914382193046
P19,1,C,beta,1799551287-β-1,P19-T01-Cβ,28,59,B3,6,6,L3,L,False,59,True,L3,True,0.679276051390147,False,0.7919631004333496,valid,False,0.0010964667973288819,0.2885851582721181,0.679276051390147,0.027688788964384342,0.003323530430905103,2.6112312009266676e-05,2.0910861846524733e-06,1.2475845162466743e-06,3.816426867322625e-07,1.715197197228785e-07
P19,1,C,beta,1799551287-β-1,P19-T01-Cβ,29,60,C4,7,7,L4,L,False,60,True,L4,True,0.6977926428595792,False,0.9508299827575684,valid,False,9.592948467493886e-05,0.02609725357012888,0.23679185314553153,0.6977926428595792,0.039170424514325855,4.435110128841349e-05,3.140498791080888e-06,2.644136048028086e-06,1.2631069980165398e-06,4.975826340503691e-07
P19,2,A,beta,1799551287-β-7,P19-T02-Aβ,0,62,D4,8,8,R1,R,False,62,True,R2,False,0.014868959084093651,False,0.6945362091064453,valid,False,4.378087102330966e-07,4.1266534595262117e-08,5.598886846799338e-09,1.2520813220685251e-09,4.098927425584626e-10,0.014868959084093651,0.9303438765693213,0.05017687572069079,0.0037268161033916394,0.0008829861863970193
P19,2,A,beta,1799551287-β-7,P19-T02-Aβ,1,64,E4,9,9,R2,R,False,64,True,R3,False,0.19587577427627542,False,0.5655298233032227,valid,False,4.546064838370757e-08,7.020858419963883e-09,1.9066368350433612e-09,2.5077680951186236e-10,5.0867624466003164e-11,0.0075065645671361664,0.19587577427627542,0.7332455607133329,0.05668335775214598,0.006688688001321346
P19,2,A,beta,1799551287-β-7,P19-T02-Aβ,2,60,C4,7,7,L3,L,False,60,True,L2,False,0.022582680763689102,False,0.8669412136077881,valid,False,0.005898703004531614,0.9698905931813367,0.022582680763689102,0.0012676734288286416,0.00022699739771009936,0.00012609499763439894,6.136226742162717e-06,8.313409654822036e-07,1.8335152763276433e-07,1.0630703422308188e-07
P19,2,A,beta,1799551287-β-7,P19-T02-Aβ,3,59,B3,6,6,L5,L,False,59,True,R2,False,1.9764473456692189e-07,False,0.5709199905395508,valid,False,0.00016224854581007643,5.4415825512398416e-05,3.371133096943708e-06,5.792460570890338e-07,1.9764473456692189e-07,0.016941596261664044,0.9189951167636987,0.05854360815637927,0.0047103956899609955,0.0005884707330861153
P19,2,A,beta,1799551287-β-7,P19-T02-Aβ,4,62,D4,8,8,R5,R,False,62,True,R3,False,0.01173487591462316,False,0.5770719051361084,valid,False,5.4916731961220295e-06,7.76533371523627e-07,6.905585208400122e-08,1.011986179494421e-08,2.9796316508894298e-09,0.006747553939755505,0.11941027532938973,0.75187136737123,0.1102295770830885,0.01173487591462316
P19,2,A,beta,1799551287-β-7,P19-T02-Aβ,5,60,C4,7,7,L3,L,False,60,True,R2,False,4.984317064246995e-07,False,0.7208638191223145,valid,False,2.1363204315735685e-05,5.835592851878725e-06,4.984317064246995e-07,8.305869082965844e-08,2.1857072059631472e-08,0.02328252693433203,0.9232689207372399,0.047842795731835,0.004701683081904468,0.0008762713700517629
P19,2,A,beta,1799551287-β-7,P19-T02-Aβ,6,59,B3,6,6,L1,L,False,59,True,L2,False,0.002617447369399497,False,0.8478529453277588,valid,False,0.002617447369399497,0.9697731635372356,0.026497812757324282,0.0008843186585083557,0.00021807029634507473,8.997634947580579e-06,1.435116468821538e-07,2.3780704350623678e-08,1.4100187153645544e-08,8.35370108009662e-09
P19,2,A,beta,1799551287-β-7,P19-T02-Aβ,7,60,C4,7,7,L2,L,False,60,True,R2,False,4.5149696654138615e-06,False,1.1553349494934082,valid,False,2.4542349407034098e-05,4.5149696654138615e-06,4.341887421606964e-07,8.700308319312499e-08,2.221018038831351e-08,0.02142353854340685,0.9201072593346854,0.05165000278471734,0.0057229834379700206,0.001066615178142165
P19,2,A,beta,1799551287-β-7,P19-T02-Aβ,8,64,E4,9,9,R1,R,False,64,True,R3,False,0.0051572164579318566,False,0.6340851783752441,valid,False,9.913360214888092e-07,7.21632950322341e-08,7.979406596691905e-09,1.3679330515409295e-09,3.32841610151526e-10,0.0051572164579318566,0.1713091808665745,0.723043943096657,0.09033003323996511,0.010158553159373663
P19,2,A,beta,1799551287-β-7,P19-T02-Aβ,9,59,B3,6,6,L2,L,False,59,True,L2,True,0.9740248484176994,False,0.8056957721710205,valid,False,0.003895065378214236,0.9740248484176994,0.020935301792101672,0.0009621709080883959,0.00017932361776988408,3.0825085916243442e-06,1.1458282964674922e-07,5.997157706218742e-08,2.476006756918673e-08,8.06306067439787e-09
P19,2,A,beta,1799551287-β-7,P19-T02-Aβ,10,57,A3,5,5,L3,L,False,57,True,L3,True,0.7504190630429968,False,0.9709410667419434,valid,False,0.00020943275733827533,0.21452659867161844,0.7504190630429968,0.03183708487054213,0.00300606465939621,1.6459694152792703e-06,6.482732615880444e-08,3.2296638541382794e-08,1.0100314409947618e-08,2.804413809373363e-09
P19,2,A,beta,1799551287-β-7,P19-T02-Aβ,11,62,D4,8,8,R1,R,False,62,True,R2,False,0.03029230837695766,False,0.6045570373535156,valid,False,2.52653924559462e-06,6.451213382337048e-07,1.015331773211858e-07,1.3253228233586229e-08,3.232491111246762e-09,0.03029230837695766,0.9447249541737088,0.02199673055866711,0.002249918135528686,0.0007327990756568747
P19,2,A,beta,1799551287-β-7,P19-T02-Aβ,12,64,E4,9,9,R3,R,False,64,True,R3,True,0.7439155302559227,False,0.6000289916992188,valid,False,3.198091937457575e-07,7.59054033067574e-08,1.1167902404683344e-08,1.4044289860672719e-09,3.278896860662431e-10,0.006709114825146297,0.18344731119012084,0.7439155302559227,0.05985515101926144,0.0060724840947306066
P19,2,A,beta,1799551287-β-7,P19-T02-Aβ,13,59,B3,6,6,L2,L,False,59,True,L2,True,0.9813109072239758,False,0.687324047088623,valid,False,0.002300183900724126,0.9813109072239758,0.0153158668220091,0.0008948397188994847,0.00016677483632928492,1.067686106962313e-05,5.943475742154578e-07,1.0812269919018959e-07,2.94554580433187e-08,1.8711261294038063e-08
P19,2,A,beta,1799551287-β-7,P19-T02-Aβ,14,60,C4,7,7,R2,R,False,60,True,R2,True,0.939734704224139,False,0.5967118740081787,valid,False,4.914587072413969e-05,1.89050034277593e-05,2.8020123343333474e-06,3.510385209522084e-07,6.769961832763446e-08,0.01864536530108393,0.939734704224139,0.038305657699133994,0.0027335403646025565,0.000509460786415197
P19,2,A,beta,1799551287-β-7,P19-T02-Aβ,15,62,D4,8,8,R4,R,False,62,True,R2,False,0.0027132092810790054,False,0.5425300598144531,valid,False,8.944698561351967e-06,2.6827033106004516e-06,3.8607998100138316e-07,4.684307860533321e-08,1.088138739280315e-08,0.0287354677762005,0.9327452977354082,0.03509757959887398,0.0027132092810790054,0.000696374402119336
P19,2,A,beta,1799551287-β-7,P19-T02-Aβ,16,57,A3,5,5,L3,L,False,57,True,L2,False,0.029758525465230428,False,0.5970089435577393,valid,False,0.002857681642948034,0.9659534659888951,0.029758525465230428,0.0012130230851091284,0.00020051136735565773,1.3940638160012771e-05,2.2206822384735443e-06,5.228781326848784e-07,7.539378480043746e-08,3.285814552422409e-08
P19,2,A,beta,1799551287-β-7,P19-T02-Aβ,17,60,C4,7,7,R3,R,False,60,True,R2,False,0.04253752032508554,False,0.6459140777587891,valid,False,3.030294421012886e-05,1.998749531350928e-05,3.597404433420748e-06,5.426011043213918e-07,1.0284798994611356e-07,0.028513752582553283,0.9255484841696231,0.04253752032508554,0.0028021487053231354,0.0005435609243639494
P19,2,A,beta,1799551287-β-7,P19-T02-Aβ,18,62,D4,8,8,R1,R,False,62,True,R3,False,0.010229538663781158,False,0.5997250080108643,valid,False,6.688728646805961e-06,2.476807004338441e-06,3.96250829444574e-07,6.95143748314574e-08,1.280959647463466e-08,0.010229538663781158,0.2958659955562046,0.6326432227514497,0.05514172196666825,0.006109876951444528
P19,2,A,beta,1799551287-β-7,P19-T02-Aβ,19,59,B3,6,6,L5,L,False,59,True,L3,False,0.0018125356804310374,False,0.7038149833679199,valid,False,0.0002506383443218818,0.23439548159418747,0.7312290827188271,0.032289005758992774,0.0018125356804310374,1.8814093088930403e-05,2.7122077282027307e-06,1.2323646031204276e-06,3.5703933025292645e-07,1.4019848924233978e-07
P19,2,A,beta,1799551287-β-7,P19-T02-Aβ,20,52,E3,2,2,L4,L,False,52,True,L4,True,0.5190604014671761,False,0.7257320880889893,valid,False,5.8433481735564635e-05,0.03557779708954003,0.40830737337047124,0.5190604014671761,0.03699594876440009,3.239460648408801e-08,1.0232387981803631e-08,2.737939223048259e-09,3.332515613275439e-10,1.2849175813235857e-10
P19,2,A,beta,1799551287-β-7,P19-T02-Aβ,21,50,D3,1,1,L2,L,False,50,True,L5,False,0.00365832960585907,False,0.8857948780059814,valid,False,1.1068190322460508e-05,0.00365832960585907,0.07465283451224616,0.45162333101824936,0.47005442880044934,5.609468428414692e-09,1.695518654834487e-09,4.643674081974883e-10,7.463193586187956e-11,2.8887078059157634e-11
P19,2,A,beta,1799551287-β-7,P19-T02-Aβ,22,52,E3,2,2,L4,L,False,52,True,L3,False,0.0978717960525433,False,0.6781997680664062,valid,False,6.164139584512776e-05,0.16614756077161558,0.7231801915353417,0.0978717960525433,0.012738751399765323,4.096210904455183e-08,1.355026904784587e-08,3.550472693431887e-09,5.696682136570014e-10,2.1236994290254692e-10
P19,2,A,beta,1799551287-β-7,P19-T02-Aβ,23,55,G3,4,4,L2,L,False,55,True,L2,True,0.9103040569441364,False,0.6436359882354736,valid,False,0.0008722540546595102,0.9103040569441364,0.08258092091702088,0.005439997885714953,0.0007975415640201969,3.3080513556172693e-06,1.4041840468866304e-06,4.37104553130211e-07,5.803968440786649e-08,2.1254807838131543e-08
P19,2,A,beta,1799551287-β-7,P19-T02-Aβ,24,57,A3,5,5,L1,L,False,57,True,L2,False,0.0014219439684046836,False,0.596121072769165,valid,False,0.0014219439684046836,0.956525494994991,0.03899008733749353,0.002673283368609329,0.00036178956186246964,1.6320018658744627e-05,8.086308678680906e-06,2.5475018315829735e-06,3.277706237881724e-07,1.1916884640265557e-07
P19,2,A,beta,1799551287-β-7,P19-T02-Aβ,25,64,E4,9,9,R3,R,False,64,True,R2,False,0.051828381134695845,False,0.6724979877471924,valid,False,2.676044195656604e-06,2.5689424364838115e-06,6.821263798926681e-07,1.0271365558572632e-07,9.23198613552744e-09,0.08717677010769055,0.8522994204778631,0.051828381134695845,0.00673917758586023,0.0019502116352365414
P19,2,A,beta,1799551287-β-7,P19-T02-Aβ,26,60,C4,7,7,L2,L,False,60,True,R2,False,9.732093846449719e-05,False,0.6462838649749756,valid,False,3.9032608257651436e-05,9.732093846449719e-05,1.2569773066277029e-05,3.119471166267308e-06,3.9899353113562136e-07,0.022696267449893323,0.9365477248468332,0.03667885685109638,0.0031969603937936878,0.0007277486738977985
P19,2,A,beta,1799551287-β-7,P19-T02-Aβ,27,60,C4,7,7,R1,R,False,60,True,R2,False,0.017234947461221027,False,0.5671100616455078,valid,False,3.130955627910924e-05,7.648494215679481e-05,1.121974779894038e-05,2.4823674820280975e-06,3.844867280038662e-07,0.017234947461221027,0.9409962473011041,0.03835708097536474,0.0027372099948791313,0.0005526331669862648
P19,2,A,beta,1799551287-β-7,P19-T02-Aβ,28,62,D4,8,8,R2,R,False,62,True,R3,False,0.16764895226856938,False,0.6960239410400391,valid,False,7.664596222915507e-06,1.1647527669905168e-05,1.9319860964339607e-06,3.4221075656984966e-07,4.6036214020700894e-08,0.00576597948160655,0.16764895226856938,0.7620953520912707,0.058913583386460806,0.005554500415132669
P19,2,A,beta,1799551287-β-7,P19-T02-Aβ,29,64,E4,9,9,R3,R,False,64,True,R4,False,0.39706699801602435,False,0.6039979457855225,valid,False,1.4411179447646104e-06,1.1864680933040139e-06,1.5348403306225712e-07,3.4935177827163806e-08,5.093714987095453e-09,0.00405591048890114,0.04572729998509668,0.39706699801602435,0.5129483702067,0.04019860020431392
P19,3,C,beta,1799551287-β-6,P19-T03-Cβ,0,64,E4,9,9,R4,R,False,64,True,R3,True,0.4500067952697687,False,1.2246477603912354,valid,False,1.1035536470918227e-08,5.848100602234828e-10,2.0904498335688816e-10,6.957510282018205e-11,4.5061122198285396e-11,0.0018290094064501617,0.05393360679249663,0.4500067952697687,0.4500067952697687,0.04422378131748802
P19,3,C,beta,1799551287-β-6,P19-T03-Cβ,1,62,D4,8,8,R2,R,False,62,True,R2,True,0.9582002280820837,False,0.5602738857269287,valid,False,4.014820808128324e-07,5.039798620074168e-08,1.497414642441229e-08,4.29261678824073e-09,1.8300257670895852e-09,0.017546641995194498,0.9582002280820837,0.022310485337830338,0.0016570795777390897,0.00028509203029608007
P19,3,C,beta,1799551287-β-6,P19-T03-Cβ,2,60,C4,7,7,L2,L,False,60,True,L2,True,0.9659768928807948,False,0.7039260864257812,valid,False,0.002213455557198055,0.9659768928807948,0.029804998249179444,0.0010775350871322323,0.0001929500572922439,0.0005886826441728617,0.00012863889471285882,1.4165678813340174e-05,2.001633171197299e-06,6.79317532633878e-07
P19,3,C,beta,1799551287-β-6,P19-T03-Cβ,3,59,B3,6,6,L3,L,False,59,True,L3,True,0.8099248735250272,False,0.6346440315246582,valid,False,0.00015214160772231597,0.16163692703737337,0.8099248735250272,0.02596998620878743,0.0022443461259247155,5.954240100266572e-05,1.0409784174839987e-05,1.4369765077990034e-06,2.4754825072844634e-07,8.878522882223863e-08
P19,3,C,beta,1799551287-β-6,P19-T03-Cβ,4,57,A3,5,5,L4,L,False,57,True,L4,True,0.6320992154822959,False,0.5983231067657471,valid,False,4.9457409413563325e-05,0.024150539523965932,0.3158403820747109,0.6320992154822959,0.02785198376225606,7.366985104137705e-06,8.567156732934891e-07,1.5827747660962329e-07,2.9504916967249867e-08,1.0264186524599885e-08
P19,3,C,beta,1799551287-β-6,P19-T03-Cβ,5,60,C4,7,7,R4,R,False,60,True,R4,True,0.7241113401544194,False,0.7284910678863525,valid,False,1.1672668867046278e-05,9.871879940493049e-05,4.6013184822360305e-05,1.1556111576003684e-05,6.179488151187213e-07,0.004503906653172732,0.02984673322072832,0.17381221627568766,0.7241113401544194,0.06755722498250638
P19,3,C,beta,1799551287-β-6,P19-T03-Cβ,6,59,B3,6,6,L2,L,False,59,True,L2,True,0.8904327952403385,False,0.8270127773284912,valid,False,0.0005421418969646561,0.8904327952403385,0.10268926988735237,0.005321246770820401,0.0006387179156129031,0.0002824214018193337,7.421965015968138e-05,1.6273531817547213e-05,2.6259739693142237e-06,2.8773114535674695e-07
P19,3,C,beta,1799551287-β-6,P19-T03-Cβ,7,64,E4,9,9,R2,R,False,64,True,R2,True,0.9138307290281787,False,0.712731122970581,valid,False,5.467183216858936e-06,1.2252177418942948e-05,1.2855138755664087e-06,1.747471623954165e-07,1.8784491720327508e-08,0.025344586626869586,0.9138307290281787,0.05557010386105215,0.004295832455385843,0.0009395496223480041
P19,3,C,beta,1799551287-β-6,P19-T03-Cβ,8,57,A3,5,5,L1,L,False,57,True,L1,True,0.8420219052154976,False,0.7128908634185791,valid,False,0.8420219052154976,0.1507776190240356,0.006657912717164628,0.0004385883652356453,7.249816916037532e-05,2.9020371929159054e-05,2.167210537462918e-06,2.458893883350114e-07,3.339185999625407e-08,9.645191150737878e-09
P19,3,C,beta,1799551287-β-6,P19-T03-Cβ,9,59,B3,6,6,L3,L,False,59,True,L3,True,0.7948901451296098,False,0.6380200386047363,valid,False,0.0008772472807087061,0.15881470602627223,0.7948901451296098,0.04287135652555499,0.0019703356774506578,0.0004435650499460273,0.0001152745612727172,1.4783915800300925e-05,1.9462360616675373e-06,6.395973229925614e-07
P19,3,C,beta,1799551287-β-6,P19-T03-Cβ,10,57,A3,5,5,L2,L,False,57,True,L2,True,0.8643143926730775,False,0.7285199165344238,valid,False,0.0015022544732570659,0.8643143926730775,0.12671450743533846,0.006566208565374555,0.000820231485309644,6.671097163645569e-05,1.3312028379398682e-05,2.0328862269037438e-06,2.6439577836182065e-07,8.508562173161945e-08
P19,3,C,beta,1799551287-β-6,P19-T03-Cβ,11,62,D4,8,8,R4,R,False,62,True,R4,True,0.6157552330455411,False,0.6975710391998291,valid,False,2.8398839617383037e-05,5.285601682291135e-06,8.34039098210988e-07,1.2194300487502793e-07,1.6470897170178123e-08,0.0036797673703998736,0.0268438130884438,0.3104010166884557,0.6157552330455411,0.0432855129128595
P19,3,C,beta,1799551287-β-6,P19-T03-Cβ,12,60,C4,7,7,R5,R,False,60,True,R5,True,0.3116246818282855,True,0.7187981605529785,valid,False,4.072691517444908e-05,1.8904231247402792e-05,2.916757810186489e-06,6.785057968673124e-07,7.885117583626202e-08,0.0040144343730468945,0.011888811357609988,0.1646219311180813,0.5077868360617716,0.3116246818282855
P19,3,C,beta,1799551287-β-6,P19-T03-Cβ,13,62,D4,8,8,R4,R,False,62,True,R4,True,0.6866730559918578,False,0.964155912399292,valid,False,1.6168825581366798e-05,6.218209288925603e-06,1.252569682157501e-06,3.1856178911947584e-07,2.7626656122542966e-08,0.004271043931968596,0.03126570405044088,0.23475575863519435,0.6866730559918578,0.04301045159754076
P19,3,C,beta,1799551287-β-6,P19-T03-Cβ,14,64,E4,9,9,R2,R,False,64,True,R2,True,0.9124150508396882,False,0.9309968948364258,valid,False,4.690973902579101e-06,1.250902236260144e-06,2.7380544964875407e-07,6.839931635940479e-08,5.396474327933371e-09,0.03608894655486332,0.9124150508396882,0.045426470516023616,0.005675138600999477,0.0003881040110464287
P19,3,C,beta,1799551287-β-6,P19-T03-Cβ,15,60,C4,7,7,L3,L,False,60,True,L3,True,0.7631789142060174,False,0.6587719917297363,valid,False,0.0003919674346546637,0.16009288568191252,0.7631789142060174,0.07205952341804384,0.003181944511813362,0.0009582731178277172,0.00012302260237000102,1.1051139637288577e-05,2.0199097501066765e-06,3.97977973310473e-07
P19,3,C,beta,1799551287-β-6,P19-T03-Cβ,16,59,B3,6,6,L2,L,False,59,True,L2,True,0.941079454220009,False,0.715897798538208,valid,False,0.0018120526293036708,0.941079454220009,0.05293276889027957,0.003350208547237972,0.00038636320621297066,0.0003741822171662551,6.030064589877008e-05,3.6303554968514053e-06,8.144619602611615e-07,2.248264344660349e-07
P19,3,C,beta,1799551287-β-6,P19-T03-Cβ,17,57,A3,5,5,L1,L,False,57,True,L1,True,0.911669681849163,False,0.6544299125671387,valid,False,0.911669681849163,0.08608005484149991,0.0019256772682254171,0.00017469350046935678,8.850269579360227e-05,5.342745242840497e-05,6.925419495478817e-06,8.452968258993484e-07,1.5922727782355666e-07,3.2448821286416e-08
P19,3,C,beta,1799551287-β-6,P19-T03-Cβ,18,59,B3,6,6,L2,L,False,59,True,L2,True,0.9487459838736484,False,0.7082118988037109,valid,False,0.0022702982059923,0.9487459838736484,0.04538315929666048,0.0026515413054804156,0.00037349192129689754,0.0004822129605168137,8.142924759165782e-05,1.0102984473419654e-05,1.4374868913857123e-06,3.427174480147961e-07
P19,3,C,beta,1799551287-β-6,P19-T03-Cβ,19,62,D4,8,8,R3,R,False,62,True,R3,True,0.6933870479350412,False,0.6359438896179199,valid,False,4.287106101107363e-06,2.9813793979647066e-06,4.2345370307727014e-07,5.658955638016828e-08,1.412998082556059e-08,0.0040060015956242655,0.22623818359452086,0.6933870479350412,0.07092254414486406,0.005438460071210496
P19,3,C,beta,1799551287-β-6,P19-T03-Cβ,20,57,A3,5,5,L2,L,False,57,True,L2,True,0.9531080734389714,False,0.5978319644927979,valid,False,0.004115377618691046,0.9531080734389714,0.04043631634546683,0.0020132056464363312,0.0003197321389909376,6.4790640728361245e-06,2.835753523530229e-07,3.428111410393487e-07,1.5694846302742015e-07,3.2412414119341574e-08
P19,3,C,beta,1799551287-β-6,P19-T03-Cβ,21,60,C4,7,7,R3,R,False,60,True,R3,True,0.7787955351585584,False,0.6327729225158691,valid,False,5.935620574267415e-06,2.2463997963799297e-06,1.838868705126669e-07,3.906447186650036e-08,1.1008881936347056e-08,0.002814130428431182,0.13398777179235394,0.7787955351585584,0.07965848350729562,0.004735663132766073
P19,3,C,beta,1799551287-β-6,P19-T03-Cβ,22,62,D4,8,8,R4,R,False,62,True,R3,True,0.4689097301131463,False,0.6296319961547852,valid,False,1.6915543700833733e-06,7.922215752532908e-07,9.204653990454786e-08,1.6832624400711953e-08,3.767429519186411e-09,0.0019966537438284486,0.04107227320569037,0.4689097301131463,0.4689097301131463,0.019109016401649345
P19,3,C,beta,1799551287-β-6,P19-T03-Cβ,23,64,E4,9,9,R2,R,False,64,True,R2,True,0.9135097125198012,False,0.6726510524749756,valid,False,4.7430149830150523e-07,1.2380025978186773e-07,2.578598754858835e-08,6.746979419946396e-09,9.521348233551503e-10,0.030600518485359957,0.9135097125198012,0.04926894718088108,0.005681947297053019,0.0009382429300449494
P19,3,C,beta,1799551287-β-6,P19-T03-Cβ,24,67,G4,11,11,R4,R,False,67,True,R4,True,0.2943970166436081,True,0.6757349967956543,valid,False,1.3933193682426464e-08,2.4150546216617667e-09,4.3670310886792754e-10,1.1839444171239802e-10,1.432953105632243e-11,0.003100917917986049,0.18120797410632652,0.49518392198341205,0.2943970166436081,0.026110152430992024
P19,3,C,beta,1799551287-β-6,P19-T03-Cβ,25,60,C4,7,7,R3,R,False,60,True,R3,True,0.8421892146242971,False,0.7233810424804688,valid,False,1.2574183589829891e-05,1.3708717337185725e-05,2.846431906568055e-06,9.218068710130819e-07,1.1625208984600087e-07,0.002789150751464405,0.06425365297425496,0.8421892146242971,0.08765108190287335,0.0030867323553157478
P19,3,C,beta,1799551287-β-6,P19-T03-Cβ,26,60,C4,7,7,L3,L,False,60,True,L3,True,0.7884466175039385,False,0.7019979953765869,valid,False,0.0003345869818098004,0.1724426474753775,0.7884466175039385,0.0362364204479343,0.0022035389967526137,0.00031587656927271565,1.839663334276596e-05,1.5076866201871578e-06,2.945244226727735e-07,1.1318052904852617e-07
P19,3,C,beta,1799551287-β-6,P19-T03-Cβ,27,59,B3,6,6,L2,L,False,59,True,L2,True,0.9719538604082746,False,0.67537522315979,valid,False,0.002604438717901998,0.9719538604082746,0.023554298600629475,0.0013222149656707041,0.00022748029371361575,0.00031436649940126286,2.0223863147993285e-05,2.5703904798634826e-06,4.094516774652502e-07,1.368091030515484e-07
P19,3,C,beta,1799551287-β-6,P19-T03-Cβ,28,62,D4,8,8,R2,R,False,62,True,R2,True,0.9482638612404978,False,0.6795539855957031,valid,False,3.83190919424807e-06,1.6957266920380866e-06,1.7116210608714904e-07,2.962812272759198e-08,8.796137995336974e-09,0.024933718519172095,0.9482638612404978,0.02412900337493964,0.0021889338010878533,0.0004787458420494081
P19,3,C,beta,1799551287-β-6,P19-T03-Cβ,29,60,C4,7,7,R1,R,False,60,True,R1,True,0.922024051209798,False,0.6087398529052734,valid,False,1.3380378448172034e-05,1.117003212206059e-05,1.504642317608634e-06,2.636696058290881e-07,5.859072079055108e-08,0.922024051209798,0.07127682996125315,0.0055100368397758845,0.0008407771041057286,0.0003219275718528396
P19,4,B,beta,1799551287-β-3,P19-T04-Bβ,0,62,D4,8,8,R3,R,False,62,True,R3,True,0.8951754559597948,False,0.9601960182189941,valid,False,1.7412288726290318e-05,0.0003209390439897552,0.00020112325299154884,4.1971335554418285e-05,2.3575239799555626e-06,0.0002055239649163978,0.014204960111119677,0.8951754559597948,0.08449402151268165,0.005336235006245656
P19,4,B,beta,1799551287-β-3,P19-T04-Bβ,1,64,E4,9,9,R3,R,False,64,True,R3,True,0.8137926740152017,False,0.9238407611846924,valid,False,8.331033092549084e-06,5.964751943549685e-05,3.2379683866359106e-05,6.422050834499189e-06,3.434220523574242e-07,0.0005083215470824826,0.07142161975599773,0.8137926740152017,0.10166729145037096,0.012502969522065647
P19,4,B,beta,1799551287-β-3,P19-T04-Bβ,2,60,C4,7,7,L4,L,False,60,True,L4,True,0.7983912687377192,False,1.2038280963897705,valid,False,1.7458678129788357e-05,0.008942619333765122,0.17425068517183462,0.7983912687377192,0.01521982400537196,4.9334598791749155e-05,0.0012739240165691374,0.00048199419077059265,0.0008453232181500818,0.0005275680488979744
P19,4,B,beta,1799551287-β-3,P19-T04-Bβ,3,57,A3,5,5,L4,L,False,57,True,L4,True,0.7048307159287969,False,0.8570239543914795,valid,False,8.60887911117791e-06,0.011794180063119051,0.27242606080448956,0.7048307159287969,0.010018855156304969,4.302329291804652e-05,0.0005869959730328876,0.00014497131577929348,0.0001149982037431881,3.159038270490075e-05
P19,4,B,beta,1799551287-β-3,P19-T04-Bβ,4,60,C4,7,7,R3,R,False,60,True,R3,True,0.8503320890074292,False,0.8451991081237793,valid,False,5.978267771741211e-05,0.004725438410513356,0.0037934959891090503,0.0005932601080465312,1.499939929202252e-05,0.0005038968598516493,0.04072841236293034,0.8503320890074292,0.09421948111886436,0.005029144066246114
P19,4,B,beta,1799551287-β-3,P19-T04-Bβ,5,65,F4,10,10,R2,R,False,65,True,R2,True,0.9175022035338715,False,0.7620601654052734,valid,False,1.308965031801842e-05,4.8351272958976546e-05,8.060386723338866e-06,9.275170205281718e-07,2.6867057641336383e-08,0.0011647274820059702,0.9175022035338715,0.0768345940118739,0.0033927981082410414,0.0010352211699293588
P19,4,B,beta,1799551287-β-3,P19-T04-Bβ,6,64,E4,9,9,R4,R,False,64,True,R4,True,0.7427292857960032,False,0.8374819755554199,valid,False,3.1285901034800634e-05,0.0002921211433865665,5.633150239726442e-05,5.997021638852391e-06,1.9430537097254363e-07,5.19904578084513e-05,0.009499594876915415,0.1517716314075322,0.7427292857960032,0.09556156758791226
P19,4,B,beta,1799551287-β-3,P19-T04-Bβ,7,59,B3,6,6,L5,L,False,59,True,L5,True,0.9613379798882346,False,0.9786207675933838,valid,False,3.0784958345345517e-06,0.0004324474394606776,0.003316464362426323,0.034855776257658476,0.9613379798882346,4.401531912103396e-06,1.8230004947804976e-05,1.7837659684955597e-05,1.2651675247378592e-05,1.1326845929443693e-06
P19,4,B,beta,1799551287-β-3,P19-T04-Bβ,8,52,E3,2,2,L3,L,False,52,True,L3,True,0.7862940114722543,False,0.8285560607910156,valid,False,4.83670471975504e-05,0.13143026422576795,0.7862940114722543,0.08042545920861725,0.0017913870839420334,9.78958145003397e-07,6.832038264507763e-06,2.1820714094287543e-06,4.6665450383759895e-07,5.1239898005893e-08
P19,4,B,beta,1799551287-β-3,P19-T04-Bβ,9,57,A3,5,5,L2,L,False,57,True,L2,True,0.9634291166729153,False,0.7518579959869385,valid,False,0.0012546861253228251,0.9634291166729153,0.030892051461815888,0.001600792655995421,6.953274763794341e-05,6.146331745747547e-05,0.0017262364843608105,0.000791467913820864,0.00015782168127365285,1.683093939987148e-05
P19,4,B,beta,1799551287-β-3,P19-T04-Bβ,10,60,C4,7,7,R5,R,False,60,True,R5,True,0.8608748988041124,False,1.0278069972991943,valid,False,7.298450461857774e-05,0.0015175504949730423,0.00011406179576539878,9.695588118808622e-06,6.192418989254635e-07,2.7276168172118996e-05,0.0011802323625752207,0.005731421394651292,0.1304712596451142,0.8608748988041124
P19,4,B,beta,1799551287-β-3,P19-T04-Bβ,11,64,E4,9,9,R4,R,False,64,True,R4,True,0.8199132634365784,False,0.8323218822479248,valid,False,1.1550256504422984e-05,5.156398096709159e-05,3.8064357545506434e-06,4.035284494995498e-07,1.7833547445440466e-08,6.420302626214613e-05,0.012725722877897212,0.1230085230604364,0.8199132634365784,0.04422094556360285
P19,4,B,beta,1799551287-β-3,P19-T04-Bβ,12,60,C4,7,7,L3,L,False,60,True,L3,True,0.7207096774850282,False,0.934229850769043,valid,False,0.0001207938963239705,0.22224960478529732,0.7207096774850282,0.053529686600511585,0.0006314328921212039,7.400849056272059e-05,0.0017230201831798637,0.0007983779091955997,0.00014913904107945327,1.4258716700075221e-05
P19,4,B,beta,1799551287-β-3,P19-T04-Bβ,13,59,B3,6,6,L4,L,False,59,True,L4,True,0.7898590312183054,False,0.8825089931488037,valid,False,7.74284894403868e-06,0.009931757862109699,0.19202794833316644,0.7898590312183054,0.00731784788007709,6.867903553793011e-05,0.0005425682097864365,0.0002030667046422776,3.777870842190714e-05,3.579199008753095e-06
P19,4,B,beta,1799551287-β-3,P19-T04-Bβ,14,62,D4,8,8,R4,R,False,62,True,R4,True,0.8342099631531836,False,0.8296680450439453,valid,False,4.896669050725761e-05,0.00011643160226463553,6.442299822049816e-05,1.8209328813754983e-05,6.442799807968649e-07,7.607864550400145e-05,0.010701030446416666,0.09775557199360944,0.8342099631531836,0.05700868086149942
P19,4,B,beta,1799551287-β-3,P19-T04-Bβ,15,57,A3,5,5,L1,L,False,57,True,L1,True,0.9347270488443354,False,0.7909989356994629,valid,False,0.9347270488443354,0.059160527854946264,0.0022261075349740192,0.00017208866519004043,1.1336298558961385e-05,3.1182236420526386e-05,0.0016789290747295064,0.0015546186005892476,0.00042220507632906046,1.59558139269598e-05
P19,4,B,beta,1799551287-β-3,P19-T04-Bβ,16,60,C4,7,7,L2,L,False,60,True,L2,True,0.8620323351542487,False,0.7237341403961182,valid,False,0.0013221944015825915,0.8620323351542487,0.03376054394591586,0.0017494348304395843,3.4710702219853194e-05,0.00028893305661274407,0.03047840297886405,0.05460049068696592,0.01499208701205765,0.0007408672310930323
P19,4,B,beta,1799551287-β-3,P19-T04-Bβ,17,64,E4,9,9,R2,R,False,64,True,R2,True,0.5944374743484315,False,1.2147939205169678,valid,False,4.215828040839776e-06,3.126709672220582e-05,5.299097011111546e-06,5.468044059868746e-07,1.1925889459042779e-08,0.0011178966989212862,0.5944374743484315,0.38283938353706554,0.019838322305964613,0.001725582357547414
P19,4,B,beta,1799551287-β-3,P19-T04-Bβ,18,60,C4,7,7,R1,R,False,60,True,R1,True,0.8586852572750796,False,0.8279240131378174,valid,False,5.953228627457599e-05,0.002300956433493044,0.0006654446864002455,9.054812947499948e-05,1.578809682976402e-06,0.8586852572750796,0.1258892369952176,0.011420413921371924,0.0007523169625182493,0.00013471450048661818
P19,4,B,beta,1799551287-β-3,P19-T04-Bβ,19,57,A3,5,5,L5,L,False,57,True,L5,True,0.8965396805068518,False,0.9342689514160156,valid,False,1.7360070018950945e-06,0.00048264424563734587,0.008451091138940303,0.09221875418398005,0.8965396805068518,3.7383137982214716e-05,0.0007066262371405353,0.0010343885529895537,0.0004851136448432817,4.2582344633137925e-05
P19,4,B,beta,1799551287-β-3,P19-T04-Bβ,20,62,D4,8,8,R3,R,False,62,True,R3,True,0.8296039146989156,False,0.8368861675262451,valid,False,3.099621229987066e-06,0.00036822849457844906,0.0009087029409365956,0.000580880505955966,8.384455325238589e-05,0.000524306377734434,0.06516586553477684,0.8296039146989156,0.09567417187630294,0.007086985396316627
P19,4,B,beta,1799551287-β-3,P19-T04-Bβ,21,65,F4,10,10,R2,R,False,65,True,R2,True,0.9723410066526231,False,0.7283060550689697,valid,False,8.661621810557162e-07,3.581784483688935e-05,4.958344046818423e-05,1.7967798352312745e-05,1.5179275053081847e-06,0.009230351294982715,0.9723410066526231,0.017110744043149016,0.0009228455186996285,0.00028929931720177366
P19,4,B,beta,1799551287-β-3,P19-T04-Bβ,22,62,D4,8,8,R3,R,False,62,True,R3,True,0.761567577246993,False,0.7090029716491699,valid,False,7.013944529549457e-06,0.0006884180164997959,0.001298102491806471,0.0005521554317643403,4.5569132391616316e-05,0.00038714769507383417,0.03840450050217739,0.761567577246993,0.18780025238547332,0.009249263153290622
P19,4,B,beta,1799551287-β-3,P19-T04-Bβ,23,64,E4,9,9,R4,R,False,64,True,R4,True,0.7136896173047043,False,0.7434239387512207,valid,False,1.8921334547086581e-06,0.00011995906583252528,0.00016753134546143206,5.7945252535269634e-05,4.4082212352039186e-06,9.561752921942325e-05,0.01430580723982995,0.17802495935399562,0.7136896173047043,0.09353226255373144
P19,4,B,beta,1799551287-β-3,P19-T04-Bβ,24,59,B3,6,6,L3,L,False,59,True,L3,True,0.8542242929899329,False,0.8386380672454834,valid,False,7.066490641336702e-05,0.07445491671651154,0.8542242929899329,0.05627181552577951,0.0006637788763368968,5.601991482376467e-05,0.006849209390992969,0.003849856761570661,0.002739904451292496,0.0008195404663458924
P19,4,B,beta,1799551287-β-3,P19-T04-Bβ,25,60,C4,7,7,L5,L,False,60,True,L5,True,0.891509435416013,False,1.0657920837402344,valid,False,3.874266175808714e-06,0.0016625635205434713,0.006942721610691976,0.07224864982704726,0.891509435416013,6.038080763040108e-05,0.0025932606470522096,0.00768102424274579,0.010927632744228415,0.006370456917871851
P19,4,B,beta,1799551287-β-3,P19-T04-Bβ,26,60,C4,7,7,R5,R,False,60,True,R5,True,0.9282535957683538,False,0.9207077026367188,valid,False,3.732993316846518e-05,0.0004426557889891578,0.0007740898236565366,0.0003694392170879813,4.030676979804365e-05,2.0274221932701206e-05,0.0016099428908246294,0.004061476200824613,0.06439088938536419,0.9282535957683538
P19,4,B,beta,1799551287-β-3,P19-T04-Bβ,27,64,E4,9,9,R3,R,False,64,True,R3,True,0.7652434333039236,False,0.7867908477783203,valid,False,4.288351110565532e-06,2.515757276521002e-05,2.8034889200874763e-05,1.1054854401211039e-05,1.0546193737004513e-06,0.00041534918641493137,0.06793995211031081,0.7652434333039236,0.1544999846023375,0.01183169051016146
P19,4,B,beta,1799551287-β-3,P19-T04-Bβ,28,59,B3,6,6,L3,L,False,59,True,L3,True,0.8319777469155429,False,0.7928190231323242,valid,False,2.2917021400765648e-05,0.05436721860092098,0.8319777469155429,0.0981676814292308,0.0011002974964717579,5.531554264014217e-05,0.0029481728220975283,0.005136285282038645,0.005395138536828431,0.0008292263528282652
P19,4,B,beta,1799551287-β-3,P19-T04-Bβ,29,55,G3,4,4,L4,L,False,55,True,L4,True,0.7353248507675112,False,0.7359292507171631,valid,False,2.2709205134867808e-05,0.030812842457508812,0.20940850171195993,0.7353248507675112,0.023490438250646638,1.2578902518143279e-05,0.00042888512693216703,0.0003237221097839386,0.00015729466745178128,1.817680055247468e-05
P19,5,C,gamma,1799551287-γ-5,P19-T05-Cγ,0,52,E3,2,2,L1,L,False,52,True,L1,True,0.9546178064233031,False,3.546354055404663,valid,False,0.9546178064233031,0.042153219254671546,0.002273478545984802,0.00047773984961247356,0.00047773984961247356,1.493933528133354e-08,5.894004904678733e-10,3.342525234762939e-10,1.563466916538054e-10,5.7480818759760926e-11
P19,5,C,gamma,1799551287-γ-5,P19-T05-Cγ,1,59,B3,6,6,L4,L,False,59,True,L4,True,0.4950076919087729,False,0.910822868347168,valid,False,0.0001260757995426637,0.030386893710331573,0.45503501620217807,0.4950076919087729,0.01938642931910689,4.749200429746016e-05,6.518718486203167e-06,2.738300246788022e-06,7.483054990222572e-07,3.9573153838516074e-07
P19,5,C,gamma,1799551287-γ-5,P19-T05-Cγ,2,72,C5,14,14,R1,R,False,72,True,R1,True,0.9826558844588592,False,1.3075158596038818,valid,False,6.983696468776427e-10,4.1905197975631665e-09,4.59106326201358e-09,2.273460797848583e-09,1.2756224570886012e-10,0.9826558844588592,0.006891294801975381,0.0028583913232194955,0.002975044486064888,0.004619373048905298
P19,5,C,gamma,1799551287-γ-5,P19-T05-Cγ,3,64,E4,9,9,R2,R,False,64,True,R2,True,0.9298901809994732,False,0.7350509166717529,valid,False,1.4391090533563053e-07,7.388607709296226e-08,4.7895254519840506e-08,1.274983924158711e-08,1.2182009058756406e-09,0.019036303365129327,0.9298901809994732,0.04273706148398095,0.006265550754544442,0.002070623736595171
P19,5,C,gamma,1799551287-γ-5,P19-T05-Cγ,4,67,G4,11,11,R4,R,False,67,True,R4,True,0.3903185548128167,True,0.6737258434295654,valid,False,5.602010533144117e-09,2.213829610767583e-09,1.231138818792854e-09,3.6473962246227544e-10,2.962865343001165e-11,0.004979657257839673,0.16293533743349461,0.3840862559771139,0.3903185548128167,0.05768018507738774
P19,5,C,gamma,1799551287-γ-5,P19-T05-Cγ,5,62,D4,8,8,R3,R,False,62,True,R3,True,0.8554972945044632,False,0.6485848426818848,valid,False,4.6960771637583626e-07,7.087887977468887e-07,4.978487496127852e-07,1.44431701011399e-07,1.0373452078222253e-08,0.0035668502764540783,0.04663580660734458,0.8554972945044632,0.09094946569967306,0.0033487518616484046
P19,5,C,gamma,1799551287-γ-5,P19-T05-Cγ,6,72,C5,14,14,R5,R,False,72,True,R5,True,0.19173453572374535,True,0.8214340209960938,valid,False,3.11929911934854e-12,1.1312277042112338e-12,2.752904183566977e-13,8.500240773662505e-14,1.3048737500024889e-14,0.00018014577737066056,0.26404295252723414,0.23418509076754218,0.30985727519948375,0.19173453572374535
P19,5,C,gamma,1799551287-γ-5,P19-T05-Cγ,7,55,G3,4,4,L5,L,False,55,True,L3,False,0.005036645374120578,False,0.8653769493103027,valid,False,0.00013119255420961378,0.124412987128491,0.8031585109080968,0.06725908436526892,0.005036645374120578,9.931429518692755e-07,3.266850126045015e-07,1.9039403853402945e-07,5.7275250832067737e-08,1.217255933741382e-08
P19,5,C,gamma,1799551287-γ-5,P19-T05-Cγ,8,64,E4,9,9,R2,R,False,64,True,R2,True,0.939448229120216,False,0.7072110176086426,valid,False,1.832045934780056e-07,8.147458712339974e-07,3.309179640058162e-07,1.1248093166809639e-07,7.266899735830689e-09,0.014628502991029805,0.939448229120216,0.04148337367484358,0.0034739515199777907,0.0009644940776730466
P19,5,C,gamma,1799551287-γ-5,P19-T05-Cγ,9,59,B3,6,6,L3,L,False,59,True,L3,True,0.7761262918687821,False,0.6600401401519775,valid,False,0.0002733306656455769,0.12896398502932782,0.7761262918687821,0.09010144990126877,0.00447571989646345,3.139990636935363e-05,1.395134993175127e-05,1.0465595521499602e-05,2.965621719655412e-06,4.401649699816028e-07
P19,5,C,gamma,1799551287-γ-5,P19-T05-Cγ,10,71,B4,13,13,R4,R,False,71,True,R4,True,0.5295374585324623,False,0.7415318489074707,valid,False,1.3177782996532333e-09,1.4107126671332475e-09,5.730628344204735e-10,2.1862358583175666e-10,2.0287624151960695e-11,0.0021212465385220553,0.06586943185776672,0.384523115607797,0.5295374585324623,0.017948743922986895
P19,5,C,gamma,1799551287-γ-5,P19-T05-Cγ,11,57,A3,5,5,L1,L,False,57,True,L1,True,0.8856950616466293,False,0.89084792137146,valid,False,0.8856950616466293,0.11065007199474992,0.003275179632331184,0.00032186364596755986,5.763488323615953e-05,1.5364992507095364e-07,8.645829170141091e-09,1.821349143136431e-08,6.138123372096816e-09,1.5497168501208051e-09
P19,5,C,gamma,1799551287-γ-5,P19-T05-Cγ,12,65,F4,10,10,R1,R,False,65,True,R1,True,0.9513814118649478,False,0.7575991153717041,valid,False,9.203276104796327e-08,2.516206627881498e-08,9.370779459397778e-09,2.7797157424765656e-09,4.439552146453547e-10,0.9513814118649478,0.045509224703394205,0.00226577088167637,0.000536824016682797,0.00030663874402094146
P19,5,C,gamma,1799551287-γ-5,P19-T05-Cγ,13,69,A4,12,12,R5,R,False,69,True,R5,True,0.1855970460669482,True,0.7347738742828369,valid,False,8.619642109125688e-10,1.9431780919931587e-10,5.33779321290179e-11,1.4017950054645588e-11,2.5833834766335903e-12,0.0009914889327690137,0.04025332856059969,0.3634121172679798,0.4097460180454421,0.1855970460669482
P19,5,C,gamma,1799551287-γ-5,P19-T05-Cγ,14,52,E3,2,2,L1,L,False,52,True,L1,True,0.9539627403296874,False,0.7513909339904785,valid,False,0.9539627403296874,0.042124293390849735,0.003006043055536721,0.0005602481964060352,0.0003466722792253996,2.3707588602337063e-09,1.1404249405214784e-10,1.3984982107258084e-10,9.081710565910557e-11,3.282649517857723e-11
P19,5,C,gamma,1799551287-γ-5,P19-T05-Cγ,15,53,F3,3,3,L5,L,False,53,True,L5,True,0.8470968706803307,False,0.8372950553894043,valid,False,3.836596061630182e-05,0.0015282051606209468,0.01156094892204919,0.13977558281166702,0.8470968706803307,2.31399981143892e-08,1.1432648794352857e-09,1.242858677042594e-09,6.744513484728618e-10,2.6414290378606897e-10
P19,5,C,gamma,1799551287-γ-5,P19-T05-Cγ,16,60,C4,7,7,R1,R,False,60,True,R1,True,0.9473671692462278,False,0.7475471496582031,valid,False,2.4900665340551254e-06,2.7347474977240765e-06,1.2193805100908605e-06,4.762950813898456e-07,1.3385522972924702e-07,0.9473671692462278,0.04909154087533001,0.0026476878146626946,0.0005135985942613488,0.00037294912466527964
P19,5,C,gamma,1799551287-γ-5,P19-T05-Cγ,17,52,E3,2,2,L3,L,False,52,True,L3,True,0.7174745275786685,False,0.659613847732544,valid,False,0.0006245342426856355,0.14608903508323465,0.7174745275786685,0.11994020169520038,0.01587169203132932,9.08503966688742e-09,1.9000880001945374e-10,4.5980638886211206e-11,3.03699560627788e-11,1.7482254947735617e-11
P19,5,C,gamma,1799551287-γ-5,P19-T05-Cγ,18,62,D4,8,8,L1,L,False,62,True,L1,True,0.938205105666604,False,1.3282780647277832,valid,False,0.938205105666604,0.05938066022168295,0.002234390732201159,0.00010269093711547895,2.0732942633223292e-05,5.4531340675544744e-05,1.2514092297746958e-06,8.681899271935701e-08,1.61694106852732e-07,3.88236758352043e-07
P19,5,C,gamma,1799551287-γ-5,P19-T05-Cγ,19,62,D4,8,8,R2,R,False,62,True,R2,True,0.94368536289279,False,0.7644670009613037,valid,False,1.1852639840214377e-06,1.903067150297249e-07,7.096117817813416e-08,1.3301997002303315e-08,4.312655038515571e-09,0.02920656611444073,0.94368536289279,0.02477395274204659,0.001767900719602356,0.0005647533845908892
P19,5,C,gamma,1799551287-γ-5,P19-T05-Cγ,20,57,A3,5,5,R4,R,False,57,True,R4,True,0.5796874966204029,False,1.081470251083374,valid,False,1.2791619365252908e-06,4.290483316365086e-07,1.4474121044008908e-07,4.596276087879655e-08,1.1478680403943908e-08,0.00399201739681716,0.025041019431929597,0.3446361281422321,0.5796874966204029,0.046641428015698524
P19,5,C,gamma,1799551287-γ-5,P19-T05-Cγ,21,64,E4,9,9,R1,R,False,64,True,R1,True,0.945390085825956,False,0.7878308296203613,valid,False,3.414507385309634e-08,5.516212766051449e-09,2.1760862504858844e-09,5.762980399724296e-10,1.1643122063575955e-10,0.945390085825956,0.05098837326579385,0.002862220240573622,0.0004545704515590341,0.0003047076860154932
P19,5,C,gamma,1799551287-γ-5,P19-T05-Cγ,22,53,F3,3,3,L2,L,False,53,True,L2,True,0.9360553012024592,False,0.7286221981048584,valid,False,0.0021599853725169757,0.9360553012024592,0.05468965435235509,0.006307091007715152,0.000787946217949625,2.0718411350107426e-08,8.371541212528348e-10,1.3541904624044754e-10,9.00816982424562e-11,6.593788441534514e-11
P19,5,C,gamma,1799551287-γ-5,P19-T05-Cγ,23,57,A3,5,5,R3,R,False,57,True,R3,True,0.739858503636382,False,0.7212979793548584,valid,False,4.9253178503875815e-05,1.6961605603317313e-05,4.428595997084276e-06,1.218831828724604e-06,2.0646630852608062e-07,0.0025723754603529064,0.04172329888246073,0.739858503636382,0.20259354249556613,0.013180210846996679
P19,5,C,gamma,1799551287-γ-5,P19-T05-Cγ,24,60,C4,7,7,L5,L,False,60,True,L5,True,0.9062231216627236,False,1.055542230606079,valid,False,1.5560131871463097e-05,0.0011561698401097468,0.005183139908224637,0.08742130259218235,0.9062231216627236,5.780438717075091e-07,5.1824651393582204e-08,2.1745924165171554e-08,1.9109422546357782e-08,3.5141018504296883e-08
P19,5,C,gamma,1799551287-γ-5,P19-T05-Cγ,25,53,F3,3,3,L3,L,False,53,True,L3,True,0.7594208262476269,False,0.8599281311035156,valid,False,0.00020715230319734166,0.12055902301544583,0.7594208262476269,0.10697081839979601,0.012839881535730815,1.888934930231367e-06,3.6419421295695296e-07,3.3797869619910304e-08,6.768560100533242e-09,4.802630113432594e-09
P19,5,C,gamma,1799551287-γ-5,P19-T05-Cγ,26,60,C4,7,7,L2,L,False,60,True,L2,True,0.9672445999230719,False,0.9744770526885986,valid,False,0.0023150517245609085,0.9672445999230719,0.02764464478397939,0.0025078655942154422,0.00026698362034436213,1.8622171299415488e-05,1.8990229056441932e-06,1.5392668274423148e-07,1.019142441942983e-07,7.73186959952653e-08
P19,5,C,gamma,1799551287-γ-5,P19-T05-Cγ,27,60,C4,7,7,R1,R,False,60,True,R1,True,0.9553417629978658,False,0.6850330829620361,valid,False,3.6128783514320623e-06,2.6555297477707668e-06,3.1767435334248493e-07,6.5590972514396e-08,2.3525135682311533e-08,0.9553417629978658,0.04091449928376303,0.0030388662626528815,0.00041126582637431437,0.0002869304307833984
P19,5,C,gamma,1799551287-γ-5,P19-T05-Cγ,28,59,B3,6,6,L4,L,False,59,True,L4,True,0.5445395764245325,False,0.7684218883514404,valid,False,3.493780128835793e-05,0.027104497366371515,0.4115541584408492,0.5445395764245325,0.016761735029310974,4.884030173152353e-06,1.5297236013339116e-07,3.079955062875825e-08,1.7346918708983657e-08,9.788644839421888e-09
P19,5,C,gamma,1799551287-γ-5,P19-T05-Cγ,29,64,E4,9,9,R5,R,False,64,True,R5,True,0.2271111293856011,True,0.7543349266052246,valid,False,1.2504674338350747e-08,6.900575613453732e-09,2.71134160441971e-09,8.110132459083696e-10,1.3003874671416126e-10,0.00047653942631376294,0.037133014650263724,0.3676396467400888,0.3676396467400888,0.2271111293856011
P19,6,C,alpha,1799551287-α-2,P19-T06-Cα,0,57,A3,5,5,L5,L,False,57,True,L5,True,0.934025463501692,False,1.2148969173431396,valid,False,2.8414498689814525e-06,0.00046400444277514414,0.003977152357409507,0.06152869803618115,0.934025463501692,1.6009106860709979e-06,3.0012345021016395e-08,2.9319572703386932e-08,8.211083086398625e-08,9.785863850428195e-08
P19,6,C,alpha,1799551287-α-2,P19-T06-Cα,1,59,B3,6,6,L4,L,False,59,True,L4,True,0.7425502703121577,False,0.6977410316467285,valid,False,2.1170165723193024e-05,0.011375104866875808,0.1967639040646575,0.7425502703121577,0.049229181303693685,4.2317158027112976e-05,9.27924651962008e-06,5.345094907048937e-06,2.3345486427989167e-06,1.0932387956934735e-06
P19,6,C,alpha,1799551287-α-2,P19-T06-Cα,2,60,C4,7,7,L2,L,False,60,True,L2,True,0.825765268145534,False,0.7572469711303711,valid,False,0.0007342391776236128,0.825765268145534,0.1601819816372204,0.011430789569689763,0.0011233446773023504,0.0006032184355918542,0.00014153570178084828,1.4452980429505577e-05,3.0764258873413207e-06,2.0932489403858025e-06
P19,6,C,alpha,1799551287-α-2,P19-T06-Cα,3,59,B3,6,6,L4,L,False,59,True,L4,True,0.5892697567839753,False,0.7611770629882812,valid,False,2.6748849696452286e-05,0.023693220905578367,0.3580305049077393,0.5892697567839753,0.028766446138529213,0.00016352637914153424,4.449218383997617e-05,3.4910131696829816e-06,1.0493497768976777e-06,7.634885532085249e-07
P19,6,C,alpha,1799551287-α-2,P19-T06-Cα,4,57,A3,5,5,L2,L,False,57,True,L2,True,0.9246425861140471,False,0.6873171329498291,valid,False,0.0006206249963864562,0.9246425861140471,0.06867651344004563,0.005309020046033513,0.0007181766970982417,2.775249093125286e-05,4.620980595599234e-06,4.334328925346567e-07,1.5467536431212256e-07,1.171266052509658e-07
P19,6,C,alpha,1799551287-α-2,P19-T06-Cα,5,59,B3,6,6,L1,L,False,59,True,L1,True,0.8554951934988856,False,0.6299059391021729,valid,False,0.8554951934988856,0.1358675446783351,0.00762689239737441,0.0007201328824542729,5.566968556281283e-05,0.00018628194855447545,4.1010093077538544e-05,4.793638329896057e-06,1.508112259153135e-06,9.730651666851263e-07
P19,6,C,alpha,1799551287-α-2,P19-T06-Cα,6,64,E4,9,9,R2,R,False,64,True,R2,True,0.9206808324480851,False,0.576869010925293,valid,False,2.31925795973054e-06,2.3841026967373834e-07,3.667151115013595e-08,5.209705991213172e-09,8.106189567920744e-10,0.024986088295854116,0.9206808324480851,0.0458379995500747,0.005726551010549357,0.00276592833537151
P19,6,C,alpha,1799551287-α-2,P19-T06-Cα,7,65,F4,10,10,R3,R,False,65,True,R3,True,0.7457203488997158,False,0.5330469608306885,valid,False,1.9625305849076134e-07,1.7290922715695242e-08,2.4253195625677657e-09,3.762605893452299e-10,5.72888373836829e-11,0.002342378242584464,0.11008421352390065,0.7457203488997158,0.12390669901608381,0.017946143914865157
P19,6,C,alpha,1799551287-α-2,P19-T06-Cα,8,67,G4,11,11,R2,R,False,67,True,R2,True,0.9248487180766712,False,0.7390081882476807,valid,False,5.817685724778097e-08,4.535975751192965e-09,5.015264123956048e-10,8.729556381278222e-11,1.3856823448108636e-11,0.01748953797988224,0.9248487180766712,0.0477583326509264,0.007261484473331114,0.0026418635036768814
P19,6,C,alpha,1799551287-α-2,P19-T06-Cα,9,69,A4,12,12,R1,R,False,69,True,R1,True,0.8992143165851872,False,0.8961904048919678,valid,False,7.221892697524319e-09,4.923006804977404e-10,6.603884899059593e-11,9.792706034635079e-12,1.5708721509081292e-12,0.8992143165851872,0.09572901126007098,0.0034608748380665633,0.0009245218449329245,0.000671267680146618
P19,6,C,alpha,1799551287-α-2,P19-T06-Cα,10,67,G4,11,11,R3,R,False,67,True,R3,True,0.6993648858453484,False,0.6134519577026367,valid,False,2.7486853323369997e-08,2.260370361727062e-09,2.7597697239009217e-10,4.108396085646999e-11,7.639102826026078e-12,0.019552876463872482,0.1883108732608187,0.6993648858453484,0.08129578566281515,0.011475548695221646
P19,6,C,alpha,1799551287-α-2,P19-T06-Cα,11,65,F4,10,10,R4,R,False,65,True,R4,True,0.45345771256328826,True,0.5466649532318115,valid,False,7.660795546135279e-08,6.533450067710036e-09,8.860506812039983e-10,1.495610749656935e-10,2.7444411022208217e-11,0.002559991406885878,0.04898487421715297,0.45345771256328826,0.45345771256328826,0.04153962504492301
P19,6,C,alpha,1799551287-α-2,P19-T06-Cα,12,60,C4,7,7,L1,L,False,60,True,L1,True,0.9088040227427577,False,0.8025209903717041,valid,False,0.9088040227427577,0.08580947866906863,0.00501347593730696,0.0003302614961927765,3.964182522264926e-05,3.014793229422551e-06,4.230453338731897e-08,1.6215184791131535e-08,1.853565920231452e-08,2.7480844580110442e-08
P19,6,C,alpha,1799551287-α-2,P19-T06-Cα,13,64,E4,9,9,R5,R,False,64,True,R5,True,0.1601121669236534,True,0.7164881229400635,valid,False,1.1801241594369714e-06,1.853299176855518e-07,3.6730806744015084e-08,5.689550099725978e-09,8.905990603601139e-10,0.0003461686956912311,0.018551037185038418,0.4104946092152919,0.4104946092152919,0.1601121669236534
P19,6,C,alpha,1799551287-α-2,P19-T06-Cα,14,62,D4,8,8,R4,R,False,62,True,R4,True,0.5211263843189791,False,0.7203700542449951,valid,False,1.2475256678664956e-05,2.8916012347759847e-06,9.372510866732322e-07,1.9705627660305539e-07,2.6456804427925208e-08,0.0021784917560801653,0.02646443703183765,0.42333860573236826,0.5211263843189791,0.026875553538653757
P19,6,C,alpha,1799551287-α-2,P19-T06-Cα,15,57,A3,5,5,L2,L,False,57,True,L2,True,0.9518443720443341,False,0.6327788829803467,valid,False,0.005384766141365675,0.9518443720443341,0.040382702877294875,0.0020925879356093404,0.00028320098096320894,1.1380484187733979e-05,6.162919123748446e-07,2.488876082770668e-07,1.012791385619718e-07,2.3077585820596778e-08
P19,6,C,alpha,1799551287-α-2,P19-T06-Cα,16,59,B3,6,6,L1,L,False,59,True,L1,True,0.8323833239541343,False,0.8425178527832031,valid,False,0.8323833239541343,0.16146575238285615,0.005608554719725545,0.00036946216484896367,2.6365289136672845e-05,0.00014080932704552457,4.311341758179703e-06,9.584392073535853e-07,3.5295095371265113e-07,1.0943033338588063e-07
P19,6,C,alpha,1799551287-α-2,P19-T06-Cα,17,64,E4,9,9,R3,R,False,64,True,R3,True,0.6175702600068158,False,0.6161558628082275,valid,False,1.2034160143282493e-06,1.9164734445585587e-07,2.7705594876129657e-08,3.4583726461360615e-09,6.116777087319004e-10,0.005562086535126241,0.3006037172721039,0.6175702600068158,0.07122136498479377,0.005041144362156132
P19,6,C,alpha,1799551287-α-2,P19-T06-Cα,18,62,D4,8,8,R4,R,False,62,True,R4,True,0.3608222819960461,True,0.7360560894012451,valid,False,4.566324747178889e-06,9.98656932004458e-07,1.93274109213996e-07,2.992769134194299e-08,4.258527061861016e-09,0.001567871590861042,0.057266680897148245,0.5602513618549937,0.3608222819960461,0.020086011218944124
P19,6,C,alpha,1799551287-α-2,P19-T06-Cα,19,64,E4,9,9,R3,R,False,64,True,R3,True,0.7435751113093175,False,0.8115861415863037,valid,False,7.404693585437582e-07,1.0603104690161153e-07,2.04798555288056e-08,3.4045250174411323e-09,5.647016759582649e-10,0.004221389504333967,0.21517890206518936,0.7435751113093175,0.03556883328011745,0.001454892891553994
P19,6,C,alpha,1799551287-α-2,P19-T06-Cα,20,65,F4,10,10,R1,R,False,65,True,R1,True,0.9657366299543847,False,0.5824930667877197,valid,False,2.4231630837649266e-07,3.1467603892082616e-08,5.96251210435229e-09,9.738469407148542e-10,1.5200156628196538e-10,0.9657366299543847,0.03222978926204321,0.0014231762325752513,0.0003652735175945984,0.00024485016112961124
P19,6,C,alpha,1799551287-α-2,P19-T06-Cα,21,64,E4,9,9,R2,R,False,64,True,R2,True,0.9022462221395363,False,0.517876148223877,valid,False,1.2755766613128811e-06,2.0129799724956168e-07,3.689921676825128e-08,5.860257589426483e-09,9.790585499581816e-10,0.024044726191415396,0.9022462221395363,0.06701305534866811,0.005611889411685827,0.001082586295503022
P19,6,C,alpha,1799551287-α-2,P19-T06-Cα,22,59,B3,6,6,L1,L,False,59,True,L1,True,0.8469322840133642,False,0.7244679927825928,valid,False,0.8469322840133642,0.1457103494704244,0.006696739347733158,0.0004973907937248657,6.467508371084135e-05,9.552036299625394e-05,1.8562359101111711e-06,7.870376545738095e-07,2.860320957710305e-07,1.1162238599681516e-07
P19,6,C,alpha,1799551287-α-2,P19-T06-Cα,23,60,C4,7,7,L2,L,False,60,True,L2,True,0.9409462176520347,False,0.7366857528686523,valid,False,0.003989931997666031,0.9409462176520347,0.04958925551409334,0.0031385916731250327,0.00033412977537806765,0.001907306167255188,8.468224453769439e-05,7.2832905832276135e-06,1.7509155671238115e-06,8.507697595706144e-07
P19,6,C,alpha,1799551287-α-2,P19-T06-Cα,24,59,B3,6,6,L3,L,False,59,True,L3,True,0.8236747387331177,False,0.6123809814453125,valid,False,0.000487453292568735,0.13059615475868674,0.8236747387331177,0.04268193306367801,0.0022117315541985596,0.00032685440218157836,1.7966372543372792e-05,2.481921838552965e-06,5.050912020354358e-07,1.8080998455299222e-07
P19,6,C,alpha,1799551287-α-2,P19-T06-Cα,25,62,D4,8,8,R1,R,False,62,True,R1,True,0.9309526170548956,False,0.6272218227386475,valid,False,8.89923964525023e-08,2.2231643597029732e-08,2.7329062081312514e-09,5.465074751703063e-10,1.0872391596092263e-10,0.9309526170548956,0.06382904779346325,0.004554921885116779,0.00048491017145385954,0.00017838848289279398
P19,6,C,alpha,1799551287-α-2,P19-T06-Cα,26,64,E4,9,9,R2,R,False,64,True,R2,True,0.8739761749104864,False,0.6013820171356201,valid,False,1.5048450966307868e-07,2.415741100003708e-08,3.653293778737777e-09,4.509645065314707e-10,1.1904229990275636e-10,0.035455685447169843,0.8739761749104864,0.08588877244123815,0.003947384135898217,0.0007318041999861096
P19,6,C,alpha,1799551287-α-2,P19-T06-Cα,27,59,B3,6,6,L3,L,False,59,True,L3,True,0.8363490876365104,False,0.6409778594970703,valid,False,0.00017375101570690416,0.09772879896243192,0.8363490876365104,0.062118639375057134,0.0035020666330159538,0.00010253106390564245,2.154855698869207e-05,3.064821320134839e-06,4.098767510500515e-07,1.0205831210774621e-07
P19,6,C,alpha,1799551287-α-2,P19-T06-Cα,28,62,D4,8,8,R2,R,False,62,True,R2,True,0.9530377521446302,False,0.558769941329956,valid,False,5.300958030680305e-06,2.7483947253025243e-05,1.2935027854309624e-05,2.328702394782104e-06,2.058224263141982e-07,0.019887204491210835,0.9530377521446302,0.0250194748815869,0.001648151763702094,0.0003591622609109378
P19,6,C,alpha,1799551287-α-2,P19-T06-Cα,29,65,F4,10,10,R2,R,False,65,True,R2,True,0.9491504265925778,False,0.9260399341583252,valid,False,3.735331644488751e-07,4.4990886027215484e-07,1.5363144232130895e-07,3.5110821020489557e-08,2.7389889222638643e-09,0.017436547292404014,0.9491504265925778,0.03043420975749582,0.002260457658814809,0.0007173437754306937
P19,7,B,alpha,1799551287-α-8,P19-T07-Bα,0,59,B3,6,6,L2,L,False,59,True,L2,True,0.9427613852417189,False,3.24150013923645,valid,False,0.0018232369621439942,0.9427613852417189,0.052921686769723274,0.0019132688379261493,0.0002487798805594012,6.79669554139821e-05,0.00022420586199820477,3.324033330939267e-05,5.043169772845686e-06,1.185987433697537e-06
P19,7,B,alpha,1799551287-α-8,P19-T07-Bα,1,64,E4,9,9,R4,R,False,64,True,R4,True,0.8884673830365483,False,1.2151601314544678,valid,False,1.6524329887099462e-05,6.407415043137766e-06,3.4185579932510556e-07,4.190241288875012e-08,5.590497201045063e-09,8.099200474652472e-05,0.003309471128355071,0.03562473706394415,0.8884673830365483,0.07249409567276631
P19,7,B,alpha,1799551287-α-8,P19-T07-Bα,2,65,F4,10,10,R5,R,False,65,True,R5,True,0.8231796195796429,False,0.9052431583404541,valid,False,8.316408776510425e-06,4.356801815718193e-06,1.7478746170692162e-07,2.2695583537915552e-08,3.3637378743221862e-09,7.054145669202503e-05,0.0005774502932340925,0.0050443548994339215,0.1711151597136217,0.8231796195796429
P19,7,B,alpha,1799551287-α-8,P19-T07-Bα,3,64,E4,9,9,R3,R,False,64,True,R3,True,0.8484182923261971,False,0.8683240413665771,valid,False,3.329183562226693e-05,5.8717435674510385e-05,3.2155178954333884e-06,3.4272485377281504e-07,4.530210930156093e-08,0.0005053384706260937,0.021962466366631794,0.8484182923261971,0.11950686093759767,0.009511429082791968
P19,7,B,alpha,1799551287-α-8,P19-T07-Bα,4,60,C4,7,7,L2,L,False,60,True,L2,True,0.9668949810937432,False,0.8104722499847412,valid,False,0.002788013497855143,0.9668949810937432,0.0274973568843497,0.0009551278116737765,0.00011932432018917258,0.0007942257210676581,0.0008138142715102326,0.00011890089276893017,1.5096874831162575e-05,3.1586320112301417e-06
P19,7,B,alpha,1799551287-α-8,P19-T07-Bα,5,59,B3,6,6,L1,L,False,59,True,L1,True,0.9402258531631803,False,0.8780779838562012,valid,False,0.9402258531631803,0.05717519301270199,0.0020670451334933453,0.00015979238752928895,2.2508103382579307e-05,0.0002877411608449008,4.899875086608318e-05,1.0572770103162336e-05,1.7970026763742468e-06,4.985152219024551e-07
P19,7,B,alpha,1799551287-α-8,P19-T07-Bα,6,60,C4,7,7,L2,L,False,60,True,L2,True,0.9450665352190676,False,1.130676031112671,valid,False,0.006575551108304559,0.9450665352190676,0.04520715327686903,0.0020776871598243035,0.00017399222453517562,0.0007128279597995951,0.00013897832454258947,3.930356143224611e-05,5.945892603317553e-06,2.0252730217190244e-06
P19,7,B,alpha,1799551287-α-8,P19-T07-Bα,7,65,F4,10,10,R4,R,False,65,True,R4,True,0.8946188717672414,False,1.1917469501495361,valid,False,6.755312022001176e-06,1.2602233503560131e-05,1.4140639655527468e-06,2.0959158408672078e-07,2.7086078451877264e-08,0.00016865496521056484,0.0029096930405273958,0.02584412723782498,0.8946188717672414,0.07643764470204178
P19,7,B,alpha,1799551287-α-8,P19-T07-Bα,8,60,C4,7,7,L2,L,False,60,True,L2,True,0.9538567317764512,False,1.0146338939666748,valid,False,0.0017365774187129337,0.9538567317764512,0.04046807873025052,0.002014787002459083,0.00014964544001236805,0.0005345509090510017,0.0008726930003989732,0.0002637246575314593,9.28470147004778e-05,1.0364050432012227e-05
P19,7,B,alpha,1799551287-α-8,P19-T07-Bα,9,65,F4,10,10,R4,R,False,65,True,R4,True,0.9147542126435408,False,1.1853113174438477,valid,False,1.4318790470486708e-06,1.1280941396783443e-06,3.9879727714762796e-08,6.289820473922828e-09,9.188811642527787e-10,0.0001242281243303308,0.0037834340859919896,0.02643387627488201,0.9147542126435408,0.05490164180963883
P19,7,B,alpha,1799551287-α-8,P19-T07-Bα,10,64,E4,9,9,R2,R,False,64,True,R2,True,0.9623306595524811,False,0.8372049331665039,valid,False,6.695421521933598e-06,1.8583787838628264e-05,7.202563863855424e-07,1.2537241566032448e-07,1.7849803475612717e-08,0.009034011548713358,0.9623306595524811,0.02629445584413198,0.001876405751331593,0.0004383246153757346
P19,7,B,alpha,1799551287-α-8,P19-T07-Bα,11,65,F4,10,10,R3,R,False,65,True,R3,True,0.8561456407230401,False,0.8026759624481201,valid,False,2.6608303713302833e-06,3.2157149700167457e-06,1.206850235060423e-07,2.0682194146497847e-08,3.2545732105844704e-09,0.0007022400735674354,0.04968888305152483,0.8561456407230401,0.08370381634532124,0.009753398639414134
P19,7,B,alpha,1799551287-α-8,P19-T07-Bα,12,64,E4,9,9,R2,R,False,64,True,R2,True,0.9281170156345656,False,0.9187109470367432,valid,False,1.872518628262347e-05,4.481736391434607e-05,1.7959813020721005e-06,2.972022919732036e-07,4.4595908029584076e-08,0.009830404781312557,0.9281170156345656,0.05643885384426835,0.004362990947348493,0.0011850544628060548
P19,7,B,alpha,1799551287-α-8,P19-T07-Bα,13,59,B3,6,6,L2,L,False,59,True,L2,True,0.9756888031024828,False,0.8574018478393555,valid,False,0.001745551680161462,0.9756888031024828,0.020971066170752704,0.0008897130235426255,0.000135761404355646,0.0002645501967560345,0.00023259352573822817,5.660312900859794e-05,1.2687070628512134e-05,2.670696573344555e-06
P19,7,B,alpha,1799551287-α-8,P19-T07-Bα,14,60,C4,7,7,L3,L,False,60,True,L3,True,0.7790733945640222,False,0.8051431179046631,valid,False,0.00020756393905976757,0.1856697207772578,0.7790733945640222,0.031756748623336856,0.001294475065074157,0.0006871093221864625,0.0009681658135936327,0.00026556939388312995,6.32468700484047e-05,1.4005631537678615e-05
P19,7,B,alpha,1799551287-α-8,P19-T07-Bα,15,65,F4,10,10,R3,R,False,65,True,R3,True,0.822261216851032,False,0.94834303855896,valid,False,1.0893919240178119e-06,3.848056813970832e-06,3.637343602434709e-07,5.492511428025122e-08,5.573351916668033e-09,0.0006556782194127956,0.05577542260308889,0.822261216851032,0.11123645564500341,0.010065864999898332
P19,7,B,alpha,1799551287-α-8,P19-T07-Bα,16,60,C4,7,7,L3,L,False,60,True,L3,True,0.8582165439020206,False,0.8448798656463623,valid,False,0.0001238698767466036,0.10100530905415311,0.8582165439020206,0.037637223026548317,0.001627054103775495,0.0004734165744233683,0.0007254246658896003,0.0001678658896208228,1.925771369117337e-05,4.035193130749979e-06
P19,7,B,alpha,1799551287-α-8,P19-T07-Bα,17,59,B3,6,6,L1,L,False,59,True,L1,True,0.9294507317368557,False,0.8251440525054932,valid,False,0.9294507317368557,0.06632678420685402,0.003172734393040405,0.0002765382311601142,3.3193334231826154e-05,0.00045142264300414357,0.00023699813616280966,4.460624371511681e-05,5.656461785734137e-06,1.3346131899728205e-06
P19,7,B,alpha,1799551287-α-8,P19-T07-Bα,18,60,C4,7,7,L2,L,False,60,True,L2,True,0.9355560593743907,False,1.0603210926055908,valid,False,0.0009047487356060944,0.9355560593743907,0.05921299739738222,0.002512155296182333,0.0001354897981942312,0.0008033667721888638,0.0006789231015468793,0.00017133070828749715,2.0421534938825603e-05,4.507281282503302e-06
P19,7,B,alpha,1799551287-α-8,P19-T07-Bα,19,59,B3,6,6,L1,L,False,59,True,L1,True,0.8573115991902697,False,0.8376491069793701,valid,False,0.8573115991902697,0.13615602155500664,0.005550019523508008,0.00046477653699822326,5.578788462981201e-05,0.0003326071065884134,0.00010404604385672875,2.1585848652285914e-05,2.8630883644634946e-06,6.932221258668194e-07
P19,7,B,alpha,1799551287-α-8,P19-T07-Bα,20,60,C4,7,7,L3,L,False,60,True,L3,True,0.85567853524655,False,0.853348970413208,valid,False,0.00010730726979380547,0.06950570991553363,0.85567853524655,0.06857288948103485,0.002519791773264985,0.0019358438828810248,0.00128577999508726,0.00033445986170105004,4.9445752883621256e-05,1.0236821269744961e-05
P19,7,B,alpha,1799551287-α-8,P19-T07-Bα,21,59,B3,6,6,L4,L,False,59,True,L4,True,0.7307768017859939,False,0.8442521095275879,valid,False,9.570589355395671e-06,0.008358965915126833,0.23464708114183505,0.7307768017859939,0.025814345096585582,0.00026744960139243456,9.853018326656678e-05,2.3081681918689957e-05,3.481187498980541e-06,6.928170266049697e-07
P19,7,B,alpha,1799551287-α-8,P19-T07-Bα,22,57,A3,5,5,L5,L,False,57,True,L5,True,0.9475210577196741,False,0.8884270191192627,valid,False,2.4153709789986232e-06,0.0002046344674203418,0.0020855356837309615,0.050094798944249876,0.9475210577196741,6.467928447007817e-05,2.1339855023414697e-05,4.695773131077833e-06,6.956763290435124e-07,1.472249922120088e-07
P19,7,B,alpha,1799551287-α-8,P19-T07-Bα,23,62,D4,8,8,R4,R,False,62,True,R4,True,0.9314982082455338,False,1.009119987487793,valid,False,5.068227761270203e-06,7.129179243731423e-05,4.080355316112056e-05,1.1659491672785613e-05,1.1975837842242264e-06,0.0001857093061044523,0.006180704998326716,0.020664206894324102,0.9314982082455338,0.04134114990689411
P19,7,B,alpha,1799551287-α-8,P19-T07-Bα,24,64,E4,9,9,R5,R,False,64,True,R5,True,0.89578710162619,False,0.7307751178741455,valid,False,4.5026496793537396e-07,2.472473953769381e-06,8.555878559013196e-07,4.542908002644651e-07,5.123661317721553e-08,0.00012463303082444323,0.0004713780898049205,0.001258035013852206,0.1023545683851374,0.89578710162619
P19,7,B,alpha,1799551287-α-8,P19-T07-Bα,25,65,F4,10,10,R4,R,False,65,True,R4,True,0.8713219070910879,False,0.758512020111084,valid,False,2.201430734551866e-07,1.5058625370962922e-06,6.959670180266794e-07,2.489289270398235e-07,2.3851963441179376e-08,0.00030029276473082295,0.00822957193279586,0.055512236942820925,0.8713219070910879,0.06463329651504543
P19,7,B,alpha,1799551287-α-8,P19-T07-Bα,26,64,E4,9,9,R5,R,False,64,True,R5,True,0.7222174966802163,False,0.7918920516967773,valid,False,8.536448911625747e-07,9.3332469429211e-06,4.634661228884542e-06,1.7632183655305297e-06,1.7480430773829685e-07,0.0006476361569635568,0.0012017699331652693,0.006775969895235321,0.2691403677586833,0.7222174966802163
P19,7,B,alpha,1799551287-α-8,P19-T07-Bα,27,59,B3,6,6,L2,L,False,59,True,L2,True,0.915225855232427,False,0.7642571926116943,valid,False,0.0014396270005422734,0.915225855232427,0.07664396526253962,0.004133691655929158,0.00047555735178678177,0.0004537353279015599,0.0009093667680331721,0.0005440354447244575,0.00015517026943186153,1.8995686683994694e-05
P19,7,B,alpha,1799551287-α-8,P19-T07-Bα,28,60,C4,7,7,L3,L,False,60,True,L3,True,0.8283094544035337,False,0.7717387676239014,valid,False,7.988267031181543e-05,0.0806033659178862,0.8283094544035337,0.07464380595716065,0.0019441492485322287,0.0013137853178234247,0.006977539796159184,0.004547425474271401,0.0014301478239888846,0.00015044339033252056
P19,7,B,alpha,1799551287-α-8,P19-T07-Bα,29,57,A3,5,5,L3,L,False,57,True,L3,True,0.8376234871823597,False,1.2258172035217285,valid,False,4.1309324966609646e-05,0.1062342453927613,0.8376234871823597,0.052665070886643364,0.002687994139303826,0.00016003247007247555,0.00036803470362053564,0.00016414264940299775,4.986173064258533e-05,5.8215202263882735e-06
P19,8,C,gamma,1799551287-γ-2,P19-T08-Cγ,0,65,F4,10,10,R1,R,False,65,True,R1,True,0.9806040905865396,False,1.1785268783569336,valid,False,3.0719418943420824e-07,1.7663903388792395e-07,4.16497139309747e-08,1.50778427495235e-08,2.416182442746794e-09,0.9806040905865396,0.017960390415998638,0.001008202256410532,0.0002388711009096051,0.00018790266317913546
P19,8,C,gamma,1799551287-γ-2,P19-T08-Cγ,1,48,C3,0,0,L4,L,False,48,True,L4,True,0.441283879868938,False,1.1011309623718262,valid,False,1.6777594070526894e-05,0.028826560115900585,0.428127581397484,0.441283879868938,0.10174519641032682,3.664754526614059e-09,7.264729585754977e-10,1.7098265338740566e-10,4.006206049941223e-11,1.1007720239839283e-11
P19,8,C,gamma,1799551287-γ-2,P19-T08-Cγ,2,53,F3,3,3,L1,L,False,53,True,L1,True,0.8011596566869303,False,0.772205114364624,valid,False,0.8011596566869303,0.18981696180537255,0.007737357715664347,0.0009666297412742858,0.00031539175345949574,2.839877684900822e-06,8.213152721960077e-07,2.7416004200206354e-07,5.603917571770341e-08,1.0905124121557234e-08
P19,8,C,gamma,1799551287-γ-2,P19-T08-Cγ,3,55,G3,4,4,L4,L,False,55,True,L4,True,0.6195630979596598,False,0.7719380855560303,valid,False,6.864207847609781e-05,0.016484614394540575,0.33683758628175137,0.6195630979596598,0.027034484127181145,7.961925251753014e-06,2.609307095180297e-06,7.945285528274315e-07,1.7455043346786169e-07,3.4847057759425556e-08
P19,8,C,gamma,1799551287-γ-2,P19-T08-Cγ,4,62,D4,8,8,L2,L,False,62,True,L2,True,0.9089595807652205,False,0.7514679431915283,valid,False,0.0010240433722658255,0.9089595807652205,0.07637248341159134,0.005031018589673114,0.00025047966648404955,0.004721724178938474,0.0030330649617871493,0.0005183847945645213,6.314700603384492e-05,2.6073253441115506e-05
P19,8,C,gamma,1799551287-γ-2,P19-T08-Cγ,5,55,G3,4,4,L5,L,False,55,True,L5,True,0.584180956246623,False,1.200868844985962,valid,False,1.5877493002876435e-05,0.0035761675736947964,0.05539557908272409,0.3568296468652445,0.584180956246623,1.5322940232679897e-06,1.9447533967966107e-07,3.591040765420575e-08,6.974444763037625e-09,3.0844952430231707e-09
P19,8,C,gamma,1799551287-γ-2,P19-T08-Cγ,6,59,B3,6,6,L2,L,False,59,True,L2,True,0.9496429842929213,False,0.6910750865936279,valid,False,0.0009277404502827362,0.9496429842929213,0.045426067212592645,0.0035116503352293645,0.0002458776815196025,0.00017688099565214168,5.7007507690094315e-05,9.699461981132409e-06,1.4886277230095523e-06,6.034344079654705e-07
P19,8,C,gamma,1799551287-γ-2,P19-T08-Cγ,7,59,B3,6,6,R4,R,False,59,True,R4,True,0.6746824141189963,False,0.8790030479431152,valid,False,3.1558704010686167e-07,5.98011499784542e-06,1.4023239947773652e-06,2.769076046149844e-07,1.0624208220822897e-07,0.0029947452925785647,0.033932896528849864,0.24975131290802635,0.6746824141189963,0.03863054997582937
P19,8,C,gamma,1799551287-γ-2,P19-T08-Cγ,8,52,E3,2,2,L5,L,False,52,True,L5,True,0.6256469184250552,False,0.9790089130401611,valid,False,8.143511567071837e-06,0.002565166785985579,0.04187609666915893,0.32989888021141084,0.6256469184250552,8.012848913419921e-07,2.3060919414855956e-06,1.1993022234617319e-06,4.313752931940331e-07,5.6342473046635256e-08
P19,8,C,gamma,1799551287-γ-2,P19-T08-Cγ,9,60,C4,7,7,R1,R,False,60,True,R1,True,0.8830414637586346,False,0.7150962352752686,valid,False,3.7800084329990096e-06,8.710141305514267e-05,2.620104265803544e-05,7.155679628390033e-06,8.11832524934016e-07,0.8830414637586346,0.11031855744751304,0.0054924375618834575,0.0007141745757519506,0.0003083166799176156
P19,8,C,gamma,1799551287-γ-2,P19-T08-Cγ,10,57,A3,5,5,L1,L,False,57,True,L1,True,0.8833445487213664,False,0.7722461223602295,valid,False,0.8833445487213664,0.11035642191622132,0.00549432272277575,0.0006864069036438675,8.239053846588004e-05,2.048111708857767e-05,1.2039689688572843e-05,2.869607600754538e-06,3.981409429253659e-07,1.2064220580877205e-07
P19,8,C,gamma,1799551287-γ-2,P19-T08-Cγ,11,50,D3,1,1,L3,L,False,50,True,L3,True,0.6893356599351866,False,0.7882342338562012,valid,False,0.0004822668974813438,0.1289465263471857,0.6893356599351866,0.16992395223850895,0.011311517910349756,4.879910071481882e-08,2.211155878964392e-08,4.785489969704684e-09,7.369232041149861e-10,2.3821477672018466e-10
P19,8,C,gamma,1799551287-γ-2,P19-T08-Cγ,12,55,G3,4,4,L3,L,False,55,True,L3,True,0.8057294840891829,False,0.6209409236907959,valid,False,0.0002670808192149157,0.11129845749931709,0.8057294840891829,0.07854695604029283,0.004081467129786562,9.986121781221052e-06,4.530460244164402e-05,1.7819835504791698e-05,3.046321946587751e-06,3.9754053139429777e-07
P19,8,C,gamma,1799551287-γ-2,P19-T08-Cγ,13,69,A4,12,12,R5,R,False,69,True,R5,True,0.8760641086154807,False,0.7084758281707764,valid,False,3.182696188674252e-08,5.2781876972999e-08,1.4785213908192446e-08,4.066696429037076e-09,6.038068892776767e-10,0.00037606643776940714,0.0021196162130891825,0.018618088158815722,0.10282201651028886,0.8760641086154807
P19,8,C,gamma,1799551287-γ-2,P19-T08-Cγ,14,50,D3,1,1,L5,L,False,50,True,L5,True,0.7934225177635471,False,0.8152401447296143,valid,False,6.618077110696516e-06,0.0016423519921022977,0.024314491808330518,0.18061286785535846,0.7934225177635471,4.725775982889934e-08,6.337398434194528e-07,3.405714786448589e-07,1.1394023010059677e-07,1.6994238983130985e-08
P19,8,C,gamma,1799551287-γ-2,P19-T08-Cγ,15,65,F4,10,10,R3,R,False,65,True,R3,True,0.7949129724233632,False,0.675241231918335,valid,False,2.6175512574536716e-07,3.0252231048460604e-06,1.2753979708696355e-06,3.500270620477242e-07,4.2382637463165354e-08,0.0014607988346087217,0.05847029509307369,0.7949129724233632,0.13588748435689058,0.009263494506162786
P19,8,C,gamma,1799551287-γ-2,P19-T08-Cγ,16,57,A3,5,5,L2,L,False,57,True,L2,True,0.9420146997827146,False,0.5698301792144775,valid,False,0.0028393579650985057,0.9420146997827146,0.05080632625041968,0.0034834419787200623,0.00031496414906758953,0.00012692707261372117,0.000279640185343128,0.00010598791561493859,2.5562708314093254e-05,3.091992093704667e-06
P19,8,C,gamma,1799551287-γ-2,P19-T08-Cγ,17,67,G4,11,11,R3,R,False,67,True,R3,True,0.8362805404835267,False,0.7471749782562256,valid,False,1.2191712116482754e-07,8.819086930725471e-07,4.0337190856754514e-07,1.0660887111713337e-07,1.2769394969930316e-08,0.0026956462964210985,0.08902917558134944,0.8362805404835267,0.06772466298864296,0.004268448074070707
P19,8,C,gamma,1799551287-γ-2,P19-T08-Cγ,18,62,D4,8,8,R5,R,False,62,True,R5,True,0.12516681873006485,True,1.0138638019561768,valid,False,6.743627079504557e-07,1.7985440190372395e-05,5.3870990907209965e-06,1.3893225075856367e-06,2.0677772044714045e-07,0.0009876599949849543,0.07206586215138838,0.4876741207430945,0.3140798953782504,0.12516681873006485
P19,8,C,gamma,1799551287-γ-2,P19-T08-Cγ,19,64,E4,9,9,R3,R,False,64,True,R3,True,0.754980551995765,False,0.6424720287322998,valid,False,5.691386832821166e-07,2.6628796020902883e-05,2.3979163550071373e-05,7.753357391381507e-06,6.718972801465153e-07,0.004151249665129122,0.1464511594049394,0.754980551995765,0.09036768152562707,0.003989755055613409
P19,8,C,gamma,1799551287-γ-2,P19-T08-Cγ,20,59,B3,6,6,L4,L,False,59,True,L4,True,0.6924010136276546,False,0.642629861831665,valid,False,2.724835532539755e-05,0.01835442912745711,0.263185019867727,0.6924010136276546,0.025920113585967085,3.841907266318702e-05,3.138386573978181e-05,3.213407818235431e-05,9.096374952864534e-06,1.142044330602602e-06
P19,8,C,gamma,1799551287-γ-2,P19-T08-Cγ,21,65,F4,10,10,R1,R,False,65,True,R1,True,0.9635995928101906,False,0.7124252319335938,valid,False,1.023020173264912e-07,4.681460836368701e-06,3.1312769309069452e-06,9.839644355810327e-07,1.2638980461869432e-07,0.9635995928101906,0.033470881375306606,0.0022948691994146963,0.000350174333836904,0.00027545688722652894
P19,8,C,gamma,1799551287-γ-2,P19-T08-Cγ,22,60,C4,7,7,R3,R,False,60,True,R3,True,0.6961032628826654,False,0.6411762237548828,valid,False,1.2742181151712885e-06,0.00012805682447226407,0.0001323014471408424,4.191515238029133e-05,8.535451286766505e-06,0.002140511312154292,0.08295191698628498,0.6961032628826654,0.21223888792965315,0.006253337795846701
P19,8,C,gamma,1799551287-γ-2,P19-T08-Cγ,23,65,F4,10,10,R1,R,False,65,True,R1,True,0.8329290449813839,False,0.7811939716339111,valid,False,8.375592981991447e-08,1.9566488288339464e-06,1.2761864232155755e-06,3.055860577365241e-07,4.284647707160526e-08,0.8329290449813839,0.15523629787188908,0.009825179805915787,0.001383959312726637,0.0006218530043678419
P19,8,C,gamma,1799551287-γ-2,P19-T08-Cγ,24,53,F3,3,3,L5,L,False,53,True,L5,True,0.827923659370873,False,0.6643199920654297,valid,False,6.544166879966008e-06,0.0009328062398799212,0.012602565893042173,0.15853044065969127,0.827923659370873,8.424177338965723e-07,1.4938235221651047e-06,1.1678616984010117e-06,3.970460054445442e-07,8.252067369796225e-08
P19,8,C,gamma,1799551287-γ-2,P19-T08-Cγ,25,52,E3,2,2,L5,L,False,52,True,L5,True,0.8146398207359768,False,0.6106517314910889,valid,False,5.615814011223896e-06,0.001245653625728485,0.014920648780983297,0.16918545184285733,0.8146398207359768,3.2941974284491977e-07,1.3568476188082234e-06,8.206880541811328e-07,2.5446871278136096e-07,4.7776314234243684e-08
P19,8,C,gamma,1799551287-γ-2,P19-T08-Cγ,26,57,A3,5,5,R3,R,False,57,True,R3,True,0.6942384627328094,False,0.7854399681091309,valid,False,1.6829846433485664e-07,5.5302606247604005e-05,0.00015787263538998537,0.00014993676686342488,4.2569512035997646e-05,0.002660395914737436,0.03897091145583984,0.6942384627328094,0.2552616973510244,0.008462682726587378
P19,8,C,gamma,1799551287-γ-2,P19-T08-Cγ,27,62,D4,8,8,R5,R,False,62,True,R5,True,0.8685642276307233,False,0.754075288772583,valid,False,4.859535349870124e-08,6.089170968837553e-06,9.150509589397672e-06,4.906304655579716e-06,7.166331990606587e-07,0.001185312063153385,0.0036286304781309327,0.020920942979024578,0.10567997563520147,0.8685642276307233
P19,8,C,gamma,1799551287-γ-2,P19-T08-Cγ,28,59,B3,6,6,L3,L,False,59,True,L3,True,0.7951675015074993,False,0.6286330223083496,valid,False,0.0001190586422069117,0.10339460515343893,0.7951675015074993,0.09557262368720305,0.004015840629840131,0.0002087676193418644,0.0008403171426797916,0.000590321008023301,8.18246539768903e-05,9.1399557899167e-06
P19,8,C,gamma,1799551287-γ-2,P19-T08-Cγ,29,69,A4,12,12,R4,R,False,69,True,R4,True,0.5708135471985848,False,0.6920299530029297,valid,False,2.1350540643517694e-09,1.2440520163824837e-08,5.347457607575381e-09,2.1865790497945923e-09,2.083991519103587e-10,0.0013426416969472704,0.03161354319405017,0.3532099428244349,0.5708135471985848,0.043020302767972814
P19,9,C,beta,1799551287-β-8,P19-T09-Cβ,0,62,D4,8,8,R3,R,False,62,True,R3,True,0.7604942745663033,False,1.49338698387146,valid,False,5.681312972831808e-06,1.2598546135163825e-05,5.470071455541046e-06,1.1353330712111568e-06,1.301811785282823e-07,0.00046691985340943334,0.1663291378067519,0.7604942745663033,0.06899048407697156,0.003694168251750694
P19,9,C,beta,1799551287-β-8,P19-T09-Cβ,1,59,B3,6,6,L3,L,False,59,True,L3,True,0.8183430896486845,False,0.5986111164093018,valid,False,0.00015810394214215508,0.14809517991102283,0.8183430896486845,0.03206164238347001,0.0012490607079672234,1.944692185406988e-05,3.85802122676921e-05,2.894743331560692e-05,5.421022066522185e-06,5.278172094051655e-07
P19,9,C,beta,1799551287-β-8,P19-T09-Cβ,2,60,C4,7,7,R4,R,False,60,True,R4,True,0.6929587433626241,False,0.5803492069244385,valid,False,1.0975794805553736e-05,0.0003194960281558197,0.00027206499091861764,9.452943918926552e-05,1.0124672681869515e-05,0.0020340172236819236,0.029375543242480623,0.23825741367091585,0.6929587433626241,0.03666709157454634
P19,9,C,beta,1799551287-β-8,P19-T09-Cβ,3,64,E4,9,9,R4,R,False,64,True,R4,True,0.7821383328996444,False,0.6679019927978516,valid,False,2.619599011975664e-06,4.182960696301107e-05,2.6963296487936208e-05,7.211454518923533e-06,8.032630226628921e-07,0.0008297536167508454,0.01239412196446228,0.07394822979105338,0.7821383328996444,0.1306101345080845
P19,9,C,beta,1799551287-β-8,P19-T09-Cβ,4,60,C4,7,7,L5,L,False,60,True,L5,True,0.7907169898495906,False,0.8730008602142334,valid,False,1.9924745944364557e-05,0.0020804588296333667,0.010282465586961848,0.19689010755642666,0.7907169898495906,7.237311855408489e-06,1.2098060041316567e-06,1.084233045671857e-06,4.3343926059061e-07,8.864127731169995e-08
P19,9,C,beta,1799551287-β-8,P19-T09-Cβ,5,60,C4,7,7,R2,R,False,60,True,R2,True,0.9334115970405105,False,0.5761289596557617,valid,False,1.4165308588911435e-06,0.00017130475936331206,0.000299500692721288,0.00011973146243596682,1.814828748272372e-05,0.010578739272618015,0.9334115970405105,0.05239683862649905,0.002715147440899236,0.00028757588661112917
P19,9,C,beta,1799551287-β-8,P19-T09-Cβ,6,57,A3,5,5,L2,L,False,57,True,L2,True,0.9451378414481375,False,0.5169389247894287,valid,False,0.0031630443153196587,0.9451378414481375,0.0487657655178533,0.0018272179503777753,0.00022265922120628527,0.00012908519767742185,0.0003878146111798341,0.000276513126756554,8.202045949655934e-05,8.038151994911008e-06
P19,9,C,beta,1799551287-β-8,P19-T09-Cβ,7,55,G3,4,4,L3,L,False,55,True,L3,True,0.7743167295470819,False,0.5128910541534424,valid,False,0.00012663758440524815,0.09514212311690612,0.7743167295470819,0.1256588099391081,0.0046807750641890255,4.303225544072879e-05,2.6834898685841792e-05,4.211992305144815e-06,7.184737302687721e-07,1.271281476181729e-07
P19,9,C,beta,1799551287-β-8,P19-T09-Cβ,8,50,D3,1,1,L2,L,False,50,True,L2,True,0.9158308202936593,False,1.689640998840332,valid,False,0.0006670626595542174,0.9158308202936593,0.07351539776828662,0.008975221695640754,0.0010106546760020997,5.03107478066713e-07,2.5203888284990174e-07,7.30014282466244e-08,1.2957208737169811e-08,1.8018591132154047e-09
P19,9,C,beta,1799551287-β-8,P19-T09-Cβ,9,55,G3,4,4,L3,L,False,55,True,L3,True,0.7851759898474993,False,0.5970876216888428,valid,False,0.00011780109223360611,0.1261579521801832,0.7851759898474993,0.08380449259339129,0.004402886002111562,3.5945300882746034e-05,0.00015848439697037004,0.00011449789702893372,2.9451305249420633e-05,2.4993844497633782e-06
P19,9,C,beta,1799551287-β-8,P19-T09-Cβ,10,60,C4,7,7,R2,R,False,60,True,R2,True,0.9627493444437333,False,0.666339635848999,valid,False,4.595058610778041e-06,0.0005015778852792872,0.0003994583297329453,0.00014008288621413133,1.4303264901143373e-05,0.010483400398533094,0.9627493444437333,0.02428340248753578,0.0012089994198513016,0.0002148358256082124
P19,9,C,beta,1799551287-β-8,P19-T09-Cβ,11,64,E4,9,9,R4,R,False,64,True,R4,True,0.6867716974824828,False,0.5432970523834229,valid,False,7.03714281236502e-07,1.8891823509188063e-05,1.0864061598192487e-05,2.5085234295775888e-06,3.0479725501856037e-07,0.0009861956253224451,0.015810984208630953,0.22192518217287385,0.6867716974824828,0.07447266759061666
P19,9,C,beta,1799551287-β-8,P19-T09-Cβ,12,60,C4,7,7,R3,R,False,60,True,R3,True,0.807787892162698,False,0.5458910465240479,valid,False,3.758612292695698e-06,0.00030040579972437397,0.00032312598096049925,9.625648870487028e-05,1.435759538643876e-05,0.0023468880903217137,0.04921972900732188,0.807787892162698,0.13516551010585026,0.004742076156739247
P19,9,C,beta,1799551287-β-8,P19-T09-Cβ,13,57,A3,5,5,L5,L,False,57,True,L5,True,0.8399938497705693,False,0.7290680408477783,valid,False,2.080567004844624e-05,0.002562883248264132,0.012527715143299988,0.14428097251327365,0.8399938497705693,4.393366051876781e-05,0.00023307178915921,0.00022625183119312928,9.956428692040592e-05,1.0952086752839475e-05
P19,9,C,beta,1799551287-β-8,P19-T09-Cβ,14,60,C4,7,7,L3,L,False,60,True,L3,True,0.7482200355940039,False,0.7408561706542969,valid,False,0.00027281119028505586,0.17089078465922486,0.7482200355940039,0.07290047398773147,0.0024594725315496575,0.002983225022201891,0.0020148798497276995,0.00023122316489439964,2.1343435966041753e-05,5.750564415118902e-06
P19,9,C,beta,1799551287-β-8,P19-T09-Cβ,15,57,A3,5,5,L4,L,False,57,True,L4,True,0.7446318977980045,False,0.6321902275085449,valid,False,5.1432360282097116e-05,0.018985455875371704,0.1859115819014043,0.7446318977980045,0.05023584392830833,9.766231928196194e-05,7.167122722776137e-05,1.2738673005745474e-05,1.4628202927404496e-06,2.530968208248079e-07
P19,9,C,beta,1799551287-β-8,P19-T09-Cβ,16,60,C4,7,7,L2,L,False,60,True,L2,True,0.9089909180876652,False,0.5532741546630859,valid,False,0.001070799186621147,0.9089909180876652,0.08051192201825809,0.004342304826083382,0.00017700191505705482,0.0016432885242852417,0.002578650332763816,0.000599122746168959,7.240267373575453e-05,1.3589689361240153e-05
P19,9,C,beta,1799551287-β-8,P19-T09-Cβ,17,64,E4,9,9,R2,R,False,64,True,R2,True,0.9372951784589416,False,0.5516541004180908,valid,False,4.487999568661883e-06,1.616062476907031e-05,3.7515194134694723e-06,6.654407768065859e-07,4.181803726791304e-08,0.021808015712137484,0.9372951784589416,0.03670813004595235,0.0029535217080080235,0.001210046672395311
P19,9,C,beta,1799551287-β-8,P19-T09-Cβ,18,59,B3,6,6,L1,L,False,59,True,L1,True,0.9262784077606485,False,0.740790843963623,valid,False,0.9262784077606485,0.06879801176705917,0.0041836114040453495,0.00039501752253655797,3.44300636066888e-05,0.00015367993590433414,0.00011752977156485307,3.484379324074734e-05,3.76750289831463e-06,7.004784953924379e-07
P19,9,C,beta,1799551287-β-8,P19-T09-Cβ,19,55,G3,4,4,L2,L,False,55,True,L2,True,0.8988601062208283,False,0.5150418281555176,valid,False,0.00227604082474315,0.8988601062208283,0.09193919291304117,0.006303641056516738,0.0005187331332648723,5.017275480091082e-05,4.219586761439434e-05,8.375619505268445e-06,1.34945996068013e-06,1.9214972468565638e-07
P19,9,C,beta,1799551287-β-8,P19-T09-Cβ,20,60,C4,7,7,L3,L,False,60,True,L3,True,0.8113064388524237,False,1.1610682010650635,valid,False,0.0003955236239210137,0.11586842014856218,0.8113064388524237,0.05849033614329417,0.0010020970230256096,0.009548270140597814,0.003155034306521036,0.00020767007320730905,1.9686511462845845e-05,6.523176984480338e-06
P19,9,C,beta,1799551287-β-8,P19-T09-Cβ,21,64,E4,9,9,R2,R,False,64,True,R2,True,0.8226792997809022,False,0.6501290798187256,valid,False,1.4989940281991507e-06,2.10535239141162e-05,9.004067610158529e-06,2.5606509171715674e-06,2.796564405916292e-07,0.019399464030523277,0.8226792997809022,0.1473140131782907,0.008958174366944046,0.0016146517504297265
P19,9,C,beta,1799551287-β-8,P19-T09-Cβ,22,60,C4,7,7,R3,R,False,60,True,R3,True,0.7988590623307059,False,0.47962284088134766,valid,False,8.331126895032055e-06,0.00037417391007079335,0.00025455082641215245,0.00010308860358590048,1.1449204740789255e-05,0.00412018217724178,0.05547305349086624,0.7988590623307059,0.1363135024533377,0.0044826058761438985
P19,9,C,beta,1799551287-β-8,P19-T09-Cβ,23,57,A3,5,5,L2,L,False,57,True,L2,True,0.9589602610514506,False,0.5487279891967773,valid,False,0.002564669020838841,0.9589602610514506,0.03593922917546148,0.0019383351481651705,0.00016894694193276186,0.0001056372008077712,0.00019484693751588064,0.00010670060497066149,1.9103809147293618e-05,2.270109709454315e-06
P19,9,C,beta,1799551287-β-8,P19-T09-Cβ,24,62,D4,8,8,R4,R,False,62,True,R4,True,0.6701672212160698,False,0.6420409679412842,valid,False,2.8415477007237236e-06,1.5339247494431043e-05,4.875083373237312e-06,1.013401546072393e-06,8.695766200367506e-08,0.0034164020931062265,0.024222605531852584,0.21139974284560684,0.6701672212160698,0.09076987207558804
P19,9,C,beta,1799551287-β-8,P19-T09-Cβ,25,59,B3,6,6,L1,L,False,59,True,L1,True,0.8081119057622635,False,0.6172139644622803,valid,False,0.8081119057622635,0.17674367977781502,0.009921464546759719,0.0009750178954566298,0.00010803506227639044,0.0004572039332726213,0.001285831849452543,0.001637501011686766,0.000693717065129757,6.564309588704903e-05
P19,9,C,beta,1799551287-β-8,P19-T09-Cβ,26,60,C4,7,7,L2,L,False,60,True,L2,True,0.7771593536546912,False,0.6526460647583008,valid,False,0.010420185023557096,0.7771593536546912,0.17135626200187198,0.007269916404215699,0.0003920933980446977,0.004334407494067603,0.01633337956329931,0.011385062058363267,0.0012414589428883201,0.0001078814590007409
P19,9,C,beta,1799551287-β-8,P19-T09-Cβ,27,60,C4,7,7,R2,R,False,60,True,R2,True,0.8970326105750346,False,0.6272549629211426,valid,False,2.8657708737897597e-05,6.423785503120445e-05,3.5889556860158904e-05,7.581807718656536e-06,6.745908300422019e-07,0.011462630432202843,0.8970326105750346,0.08469801930485653,0.006044158186505857,0.0006255399822224909
P19,9,C,beta,1799551287-β-8,P19-T09-Cβ,28,65,F4,10,10,R2,R,False,65,True,R2,True,0.8991358866668658,False,0.6322860717773438,valid,False,9.11901860519511e-07,7.831426521732641e-07,2.6785804457453045e-07,7.170769001113959e-08,6.729822900992202e-09,0.020833924917342043,0.8991358866668658,0.0723441198556082,0.005820779434223276,0.0018632477858903044
P19,9,C,beta,1799551287-β-8,P19-T09-Cβ,29,62,D4,8,8,R4,R,False,62,True,R4,True,0.722627736651821,False,0.6229770183563232,valid,False,9.15794944889396e-06,2.263206326134473e-05,9.284011273144903e-06,2.5926350703652325e-06,2.4027674978688963e-07,0.001391813796435757,0.015168202572998554,0.21040165276483033,0.722627736651821,0.05036668727811071
P19,10,C,alpha,1799551287-α-9,P19-T10-Cα,0,60,C4,7,7,L4,L,False,60,True,L4,True,0.872484743515187,False,0.8742568492889404,valid,False,1.7085238998840063e-05,0.004043197785893869,0.1074647352913167,0.872484743515187,0.015989707164093835,4.257527539301448e-07,6.690042628256907e-08,2.2956563340186843e-08,1.0548007019360207e-08,4.84675921847314e-09
P19,10,C,alpha,1799551287-α-9,P19-T10-Cα,1,59,B3,6,6,L5,L,False,59,True,L5,True,0.7375963837299931,False,0.9302589893341064,valid,False,1.0178183657033142e-05,0.0012763479781760757,0.011237776882210292,0.249878487347876,0.7375963837299931,3.4202122238567006e-07,2.2398072906008272e-07,1.815833590646756e-07,6.277982322753162e-08,1.551295371381699e-08
P19,10,C,alpha,1799551287-α-9,P19-T10-Cα,2,60,C4,7,7,L4,L,False,60,True,L4,True,0.5619725927790107,False,0.7100188732147217,valid,False,4.699376743695493e-05,0.028041973358117592,0.4001444380482531,0.5619725927790107,0.009784038532973388,3.136980663988907e-06,2.1068823411955705e-06,2.9162356547040246e-06,1.3753913051703738e-06,4.2802424309071265e-07
P19,10,C,alpha,1799551287-α-9,P19-T10-Cα,3,65,F4,10,10,R4,R,False,65,True,R4,True,0.42689133076541574,True,0.7364299297332764,valid,False,5.256573439668194e-08,3.8570650288445433e-07,1.2037881333405545e-07,3.2883099570836764e-08,2.7658833352033897e-09,0.0015001213522492427,0.06293273251521164,0.4663673312912979,0.42689133076541574,0.04230788977579194
P19,10,C,alpha,1799551287-α-9,P19-T10-Cα,4,64,E4,9,9,R5,R,False,64,True,R5,True,0.1757531307264348,True,0.7006027698516846,valid,False,3.782179589622753e-07,8.008172320318727e-06,4.635515583707897e-06,1.056457572161778e-06,9.224969346616029e-08,0.0007179338412254435,0.037765085122891756,0.4628383323897772,0.3229113473065424,0.1757531307264348
P19,10,C,alpha,1799551287-α-9,P19-T10-Cα,5,59,B3,6,6,L3,L,False,59,True,L3,True,0.773874626454506,False,0.5494489669799805,valid,False,0.00021273430151953312,0.1837185384271686,0.773874626454506,0.04018142820750902,0.001991480263108317,7.713502782998773e-06,5.379139070847902e-06,5.929044341844203e-06,1.663565742624274e-06,5.070942503042324e-07
P19,10,C,alpha,1799551287-α-9,P19-T10-Cα,6,57,A3,5,5,L4,L,False,57,True,L4,True,0.6540497382254487,False,0.6263442039489746,valid,False,0.00010090269898050713,0.030631121788039402,0.2945019505955012,0.6540497382254487,0.020713558871659814,1.1162848872440701e-06,6.661266737428331e-07,6.629555564211185e-07,2.0996575687820556e-07,7.248749614846405e-08
P19,10,C,alpha,1799551287-α-9,P19-T10-Cα,7,62,D4,8,7,R5,R,False,60,False,R5,True,0.43948258517786054,True,0.8154981136322021,valid,False,5.1076120530837896e-08,5.85278665586037e-08,1.9581189399288594e-08,5.380128788035018e-09,7.385159731669807e-10,0.0030368225786316693,0.007431756460759956,0.06596665549928503,0.4840820449796415,0.43948258517786054
P19,10,C,alpha,1799551287-α-9,P19-T10-Cα,8,64,E4,9,9,R4,R,False,64,True,R4,True,0.6449294746018145,False,0.6567130088806152,valid,False,3.562183230155933e-07,2.9321000545616077e-06,1.2447755437102014e-06,3.869771327248005e-07,3.006906285774982e-08,0.003045589506771253,0.019591279395128103,0.25868911792745225,0.6449294746018145,0.07373958842871714
P19,10,C,alpha,1799551287-α-9,P19-T10-Cα,9,62,D4,8,8,R3,R,False,62,True,R3,True,0.7850412002092956,False,0.6246631145477295,valid,False,1.0867315993340688e-06,3.12829120930316e-05,1.9502445189853556e-05,5.1013335468043375e-06,4.0903734697282075e-07,0.0025747081831153104,0.06482264500380534,0.7850412002092956,0.14034507721212652,0.00715898693188116
P19,10,C,alpha,1799551287-α-9,P19-T10-Cα,10,64,E4,9,9,R1,R,False,64,True,R1,True,0.8641217398137301,False,0.8150479793548584,valid,False,5.126292120124943e-07,1.0625542336049033e-05,5.532760894697938e-06,1.5215125865458868e-06,1.1199536394208894e-07,0.8641217398137301,0.13185642766499958,0.0033258113568572427,0.0003992025532854724,0.0002785141707343835
P19,10,C,alpha,1799551287-α-9,P19-T10-Cα,11,59,B3,6,6,L1,L,False,59,True,L1,True,0.8929369392759854,False,0.6811299324035645,valid,False,0.8929369392759854,0.0989402330901747,0.007348645140967518,0.0006405141675786802,7.688195861912914e-05,5.054780849733078e-05,4.396032369768553e-06,1.154409957874256e-06,4.585353579379517e-07,2.2958049179506856e-07
P19,10,C,alpha,1799551287-α-9,P19-T10-Cα,12,64,E4,9,9,R1,R,False,64,True,R1,True,0.9112327751626687,False,0.5983531475067139,valid,False,5.249238022407883e-06,2.1275691307335985e-06,8.523405755806258e-07,1.3565412376598124e-07,1.1686603659461928e-08,0.9112327751626687,0.0826651723329887,0.005026874306493477,0.0007080775769812445,0.0003587241324117524
P19,10,C,alpha,1799551287-α-9,P19-T10-Cα,13,65,F4,10,10,R2,R,False,65,True,R2,True,0.9120866711030672,False,0.5344200134277344,valid,False,1.8505303240690937e-06,1.3229371845603475e-06,3.9995429977887116e-07,8.33681607034612e-08,7.081008459509076e-09,0.039689343175616884,0.9120866711030672,0.04362956512134647,0.003113461157252306,0.001477295571739699
P19,10,C,alpha,1799551287-α-9,P19-T10-Cα,14,64,E4,9,9,R3,R,False,64,True,R3,True,0.7578465881789004,False,0.557532787322998,valid,False,4.276396479020574e-06,4.4446372966230964e-06,1.5590999081848543e-06,3.610850579971939e-07,3.26711956638352e-08,0.004576401955405063,0.0980884555793426,0.7578465881789004,0.12768176953550697,0.011796110860907531
P19,10,C,alpha,1799551287-α-9,P19-T10-Cα,15,62,D4,8,8,R1,R,False,62,True,R1,True,0.8956474380012042,False,0.6392776966094971,valid,False,9.494885702307263e-06,1.7145620358201026e-05,5.035267074405102e-06,1.41167342157407e-06,1.3778012530052508e-07,0.8956474380012042,0.09534928670071774,0.007671766111788176,0.0008500559154032515,0.0004482280442051132
P19,10,C,alpha,1799551287-α-9,P19-T10-Cα,16,57,A3,5,5,L2,L,False,57,True,L2,True,0.9434487290721866,False,0.5496499538421631,valid,False,0.001997483475124719,0.9434487290721866,0.05088366873769762,0.0032205173750350503,0.0003565303249938628,6.683572932040819e-05,2.080505636839358e-05,4.68095890580704e-06,5.458114309771862e-07,2.0345893685939582e-07
P19,10,C,alpha,1799551287-α-9,P19-T10-Cα,17,59,B3,6,6,L1,L,False,59,True,L1,True,0.8751975857653829,False,0.6983489990234375,valid,False,0.8751975857653829,0.11844511315755774,0.005230200810187855,0.0005139905870479971,7.239990245986179e-05,0.00041366321837440036,9.176605340792152e-05,2.8346364099518367e-05,5.228618632721808e-06,1.7055228491774504e-06
P19,10,C,alpha,1799551287-α-9,P19-T10-Cα,18,64,E4,9,9,R2,R,False,64,True,R2,True,0.8899995437281222,False,0.49047327041625977,valid,False,2.287975402116164e-05,7.566492639901239e-06,1.630508582928394e-06,2.3884996183387896e-07,2.2011992056540263e-08,0.03543009418619967,0.8899995437281222,0.06610345072181215,0.0064962231232537,0.0019383506234143901
P19,10,C,alpha,1799551287-α-9,P19-T10-Cα,19,65,F4,10,10,R1,R,False,65,True,R1,True,0.8293485421498563,False,0.7035510540008545,valid,False,2.8129767142505697e-06,9.023934380422326e-07,2.2369329278615724e-07,3.830924551645461e-08,3.4708745659263335e-09,0.8293485421498563,0.1608770652801187,0.007695536639825417,0.001222185321648574,0.0008526897649857182
P19,10,C,alpha,1799551287-α-9,P19-T10-Cα,20,60,C4,7,7,L2,L,False,60,True,L2,True,0.9621174703811548,False,0.542747974395752,valid,False,0.003196699165361116,0.9621174703811548,0.032528569561211154,0.0014363695245660963,0.00016564948927596948,0.0005079519634459793,3.657556115235725e-05,7.491368887792906e-06,2.2958111479971937e-06,9.271737967504527e-07
P19,10,C,alpha,1799551287-α-9,P19-T10-Cα,21,59,B3,6,6,L3,L,False,59,True,L3,True,0.7925062991481997,False,0.5541470050811768,valid,False,0.00022631389055355658,0.1317800877434174,0.7925062991481997,0.07181125921246229,0.003503810640640251,0.00014129788540712593,2.2015435462395593e-05,7.225905963992867e-06,1.2237529104018467e-06,4.6638498298500375e-07
P19,10,C,alpha,1799551287-α-9,P19-T10-Cα,22,57,A3,5,5,L2,L,False,57,True,L2,True,0.944481137515855,False,0.5709190368652344,valid,False,0.001299735692469914,0.944481137515855,0.050939350331864676,0.002859468349804075,0.00038599611845744334,2.6514824574285094e-05,5.68071207873245e-06,1.7225280465987675e-06,2.923302627089496e-07,1.0159658670038705e-07
P19,10,C,alpha,1799551287-α-9,P19-T10-Cα,23,59,B3,6,6,L1,L,False,59,True,L1,True,0.854755170592779,False,0.6476612091064453,valid,False,0.854755170592779,0.13575001614512705,0.008591858576674874,0.0006912975623268574,4.203784805775673e-05,0.00012405717763847994,3.060933711541435e-05,1.229754912023364e-05,1.956929502430446e-06,6.982816579836395e-07
P19,10,C,alpha,1799551287-α-9,P19-T10-Cα,24,60,C4,7,7,L2,L,False,60,True,L2,True,0.9457573112564428,False,0.583853006362915,valid,False,0.0020522320983998644,0.9457573112564428,0.0470864839149317,0.003640008417431405,0.00023978466060833352,0.0007888645546452809,0.00028676974579161323,0.00012139224730831371,2.0224225913404694e-05,6.9288785272703666e-06
P19,10,C,alpha,1799551287-α-9,P19-T10-Cα,25,59,B3,6,6,L3,L,False,59,True,L3,True,0.8114257893389014,False,0.513408899307251,valid,False,0.0003208922562052679,0.12264002867057373,0.8114257893389014,0.06279733615787796,0.0026044955570328795,0.00014926577149249396,4.1803632510664375e-05,1.653715954301273e-05,2.8663423400536877e-06,9.85113522506967e-07
P19,10,C,alpha,1799551287-α-9,P19-T10-Cα,26,60,C4,7,7,L4,L,False,60,True,L4,True,0.5648608303585462,False,0.5691027641296387,valid,False,0.00012219180655605402,0.03239881662969837,0.37970853071750926,0.5648608303585462,0.021526897040109315,0.0008671555138511259,0.0003424881144763257,0.00013897424613800902,2.5378686394783408e-05,8.736886720574116e-06
P19,10,C,alpha,1799551287-α-9,P19-T10-Cα,27,64,E4,9,9,R2,R,False,64,True,R2,True,0.949451300839041,False,0.5766010284423828,valid,False,7.258217655379911e-07,1.4508934708108252e-06,5.619790281895769e-07,1.0860344282815004e-07,6.2891583968605875e-09,0.03297943679006296,0.949451300839041,0.016052815257852432,0.0011006316471342812,0.0004129618790435357
P19,10,C,alpha,1799551287-α-9,P19-T10-Cα,28,59,B3,6,6,L4,L,False,59,True,L4,True,0.5793044127385123,False,0.7397079467773438,valid,False,5.445189267124991e-05,0.01823991472393499,0.3612782159621791,0.5793044127385123,0.04105415313249451,5.410052889653726e-05,1.2812052424156362e-05,1.5483187615372783e-06,2.7685726897896155e-07,1.1379285668142556e-07
P19,10,C,alpha,1799551287-α-9,P19-T10-Cα,29,57,A3,5,5,L4,L,False,57,True,L4,True,0.6875765510537301,False,0.575361967086792,valid,False,5.8100598943355486e-05,0.024061844444471184,0.2708886395241056,0.6875765510537301,0.017397241033100825,1.4324167902272666e-05,2.7668224361330015e-06,4.034133625407883e-07,8.805174739531901e-08,4.089020075298101e-08
P19,11,A,beta,1799551287-β-5,P19-T11-Aβ,0,62,D4,8,8,R2,R,False,62,True,R2,True,0.8948806722889743,False,3.891564130783081,valid,False,5.262627932638228e-07,4.641786439392633e-07,2.3854054547990455e-07,5.553541454547475e-08,1.1006563952367189e-08,0.04597300295371623,0.8948806722889743,0.05441774972398969,0.003731052563054817,0.0009962269463037287
P19,11,A,beta,1799551287-β-5,P19-T11-Aβ,1,64,E4,9,9,R3,R,False,64,True,R3,True,0.7603698014549274,False,0.4698319435119629,valid,False,2.603347085016332e-07,2.697452399744058e-07,1.1148610423278177e-07,2.3766390070616698e-08,3.859900073455635e-09,0.008279684764896753,0.11602490841834817,0.7603698014549274,0.10477758955243238,0.010547346617052434
P19,11,A,beta,1799551287-β-5,P19-T11-Aβ,2,57,A3,5,5,L4,L,False,57,True,L2,False,0.004726350637368932,False,0.6806008815765381,valid,False,0.004189568898736231,0.8917210587574811,0.0988055096885332,0.004726350637368932,0.0005450669593228958,1.1789783962959644e-05,5.794349461185875e-07,5.507323953114864e-08,1.3048379205478702e-08,7.718029838640162e-09
P19,11,A,beta,1799551287-β-5,P19-T11-Aβ,3,60,C4,7,7,R1,R,False,60,True,R2,False,0.029008626512186466,False,0.5194888114929199,valid,False,0.00014013610615047002,0.0009560166817731735,0.00015324616775880395,2.6464290639200013e-05,2.6423740466549314e-06,0.029008626512186466,0.9480006386117736,0.020238631969388965,0.0011824555510219872,0.00029114173526071095
P19,11,A,beta,1799551287-β-5,P19-T11-Aβ,4,59,B3,6,6,L5,L,False,59,True,L2,False,0.00012117498087086041,False,0.6557247638702393,valid,False,0.0027441746200560194,0.9662379943644719,0.029063420178014197,0.0012330371393865414,0.00012117498087086041,0.0005200646293033696,6.763612873154023e-05,1.0147583759198473e-05,1.5484208789929335e-06,8.019545274082021e-07
P19,11,A,beta,1799551287-β-5,P19-T11-Aβ,5,64,E4,9,9,R1,R,False,64,True,R2,False,0.05476856245558982,False,0.538524866104126,valid,False,2.9073980767447505e-05,8.131353679023552e-05,8.54577174564706e-06,1.1141189241001484e-06,1.1840769423574077e-07,0.05476856245558982,0.9006496637429422,0.03977013888903684,0.0036078656020490938,0.001083603494460341
P19,11,A,beta,1799551287-β-5,P19-T11-Aβ,6,59,B3,6,6,L5,L,False,59,True,L2,False,0.00017982172336696096,False,0.5057358741760254,valid,False,0.004072311015458258,0.9681905112759736,0.02564146211963323,0.0015592589172970517,0.00017982172336696096,0.00030723725368755927,4.35803326161766e-05,4.720741734332246e-06,7.803333602663638e-07,3.1628687253285124e-07
P19,11,A,beta,1799551287-β-5,P19-T11-Aβ,7,57,A3,5,5,L3,L,False,57,True,L3,True,0.8240045485547799,False,0.5503931045532227,valid,False,0.0005729243961624593,0.11965143267053696,0.8240045485547799,0.05428109728228515,0.0014250060366895196,5.3502452562162865e-05,9.48964486512559e-06,1.7193242383867991e-06,2.063732882727877e-07,7.326459224832222e-08
P19,11,A,beta,1799551287-β-5,P19-T11-Aβ,8,55,G3,4,4,L1,L,False,55,True,L4,False,8.150329886637767e-05,False,0.4593818187713623,valid,False,8.150329886637767e-05,0.00758903508127285,0.16748744347587396,0.7682099016955103,0.056621119022691783,8.60470823760028e-06,2.0163581802331443e-06,3.236035215227296e-07,4.043005982093491e-08,1.2325785690544952e-08
P19,11,A,beta,1799551287-β-5,P19-T11-Aβ,9,57,A3,5,5,L3,L,False,57,True,L3,True,0.8074991494466359,False,0.49321913719177246,valid,False,0.00032878201462045704,0.13811097515962853,0.8074991494466359,0.051558845172059456,0.002385875792481358,8.494427422357636e-05,2.537339397842837e-05,5.208121955211989e-06,6.773813024273224e-07,1.6924311488022395e-07
P19,11,A,beta,1799551287-β-5,P19-T11-Aβ,10,59,B3,6,6,L1,L,False,59,True,L2,False,0.0026099279045335116,False,0.5667760372161865,valid,False,0.0026099279045335116,0.9605416965182473,0.033761550579783674,0.0019725410766180387,0.00018624776871814983,0.0006645175096011746,0.00021414364939234743,4.238401846717323e-05,5.512828755337412e-06,1.4781458834713014e-06
P19,11,A,beta,1799551287-β-5,P19-T11-Aβ,11,60,C4,7,7,R2,R,False,60,True,R2,True,0.9376823855082038,False,0.5117459297180176,valid,False,0.0005018966997117169,0.0076574984306359475,0.0006095297269065596,5.7693658228849896e-05,8.391352524163689e-06,0.03472535472374022,0.9376823855082038,0.01759245476896949,0.0009488259543552573,0.0002159691767238782
P19,11,A,beta,1799551287-β-5,P19-T11-Aβ,12,62,D4,8,8,R3,R,False,62,True,R2,False,0.01322477656848189,False,0.4070603847503662,valid,False,0.00017010657868135346,0.0008051830862778786,7.590728336245304e-05,8.756947295374276e-06,1.0520224360538773e-06,0.029432281523324624,0.9553636783056985,0.01322477656848189,0.0007423696962061398,0.00017588798823564843
P19,11,A,beta,1799551287-β-5,P19-T11-Aβ,13,57,A3,5,5,L3,L,False,57,True,L2,False,0.02973981860802601,False,0.4119858741760254,valid,False,0.0027781017652192433,0.9653462466031267,0.02973981860802601,0.0018084802320166838,0.00020038532154329487,0.0001050829645367758,1.7845899428462792e-05,3.388007941299561e-06,4.4053830505305205e-07,2.1005985646414576e-07
P19,11,A,beta,1799551287-β-5,P19-T11-Aβ,14,53,F3,3,3,L2,L,False,53,True,L3,False,0.06603058772797776,False,0.36871910095214844,valid,False,0.00016964464103998365,0.06603058772797776,0.6964853621551944,0.2272491009219501,0.010063126589728405,1.7644529559001215e-06,3.3822692802974616e-07,6.165518529528623e-08,9.791917834742626e-09,3.837122310861504e-09
P19,11,A,beta,1799551287-β-5,P19-T11-Aβ,15,59,B3,6,6,L3,L,False,59,True,R2,False,0.005194117409067385,False,0.49252986907958984,valid,False,0.0003868114077468253,0.028054143633616795,0.005194117409067385,0.0007114323761337302,6.841924047292407e-05,0.026107242768157263,0.9180141243718728,0.0205366845370608,0.0008042965588904388,0.00012272769698098987
P19,11,A,beta,1799551287-β-5,P19-T11-Aβ,16,64,E4,9,9,R5,R,False,64,True,R2,False,0.0004358962388617822,False,0.41580796241760254,valid,False,4.411887495922827e-05,0.0001423017356607038,2.1506267474000363e-05,2.602322381055886e-06,2.36686987210086e-07,0.02534491995800111,0.943549617114165,0.02906832088423098,0.0013904799172790882,0.0004358962388617822
P19,11,A,beta,1799551287-β-5,P19-T11-Aβ,17,62,D4,8,8,R4,R,False,62,True,R2,False,0.0010595017527565548,False,0.444317102432251,valid,False,0.0001055474561935626,0.0008924357323695198,0.00017849342388651253,2.3614396888794753e-05,1.9690363331636083e-06,0.02128066157517384,0.9512707792113432,0.024973087700364188,0.0010595017527565548,0.00021390971469078263
P19,11,A,beta,1799551287-β-5,P19-T11-Aβ,18,64,E4,9,9,R3,R,False,64,True,R2,False,0.02390099418963222,False,0.3461768627166748,valid,False,3.522215665280341e-05,0.0001416695618681906,3.195026560605237e-05,4.21024226634991e-06,3.521010213941977e-07,0.026924086449425517,0.9475882343684271,0.02390099418963222,0.001055400225829691,0.00031788043927073387
P19,11,A,beta,1799551287-β-5,P19-T11-Aβ,19,62,D4,8,8,R5,R,False,62,True,R2,False,0.00014432133853415683,False,0.4138760566711426,valid,False,0.0001747555910070035,0.0016241739351075828,0.0004120294502250772,5.698014714036042e-05,4.519491260632207e-06,0.033257724371773614,0.9422195104452418,0.021419185777766643,0.0006867994519430782,0.00014432133853415683
P19,11,A,beta,1799551287-β-5,P19-T11-Aβ,20,64,E4,9,9,R3,R,False,64,True,R3,True,0.6144998157420576,False,0.37589406967163086,valid,False,2.9494123304290087e-05,0.0001278319657966178,2.9211592675052724e-05,4.03854439065796e-06,3.0929573946908457e-07,0.014307854170160119,0.3240210974166362,0.6144998157420576,0.04385148699351853,0.0031288601557213766
P19,11,A,beta,1799551287-β-5,P19-T11-Aβ,21,60,C4,7,7,L1,L,False,60,True,R2,False,0.00018773442432919952,False,0.4119391441345215,valid,False,0.00018773442432919952,0.00533589763178126,0.001589490118143752,0.0002127003988462989,1.7318947297151345e-05,0.01823853639646044,0.9567448485836316,0.016836291081740236,0.0007142921261900342,0.0001228902915802416
P19,11,A,beta,1799551287-β-5,P19-T11-Aβ,22,62,D4,8,8,R3,R,False,62,True,R3,True,0.8538189808596738,False,0.5456199645996094,valid,False,7.435398392712672e-05,0.0006862588906622836,0.00016280749157734055,2.1818273081775292e-05,1.7832671589481465e-06,0.002741907950837513,0.09089629171293875,0.8538189808596738,0.04988494256985783,0.0017108550002845884
P19,11,A,beta,1799551287-β-5,P19-T11-Aβ,23,57,A3,5,5,L3,L,False,57,True,L3,True,0.8323930102705591,False,0.4895951747894287,valid,False,0.00028957681480441664,0.12009742340692779,0.8323930102705591,0.04459147838627509,0.0018030822240959752,0.0006721740393104725,0.00013684922529011336,1.3643674555175433e-05,1.9450701673540167e-06,8.168880143841299e-07
P19,11,A,beta,1799551287-β-5,P19-T11-Aβ,24,55,G3,4,4,L2,L,False,55,True,L4,False,0.013736908819266546,False,0.42199182510375977,valid,False,6.49621778428649e-05,0.013736908819266546,0.3040907784772471,0.6425498567845254,0.03948883781279755,6.073309669357776e-05,6.241887623929968e-06,1.4326467614430935e-06,1.6929745646138787e-07,7.899978519471766e-08
P19,11,A,beta,1799551287-β-5,P19-T11-Aβ,25,57,A3,5,5,L4,L,False,57,True,L2,False,0.005301966374108151,False,0.4573359489440918,valid,False,0.001051786433906268,0.9234140871831493,0.06858526842861536,0.005301966374108151,0.0005136736674881581,0.0008778944377412224,0.0002070007613214925,4.101935867899094e-05,5.451185155255954e-06,1.8521698359423775e-06
P19,11,A,beta,1799551287-β-5,P19-T11-Aβ,26,60,C4,7,7,R4,R,False,60,True,R2,False,0.0011691871584949003,False,0.39290904998779297,valid,False,0.000191040972201307,0.004662046531343997,0.0009872849455233562,0.00011631409676341832,9.83461716762746e-06,0.01574162961586335,0.9481840426476613,0.028683119271848623,0.0011691871584949003,0.000255500143132028
P19,11,A,beta,1799551287-β-5,P19-T11-Aβ,27,62,D4,8,8,R5,R,False,62,True,R2,False,0.0002146960297933383,False,0.36189794540405273,valid,False,5.886059869386114e-05,0.000507476257363159,0.00013073718454902994,1.9560758806513313e-05,1.162419948821988e-06,0.018198928615119167,0.9548580780343133,0.02506726270297251,0.0009432373984403998,0.0002146960297933383
P19,11,A,beta,1799551287-β-5,P19-T11-Aβ,28,59,B3,6,6,L2,L,False,59,True,L2,True,0.9552009665010519,False,0.487962007522583,valid,False,0.002543277296592955,0.9552009665010519,0.030369946686528888,0.0012884674947516099,9.960464525140191e-05,0.004667831783736129,0.0045760447755669315,0.0010747637390296158,0.00014814389619519273,3.095318129546274e-05
P19,11,A,beta,1799551287-β-5,P19-T11-Aβ,29,57,A3,5,5,L5,L,False,57,True,L3,False,0.0013017538294215927,False,0.39302778244018555,valid,False,0.0004980588260489975,0.17883692533321097,0.7673883780693131,0.04409116011238536,0.0013017538294215927,0.0031954014842072477,0.0038921220920759107,0.0007001565646149432,8.26181704792319e-05,1.342551824251061e-05
P19,12,B,gamma,1799551287-γ-3,P19-T12-Bγ,0,60,C4,7,7,R3,R,False,60,True,R3,True,0.7954342333526584,False,1.3994061946868896,valid,False,3.4000695305511763e-06,3.538133349534543e-05,2.2593033066378773e-05,7.563409857191598e-06,1.0703700879335245e-06,0.001748498559121054,0.08686806603775883,0.7954342333526584,0.11204361005659749,0.0038355837778266877
P19,12,B,gamma,1799551287-γ-3,P19-T12-Bγ,1,59,B3,6,6,L5,L,False,59,True,L5,True,0.8001291494065615,False,0.9334678649902344,valid,False,1.9745939086156915e-05,0.0014509897702401381,0.010142223131073958,0.1879003049384997,0.8001291494065615,0.00010681448751389557,0.0001337598974978135,7.168424032283359e-05,3.625323542200747e-05,9.074953781929195e-06
P19,12,B,gamma,1799551287-γ-3,P19-T12-Bγ,2,62,D4,8,8,L2,L,False,62,True,L2,True,0.924731016697069,False,0.7806198596954346,valid,False,0.0007784137393283884,0.924731016697069,0.0376940743277279,0.0018766774556179338,9.724739363258758e-05,0.0010176677321344523,0.014555560185588796,0.012178830160876654,0.00613204574403667,0.0009384665639874427
P19,12,B,gamma,1799551287-γ-3,P19-T12-Bγ,3,53,F3,3,3,L2,L,False,53,True,L2,True,0.86010420850521,False,1.4148478507995605,valid,False,0.000619517177074013,0.86010420850521,0.1260972651244781,0.011897476775413378,0.0012699550997733425,1.208308338546167e-06,6.8088080366052185e-06,2.632035998623763e-06,8.212780990174077e-07,1.0688757861812865e-07
P19,12,B,gamma,1799551287-γ-3,P19-T12-Bγ,4,69,A4,12,12,R3,R,False,69,True,R3,True,0.6808229093887724,False,0.8912210464477539,valid,False,5.102849716197731e-07,5.780318278700954e-08,2.178883926417995e-09,2.5127079746978153e-10,3.6784593753936545e-11,0.008968184928672112,0.23120441378499693,0.6808229093887724,0.06963743120059485,0.009366490141869986
P19,12,B,gamma,1799551287-γ-3,P19-T12-Bγ,5,62,D4,8,8,L2,L,False,62,True,L2,True,0.973295260488279,False,0.809406042098999,valid,False,0.00197523521979635,0.973295260488279,0.017127536498699473,0.0011743179252433537,9.834117093061372e-05,0.0044633118683671995,0.0016951515250397688,0.00014095529295715485,2.066502729664201e-05,9.224983390494441e-06
P19,12,B,gamma,1799551287-γ-3,P19-T12-Bγ,6,60,C4,7,7,R2,R,False,60,True,R2,True,0.9540036879686297,False,0.7457499504089355,valid,False,0.00024672041031280605,0.0013353326115579968,6.999493037540425e-05,9.070860509485887e-06,1.3418002736461824e-06,0.012688137949044637,0.9540036879686297,0.029390383742009977,0.001936084311502653,0.00031924541578372907
P19,12,B,gamma,1799551287-γ-3,P19-T12-Bγ,7,57,A3,5,5,L4,L,False,57,True,L4,True,0.7151515455331711,False,0.9082889556884766,valid,False,2.830256059030246e-05,0.012888393076641377,0.19662404033983327,0.7151515455331711,0.07516412211533256,0.0001033361841537927,3.551130767226449e-05,3.8807408049603975e-06,6.978505932004324e-07,1.7029120736456895e-07
P19,12,B,gamma,1799551287-γ-3,P19-T12-Bγ,8,57,A3,5,5,R4,R,False,57,True,R4,True,0.8132290981731444,False,0.9210190773010254,valid,False,2.3779712756384752e-07,2.274248399896377e-06,4.548755417132116e-07,2.678890401247825e-07,1.2697944410677865e-07,0.00431032308672093,0.013711963339409983,0.05636118791671521,0.8132290981731444,0.11238406569445604
P19,12,B,gamma,1799551287-γ-3,P19-T12-Bγ,9,52,E3,2,2,L2,L,False,52,True,L2,True,0.8888619652527978,False,1.1445651054382324,valid,False,0.0005301082463141143,0.8888619652527978,0.09848871309816105,0.010905205601823289,0.0012068923230804543,4.848406256351985e-07,4.087207166696989e-06,1.8143395418008278e-06,6.46748490948709e-07,8.234199833208808e-08
P19,12,B,gamma,1799551287-γ-3,P19-T12-Bγ,10,64,E4,9,9,R2,R,False,64,True,R2,True,0.9645338271388982,False,0.784217119216919,valid,False,1.599424106197621e-06,5.622767317064013e-06,5.839258964042115e-07,7.202320001141049e-08,8.729642623532585e-09,0.01768355522350106,0.9645338271388982,0.016307822553223293,0.001118115751637259,0.00034879246257769105
P19,12,B,gamma,1799551287-γ-3,P19-T12-Bγ,11,55,G3,4,4,L5,L,False,55,True,L5,True,0.8414206596877423,False,1.130624771118164,valid,False,1.571845103889617e-05,0.0016454948173162255,0.01211370038106635,0.14476210281387897,0.8414206596877423,3.413624331768012e-05,7.044899058087603e-06,9.216555016973218e-07,1.6049338906046043e-07,6.05576907158567e-08
P19,12,B,gamma,1799551287-γ-3,P19-T12-Bγ,12,52,E3,2,2,L2,L,False,52,True,L2,True,0.9286527157447725,False,0.9600660800933838,valid,False,0.0005937066441616539,0.9286527157447725,0.06367135930539766,0.006257212779245059,0.0008221658616882787,2.05915230444245e-06,6.249789657357839e-07,1.2261451409283092e-07,2.5598906579687157e-08,7.3200439566855e-09
P19,12,B,gamma,1799551287-γ-3,P19-T12-Bγ,13,55,G3,4,4,L5,L,False,55,True,L5,True,0.8217963919591008,False,0.854097843170166,valid,False,1.5236768874180342e-05,0.0017071890677722464,0.015423298753838972,0.16098126631344536,0.8217963919591008,4.5777074039615936e-05,2.4330405642036327e-05,5.042274634190063e-06,1.192501326592961e-06,2.7488132603555016e-07
P19,12,B,gamma,1799551287-γ-3,P19-T12-Bγ,14,59,B3,6,6,L3,L,False,59,True,L3,True,0.8763224947988405,False,0.816720724105835,valid,False,9.774420301044373e-05,0.08006822495958867,0.8763224947988405,0.03854066684078609,0.0019470814877311355,0.0011922347187020724,0.0012356523185835901,0.00047750058112421863,9.857140824688292e-05,1.9828683386451666e-05
P19,12,B,gamma,1799551287-γ-3,P19-T12-Bγ,15,55,G3,4,4,L5,L,False,55,True,L5,True,0.8427087681158527,False,0.8420360088348389,valid,False,5.749427778516285e-06,0.0009866593616039534,0.01124744936762691,0.14498371525298256,0.8427087681158527,3.462975715294623e-05,2.3335111155497204e-05,7.794471576711619e-06,1.6051160281863388e-06,2.940182420799616e-07
P19,12,B,gamma,1799551287-γ-3,P19-T12-Bγ,16,50,D3,1,1,L3,L,False,50,True,L3,True,0.8152612025197955,False,1.1936299800872803,valid,False,4.041701748421001e-05,0.08084158214667259,0.8152612025197955,0.09984348361982708,0.004012951468604103,2.3232715854310898e-07,9.301632608368407e-08,3.081399051038474e-08,5.8968593261065104e-09,1.173282039359037e-09
P19,12,B,gamma,1799551287-γ-3,P19-T12-Bγ,17,71,B4,13,13,R5,R,False,71,True,R5,True,0.10339759920714496,True,0.9402880668640137,valid,False,2.485559098349285e-08,1.16128866787413e-08,1.0395050787939585e-09,9.846339483664052e-11,5.109580913892009e-12,0.0006683730739297211,0.08957526600125916,0.4192979408766332,0.38706078322947723,0.10339759920714496
P19,12,B,gamma,1799551287-γ-3,P19-T12-Bγ,18,64,E4,9,9,R1,R,False,64,True,R1,True,0.9550812120431924,False,0.831575870513916,valid,False,1.089882930892476e-05,7.569186858090757e-05,2.0637554561351873e-05,2.092561691297848e-06,1.0526915340178617e-07,0.9550812120431924,0.04217368193467563,0.0021853945310418405,0.0002520308888083201,0.00019825451898599118
P19,12,B,gamma,1799551287-γ-3,P19-T12-Bγ,19,69,A4,12,12,R5,R,False,69,True,R5,True,0.12711457632227607,True,0.9575858116149902,valid,False,1.1541870083439882e-07,1.1777015972149407e-07,1.7856638680770077e-08,2.145834226104866e-09,1.265376421319181e-10,0.0006194485431443706,0.08417998581892573,0.3940428679988913,0.3940428679988913,0.12711457632227607
P19,12,B,gamma,1799551287-γ-3,P19-T12-Bγ,20,59,B3,6,6,L3,L,False,59,True,L3,True,0.8121918101429046,False,0.9268078804016113,valid,False,0.0001659542192576589,0.15645585289542938,0.8121918101429046,0.02936303386411085,0.0009661039002970439,0.0007118227240020649,0.0001391471533172266,5.193936100666145e-06,7.029228132965204e-07,3.7824176695266243e-07
P19,12,B,gamma,1799551287-γ-3,P19-T12-Bγ,21,64,E4,9,9,R3,R,False,64,True,R3,True,0.7363939202019739,False,0.7925589084625244,valid,False,5.089419635806642e-06,9.100758064258432e-05,2.3754226374228224e-05,1.947346887334211e-06,1.671443035292964e-07,0.00613154080202,0.13334829226751815,0.7363939202019739,0.11695218700726263,0.007052094003381921
P19,12,B,gamma,1799551287-γ-3,P19-T12-Bγ,22,53,F3,3,3,L5,L,False,53,True,L5,True,0.8267622378039265,False,0.7937610149383545,valid,False,7.51760768170263e-06,0.0012624582573445443,0.017877119604412482,0.15408696549875797,0.8267622378039265,2.227710158753534e-06,9.33005553289367e-07,4.602220500033259e-07,6.982708037324767e-08,1.0463034364242635e-08
P19,12,B,gamma,1799551287-γ-3,P19-T12-Bγ,23,65,F4,10,10,R5,R,False,65,True,R5,True,0.19678012000011974,True,0.8815791606903076,valid,False,9.498934351616372e-07,4.661103880314604e-05,3.0276426609328487e-05,8.696946377818313e-06,1.065832052026225e-06,0.0009468906600472053,0.015795122237851993,0.22408811457149844,0.5623021523932051,0.19678012000011974
P19,12,B,gamma,1799551287-γ-3,P19-T12-Bγ,24,71,B4,13,13,R2,R,False,71,True,R2,True,0.9565585357655877,False,1.037034034729004,valid,False,9.5128643822184e-08,7.879440968103792e-07,3.2467986090434615e-07,6.85769114808863e-08,8.071322250882073e-09,0.031147226925125976,0.9565585357655877,0.0096151692816429,0.0013542124055112438,0.0013235712212970156
P19,12,B,gamma,1799551287-γ-3,P19-T12-Bγ,25,67,G4,11,11,R5,R,False,67,True,R5,True,0.1277546088436117,True,0.805466890335083,valid,False,6.399985979664352e-07,1.0226126550187864e-05,4.74283342308419e-06,1.1680833340140605e-06,1.4121794217100448e-07,0.0007234710368679238,0.06046562626692751,0.5161880708643782,0.2948513047283672,0.1277546088436117
P19,12,B,gamma,1799551287-γ-3,P19-T12-Bγ,26,69,A4,12,12,R5,R,False,69,True,R5,True,0.1532679289534823,True,0.7550809383392334,valid,False,2.1498082658914468e-07,2.06189032797412e-06,9.255585500362312e-07,2.1471853229470698e-07,2.469742913608425e-08,0.0005378802440960676,0.03417199625529488,0.39789027134218347,0.4141284813592774,0.1532679289534823
P19,12,B,gamma,1799551287-γ-3,P19-T12-Bγ,27,60,C4,7,7,L1,L,False,60,True,L1,True,0.9608338039332917,False,0.9332149028778076,valid,False,0.9608338039332917,0.03762999430480414,0.0013604308530073097,0.00011392686782597478,2.3940144409159138e-05,3.767329125398235e-05,1.1053444115502315e-07,2.3621811372209713e-08,3.134710288978654e-08,6.510205237111436e-08
P19,12,B,gamma,1799551287-γ-3,P19-T12-Bγ,28,59,B3,6,6,L1,L,False,59,True,L1,True,0.9417504022439632,False,0.7700660228729248,valid,False,0.9417504022439632,0.055022394423440084,0.002739403712923387,0.0003159220647650075,0.00012096431112108987,4.9624164593508925e-05,9.634894191302957e-07,1.0856371476243148e-07,9.799909438049886e-08,1.1902696531422331e-07
P19,12,B,gamma,1799551287-γ-3,P19-T12-Bγ,29,71,B4,13,13,R5,R,False,71,True,R5,True,0.10687782921887772,True,0.747061014175415,valid,False,1.4729893195441243e-08,1.8421569673245634e-09,2.6853717595575913e-10,3.4493714841044464e-11,1.0649554819425443e-11,0.0007286668114184016,0.12050441594792283,0.46950849825304136,0.3023805728830091,0.10687782921887772
P19,13,C,gamma,1799551287-γ-9,P19-T13-Cγ,0,62,D4,8,8,R2,R,False,62,True,R2,True,0.9513940055765839,False,0.6820440292358398,valid,False,4.770682852054215e-05,0.0001604112218093583,4.430788304820155e-05,8.088422105767195e-06,9.024728350093781e-07,0.011988929950068243,0.9513940055765839,0.034395587415418545,0.0016453091231045853,0.0003147511065057539
P19,13,C,gamma,1799551287-γ-9,P19-T13-Cγ,1,60,C4,7,7,L5,L,False,60,True,L5,True,0.6693600942321822,False,0.994143009185791,valid,False,1.4688291832301535e-05,0.0019743396459461927,0.019213470924631167,0.309368971678775,0.6693600942321822,3.951350021300311e-05,1.5721715126893586e-05,8.406826555829127e-06,3.3837973211872083e-06,1.4093874162351953e-06
P19,13,C,gamma,1799551287-γ-9,P19-T13-Cγ,2,72,C5,14,14,R4,R,False,72,True,R4,True,0.11307413849925724,True,0.8868680000305176,valid,False,8.009428912434685e-09,2.3101371822978272e-07,2.5940083591728037e-07,6.419041481682319e-08,4.457489269788245e-09,0.001255262732577853,0.15752910741899281,0.6920168120552513,0.11307413849925724,0.03612411222203352
P19,13,C,gamma,1799551287-γ-9,P19-T13-Cγ,3,53,F3,3,3,L1,L,False,53,True,L1,True,0.9603594451864212,False,0.6944150924682617,valid,False,0.9603594451864212,0.037611416568602424,0.0014730095730170493,0.00032216470321323515,0.00023393958901742206,2.2093377061605294e-08,8.934082501576998e-10,8.62633187358394e-10,4.180425358218597e-10,1.1226769015744264e-10
P19,13,C,gamma,1799551287-γ-9,P19-T13-Cγ,4,55,G3,4,4,L5,L,False,55,True,L5,True,0.7511540642304037,False,0.7106349468231201,valid,False,9.49949188320634e-05,0.0026229106424881083,0.02268405054926247,0.22344364319089555,0.7511540642304037,2.520447975110576e-07,5.467190149023528e-08,2.1450084652414734e-08,6.29087634522862e-09,2.0104582541309523e-09
P19,13,C,gamma,1799551287-γ-9,P19-T13-Cγ,5,64,E4,9,9,R1,R,False,64,True,R1,True,0.953688505649761,False,0.5754029750823975,valid,False,7.856706952944318e-06,0.00014433364395274078,8.22124732032619e-05,3.24195967923293e-05,3.976572414952184e-06,0.953688505649761,0.04383081479440081,0.0017165854327110437,0.00029532970701140384,0.000197965422799576
P19,13,C,gamma,1799551287-γ-9,P19-T13-Cγ,6,57,A3,5,5,R3,R,False,57,True,R3,True,0.6744702307427646,False,0.8134579658508301,valid,False,2.2603273874216512e-05,0.0010986085611245048,0.0013433406260159983,0.0005721694445349362,0.00010739659385931197,0.0063489548439696055,0.08085367307594137,0.6744702307427646,0.22620025228640953,0.008982770551506083
P19,13,C,gamma,1799551287-γ-9,P19-T13-Cγ,7,60,C4,7,7,L4,L,False,60,True,L4,True,0.582235389187582,False,0.547849178314209,valid,False,7.471084772799549e-05,0.03411259776622436,0.35597886035237136,0.582235389187582,0.027406061668920144,6.45471998232744e-05,4.281059050076241e-05,5.940062690711248e-05,2.275417526862359e-05,2.8675846743520586e-06
P19,13,C,gamma,1799551287-γ-9,P19-T13-Cγ,8,55,G3,4,4,L3,L,False,55,True,L3,True,0.7664928715543545,False,0.532477855682373,valid,False,0.00012394471549510182,0.13036461446544484,0.7664928715543545,0.09399439263704115,0.008992713299314399,4.816979297075191e-06,1.2085540464202723e-05,1.145145787042806e-05,2.7774226632858834e-06,3.3192805499016983e-07
P19,13,C,gamma,1799551287-γ-9,P19-T13-Cγ,9,57,A3,5,5,R3,R,False,57,True,R3,True,0.7561343035907989,False,0.6615269184112549,valid,False,2.121716905099722e-05,0.0015573679191318909,0.0028964446795836265,0.0015279617567336846,0.000231039653709576,0.0023075785589234134,0.03616960085503851,0.7561343035907989,0.19407001784085035,0.0050844679761789585
P19,13,C,gamma,1799551287-γ-9,P19-T13-Cγ,10,60,C4,7,8,R2,R,False,62,False,R2,True,0.9232133935235529,False,0.527921199798584,valid,False,6.105213033535363e-06,0.00018289681004703048,9.188569419119764e-05,2.6556225417676185e-05,3.877050698682282e-06,0.020278277253297443,0.9232133935235529,0.05182436489074041,0.0035532419189513846,0.0008194014200699094
P19,13,C,gamma,1799551287-γ-9,P19-T13-Cγ,11,69,A4,12,12,R1,R,False,69,True,R1,True,0.9189527335147774,False,0.8424363136291504,valid,False,6.939714727809558e-08,3.268194091364211e-07,9.787977139104682e-08,2.3193569262643983e-08,2.5932349165071498e-09,0.9189527335147774,0.07393857556000687,0.003987780013687154,0.0016540630052227744,0.001466328023173831
P19,13,C,gamma,1799551287-γ-9,P19-T13-Cγ,12,60,C4,7,7,R4,R,False,60,True,R4,True,0.45274978376671926,True,0.6072380542755127,valid,False,4.990080756482005e-06,0.00033250424280397805,0.0002514922716809416,8.039474852474134e-05,1.220096124761278e-05,0.002108127946057692,0.059142460869712886,0.4604608442181235,0.45274978376671926,0.024857200894372933
P19,13,C,gamma,1799551287-γ-9,P19-T13-Cγ,13,53,F3,3,3,L5,L,False,53,True,L5,True,0.7158580991311357,False,0.5858480930328369,valid,False,1.3847837462897234e-05,0.003375368035613185,0.03095652741699193,0.24979614885996596,0.7158580991311357,6.790646372829164e-09,4.794229064112759e-10,5.41821469608856e-10,5.342717806520201e-10,3.7266764507741156e-10
P19,13,C,gamma,1799551287-γ-9,P19-T13-Cγ,14,59,B3,6,6,R2,R,False,59,True,R2,True,0.9317467501486876,False,0.5247678756713867,valid,False,4.1016587789383496e-07,4.080507166194122e-05,0.00019418404193421822,0.0005196068852445371,0.00029373885022259793,0.014600431749234562,0.9317467501486876,0.04847514052989365,0.003600422141597884,0.0005285104156452185
P19,13,C,gamma,1799551287-γ-9,P19-T13-Cγ,15,62,D4,8,8,R4,R,False,62,True,R4,True,0.7060344777067817,False,0.5724010467529297,valid,False,3.3878434285683793e-07,2.865684299287846e-05,0.00010700917011571106,0.00013960811953121354,3.0219787049991484e-05,0.003742164066825559,0.017473045731738555,0.18689672257012052,0.7060344777067817,0.0855477572205009
P19,13,C,gamma,1799551287-γ-9,P19-T13-Cγ,16,62,D4,8,8,L1,L,False,62,True,L1,True,0.8460738055358286,False,0.8387188911437988,valid,False,0.8460738055358286,0.13985505940847928,0.01268736474670643,0.0010624808481539112,0.00016874047359170225,0.00013406470998859137,1.4792477303438972e-05,1.3583935293699371e-06,1.1155741573158799e-06,1.2178322614574415e-06
P19,13,C,gamma,1799551287-γ-9,P19-T13-Cγ,17,55,G3,4,4,L3,L,False,55,True,L3,True,0.7275605097310172,False,0.4826650619506836,valid,False,0.0004155163240272781,0.10490844063066017,0.7275605097310172,0.14487869382159652,0.02223404317139976,2.2924385627652415e-06,4.229054180956257e-07,5.689558252306534e-08,1.410058841770848e-08,9.981147360298198e-09
P19,13,C,gamma,1799551287-γ-9,P19-T13-Cγ,18,50,D3,1,1,L1,L,False,50,True,L1,True,0.9687769286992975,False,1.2945983409881592,valid,False,0.9687769286992975,0.028675249893184387,0.001743743741798317,0.00046581551101635554,0.00033825148477851575,8.757061005512866e-09,1.5967883132528203e-09,2.1416516248505205e-10,6.108182760032816e-11,4.082873099798979e-11
P19,13,C,gamma,1799551287-γ-9,P19-T13-Cγ,19,59,B3,6,6,R2,R,False,59,True,R2,True,0.941264493941446,False,0.5227868556976318,valid,False,1.5387432458833033e-05,8.550216461201148e-05,0.00029570460093848706,0.0002933089925442212,7.412898232390378e-05,0.021196693022999213,0.941264493941446,0.03425543300560973,0.002083075026325088,0.00043627283074267634
P19,13,C,gamma,1799551287-γ-9,P19-T13-Cγ,20,64,E4,9,9,R4,R,False,64,True,R4,True,0.5532478355062777,False,0.6907260417938232,valid,False,1.0206748504760931e-06,2.996217182517594e-06,2.767845577658766e-06,1.0074519558408684e-06,1.6135622764345383e-07,0.0008369103162181636,0.0279343578874073,0.38789329605106165,0.5532478355062777,0.030079646693241
P19,13,C,gamma,1799551287-γ-9,P19-T13-Cγ,21,60,C4,7,7,R1,R,False,60,True,R1,True,0.9639806092125303,False,0.6447699069976807,valid,False,1.5682979137534e-05,8.851382303895785e-05,0.00015965091103397667,8.276205806322207e-05,1.4078457065999037e-05,0.9639806092125303,0.03348411607870407,0.0016017089924357194,0.0003646093325016331,0.00020826815548879922
P19,13,C,gamma,1799551287-γ-9,P19-T13-Cγ,22,52,E3,2,2,L4,L,False,52,True,L4,True,0.5934419055908517,False,0.7267887592315674,valid,False,1.6749981064156598e-05,0.016567748619038862,0.3546817236612016,0.5934419055908517,0.03529186900344177,3.0470181971079925e-09,4.6828426621177133e-11,2.205923980092133e-11,1.700230746733889e-11,1.1493625881019337e-11
P19,13,C,gamma,1799551287-γ-9,P19-T13-Cγ,23,59,B3,6,6,L4,L,False,59,True,L4,True,0.6669442737728697,False,0.7824521064758301,valid,False,1.996847875406323e-05,0.013149608480276118,0.2872833603390493,0.6669442737728697,0.03257251677195266,2.7802784237347313e-05,1.9475783778871476e-06,3.554469699036713e-07,1.1680726615907293e-07,4.9540246822448575e-08
P19,13,C,gamma,1799551287-γ-9,P19-T13-Cγ,24,62,D4,8,8,L3,L,False,62,True,L3,True,0.7951013586302921,False,0.7156848907470703,valid,False,0.00014985587795307708,0.14575377706691825,0.7951013586302921,0.05551222949579916,0.0027011933050334566,0.000723907211148271,4.6839290481151905e-05,5.801405728130646e-06,3.054759522190212e-06,1.9829571243266356e-06
P19,13,C,gamma,1799551287-γ-9,P19-T13-Cγ,25,64,E4,9,9,R3,R,False,64,True,R3,True,0.7284730384281576,False,0.5674421787261963,valid,False,4.849005484450635e-07,2.1979145570124498e-05,2.0613790909515744e-05,4.9403958362026136e-06,7.502745955656443e-07,0.006173132690558618,0.21941186270865626,0.7284730384281576,0.04089266124322541,0.005000536421942251
P19,13,C,gamma,1799551287-γ-9,P19-T13-Cγ,26,53,F3,3,3,L5,L,False,53,True,L5,True,0.8696055243144598,False,0.6451542377471924,valid,False,1.0287668202323974e-05,0.001217388526195877,0.011478247889308358,0.11768830993722051,0.8696055243144598,2.1303597192743252e-07,8.931981029857889e-09,1.1812498646897655e-08,5.725137923800762e-09,2.1590237058137775e-09
P19,13,C,gamma,1799551287-γ-9,P19-T13-Cγ,27,65,F4,10,10,R5,R,False,65,True,R5,True,0.20122270353717306,True,0.7328882217407227,valid,False,3.5879118488242607e-08,2.075943267961955e-06,2.44928406119071e-06,8.813786954751933e-07,1.226747947223448e-07,0.00036740694950980333,0.027040475792203502,0.4087951105681942,0.36256873799298145,0.20122270353717306
P19,13,C,gamma,1799551287-γ-9,P19-T13-Cγ,28,64,E4,9,9,R3,R,False,64,True,R3,True,0.7664773335537877,False,0.5542829036712646,valid,False,4.2015445604681713e-07,3.388522201809534e-05,6.115320579881769e-05,2.59167333411971e-05,3.7686767954784917e-06,0.006865403227824462,0.14868130557777381,0.7664773335537877,0.07184911085907295,0.006001702789131526
P19,13,C,gamma,1799551287-γ-9,P19-T13-Cγ,29,57,A3,5,5,L5,L,False,57,True,L5,True,0.6712747149226533,False,0.6118080615997314,valid,False,1.6327124273314402e-05,0.0036799255590602474,0.023579621894403976,0.3014473381829903,0.6712747149226533,1.345064209198484e-06,2.657609019097779e-07,2.751840549026244e-07,1.2295805784815524e-07,6.334939504583462e-08
P19,14,A,alpha,1799551287-α-1,P19-T14-Aα,0,57,A3,5,5,L5,L,False,57,True,R2,False,0.00012626902817839536,False,2.9874019622802734,valid,False,1.6928765396339638e-06,0.00010432244201132489,0.00034938742402972767,0.00040737981275255425,0.00012626902817839536,0.009193530109882404,0.9147711251057032,0.07071614439132166,0.0038139824186883657,0.0005161663908926511
P19,14,A,alpha,1799551287-α-1,P19-T14-Aα,1,59,B3,6,6,L4,L,False,59,True,R3,False,0.0003520709906276906,False,0.45656824111938477,valid,False,1.5278727104136893e-06,9.187206760366942e-05,0.00033601966774093834,0.0003520709906276906,0.00010221631036802303,0.004554802931339414,0.18058151193879124,0.7322941412269474,0.07795893904071015,0.003726897953161106
P19,14,A,alpha,1799551287-α-1,P19-T14-Aα,2,57,A3,5,5,L3,L,False,57,True,R2,False,0.0014464660116903353,False,0.46613311767578125,valid,False,5.341969381423909e-06,0.00035733228299727305,0.0014464660116903353,0.0021986755304422697,0.0009226048954057231,0.010287307302524059,0.9348665338344205,0.04703588563877045,0.002536818747936749,0.0003430337864312402
P19,14,A,alpha,1799551287-α-1,P19-T14-Aα,3,62,D4,8,8,R3,R,False,62,True,R2,False,0.04998316930905413,False,0.3873937129974365,valid,False,7.17522731122407e-06,0.0002283379098855501,0.0002844585762160112,0.00014148487282417035,2.074033175844426e-05,0.019124775374998897,0.9267523103083699,0.04998316930905413,0.0028057933548621054,0.0006517547347195455
P19,14,A,alpha,1799551287-α-1,P19-T14-Aα,4,59,B3,6,6,L4,L,False,59,True,L2,False,0.0011106583368272434,False,0.48871588706970215,valid,False,0.0025726922939132368,0.9619602583140187,0.033279877523167085,0.0011106583368272434,0.00019880965544628358,0.00026253461701830036,0.0002816592200450586,0.0002561289213553393,6.874988509402355e-05,8.631233114659633e-06
P19,14,A,alpha,1799551287-α-1,P19-T14-Aα,5,60,C4,7,7,L2,L,False,60,True,R3,False,0.0013123139936469512,False,0.45981884002685547,valid,False,6.910032001470913e-05,0.0013123139936469512,0.0007249764991278908,0.0001760783143883889,3.6834639127118356e-05,0.00300152477917972,0.06294272971978043,0.8390640056958191,0.08832151030026014,0.004350925738655692
P19,14,A,alpha,1799551287-α-1,P19-T14-Aα,6,59,B3,6,6,L3,L,False,59,True,L3,True,0.8209962562763665,False,0.41428470611572266,valid,False,0.00030621665563014734,0.12066388367420657,0.8209962562763665,0.05421777785769215,0.0035473729645883853,0.0001271824383648052,4.648826443947733e-05,6.480769491163788e-05,2.6968665494816108e-05,3.045508305716276e-06
P19,14,A,alpha,1799551287-α-1,P19-T14-Aα,7,57,A3,5,5,L4,L,False,57,True,L2,False,0.003686921503910461,False,0.4449801445007324,valid,False,0.002900235176541365,0.9384032637174297,0.053774094109123156,0.003686921503910461,0.0007320976433950569,0.0002145107836186099,0.000159345888777438,0.00010471035263041576,2.1925896029760423e-05,2.894928543871976e-06
P19,14,A,alpha,1799551287-α-1,P19-T14-Aα,8,59,B3,6,6,L3,L,False,59,True,L3,True,0.7858502494652794,False,0.4240148067474365,valid,False,0.0005206416393864847,0.1299703950107483,0.7858502494652794,0.07618979369378,0.0045864606626535255,0.0009463602505096243,0.0009376371131970592,0.0008053933149184152,0.00016898693792907792,2.4081911598197785e-05
P19,14,A,alpha,1799551287-α-1,P19-T14-Aα,9,64,E4,9,9,R2,R,False,64,True,L2,False,0.004606385274185789,False,0.5691440105438232,valid,False,0.003667409200363723,0.9080100172828158,0.0658438291693413,0.003846969568871594,0.0003489892056546845,0.01324139341686177,0.004606385274185789,0.00031438855405822223,7.623456819767713e-05,4.438375964939777e-05
P19,14,A,alpha,1799551287-α-1,P19-T14-Aα,10,65,F4,10,10,R3,R,False,65,True,R2,False,0.018708747145502906,False,0.377305269241333,valid,False,1.1802294807321413e-06,4.047163885119689e-06,1.2264339600809492e-06,2.329873907826471e-07,2.8221473386229313e-08,0.029548098604458724,0.9493267987414599,0.018708747145502906,0.0016306703309889449,0.0007789701413995092
P19,14,A,alpha,1799551287-α-1,P19-T14-Aα,11,67,G4,11,11,R2,R,False,67,True,R3,False,0.2040655001705041,False,0.3958170413970947,valid,False,2.8482466990133345e-07,5.956509262755506e-07,3.4016983901136994e-07,5.3664916887086076e-08,5.7299969309693614e-09,0.009378698695551772,0.2040655001705041,0.7258099456718058,0.051956253848362326,0.008788321573426891
P19,14,A,alpha,1799551287-α-1,P19-T14-Aα,12,69,A4,12,12,R1,R,False,69,True,R3,False,0.002851126846927879,False,0.4196932315826416,valid,False,5.093887658368895e-08,8.089018543202816e-08,3.045658591487553e-08,5.579561658652258e-09,7.405401247063464e-10,0.002851126846927879,0.16391476251384718,0.7473277466671012,0.07365165044386732,0.012254544922506681
P19,14,A,alpha,1799551287-α-1,P19-T14-Aα,13,67,G4,11,11,R2,R,False,67,True,R4,False,0.05515819144428849,False,0.45528602600097656,valid,False,5.514590759726005e-07,1.298156159446998e-06,6.096479508974504e-07,1.1825953850526052e-07,1.4145624177033194e-08,0.0015458317691678138,0.05515819144428849,0.3919090978150871,0.5027545272745779,0.04862976002852971
P19,14,A,alpha,1799551287-α-1,P19-T14-Aα,14,57,A3,5,5,L4,L,False,57,True,L2,False,0.002970456806791003,False,0.6875529289245605,valid,False,0.002833578459700577,0.9426695037577789,0.05084164224325383,0.002970456806791003,0.0006179932048315882,5.739427316589743e-05,8.645185705509089e-06,6.282793454221567e-07,9.538329436226491e-08,6.240613310439808e-08
P19,14,A,alpha,1799551287-α-1,P19-T14-Aα,15,59,B3,6,6,L3,L,False,59,True,L2,False,0.05876942558298052,False,0.5605199337005615,valid,False,0.0038714214780596052,0.9201240981947484,0.05876942558298052,0.0029259574094399423,0.0006148491945204772,0.004845729129526895,0.008115571431645041,0.0006032400986590562,9.449522114795118e-05,3.521225927207479e-05
P19,14,A,alpha,1799551287-α-1,P19-T14-Aα,16,57,A3,5,5,L2,L,False,57,True,L2,True,0.9201636520537313,False,0.4872710704803467,valid,False,0.0016624601126971038,0.9201636520537313,0.07434753094935596,0.003030569221845545,0.0006367685469659152,0.00013882896410385198,1.7152609746185235e-05,2.5776888483833643e-06,3.0178865106357605e-07,1.580640547299326e-07
P19,14,A,alpha,1799551287-α-1,P19-T14-Aα,17,65,F4,10,10,R1,R,False,65,True,R3,False,0.003436798837696172,False,0.4763610363006592,valid,False,1.578440876901158e-06,3.5042006253600444e-06,5.508337203001048e-07,8.387805808056112e-08,1.4083007970170787e-08,0.003436798837696172,0.18283928729159804,0.7652200606414882,0.04278667601423454,0.005711445778694304
P19,14,A,alpha,1799551287-α-1,P19-T14-Aα,18,64,E4,9,9,R3,R,False,64,True,R3,True,0.7581104322900485,False,0.4403829574584961,valid,False,4.985047218912516e-06,1.3422344923550333e-05,3.122747976819108e-06,3.631854462682842e-07,6.362637660488978e-08,0.003287873031003853,0.20251805925326344,0.7581104322900485,0.03347601003935783,0.002585668434384238
P19,14,A,alpha,1799551287-α-1,P19-T14-Aα,19,65,F4,10,10,R4,R,False,65,True,R2,False,0.0018587390997842953,False,0.8442490100860596,valid,False,3.5559820580586992e-06,6.987964018302639e-06,1.51280561025999e-06,2.2452468737647458e-07,3.265590091907134e-08,0.019566216396318756,0.9603456264751984,0.01754131583515686,0.0018587390997842953,0.000675788261266727
P19,14,A,alpha,1799551287-α-1,P19-T14-Aα,20,64,E4,9,9,R5,R,False,64,True,R2,False,0.0007914544076435698,False,0.40716099739074707,valid,False,1.131201981596993e-05,3.435619152372626e-05,7.723332973740344e-06,1.095556396063539e-06,1.7120851259933294e-07,0.012972183235876431,0.9468446146521455,0.03708212316327746,0.0022549662318349485,0.0007914544076435698
P19,14,A,alpha,1799551287-α-1,P19-T14-Aα,21,65,F4,10,10,R4,R,False,65,True,R3,False,0.034611821061887066,False,0.45464301109313965,valid,False,2.8601231983007535e-06,6.180848947674984e-06,1.2309714502784194e-06,1.7512867807578581e-07,2.6463799470451575e-08,0.0036281618094187763,0.2666854343569967,0.6912385657888142,0.034611821061887066,0.0038255434468094252
P19,14,A,alpha,1799551287-α-1,P19-T14-Aα,22,64,E4,9,9,R5,R,False,64,True,R2,False,0.000579506902294779,False,0.40240001678466797,valid,False,7.351841379691708e-06,2.738240444638428e-05,6.262365473735763e-06,9.884974182314137e-07,1.427187958120335e-07,0.018090311018804095,0.9460806002711512,0.03286235463301213,0.002345099347223931,0.000579506902294779
P19,14,A,alpha,1799551287-α-1,P19-T14-Aα,23,59,B3,6,6,L2,L,False,59,True,L2,True,0.9433085868427159,False,0.5477781295776367,valid,False,0.0026451170232861688,0.9433085868427159,0.051045393605375994,0.002080722746298327,0.00035797766154041955,0.0003429926902332682,0.00017759779392184034,3.6670567293545364e-05,3.713787615513919e-06,1.2272817186221352e-06
P19,14,A,alpha,1799551287-α-1,P19-T14-Aα,24,57,A3,5,5,L3,L,False,57,True,L3,True,0.8153201118272951,False,0.43440794944763184,valid,False,0.00040335663538946663,0.13318895147769516,0.8153201118272951,0.047076258484972135,0.0038649186410784513,9.172279937222907e-05,4.2277881417072916e-05,1.0920299193147205e-05,1.1885674514398017e-06,2.9338613595991747e-07
P19,14,A,alpha,1799551287-α-1,P19-T14-Aα,25,59,B3,6,6,L4,L,False,59,True,L2,False,0.004895201228405603,False,0.7778711318969727,valid,False,0.0008708651536846349,0.923578117059627,0.06859745151447541,0.004895201228405603,0.0009351501325084233,0.0005685438518472209,0.0004104109879787539,0.00012396859205999024,1.681099258616275e-05,3.4804868268123205e-06
P19,14,A,alpha,1799551287-α-1,P19-T14-Aα,26,60,C4,7,7,L5,L,False,60,True,R2,False,1.7471233744557797e-05,False,0.5191020965576172,valid,False,0.0001608089000932304,0.0022486550843670004,0.0007689705063845829,0.00010773033561776433,1.7471233744557797e-05,0.02136494627359404,0.9518657330160581,0.022236866271598196,0.001021989844046856,0.0002068285344954526
P19,14,A,alpha,1799551287-α-1,P19-T14-Aα,27,65,F4,10,10,R5,R,False,65,True,R3,False,0.005832252630590506,False,0.4083549976348877,valid,False,1.5048199505699961e-06,2.9970388094721873e-06,6.99846941200465e-07,1.1902748815047013e-07,1.753345835975374e-08,0.0024840176020441735,0.1843033798137508,0.7628074768493434,0.044567534837623435,0.005832252630590506
P19,14,A,alpha,1799551287-α-1,P19-T14-Aα,28,60,C4,7,7,L5,L,False,60,True,L2,False,0.00018185907388120447,False,0.5113966464996338,valid,False,0.0029906082320952485,0.9642819953587769,0.03043145534686301,0.0017082625285936867,0.00018185907388120447,0.0003531315336902597,2.524082392130577e-05,2.0523951074236313e-05,4.996773519064261e-06,1.9263775851144433e-06
P19,14,A,alpha,1799551287-α-1,P19-T14-Aα,29,59,B3,6,6,L4,L,False,59,True,R2,False,8.330941682220057e-05,False,0.4645192623138428,valid,False,0.00010777750190989706,0.0009939423988803583,0.000378493619777758,8.330941682220057e-05,1.3833774643076535e-05,0.009275397219812959,0.9227565447201873,0.06326709922251904,0.002793695955794194,0.0003299061696532867
P19,15,B,gamma,1799551287-γ-8,P19-T15-Bγ,0,71,B4,13,13,R4,R,False,71,True,R4,True,0.761847153551153,False,1.3934648036956787,valid,False,8.470459804282845e-09,3.1125401304164714e-09,4.492433742410675e-10,1.0072282872780077e-10,2.2470740931584433e-11,0.00029237358736282967,0.017799168584586977,0.1597637265072625,0.761847153551153,0.060297565614197905
P19,15,B,gamma,1799551287-γ-8,P19-T15-Bγ,1,65,F4,10,10,R2,R,False,65,True,R2,True,0.9736286575104834,False,0.6383359432220459,valid,False,1.3141522164897415e-06,1.3412730417166844e-06,3.0291762291105685e-07,8.160259392059089e-08,1.3923603351556818e-08,0.015119537683510924,0.9736286575104834,0.010186160403884186,0.0007874384861360839,0.00027515204690699475
P19,15,B,gamma,1799551287-γ-8,P19-T15-Bγ,2,57,A3,5,5,R4,R,False,57,True,R4,True,0.8566307077505793,False,1.032792091369629,valid,False,2.684378051033112e-05,0.00048455090340461326,0.0002593349961426958,0.00010221184413992121,1.801714765965897e-05,0.000638270688259911,0.007933759020879942,0.10064560678116133,0.8566307077505793,0.03326069708726243
P19,15,B,gamma,1799551287-γ-8,P19-T15-Bγ,3,64,E4,9,9,R2,R,False,64,True,R2,True,0.9525973010203238,False,0.7327659130096436,valid,False,1.8450399375470465e-06,6.660482862037741e-06,2.4936392504652413e-06,8.159396524033338e-07,1.3043991993788146e-07,0.016629236887406144,0.9525973010203238,0.028196342052659973,0.002094243216806352,0.00047093128118151547
P19,15,B,gamma,1799551287-γ-8,P19-T15-Bγ,4,53,F3,3,3,L4,L,False,53,True,L4,True,0.527792039578168,False,1.5971803665161133,valid,False,6.460446686107761e-05,0.034757947119092976,0.39889664238293615,0.527792039578168,0.038486436704625766,1.850467951255721e-06,3.6817995274563325e-07,9.573009474822875e-08,1.2902364217148019e-08,2.4679531986033197e-09
P19,15,B,gamma,1799551287-γ-8,P19-T15-Bγ,5,72,C5,14,14,R5,R,False,72,True,R5,True,0.17638163172267055,True,0.901616096496582,valid,False,2.1758727152684586e-09,5.764098472377929e-09,1.2374015527025965e-09,2.0614991784417716e-10,2.745500970603449e-11,0.00019642901566626895,0.02103085686809685,0.3771526488450137,0.4252384241375748,0.17638163172267055
P19,15,B,gamma,1799551287-γ-8,P19-T15-Bγ,6,57,A3,5,5,L2,L,False,57,True,L2,True,0.9767706211846968,False,0.78810715675354,valid,False,0.0057177243408276235,0.9767706211846968,0.01651471572825186,0.0007899796018890273,0.00018126775329738667,2.11990677225762e-05,4.003167606760252e-06,4.1119789241292836e-07,5.224318845974708e-08,2.5714627172085486e-08
P19,15,B,gamma,1799551287-γ-8,P19-T15-Bγ,7,67,G4,11,11,R3,R,False,67,True,R3,True,0.7777234235006799,False,0.7583329677581787,valid,False,1.5400365920017985e-06,1.5011227941308594e-06,1.7502335619935965e-07,2.3467666029984905e-08,3.4275347834426937e-09,0.003717038093693914,0.10423956276659244,0.7777234235006799,0.10433403876820074,0.00998269379288983
P19,15,B,gamma,1799551287-γ-8,P19-T15-Bγ,8,62,D4,8,8,L4,L,False,62,True,L4,True,0.8764032930459348,False,1.6829521656036377,valid,False,2.4988139257844346e-05,0.007483002822377155,0.08174906436816509,0.8764032930459348,0.034154414691546196,0.00014812454655761651,2.087171594641227e-05,1.060794255844726e-05,3.6411311269744998e-06,1.991596529513592e-06
P19,15,B,gamma,1799551287-γ-8,P19-T15-Bγ,9,60,C4,7,7,L1,L,False,60,True,L1,True,0.9529465971647458,False,1.3539037704467773,valid,False,0.9529465971647458,0.04558409516924798,0.0011497664853405446,6.717587260968474e-05,2.191812991871142e-05,0.00018253832831611688,3.415203523575501e-05,1.0552288751354394e-05,2.163840500253791e-06,1.0406853339486675e-06
P19,15,B,gamma,1799551287-γ-8,P19-T15-Bγ,10,52,E3,2,2,L5,L,False,52,True,L5,True,0.7299889904304271,False,1.4019830226898193,valid,False,9.319770114881996e-06,0.0020650424637089935,0.029755960129886686,0.23818065787471965,0.7299889904304271,2.4774028590715665e-08,3.1832365513330388e-09,1.064320357322124e-09,2.206359964184893e-10,8.892130390847135e-11
P19,15,B,gamma,1799551287-γ-8,P19-T15-Bγ,11,59,B3,6,6,R1,R,False,59,True,R1,True,0.9840942930559456,False,1.1361639499664307,valid,False,1.643604843200873e-05,0.00024765805117398215,0.00019716318317139072,6.987301977841171e-05,1.1548987725736706e-05,0.9840942930559456,0.01475706157011413,0.0005125903549013647,5.679663026914084e-05,3.6579098488119905e-05
P19,15,B,gamma,1799551287-γ-8,P19-T15-Bγ,12,67,G4,11,12,R5,R,False,69,False,R5,True,0.5692581653123513,False,0.8332138061523438,valid,False,2.140270474959821e-08,3.3849793548180585e-08,1.5188063260475555e-08,4.743632445887145e-09,7.384908007376748e-10,7.612231328819825e-05,0.00101041356716231,0.03249727752345662,0.39715794536105686,0.5692581653123513
P19,15,B,gamma,1799551287-γ-8,P19-T15-Bγ,13,55,G3,4,5,L2,L,False,57,False,L2,True,0.9336434492711644,False,0.935847282409668,valid,False,0.002456565649900615,0.9336434492711644,0.05896984835997702,0.004467155434409906,0.00037086071757513927,2.858330269445543e-05,3.077730091008061e-05,2.2994745185251115e-05,8.099828006277402e-06,1.6653901767532523e-06
P19,15,B,gamma,1799551287-γ-8,P19-T15-Bγ,14,59,B3,6,7,R2,R,False,60,False,R3,False,0.048909774073547824,False,0.9735159873962402,valid,False,1.769665793188092e-05,0.00012333202613733845,6.761230756228878e-05,1.59672087509334e-05,1.4900476647320211e-06,0.0012540711223201198,0.048909774073547824,0.8680543348882417,0.07930408959147864,0.0022516320763645496
P19,15,B,gamma,1799551287-γ-8,P19-T15-Bγ,15,59,B3,6,6,L3,L,False,59,True,L3,True,0.7692752385719315,False,1.1006238460540771,valid,False,0.00018813863059791036,0.1509487923554199,0.7692752385719315,0.07688942329885894,0.0022693641902322946,8.271033832880835e-05,0.00013739189185082897,0.00015770293267319452,4.506117155546299e-05,6.176618551513145e-06
P19,15,B,gamma,1799551287-γ-8,P19-T15-Bγ,16,53,F3,3,2,L5,L,False,52,False,L5,True,0.8381106183856784,False,0.9149329662322998,valid,False,8.487372559060354e-06,0.0004496150340109551,0.010583616607458005,0.15084660074985534,0.8381106183856784,1.7445742961540957e-07,4.4482329572417846e-07,3.36518139848197e-07,9.277562131375318e-08,1.3275951817855945e-08
P19,15,B,gamma,1799551287-γ-8,P19-T15-Bγ,17,57,A3,5,6,R5,R,False,59,False,R5,True,0.8471267383364193,False,1.089252233505249,valid,False,5.824260331076583e-06,4.1903619116433496e-05,2.3223306089783952e-05,9.134431638302857e-06,2.4979780997432662e-06,0.0014957197559296853,0.0009653541209286258,0.004623648875556523,0.1457059553158906,0.8471267383364193
P19,15,B,gamma,1799551287-γ-8,P19-T15-Bγ,18,55,G3,4,4,L2,L,False,55,True,L2,True,0.9466316624064849,False,1.0440247058868408,valid,False,0.0076176934121364925,0.9466316624064849,0.04254122569220441,0.0028023927954721503,0.0003770016940315561,5.846877887565324e-06,1.3572760757474121e-05,7.928928678103325e-06,2.281779682772072e-06,3.936526645944218e-07
P19,15,B,gamma,1799551287-γ-8,P19-T15-Bγ,19,60,C4,7,7,L1,L,False,60,True,L1,True,0.9268467384136301,False,1.0444281101226807,valid,False,0.9268467384136301,0.06884022371826501,0.00342735292472031,0.00029873099917933425,9.746988905976847e-05,0.00044991927726463444,3.310276323997052e-05,3.169924213753591e-06,1.7987964945049926e-06,1.4932939326875294e-06
P19,15,B,gamma,1799551287-γ-8,P19-T15-Bγ,20,55,G3,4,4,L3,L,False,55,True,L3,True,0.8090498538064053,False,0.8286242485046387,valid,False,0.0004932314421138445,0.12910932384394988,0.8090498538064053,0.05781328088389876,0.003531112536692624,2.664516191407009e-06,4.2143246673367694e-07,8.513083123987704e-08,1.7288825164779722e-08,9.118625135752338e-09
P19,15,B,gamma,1799551287-γ-8,P19-T15-Bγ,21,50,D3,1,0,L5,L,False,48,False,L5,True,0.8764904298073527,False,1.4959969520568848,valid,False,2.31965237846669e-05,0.0027972291920217614,0.01960776743933282,0.10108136490623638,0.8764904298073527,6.935596213211366e-09,3.6929538573414444e-09,1.2395847936036099e-09,1.8806003778435257e-10,7.507676959966871e-11
P19,15,B,gamma,1799551287-γ-8,P19-T15-Bγ,22,67,G4,11,11,R3,R,False,67,True,R3,True,0.7253151392888506,False,1.2476019859313965,valid,False,1.1728472762261317e-07,5.604134125343214e-07,2.1807101820948367e-07,7.09780101194141e-08,1.2172286170779264e-08,0.002754276094316309,0.12015110012219164,0.7253151392888506,0.1360511700191361,0.015727335556050614
P19,15,B,gamma,1799551287-γ-8,P19-T15-Bγ,23,52,E3,2,2,L1,L,False,52,True,L1,True,0.9091389404741431,False,1.115645170211792,valid,False,0.9091389404741431,0.08934434349294426,0.0010969108734793778,0.0002815339970360207,0.00013703730818671097,9.8487162720824e-07,1.870123456609175e-07,5.294132984325039e-08,7.513600321876047e-09,1.515307475337627e-09
P19,15,B,gamma,1799551287-γ-8,P19-T15-Bγ,24,50,D3,1,1,L2,L,False,50,True,L3,False,0.2131370403647017,False,0.7733821868896484,valid,False,0.0009438395639896795,0.2131370403647017,0.7327197266674895,0.048267732057601966,0.004931500927400787,1.2323200486154285e-07,2.9511105923558786e-08,6.4874423917900166e-09,9.817209826646989e-10,2.0654211165549287e-10
P19,15,B,gamma,1799551287-γ-8,P19-T15-Bγ,25,52,E3,2,2,L4,L,False,52,True,L4,True,0.32925121487791387,True,0.9476730823516846,valid,False,6.368389436461696e-05,0.025103900924871542,0.6244186335038896,0.32925121487791387,0.021161939542118532,4.71869679164837e-07,1.0768484966942428e-07,3.976682364575415e-08,6.6227162274888e-09,1.3127731119406912e-09
P19,15,B,gamma,1799551287-γ-8,P19-T15-Bγ,26,65,F4,10,10,R5,R,False,65,True,R4,False,0.08268310921394631,False,0.9431769847869873,valid,False,6.762107577383006e-07,7.932355569858576e-07,1.9595397698351711e-07,4.190886502722905e-08,2.7408710543310195e-09,0.0022548425719600145,0.022706786967079295,0.11568371447457589,0.7766698367224106,0.08268310921394631
P19,15,B,gamma,1799551287-γ-8,P19-T15-Bγ,27,57,A3,5,5,R4,R,False,57,True,R3,False,0.12705128100206842,False,1.009817123413086,valid,False,0.0001809206924350673,0.0028887706370775207,0.0010296905264708292,0.00023857274109077373,2.1115285746707227e-05,0.0037160207074916755,0.04764376722150087,0.8140509546551662,0.12705128100206842,0.003178906530952212
P19,15,B,gamma,1799551287-γ-8,P19-T15-Bγ,28,62,D4,8,8,R2,R,False,62,True,R2,True,0.9381826060595949,False,0.7696390151977539,valid,False,1.5197933610101026e-05,3.1406043502278464e-05,9.274384519248763e-06,2.3761131433213274e-06,1.8403009709451757e-07,0.024611423937308453,0.9381826060595949,0.033917957911445355,0.002622018932711048,0.0006075546540683296
P19,15,B,gamma,1799551287-γ-8,P19-T15-Bγ,29,53,F3,3,3,L3,L,False,53,True,L3,True,0.7875073844166116,False,0.8217930793762207,valid,False,8.941183893644721e-05,0.07601953557608708,0.7875073844166116,0.13170177009797854,0.004670176778676959,6.23054462386747e-06,2.953256988896538e-06,1.9891657999158816e-06,4.920903557710425e-07,5.623394093641506e-08
P19,16,B,beta,1799551287-β-2,P19-T16-Bβ,0,57,A3,5,5,L1,L,False,57,True,L1,True,0.930993988710319,False,1.1668519973754883,valid,False,0.930993988710319,0.06643691298373211,0.002217217032336785,0.00026613617115472347,8.015867433227792e-05,4.029830557001666e-06,1.1147682771485968e-06,3.592592223064769e-07,7.300681325222923e-08,9.563255431023933e-09
P19,16,B,beta,1799551287-β-2,P19-T16-Bβ,1,60,C4,7,7,R5,R,False,60,True,R4,False,0.09803720863800712,False,1.185755729675293,valid,False,5.719842553066298e-06,1.1186512863319472e-06,2.2285414946357912e-07,3.888914881353544e-08,1.1871456945135351e-08,0.0019930319681027314,0.013752104247286831,0.0714537772035059,0.8147567658345025,0.09803720863800712
P19,16,B,beta,1799551287-β-2,P19-T16-Bβ,2,60,C4,7,7,R5,R,False,60,True,R5,True,0.2980735621993926,True,0.793389081954956,valid,False,7.590160785992541e-06,1.3393267690154144e-06,3.4937594959332524e-07,7.276147515729896e-08,2.0836812250917824e-08,0.002930179420644667,0.006354779983805315,0.09169678428371913,0.6009353216506461,0.2980735621993926
P19,16,B,beta,1799551287-β-2,P19-T16-Bβ,3,60,C4,7,7,L2,L,False,60,True,R2,False,2.107695409146078e-05,False,0.878032922744751,valid,False,3.9063142019973407e-05,2.107695409146078e-05,5.3772991102790666e-06,9.814591436807455e-07,2.4357411195798303e-07,0.03519717912444604,0.9353922320880264,0.027687081730239323,0.0013784586310100625,0.00027830599780061125
P19,16,B,beta,1799551287-β-2,P19-T16-Bβ,4,64,E4,9,9,R3,R,False,64,True,R3,True,0.6412403455227942,False,0.7793118953704834,valid,False,8.963946598443573e-07,2.8317784265572244e-07,9.206725768293673e-08,1.6804987419178556e-08,3.3142920818919493e-09,0.005563317671940439,0.2455263665009007,0.6412403455227942,0.10184014119184265,0.005828537353482478
P19,16,B,beta,1799551287-β-2,P19-T16-Bβ,5,59,B3,6,6,L5,L,False,59,True,L5,True,0.6110059724477118,False,1.2456858158111572,valid,False,1.3639085965260109e-05,0.0024815247380027207,0.023116936071404512,0.36325560555267516,0.6110059724477118,9.969821326901308e-05,1.5213722652985072e-05,8.334010620847651e-06,2.7051500165071507e-06,3.710076812591739e-07
P19,16,B,beta,1799551287-β-2,P19-T16-Bβ,6,57,A3,5,4,L4,L,False,55,False,L4,True,0.7704451409760728,False,0.7162671089172363,valid,False,3.3585227145260186e-05,0.014187653334511833,0.17303883979157256,0.7704451409760728,0.042290211962289645,3.4508495672404476e-06,6.649230172172622e-07,3.3780844732280903e-07,9.775643334171607e-08,1.7370943011648793e-08
P19,16,B,beta,1799551287-β-2,P19-T16-Bβ,7,60,C4,7,7,R3,R,False,60,True,R3,True,0.8240123275848631,False,0.8940427303314209,valid,False,6.2481212882031495e-06,0.0011155039873591032,0.0009481407194059157,0.00025210662652816994,1.4098489482439549e-05,0.004221179838245781,0.053916305963249464,0.8240123275848631,0.11147587118426265,0.004038217485314992
P19,16,B,beta,1799551287-β-2,P19-T16-Bβ,8,60,C4,7,7,R3,R,False,60,True,R3,True,0.8227471697074527,False,0.7351760864257812,valid,False,1.0776976766144977e-05,0.0017833398754092498,0.0016772930967452267,0.0004475642885878729,2.7081671351744386e-05,0.0036618394836812193,0.03946572878356705,0.8227471697074527,0.12423013425837497,0.005949071858064005
P19,16,B,beta,1799551287-β-2,P19-T16-Bβ,9,65,F4,10,10,R1,R,False,65,True,R1,True,0.9711942699500434,False,0.8533048629760742,valid,False,1.3757941880969797e-06,1.546288808229225e-05,5.216695153667595e-06,1.0038217708575086e-06,7.911216479514628e-08,0.9711942699500434,0.02653664267451591,0.0016795510411980173,0.0003390955070121779,0.00022730251587088163
P19,16,B,beta,1799551287-β-2,P19-T16-Bβ,10,60,C4,7,7,L5,L,False,60,True,L5,True,0.7750968695985854,False,0.9849982261657715,valid,False,1.670822162076067e-05,0.001801035746819547,0.011235150158974002,0.2117453562266971,0.7750968695985854,8.625386914514437e-05,1.2437838193533868e-05,4.3962121429502775e-06,1.3241136517947632e-06,4.680141696723965e-07
P19,16,B,beta,1799551287-β-2,P19-T16-Bβ,11,57,A3,5,5,L4,L,False,57,True,L3,True,0.4380518372822672,False,0.6984429359436035,valid,False,3.5342033021933144e-05,0.05056515899284763,0.49766246064403624,0.4380518372822672,0.013676330221327887,6.924081219591792e-06,1.3200601930208633e-06,5.054416569666214e-07,9.050749050701535e-08,3.073593881353416e-08
P19,16,B,beta,1799551287-β-2,P19-T16-Bβ,12,52,E3,2,2,L3,L,False,52,True,L3,True,0.746968571672857,False,0.7742300033569336,valid,False,4.976817565600127e-05,0.07969182390176671,0.746968571672857,0.16776609797199496,0.005523703081693712,2.8144375311666535e-08,4.911275428526218e-09,1.7359132946017077e-09,3.1084330677267615e-10,9.362420481157913e-11
P19,16,B,beta,1799551287-β-2,P19-T16-Bβ,13,55,G3,4,5,L4,L,False,57,False,L3,True,0.4229116636759066,False,0.8108289241790771,valid,False,4.100754617004378e-05,0.034909131579214596,0.5287166178664815,0.4229116636759066,0.01340612221960373,1.2090002613630584e-05,2.6632301506497845e-06,5.596407205609662e-07,1.0430246624450768e-07,3.9936672314681287e-08
P19,16,B,beta,1799551287-β-2,P19-T16-Bβ,14,60,C4,7,7,R2,R,False,60,True,R2,True,0.9690497164384793,False,0.8533740043640137,valid,False,1.1612445338404535e-05,7.118597102336232e-05,2.3874883500527585e-05,5.183624134547797e-06,2.588503090956927e-07,0.013414227769656648,0.9690497164384793,0.016384174796447378,0.0008490101967205687,0.00019075502439011102
P19,16,B,beta,1799551287-β-2,P19-T16-Bβ,15,57,A3,5,5,L5,L,False,57,True,L5,True,0.636707300840455,False,0.9256420135498047,valid,False,7.539432024293097e-06,0.002236501997652285,0.031426082836249,0.32955395405818416,0.636707300840455,5.849168240904314e-05,7.955736370367703e-06,1.9042063976623928e-06,2.2856499493335179e-07,4.0645263192637215e-08
P19,16,B,beta,1799551287-β-2,P19-T16-Bβ,16,62,D4,8,8,R1,R,False,62,True,R1,True,0.9366310070618606,False,0.7362179756164551,valid,False,5.204889167657362e-06,2.7194024220473128e-05,1.727238427693244e-05,5.3918482944864805e-06,6.897875147921557e-07,0.9366310070618606,0.059281032737416306,0.003463533816746923,0.00041573360442863453,0.0001529398460733954
P19,16,B,beta,1799551287-β-2,P19-T16-Bβ,17,67,G4,11,11,R2,R,False,67,True,R2,True,0.8838712477498837,False,1.0974738597869873,valid,False,2.1821191625775764e-08,1.375806556726536e-07,4.914174970109155e-08,1.4633368636007033e-08,1.7779780289612187e-09,0.07177488562268938,0.8838712477498837,0.04062206552004784,0.0028988421675133105,0.0008327339849222358
P19,16,B,beta,1799551287-β-2,P19-T16-Bβ,18,60,C4,7,7,R1,R,False,60,True,R1,True,0.9925697440688277,False,0.764369010925293,valid,False,3.884508175593767e-06,0.0002553797358663986,0.00018681660302288016,6.0136441359824476e-05,6.364879814569241e-06,0.9925697440688277,0.006425646711450518,0.000390743978930832,6.722549464483192e-05,3.4057577907253806e-05
P19,16,B,beta,1799551287-β-2,P19-T16-Bβ,19,59,B3,6,6,L3,L,False,59,True,L3,True,0.774541840220093,False,0.7942459583282471,valid,False,0.00024447676712133464,0.17645692518520306,0.774541840220093,0.04628768756296498,0.0009016386016062088,0.0009958811101227674,0.0004723115557847805,8.834083111390948e-05,9.404632756006966e-06,1.493533234074167e-06
P19,16,B,beta,1799551287-β-2,P19-T16-Bβ,20,64,E4,9,9,R4,R,False,64,True,R4,True,0.3311859701641468,True,0.7117502689361572,valid,False,4.274125924936126e-06,3.936594817719513e-06,1.1228986442855827e-06,1.4789456712213946e-07,1.4774159203056738e-08,0.010825395417482432,0.14531668243794157,0.49407140980315906,0.3311859701641468,0.01859104588915687
P19,16,B,beta,1799551287-β-2,P19-T16-Bβ,21,60,C4,7,7,R3,R,False,60,True,R3,True,0.7498680162324597,False,0.769127368927002,valid,False,2.1957372798744962e-05,0.0005574341507769515,0.00024913789459264917,4.837478427045845e-05,3.3143811975885425e-06,0.006958035736086683,0.18481249383565368,0.7498680162324597,0.05569538075406898,0.0017858548580946146
P19,16,B,beta,1799551287-β-2,P19-T16-Bβ,22,65,F4,10,10,R4,R,False,65,True,R4,True,0.26905920251744386,True,0.7766869068145752,valid,False,3.82981923254024e-07,1.940365957012931e-06,7.145648272805103e-07,1.030464192938359e-07,6.7493586703007716e-09,0.007068527743885285,0.11112449811025929,0.5988022673901149,0.26905920251744386,0.013942356529811094
P19,16,B,beta,1799551287-β-2,P19-T16-Bβ,23,62,D4,8,8,R3,R,False,62,True,R2,False,0.13924273587317698,False,0.7668850421905518,valid,False,1.0788210580938513e-05,0.00012781148712840885,5.429191852993382e-05,9.461374589114874e-06,5.668189536087348e-07,0.013001980734277097,0.8423694640130867,0.13924273587317698,0.0046469854143099155,0.000535914155367402
P19,16,B,beta,1799551287-β-2,P19-T16-Bβ,24,62,D4,8,8,R3,R,False,62,True,R3,True,0.7582434357527861,False,0.7515029907226562,valid,False,7.53203442104144e-06,0.00010553267722375919,3.747532913860858e-05,6.577923109563248e-06,3.9524021175925477e-07,0.004213339774612061,0.19461134934024368,0.7582434357527861,0.04089486436143835,0.0018794975668151965
P19,16,B,beta,1799551287-β-2,P19-T16-Bβ,25,57,A3,5,5,L4,L,False,57,True,L4,True,0.6885315237099998,False,0.9689891338348389,valid,False,5.404760908451784e-05,0.013638045220892773,0.24494829756717673,0.6885315237099998,0.05263973976110859,0.00010883233205345729,3.9181287909682094e-05,3.1075713260511997e-05,8.620829447929452e-06,6.359690659859211e-07
P19,16,B,beta,1799551287-β-2,P19-T16-Bβ,26,52,E3,2,2,L2,L,False,52,True,L2,True,0.9153104216911307,False,1.0511376857757568,valid,False,0.0010609346585644332,0.9153104216911307,0.07364551658301709,0.009449885214729063,0.000528437200450174,3.7838037193122986e-06,5.938603708602618e-07,3.4847572582346496e-07,7.180875869025547e-08,6.703533911739189e-09
P19,16,B,beta,1799551287-β-2,P19-T16-Bβ,27,55,G3,4,4,L4,L,False,55,True,L4,True,0.5587624575492003,False,1.0609002113342285,valid,False,2.3922882066048626e-05,0.015502863102280957,0.4149309748410728,0.5587624575492003,0.010718849027037859,4.393410197335453e-05,1.0084667759024039e-05,5.6018992576405295e-06,1.2087535654394822e-06,1.0317578667778291e-07
P19,16,B,beta,1799551287-β-2,P19-T16-Bβ,28,59,B3,6,6,L2,L,False,59,True,L2,True,0.952220951454553,False,0.7522871494293213,valid,False,0.001668293230363064,0.952220951454553,0.0350707365982737,0.0017221131778288395,6.842027755489725e-05,0.006425987428902079,0.002025225684880784,0.0006958418076012027,8.693166468026349e-05,1.5498675362321314e-05
P19,16,B,beta,1799551287-β-2,P19-T16-Bβ,29,64,E4,9,9,R1,R,False,64,True,R1,True,0.9856480090872257,False,0.6495039463043213,valid,False,0.00014692619101049057,0.0004519147324229673,5.2359847642239986e-05,4.2853047603195565e-06,9.844548510388039e-08,0.9856480090872257,0.012594992346109717,0.0007358708156392508,0.00020459953506262737,0.00016094369464152584
P19,17,A,alpha,1799551287-α-5,P19-T17-Aα,0,60,C4,7,7,R5,R,False,60,True,R2,False,0.00039607899844203273,False,2.1697890758514404,valid,False,5.994403848648135e-06,5.830014484249009e-06,1.262866989366698e-06,3.287568708447588e-07,6.476385998446706e-08,0.009792394466505877,0.9359911389773168,0.05048145340550667,0.0033254533461756566,0.00039607899844203273
P19,17,A,alpha,1799551287-α-5,P19-T17-Aα,1,62,D4,8,8,R4,R,False,62,True,R3,False,0.04066135280327946,False,0.6085090637207031,valid,False,2.9993151808155943e-06,1.3447967625747791e-06,2.6732207206574907e-07,4.896549158978185e-08,1.0724109259779045e-08,0.004597211401461701,0.12970700235908125,0.8228900101452223,0.04066135280327946,0.002139752167338984
P19,17,A,alpha,1799551287-α-5,P19-T17-Aα,2,59,B3,6,6,L1,L,False,59,True,R2,False,4.527189447793833e-05,False,0.6801800727844238,valid,False,4.527189447793833e-05,7.080285612428841e-05,2.0146035686212814e-05,4.824136134996117e-06,7.503518333240846e-07,0.00932643366871629,0.9656994895059743,0.023402730377288104,0.0012127041470363276,0.00021684702672817107
P19,17,A,alpha,1799551287-α-5,P19-T17-Aα,3,57,A3,5,5,L2,L,False,57,True,L2,True,0.9607145249144285,False,0.7623591423034668,valid,False,0.0010833194589642875,0.9607145249144285,0.0353479663248223,0.0019064461624664806,0.00013532296941008305,0.0008075821661167585,4.182020447461582e-06,4.6440240054563763e-07,1.0571548894010259e-07,8.5865454912342e-08
P19,17,A,alpha,1799551287-α-5,P19-T17-Aα,4,59,B3,6,6,L3,L,False,59,True,R2,False,0.0005422503577822956,False,0.5689170360565186,valid,False,0.00021029574648642797,0.004263852317522353,0.0005422503577822956,7.903920721332496e-05,7.928387712626802e-06,0.012987357788666132,0.9438800353303408,0.03674405362716546,0.0011319891631015341,0.00015319807400912216
P19,17,A,alpha,1799551287-α-5,P19-T17-Aα,5,57,A3,5,5,L4,L,False,57,True,L3,False,0.04226000859220662,False,0.6152050495147705,valid,False,0.0001167177302416779,0.1057208651147877,0.8506137974226993,0.04226000859220662,0.0012335638932378565,5.229507009731166e-05,2.314739403389636e-06,3.7098089035317584e-07,5.241343939652044e-08,1.4042996405310985e-08
P19,17,A,alpha,1799551287-α-5,P19-T17-Aα,6,59,B3,6,6,L3,L,False,59,True,R2,False,0.006676696626785513,False,0.5701339244842529,valid,False,7.910293169619771e-05,0.006838762022008019,0.006676696626785513,0.002403605627526345,0.0002540960085525187,0.010324977557254885,0.9073932383469063,0.06246247429936758,0.003236737782122445,0.000330308797780487
P19,17,A,alpha,1799551287-α-5,P19-T17-Aα,7,57,A3,5,5,L2,L,False,57,True,L3,False,0.12840468418532885,False,0.5397112369537354,valid,False,0.0007365946048143379,0.12840468418532885,0.8299599689030907,0.03996167263466208,0.0009063628444062076,2.861746327216921e-05,1.6753954984698677e-06,3.544961302199547e-07,5.197160073851257e-08,1.750119618027603e-08
P19,17,A,alpha,1799551287-α-5,P19-T17-Aα,8,60,C4,7,7,R3,R,False,60,True,R2,False,0.024463619650552503,False,0.5837640762329102,valid,False,0.0001330225821576065,0.004664823583859218,0.003518953389949281,0.000861479103103086,5.3803452898176705e-05,0.016398454650356727,0.9490172276674328,0.024463619650552503,0.0007536607859234571,0.00013495513376726194
P19,17,A,alpha,1799551287-α-5,P19-T17-Aα,9,62,D4,8,8,R2,R,False,62,True,R2,True,0.9391036505512157,False,0.45926499366760254,valid,False,0.00012887854995828984,0.0017084324614305365,0.0008677382788406393,0.00020242817517714882,1.203832377958757e-05,0.0230889246019097,0.9391036505512157,0.03309403478248306,0.0014613388675772782,0.00033253540762801225
P19,17,A,alpha,1799551287-α-5,P19-T17-Aα,10,64,E4,9,9,R1,R,False,64,True,R3,False,0.00478140976475919,False,0.5079221725463867,valid,False,1.6452898588102352e-05,0.00010602584167990165,4.730086753528123e-05,1.0652032117733888e-05,5.772449008850191e-07,0.00478140976475919,0.12210626381560483,0.8002239936195612,0.06974820464418804,0.0029591192710648447
P19,17,A,alpha,1799551287-α-5,P19-T17-Aα,11,59,B3,6,6,L1,L,False,59,True,L3,False,0.00029713274911986355,False,0.5929577350616455,valid,False,0.00029713274911986355,0.0981126249108415,0.851009870058089,0.04970869330115721,0.0007972030912818058,6.914653166030864e-05,3.4615760366295805e-06,1.396793155100576e-06,3.309390715805089e-07,1.400495867934092e-07
P19,17,A,alpha,1799551287-α-5,P19-T17-Aα,12,62,D4,8,8,R2,R,False,62,True,R2,True,0.9534993433187618,False,0.5113701820373535,valid,False,8.330602108940934e-05,0.0013182164986397693,0.00033992509791431114,3.908024296432669e-05,2.2430404450868247e-06,0.02220103115746884,0.9534993433187618,0.02133051627438774,0.0009803346719112003,0.00020600367641731041
P19,17,A,alpha,1799551287-α-5,P19-T17-Aα,13,60,C4,7,7,R3,R,False,60,True,R2,False,0.03403088929347757,False,0.5447721481323242,valid,False,0.0007127956277009306,0.012619898119434725,0.003904927288041915,0.0005128470956010522,3.100999701481271e-05,0.02281158727783763,0.9236936034322928,0.03403088929347757,0.0014437856979046262,0.00023865617069386194
P19,17,A,alpha,1799551287-α-5,P19-T17-Aα,14,57,A3,5,5,L3,L,False,57,True,L2,False,0.11383655888392613,False,0.6245021820068359,valid,False,0.006925508684140922,0.8754724869214532,0.11383655888392613,0.0035070096600910857,0.0002393734177449229,1.7999900814075292e-05,9.229079029412624e-07,1.156159917531436e-07,1.444393038326976e-08,9.564004456281832e-09
P19,17,A,alpha,1799551287-α-5,P19-T17-Aα,15,55,G3,4,4,L4,L,False,55,True,L3,False,0.16303558557939385,False,0.4076662063598633,valid,False,0.0003460201361766986,0.08428899076066915,0.7479224220026284,0.16303558557939385,0.004404363716035246,2.474491613118689e-06,9.829332912817977e-08,3.6336030206008026e-08,6.006305395439109e-09,2.6778187650040953e-09
P19,17,A,alpha,1799551287-α-5,P19-T17-Aα,16,60,C4,7,7,R3,R,False,60,True,R2,False,0.029740997099822752,False,0.5150649547576904,valid,False,0.00032805742641599185,0.008344116569707316,0.004835451862656185,0.0012306835176265356,6.243259838852662e-05,0.01768163389296658,0.9362977597606372,0.029740997099822752,0.0012617838424333204,0.00021708342934556612
P19,17,A,alpha,1799551287-α-5,P19-T17-Aα,17,55,G3,4,4,L4,L,False,55,True,L3,False,0.06146309923153813,False,0.4649538993835449,valid,False,0.00021530197078852448,0.1280583895503535,0.8077195698152606,0.06146309923153813,0.0024955754891565667,4.462651409674544e-05,2.312941576269789e-06,1.0265382930063283e-06,7.62446721956142e-08,2.170426457700559e-08
P19,17,A,alpha,1799551287-α-5,P19-T17-Aα,18,57,A3,5,5,L3,L,False,57,True,R2,False,0.11842937060162238,False,0.5919930934906006,valid,False,0.0004516977808740804,0.05895109024227071,0.11842937060162238,0.03425150791603432,0.002303858699118275,0.009759485631834227,0.7453971403049664,0.028967284994927702,0.0013856468766793174,0.00010291695167248877
P19,17,A,alpha,1799551287-α-5,P19-T17-Aα,19,62,D4,8,8,R1,R,False,62,True,R2,False,0.013970724121166532,False,0.4601900577545166,valid,False,0.0002579154797074842,0.0016674601204472225,0.0006704057919259868,0.00015087966238368382,8.998824903977893e-06,0.013970724121166532,0.9304163282906668,0.050247661369156545,0.0023093451648793298,0.00030028117476258543
P19,17,A,alpha,1799551287-α-5,P19-T17-Aα,20,64,E4,9,9,R2,R,False,64,True,R3,False,0.19439604992552034,False,0.5006160736083984,valid,False,3.880177112768754e-05,0.00012195534118801112,4.827153622549338e-05,1.0515605012805346e-05,5.444047395119162e-07,0.006276379639390243,0.19439604992552034,0.7277063289462629,0.06871019400046795,0.0026909588300653786
P19,17,A,alpha,1799551287-α-5,P19-T17-Aα,21,62,D4,8,8,R3,R,False,62,True,R2,False,0.05821723467748846,False,0.47202587127685547,valid,False,0.00027412610860947685,0.0017417449292584809,0.0008233059830829729,0.00018056183979392194,9.123145610869964e-06,0.015551878565187652,0.9198231647863365,0.05821723467748846,0.003016754061777917,0.00036210590285375507
P19,17,A,alpha,1799551287-α-5,P19-T17-Aα,22,59,B3,6,6,L3,L,False,59,True,L3,True,0.8426153046095145,False,0.4841451644897461,valid,False,0.0007683657001736415,0.1011404872209572,0.8426153046095145,0.05467928254395869,0.0006254560809541887,0.0001421550336712256,2.367135794871694e-05,4.4117250991544685e-06,6.467896145412544e-07,2.1893810786655646e-07
P19,17,A,alpha,1799551287-α-5,P19-T17-Aα,23,57,A3,5,5,L4,L,False,57,True,L3,False,0.12528873402173574,False,0.48681211471557617,valid,False,0.0006302980075183739,0.13246430829989925,0.7392737196185871,0.12528873402173574,0.0022948639629232063,4.011587699511719e-05,6.013870292851563e-06,1.6720802615001098e-06,2.0070251678972078e-07,7.355927016831446e-08
P19,17,A,alpha,1799551287-α-5,P19-T17-Aα,24,55,G3,4,4,L5,L,False,55,True,L4,False,0.028066090893219982,False,0.42196202278137207,valid,False,8.109830931411572e-05,0.019729497430540043,0.3055101845665966,0.646610493847728,0.028066090893219982,2.22899503319547e-06,3.002495306251818e-07,9.043342075366027e-08,1.1297866444598487e-08,3.9767502533219594e-09
P19,17,A,alpha,1799551287-α-5,P19-T17-Aα,25,57,A3,5,5,L4,L,False,57,True,L2,False,0.006375717529709122,False,0.47176694869995117,valid,False,0.0016469620592451627,0.8734899625089285,0.11821401148048405,0.006375717529709122,0.00024424450311803656,2.496048705211943e-05,3.065626390571518e-06,8.871438955288531e-07,1.4089391007435942e-07,4.7767266805583045e-08
P19,17,A,alpha,1799551287-α-5,P19-T17-Aα,26,55,G3,4,4,L5,L,False,55,True,L3,False,0.0018924075241067047,False,0.3689229488372803,valid,False,0.00039579702982298136,0.1728100537211666,0.727902373112562,0.09699643105449512,0.0018924075241067047,2.511059396917616e-06,3.1208942166859037e-07,9.399952740560608e-08,1.492876299782531e-08,5.4807374077278855e-09
P19,17,A,alpha,1799551287-α-5,P19-T17-Aα,27,53,F3,3,3,L4,L,False,53,True,L4,True,0.5574034427730281,False,0.5129170417785645,valid,False,9.952411294425622e-05,0.03178380057045733,0.3888871860932304,0.5574034427730281,0.021825542622217284,4.3045816549703885e-07,5.345284425747516e-08,1.6756728003588586e-08,2.360326246388941e-09,8.000586063198199e-10
P19,17,A,alpha,1799551287-α-5,P19-T17-Aα,28,64,E4,9,9,R2,R,False,64,True,R2,True,0.9232706071457799,False,0.5266890525817871,valid,False,4.257596276613116e-05,0.00017976921823819263,3.823003146076046e-05,5.643731255250349e-06,2.2215613341089108e-07,0.027328288478631797,0.9232706071457799,0.045966936840006196,0.0025803430977253522,0.0005873833380033255
P19,17,A,alpha,1799551287-α-5,P19-T17-Aα,29,65,F4,10,10,R1,R,False,65,True,R3,False,0.027377590465965128,False,0.44913196563720703,valid,False,2.0373370861104013e-05,3.599533308928441e-05,1.2322361449480496e-05,2.028074113403373e-06,7.588162071934838e-08,0.027377590465965128,0.45585814608448194,0.4735993039999077,0.039660733355171264,0.003433431073339864
P19,18,C,alpha,1799551287-α-7,P19-T18-Cα,0,60,C4,7,7,L3,L,False,60,True,L3,True,0.8100372361188594,False,0.827674150466919,valid,False,0.0003351127636158284,0.09339205313207913,0.8100372361188594,0.09457896763177966,0.0016566303536660369,,,,,
P19,18,C,alpha,1799551287-α-7,P19-T18-Cα,1,59,B3,6,6,L4,L,False,59,True,L4,True,0.6299859345238843,False,0.5258240699768066,valid,False,5.164674998940747e-05,0.023110703219111482,0.33080997769992027,0.6299859345238843,0.01604173780709457,,,,,
P19,18,C,alpha,1799551287-α-7,P19-T18-Cα,2,64,E4,9,9,R1,R,False,64,True,R1,True,0.6752128427324383,False,0.7268009185791016,valid,False,5.881992084256964e-06,5.286526992206988e-06,1.0333020146113573e-06,2.285446685917252e-07,1.4631423770767252e-08,0.6752128427324383,0.3157743776318832,0.007652466114024178,0.0008825215808395111,0.00046534694363116875
P19,18,C,alpha,1799551287-α-7,P19-T18-Cα,3,65,F4,10,10,R2,R,False,65,True,R2,True,0.9037628398005022,False,0.34757399559020996,valid,False,3.6889197976230514e-07,2.848532110187674e-07,3.971993564409148e-08,8.827864592047144e-09,9.254026652945458e-10,0.05639612435969665,0.9037628398005022,0.036839365224015576,0.002240204106345664,0.0007607632910464069
P19,18,C,alpha,1799551287-α-7,P19-T18-Cα,4,64,E4,9,9,R3,R,False,64,True,R3,True,0.7185770975171774,False,0.3578481674194336,valid,False,2.844002333832961e-06,4.961436887693986e-06,7.833414255930544e-07,1.9540489770771367e-07,1.6822920707339372e-08,0.01264514065205725,0.14507821389942405,0.7185770975171774,0.11814888691689153,0.005541860005984228
P19,18,C,alpha,1799551287-α-7,P19-T18-Cα,5,62,D4,8,8,R2,R,False,62,True,R2,True,0.9442125957299135,False,0.3954179286956787,valid,False,1.2725369105228094e-05,4.36206196316959e-05,8.497415198728855e-06,1.8085004247969593e-06,1.3844112120674537e-07,0.025443247454310716,0.9442125957299135,0.0286871813986903,0.0013722481521063722,0.00021793691949751226
P19,18,C,alpha,1799551287-α-7,P19-T18-Cα,6,64,E4,9,9,R4,R,False,64,True,R4,True,0.6694498894498219,False,0.5735509395599365,valid,False,2.1616597493921042e-06,4.313687828952047e-06,1.03427077772364e-06,1.8036208165045273e-07,1.2577429054124558e-08,0.0033677602646399363,0.01793938006488011,0.28948980999536383,0.6694498894498219,0.019745457667427555
P19,18,C,alpha,1799551287-α-7,P19-T18-Cα,7,60,C4,7,7,L3,L,False,60,True,L3,True,0.7972493190856405,False,0.7213459014892578,valid,False,0.0004993375080596884,0.152250464424434,0.7972493190856405,0.04392857455834484,0.0013035858382486486,0.004249317161106934,0.0004954955401023859,1.9550804924194044e-05,2.867046013061668e-06,1.4880331258159002e-06
P19,18,C,alpha,1799551287-α-7,P19-T18-Cα,8,59,B3,6,6,L2,L,False,59,True,L2,True,0.9481720543187042,False,0.4501612186431885,valid,False,0.0018786741342160537,0.9481720543187042,0.04796954259701924,0.0016662344835681317,0.00015036993050010595,0.00014756510115006229,1.3971568171977278e-05,1.2439870188598121e-06,2.227559635191285e-07,1.2112368761604026e-07
P19,18,C,alpha,1799551287-α-7,P19-T18-Cα,9,62,D4,8,8,R5,R,False,62,True,R5,True,0.2044112688743832,True,0.6241919994354248,valid,False,8.142132746426963e-06,0.00014464304711808788,3.579203016490143e-05,4.4222951687697245e-06,4.7575020295648427e-07,0.0002542105779348808,0.00475528618193701,0.3354601139853253,0.4549256451250183,0.2044112688743832
P19,18,C,alpha,1799551287-α-7,P19-T18-Cα,10,64,E4,9,9,R4,R,False,64,True,R4,True,0.6001663336027429,False,0.49942612648010254,valid,False,4.542595242365481e-06,7.124237017392028e-05,2.6857387976767186e-05,4.975412817646701e-06,3.0900929673082487e-07,0.001918840614500565,0.034158244462623465,0.3428204495707982,0.6001663336027429,0.02082820497382745
P19,18,C,alpha,1799551287-α-7,P19-T18-Cα,11,60,C4,7,7,L2,L,False,60,True,L2,True,0.9758852415173676,False,0.5650999546051025,valid,False,0.0017089742539608958,0.9758852415173676,0.019607131244080762,0.0010160203099317854,7.546346395707025e-05,0.0013318664653813133,0.00020811686772566278,0.00015682555111773153,8.843526773488487e-06,1.5167997038985255e-06
P19,18,C,alpha,1799551287-α-7,P19-T18-Cα,12,59,B3,6,6,L3,L,False,59,True,L3,True,0.7754503954320551,False,0.45100998878479004,valid,False,0.0004551976624035312,0.17007153109430215,0.7754503954320551,0.050424625867042494,0.0016915487083570856,0.0012804923653403247,0.0003932759440585072,0.0002090875249169513,2.0165523698921503e-05,3.6798778250418884e-06
P19,18,C,alpha,1799551287-α-7,P19-T18-Cα,13,62,D4,8,8,R1,R,False,62,True,R1,True,0.43697741476278945,True,0.6930887699127197,valid,False,7.974742995409623e-06,0.0004485315107885019,0.00028183075218074846,6.169070041575725e-05,3.941787187034787e-06,0.43697741476278945,0.5127977466020306,0.04294333737686359,0.005154558719061847,0.0013229730456871388
P19,18,C,alpha,1799551287-α-7,P19-T18-Cα,14,64,E4,9,9,R2,R,False,64,True,R2,True,0.9316859004687827,False,0.5185270309448242,valid,False,2.7797508672002837e-06,7.978077272955027e-05,3.1671484598782735e-05,6.459981624801746e-06,5.361589017108206e-07,0.04076315406424599,0.9316859004687827,0.02545712695246486,0.0014873495957406023,0.0004852407700437405
P19,18,C,alpha,1799551287-α-7,P19-T18-Cα,15,62,D4,8,8,R1,R,False,62,True,R1,True,0.7297413288644503,False,0.5866129398345947,valid,False,7.282907025597354e-06,0.0004235525297240943,0.00024230921058113008,5.436049612300794e-05,4.246226278881749e-06,0.7297413288644503,0.24781689016055938,0.018406247174173294,0.002491014674639846,0.0008127677564444664
P19,18,C,alpha,1799551287-α-7,P19-T18-Cα,16,64,E4,9,9,R2,R,False,64,True,R2,True,0.8869120515396928,False,0.4305131435394287,valid,False,3.2857936078408595e-06,9.167867232113636e-05,4.0565456738760876e-05,8.025294487112855e-06,5.967855199057517e-07,0.03481222900334815,0.8869120515396928,0.07136059488830472,0.005516512265719859,0.0012544603002597888
P19,18,C,alpha,1799551287-α-7,P19-T18-Cα,17,65,F4,10,10,R1,R,False,65,True,R1,True,0.8085010822411205,False,0.588975191116333,valid,False,1.7236017580742667e-06,2.6245389785822217e-05,9.443678404929056e-06,1.7896359474610407e-06,1.3865523471843656e-07,0.8085010822411205,0.17682879729986323,0.011648553597644676,0.0019254929590802273,0.0010567329411603483
P19,18,C,alpha,1799551287-α-7,P19-T18-Cα,18,64,E4,9,9,R2,R,False,64,True,R2,True,0.9257402928797214,False,0.4563288688659668,valid,False,2.821092623292605e-06,7.711271426875985e-05,3.379934263490493e-05,6.461755580468966e-06,5.150665856360845e-07,0.031136474078871067,0.9257402928797214,0.039275217973511835,0.0030361605312963546,0.0006911445649064705
P19,18,C,alpha,1799551287-α-7,P19-T18-Cα,19,62,D4,8,8,R1,R,False,62,True,R1,True,0.8713076986525815,False,0.5389139652252197,valid,False,8.431454565501252e-06,0.000486223771974497,0.0002678128013099937,5.33895237664195e-05,4.414700448245725e-06,0.8713076986525815,0.1179186741833883,0.00776786370411773,0.0013909614309978642,0.0007945297768500982
P19,18,C,alpha,1799551287-α-7,P19-T18-Cα,20,57,A3,5,5,L3,L,False,57,True,L3,True,0.8531057023031736,False,0.5185990333557129,valid,False,0.00015615714074466863,0.09710490921241008,0.8531057023031736,0.046011136182169975,0.0035241491258714086,5.891511443814459e-05,3.5859777350515646e-05,2.76388897562043e-06,2.7161727984658537e-07,1.3563758621225533e-07
P19,18,C,alpha,1799551287-α-7,P19-T18-Cα,21,59,B3,6,6,L2,L,False,59,True,L2,True,0.9632054401643517,False,0.5037927627563477,valid,False,0.0009653590277942796,0.9632054401643517,0.033457190381089644,0.0018781114471389266,0.0003229927425523104,0.0001253709883207352,3.6896042149310545e-05,6.937596454091934e-06,1.194851609511419e-06,5.067585395161421e-07
P19,18,C,alpha,1799551287-α-7,P19-T18-Cα,22,64,E4,9,9,R5,R,False,64,True,R5,True,0.3111009474360158,True,0.6365740299224854,valid,False,2.5579347615834823e-06,4.379750276071621e-05,1.0556681725404845e-05,1.3825614042079105e-06,1.3580587705227755e-07,0.0011108823753839658,0.013706473504345494,0.33701163309886295,0.33701163309886295,0.3111009474360158
P19,18,C,alpha,1799551287-α-7,P19-T18-Cα,23,65,F4,10,10,R4,R,False,65,True,R4,True,0.2678789833500087,True,0.5882251262664795,valid,False,2.0448942206403903e-06,2.5063894398494764e-05,7.037055542458847e-06,1.0569176484800524e-06,8.794887475016244e-08,0.008697453591975317,0.11106225881271957,0.5961756413283967,0.2678789833500087,0.016150372206214802
P19,18,C,alpha,1799551287-α-7,P19-T18-Cα,24,60,C4,7,7,L2,L,False,60,True,L2,True,0.9674384701291273,False,0.5638110637664795,valid,False,0.0021268708735321237,0.9674384701291273,0.028635632275511726,0.0014838674570733762,0.0001517762057177522,0.00012782278925640154,1.9849844738888586e-05,1.2423788621732703e-05,2.984248066194535e-06,3.02388354248686e-07
P19,18,C,alpha,1799551287-α-7,P19-T18-Cα,25,59,B3,6,6,L1,L,False,59,True,L1,True,0.6764232292745428,False,1.14304780960083,valid,False,0.6764232292745428,0.30393654891475613,0.017757695281296705,0.0015477758407202284,0.00019336396421701745,0.00011131148147290128,1.1645775988758322e-05,1.5054772198619941e-05,2.939594639256091e-06,4.3510016767845883e-07
P19,18,C,alpha,1799551287-α-7,P19-T18-Cα,26,60,C4,7,7,L2,L,False,60,True,L2,True,0.957864038793346,False,0.523914098739624,valid,False,0.003269724877247874,0.957864038793346,0.036042754038075026,0.0017944630594597447,0.0001988321745526762,0.0006006056913299151,0.00010994438543211777,9.742147970061574e-05,1.9705403160326858e-05,2.510097695856618e-06
P19,18,C,alpha,1799551287-α-7,P19-T18-Cα,27,59,B3,6,6,L2,L,False,59,True,L2,True,0.946428236416929,False,0.6064183712005615,valid,False,0.0015495860167857578,0.946428236416929,0.04904288639281783,0.00254134926790083,0.00035366833373909573,6.465166570423784e-05,8.765560379081539e-06,8.505729868398388e-06,2.1018970499391308e-06,2.4871882589760975e-07
P19,18,C,alpha,1799551287-α-7,P19-T18-Cα,28,64,E4,9,9,R4,R,False,64,True,R4,True,0.5059301765950645,False,0.5804181098937988,valid,False,2.179308186361188e-05,0.0001316221513673317,1.4934350312787164e-05,1.8081994577652614e-06,1.687768411242455e-07,0.0023951888463744977,0.03521642223445645,0.4311252576360627,0.5059301765950645,0.025162628128199298
P19,18,C,alpha,1799551287-α-7,P19-T18-Cα,29,59,B3,6,6,L2,L,False,59,True,L2,True,0.9542584405081448,False,0.5287737846374512,valid,False,0.0026521190154471974,0.9542584405081448,0.04048512152089113,0.0022726226948863067,0.00028391923551946075,3.817911651834967e-05,3.815163281236984e-06,4.3059324130794384e-06,1.4047022817897803e-06,7.211061693170084e-08
P19,19,B,gamma,1799551287-γ-7,P19-T19-Bγ,0,69,A4,12,12,R3,R,False,69,True,R3,True,0.6755798255680687,False,1.2596707344055176,valid,False,4.979378946616781e-10,7.964945383039388e-13,1.1278511487684229e-13,7.308988564552942e-14,7.29861593652296e-14,0.001563454290767495,0.26714143643050003,0.6755798255680687,0.05222552306426927,0.0034897601474009826
P19,19,B,gamma,1799551287-γ-7,P19-T19-Bγ,1,72,C5,14,14,R4,R,False,72,True,R4,True,0.2607188268907271,True,1.1261708736419678,valid,False,1.7084214780396202e-10,3.705905864918902e-11,3.023152058813254e-12,3.256877299661244e-13,9.735126080808543e-14,0.0005834482861354016,0.15693928403557125,0.534063381372747,0.2607188268907271,0.0476950592034719
P19,19,B,gamma,1799551287-γ-7,P19-T19-Bγ,2,57,A3,5,5,L4,L,False,57,True,L4,True,0.762918117891029,False,1.0926318168640137,valid,False,4.74025738331304e-05,0.014107797968266183,0.2092790611952878,0.762918117891029,0.013631982663407984,1.556132714990034e-05,6.545734760542052e-08,7.1001494622084765e-09,2.631542957361224e-09,1.1919858667412762e-09
P19,19,B,gamma,1799551287-γ-7,P19-T19-Bγ,3,71,B4,13,13,R2,R,False,71,True,R2,True,0.9537021590063987,False,0.7204689979553223,valid,False,4.797462876382401e-08,3.7489719061583565e-07,1.7792227894000008e-07,3.697000079211529e-08,1.9493650903734982e-09,0.003534227292247611,0.9537021590063987,0.037350691311004075,0.0033883782696789355,0.002023904407206487
P19,19,B,gamma,1799551287-γ-7,P19-T19-Bγ,4,48,C3,0,0,L1,L,False,48,True,L1,True,0.9684618596143615,False,1.083467960357666,valid,False,0.9684618596143615,0.026461983052891623,0.0033059011579930435,0.0012658060351324215,0.0005044478073199634,2.27391596097772e-09,5.4542212226375226e-11,3.4520730620541117e-12,2.8908773319634e-13,1.0184938434161805e-13
P19,19,B,gamma,1799551287-γ-7,P19-T19-Bγ,5,64,E4,9,9,R5,R,False,64,True,R4,False,0.03282554253768786,False,0.8435311317443848,valid,False,3.889600770167497e-07,1.3694191057786791e-08,1.5173596204200076e-09,2.409831493936798e-10,4.2565999103560976e-11,0.00046648112754600797,0.03705741330599504,0.45552981703631273,0.47412034153728166,0.03282554253768786
P19,19,B,gamma,1799551287-γ-7,P19-T19-Bγ,6,72,C5,14,14,R2,R,False,72,True,R2,True,0.8741863103555071,False,0.7307548522949219,valid,False,2.080893066808762e-10,9.55017386062193e-12,1.345222409528644e-12,1.8205605580979762e-13,2.6646809846696854e-14,0.001831704273117344,0.8741863103555071,0.0930645671492646,0.020007331801127903,0.010910086201789545
P19,19,B,gamma,1799551287-γ-7,P19-T19-Bγ,7,50,D3,1,1,L5,L,False,50,True,L3,False,0.017078633790052856,False,0.8243420124053955,valid,False,0.0005490044862349486,0.12750116378927961,0.5432334570609975,0.3116377349571986,0.017078633790052856,5.883201011337943e-09,2.6070515562194354e-11,4.485298299694457e-12,1.523187233759088e-12,9.564108417630466e-13
P19,19,B,gamma,1799551287-γ-7,P19-T19-Bγ,8,60,C4,7,7,L3,L,False,60,True,L3,True,0.8088042856539852,False,0.799813985824585,valid,False,0.0007205399209928353,0.12550486861481763,0.8088042856539852,0.06334327557120983,0.00047540705451717177,0.001140812697465274,8.500286174732223e-06,1.4624305773887646e-06,5.379981435618085e-07,3.0977211632710374e-07
P19,19,B,gamma,1799551287-γ-7,P19-T19-Bγ,9,71,B4,13,13,R5,R,False,71,True,R5,True,0.1675896955641572,True,0.8133120536804199,valid,False,8.786675201672199e-07,2.845701981274386e-06,5.376801791409969e-07,5.096071566081005e-08,9.309745083168455e-10,8.690366787292914e-05,0.025887255594983602,0.2500144469127913,0.5564173843188244,0.1675896955641572
P19,19,B,gamma,1799551287-γ-7,P19-T19-Bγ,10,52,E3,2,2,L5,L,False,52,True,L5,True,0.9682635513902242,False,0.8660080432891846,valid,False,1.530226028593078e-06,0.00029498940524225984,0.0025769128263747913,0.028862894234965165,0.9682635513902242,1.2092297534345142e-07,8.015703597664145e-10,8.462396329350498e-11,5.568032343042635e-11,5.231489847574249e-11
P19,19,B,gamma,1799551287-γ-7,P19-T19-Bγ,11,62,D4,8,8,L3,L,False,62,True,L3,True,0.8686612644414348,False,0.7498838901519775,valid,False,0.00016571182433668789,0.06685292135963003,0.8686612644414348,0.06099845407077567,0.00023822376337258557,0.002829599512772924,0.0001682182804201185,4.8715805298605784e-05,2.22477068932652e-05,1.4643235065426422e-05
P19,19,B,gamma,1799551287-γ-7,P19-T19-Bγ,12,57,A3,5,5,L4,L,False,57,True,L4,True,0.6623035655781303,False,0.7702629566192627,valid,False,2.078531470758927e-05,0.01889257045071026,0.30394166967806063,0.6623035655781303,0.014780012984300062,5.701959041506305e-05,3.0195439305545673e-06,1.0444383617731389e-06,1.946561302117476e-07,1.1776525353994724e-07
P19,19,B,gamma,1799551287-γ-7,P19-T19-Bγ,13,67,G4,11,11,R2,R,False,67,True,R2,True,0.9695662867229651,False,0.6514060497283936,valid,False,1.1646397360949581e-05,0.0002542690280789241,7.393376558777196e-05,6.587400162616882e-06,1.590954520741935e-07,0.013301625767167851,0.9695662867229651,0.014539205735099535,0.0014871311248886483,0.0007591549632363512
P19,19,B,gamma,1799551287-γ-7,P19-T19-Bγ,14,62,D4,8,8,R2,R,False,62,True,R2,True,0.8893725807698976,False,0.6930077075958252,valid,False,0.00011931346787355014,0.04215530287657856,0.037627918510905266,0.0030816237811487545,6.946301176396644e-05,0.011969940997087364,0.8893725807698976,0.014620118948857005,0.0007575987328662206,0.00022613890302170867
P19,19,B,gamma,1799551287-γ-7,P19-T19-Bγ,15,55,G3,4,4,L1,L,False,55,True,R1,False,3.43092076289001e-05,False,1.2252609729766846,valid,False,3.43092076289001e-05,0.006621383650784139,0.015312760052149762,0.01796969038608686,0.01819152225449359,0.9184817595758643,0.02194822940085078,0.0013346732043783857,8.792126957792651e-05,1.7750998185452796e-05
P19,19,B,gamma,1799551287-γ-7,P19-T19-Bγ,16,57,A3,5,5,R3,R,False,57,True,R3,True,0.6701048019244493,False,0.8231711387634277,valid,False,1.0331416513510087e-05,0.0006543239608048306,0.0016905152144632573,0.001864266780440396,0.00039633395758907234,0.0031068974262450145,0.05611673759797295,0.6701048019244493,0.26030650290256,0.0057492888189616944
P19,19,B,gamma,1799551287-γ-7,P19-T19-Bγ,17,62,D4,8,8,L1,L,False,62,True,L1,True,0.8903316642968971,False,1.39864182472229,valid,False,0.8903316642968971,0.1026776069490593,0.0029200304660962316,0.00024453277005838197,3.3093911696484606e-05,0.003770963147897558,1.967501051627122e-05,1.1964386216462763e-06,6.308730210265885e-07,6.061361360484683e-07
P19,19,B,gamma,1799551287-γ-7,P19-T19-Bγ,18,55,G3,4,4,L3,L,False,55,True,L3,True,0.772369571335338,False,0.6920771598815918,valid,False,0.0033329073278854683,0.15590323594682892,0.772369571335338,0.06620402252177385,0.002164839335487462,2.462845567355919e-05,6.692443013754958e-07,1.062876573811806e-07,1.2257636952336748e-08,7.287417037722949e-09
P19,19,B,gamma,1799551287-γ-7,P19-T19-Bγ,19,53,F3,3,3,L5,L,False,53,True,L4,False,0.1445071381823947,False,0.8601832389831543,valid,False,7.528809043464746e-05,0.0073332042041333026,0.0800906055193254,0.7679909482490747,0.1445071381823947,2.7118996433965257e-06,8.64259955440191e-08,1.3725954161029313e-08,2.457853738025254e-09,1.245190468432876e-09
P19,19,B,gamma,1799551287-γ-7,P19-T19-Bγ,20,62,D4,8,8,R5,R,False,62,True,R5,True,0.28178818266726147,True,0.8926939964294434,valid,False,4.192563876114789e-05,0.001159447840529603,0.0003782944237641317,6.762737125128147e-05,1.5969282257074797e-06,0.002525381738188454,0.02419660795275081,0.23142512016837727,0.45841581527089015,0.28178818266726147
P19,19,B,gamma,1799551287-γ-7,P19-T19-Bγ,21,67,G4,11,11,R1,R,False,67,True,R1,True,0.9903637323649892,False,1.106999158859253,valid,False,8.359194475547715e-06,7.82558018527454e-06,1.599196363612638e-06,4.503484563388423e-07,2.9606526501332854e-08,0.9903637323649892,0.008150443003887233,0.0008009732582559813,0.00030668696244252143,0.000359900484417756
P19,19,B,gamma,1799551287-γ-7,P19-T19-Bγ,22,57,A3,5,5,R3,R,False,57,True,L3,False,1.2013436963809491e-05,False,0.807363748550415,valid,False,0.000838532073663076,0.13389287143163153,0.7762460672977582,0.0855925844702227,0.0024140903619086097,0.0009066086451640497,9.616118273067201e-05,1.2013436963809491e-05,7.913822098080218e-07,2.797177472755312e-07
P19,19,B,gamma,1799551287-γ-7,P19-T19-Bγ,23,48,C3,0,0,L1,L,False,48,True,L1,True,0.8481116376523761,False,0.9871912002563477,valid,False,0.8481116376523761,0.11946366604447518,0.022264918432953088,0.007264593013602662,0.002895078641650194,9.006334918583888e-08,1.2410251107098137e-08,3.3152161769666886e-09,3.390942567515542e-10,8.703219539834251e-11
P19,19,B,gamma,1799551287-γ-7,P19-T19-Bγ,24,65,F4,10,10,R3,R,False,65,True,R3,True,0.37683989959186603,True,0.6795871257781982,valid,False,8.948933614769657e-08,6.73248773273044e-09,1.4730439670791543e-09,3.0953967194800246e-10,3.8297091779882154e-11,0.03334531652321571,0.5621790692678021,0.37683989959186603,0.022017122095650387,0.005618494478761153
P19,19,B,gamma,1799551287-γ-7,P19-T19-Bγ,25,67,G4,11,11,R1,R,False,67,True,R1,True,0.9737069972431097,False,0.9242937564849854,valid,False,5.2098191101713224e-08,5.084872631634899e-09,1.5168275144642953e-09,1.9723112633071944e-10,2.443554718746118e-11,0.9737069972431097,0.02010785297827774,0.0037475805091775147,0.0016178699432096407,0.0008196404046675556
P19,19,B,gamma,1799551287-γ-7,P19-T19-Bγ,26,59,B3,6,6,R4,R,False,59,True,R4,True,0.8070857333886973,False,0.926063060760498,valid,False,0.000441054362747466,9.518178214812095e-05,3.247510323071509e-05,3.900813724853268e-06,3.758231869507066e-07,0.003469554719074744,0.020965866117317114,0.10137449217029855,0.8070857333886973,0.06653136571957396
P19,19,B,gamma,1799551287-γ-7,P19-T19-Bγ,27,57,A3,5,5,L5,L,False,57,True,L5,True,0.8672169822774015,False,0.9716551303863525,valid,False,0.00012361651508061082,0.0033146204954447754,0.01409020244625549,0.11505202917219196,0.8672169822774015,0.00018829737074042106,9.644198520720475e-06,3.1167817977134447e-06,9.93068625917367e-07,4.976739408472707e-07
P19,19,B,gamma,1799551287-γ-7,P19-T19-Bγ,28,60,C4,7,7,L2,L,False,60,True,L2,True,0.8945028516888469,False,0.8006041049957275,valid,False,0.002170240647419736,0.8945028516888469,0.04536940861299475,0.002350993627092329,5.226820677960091e-05,0.044119445520818715,0.009740143746388224,0.001514125521581818,0.00013197246968138786,4.854995839640408e-05
P19,19,B,gamma,1799551287-γ-7,P19-T19-Bγ,29,57,A3,5,5,R3,R,False,57,True,R3,True,0.8142881352424814,False,0.8574028015136719,valid,False,0.00011913728376580612,0.0058907792713240184,0.006926034527612706,0.00155641177566062,0.00012518508833859513,0.0035200449769734014,0.07947570383854008,0.8142881352424814,0.08609500216265553,0.002003565832647798
P19,20,B,alpha,1799551287-α-4,P19-T20-Bα,0,60,C4,7,7,R1,R,False,60,True,R1,True,0.9295814764331334,False,0.961212158203125,valid,False,1.2811066032133086e-05,1.738248324666008e-05,5.774292278421311e-06,1.3382685236892201e-06,1.9398620327813565e-07,0.9295814764331334,0.06633611431436816,0.0035777512461518048,0.0003378120712025021,0.00012934583885995595
P19,20,B,alpha,1799551287-α-4,P19-T20-Bα,1,62,D4,8,8,R2,R,False,62,True,R2,True,0.785986282272704,False,0.7146642208099365,valid,False,2.7624524272370796e-06,1.8498694069029372e-06,7.06419445914721e-07,1.693847926597133e-07,2.1515239093497612e-08,0.011181505948254724,0.785986282272704,0.1938218309081993,0.0075908178535823295,0.0014140533759477998
P19,20,B,alpha,1799551287-α-4,P19-T20-Bα,2,59,B3,6,6,L2,L,False,59,True,L2,True,0.9722752210332267,False,0.7796149253845215,valid,False,0.007376169622266084,0.9722752210332267,0.016438709904595714,0.0008866002396157304,8.371299251041245e-05,0.002301309653041021,0.00047203271194391793,0.00014609204150966786,1.6901361698764916e-05,3.2504395920443298e-06
P19,20,B,alpha,1799551287-α-4,P19-T20-Bα,3,57,A3,5,5,L4,L,False,57,True,L4,True,0.5216993807352405,False,0.9153473377227783,valid,False,6.332877907053499e-05,0.025353903895239123,0.4406759264834803,0.5216993807352405,0.01185467212744008,0.0002757799045251546,5.501369996270423e-05,1.9354479721567085e-05,2.2363538676281045e-06,4.0354145245972824e-07
P19,20,B,alpha,1799551287-α-4,P19-T20-Bα,4,55,G3,4,4,L5,L,False,55,True,L5,True,0.7579436931891355,False,0.9983780384063721,valid,False,7.059020959302718e-06,0.0014434899784356381,0.021324121024611134,0.21919551759786216,0.7579436931891355,6.952283663781465e-05,1.1319974770269257e-05,4.474364714790204e-06,6.827437850247062e-07,1.1926908842211687e-07
P19,20,B,alpha,1799551287-α-4,P19-T20-Bα,5,57,A3,5,5,L4,L,False,57,True,L4,True,0.5421009195737562,False,0.7125911712646484,valid,False,2.209135692055074e-05,0.03168914653440855,0.4118946146514077,0.5421009195737562,0.013875017925571467,0.00032209186605451347,6.55709067789415e-05,2.5558714580437934e-05,4.224827104519241e-06,7.636434172333645e-07
P19,20,B,alpha,1799551287-α-4,P19-T20-Bα,6,59,B3,6,6,L5,L,False,59,True,L5,True,0.6471909227285293,False,0.8696000576019287,valid,False,4.9418124736862305e-05,0.00864686038876017,0.03731558129449126,0.30266946642569753,0.6471909227285293,0.002262875218127976,0.0012410236860313853,0.0005234264999321685,8.652181850450382e-05,1.3903815188855413e-05
P19,20,B,alpha,1799551287-α-4,P19-T20-Bα,7,62,D4,8,8,R2,R,False,62,True,R2,True,0.9206381684687341,False,0.6807892322540283,valid,False,9.510894932108749e-05,0.007543873009450057,0.004202772024681331,0.0006228305984243161,4.32275925761675e-05,0.02951997317276803,0.9206381684687341,0.034642009429629896,0.0021065827628791844,0.000585453991535804
P19,20,B,alpha,1799551287-α-4,P19-T20-Bα,8,64,E4,9,9,R3,R,False,64,True,R3,True,0.6781857390474028,False,0.6760129928588867,valid,False,4.95538384441264e-05,0.0013720763831834486,0.0005908785512670544,7.682571878137266e-05,5.61255325689939e-06,0.004924489912957377,0.21128983634020118,0.6781857390474028,0.09552817229338904,0.007976815361116836
P19,20,B,alpha,1799551287-α-4,P19-T20-Bα,9,65,F4,10,10,R2,R,False,65,True,R2,True,0.8936134670335919,False,0.7229330539703369,valid,False,3.652655133967386e-05,0.00039218613706237934,0.00013091222675460387,2.0515976652931077e-05,1.3882197755100002e-06,0.01995558379750988,0.8936134670335919,0.07788811066454102,0.006021120178541351,0.0019401892142307123
P19,20,B,alpha,1799551287-α-4,P19-T20-Bα,10,64,E4,9,9,R3,R,False,64,True,R3,True,0.7641877616594487,False,0.6960210800170898,valid,False,9.421321414848169e-05,0.0024339690756958587,0.0008515055098277487,0.00011979632027598923,7.443799696085621e-06,0.004856331162116802,0.13147457938994164,0.7641877616594487,0.08813004610918199,0.007844353759666696
P19,20,B,alpha,1799551287-α-4,P19-T20-Bα,11,59,B3,6,6,L5,L,False,59,True,L5,True,0.7580112483352632,False,0.8158068656921387,valid,False,3.4576512374766024e-05,0.005664217986001604,0.031131091134761823,0.20447200611347063,0.7580112483352632,0.0006017404372537873,5.036966457120397e-05,2.834624326236376e-05,4.6129028344622625e-06,1.7906702061082862e-06
P19,20,B,alpha,1799551287-α-4,P19-T20-Bα,12,57,A3,5,5,L4,L,False,57,True,L4,True,0.5922951363336401,False,0.8826627731323242,valid,False,1.7063826903088716e-05,0.019221716853826575,0.3750276199008954,0.5922951363336401,0.01323450979548639,0.00018585335416665419,1.1156588481315887e-05,5.66558650979345e-06,8.557049197195292e-07,4.220551711229364e-07
P19,20,B,alpha,1799551287-α-4,P19-T20-Bα,13,59,B3,6,6,L5,L,False,59,True,L5,True,0.5559309548681662,False,0.7479407787322998,valid,False,2.8587161084173946e-05,0.007176918787028897,0.0464502617307944,0.3890558499027168,0.5559309548681662,0.001170375452364056,0.00012403818786151173,5.230860359785146e-05,7.428229857174256e-06,3.277076528885517e-06
P19,20,B,alpha,1799551287-α-4,P19-T20-Bα,14,64,E4,9,9,R3,R,False,64,True,R3,True,0.7942123528658296,False,0.7590091228485107,valid,False,3.289468928123738e-05,0.002160330588574536,0.0024499131674639344,0.0005985074550985643,2.1343484891757066e-05,0.0046372752693752736,0.13252795330614725,0.7942123528658296,0.05954864797562665,0.003810781197711209
P19,20,B,alpha,1799551287-α-4,P19-T20-Bα,15,62,D4,8,8,R5,R,False,62,True,R5,True,0.14370930583208624,True,0.8654341697692871,valid,False,3.191887554687878e-05,0.001174810973397514,0.005182860098287764,0.0016385267149185985,9.385296689878186e-05,0.0001745316212119958,0.015835970005167732,0.35820564933269977,0.47395257357978476,0.14370930583208624
P19,20,B,alpha,1799551287-α-4,P19-T20-Bα,16,64,E4,9,9,R3,R,False,64,True,R3,True,0.7239600996792261,False,0.6679670810699463,valid,False,4.571853558526446e-05,0.0028125480603824814,0.0025137257527116552,0.0005323283535179521,2.7121331199227478e-05,0.010858042698776068,0.1985439427943572,0.7239600996792261,0.05745548361208068,0.0032509891821633345
P19,20,B,alpha,1799551287-α-4,P19-T20-Bα,17,59,B3,6,6,L5,L,False,59,True,L5,True,0.71409473145401,False,0.7817122936248779,valid,False,2.227171132857183e-05,0.004049169122445053,0.02612420950121907,0.2546607137875289,0.71409473145401,0.0008758495640655935,0.00010210134817241743,6.351550701572395e-05,5.5411039009385815e-06,1.8969003136695147e-06
P19,20,B,alpha,1799551287-α-4,P19-T20-Bα,18,62,D4,8,8,R4,R,False,62,True,R4,True,0.5463747996810777,False,0.7716422080993652,valid,False,1.8741666236015103e-05,0.002312576726584531,0.014032739254271164,0.012664967952515411,0.000728663128699691,0.0011392063490525141,0.048701170696829985,0.3421048230071451,0.5463747996810777,0.0319223115375877
P19,20,B,alpha,1799551287-α-4,P19-T20-Bα,19,64,E4,9,9,R5,R,False,64,True,R5,True,0.13837725268195142,True,0.7174520492553711,valid,False,1.1395326426813695e-05,0.0009131052188919095,0.002996314126149238,0.001322201117150017,7.074748769678236e-05,0.0015166257614419476,0.030175902526892357,0.41230822787669974,0.41230822787669974,0.13837725268195142
P19,20,B,alpha,1799551287-α-4,P19-T20-Bα,20,59,B3,6,6,L5,L,False,59,True,L5,True,0.8537462952390841,False,0.8819746971130371,valid,False,1.6224518146714312e-05,0.001525172591295433,0.008676090343860002,0.13494129306817684,0.8537462952390841,0.00045914804728270465,0.00032150478675615346,0.00025499781771038717,5.1380148103714954e-05,7.893439583885814e-06
P19,20,B,alpha,1799551287-α-4,P19-T20-Bα,21,64,E4,9,9,R5,R,False,64,True,R5,True,0.11985888318745626,True,0.8697378635406494,valid,False,6.791042634200106e-06,0.0006291297433455791,0.0033008323167957898,0.0038915947706923263,0.00026465759227576734,0.001338039399171515,0.03228239279927138,0.4443365299530297,0.3940911491953274,0.11985888318745626
P19,20,B,alpha,1799551287-α-4,P19-T20-Bα,22,65,F4,10,10,R3,R,False,65,True,R3,True,0.6523191693901712,False,0.7021310329437256,valid,False,1.3089056619047632e-05,0.0007696067533963338,0.002208310795562821,0.0006925049912771533,6.0757826279552e-05,0.02758407887702726,0.2774021960209916,0.6523191693901712,0.036617781865876366,0.002332504422798701
P19,20,B,alpha,1799551287-α-4,P19-T20-Bα,23,57,A3,5,5,L4,L,False,57,True,L4,True,0.6812714482899999,False,0.8564589023590088,valid,False,1.3025040871147415e-05,0.013135127983929348,0.22420600850963468,0.6812714482899999,0.08125199799457564,0.00011098808262010996,7.520928864040501e-06,3.3949096114736796e-06,3.9514332519323423e-07,9.311656852304881e-08
P19,20,B,alpha,1799551287-α-4,P19-T20-Bα,24,59,B3,6,6,L3,L,False,59,True,L3,True,0.7554699882449861,False,0.6563398838043213,valid,False,0.000350027998675316,0.19086418610038522,0.7554699882449861,0.05098656198839269,0.0014903275164377216,0.0007199056819967885,8.251948282260601e-05,3.239689425212456e-05,3.3178513396596737e-06,7.682407118772717e-07
P19,20,B,alpha,1799551287-α-4,P19-T20-Bα,25,57,A3,5,5,L2,L,False,57,True,L3,False,0.2609820888906051,False,1.0035128593444824,valid,False,0.00045636393008822567,0.2609820888906051,0.6816060011821918,0.0548417508132405,0.0016676139214669044,0.0003585273601804148,7.71785921486037e-05,9.320414099710062e-06,8.455288909354787e-07,3.0936708782942715e-07
P19,20,B,alpha,1799551287-α-4,P19-T20-Bα,26,59,B3,6,6,L3,L,False,59,True,L2,False,0.0320242657049163,False,0.5541989803314209,valid,False,0.001601455004649401,0.959578301526537,0.0320242657049163,0.003023738315555888,0.00021577780500435634,0.002821045033946931,0.0006277290131592808,9.315354914280859e-05,1.0742944330019504e-05,3.7911027579580677e-06
P19,20,B,alpha,1799551287-α-4,P19-T20-Bα,27,57,A3,5,5,L4,L,False,57,True,L4,True,0.668975844120559,False,0.8704907894134521,valid,False,3.58854868362034e-05,0.0229813784901091,0.27837475506098075,0.668975844120559,0.02914852849855623,0.00041584682577011515,5.7116159850307836e-05,9.184010763487768e-06,1.1023717682081847e-06,3.589748066553686e-07
P19,20,B,alpha,1799551287-α-4,P19-T20-Bα,28,55,G3,4,5,L5,L,False,57,False,L5,True,0.5139220134420802,False,0.6963529586791992,valid,False,1.3619001328944702e-05,0.0038447539355762356,0.04749690202267828,0.43433203730060593,0.5139220134420802,0.00033301318242701897,4.808614054451368e-05,8.246812879786397e-06,1.030276083033717e-06,2.9788579606634033e-07
P19,20,B,alpha,1799551287-α-4,P19-T20-Bα,29,53,F3,3,3,L4,L,False,53,True,L4,True,0.6635506506931631,False,0.7389049530029297,valid,False,1.908919724201526e-05,0.023034052466672752,0.2791136292266049,0.6635506506931631,0.03426339584207925,1.677820003304046e-05,1.9883514951651073e-06,3.5535445192315687e-07,4.620628128847762e-08,1.4461976535852372e-08
P19,21,A,gamma,1799551287-γ-4,P19-T21-Aγ,0,53,F3,3,3,L2,L,False,53,True,L3,False,0.25398171299361455,False,0.9569659233093262,valid,False,0.0004432368189715934,0.25398171299361455,0.7185693837356889,0.02582243344212531,0.0011831066868168583,1.1832693846454778e-07,6.402918078637335e-09,1.2608433055643197e-09,2.2517369982800997e-10,1.0690918809892887e-10
P19,21,A,gamma,1799551287-γ-4,P19-T21-Aγ,1,48,C3,0,0,L2,L,False,48,True,L5,False,0.0011897555431529172,False,1.137103796005249,valid,False,3.028476783664622e-06,0.0011897555431529172,0.033728262433868526,0.17101857526517159,0.7940603449682284,2.8723037869045954e-08,4.007517978785069e-09,4.446127260578298e-10,9.535605583059261e-11,4.227020566618159e-11
P19,21,A,gamma,1799551287-γ-4,P19-T21-Aγ,2,60,C4,7,7,R4,R,False,60,True,R2,False,0.0038374978832825504,False,0.5354890823364258,valid,False,6.260783802603995e-05,0.0019957605337873217,0.0015100553730763978,0.0005244156754361215,3.179606851365486e-05,0.010857114303921087,0.8702423905322298,0.11047845906051107,0.0038374978832825504,0.00045990273121609575
P19,21,A,gamma,1799551287-γ-4,P19-T21-Aγ,3,57,A3,5,5,L5,L,False,57,True,L3,False,0.00025741758949700787,False,0.6041030883789062,valid,False,0.0008569420456312943,0.17655901641141405,0.8052597379017313,0.01695309948867118,0.00025741758949700787,7.513807062470511e-05,2.9135169801931265e-05,8.388279600959512e-06,9.334462733810656e-07,1.9159675406781489e-07
P19,21,A,gamma,1799551287-γ-4,P19-T21-Aγ,4,48,C3,0,0,L2,L,False,48,True,L5,False,0.002002971074964649,False,0.6245849132537842,valid,False,5.875024437550514e-06,0.002002971074964649,0.05046853617651015,0.2331012481204734,0.7144213400948779,2.3695752790086617e-08,4.175866182792309e-09,1.4210148306506022e-09,1.8316629520620782e-10,3.293619059658566e-11
P19,21,A,gamma,1799551287-γ-4,P19-T21-Aγ,5,57,A3,5,5,L5,L,False,57,True,L3,False,0.0009902413592208603,False,0.4839808940887451,valid,False,0.00027564857864313767,0.08268537868090857,0.8676435194490081,0.04823159722231168,0.0009902413592208603,0.00011560756066057572,4.360958431898365e-05,1.2476995036588475e-05,1.5141427045142267e-06,4.0642718704383923e-07
P19,21,A,gamma,1799551287-γ-4,P19-T21-Aγ,6,57,A3,5,5,R4,R,False,57,True,L3,False,1.4123962100970342e-06,False,0.480787992477417,valid,False,0.00036727219897336977,0.11473434186460951,0.8209576521947505,0.06222148868472439,0.0015547784204937836,0.0001134014800226637,3.835883464185612e-05,1.0911555178429997e-05,1.4123962100970342e-06,3.8237039547089924e-07
P19,21,A,gamma,1799551287-γ-4,P19-T21-Aγ,7,52,E3,2,2,L2,L,False,52,True,L5,False,0.002720770622103963,False,0.5070500373840332,valid,False,1.0494034591321967e-05,0.002720770622103963,0.06511918331045688,0.39213246040782396,0.5400164985249848,4.673907593799703e-07,9.245980543997549e-08,2.866557928935778e-08,3.6514424291366917e-09,9.324525870275244e-10
P19,21,A,gamma,1799551287-γ-4,P19-T21-Aγ,8,57,A3,5,5,L4,L,False,57,True,L3,False,0.035110045317123126,False,0.47667694091796875,valid,False,0.00022807517053547038,0.11026032161574202,0.8536726482134682,0.035110045317123126,0.0005759105848567257,0.00010183884418383168,3.598680351989708e-05,1.2808243326022034e-05,1.9345722595603825e-06,4.30634985019253e-07
P19,21,A,gamma,1799551287-γ-4,P19-T21-Aγ,9,67,G4,11,11,R5,R,False,67,True,R4,False,0.024844448008900653,False,0.5568461418151855,valid,False,2.651954132872295e-06,1.3932085889718699e-05,4.730694725621225e-06,1.1507412015614595e-06,3.8108433638376395e-08,0.002333248413432967,0.0776114737885161,0.43342348452638296,0.4617648416783841,0.024844448008900653
P19,21,A,gamma,1799551287-γ-4,P19-T21-Aγ,10,55,G3,4,4,L1,L,False,55,True,L3,False,0.00020304499205110735,False,0.4319040775299072,valid,False,0.00020304499205110735,0.08276315139497142,0.6796758979719884,0.23217240174264997,0.005171868067349484,1.2859175682677084e-05,4.586532949670629e-07,2.814397771965332e-07,3.0829758963578025e-08,5.732475917203851e-09
P19,21,A,gamma,1799551287-γ-4,P19-T21-Aγ,11,62,D4,8,8,R4,R,False,62,True,R2,False,0.0019166508805533037,False,0.4594738483428955,valid,False,0.00013462320801702304,0.002110733602686952,0.0007799001406097986,0.00013402486406154153,6.91356633273348e-06,0.017297800070695857,0.9372916806605829,0.04006805285472151,0.0019166508805533037,0.00025962015173847125
P19,21,A,gamma,1799551287-γ-4,P19-T21-Aγ,12,67,G4,11,11,R5,R,False,67,True,R3,False,0.007749735245442575,False,0.47423887252807617,valid,False,5.673224571448679e-06,6.34435388720293e-06,2.8302596886667946e-06,5.63141295046946e-07,2.7314198325701356e-08,0.004966229878987238,0.18266587802758452,0.7475831199441524,0.05701959861019238,0.007749735245442575
P19,21,A,gamma,1799551287-γ-4,P19-T21-Aγ,13,57,A3,5,5,L3,L,False,57,True,L3,True,0.7650068902226331,False,0.46738219261169434,valid,False,0.0006133293485944248,0.19795287019837465,0.7650068902226331,0.03544665793444677,0.0009562227079795331,2.3303962358639617e-05,4.425583625767362e-07,2.1084881011134193e-07,4.845862960302404e-08,2.3759810589958026e-08
P19,21,A,gamma,1799551287-γ-4,P19-T21-Aγ,14,64,E4,9,9,R1,R,False,64,True,R2,False,0.023284016434028585,False,0.45865416526794434,valid,False,0.00012523264235845072,0.0007124637958477335,0.00036029267958011897,9.838521267615102e-05,6.914766483090994e-06,0.023284016434028585,0.8869309523165243,0.08326470472295829,0.0043346861989363725,0.0008823512306068687
P19,21,A,gamma,1799551287-γ-4,P19-T21-Aγ,15,57,A3,5,5,R2,R,False,57,True,L3,False,7.103025718320356e-06,False,0.46317100524902344,valid,False,0.000541885002936542,0.14484028996104312,0.7762357163171792,0.07651592848163291,0.0018453263680922928,1.045381868818739e-05,7.103025718320356e-06,2.663555804775101e-06,4.841403095492627e-07,1.493285949358495e-07
P19,21,A,gamma,1799551287-γ-4,P19-T21-Aγ,16,59,B3,6,6,L5,L,False,59,True,L3,False,0.0007120768353433581,False,0.5098600387573242,valid,False,0.0006436384508526408,0.09552441581092892,0.8071476148535371,0.05492974155621221,0.0007120768353433581,0.0004982363359661154,0.022092288163771342,0.016615481243398827,0.0017157868989449753,0.0001207198510446221
P19,21,A,gamma,1799551287-γ-4,P19-T21-Aγ,17,52,E3,2,2,L2,L,False,52,True,L4,False,0.007859291268233232,False,0.8831160068511963,valid,False,6.728982479396742e-06,0.007859291268233232,0.3066860941388276,0.5414937616971786,0.1439537306523202,2.203513950636996e-07,1.4127936300406787e-07,2.7263721513367186e-08,3.6268518387190824e-09,7.396296696850439e-10
P19,21,A,gamma,1799551287-γ-4,P19-T21-Aγ,18,53,F3,3,3,L4,L,False,53,True,L3,False,0.21804417913548907,False,0.410783052444458,valid,False,8.107563371330502e-05,0.08470535307709452,0.6923688142729122,0.21804417913548907,0.004797680617934388,1.5916047966498248e-06,1.0386955391795645e-06,2.3065135941389828e-07,2.9994845058815915e-08,6.316316289433962e-09
P19,21,A,gamma,1799551287-γ-4,P19-T21-Aγ,19,62,D4,8,8,R5,R,False,62,True,R2,False,0.0005767456873837534,False,0.5219919681549072,valid,False,4.579021566580632e-05,0.0005888622841245349,0.00013392636550167434,1.854153684524344e-05,8.03214643212791e-07,0.015612033906916779,0.888576456644675,0.09088733797400377,0.003559502170240069,0.0005767456873837534
P19,21,A,gamma,1799551287-γ-4,P19-T21-Aγ,20,62,D4,8,8,L4,L,False,62,True,R3,False,6.50713453213623e-05,False,0.5040357112884521,valid,False,0.00013228632736456676,0.0004982593637369168,0.0003038108200234358,6.50713453213623e-05,3.872975173196276e-06,0.002126651546033582,0.12484536934769222,0.8181747350421507,0.05178372580799823,0.0020662174245058215
P19,21,A,gamma,1799551287-γ-4,P19-T21-Aγ,21,65,F4,10,10,R1,R,False,65,True,R2,False,0.02313592715589834,False,0.44753599166870117,valid,False,1.7984160338862294e-05,2.466997266866147e-05,1.1778885812065153e-05,2.863172957099923e-06,1.2266710819466365e-07,0.02313592715589834,0.9484400848251454,0.026205555830326053,0.0015935614911707732,0.0005674518385744745
P19,21,A,gamma,1799551287-γ-4,P19-T21-Aγ,22,67,G4,11,11,R4,R,False,67,True,R3,False,0.06893900061996726,False,0.48104071617126465,valid,False,3.4046936243225713e-06,3.098547946917069e-06,1.680037633373831e-06,3.6563145228649534e-07,1.638923181566269e-08,0.007094421547548612,0.25929209912037177,0.6585540497382673,0.06893900061996726,0.0061118636739562965
P19,21,A,gamma,1799551287-γ-4,P19-T21-Aγ,23,71,B4,13,13,R5,R,False,71,True,R3,False,0.057300316333442375,False,0.5357189178466797,valid,False,1.4573501650414038e-07,8.977205413629684e-08,4.571329163671752e-08,9.298547033810596e-09,3.8125943247557055e-10,0.0011590294426788584,0.11918619733804071,0.4118614283351949,0.4104927376504745,0.057300316333442375
P19,21,A,gamma,1799551287-γ-4,P19-T21-Aγ,24,65,F4,10,10,R2,R,False,65,True,R3,False,0.2671049393192331,False,0.4794118404388428,valid,False,1.1463190245119405e-05,1.699561765199552e-05,9.326020008483479e-06,2.3756004699960545e-06,1.0442227389368325e-07,0.005388025920735352,0.2671049393192331,0.7031861930498696,0.02346762265302727,0.0008129542064850001
P19,21,A,gamma,1799551287-γ-4,P19-T21-Aγ,25,52,E3,2,2,L2,L,False,52,True,L3,False,0.0486167704647274,False,0.5442297458648682,valid,False,7.704794519639395e-05,0.0486167704647274,0.5100750288381617,0.41761411248694147,0.023616530397719146,4.6310689579297836e-07,4.2682806868245217e-08,3.4407595720324208e-09,5.023985149518858e-10,1.3439312195379829e-10
P19,21,A,gamma,1799551287-γ-4,P19-T21-Aγ,26,71,B4,13,13,R2,R,False,71,True,R3,False,0.3177683104673894,False,0.6027438640594482,valid,False,8.78522068682699e-08,4.1083813047820717e-08,1.4214950966843801e-08,2.759353582674241e-09,1.1024102250458187e-10,0.0028802413488280233,0.3177683104673894,0.5790116126709585,0.08537832804874307,0.014961361443515342
P19,21,A,gamma,1799551287-γ-4,P19-T21-Aγ,27,62,D4,8,8,L4,L,False,62,True,R2,False,4.972456687772087e-05,False,0.46150994300842285,valid,False,0.00013028967261277688,0.0005137976578652247,0.00024120958290041732,4.972456687772087e-05,1.688429537989293e-06,0.01277730542422585,0.9672263163704953,0.018314087703364304,0.0006361445787130113,0.00010943601340732092
P19,21,A,gamma,1799551287-γ-4,P19-T21-Aγ,28,60,C4,7,7,L2,L,False,60,True,R2,False,0.007596243413297521,False,0.48122692108154297,valid,False,0.0008767532953371437,0.007596243413297521,0.004975426477493578,0.0010387899147548743,4.0116456653968085e-05,0.01729350843286252,0.8716005167894972,0.0927892874335937,0.0033545954971645688,0.00043476228934490583
P19,21,A,gamma,1799551287-γ-4,P19-T21-Aγ,29,65,F4,10,10,R4,R,False,65,True,R2,False,0.006385943830660177,False,0.47156310081481934,valid,False,1.8334068563373784e-05,2.031444483958062e-05,1.046436351654408e-05,2.1123172907827647e-06,7.687692852320496e-08,0.02718538441978334,0.8748909924624542,0.0894875311265914,0.006385943830660177,0.001998846089372159
P19,22,A,alpha,1799551287-α-3,P19-T22-Aα,0,60,C4,7,7,L3,L,False,60,True,R2,False,0.00019731801048839461,False,1.0529451370239258,valid,False,0.0003980021354919393,0.00044651411316048035,0.00019731801048839461,5.3212008719941054e-05,6.482652306431485e-06,0.016381086780088802,0.9607203063018097,0.02082444265052909,0.0008155662874601942,0.00015706905994518678
P19,22,A,alpha,1799551287-α-3,P19-T22-Aα,1,59,B3,6,6,L2,L,False,59,True,R3,False,0.007725619050183023,False,0.5135061740875244,valid,False,0.002791353833724221,0.007725619050183023,0.003962555492035819,0.0011721000061984906,0.00015836632618231763,0.004386397815435562,0.09460891314495329,0.7572941042841422,0.12414283218296958,0.0037577578641754847
P19,22,A,alpha,1799551287-α-3,P19-T22-Aα,2,64,E4,9,9,R3,R,False,64,True,R3,True,0.5400345587544058,False,0.4073326587677002,valid,False,0.0001095056144721616,0.0001362500333577456,5.385321594180815e-05,1.3881870051198452e-05,1.636192442516397e-06,0.007037533267341834,0.12671232305525168,0.5400345587544058,0.30354854070984066,0.022351917286894715
P19,22,A,alpha,1799551287-α-3,P19-T22-Aα,3,60,C4,7,7,L2,L,False,60,True,R3,False,0.005455972097934241,False,0.42275404930114746,valid,False,0.002351862938217816,0.005455972097934241,0.002304605534244517,0.000534150096272679,7.002421683474269e-05,0.005469976840326223,0.09362284109264168,0.7162222538589504,0.169138183290568,0.004830130034009643
P19,22,A,alpha,1799551287-α-3,P19-T22-Aα,4,59,B3,6,6,L1,L,False,59,True,L3,False,0.0023190288410856147,False,0.4995739459991455,valid,False,0.0023190288410856147,0.09566518061331224,0.8297699511298029,0.05150544141853312,0.0006764269944507244,0.0009702393092461658,0.006464682799731771,0.00879869728674679,0.003499719025736835,0.00033063258135396836
P19,22,A,alpha,1799551287-α-3,P19-T22-Aα,5,64,E4,9,9,R3,R,False,64,True,R3,True,0.7406628786548207,False,0.39708614349365234,valid,False,0.00010849060907879471,0.0003501721615354509,0.00010905373689390653,1.5384341747075826e-05,1.2064223755706556e-06,0.0036529092917951442,0.1085518703915482,0.7406628786548207,0.1348491517669254,0.011698882623279908
P19,22,A,alpha,1799551287-α-3,P19-T22-Aα,6,65,F4,10,10,R2,R,False,65,True,R4,False,0.055387518205289595,False,0.5545573234558105,valid,False,2.7133463193778586e-05,5.2569730065501974e-05,1.6557978650967544e-05,3.49912687529894e-06,2.7323263264945974e-07,0.0031704510002696475,0.055387518205289595,0.36471375038667664,0.5440889803962176,0.03253926648012831
P19,22,A,alpha,1799551287-α-3,P19-T22-Aα,7,64,E4,9,9,R1,R,False,64,True,R3,False,0.005504090415628529,False,0.4527449607849121,valid,False,0.00012609301167379943,0.0003513826599564017,0.00013137251769468168,3.1056688394978406e-05,2.1291334666627187e-06,0.005504090415628529,0.09499858773641746,0.683520032421904,0.20488452011172695,0.010450735303136496
P19,22,A,alpha,1799551287-α-3,P19-T22-Aα,8,64,E4,9,9,R1,R,False,64,True,R3,False,0.00585560919637142,False,0.4293098449707031,valid,False,0.00016489625081889797,0.0004647747499031179,0.0001786185403230026,3.4733980129050736e-05,2.755401357812636e-06,0.00585560919637142,0.1389256030610025,0.6618889131419856,0.182260890657853,0.01022320502025554
P19,22,A,alpha,1799551287-α-3,P19-T22-Aα,9,62,D4,8,8,R2,R,False,62,True,R3,False,0.09284795844626886,False,0.42472410202026367,valid,False,0.0005504001573379531,0.002588278022688044,0.001275953962588024,0.0002638280568637572,1.8904867991289654e-05,0.0032531623637133376,0.09284795844626886,0.6860587736306625,0.2052658291888863,0.007876911302999943
P19,22,A,alpha,1799551287-α-3,P19-T22-Aα,10,57,A3,5,5,L2,L,False,57,True,L3,False,0.15877247215137932,False,0.4477090835571289,valid,False,0.0010961857112899713,0.15877247215137932,0.7911557531035066,0.04495042050223005,0.0013199454438602117,0.0005194469993226905,0.0012149811329897286,0.0007174029884776533,0.00022540672466471004,2.798524227921756e-05
P19,22,A,alpha,1799551287-α-3,P19-T22-Aα,11,59,B3,6,6,L1,L,False,59,True,R2,False,0.0005066730726765962,False,0.5380260944366455,valid,False,0.0005066730726765962,0.023751367950920713,0.029580680326511326,0.011064100763721945,0.0007408433819512259,0.00977776264578675,0.796407261099208,0.1215238681966784,0.006297235260592929,0.00035020730195196436
P19,22,A,alpha,1799551287-α-3,P19-T22-Aα,12,64,E4,9,9,R2,R,False,64,True,R3,False,0.11601106258268637,False,0.4557180404663086,valid,False,9.799155673569864e-05,0.0004151181755076891,0.00016277806518449423,3.7064739290064906e-05,2.5417410730971225e-06,0.004442921240503127,0.11601106258268637,0.7026061201494866,0.16881503249841076,0.007409369251122045
P19,22,A,alpha,1799551287-α-3,P19-T22-Aα,13,65,F4,10,10,R3,R,False,65,True,R3,True,0.4492545715415206,False,0.45870494842529297,valid,False,2.337774560476437e-05,6.63499049624508e-05,2.540660569245314e-05,5.693269537786462e-06,3.4177027074055015e-07,0.004197536694517696,0.07185357019152387,0.4492545715415206,0.4437916203983718,0.030781531877997845
P19,22,A,alpha,1799551287-α-3,P19-T22-Aα,14,67,G4,11,11,R4,R,False,67,True,R4,True,0.45387972598411414,False,0.5623331069946289,valid,False,4.577886417830611e-06,8.898141142724187e-06,2.8506219013087503e-06,6.767030532765071e-07,3.951431238884329e-08,0.001224632686078416,0.03314786670709019,0.3176624488214436,0.45387972598411414,0.194068282934446
P19,22,A,alpha,1799551287-α-3,P19-T22-Aα,15,65,F4,10,10,R5,R,False,65,True,R3,False,0.005436041238801303,False,0.37649106979370117,valid,False,1.9399984062318325e-05,5.053103154820535e-05,1.831354019000496e-05,4.281934845537878e-06,2.6103063339527186e-07,0.009605550607169876,0.18468649471102958,0.7325575835136185,0.06762154240810118,0.005436041238801303
P19,22,A,alpha,1799551287-α-3,P19-T22-Aα,16,60,C4,7,7,L1,L,False,60,True,R2,False,0.0008196387974271102,False,0.4909188747406006,valid,False,0.0008196387974271102,0.014715676276576217,0.009268950474474623,0.0026988978923017217,0.00017327926698618572,0.028531369841427113,0.8972277881373055,0.04430086390680053,0.0020360347740670244,0.00022750063263387893
P19,22,A,alpha,1799551287-α-3,P19-T22-Aα,17,59,B3,6,6,L2,L,False,59,True,L3,False,0.10684140785564072,False,0.5005810260772705,valid,False,0.0007492710828234339,0.10684140785564072,0.8471944158135675,0.04225377829085243,0.0007648201505449895,0.0009589858955959582,0.0007654496443571041,0.00037830672098895443,8.416593057059633e-05,9.39861505837475e-06
P19,22,A,alpha,1799551287-α-3,P19-T22-Aα,18,60,C4,7,7,L1,L,False,60,True,R2,False,0.00021352076591456265,False,0.5369291305541992,valid,False,0.00021352076591456265,0.004056433083975325,0.0010734341645200424,0.0001803377881362145,1.4393787495983053e-05,0.01947726899383955,0.9431714627601291,0.03024249616362169,0.001389922642891625,0.00018072984947593255
P19,22,A,alpha,1799551287-α-3,P19-T22-Aα,19,59,B3,6,6,L2,L,False,59,True,L2,True,0.9543259672654124,False,0.5257089138031006,valid,False,0.0028806030127518745,0.9543259672654124,0.03580185299337935,0.0021771129226262464,0.00014311833754408054,0.0015177458068876977,0.0019072600002113008,0.000992624193047149,0.0002288248566477395,2.4890611492371398e-05
P19,22,A,alpha,1799551287-α-3,P19-T22-Aα,20,60,C4,7,7,L4,L,False,60,True,R2,False,0.0006604638748836424,False,0.4238719940185547,valid,False,0.0008587995272601321,0.007263511264658356,0.0035486148570464887,0.0006604638748836424,5.149705814961288e-05,0.020001172163157593,0.8854794669842623,0.07792843301014751,0.0037276979814964487,0.00048034327893785414
P19,22,A,alpha,1799551287-α-3,P19-T22-Aα,21,59,B3,6,6,L3,L,False,59,True,L2,False,0.04512470338761419,False,0.48572707176208496,valid,False,0.0019144489822577944,0.9433429002294887,0.04512470338761419,0.002073897824203355,0.00012116886152141019,0.0013622258156849522,0.003713913452329657,0.0017138434267067212,0.0005663518091024848,6.654621109066465e-05
P19,22,A,alpha,1799551287-α-3,P19-T22-Aα,22,64,E4,9,9,R4,R,False,64,True,R3,False,0.18137633276561888,False,0.5159568786621094,valid,False,3.588537754842043e-05,0.00015596037283942398,5.207797625251436e-05,1.0850130140807557e-05,8.340154775190061e-07,0.0025904900134431216,0.06735412035670285,0.740513607841363,0.18137633276561888,0.007909841150613396
P19,22,A,alpha,1799551287-α-3,P19-T22-Aα,23,62,D4,8,8,R2,R,False,62,True,R2,True,0.8790503848806845,False,0.43123722076416016,valid,False,0.00014104841287004136,0.0009832023159014227,0.0003457598497635811,7.771578174044631e-05,4.95290671616039e-06,0.024018928733665523,0.8790503848806845,0.08991297128050872,0.004849338077288847,0.0006156977608606394
P19,22,A,alpha,1799551287-α-3,P19-T22-Aα,24,64,E4,9,9,R1,R,False,64,True,R3,False,0.005594428033106827,False,0.39671993255615234,valid,False,4.891692804825349e-05,0.00017998993854537453,6.025031736770158e-05,1.4484547532456058e-05,8.202895924327441e-07,0.005594428033106827,0.1383509553870469,0.7423297947873995,0.10590864028775372,0.007511719483606867
P19,22,A,alpha,1799551287-α-3,P19-T22-Aα,25,65,F4,10,10,R2,R,False,65,True,R4,False,0.02503837358826654,False,0.8973469734191895,valid,False,9.096065326989981e-06,2.121009506363929e-05,6.2018287307592756e-06,1.6005273159064947e-06,1.0111158532432607e-07,0.0047910073297436,0.02503837358826654,0.24670510713688534,0.6783944494766445,0.045032852840437496
P19,22,A,alpha,1799551287-α-3,P19-T22-Aα,26,64,E4,9,9,R1,R,False,64,True,R2,False,0.021041230155170468,False,0.5172128677368164,valid,False,6.003045066867539e-05,0.0002709646020068048,0.00010612558794403634,2.4847688360323228e-05,1.6491881716299458e-06,0.021041230155170468,0.8484070888234599,0.11950528282989333,0.009203144078536025,0.001379636595788681
P19,22,A,alpha,1799551287-α-3,P19-T22-Aα,27,65,F4,10,10,R2,R,False,65,True,R3,False,0.14286932381201056,False,0.3880577087402344,valid,False,9.381762912783117e-06,2.6724417096353455e-05,1.0207923843859417e-05,2.3873285463483846e-06,1.4612982144408345e-07,0.007213581216504872,0.14286932381201056,0.7365155823492612,0.10454413683442047,0.008808528225582165
P19,22,A,alpha,1799551287-α-3,P19-T22-Aα,28,60,C4,7,7,L4,L,False,60,True,R2,False,0.0007435831114271902,False,0.5053949356079102,valid,False,0.00026932730949179437,0.00568265764660809,0.00277612677772131,0.0007435831114271902,4.8318593666372166e-05,0.0146438457962891,0.9382534968869243,0.0353048435310923,0.0020627089950765658,0.00021509135170292423
P19,22,A,alpha,1799551287-α-3,P19-T22-Aα,29,64,E4,9,9,R2,R,False,64,True,R2,True,0.8783573590211191,False,0.42185497283935547,valid,False,7.54109180753626e-05,0.00031693037553883163,0.00011661062215983995,3.0296930847121947e-05,2.0179591573010054e-06,0.01867506617975351,0.8783573590211191,0.09350861075189873,0.007228658883389082,0.0016890383580610785
P19,23,B,alpha,1799551287-α-6,P19-T23-Bα,0,64,E4,9,9,R3,R,False,64,True,R3,True,0.7196037136721545,False,0.9858570098876953,valid,False,0.00011085475348969224,0.00022397889138785652,6.6428811456124e-05,1.5303855790787982e-05,1.9004794627016324e-06,0.0033827894926410375,0.037200438670277454,0.7196037136721545,0.22921947199006398,0.01017511938327596
P19,23,B,alpha,1799551287-α-6,P19-T23-Bα,1,65,F4,10,10,R4,R,False,65,True,R4,True,0.6748974785948204,False,0.6329879760742188,valid,False,1.9492335133123786e-05,2.7008997522638384e-05,8.509619660535331e-06,1.7424066531136078e-06,2.049766910921971e-07,0.0011762076945738453,0.02534213457880917,0.2627259983809275,0.6748974785948204,0.03580122241520851
P19,23,B,alpha,1799551287-α-6,P19-T23-Bα,2,67,G4,11,11,R5,R,False,67,True,R5,True,0.6136360884115787,False,0.7022221088409424,valid,False,6.470415077062233e-06,6.717023500004265e-06,1.929540096855842e-06,3.7986379533007547e-07,4.65954144029771e-08,0.00041643939871236017,0.0090484922619291,0.057240677138540426,0.31964275935135583,0.6136360884115787
P19,23,B,alpha,1799551287-α-6,P19-T23-Bα,3,65,F4,10,10,R3,R,False,65,True,R3,True,0.7372959575748586,False,0.6579017639160156,valid,False,4.243455768130182e-05,5.770865839856159e-05,1.8177002731002994e-05,3.894565078636653e-06,4.552193661801806e-07,0.004585298263283448,0.11593245039619393,0.7372959575748586,0.12934135672620883,0.012722267036199645
P19,23,B,alpha,1799551287-α-6,P19-T23-Bα,4,60,C4,7,7,L3,L,False,60,True,L3,True,0.8006010830388843,False,0.8504238128662109,valid,False,0.0004838233738784807,0.13708523986412413,0.8006010830388843,0.048509699527682915,0.0012969683168997479,0.0032490536796656593,0.0073276515186473596,0.001253975814250739,0.00016488758297909125,2.7617282987705118e-05
P19,23,B,alpha,1799551287-α-6,P19-T23-Bα,5,59,B3,6,6,L4,L,False,59,True,L4,True,0.7219870747157195,False,0.8934497833251953,valid,False,6.410425475525053e-05,0.018950062727410445,0.2121043172574484,0.7219870747157195,0.0405987018920913,0.0015025707523644738,0.0029749828472871906,0.001432765451425733,0.00035300420984390004,3.2415891653633714e-05
P19,23,B,alpha,1799551287-α-6,P19-T23-Bα,6,60,C4,7,7,L5,L,False,60,True,L5,True,0.8373701410712632,False,0.9729390144348145,valid,False,9.403457455947966e-06,0.001274448038912532,0.010746218899422526,0.14852090351810934,0.8373701410712632,0.0004178491431737442,0.0009616103323848586,0.000542403951746175,0.00013447597318142718,2.2545614350077878e-05
P19,23,B,alpha,1799551287-α-6,P19-T23-Bα,7,59,B3,6,5,L4,L,False,57,False,L4,True,0.7138820571873165,False,0.817004919052124,valid,False,1.5195655504752767e-05,0.009956920855928225,0.2091123394074437,0.7138820571873165,0.06641419420039539,9.303197456404668e-05,0.0003210457976913751,0.0001609584511628044,3.9721250357621226e-05,4.53521963566542e-06
P19,23,B,alpha,1799551287-α-6,P19-T23-Bα,8,60,C4,7,7,L5,L,False,60,True,L5,True,0.6530972722007637,False,0.9987330436706543,valid,False,2.2900667018254714e-05,0.0035331556263552086,0.0254249066559652,0.3130782842181208,0.6530972722007637,0.000973216438486849,0.0017984923473538968,0.0015656236960565554,0.000441091456889745,6.505669298983257e-05
P19,23,B,alpha,1799551287-α-6,P19-T23-Bα,9,59,B3,6,6,L3,L,False,59,True,L3,True,0.7571257220935642,False,0.6649761199951172,valid,False,9.551885234838624e-05,0.06503184136887241,0.7571257220935642,0.1701052160309742,0.004524038627765931,0.0004983789357846936,0.0014787876998081089,0.0009098734129375709,0.0002019632355749559,2.8659742369424415e-05
P19,23,B,alpha,1799551287-α-6,P19-T23-Bα,10,57,A3,5,5,L4,L,False,57,True,L4,True,0.66274050169999,False,0.6581413745880127,valid,False,3.253726644207489e-05,0.01975784311274801,0.2820392971665028,0.66274050169999,0.034921000032027825,8.532265704504097e-05,0.00024284986028443536,0.0001375768292136581,3.809004874817285e-05,4.981326997910949e-06
P19,23,B,alpha,1799551287-α-6,P19-T23-Bα,11,62,D4,8,8,R2,R,False,62,True,R2,True,0.8424964692780328,False,1.0397839546203613,valid,False,9.183312956084591e-05,0.010299898940444864,0.012832379439329829,0.004270185070745497,0.00019458381428952303,0.014556815382818559,0.8424964692780328,0.10954872981984796,0.005240251385162221,0.0004688537397680898
P19,23,B,alpha,1799551287-α-6,P19-T23-Bα,12,64,E4,9,9,R1,R,False,64,True,R1,True,0.819708690064282,False,0.6984827518463135,valid,False,0.00018149342728837118,0.006784398491861425,0.0045435975794423005,0.0009724240747688686,4.447810829641463e-05,0.819708690064282,0.15900712636488104,0.007021304458825439,0.0009890098588760437,0.0007474775714779353
P19,23,B,alpha,1799551287-α-6,P19-T23-Bα,13,65,F4,10,10,R2,R,False,65,True,R2,True,0.7308787024804617,False,0.7578580379486084,valid,False,0.00012249475810450364,0.0018570011904152296,0.001022279263366372,0.00021151155167306346,9.114410462080096e-06,0.03909642770807555,0.7308787024804617,0.20892363732322075,0.01481295913465935,0.003065872179561347
P19,23,B,alpha,1799551287-α-6,P19-T23-Bα,14,64,E4,9,9,R1,R,False,64,True,R1,True,0.9665139974662289,False,0.7428538799285889,valid,False,0.00010178293624937857,0.0031782644419586694,0.0018903346002807704,0.0003629929840958291,2.0134419667208862e-05,0.9665139974662289,0.02640876020819046,0.001076479270422021,0.0002762900059209128,0.00017096366698588107
P19,23,B,alpha,1799551287-α-6,P19-T23-Bα,15,62,D4,8,8,R2,R,False,62,True,R2,True,0.8843895197885135,False,0.6669011116027832,valid,False,0.00017943711554793402,0.01598583063217899,0.017079682169855954,0.0037899140580636803,0.00017514836118986667,0.027157862348087893,0.8843895197885135,0.04769838781198571,0.0030189153125245107,0.0005253024020518926
P19,23,B,alpha,1799551287-α-6,P19-T23-Bα,16,59,B3,6,6,L5,L,False,59,True,L5,True,0.7921742951591977,False,1.0702459812164307,valid,False,2.4283354981086207e-05,0.00279449947522075,0.013319221898770715,0.19160735501220086,0.7921742951591977,4.499419446134868e-05,2.1285144353055693e-05,1.0308094760078594e-05,3.268501807618716e-06,4.89164246825474e-07
P19,23,B,alpha,1799551287-α-6,P19-T23-Bα,17,64,E4,9,9,R3,R,False,64,True,R3,True,0.7192979522378526,False,0.7352590560913086,valid,False,4.9061895614441656e-05,0.0022847440824532226,0.0018927790882075496,0.00042399262148235575,2.7285618658260357e-05,0.007559871266357354,0.18461557128246897,0.7192979522378526,0.0794578579114063,0.00439088399549896
P19,23,B,alpha,1799551287-α-6,P19-T23-Bα,18,60,C4,7,7,L4,L,False,60,True,L4,True,0.7228546497594504,False,0.7707798480987549,valid,False,4.158883898432002e-05,0.023999096162679767,0.21940597121406277,0.7228546497594504,0.03361964975488084,4.552698211970313e-05,4.902849963847938e-06,1.8285209421724183e-05,8.67251657519861e-06,1.6567118614466952e-06
P19,23,B,alpha,1799551287-α-6,P19-T23-Bα,19,59,B3,6,6,L3,L,False,59,True,L3,True,0.7859863864975302,False,0.6412239074707031,valid,False,0.00012493671344777362,0.12138888460093628,0.7859863864975302,0.08162547559453913,0.0033197834119330465,0.0008855953596912577,0.003480577788236316,0.002278738101488773,0.0007810553335757674,0.00012856659862152351
P19,23,B,alpha,1799551287-α-6,P19-T23-Bα,20,62,D4,8,8,R4,R,False,62,True,R4,True,0.7171549607509371,False,0.9992740154266357,valid,False,0.0002497870008850983,0.008813869313253397,0.001458131125483703,0.00013857543503004714,8.575747686631292e-06,0.0013967958362269943,0.020173307030404108,0.1900159998432135,0.7171549607509371,0.06058999791687948
P19,23,B,alpha,1799551287-α-6,P19-T23-Bα,21,57,A3,5,5,L1,L,False,57,True,L1,True,0.9577033572091376,False,1.033782958984375,valid,False,0.9577033572091376,0.03903809959732498,0.0017941620384844081,0.00030867636358753706,5.527348737894774e-05,0.00010428476519148592,0.0004910135288811298,0.0003395008204459301,0.00014203588021415663,2.359630935403761e-05
P19,23,B,alpha,1799551287-α-6,P19-T23-Bα,22,55,G3,4,4,L2,L,False,55,True,L2,True,0.8347317069592025,False,0.839789867401123,valid,False,0.0013312394607329688,0.8347317069592025,0.14361130285257853,0.018349459589341043,0.001455616950088968,5.6797930164665417e-05,0.00026388760241438013,0.00013862304337983623,5.371636865739006e-05,7.649243439927912e-06
P19,23,B,alpha,1799551287-α-6,P19-T23-Bα,23,53,F3,3,3,L3,L,False,53,True,L3,True,0.7332881138838572,False,0.6369800567626953,valid,False,0.00015508912407808103,0.12389169760018315,0.7332881138838572,0.13692045794836358,0.005699371024906182,4.666277502729676e-06,2.33609259798909e-05,1.2048368806657416e-05,4.535824157453316e-06,6.590221651190469e-07
P19,23,B,alpha,1799551287-α-6,P19-T23-Bα,24,55,G3,4,4,L2,L,False,55,True,L2,True,0.9700486330660322,False,0.730247974395752,valid,False,0.0020747203682699718,0.9700486330660322,0.024467512260771086,0.0029042771610453457,0.00016124385596317793,2.811255794350923e-05,0.0001842550507284242,9.003414556527716e-05,3.525532090857173e-05,5.956212772569059e-06
P19,23,B,alpha,1799551287-α-6,P19-T23-Bα,25,53,F3,3,3,L3,L,False,53,True,L3,True,0.747560915198252,False,0.7357730865478516,valid,False,0.00015842110035301134,0.10914242039859659,0.747560915198252,0.13945869230511854,0.003629162782652872,5.064397452484378e-06,2.59561007913216e-05,1.3216226788261566e-05,5.406189058118595e-06,7.453009368507393e-07
P19,23,B,alpha,1799551287-α-6,P19-T23-Bα,26,55,G3,4,4,L4,L,False,55,True,L4,True,0.7002317811775262,False,0.7934741973876953,valid,False,4.88728288334896e-05,0.02099480779255033,0.2661294888215586,0.7002317811775262,0.012236980557726011,2.2922104913103563e-05,0.00019328513864143328,9.646301920875e-05,3.935976407290507e-05,6.038794969149162e-06
P19,23,B,alpha,1799551287-α-6,P19-T23-Bα,27,62,D4,8,8,R4,R,False,62,True,R4,True,0.7410674165296468,False,0.8732268810272217,valid,False,4.892188168851327e-05,0.0019229220706057685,0.0006944787413988829,0.00010975765794254805,2.5034385127858445e-06,0.004088146143412553,0.028530060909797587,0.16836622902867301,0.7410674165296468,0.055169563598321515
P19,23,B,alpha,1799551287-α-6,P19-T23-Bα,28,57,A3,5,5,L4,L,False,57,True,L4,True,0.4508909564758216,True,0.7912430763244629,valid,False,6.109422064927088e-05,0.03256197548531057,0.5069239841494535,0.4508909564758216,0.004955517245832389,8.621275357872649e-05,0.0018391770773490098,0.0016488119055786136,0.0008664130798197253,0.00016585760660660235
P19,23,B,alpha,1799551287-α-6,P19-T23-Bα,29,62,D4,8,8,R4,R,False,62,True,R4,True,0.7120531861992063,False,0.7462489604949951,valid,False,6.969527837499384e-05,0.010670924710984131,0.0063881317470556205,0.001182337365584581,1.903535239665091e-05,0.0028523767905950176,0.023697031514802253,0.14943200677469934,0.7120531861992063,0.09363527426630101
P19,24,A,beta,1799551287-β-4,P19-T24-Aβ,0,62,D4,8,8,R4,R,False,62,True,R2,False,0.0033444785645866384,False,1.2852928638458252,valid,False,0.0003195651644651152,0.00172213623652862,0.0008461033210595922,0.00019807540621439752,2.4869257741573298e-05,0.018663758285058528,0.9044353229349401,0.06991713788723752,0.0033444785645866384,0.0005285529421679984
P19,24,A,beta,1799551287-β-4,P19-T24-Aβ,1,65,F4,10,10,R2,R,False,65,True,R3,False,0.11181584754439731,False,0.3772568702697754,valid,False,6.449144404316934e-05,7.990783024771412e-05,3.259857876361436e-05,7.3760898680535415e-06,8.941701482586321e-07,0.010526450125329994,0.11181584754439731,0.6244387833688385,0.2296389970421047,0.023394653806258714
P19,24,A,beta,1799551287-β-4,P19-T24-Aβ,2,60,C4,7,7,R3,R,False,60,True,R2,False,0.0391598677636432,False,0.45706701278686523,valid,False,0.0011171897100352324,0.015546067431283775,0.009705814399193095,0.0023622968379433396,0.00029275963742280895,0.030804243018563736,0.8992207350208494,0.0391598677636432,0.0015336529531855285,0.000257373227879725
P19,24,A,beta,1799551287-β-4,P19-T24-Aβ,3,57,A3,5,5,L5,L,False,57,True,L3,False,0.002392655513947823,False,0.49491000175476074,valid,False,0.0005641591143356633,0.18779376828744715,0.7563045940747162,0.05271071809464069,0.002392655513947823,0.00017098474841968986,3.313203666378151e-05,2.494197815194463e-05,3.995466843833032e-06,1.0506848333027564e-06
P19,24,A,beta,1799551287-β-4,P19-T24-Aβ,4,60,C4,7,7,R3,R,False,60,True,R2,False,0.022496038410329797,False,0.4713010787963867,valid,False,0.0009523347277200562,0.02229231371558355,0.007433041570167547,0.001576592053271632,0.00012214607056801625,0.03097453184072462,0.9130464148143368,0.022496038410329797,0.0009169881063870243,0.00018959869091072828
P19,24,A,beta,1799551287-β-4,P19-T24-Aβ,5,57,A3,5,5,L5,L,False,57,True,L3,False,0.001959202828760385,False,0.46727871894836426,valid,False,0.00034041101393640335,0.1469015372258376,0.7937317602428761,0.05705114313972768,0.001959202828760385,1.3842698784615027e-05,1.135977450587841e-06,6.8363476012925e-07,2.1711830149961972e-07,6.611956505627692e-08
P19,24,A,beta,1799551287-β-4,P19-T24-Aβ,6,62,D4,8,8,R5,R,False,62,True,R2,False,0.0003578433460243624,False,0.45949697494506836,valid,False,0.000159408031745229,0.005082637945560462,0.0036427747454391072,0.0009039821619143444,7.702084181674497e-05,0.030228762193638816,0.9164727135364127,0.04162886769836911,0.0014459894990791154,0.0003578433460243624
P19,24,A,beta,1799551287-β-4,P19-T24-Aβ,7,65,F4,10,10,R3,R,False,65,True,R1,False,0.001217409722549339,False,0.4497230052947998,valid,False,2.0217009222123024e-05,0.00010971672509974972,3.9724055031483115e-05,7.664860534566024e-06,6.727438434805236e-07,0.9694466292200195,0.028695072650329397,0.001217409722549339,0.0002771283350571103,0.00018576467831326216
P19,24,A,beta,1799551287-β-4,P19-T24-Aβ,8,69,A4,12,12,R5,R,False,69,True,R3,False,0.014628162713928881,False,0.4073362350463867,valid,False,9.109587435898944e-07,2.1975272485530226e-06,6.548453762970328e-07,1.308905404609153e-07,1.0585784809848947e-08,0.013315360349070162,0.18184426586863836,0.708500410647257,0.08170789561341191,0.014628162713928881
P19,24,A,beta,1799551287-β-4,P19-T24-Aβ,9,64,E4,9,9,R4,R,False,64,True,R2,False,0.00441953766637171,False,0.4640369415283203,valid,False,0.00011272109240261955,0.0014081960371889345,0.0005546114358582088,0.000123180277874934,1.0627427374926826e-05,0.019261488695378096,0.9032822648671931,0.06982800103259429,0.00441953766637171,0.0009993714677631446
P19,24,A,beta,1799551287-β-4,P19-T24-Aβ,10,60,C4,7,7,R3,R,False,60,True,R2,False,0.0332804288441603,False,0.45751070976257324,valid,False,0.0004909505912937497,0.0351934074423729,0.02270261226569502,0.005043104987241492,0.0005153078885569725,0.01619932381921034,0.884958761767544,0.0332804288441603,0.0014119468571907273,0.00020415553673471464
P19,24,A,beta,1799551287-β-4,P19-T24-Aβ,11,57,A3,5,5,L5,L,False,57,True,L3,False,0.003416355562017855,False,0.4164919853210449,valid,False,0.00029174736985103714,0.0973411826175544,0.7929055172071389,0.10598913944072681,0.003416355562017855,5.238714374261546e-05,2.5139978510406067e-06,8.866341592142814e-07,1.7191923636013414e-07,9.81077216335294e-08
P19,24,A,beta,1799551287-β-4,P19-T24-Aβ,12,55,G3,4,4,L4,L,False,55,True,L4,True,0.6400556931107727,False,0.3482367992401123,valid,False,5.2774585920824384e-05,0.01712780654368775,0.26847409906530906,0.6400556931107727,0.07426908701829764,1.791875812372321e-05,1.4211419107949396e-06,9.880464072173734e-07,1.5081959907435154e-07,6.090997123103233e-08
P19,24,A,beta,1799551287-β-4,P19-T24-Aβ,13,62,D4,8,8,R1,R,False,62,True,R2,False,0.023303528519274492,False,0.4520721435546875,valid,False,6.522289442207901e-05,0.007414852769816911,0.0027454369196714657,0.0005155449983951175,2.989184529691006e-05,0.023303528519274492,0.8958882119844199,0.0659307393811582,0.0034164595231288104,0.0006901111644162004
P19,24,A,beta,1799551287-β-4,P19-T24-Aβ,14,64,E4,9,9,R2,R,False,64,True,R3,False,0.167710133765482,False,0.370319128036499,valid,False,2.978952282251005e-05,0.0007414737132040996,0.0003069519922398483,4.833176222758486e-05,2.472475363346571e-06,0.00607301375943629,0.167710133765482,0.7470544404381306,0.07405108405486674,0.003982308516227195
P19,24,A,beta,1799551287-β-4,P19-T24-Aβ,15,59,B3,6,6,L3,L,False,59,True,L3,True,0.7794693873676353,False,0.39835429191589355,valid,False,0.00036107079608506057,0.12975577306824929,0.7794693873676353,0.08778401753594478,0.0019483024953732158,0.0005104861649691213,0.00010567176134049461,5.755537623089937e-05,6.204686728826759e-06,1.5307474432084517e-06
P19,24,A,beta,1799551287-β-4,P19-T24-Aβ,16,62,D4,8,8,R5,R,False,62,True,R2,False,0.0005705814343211625,False,0.37894392013549805,valid,False,0.00014184110735744802,0.012469686730006512,0.010402284788797369,0.0020144011683309107,0.00010293362412544478,0.017631750736428368,0.8782346128512637,0.07441825657956909,0.004013650979800141,0.0005705814343211625
P19,24,A,beta,1799551287-β-4,P19-T24-Aβ,17,60,C4,7,7,R5,R,False,60,True,R3,False,0.00283564016131113,False,0.4066002368927002,valid,False,0.00020854669249396047,0.037201814679790494,0.044462785730205914,0.010027648538813326,0.0006542371016903898,0.006267685911511437,0.1477330920305491,0.6680710142715668,0.08253753488206766,0.00283564016131113
P19,24,A,beta,1799551287-β-4,P19-T24-Aβ,18,57,A3,5,5,L5,L,False,57,True,L3,False,0.0019226108622686828,False,0.4061551094055176,valid,False,0.0003701323116608023,0.1729801078756031,0.7658580597003906,0.05827293071345466,0.0019226108622686828,0.000271185409631358,0.0002905365422884637,2.961954567572294e-05,3.6661493347339887e-06,1.15088969201215e-06
P19,24,A,beta,1799551287-β-4,P19-T24-Aβ,19,60,C4,7,7,L3,L,False,60,True,R2,False,0.020824180502031026,False,0.3758111000061035,valid,False,0.00022006655370540655,0.023110399705521093,0.020824180502031026,0.005287023512483369,0.0003871644428337007,0.017669271712874253,0.9015854538972433,0.0297202035710969,0.0010323389669323944,0.00016389713527861406
P19,24,A,beta,1799551287-β-4,P19-T24-Aβ,20,57,A3,5,5,L5,L,False,57,True,L4,False,0.016239827064280208,False,0.40311384201049805,valid,False,0.00011446113652687672,0.034356055607599245,0.4143192054199778,0.5347505973411922,0.016239827064280208,0.0001530930781605924,5.810805290586966e-05,7.667664840658107e-06,7.484875322872072e-07,2.3614698433990625e-07
P19,24,A,beta,1799551287-β-4,P19-T24-Aβ,21,53,F3,3,3,L4,L,False,53,True,L4,True,0.6172290053142943,False,0.6219010353088379,valid,False,2.7694347742690796e-05,0.015533480259078398,0.2889972273923197,0.6172290053142943,0.07820291178129575,7.092872687299064e-06,2.2104436985636813e-06,3.279388727890114e-07,3.9014332571410274e-08,1.0635678021243209e-08
P19,24,A,beta,1799551287-β-4,P19-T24-Aβ,22,50,D3,1,1,L3,L,False,50,True,L5,False,0.026903912849286435,False,0.6270170211791992,valid,False,4.0262169167266234e-06,0.001472040332037416,0.026903912849286435,0.13782529766871163,0.8337944625734809,1.9474876033333742e-07,5.475738770380407e-08,9.250977376708517e-09,1.233829457748632e-09,3.6861210106781327e-10
P19,24,A,beta,1799551287-β-4,P19-T24-Aβ,23,55,G3,4,4,L2,L,False,55,True,L3,False,0.19345445063552433,False,0.5881929397583008,valid,False,0.0003265955796827639,0.19345445063552433,0.7802128767377351,0.02511544081860676,0.0008116083712867027,6.318844272644317e-05,1.3341920986827543e-05,2.066515402577756e-06,3.0560424710992813e-07,1.253738014352943e-07
P19,24,A,beta,1799551287-β-4,P19-T24-Aβ,24,64,E4,9,9,R4,R,False,64,True,R2,False,0.007773401548709382,False,0.42707085609436035,valid,False,8.468572149784539e-05,0.0008881642447321458,0.0002445865639841426,4.450762260222814e-05,1.212041676671954e-06,0.012777011497732861,0.8377400490310467,0.1384774987235294,0.007773401548709382,0.0019688830044885253
P19,24,A,beta,1799551287-β-4,P19-T24-Aβ,25,60,C4,7,7,R5,R,False,60,True,R2,False,0.00023439820703050299,False,0.4678189754486084,valid,False,0.0004754464609241076,0.035530739416126646,0.016688053221361705,0.0035749496289304143,9.965986047997638e-05,0.02605479737604976,0.8853037879954179,0.030575587962283275,0.0014625798713959635,0.00023439820703050299
P19,24,A,beta,1799551287-β-4,P19-T24-Aβ,26,57,A3,5,5,L1,L,False,57,True,L3,False,0.0004064590579273795,False,0.3944051265716553,valid,False,0.0004064590579273795,0.17068550525360437,0.7320060763332585,0.09470587552840297,0.002123135699604387,5.441007473784031e-05,1.2243338080744125e-05,5.410439699534719e-06,7.175049357659482e-07,1.667697484514354e-07
P19,24,A,beta,1799551287-β-4,P19-T24-Aβ,27,50,D3,1,1,L3,L,False,50,True,L5,False,0.019077770916433215,False,0.6032321453094482,valid,False,6.565868656033131e-06,0.0013896078577071232,0.019077770916433215,0.10863358054483446,0.8708924285379329,3.407160383222814e-08,7.520056299905905e-09,4.0146345421812895e-09,5.542782570308469e-10,1.1386332455909211e-10
P19,24,A,beta,1799551287-β-4,P19-T24-Aβ,28,53,F3,3,3,L1,L,False,53,True,L4,False,3.258385613761174e-05,False,0.501323938369751,valid,False,3.258385613761174e-05,0.022680675274283166,0.4507018905663767,0.4991586288450527,0.027422493215581403,3.0173653675038863e-06,5.468515784076517e-07,1.3912117899748212e-07,1.7545157555212597e-08,7.3592858881587665e-09
P19,24,A,beta,1799551287-β-4,P19-T24-Aβ,29,62,D4,8,8,R4,R,False,62,True,R3,False,0.045605152078036,False,0.5099079608917236,valid,False,5.3165529573365544e-05,0.0019093150894581037,0.0010825747830660152,0.00021905600540240457,5.624758318083798e-06,0.0044757663076663515,0.1640253016544927,0.7805670902535451,0.045605152078036,0.0020569535404417853
P19,25,A,gamma,1799551287-γ-1,P19-T25-Aγ,0,55,G3,4,4,L3,L,False,55,True,L3,True,0.7810275240084835,False,0.6517250537872314,valid,False,0.0008287522355177427,0.11001430372770855,0.7810275240084835,0.10274781401961242,0.005058312563243127,0.00012851699358352471,0.00011939579285465,5.79301299798105e-05,1.5307848492049893e-05,2.1426805244675926e-06
P19,25,A,gamma,1799551287-γ-1,P19-T25-Aγ,1,60,C4,7,7,L5,L,False,60,True,R2,False,0.00022818120234847846,False,0.401641845703125,valid,False,0.0013223967687999853,0.027797884917948927,0.018721657856047052,0.003740162277242415,0.00022818120234847846,0.021244051718343183,0.8478995943010589,0.07640720034224144,0.0023539080268051896,0.0002849625891644136
P19,25,A,gamma,1799551287-γ-1,P19-T25-Aγ,2,57,A3,5,5,L2,L,False,57,True,L3,False,0.1246571204974441,False,0.4051990509033203,valid,False,0.00036551481498332534,0.1246571204974441,0.8094095925425487,0.06159632774797308,0.0017768838326881163,0.0005393655060015446,0.0009019604115834201,0.000601229322086863,0.00013688059245151046,1.5124732239369014e-05
P19,25,A,gamma,1799551287-γ-1,P19-T25-Aγ,3,48,C3,0,0,L4,L,False,48,True,L5,False,0.19071199487211069,False,0.8732011318206787,valid,False,1.319130189921978e-06,0.0005754177934982591,0.025645711545785668,0.19071199487211069,0.7830651980107023,1.7976456678261663e-07,1.1603630630317216e-07,5.0269073909066926e-08,1.140029813774272e-08,1.1774680564033996e-09
P19,25,A,gamma,1799551287-γ-1,P19-T25-Aγ,4,64,E4,9,9,R2,R,False,64,True,R3,False,0.15078975888327295,False,0.5053839683532715,valid,False,8.901812498424483e-05,0.0007668888885985056,0.00025155906204122816,5.027581583385604e-05,1.4686286495629348e-06,0.007340545852085616,0.15078975888327295,0.6894447347355119,0.1412044564633521,0.010061293545670173
P19,25,A,gamma,1799551287-γ-1,P19-T25-Aγ,5,69,A4,12,12,R5,R,False,69,True,R4,False,0.13914432609802732,False,0.6848900318145752,valid,False,6.88770602538848e-07,1.250289972193952e-06,5.027787565988654e-07,8.718800961039475e-08,2.797815207923341e-09,0.00025048876098996916,0.00295310203270789,0.042252968011476856,0.8153965832716419,0.13914432609802732
P19,25,A,gamma,1799551287-γ-1,P19-T25-Aγ,6,53,F3,3,3,L2,L,False,53,True,L3,False,0.050062334287449724,False,0.5091750621795654,valid,False,8.317701501824687e-05,0.050062334287449724,0.5842434181829157,0.35272777465882826,0.012858938689105528,1.3152861287750562e-05,1.0146005921972388e-05,9.521602371380569e-07,9.808439346642477e-08,8.054842308433513e-09
P19,25,A,gamma,1799551287-γ-1,P19-T25-Aγ,7,53,F3,3,3,L2,L,False,53,True,L3,False,0.12211986480115271,False,0.45412707328796387,valid,False,0.00012168521302316487,0.12211986480115271,0.7261772267973224,0.14344479596290327,0.0081225240479633,6.946349995313505e-06,5.0381702729792675e-06,1.6191888775544441e-06,2.729790665313132e-07,2.6489422903203228e-08
P19,25,A,gamma,1799551287-γ-1,P19-T25-Aγ,8,65,F4,10,10,R2,R,False,65,True,R3,False,0.11389203157921678,False,0.45986008644104004,valid,False,7.147056229327363e-06,2.3458201715122034e-05,1.0234973035899e-05,1.7868349381180856e-06,5.2447443289286314e-08,0.004391828593624044,0.11389203157921678,0.776020721875669,0.09968420336758359,0.005968535070544969
P19,25,A,gamma,1799551287-γ-1,P19-T25-Aγ,9,50,D3,1,1,L4,L,False,50,True,L4,True,0.48067720249213003,False,0.7297818660736084,valid,False,9.444346261848883e-06,0.0045765802183677885,0.10512981797196558,0.48067720249213003,0.40960609260132247,4.1986614866580804e-07,3.4674583966305453e-07,8.466215388612833e-08,9.954330072221229e-09,1.141480158597511e-09
P19,25,A,gamma,1799551287-γ-1,P19-T25-Aγ,10,60,C4,7,7,L2,L,False,60,True,R2,False,0.01680568122586799,False,0.5058591365814209,valid,False,0.0003825411295981581,0.01680568122586799,0.006760857766151122,0.001316236501876594,0.00010498166920054874,0.010152533970132055,0.7334235211916577,0.2209029194631936,0.009371970065074507,0.0007787570172476303
P19,25,A,gamma,1799551287-γ-1,P19-T25-Aγ,11,55,G3,4,4,L4,L,False,55,True,L3,False,0.1332953546152733,False,0.3965308666229248,valid,False,0.0002368867879785413,0.132506810368169,0.7292905901272858,0.1332953546152733,0.004600498789101328,3.077891580053857e-05,2.719055883161953e-05,1.024157629938778e-05,1.4682253130592173e-06,1.800359476997865e-07
P19,25,A,gamma,1799551287-γ-1,P19-T25-Aγ,12,65,F4,10,10,R2,R,False,65,True,R3,False,0.1582836730103152,False,0.3690817356109619,valid,False,2.2107107082612543e-05,0.00010194320309788777,4.736877979748447e-05,5.9122756774693646e-06,2.4536962275791744e-07,0.009017151801727364,0.1582836730103152,0.7240394190829404,0.09932615061140454,0.009156028758334227
P19,25,A,gamma,1799551287-γ-1,P19-T25-Aγ,13,67,G4,11,11,R5,R,False,67,True,R2,False,0.0006167999540488131,False,0.7177197933197021,valid,False,6.651156289911383e-06,1.597235861241386e-05,6.9171495574066685e-06,8.561127210190011e-07,3.566969877515056e-08,0.03339550856279258,0.9465042537292943,0.017912828528153475,0.0015401767788311663,0.0006167999540488131
P19,25,A,gamma,1799551287-γ-1,P19-T25-Aγ,14,48,C3,0,0,L3,L,False,48,True,L4,False,0.11211990064430014,False,0.6899981498718262,valid,False,7.783315202613532e-06,0.005101726771650908,0.11211990064430014,0.5779970935162776,0.3047734885300346,7.093832016706162e-09,9.991490009907201e-11,2.4562088019479535e-11,2.5102259930125093e-12,1.7149205234131138e-12
P19,25,A,gamma,1799551287-γ-1,P19-T25-Aγ,15,50,D3,1,1,L5,L,False,50,True,L4,False,0.03542792483962156,False,0.5684499740600586,valid,False,3.8816739517411625e-05,0.020699553504311262,0.3403568844960723,0.6034767834262543,0.03542792483962156,3.6307412819002636e-08,4.96896981248389e-10,1.535824252778049e-10,2.0852418253704615e-11,1.5478508908671347e-11
P19,25,A,gamma,1799551287-γ-1,P19-T25-Aγ,16,62,D4,8,8,R3,R,False,62,True,R2,False,0.07044540227887913,False,0.5116572380065918,valid,False,0.0001510335210267999,0.0011498495829936016,0.00038034060862402326,7.764107778425819e-05,2.6700142274415035e-06,0.013656595965334277,0.9112688545995224,0.07044540227887913,0.0024469392896231427,0.0004206730619849048
P19,25,A,gamma,1799551287-γ-1,P19-T25-Aγ,17,53,F3,3,3,L4,L,False,53,True,L3,False,0.23782426803294923,False,0.3951890468597412,valid,False,0.00023015758517104984,0.10563680932898366,0.645147774860262,0.23782426803294923,0.011157599626851141,3.3037320743738968e-06,5.38799027454946e-08,2.7689781776013984e-08,3.5373077597189e-09,1.726716315397705e-09
P19,25,A,gamma,1799551287-γ-1,P19-T25-Aγ,18,71,B4,13,13,R1,R,False,71,True,R3,False,0.0012791632775901085,False,0.5915749073028564,valid,False,7.95072472954864e-08,4.060652587662968e-08,1.4212646024714202e-08,1.9786973924002825e-09,9.035183428013405e-11,0.0012791632775901085,0.13575874913247982,0.7284211670398273,0.10272274610152822,0.031818038053106304
P19,25,A,gamma,1799551287-γ-1,P19-T25-Aγ,19,62,D4,8,8,L2,L,False,62,True,R2,False,0.0020905505066564065,False,0.42834925651550293,valid,False,0.00038499336206298965,0.0020905505066564065,0.0007876903426625882,0.0001128254768937629,5.983113960006872e-06,0.01826845906110815,0.9583145115563223,0.019014009018693927,0.0008396047985720266,0.00018137276306766343
P19,25,A,gamma,1799551287-γ-1,P19-T25-Aγ,20,72,C5,14,14,R3,R,False,72,True,R3,True,0.5706360348268407,False,0.6018586158752441,valid,False,3.280680056510525e-08,2.1423498811914686e-08,7.422649049713353e-09,1.0507338429357865e-09,4.631639680926604e-11,0.00032064460431599723,0.14106797963094952,0.5706360348268407,0.2683276847233708,0.019647593464524278
P19,25,A,gamma,1799551287-γ-1,P19-T25-Aγ,21,60,C4,7,7,L4,L,False,60,True,R2,False,0.0020932563372328544,False,0.4654519557952881,valid,False,0.0012456024174873964,0.02226825628813393,0.012252090112462562,0.0020932563372328544,0.00010155329230347795,0.01975325775032211,0.9050352978527604,0.03599278231582144,0.0011540972390310068,0.00010380639444498227
P19,25,A,gamma,1799551287-γ-1,P19-T25-Aγ,22,62,D4,8,8,R5,R,False,62,True,R2,False,0.0002345824653247798,False,0.43907928466796875,valid,False,0.00043661147200134404,0.003973386611272561,0.0013118771861274192,0.00019529899719750738,1.0773881430267335e-05,0.011944338223120748,0.9353280620853222,0.044741314490674096,0.001823754587529089,0.0002345824653247798
P19,25,A,gamma,1799551287-γ-1,P19-T25-Aγ,23,57,A3,5,5,R3,R,False,57,True,L3,False,8.890097997461625e-06,False,0.40284299850463867,valid,False,0.0006604133930906186,0.21246502203158435,0.737477529895712,0.047652052874895774,0.0013944570375504226,0.0003265305157848251,1.4055687769123747e-05,8.890097997461625e-06,7.699567264585078e-07,2.785088889030377e-07
P19,25,A,gamma,1799551287-γ-1,P19-T25-Aγ,24,57,A3,5,5,L1,L,False,57,True,L3,False,0.0006695386397043128,False,0.4158360958099365,valid,False,0.0006695386397043128,0.12512259616624938,0.8124319667954008,0.05990957530074484,0.0014301866738055588,0.00039611747357287826,2.442520623328712e-05,1.4155892379232078e-05,1.101914702157885e-06,3.359372076185067e-07
P19,25,A,gamma,1799551287-γ-1,P19-T25-Aγ,25,59,B3,6,6,R5,R,False,59,True,L3,False,4.133821460871179e-06,False,0.41668176651000977,valid,False,0.0008476043875555065,0.147622556727108,0.7982163626169487,0.04943108823252497,0.0008431430053403033,0.0024365514390713395,0.0004142658844067293,0.000169963043513692,1.4330842069677006e-05,4.133821460871179e-06
P19,25,A,gamma,1799551287-γ-1,P19-T25-Aγ,26,69,A4,12,12,R1,R,False,69,True,R3,False,0.0012724009749021648,False,0.6015422344207764,valid,False,8.645178662201554e-07,2.418453533336714e-06,6.916036232976308e-07,1.406643316289856e-07,5.415443649612332e-09,0.0012724009749021648,0.15171380697197584,0.7219788877989821,0.1058471314624577,0.019183652136884034
P19,25,A,gamma,1799551287-γ-1,P19-T25-Aγ,27,71,B4,13,13,R1,R,False,71,True,R3,False,0.0007811664536749558,False,0.5731790065765381,valid,False,2.7815092562831687e-07,5.429294976036652e-07,1.549267751466437e-07,3.2741668647371714e-08,1.3031079528099034e-09,0.0007811664536749558,0.12088029000141509,0.5863012460214473,0.262549913826304,0.02948637364518355
P19,25,A,gamma,1799551287-γ-1,P19-T25-Aγ,28,62,D4,8,8,L3,L,False,62,True,R2,False,0.001607291362148162,False,0.49726319313049316,valid,False,0.0001609578137885036,0.003567281462164118,0.001607291362148162,0.0003523526981906981,1.6053211204978993e-05,0.013915617099691156,0.9680084972592626,0.01185810668113382,0.00044619988344459487,6.76425289713362e-05
P19,25,A,gamma,1799551287-γ-1,P19-T25-Aγ,29,65,F4,10,10,R4,R,False,65,True,R3,False,0.06122317484792394,False,0.5524449348449707,valid,False,1.9667602724465816e-05,9.233951771217653e-05,3.130681762438728e-05,6.055524681634329e-06,2.707296619501421e-07,0.005133970556727021,0.10584005197520346,0.8242927878235524,0.06122317484792394,0.003360374604188574
P19,26,A,gamma,1799551287-γ-6,P19-T26-Aγ,0,62,D4,8,8,L2,L,False,62,True,R2,False,0.002712144827595181,False,0.5310277938842773,valid,False,0.0020916402743564357,0.002712144827595181,0.0010604636730075045,0.0002656531916467427,2.4418185668265622e-05,0.017110520699834292,0.9107494526177325,0.0615403784741995,0.0037422742689956863,0.0007030537869637356
P19,26,A,gamma,1799551287-γ-6,P19-T26-Aγ,1,57,A3,5,5,R2,R,False,57,True,L3,False,0.001525889488123182,False,0.49484705924987793,valid,False,0.0010097642607030323,0.1627716049951957,0.7436335265281452,0.08661518329524732,0.003070189916509587,0.0001345524102834232,0.001525889488123182,0.0010134909185138764,0.00020254810062108025,2.325008665764043e-05
P19,26,A,gamma,1799551287-γ-6,P19-T26-Aγ,2,62,D4,8,8,R4,R,False,62,True,R2,False,0.0027843004202536734,False,0.39049386978149414,valid,False,0.0004183362485573513,0.0035505204351470253,0.001565737524660974,0.00032277736277015637,2.5945478095889677e-05,0.017531454126319852,0.919653203466038,0.05373135086888985,0.0027843004202536734,0.0004163740692673598
P19,26,A,gamma,1799551287-γ-6,P19-T26-Aγ,3,55,G3,4,4,L5,L,False,55,True,L3,False,0.006997373184760388,False,0.3594200611114502,valid,False,0.0003584922324382079,0.14599227971987355,0.7119890402841147,0.134329753481373,0.006997373184760388,0.0001298000785521027,0.0001293538170846338,6.316452767535508e-05,9.796397341170644e-06,9.462767869642598e-07
P19,26,A,gamma,1799551287-γ-6,P19-T26-Aγ,4,48,C3,0,0,L1,L,False,48,True,L5,False,3.661033566431991e-06,False,0.5776040554046631,valid,False,3.661033566431991e-06,0.0016129885272455425,0.07238829668997453,0.31969648423705516,0.6062982695365919,1.4184909193157676e-07,1.0202833324605223e-07,4.593813824792506e-08,9.239165369006933e-09,9.208377734657468e-10
P19,26,A,gamma,1799551287-γ-6,P19-T26-Aγ,5,55,G3,4,4,L5,L,False,55,True,L3,False,0.00470976214547029,False,0.37906694412231445,valid,False,0.00019357453885455002,0.14281882156698655,0.7335585176248538,0.11827687397444551,0.00470976214547029,0.00012457400674135627,0.0001888058878544592,0.00010464682920812769,2.2143970145454962e-05,2.279455440094997e-06
P19,26,A,gamma,1799551287-γ-6,P19-T26-Aγ,6,62,D4,8,8,R4,R,False,62,True,R3,False,0.12355992660607014,False,0.37922096252441406,valid,False,0.00016673814957797098,0.0018851551903084848,0.000852996222557108,0.00012213159148179409,8.381215634006968e-06,0.0034920342384338688,0.13461610062006743,0.7301707409147038,0.12355992660607014,0.005125795251165362
P19,26,A,gamma,1799551287-γ-6,P19-T26-Aγ,7,59,B3,6,6,L3,L,False,59,True,L3,True,0.788622931719864,False,0.4227437973022461,valid,False,0.00046486539270382537,0.14753850970299068,0.788622931719864,0.04798046806008372,0.0008519020580360004,0.0019055967777672266,0.007752190365617709,0.0037604914798764857,0.0009989849502591499,0.00012405949280137348
P19,26,A,gamma,1799551287-γ-6,P19-T26-Aγ,8,59,B3,6,6,R2,R,False,59,True,L3,False,0.014491948909902673,False,0.3660318851470947,valid,False,0.00034888031576654066,0.13522954253838584,0.7547062918136151,0.07862940880364339,0.0014781996705184907,0.0020089140813905533,0.014491948909902673,0.010942672355318777,0.001969898591991051,0.000194242919467431
P19,26,A,gamma,1799551287-γ-6,P19-T26-Aγ,9,69,A4,12,12,R5,R,False,69,True,R4,False,0.10200517943286486,False,0.5725600719451904,valid,False,2.828134561917293e-06,1.5129566805928497e-05,5.417933633862525e-06,9.073098953012048e-07,4.8080228391015784e-08,0.004862127289231344,0.07904373255934441,0.30945299091531264,0.5046116387781213,0.10200517943286486
P19,26,A,gamma,1799551287-γ-6,P19-T26-Aγ,10,50,D3,1,1,L2,L,False,50,True,L4,False,0.013732199804280932,False,0.6600131988525391,valid,False,1.0778169849238517e-05,0.013732199804280932,0.36904808760311025,0.49317556364022963,0.12403322338904985,1.4331841535504025e-07,2.879711150589142e-09,9.27887795229473e-10,1.9616048282458844e-10,7.130524508382103e-11
P19,26,A,gamma,1799551287-γ-6,P19-T26-Aγ,11,60,C4,7,7,L3,L,False,60,True,R2,False,0.0011216909594135714,False,0.42230772972106934,valid,False,0.0013501933128544695,0.008238868911555538,0.0011216909594135714,0.00018409688334051512,1.6726872755613116e-05,0.031210209112844823,0.8913512908910002,0.06412930938150442,0.0022275481673138075,0.00017006550741702556
P19,26,A,gamma,1799551287-γ-6,P19-T26-Aγ,12,59,B3,6,6,R2,R,False,59,True,L3,False,0.003149046128367339,False,0.4252278804779053,valid,False,0.0007393065246506879,0.1451775300924269,0.7861661784646352,0.059537834611454045,0.00087939093188422,0.003987193711900927,0.003149046128367339,0.00031499973239311116,4.1488501880871185e-05,7.031300406586957e-06
P19,26,A,gamma,1799551287-γ-6,P19-T26-Aγ,13,69,A4,12,12,R3,R,False,69,True,R3,True,0.6472540010096485,False,0.48015689849853516,valid,False,7.497322570978966e-07,1.9187848462482912e-06,5.678062611073169e-07,9.87552807097398e-08,4.946604972006993e-09,0.003246111706918791,0.13159831041612194,0.6472540010096485,0.19494915874112076,0.02294907810093983
P19,26,A,gamma,1799551287-γ-6,P19-T26-Aγ,14,53,F3,3,3,L1,L,False,53,True,L3,False,0.00013411033114034502,False,0.5379703044891357,valid,False,0.00013411033114034502,0.11804794157472284,0.7030102743033506,0.1643369889792615,0.014470434377465771,2.220695912851928e-07,2.272418936191637e-08,4.260400364360044e-09,9.648994818954947e-10,4.1497835260902737e-10
P19,26,A,gamma,1799551287-γ-6,P19-T26-Aγ,15,67,G4,11,11,R5,R,False,67,True,R2,False,0.0006882604503492608,False,0.7243468761444092,valid,False,4.4373640689451555e-06,7.472420327623356e-06,2.082678377292769e-06,2.6793370294597807e-07,2.2903327159030722e-08,0.04126686459058314,0.9419970801855119,0.014702273989450086,0.0013312374843016356,0.0006882604503492608
P19,26,A,gamma,1799551287-γ-6,P19-T26-Aγ,16,65,F4,10,10,R4,R,False,65,True,R2,False,0.002366925967175373,False,0.5060606002807617,valid,False,2.4105036996333643e-05,5.055961496043883e-05,1.2096567854009e-05,2.0967670607039127e-06,1.9282443472499855e-07,0.02789992591875045,0.917444468198482,0.05150052763580973,0.002366925967175373,0.0006991014684763952
P19,26,A,gamma,1799551287-γ-6,P19-T26-Aγ,17,60,C4,7,7,R3,R,False,60,True,R2,False,0.030400133830291932,False,0.4475059509277344,valid,False,0.0007578113127750475,0.031616459367585316,0.007828393751734022,0.0012734637977877923,0.00010498190794757466,0.020377819108610886,0.9063835300467837,0.030400133830291932,0.00109905092366704,0.00015835595281682582
P19,26,A,gamma,1799551287-γ-6,P19-T26-Aγ,18,59,B3,6,6,L5,L,False,59,True,L3,False,0.0010712816825515863,False,0.38143324851989746,valid,False,0.0008330363086176732,0.14546356971731525,0.7864896740666615,0.06487511930081093,0.0010712816825515863,0.0011924288839140862,6.149578849987322e-05,1.1561503950354615e-05,1.3877461472027033e-06,4.4500153161615487e-07
P19,26,A,gamma,1799551287-γ-6,P19-T26-Aγ,19,69,A4,12,12,R1,R,False,69,True,R3,False,0.001987675208701883,False,0.5118598937988281,valid,False,1.5941053653367585e-06,1.9550361771018538e-06,4.801789246930015e-07,9.749362416422073e-08,6.377137095734383e-09,0.001987675208701883,0.15308159847012529,0.7582181208007642,0.07451281340129204,0.012195658927888346
P19,26,A,gamma,1799551287-γ-6,P19-T26-Aγ,20,55,G3,4,4,L1,L,False,55,True,L3,False,0.00022676094824906461,False,0.49019527435302734,valid,False,0.00022676094824906461,0.18123105059709776,0.7280545573092047,0.08667893535055939,0.0037779799818169445,3.019724730856397e-05,3.620920329467261e-07,1.3353059755516964e-07,1.5399432325334777e-08,7.543700871395848e-09
P19,26,A,gamma,1799551287-γ-6,P19-T26-Aγ,21,60,C4,7,7,R4,R,False,60,True,R2,False,0.0016180896851771716,False,0.4608731269836426,valid,False,0.0012534394174558425,0.040968588872265094,0.012450916288419723,0.002292537834378185,0.00021085679030558656,0.02456312284222546,0.8697985443470374,0.046583492806299254,0.0016180896851771716,0.0002604111164363463
P19,26,A,gamma,1799551287-γ-6,P19-T26-Aγ,22,52,E3,2,2,L4,L,False,52,True,L4,True,0.5186304313509859,False,0.5168309211730957,valid,False,3.528758696848447e-05,0.01701835337713235,0.3919724478392449,0.5186304313509859,0.07234309363653096,3.7878184297913877e-07,5.3112797315858985e-09,1.798048857916931e-09,2.158227325589339e-10,1.021430923467822e-10
P19,26,A,gamma,1799551287-γ-6,P19-T26-Aγ,23,59,B3,6,6,L2,L,False,59,True,L3,False,0.12628649905550557,False,0.47609615325927734,valid,False,0.0004665722729685134,0.12628649905550557,0.8229271695145057,0.04780083931183172,0.0006599438674708926,0.0016365126900542994,0.00012816981106042685,7.981395717359812e-05,1.0873280035220047e-05,3.6062393941303307e-06
P19,26,A,gamma,1799551287-γ-6,P19-T26-Aγ,24,60,C4,7,7,L4,L,False,60,True,R3,False,0.004679272882113519,False,0.45868515968322754,valid,False,0.0003004523078942333,0.029883656644194224,0.022847236196298193,0.004679272882113519,0.0002245533945306596,0.003504034573948318,0.1991214699014027,0.697701344136466,0.04007354211810647,0.0016644378450457673
P19,26,A,gamma,1799551287-γ-6,P19-T26-Aγ,25,62,D4,8,8,R5,R,False,62,True,R2,False,0.0003917494169376106,False,0.40928196907043457,valid,False,0.0004237881702670023,0.0069383422871516255,0.0025106074305633005,0.0004017113374294317,2.7143932441802313e-05,0.01665445377101881,0.89075161774137,0.07925556843169057,0.002645017481129907,0.0003917494169376106
P19,26,A,gamma,1799551287-γ-6,P19-T26-Aγ,26,65,F4,10,10,R3,R,False,65,True,R3,True,0.748779970907354,False,0.39432191848754883,valid,False,6.653087223653573e-05,0.00024496351915641274,7.193193692406086e-05,1.182121762423506e-05,7.358738087122832e-07,0.006820353507428311,0.1852778275006268,0.748779970907354,0.05283454407408625,0.0058913205907545115
P19,26,A,gamma,1799551287-γ-6,P19-T26-Aγ,27,69,A4,12,12,R5,R,False,69,True,R3,False,0.03393322728818576,False,0.39145922660827637,valid,False,3.047442451219456e-06,4.574719024275022e-06,1.2304051133503065e-06,2.1642569178508146e-07,1.2503067625650076e-08,0.0036794713639428478,0.21712628616571,0.6483252250204586,0.09692670866635449,0.03393322728818576
P19,26,A,gamma,1799551287-γ-6,P19-T26-Aγ,28,62,D4,8,8,R3,R,False,62,True,R2,False,0.07349201476053464,False,0.37381720542907715,valid,False,0.0004670618014049428,0.006360494836354105,0.0022533961887226065,0.0003426652483911805,2.4093645459753376e-05,0.015443323246407369,0.8985665440458351,0.07349201476053464,0.0026569444449035043,0.0003934617819869304
P19,26,A,gamma,1799551287-γ-6,P19-T26-Aγ,29,55,G3,4,4,L2,L,False,55,True,L3,False,0.1621774576556183,False,0.34601402282714844,valid,False,0.00046854180623374475,0.1621774576556183,0.7261939889368529,0.10490158247046684,0.0062249730583380436,3.198646308641663e-05,1.0632049805311006e-06,3.440322383553398e-07,4.140193999389194e-08,2.09702449662576e-08
P19,27,B,beta,1799551287-β-9,P19-T27-Bβ,0,62,D4,8,8,R4,R,False,62,True,R3,True,0.4347162513072362,False,1.109173059463501,valid,False,1.7463138683929092e-05,5.609099193011916e-05,2.32168146698658e-05,5.009222542847194e-06,6.98138914770952e-07,0.001167275030531461,0.0522319968075477,0.5012486641341479,0.4347162513072362,0.010533334413795167
P19,27,B,beta,1799551287-β-9,P19-T27-Bβ,1,67,G4,11,11,R2,R,False,67,True,R2,True,0.9605910874140496,False,0.7259368896484375,valid,False,6.806284153377251e-07,7.075895171891801e-07,2.2476890641773793e-07,4.394033554953178e-08,6.4765766785452475e-09,0.031358439305881204,0.9605910874140496,0.006844571322510134,0.0008562543868293599,0.00034798416697823405
P19,27,B,beta,1799551287-β-9,P19-T27-Bβ,2,64,E4,9,9,R3,R,False,64,True,R3,True,0.7330169459587508,False,0.6758322715759277,valid,False,1.2074319485145755e-05,2.565467722141405e-05,8.350505575003186e-06,1.7539353421035228e-06,2.6860827765928716e-07,0.002963087744352678,0.11753523293204056,0.7330169459587508,0.13358380679366003,0.012852824525294704
P19,27,B,beta,1799551287-β-9,P19-T27-Bβ,3,62,D4,8,8,R2,R,False,62,True,R2,True,0.9101300548800336,False,0.5966672897338867,valid,False,4.0989483495192684e-05,0.00013920805310070657,5.040585495947486e-05,1.0255005370173045e-05,1.5010804202085243e-06,0.009971519266971976,0.9101300548800336,0.07035736766214715,0.007795818551025841,0.0015028801624759024
P19,27,B,beta,1799551287-β-9,P19-T27-Bβ,4,59,B3,6,6,L4,L,False,59,True,L4,True,0.6108158580067969,False,0.7480342388153076,valid,False,0.0002614907054205729,0.04450399645160392,0.3006876311973258,0.6108158580067969,0.03254646784395419,0.003654862104429862,0.007054119294741153,0.00036124594406296534,9.317068711650907e-05,2.1157764548057348e-05
P19,27,B,beta,1799551287-β-9,P19-T27-Bβ,5,59,B3,6,6,L4,L,False,59,True,L4,True,0.3821541330614702,True,0.8998551368713379,valid,False,0.00018392360908134795,0.08124197975742418,0.5221325977297587,0.3821541330614702,0.005517133939322626,0.002379291457381471,0.004733805789392086,0.0013495360918995207,0.0002681079534717614,3.949061079798553e-05
P19,27,B,beta,1799551287-β-9,P19-T27-Bβ,6,60,C4,7,7,R4,R,False,60,True,R4,True,0.6369814201509982,False,0.771111011505127,valid,False,2.5283353635740068e-05,0.002623202585868722,0.0033743769818650503,0.001964168434485427,0.00013891346035208762,0.002505626616894325,0.036890714107535,0.2843635818512044,0.6369814201509982,0.031132712457161017
P19,27,B,beta,1799551287-β-9,P19-T27-Bβ,7,64,E4,9,9,R5,R,False,64,True,R5,True,0.8320447465328493,False,0.7646090984344482,valid,False,1.1583799058421907e-05,0.0002770060253498975,0.00020445206690517475,7.593439668368898e-05,5.933287774480564e-06,0.0003294369878730316,0.0029324537468917965,0.018734609192584583,0.1453838439640296,0.8320447465328493
P19,27,B,beta,1799551287-β-9,P19-T27-Bβ,8,60,C4,7,7,L2,L,False,60,True,L2,True,0.9595251502228376,False,0.8078436851501465,valid,False,0.0011102777333453025,0.9595251502228376,0.02840140247598271,0.0011111661295576895,4.206002225000187e-05,0.0029955038313032993,0.004885607320317205,0.0016120910601691726,0.00026504057490152783,5.170062933561365e-05
P19,27,B,beta,1799551287-β-9,P19-T27-Bβ,9,59,B3,6,6,L1,L,False,59,True,L1,True,0.9625831134461401,False,0.8770229816436768,valid,False,0.9625831134461401,0.030864924634562984,0.0008433446340714017,8.978120841950975e-05,1.3162550222776141e-05,0.0017039235844685128,0.002527839410701167,0.0011399174618956878,0.00020794651492482858,2.6046554592811864e-05
P19,27,B,beta,1799551287-β-9,P19-T27-Bβ,10,60,C4,7,7,R4,R,False,60,True,R3,False,0.20574784562673884,False,0.7475020885467529,valid,False,0.004490505745750802,0.00358576349779716,0.0004635999892858889,9.303974979098099e-05,7.960854226920573e-06,0.004935958801446472,0.06957308771923666,0.7058504263740066,0.20574784562673884,0.005251811641719723
P19,27,B,beta,1799551287-β-9,P19-T27-Bβ,11,64,E4,9,9,R5,R,False,64,True,R4,False,0.09661202646326585,False,0.7255418300628662,valid,False,0.00020449607291442775,9.167567838045018e-05,1.0814996563044682e-05,2.2676769430246468e-06,1.8312492912746358e-07,0.0023199401413453737,0.005804188702935535,0.036688091139231035,0.8582663160034921,0.09661202646326585
P19,27,B,beta,1799551287-β-9,P19-T27-Bβ,12,62,D4,8,8,R4,R,False,62,True,R4,True,0.8988311583627795,False,0.7475569248199463,valid,False,0.0006496074130608433,0.0006387892957662039,0.00010873053422271328,2.2111623773022244e-05,2.26269869640669e-06,0.00345940014774361,0.007127110835047542,0.04029632473227401,0.8988311583627795,0.04886450435663623
P19,27,B,beta,1799551287-β-9,P19-T27-Bβ,13,57,A3,5,5,L2,L,False,57,True,L2,True,0.9324703556421233,False,0.914870023727417,valid,False,0.0027078932029695663,0.9324703556421233,0.04285564439258187,0.0025038695639744216,0.00021452804635650204,0.00012195403785900177,0.006150577634641779,0.00914837457203442,0.0034642835504337293,0.0003625193570254053
P19,27,B,beta,1799551287-β-9,P19-T27-Bβ,14,60,C4,7,6,L1,L,False,59,False,L1,True,0.8245968244064096,False,0.9288480281829834,valid,False,0.8245968244064096,0.1309603452281664,0.004370574955397098,0.0004652848730289946,4.759129413451031e-05,0.0011004121621281634,0.014687706187370832,0.015716696712770234,0.007364414590353293,0.0006901495902409756
P19,27,B,beta,1799551287-β-9,P19-T27-Bβ,15,64,E4,9,9,R5,R,False,64,True,R5,True,0.8851013643251324,False,0.8550817966461182,valid,False,0.00010060009477571746,6.767002323625162e-05,1.5457264139751946e-05,2.361307189801264e-06,1.616960455758113e-07,0.0007769972997558477,0.003520817387119651,0.017484561940525573,0.09293000866207941,0.8851013643251324
P19,27,B,beta,1799551287-β-9,P19-T27-Bβ,16,59,B3,6,6,L2,L,False,59,True,L2,True,0.9115954949590561,False,0.8489480018615723,valid,False,0.006052078744630417,0.9115954949590561,0.07334661503905103,0.0032370634536527795,0.00020379923655125588,0.0003690604316711012,0.002182922369281343,0.0020196636842272964,0.0008707609411015009,0.0001225411407770479
P19,27,B,beta,1799551287-β-9,P19-T27-Bβ,17,57,A3,5,5,L1,L,False,57,True,L1,True,0.9849446150308548,False,0.8437020778656006,valid,False,0.9849446150308548,0.013634255479769762,0.0005557623029595323,6.409335485720043e-05,1.8547605370440995e-05,0.0001435417682912336,0.0003540407728077032,0.00021025309647546356,6.743216509208994e-05,7.458423521679369e-06
P19,27,B,beta,1799551287-β-9,P19-T27-Bβ,18,52,E3,2,2,L3,L,False,52,True,L3,True,0.5789167308684745,False,0.7713661193847656,valid,False,0.0074788499919945526,0.26856227510285896,0.5789167308684745,0.1309088420504256,0.014121733703107153,2.626842836947002e-06,5.355128220842885e-06,2.763556818922029e-06,7.459662784810941e-07,7.678898407534043e-08
P19,27,B,beta,1799551287-β-9,P19-T27-Bβ,19,55,G3,4,4,L2,L,False,55,True,L2,True,0.9757219025032547,False,0.715601921081543,valid,False,0.006173200625538164,0.9757219025032547,0.016303268452667826,0.0012998111337262125,0.00013224914015528324,6.570364720972821e-05,0.00017157148007003627,0.00010106046447521005,2.8175746776469375e-05,3.0568061263311552e-06
P19,27,B,beta,1799551287-β-9,P19-T27-Bβ,20,60,C4,7,7,R4,R,False,60,True,R4,True,0.8565940061765399,False,0.8310010433197021,valid,False,0.0011006782582606187,0.0003594134449143754,1.710968569831793e-05,4.7332090438251945e-06,4.756507709867799e-07,0.002393996315147013,0.013977549043305431,0.05827001660484209,0.8565940061765399,0.06728202161147738
P19,27,B,beta,1799551287-β-9,P19-T27-Bβ,21,57,A3,5,5,L1,L,False,57,True,L1,True,0.974064339321413,False,0.951420783996582,valid,False,0.974064339321413,0.018568699827867276,0.0007569011299965794,9.841887819587917e-05,1.3863127771492194e-05,7.244269665456828e-05,0.001480065596429774,0.0028891886161843483,0.0017088985254531824,0.0003471822800337244
P19,27,B,beta,1799551287-β-9,P19-T27-Bβ,22,60,C4,7,8,L2,L,False,62,False,R2,False,0.00025432462115969123,False,0.8873600959777832,valid,False,0.000668158846020805,0.00025432462115969123,2.302413903392195e-05,4.958039158555455e-06,5.164543478125274e-07,0.0224098771924276,0.9513028041378595,0.023737736684699192,0.0013338977156891203,0.0002647021696037788
P19,27,B,beta,1799551287-β-9,P19-T27-Bβ,23,64,E4,9,9,R2,R,False,64,True,R2,True,0.9082155511656365,False,0.7797708511352539,valid,False,0.00016253783167438548,9.193191103727512e-05,2.1565653688028306e-05,3.169448950165832e-06,2.010794792592886e-07,0.017724579674636982,0.9082155511656365,0.06673379635293203,0.005691099822928077,0.0013555670590376047
P19,27,B,beta,1799551287-β-9,P19-T27-Bβ,24,59,B3,6,6,L1,L,False,59,True,L1,True,0.9519043020537423,False,0.8035848140716553,valid,False,0.9519043020537423,0.04038524545235697,0.0017133739670345965,0.00018240322997285034,2.8968811497876825e-05,0.0014669496440127409,0.0021264624166081885,0.0015628995513238052,0.0005558943125502037,7.350056090067302e-05
P19,27,B,beta,1799551287-β-9,P19-T27-Bβ,25,62,D4,8,8,R1,R,False,62,True,R1,True,0.9187554962736347,False,0.6807000637054443,valid,False,0.0004287889120450216,9.982863981627389e-05,1.8499467442847843e-05,2.460171301333402e-06,2.607970063934604e-07,0.9187554962736347,0.07693954878851295,0.0031362255817208246,0.0003764462639532413,0.000242445104566565
P19,27,B,beta,1799551287-β-9,P19-T27-Bβ,26,60,C4,7,7,L3,L,False,60,True,L3,True,0.7851244649626073,False,0.7344460487365723,valid,False,0.0014737236887556603,0.1466123926211631,0.7851244649626073,0.056738887313824045,0.001823497887551197,0.004200156577755022,0.002847660184080706,0.001015946101729582,0.00012471291350649587,3.855774902697624e-05
P19,27,B,beta,1799551287-β-9,P19-T27-Bβ,27,64,E4,9,9,R3,R,False,64,True,R3,True,0.6694103636558859,False,0.9058020114898682,valid,False,0.00024127107355725018,0.0006454876390445149,0.00040678680641799436,0.00011489181245567161,7.449262751453447e-06,0.0032051794828471384,0.07984506172233154,0.6694103636558859,0.23175721257006054,0.01436629597464791
P19,27,B,beta,1799551287-β-9,P19-T27-Bβ,28,62,D4,8,8,R4,R,False,62,True,R4,True,0.8409154635419352,False,0.6794869899749756,valid,False,0.0006053235193860896,0.002795870984126929,0.0027090327047653794,0.0007627698506567994,4.4677636009943116e-05,0.0009324657328736002,0.017508723358566326,0.08535948295767673,0.8409154635419352,0.048366189714003
P19,27,B,beta,1799551287-β-9,P19-T27-Bβ,29,64,E4,9,9,R5,R,False,64,True,R5,True,0.6958331625717921,False,0.6931838989257812,valid,False,0.00015521849788876216,0.00046419018957908606,0.0004041751049879656,9.692564131850657e-05,5.4014565679381885e-06,0.0047028386246241215,0.0037652426386708955,0.021444909501576098,0.2731279357729945,0.6958331625717921
