participant,trial_index,condition,level,sequence,quiz_name,event_index,target_note,target_note_name,target_key_id,actual_key_id,target_finger,target_hand,timed_out,actual_note,key_correct,actual_finger,finger_correct,target_finger_probability,manually_corrected,rt_s,validity,suspected_carryover,p_L1,p_L2,p_L3,p_L4,p_L5,p_R1,p_R2,p_R3,p_R4,p_R5
P04,1,B,gamma,1799551287-γ-9,P04-T01-Bγ,0,62,D4,8,8,R2,R,False,62,True,R2,True,0.933281924664999,False,0.875338077545166,valid,False,0.0027326897308126694,0.0014314777828716644,7.126908224290985e-05,8.90366156780495e-06,9.107039603265484e-07,0.019083479406311887,0.933281924664999,0.03959517729095858,0.003451149366468057,0.000343018309807192
P04,1,B,gamma,1799551287-γ-9,P04-T01-Bγ,1,60,C4,7,,L5,L,True,,False,,,,False,,valid,False,,,,,,,,,,
P04,1,B,gamma,1799551287-γ-9,P04-T01-Bγ,2,72,C5,14,14,R4,R,False,72,True,R4,True,0.8526484327797672,False,2.9932878017425537,valid,False,2.074898258146604e-06,1.4565965549697013e-06,9.219057175059303e-08,1.1065784460625968e-08,8.903486660770528e-10,0.00011523358185179189,0.0034155799697774525,0.10652154963796505,0.8526484327797672,0.03729556838912041
P04,1,B,gamma,1799551287-γ-9,P04-T01-Bγ,3,53,F3,3,3,L1,L,False,53,True,L1,True,0.7490757970213549,False,1.5955328941345215,valid,False,0.7490757970213549,0.2348249107998182,0.011691243888468098,0.003383261469399045,0.001019018771968565,5.014001869943016e-06,7.309118985296461e-07,2.1635829941221225e-08,1.4252549841893665e-09,7.41378185609323e-11
P04,1,B,gamma,1799551287-γ-9,P04-T01-Bγ,4,55,G3,4,4,L5,L,False,55,True,L5,True,0.911892118951031,False,2.3001327514648438,valid,False,0.00010484096627506698,0.001273328010660305,0.010334850136557132,0.07636478743306178,0.911892118951031,2.3784547797990916e-05,6.065839560224878e-06,2.108258106146482e-07,1.2317638387666527e-08,9.716076777527603e-10
P04,1,B,gamma,1799551287-γ-9,P04-T01-Bγ,5,64,E4,9,9,R1,R,False,64,True,R1,True,0.9197559334249569,False,1.0053980350494385,valid,False,0.000673098262018793,0.00010067158892065803,3.788096401092992e-06,3.436483523701455e-07,8.474264035801338e-08,0.9197559334249569,0.07702332862256693,0.0021904529416002113,0.000215263664668674,3.703500787397284e-05
P04,1,B,gamma,1799551287-γ-9,P04-T01-Bγ,6,57,A3,5,5,R3,R,False,57,True,R3,True,0.8395411532406735,False,4.02022385597229,valid,False,0.00674129394040991,0.0004737173213944845,2.0097808422835796e-05,4.057677539894205e-06,8.526149881482475e-07,0.00233265723934842,0.06055081608158221,0.8395411532406735,0.08937629553883518,0.0009590585368056355
P04,1,B,gamma,1799551287-γ-9,P04-T01-Bγ,7,60,C4,7,7,L4,L,False,60,True,L4,True,0.8559202913650445,False,2.6805388927459717,valid,False,0.0002849279197966601,0.010514158133887605,0.0866022575657886,0.8559202913650445,0.03876072426828618,0.0053811237426803285,0.0024897374278205686,4.381308570821755e-05,2.773007671765591e-06,1.9348331548363058e-07
P04,1,B,gamma,1799551287-γ-9,P04-T01-Bγ,8,55,G3,4,4,L3,L,False,55,True,L3,True,0.7863299502554029,False,2.1916019916534424,valid,False,0.0004471241381309586,0.06675051995710762,0.7863299502554029,0.14080507517967109,0.005315236529387839,0.00026407465387522295,8.606749098463106e-05,1.8499003399957778e-06,9.585983249603865e-08,6.03526716549407e-09
P04,1,B,gamma,1799551287-γ-9,P04-T01-Bγ,9,57,A3,5,5,R3,R,False,57,True,R3,True,0.8174118629568176,False,3.6455721855163574,valid,False,0.0013668670035706923,0.005732450404415369,0.0003091721875765379,5.319148690948006e-05,3.7603830833833406e-06,0.0018001008056316107,0.10965755344339409,0.8174118629568176,0.06318981190115087,0.0004752294274502841
P04,1,B,gamma,1799551287-γ-9,P04-T01-Bγ,10,60,C4,7,7,R2,R,False,60,True,R2,True,0.9448522945902104,False,1.9012818336486816,valid,False,0.0009785906044549656,0.0008278101927011324,5.239357096218959e-05,6.042294912830832e-06,4.949196791360687e-07,0.02349314434926887,0.9448522945902104,0.027967094236956924,0.0017700868501377201,5.204839071585684e-05
P04,1,B,gamma,1799551287-γ-9,P04-T01-Bγ,11,69,A4,12,12,R1,R,False,69,True,R1,True,0.8197760568138778,False,1.6094181537628174,valid,False,3.510589660857183e-07,4.490466825898982e-08,3.2044541359698634e-09,4.0033313518733946e-10,3.743420035055162e-11,0.8197760568138778,0.17226451984332317,0.006746549584421287,0.000989091139433781,0.00022338301308828608
P04,1,B,gamma,1799551287-γ-9,P04-T01-Bγ,12,60,C4,7,7,R4,R,False,60,True,R4,True,0.817935068378882,False,2.5855438709259033,valid,False,0.0006820929277627169,0.0005416056935058249,3.427918209563325e-05,5.025566751353881e-06,4.0658955023146033e-07,0.0004986158824111271,0.008394068900605288,0.1586630791553391,0.817935068378882,0.013245757723096645
P04,1,B,gamma,1799551287-γ-9,P04-T01-Bγ,13,53,F3,3,3,L5,L,False,53,True,L5,True,0.9459982798259525,False,1.5092437267303467,valid,False,0.0001690487652872502,0.00021294708637006437,0.002530262691620996,0.05102117541080762,0.9459982798259525,6.129906519834576e-05,6.820931387865018e-06,1.3533474591147896e-07,2.843871180279193e-08,2.4499175374249127e-09
P04,1,B,gamma,1799551287-γ-9,P04-T01-Bγ,14,59,B3,6,6,R2,R,False,59,True,R2,True,0.9155198588961044,False,3.156909942626953,valid,False,0.009339927536884809,0.0061687242858521575,0.00030712269776222404,4.686388493187721e-05,6.8705718034888085e-06,0.01890624055644961,0.9155198588961044,0.047441247738122874,0.002180364480547277,8.277935154114125e-05
P04,1,B,gamma,1799551287-γ-9,P04-T01-Bγ,15,62,D4,8,8,R4,R,False,62,True,R4,True,0.9068154251555601,False,2.432892084121704,valid,False,0.0004288310828182002,0.0001313275006052577,6.282036479001765e-06,9.585766106994826e-07,1.4053400486385848e-07,0.0003588484010076449,0.004172391239543043,0.08226443938138085,0.9068154251555601,0.0058213560919904705
P04,1,B,gamma,1799551287-γ-9,P04-T01-Bγ,16,62,D4,8,8,L1,L,False,62,True,L1,True,0.8308785121662222,False,1.9998929500579834,valid,False,0.8308785121662222,0.12678384004256618,0.0039890215044234515,0.00046882936192978094,9.851796017948568e-05,0.03511342265303048,0.002515530182339643,0.00014120869018774103,1.0076831404191591e-05,1.040607716712878e-06
P04,1,B,gamma,1799551287-γ-9,P04-T01-Bγ,17,55,G3,4,4,L3,L,False,55,True,L3,True,0.7700577757505231,False,2.049194812774658,valid,False,0.0001784610140498757,0.04144115986676813,0.7700577757505231,0.17529417199382955,0.008929686579358085,0.0027343621691407376,0.0013317122835897171,3.1007243065164224e-05,1.5437597303843062e-06,1.1933994526417713e-07
P04,1,B,gamma,1799551287-γ-9,P04-T01-Bγ,18,50,D3,1,1,L1,L,False,50,True,L1,True,0.9424487411125247,False,2.408597946166992,valid,False,0.9424487411125247,0.052904136565679466,0.0034850470044050213,0.000894474871870255,0.00024869737869802236,1.6092738817615764e-05,2.708071642950215e-06,9.790445848548332e-08,4.153669206332791e-09,1.9823425988272525e-10
P04,1,B,gamma,1799551287-γ-9,P04-T01-Bγ,19,59,B3,6,6,R2,R,False,59,True,R2,True,0.9243497792187969,False,1.4676978588104248,valid,False,0.008306708026406033,0.002482064190725538,0.00010117440682975293,1.2144128815455882e-05,2.0893349883046916e-06,0.013355411824711932,0.9243497792187969,0.047898804647966246,0.003418119509912198,7.370471084781648e-05
P04,1,B,gamma,1799551287-γ-9,P04-T01-Bγ,20,64,E4,9,9,R4,R,False,64,True,R4,True,0.8231193564758092,False,1.5812017917633057,valid,False,8.701653600756886e-05,7.544784238860946e-06,2.838970788945949e-07,3.546732230885943e-08,6.879952681417242e-09,0.0002719100435285072,0.006440036701479963,0.15340802722139704,0.8231193564758092,0.01666578199318486
P04,1,B,gamma,1799551287-γ-9,P04-T01-Bγ,21,60,C4,7,7,R1,R,False,60,True,R1,True,0.938156131181994,False,1.0760300159454346,valid,False,0.002845024829513681,0.0008219435060739724,3.777591254666896e-05,5.764230490559009e-06,1.4214417384314877e-06,0.938156131181994,0.057049333089409265,0.0010039240653705905,7.164129584305361e-05,7.040447019839716e-06
P04,1,B,gamma,1799551287-γ-9,P04-T01-Bγ,22,52,E3,2,2,L4,L,False,52,True,L4,True,0.6363313722587465,False,2.0305681228637695,valid,False,0.00012787890529347758,0.01408045701413002,0.3355327117729539,0.6363313722587465,0.013580604578118818,0.00026072722143661637,8.507002426297493e-05,1.0870577473877072e-06,8.746423886884737e-08,3.703071510864949e-09
P04,1,B,gamma,1799551287-γ-9,P04-T01-Bγ,23,59,B3,6,6,L4,L,False,59,True,L4,True,0.8233678076575387,False,2.1815669536590576,valid,False,0.0003762796388502479,0.018036696496290854,0.13652623802395725,0.8233678076575387,0.011621846096075117,0.007320597321337352,0.002700408375413156,4.752036189725138e-05,2.462453697171624e-06,1.4357494308099236e-07
P04,1,B,gamma,1799551287-γ-9,P04-T01-Bγ,24,62,D4,8,8,L3,L,False,62,True,L3,True,0.8268879832316992,False,2.028864860534668,valid,False,0.00043070547993139755,0.07451584618758827,0.8268879832316992,0.07207226068215541,0.0006761698345299182,0.0209201743677625,0.004382718685622904,0.00010621066370409503,7.28213810837204e-06,6.487288980902494e-07
P04,1,B,gamma,1799551287-γ-9,P04-T01-Bγ,25,64,E4,9,9,R3,R,False,64,True,R3,True,0.7926937223453366,False,1.4979989528656006,valid,False,0.00031177254075649013,0.0008828825678008248,6.053321359625264e-05,7.265900206990064e-06,4.418398466156496e-07,0.00044026641632603027,0.03728686845621463,0.7926937223453366,0.16657354447915887,0.001742702240756486
P04,1,B,gamma,1799551287-γ-9,P04-T01-Bγ,26,53,F3,3,3,L5,L,False,53,True,L5,True,0.8286819076451498,False,1.68326997756958,valid,False,0.0003994147741138656,0.0014680090321571291,0.014582707011111695,0.1544447419997497,0.8286819076451498,0.0002517921796476776,0.00016520978256181852,5.97504515066624e-06,2.3369590799375746e-07,8.834449359341918e-09
P04,1,B,gamma,1799551287-γ-9,P04-T01-Bγ,27,65,F4,10,10,R5,R,False,65,True,R5,True,0.9606921814592618,False,1.2484431266784668,valid,False,7.799966499939871e-05,1.1651201712571582e-05,8.31444546066647e-07,1.218955590786791e-07,2.097150486232596e-08,5.636320542096323e-05,0.0002601797034986053,0.004168907649772121,0.034731742803724534,0.9606921814592618
P04,1,B,gamma,1799551287-γ-9,P04-T01-Bγ,28,64,E4,9,9,R3,R,False,64,True,R3,True,0.8505785422872512,False,1.7266261577606201,valid,False,0.00046034218798250687,0.00012318312076339661,9.149251154705877e-06,7.974565208836787e-07,1.2168397485815733e-07,0.0009576709011358148,0.03892994355643912,0.8505785422872512,0.1062629577795072,0.002677291775270462
P04,1,B,gamma,1799551287-γ-9,P04-T01-Bγ,29,57,A3,5,5,L5,L,False,57,True,L5,True,0.8138185049863114,False,1.6151957511901855,valid,False,0.0010984095649227785,0.00200947190305457,0.029571216641693217,0.15167459054874724,0.8138185049863114,0.0010865159066728003,0.0007130080090757987,2.6829248471077572e-05,1.3902626043292512e-06,6.292844679990134e-08
P04,2,C,beta,1799551287-β-5,P04-T02-Cβ,0,62,D4,8,8,R2,R,False,62,True,R2,True,0.9593318097786082,False,1.2688472270965576,valid,False,0.00018679066369075973,0.00015618746801912315,1.2602826516031752e-05,2.410959275279209e-06,1.9136599782341048e-07,0.01637020850693551,0.9593318097786082,0.022336832792265195,0.0015238956472984695,7.906999139395438e-05
P04,2,C,beta,1799551287-β-5,P04-T02-Cβ,1,64,E4,9,9,R3,R,False,64,True,R3,True,0.801350324354352,False,0.7509791851043701,valid,False,6.8778529847454e-05,4.11928588757045e-05,2.702165501605252e-06,4.1211875130093115e-07,4.545076790511104e-08,0.0012428645839412942,0.1292847750796315,0.801350324354352,0.06715097586179902,0.0008579289965323228
P04,2,C,beta,1799551287-β-5,P04-T02-Cβ,2,57,A3,5,5,L4,L,False,57,True,L4,True,0.7811238954361784,False,1.4045257568359375,valid,False,0.0006472781144437252,0.015674937696290414,0.18956117512869786,0.7811238954361784,0.009427675120559554,0.0008586850070443562,0.0026042534359468675,9.648369711262029e-05,5.5344573321776e-06,8.190639399466795e-08
P04,2,C,beta,1799551287-β-5,P04-T02-Cβ,3,60,C4,7,7,R1,R,False,60,True,R1,True,0.8570228913407016,False,1.7381877899169922,valid,False,0.00041294500991367894,0.025663626680139825,0.00287613640102648,0.0003181945785956632,1.7173762552235152e-05,0.8570228913407016,0.11143758175433272,0.0021243473573636603,0.00011924973508292768,7.853380291184754e-06
P04,2,C,beta,1799551287-β-5,P04-T02-Cβ,4,59,B3,6,6,L5,L,False,59,True,L5,True,0.6575726378443856,False,1.1714489459991455,valid,False,0.0003510488216369743,0.005055662293936879,0.02811985581585141,0.30752464604016483,0.6575726378443856,0.0010085919343572763,0.0003561708613620874,1.0138200457521601e-05,1.1087523006307529e-06,1.394355467325527e-07
P04,2,C,beta,1799551287-β-5,P04-T02-Cβ,5,64,E4,9,9,R1,R,False,64,True,R1,True,0.9498871108112716,False,0.9261791706085205,valid,False,0.0001495681520931717,0.0009039215776376646,7.253711963422902e-05,9.062077748178191e-06,1.669060373309292e-06,0.9498871108112716,0.04729209452771353,0.00151640612952658,0.00014317940520614062,2.445113879581705e-05
P04,2,C,beta,1799551287-β-5,P04-T02-Cβ,6,59,B3,6,6,L5,L,False,59,True,L5,True,0.7594346801764738,False,1.0556647777557373,valid,False,0.00034495067172089945,0.002429195584846598,0.020783487136560606,0.2160517667332033,0.7594346801764738,0.0007966907462256438,0.00015146121621598233,6.688098433500641e-06,9.05135695812155e-07,1.7450062396056844e-07
P04,2,C,beta,1799551287-β-5,P04-T02-Cβ,7,57,A3,5,5,L3,L,False,57,True,L3,True,0.8133225528263941,False,0.947822093963623,valid,False,0.0006559434748941209,0.11007123804948495,0.8133225528263941,0.06811025402056144,0.0008280905724810557,0.00406974837347308,0.0027763240674044632,0.00015584829307444692,9.105540312305265e-06,8.947819200721461e-07
P04,2,C,beta,1799551287-β-5,P04-T02-Cβ,8,55,G3,4,4,L1,L,False,55,True,L1,True,0.8771655774101077,False,1.0450737476348877,valid,False,0.8771655774101077,0.1140567092575664,0.005910295170011506,0.001016835927678663,0.00016149126480696825,0.001202566369671741,0.00045689383406102775,2.7783742662327047e-05,1.6895311312590469e-06,1.5749230243882898e-07
P04,2,C,beta,1799551287-β-5,P04-T02-Cβ,9,57,A3,5,5,L3,L,False,57,True,L3,True,0.799774472063037,False,1.1088440418243408,valid,False,0.000732307532798342,0.12018984562335326,0.799774472063037,0.06970902396257088,0.0013853671688915565,0.0066826892034750765,0.0014395488674388628,7.764017847002929e-05,8.602776990294526e-06,5.026229748020418e-07
P04,2,C,beta,1799551287-β-5,P04-T02-Cβ,10,59,B3,6,6,L1,L,False,59,True,L1,True,0.910155379094198,False,0.7658140659332275,valid,False,0.910155379094198,0.0649498433457358,0.0011890479190784287,0.0001815208657986122,2.4566177786210346e-05,0.018200191738126002,0.005020930781675085,0.0002601791963056108,1.6467201424572212e-05,1.8736798716051827e-06
P04,2,C,beta,1799551287-β-5,P04-T02-Cβ,11,60,C4,7,7,R2,R,False,60,True,R2,True,0.9126126648616976,False,0.549813985824585,valid,False,0.0029450055830446365,0.002173440826681022,9.597299263399037e-05,1.1519794598975913e-05,1.3787010272428798e-06,0.04020553636540355,0.9126126648616976,0.0402983911442427,0.0015782419634310704,7.78477672391513e-05
P04,2,C,beta,1799551287-β-5,P04-T02-Cβ,12,62,D4,8,8,R3,R,False,62,True,R3,True,0.8008569626577742,False,0.8652472496032715,valid,False,0.0004886801126360446,0.00027962170515136967,1.5696498101948204e-05,1.7392215649242416e-06,1.3967832857994624e-07,0.0014909946066683567,0.10713779438505282,0.8008569626577742,0.08873748085894706,0.0009908902757746756
P04,2,C,beta,1799551287-β-5,P04-T02-Cβ,13,57,A3,5,5,L3,L,False,57,True,L3,True,0.7777382832122844,False,1.0183987617492676,valid,False,0.0014039674674242877,0.1825412903865162,0.7777382832122844,0.03720302483286718,0.0002589018550179355,0.0006319852250110908,0.00021360859598825918,8.365744645526092e-06,5.294827722605422e-07,4.3197472606560636e-08
P04,2,C,beta,1799551287-β-5,P04-T02-Cβ,14,53,F3,3,3,L2,L,False,53,True,L2,True,0.8688181797216232,False,1.1604361534118652,valid,False,0.004829929540915121,0.8688181797216232,0.11758175443374416,0.008390783273059211,0.0003075289564370415,6.0588206494418444e-05,1.053696080685253e-05,6.669028826019234e-07,2.9448542906631817e-08,2.555494480216917e-09
P04,2,C,beta,1799551287-β-5,P04-T02-Cβ,15,59,B3,6,6,L3,L,False,59,True,L3,True,0.8154321030124303,False,1.2364380359649658,valid,False,0.0005248502995080089,0.10801105224902302,0.8154321030124303,0.06828691455768873,0.000482563138418351,0.005912424619674127,0.0013017612568347382,4.521701434038294e-05,2.749649473764068e-06,3.6420260846526956e-07
P04,2,C,beta,1799551287-β-5,P04-T02-Cβ,16,64,E4,9,9,R5,R,False,64,True,R5,True,0.9309078582159556,False,1.41135573387146,valid,False,3.110878950996685e-05,5.71969556226078e-06,2.8476687400164543e-07,2.9127153806121675e-08,1.0131127207973903e-09,0.0001755380589149714,0.000761315515909938,0.006794818263421974,0.06132332655358481,0.9309078582159556
P04,2,C,beta,1799551287-β-5,P04-T02-Cβ,17,62,D4,8,8,R4,R,False,62,True,R4,True,0.7548073387241908,False,1.6943590641021729,valid,False,0.00017650630807000917,4.3563420339350386e-05,1.3968473649866005e-06,2.6033599733272523e-07,1.2210501949138012e-08,0.00037183295558838875,0.006570726650346295,0.20163568635612658,0.7548073387241908,0.03639267619147436
P04,2,C,beta,1799551287-β-5,P04-T02-Cβ,18,64,E4,9,9,R3,R,False,64,True,R3,True,0.8054524352370421,False,1.021989107131958,valid,False,3.935524752492334e-05,9.385438851284723e-06,4.313477929301052e-07,6.075896897991258e-08,2.742341827874559e-09,0.000740210923376202,0.0888584659366831,0.8054524352370421,0.10407785875250689,0.0008217936149118578
P04,2,C,beta,1799551287-β-5,P04-T02-Cβ,19,62,D4,8,8,R5,R,False,62,True,R5,True,0.9704595763527349,False,1.4640381336212158,valid,False,0.0001371196049261181,6.841041152555752e-05,2.574164533168287e-06,3.927920383517682e-07,1.516293601441517e-08,6.464254621851769e-05,0.00024700057510715546,0.002503700279400846,0.02651656811057925,0.9704595763527349
P04,2,C,beta,1799551287-β-5,P04-T02-Cβ,20,64,E4,9,9,R3,R,False,64,True,R3,True,0.7102999425154162,False,0.9405529499053955,valid,False,3.026175170478604e-05,6.510671592147943e-06,2.7622006722870943e-07,4.214844927060231e-08,1.8312708724870459e-09,0.0005790707226582702,0.02679918187697367,0.7102999425154162,0.2613047459166789,0.0009799663451887076
P04,2,C,beta,1799551287-β-5,P04-T02-Cβ,21,60,C4,7,7,L1,L,False,60,True,L1,True,0.9005612947936882,False,0.9175350666046143,valid,False,0.9005612947936882,0.08503119845637107,0.002726498621554419,0.00023764394136460137,1.2817014022382552e-05,0.008590663611940887,0.002726498621554419,0.0001067803060020902,6.4416797698816955e-06,1.6295373198669494e-07
P04,2,C,beta,1799551287-β-5,P04-T02-Cβ,22,62,D4,8,8,R3,R,False,62,True,R3,True,0.6617668845960154,False,1.2402350902557373,valid,False,0.00018631603336446634,9.802805643256008e-06,5.727354480277982e-07,9.096036969596898e-08,5.7021989578875204e-09,0.002308133009671304,0.28675363488725086,0.6617668845960154,0.0486567503077046,0.0003178089623333821
P04,2,C,beta,1799551287-β-5,P04-T02-Cβ,23,57,A3,5,5,L3,L,False,57,True,L3,True,0.8557134739258704,False,0.7989950180053711,valid,False,0.0006617501143786629,0.10144523779235255,0.8557134739258704,0.040932959463940606,0.00021693423749116243,0.0008075952182326379,0.0002084482632104789,1.2675751939947153e-05,9.045577510164518e-07,2.0674832444806783e-08
P04,2,C,beta,1799551287-β-5,P04-T02-Cβ,24,55,G3,4,4,L2,L,False,55,True,L2,True,0.921412637785509,False,0.6562600135803223,valid,False,0.006423375845456475,0.921412637785509,0.06843661362023769,0.003407258361175864,7.282590158442216e-05,0.0002196336175091817,2.588498956543397e-05,1.6383067635671643e-06,1.2664887912406203e-07,4.923319525484733e-09
P04,2,C,beta,1799551287-β-5,P04-T02-Cβ,25,57,A3,5,5,L4,L,False,57,True,L4,True,0.7067730637206688,False,1.3064630031585693,valid,False,0.0003354562783746711,0.02094863585930141,0.26509747161233416,0.7067730637206688,0.005720589148152835,0.0008645156075531208,0.00024667283614510625,1.2787458788996194e-05,7.776061697762519e-07,2.9872511061841225e-08
P04,2,C,beta,1799551287-β-5,P04-T02-Cβ,26,60,C4,7,7,R4,R,False,60,True,R4,True,0.7136016184271637,False,0.8371870517730713,valid,False,0.0008363608580295962,0.0003571229528474139,1.7780104869147646e-05,2.6066871612247834e-06,7.11373815602702e-08,0.0004927991446558344,0.009080714038525584,0.26594670118621994,0.7136016184271637,0.009664225463145965
P04,2,C,beta,1799551287-β-5,P04-T02-Cβ,27,62,D4,8,8,R5,R,False,62,True,R5,True,0.9625452242530879,False,0.7265048027038574,valid,False,0.00011810338747566614,1.4840149774019686e-05,6.296043519085686e-07,9.999214263583498e-08,4.237833350086117e-09,0.0001263164905397618,0.00048221449949756984,0.0032783097748447267,0.033434257610452454,0.9625452242530879
P04,2,C,beta,1799551287-β-5,P04-T02-Cβ,28,59,B3,6,6,L2,L,False,59,True,L2,True,0.9453209216620381,False,0.7226428985595703,valid,False,0.009502210630512441,0.9453209216620381,0.03154845031777146,0.0017709647763725512,4.5955504489435344e-05,0.00670591070789585,0.004813981370454542,0.0002702317025184038,2.0071075492993274e-05,1.3022524541631573e-06
P04,2,C,beta,1799551287-β-5,P04-T02-Cβ,29,57,A3,5,5,L5,L,False,57,True,L5,True,0.7104343436947403,False,0.9128670692443848,valid,False,0.0002054763413228185,0.00216576239056247,0.02518290935122612,0.26135418934742144,0.7104343436947403,0.0005230390277958942,0.00012566653030289348,7.641789577612812e-06,9.17256447742742e-07,5.427060268931973e-08
P04,3,A,beta,1799551287-β-7,P04-T03-Aβ,0,62,D4,8,8,R1,R,False,62,True,R2,False,0.014598906345610379,False,0.8053450584411621,valid,False,0.0009129559061205536,0.0015251128629704108,8.56118488581307e-05,1.3063521071304533e-05,5.324979105841999e-07,0.014598906345610379,0.8818909561018449,0.0866665863681869,0.013224463579509745,0.001081810967916993
P04,3,A,beta,1799551287-β-7,P04-T03-Aβ,1,64,E4,9,9,R2,R,False,64,True,R3,True,0.4017974804494115,False,0.5510382652282715,valid,False,0.00013572106857798037,0.00014725231776125178,9.700210271241108e-06,1.4221183598922786e-06,5.141360579952597e-08,0.0016009793604024733,0.4017974804494115,0.5361383716082307,0.0594058248934306,0.0007631965599485136
P04,3,A,beta,1799551287-β-7,P04-T03-Aβ,2,60,C4,7,7,L3,L,False,60,True,R2,False,0.0006153035799431576,False,0.3949711322784424,valid,False,0.0031501915866602205,0.011408520550737421,0.0006153035799431576,9.772093084094621e-05,4.145882910004543e-06,0.013805091964087546,0.9292339090397038,0.03942343722814994,0.002213025298908555,4.8653938058537345e-05
P04,3,A,beta,1799551287-β-7,P04-T03-Aβ,3,59,B3,6,6,L5,L,False,59,True,R2,False,3.0230968622931785e-05,False,0.33963584899902344,valid,False,0.006971023241837481,0.07679285262723846,0.004310748569586612,0.000684621992415836,3.0230968622931785e-05,0.023129562727550963,0.8810475269477461,0.006430881181431089,0.0005833963786268273,1.915536494383336e-05
P04,3,A,beta,1799551287-β-7,P04-T03-Aβ,4,62,D4,8,8,R5,R,False,62,True,R3,False,0.000654637363253217,False,0.3758382797241211,valid,False,0.0008348949054654871,0.001355735644549332,7.311982231507034e-05,1.1612701977474858e-05,4.926774873414908e-07,0.002823099885938305,0.1520704983285647,0.7839491966937516,0.05822671197669758,0.000654637363253217
P04,3,A,beta,1799551287-β-7,P04-T03-Aβ,5,60,C4,7,7,L3,L,False,60,True,R3,False,0.0004812071348817809,False,0.7561109066009521,valid,False,0.002564196852025494,0.008922199815524286,0.0004812071348817809,7.642407858621033e-05,3.2423481704152146e-06,0.002258646614530383,0.18910920571037065,0.7563789689633105,0.04008734175170379,0.00011856673089662627
P04,3,A,beta,1799551287-β-7,P04-T03-Aβ,6,59,B3,6,6,L1,L,False,59,True,R2,False,0.006346314204428966,False,0.35669398307800293,valid,False,0.006346314204428966,0.09083996684548669,0.004522655639870739,0.0007182765278922193,3.047341399656404e-05,0.009774738458236957,0.8198319270686654,0.06337689432917343,0.004522655639870739,3.609787237821159e-05
P04,3,A,beta,1799551287-β-7,P04-T03-Aβ,7,60,C4,7,7,L2,L,False,60,True,R3,False,0.007928987895290653,False,0.4276399612426758,valid,False,0.002050355429598268,0.007928987895290653,0.000427639553752914,7.657576758512429e-05,3.2487836886078993e-06,0.002679990084219851,0.27673336679174176,0.6721794863557535,0.03773263604855005,0.00018771328981916202
P04,3,A,beta,1799551287-β-7,P04-T03-Aβ,8,64,E4,9,9,R1,R,False,64,True,R4,False,0.00025740278411447886,False,0.3534567356109619,valid,False,0.0002054786369031273,0.00020105416074752674,1.1286127630378203e-05,1.8655843496284445e-06,7.914879858119061e-08,0.00025740278411447886,0.008369544248933684,0.1805159337022145,0.7929966912941597,0.01744066431214837
P04,3,A,beta,1799551287-β-7,P04-T03-Aβ,9,59,B3,6,6,L2,L,False,59,True,R2,False,0.09332191329921956,False,0.33170008659362793,valid,False,0.007457197522757989,0.09332191329921956,0.00523860347027928,0.0008659353294709102,3.258363695573817e-05,0.008453493286608476,0.8092071567687243,0.07053118479309099,0.00483584049565256,5.609139724023153e-05
P04,3,A,beta,1799551287-β-7,P04-T03-Aβ,10,57,A3,5,5,L3,L,False,57,True,R2,False,0.023087386353579712,False,0.45144200325012207,valid,False,0.005693279380139634,0.25371562120939495,0.023087386353579712,0.003666679276211574,0.0001436014425351799,0.011237837391824386,0.691792754531571,0.009967067647313286,0.0006833735955688572,1.2399171861454844e-05
P04,3,A,beta,1799551287-β-7,P04-T03-Aβ,11,62,D4,8,8,R1,R,False,62,True,R3,False,0.0007620901367391482,False,0.6859481334686279,valid,False,0.0008148838512590143,0.0009656000945314393,0.00010279634189228217,1.4479730395406718e-05,5.670826422673242e-07,0.0007620901367391482,0.02042666815355549,0.8329673858008957,0.14304757182705408,0.0008979569810353373
P04,3,A,beta,1799551287-β-7,P04-T03-Aβ,12,64,E4,9,9,R3,R,False,64,True,R4,False,0.2981216267037672,False,0.529033899307251,valid,False,0.00018178381725036526,0.00014334536029309884,9.828210035076247e-06,1.690893057109029e-06,6.892452769948164e-08,0.00044694495905555026,0.010736185731443294,0.2981216267037672,0.663481881897987,0.026876643502583793
P04,3,A,beta,1799551287-β-7,P04-T03-Aβ,13,59,B3,6,6,L2,L,False,59,True,R2,False,0.06312038926077103,False,0.36472606658935547,valid,False,0.006869972777328168,0.06312038926077103,0.004505676044896504,0.0007447832409080275,3.288751900494045e-05,0.009250229308581784,0.8500863607973795,0.06066324193906905,0.004689556172548829,3.690293951207844e-05
P04,3,A,beta,1799551287-β-7,P04-T03-Aβ,14,60,C4,7,7,R2,R,False,60,True,R3,False,0.1773306618474876,False,0.6614091396331787,valid,False,0.0025500431088027846,0.006438755420828851,0.0005184080970510198,8.569228208760193e-05,3.6355585724467426e-06,0.001628831399983422,0.1773306618474876,0.7522039409434033,0.05908605299679296,0.00015397834498997646
P04,3,A,beta,1799551287-β-7,P04-T03-Aβ,15,62,D4,8,8,R4,R,False,62,True,R4,True,0.6928776717830095,False,0.5184340476989746,valid,False,0.0007113611956058129,0.0012980374420417393,0.00010443958213284729,1.726374681288675e-05,6.761155691953689e-07,0.0002926585436206777,0.003990337716452623,0.28721429692892064,0.6928776717830095,0.013493256945834167
P04,3,A,beta,1799551287-β-7,P04-T03-Aβ,16,57,A3,5,5,L3,L,False,57,True,L2,False,0.032713268240239,False,0.47002410888671875,valid,False,0.007154780625196633,0.7408370919374848,0.032713268240239,0.004427259422888031,0.00017338872361398903,0.002739514602100355,0.1891971139870917,0.021928359472773225,0.0008247422642967038,4.480724315724705e-06
P04,3,A,beta,1799551287-β-7,P04-T03-Aβ,17,60,C4,7,7,R3,R,False,60,True,R3,True,0.7971921616137618,False,0.3941771984100342,valid,False,0.002158690189770976,0.01581400217039466,0.0007566123498384552,0.00011092463812012153,4.010239779335244e-06,0.0015284936023271364,0.12279374788842926,0.7971921616137618,0.0594229337880635,0.0002184235195145847
P04,3,A,beta,1799551287-β-7,P04-T03-Aβ,18,62,D4,8,8,R1,R,False,62,True,R4,False,0.0004101820198917294,False,0.3663649559020996,valid,False,0.0009639490614552184,0.003130817312127288,0.00014978281670030452,1.9476066567280142e-05,7.041149578374872e-07,0.0004101820198917294,0.008365421409623614,0.27482848824141914,0.6932780028394382,0.01885317611781945
P04,3,A,beta,1799551287-β-7,P04-T03-Aβ,19,59,B3,6,6,L5,L,False,59,True,R2,False,3.0296061629628205e-05,False,0.3621559143066406,valid,False,0.0044984100171154865,0.10991042106219645,0.005491835011590446,0.0007735712076915391,3.0296061629628205e-05,0.007246737445448187,0.8150605833402735,0.05369191577018125,0.003265008760452652,3.1221323420672356e-05
P04,3,A,beta,1799551287-β-7,P04-T03-Aβ,20,52,E3,2,2,L4,L,False,52,True,L4,True,0.5131325674477897,False,0.5535550117492676,valid,False,0.0005153473262210018,0.01164500212058351,0.4551077608145899,0.5131325674477897,0.019079313828280254,0.00020872359227212955,0.0003016793967694013,8.91994255765837e-06,6.791930031084144e-07,6.337933415242235e-09
P04,3,A,beta,1799551287-β-7,P04-T03-Aβ,21,50,D3,1,1,L2,L,False,50,True,L4,False,0.007175455492822363,False,1.3995540142059326,valid,False,0.00014770823087059508,0.007175455492822363,0.21019271391199665,0.7263447723893047,0.055992280804342175,6.500126848098738e-05,7.898762183488555e-05,2.8742163816102288e-06,2.0379561831770183e-07,2.2683477408512877e-09
P04,3,A,beta,1799551287-β-7,P04-T03-Aβ,22,52,E3,2,2,L4,L,False,52,True,L3,False,0.13242304935712113,False,0.7003750801086426,valid,False,0.000431037196390045,0.09409142057687984,0.7700505822504078,0.13242304935712113,0.0022997882839385915,0.00023508957550200118,0.0004501054116583438,1.7711452830578628e-05,1.2039303655015114e-06,1.1964906242655482e-08
P04,3,A,beta,1799551287-β-7,P04-T03-Aβ,23,55,G3,4,4,L2,L,False,55,True,L2,True,0.9292189178193535,False,0.38858914375305176,valid,False,0.005714566280752714,0.9292189178193535,0.03496488806979301,0.003436124920873723,0.00012139868112177719,0.002328958685075027,0.023270289678830602,0.0008819184919009251,6.241277109100155e-05,5.246012078624095e-07
P04,3,A,beta,1799551287-β-7,P04-T03-Aβ,24,57,A3,5,5,L1,L,False,57,True,R2,False,0.0021272503900310494,False,0.38147807121276855,valid,False,0.0021272503900310494,0.1353322856505364,0.0055557323417320436,0.0007518866100551156,4.763116191287514e-05,0.00706272001884001,0.8245437879648083,0.023449056255100898,0.001121683014705993,7.966592277413303e-06
P04,3,A,beta,1799551287-β-7,P04-T03-Aβ,25,64,E4,9,9,R3,R,False,64,True,R4,False,0.24002184710919722,False,0.5186009407043457,valid,False,8.995722903400298e-05,6.085446706322995e-05,1.4169196117529676e-06,2.5372233677685227e-07,2.0820327801384865e-08,0.00020913853461639216,0.003153115466908215,0.24002184710919722,0.7356319669947734,0.020831428736131363
P04,3,A,beta,1799551287-β-7,P04-T03-Aβ,26,60,C4,7,7,L2,L,False,60,True,R3,False,0.0026639417087173135,False,0.8186538219451904,valid,False,0.0011217457137422137,0.0026639417087173135,6.455787771185079e-05,1.1560130479202378e-05,1.0134091637470303e-06,0.0018357821767113344,0.23206620344741782,0.7204001858811092,0.04175964612474688,7.536353020044242e-05
P04,3,A,beta,1799551287-β-7,P04-T03-Aβ,27,60,C4,7,7,R1,R,False,60,True,R3,False,0.0015495921011372013,False,0.358227014541626,valid,False,0.0008147985125902565,0.0028983168903191697,7.310417398903443e-05,1.3090482832467967e-05,1.1406381073367102e-06,0.0015495921011372013,0.11719209459672217,0.7837814242315512,0.09347787415676205,0.00019856421598920618
P04,3,A,beta,1799551287-β-7,P04-T03-Aβ,28,62,D4,8,8,R2,R,False,62,True,R4,False,0.010550308072557763,False,0.4810318946838379,valid,False,0.00032308556852841567,0.0004632751881040917,1.168517841133465e-05,1.931547000064505e-06,1.8421540551784458e-07,0.000489789559502333,0.010550308072557763,0.30204196277218,0.6722067502716847,0.013911027626625808
P04,3,A,beta,1799551287-β-7,P04-T03-Aβ,29,64,E4,9,9,R3,R,False,64,True,R4,False,0.29809801078126197,False,0.4311950206756592,valid,False,0.000114423125414133,7.866336983895773e-05,1.9063255753110087e-06,3.413583774361039e-07,3.13817035933578e-08,0.00022952134821317883,0.004409714091037197,0.29809801078126197,0.690504388017849,0.006563000200729288
P04,4,B,alpha,1799551287-α-2,P04-T04-Bα,0,57,A3,5,5,L5,L,False,57,True,L5,True,0.8227631313412042,False,2.131118059158325,valid,False,0.00019359806835767928,0.0013110197420737693,0.021599460726255792,0.1533416361266955,0.8227631313412042,0.0006786555947090152,0.00010999375890808187,2.1823965917846757e-06,2.953552608837973e-07,2.6889943312699242e-08
P04,4,B,alpha,1799551287-α-2,P04-T04-Bα,1,59,B3,6,6,L4,L,False,59,True,L4,True,0.8139948058890695,False,1.85988187789917,valid,False,0.0002452627069548132,0.016147252456936097,0.1517074484489736,0.8139948058890695,0.012899314050959449,0.004308458223336112,0.0006851989705170279,1.069428261905712e-05,1.4473137672624796e-06,1.1765686711557243e-07
P04,4,B,alpha,1799551287-α-2,P04-T04-Bα,2,60,C4,7,7,L2,L,False,60,True,L2,True,0.8907088831620018,False,1.3570291996002197,valid,False,0.00271421839848499,0.8907088831620018,0.06885601902337994,0.0037136589987543374,0.00010772888137985318,0.024445956769505096,0.00931864883707472,0.0001190773072100364,1.4293043103179707e-05,1.5155791058182157e-06
P04,4,B,alpha,1799551287-α-2,P04-T04-Bα,3,59,B3,6,6,L4,L,False,59,True,L4,True,0.7076352165465379,False,1.1033878326416016,valid,False,0.0001788581079757328,0.012968570482954599,0.26032444801637294,0.7076352165465379,0.01361858072406124,0.0046175834093346675,0.0006452797921600527,1.0071241730732506e-05,1.2582023665236302e-06,1.3347650567897547e-07
P04,4,B,alpha,1799551287-α-2,P04-T04-Bα,4,57,A3,5,5,L2,L,False,57,True,L2,True,0.8672865265033086,False,1.4175148010253906,valid,False,0.0038369137822134095,0.8672865265033086,0.11737446771162327,0.009443903514512905,0.0003846751942970561,0.001510464671370751,0.00015967247429908959,3.0438546267879636e-06,2.991305082328788e-07,3.3163239904039863e-08
P04,4,B,alpha,1799551287-α-2,P04-T04-Bα,5,59,B3,6,6,L1,L,False,59,True,L1,True,0.8940436837055821,False,0.8856391906738281,valid,False,0.8940436837055821,0.09144654895686236,0.003051870365277543,0.00036632096995011784,3.323188864086709e-05,0.009130442600378017,0.0018884466959790836,3.599967519906567e-05,3.137762342705331e-06,3.173797883809531e-07
P04,4,B,alpha,1799551287-α-2,P04-T04-Bα,6,64,E4,9,9,R2,R,False,64,True,R2,True,0.9163795697071926,False,0.7451562881469727,valid,False,0.005734933217089677,0.00023233631027259265,7.157680208400546e-06,9.686866783209847e-07,2.2950876355982052e-07,0.028283263188164456,0.9163795697071926,0.04562385228792574,0.0033886467613464693,0.00034904265235840773
P04,4,B,alpha,1799551287-α-2,P04-T04-Bα,7,65,F4,10,10,R3,R,False,65,True,R3,True,0.836922948894742,False,0.8366231918334961,valid,False,0.0008016633636505436,3.110869272447667e-05,1.0805684972170004e-06,1.2970239643913416e-07,3.073009808402402e-08,0.0013581866364483274,0.08560399990972699,0.836922948894742,0.07294691683373797,0.0023339346679782445
P04,4,B,alpha,1799551287-α-2,P04-T04-Bα,8,67,G4,11,11,R2,R,False,67,True,R2,True,0.8825739610783234,False,0.9751629829406738,valid,False,0.00018119382436349187,5.874364434785999e-06,1.8835964710258982e-07,2.2609115187567126e-08,4.944882244992786e-09,0.004280106100834997,0.8825739610783234,0.10593678983003818,0.00670492676268672,0.00031693212567401494
P04,4,B,alpha,1799551287-α-2,P04-T04-Bα,9,69,A4,12,12,R1,R,False,69,True,R1,True,0.8557418811410265,False,0.9865398406982422,valid,False,2.7932932075110253e-05,8.691183855416989e-07,2.7868007545053013e-08,3.481556096155163e-09,7.316005197111187e-10,0.8557418811410265,0.13590672297471226,0.007329950698934245,0.0008453274515576227,0.0001472836021445848
P04,4,B,alpha,1799551287-α-2,P04-T04-Bα,10,67,G4,11,11,R3,R,False,67,True,R3,True,0.882694280642421,False,2.0000851154327393,valid,False,0.00018508858464336633,5.210804151737987e-06,1.8099863152093752e-07,2.4495501062325415e-08,4.945556371017877e-09,0.0006749663535321354,0.06823645225584753,0.882694280642421,0.04760695731398103,0.0005968336057342003
P04,4,B,alpha,1799551287-α-2,P04-T04-Bα,11,65,F4,10,10,R4,R,False,65,True,R4,True,0.7698665431842983,False,1.167032241821289,valid,False,0.0007731894051285333,3.0999542870646825e-05,1.0767771487804404e-06,1.3452199768772496e-07,2.8267924084176868e-08,0.0001457002695638001,0.011368164287331109,0.18984675218946762,0.7698665431842983,0.027967411554269492
P04,4,B,alpha,1799551287-α-2,P04-T04-Bα,12,60,C4,7,7,L1,L,False,60,True,L1,True,0.9163631938148367,False,1.4045507907867432,valid,False,0.9163631938148367,0.043834132112683395,0.0015208781293872752,0.00016870777308503822,2.1076697891064115e-05,0.03443073750598013,0.003526877031993559,0.0001225069869725472,1.1113583121802201e-05,7.763640483628029e-07
P04,4,B,alpha,1799551287-α-2,P04-T04-Bα,13,64,E4,9,9,R5,R,False,64,True,R5,True,0.916414579839833,False,1.3733701705932617,valid,False,0.00040307004185319626,0.00022323480156504144,6.877286288628852e-06,1.3340562851147973e-06,2.1187138548369247e-07,0.00018290654624935585,0.000968812595224761,0.0050554600658108545,0.07674351289550461,0.916414579839833
P04,4,B,alpha,1799551287-α-2,P04-T04-Bα,14,62,D4,8,8,R4,R,False,62,True,R2,False,0.0027822780460692647,False,0.8264927864074707,valid,False,0.0223474559356489,0.001354280115632117,5.520344231724168e-05,8.767268621066191e-06,1.3377984460875006e-06,0.022265869395196324,0.9189852141629552,0.03192118938033627,0.0027822780460692647,0.00027840445477762246
P04,4,B,alpha,1799551287-α-2,P04-T04-Bα,15,57,A3,5,5,L2,L,False,57,True,L2,True,0.9230834665199947,False,0.8650941848754883,valid,False,0.012320192864481792,0.9230834665199947,0.04595761965687583,0.00551636792992494,0.0009080635272170242,0.005340515371435764,0.0067377070046366295,0.00012340540843501936,1.1651966208065385e-05,1.009750790292196e-06
P04,4,B,alpha,1799551287-α-2,P04-T04-Bα,16,59,B3,6,6,L1,L,False,59,True,L1,True,0.8962803961610626,False,0.7363789081573486,valid,False,0.8962803961610626,0.033725468917986105,0.0009590030932404404,0.0001463511081674252,2.8389194151636068e-05,0.015451900590529932,0.052365779036636716,0.0009591126989622846,7.716983058698814e-05,6.429368676082524e-06
P04,4,B,alpha,1799551287-α-2,P04-T04-Bα,17,64,E4,9,9,R3,R,False,64,True,R3,True,0.7173889883139032,False,0.798576831817627,valid,False,0.002682945679046309,9.982049216213229e-05,5.603399653507806e-06,4.5084733258170454e-07,6.609735781437534e-08,0.0006641283968713506,0.06007646788572842,0.7173889883139032,0.21607341096969804,0.003008117918246706
P04,4,B,alpha,1799551287-α-2,P04-T04-Bα,18,62,D4,8,8,R4,R,False,62,True,R4,True,0.8143914514901468,False,1.8282418251037598,valid,False,0.0033639168845539555,0.0006855328561334372,4.5159308549020785e-05,3.7817861634082363e-06,5.326964272387406e-07,0.0005602809747583848,0.008657570208297279,0.14011186637027878,0.8143914514901468,0.03217990742469158
P04,4,B,alpha,1799551287-α-2,P04-T04-Bα,19,64,E4,9,9,R3,R,False,64,True,R3,True,0.7197403957398159,False,0.9033441543579102,valid,False,0.0033562924744381896,8.882302123151989e-05,5.851194711037545e-06,5.099951130838743e-07,6.902033307849445e-08,0.0006350443557554471,0.0493329440743241,0.7197403957398159,0.22562866788740987,0.0012114022368676588
P04,4,B,alpha,1799551287-α-2,P04-T04-Bα,20,65,F4,10,10,R1,R,False,65,True,R1,True,0.9687371030014614,False,0.805513858795166,valid,False,0.0007276806273861879,1.6839857495742814e-05,1.2017136100448327e-06,1.0474238146495903e-07,1.4753846456663849e-08,0.9687371030014614,0.02867407107502327,0.0016753016984716639,0.00015197994122762593,1.5702589096391574e-05
P04,4,B,alpha,1799551287-α-2,P04-T04-Bα,21,64,E4,9,9,R2,R,False,64,True,R2,True,0.9129399779673512,False,0.7078537940979004,valid,False,0.004612625504274141,0.00010824805682019468,7.724718761700902e-06,7.007706757978306e-07,9.483899789301206e-08,0.02554718062030289,0.9129399779673512,0.051247669144996524,0.005036292200744813,0.0004994861770746365
P04,4,B,alpha,1799551287-α-2,P04-T04-Bα,22,59,B3,6,6,L1,L,False,59,True,L1,True,0.9067663993736857,False,0.7140231132507324,valid,False,0.9067663993736857,0.04514524071929952,0.0015066443059490876,0.0002697889921390887,4.641581041352749e-05,0.03798903992018865,0.008083984352142056,0.00017375393694488622,1.7075422396448105e-05,1.657166841018426e-06
P04,4,B,alpha,1799551287-α-2,P04-T04-Bα,23,60,C4,7,7,L2,L,False,60,True,L2,True,0.9387327046479232,False,1.8678638935089111,valid,False,0.012485035649300641,0.9387327046479232,0.011995490399288324,0.000790199984277393,0.00013594984868798077,0.016853873819624447,0.018625484532558415,0.00034113764882604393,3.779912892622641e-05,2.324340587277299e-06
P04,4,B,alpha,1799551287-α-2,P04-T04-Bα,24,59,B3,6,6,L3,L,False,59,True,L3,True,0.808419812493229,False,0.8601880073547363,valid,False,0.0009752732868484497,0.0906266930430205,0.808419812493229,0.08957546850693551,0.00108139779544103,0.006404913122031019,0.002872209210770591,3.9759021546371265e-05,4.2326859694091715e-06,2.4083420811521563e-07
P04,4,B,alpha,1799551287-α-2,P04-T04-Bα,25,62,D4,8,8,R1,R,False,62,True,R1,True,0.9442070065055457,False,0.8462369441986084,valid,False,0.026472675086950184,0.0007948081045872583,3.801955785202479e-05,3.3138170345905333e-06,3.977628552509084e-07,0.9442070065055457,0.02794799407413028,0.0004918140547915138,3.801955785202479e-05,5.9514784012121974e-06
P04,4,B,alpha,1799551287-α-2,P04-T04-Bα,26,64,E4,9,9,R2,R,False,64,True,R2,True,0.8734458571993821,False,0.9394009113311768,valid,False,0.004225678661346398,0.00012649482811822937,5.585653429436751e-06,2.671891145499973e-07,5.3944551873719505e-08,0.007196630658477691,0.8734458571993821,0.10911977628389151,0.005432753762132125,0.00044690181955618386
P04,4,B,alpha,1799551287-α-2,P04-T04-Bα,27,59,B3,6,6,L3,L,False,59,True,L3,True,0.7557538894287971,False,1.3746087551116943,valid,False,0.0008774409816679035,0.14746338723470082,0.7557538894287971,0.08045642874739294,0.0008396632507449681,0.007465983928383233,0.007012650835213001,0.000123404929633059,6.655682886151842e-06,4.949805810119954e-07
P04,4,B,alpha,1799551287-α-2,P04-T04-Bα,28,62,D4,8,8,R2,R,False,62,True,R2,True,0.9363348228817366,False,1.3608331680297852,valid,False,0.011702793056204025,0.005823917406783105,0.0002676629148011807,1.6940859202062583e-05,1.536840073775227e-06,0.010776379809681196,0.9363348228817366,0.03252383253177304,0.0024156614193785414,0.00013645228036666601
P04,4,B,alpha,1799551287-α-2,P04-T04-Bα,29,65,F4,10,10,R2,R,False,65,True,R2,True,0.9525062869858868,False,1.413025140762329,valid,False,0.0011226423053981125,0.00012733889365991696,5.852400895121471e-06,3.5588486494021806e-07,3.6401401092476485e-08,0.011855053917605796,0.9525062869858868,0.03178824945448783,0.002457382373226046,0.0001368013825743403
P04,5,C,beta,1799551287-β-8,P04-T05-Cβ,0,62,D4,8,8,R3,R,False,62,True,R3,True,0.8167089691375072,False,1.194153070449829,valid,False,0.0005962312059196275,0.0017840408503729897,0.00012812906695224005,1.419710529632712e-05,9.913285887420065e-07,0.0005203803507412409,0.06319470299040439,0.8167089691375072,0.11579534213157153,0.0012570158326457358
P04,5,C,beta,1799551287-β-8,P04-T05-Cβ,1,59,B3,6,6,L3,L,False,59,True,L3,True,0.8246748697609529,False,0.8653838634490967,valid,False,0.001215297875054522,0.12161148731942718,0.8246748697609529,0.02540609768110614,0.00018117138736125173,0.0012461616146418684,0.023965804667047695,0.0016079968493549746,8.91322878918778e-05,1.9805571616005363e-06
P04,5,C,beta,1799551287-β-8,P04-T05-Cβ,2,60,C4,7,7,R4,R,False,60,True,R4,True,0.6357233419175128,False,0.9886751174926758,valid,False,0.0013607362090497645,0.003954141346037881,0.0002132614228986159,1.5839688973760488e-05,8.723317516479764e-07,0.00044265742230351307,0.016675031888982776,0.32206824745885165,0.6357233419175128,0.019545870313637494
P04,5,C,beta,1799551287-β-8,P04-T05-Cβ,3,64,E4,9,9,R4,R,False,64,True,R4,True,0.7911411947978253,False,0.5517759323120117,valid,False,0.0002612681064665604,0.00010161912264672819,5.480693984565164e-06,3.9110928078861874e-07,2.725219656272162e-08,0.00021822475972574433,0.005091675012380408,0.16624730243989388,0.7911411947978253,0.036932816705599524
P04,5,C,beta,1799551287-β-8,P04-T05-Cβ,4,60,C4,7,7,L5,L,False,60,True,L5,True,0.7838700003070888,False,1.2743611335754395,valid,False,0.0007999934794169174,0.002460543859657859,0.01999421227735508,0.1894983246137518,0.7838700003070888,0.0009814420188346677,0.002280154469988983,0.00010479420448568906,9.894692177217712e-06,6.400772430125025e-07
P04,5,C,beta,1799551287-β-8,P04-T05-Cβ,5,60,C4,7,7,R2,R,False,60,True,R2,True,0.9225520428508839,False,0.5136570930480957,valid,False,0.0022622355185517844,0.014986409983541539,0.0013062282545238182,0.00019150215624456663,3.294696239291702e-05,0.005967632013252978,0.9225520428508839,0.04975663339742422,0.002793076815189346,0.00015129204799514372
P04,5,C,beta,1799551287-β-8,P04-T05-Cβ,6,57,A3,5,5,L2,L,False,57,True,L2,True,0.8666774377616381,False,0.6471002101898193,valid,False,0.004074169260478309,0.8666774377616381,0.09994968041081881,0.01352671830780708,0.0013835696515785843,0.0033923637813125327,0.01063855907036828,0.00032780605652911823,2.74515365424061e-05,2.2441629266993147e-06
P04,5,C,beta,1799551287-β-8,P04-T05-Cβ,7,55,G3,4,4,L3,L,False,55,True,L3,True,0.6952170961088374,False,0.6066360473632812,valid,False,0.0015222252102111207,0.2165959824871501,0.6952170961088374,0.08017599575648202,0.004290972862438022,0.0009518493879359708,0.0012021340836750897,4.0124192003859756e-05,3.3601292626838117e-06,2.5978200363317584e-07
P04,5,C,beta,1799551287-β-8,P04-T05-Cβ,8,50,D3,1,1,L2,L,False,50,True,L2,True,0.883947237076402,False,1.1917660236358643,valid,False,0.0015884393905413587,0.883947237076402,0.10610162638448326,0.00800323941146306,0.0003304266804962257,1.9993091460401583e-05,8.7771578966953e-06,2.398246262453646e-07,1.929619511655561e-08,1.6864357504061557e-09
P04,5,C,beta,1799551287-β-8,P04-T05-Cβ,9,55,G3,4,4,L3,L,False,55,True,L3,True,0.7989343566530245,False,1.0048582553863525,valid,False,0.000339833969304301,0.11162359468268229,0.7989343566530245,0.08505335670648152,0.0009782959374553504,0.0011195436073191541,0.0019027092384817704,4.4302187917727505e-05,3.7100081170221175e-06,2.970092163815091e-07
P04,5,C,beta,1799551287-β-8,P04-T05-Cβ,10,60,C4,7,7,R2,R,False,60,True,R2,True,0.9267573661598848,False,0.43639612197875977,valid,False,0.0007639596609498199,0.038383083523142965,0.0031714284461155776,0.0001928547624196862,6.40420489968743e-06,0.007475086994122988,0.9267573661598848,0.01996902055307506,0.00304707495805511,0.0002337207373344044
P04,5,C,beta,1799551287-β-8,P04-T05-Cβ,11,64,E4,9,9,R4,R,False,64,True,R4,True,0.8201170884834603,False,0.6967220306396484,valid,False,4.484684066836919e-05,0.0005648403297960649,4.547680427806806e-05,3.3777249794850428e-06,1.1019371186127767e-07,0.00011019221347967288,0.003461574854628094,0.1302488850992449,0.8201170884834603,0.045403607455753274
P04,5,C,beta,1799551287-β-8,P04-T05-Cβ,12,60,C4,7,7,R3,R,False,60,True,R3,True,0.8287914398227907,False,0.5182790756225586,valid,False,0.00029788912792371965,0.02378830277132912,0.002054368585463188,0.00014660235039541,4.6044033660362065e-06,0.0006573391059923227,0.0820979609844176,0.8287914398227907,0.061387165689974196,0.0007743271583473967
P04,5,C,beta,1799551287-β-8,P04-T05-Cβ,13,57,A3,5,5,L5,L,False,57,True,L5,True,0.7298286719400898,False,1.1411776542663574,valid,False,0.0004693429966504125,0.004167146173326536,0.03311905265884104,0.22879120306512263,0.7298286719400898,0.0005331001858289528,0.0030041002884619965,8.314325547546647e-05,4.117318251872078e-06,1.2211795126344542e-07
P04,5,C,beta,1799551287-β-8,P04-T05-Cβ,14,60,C4,7,7,L3,L,False,60,True,L3,True,0.8517436175414076,False,0.8299577236175537,valid,False,0.0004436521645143836,0.029911883799922816,0.8517436175414076,0.09437588293854772,0.0007766008853779972,0.0024623703170906703,0.019726643251626815,0.0005206306379966758,3.551527040277813e-05,3.2031931122897324e-06
P04,5,C,beta,1799551287-β-8,P04-T05-Cβ,15,57,A3,5,5,L4,L,False,57,True,L4,True,0.7027102497970129,False,1.0162558555603027,valid,False,0.0002034171114643985,0.018779964606538954,0.26357358543998527,0.7027102497970129,0.008018372776028931,0.001025329021299354,0.005316674443329937,0.0003516723518043248,1.9741044063857797e-05,9.934084721526818e-07
P04,5,C,beta,1799551287-β-8,P04-T05-Cβ,16,60,C4,7,7,L2,L,False,60,True,L2,True,0.8512403684373158,False,0.6964380741119385,valid,False,0.0038446960256665647,0.8512403684373158,0.05836372460351201,0.0035491017481805386,6.751375908456e-05,0.005087031930934694,0.07419483531180711,0.0034099394781289126,0.00022462892573063865,1.8159779639078696e-05
P04,5,C,beta,1799551287-β-8,P04-T05-Cβ,17,64,E4,9,9,R2,R,False,64,True,R2,True,0.8574050623673812,False,0.7043361663818359,valid,False,0.0002705078420231565,0.0001642953524145896,5.7068416095378505e-06,5.837197668828003e-07,4.300753461590704e-08,0.003798239998111468,0.8574050623673812,0.13083152914312632,0.007056226781832791,0.00046780494619951804
P04,5,C,beta,1799551287-β-8,P04-T05-Cβ,18,59,B3,6,6,L1,L,False,59,True,L1,True,0.8841142442549952,False,0.9149489402770996,valid,False,0.8841142442549952,0.0740385786059199,0.0015289577434933353,0.00020692192927248293,2.1164845387684443e-05,0.002173489015684015,0.03590310083324336,0.0018674732050131097,0.00013809856045737313,7.97100653336285e-06
P04,5,C,beta,1799551287-β-8,P04-T05-Cβ,19,55,G3,4,4,L2,L,False,55,True,L2,True,0.8793321552221844,False,0.8694791793823242,valid,False,0.005546670518437669,0.8793321552221844,0.10554767059380785,0.007532015772293367,0.00023208696738865578,0.0008181627287816477,0.0009321100165747831,5.497716866204464e-05,3.923240552339066e-06,2.2777131722129693e-07
P04,5,C,beta,1799551287-β-8,P04-T05-Cβ,20,60,C4,7,7,L3,L,False,60,True,L3,True,0.8721930255318917,False,0.8532683849334717,valid,False,0.0005331303950943244,0.04705347610679158,0.8721930255318917,0.05745550136933476,0.00037149262913622707,0.0024214047992679078,0.019409278809586,0.0005122260532977324,4.403969079915713e-05,6.424614800756062e-06
P04,5,C,beta,1799551287-β-8,P04-T05-Cβ,21,64,E4,9,9,R2,R,False,64,True,R2,True,0.870999434994307,False,0.6798710823059082,valid,False,0.00014332380449018435,0.00019466956424587132,1.397676918077232e-05,9.582913799200518e-07,3.225001203661266e-08,0.003915341939839744,0.870999434994307,0.11787695523388417,0.006357538843502373,0.000497768309157669
P04,5,C,beta,1799551287-β-8,P04-T05-Cβ,22,60,C4,7,7,R3,R,False,60,True,R3,True,0.8114524534577289,False,0.5628178119659424,valid,False,0.0014683575864293163,0.008489463397863054,0.0005373131508751965,6.196570416002478e-05,1.5875841499477334e-06,0.0008513671498602075,0.08832994606989267,0.8114524534577289,0.08785387098622165,0.0009536749128192277
P04,5,C,beta,1799551287-β-8,P04-T05-Cβ,23,57,A3,5,5,L2,L,False,57,True,L2,True,0.8806834600674335,False,0.6670470237731934,valid,False,0.004650072730104729,0.8806834600674335,0.05574001355275491,0.005056619945830038,0.00016063845909430194,0.0006580173929101917,0.051050833080161284,0.0018602265198883233,0.0001379639582311766,2.1542935915766016e-06
P04,5,C,beta,1799551287-β-8,P04-T05-Cβ,24,62,D4,8,8,R4,R,False,62,True,R4,True,0.7108149654434083,False,0.7061600685119629,valid,False,0.0007476833778179892,0.00284741666652855,0.00013620586158733175,1.2356316989223742e-05,3.7596539346869855e-07,0.0004018942433329017,0.009107882696129003,0.25124087754234115,0.7108149654434083,0.024690341886472178
P04,5,C,beta,1799551287-β-8,P04-T05-Cβ,25,59,B3,6,6,L1,L,False,59,True,L1,True,0.8470834587268891,False,0.625068187713623,valid,False,0.8470834587268891,0.129256554552043,0.003393287529919944,0.0003334705325518,2.027836396813973e-05,0.0033003695312327423,0.015514874738661663,0.0010220385633657402,7.292786643839403e-05,2.7395949294335357e-06
P04,5,C,beta,1799551287-β-8,P04-T05-Cβ,26,60,C4,7,7,L2,L,False,60,True,L2,True,0.9238578539229988,False,0.8308439254760742,valid,False,0.006743359359617261,0.9238578539229988,0.02330244340082682,0.0016628919448488319,3.556400967208613e-05,0.010897770445865314,0.03209044178414582,0.0013080771337612384,9.715556930479699e-05,4.4424289588534884e-06
P04,5,C,beta,1799551287-β-8,P04-T05-Cβ,27,60,C4,7,7,R2,R,False,60,True,R2,True,0.8898455449356294,False,0.41739797592163086,valid,False,0.003550658780882967,0.06847126110686264,0.001956286244450565,0.0001288698759409311,9.312375001140136e-06,0.007323203747517617,0.8898455449356294,0.0274138374584943,0.0012599195914901218,4.110588373042773e-05
P04,5,C,beta,1799551287-β-8,P04-T05-Cβ,28,65,F4,10,10,R2,R,False,65,True,R2,True,0.9626952217232463,False,1.5184378623962402,valid,False,0.0001317058908013679,6.018915293897137e-05,2.0087088497156447e-06,2.2257128477886428e-07,1.5702540301168405e-08,0.0069643334109701915,0.9626952217232463,0.028495234801836643,0.0015963777967359905,5.46902407958749e-05
P04,5,C,beta,1799551287-β-8,P04-T05-Cβ,29,62,D4,8,8,R4,R,False,62,True,R4,True,0.5697833729184986,False,0.8331911563873291,valid,False,0.0006202927683689654,0.0017954509950042752,6.491063774502479e-05,6.9102894126388135e-06,5.274154175414327e-07,0.00031537575586064107,0.006655469783219356,0.4137476475853675,0.5697833729184986,0.0070100418511053865
P04,6,B,gamma,1799551287-γ-2,P04-T06-Bγ,0,65,F4,10,10,R1,R,False,65,True,R1,True,0.976751074556046,False,1.8443000316619873,valid,False,0.0001820785959947404,5.637281918816285e-05,4.0228359457398995e-06,3.1098428863139904e-07,1.891097406713422e-08,0.976751074556046,0.021850675449157902,0.0010042408009228172,0.00012054065875241538,3.066438872942273e-05
P04,6,B,gamma,1799551287-γ-2,P04-T06-Bγ,1,48,C3,0,0,L4,L,False,48,True,L4,True,0.7083883956969054,False,2.9339759349823,valid,False,2.1558017815396378e-05,0.009546367757249813,0.2503831951043402,0.7083883956969054,0.03166041529609062,6.630817990592868e-08,1.7833668790318955e-09,3.138274946070019e-11,3.920653549500215e-12,7.48291044770427e-13
P04,6,B,gamma,1799551287-γ-2,P04-T06-Bγ,2,53,F3,3,3,L1,L,False,53,True,L1,True,0.9700636058798012,False,1.2463979721069336,valid,False,0.9700636058798012,0.02871333481097071,0.0009973651198260437,0.00017159154622233203,2.95214442030078e-05,2.4162846232693477e-05,4.086553764070965e-07,8.10817004108949e-09,1.340271493303672e-09,2.4892602917350433e-10
P04,6,B,gamma,1799551287-γ-2,P04-T06-Bγ,3,55,G3,4,4,L4,L,False,55,True,L4,True,0.7353681619920858,False,1.1634252071380615,valid,False,0.0001454005620579738,0.015107934279059997,0.23993577286709974,0.7353681619920858,0.009334999898016179,0.00010565365475923193,2.0301842519771577e-06,3.8701634428470604e-08,6.6584174249757225e-09,1.2026173037607846e-09
P04,6,B,gamma,1799551287-γ-2,P04-T06-Bγ,4,62,D4,8,8,L2,L,False,62,True,L2,True,0.9129398013052525,False,1.5597529411315918,valid,False,0.004123366508327897,0.9129398013052525,0.02812531170696901,0.002174219921394139,6.39210917297203e-05,0.03861471523864499,0.013690058922944564,0.00024091043426477588,2.464133265826825e-05,3.0535378141974877e-06
P04,6,B,gamma,1799551287-γ-2,P04-T06-Bγ,5,55,G3,4,4,L5,L,False,55,True,L5,True,0.8597808391776186,False,1.272852897644043,valid,False,9.446274346813332e-05,0.0010673622195184966,0.012883091084786332,0.12604985692971382,0.8597808391776186,0.00011828402126173636,5.956200617930604e-06,1.3324480515327824e-07,1.2581004242320355e-08,1.7972055890457732e-09
P04,6,B,gamma,1799551287-γ-2,P04-T06-Bγ,6,59,B3,6,6,L2,L,False,59,True,L2,True,0.9607333143307459,False,1.2110199928283691,valid,False,0.00927847185050855,0.9607333143307459,0.02236946506039141,0.0011137100863142508,7.336537843815927e-05,0.0061275699232686805,0.0002975112802099706,5.902949498164924e-06,6.037785067016796e-07,8.536211819717286e-08
P04,6,B,gamma,1799551287-γ-2,P04-T06-Bγ,7,59,B3,6,6,R4,R,False,59,True,R4,True,0.7413485146420262,False,2.0787460803985596,valid,False,0.0029016477237146622,0.0003161529526506269,1.3960419176576901e-05,1.3719404490221025e-06,1.520153348366873e-07,0.000504327938267623,0.009513583603592267,0.2391927837976041,0.7413485146420262,0.006207504967184066
P04,6,B,gamma,1799551287-γ-2,P04-T06-Bγ,8,52,E3,2,2,L5,L,False,52,True,L5,True,0.7906641794254194,False,1.0919218063354492,valid,False,0.0001227151634613673,0.0027106284046267697,0.02638704910792422,0.17998496609228665,0.7906641794254194,7.840914180121011e-05,4.9417308698070854e-05,2.4611497152208664e-06,1.6874418732144552e-07,5.4618797545945715e-09
P04,6,B,gamma,1799551287-γ-2,P04-T06-Bγ,9,60,C4,7,7,R1,R,False,60,True,R1,True,0.9291204299163597,False,0.7532291412353516,valid,False,0.0046702087973557104,0.007958482685899009,0.0005679274282082701,6.816925408416215e-05,7.257196834449174e-06,0.9291204299163597,0.05649987152958328,0.0009942549307281072,0.00010584689289701189,7.551368050298277e-06
P04,6,B,gamma,1799551287-γ-2,P04-T06-Bγ,10,57,A3,5,5,L1,L,False,57,True,L1,True,0.895677861235252,False,0.8798518180847168,valid,False,0.895677861235252,0.05668903571816,0.0025032272977567756,0.0003387749753475339,6.313883913817293e-05,0.03553763678857341,0.009003206741241467,0.00017162915909929428,1.437277938865111e-05,1.1164660429748541e-06
P04,6,B,gamma,1799551287-γ-2,P04-T06-Bγ,11,50,D3,1,1,L3,L,False,50,True,L3,True,0.7805257695928441,False,1.7544279098510742,valid,False,0.000441502345602247,0.13446876226194607,0.7805257695928441,0.08309360606031946,0.0014472392092714005,1.9946152719085284e-05,3.088615817875359e-06,8.108340482872865e-08,4.373127001280822e-09,3.049477817307667e-10
P04,6,B,gamma,1799551287-γ-2,P04-T06-Bγ,12,55,G3,4,4,L3,L,False,55,True,L3,True,0.8078106855216131,False,1.6754810810089111,valid,False,0.00020824558449516627,0.10586725559671283,0.8078106855216131,0.08190602969710899,0.0008249659610889728,0.002712505354754381,0.0006533304236526563,1.5832788479410232e-05,1.0855459172058797e-06,6.352617720877762e-08
P04,6,B,gamma,1799551287-γ-2,P04-T06-Bγ,13,69,A4,12,12,R5,R,False,69,True,R5,True,0.9700223845144678,False,1.060431957244873,valid,False,1.1014169874733881e-06,1.0876066849463311e-06,4.712622810510923e-08,2.9827023128921595e-09,1.6507926344955357e-10,1.9044378704995686e-05,0.00014048130606907574,0.0033112281009419304,0.026504622402134217,0.9700223845144678
P04,6,B,gamma,1799551287-γ-2,P04-T06-Bγ,14,50,D3,1,1,L5,L,False,50,True,L4,True,0.40447820009818763,False,1.175994873046875,valid,False,3.884055123409711e-05,0.0036695540501659714,0.11704960760880888,0.4746595648944239,0.40447820009818763,4.954374655040667e-05,5.195370951984037e-05,2.5866228878284364e-06,1.4519946234959123e-07,3.5187591017916365e-09
P04,6,B,gamma,1799551287-γ-2,P04-T06-Bγ,15,65,F4,10,10,R3,R,False,65,True,R3,True,0.8862953901477997,False,1.8304970264434814,valid,False,2.4660225956481703e-05,6.042428922973187e-05,3.50715641681948e-06,3.886040078543239e-07,3.0745365226828074e-08,0.0007525831501565786,0.05389567817932969,0.8862953901477997,0.05838449117523929,0.0005828463264988563
P04,6,B,gamma,1799551287-γ-2,P04-T06-Bγ,16,57,A3,5,5,L2,L,False,57,True,L2,True,0.8740803863259777,False,1.3543701171875,valid,False,0.004812288406154308,0.8740803863259777,0.10491729222063034,0.00914468052303565,0.0004326300692240849,0.003171950970159255,0.0033641399605057283,7.23074831801966e-05,4.224612859019929e-06,9.942827384617468e-08
P04,6,B,gamma,1799551287-γ-2,P04-T06-Bγ,17,67,G4,11,11,R3,R,False,67,True,R3,True,0.8638304138192064,False,1.4320728778839111,valid,False,2.4488892760816855e-05,8.92745846697745e-06,5.215927063035792e-07,4.1967144032610366e-08,3.6427471044059953e-09,0.0005997411302058251,0.08489171212011284,0.8638304138192064,0.05011613065105507,0.000528018725594691
P04,6,B,gamma,1799551287-γ-2,P04-T06-Bγ,18,62,D4,8,8,R5,R,False,62,True,R5,True,0.9699418997337789,False,1.2001171112060547,valid,False,0.0002562259011879474,0.002817932403870227,0.00019344465511949048,1.4954188854155843e-05,1.1013899677483054e-06,4.8190309416300806e-05,0.00022337116724750004,0.002085866586825601,0.02441701366373214,0.9699418997337789
P04,6,B,gamma,1799551287-γ-2,P04-T06-Bγ,19,64,E4,9,9,R3,R,False,64,True,R3,True,0.8184100125431387,False,0.8744499683380127,valid,False,0.00036930137029589805,0.00037808488270650646,2.122370522190099e-05,1.6406930234241636e-06,1.5960817476019103e-07,0.00034225489213457206,0.061865425294622294,0.8184100125431387,0.11757238602172226,0.0010395109889597101
P04,6,B,gamma,1799551287-γ-2,P04-T06-Bγ,20,59,B3,6,6,L4,L,False,59,True,L4,True,0.7834802121265896,False,1.276381015777588,valid,False,0.0004205712757259671,0.02894105876143365,0.16230094765344732,0.7834802121265896,0.01733650096350138,0.0038189966635511718,0.0035386517950050838,0.00015625684329068808,6.617971357024403e-06,1.8594609818767267e-07
P04,6,B,gamma,1799551287-γ-2,P04-T06-Bγ,21,65,F4,10,10,R1,R,False,65,True,R1,True,0.9398608821337272,False,0.9213087558746338,valid,False,0.00020965294739932103,9.496298134087475e-05,8.614847305504824e-06,5.452489201136865e-07,5.123914307763039e-08,0.9398608821337272,0.05715299910154456,0.002424758341856829,0.00021134400166578307,3.618915709678139e-05
P04,6,B,gamma,1799551287-γ-2,P04-T06-Bγ,22,60,C4,7,7,R3,R,False,60,True,R3,True,0.7870216675486229,False,1.1092240810394287,valid,False,0.0014212656486185839,0.02424052701242385,0.0018743384675600364,0.00012347158626247788,1.147115671297001e-05,0.002208856543913407,0.12428934324088159,0.7870216675486229,0.05845491538104812,0.00035414341395625216
P04,6,B,gamma,1799551287-γ-2,P04-T06-Bγ,23,65,F4,10,10,R1,R,False,65,True,R1,True,0.9452634572339451,False,0.8700470924377441,valid,False,0.0001753942794223244,8.816578462657165e-05,8.324633062718006e-06,4.863722305994017e-07,4.7470976028955015e-08,0.9452634572339451,0.05098154371890905,0.0031001908662771473,0.00033004168291408525,5.234795763632347e-05
P04,6,B,gamma,1799551287-γ-2,P04-T06-Bγ,24,53,F3,3,3,L5,L,False,53,True,L5,True,0.8134570339493143,False,1.079437017440796,valid,False,0.00018838620674138554,0.0017139109820969226,0.026664627794387254,0.1577944298473115,0.8134570339493143,0.0001530139587112461,2.7911767886822953e-05,5.999244117960554e-07,8.11909401909773e-08,4.378198539761565e-09
P04,6,B,gamma,1799551287-γ-2,P04-T06-Bγ,25,52,E3,2,2,L5,L,False,52,True,L5,True,0.6519089997593184,False,0.8636908531188965,valid,False,0.0007419069732835165,0.004336041061646087,0.06155339326095305,0.2814359755142231,0.6519089997593184,2.0711151626096565e-05,2.908566244395234e-06,5.544633074162992e-08,7.810082594132006e-09,4.562919599039952e-10
P04,6,B,gamma,1799551287-γ-2,P04-T06-Bγ,26,57,A3,5,5,R3,R,False,57,True,R3,True,0.755448047601777,False,2.9527158737182617,valid,False,0.01660440068449449,0.002684007500865965,9.322969555219987e-05,1.9590921942582678e-05,3.1113797979825767e-06,0.0019007774319602915,0.14235149702295313,0.755448047601777,0.08042386928391175,0.0004714684767446134
P04,6,B,gamma,1799551287-γ-2,P04-T06-Bγ,27,62,D4,8,8,R5,R,False,62,True,R5,True,0.9775636079950148,False,1.0364198684692383,valid,False,0.00011801374823118228,1.1390943853038755e-05,3.9566738436027867e-07,7.675157595133353e-08,1.818457886547007e-08,8.242607584603515e-05,0.00016673635551464554,0.0010459717982881907,0.02101136247971261,0.9775636079950148
P04,6,B,gamma,1799551287-γ-2,P04-T06-Bγ,28,59,B3,6,6,L3,L,False,59,True,L3,True,0.7848329636317682,False,1.3719449043273926,valid,False,0.0017536539502622953,0.16845020469579713,0.7848329636317682,0.034656001356414674,0.00030868084386610496,0.005016780804892488,0.0046901797594188135,0.0002740268759372665,1.6010202718806427e-05,1.4978789240691123e-06
P04,6,B,gamma,1799551287-γ-2,P04-T06-Bγ,29,69,A4,12,12,R4,R,False,69,True,R4,True,0.860941912866145,False,1.1589689254760742,valid,False,1.7522715807921378e-06,1.9124160864625876e-07,8.789322173749493e-09,1.189505405842228e-09,1.2662849187642257e-10,6.0522863870287344e-05,0.003313572913952891,0.09165458840114278,0.860941912866145,0.04402744933624382
P04,7,B,beta,1799551287-β-9,P04-T07-Bβ,0,62,D4,8,8,R4,R,False,62,True,R4,True,0.8419753155545003,False,2.1497550010681152,valid,False,0.0004967719510892452,0.0009010006475874995,7.545270048963458e-05,1.1061891203316509e-05,1.2757139419323552e-06,0.00015514237231753118,0.0030153007041354993,0.1391775835711784,0.8419753155545003,0.014191094893556803
P04,7,B,beta,1799551287-β-9,P04-T07-Bβ,1,67,G4,11,11,R2,R,False,67,True,R2,True,0.9672808299364314,False,1.3365371227264404,valid,False,2.694847839951195e-05,5.064442921956077e-06,2.5214376600057184e-07,3.8474643919966277e-08,4.0959530482439144e-09,0.009416153681387797,0.9672808299364314,0.021638818767350423,0.0015736513453252679,5.8238633820657715e-05
P04,7,B,beta,1799551287-β-9,P04-T07-Bβ,2,64,E4,9,9,R3,R,False,64,True,R3,True,0.8686966504634616,False,1.0566778182983398,valid,False,0.000745954255868734,0.00018768204188164864,1.0122384558737158e-05,1.5445757303295503e-06,1.6443322215137602e-07,0.0006785801416916373,0.05282549771700018,0.8686966504634616,0.07571633971656645,0.001137464270018635
P04,7,B,beta,1799551287-β-9,P04-T07-Bβ,3,62,D4,8,8,R2,R,False,62,True,R2,True,0.924299708587028,False,0.6133291721343994,valid,False,0.00375563581828463,0.0013087027494660874,7.346371846165756e-05,1.0770292590462933e-05,1.1465892409076323e-06,0.004425689718402796,0.924299708587028,0.06337290340460655,0.002688642391364097,6.333673055453674e-05
P04,7,B,beta,1799551287-β-9,P04-T07-Bβ,4,59,B3,6,6,L4,L,False,59,True,L4,True,0.6180696281431897,False,1.6239922046661377,valid,False,0.0008751159544873047,0.019230595528258135,0.3147827213861077,0.6180696281431897,0.014902840629590257,0.001908324636394071,0.029565292361949755,0.0006354646076787801,2.920548099569322e-05,8.112713484986331e-07
P04,7,B,beta,1799551287-β-9,P04-T07-Bβ,5,59,B3,6,6,L4,L,False,59,True,L4,True,0.5457640459931808,False,1.0566790103912354,valid,False,0.0006584851772951262,0.015330565218002065,0.39932544861520364,0.5457640459931808,0.022583556527115262,0.0010023482170570042,0.014912305314429082,0.000407459691460746,1.5331997908857733e-05,4.532483474787638e-07
P04,7,B,beta,1799551287-β-9,P04-T07-Bβ,6,60,C4,7,7,R4,R,False,60,True,R4,True,0.8371391350549613,False,1.9366710186004639,valid,False,0.0012214750678323462,0.0016989158075226504,5.9012280499608855e-05,5.571952696095872e-06,1.0384669782748981e-06,0.00013066449133370423,0.0017141201465051745,0.1499032801802512,0.8371391350549613,0.008126786551419582
P04,7,B,beta,1799551287-β-9,P04-T07-Bβ,7,64,E4,9,9,R5,R,False,64,True,R5,True,0.9904901219349583,False,0.8928666114807129,valid,False,4.514845105294478e-05,4.15108638403638e-05,1.625727116912343e-06,1.8748717653277633e-07,2.9776230804989407e-08,1.6362282367331977e-05,7.892498840976262e-05,0.0004956922013311154,0.008830396287515817,0.9904901219349583
P04,7,B,beta,1799551287-β-9,P04-T07-Bβ,8,60,C4,7,7,L2,L,False,60,True,L2,True,0.9234882073573221,False,1.056124210357666,valid,False,0.005302391949888899,0.9234882073573221,0.049807124201176146,0.0020302481562641623,6.680916627351979e-05,0.010523384474216581,0.008569059900609117,0.00019169648405834345,1.9607522802065345e-05,1.4707873891599908e-06
P04,7,B,beta,1799551287-β-9,P04-T07-Bβ,9,59,B3,6,6,L1,L,False,59,True,L1,True,0.9361809111253344,False,0.7626490592956543,valid,False,0.9361809111253344,0.04302617876434529,0.001042695032698102,0.00011553390283166669,7.92136878989293e-06,0.008411363410327019,0.011043132470999445,0.00015910494531158086,1.2299566500557155e-05,8.594128620648221e-07
P04,7,B,beta,1799551287-β-9,P04-T07-Bβ,10,60,C4,7,7,R4,R,False,60,True,R4,True,0.8635704833890094,False,1.3157529830932617,valid,False,0.0008563223476173478,0.006056157478358033,0.00033996096373379355,2.846942767849941e-05,2.9119728257406793e-06,0.00011003502061432333,0.001882469874284852,0.11228895670773201,0.8635704833890094,0.01486423281814586
P04,7,B,beta,1799551287-β-9,P04-T07-Bβ,11,64,E4,9,9,R5,R,False,64,True,R5,True,0.9883289010430091,False,0.9662110805511475,valid,False,9.748663677768141e-05,0.00020515603113693525,1.063096338497002e-05,7.288923813721839e-07,5.864639436793605e-08,1.4533191569711686e-05,4.476251655010322e-05,0.0005358052830218176,0.010761936795773735,0.9883289010430091
P04,7,B,beta,1799551287-β-9,P04-T07-Bβ,12,62,D4,8,8,R4,R,False,62,True,R4,True,0.9479033962476632,False,1.1690857410430908,valid,False,0.00046485204162990815,0.0010988372709735351,5.6940557530881665e-05,4.06335047465216e-06,3.836624587414575e-07,5.623772667739491e-05,0.0012907486031621658,0.03863863158963334,0.9479033962476632,0.010485908949796166
P04,7,B,beta,1799551287-β-9,P04-T07-Bβ,13,57,A3,5,5,L2,L,False,57,True,L2,True,0.9405443780734865,False,0.914161205291748,valid,False,0.009454197598933237,0.9405443780734865,0.04153177650878622,0.002239961847253148,0.00020226340633802307,0.0026777889629249147,0.0032106032031608534,0.00013087126266083851,7.958289678246948e-06,2.0084677794120822e-07
P04,7,B,beta,1799551287-β-9,P04-T07-Bβ,14,60,C4,7,7,L1,L,False,60,True,L1,True,0.8112346029491264,False,1.2483959197998047,valid,False,0.8112346029491264,0.08636282253066098,0.0031222605927555577,0.00020567814980300774,1.2016882876587091e-05,0.09797559671239947,0.0010187305449638926,6.19490682374767e-05,5.399533534854852e-06,9.430356420034772e-07
P04,7,B,beta,1799551287-β-9,P04-T07-Bβ,15,64,E4,9,9,R5,R,False,64,True,R5,True,0.9505043783806219,False,1.3369159698486328,valid,False,0.00038945489149597943,0.0003741841467755509,2.3682776341567978e-05,2.9586942738036547e-06,3.4121177524102895e-07,7.55977134793516e-05,0.00029434367502306487,0.00465058383817822,0.04368447467203522,0.9505043783806219
P04,7,B,beta,1799551287-β-9,P04-T07-Bβ,16,59,B3,6,6,L2,L,False,59,True,L2,True,0.8858178242502064,False,0.8251988887786865,valid,False,0.009267478290443745,0.8858178242502064,0.045902120464945656,0.003843991629256097,0.00028870881088415864,0.04673078829647387,0.007897224064580839,0.00023375337170587694,1.6026868458352272e-05,2.0839530450576496e-06
P04,7,B,beta,1799551287-β-9,P04-T07-Bβ,17,57,A3,5,5,L1,L,False,57,True,L1,True,0.8606961957828013,False,1.2637410163879395,valid,False,0.8606961957828013,0.12123630703071599,0.004046052003529062,0.0005699204961815341,8.027810114266941e-05,0.011838034682634613,0.0014884593500088658,4.067025015371972e-05,3.689521853713873e-06,3.927809784209472e-07
P04,7,B,beta,1799551287-β-9,P04-T07-Bβ,18,52,E3,2,2,L3,L,False,52,True,L3,True,0.7768278413687447,False,1.524489164352417,valid,False,0.0001742014843897818,0.047769333511272584,0.7768278413687447,0.16990148302277389,0.005274609587395062,4.742746892930912e-05,4.967784849465248e-06,1.2530231224488502e-07,9.306651088957372e-09,1.1626818954016105e-09
P04,7,B,beta,1799551287-β-9,P04-T07-Bβ,19,55,G3,4,4,L2,L,False,55,True,L2,True,0.9217997084944693,False,1.3141539096832275,valid,False,0.003002601013909811,0.9217997084944693,0.06578079747487191,0.006728336686832705,0.0003806506455245903,0.0020670003709692105,0.00023371051708451844,6.646452429228041e-06,4.936558043501184e-07,5.468810437221654e-08
P04,7,B,beta,1799551287-β-9,P04-T07-Bβ,20,60,C4,7,7,R4,R,False,60,True,R4,True,0.9395575165772787,False,1.2981221675872803,valid,False,0.0007852869932475192,0.004122458269408259,0.00029095374899383895,2.975997340674644e-05,2.0634846831562473e-06,0.0001822566894247761,0.002268382138868022,0.038298435140130226,0.9395575165772787,0.014462886984558805
P04,7,B,beta,1799551287-β-9,P04-T07-Bβ,21,57,A3,5,5,L1,L,False,57,True,L1,True,0.9392692862769134,False,0.8669581413269043,valid,False,0.9392692862769134,0.03828668623783399,0.0011311458311517753,0.00011136994492972364,1.5072283041110105e-05,0.016121872494714695,0.004978368455312324,8.08711782696688e-05,4.917781415153722e-06,4.0951641808264326e-07
P04,7,B,beta,1799551287-β-9,P04-T07-Bβ,22,60,C4,7,7,L2,L,False,60,True,L2,True,0.9087118998319413,False,1.483069896697998,valid,False,0.003627188432303993,0.9087118998319413,0.053092097917547945,0.002863452607204914,0.00033148557156000203,0.02534898154597956,0.005882772133346601,0.0001264419590381559,1.4581934230365096e-05,1.09806684698507e-06
P04,7,B,beta,1799551287-β-9,P04-T07-Bβ,23,64,E4,9,9,R2,R,False,64,True,R2,True,0.8896303785721796,False,0.9793810844421387,valid,False,0.0005480405235519875,0.0001288387149571826,3.5203532879559e-06,3.4595774020152954e-07,5.93360855672686e-08,0.005994282339595686,0.8896303785721796,0.09857385572087626,0.0049077032940592225,0.00021297518766644457
P04,7,B,beta,1799551287-β-9,P04-T07-Bβ,24,59,B3,6,6,L1,L,False,59,True,L1,True,0.7739188741615058,False,0.7289168834686279,valid,False,0.7739188741615058,0.184224802592599,0.0029926424662808392,0.00022227426428684703,3.674168876688689e-05,0.03298155406354093,0.00545295010065734,0.0001550754920877889,1.4068131247552663e-05,1.017039027095501e-06
P04,7,B,beta,1799551287-β-9,P04-T07-Bβ,25,62,D4,8,8,R1,R,False,62,True,R1,True,0.8028908228093282,False,0.7407948970794678,valid,False,0.0037345960171803476,0.0042555275720527535,0.00016666303542272115,1.8466790707091046e-05,2.306514101334859e-06,0.8028908228093282,0.18276821092889287,0.005409835810141374,0.0006758519357204519,7.77185864527193e-05
P04,7,B,beta,1799551287-β-9,P04-T07-Bβ,26,60,C4,7,7,L3,L,False,60,True,L3,True,0.8257012915505656,False,1.1571002006530762,valid,False,0.0004438010004181786,0.07330753034124675,0.8257012915505656,0.05224495001571487,0.00045625646712941045,0.03183190078828548,0.015740438091559773,0.00025569577390096063,1.4939195874472052e-05,3.196775304594619e-06
P04,7,B,beta,1799551287-β-9,P04-T07-Bβ,27,64,E4,9,9,R3,R,False,64,True,R3,True,0.7842082260973448,False,0.9267029762268066,valid,False,0.0005799788285052716,0.0018676380909938056,0.00013871616382749757,7.481474203377211e-06,3.3641432384386e-07,0.004445188913526271,0.18580069734932647,0.7842082260973448,0.02230196028140396,0.0006497763865448399
P04,7,B,beta,1799551287-β-9,P04-T07-Bβ,28,62,D4,8,8,R4,R,False,62,True,R4,True,0.8977512856048298,False,1.1475610733032227,valid,False,0.00044560916138612107,0.0035889671257082916,0.0011733853884746542,5.8419418557840145e-05,2.3836794173051766e-06,0.0004804806715846685,0.005041834218461987,0.07824876645440532,0.8977512856048298,0.013208868277173897
P04,7,B,beta,1799551287-β-9,P04-T07-Bβ,29,64,E4,9,9,R5,R,False,64,True,R5,True,0.9642105514545932,False,0.9657711982727051,valid,False,0.00027775892751973383,0.0028746028990800435,0.00026482387016181226,1.3722886193275638e-05,6.128365522450433e-07,0.00011161568774105753,0.0002451564239611895,0.002296324233420125,0.029704830780777236,0.9642105514545932
P04,8,A,alpha,1799551287-α-3,P04-T08-Aα,0,60,C4,7,7,L3,L,False,60,True,R2,False,0.0025985249701470743,False,0.5157480239868164,valid,False,0.0021314155773264226,0.03618978853692569,0.0025985249701470743,0.0002176088627819808,1.428121970980367e-05,0.016998827476121303,0.9297762491298434,0.011415179044367126,0.0006156626970564735,4.2462485720729846e-05
P04,8,A,alpha,1799551287-α-3,P04-T08-Aα,1,59,B3,6,6,L2,L,False,59,True,R2,False,0.25522323073790426,False,0.34857988357543945,valid,False,0.0012220851443205875,0.25522323073790426,0.015808670170970224,0.0013778971525833896,8.151255120966372e-05,0.003598649134141794,0.7066662819062813,0.015188803347310542,0.0008131177829223939,1.975207235590635e-05
P04,8,A,alpha,1799551287-α-3,P04-T08-Aα,2,64,E4,9,9,R3,R,False,64,True,R3,True,0.8475980804310572,False,0.4478621482849121,valid,False,0.00012848343820826827,0.0009032077645364772,5.515579629180249e-05,5.003620951640097e-06,3.159186952817623e-07,0.00031339157411858443,0.022602139023498016,0.8475980804310572,0.12710836185158894,0.001285860581053769
P04,8,A,alpha,1799551287-α-3,P04-T08-Aα,3,60,C4,7,7,L2,L,False,60,True,R2,False,0.03684639694028101,False,0.42775988578796387,valid,False,0.0007876423451213155,0.03684639694028101,0.002605515990090945,0.00022709899219413391,1.4499537450012113e-05,0.002088823356566938,0.8606007848645916,0.09161827242429552,0.005135743766623803,7.522178278503555e-05
P04,8,A,alpha,1799551287-α-3,P04-T08-Aα,4,59,B3,6,6,L1,L,False,59,True,R2,False,0.0007934321918027152,False,0.3321800231933594,valid,False,0.0007934321918027152,0.2251674075864772,0.014140993268893221,0.0014464002786784976,8.6664424002042e-05,0.003085641414211125,0.7417986931503473,0.01254193592566116,0.000924468011152333,1.436374877440541e-05
P04,8,A,alpha,1799551287-α-3,P04-T08-Aα,5,64,E4,9,9,R3,R,False,64,True,R4,False,0.17951487241152084,False,0.6137142181396484,valid,False,7.118103565692013e-05,0.0007150951253901077,4.737114737227361e-05,4.297413534583799e-06,2.8741426424750706e-07,0.00015315980875541817,0.007193624495999334,0.17951487241152084,0.7885990834208721,0.023701027726634297
P04,8,A,alpha,1799551287-α-3,P04-T08-Aα,6,65,F4,10,10,R2,R,False,65,True,R5,False,0.00021612880784282736,False,0.6322262287139893,valid,False,3.485081168855836e-05,0.00015077454990220085,9.93311934890046e-06,1.0160012328130385e-06,6.452591642576858e-08,4.49383619861481e-05,0.00021612880784282736,0.004702617570454588,0.07138725011428285,0.9234524261373447
P04,8,A,alpha,1799551287-α-3,P04-T08-Aα,7,64,E4,9,9,R1,R,False,64,True,R3,False,0.0001778200337974618,False,0.488706111907959,valid,False,6.559902487835561e-05,0.0007138588946878872,4.729231172678869e-05,4.122038157712346e-06,2.5575607278123887e-07,0.0001778200337974618,0.0517995062545803,0.7267572101888204,0.21831276802096586,0.002121567476312419
P04,8,A,alpha,1799551287-α-3,P04-T08-Aα,8,64,E4,9,9,R1,R,False,64,True,R3,False,0.0001629274977456376,False,0.3342869281768799,valid,False,6.569961985099366e-05,0.0006895485776754253,4.38863408701511e-05,4.67207421171437e-06,2.8227755243670485e-07,0.0001629274977456376,0.05386040062468271,0.7914350770680411,0.15211025207744677,0.0016272538419233107
P04,8,A,alpha,1799551287-α-3,P04-T08-Aα,9,62,D4,8,8,R2,R,False,62,True,R2,True,0.8176301962928836,False,0.6707990169525146,valid,False,0.0002592940773105289,0.005046522882477253,0.00030925476846163565,3.039157496197158e-05,1.8048810206663818e-06,0.0008007112022065783,0.8176301962928836,0.16507668963881977,0.010675283919815027,0.00016985076204314797
P04,8,A,alpha,1799551287-α-3,P04-T08-Aα,10,57,A3,5,5,L2,L,False,57,True,L2,True,0.8231161163175582,False,0.4130392074584961,valid,False,0.0015420262214233668,0.8231161163175582,0.14739223223285375,0.012846832460297615,0.0006290805720433134,0.0015661869886025009,0.012306929623038254,0.000567279744608939,3.249056198270139e-05,8.252775913948386e-07
P04,8,A,alpha,1799551287-α-3,P04-T08-Aα,11,59,B3,6,6,L1,L,False,59,True,R2,False,0.0007326530076736381,False,0.42380380630493164,valid,False,0.0007326530076736381,0.24388653154223763,0.01630189238842322,0.001539228317837022,7.713757500889342e-05,0.002657304442502102,0.7287138992448425,0.005761980189476387,0.00032226167420304225,7.111617795433766e-06
P04,8,A,alpha,1799551287-α-3,P04-T08-Aα,12,64,E4,9,9,R2,R,False,64,True,R3,False,0.05308842845522832,False,0.33798909187316895,valid,False,7.088162274310422e-05,0.0008649636078486315,5.9551889988618467e-05,5.40242557428372e-06,2.9206101853209987e-07,0.00013561052922160663,0.05308842845522832,0.8792706474992393,0.06593363967669119,0.0005705822324463885
P04,8,A,alpha,1799551287-α-3,P04-T08-Aα,13,65,F4,10,10,R3,R,False,65,True,R4,False,0.30964890666328276,False,0.46190881729125977,valid,False,1.8337332489103514e-05,0.00013699599944719807,9.807960731661565e-06,9.260698413840527e-07,4.646394063069304e-08,3.997186528146855e-05,0.008129009606323704,0.30964890666328276,0.6621148938209365,0.019901104217725795
P04,8,A,alpha,1799551287-α-3,P04-T08-Aα,14,67,G4,11,11,R4,R,False,67,True,R4,True,0.9317172131694752,False,0.4977710247039795,valid,False,5.277191165035562e-06,1.975872375535086e-05,1.3563328558081447e-06,1.3329169301326983e-07,7.055989661176717e-09,9.59489485675571e-06,0.0012177797811638192,0.06137664261239171,0.9317172131694752,0.005652236946653879
P04,8,A,alpha,1799551287-α-3,P04-T08-Aα,15,65,F4,10,10,R5,R,False,65,True,R4,False,0.01214963309110724,False,0.5113101005554199,valid,False,1.5038353597927482e-05,0.00012893447389193677,8.531094274656914e-06,8.383812234993745e-07,4.5559905146925784e-08,3.6280467385114645e-05,0.0051343967568211945,0.22051425905593597,0.7620120427658572,0.01214963309110724
P04,8,A,alpha,1799551287-α-3,P04-T08-Aα,16,60,C4,7,7,L1,L,False,60,True,R2,False,0.00047888170684347016,False,0.3887641429901123,valid,False,0.00047888170684347016,0.03568025699683624,0.0022789124404345848,0.0002330967511440212,1.313500736938898e-05,0.0006147984869478618,0.8486936877159966,0.1060274824979569,0.005927886307916882,5.186208855394841e-05
P04,8,A,alpha,1799551287-α-3,P04-T08-Aα,17,59,B3,6,6,L2,L,False,59,True,R2,False,0.23416911976479327,False,0.3386421203613281,valid,False,0.0006574731231562018,0.23416911976479327,0.017021266724284626,0.001425415779156705,6.598529516415249e-05,0.0009573287134842205,0.7310366139727202,0.013935834523514743,0.0007218060057525013,9.156097973265138e-06
P04,8,A,alpha,1799551287-α-3,P04-T08-Aα,18,60,C4,7,7,L1,L,False,60,True,R3,False,0.0012385326145597738,False,0.34430694580078125,valid,False,0.0012385326145597738,0.032496924060292594,0.0021544794186580418,0.0001804230559904235,9.89372072897887e-06,0.0003195986196190692,0.3212837228628402,0.6311535174757412,0.01108768673355009,7.522143801965468e-05
P04,8,A,alpha,1799551287-α-3,P04-T08-Aα,19,59,B3,6,6,L2,L,False,59,True,R3,False,0.1738006242666548,False,0.36684513092041016,valid,False,0.00043149142689838903,0.1738006242666548,0.01243464800492736,0.0010413175330361809,5.658506506038692e-05,0.00019554837628173614,0.18721172969969305,0.6021380693270756,0.02260774128017712,8.224502019542402e-05
P04,8,A,alpha,1799551287-α-3,P04-T08-Aα,20,60,C4,7,7,L4,L,False,60,True,R3,False,0.00019826147298166477,False,0.2925419807434082,valid,False,0.0009388986590519398,0.04104058798887567,0.002185471186162699,0.00019826147298166477,1.0501623427801518e-05,0.0001002097613131036,0.13527293459035453,0.7819817878974219,0.038103595823810545,0.00016775099660009565
P04,8,A,alpha,1799551287-α-3,P04-T08-Aα,21,59,B3,6,6,L3,L,False,59,True,R3,False,0.01147997286572015,False,0.3468289375305176,valid,False,0.00044881073657422155,0.1555128182908692,0.01147997286572015,0.0011742199176860806,6.012768414667047e-05,0.00011102350158036466,0.15699979852923604,0.6523648734648958,0.02177154903477793,7.680597451343408e-05
P04,8,A,alpha,1799551287-α-3,P04-T08-Aα,22,64,E4,9,9,R4,R,False,64,True,R4,True,0.6717702857389297,False,0.5131080150604248,valid,False,0.00010247578551044639,0.0004988995492924903,5.3392576762654393e-05,5.2470799631221595e-06,3.221959604982957e-07,3.0648839012513235e-05,0.006038460432232641,0.31416440930295103,0.6717702857389297,0.007335858499384903
P04,8,A,alpha,1799551287-α-3,P04-T08-Aα,23,62,D4,8,8,R2,R,False,62,True,R4,False,0.0056792087414093756,False,0.6528236865997314,valid,False,0.00011064368999473036,0.004559271408247513,0.0006531274983310437,4.851011633122301e-05,2.6610866239672613e-06,1.6995527135792416e-05,0.0056792087414093756,0.41834233018855843,0.5634153392906228,0.007171912452745209
P04,8,A,alpha,1799551287-α-3,P04-T08-Aα,24,64,E4,9,9,R1,R,False,64,True,R4,False,2.7517295609288415e-05,False,0.514923095703125,valid,False,0.00018918397542956952,0.0006157271497698797,6.58105878576859e-05,5.295094018984964e-06,2.8507909896042675e-07,2.7517295609288415e-05,0.005496584184177555,0.2396130800861645,0.734379155666064,0.01960736088180953
P04,8,A,alpha,1799551287-α-3,P04-T08-Aα,25,65,F4,10,10,R2,R,False,65,True,R4,False,0.004676499969144998,False,0.39879608154296875,valid,False,1.4498893387703955e-05,8.803762139716159e-05,8.003821868877553e-06,8.868487420411498e-07,5.430055044574503e-08,1.2809781831752787e-05,0.004676499969144998,0.11354098604087233,0.8731993516957247,0.008458871026480026
P04,8,A,alpha,1799551287-α-3,P04-T08-Aα,26,64,E4,9,9,R1,R,False,64,True,R4,False,2.095999814314575e-05,False,0.4588038921356201,valid,False,0.00021390081888179454,0.0008605442975951259,7.838137304329663e-05,7.110597738501797e-06,3.7777373548330935e-07,2.095999814314575e-05,0.010501006544451462,0.16301317592116998,0.8074095459411801,0.017894996734061194
P04,8,A,alpha,1799551287-α-3,P04-T08-Aα,27,65,F4,10,10,R2,R,False,65,True,R4,False,0.010325751885099122,False,0.3564629554748535,valid,False,1.3272414051320539e-05,0.00011263893435173983,1.1569733319824219e-05,1.0924168023794977e-06,7.272627011816201e-08,1.5266129914098128e-05,0.010325751885099122,0.20046450781085148,0.781048472580314,0.008007355369025915
P04,8,A,alpha,1799551287-α-3,P04-T08-Aα,28,60,C4,7,7,L4,L,False,60,True,R2,False,0.0002803772665453559,False,0.38733983039855957,valid,False,0.0015780079318405626,0.02838836472942885,0.003216779802428316,0.0002803772665453559,1.5097866698479564e-05,0.0003295500615411845,0.8030209456102482,0.15577003698994796,0.007331260135776426,6.957960554479697e-05
P04,8,A,alpha,1799551287-α-3,P04-T08-Aα,29,64,E4,9,9,R2,R,False,64,True,R4,False,0.014457644653261588,False,0.5992209911346436,valid,False,0.0003038725854433555,0.0007188426399411337,7.683185113629871e-05,6.181860528265203e-06,3.448602659500161e-07,2.661530579220613e-05,0.014457644653261588,0.19516863964828918,0.7604147465181482,0.028826280077193723
P04,9,C,beta,1799551287-β-3,P04-T09-Cβ,0,62,D4,8,8,R3,R,False,62,True,R3,True,0.8345600583036383,False,0.9759039878845215,valid,False,0.0019801987893091227,0.0020686675610789465,9.13465018989184e-05,1.1411937865830087e-05,1.4710286816024305e-06,0.0004084101387271726,0.07446249047222482,0.8345600583036383,0.08524262760044278,0.0011733176661324104
P04,9,C,beta,1799551287-β-3,P04-T09-Cβ,1,64,E4,9,9,R3,R,False,64,True,R3,True,0.7763507789406852,False,0.830176830291748,valid,False,0.0009428531496544264,0.0003056252663574023,1.349554635985729e-05,1.619892407225534e-06,1.7790850540347455e-07,0.00020389472825489357,0.051141916911464275,0.7763507789406852,0.16944029883741485,0.0015993388188966443
P04,9,C,beta,1799551287-β-3,P04-T09-Cβ,2,60,C4,7,7,L4,L,False,60,True,L4,True,0.4958652005876371,False,1.0461211204528809,valid,False,0.00044719259407347846,0.017938794582908583,0.4732113855507757,0.4958652005876371,0.004567161194429493,0.0012250782159133296,0.0065505053056541555,0.00017898418886121153,1.5337946473891295e-05,3.598332728459465e-07
P04,9,C,beta,1799551287-β-3,P04-T09-Cβ,3,57,A3,5,5,L4,L,False,57,True,L4,True,0.6424414558877272,False,1.3016600608825684,valid,False,0.00021032796893972967,0.02277844420189094,0.3239489632761229,0.6424414558877272,0.007870286106807314,0.0008251655346371809,0.0018687610914753156,5.314536911315459e-05,3.345791181258635e-06,1.0477210502232627e-07
P04,9,C,beta,1799551287-β-3,P04-T09-Cβ,4,60,C4,7,7,R3,R,False,60,True,R3,True,0.8565169834335086,False,0.8636701107025146,valid,False,0.004634487068599764,0.001075595160921368,2.9389263642666447e-05,4.1397252687382715e-06,4.774143176815669e-07,0.00044689458397007703,0.07890596103077438,0.8565169834335086,0.05787508491094713,0.0005109874080498142
P04,9,C,beta,1799551287-β-3,P04-T09-Cβ,5,65,F4,10,10,R2,R,False,65,True,R2,True,0.9003362104895304,False,0.8636999130249023,valid,False,0.0001013557947452756,1.6289545794611735e-05,8.11008730157785e-07,1.1889952618962574e-07,6.6718301480558275e-09,0.001588916248004453,0.9003362104895304,0.09209017506719479,0.005727837634386334,0.0001382786402576948
P04,9,C,beta,1799551287-β-3,P04-T09-Cβ,6,64,E4,9,9,R4,R,False,64,True,R4,True,0.7351908137083023,False,0.8870339393615723,valid,False,0.0005585393931023941,0.00010229751230211207,6.738823501333576e-06,9.120005872345216e-07,5.5456146602832684e-08,7.549645463514996e-05,0.00672506694528398,0.23047216040939064,0.7351908137083023,0.026867919296748127
P04,9,C,beta,1799551287-β-3,P04-T09-Cβ,7,59,B3,6,6,L5,L,False,59,True,L5,True,0.8758802481857184,False,0.9751298427581787,valid,False,0.00025270064168962685,0.0012717572658952848,0.008291843304956114,0.11371113780418349,0.8758802481857184,0.0004132941976892064,0.00017468505338594497,3.90783947597908e-06,4.0929263529193013e-07,1.64143706830881e-08
P04,9,C,beta,1799551287-β-3,P04-T09-Cβ,8,52,E3,2,2,L3,L,False,52,True,L3,True,0.8507791571455493,False,1.1517891883850098,valid,False,0.0001792750384220986,0.0612867272005778,0.8507791571455493,0.0861723275527692,0.0015593668095474809,1.7955334252127905e-05,5.006076578321546e-06,1.74454357014535e-07,9.95899463790615e-09,4.289520660354251e-10
P04,9,C,beta,1799551287-β-3,P04-T09-Cβ,9,57,A3,5,5,L2,L,False,57,True,L2,True,0.9468973598590888,False,0.6178319454193115,valid,False,0.00490989175927833,0.9468973598590888,0.04351869878206623,0.002166668431543209,5.444865534824447e-05,0.0003998363656974464,0.0019791751936735734,6.947354146724267e-05,4.284119043128716e-06,1.6329279358149838e-07
P04,9,C,beta,1799551287-β-3,P04-T09-Cβ,10,60,C4,7,7,R5,R,False,60,True,R5,True,0.9556898437298678,False,0.9645950794219971,valid,False,0.00028987162046806194,0.00015605190997515183,4.6190483921352275e-06,5.118051504770436e-07,5.4486010853384495e-08,3.41067879125315e-05,0.00038568742737347586,0.0028934033214918324,0.040545849863357755,0.9556898437298678
P04,9,C,beta,1799551287-β-3,P04-T09-Cβ,11,64,E4,9,9,R4,R,False,64,True,R4,True,0.7709711669048556,False,0.7765820026397705,valid,False,3.124103149243137e-05,8.292954134583643e-06,3.5183472490640194e-07,4.395478684138667e-08,3.562471642646914e-09,4.6327488013322046e-05,0.005292260930745837,0.19787805870658984,0.7709711669048556,0.025772252632185008
P04,9,C,beta,1799551287-β-3,P04-T09-Cβ,12,60,C4,7,7,L3,L,False,60,True,L3,True,0.8820198797964508,False,0.7911009788513184,valid,False,0.0003761431820347658,0.05739111944959353,0.8820198797964508,0.04219132348174935,0.0002642170043748359,0.0010224631766238665,0.01615475761103652,0.000539137086896754,3.9585247147745765e-05,1.3739640917753991e-06
P04,9,C,beta,1799551287-β-3,P04-T09-Cβ,13,59,B3,6,6,L4,L,False,59,True,L4,True,0.6989148299115029,False,1.5481491088867188,valid,False,0.0001818382475522068,0.015929919295581792,0.2669205167025628,0.6989148299115029,0.012573889753185508,0.0006086032064396665,0.004714248892953731,0.00014502684728690947,1.0768771125516227e-05,3.5837180896513183e-07
P04,9,C,beta,1799551287-β-3,P04-T09-Cβ,14,62,D4,8,8,R4,R,False,62,True,R4,True,0.7441695189796524,False,0.8737390041351318,valid,False,0.0002042915129719634,0.0002496410624418624,1.2428896643219193e-05,1.4333640097488226e-06,8.374524683912221e-08,4.913579339223418e-05,0.005794420536436404,0.2153509142640062,0.7441695189796524,0.03416813184519898
P04,9,C,beta,1799551287-β-3,P04-T09-Cβ,15,57,A3,5,5,L1,L,False,57,True,L1,True,0.906931610744488,False,0.7930917739868164,valid,False,0.906931610744488,0.08563268511027655,0.0015069188141038552,0.00020393928452132576,1.5765473456113337e-05,0.0003928144525396935,0.005097629799928862,0.00020393928452132576,1.438006496746849e-05,3.1697119678619894e-07
P04,9,C,beta,1799551287-β-3,P04-T09-Cβ,16,60,C4,7,7,L2,L,False,60,True,L2,True,0.8832913699060733,False,0.8095297813415527,valid,False,0.0030151667137211925,0.8832913699060733,0.051606886527458574,0.003266291107858172,5.1533018929730494e-05,0.0009452130978088124,0.05590507277816493,0.0017925785668630129,0.00012182251278233466,4.065770340181748e-06
P04,9,C,beta,1799551287-β-3,P04-T09-Cβ,17,64,E4,9,9,R2,R,False,64,True,R2,True,0.8805001828795147,False,1.5621540546417236,valid,False,0.00011046568280747745,0.0009922948740960194,9.637486341113448e-05,8.070741928055704e-06,2.044976218958925e-07,0.000866173136861712,0.8805001828795147,0.11000107468802839,0.007202973169223914,0.00022218546650663816
P04,9,C,beta,1799551287-β-3,P04-T09-Cβ,18,60,C4,7,7,R1,R,False,60,True,R1,True,0.8330002058162461,False,1.175522804260254,valid,False,0.000701275556894851,0.05165280080103465,0.004075664860132688,0.0003552384194828422,9.648926404127313e-06,0.8330002058162461,0.10831394292374993,0.0016905161377241418,0.00018731452732232906,1.3392031008182844e-05
P04,9,C,beta,1799551287-β-3,P04-T09-Cβ,19,57,A3,5,5,L5,L,False,57,True,L5,True,0.6956413588378182,False,1.1668457984924316,valid,False,0.00015246186060013223,0.0033025472129028137,0.03324092472022239,0.26635612748906073,0.6956413588378182,0.00042927990020441006,0.0008293939736176518,4.526750822830851e-05,2.5307121068003867e-06,1.0778523862931178e-07
P04,9,C,beta,1799551287-β-3,P04-T09-Cβ,20,62,D4,8,8,R3,R,False,62,True,R3,True,0.8282036309568532,False,1.125277042388916,valid,False,0.000159324096162106,0.0030973786735542645,0.00041447569429307586,4.4124462515993264e-05,2.42699355658234e-06,0.0003533021425545955,0.05651393156496493,0.8282036309568532,0.11009452713407432,0.0011168782814707113
P04,9,C,beta,1799551287-β-3,P04-T09-Cβ,21,65,F4,10,10,R2,R,False,65,True,R2,True,0.9445350244008839,False,0.961381196975708,valid,False,1.3228878900608108e-05,7.668784747634792e-05,1.0574527548976358e-05,9.984492513697962e-07,6.241532763265334e-08,0.003024322797134287,0.9445350244008839,0.04894478219616798,0.0032806553760516785,0.00011366311125714863
P04,9,C,beta,1799551287-β-3,P04-T09-Cβ,22,62,D4,8,8,R3,R,False,62,True,R3,True,0.8307637444016217,False,0.6850709915161133,valid,False,0.000143447306787978,0.002989134035576055,0.000399454845246856,4.426085847648895e-05,2.5215888566612464e-06,0.00010150932592490918,0.0331952755826194,0.8307637444016217,0.13023595974562194,0.0021246923092680834
P04,9,C,beta,1799551287-β-3,P04-T09-Cβ,23,64,E4,9,9,R4,R,False,64,True,R4,True,0.7542087901639595,False,0.7402958869934082,valid,False,3.366811364666235e-05,0.00042504179441230056,7.620480501844438e-05,7.48891942944377e-06,4.6562866943312586e-07,2.0807188376429346e-05,0.0014858457629610654,0.23643403321658993,0.7542087901639595,0.0073076544069367875
P04,9,C,beta,1799551287-β-3,P04-T09-Cβ,24,59,B3,6,6,L3,L,False,59,True,L3,True,0.8281574447003829,False,0.9212620258331299,valid,False,0.00023673907041135402,0.07614000864422747,0.8281574447003829,0.019282602931941843,0.0001472929199841212,0.00018622554858856754,0.06977947496218469,0.00580780839370214,0.000253404553220996,8.99827535581381e-06
P04,9,C,beta,1799551287-β-3,P04-T09-Cβ,25,60,C4,7,7,L5,L,False,60,True,L5,True,0.916222700949468,False,0.8142120838165283,valid,False,0.00012744111112404234,0.001343106907432165,0.005998694895113658,0.07073989952672324,0.916222700949468,0.000249202155537252,0.0048090403802534265,0.00047723772281003913,3.1143411177459285e-05,1.5329403606677722e-06
P04,9,C,beta,1799551287-β-3,P04-T09-Cβ,26,60,C4,7,7,R5,R,False,60,True,R5,True,0.9409605755239889,False,0.7454390525817871,valid,False,0.0003530249997146474,0.0018309780860860012,0.00015991725437889727,2.1642446915789502e-05,1.4838744241630529e-06,7.209845748292769e-05,0.0007390686591129986,0.005111737255621755,0.050749473442273846,0.9409605755239889
P04,9,C,beta,1799551287-β-3,P04-T09-Cβ,27,64,E4,9,9,R3,R,False,64,True,R3,True,0.8168287101498443,False,0.5294249057769775,valid,False,7.495634439555487e-05,7.929576280659176e-05,5.889580040880663e-06,7.357864842677569e-07,3.968367816232552e-08,0.0007017329905440245,0.0854556259307268,0.8168287101498443,0.09420086986539528,0.002652143906083994
P04,9,C,beta,1799551287-β-3,P04-T09-Cβ,28,59,B3,6,6,L3,L,False,59,True,L3,True,0.79807856817363,False,1.0966849327087402,valid,False,0.0003471226221356553,0.07938485214966289,0.79807856817363,0.11700387442127545,0.0011644815447929393,0.0014452552098763321,0.0025148346326418583,5.625879182281498e-05,4.5253613494045025e-06,2.2709281263595735e-07
P04,9,C,beta,1799551287-β-3,P04-T09-Cβ,29,55,G3,4,4,L4,L,False,55,True,L4,True,0.7296276384539991,False,1.104344129562378,valid,False,0.00025844281624377255,0.014429437235681972,0.24133571798459927,0.7296276384539991,0.013886518643579754,0.00022926010443446578,0.0002232558155738337,9.209997682861101e-06,4.96617209604326e-07,2.2330995301456126e-08
P04,10,C,alpha,1799551287-α-9,P04-T10-Cα,0,60,C4,7,7,L4,L,False,60,True,L4,True,0.8462897454627214,False,1.5553348064422607,valid,False,0.00022116610902150137,0.008379231108340298,0.1073308660858731,0.8462897454627214,0.009975590185203106,0.0007599141472791765,0.026386075159899523,0.0006070535868803276,4.495628955831807e-05,5.401865223042672e-06
P04,10,C,alpha,1799551287-α-9,P04-T10-Cα,1,59,B3,6,6,L5,L,False,59,True,L5,True,0.8824679828962636,False,0.7618062496185303,valid,False,0.00014702294345919666,0.0014817248929302638,0.010243212659319796,0.10306246142357776,0.8824679828962636,0.00037421713069184264,0.002164029856240856,5.3009852215085014e-05,5.590676280010179e-06,7.476690215340703e-07
P04,10,C,alpha,1799551287-α-9,P04-T10-Cα,2,60,C4,7,7,L4,L,False,60,True,L4,True,0.8303551721656479,False,1.1256749629974365,valid,False,0.00025510404725737567,0.009934713785862496,0.12173584928042952,0.8303551721656479,0.016104812490263402,0.0007639795292623,0.020361815274159617,0.0004501151973365966,3.473947577348163e-05,3.698754007373856e-06
P04,10,C,alpha,1799551287-α-9,P04-T10-Cα,3,65,F4,10,10,R4,R,False,65,True,R4,True,0.5810855615784515,False,0.7613751888275146,valid,False,6.396247746153186e-06,0.00023824836837115247,6.98367669774925e-05,1.200607768493356e-05,1.8148765671739978e-07,0.00015438848268302716,0.011330967450850446,0.37424026542207334,0.5810855615784515,0.03286214811750517
P04,10,C,alpha,1799551287-α-9,P04-T10-Cα,4,64,E4,9,9,R5,R,False,64,True,R5,True,0.9449189579275852,False,2.3007402420043945,valid,False,2.149923451566208e-05,0.00039527339654044243,0.00034304928013979927,7.4226855004133e-05,1.2977290312528267e-06,0.00010222255594600098,0.0003675587296050623,0.004811237075844642,0.04896467721578794,0.9449189579275852
P04,10,C,alpha,1799551287-α-9,P04-T10-Cα,5,59,B3,6,6,L3,L,False,59,True,L3,True,0.7886074076637946,False,0.6853737831115723,valid,False,0.0001921015030045869,0.0609630909611131,0.7886074076637946,0.07369992072834324,0.0004435418808650708,0.001659291934781646,0.06839316875202242,0.0056339962057949805,0.00038966899476838536,1.781137551183639e-05
P04,10,C,alpha,1799551287-α-9,P04-T10-Cα,6,57,A3,5,5,L4,L,False,57,True,L4,True,0.62311912993321,False,0.8697929382324219,valid,False,0.00016733728437478553,0.015100648958836433,0.3468890683973012,0.62311912993321,0.0051146832614204114,0.0005051916482779063,0.00867645676771987,0.00039536338843299104,3.057226688971613e-05,1.548093536724929e-06
P04,10,C,alpha,1799551287-α-9,P04-T10-Cα,7,62,D4,8,8,R5,R,False,62,True,R5,True,0.9253258360850831,False,1.0097122192382812,valid,False,9.408857572423106e-05,0.0017730460019926945,0.0006677221402683251,6.770497431361179e-05,1.5286347858665246e-06,3.4097549337578216e-05,0.0009076964465650216,0.00809522562812318,0.06303305396380643,0.9253258360850831
P04,10,C,alpha,1799551287-α-9,P04-T10-Cα,8,64,E4,9,9,R4,R,False,64,True,R4,True,0.6925754753422884,False,0.48091697692871094,valid,False,4.258684381128734e-05,0.0009263103731748454,0.00012395506616498818,9.4132628535751e-06,2.789137036660127e-07,0.0004191500467839608,0.008231291146790236,0.26296458565929665,0.6925754753422884,0.03470695334513254
P04,10,C,alpha,1799551287-α-9,P04-T10-Cα,9,62,D4,8,8,R3,R,False,62,True,R3,True,0.8500355121799522,False,0.43129706382751465,valid,False,9.575626617768822e-05,0.0054303900572288824,0.0007721735024857292,6.193746595635163e-05,1.7817062783546202e-06,0.0010728391081022187,0.06409623993132788,0.8500355121799522,0.07738630540822235,0.0010470643742684091
P04,10,C,alpha,1799551287-α-9,P04-T10-Cα,10,64,E4,9,9,R1,R,False,64,True,R1,True,0.8955840804109473,False,1.0492510795593262,valid,False,8.289928026877202e-05,0.00170696847989496,0.0002462776458311781,1.8219661820375273e-05,5.983419458785854e-07,0.8955840804109473,0.09923354468855934,0.0028220853831651353,0.00027733644948529625,2.7989658081678163e-05
P04,10,C,alpha,1799551287-α-9,P04-T10-Cα,11,59,B3,6,6,L1,L,False,59,True,L1,True,0.6188043745944108,False,0.6488211154937744,valid,False,0.6188043745944108,0.3534666675176248,0.012778820961428156,0.0009491287581656028,3.7171579120229535e-05,0.010647436916159556,0.0031512184518415424,0.00014482765758538934,1.883175361537024e-05,1.5218100482357962e-06
P04,10,C,alpha,1799551287-α-9,P04-T10-Cα,12,64,E4,9,9,R1,R,False,64,True,R1,True,0.5280735216287435,False,0.9627902507781982,valid,False,0.0053656953890642714,0.0015987714963144207,5.335623275137566e-05,7.515674691654514e-06,5.809972812946287e-07,0.5280735216287435,0.4499945715734481,0.012797316743311842,0.001876175731156816,0.00023249453323667438
P04,10,C,alpha,1799551287-α-9,P04-T10-Cα,13,65,F4,10,10,R2,R,False,65,True,R2,True,0.8646962400256222,False,0.6072030067443848,valid,False,0.0006032559663740817,0.00013565753116265736,4.90440390029286e-06,6.377133167822052e-07,4.9298262431084144e-08,0.03851733656917137,0.8646962400256222,0.08497679996592754,0.01019990368560258,0.0008652148406598503
P04,10,C,alpha,1799551287-α-9,P04-T10-Cα,14,64,E4,9,9,R3,R,False,64,True,R3,True,0.6930342686786599,False,0.61114501953125,valid,False,0.002038162473179516,0.0007416183269797809,2.6811602601017396e-05,3.628555832036191e-06,2.8050456677957916e-07,0.0054338995418932,0.13992120569719388,0.6930342686786599,0.15776071889277632,0.0010394057263176386
P04,10,C,alpha,1799551287-α-9,P04-T10-Cα,15,62,D4,8,8,R1,R,False,62,True,R1,True,0.903150076927737,False,0.595012903213501,valid,False,0.015573607232465278,0.010235772962491676,0.0003700521777855791,4.441796553381417e-05,3.4337192966109364e-06,0.903150076927737,0.06708018787797393,0.003208773374392949,0.0003153376648934014,1.834009742991408e-05
P04,10,C,alpha,1799551287-α-9,P04-T10-Cα,16,57,A3,5,5,L2,L,False,57,True,L2,True,0.9057970888760033,False,0.7235860824584961,valid,False,0.008404903766543253,0.9057970888760033,0.07288007756583452,0.008404903766543253,0.0007624756672952777,0.002487867864555305,0.001137480031821604,0.00011178424128047224,1.2891531155818445e-05,5.266889673152607e-07
P04,10,C,alpha,1799551287-α-9,P04-T10-Cα,17,59,B3,6,6,L1,L,False,59,True,L1,True,0.713776001167125,False,0.6345672607421875,valid,False,0.713776001167125,0.2423951363090925,0.005874195939266465,0.0007338645451886106,8.463301749941929e-05,0.019030028922107083,0.016619375097007526,0.0013371883847281972,0.00014235507551147288,7.221542473603463e-06
P04,10,C,alpha,1799551287-α-9,P04-T10-Cα,18,64,E4,9,9,R2,R,False,64,True,R2,True,0.9159102890805751,False,0.5205790996551514,valid,False,0.00037221546146344906,0.00012744357290354576,4.253208763218537e-06,6.489975749856212e-07,5.6499071511892326e-08,0.01921363718662221,0.9159102890805751,0.057969581854699345,0.006171354983741964,0.00023051915458474916
P04,10,C,alpha,1799551287-α-9,P04-T10-Cα,19,65,F4,10,10,R1,R,False,65,True,R1,True,0.8637089904802453,False,0.5671701431274414,valid,False,9.426847070759169e-05,2.331253443428803e-05,9.130096530759801e-07,1.1871746820902846e-07,8.803899903650517e-09,0.8637089904802453,0.13179344620055206,0.003748050714975804,0.0005279445052434854,0.00010294656282028892
P04,10,C,alpha,1799551287-α-9,P04-T10-Cα,20,60,C4,7,7,L2,L,False,60,True,L2,True,0.9339922660639571,False,0.7473011016845703,valid,False,0.005809346916511841,0.9339922660639571,0.01928771100755835,0.001749741666243365,7.360792238127896e-05,0.011367399015290451,0.027026389719235176,0.0005942044408907671,9.059909724405122e-05,8.7341506875864e-06
P04,10,C,alpha,1799551287-α-9,P04-T10-Cα,21,59,B3,6,6,L3,L,False,59,True,L3,True,0.8405886495295014,False,0.6984982490539551,valid,False,0.0008031388083552793,0.11913227864005353,0.8405886495295014,0.03426424599402093,0.0004282784432717108,0.0021260581812491517,0.002477204360611274,0.00016107300326502876,1.7847397488671715e-05,1.225642182932503e-06
P04,10,C,alpha,1799551287-α-9,P04-T10-Cα,22,57,A3,5,5,L2,L,False,57,True,L2,True,0.9321104126002493,False,0.9971880912780762,valid,False,0.005217859488088221,0.9321104126002493,0.05668169256383892,0.004209952125961115,0.00024260428548099626,0.000986902793784546,0.0005150547881896861,3.198306535635662e-05,3.271362468306122e-06,2.669265825257594e-07
P04,10,C,alpha,1799551287-α-9,P04-T10-Cα,23,59,B3,6,6,L1,L,False,59,True,L1,True,0.7851211210003697,False,0.5743198394775391,valid,False,0.7851211210003697,0.19360848476512182,0.004507929693648298,0.0004994928477315795,4.716222616777238e-05,0.008313972194069772,0.0073449492273937175,0.0004994928477315795,5.317526151763786e-05,4.21993624809368e-06
P04,10,C,alpha,1799551287-α-9,P04-T10-Cα,24,60,C4,7,7,L2,L,False,60,True,L2,True,0.9098394984334148,False,0.521453857421875,valid,False,0.0046516825327406145,0.9098394984334148,0.04198149765306594,0.0032453687794912625,7.258333199980004e-05,0.00903035028234431,0.029007994690356528,0.001929438425148505,0.00022251271991574026,1.9073151522608363e-05
P04,10,C,alpha,1799551287-α-9,P04-T10-Cα,25,59,B3,6,6,L3,L,False,59,True,L3,True,0.8466159778615907,False,0.7589261531829834,valid,False,0.00045588155313852256,0.08552993596833579,0.8466159778615907,0.060127982353987766,0.0003976612984014377,0.0032205274219966546,0.0034016806050626218,0.00022340862189437795,2.475438091127355e-05,2.189934680788079e-06
P04,10,C,alpha,1799551287-α-9,P04-T10-Cα,26,60,C4,7,7,L4,L,False,60,True,L4,True,0.735319931476952,False,1.2640571594238281,valid,False,0.00023426067066363522,0.012985399851518968,0.19941272360271156,0.735319931476952,0.020528385125298237,0.002695190230648847,0.02677380097356538,0.0018226758806946524,0.00021012063664760803,1.7511551299100588e-05
P04,10,C,alpha,1799551287-α-9,P04-T10-Cα,27,64,E4,9,9,R2,R,False,64,True,R2,True,0.8844330832766152,False,0.5713849067687988,valid,False,0.0001882395084528949,0.0005527134200326668,3.561269355575623e-05,2.645082180236561e-06,1.0698807039084177e-07,0.014213886855537275,0.8844330832766152,0.09046353631592548,0.009624086229382106,0.0004860896302480607
P04,10,C,alpha,1799551287-α-9,P04-T10-Cα,28,59,B3,6,6,L4,L,False,59,True,L4,True,0.8080272635866064,False,0.8583738803863525,valid,False,0.0002640862703345842,0.008308621000154464,0.15828681047392576,0.8080272635866064,0.0182780369005027,0.0025886900500746986,0.004106483997284254,0.00012676704097502352,1.2234668970216102e-05,1.0060111717308301e-06
P04,10,C,alpha,1799551287-α-9,P04-T10-Cα,29,57,A3,5,5,L4,L,False,57,True,L4,True,0.6813285746543901,False,1.0632319450378418,valid,False,0.0002367197274082912,0.014838010800834092,0.28945715685039364,0.6813285746543901,0.012819084856294493,0.0009889096219224025,0.0003154789517877772,1.44659839257326e-05,1.4619643203511651e-06,1.3658872297725786e-07
P04,11,A,beta,1799551287-β-2,P04-T11-Aβ,0,57,A3,5,5,L1,L,False,57,True,L2,False,0.0013611632362741427,False,1.716559886932373,valid,False,0.0013611632362741427,0.899703698275392,0.08050663915182052,0.009284437904551327,0.0005002772014928308,0.0038504838342410495,0.004703654007008868,7.95268685657119e-05,8.811828211747096e-06,1.3076924418908838e-06
P04,11,A,beta,1799551287-β-2,P04-T11-Aβ,1,60,C4,7,7,R5,R,False,60,True,R2,False,3.81505174274412e-05,False,0.4164869785308838,valid,False,0.0008998950637800125,0.019314312985685457,0.0014063492713614226,9.264291288868439e-05,6.3311774775699185e-06,0.01893471817532569,0.9543182177837354,0.004669244015125269,0.0003201380971929735,3.81505174274412e-05
P04,11,A,beta,1799551287-β-2,P04-T11-Aβ,2,60,C4,7,7,R5,R,False,60,True,R2,False,6.1247664160299e-05,False,0.3371601104736328,valid,False,0.001134797523623204,0.02777923722986063,0.002192551651525563,0.00012810129040194708,8.780671004191459e-06,0.015465074879428912,0.9206371671048598,0.03072467271330032,0.0018683692718351175,6.1247664160299e-05
P04,11,A,beta,1799551287-β-2,P04-T11-Aβ,3,60,C4,7,7,L2,L,False,60,True,R2,False,0.035156675571547676,False,0.2986321449279785,valid,False,0.0013462287880526304,0.035156675571547676,0.0028887074467550157,0.0001621569074207888,1.0670582473586471e-05,0.011808068786516652,0.8807811214978859,0.06285365903138665,0.004816214630710968,0.0001764967572498815
P04,11,A,beta,1799551287-β-2,P04-T11-Aβ,4,64,E4,9,9,R3,R,False,64,True,R3,True,0.8035943688925883,False,0.31204986572265625,valid,False,0.00010156548249315648,0.00039795179042849085,2.9869858784507203e-05,1.8905161831242065e-06,1.245372893024479e-07,0.0008923954499413787,0.06424818007048512,0.8035943688925883,0.12919321573227568,0.0015404376695311321
P04,11,A,beta,1799551287-β-2,P04-T11-Aβ,5,59,B3,6,6,L5,L,False,59,True,R2,False,7.042316344268757e-05,False,0.3547029495239258,valid,False,0.0017181682079546235,0.1998002207922975,0.015597170687794147,0.0009871725142376454,7.042316344268757e-05,0.015597170687794147,0.7360932820075486,0.028419897943129484,0.0016604514639704865,5.6042531830615364e-05
P04,11,A,beta,1799551287-β-2,P04-T11-Aβ,6,57,A3,5,5,L4,L,False,57,True,L2,False,0.0046947428986155405,False,0.41379404067993164,valid,False,0.0015943136824231896,0.7547928573524468,0.08363343250398164,0.0046947428986155405,0.00025281744554505345,0.0050690872588334,0.14381440722328082,0.005712335421965531,0.00042187732384570446,1.4128889062278642e-05
P04,11,A,beta,1799551287-β-2,P04-T11-Aβ,7,60,C4,7,7,R3,R,False,60,True,R3,True,0.7602243391114841,False,0.5492029190063477,valid,False,0.0006637243269204312,0.019241242569869532,0.0011660402100115764,8.660597873935316e-05,5.054599725766804e-06,0.0011203191194060808,0.16903589050669407,0.7602243391114841,0.048322755204555576,0.000134028372593311
P04,11,A,beta,1799551287-β-2,P04-T11-Aβ,8,60,C4,7,7,R3,R,False,60,True,R2,False,0.17065299709414775,False,0.32668495178222656,valid,False,0.0009499723160014713,0.02640890099187918,0.0014617469156208405,0.00010022197911025192,7.435856263477241e-06,0.009935103135715323,0.780263932940384,0.17065299709414775,0.010036686627704546,0.00018300214317329942
P04,11,A,beta,1799551287-β-2,P04-T11-Aβ,9,65,F4,10,10,R1,R,False,65,True,R4,False,0.0003017718836955523,False,0.44553589820861816,valid,False,2.682366005565323e-05,6.89897152857135e-05,3.7464898157569015e-06,2.568711587751728e-07,1.9075279438053693e-08,0.0003017718836955523,0.005968658442060606,0.42541453647902366,0.540807868033333,0.027407329350291897
P04,11,A,beta,1799551287-β-2,P04-T11-Aβ,10,60,C4,7,7,L5,L,False,60,True,R2,False,1.157289905485912e-05,False,0.3237459659576416,valid,False,0.001557947456762074,0.042779108219700074,0.002565057725940573,0.00016897254778588293,1.157289905485912e-05,0.01535186257186702,0.8472374380210154,0.07999634799820765,0.010133488386570898,0.00019820417309546635
P04,11,A,beta,1799551287-β-2,P04-T11-Aβ,11,57,A3,5,5,L4,L,False,57,True,L2,False,0.005553913110110675,False,0.5509040355682373,valid,False,0.0014254716539735452,0.857913041571288,0.06632074500159024,0.005553913110110675,0.0002877977634373412,0.004432081178224052,0.059291074983109725,0.004547159463170588,0.00022281227183234192,5.9030032634068195e-06
P04,11,A,beta,1799551287-β-2,P04-T11-Aβ,12,52,E3,2,2,L3,L,False,52,True,L4,False,0.3764135215407676,False,0.676563024520874,valid,False,0.00010768258022975482,0.008731005429513824,0.3764135215407676,0.5844599920416221,0.03004184661687961,0.00010833594382221041,0.00013207863317241252,5.146798552350966e-06,3.7684129147470935e-07,1.35741485801872e-08
P04,11,A,beta,1799551287-β-2,P04-T11-Aβ,13,55,G3,4,4,L4,L,False,55,True,L2,False,0.014287773920441556,False,0.5128622055053711,valid,False,0.0008034330038730219,0.811921938730052,0.16392421231306742,0.014287773920441556,0.0005681242489223546,0.001985926686176061,0.006167171280254286,0.0003193351462212356,2.1259100850708153e-05,8.255701412359652e-07
P04,11,A,beta,1799551287-β-2,P04-T11-Aβ,14,60,C4,7,7,R2,R,False,60,True,R3,False,0.3283708533229282,False,0.4351639747619629,valid,False,0.0006853612724212121,0.0052791146592703455,0.000542133394109167,7.33697764437903e-05,2.361325984223278e-06,0.004163611892981326,0.3283708533229282,0.6440374050341736,0.01673599863801975,0.00010979068366835374
P04,11,A,beta,1799551287-β-2,P04-T11-Aβ,15,57,A3,5,5,L5,L,False,57,True,L2,False,8.848409109739704e-05,False,0.42012691497802734,valid,False,0.0013526256490578132,0.8818726243668813,0.025079420984607612,0.002669917648718975,8.848409109739704e-05,0.002923197526028713,0.07747820522169717,0.008182908328122521,0.0003483605463302543,4.255637458297507e-06
P04,11,A,beta,1799551287-β-2,P04-T11-Aβ,16,62,D4,8,8,R1,R,False,62,True,R3,False,0.0009802610537330428,False,0.627112865447998,valid,False,0.0003860612630744312,0.0020950502712656603,7.892710960085222e-05,9.102278467902708e-06,4.005239696380159e-07,0.0009802610537330428,0.032494554729264845,0.8807461837778953,0.08285098326840246,0.00035847572432582943
P04,11,A,beta,1799551287-β-2,P04-T11-Aβ,17,67,G4,11,11,R2,R,False,67,True,R4,False,0.0023150434994276994,False,0.47095298767089844,valid,False,8.215718186043778e-06,8.254898786671212e-06,2.2555456327749637e-07,3.7283918543075616e-08,1.7132681297526283e-09,0.00010445937178675741,0.0023150434994276994,0.1268558671280589,0.8652786012663554,0.005429293565648725
P04,11,A,beta,1799551287-β-2,P04-T11-Aβ,18,60,C4,7,7,R1,R,False,60,True,R2,False,0.01785460880727814,False,0.36441993713378906,valid,False,0.0015430716291489983,0.026982387728920518,0.0008353398477706124,0.00011766465188939449,5.8447191091106774e-06,0.01785460880727814,0.9160613756218345,0.034469792693033505,0.002093838778905867,3.607552210946287e-05
P04,11,A,beta,1799551287-β-2,P04-T11-Aβ,19,59,B3,6,6,L3,L,False,59,True,R2,False,0.004715497880581301,False,0.39116501808166504,valid,False,0.0015356267634125745,0.15160239082333216,0.004715497880581301,0.0006642175853152166,3.2979049560688646e-05,0.015039388976266823,0.8212721212784961,0.004907940999790391,0.00022556532002773337,4.271323216748088e-06
P04,11,A,beta,1799551287-β-2,P04-T11-Aβ,20,64,E4,9,9,R4,R,False,64,True,R3,False,0.06983149668339914,False,0.4754970073699951,valid,False,0.0001237172479814487,0.0003415295987242276,1.0955487024186109e-05,1.6061506712743951e-06,7.990253261840414e-08,0.001988263676633021,0.023908310586270666,0.9033274839674035,0.06983149668339914,0.0004665566993598094
P04,11,A,beta,1799551287-β-2,P04-T11-Aβ,21,60,C4,7,7,R3,R,False,60,True,R2,False,0.04254464872601767,False,0.44777488708496094,valid,False,0.000816770659768893,0.014348375883435268,0.0005436520138343815,6.791856145051601e-05,3.660978996580444e-06,0.014695064988441631,0.9257035867855459,0.04254464872601767,0.001259144940228737,1.7176462280355407e-05
P04,11,A,beta,1799551287-β-2,P04-T11-Aβ,22,65,F4,10,10,R4,R,False,65,True,R4,True,0.7094268015789603,False,0.7462131977081299,valid,False,2.5783315081590715e-05,3.486511716973607e-05,1.2613878729468735e-06,1.7767710395225253e-07,9.57897443543299e-09,0.00033210566339161976,0.006582781143707097,0.2716344754446613,0.7094268015789603,0.01196173909307716
P04,11,A,beta,1799551287-β-2,P04-T11-Aβ,23,62,D4,8,8,R3,R,False,62,True,R2,False,0.16666490619241955,False,0.44637227058410645,valid,False,0.0003340451986523034,0.0018866321559513736,5.819157156823284e-05,8.879458059755918e-06,4.59713958894593e-07,0.0066482504253945855,0.7931284964073937,0.16666490619241955,0.031054332842321095,0.00021580603428061852
P04,11,A,beta,1799551287-β-2,P04-T11-Aβ,24,62,D4,8,8,R3,R,False,62,True,R2,False,0.17797065061367223,False,0.29186010360717773,valid,False,0.0003292804155954815,0.0018597214475580188,5.7361533551291434e-05,8.409600177092993e-06,4.7164915033254567e-07,0.007160968100876003,0.7818154009436326,0.17797065061367223,0.03061137733939823,0.0001863583563888707
P04,11,A,beta,1799551287-β-2,P04-T11-Aβ,25,57,A3,5,5,L4,L,False,57,True,L2,False,0.0036223402701695373,False,0.7343709468841553,valid,False,0.001386968320029081,0.9411667231222928,0.031409811128435744,0.0036223402701695373,0.00015355478910546505,0.014126535540111694,0.007441856151289047,0.0005752907581917731,0.00011598559440069255,9.343259741972011e-07
P04,11,A,beta,1799551287-β-2,P04-T11-Aβ,26,52,E3,2,2,L2,L,False,52,True,L4,False,0.012041345175900903,False,0.6994521617889404,valid,False,9.211097807444622e-05,0.012041345175900903,0.42207665786182125,0.5365645926773385,0.02903425893621716,0.00017321514380643757,1.6328992849564116e-05,1.2623085539360508e-06,2.260244125096136e-07,1.9010252945316965e-09
P04,11,A,beta,1799551287-β-2,P04-T11-Aβ,27,55,G3,4,4,L4,L,False,55,True,L2,False,0.02991103448010497,False,0.4003562927246094,valid,False,0.0006964407611793565,0.7050209075509785,0.25936269748403706,0.02991103448010497,0.0005653519888434854,0.003605540133344281,0.0007544452699873014,7.123489078159561e-05,1.2252019377420806e-05,9.542136624074497e-08
P04,11,A,beta,1799551287-β-2,P04-T11-Aβ,28,59,B3,6,6,L2,L,False,59,True,R2,False,0.06733274203836744,False,0.3455197811126709,valid,False,0.0015609751051240011,0.06733274203836744,0.005638661006260141,0.0007044391160279523,2.6174806807996758e-05,0.015952995657071877,0.8989276249425523,0.008755189647158518,0.0010936627043128637,7.534976316858193e-06
P04,11,A,beta,1799551287-β-2,P04-T11-Aβ,29,64,E4,9,9,R1,R,False,64,True,R3,False,0.001550823331290698,False,0.4714698791503906,valid,False,0.00010379567450490884,0.00011946623250712581,8.525262020826906e-06,1.3539601710348149e-06,5.2715103765308465e-08,0.001550823331290698,0.03627086646804674,0.7316326028557475,0.2293567104784482,0.0009558030221592922
P04,12,B,gamma,1799551287-γ-6,P04-T12-Bγ,0,62,D4,8,8,L2,L,False,62,True,L2,True,0.9255264805875167,False,2.484844207763672,valid,False,0.0006378594892363146,0.9255264805875167,0.028513074709155137,0.0023877768476959155,6.267958011538126e-05,0.0067555388839760176,0.03382872848221188,0.0020219933899583405,0.0002479084698294839,1.7959560304972157e-05
P04,12,B,gamma,1799551287-γ-6,P04-T12-Bγ,1,57,A3,5,5,R2,R,False,57,True,R2,True,0.8825842397774883,False,0.9269440174102783,valid,False,0.0008048126513357345,0.043941281886201035,0.0021019263632598467,0.00029607402842109687,4.1597479209521946e-05,0.009610480676430208,0.8825842397774883,0.05586031726186641,0.004677923150112115,8.134672567563634e-05
P04,12,B,gamma,1799551287-γ-6,P04-T12-Bγ,2,62,D4,8,8,R4,R,False,62,True,R4,True,0.6792284245341125,False,1.7625861167907715,valid,False,0.00021448824702130598,0.00014674740319604748,5.3053341780899176e-06,9.500057546537488e-07,1.538323177288597e-07,0.0007238948408666639,0.01117452316734337,0.2817323436251524,0.6792284245341125,0.02677316901005724
P04,12,B,gamma,1799551287-γ-6,P04-T12-Bγ,3,55,G3,4,4,L5,L,False,55,True,L5,True,0.8925464887116398,False,1.2337000370025635,valid,False,0.0001486069884688981,0.0008628570601496448,0.011634098986622342,0.0941762242275977,0.8925464887116398,0.0003630553217862641,0.0002535501870993736,1.3221362325725962e-05,1.7191566992707326e-06,1.7799761105821834e-07
P04,12,B,gamma,1799551287-γ-6,P04-T12-Bγ,4,48,C3,0,0,L1,L,False,48,True,L1,True,0.9209600920161323,False,2.120297908782959,valid,False,0.9209600920161323,0.07410008683563121,0.0035445694652929236,0.0010257424626444313,0.0003625534759056034,6.176955094474673e-06,7.357771312983394e-07,3.8127174224334436e-08,4.576466812686896e-09,3.0852668471750654e-10
P04,12,B,gamma,1799551287-γ-6,P04-T12-Bγ,5,55,G3,4,4,L5,L,False,55,True,L5,True,0.8312159793599764,False,1.033517837524414,valid,False,0.00024033995876899478,0.002348083428556067,0.015773083614725243,0.14884264350647022,0.8312159793599764,0.0009272290910166866,0.0006203128217838398,2.8521122212288216e-05,3.5631498501228693e-06,2.4394664002657624e-07
P04,12,B,gamma,1799551287-γ-6,P04-T12-Bγ,6,62,D4,8,8,R4,R,False,62,True,R4,True,0.5086387020795563,False,1.3025720119476318,valid,False,0.0002801959545843752,0.00022576468147340585,1.1698881329797249e-05,1.785133539350995e-06,2.6171300520124923e-07,0.00033345224423457487,0.016971400735882724,0.4511220597796482,0.5086387020795563,0.02241467879674608
P04,12,B,gamma,1799551287-γ-6,P04-T12-Bγ,7,59,B3,6,6,L3,L,False,59,True,L3,True,0.8127812425295685,False,1.4319450855255127,valid,False,0.000336460393319404,0.05862079225181151,0.8127812425295685,0.10531287012180877,0.001387347518695635,0.002406137218265351,0.01808716337514591,0.0009806516287002224,8.473153217473745e-05,2.6034305099003786e-06
P04,12,B,gamma,1799551287-γ-6,P04-T12-Bγ,8,59,B3,6,6,R2,R,False,59,True,R2,True,0.7540332520691139,False,1.1443440914154053,valid,False,0.0004992923255176682,0.18740274300706478,0.016206890120915234,0.0025739365742014383,0.0003968089415261536,0.007282225149592475,0.7540332520691139,0.029530879185182844,0.002024730221885049,4.924240500069496e-05
P04,12,B,gamma,1799551287-γ-6,P04-T12-Bγ,9,69,A4,12,12,R5,R,False,69,True,R5,True,0.9341810162974454,False,0.9141988754272461,valid,False,3.6156034105772822e-06,7.199645384831077e-06,1.6989503157412444e-07,2.9229567571383064e-08,5.5840966120166835e-09,4.279021488455934e-05,0.0002892888025852545,0.008668278623256252,0.05680760610433743,0.9341810162974454
P04,12,B,gamma,1799551287-γ-6,P04-T12-Bγ,10,50,D3,1,1,L2,L,False,50,True,L2,True,0.8762655432291513,False,1.4206151962280273,valid,False,0.003576022601123879,0.8762655432291513,0.10947204025792397,0.009931079434615027,0.000721160368614991,2.4146253683352095e-05,9.42555347288644e-06,5.291012087809253e-07,4.995785422652836e-08,3.2423515182970202e-09
P04,12,B,gamma,1799551287-γ-6,P04-T12-Bγ,11,60,C4,7,7,L3,L,False,60,True,L3,True,0.7288455662975735,False,1.5673069953918457,valid,False,0.0003443096017521067,0.13291343816375908,0.7288455662975735,0.09477084941512977,0.0013488393085158558,0.009171273643725249,0.030921813283419544,0.0015395064319999323,0.00012892323443560697,1.548061968931001e-05
P04,12,B,gamma,1799551287-γ-6,P04-T12-Bγ,12,59,B3,6,6,R2,R,False,59,True,R2,True,0.8299567137164533,False,0.9777247905731201,valid,False,0.006702644002828365,0.10368666836023462,0.010605508620203614,0.001272996470875332,5.4007818669761586e-05,0.015821559690667147,0.8299567137164533,0.028828761363865255,0.0029487269866944944,0.000122412969508057
P04,12,B,gamma,1799551287-γ-6,P04-T12-Bγ,13,69,A4,12,12,R3,R,False,69,True,R3,True,0.8467031904240359,False,2.0443437099456787,valid,False,2.961412848263966e-06,9.315601550757185e-07,9.528389146972299e-08,9.746037251749973e-09,4.852266229686247e-10,0.0005188383612936548,0.020518977891580165,0.8467031904240359,0.12919852937149462,0.0030564654634369186
P04,12,B,gamma,1799551287-γ-6,P04-T12-Bγ,14,53,F3,3,3,L1,L,False,53,True,L1,True,0.9438635642472412,False,0.9553329944610596,valid,False,0.9438635642472412,0.052983557326799026,0.002435084909361703,0.0005116991758935388,0.00013133310805132976,6.836687561974398e-05,6.282304710564979e-06,1.0621785111370595e-07,5.504094029126048e-09,3.303777335926071e-10
P04,12,B,gamma,1799551287-γ-6,P04-T12-Bγ,15,67,G4,11,11,R5,R,False,67,True,R5,True,0.909149245400336,False,0.9015448093414307,valid,False,1.602955634555816e-05,7.10120541247287e-06,4.1489265537444524e-07,5.394795713126609e-08,3.414461606227928e-09,9.5709029001148e-05,0.000764951614698617,0.01072426860402089,0.07924222233511106,0.909149245400336
P04,12,B,gamma,1799551287-γ-6,P04-T12-Bγ,16,65,F4,10,10,R4,R,False,65,True,R4,True,0.7852898430696194,False,0.8121299743652344,valid,False,7.39303308967777e-05,4.183813128745005e-05,2.4444206831794876e-06,2.819031111556178e-07,1.7842146411123388e-08,0.0006658360645490621,0.006462736768627603,0.15233055696925266,0.7852898430696194,0.05513251449982615
P04,12,B,gamma,1799551287-γ-6,P04-T12-Bγ,17,60,C4,7,7,R3,R,False,60,True,R3,True,0.7736972288757633,False,1.1390893459320068,valid,False,0.0042387234271381085,0.011602036231397229,0.0008279360349116954,8.468478054215035e-05,5.1496868081709994e-06,0.0011869981275730418,0.06026139231300291,0.7736972288757633,0.14748296410095002,0.0006128864219133355
P04,12,B,gamma,1799551287-γ-6,P04-T12-Bγ,18,59,B3,6,6,L5,L,False,59,True,L5,True,0.8972473970581518,False,1.4144411087036133,valid,False,0.0002351664571723868,0.0010792184301971109,0.012459836353462992,0.08817571888308486,0.8972473970581518,0.0007140303545649637,8.368727274961482e-05,4.336583855023603e-06,5.633752115711549e-07,4.5231549642822366e-08
P04,12,B,gamma,1799551287-γ-6,P04-T12-Bγ,19,69,A4,12,12,R1,R,False,69,True,R1,True,0.9684564521493404,False,1.3124909400939941,valid,False,2.6302606466179616e-06,5.398082994849116e-07,7.603654466551926e-08,8.42508929989821e-09,4.365790046042437e-10,0.9684564521493404,0.0286657639683211,0.0021291088621747316,0.00048466541970294575,0.0002607546333017114
P04,12,B,gamma,1799551287-γ-6,P04-T12-Bγ,20,55,G3,4,4,L1,L,False,55,True,L1,True,0.7922664713127224,False,0.8597838878631592,valid,False,0.7922664713127224,0.19537050645844722,0.010537051803042074,0.0015448051546541272,0.00022647919080714734,5.194399671099969e-05,2.6715346107641954e-06,6.220331827958506e-08,6.892324125995526e-09,1.4533628010220932e-09
P04,12,B,gamma,1799551287-γ-6,P04-T12-Bγ,21,60,C4,7,7,R4,R,False,60,True,R4,True,0.5715279360976665,False,1.2826869487762451,valid,False,0.002750063349864525,0.0011143969026603082,4.542527385909903e-05,9.17120462110574e-06,1.399435083052546e-06,0.00067740052686029,0.012389705552290546,0.39874151070357894,0.5715279360976665,0.012742990953515639
P04,12,B,gamma,1799551287-γ-6,P04-T12-Bγ,22,52,E3,2,2,L4,L,False,52,True,L4,True,0.5134166646902975,False,1.7106831073760986,valid,False,0.0016930724160154594,0.03794619755151853,0.4038678527812526,0.5134166646902975,0.043022918953007465,4.754975950058051e-05,5.522568203556421e-06,1.9965647911342162e-07,2.042170458173362e-08,1.202020740945392e-09
P04,12,B,gamma,1799551287-γ-6,P04-T12-Bγ,23,59,B3,6,6,L2,L,False,59,True,L2,True,0.9082804877433149,False,1.7683770656585693,valid,False,0.006119945786717954,0.9082804877433149,0.048986915806962794,0.003227001048890553,0.00021225270229921207,0.009669289796114576,0.022909535885677533,0.0005334196856715016,5.910458590504574e-05,2.0469584458374157e-06
P04,12,B,gamma,1799551287-γ-6,P04-T12-Bγ,24,60,C4,7,7,L4,L,False,60,True,L4,True,0.7351087121150707,False,2.0573599338531494,valid,False,0.0003449912249717127,0.018206935808947975,0.2023617942862427,0.7351087121150707,0.03809253746604,0.004271522077231425,0.0015527357822442797,5.393467946901627e-05,6.472087918174599e-06,3.644718639872731e-07
P04,12,B,gamma,1799551287-γ-6,P04-T12-Bγ,25,62,D4,8,8,R5,R,False,62,True,R5,True,0.9759848822728292,False,1.3578529357910156,valid,False,6.47246516204127e-05,5.41199227436533e-05,4.183726580509558e-06,6.133634443525041e-07,6.025128654033746e-08,0.00012300249735998548,0.0002470424110648753,0.0016878357666784557,0.021833535136392104,0.9759848822728292
P04,12,B,gamma,1799551287-γ-6,P04-T12-Bγ,26,65,F4,10,10,R3,R,False,65,True,R3,True,0.8495258463058389,False,1.6101062297821045,valid,False,4.589586177320896e-06,1.1416032624310953e-06,7.520283456502894e-08,1.1025259119170165e-08,1.2212016004376393e-09,0.0007858248781881486,0.045818061348229425,0.8495258463058389,0.10196997079466334,0.00189447803434521
P04,12,B,gamma,1799551287-γ-6,P04-T12-Bγ,27,69,A4,12,12,R5,R,False,69,True,R5,True,0.9445213646407532,False,0.784066915512085,valid,False,1.7552857529687637e-07,3.2014498064216094e-08,2.195014965948681e-09,3.0918634200159223e-10,3.8626715315162325e-11,3.142684671470105e-05,0.0002394713021639992,0.004266007195426935,0.05094151992903993,0.9445213646407532
P04,12,B,gamma,1799551287-γ-6,P04-T12-Bγ,28,62,D4,8,8,R3,R,False,62,True,R3,True,0.8070522996154809,False,0.9812178611755371,valid,False,0.00011781447529963753,4.8463674603598284e-05,3.600755745034617e-06,4.6820162771493773e-07,4.7880423467798915e-08,0.001860098843094421,0.051079767201378384,0.8070522996154809,0.1388492029854252,0.0009882363669218408
P04,12,B,gamma,1799551287-γ-6,P04-T12-Bγ,29,55,G3,4,4,L2,L,False,55,True,L2,True,0.9096546791286187,False,0.9442770481109619,valid,False,0.004814784018685711,0.9096546791286187,0.06491411276052522,0.00543611718902191,0.0003727173408316293,0.0020376282307193777,0.011989131006904123,0.0007356984594836989,4.473786939448012e-05,3.9399581508359693e-07
P04,13,C,alpha,1799551287-α-5,P04-T13-Cα,0,60,C4,7,7,R5,R,False,60,True,R5,True,0.912487113627268,False,0.9995698928833008,valid,False,0.0004973811993580058,0.0015693190170593847,0.0001894128912933828,1.7183149824765663e-05,2.585271284863655e-06,0.00031323772284797886,0.0015693190170593847,0.009936093777538254,0.0734183543264659,0.912487113627268
P04,13,C,alpha,1799551287-α-5,P04-T13-Cα,1,62,D4,8,8,R4,R,False,62,True,R4,True,0.7906063834751633,False,0.6644799709320068,valid,False,0.000577017770828964,0.00044610551467495394,2.6064011785320583e-05,2.561403893377789e-06,3.872629272490726e-07,0.000353530640799063,0.004291156096360159,0.17291501396631925,0.7906063834751633,0.030781779857248243
P04,13,C,alpha,1799551287-α-5,P04-T13-Cα,2,59,B3,6,6,L1,L,False,59,True,L1,True,0.7869605838969248,False,0.7086801528930664,valid,False,0.7869605838969248,0.13008370959237223,0.004341318757666897,0.00036355603609093104,3.4327042072068674e-05,0.010354365730020638,0.06532725931645084,0.002289144491273735,0.000234122329992739,1.1612807135191614e-05
P04,13,C,alpha,1799551287-α-5,P04-T13-Cα,3,57,A3,5,5,L2,L,False,57,True,L2,True,0.9199519926042953,False,0.5148041248321533,valid,False,0.004673784150646458,0.9199519926042953,0.0496164031004595,0.004501098538856145,0.00018342397425718767,0.003327236124982289,0.01688844768864367,0.0007743908851716373,7.914807722473588e-05,4.074855463141907e-06
P04,13,C,alpha,1799551287-α-5,P04-T13-Cα,4,59,B3,6,6,L3,L,False,59,True,L3,True,0.7899126476827878,False,0.6105160713195801,valid,False,0.001118426030276268,0.10690305190633276,0.7899126476827878,0.02532830048444594,0.0001290181225628149,0.00269641298804242,0.06932581548675824,0.0041867399106211844,0.0003794547278497343,2.0132660322716414e-05
P04,13,C,alpha,1799551287-α-5,P04-T13-Cα,5,57,A3,5,5,L4,L,False,57,True,L4,True,0.5595345252360532,False,0.8126802444458008,valid,False,0.0003293825506856333,0.022639523595470244,0.3899408176754395,0.5595345252360532,0.005834883353391434,0.0018611610605808585,0.0191416697995252,0.0006486287454604877,6.606844327378335e-05,3.3395401197865043e-06
P04,13,C,alpha,1799551287-α-5,P04-T13-Cα,6,59,B3,6,6,L3,L,False,59,True,L3,True,0.7578886795253527,False,0.7351360321044922,valid,False,0.0005658289324629694,0.1040202779167241,0.7578886795253527,0.029681872741640736,0.00017695576582765286,0.0016661848868249416,0.10191577342563433,0.003708162660064496,0.00036133836571158016,1.4925779756703835e-05
P04,13,C,alpha,1799551287-α-5,P04-T13-Cα,7,57,A3,5,5,L2,L,False,57,True,L2,True,0.9319696943394103,False,0.5545430183410645,valid,False,0.004939678743246509,0.9319696943394103,0.03953950494692716,0.0016117173658502645,4.4795078110456214e-05,0.0018385512379423862,0.01911948476045678,0.0008498463567114632,8.333843943864195e-05,3.3887319058166743e-06
P04,13,C,alpha,1799551287-α-5,P04-T13-Cα,8,60,C4,7,7,R3,R,False,60,True,R3,True,0.7542468073191212,False,0.572314977645874,valid,False,0.001364841546596933,0.006651780902340811,0.00036266332483322883,2.693630282247118e-05,1.7578572610259548e-06,0.0017183750213308944,0.16444316745840512,0.7542468073191212,0.0705685644022084,0.0006151058650798945
P04,13,C,alpha,1799551287-α-5,P04-T13-Cα,9,62,D4,8,8,R2,R,False,62,True,R2,True,0.9103860794177169,False,0.5520358085632324,valid,False,0.0009495054539006641,0.0012789872221744603,6.952066535533838e-05,4.7665560956660355e-06,4.0734749250982353e-07,0.005555837956890841,0.9103860794177169,0.07623866682467269,0.005386406792158625,0.00012982176354229934
P04,13,C,alpha,1799551287-α-5,P04-T13-Cα,10,64,E4,9,9,R1,R,False,64,True,R1,True,0.9040228205626026,False,0.5621159076690674,valid,False,0.00041273090435095847,0.00034111047009772766,1.6356246659147145e-05,1.2148369655311032e-06,1.1007826469022873e-07,0.9040228205626026,0.09246725705398849,0.0024274822377449924,0.0002584261284375337,5.2491480888274245e-05
P04,13,C,alpha,1799551287-α-5,P04-T13-Cα,11,59,B3,6,6,L1,L,False,59,True,L1,True,0.7659502568657398,False,0.6654279232025146,valid,False,0.7659502568657398,0.19658938803493647,0.00769920617057432,0.000619475100767983,3.210052893726211e-05,0.013312632328513168,0.015197291615947902,0.0005278818595386546,6.336251926208076e-05,8.404975782418125e-06
P04,13,C,alpha,1799551287-α-5,P04-T13-Cα,12,62,D4,8,8,R2,R,False,62,True,R2,True,0.9303620943212636,False,0.4943091869354248,valid,False,0.0002524814815796319,0.001128683921466385,8.337338536284866e-05,1.0840933820301445e-05,3.676518777781634e-07,0.004385313424991609,0.9303620943212636,0.05888426216437164,0.004651883746941094,0.00024069896832508932
P04,13,C,alpha,1799551287-α-5,P04-T13-Cα,13,60,C4,7,7,R3,R,False,60,True,R3,True,0.848816568605583,False,0.5380771160125732,valid,False,0.0005739271958113271,0.006249294354719931,0.0004601711042704101,5.748927370415834e-05,2.911375833198655e-06,0.0005188414712526916,0.07219534852949779,0.848816568605583,0.07003874062239299,0.0010867074669346508
P04,13,C,alpha,1799551287-α-5,P04-T13-Cα,14,57,A3,5,5,L3,L,False,57,True,L3,True,0.8031262566103144,False,0.6467790603637695,valid,False,0.0012304757914018004,0.1248770324699926,0.8031262566103144,0.026802949374082143,0.00019751052901381702,0.0001794827341848399,0.028150687194013296,0.014453700667059121,0.0009469170761475214,3.4987553790173355e-05
P04,13,C,alpha,1799551287-α-5,P04-T13-Cα,15,55,G3,4,4,L4,L,False,55,True,L4,True,0.6162774402622041,False,0.6327481269836426,valid,False,0.0004172101433302145,0.009089507957866744,0.349033921847747,0.6162774402622041,0.012218307192231586,0.00022659589154899425,0.011355278999459349,0.0012938382258115767,8.429736373433834e-05,3.6021160660405367e-06
P04,13,C,alpha,1799551287-α-5,P04-T13-Cα,16,60,C4,7,7,R3,R,False,60,True,R3,True,0.8334086711991486,False,0.5135519504547119,valid,False,0.00023889520009898746,0.007254964658576173,0.0006740332233643983,6.894295355174412e-05,2.2440982475167027e-06,0.0004084893314935805,0.04787879483458266,0.8334086711991486,0.10853724158940058,0.001527722911535927
P04,13,C,alpha,1799551287-α-5,P04-T13-Cα,17,55,G3,4,4,L4,L,False,55,True,L4,True,0.7087566139865132,False,0.7484030723571777,valid,False,0.0003295295406117104,0.012366981081823672,0.25444735492096887,0.7087566139865132,0.01400802697008697,0.00020700240756204755,0.008762436247611395,0.0010543490255623554,6.604519241637712e-05,1.6606268434714453e-06
P04,13,C,alpha,1799551287-α-5,P04-T13-Cα,18,57,A3,5,5,L3,L,False,57,True,L3,True,0.7999484306694841,False,0.607318639755249,valid,False,0.001039402752328365,0.12438291654496736,0.7999484306694841,0.025650094707933054,0.0001669005980021244,0.0003865767306805993,0.04428702320802283,0.003899269363099305,0.0002313378931267642,8.04753235557077e-06
P04,13,C,alpha,1799551287-α-5,P04-T13-Cα,19,62,D4,8,8,R1,R,False,62,True,R1,True,0.8887862271952528,False,0.6786990165710449,valid,False,0.00045214414260294353,0.0014221116291840735,0.0001236694179458671,1.316566127196976e-05,2.573273187735835e-07,0.8887862271952528,0.10668245824879975,0.002292990228113902,0.00019985898067641033,2.7117168833542387e-05
P04,13,C,alpha,1799551287-α-5,P04-T13-Cα,20,64,E4,9,9,R2,R,False,64,True,R2,True,0.8685691868454759,False,0.43564510345458984,valid,False,6.159800775540576e-05,0.00016749609289449963,1.0963839329334467e-05,1.3697147739249186e-06,4.170330776659025e-08,0.007525442171261162,0.8685691868454759,0.11293893167423988,0.010245588728179841,0.0004793812227821376
P04,13,C,alpha,1799551287-α-5,P04-T13-Cα,21,62,D4,8,8,R3,R,False,62,True,R3,True,0.8326933590009468,False,0.7529609203338623,valid,False,0.00021515950575861907,0.00097736308354555,6.618280837073069e-05,7.944030268200468e-06,2.4834298524818075e-07,0.0008615237938069921,0.06094293525356819,0.8326933590009468,0.10386869620171243,0.00036658797903742907
P04,13,C,alpha,1799551287-α-5,P04-T13-Cα,22,59,B3,6,6,L3,L,False,59,True,L3,True,0.8170017496128146,False,0.6924278736114502,valid,False,0.0008399954837617509,0.1121335512049061,0.8170017496128146,0.034661904691398064,0.00024910310442208695,0.0030524251753009666,0.030622686283455134,0.0013574951992650012,7.875849836905113e-05,2.330746307321581e-06
P04,13,C,alpha,1799551287-α-5,P04-T13-Cα,23,57,A3,5,5,L4,L,False,57,True,L4,True,0.6805753048617648,False,0.8377170562744141,valid,False,0.0003278686859576364,0.018009614556931043,0.27304149113880627,0.6805753048617648,0.018009614556931043,0.0015370579117009726,0.008118441524018038,0.00035449482790198857,2.5141311581217853e-05,9.706244070686008e-07
P04,13,C,alpha,1799551287-α-5,P04-T13-Cα,24,55,G3,4,4,L5,L,False,55,True,L5,True,0.7360195367846708,False,1.3094489574432373,valid,False,0.00020408501037583112,0.0016563788194449258,0.02997287923758528,0.2307319536416107,0.7360195367846708,0.00044603608285754886,0.0009087697994864624,5.6205349651793557e-05,4.00145972916892e-06,1.5381458746695763e-07
P04,13,C,alpha,1799551287-α-5,P04-T13-Cα,25,57,A3,5,5,L4,L,False,57,True,L4,True,0.7066940318619804,False,0.9009871482849121,valid,False,0.0002430316401373742,0.010311483877004398,0.2534882201570551,0.7066940318619804,0.0179964674085623,0.0011964697538163357,0.009704288992305748,0.00033979859741909205,2.5167185108070312e-05,1.0405266111335965e-06
P04,13,C,alpha,1799551287-α-5,P04-T13-Cα,26,55,G3,4,4,L5,L,False,55,True,L5,True,0.6870643611404348,False,0.7240371704101562,valid,False,0.0004146063640105798,0.003414701650253001,0.04445802914312859,0.26307205608770773,0.6870643611404348,0.00043422194625335376,0.0010988801280997717,3.9653659985789884e-05,3.3101087891132956e-06,1.7977133731890227e-07
P04,13,C,alpha,1799551287-α-5,P04-T13-Cα,27,53,F3,3,3,L4,L,False,53,True,L4,True,0.6976748758491463,False,1.2093241214752197,valid,False,0.00010141486373442203,0.007012913255193249,0.25584154909795326,0.6976748758491463,0.038990272032954486,0.00015232804292661064,0.00021991711624332996,6.14419958168771e-06,5.53560396387315e-07,3.1981870365111685e-08
P04,13,C,alpha,1799551287-α-5,P04-T13-Cα,28,64,E4,9,9,R2,R,False,64,True,R2,True,0.9217030571428202,False,0.7074277400970459,valid,False,0.00012771934114370735,0.00021972391510783197,1.6676130520395413e-05,1.5745639657864053e-06,3.367585497988973e-08,0.00575371910891941,0.9217030571428202,0.06577390031171389,0.006130521750568719,0.00027307405938512995
P04,13,C,alpha,1799551287-α-5,P04-T13-Cα,29,65,F4,10,10,R1,R,False,65,True,R1,True,0.966951860218349,False,0.5374469757080078,valid,False,6.374232664542916e-05,5.731747821134524e-05,5.708201444433824e-06,5.178363520027045e-07,1.3993323730052526e-08,0.966951860218349,0.032270345469706446,0.0005036612860162992,0.00010583740385938982,4.0995786091810145e-05
P04,14,A,alpha,1799551287-α-6,P04-T14-Aα,0,64,E4,9,9,R3,R,False,64,True,R2,False,0.06088370965793402,False,0.8845000267028809,valid,False,0.00011066960998998312,0.0006122606534299972,8.282425262599942e-05,1.2926843200395761e-06,2.129645639794969e-07,0.00637805219914848,0.9242343320756503,0.06088370965793402,0.00702027024656746,0.0006763756557695287
P04,14,A,alpha,1799551287-α-6,P04-T14-Aα,1,65,F4,10,10,R4,R,False,65,True,R3,False,0.05178411048292118,False,0.4144899845123291,valid,False,2.042731995569664e-05,6.86171033024359e-05,9.579357327160925e-06,1.6196265498396397e-07,2.667135053105955e-08,0.0014053319648228227,0.1871396680242408,0.7588887755672248,0.05178411048292118,0.0006833015461994222
P04,14,A,alpha,1799551287-α-6,P04-T14-Aα,2,67,G4,11,11,R5,R,False,67,True,R4,False,0.029164484788056107,False,0.5458738803863525,valid,False,3.8011044291080088e-06,9.955581472244117e-06,1.4284668105996026e-06,2.2294878483206442e-08,3.3984138172296316e-09,0.00023582214580457908,0.017267850667006732,0.29555248334693535,0.657764148206193,0.029164484788056107
P04,14,A,alpha,1799551287-α-6,P04-T14-Aα,3,65,F4,10,10,R3,R,False,65,True,R3,True,0.7270337884813066,False,0.4626140594482422,valid,False,1.956986622289862e-05,6.594618990757744e-05,8.817410493113304e-06,1.4908006505811626e-07,2.5572053304069948e-08,0.0009708857120921696,0.17225448599104778,0.7270337884813066,0.09776661515256578,0.0018797165442458628
P04,14,A,alpha,1799551287-α-6,P04-T14-Aα,4,60,C4,7,7,L3,L,False,60,True,R2,False,0.003779035097718494,False,0.4617629051208496,valid,False,0.0010865015710417346,0.027341219308390622,0.003779035097718494,6.138859022152346e-05,9.681893227750185e-06,0.015086049818284642,0.943379567160114,0.008753632104451825,0.000490915330476381,1.200912607327652e-05
P04,14,A,alpha,1799551287-α-6,P04-T14-Aα,5,59,B3,6,6,L4,L,False,59,True,R2,False,0.000445052387271699,False,0.3701171875,valid,False,0.0017066074080357902,0.16380192987254136,0.02632283255299641,0.000445052387271699,7.267866529087146e-05,0.01695286287020262,0.7887399881488634,0.0018784307493019904,7.656897736228301e-05,3.048368133553181e-06
P04,14,A,alpha,1799551287-α-6,P04-T14-Aα,6,60,C4,7,7,L5,L,False,60,True,R2,False,9.699111363366318e-06,False,0.3350100517272949,valid,False,0.0010510266106944872,0.026132182248627487,0.003946021876908299,6.158776499736564e-05,9.699111363366318e-06,0.012379889131386844,0.9464403544032347,0.009513462984554114,0.0004548848881893295,1.0890980043972758e-05
P04,14,A,alpha,1799551287-α-6,P04-T14-Aα,7,59,B3,6,6,L4,L,False,59,True,R2,False,0.000491221523743438,False,0.2989230155944824,valid,False,0.0018734536399499693,0.17615486294503965,0.029053527822180753,0.000491221523743438,7.722571918980007e-05,0.017977840489743088,0.7721199515317395,0.002157909471103067,9.155090849620207e-05,2.455948814489876e-06
P04,14,A,alpha,1799551287-α-6,P04-T14-Aα,8,60,C4,7,7,L5,L,False,60,True,R2,False,1.0109149067210831e-05,False,0.2800009250640869,valid,False,0.0010352495890895421,0.027469346519707755,0.0036478720390337774,6.419332758262075e-05,1.0109149067210831e-05,0.009961300962336222,0.9478004597249416,0.009527134539843314,0.0004741284291603315,1.0205719237427541e-05
P04,14,A,alpha,1799551287-α-6,P04-T14-Aα,9,59,B3,6,6,L3,L,False,59,True,R2,False,0.027693230252416216,False,0.3032572269439697,valid,False,0.001785737805608337,0.16054610166274638,0.027693230252416216,0.00048733085546640183,7.346801251842447e-05,0.012951194044510218,0.7946307067278247,0.0017527535142661216,7.739010107094121e-05,2.0870235722812137e-06
P04,14,A,alpha,1799551287-α-6,P04-T14-Aα,10,57,A3,5,5,L4,L,False,57,True,L3,False,0.0038385481990403886,False,0.6221599578857422,valid,False,0.0017951601211505408,0.11459729367083145,0.784537382136991,0.0038385481990403886,0.0002721768554544174,0.008122770153125135,0.08665045256842893,0.00017641682183942365,9.514809703610093e-06,2.846634353270624e-07
P04,14,A,alpha,1799551287-α-6,P04-T14-Aα,11,62,D4,8,8,R2,R,False,62,True,R2,True,0.9229052865812197,False,0.4354870319366455,valid,False,0.0004194503243209698,0.01126922372330902,0.0026845862371952306,1.4228996555177623e-05,1.2355243334026976e-06,0.0031125017566605755,0.9229052865812197,0.05612192827414871,0.0034127779729989744,5.878060925818951e-05
P04,14,A,alpha,1799551287-α-6,P04-T14-Aα,12,64,E4,9,9,R1,R,False,64,True,R3,False,0.0009361377070876887,False,0.4236929416656494,valid,False,9.752521954638918e-05,0.0013150066963212416,0.0003259117029271489,1.947655798443015e-06,1.688753267757614e-07,0.0009361377070876887,0.20415330685170793,0.7642318531071801,0.02869367823301079,0.00024446395109360106
P04,14,A,alpha,1799551287-α-6,P04-T14-Aα,13,65,F4,10,10,R2,R,False,65,True,R4,False,0.02558025957930126,False,0.8852701187133789,valid,False,1.9097858776497922e-05,0.0001509706729033155,3.4798567523859736e-05,2.2527716798646747e-07,2.0412989696298606e-08,0.00012014930078537799,0.02558025957930126,0.3054606435136539,0.6275484905791039,0.041085344237794225
P04,14,A,alpha,1799551287-α-6,P04-T14-Aα,14,64,E4,9,9,R1,R,False,64,True,R3,False,0.0004076913555006048,False,0.3638267517089844,valid,False,0.00010480905582603191,0.001211325541956449,0.0002922349248155332,1.7464026014179664e-06,1.5829775873798487e-07,0.0004076913555006048,0.12747793322272605,0.7132291354357368,0.1556638585623361,0.0016111072007422612
P04,14,A,alpha,1799551287-α-6,P04-T14-Aα,15,62,D4,8,8,R2,R,False,62,True,R2,True,0.764549995279281,False,0.5502760410308838,valid,False,0.00037055614158685836,0.008348819614584316,0.002052969782613968,1.1787535955492197e-05,1.1097406595765685e-06,0.0010503389428158133,0.764549995279281,0.20423829385692016,0.019134053175498104,0.00024207593008469808
P04,14,A,alpha,1799551287-α-6,P04-T14-Aα,16,59,B3,6,6,L5,L,False,59,True,R2,False,5.203074879125108e-05,False,0.3397059440612793,valid,False,0.0012608895126230374,0.17398288479150925,0.10072653871097689,0.0005556644396793577,5.203074879125108e-05,0.0032912712694697435,0.7150906424503854,0.004629316843987674,0.00040281268570625697,7.94854687089681e-06
P04,14,A,alpha,1799551287-α-6,P04-T14-Aα,17,64,E4,9,9,R3,R,False,64,True,R3,True,0.784941026169497,False,0.28749585151672363,valid,False,7.68298041986957e-05,0.0013440389644613162,0.000334743266060132,1.921995305512321e-06,1.8839619877312474e-07,0.0001760208435323808,0.04724475761425723,0.784941026169497,0.16460664431799754,0.0012738286284912572
P04,14,A,alpha,1799551287-α-6,P04-T14-Aα,18,60,C4,7,7,L4,L,False,60,True,R2,False,9.688528900995757e-05,False,0.24759817123413086,valid,False,0.0008595614129024319,0.055293770698351674,0.017562613543556944,9.688528900995757e-05,9.42623943698556e-06,0.0017534556654911773,0.8851635340605467,0.03608121652958751,0.0031338189610028546,4.5717600113835384e-05
P04,14,A,alpha,1799551287-α-6,P04-T14-Aα,19,59,B3,6,6,L3,L,False,59,True,R2,False,0.12172369888213924,False,0.3951849937438965,valid,False,0.001374107321110006,0.18736526284347058,0.12172369888213924,0.0006989009236082459,6.27644496973683e-05,0.0027578662428388106,0.679769461184274,0.00582263968485221,0.0004153378712716285,9.960596737969146e-06
P04,14,A,alpha,1799551287-α-6,P04-T14-Aα,20,62,D4,8,8,R4,R,False,62,True,R2,False,0.022385136828851147,False,0.41898393630981445,valid,False,0.0002363662651940234,0.008136859033975163,0.0022018681910014335,1.1670466931040945e-05,1.1413668188165356e-06,0.0004853075910912556,0.6987591909116753,0.26754992320980564,0.022385136828851147,0.00023253613465620558
P04,14,A,alpha,1799551287-α-6,P04-T14-Aα,21,57,A3,5,5,L1,L,False,57,True,L3,False,0.0015425917586921133,False,0.6050498485565186,valid,False,0.0015425917586921133,0.11949640712986075,0.8570223195074499,0.004542438407462869,0.0003103136970458334,0.0016710697028931368,0.014487234586198001,0.0008465923069129806,7.990787589581387e-05,1.1250275886146316e-06
P04,14,A,alpha,1799551287-α-6,P04-T14-Aα,22,55,G3,4,4,L2,L,False,55,True,L3,False,0.08891851618589591,False,0.41381287574768066,valid,False,0.0012449182373590866,0.08891851618589591,0.8763594565172452,0.026998365989365117,0.0025114590471389054,0.0014698468648494513,0.002353200567715261,0.0001320963557698449,1.1975810043353998e-05,1.6442461784145725e-07
P04,14,A,alpha,1799551287-α-6,P04-T14-Aα,23,53,F3,3,3,L3,L,False,53,True,L3,True,0.7639161412577984,False,0.44942188262939453,valid,False,0.0008349866622896747,0.041291250466710915,0.7639161412577984,0.17389610451500737,0.017643749559349005,0.0006145080825943111,0.0017849942459916208,1.688141477554422e-05,1.3581899260673659e-06,2.560555724041297e-08
P04,14,A,alpha,1799551287-α-6,P04-T14-Aα,24,55,G3,4,4,L2,L,False,55,True,L3,False,0.06981759862616096,False,0.6536409854888916,valid,False,0.0013023625965629566,0.06981759862616096,0.8762997698631432,0.03043849941941109,0.0027852170144021,0.0012430123633386154,0.01797740870465304,0.0001269081395889878,9.053801929132287e-06,1.694708099864148e-07
P04,14,A,alpha,1799551287-α-6,P04-T14-Aα,25,53,F3,3,3,L3,L,False,53,True,L3,True,0.7644771902185302,False,0.3520350456237793,valid,False,0.0008230624225209396,0.07061624376995831,0.7644771902185302,0.14247865353246383,0.018844487092546536,0.0005843091484322768,0.0021564237521722617,1.830084928336478e-05,1.3058931683667007e-06,2.332092376616486e-08
P04,14,A,alpha,1799551287-α-6,P04-T14-Aα,26,55,G3,4,4,L4,L,False,55,True,L3,False,0.025680519311264825,False,0.2718639373779297,valid,False,0.0011382492621894028,0.12074575696405282,0.8335825196075094,0.025680519311264825,0.0024364186417118027,0.0011922740778514585,0.015094778659498714,0.00012072171007623513,8.609453290897597e-06,1.5231255457610074e-07
P04,14,A,alpha,1799551287-α-6,P04-T14-Aα,27,62,D4,8,8,R4,R,False,62,True,R3,False,0.022974162246575686,False,0.48839902877807617,valid,False,0.00017999767280065527,0.0025847668962393324,0.00018165794267375145,9.79748267579211e-06,1.160324112219222e-06,0.00039437353704246594,0.19735236432277653,0.7761689409363095,0.022974162246575686,0.00015277863879402116
P04,14,A,alpha,1799551287-α-6,P04-T14-Aα,28,57,A3,5,5,L4,L,False,57,True,R2,False,0.004732545261075639,False,0.4995710849761963,valid,False,0.0016071511955734472,0.17320280098016352,0.12577104715021187,0.004732545261075639,0.000495037942107961,0.0035767807640243116,0.6828499695348184,0.007648145253643626,0.00011468834968518493,1.8335686961302396e-06
P04,14,A,alpha,1799551287-α-6,P04-T14-Aα,29,62,D4,8,8,R4,R,False,62,True,R3,False,0.029777110422922585,False,0.36492371559143066,valid,False,0.0001065814042378838,0.003315703204782208,0.0006400173406390197,1.220072371321498e-05,1.1870123367229563e-06,0.00016619244593665464,0.14209123919842473,0.8236453129177015,0.029777110422922585,0.00024445532930553556
P04,15,C,gamma,1799551287-γ-7,P04-T15-Cγ,0,69,A4,12,12,R3,R,False,69,True,R3,True,0.8100200330558897,False,1.2730708122253418,valid,False,1.1040261944295868e-06,3.204503058636527e-06,4.1678459829648256e-07,7.046771280274358e-09,7.200820369103787e-10,0.00026806401097154197,0.11409814277066528,0.8100200330558897,0.0746224656354597,0.000986561446309309
P04,15,C,gamma,1799551287-γ-7,P04-T15-Cγ,1,72,C5,14,14,R4,R,False,72,True,R4,True,0.6392164118576537,False,0.7246651649475098,valid,False,4.426697668602585e-08,8.925624474129755e-08,1.1890664871791726e-08,1.9315807723420653e-10,1.9751191655376704e-11,4.4615679258975854e-05,0.018178563491249782,0.33705397129652187,0.6392164118576537,0.005506292048520111
P04,15,C,gamma,1799551287-γ-7,P04-T15-Cγ,2,57,A3,5,5,L4,L,False,57,True,L4,True,0.7948755478778435,False,1.0384161472320557,valid,False,0.0007216574491363009,0.013415108889497727,0.18104471079778786,0.7948755478778435,0.008841453780973571,0.0010057527247147727,9.120907815798123e-05,4.191901431785399e-06,3.543561773427571e-07,1.3144279238650591e-08
P04,15,C,gamma,1799551287-γ-7,P04-T15-Cγ,3,71,B4,13,13,R2,R,False,71,True,R2,True,0.9400793238252069,False,0.7717733383178711,valid,False,9.204711344569844e-07,4.925910039003847e-06,6.127026622929963e-07,5.5515808539111845e-08,9.911489594140293e-10,0.002582027662265732,0.9400793238252069,0.05271253915591484,0.004431116126173727,0.00018847763964571936
P04,15,C,gamma,1799551287-γ-7,P04-T15-Cγ,4,48,C3,0,0,L1,L,False,48,True,L1,True,0.8216098818093981,False,1.3560199737548828,valid,False,0.8216098818093981,0.16588017428731783,0.01049884956644975,0.0017354481609398297,0.00027561941006245286,2.6683101549092705e-08,7.783035506406215e-11,4.1976780325008015e-12,6.077312627287397e-13,9.469143109803807e-14
P04,15,C,gamma,1799551287-γ-7,P04-T15-Cγ,5,64,E4,9,9,R5,R,False,64,True,R5,True,0.8580482201313,False,1.0065350532531738,valid,False,2.2359810558878203e-05,1.5879050637580084e-06,1.0050131947247224e-07,1.41564571613739e-08,1.0514507282131735e-09,5.4505214334084085e-05,0.0009778884296766316,0.0150994798850353,0.12579584291480386,0.8580482201313
P04,15,C,gamma,1799551287-γ-7,P04-T15-Cγ,6,72,C5,14,14,R2,R,False,72,True,R2,True,0.7571480878561151,False,0.8286221027374268,valid,False,2.526595587275111e-09,2.3813189382227425e-10,8.960488054723744e-12,2.122988351503619e-12,1.5768194137352414e-13,0.001950231996950213,0.7571480878561151,0.2022609830823095,0.03637102005422375,0.002269674234432489
P04,15,C,gamma,1799551287-γ-7,P04-T15-Cγ,7,50,D3,1,1,L5,L,False,50,True,L4,True,0.47405035942252494,False,1.2886669635772705,valid,False,7.557045039451393e-05,0.002098762581019933,0.04972493902981895,0.47405035942252494,0.47405035942252494,9.030212319043442e-09,5.941694152162403e-11,2.9581953297464696e-12,7.054583573806976e-13,4.2374398184808263e-13
P04,15,C,gamma,1799551287-γ-7,P04-T15-Cγ,8,60,C4,7,7,L3,L,False,60,True,L3,True,0.8696048862245409,False,0.9145727157592773,valid,False,0.0006757304363410365,0.06327590810577927,0.8696048862245409,0.052880727590509886,0.0003924026724707302,0.007135197219194315,0.005859351633526705,0.00016009929775557402,1.3938222330649375e-05,1.7585975508823256e-06
P04,15,C,gamma,1799551287-γ-7,P04-T15-Cγ,9,71,B4,13,13,R5,R,False,71,True,R5,True,0.8550665531879139,False,1.0097968578338623,valid,False,6.645154298855614e-08,1.6192851738201127e-07,1.5271256318626826e-08,1.273700754019051e-09,3.7655263172796235e-11,1.8074001829110858e-05,0.0004279192822300138,0.01912849878320471,0.12535870978214952,0.8550665531879139
P04,15,C,gamma,1799551287-γ-7,P04-T15-Cγ,10,52,E3,2,2,L5,L,False,52,True,L5,True,0.5687950893282453,False,1.0153658390045166,valid,False,0.00016233411221245266,0.003018283380576455,0.046747529157071525,0.381274750463355,0.5687950893282453,1.932263272981086e-06,7.81813245885414e-08,2.7156485542256432e-09,3.501607037745187e-10,4.8132345445754975e-11
P04,15,C,gamma,1799551287-γ-7,P04-T15-Cγ,11,62,D4,8,8,L3,L,False,62,True,L3,True,0.8829741847911151,False,0.8832459449768066,valid,False,0.0005185576685430602,0.05397082124716144,0.8829741847911151,0.04575476614734591,0.0003003845583217063,0.006214253602699112,0.009943031943751549,0.0002845904824822211,3.4448998861593806e-05,4.960559718116216e-06
P04,15,C,gamma,1799551287-γ-7,P04-T15-Cγ,12,57,A3,5,5,L4,L,False,57,True,L4,True,0.727876280824981,False,1.2883319854736328,valid,False,0.0003409914521054098,0.012374340137289773,0.24791802034847144,0.727876280824981,0.011200120961880075,0.00024249700065699276,4.611027433839932e-05,1.459197123156562e-06,1.5689750973450668e-07,2.2905643985580292e-08
P04,15,C,gamma,1799551287-γ-7,P04-T15-Cγ,13,67,G4,11,11,R2,R,False,67,True,R2,True,0.9690487274339006,False,0.7517750263214111,valid,False,5.392517590792996e-06,2.20165091709874e-05,2.759487997604714e-06,2.5069283225730344e-07,3.5986939481364396e-09,0.011156885488126598,0.9690487274339006,0.017052808250413016,0.002423602066049797,0.00028755395522437
P04,15,C,gamma,1799551287-γ-7,P04-T15-Cγ,14,62,D4,8,8,R2,R,False,62,True,R2,True,0.9632015275488858,False,0.6002979278564453,valid,False,0.0002629263354936584,0.004807366620862379,0.0007954814889254906,7.854297660422801e-05,1.1237661151012907e-06,0.009347348878280754,0.9632015275488858,0.019890906360170543,0.0015147480251483001,0.00010002799951345553
P04,15,C,gamma,1799551287-γ-7,P04-T15-Cγ,15,55,G3,4,4,L1,L,False,55,True,L1,True,0.67649057993302,False,0.9126641750335693,valid,False,0.67649057993302,0.3163719324231369,0.0060310343064402935,0.0007239148694104923,4.963388678596556e-05,0.00029767184601263056,3.4494009206765035e-05,6.601249140121805e-07,6.862539424671036e-08,9.975678825433777e-09
P04,15,C,gamma,1799551287-γ-7,P04-T15-Cγ,16,57,A3,5,5,R3,R,False,57,True,R3,True,0.8077641162980573,False,0.9710299968719482,valid,False,0.0045441861273241855,0.00544267180337942,0.0003179917247386533,3.523448743412871e-05,1.7333276886478274e-06,0.0011943040016621554,0.1101814280786295,0.8077641162980573,0.07004333695920333,0.00047499719188262
P04,15,C,gamma,1799551287-γ-7,P04-T15-Cγ,17,62,D4,8,8,L1,L,False,62,True,L1,True,0.5791870330429285,False,0.877173900604248,valid,False,0.5791870330429285,0.305400934627507,0.007703120088764479,0.0005954876990655063,1.0906737658767016e-05,0.00537428452281316,0.09941010450555052,0.0020577753109913086,0.0002417435097477111,1.860995497306687e-05
P04,15,C,gamma,1799551287-γ-7,P04-T15-Cγ,18,55,G3,4,4,L3,L,False,55,True,L3,True,0.7133566033291914,False,0.6804790496826172,valid,False,0.0004705548741137346,0.13467819089320401,0.7133566033291914,0.14990195398871864,0.0012305561410482129,0.00022503880013333515,0.0001306630616320959,6.035970896782549e-06,3.7991703291555946e-07,2.3024028933689107e-08
P04,15,C,gamma,1799551287-γ-7,P04-T15-Cγ,19,53,F3,3,3,L5,L,False,53,True,L5,True,0.8109332675342608,False,0.7103700637817383,valid,False,4.5899127534624004e-05,0.0011155924128187532,0.017426355628152954,0.1704063308456482,0.8109332675342608,4.755201943983975e-05,2.378842514431907e-05,1.1342152992583203e-06,7.442011135189794e-08,5.371589923011887e-09
P04,15,C,gamma,1799551287-γ-7,P04-T15-Cγ,20,62,D4,8,8,R5,R,False,62,True,R5,True,0.9628392389987418,False,0.9246540069580078,valid,False,2.2313903594896516e-05,0.00019730032201244763,3.8720802814717484e-05,5.1039587127479054e-06,3.0575279828235804e-07,4.955827982062762e-05,0.0003656227723431804,0.004348741357661399,0.032133093851499935,0.9628392389987418
P04,15,C,gamma,1799551287-γ-7,P04-T15-Cγ,21,67,G4,11,11,R1,R,False,67,True,R1,True,0.8532865176323258,False,0.7828929424285889,valid,False,1.005400187327978e-06,2.7622435667658383e-06,2.3005194979634951e-07,2.9792723589859e-08,1.3568448594848704e-09,0.8532865176323258,0.14104731269909265,0.004899314930062493,0.0006370516045434515,0.00012577428870321343
P04,15,C,gamma,1799551287-γ-7,P04-T15-Cγ,22,57,A3,5,5,R3,R,False,57,True,R3,True,0.7510047731630902,False,0.698483943939209,valid,False,0.0004594012824947898,0.03262388477970446,0.005903026866422597,0.000766419328700498,3.289732286552367e-05,0.0018494387733759632,0.12026426199116208,0.7510047731630902,0.08660971636519606,0.00048618012698775534
P04,15,C,gamma,1799551287-γ-7,P04-T15-Cγ,23,48,C3,0,0,L1,L,False,48,True,L1,True,0.7652089589865171,False,0.9466149806976318,valid,False,0.7652089589865171,0.2214393961562683,0.009394730486350623,0.0027186867345407343,0.001173685673208275,6.48711931574091e-06,5.224557829467438e-05,5.508408087079442e-06,2.949386497143779e-07,5.918767780979361e-09
P04,15,C,gamma,1799551287-γ-7,P04-T15-Cγ,24,65,F4,10,10,R3,R,False,65,True,R3,True,0.7796513172541831,False,1.4119927883148193,valid,False,8.189488255833438e-07,2.2016061508261363e-07,1.0961151595029081e-08,1.6725632811027196e-09,1.5764669541010356e-10,0.0015771537884730867,0.1602032873942082,0.7796513172541831,0.057889679196559005,0.0006775104657742322
P04,15,C,gamma,1799551287-γ-7,P04-T15-Cγ,25,67,G4,11,11,R1,R,False,67,True,R1,True,0.9675814422406853,False,0.9193730354309082,valid,False,3.1990894951104934e-07,7.596784490121435e-08,3.782216287856043e-09,7.336744754716151e-10,6.644864755215645e-11,0.9675814422406853,0.031025194474525262,0.0012150674618259811,0.00015689467884746604,2.1000684982218318e-05
P04,15,C,gamma,1799551287-γ-7,P04-T15-Cγ,26,59,B3,6,6,R4,R,False,59,True,R4,True,0.6762749047794887,False,0.7065422534942627,valid,False,0.00039002273472846905,0.0004478036863361579,2.2294832746999792e-05,3.992249818336273e-06,3.452112672687004e-07,0.0009306471000315118,0.01245351991666252,0.3038699024230403,0.6762749047794887,0.005606567065879762
P04,15,C,gamma,1799551287-γ-7,P04-T15-Cγ,27,57,A3,5,5,L5,L,False,57,True,L5,True,0.7837307428964816,False,0.873420000076294,valid,False,0.000897950513157577,0.0036897483812134905,0.01628855228386867,0.19315523831159467,0.7837307428964816,0.0005193540705723975,0.0015637027930553986,0.00013863170330322404,1.536083057514723e-05,7.182161776893895e-07
P04,15,C,gamma,1799551287-γ-7,P04-T15-Cγ,28,60,C4,7,7,L2,L,False,60,True,L2,True,0.5962384459293715,False,0.6406750679016113,valid,False,0.002485914659645523,0.5962384459293715,0.21934386629342642,0.010080881045373222,0.0001134350743619456,0.002756850148755509,0.15276523860384755,0.015038907317471518,0.0011169934589023388,5.9467468844595334e-05
P04,15,C,gamma,1799551287-γ-7,P04-T15-Cγ,29,57,A3,5,5,R3,R,False,57,True,R3,True,0.8322149047065275,False,0.7671201229095459,valid,False,0.00099250086887907,0.013488646116394663,0.0012264093915844848,0.00015946843219692507,4.575468595500321e-06,0.0009163159310346361,0.06674031101385812,0.8322149047065275,0.08336233260759704,0.0008945354633320477
P04,16,C,gamma,1799551287-γ-1,P04-T16-Cγ,0,55,G3,4,4,L3,L,False,55,True,L3,True,0.8243040351208835,False,0.9482381343841553,valid,False,0.00048556156039128526,0.10944593929291023,0.8243040351208835,0.052171660048788114,0.0008324814855789855,0.0009706190931746034,0.011283473558295674,0.0004651196645034362,3.8950620991877744e-05,2.1595544821679458e-06
P04,16,C,gamma,1799551287-γ-1,P04-T16-Cγ,1,60,C4,7,7,L5,L,False,60,True,L5,True,0.7894343632970943,False,0.9277620315551758,valid,False,0.000400886126605711,0.0021438982318659375,0.011984161433007682,0.1928811976085986,0.7894343632970943,0.0004915302937843108,0.0024714052426728084,0.0001705574128277012,1.8896910498315096e-05,3.103443044830548e-06
P04,16,C,gamma,1799551287-γ-1,P04-T16-Cγ,2,57,A3,5,5,L2,L,False,57,True,L2,True,0.8198726138310576,False,0.5043869018554688,valid,False,0.004707462329110273,0.8198726138310576,0.15903892430409264,0.008577555612001927,0.0003483712526055672,0.0013301476198790377,0.0058248555193259974,0.00027503662158106785,2.3004763856287815e-05,2.028146489544152e-06
P04,16,C,gamma,1799551287-γ-1,P04-T16-Cγ,3,48,C3,0,0,L4,L,False,48,True,L4,True,0.5932111518507649,False,1.847132921218872,valid,False,2.5217093115686107e-05,0.004307466473190956,0.3255611827964402,0.5932111518507649,0.07689305522811403,1.1338144720986853e-06,7.635613445155274e-07,2.6603983694622685e-08,2.3172932959510595e-09,2.6128050832002807e-10
P04,16,C,gamma,1799551287-γ-1,P04-T16-Cγ,4,64,E4,9,9,R2,R,False,64,True,R2,True,0.9390723849257285,False,0.5545821189880371,valid,False,5.94893478922856e-05,4.355526989088641e-05,2.4909093446618095e-06,2.872031455634301e-07,1.4022121606794775e-08,0.012709314939748856,0.9390723849257285,0.043159068750831586,0.004593959046526222,0.00035943558476967454
P04,16,C,gamma,1799551287-γ-1,P04-T16-Cγ,5,69,A4,12,12,R5,R,False,69,True,R5,True,0.9604076501495723,False,0.893139123916626,valid,False,7.116800176562389e-07,1.5491373101327143e-07,6.3146251026127304e-09,8.210825617732819e-10,7.366238636111805e-11,2.392952635733687e-05,0.0001506731782772174,0.0032784076432696373,0.036138465699404765,0.9604076501495723
P04,16,C,gamma,1799551287-γ-1,P04-T16-Cγ,6,53,F3,3,3,L2,L,False,53,True,L2,True,0.7803966283735954,False,0.5573172569274902,valid,False,0.0025594753302290467,0.7803966283735954,0.19244343922719478,0.02309929940678574,0.001461809279609035,3.339653791362363e-05,5.80870135552297e-06,1.2587795750346557e-07,1.5680590777253802e-08,1.5847685597259057e-09
P04,16,C,gamma,1799551287-γ-1,P04-T16-Cγ,7,53,F3,3,3,L2,L,False,53,True,L2,True,0.7487848350804756,False,0.43751978874206543,valid,False,0.002117924661771727,0.7487848350804756,0.2255296582938721,0.022163608180665238,0.001364783444247878,3.3070608754484294e-05,5.923544056079641e-06,1.731160589625342e-07,2.0718353514651012e-08,2.35174443169437e-09
P04,16,C,gamma,1799551287-γ-1,P04-T16-Cγ,8,65,F4,10,10,R2,R,False,65,True,R2,True,0.9321464375993526,False,0.44973325729370117,valid,False,1.7540455116216396e-05,3.839127791666332e-06,3.2150094473478255e-07,3.562332009308816e-08,2.309071409671963e-09,0.00792030346934688,0.9321464375993526,0.05232581920132229,0.006966576480521427,0.0006191242332127386
P04,16,C,gamma,1799551287-γ-1,P04-T16-Cγ,9,50,D3,1,1,L4,L,False,50,True,L3,True,0.47247096049446907,False,1.6103639602661133,valid,False,0.00010274748592203935,0.02512936177837523,0.47247096049446907,0.47247096049446907,0.029825651797215115,3.000216843396756e-07,1.7348166849794567e-08,5.134959399522677e-10,5.6450410992587177e-11,9.751977199998605e-12
P04,16,C,gamma,1799551287-γ-1,P04-T16-Cγ,10,60,C4,7,7,L2,L,False,60,True,L2,True,0.9170668115484292,False,0.7810781002044678,valid,False,0.0033911880880156267,0.9170668115484292,0.04565806804446064,0.0035295850993195496,7.46096257748159e-05,0.013741473089018505,0.01613805791950718,0.00036102081191888156,3.404491841826175e-05,5.140855137346822e-06
P04,16,C,gamma,1799551287-γ-1,P04-T16-Cγ,11,55,G3,4,4,L4,L,False,55,True,L4,True,0.6030759317816982,False,1.3776187896728516,valid,False,0.00013563790468026194,0.011741261317599014,0.373173370584528,0.6030759317816982,0.011734110076350439,0.00012289470606698428,1.6272787156148846e-05,4.6291973018097006e-07,5.098894321904776e-08,6.933247570011654e-09
P04,16,C,gamma,1799551287-γ-1,P04-T16-Cγ,12,65,F4,10,10,R2,R,False,65,True,R2,True,0.9460292221717005,False,0.46132802963256836,valid,False,1.7094954945792654e-05,6.292917069596945e-06,3.3960528501409437e-07,3.615387072189043e-08,1.8979270630924065e-09,0.010354374834970505,0.9460292221717005,0.03856223612365798,0.004512811432159235,0.0005175899084138183
P04,16,C,gamma,1799551287-γ-1,P04-T16-Cγ,13,67,G4,11,11,R5,R,False,67,True,R5,True,0.9220513037926023,False,0.8622281551361084,valid,False,4.126412853908577e-06,1.0989510621754668e-06,3.8172349712260345e-08,6.30984696824223e-09,3.8300650156421314e-10,5.4609620137708104e-05,0.0004998740391663726,0.00890489268910593,0.06848404962986837,0.9220513037926023
P04,16,C,gamma,1799551287-γ-1,P04-T16-Cγ,14,48,C3,0,0,L3,L,False,48,True,L3,True,0.7103542132587849,False,1.6790683269500732,valid,False,6.425078990250605e-05,0.07724137181360193,0.7103542132587849,0.2108581476747337,0.001481875916686835,1.2733838738297994e-07,1.2695838917780983e-08,4.589905283710105e-10,4.690744231877711e-11,6.165980964829291e-12
P04,16,C,gamma,1799551287-γ-1,P04-T16-Cγ,15,50,D3,1,1,L5,L,False,50,True,L4,True,0.40511735953970907,False,1.0336980819702148,valid,False,4.617509433279043e-05,0.004040792754026728,0.09598354799896255,0.4948114603203659,0.40511735953970907,5.885480215960553e-07,7.358402597758609e-08,1.934187534961002e-09,1.9679427138373448e-10,2.9573457253054356e-11
P04,16,C,gamma,1799551287-γ-1,P04-T16-Cγ,16,62,D4,8,8,R3,R,False,62,True,R3,True,0.7943508236068711,False,0.5906236171722412,valid,False,0.00018142070417407399,0.0004339563553331429,3.464940265103158e-05,4.136924782939081e-06,4.827050945528464e-07,0.0011421461714744693,0.1421752076318556,0.7943508236068711,0.060608411145522165,0.0010687653522407844
P04,16,C,gamma,1799551287-γ-1,P04-T16-Cγ,17,53,F3,3,3,L4,L,False,53,True,L4,True,0.6025648321316398,False,0.8688278198242188,valid,False,0.00010669345075899854,0.011182541175755624,0.3616230396607404,0.6025648321316398,0.024430535212510485,5.310571061794832e-05,3.8180326003911465e-05,9.89011364778121e-07,7.9093174492054e-08,4.227433662309831e-09
P04,16,C,gamma,1799551287-γ-1,P04-T16-Cγ,18,71,B4,13,13,R1,R,False,71,True,R1,True,0.9560211289598236,False,1.3284718990325928,valid,False,2.1774487513554628e-07,1.6650085284670722e-07,1.2913723359120498e-08,1.488748070623339e-09,4.432992507989436e-11,0.9560211289598236,0.040559904884747665,0.0023697394543481924,0.0006588759606643965,0.0003899520478868923
P04,16,C,gamma,1799551287-γ-1,P04-T16-Cγ,19,62,D4,8,8,L2,L,False,62,True,L2,True,0.907826355187818,False,0.7646031379699707,valid,False,0.008061137860019588,0.907826355187818,0.03415992322932999,0.0030989183198882747,7.816393879896657e-05,0.026646062179817756,0.019512457768972966,0.0005549113662347495,5.4533129652503856e-05,7.537019467195163e-06
P04,16,C,gamma,1799551287-γ-1,P04-T16-Cγ,20,72,C5,14,14,R3,R,False,72,True,R3,True,0.7589088868619438,False,1.625553846359253,valid,False,1.2947539438411856e-08,4.41360605482984e-09,2.2932668602202416e-10,2.1653076879067884e-11,1.1062068153654568e-12,0.0005241800014565189,0.05636687856589364,0.7589088868619438,0.1809111198692368,0.0032889170882376183
P04,16,C,gamma,1799551287-γ-1,P04-T16-Cγ,21,60,C4,7,7,L4,L,False,60,True,L4,True,0.7733824903734751,False,1.0366442203521729,valid,False,0.0003467082411378215,0.014370819871452386,0.1881286383428192,0.7733824903734751,0.0223083111236814,0.0011494062453724356,0.0003036811834917994,9.011747627180967e-06,8.630900981801065e-07,6.978084458459329e-08
P04,16,C,gamma,1799551287-γ-1,P04-T16-Cγ,22,62,D4,8,8,R5,R,False,62,True,R5,True,0.9579813001794464,False,0.8180088996887207,valid,False,4.338110010100006e-05,0.0004520345260428523,0.0002857017439964612,4.5764708109691154e-05,1.0768693364314984e-06,6.145592370606047e-05,0.0003574122407748104,0.0032535935614672294,0.03751827914701908,0.9579813001794464
P04,16,C,gamma,1799551287-γ-1,P04-T16-Cγ,23,57,A3,5,5,R3,R,False,57,True,R3,True,0.7970919168890985,False,1.1625902652740479,valid,False,0.0012037396325023173,0.018308721809324583,0.0013784642273584175,0.00021034000223470216,7.85997108061453e-06,0.0014932724707499277,0.12522753373922518,0.7970919168890985,0.05465113597279614,0.0004270152856293155
P04,16,C,gamma,1799551287-γ-1,P04-T16-Cγ,24,57,A3,5,5,L1,L,False,57,True,L1,True,0.6197106086363987,False,0.6263549327850342,valid,False,0.6197106086363987,0.28981784612112077,0.00929291803827211,0.0008774393953185972,4.032646236342953e-05,0.0009231042649492265,0.0675184703391705,0.011319136711973482,0.0004897262572602663,1.042377317299505e-05
P04,16,C,gamma,1799551287-γ-1,P04-T16-Cγ,25,59,B3,6,6,R5,R,False,59,True,R5,True,0.9408107994127233,False,1.1598296165466309,valid,False,0.000690876284654127,0.0009672890210522686,7.184401676099209e-05,1.5713140472023133e-05,1.0345562219676654e-06,0.0001640173978977091,0.0010030048950578525,0.004633732584425446,0.05164168869073429,0.9408107994127233
P04,16,C,gamma,1799551287-γ-1,P04-T16-Cγ,26,69,A4,12,12,R1,R,False,69,True,R1,True,0.8586983239066842,False,0.6360089778900146,valid,False,5.538790402109454e-07,1.984340943921291e-07,1.7303836220038108e-08,2.5368628614209033e-09,1.0339363447868307e-10,0.8586983239066842,0.13637625760518646,0.004036660195424454,0.0006410919823055713,0.00024689405317188996
P04,16,C,gamma,1799551287-γ-1,P04-T16-Cγ,27,71,B4,13,13,R1,R,False,71,True,R1,True,0.9594554681689006,False,0.6183271408081055,valid,False,1.1926353084469595e-07,4.131070885429016e-08,3.750452355491004e-09,4.685448086121636e-10,1.754856157177926e-11,0.9594554681689006,0.03610263675130888,0.003023351253937964,0.0008749101381758857,0.0005434688768915722
P04,16,C,gamma,1799551287-γ-1,P04-T16-Cγ,28,62,D4,8,8,L3,L,False,62,True,L3,True,0.7345151279177985,False,1.0331201553344727,valid,False,0.0001248316301572661,0.05678150131536252,0.7345151279177985,0.03243410821027847,0.00012516577933361595,0.00024640237504545433,0.10346264106112048,0.0693530823190591,0.0028269844880179115,0.0001301549038267697
P04,16,C,gamma,1799551287-γ-1,P04-T16-Cγ,29,65,F4,10,10,R4,R,False,65,True,R4,True,0.7936636163198537,False,0.7349071502685547,valid,False,1.5217850893262148e-06,8.001246505519053e-06,7.003336584575623e-07,4.591897345956115e-08,8.341072589750288e-10,7.881501734082414e-05,0.0041370959849802895,0.18066775097338877,0.7936636163198537,0.021442451586102296
P04,17,C,alpha,1799551287-α-1,P04-T17-Cα,0,57,A3,5,5,L5,L,False,57,True,L5,True,0.817589495020397,False,1.093738079071045,valid,False,0.0013925803779850374,0.001356774908660429,0.018386692671896184,0.15859604482064557,0.817589495020397,0.0004080886892088773,0.002186807566597234,7.625749073369259e-05,6.646667822702786e-06,6.117860532538637e-07
P04,17,C,alpha,1799551287-α-1,P04-T17-Cα,1,59,B3,6,6,L4,L,False,59,True,L4,True,0.6221133437882128,False,0.8269178867340088,valid,False,0.00019823024767772702,0.012478541320058243,0.333119463786503,0.6221133437882128,0.014935572145903107,0.001506146184110838,0.015159636209049606,0.0004462492176202134,3.8867128271190814e-05,3.9499725931905675e-06
P04,17,C,alpha,1799551287-α-1,P04-T17-Cα,2,57,A3,5,5,L3,L,False,57,True,L3,True,0.8236209768863625,False,0.6222808361053467,valid,False,0.0005706307689192892,0.11446705166648077,0.8236209768863625,0.056470052002956635,0.00047786348310524296,0.0010397517530640978,0.0032584796316457118,8.661436882414272e-05,7.848783174412036e-06,7.306554671884857e-07
P04,17,C,alpha,1799551287-α-1,P04-T17-Cα,3,62,D4,8,8,R3,R,False,62,True,R3,True,0.7682022052179736,False,0.9574580192565918,valid,False,0.0001772670871744285,0.008908169150662023,0.001004061210995083,0.00012051910228092516,1.6045575715087193e-06,0.0005365862032670518,0.047936942293875864,0.7682022052179736,0.17253508555825126,0.0005775596179481554
P04,17,C,alpha,1799551287-α-1,P04-T17-Cα,4,59,B3,6,6,L4,L,False,59,True,L4,True,0.6619387079672892,False,0.7086131572723389,valid,False,0.0002671655005068166,0.012869296262779894,0.297215928731608,0.6619387079672892,0.012394669465757019,0.0020156209359931997,0.012768292005978364,0.0004941940453835732,3.513053548358745e-05,9.945492204420485e-07
P04,17,C,alpha,1799551287-α-1,P04-T17-Cα,5,60,C4,7,7,L2,L,False,60,True,L2,True,0.7040103459284395,False,0.5497362613677979,valid,False,0.0031797197118225403,0.7040103459284395,0.16679959334985037,0.015131717718204728,0.00016965233672209897,0.005566647858137167,0.10111419011166334,0.003731435648530698,0.0002862524445686875,1.044489206080871e-05
P04,17,C,alpha,1799551287-α-1,P04-T17-Cα,6,59,B3,6,6,L3,L,False,59,True,L2,False,0.0700414611610558,False,0.6894316673278809,valid,False,0.002855044326789773,0.9060435460931237,0.0700414611610558,0.005865497882817328,0.0001285739279908541,0.002579562925703815,0.011934918703144021,0.0005112417897148067,3.87242075079738e-05,1.428982151985212e-06
P04,17,C,alpha,1799551287-α-1,P04-T17-Cα,7,57,A3,5,5,L4,L,False,57,True,L4,True,0.5911638503731823,False,0.9075467586517334,valid,False,0.00022008785789658805,0.010050145545471624,0.3864055204311105,0.5911638503731823,0.009648052237876988,0.0006635589153602938,0.0017897809204919667,5.513851647617161e-05,3.71633138810921e-06,1.4887074551052254e-07
P04,17,C,alpha,1799551287-α-1,P04-T17-Cα,8,59,B3,6,6,L3,L,False,59,True,L3,True,0.7760051232998187,False,0.5974740982055664,valid,False,0.001004416973479323,0.16543606325693444,0.7760051232998187,0.04185281766352664,0.0003232560514100046,0.0018569386002302583,0.012881204000249107,0.0006029983143802949,3.572762557181832e-05,1.454214399561776e-06
P04,17,C,alpha,1799551287-α-1,P04-T17-Cα,9,64,E4,9,9,R2,R,False,64,True,R2,True,0.9301565663854189,False,0.4507179260253906,valid,False,0.00023526042574128036,0.009000227568545299,0.0012639757418699247,0.00011474963330994987,1.1466840431480027e-06,0.00801574067846277,0.9301565663854189,0.04819970607119308,0.0029051089159638005,0.00010751789545179955
P04,17,C,alpha,1799551287-α-1,P04-T17-Cα,10,65,F4,10,10,R3,R,False,65,True,R3,True,0.799614754278372,False,0.3551468849182129,valid,False,6.481142795384994e-05,0.0008597849821730269,9.867152902122367e-05,9.317415967159003e-06,1.226628885252235e-07,0.0006574105896981245,0.11487226832250651,0.799614754278372,0.08271375469146465,0.0011091040999549162
P04,17,C,alpha,1799551287-α-1,P04-T17-Cα,11,67,G4,11,11,R2,R,False,67,True,R2,True,0.9414725844161581,False,0.5331189632415771,valid,False,2.432462078954816e-05,0.00019613166057523012,1.9205573197322262e-05,1.9644268190052975e-06,2.57842897982109e-08,0.005063825736867784,0.9414725844161581,0.046873159926796824,0.006184645083513341,0.00016413277099323358
P04,17,C,alpha,1799551287-α-1,P04-T17-Cα,12,69,A4,12,12,R1,R,False,69,True,R1,True,0.8727119092592817,False,0.6247520446777344,valid,False,1.3970457436624315e-05,7.960071939417147e-05,6.816599766117183e-06,6.972304995746146e-07,1.0043734875164306e-08,0.8727119092592817,0.12292882145725273,0.003495951205744095,0.0006156801361327831,0.00014654289075761106
P04,17,C,alpha,1799551287-α-1,P04-T17-Cα,13,67,G4,11,11,R2,R,False,67,True,R2,True,0.9492488361732503,False,0.3727760314941406,valid,False,2.5785595583463273e-05,0.00016996021971572262,1.5854070037254544e-05,1.828372545992301e-06,2.441640475119169e-08,0.016562897042241172,0.9492488361732503,0.030437365229733327,0.003239860034809363,0.0002975888456787115
P04,17,C,alpha,1799551287-α-1,P04-T17-Cα,14,57,A3,5,5,L4,L,False,57,True,L4,True,0.5179848851696152,False,0.9139289855957031,valid,False,0.0002859780008341885,0.01735617617126845,0.4594113805675218,0.5179848851696152,0.0049256422955974025,3.3561747607452087e-05,2.311048555346699e-06,5.600587638010288e-08,7.432859685871933e-09,1.5602642574101429e-09
P04,17,C,alpha,1799551287-α-1,P04-T17-Cα,15,59,B3,6,6,L3,L,False,59,True,L3,True,0.8057293108259034,False,0.5590479373931885,valid,False,0.0005688455559674083,0.14189457833129152,0.8057293108259034,0.05099603290136604,0.0003888811175049851,0.00038150575175107456,3.962669956204008e-05,1.0827489403354332e-06,1.1247252772754898e-07,2.3595185235863226e-08
P04,17,C,alpha,1799551287-α-1,P04-T17-Cα,16,57,A3,5,5,L2,L,False,57,True,L2,True,0.8981581230050413,False,0.5370450019836426,valid,False,0.0036760442705248216,0.8981581230050413,0.09186739111668679,0.006051741829606054,0.00014457540630428495,9.21661308389239e-05,9.661041086123698e-06,2.639756051891339e-07,2.6721465686125623e-08,6.502840711034757e-09
P04,17,C,alpha,1799551287-α-1,P04-T17-Cα,17,65,F4,10,10,R1,R,False,65,True,R1,True,0.9705122579097886,False,0.6539750099182129,valid,False,0.00014378829342620553,5.829867186328737e-05,4.160267237615355e-06,3.774109289334628e-07,1.0665893613382724e-08,0.9705122579097886,0.028726614657645266,0.0004666499066744476,6.31541972921252e-05,2.468801924982105e-05
P04,17,C,alpha,1799551287-α-1,P04-T17-Cα,18,64,E4,9,9,R3,R,False,64,True,R3,True,0.7275383245808763,False,0.6107230186462402,valid,False,0.0002570032672585798,0.00025402227409891204,1.5447110396155125e-05,1.7115886194656288e-06,4.673535388493425e-08,0.002286831465180525,0.1745028743956845,0.7275383245808763,0.09460087045990115,0.0005428681226304213
P04,17,C,alpha,1799551287-α-1,P04-T17-Cα,19,65,F4,10,10,R4,R,False,65,True,R4,True,0.6098045754452637,False,0.9780340194702148,valid,False,5.0842207585012655e-05,3.8113297760749704e-05,3.192785766356144e-06,2.7828592593129613e-07,7.309183404868292e-09,0.00027706307708777326,0.006468985616353879,0.37733694353292396,0.6098045754452637,0.0060199984421491345
P04,17,C,alpha,1799551287-α-1,P04-T17-Cα,20,64,E4,9,9,R5,R,False,64,True,R5,True,0.9426898155436375,False,0.7149338722229004,valid,False,0.00014208161772696855,0.00026945315011064696,3.23460714243027e-05,3.178764419081003e-06,7.195966820632533e-08,0.00012021278097586317,0.0004908159966194779,0.0054092863826571205,0.05084273773276084,0.9426898155436375
P04,17,C,alpha,1799551287-α-1,P04-T17-Cα,21,65,F4,10,10,R4,R,False,65,True,R4,True,0.6318823077266732,False,0.9022378921508789,valid,False,5.0205242668457714e-05,4.2796590313252505e-05,3.054019017438231e-06,2.883611572722699e-07,7.630839888920014e-09,0.0003814716085967433,0.010691911745421034,0.34678436312234456,0.6318823077266732,0.010163593952968113
P04,17,C,alpha,1799551287-α-1,P04-T17-Cα,22,64,E4,9,9,R5,R,False,64,True,R5,True,0.9525089406122046,False,0.681373119354248,valid,False,0.00013997123472869407,0.0002948476382796515,3.0170202720075756e-05,2.964933999712305e-06,7.25355073103298e-08,7.694224797130515e-05,0.0004323203255626747,0.004453672557149565,0.04206009771187635,0.9525089406122046
P04,17,C,alpha,1799551287-α-1,P04-T17-Cα,23,59,B3,6,6,L2,L,False,59,True,L2,True,0.92113273011922,False,0.5485849380493164,valid,False,0.005963181462530629,0.92113273011922,0.06315576537171495,0.006459837360558477,0.00011971405803903278,0.002013897614188349,0.0011113818390163374,4.017960064046037e-05,2.984282710789929e-06,3.2829138077585313e-07
P04,17,C,alpha,1799551287-α-1,P04-T17-Cα,24,57,A3,5,5,L3,L,False,57,True,L3,True,0.7898742077574801,False,0.6399400234222412,valid,False,0.0006758912319343164,0.16059554830099498,0.7898742077574801,0.04803230003977679,0.00034118437937106475,0.0003414663647413339,0.0001342275931661423,4.6628599407463155e-06,4.5823596554808107e-07,5.323662905339796e-08
P04,17,C,alpha,1799551287-α-1,P04-T17-Cα,25,59,B3,6,6,L4,L,False,59,True,L4,True,0.6983267863268044,False,1.155895709991455,valid,False,0.000335529371590052,0.016228561772048854,0.27377625236920117,0.6983267863268044,0.009636045214966945,0.0007924854369469066,0.0008731719147899557,2.8118914040503423e-05,2.763346506061096e-06,2.853331051237796e-07
P04,17,C,alpha,1799551287-α-1,P04-T17-Cα,26,60,C4,7,7,L5,L,False,60,True,L5,True,0.7172921829066854,False,0.9428460597991943,valid,False,0.000474035532686168,0.007798290874503172,0.027671306582619824,0.24358921589520163,0.7172921829066854,0.0011174896138352126,0.001982874223060017,6.69026477523321e-05,6.835537786240749e-06,8.661858700269603e-07
P04,17,C,alpha,1799551287-α-1,P04-T17-Cα,27,65,F4,10,10,R5,R,False,65,True,R5,True,0.9368862319403191,False,1.06846284866333,valid,False,4.601773647982903e-05,0.0003008873206188493,1.911201388434655e-05,2.9163042198394754e-06,9.732660801514109e-08,8.69262453832393e-05,0.0005173074220689776,0.005168393253422588,0.056972110436995294,0.9368862319403191
P04,17,C,alpha,1799551287-α-1,P04-T17-Cα,28,60,C4,7,7,L5,L,False,60,True,L5,True,0.712381100182812,False,0.9228689670562744,valid,False,0.0002167550018572296,0.0036086357747006186,0.03106487379679346,0.2517944351985617,0.712381100182812,0.0006380819305277915,0.000268161444804959,2.4443597000725124e-05,2.9338202323327034e-06,5.792527091498855e-07
P04,17,C,alpha,1799551287-α-1,P04-T17-Cα,29,59,B3,6,6,L4,L,False,59,True,L4,True,0.8141631275146047,False,1.8166320323944092,valid,False,0.00023854574318083922,0.006271093391420596,0.15051833749633317,0.8141631275146047,0.028085770675593372,0.0004273224660505916,0.00028244574050901536,1.2060263344551138e-05,1.138462468945385e-06,1.582464942087571e-07
P04,18,B,beta,1799551287-β-4,P04-T18-Bβ,0,62,D4,8,8,R4,R,False,62,True,R4,True,0.6417704130683562,False,1.4376699924468994,valid,False,0.0004318082676715095,0.005721497819610201,0.00042495611580795875,5.9858647433449844e-05,1.9193486941049277e-06,0.00024081031014917034,0.005410038158142932,0.33809333819489934,0.6417704130683562,0.007845360069235223
P04,18,B,beta,1799551287-β-4,P04-T18-Bβ,1,65,F4,10,10,R2,R,False,65,True,R2,True,0.9662554762182911,False,0.9409470558166504,valid,False,0.00014580564308053312,0.00020875964084726424,1.3212766831346843e-05,1.351457373861676e-06,4.333405542689167e-08,0.01060390785040707,0.9662554762182911,0.020768310003345967,0.0019358343856214872,6.729870014584735e-05
P04,18,B,beta,1799551287-β-4,P04-T18-Bβ,2,60,C4,7,7,R3,R,False,60,True,R3,True,0.8024962639987966,False,0.9326188564300537,valid,False,0.0014082457947340627,0.062036765395144716,0.0036245393324948277,0.0004712941769324528,1.5111899480192231e-05,0.00077121356388237,0.05410225060576434,0.8024962639987966,0.07472371003467163,0.00035060519809880026
P04,18,B,beta,1799551287-β-4,P04-T18-Bβ,3,57,A3,5,5,L5,L,False,57,True,L5,True,0.8026724137494111,False,1.005946159362793,valid,False,0.00021347842288926066,0.001948298330799876,0.01983784275412215,0.1748381190867594,0.8026724137494111,0.0002488992558140567,0.00023072524422022443,9.35304498103745e-06,8.140589687165023e-07,5.6052034148968494e-08
P04,18,B,beta,1799551287-β-4,P04-T18-Bβ,4,60,C4,7,7,R3,R,False,60,True,R3,True,0.8573213234231283,False,0.8159289360046387,valid,False,0.0010441719096714907,0.009709439526411252,0.0008814498134788079,0.00012415962884777454,1.2691349300867383e-05,0.0007668416711924323,0.050672616864408326,0.8573213234231283,0.07882130794577803,0.0006459978677826095
P04,18,B,beta,1799551287-β-4,P04-T18-Bβ,5,57,A3,5,5,L5,L,False,57,True,L5,True,0.6542146846922862,False,0.9910159111022949,valid,False,0.00016449193180078967,0.0029478465898858455,0.03628336246033233,0.30595424408745586,0.6542146846922862,0.00030966969086989194,0.00012005826075443284,5.1099562402544765e-06,4.999255973579423e-07,3.2404777063005384e-08
P04,18,B,beta,1799551287-β-4,P04-T18-Bβ,6,62,D4,8,8,R5,R,False,62,True,R5,True,0.927099395302389,False,1.0855839252471924,valid,False,0.00013796059900726936,0.0006148759323873642,0.0001454476257528169,1.817080274907942e-05,1.715691251224064e-06,9.79663613809585e-05,0.0006110742927117582,0.0051144035386339855,0.06615898985373629,0.927099395302389
P04,18,B,beta,1799551287-β-4,P04-T18-Bβ,7,65,F4,10,10,R3,R,False,65,True,R3,True,0.7349813161026166,False,0.7009506225585938,valid,False,2.2705590927819332e-05,2.9594849937767995e-05,1.9495534719367124e-06,2.5349792474449e-07,2.299681289593364e-08,0.0013693959887367238,0.15444608617177122,0.7349813161026166,0.10775337797637123,0.0013952972714293354
P04,18,B,beta,1799551287-β-4,P04-T18-Bβ,8,69,A4,12,12,R5,R,False,69,True,R5,True,0.9387474197430201,False,0.7644538879394531,valid,False,1.2868508473100147e-06,8.801189003942496e-07,6.803736315421981e-08,8.499922216288708e-09,7.118109036747833e-10,2.3611642048806822e-05,0.00030256669528431096,0.006077214529859895,0.05484694317094274,0.9387474197430201
P04,18,B,beta,1799551287-β-4,P04-T18-Bβ,9,64,E4,9,9,R4,R,False,64,True,R4,True,0.7750313452572719,False,0.9122889041900635,valid,False,0.0001256370424853496,0.00024000475916771016,1.645548330057606e-05,2.1396852804553687e-06,1.8649679090515827e-07,0.00013797692060801804,0.00253365042536007,0.20703823244830052,0.7750313452572719,0.014874371481434574
P04,18,B,beta,1799551287-β-4,P04-T18-Bβ,10,60,C4,7,7,R3,R,False,60,True,R3,True,0.8489772131429982,False,1.2777647972106934,valid,False,0.0010411096006235855,0.011272839933314386,0.0007438114871865575,8.578014978929111e-05,8.099380888917105e-06,0.0006697006878484211,0.037171547091233575,0.8489772131429982,0.09971551622420112,0.0003143823019159478
P04,18,B,beta,1799551287-β-4,P04-T18-Bβ,11,57,A3,5,5,L5,L,False,57,True,L5,True,0.8446415141627679,False,0.9884066581726074,valid,False,0.00015606347060168827,0.0013598631304468467,0.014009361294207887,0.13961830323690297,0.8446415141627679,0.00019264138333246583,2.098842895806779e-05,1.135039636929206e-06,1.2299079235533882e-07,6.862353058998974e-09
P04,18,B,beta,1799551287-β-4,P04-T18-Bβ,12,55,G3,4,4,L4,L,False,55,True,L4,True,0.7615597358173419,False,1.1598291397094727,valid,False,0.0004382672976464354,0.007133341557062275,0.1710432139929635,0.7615597358173419,0.059595809661439694,0.00017846062789730243,4.95529059550765e-05,1.466859752722882e-06,1.4341063317470137e-07,7.869307775951535e-09
P04,18,B,beta,1799551287-β-4,P04-T18-Bβ,13,62,D4,8,8,R1,R,False,62,True,R1,True,0.8670196415064324,False,0.7919950485229492,valid,False,0.0007151712394344766,0.012041254759555415,0.0010050744627825565,8.086789602948211e-05,3.915473497167054e-06,0.8670196415064324,0.11733834875497944,0.0016905630364065138,9.489935510483272e-05,1.0263515777493035e-05
P04,18,B,beta,1799551287-β-4,P04-T18-Bβ,14,64,E4,9,9,R2,R,False,64,True,R2,True,0.9361580149156236,False,0.7343249320983887,valid,False,0.0002070746791604078,0.0016203867343909926,0.00010664862589274181,1.1353653206643748e-05,6.570433735424008e-07,0.012302026042158519,0.9361580149156236,0.04478101519259696,0.00458039061489121,0.0002324324987053737
P04,18,B,beta,1799551287-β-4,P04-T18-Bβ,15,59,B3,6,6,L3,L,False,59,True,L3,True,0.81046169207639,False,1.3814070224761963,valid,False,0.0007649126105250237,0.11766393058101908,0.81046169207639,0.057835575273388014,0.00041949272644207315,0.007722353919881802,0.005040997985622011,8.188856457927703e-05,8.375906867065402e-06,7.803552856542134e-07
P04,18,B,beta,1799551287-β-4,P04-T18-Bβ,16,62,D4,8,8,R5,R,False,62,True,R5,True,0.9517335524750152,False,1.0182979106903076,valid,False,0.00021148288110742444,8.194435281975209e-05,3.4765498957408755e-06,4.0093353752118006e-07,2.6411398325516782e-08,9.187366252509901e-05,0.00032377624139463135,0.0038124998926004445,0.043740966599705805,0.9517335524750152
P04,18,B,beta,1799551287-β-4,P04-T18-Bβ,17,60,C4,7,7,R5,R,False,60,True,R5,True,0.9429930668035758,False,1.1665799617767334,valid,False,0.00036592911216989574,0.011408471829360313,0.0019137390195856463,0.0002037337937973057,5.93284736252715e-06,9.992457152214614e-05,0.0006498257954906102,0.003959313752674466,0.03840006247446133,0.9429930668035758
P04,18,B,beta,1799551287-β-4,P04-T18-Bβ,18,57,A3,5,5,L5,L,False,57,True,L5,True,0.78024266704078,False,1.0498900413513184,valid,False,1.8001081953572153e-05,0.0010021603549942152,0.018105255717606145,0.20025768913500122,0.78024266704078,0.0002991896895292735,6.717897065491183e-05,7.151772741659627e-06,6.233546016256418e-07,8.288213734837749e-08
P04,18,B,beta,1799551287-β-4,P04-T18-Bβ,19,60,C4,7,7,L3,L,False,60,True,R3,False,7.328619692594138e-05,False,0.9565918445587158,valid,False,0.0010702065726310966,0.0015320657725117117,7.328619692594138e-05,1.1639125164942934e-05,1.706376782287194e-06,0.0017354825225971095,0.20271257309116394,0.6968826295667184,0.0943128080550873,0.0016676027204171244
P04,18,B,beta,1799551287-β-4,P04-T18-Bβ,20,57,A3,5,5,L5,L,False,57,True,L5,True,0.9104955870573328,False,1.204939842224121,valid,False,0.0003051319768216577,0.002277464083397018,0.008432633236153808,0.07812434905486099,0.9104955870573328,0.0003158649558371039,4.6606701108904136e-05,2.058019950352168e-06,2.6760168110637474e-07,3.731285635118912e-08
P04,18,B,beta,1799551287-β-4,P04-T18-Bβ,21,53,F3,3,3,L4,L,False,53,True,L4,True,0.805164204858574,False,1.8556609153747559,valid,False,0.00010133158186883387,0.005434737547146073,0.15375129573860014,0.805164204858574,0.035481957933510895,5.7563658691585885e-05,8.660751670528665e-06,2.1844992143989661e-07,2.62208998186306e-08,3.2591168034580505e-09
P04,18,B,beta,1799551287-β-4,P04-T18-Bβ,22,50,D3,1,1,L3,L,False,50,True,L4,True,0.4264322524920824,False,1.3354523181915283,valid,False,2.873186860187662e-05,0.009585090160638868,0.4264322524920824,0.5421016386502024,0.021850487122208165,1.5753839957543657e-06,2.1922410727553658e-07,4.531096970432807e-09,5.008256082508099e-10,6.62406898856826e-11
P04,18,B,beta,1799551287-β-4,P04-T18-Bβ,23,55,G3,4,4,L2,L,False,55,True,L2,True,0.935450034331731,False,1.1620309352874756,valid,False,0.0014394173383772274,0.935450034331731,0.05688477517047486,0.00559027082230052,0.000317599776653187,0.00024283727019374558,7.312625228671107e-05,1.7311449538123384e-06,1.8334283464125758e-07,2.4550194514732274e-08
P04,18,B,beta,1799551287-β-4,P04-T18-Bβ,24,64,E4,9,9,R4,R,False,64,True,R4,True,0.6710054091080511,False,1.0554029941558838,valid,False,0.00010483516920313721,7.344468054445577e-05,2.876379764421682e-06,2.8267215300954734e-07,2.5733058340989605e-08,0.00018931320078379807,0.005113981313426703,0.31380670218188467,0.6710054091080511,0.0097031295611304
P04,18,B,beta,1799551287-β-4,P04-T18-Bβ,25,60,C4,7,7,R5,R,False,60,True,R5,True,0.9400705885386501,False,0.9218177795410156,valid,False,0.0005210509085686646,0.0027341478990196883,0.0001951386332319342,2.0774167040483274e-05,1.9396927510697793e-06,8.836635146011451e-05,0.0008970996117511548,0.00476942103502177,0.0507014731625052,0.9400705885386501
P04,18,B,beta,1799551287-β-4,P04-T18-Bβ,26,57,A3,5,5,L1,L,False,57,True,L1,True,0.8954719914360183,False,0.8392760753631592,valid,False,0.8954719914360183,0.09533060892178959,0.002310238911320804,0.0003254166049990026,3.605718761743756e-05,0.003282142424236821,0.0030567459771905408,0.00017158971047378323,1.3806040626986731e-05,1.4027857266008456e-06
P04,18,B,beta,1799551287-β-4,P04-T18-Bβ,27,50,D3,1,1,L3,L,False,50,True,L3,True,0.7494124386638668,False,2.2071480751037598,valid,False,0.00011250017809588583,0.05198507569699006,0.7494124386638668,0.1923447787661271,0.006140818904332108,3.4419560274874387e-06,8.931906414422348e-07,4.817306475514999e-08,4.0341678292579875e-09,4.3668668880368907e-10
P04,18,B,beta,1799551287-β-4,P04-T18-Bβ,28,53,F3,3,3,L1,L,False,53,True,L1,True,0.5674173432360862,False,0.764390230178833,valid,False,0.5674173432360862,0.4120295574097959,0.018194058560435867,0.0020159591519255528,0.0001622032805870508,0.00012257984924021523,5.508350833229307e-05,2.9708567138004497e-06,2.2065615849603669e-07,2.3490724615559423e-08
P04,18,B,beta,1799551287-β-4,P04-T18-Bβ,29,62,D4,8,8,R4,R,False,62,True,R4,True,0.8106553855530195,False,1.043609857559204,valid,False,0.00036561986930790775,7.26459990886538e-05,2.4244345391232446e-06,3.699447227254583e-07,5.819746390750437e-08,0.00022755106280796062,0.0025703787452811813,0.17729996904227607,0.8106553855530195,0.00880559715149287
P04,19,B,beta,1799551287-β-1,P04-T19-Bβ,0,64,E4,9,9,R2,R,False,64,True,R2,True,0.9444026157199005,False,0.8623900413513184,valid,False,0.00015763182564060242,0.0021535819609831424,0.00017380531073140146,2.5395761191055713e-05,1.25669961866963e-06,0.007808567374927564,0.9444026157199005,0.04170214535834212,0.0030973675549783456,0.00047763243368658694
P04,19,B,beta,1799551287-β-1,P04-T19-Bβ,1,60,C4,7,7,L3,L,False,60,True,L3,True,0.7748937598576964,False,1.4885141849517822,valid,False,0.00027672540676556716,0.07521458622943138,0.7748937598576964,0.1327728495798949,0.0010092756332883983,0.0048349777120627645,0.010726592470631685,0.00023055310235500082,3.809788007404919e-05,2.582127800052767e-06
P04,19,B,beta,1799551287-β-1,P04-T19-Bβ,2,57,A3,5,5,L5,L,False,57,True,L5,True,0.7080196582419392,False,1.5591070652008057,valid,False,0.00011560040032975496,0.0022812415351019916,0.03818611085012569,0.25025286312446887,0.7080196582419392,0.0008218583411625129,0.00031426203308237364,7.3171955879772755e-06,9.500795421650366e-07,1.3819865958953235e-07
P04,19,B,beta,1799551287-β-1,P04-T19-Bβ,3,60,C4,7,7,L4,L,False,60,True,L4,True,0.6307367854575207,False,1.8173692226409912,valid,False,0.0002946835791414393,0.015853844373662943,0.3325827285370163,0.6307367854575207,0.017969697081222823,0.0016934256737637663,0.0008243901622827662,3.943461231290038e-05,4.496190568584978e-06,5.143325078362998e-07
P04,19,B,beta,1799551287-β-1,P04-T19-Bβ,4,64,E4,9,9,R2,R,False,64,True,R2,True,0.9159498125432155,False,0.8093061447143555,valid,False,0.00016794302796585512,0.000564742887338224,4.6885893518636375e-05,5.627790153256683e-06,2.6408796438813046e-07,0.005486584112047052,0.9159498125432155,0.07080726251774233,0.006668271192782957,0.0003026059472715897
P04,19,B,beta,1799551287-β-1,P04-T19-Bβ,5,69,A4,12,12,R3,R,False,69,True,R3,True,0.8600351165828919,False,4.25784707069397,valid,False,2.2450460012572867e-06,2.7415853288933325e-06,1.7635231424424885e-07,1.9540393402769554e-08,9.230512303714355e-10,0.0005268368819753225,0.06387788549859318,0.8600351165828919,0.07456960221497594,0.000985375374474941
P04,19,B,beta,1799551287-β-1,P04-T19-Bβ,6,64,E4,9,9,R1,R,False,64,True,R1,True,0.7397002812553,False,0.6901791095733643,valid,False,0.00020862804480355478,0.0009523217114111904,6.368826723658605e-05,6.258874382268091e-06,3.44627203643813e-07,0.7397002812553,0.2511989058326029,0.007435345727437541,0.0004010156114336544,3.321004818852991e-05
P04,19,B,beta,1799551287-β-1,P04-T19-Bβ,7,59,B3,6,6,L2,L,False,59,True,L2,True,0.9360241409830022,False,0.9085807800292969,valid,False,0.0026156305980974993,0.9360241409830022,0.04660189790109185,0.0029495165270755335,6.59443227077263e-05,0.010776665671625635,0.0009246326715230343,3.922822631661779e-05,2.11572289150806e-06,2.2737566820479332e-07
P04,19,B,beta,1799551287-β-1,P04-T19-Bβ,8,60,C4,7,7,L1,L,False,60,True,L1,True,0.8089274794426641,False,0.9200899600982666,valid,False,0.8089274794426641,0.13371481300376267,0.004462500552069091,0.0003889553477679038,1.463571171233521e-05,0.04836963180163207,0.003957882938491674,0.00014892823562230603,1.3510464722658972e-05,1.6625015552730317e-06
P04,19,B,beta,1799551287-β-1,P04-T19-Bβ,9,57,A3,5,5,L3,L,False,57,True,L3,True,0.7219507410328124,False,1.757727861404419,valid,False,0.009993720151200694,0.2557670755477824,0.7219507410328124,0.009993720151200694,0.00031994782708517433,0.0018208717206505672,0.00014986159824968603,3.7799553214187628e-06,2.591656593987179e-07,2.285003769921768e-08
P04,19,B,beta,1799551287-β-1,P04-T19-Bβ,10,62,D4,8,8,R2,R,False,62,True,R2,True,0.9143229845035737,False,0.8819890022277832,valid,False,0.0025112851420105746,0.021925736559323384,0.003662638845879612,4.1510199276687776e-05,3.1360578236529306e-06,0.026457231185205213,0.9143229845035737,0.029317478786137607,0.0017128932224802146,4.5105498289459644e-05
P04,19,B,beta,1799551287-β-1,P04-T19-Bβ,11,59,B3,6,6,L5,L,False,59,True,L5,True,0.7851083931370676,False,1.054663896560669,valid,False,0.0005982025324242577,0.0012464280877737563,0.018658068277627282,0.19360534611267408,0.7851083931370676,0.0007092008759889768,7.035663319922469e-05,3.502850507222526e-06,4.550709097002778e-07,4.642182792872828e-08
P04,19,B,beta,1799551287-β-1,P04-T19-Bβ,12,60,C4,7,7,R3,R,False,60,True,R3,True,0.78081799747901,False,1.198056936264038,valid,False,0.001781720649803851,0.006961131861360399,0.00045856285189692527,5.5042045888045885e-05,1.9899258243890247e-06,0.0016645749002227855,0.1452473863689986,0.78081799747901,0.06282430902011855,0.00018728489687657533
P04,19,B,beta,1799551287-β-1,P04-T19-Bβ,13,65,F4,10,10,R4,R,False,65,True,R4,True,0.7729429124435127,False,1.4279148578643799,valid,False,5.1378959878068057e-05,1.777797751215984e-05,1.3204340032420732e-06,1.5849384375104802e-07,6.724218777837002e-09,0.00028575958514638004,0.018475898900423615,0.1384079098867504,0.7729429124435127,0.06981687659471116
P04,19,B,beta,1799551287-β-1,P04-T19-Bβ,14,60,C4,7,7,R5,R,False,60,True,R5,True,0.9305791125705364,False,0.979515790939331,valid,False,0.0007887570774351185,0.00765843070555705,0.0006947571590169266,6.055562553922244e-05,2.4683807602673495e-06,0.00012933310416980885,0.0013237159276971988,0.006525031666742358,0.05223783778254569,0.9305791125705364
P04,19,B,beta,1799551287-β-1,P04-T19-Bβ,15,64,E4,9,9,R4,R,False,64,True,R4,True,0.728045443048087,False,1.0460717678070068,valid,False,0.00020420435924456485,0.00011421912436580044,8.150821722362263e-06,1.0182838873675326e-06,4.1507495524759084e-08,0.0001544606349415476,0.005516486873537925,0.2472409749253177,0.728045443048087,0.018715000421400178
P04,19,B,beta,1799551287-β-1,P04-T19-Bβ,16,60,C4,7,7,L1,L,False,60,True,L1,True,0.701470912702765,False,0.9394576549530029,valid,False,0.701470912702765,0.2288757853306942,0.006774593969396251,0.0005031733350563069,2.0510454120040002e-05,0.01234411503664907,0.048095058322381694,0.0017387725517301158,0.00017087541320896362,6.2028839985529585e-06
P04,19,B,beta,1799551287-β-1,P04-T19-Bβ,17,60,C4,7,7,R5,R,False,60,True,R5,True,0.9092090260997,False,0.9081730842590332,valid,False,0.0007398727332040893,0.01599978075682528,0.001287336067772899,9.561505611786339e-05,8.997437298530255e-06,0.00011729438765454206,0.0008637165465550864,0.006796050520271772,0.06488231039459993,0.9092090260997
P04,19,B,beta,1799551287-β-1,P04-T19-Bβ,18,67,G4,11,11,R4,R,False,67,True,R4,True,0.791043934547092,False,0.9849412441253662,valid,False,3.0600919220662205e-05,6.693311794857286e-06,5.174247310075189e-07,3.999938452948042e-08,3.930225109250767e-09,0.00046672204220556585,0.00827594827007193,0.15344673587739843,0.791043934547092,0.04672880367787578
P04,19,B,beta,1799551287-β-1,P04-T19-Bβ,19,62,D4,8,8,R5,R,False,62,True,R5,True,0.9559191621254549,False,1.1884560585021973,valid,False,0.00040727997590074306,0.002466187290657652,0.00015608935473179395,1.3604881062574407e-05,1.334147219407198e-06,7.282549174263353e-05,0.0005137909856886832,0.0030122079589488134,0.037437517788592924,0.9559191621254549
P04,19,B,beta,1799551287-β-1,P04-T19-Bβ,20,60,C4,7,7,R1,R,False,60,True,R1,True,0.7938409926130964,False,0.7162330150604248,valid,False,0.03175047539343258,0.03235870846728374,0.0023091585174303472,0.00019337638265331028,1.8998512460576104e-05,0.7938409926130964,0.13657626547127544,0.002603568958200416,0.00031251062199467273,3.5945062172440775e-05
P04,19,B,beta,1799551287-β-1,P04-T19-Bβ,21,57,A3,5,5,L3,L,False,57,True,L3,True,0.717067335413676,False,1.4885220527648926,valid,False,0.0035509439043412056,0.24423644365883374,0.717067335413676,0.02039255226009688,0.000733402348640718,0.0017268619206332928,0.01115729967309445,0.0010567199765064436,7.540887908909424e-05,3.031965088240336e-06
P04,19,B,beta,1799551287-β-1,P04-T19-Bβ,22,60,C4,7,7,L2,L,False,60,True,L2,True,0.9004593718511398,False,0.8581852912902832,valid,False,0.007410552858254348,0.9004593718511398,0.026653088798428568,0.0006459100969294679,2.9356194060248026e-05,0.014616169566584907,0.048565094188094377,0.0014961648184968932,0.00011112551466816371,1.3166113343118e-05
P04,19,B,beta,1799551287-β-1,P04-T19-Bβ,23,64,E4,9,9,R1,R,False,64,True,R1,True,0.8122760105058028,False,0.7911441326141357,valid,False,0.0033328731251570385,0.008498079500243278,0.00016861120050951764,8.39465736735497e-06,1.1250529878177259e-06,0.8122760105058028,0.17068848957832047,0.004663844914185617,0.0003197679178029537,4.28035476228458e-05
P04,19,B,beta,1799551287-β-1,P04-T19-Bβ,24,60,C4,7,7,R3,R,False,60,True,R3,True,0.7390860222033038,False,1.2661490440368652,valid,False,0.00907896142945544,0.0014999238163173338,6.363537947157177e-05,6.5088943082919085e-06,1.0337258408449072e-06,0.0037353592070313055,0.19553760358036984,0.7390860222033038,0.05067406887359718,0.00031688289030461345
P04,19,B,beta,1799551287-β-1,P04-T19-Bβ,25,57,A3,5,5,L1,L,False,57,True,L1,True,0.9662833209027535,False,0.7679991722106934,valid,False,0.9662833209027535,0.029768687441142836,0.001423981874134399,0.00013445268638325868,1.8196192393601772e-05,0.0022331265680050304,0.00013445268638325868,3.391296725173632e-06,3.468760952713852e-07,4.347598369739665e-08
P04,19,B,beta,1799551287-β-1,P04-T19-Bβ,26,60,C4,7,7,L3,L,False,60,True,L3,True,0.7937535549236941,False,1.5287458896636963,valid,False,0.0006603609845321117,0.10894273474603128,0.7937535549236941,0.09153972479596743,0.0009412132880798254,0.0039904735557366325,0.00016476633320863698,6.199869899151363e-06,8.660041087475149e-07,1.0549874186499773e-07
P04,19,B,beta,1799551287-β-1,P04-T19-Bβ,27,64,E4,9,9,R5,R,False,64,True,R5,True,0.9641191704239187,False,0.8092861175537109,valid,False,5.434270271154709e-05,0.00018500302396352828,4.205465941095291e-05,4.477076143068916e-06,1.656829919168966e-07,6.632495281225406e-05,0.00031460502935963964,0.0030380471002054432,0.03217580934848307,0.9641191704239187
P04,19,B,beta,1799551287-β-1,P04-T19-Bβ,28,59,B3,6,6,L3,L,False,59,True,L3,True,0.830978393735136,False,1.0492439270019531,valid,False,0.0007907669154562482,0.11937795357652509,0.830978393735136,0.026645060709368326,0.0002510728420718828,0.005833234390916396,0.015219900183993119,0.000820865337266116,7.446722332300533e-05,8.285085944033314e-06
P04,19,B,beta,1799551287-β-1,P04-T19-Bβ,29,60,C4,7,7,L4,L,False,60,True,L4,True,0.8664820555522409,False,1.7968871593475342,valid,False,0.00045305211495731164,0.011082407349861765,0.10656248175224743,0.8664820555522409,0.008458259307977126,0.004327902216632043,0.0025204599376920656,9.484051380767647e-05,1.6982725473487397e-05,1.5585291103942544e-06
P04,20,A,gamma,1799551287-γ-4,P04-T20-Aγ,0,53,F3,3,3,L2,L,False,53,True,L3,False,0.08065654026438773,False,2.938955783843994,valid,False,0.001037717862022718,0.08065654026438773,0.7511549870099989,0.16428652460252322,0.0028172824947896385,4.337395298517476e-05,3.4881352588508555e-06,7.203287144069666e-08,1.1427371493615103e-08,2.2177908197035885e-09
P04,20,A,gamma,1799551287-γ-4,P04-T20-Aγ,1,48,C3,0,0,L2,L,False,48,True,L5,False,0.0016687473449331902,False,1.0030057430267334,valid,False,9.506236161798732e-06,0.0016687473449331902,0.07761739426636352,0.4511462448899004,0.469557872417846,2.2350622268798504e-07,1.1103963458878613e-08,1.95401690671706e-10,3.228204919323584e-11,6.9251622085581605e-12
P04,20,A,gamma,1799551287-γ-4,P04-T20-Aγ,2,60,C4,7,7,R4,R,False,60,True,R2,False,0.003538496267158371,False,0.3917121887207031,valid,False,0.004777258925787032,0.004936587849994231,0.00021520430874823746,2.1148899058197358e-05,3.792198560417553e-06,0.010986299508003372,0.919502323694353,0.05591499388788706,0.003538496267158371,0.00010389446044986604
P04,20,A,gamma,1799551287-γ-4,P04-T20-Aγ,3,57,A3,5,5,L5,L,False,57,True,R2,False,0.00021600545346204226,False,0.41475701332092285,valid,False,0.0025724282012611114,0.1955851620795213,0.010022677527102657,0.0009849644579446332,0.00021600545346204226,0.010022677527102657,0.7605463781976372,0.019007816289589616,0.0010251616200253398,1.672864635339025e-05
P04,20,A,gamma,1799551287-γ-4,P04-T20-Aγ,4,48,C3,0,0,L2,L,False,48,True,L4,False,0.0051828979152131905,False,1.093832015991211,valid,False,1.7605557147381614e-05,0.0051828979152131905,0.1865545192353285,0.7268524682643135,0.08136368260423014,9.543289645017877e-06,1.863789644865549e-05,6.043987019130913e-07,3.979747492585376e-08,1.0414966425899431e-09
P04,20,A,gamma,1799551287-γ-4,P04-T20-Aγ,5,57,A3,5,5,L5,L,False,57,True,L2,False,2.754457011994717e-05,False,0.4005696773529053,valid,False,0.0037793997026234756,0.9020238519942116,0.007167559271276245,0.00037141516020886684,2.754457011994717e-05,0.0030236363871549367,0.0808872267120792,0.002533407382649651,0.00018077050557396598,5.188314102118644e-06
P04,20,A,gamma,1799551287-γ-4,P04-T20-Aγ,6,57,A3,5,5,R4,R,False,57,True,L2,False,0.00014322333453344076,False,0.3443939685821533,valid,False,0.0027639198645552647,0.8096887486730777,0.004838718499899025,0.00023145956473620316,3.4402867873034763e-05,0.003806270783878731,0.17631382955503222,0.0021741763712144657,0.00014322333453344076,5.2504852000439174e-06
P04,20,A,gamma,1799551287-γ-4,P04-T20-Aγ,7,52,E3,2,2,L2,L,False,52,True,L3,False,0.013467643083565874,False,0.43704915046691895,valid,False,0.0003909070957181799,0.013467643083565874,0.9091070334686356,0.07027828325747108,0.006253526931122526,0.00016127144871911625,0.00033234711661043526,8.332954830413313e-06,6.440313511974538e-07,1.0611975617988033e-08
P04,20,A,gamma,1799551287-γ-4,P04-T20-Aγ,8,57,A3,5,5,L4,L,False,57,True,L2,False,0.00027125379505698607,False,0.3770418167114258,valid,False,0.0033713040122280023,0.9116896323681926,0.00567062656410829,0.00027125379505698607,3.923099721665984e-05,0.0027347914564962695,0.07369383200821747,0.002352078997319758,0.00017468114853114806,2.568652632671003e-06
P04,20,A,gamma,1799551287-γ-4,P04-T20-Aγ,9,67,G4,11,11,R5,R,False,67,True,R4,False,0.009657527415651446,False,0.48006582260131836,valid,False,1.4332251819222188e-05,1.3423085433383946e-05,5.3774721658394095e-08,2.786547847602717e-09,5.817962878096525e-10,6.504846606213938e-05,0.0017176731146306423,0.11783589558417007,0.8706960429391671,0.009657527415651446
P04,20,A,gamma,1799551287-γ-4,P04-T20-Aγ,10,55,G3,4,4,L1,L,False,55,True,L2,False,0.0026416287383512352,False,0.3844411373138428,valid,False,0.0026416287383512352,0.9498381429007907,0.04029758711910272,0.0020062987249587203,0.0002941373611921929,0.0013620443984675606,0.0034715095740054896,8.511871023525878e-05,3.468739545928642e-06,6.373335020806514e-08
P04,20,A,gamma,1799551287-γ-4,P04-T20-Aγ,11,62,D4,8,7,R4,R,False,60,False,R2,False,0.0015508453611916178,False,0.3086531162261963,valid,False,0.004050805630898111,0.00832210961798035,0.00021847488421138027,1.0877223996893148e-05,1.6144048808961262e-06,0.007681120298570945,0.9334764943588248,0.04465274495308607,0.0015508453611916178,3.491326635877436e-05
P04,20,A,gamma,1799551287-γ-4,P04-T20-Aγ,12,67,G4,11,11,R5,R,False,67,True,R4,False,0.008736998097554535,False,0.45122408866882324,valid,False,1.4076295037422443e-05,2.3254425057583064e-06,5.86545778035095e-08,3.0394167090012595e-09,4.952190486996074e-10,6.789678201196922e-05,0.003946671202523302,0.14491611633778959,0.842315853653364,0.008736998097554535
P04,20,A,gamma,1799551287-γ-4,P04-T20-Aγ,13,57,A3,5,5,L3,L,False,57,True,L2,False,0.00654915811569814,False,0.399705171585083,valid,False,0.004536645613991133,0.9719812454130388,0.00654915811569814,0.0003393702819484471,5.130863798869783e-05,0.005172560754356859,0.010894079843892877,0.00044903093746735196,2.6227042653067904e-05,3.733589646885867e-07
P04,20,A,gamma,1799551287-γ-4,P04-T20-Aγ,14,64,E4,9,9,R1,R,False,64,True,R3,False,0.001249743285557369,False,0.4633290767669678,valid,False,0.00026840479132954,0.000499533225965118,2.0827187141062136e-06,1.123286998612041e-07,1.972882637551747e-08,0.001249743285557369,0.15852603449897323,0.7851845889841931,0.053834732014086575,0.0004347484236547674
P04,20,A,gamma,1799551287-γ-4,P04-T20-Aγ,15,57,A3,5,5,R2,R,False,57,True,L2,False,0.021479240741909735,False,0.4658968448638916,valid,False,0.004520793749587649,0.9613348290840488,0.00676852740942248,0.0003507377612101884,5.271238090022662e-05,0.004686133006894935,0.021479240741909735,0.0007805812427410919,2.6042773525576087e-05,4.0184975954675584e-07
P04,20,A,gamma,1799551287-γ-4,P04-T20-Aγ,16,59,B3,6,6,L5,L,False,59,True,R2,False,9.159867252780454e-06,False,0.3640751838684082,valid,False,0.005428971159954529,0.22711106091948566,0.0011196778407755374,5.574547720867392e-05,9.159867252780454e-06,0.012846109486022283,0.7438522588649561,0.00932819003341829,0.0002448868533345992,3.9394975915832385e-06
P04,20,A,gamma,1799551287-γ-4,P04-T20-Aγ,17,52,E3,2,2,L2,L,False,52,True,L3,False,0.04625514025149676,False,0.42189884185791016,valid,False,0.00034134606602251576,0.04625514025149676,0.8661161402490927,0.07857228355432345,0.008405187803865188,0.00015182142210644302,0.0001550755543609669,2.920556819453771e-06,8.305720345626196e-08,1.4847090540901247e-09
P04,20,A,gamma,1799551287-γ-4,P04-T20-Aγ,18,53,F3,3,3,L4,L,False,53,True,L2,False,0.013939673898220786,False,0.40177202224731445,valid,False,0.0008440484872223595,0.7025657645315175,0.2799858347799089,0.013939673898220786,0.0013405900204821282,0.0004371364159307122,0.0008709396242530076,1.5525662356899184e-05,4.783054617847047e-07,8.274645978551049e-09
P04,20,A,gamma,1799551287-γ-4,P04-T20-Aγ,19,62,D4,8,8,R5,R,False,62,True,R3,False,6.010771238931084e-05,False,0.47711896896362305,valid,False,0.0008492534274846736,0.00024399998047144305,1.2643814778196417e-05,7.688711684837815e-07,9.676993286460269e-08,0.0026201799974531464,0.31803174301020315,0.6714320814200074,0.006749124996111359,6.010771238931084e-05
P04,20,A,gamma,1799551287-γ-4,P04-T20-Aγ,20,62,D4,8,8,L4,L,False,62,True,R3,False,8.743973357653774e-07,False,0.5125370025634766,valid,False,0.0008298200584488287,0.0002666080522952687,1.5576753006849533e-05,8.743973357653774e-07,1.2024148790960594e-07,0.002509635192813456,0.2549931665292102,0.7336443188645955,0.007675430107471606,6.444980333475284e-05
P04,20,A,gamma,1799551287-γ-4,P04-T20-Aγ,21,65,F4,10,10,R1,R,False,65,True,R4,False,0.0001237841514656251,False,0.6136441230773926,valid,False,6.097797494873547e-05,9.141951207178225e-06,3.726460798672697e-07,2.7677757759286574e-08,3.7598322362846255e-09,0.0001237841514656251,0.004197133246675745,0.06570129024289265,0.9206855574644566,0.00922171088468348
P04,20,A,gamma,1799551287-γ-4,P04-T20-Aγ,22,67,G4,11,11,R4,R,False,67,True,R4,True,0.9105349520419895,False,0.5753860473632812,valid,False,1.6712484123230798e-05,1.2735236232885632e-06,6.34050077007575e-08,3.5592250697784476e-09,5.289195093956874e-10,5.2927408288959286e-05,0.001399868620748709,0.08260186724772267,0.9105349520419895,0.005392331180351255
P04,20,A,gamma,1799551287-γ-4,P04-T20-Aγ,23,71,B4,13,13,R5,R,False,71,True,R4,False,0.009184572306906386,False,0.5341341495513916,valid,False,6.682328731743793e-07,3.221203068294162e-08,1.6037425738793457e-09,9.75236863523312e-11,1.4134503043434733e-11,2.2593078625403814e-05,0.0012419816855788334,0.07646471927455237,0.9130854314940325,0.009184572306906386
P04,20,A,gamma,1799551287-γ-4,P04-T20-Aγ,24,65,F4,10,10,R2,R,False,65,True,R3,False,0.15555774019008653,False,0.47572898864746094,valid,False,7.095721181974799e-05,6.519334246090939e-06,3.964411237795185e-07,2.0543149756993205e-08,3.1341633098727225e-09,0.0008933760129790601,0.15555774019008653,0.8019265196200575,0.04127545113471795,0.0002690163776564597
P04,20,A,gamma,1799551287-γ-4,P04-T20-Aγ,25,52,E3,2,2,L2,L,False,52,True,L3,False,0.12027535591478546,False,0.5061039924621582,valid,False,0.00024063810278624365,0.12027535591478546,0.7882251297893172,0.08391326843151314,0.00723446443474592,9.074284866537152e-05,1.9639425004446007e-05,7.389973276125712e-07,2.1618040360878283e-08,4.378140782858342e-10
P04,20,A,gamma,1799551287-γ-4,P04-T20-Aγ,26,71,B4,13,13,R2,R,False,71,True,R4,False,0.003735996350248643,False,0.5875828266143799,valid,False,7.393872630362402e-07,4.0186258202062346e-08,1.9223052202809767e-09,1.1231196268195252e-10,1.1305097505325503e-11,6.32602734220712e-05,0.003735996350248643,0.0916534432787652,0.8960664233693724,0.00848009510874836
P04,20,A,gamma,1799551287-γ-4,P04-T20-Aγ,27,62,D4,8,8,L4,L,False,62,True,R2,False,1.0925934333362898e-06,False,0.3675882816314697,valid,False,0.0012644898947022235,0.00044078365058894446,1.9463757895703054e-05,1.0925934333362898e-06,1.2029087273916189e-07,0.011222457900151566,0.9541290051719397,0.0318424048665805,0.0010595648947190953,2.061697911602704e-05
P04,20,A,gamma,1799551287-γ-4,P04-T20-Aγ,28,60,C4,7,7,L2,L,False,60,True,R2,False,0.0036719575900599636,False,0.3225691318511963,valid,False,0.0032408284845613245,0.0036719575900599636,0.00016214324973424732,9.473327347371771e-06,1.0186848781358864e-06,0.015691986993320528,0.9540584359069665,0.022214048924138127,0.000937274983226108,1.2831855767545028e-05
P04,20,A,gamma,1799551287-γ-4,P04-T20-Aγ,29,65,F4,10,10,R4,R,False,65,True,R3,False,0.12787076261325825,False,0.5652339458465576,valid,False,6.384207711056516e-05,8.796566954133874e-06,3.732008719934664e-07,2.180450948475066e-08,2.2894245943119603e-09,0.0005500486127278497,0.05310294891474207,0.8177905459651716,0.12787076261325825,0.0006126579552295367
P04,21,A,gamma,1799551287-γ-5,P04-T21-Aγ,0,52,E3,2,2,L1,L,False,52,True,L3,False,0.00025769256840260337,False,1.4088020324707031,valid,False,0.00025769256840260337,0.08462294787979247,0.7994408109760902,0.11260797025393168,0.0029812641468163147,7.237695675815951e-05,1.6073291847153656e-05,8.119372468310703e-07,4.9288372723665885e-08,2.700741893316663e-09
P04,21,A,gamma,1799551287-γ-5,P04-T21-Aγ,1,59,B3,6,6,L4,L,False,59,True,R2,False,0.00011773243530346266,False,0.4055807590484619,valid,False,0.00636910051702574,0.045593743092115065,0.001405874140515961,0.00011773243530346266,6.814571858380809e-06,0.020504805501691512,0.9215126673832078,0.00430879926886128,0.00017539091435608617,5.072175064774915e-06
P04,21,A,gamma,1799551287-γ-5,P04-T21-Aγ,2,72,C5,14,14,R1,R,False,72,True,R4,False,2.3576868332364036e-05,False,0.5946140289306641,valid,False,1.206153613370211e-07,6.758572339643019e-09,2.4434152869266585e-10,2.4012318136679253e-11,1.360769163432021e-12,2.3576868332364036e-05,0.001576648067770123,0.2745960524040333,0.7171615416795234,0.006642053336692609
P04,21,A,gamma,1799551287-γ-5,P04-T21-Aγ,3,64,E4,9,9,R2,R,False,64,True,R2,True,0.977645979855655,False,0.32938385009765625,valid,False,0.00040838438184181595,8.086796748682848e-05,2.6990582063479242e-06,3.23972351955153e-07,1.7740789055664827e-08,0.009157367922969971,0.977645979855655,0.012002891999556274,0.0006664213779240741,3.504572321858569e-05
P04,21,A,gamma,1799551287-γ-5,P04-T21-Aγ,4,67,G4,11,11,R4,R,False,67,True,R3,False,0.05594439419143958,False,0.5262570381164551,valid,False,1.8632151824871062e-05,1.8706389500827538e-06,5.762954302907339e-08,7.199671039529462e-09,3.680166821849229e-10,0.0003477903735843766,0.046456889640452505,0.8965237441299612,0.05594439419143958,0.0007066136765564577
P04,21,A,gamma,1799551287-γ-5,P04-T21-Aγ,5,62,D4,8,8,R3,R,False,62,True,R2,False,0.008083806810145299,False,0.3679320812225342,valid,False,0.0013322021085629572,0.0006243055953140525,1.849717800970769e-05,2.220246399371522e-06,1.1966186305000767e-07,0.0074257028812564985,0.9822667406415474,0.008083806810145299,0.00023698772478386977,9.417152117624174e-06
P04,21,A,gamma,1799551287-γ-5,P04-T21-Aγ,6,72,C5,14,14,R5,R,False,72,True,R4,False,0.007245385530890951,False,0.6472909450531006,valid,False,1.4140329421947796e-07,7.612724132507518e-09,2.64429944017509e-10,2.7047007055664955e-11,1.8232524153753203e-12,1.0281409582922686e-05,0.0008305314493557317,0.2157910368270174,0.7761226154738345,0.007245385530890951
P04,21,A,gamma,1799551287-γ-5,P04-T21-Aγ,7,55,G3,4,4,L5,L,False,55,True,L2,False,0.00018001224332339462,False,0.3859519958496094,valid,False,0.0028089265730561943,0.9569530232531169,0.036008474111371966,0.00301546577073937,0.00018001224332339462,0.0008834753049293632,0.00015013120048875455,4.367080354461043e-07,5.1996722651415105e-08,2.8382158616442795e-09
P04,21,A,gamma,1799551287-γ-5,P04-T21-Aγ,8,64,E4,9,9,R2,R,False,64,True,R2,True,0.9867036236525214,False,0.3250460624694824,valid,False,0.0004121679602936731,8.488995699662963e-05,2.950943628690392e-06,2.899998113077509e-07,2.156767172381214e-08,0.0028369725028143016,0.9867036236525214,0.008796638979254532,0.001127570504355447,3.487393265245102e-05
P04,21,A,gamma,1799551287-γ-5,P04-T21-Aγ,9,59,B3,6,6,L3,L,False,59,True,R2,False,0.0011275827826192383,False,0.38587188720703125,valid,False,0.0040555090298363015,0.04279226196732259,0.0011275827826192383,0.0001720579760495108,8.078282753071351e-06,0.008331772436961876,0.9366459300624909,0.006554004330980584,0.0003084855039808651,4.3176270052958224e-06
P04,21,A,gamma,1799551287-γ-5,P04-T21-Aγ,10,71,B4,13,13,R4,R,False,71,True,R4,True,0.7414594300852786,False,0.6055340766906738,valid,False,6.485112832596394e-07,4.2272256862436505e-08,1.3022987924431132e-09,1.9092606974610857e-10,1.1410076429761388e-11,1.9309920946757044e-05,0.004430978529907683,0.22332328870940604,0.7414594300852786,0.030766300466285968
P04,21,A,gamma,1799551287-γ-5,P04-T21-Aγ,11,57,A3,5,5,L1,L,False,57,True,L2,False,0.0056098310531545285,False,0.5258140563964844,valid,False,0.0056098310531545285,0.9843087654831384,0.005430002714707239,0.0007060562530597355,3.7306614910501734e-05,0.0018943415271900892,0.0019885074129219623,2.356340594053885e-05,1.5477267083784536e-06,7.780826895069078e-08
P04,21,A,gamma,1799551287-γ-5,P04-T21-Aγ,12,65,F4,10,10,R1,R,False,65,True,R3,False,0.00036377605536303085,False,0.4631617069244385,valid,False,7.639875510532082e-05,6.0822435444110885e-05,3.103881074190892e-07,3.877685212378321e-08,2.4665087726489914e-09,0.00036377605536303085,0.16772285018763558,0.7981630627679938,0.03331979653564465,0.00029294163134526357
P04,21,A,gamma,1799551287-γ-5,P04-T21-Aγ,13,69,A4,12,12,R5,R,False,69,True,R4,False,0.009456477485587056,False,0.40364503860473633,valid,False,3.907646640528101e-06,1.9732441549568574e-06,8.91448431761674e-09,1.4735543467708146e-09,8.902699509014844e-11,1.862699323737954e-05,0.0037757406301646766,0.11354132270156961,0.8732019408215801,0.009456477485587056
P04,21,A,gamma,1799551287-γ-5,P04-T21-Aγ,14,52,E3,2,2,L1,L,False,52,True,L3,False,0.00033618917943425833,False,0.504688024520874,valid,False,0.00033618917943425833,0.015126839818491446,0.8038228363330269,0.1758056093096776,0.004821717856721281,6.800245872508178e-05,1.846608370799148e-05,3.2534607113010593e-07,1.3259454955531492e-08,3.546894904515722e-10
P04,21,A,gamma,1799551287-γ-5,P04-T21-Aγ,15,53,F3,3,3,L5,L,False,53,True,L2,False,0.0008160678983618526,False,0.5800471305847168,valid,False,0.0009582886184064692,0.7879327910960862,0.1943018340743309,0.015633449160333567,0.0008160678983618526,0.00024591689323378234,0.00010947834315021913,2.090008378280584e-06,8.159268303662035e-08,2.315035776519466e-09
P04,21,A,gamma,1799551287-γ-5,P04-T21-Aγ,16,60,C4,7,7,R1,R,False,60,True,R2,False,0.004371522961418759,False,0.36495208740234375,valid,False,0.0034713858997130254,0.0028518673768283278,0.0001666222507336291,1.5115629559030138e-05,1.2246138370268855e-06,0.004371522961418759,0.98041308646997,0.008397835546897254,0.0003028937803320721,8.44547071109083e-06
P04,21,A,gamma,1799551287-γ-5,P04-T21-Aγ,17,52,E3,2,2,L3,L,False,52,True,L3,True,0.7168614174842802,False,0.7004148960113525,valid,False,0.00025333361883308407,0.14473182407478916,0.7168614174842802,0.1336043126457927,0.0044567068634869195,5.842570710276119e-05,3.365406729212117e-05,3.1431419254484386e-07,1.0905661106824728e-08,3.185695652234088e-10
P04,21,A,gamma,1799551287-γ-5,P04-T21-Aγ,18,62,D4,8,8,L1,L,False,62,True,R2,False,0.0013433563830185335,False,0.4320812225341797,valid,False,0.0013433563830185335,0.00047503778344175514,1.7173961061584908e-05,2.0614185142143848e-06,1.6409510520367778e-07,0.001798347502264088,0.9492185488926738,0.04540576439212438,0.0017011030118876172,3.844255990892884e-05
P04,21,A,gamma,1799551287-γ-5,P04-T21-Aγ,19,62,D4,8,8,R2,R,False,62,True,R2,True,0.9637163851125193,False,0.2967259883880615,valid,False,0.0009980121069622571,0.00042775573668713755,1.2661328195764803e-05,1.5817824182127916e-06,1.3099672021586834e-07,0.001445372003237178,0.9637163851125193,0.03216236708554968,0.0012065966416430092,2.9137206067008423e-05
P04,21,A,gamma,1799551287-γ-5,P04-T21-Aγ,20,57,A3,5,5,R4,R,False,57,True,L2,False,8.666878351965923e-06,False,0.44896507263183594,valid,False,0.004637623785873269,0.9629293734083454,0.005023877871978294,0.0005138633627710422,3.273591659589197e-05,0.002344318457616412,0.024366457283647797,0.00014287318218666103,8.666878351965923e-06,2.0985263318526017e-07
P04,21,A,gamma,1799551287-γ-5,P04-T21-Aγ,21,64,E4,9,9,R1,R,False,64,True,R3,False,0.00046524678204718113,False,0.4121270179748535,valid,False,0.00023556748049034912,0.00036515612770895214,1.6494281226795853e-06,1.902204978916074e-07,1.4363662950498621e-08,0.00046524678204718113,0.14623976869193264,0.8227672521907331,0.029716713777928196,0.00020844093687602072
P04,21,A,gamma,1799551287-γ-5,P04-T21-Aγ,22,53,F3,3,3,L2,L,False,53,True,L2,True,0.7124357106153543,False,0.4475288391113281,valid,False,0.0007929333027697461,0.7124357106153543,0.26209045109175594,0.02284402687721221,0.001393249923199676,0.00023508847601266266,0.0002003153982918714,7.976063199514703e-06,2.448779131929253e-07,3.3742909396107726e-09
P04,21,A,gamma,1799551287-γ-5,P04-T21-Aγ,23,57,A3,5,5,R3,R,False,57,True,L2,False,0.00046520234478648236,False,0.388181209564209,valid,False,0.00454747074678233,0.9741644186485313,0.005128007499269446,0.0005459200088178173,4.81284441333544e-05,0.0015093947629397251,0.013576966838529346,0.00046520234478648236,1.4266558377361811e-05,2.241478328565534e-07
P04,21,A,gamma,1799551287-γ-5,P04-T21-Aγ,24,60,C4,7,7,L5,L,False,60,True,R2,False,1.8002784980517176e-06,False,0.3549160957336426,valid,False,0.003496807737906685,0.01069217720078576,0.00016033536459254325,1.7765664794030094e-05,1.8002784980517176e-06,0.002556539593885342,0.9434207555013955,0.03845590927317224,0.0011814594156652524,1.6449969304526158e-05
P04,21,A,gamma,1799551287-γ-5,P04-T21-Aγ,25,53,F3,3,3,L3,L,False,53,True,L2,False,0.2540578477240648,False,0.40849828720092773,valid,False,0.0008085211282753058,0.7187847854104618,0.2540578477240648,0.02398819868687839,0.0017663258030438007,0.00021016596509179877,0.0003765036773982491,7.4284503251933575e-06,2.1912878162525617e-07,4.025679040711045e-09
P04,21,A,gamma,1799551287-γ-5,P04-T21-Aγ,26,60,C4,7,7,L2,L,False,60,True,R2,False,0.004269226178015985,False,0.29303812980651855,valid,False,0.004266994581691569,0.004269226178015985,0.0002396519989882027,2.5512993383782265e-05,2.239267273100024e-06,0.002972661204895891,0.9452340680396184,0.04173885993845685,0.001232094661787639,1.869113588853471e-05
P04,21,A,gamma,1799551287-γ-5,P04-T21-Aγ,27,60,C4,7,7,R1,R,False,60,True,R2,False,0.001687313162845202,False,0.29622483253479004,valid,False,0.0039243204990579645,0.0032742029481374483,0.0001630129660291808,1.8062351490045058e-05,1.6694553767916965e-06,0.001687313162845202,0.9591758871075995,0.03075567299417688,0.0009844387820193805,1.541973326751716e-05
P04,21,A,gamma,1799551287-γ-5,P04-T21-Aγ,28,59,B3,6,6,L4,L,False,59,True,R2,False,0.00016194472204060617,False,0.359891414642334,valid,False,0.005471209876878857,0.029356082824148883,0.0015832817914009974,0.00016194472204060617,1.5710688176869803e-05,0.0024598635095551408,0.9528902897079116,0.007842046049763527,0.00021419805542562505,5.372774697784721e-06
P04,21,A,gamma,1799551287-γ-5,P04-T21-Aγ,29,64,E4,9,9,R5,R,False,64,True,R3,False,0.00023769944196116983,False,0.36710381507873535,valid,False,0.0003111354501030638,4.2848514297869923e-05,2.220363613375682e-06,2.3637658945808864e-07,2.273016047803035e-08,0.0001986336656600075,0.12246600594957427,0.8370766918047359,0.03966450570330456,0.00023769944196116983
P04,22,B,alpha,1799551287-α-8,P04-T22-Bα,0,59,B3,6,6,L2,L,False,59,True,L2,True,0.9306953215544415,False,1.1158788204193115,valid,False,0.0019408472312512895,0.9306953215544415,0.025430060649147258,0.0012660881681380216,6.825635789747971e-05,0.0046631347834910795,0.03511231885882745,0.0007834343310060682,3.897726808788426e-05,1.5607977121943215e-06
P04,22,B,alpha,1799551287-α-8,P04-T22-Bα,1,64,E4,9,9,R4,R,False,64,True,R4,True,0.603715131278566,False,1.1887140274047852,valid,False,0.00027654116097587574,0.0004160717530600871,8.942880391226216e-06,6.38175298208813e-07,9.723543886660643e-08,0.00039027581242310317,0.008582562138740766,0.3710943092548456,0.603715131278566,0.015515430310260276
P04,22,B,alpha,1799551287-α-8,P04-T22-Bα,2,65,F4,10,10,R5,R,False,65,True,R5,True,0.9616541459480645,False,0.9810631275177002,valid,False,3.195720732127647e-05,4.544078952445976e-05,1.1012106322185768e-06,8.17908540225424e-08,1.2608163394067838e-08,4.122868187720197e-05,0.00017684858999399218,0.003282662629527237,0.034766520544041585,0.9616541459480645
P04,22,B,alpha,1799551287-α-8,P04-T22-Bα,3,64,E4,9,9,R3,R,False,64,True,R3,True,0.8048242753742713,False,0.7966368198394775,valid,False,0.0003862133632530913,0.00031683440038250796,6.28634135626509e-06,4.6690906640655706e-07,7.255692024717147e-08,0.0016863682796772542,0.09867803933596425,0.8048242753742713,0.0928164569719088,0.00128498646719965
P04,22,B,alpha,1799551287-α-8,P04-T22-Bα,4,60,C4,7,7,L2,L,False,60,True,L2,True,0.8349148929990249,False,0.8278870582580566,valid,False,0.003623099210660023,0.8349148929990249,0.007747186886655127,0.0002484111096967261,1.1366519182451421e-05,0.013030982550738548,0.13403082733206498,0.006094153049932372,0.00029151313770424696,7.567204340674429e-06
P04,22,B,alpha,1799551287-α-8,P04-T22-Bα,5,59,B3,6,6,L1,L,False,59,True,L1,True,0.9116731366667948,False,0.6625380516052246,valid,False,0.9116731366667948,0.04189981966810838,0.0007674219665441552,3.9766975320881985e-05,4.2335327163477535e-06,0.014226658893457674,0.030213750999873498,0.0010999684780274791,7.246015336684443e-05,2.7826657898592873e-06
P04,22,B,alpha,1799551287-α-8,P04-T22-Bα,6,60,C4,7,7,L2,L,False,60,True,L2,True,0.8110691674522228,False,0.9703929424285889,valid,False,0.032739712868277066,0.8110691674522228,0.00429887489915236,0.0001434675125350812,9.621627245467963e-06,0.011685553521184569,0.13504906074101872,0.004656915583804243,0.0003192928210558296,2.8332973503797068e-05
P04,22,B,alpha,1799551287-α-8,P04-T22-Bα,7,65,F4,10,10,R4,R,False,65,True,R4,True,0.7810622721606368,False,0.8287510871887207,valid,False,0.00020804113510160355,8.213877209793114e-05,5.760332809799729e-07,5.891910718678485e-08,5.135439549779903e-09,0.00035011476615237494,0.009449408741810906,0.19260758496414582,0.7810622721606368,0.016239799372226804
P04,22,B,alpha,1799551287-α-8,P04-T22-Bα,8,60,C4,7,7,L2,L,False,60,True,L2,True,0.676088797629691,False,0.8489320278167725,valid,False,0.008390092566283999,0.676088797629691,0.0009197295908396179,3.4607821237272206e-05,3.4736480996869147e-06,0.004741361946196475,0.2981021528868407,0.01098273423713604,0.0007234849208017848,1.3564752873250502e-05
P04,22,B,alpha,1799551287-α-8,P04-T22-Bα,9,65,F4,10,10,R4,R,False,65,True,R4,True,0.7219921453042268,False,1.3766639232635498,valid,False,0.00013351793518346776,0.0010639775166771158,3.934443854073921e-06,1.6037660292119028e-07,1.3381655018021057e-08,0.0003162448216223901,0.01397678410716207,0.21745985521170672,0.7219921453042268,0.04505336690130942
P04,22,B,alpha,1799551287-α-8,P04-T22-Bα,10,64,E4,9,9,R2,R,False,64,True,R2,True,0.8686048464709193,False,0.7023272514343262,valid,False,0.0010598083701738523,0.010246009366929208,3.2286318953901047e-05,1.3697710083810126e-06,1.0141197288559593e-07,0.00605036575654184,0.8686048464709193,0.10426005425484829,0.009456584884652302,0.00028857339399998344
P04,22,B,alpha,1799551287-α-8,P04-T22-Bα,11,65,F4,10,10,R3,R,False,65,True,R3,True,0.8063974929867374,False,1.1160869598388672,valid,False,0.00019747701755608264,0.001510705542540826,4.760401756934704e-06,1.8643587503762445e-07,1.3275231156285198e-08,0.0012397662975495568,0.13873654686815257,0.8063974929867374,0.05103832333191159,0.0008747278426888684
P04,22,B,alpha,1799551287-α-8,P04-T22-Bα,12,64,E4,9,9,R2,R,False,64,True,R2,True,0.7899737360841319,False,0.6360089778900146,valid,False,0.0009278813426193627,0.009698776072401766,2.821221325761342e-05,1.2457714523087287e-06,8.854056157151204e-08,0.004096204827757672,0.7899737360841319,0.18716670670815536,0.007940686237692215,0.00016646220197035584
P04,22,B,alpha,1799551287-α-8,P04-T22-Bα,13,59,B3,6,6,L2,L,False,59,True,L2,True,0.9293564054960134,False,0.7991840839385986,valid,False,0.04815824260034012,0.9293564054960134,0.009722981493750555,0.00044686100186518894,3.415673267634507e-05,0.007261642757153696,0.004547112015065789,0.00044686100186518894,2.5082528877248458e-05,6.543723925807488e-07
P04,22,B,alpha,1799551287-α-8,P04-T22-Bα,14,60,C4,7,7,L3,L,False,60,True,L3,True,0.8549749324026021,False,1.2042717933654785,valid,False,0.0015063896503465489,0.083387490617887,0.8549749324026021,0.010925201116876082,0.00012024780181667111,0.00471652429273454,0.04089763141178819,0.0032906073403798043,0.0001774076299059471,3.567735663104409e-06
P04,22,B,alpha,1799551287-α-8,P04-T22-Bα,15,65,F4,10,10,R3,R,False,65,True,R3,True,0.6838473408219342,False,1.1467580795288086,valid,False,0.0003124536834088846,0.0011826228272094881,5.0173649863092134e-05,3.1755790248925477e-06,7.393935755556668e-08,0.0009024700876360986,0.27228942201558526,0.6838473408219342,0.04100809691204311,0.00040417048393749834
P04,22,B,alpha,1799551287-α-8,P04-T22-Bα,16,60,C4,7,7,L3,L,False,60,True,L3,True,0.8577102246255677,False,0.9669630527496338,valid,False,0.003169883731596165,0.09024348783895791,0.8577102246255677,0.0051256959396430825,4.539665501146645e-05,0.00601505990656974,0.034962159130517693,0.002596764660722494,0.0001287108182949917,2.6166931187370615e-06
P04,22,B,alpha,1799551287-α-8,P04-T22-Bα,17,59,B3,6,6,L1,L,False,59,True,L1,True,0.912382874051696,False,0.8073678016662598,valid,False,0.912382874051696,0.0705315212634782,0.0021728935663291953,0.00017483016185543607,1.586023445678187e-05,0.007925709825619909,0.006398475251411422,0.0003738351777210892,2.3518665407558234e-05,4.818020242177581e-07
P04,22,B,alpha,1799551287-α-8,P04-T22-Bα,18,60,C4,7,7,L2,L,False,60,True,L2,True,0.9015289677833187,False,1.2135369777679443,valid,False,0.006074454403064231,0.9015289677833187,0.03259282509366946,0.0024207857438207627,9.108219567263747e-05,0.006322357590049644,0.04857294567232167,0.0022346668912206764,0.00015876326232512058,3.1513645373298702e-06
P04,22,B,alpha,1799551287-α-8,P04-T22-Bα,19,59,B3,6,6,L1,L,False,59,True,L1,True,0.8075549334879742,False,0.7611069679260254,valid,False,0.8075549334879742,0.1647646582211375,0.003992901429437333,0.00026303140111301747,1.9536283343393572e-05,0.010607178436276447,0.012237660729345646,0.0005191918255343605,4.002710252926549e-05,8.81083309005299e-07
P04,22,B,alpha,1799551287-α-8,P04-T22-Bα,20,60,C4,7,7,L3,L,False,60,True,L3,True,0.8236329262705899,False,0.9063959121704102,valid,False,0.0011204439075705515,0.07141333940779254,0.8236329262705899,0.054256616755574756,0.0005113550734393959,0.004194293675621294,0.04266823340023113,0.0020415819087673073,0.00015745569262013247,3.7539077929045957e-06
P04,22,B,alpha,1799551287-α-8,P04-T22-Bα,21,59,B3,6,6,L4,L,False,59,True,L4,True,0.8569627964372063,False,1.2180771827697754,valid,False,0.0006930830167087526,0.010000652386469305,0.10784975246624041,0.8569627964372063,0.01161819110692114,0.0034640645027682634,0.008965595288649916,0.0004120520948825231,3.302979373161279e-05,7.829064218674322e-07
P04,22,B,alpha,1799551287-α-8,P04-T22-Bα,22,57,A3,5,5,L5,L,False,57,True,L5,True,0.7780280677474701,False,1.3814270496368408,valid,False,0.0009215640755417363,0.0027781904077693854,0.02350097573275707,0.1927965498711234,0.7780280677474701,0.0009533166820351124,0.0009728781722132518,4.4903595940633064e-05,3.4569598068547657e-06,9.675534240255067e-08
P04,22,B,alpha,1799551287-α-8,P04-T22-Bα,23,62,D4,8,8,R4,R,False,62,True,R4,True,0.6211229671193051,False,1.4050259590148926,valid,False,0.0023837906220663388,0.004020993763839527,0.0002544958058764913,3.1794215031799266e-05,1.7847607203075029e-06,0.00021172336085263142,0.01079607629836771,0.35479106858321646,0.6211229671193051,0.006385305470723562
P04,22,B,alpha,1799551287-α-8,P04-T22-Bα,24,64,E4,9,9,R5,R,False,64,True,R5,True,0.9487067051961139,False,0.8752059936523438,valid,False,0.00027181187384616844,0.00043827868410644863,3.9759745192513975e-05,4.405505343012173e-06,3.0205534196043815e-07,3.8782343077988594e-05,0.00047688592550881116,0.004641788266007955,0.04538128040546114,0.9487067051961139
P04,22,B,alpha,1799551287-α-8,P04-T22-Bα,25,65,F4,10,10,R4,R,False,65,True,R4,True,0.7580572154807353,False,1.4437079429626465,valid,False,0.0001871283480859829,0.00010134333858907577,5.465819933437315e-06,6.560712677608624e-07,3.6828405018045485e-08,0.00013929413147537506,0.007459221323251037,0.21936979445494695,0.7580572154807353,0.014679844203310179
P04,22,B,alpha,1799551287-α-8,P04-T22-Bα,26,64,E4,9,9,R5,R,False,64,True,R5,True,0.8644394793180956,False,1.007807970046997,valid,False,0.00036850207423196085,0.0007882667715035076,5.4046056169289974e-05,5.7536623073797e-06,4.105886468533407e-07,0.00010248866296813949,0.000980528423098534,0.0114969444044214,0.12176358003855729,0.8644394793180956
P04,22,B,alpha,1799551287-α-8,P04-T22-Bα,27,59,B3,6,6,L2,L,False,59,True,L2,True,0.8947488228423272,False,0.7215280532836914,valid,False,0.02256822704240119,0.8947488228423272,0.010985135425905615,0.0013723752997885535,9.04048858544322e-05,0.008101036738364686,0.05894135897805142,0.0029345174691350587,0.0002361101215662399,2.2011196605690942e-05
P04,22,B,alpha,1799551287-α-8,P04-T22-Bα,28,60,C4,7,7,L3,L,False,60,True,L3,True,0.8427180883942144,False,1.2030737400054932,valid,False,0.0026554987425579366,0.07810557895566268,0.8427180883942144,0.018113046638241495,0.0001270254889022415,0.006375967512629306,0.04923636553476305,0.0024513342970643877,0.00019723339355344225,1.9861042411242217e-05
P04,22,B,alpha,1799551287-α-8,P04-T22-Bα,29,57,A3,5,5,L3,L,False,57,True,L3,True,0.7552582391329284,False,0.871802806854248,valid,False,0.008150197628414695,0.21577214103877856,0.7552582391329284,0.017585236755972986,0.0003933953195045293,0.0018720980041959474,0.000911247926920538,5.324026698910317e-05,3.650320632788796e-06,5.536056623147387e-07
P04,23,C,gamma,1799551287-γ-3,P04-T23-Cγ,0,60,C4,7,7,R3,R,False,60,True,R3,True,0.7306440027513711,False,1.0848798751831055,valid,False,0.008452727291030856,0.0070563388519466206,0.0002354931014375521,1.894768233389317e-05,1.517081258533902e-06,0.0032172172459300962,0.18091626749149675,0.7306440027513711,0.06879085508242637,0.0006666334207682752
P04,23,C,gamma,1799551287-γ-3,P04-T23-Cγ,1,59,B3,6,6,L5,L,False,59,True,L4,True,0.4376934251866493,False,0.8194277286529541,valid,False,0.002227685588946388,0.004580628396188083,0.07617067898788606,0.47040647516372036,0.4376934251866493,0.0012527447038542753,0.007098998882340957,0.0005280938434858768,3.7685447116063584e-05,3.583799812777779e-06
P04,23,C,gamma,1799551287-γ-3,P04-T23-Cγ,2,62,D4,8,8,L2,L,False,62,True,L2,True,0.7978909622517814,False,0.5768899917602539,valid,False,0.005535611432305176,0.7978909622517814,0.025584122630547403,0.0022299339123862567,8.390852591830123e-05,0.007403641319097731,0.154774922601121,0.005823910534945802,0.0005956940690491926,7.729272284794212e-05
P04,23,C,gamma,1799551287-γ-3,P04-T23-Cγ,3,53,F3,3,3,L2,L,False,53,True,L2,True,0.8845338047810414,False,0.7469942569732666,valid,False,0.005190406423436151,0.8845338047810414,0.10200896809863155,0.0075765710706372025,0.0005885290772989784,8.700673846106304e-05,1.4193952745900168e-05,4.7369861679303785e-07,3.966905012881047e-08,6.490080771645754e-09
P04,23,C,gamma,1799551287-γ-3,P04-T23-Cγ,4,69,A4,12,12,R3,R,False,69,True,R3,True,0.7543530572801258,False,0.8948149681091309,valid,False,4.161048513356124e-06,3.442510067606846e-07,1.856672615146351e-08,1.7530744272458092e-09,1.8673770973178855e-10,0.0004168316852654731,0.09808755558533414,0.7543530572801258,0.14456227591500115,0.002575753728215038
P04,23,C,gamma,1799551287-γ-3,P04-T23-Cγ,5,62,D4,8,8,L2,L,False,62,True,L2,True,0.9474190411477709,False,0.634843111038208,valid,False,0.012520587529365983,0.9474190411477709,0.009911953852612882,0.0005345882196223819,1.6351679431747056e-05,0.014207095012714725,0.01478689755920843,0.0005564051787393017,4.4483610388810765e-05,2.5962101448106277e-06
P04,23,C,gamma,1799551287-γ-3,P04-T23-Cγ,6,60,C4,7,7,R2,R,False,60,True,R2,True,0.9229451035858429,False,0.4957761764526367,valid,False,0.007775936951723058,0.02327942112204189,0.0006890577162479344,4.0258655959763646e-05,4.3008235506330915e-06,0.011793750312860838,0.9229451035858429,0.03205873716483281,0.001360115682323365,5.331798461669189e-05
P04,23,C,gamma,1799551287-γ-3,P04-T23-Cγ,7,57,A3,5,5,L4,L,False,57,True,L4,True,0.5273061713608872,False,0.9765229225158691,valid,False,0.0007643250830867296,0.012475575878394953,0.44934067880873274,0.5273061713608872,0.006220071178458607,0.0009145483796027933,0.0028977559226532716,7.636592807921585e-05,4.286783261335291e-06,2.2067684310043389e-07
P04,23,C,gamma,1799551287-γ-3,P04-T23-Cγ,8,57,A3,5,5,R4,R,False,57,True,R4,True,0.48249923586251264,False,0.912545919418335,valid,False,0.00598477004773606,0.02172476070352568,0.000669283632581674,8.702608795662505e-05,9.526445362062304e-06,0.00044878055627229485,0.013717967522649166,0.47269608534840113,0.48249923586251264,0.0021625637930025973
P04,23,C,gamma,1799551287-γ-3,P04-T23-Cγ,9,52,E3,2,2,L2,L,False,52,True,L2,True,0.8956903303074307,False,0.7629439830780029,valid,False,0.001195821654790717,0.8956903303074307,0.095353852951488,0.007371304852683354,0.00031653045790479804,4.6383127381225e-05,2.4175748889843684e-05,1.530125898656828e-06,6.75660270103235e-08,3.207505778761964e-09
P04,23,C,gamma,1799551287-γ-3,P04-T23-Cγ,10,64,E4,9,9,R2,R,False,64,True,R2,True,0.9034871187534915,False,0.6152019500732422,valid,False,0.0005075693692207484,7.779033011361754e-05,5.1244188929833705e-06,4.838487756268387e-07,3.585460808154238e-08,0.0102835920382248,0.9034871187534915,0.07874870655548653,0.00659467069816975,0.00029490813301613893
P04,23,C,gamma,1799551287-γ-3,P04-T23-Cγ,11,55,G3,4,4,L5,L,False,55,True,L5,True,0.5367513356829193,False,1.01566481590271,valid,False,7.059981043531598e-05,0.0023959952878180317,0.054901184573832564,0.4056679327137948,0.5367513356829193,0.00018537476233796828,2.6398051594807352e-05,1.0760427637389735e-06,9.378880349699239e-08,9.28569989682548e-09
P04,23,C,gamma,1799551287-γ-3,P04-T23-Cγ,12,52,E3,2,2,L2,L,False,52,True,L2,True,0.8436805424456465,False,0.6299221515655518,valid,False,0.0008982979494336179,0.8436805424456465,0.14515090403521866,0.009952003808999495,0.00030508219995935423,1.2041956777065934e-05,1.089293365758062e-06,3.492784900275862e-08,3.0443410588159514e-09,3.384093511931892e-10
P04,23,C,gamma,1799551287-γ-3,P04-T23-Cγ,13,55,G3,4,4,L5,L,False,55,True,L5,True,0.5112592939554854,False,0.7389287948608398,valid,False,5.063969147407851e-05,0.002464954701095028,0.05024328399055984,0.4356664318954174,0.5112592939554854,0.00026662208801282364,4.768572872912464e-05,9.461370616689022e-07,1.2804572722161738e-07,1.3766437373812725e-08
P04,23,C,gamma,1799551287-γ-3,P04-T23-Cγ,14,59,B3,6,6,L3,L,False,59,True,L3,True,0.7879214979737638,False,0.7992451190948486,valid,False,0.00036605397802266733,0.14755000506625973,0.7879214979737638,0.056227078406177244,0.0006990894472641083,0.004888470153867733,0.0022919396391001875,4.9262036909828706e-05,5.913002514078223e-06,6.902961206225835e-07
P04,23,C,gamma,1799551287-γ-3,P04-T23-Cγ,15,55,G3,4,4,L5,L,False,55,True,L5,True,0.6600423183482148,False,0.9974160194396973,valid,False,6.492313135812987e-05,0.0028541068769309687,0.040137214714049005,0.29657613117693277,0.6600423183482148,0.0002644337593262644,5.914897317864215e-05,1.5527991891029644e-06,1.5259914403669357e-07,1.7621676286308376e-08
P04,23,C,gamma,1799551287-γ-3,P04-T23-Cγ,16,50,D3,1,1,L3,L,False,50,True,L3,True,0.7823683842898772,False,1.1873059272766113,valid,False,4.4055048871679894e-05,0.05153832518607731,0.7823683842898772,0.16440381850636487,0.0016427219265198803,2.448424848481313e-06,2.3932830424153764e-07,6.539340158876956e-09,6.688712205937877e-10,8.09250444179632e-11
P04,23,C,gamma,1799551287-γ-3,P04-T23-Cγ,17,71,B4,13,13,R5,R,False,71,True,R5,True,0.9076660878369763,False,0.990196943283081,valid,False,1.5859460558584194e-06,1.0567430415830627e-06,6.578468919556625e-08,8.550566328233068e-09,2.1261652851474844e-10,5.270874196919117e-05,0.0006010221837645285,0.012564514941284086,0.07911294905903636,0.9076660878369763
P04,23,C,gamma,1799551287-γ-3,P04-T23-Cγ,18,64,E4,9,9,R1,R,False,64,True,R1,True,0.9067907558675187,False,0.4847280979156494,valid,False,0.00030586145538047155,0.00236481641420372,0.0001366833591000626,2.2593607297632242e-05,5.123549534729522e-07,0.9067907558675187,0.0891135789719903,0.0011387278569416112,9.92524895945081e-05,2.7217623019542203e-05
P04,23,C,gamma,1799551287-γ-3,P04-T23-Cγ,19,69,A4,12,12,R5,R,False,69,True,R5,True,0.6648856931687563,False,0.7897562980651855,valid,False,5.04925542719918e-06,6.623111683653203e-06,3.158052398134964e-07,5.65500277836681e-08,1.5972962364975056e-09,0.00011519824446744854,0.0023622513730078647,0.045586660275703364,0.2870381506183903,0.6648856931687563
P04,23,C,gamma,1799551287-γ-3,P04-T23-Cγ,20,59,B3,6,6,L3,L,False,59,True,L3,True,0.8420063761073817,False,0.6379561424255371,valid,False,0.00034855848247781053,0.11153104513271606,0.8420063761073817,0.03572274450087146,0.0003875301998488636,0.006827626501730167,0.003113624827254768,5.479192701021589e-05,6.84516706815551e-06,8.57153640950019e-07
P04,23,C,gamma,1799551287-γ-3,P04-T23-Cγ,21,64,E4,9,9,R3,R,False,64,True,R3,True,0.7192434111421003,False,0.5495820045471191,valid,False,0.00010258320345878093,0.0018213377095739921,0.00011744323619441263,1.5894213634595234e-05,3.0126474917844497e-07,0.0015748324643434064,0.12879214704393827,0.7192434111421003,0.14521274030018838,0.0031193094218186102
P04,23,C,gamma,1799551287-γ-3,P04-T23-Cγ,22,53,F3,3,3,L5,L,False,53,True,L5,True,0.5992405883338803,False,1.0079751014709473,valid,False,3.019838075151697e-05,0.0016630623667188188,0.0427625691532214,0.3562608429422402,0.5992405883338803,3.896956732301265e-05,3.6818614254566918e-06,7.603347664039711e-08,9.49887837088077e-09,1.8620843780218035e-09
P04,23,C,gamma,1799551287-γ-3,P04-T23-Cγ,23,65,F4,10,10,R5,R,False,65,True,R5,True,0.9462214298185688,False,0.8646059036254883,valid,False,2.8740549238492004e-05,0.00034844321853643665,4.295838645352102e-05,5.139716890214531e-06,2.1852222646534074e-07,5.286518397246357e-05,0.0005359726582575577,0.005654640928341026,0.04710959101751506,0.9462214298185688
P04,23,C,gamma,1799551287-γ-3,P04-T23-Cγ,24,71,B4,13,13,R2,R,False,71,True,R2,True,0.9305435878600816,False,0.78013014793396,valid,False,1.1527063276326972e-06,2.0522403976908747e-06,9.666771474386485e-08,1.256957833170812e-08,7.570569532040413e-10,0.010292042949204012,0.9305435878600816,0.05018764688699701,0.008009636393010703,0.0009637709696314311
P04,23,C,gamma,1799551287-γ-3,P04-T23-Cγ,25,67,G4,11,11,R5,R,False,67,True,R5,True,0.8309975027005234,False,0.8070182800292969,valid,False,1.655793002622371e-05,7.090068481527974e-05,3.858899613680019e-06,5.888299001566319e-07,3.5179109584405424e-08,7.400590080099312e-05,0.0006842980374904639,0.019348730105066762,0.1488035217326534,0.8309975027005234
P04,23,C,gamma,1799551287-γ-3,P04-T23-Cγ,26,69,A4,12,12,R5,R,False,69,True,R5,True,0.89433247710462,False,0.7131729125976562,valid,False,5.315179384431828e-06,1.8948339443945485e-05,7.436631391395257e-07,1.0064386156807622e-07,7.973847814709007e-09,3.8352348828444186e-05,0.0007169354228165861,0.013411031363470447,0.09147608796058765,0.89433247710462
P04,23,C,gamma,1799551287-γ-3,P04-T23-Cγ,27,60,C4,7,7,L1,L,False,60,True,L1,True,0.7503359602065565,False,0.6873307228088379,valid,False,0.7503359602065565,0.22599684820379923,0.008503867441824972,0.0006573892653545071,5.505189755047048e-05,0.012692419782469405,0.0017169012259925804,3.690239050038066e-05,4.088901418562367e-06,5.706845333594335e-07
P04,23,C,gamma,1799551287-γ-3,P04-T23-Cγ,28,59,B3,6,6,L1,L,False,59,True,L1,True,0.7761576914962569,False,0.7888889312744141,valid,False,0.7761576914962569,0.21580078926960233,0.003236057313412041,0.00040428132685134117,3.252831657463809e-05,0.0032911950331471983,0.0010558601156084666,1.9338752594501798e-05,1.978048967996656e-06,2.8032698461708504e-07
P04,23,C,gamma,1799551287-γ-3,P04-T23-Cγ,29,71,B4,13,13,R5,R,False,71,True,R5,True,0.9418956008299189,False,0.7116720676422119,valid,False,5.33446231251263e-07,6.054609642224278e-08,2.371220968933868e-09,3.6182485842255994e-10,3.01792314624554e-11,2.7202798021848423e-05,0.0004016775772927867,0.006875019234472126,0.050799902804741795,0.9418956008299189
P04,24,B,alpha,1799551287-α-4,P04-T24-Bα,0,60,C4,7,7,R1,R,False,60,True,R1,True,0.8328928302764799,False,0.7967982292175293,valid,False,0.0038281320720828806,0.07872928802076254,0.004419449911145711,0.0004343151891671659,1.917812895528534e-05,0.8328928302764799,0.07872928802076254,0.0008922715485121077,5.008745175937246e-05,5.15938037272274e-06
P04,24,B,alpha,1799551287-α-4,P04-T24-Bα,1,62,D4,8,8,R2,R,False,62,True,R2,True,0.9396294280146192,False,0.6119930744171143,valid,False,0.001086285660752396,0.006589553368040046,0.0003699030154977951,3.937932179527083e-05,1.4817752334048832e-06,0.03396208029932908,0.9396294280146192,0.01720991329274361,0.0009660744010841682,0.00014590085090502311
P04,24,B,alpha,1799551287-α-4,P04-T24-Bα,2,59,B3,6,6,L2,L,False,59,True,L2,True,0.8907245301529831,False,1.073038101196289,valid,False,0.002696717278087308,0.8907245301529831,0.027440916717377032,0.002696717278087308,7.669146997523772e-05,0.03312329468005233,0.04260770946963971,0.0005898041244671153,3.7329746023333374e-05,6.289083307614369e-06
P04,24,B,alpha,1799551287-α-4,P04-T24-Bα,3,57,A3,5,5,L4,L,False,57,True,L4,True,0.5629601950592048,False,1.5709969997406006,valid,False,0.00037114540870478337,0.012917159513387061,0.40879300355305875,0.5629601950592048,0.0073488624717439905,0.003916944888641971,0.003644462616028402,4.4744306301006725e-05,2.947520189558571e-06,5.346627397037115e-07
P04,24,B,alpha,1799551287-α-4,P04-T24-Bα,4,55,G3,4,4,L5,L,False,55,True,L5,True,0.6725714672307618,False,1.0706889629364014,valid,False,0.00014945081138593484,0.00347000070844615,0.05411483576434314,0.26803253618160794,0.6725714672307618,0.0010139437349816819,0.0006383352756826449,8.836259519154588e-06,5.162643470417666e-07,7.776892455171204e-08
P04,24,B,alpha,1799551287-α-4,P04-T24-Bα,5,57,A3,5,5,L4,L,False,57,True,L2,False,0.002892520544951013,False,0.983184814453125,valid,False,0.006973576932628144,0.9553982630269365,0.022245245110946756,0.002892520544951013,0.000284258365386618,0.007074226395978595,0.005063856174587229,6.217068347565927e-05,5.002228743801202e-06,8.805363655651491e-07
P04,24,B,alpha,1799551287-α-4,P04-T24-Bα,6,59,B3,6,6,L5,L,False,59,True,L5,True,0.5694482524221647,False,0.9577388763427734,valid,False,0.0009226051444234092,0.0031802011157633626,0.05808206690471947,0.36674541448202025,0.5694482524221647,0.0014552648847987982,0.0001627838411505993,2.9814900514354433e-06,3.438407010555717e-07,8.587420699676191e-08
P04,24,B,alpha,1799551287-α-4,P04-T24-Bα,7,62,D4,8,8,R2,R,False,62,True,R2,True,0.9614357174948429,False,0.8530938625335693,valid,False,0.0016190130115223994,0.0007775772416529831,5.7753444075598804e-05,6.399264009878773e-06,4.387537247832411e-07,0.012231642703700743,0.9614357174948429,0.02238581963330275,0.0013079064202369108,0.00017773203293115796
P04,24,B,alpha,1799551287-α-4,P04-T24-Bα,8,64,E4,9,9,R3,R,False,64,True,R3,True,0.7833600142127152,False,0.7262358665466309,valid,False,0.00029771024364374675,9.288365213008455e-05,5.009557849299019e-06,7.056384081648867e-07,5.6775388828312766e-08,0.0018109728975704718,0.11484603193811409,0.7833600142127152,0.09786533280347903,0.001721282280700976
P04,24,B,alpha,1799551287-α-4,P04-T24-Bα,9,65,F4,10,10,R2,R,False,65,True,R2,True,0.9564531828004021,False,0.669064998626709,valid,False,6.303515512428231e-05,1.662632230127778e-05,9.333146591860973e-07,1.3683042689499682e-07,9.381525652197309e-09,0.019425110802763965,0.9564531828004021,0.02139659594353125,0.002462272187554901,0.00018209726171037902
P04,24,B,alpha,1799551287-α-4,P04-T24-Bα,10,64,E4,9,9,R3,R,False,64,True,R3,True,0.7420077714167596,False,1.0971672534942627,valid,False,0.00027624642618225974,9.1571033701336e-05,5.795692653477814e-06,6.956664275488271e-07,4.964363945764003e-08,0.0018677092741602264,0.17580223820648896,0.7420077714167596,0.0789930375828107,0.0009548850571765024
P04,24,B,alpha,1799551287-α-4,P04-T24-Bα,11,59,B3,6,6,L5,L,False,59,True,L5,True,0.6338886376494476,False,1.072840929031372,valid,False,0.00023005434074429418,0.002717016330645744,0.04175725833884448,0.3211387551006841,0.6338886376494476,0.0002552681218099818,1.2423981137269444e-05,4.865714939718145e-07,7.418647542912888e-08,2.53787172248397e-08
P04,24,B,alpha,1799551287-α-4,P04-T24-Bα,12,57,A3,5,5,L4,L,False,57,True,L4,True,0.6485896920968579,False,1.2294061183929443,valid,False,0.00020658738411774487,0.01348265249568548,0.30205266035872813,0.6485896920968579,0.035057616903346044,0.0005379516905878925,7.099117547174644e-05,1.6529400985928977e-06,1.6244035027795118e-07,3.251475613993248e-08
P04,24,B,alpha,1799551287-α-4,P04-T24-Bα,13,59,B3,6,6,L5,L,False,59,True,L5,True,0.8294640395372638,False,1.731806993484497,valid,False,0.000855590283160825,0.0024616063412210587,0.011950579330192102,0.15459051103027022,0.8294640395372638,0.0006584625952894668,1.8329926200762834e-05,7.178713068988502e-07,1.1865730555990178e-07,4.442778943352672e-08
P04,24,B,alpha,1799551287-α-4,P04-T24-Bα,14,64,E4,9,9,R3,R,False,64,True,R3,True,0.7510129735533166,False,0.8863210678100586,valid,False,0.00016159664099063838,8.904823646227716e-05,5.63602035500495e-06,6.000022976448534e-07,6.387534723138626e-08,0.0017876343409924972,0.1851975191590059,0.7510129735533166,0.06042620851589687,0.0013187196553352185
P04,24,B,alpha,1799551287-α-4,P04-T24-Bα,15,62,D4,8,8,R5,R,False,62,True,R5,True,0.9294034892412669,False,1.3179080486297607,valid,False,0.0004115218340128715,0.0008142750839797659,6.294732401650194e-05,5.710452399822535e-06,6.327361615781062e-07,0.00015156841061103124,0.0002999059918995091,0.0051271142212792895,0.06372283470437276,0.9294034892412669
P04,24,B,alpha,1799551287-α-4,P04-T24-Bα,16,64,E4,9,9,R3,R,False,64,True,R3,True,0.6854641332039766,False,1.3333449363708496,valid,False,0.00016139944836014397,7.808917590856958e-05,4.748607677351774e-06,4.857075692812375e-07,6.067954969676278e-08,0.001767487924800083,0.22365309660325325,0.6854641332039766,0.08563517961569016,0.0032353190332147634
P04,24,B,alpha,1799551287-α-4,P04-T24-Bα,17,59,B3,6,6,L5,L,False,59,True,L5,True,0.6918103278816194,False,1.2775850296020508,valid,False,0.0005765894997069997,0.0021606946876639695,0.029350565847529275,0.2756995884797463,0.6918103278816194,0.0003897334322209727,1.2025953480582243e-05,3.856084141223618e-07,6.863609335939204e-08,1.997352490297912e-08
P04,24,B,alpha,1799551287-α-4,P04-T24-Bα,18,62,D4,8,8,R4,R,False,62,True,R4,True,0.7041221983168995,False,1.3222858905792236,valid,False,0.0012351161775129304,0.00041352054433505756,2.9509351031397548e-05,3.993656379962815e-06,4.98928338996977e-07,0.0005511260566226939,0.008567143513514884,0.2590320808332285,0.7041221983168995,0.0260448126221363
P04,24,B,alpha,1799551287-α-4,P04-T24-Bα,19,64,E4,9,9,R5,R,False,64,True,R5,True,0.9250648161246162,False,0.8008739948272705,valid,False,0.00025865424867469567,7.96481719873427e-05,5.915754731730606e-06,7.390564939498739e-07,9.233048461589793e-08,0.00012205172833204068,0.0005305390017902656,0.007923743882291829,0.06601379970059744,0.9250648161246162
P04,24,B,alpha,1799551287-α-4,P04-T24-Bα,20,59,B3,6,6,L5,L,False,59,True,L5,True,0.7608415604463193,False,1.0359690189361572,valid,False,0.0002486012847321676,0.001398045688423583,0.01702061296743364,0.22017553994528502,0.7608415604463193,0.00029948981689942376,1.4912211126685683e-05,1.0224282302600892e-06,1.6900624974835692e-07,4.620530019630495e-08
P04,24,B,alpha,1799551287-α-4,P04-T24-Bα,21,64,E4,9,9,R5,R,False,64,True,R5,True,0.8931864643421962,False,0.9576671123504639,valid,False,0.00011493708474717334,0.0005212712310767291,4.952861803894586e-05,5.065995405830438e-06,1.9803630342504616e-07,0.0001732922634615233,0.0007390960785604616,0.0101228512245467,0.09508729512566302,0.8931864643421962
P04,24,B,alpha,1799551287-α-4,P04-T24-Bα,22,65,F4,10,10,R3,R,False,65,True,R3,True,0.7713167684107414,False,1.2345170974731445,valid,False,1.6143452268467256e-05,6.950755782404471e-05,4.932541745025495e-06,5.251110169636448e-07,2.13692849309842e-08,0.0009731387914570269,0.10029332507536208,0.7713167684107414,0.12249854387210175,0.004827093818198539
P04,24,B,alpha,1799551287-α-4,P04-T24-Bα,23,57,A3,5,5,L4,L,False,57,True,L4,True,0.5795288769399992,False,1.048093318939209,valid,False,0.0003038723170497702,0.008432231873513493,0.3743467589740337,0.5795288769399992,0.03477800409226176,0.0019750034335936067,0.0005958391638326589,3.7711714336898646e-05,1.5999474281594707e-06,1.0154395089114091e-07
P04,24,B,alpha,1799551287-α-4,P04-T24-Bα,24,59,B3,6,6,L3,L,False,59,True,L3,True,0.8572540085540081,False,0.9308488368988037,valid,False,0.0007760206091512742,0.11151135920139299,0.8572540085540081,0.019177433848145152,0.00040130836694117586,0.0053286844359278045,0.005332041936757987,0.00020882353107458962,9.597374259016722e-06,7.221423417622358e-07
P04,24,B,alpha,1799551287-α-4,P04-T24-Bα,25,57,A3,5,5,L2,L,False,57,True,L2,True,0.8986416718336324,False,0.7829949855804443,valid,False,0.003618136688019801,0.8986416718336324,0.08831273926458905,0.005817580011777758,0.0003574711751608405,0.002333410214804151,0.0008877051492463018,2.9625623590968375e-05,1.535167735050744e-06,1.2487144354536439e-07
P04,24,B,alpha,1799551287-α-4,P04-T24-Bα,26,59,B3,6,6,L3,L,False,59,True,L3,True,0.7899253724743003,False,1.4129092693328857,valid,False,0.0010589608205556836,0.165651890383624,0.7899253724743003,0.03219909916048433,0.000440465227236014,0.0047309519646395355,0.005765768652888126,0.000216955823561641,9.97112837657421e-06,5.643643340085641e-07
P04,24,B,alpha,1799551287-α-4,P04-T24-Bα,27,57,A3,5,5,L4,L,False,57,True,L4,True,0.6792313179659095,False,2.2606561183929443,valid,False,0.0005159242189517823,0.022839683133040144,0.28642605875388644,0.6792313179659095,0.008972060118738287,0.0012029536751036252,0.0007873847596157481,2.3306144144432576e-05,1.25698629046285e-06,5.4244319454487815e-08
P04,24,B,alpha,1799551287-α-4,P04-T24-Bα,28,55,G3,4,4,L5,L,False,55,True,L5,True,0.8107313978201277,False,0.8875288963317871,valid,False,0.00022267027269980337,0.0016538406353931911,0.016563971148568838,0.17027658137459345,0.8107313978201277,0.00040959615059929803,0.0001377846665955826,3.918433981614125e-06,2.2893711491373584e-07,1.0560325633542344e-08
P04,24,B,alpha,1799551287-α-4,P04-T24-Bα,29,53,F3,3,3,L4,L,False,53,True,L4,True,0.6397334424106534,False,1.3583109378814697,valid,False,0.00010901441214981689,0.00905192019154379,0.3240998325097703,0.6397334424106534,0.026922454699007566,6.620467466867216e-05,1.6590112283847464e-05,5.110984082079822e-07,2.869038792965827e-08,1.2011264017155373e-09
P04,25,A,gamma,1799551287-γ-8,P04-T25-Aγ,0,71,B4,13,13,R4,R,False,71,True,R5,False,0.023603707472408465,False,1.2522962093353271,valid,False,5.668158492277166e-07,3.436073039243991e-08,1.7805358422002055e-09,1.895531827542875e-10,3.2335970487253876e-11,2.4461160346329166e-05,0.00023726059047703013,0.0021412800319389083,0.023603707472408465,0.9739926875658246
P04,25,A,gamma,1799551287-γ-8,P04-T25-Aγ,1,65,F4,10,10,R2,R,False,65,True,R3,False,0.2671517919234062,False,0.5116090774536133,valid,False,5.7010755846507065e-05,5.903658744614686e-06,2.824008636601011e-07,3.256791378285461e-08,5.507815481457097e-09,0.0011849842913989649,0.2671517919234062,0.6977193928350265,0.03323519455734874,0.0006454015016356604
P04,25,A,gamma,1799551287-γ-8,P04-T25-Aγ,2,57,A3,5,5,R4,R,False,57,True,L2,False,1.0489482692099441e-05,False,0.48589181900024414,valid,False,0.007745348558578878,0.9795492111272495,0.006600150667571387,0.0005987521599638256,0.00012097197357012073,0.0017284934792129796,0.003492576416121343,0.00015367619457893535,1.0489482692099441e-05,3.2994046104500146e-07
P04,25,A,gamma,1799551287-γ-8,P04-T25-Aγ,3,64,E4,9,9,R2,R,False,64,True,R3,False,0.24851226305144114,False,0.5252120494842529,valid,False,0.00030452265885832374,0.000521422211746695,2.9938497492791177e-06,2.4088397349418415e-07,4.718503139368098e-08,0.0010299771009878217,0.24851226305144114,0.7269115616719204,0.022373683021184497,0.0003432883651069014
P04,25,A,gamma,1799551287-γ-8,P04-T25-Aγ,4,53,F3,3,3,L4,L,False,53,True,L2,False,0.02902902402420181,False,0.5021638870239258,valid,False,0.0015778047487186972,0.6316251858874553,0.33305117535323747,0.02902902402420181,0.004544910166249462,0.0001298081155973663,3.768970781389018e-05,4.204062992702644e-06,1.928450156800296e-07,5.088717722870285e-09
P04,25,A,gamma,1799551287-γ-8,P04-T25-Aγ,5,72,C5,14,14,R5,R,False,72,True,R5,True,0.8608449311974038,False,0.8446581363677979,valid,False,1.5430157209414148e-07,7.195277751738885e-09,5.789292183585708e-10,5.6893450099227104e-11,9.362268627797862e-12,2.7137386462574596e-05,0.0003976887499566182,0.007373661432453053,0.13135641909168927,0.8608449311974038
P04,25,A,gamma,1799551287-γ-8,P04-T25-Aγ,6,57,A3,5,5,L2,L,False,57,True,L2,True,0.9791160239296605,False,0.597149133682251,valid,False,0.008057877208583348,0.9791160239296605,0.006866470015546693,0.0006229121061335161,0.00013094327036984049,0.00313155748606842,0.0019870480554509203,8.099645815110632e-05,5.780010083233649e-06,3.9145995245025585e-07
P04,25,A,gamma,1799551287-γ-8,P04-T25-Aγ,7,67,G4,11,11,R3,R,False,67,True,R3,True,0.7941932714279014,False,1.228708028793335,valid,False,1.3455914388664318e-05,1.224456451555753e-05,6.489933677583995e-08,5.887535002144509e-09,1.176755602901794e-09,0.00021634862140466394,0.029884108371820484,0.7941932714279014,0.17369950899874878,0.0019809901375932555
P04,25,A,gamma,1799551287-γ-8,P04-T25-Aγ,8,62,D4,8,8,L4,L,False,62,True,R2,False,1.8525291203263235e-06,False,0.37312889099121094,valid,False,0.0016004689729301174,0.004344004065660894,2.1254142074717768e-05,1.8525291203263235e-06,3.824924446136308e-07,0.01050266741709649,0.9617903721543972,0.02067233883663229,0.0010292151469830607,3.744424266034816e-05
P04,25,A,gamma,1799551287-γ-8,P04-T25-Aγ,9,60,C4,7,7,L1,L,False,60,True,R2,False,0.004516172043570691,False,0.30581092834472656,valid,False,0.004516172043570691,0.02926695309191987,0.0001431959937668999,1.2990447473776646e-05,2.868286120558328e-06,0.009507806760215997,0.9499971633710615,0.006150042538753115,0.000389247067764699,1.3560399352622898e-05
P04,25,A,gamma,1799551287-γ-8,P04-T25-Aγ,10,52,E3,2,2,L5,L,False,52,True,L3,False,0.028119243681697104,False,0.4824857711791992,valid,False,0.0005425129024022837,0.01014876733548692,0.7942134496018068,0.16689289399413024,0.028119243681697104,5.8560874751137304e-05,2.4169887310052617e-05,3.7723291611110424e-07,2.2939557253009866e-08,1.5499419275717967e-09
P04,25,A,gamma,1799551287-γ-8,P04-T25-Aγ,11,59,B3,6,6,R1,R,False,59,True,R2,False,0.015825755952069063,False,0.35799121856689453,valid,False,0.010857559659356664,0.27086992832370493,0.001325299850861157,0.00012022848996488786,2.7384819508754962e-05,0.015825755952069063,0.6990738550040921,0.0018251072206912028,7.147830773555417e-05,3.402372015662149e-06
P04,25,A,gamma,1799551287-γ-8,P04-T25-Aγ,12,67,G4,11,11,R5,R,False,67,True,R4,False,0.09644272336448981,False,0.5788431167602539,valid,False,1.348218108684404e-05,1.181233021153288e-05,7.059075578749094e-08,5.911497586635464e-09,1.2281414448054632e-09,5.113908911171653e-05,0.002366851199477621,0.10368823329686283,0.797425680808365,0.09644272336448981
P04,25,A,gamma,1799551287-γ-8,P04-T25-Aγ,13,55,G3,4,4,L2,L,False,55,True,L2,True,0.9332320967158516,False,0.42411112785339355,valid,False,0.006527825978759848,0.9332320967158516,0.052386762418345674,0.004566074817719529,0.0008534329147550069,0.0010833674520191136,0.0013173285517360934,3.0765970115653026e-05,2.2850986877248145e-06,6.008200972151077e-08
P04,25,A,gamma,1799551287-γ-8,P04-T25-Aγ,14,59,B3,6,6,R2,R,False,59,True,R2,True,0.8517566578302073,False,0.38474106788635254,valid,False,0.016092832334102997,0.11713763979000497,0.0018282324976325887,0.00016585351032241907,3.664160326894042e-05,0.009055294840107073,0.8517566578302073,0.003755981559914812,0.00016585351032241907,5.012524116599881e-06
P04,25,A,gamma,1799551287-γ-8,P04-T25-Aγ,15,59,B3,6,6,L3,L,False,59,True,R2,False,0.001489621111836399,False,0.28246188163757324,valid,False,0.010858278304208286,0.12133093354075043,0.001489621111836399,0.0001298366444634039,2.7478860352283025e-05,0.011456093825533383,0.8512421150435708,0.0033152127523383614,0.00014639040785211855,4.039509094441168e-06
P04,25,A,gamma,1799551287-γ-8,P04-T25-Aγ,16,53,F3,3,3,L5,L,False,53,True,L2,False,0.004326774040046839,False,0.43287086486816406,valid,False,0.0014648589291203589,0.5967417230140426,0.3692538673988699,0.027425806001195232,0.004326774040046839,0.00024273274390993363,0.0005401944706918956,3.816140890894984e-06,2.229605729649029e-07,4.300659444730812e-09
P04,25,A,gamma,1799551287-γ-8,P04-T25-Aγ,17,57,A3,5,5,R5,R,False,57,True,L2,False,3.2820176459835057e-07,False,0.3186380863189697,valid,False,0.009813553723136846,0.9380136143567221,0.007719614774692847,0.0007288877500159716,0.00016055129883177434,0.003507712932515167,0.03973774035635585,0.0003023301832406616,1.5666422724162853e-05,3.2820176459835057e-07
P04,25,A,gamma,1799551287-γ-8,P04-T25-Aγ,18,55,G3,4,4,L2,L,False,55,True,L2,True,0.9187738141494775,False,0.34566593170166016,valid,False,0.006015397547988221,0.9187738141494775,0.06299403065244451,0.0048697371890644905,0.0008626413547887747,0.0011658696280483886,0.005276141275168036,4.007670526120662e-05,2.249696345011311e-06,4.1801413766121416e-08
P04,25,A,gamma,1799551287-γ-8,P04-T25-Aγ,19,60,C4,7,7,L1,L,False,60,True,R2,False,0.006243897902602521,False,0.3329160213470459,valid,False,0.006243897902602521,0.0051412376926961885,0.00022702249868205895,1.978747428615476e-05,3.576745268099094e-06,0.004168037760047317,0.9699978419728599,0.013427352351044643,0.000753741239716239,1.750436279695301e-05
P04,25,A,gamma,1799551287-γ-8,P04-T25-Aγ,20,55,G3,4,4,L3,L,False,55,True,L2,False,0.058521216609246085,False,0.3047168254852295,valid,False,0.006617738871953612,0.9246260315672158,0.058521216609246085,0.004708594074884143,0.0008382517706752742,0.0011672620832037857,0.003485837752913304,3.302103044010183e-05,2.008010929011823e-06,3.822853887063983e-08
P04,25,A,gamma,1799551287-γ-8,P04-T25-Aγ,21,50,D3,1,1,L5,L,False,50,True,L3,False,0.004785781866075418,False,1.3677661418914795,valid,False,0.0001482101598806726,0.07465516764267086,0.7217103582454706,0.1986734759669927,0.004785781866075418,1.4959055823637627e-05,1.1928272527018298e-05,1.118472890760179e-07,6.8014406531735006e-09,1.4182919930458269e-10
P04,25,A,gamma,1799551287-γ-8,P04-T25-Aγ,22,67,G4,11,11,R3,R,False,67,True,R4,False,0.1494908066323342,False,0.46276116371154785,valid,False,1.2239094368024231e-05,6.669702583930432e-07,4.572958464252081e-08,9.232643908666808e-09,1.0932223698076076e-09,3.805342053811212e-05,0.0018160354576175722,0.1494908066323342,0.8348356647858579,0.013806477583575037
P04,25,A,gamma,1799551287-γ-8,P04-T25-Aγ,23,52,E3,2,2,L1,L,False,52,True,L3,False,0.0006161693979200467,False,0.7039859294891357,valid,False,0.0006161693979200467,0.13189898842739287,0.6932799400165247,0.16425726232739102,0.00980220874205635,8.301468351992316e-05,6.0778781862718726e-05,1.567041035689412e-06,6.919609493350725e-08,1.3862018129863034e-09
P04,25,A,gamma,1799551287-γ-8,P04-T25-Aγ,24,50,D3,1,1,L2,L,False,50,True,L4,False,0.006147835057283425,False,0.6440699100494385,valid,False,4.042442793579497e-05,0.006147835057283425,0.20931408008227986,0.7233085534967394,0.06115460846405453,2.0813216122157255e-05,1.3339697497457245e-05,3.3008376560128667e-07,1.5170404498952483e-08,3.0391718603219835e-10
P04,25,A,gamma,1799551287-γ-8,P04-T25-Aγ,25,52,E3,2,2,L4,L,False,52,True,L4,True,0.6259376109345939,False,0.6274433135986328,valid,False,7.065773632029694e-05,0.012673422976996269,0.33005216016941663,0.6259376109345939,0.03116359862961805,4.533854299865263e-05,5.578550328887361e-05,1.3593490997715278e-06,6.502431397160911e-08,1.1333536133384734e-09
P04,25,A,gamma,1799551287-γ-8,P04-T25-Aγ,26,65,F4,10,10,R5,R,False,65,True,R3,False,0.0007511318205454213,False,0.7914450168609619,valid,False,3.9423189619432635e-05,1.254988971550403e-05,1.0958351702124903e-06,1.1666097326700563e-07,5.328067546544798e-09,0.0001778776012837219,0.09006135942913214,0.8154674491766867,0.09348899106880597,0.0007511318205454213
P04,25,A,gamma,1799551287-γ-8,P04-T25-Aγ,27,57,A3,5,5,R4,R,False,57,True,L2,False,8.802937461636773e-06,False,0.38830995559692383,valid,False,0.0034926629832549537,0.9603811042332976,0.022361264291925004,0.0021113555653950638,0.0001666993069205941,0.003067622066630303,0.008226249411600299,0.0001840275488188266,8.802937461636773e-06,2.1165469553230928e-07
P04,25,A,gamma,1799551287-γ-8,P04-T25-Aγ,28,62,D4,8,8,R2,R,False,62,True,R2,True,0.948975936072543,False,0.34710693359375,valid,False,0.0009335346878249443,0.0022597427791418707,5.9331402569373085e-05,6.316332380258816e-06,5.501689929796468e-07,0.0017560006863178083,0.948975936072543,0.04361422859972497,0.002352276167143811,4.20831033610425e-05
P04,25,A,gamma,1799551287-γ-8,P04-T25-Aγ,29,53,F3,3,3,L3,L,False,53,True,L3,True,0.7705337131016392,False,0.5202219486236572,valid,False,0.0005013297942545538,0.11817856524215067,0.7705337131016392,0.10428039830596922,0.006138173051500592,0.00022844435640927106,0.00013629732158401152,2.9295202945302636e-06,1.4585222718882313e-07,3.4539706858102224e-09
P04,26,A,alpha,1799551287-α-7,P04-T26-Aα,0,60,C4,7,7,L3,L,False,60,True,R2,False,0.001318066435928062,False,0.36400413513183594,valid,False,0.004741255136706348,0.036186030674295565,0.001318066435928062,7.700890930455302e-05,8.51717908732685e-06,0.00961787115463525,0.9309130152921865,0.01638171610794905,0.0007232956272743786,3.322348263298e-05
P04,26,A,alpha,1799551287-α-7,P04-T26-Aα,1,59,B3,6,6,L4,L,False,59,True,R2,False,0.000473283433010199,False,0.5770978927612305,valid,False,0.005217086760106995,0.2207425950862065,0.007782978878464889,0.000473283433010199,5.047496813677252e-05,0.011610840112114279,0.7497646832103189,0.004271389371975568,8.474904121946355e-05,1.9191384465902277e-06
P04,26,A,alpha,1799551287-α-7,P04-T26-Aα,2,64,E4,9,9,R1,R,False,64,True,R3,False,0.0010484323675249514,False,0.38460493087768555,valid,False,0.00031378327952529314,0.00043089714060939714,1.500675648831831e-05,9.125618018560334e-07,9.592923727780953e-08,0.0010484323675249514,0.11012534588186929,0.8632853223144573,0.024550819959629124,0.00022938380885723504
P04,26,A,alpha,1799551287-α-7,P04-T26-Aα,3,65,F4,10,10,R2,R,False,65,True,R3,False,0.04608155789382973,False,0.4829680919647217,valid,False,7.769311791924056e-05,6.103872169056048e-05,2.123048202748249e-06,1.1917680734670693e-07,1.447436826066883e-08,0.00025219720547942515,0.04608155789382973,0.8330532856571545,0.11967603154511063,0.0007959391594374079
P04,26,A,alpha,1799551287-α-7,P04-T26-Aα,4,64,E4,9,9,R3,R,False,64,True,R2,False,0.25091641253446684,False,0.33518314361572266,valid,False,0.0003002369127184126,0.0003407703053599697,1.2843979046738646e-05,7.504180294398e-07,8.543479155672735e-08,0.00096316532227276,0.7388684290169657,0.25091641253446684,0.008493059410928809,0.00010424666541960092
P04,26,A,alpha,1799551287-α-7,P04-T26-Aα,5,62,D4,8,8,R2,R,False,62,True,R2,True,0.9543685617281402,False,0.2880229949951172,valid,False,0.0013119009994429064,0.003241551580822805,0.00011316027864983008,6.8812836313832774e-06,7.436695030312946e-07,0.0036255838832882914,0.9543685617281402,0.03591122532940187,0.0013955615901832055,2.4829656936478102e-05
P04,26,A,alpha,1799551287-α-7,P04-T26-Aα,6,64,E4,9,9,R4,R,False,64,True,R2,False,0.008990444139781228,False,0.355867862701416,valid,False,0.0003031961293379271,0.00038326063287271616,1.33350950474814e-05,7.791118088490177e-07,8.870156682947936e-08,0.0010628696700762455,0.7671205856588775,0.22199259074584077,0.008990444139781228,0.00013285011479039114
P04,26,A,alpha,1799551287-α-7,P04-T26-Aα,7,60,C4,7,7,L3,L,False,60,True,R2,False,0.0012487675706237638,False,0.30803823471069336,valid,False,0.0044768280276765975,0.03568264483120443,0.0012487675706237638,7.593763417397244e-05,8.302383788923979e-06,0.009888645687754145,0.9394258749871152,0.008865409412219189,0.0003197617766591279,7.827688784679472e-06
P04,26,A,alpha,1799551287-α-7,P04-T26-Aα,8,59,B3,6,6,L2,L,False,59,True,R2,False,0.2508681416326597,False,0.39192795753479004,valid,False,0.006204263535033089,0.2508681416326597,0.0092556735722375,0.0005628380895663368,6.122117253271255e-05,0.012746245053958834,0.7184474685711023,0.0017954159509733197,5.756944750058137e-05,1.1629744358646881e-06
P04,26,A,alpha,1799551287-α-7,P04-T26-Aα,9,62,D4,8,8,R5,R,False,62,True,R2,False,3.3097127472097864e-05,False,0.7535569667816162,valid,False,0.001057009049466694,0.003233135702682466,0.00010403504225081063,6.326377434488987e-06,7.739213580726461e-07,0.0030446464291188765,0.950485121176666,0.04032503565191972,0.0017108195216307364,3.3097127472097864e-05
P04,26,A,alpha,1799551287-α-7,P04-T26-Aα,10,64,E4,9,9,R4,R,False,64,True,R2,False,0.009708047668021004,False,0.30215883255004883,valid,False,0.000275973941640911,0.0003795652250424816,1.3206517754567129e-05,7.413447420174027e-07,9.292873845496274e-08,0.0009160905974335386,0.7597239913420295,0.22882446884305527,0.009708047668021004,0.0001578215915422017
P04,26,A,alpha,1799551287-α-7,P04-T26-Aα,11,60,C4,7,7,L2,L,False,60,True,R2,False,0.0272163708822393,False,0.2881770133972168,valid,False,0.003094026955793214,0.0272163708822393,0.0009551570404448469,5.361751393472451e-05,6.384785182760288e-06,0.0069032849029766466,0.954452879652321,0.0070577089551355394,0.00025515616442404207,5.4131475480915905e-06
P04,26,A,alpha,1799551287-α-7,P04-T26-Aα,12,59,B3,6,7,L3,L,False,60,False,R2,False,0.0007467403800510381,False,0.33489513397216797,valid,False,0.0025846064472180652,0.021337575053434636,0.0007467403800510381,4.540932927568266e-05,5.254439302760158e-06,0.00644536469936323,0.9609883591299732,0.007598586898592788,0.00024364629783978333,4.457324948972515e-06
P04,26,A,alpha,1799551287-α-7,P04-T26-Aα,13,62,D4,8,8,R1,R,False,62,True,R2,False,0.0029987605498380827,False,0.31658005714416504,valid,False,0.0011053641736102225,0.0031071994776721026,0.0001129008343156757,6.337661558086277e-06,7.486434708896011e-07,0.0029987605498380827,0.9521804660554385,0.03881297438156758,0.0016466692016769075,2.8579020851912525e-05
P04,26,A,alpha,1799551287-α-7,P04-T26-Aα,14,64,E4,9,9,R2,R,False,64,True,R2,True,0.7799327518213558,False,0.3178443908691406,valid,False,0.0002915452182949044,0.00037438615708615267,1.3557812905318611e-05,7.921242480153438e-07,9.056782629719832e-08,0.0009124027965033386,0.7799327518213558,0.2083475711708545,0.009958971638938241,0.00016793069198753184
P04,26,A,alpha,1799551287-α-7,P04-T26-Aα,15,62,D4,8,7,R1,R,False,60,False,R2,False,0.006659891817555242,False,0.33312392234802246,valid,False,0.0032489838842208857,0.02824867106505765,0.0009525127748609015,5.792236149061157e-05,6.739073861962432e-06,0.006659891817555242,0.953504213758981,0.007038170328395308,0.0002749898486980996,7.905086878298837e-06
P04,26,A,alpha,1799551287-α-7,P04-T26-Aα,16,64,E4,9,9,R2,R,False,64,True,R2,True,0.7730563701498195,False,0.27554774284362793,valid,False,0.0002889747707905197,0.0003707358802724965,1.3438278630151252e-05,7.543545838025486e-07,9.380234415263012e-08,0.0009043584749226864,0.7730563701498195,0.21493850625460104,0.010251151310398823,0.00017561672363668133
P04,26,A,alpha,1799551287-α-7,P04-T26-Aα,17,65,F4,10,10,R1,R,False,65,True,R3,False,0.00020938443943905411,False,0.3608269691467285,valid,False,6.86408808012219e-05,5.3926933710857484e-05,1.8756860649043626e-06,1.0958820748237131e-07,1.3260681100814101e-08,0.00020938443943905411,0.21284713271295858,0.7359919747499039,0.050296608118353764,0.0005303336298791993
P04,26,A,alpha,1799551287-α-7,P04-T26-Aα,18,64,E4,9,9,R2,R,False,64,True,R2,True,0.7530022982475943,False,0.3242511749267578,valid,False,0.00028944990964501215,0.00037620700418710366,1.3623872146698145e-05,7.647728318374602e-07,9.584697973167455e-08,0.0009079854435713199,0.7530022982475943,0.23605581467346287,0.009202959994195991,0.00015080023538505705
P04,26,A,alpha,1799551287-α-7,P04-T26-Aα,19,62,D4,8,8,R1,R,False,62,True,R2,False,0.003837016003867081,False,0.27909302711486816,valid,False,0.0013250172058843148,0.0034931956256773456,0.00012692166435441024,7.415482765229264e-06,8.338586714707803e-07,0.003837016003867081,0.949385374551456,0.040278378086344394,0.0015126690782988272,3.317844268076979e-05
P04,26,A,alpha,1799551287-α-7,P04-T26-Aα,20,57,A3,5,5,L3,L,False,57,True,L2,False,0.03791779544055481,False,0.4417297840118408,valid,False,0.003955768644364459,0.9302194616532262,0.03791779544055481,0.0024978254630371307,0.00021291204363875187,0.005611577004084678,0.01943901782034133,0.00014021483996864948,5.2541627863753075e-06,1.7292799744218718e-07
P04,26,A,alpha,1799551287-α-7,P04-T26-Aα,21,59,B3,6,6,L2,L,False,59,True,R2,False,0.28231322743464066,False,0.42087674140930176,valid,False,0.004268236963313518,0.28231322743464066,0.006627322343253807,0.0004194549505938911,3.9245678519903737e-05,0.011602270976932354,0.6927565704267754,0.0019178424933324993,5.454118649729749e-05,1.287546140698267e-06
P04,26,A,alpha,1799551287-α-7,P04-T26-Aα,22,64,E4,9,9,R5,R,False,64,True,R2,False,0.00019143154906991534,False,0.44988512992858887,valid,False,0.00026323485022689496,0.00043688042371935345,1.1038396204407233e-05,7.568272605787683e-07,7.991452063144508e-08,0.000871746207431657,0.7451790163923667,0.2431368564259,0.009908959013300063,0.00019143154906991534
P04,26,A,alpha,1799551287-α-7,P04-T26-Aα,23,65,F4,10,10,R4,R,False,65,True,R3,False,0.05455248022113196,False,0.6173791885375977,valid,False,5.75095983996709e-05,6.08300294121327e-05,1.476178806162836e-06,1.012114750462203e-07,1.044293173138972e-08,0.00018581940679019928,0.2651281777239673,0.6797340252015813,0.05455248022113196,0.00027956998550452935
P04,26,A,alpha,1799551287-α-7,P04-T26-Aα,24,60,C4,7,7,L2,L,False,60,True,R2,False,0.028039732250776987,False,0.5829277038574219,valid,False,0.0017026432599739011,0.028039732250776987,0.0006582271757661749,4.336055356038156e-05,4.4178005131408395e-06,0.004014754236667817,0.955079749841629,0.009992100638516448,0.00046019239480257616,4.821847793676245e-06
P04,26,A,alpha,1799551287-α-7,P04-T26-Aα,25,59,B3,6,6,L1,L,False,59,True,R2,False,0.001333182708829754,False,0.4125072956085205,valid,False,0.001333182708829754,0.200866413408485,0.005194337540211689,0.0003034826300312751,3.2365967224892124e-05,0.0020230875108997472,0.7709080437879239,0.018682160745141185,0.0006489296911297089,7.996010123064453e-06
P04,26,A,alpha,1799551287-α-7,P04-T26-Aα,26,60,C4,7,7,L2,L,False,60,True,R3,False,0.020968916766943693,False,0.5441913604736328,valid,False,0.001088735848813301,0.020968916766943693,0.0005792122188835419,3.3840859623047184e-05,3.8047595214699656e-06,0.00037112531011337284,0.17518238636228142,0.7758146650857696,0.02589147225708735,6.58405309630608e-05
P04,26,A,alpha,1799551287-α-7,P04-T26-Aα,27,59,B3,6,6,L2,L,False,59,True,R2,False,0.2536526730107148,False,0.42874693870544434,valid,False,0.002126164122434087,0.2536526730107148,0.005779513298334151,0.00039626166121038334,4.2984808260110697e-05,0.0011324504817299124,0.6747346312595455,0.058810444971467965,0.0032901792933236083,3.4697092979591294e-05
P04,26,A,alpha,1799551287-α-7,P04-T26-Aα,28,64,E4,9,9,R4,R,False,64,True,R3,False,0.14746488027265053,False,0.44907689094543457,valid,False,0.0003471419296380055,0.0004943433855931485,1.4733828016446667e-05,8.608337140673168e-07,9.456449875010221e-08,5.641146989701208e-05,0.036697674725577695,0.8143504459602552,0.14746488027265053,0.0005734130301590205
P04,26,A,alpha,1799551287-α-7,P04-T26-Aα,29,59,B3,6,6,L2,L,False,59,True,R2,False,0.20421026074581694,False,0.43558192253112793,valid,False,0.0017415877164230849,0.20421026074581694,0.00678556239521645,0.0004294702433079281,4.69016548084387e-05,0.0013253294458313674,0.7611246772398231,0.02344828077889723,0.0008775815024832936,1.0348277392437535e-05
P04,27,A,beta,1799551287-β-6,P04-T27-Aβ,0,64,E4,9,9,R4,R,False,64,True,R3,False,0.046934999226790425,False,0.5796020030975342,valid,False,0.0003265709708665224,0.0004004905279969197,1.3416951278784836e-05,8.838383706409639e-07,3.17410423478971e-07,0.001919091117463424,0.20618290213725415,0.7415656165600119,0.046934999226790425,0.002655711259543858
P04,27,A,beta,1799551287-β-6,P04-T27-Aβ,1,62,D4,8,8,R2,R,False,62,True,R2,True,0.8676376018831948,False,0.4095470905303955,valid,False,0.0012475205359749424,0.0031969710915824793,0.00010707498646664155,7.053538438700427e-06,2.418676683998145e-06,0.004310197945519662,0.8676376018831948,0.11742198059759758,0.005846096175902584,0.0002230845686384945
P04,27,A,beta,1799551287-β-6,P04-T27-Aβ,2,60,C4,7,7,L2,L,False,60,True,R2,False,0.02548310904157359,False,0.3258800506591797,valid,False,0.002448922209943632,0.02548310904157359,0.0007323758750787926,5.892667490168437e-05,2.1835903689579186e-05,0.007563995579360794,0.9425025206354095,0.020257773445279882,0.0008945259138312053,3.601472093112413e-05
P04,27,A,beta,1799551287-β-6,P04-T27-Aβ,3,59,B3,6,6,L3,L,False,59,True,R2,False,0.00465808104566627,False,0.34944605827331543,valid,False,0.0020927371556520914,0.17337035074014803,0.00465808104566627,0.0003600917461990854,0.00014233462953913944,0.004458772594569328,0.8112721494829512,0.003520501920697651,0.00011749066099528924,7.4900235820479426e-06
P04,27,A,beta,1799551287-β-6,P04-T27-Aβ,4,57,A3,5,5,L4,L,False,57,True,L2,False,0.002609536059619339,False,0.3468132019042969,valid,False,0.002922836439081841,0.897104586017391,0.03513410989960532,0.002609536059619339,0.0009502336244676884,0.002516471641223743,0.058310286104389326,0.0004313534094292166,1.982468205039759e-05,7.621227422127968e-07
P04,27,A,beta,1799551287-β-6,P04-T27-Aβ,5,60,C4,7,7,R4,R,False,60,True,R2,False,0.001219184306089477,False,0.3623647689819336,valid,False,0.0026501438595754392,0.033366260746678936,0.0009214396763804071,6.843862187343069e-05,2.7472871122406818e-05,0.0023807883756222182,0.9327918081576679,0.026527502727023138,0.001219184306089477,4.696065796659112e-05
P04,27,A,beta,1799551287-β-6,P04-T27-Aβ,6,59,B3,6,6,L2,L,False,59,True,R2,False,0.22097743868527522,False,0.3540670871734619,valid,False,0.0018185884239201482,0.22097743868527522,0.006037926201750071,0.00041397926494274404,0.0001643380096578141,0.002611443133696143,0.7636126125296057,0.004212518169525004,0.00014632290942786705,4.832672199380702e-06
P04,27,A,beta,1799551287-β-6,P04-T27-Aβ,7,64,E4,9,9,R2,R,False,64,True,R3,False,0.13481262122685542,False,0.5338664054870605,valid,False,0.0004041134798051817,0.0004808501537862441,1.3151336257292338e-05,9.767968021290062e-07,3.9799457287578484e-07,0.00010955576448598807,0.13481262122685542,0.8195603934906512,0.04420191398628152,0.0004160257705020971
P04,27,A,beta,1799551287-β-6,P04-T27-Aβ,8,57,A3,5,5,L1,L,False,57,True,L2,False,0.003875860809257952,False,0.4424750804901123,valid,False,0.003875860809257952,0.9402106140438561,0.03537848643807506,0.0027349247113721926,0.0010255363171790377,0.0008532531915341254,0.015321892042888806,0.0005747063338776377,2.4382342118422586e-05,3.437698408122213e-07
P04,27,A,beta,1799551287-β-6,P04-T27-Aβ,9,59,B3,6,6,L3,L,False,59,True,R2,False,0.005971092593239429,False,0.35231995582580566,valid,False,0.0021603828611445617,0.197213766927841,0.005971092593239429,0.0004261047480922993,0.00017451318958494128,0.0014331525561799932,0.7859788821718695,0.006468407386146006,0.0001698108556113016,3.886710290798365e-06
P04,27,A,beta,1799551287-β-6,P04-T27-Aβ,10,57,A3,5,5,L2,L,False,57,True,L2,True,0.9047083291533039,False,0.3227989673614502,valid,False,0.004548424508897463,0.9047083291533039,0.04327662294952914,0.0028508369092042673,0.0009922313309506832,0.0007989737243919522,0.04222509105379866,0.0005755740453389868,2.3461666640761183e-05,4.546579443601336e-07
P04,27,A,beta,1799551287-β-6,P04-T27-Aβ,11,62,D4,8,8,R4,R,False,62,True,R2,False,0.006048435965171229,False,0.3693809509277344,valid,False,0.0013482858717061928,0.0027082543742082154,9.440131465171722e-05,6.472451888832185e-06,2.5213624063939198e-06,0.0002981996035334796,0.828651532919481,0.16074185940013333,0.006048435965171229,0.00010003673681952529
P04,27,A,beta,1799551287-β-6,P04-T27-Aβ,12,60,C4,7,7,R5,R,False,60,True,R2,False,2.6090019980491267e-05,False,0.302448034286499,valid,False,0.004470632609613625,0.033925859203396705,0.0011068922264033116,7.58920223510621e-05,2.917716591961358e-05,0.001036359178453287,0.9174116605657763,0.04051030120579308,0.001407135802312577,2.6090019980491267e-05
P04,27,A,beta,1799551287-β-6,P04-T27-Aβ,13,62,D4,8,8,R4,R,False,62,True,R2,False,0.005584961690601424,False,0.33082103729248047,valid,False,0.0013837944635415591,0.0029245233082221345,9.442754795551838e-05,6.4742505268846805e-06,2.5093906819025653e-06,0.00023627354198506556,0.8288818079690244,0.1607865281639823,0.005584961690601424,9.869967347874804e-05
P04,27,A,beta,1799551287-β-6,P04-T27-Aβ,14,64,E4,9,9,R2,R,False,64,True,R3,False,0.2607278943326482,False,0.41182374954223633,valid,False,0.00027790560429146886,0.0003689759057403037,1.2361170625241945e-05,8.142890793606788e-07,3.0503119685879106e-07,0.0001197601322294392,0.2607278943326482,0.6832117763299551,0.0549709508501577,0.0003092563540762924
P04,27,A,beta,1799551287-β-6,P04-T27-Aβ,15,60,C4,7,7,L3,L,False,60,True,R2,False,0.001264644987597868,False,0.3247029781341553,valid,False,0.004831218029356122,0.03903194144798744,0.001264644987597868,8.330817799459099e-05,3.213832702964138e-05,0.0009354991117971132,0.883276789814851,0.06633989432431568,0.004163117392277062,4.144838679343715e-05
P04,27,A,beta,1799551287-β-6,P04-T27-Aβ,16,59,B3,6,6,L2,L,False,59,True,R2,False,0.19570238195309494,False,0.37647008895874023,valid,False,0.001519810271366348,0.19570238195309494,0.006205583354027505,0.0004992987963164974,0.00018136649657262056,0.0016731771049154141,0.7848161038910498,0.008894645155833632,0.0004990929478208632,8.540029002147471e-06
P04,27,A,beta,1799551287-β-6,P04-T27-Aβ,17,57,A3,5,5,L1,L,False,57,True,L2,False,0.003118227106177912,False,0.27950310707092285,valid,False,0.003118227106177912,0.8858158093125806,0.04237290135068119,0.0027913044708103227,0.0010466774808159007,0.0006864697145342464,0.06289793740940947,0.0012050355141434547,6.485897857177147e-05,7.786622750161504e-07
P04,27,A,beta,1799551287-β-6,P04-T27-Aβ,18,59,B3,6,6,L2,L,False,59,True,R2,False,0.21476492132142305,False,0.30564403533935547,valid,False,0.0020801650970460814,0.21476492132142305,0.006814537916963581,0.00048629407719465135,0.00018307953231921583,0.0010549953287264865,0.7643748108843369,0.009767477643020644,0.00046646796170704,7.250237262487273e-06
P04,27,A,beta,1799551287-β-6,P04-T27-Aβ,19,62,D4,8,8,R3,R,False,62,True,R2,False,0.20742540087586375,False,0.3405146598815918,valid,False,0.0003399710206781094,0.0027489713192654077,8.845792720487187e-05,6.570086774928905e-06,2.439836815942597e-06,0.00024318490101549534,0.7764806798256125,0.20742540087586375,0.01252576082947794,0.00013856337729119676
P04,27,A,beta,1799551287-β-6,P04-T27-Aβ,20,57,A3,5,5,L2,L,False,57,True,L2,True,0.9250166679672376,False,0.305095911026001,valid,False,0.002585222962798481,0.9250166679672376,0.044248070092504393,0.003157598457221071,0.0011368005004168578,0.0008401396653167127,0.021871735178255712,0.0010723063078556384,7.049213480213773e-05,9.667335914843478e-07
P04,27,A,beta,1799551287-β-6,P04-T27-Aβ,21,60,C4,7,7,R3,R,False,60,True,R2,False,0.07392188827916901,False,0.22917413711547852,valid,False,0.0032738229074123644,0.04333541116478001,0.0013539266116946113,8.918958305675438e-05,3.5798434601810694e-05,0.0008716090465983672,0.8729306797653998,0.07392188827916901,0.004129725295586293,5.7948911700824395e-05
P04,27,A,beta,1799551287-β-6,P04-T27-Aβ,22,62,D4,8,8,R4,R,False,62,True,R2,False,0.013049340593774562,False,0.36666297912597656,valid,False,0.0005057827923170839,0.0030907744633458635,9.196351311624264e-05,6.305308526357894e-06,2.536281738147805e-06,0.00030405522437218117,0.7755997669094397,0.2071900779379963,0.013049340593774562,0.00015939697537363588
P04,27,A,beta,1799551287-β-6,P04-T27-Aβ,23,64,E4,9,9,R2,R,False,64,True,R3,False,0.28272953027414205,False,0.45559215545654297,valid,False,0.000161190568542351,0.0004505628464754234,1.335974386599329e-05,8.12406861147923e-07,3.136843561773635e-07,0.00019174826158337564,0.28272953027414205,0.6816325415334047,0.03455938633643916,0.0002605543443296837
P04,27,A,beta,1799551287-β-6,P04-T27-Aβ,24,67,G4,11,11,R4,R,False,67,True,R3,False,0.07094700876837813,False,0.48549675941467285,valid,False,1.709587464442349e-05,1.0287276474695458e-05,3.298815953322291e-07,2.1730869082300615e-08,8.539071001528844e-09,4.8123977540151656e-05,0.08009578492959263,0.8482905697338927,0.07094700876837813,0.0005907692879416893
P04,27,A,beta,1799551287-β-6,P04-T27-Aβ,25,60,C4,7,7,R3,R,False,60,True,R2,False,0.03302546396513701,False,0.41849803924560547,valid,False,0.001629988655572839,0.027844684817378344,0.0009023786110764661,5.944396940430076e-05,2.2616182401216745e-05,0.0012264393944473983,0.932989046801853,0.03302546396513701,0.0022538401094552374,4.609749327395438e-05
P04,27,A,beta,1799551287-β-6,P04-T27-Aβ,26,60,C4,7,7,L3,L,False,60,True,R2,False,0.0010293603588030435,False,0.29566216468811035,valid,False,0.0033262231289155316,0.03165989559226309,0.0010293603588030435,6.780886085242449e-05,2.3992045500085623e-05,0.0011273335508848994,0.8879696801762543,0.07144569127248951,0.003315504756319345,3.451025771763161e-05
P04,27,A,beta,1799551287-β-6,P04-T27-Aβ,27,59,B3,6,6,L2,L,False,59,True,R2,False,0.2252609256457694,False,0.3610687255859375,valid,False,0.0018565722372817165,0.2252609256457694,0.008053556393180972,0.0005305260496599843,0.00020062215564472258,0.001945288812468514,0.7435760386967475,0.017923519372946433,0.0006436598650861113,9.29077121473225e-06
P04,27,A,beta,1799551287-β-6,P04-T27-Aβ,28,62,D4,8,8,R2,R,False,62,True,R2,True,0.8422340290675561,False,0.36774301528930664,valid,False,0.000710012288643593,0.0033563128049609752,9.594865444618152e-05,6.847017793506495e-06,2.653640724142388e-06,0.001363236338113577,0.8422340290675561,0.14490203883806688,0.007203345386307181,0.00012557596338802233
P04,27,A,beta,1799551287-β-6,P04-T27-Aβ,29,60,C4,7,7,R1,R,False,60,True,R2,False,0.004450701783757929,False,0.2873411178588867,valid,False,0.0025888112983576774,0.029629684240605095,0.0009289907215978353,6.369453405280628e-05,2.360553784624884e-05,0.004450701783757929,0.9404358822109077,0.021038276566292043,0.0008239408565057393,1.641225007716008e-05
